Date,Symbol,Open,High,Low,Close,Volume,TurnoverCr
2026-07-16,ALEMBICLTD,89.5,90.22,89.0,89.51,383207.0,
2026-07-17,ALEMBICLTD,89.51,89.81,88.06,88.42,136984.0,
2026-07-20,ALEMBICLTD,88.12,90.99,88.12,90.27,144325.0,
2026-07-21,ALEMBICLTD,91.14,91.14,90.11,90.37,98543.0,
2026-07-22,ALEMBICLTD,90.37,90.41,88.1,88.59,159288.0,
2026-07-23,ALEMBICLTD,88.1,89.11,87.88,88.3,94263.0,
2026-07-24,ALEMBICLTD,87.9,88.8,86.81,87.94,234145.0,
2026-07-27,ALEMBICLTD,88.0,90.85,88.0,90.15,223367.0,
2026-07-28,ALEMBICLTD,90.02,90.75,89.01,89.23,127695.0,
2026-07-29,ALEMBICLTD,89.32,90.75,89.32,90.28,166165.0,
2026-07-30,ALEMBICLTD,90.73,90.86,89.5,89.63,196795.0,
2026-07-31,ALEMBICLTD,90.0,91.35,89.65,91.13,223183.0,
2026-08-03,ALEMBICLTD,91.35,92.17,91.07,91.67,594583.0,
2026-08-04,ALEMBICLTD,89.0,89.1,87.6,88.55,418274.0,
2026-08-05,ALEMBICLTD,88.6,88.99,86.5,87.14,370022.0,
2026-08-06,ALEMBICLTD,87.5,87.5,86.5,86.66,272858.0,
2026-08-07,ALEMBICLTD,86.66,86.97,84.01,84.75,405809.0,
2026-08-10,ALEMBICLTD,84.94,85.92,83.0,84.84,209367.0,
2026-08-11,ALEMBICLTD,84.84,86.94,84.65,86.73,238817.0,
2026-08-12,ALEMBICLTD,86.5,86.5,83.31,84.79,341002.0,
2026-08-13,ALEMBICLTD,84.76,84.96,83.2,83.39,181457.0,
2026-08-14,ALEMBICLTD,83.35,87.56,83.12,86.85,445111.0,
2026-08-17,ALEMBICLTD,87.75,90.6,85.78,90.15,600808.0,
2026-08-18,ALEMBICLTD,90.31,90.4,87.8,89.87,276330.0,
2026-08-19,ALEMBICLTD,89.15,89.87,87.8,88.43,236169.0,
2026-08-20,ALEMBICLTD,88.0,92.6,88.0,91.63,740114.0,
2026-08-21,ALEMBICLTD,92.0,93.2,90.42,92.73,636995.0,
2026-08-24,ALEMBICLTD,93.4,93.4,91.23,91.64,281312.0,
2026-08-25,ALEMBICLTD,92.37,97.0,91.16,94.66,1990793.0,
2026-08-26,ALEMBICLTD,95.86,99.41,95.03,98.7,1303903.0,
2026-08-28,ALEMBICLTD,102.77,103.23,99.47,100.04,645251.0,
2026-08-31,ALEMBICLTD,100.04,100.04,97.0,98.74,925255.0,
2026-09-01,ALEMBICLTD,99.0,101.87,96.95,98.85,848069.0,
2026-09-02,ALEMBICLTD,98.85,101.0,98.0,100.14,645226.0,
2026-09-03,ALEMBICLTD,100.52,117.72,100.52,109.51,35036495.0,
2026-09-04,ALEMBICLTD,111.6,114.8,109.81,111.41,5309246.0,
2026-09-07,ALEMBICLTD,112.3,114.34,107.53,108.05,1721715.0,
2026-09-08,ALEMBICLTD,109.1,112.08,107.24,109.73,1417837.0,
2026-09-09,ALEMBICLTD,109.73,109.73,106.08,106.95,694090.0,
2026-09-10,ALEMBICLTD,106.1,109.9,105.55,106.5,819704.0,
2026-09-11,ALEMBICLTD,105.32,105.9,103.14,104.33,698680.0,
2026-09-15,ALEMBICLTD,105.3,106.49,100.0,100.51,840743.0,
2026-09-16,ALEMBICLTD,100.5,101.57,97.4,98.95,707870.0,
2026-09-17,ALEMBICLTD,99.0,105.75,99.0,102.72,1416945.0,
2026-09-18,ALEMBICLTD,102.1,106.0,102.1,102.63,829029.0,
2026-07-16,AMANTA,165.27,165.27,165.27,165.27,11425.0,
2026-07-17,AMANTA,161.97,168.57,161.97,168.0,125072.0,
2026-07-20,AMANTA,168.84,168.84,164.64,164.64,69986.0,
2026-07-21,AMANTA,167.93,167.93,167.9,167.93,36027.0,
2026-07-22,AMANTA,168.0,168.0,165.0,167.0,26413.0,
2026-07-23,AMANTA,167.0,167.0,165.0,166.0,12945.0,
2026-07-24,AMANTA,166.0,166.0,163.0,163.0,21187.0,
2026-07-27,AMANTA,164.0,164.0,160.0,160.0,35055.0,
2026-07-28,AMANTA,160.0,160.0,157.5,159.0,35203.0,
2026-07-29,AMANTA,159.0,162.18,159.0,162.18,20913.0,
2026-07-30,AMANTA,164.9,165.42,164.9,165.42,38284.0,
2026-07-31,AMANTA,168.72,168.72,168.72,168.72,30296.0,
2026-08-03,AMANTA,171.8,172.09,171.8,172.09,40274.0,
2026-08-04,AMANTA,172.09,172.09,169.0,169.75,13870.0,
2026-08-05,AMANTA,169.75,173.14,169.75,173.0,38451.0,
2026-08-06,AMANTA,169.54,169.54,169.54,169.54,7356.0,
2026-08-07,AMANTA,166.15,166.15,166.15,166.15,2207.0,
2026-08-10,AMANTA,162.83,162.83,162.83,162.83,6996.0,
2026-08-11,AMANTA,159.58,159.58,159.58,159.58,7498.0,
2026-08-12,AMANTA,156.39,156.39,156.39,156.39,3858.0,
2026-08-13,AMANTA,153.27,153.27,153.27,153.27,68785.0,
2026-08-14,AMANTA,150.5,156.33,150.5,156.33,174084.0,
2026-08-17,AMANTA,152.89,164.14,150.01,164.13,248339.0,
2026-08-18,AMANTA,162.3,172.33,159.5,172.29,307363.0,
2026-08-19,AMANTA,171.99,179.4,167.8,177.63,218312.0,
2026-08-20,AMANTA,177.63,186.51,171.0,186.51,228371.0,
2026-08-21,AMANTA,188.95,195.83,186.0,195.79,254898.0,
2026-08-24,AMANTA,198.7,205.57,196.76,205.17,261042.0,
2026-08-25,AMANTA,200.0,202.0,194.92,194.92,77385.0,
2026-08-26,AMANTA,191.03,191.03,191.03,191.03,15130.0,
2026-08-28,AMANTA,183.47,185.1,183.47,185.1,96563.0,
2026-08-31,AMANTA,188.8,188.8,186.0,188.8,71378.0,
2026-09-01,AMANTA,190.8,191.0,190.0,190.0,28338.0,
2026-09-02,AMANTA,190.0,190.0,186.5,186.5,24024.0,
2026-09-03,AMANTA,190.23,190.23,190.23,190.23,19977.0,
2026-09-04,AMANTA,194.03,194.03,194.03,194.03,11335.0,
2026-09-07,AMANTA,197.91,197.91,197.91,197.91,19409.0,
2026-09-08,AMANTA,201.86,201.86,201.86,201.86,50138.0,
2026-09-09,AMANTA,205.89,205.89,205.89,205.89,37745.0,
2026-09-10,AMANTA,209.95,209.95,201.78,201.78,38220.0,
2026-09-11,AMANTA,197.75,197.75,197.75,197.75,19137.0,
2026-09-15,AMANTA,193.8,193.8,193.8,193.8,15941.0,
2026-09-16,AMANTA,189.93,189.93,189.93,189.93,12454.0,
2026-09-17,AMANTA,190.7,193.72,189.95,189.95,67494.0,
2026-09-18,AMANTA,189.0,189.95,186.16,189.95,51926.0,
2026-07-16,APLLTD,851.0,855.4,837.1,839.75,92763.0,
2026-07-17,APLLTD,842.85,842.85,821.0,825.1,70744.0,
2026-07-20,APLLTD,827.0,849.9,825.35,842.65,81589.0,
2026-07-21,APLLTD,842.65,843.0,830.55,833.6,46223.0,
2026-07-22,APLLTD,833.6,833.65,810.0,812.2,57507.0,
2026-07-23,APLLTD,805.0,819.0,793.4,798.35,63082.0,
2026-07-24,APLLTD,789.0,803.1,787.4,797.6,36166.0,
2026-07-27,APLLTD,824.0,824.0,802.05,814.45,50274.0,
2026-07-28,APLLTD,815.8,828.0,810.35,818.85,74793.0,
2026-07-29,APLLTD,815.0,818.25,802.6,811.95,81697.0,
2026-07-30,APLLTD,805.45,808.25,800.05,802.75,46368.0,
2026-07-31,APLLTD,802.75,805.85,793.25,797.05,50542.0,
2026-08-03,APLLTD,797.05,815.05,792.55,805.75,58590.0,
2026-08-04,APLLTD,805.75,825.0,799.1,809.4,485095.0,
2026-08-05,APLLTD,822.0,840.4,803.2,818.2,243621.0,
2026-08-06,APLLTD,818.2,838.4,817.15,834.45,210314.0,
2026-08-07,APLLTD,835.0,851.85,825.5,830.1,156108.0,
2026-08-10,APLLTD,834.0,855.9,827.1,831.35,83817.0,
2026-08-11,APLLTD,831.35,849.0,823.85,838.85,217637.0,
2026-08-12,APLLTD,838.85,852.6,833.0,841.65,142034.0,
2026-08-13,APLLTD,844.0,847.5,828.0,831.2,44236.0,
2026-08-14,APLLTD,832.2,834.4,815.4,831.25,86735.0,
2026-08-17,APLLTD,824.8,827.8,812.3,822.45,90276.0,
2026-08-18,APLLTD,820.0,838.0,820.0,824.55,51271.0,
2026-08-19,APLLTD,823.15,824.4,806.25,817.5,98543.0,
2026-08-20,APLLTD,817.9,826.45,810.05,814.1,47603.0,
2026-08-21,APLLTD,815.0,826.8,815.0,821.75,35565.0,
2026-08-24,APLLTD,819.0,826.0,810.2,816.9,39308.0,
2026-08-25,APLLTD,816.9,820.0,801.05,803.1,37809.0,
2026-08-26,APLLTD,805.15,828.85,805.15,824.8,50380.0,
2026-08-28,APLLTD,824.0,828.45,811.1,813.45,89882.0,
2026-08-31,APLLTD,813.0,839.9,808.6,834.9,139739.0,
2026-09-01,APLLTD,835.0,847.85,825.55,843.85,114428.0,
2026-09-02,APLLTD,845.0,859.0,823.25,826.9,172875.0,
2026-09-03,APLLTD,833.5,833.5,801.1,803.65,163761.0,
2026-09-04,APLLTD,805.0,811.75,792.6,808.2,174296.0,
2026-09-07,APLLTD,808.0,828.1,797.4,799.55,171275.0,
2026-09-08,APLLTD,802.0,810.95,792.6,808.5,200271.0,
2026-09-09,APLLTD,804.5,821.5,799.1,817.4,86236.0,
2026-09-10,APLLTD,818.55,836.5,813.8,816.4,119529.0,
2026-09-11,APLLTD,806.0,822.0,799.2,810.95,118504.0,
2026-09-15,APLLTD,811.0,839.35,810.2,824.75,165473.0,
2026-09-16,APLLTD,817.3,839.95,813.2,825.3,136463.0,
2026-09-17,APLLTD,830.0,857.25,819.6,826.0,392626.0,
2026-09-18,APLLTD,828.0,860.0,828.0,845.75,634938.0,
2026-07-16,ASAHISONG,275.45,283.3,271.55,272.2,4667.0,
2026-07-17,ASAHISONG,279.65,279.65,266.0,266.5,7714.0,
2026-07-20,ASAHISONG,266.75,279.9,264.0,270.9,7884.0,
2026-07-21,ASAHISONG,280.4,280.4,263.6,268.75,16596.0,
2026-07-22,ASAHISONG,284.8,307.9,272.0,299.4,181522.0,
2026-07-23,ASAHISONG,300.0,324.0,300.0,318.9,130203.0,
2026-07-24,ASAHISONG,322.0,336.0,317.0,332.95,63845.0,
2026-07-27,ASAHISONG,342.0,366.45,329.8,339.85,248295.0,
2026-07-28,ASAHISONG,344.9,366.6,334.5,352.9,81750.0,
2026-07-29,ASAHISONG,352.95,386.95,345.0,356.35,538492.0,
2026-07-30,ASAHISONG,365.2,407.7,365.2,376.1,480857.0,
2026-07-31,ASAHISONG,377.6,394.9,376.1,394.9,51277.0,
2026-08-03,ASAHISONG,413.95,413.95,378.0,391.35,36757.0,
2026-08-04,ASAHISONG,378.15,404.9,376.0,391.2,26857.0,
2026-08-05,ASAHISONG,392.6,399.0,378.0,385.6,19390.0,
2026-08-06,ASAHISONG,385.6,385.6,370.0,373.7,21298.0,
2026-08-07,ASAHISONG,364.05,370.0,364.0,365.5,10346.0,
2026-08-10,ASAHISONG,368.5,368.5,352.7,355.85,22641.0,
2026-08-11,ASAHISONG,355.85,355.85,338.1,338.1,57907.0,
2026-08-12,ASAHISONG,338.1,354.0,328.0,329.5,65981.0,
2026-08-13,ASAHISONG,323.15,345.95,323.15,345.95,21459.0,
2026-08-14,ASAHISONG,363.2,363.2,358.35,361.9,18049.0,
2026-08-17,ASAHISONG,362.95,371.95,355.0,357.0,9254.0,
2026-08-18,ASAHISONG,348.1,351.5,340.0,345.2,23392.0,
2026-08-19,ASAHISONG,345.2,361.7,337.0,357.3,17852.0,
2026-08-20,ASAHISONG,357.3,366.9,349.0,359.6,5591.0,
2026-08-21,ASAHISONG,366.0,369.65,360.1,368.0,5233.0,
2026-08-24,ASAHISONG,368.0,379.0,359.0,376.15,8558.0,
2026-08-25,ASAHISONG,373.0,373.0,365.6,369.7,3462.0,
2026-08-26,ASAHISONG,370.5,370.5,363.2,364.85,6965.0,
2026-08-28,ASAHISONG,355.4,375.0,352.0,366.7,9722.0,
2026-08-31,ASAHISONG,355.35,380.0,355.35,378.75,22699.0,
2026-09-01,ASAHISONG,379.7,385.0,371.1,374.55,7685.0,
2026-09-02,ASAHISONG,364.15,374.55,364.0,367.9,12724.0,
2026-09-03,ASAHISONG,374.3,380.0,368.05,368.8,14633.0,
2026-09-04,ASAHISONG,372.0,377.0,367.1,372.65,18001.0,
2026-09-07,ASAHISONG,373.2,391.25,373.2,391.15,43329.0,
2026-09-08,ASAHISONG,388.0,389.0,381.2,385.35,16905.0,
2026-09-09,ASAHISONG,385.35,391.0,380.0,389.9,15423.0,
2026-09-10,ASAHISONG,392.55,392.55,375.05,375.65,11155.0,
2026-09-11,ASAHISONG,365.55,370.0,356.9,363.95,22015.0,
2026-09-15,ASAHISONG,356.05,367.95,353.0,354.55,8660.0,
2026-09-16,ASAHISONG,354.0,360.0,341.2,347.95,8191.0,
2026-09-17,ASAHISONG,352.0,365.3,352.0,365.15,8168.0,
2026-09-18,ASAHISONG,365.3,380.0,362.05,372.8,9338.0,
2026-07-16,AVONMORE,9.8,10.17,9.6,9.88,202878.0,
2026-07-17,AVONMORE,9.88,10.18,9.68,9.76,191237.0,
2026-07-20,AVONMORE,9.91,10.0,9.7,9.76,99127.0,
2026-07-21,AVONMORE,9.97,9.97,9.65,9.69,74382.0,
2026-07-22,AVONMORE,9.71,9.94,9.66,9.7,88917.0,
2026-07-23,AVONMORE,10.14,10.14,9.52,9.61,60958.0,
2026-07-24,AVONMORE,9.5,9.8,9.22,9.39,107725.0,
2026-07-27,AVONMORE,9.75,9.75,9.2,9.29,98601.0,
2026-07-28,AVONMORE,9.29,9.43,9.05,9.15,91849.0,
2026-07-29,AVONMORE,9.14,10.98,9.14,10.98,937993.0,
2026-07-30,AVONMORE,11.99,11.99,11.05,11.15,1318590.0,
2026-07-31,AVONMORE,11.0,11.5,10.98,11.17,453758.0,
2026-08-03,AVONMORE,11.35,11.48,11.25,11.36,126394.0,
2026-08-04,AVONMORE,11.13,11.39,11.04,11.16,125826.0,
2026-08-05,AVONMORE,11.21,11.88,11.07,11.37,146430.0,
2026-08-06,AVONMORE,11.55,11.58,11.02,11.1,163708.0,
2026-08-07,AVONMORE,11.1,11.18,10.85,10.93,76878.0,
2026-08-10,AVONMORE,11.0,11.55,10.65,11.09,514655.0,
2026-08-11,AVONMORE,11.09,11.45,11.01,11.36,501713.0,
2026-08-12,AVONMORE,11.35,11.71,11.22,11.37,192262.0,
2026-08-13,AVONMORE,11.63,12.22,11.25,11.98,550766.0,
2026-08-14,AVONMORE,12.39,12.85,12.0,12.35,445591.0,
2026-08-17,AVONMORE,12.45,13.14,12.4,13.01,339377.0,
2026-08-18,AVONMORE,13.49,13.64,13.0,13.18,404631.0,
2026-08-19,AVONMORE,13.57,13.65,12.97,13.03,244813.0,
2026-08-20,AVONMORE,13.29,13.9,13.14,13.3,411628.0,
2026-08-21,AVONMORE,13.16,13.67,13.16,13.23,201588.0,
2026-08-24,AVONMORE,13.34,13.98,13.31,13.58,547617.0,
2026-08-25,AVONMORE,13.79,13.8,13.3,13.44,233097.0,
2026-08-26,AVONMORE,13.7,14.2,13.52,13.97,439384.0,
2026-08-28,AVONMORE,13.72,14.15,13.72,13.9,145925.0,
2026-08-31,AVONMORE,13.9,14.19,13.36,13.79,422312.0,
2026-09-01,AVONMORE,14.0,14.0,13.2,13.34,185858.0,
2026-09-02,AVONMORE,13.3,13.3,12.85,13.1,194160.0,
2026-09-03,AVONMORE,12.95,13.79,12.85,13.12,262918.0,
2026-09-04,AVONMORE,13.74,13.74,12.93,13.02,310318.0,
2026-09-07,AVONMORE,13.07,14.22,13.07,14.1,647927.0,
2026-09-08,AVONMORE,14.35,14.35,14.0,14.06,152135.0,
2026-09-09,AVONMORE,14.25,14.25,13.54,13.99,229737.0,
2026-09-10,AVONMORE,14.1,14.67,13.85,14.19,441717.0,
2026-09-11,AVONMORE,14.2,14.6,13.85,14.0,258430.0,
2026-09-15,AVONMORE,14.0,14.29,13.66,13.79,298526.0,
2026-09-16,AVONMORE,13.61,13.83,12.9,13.06,280829.0,
2026-09-17,AVONMORE,13.4,13.4,11.76,12.02,703372.0,
2026-09-18,AVONMORE,12.2,12.5,12.09,12.46,98361.0,
2026-07-16,BERGEPAINT,490.25,510.0,490.25,498.3,162559.0,
2026-07-17,BERGEPAINT,498.35,501.0,491.55,493.7,171501.0,
2026-07-20,BERGEPAINT,494.7,498.7,489.1,490.7,242880.0,
2026-07-21,BERGEPAINT,492.45,513.35,491.0,506.4,668714.0,
2026-07-22,BERGEPAINT,507.0,507.0,495.0,496.45,137867.0,
2026-07-23,BERGEPAINT,499.8,503.9,492.2,493.6,143720.0,
2026-07-24,BERGEPAINT,489.7,499.9,488.9,497.95,99047.0,
2026-07-27,BERGEPAINT,502.1,506.9,499.55,504.0,173146.0,
2026-07-28,BERGEPAINT,507.0,507.0,498.1,499.35,103531.0,
2026-07-29,BERGEPAINT,499.35,528.1,497.25,520.05,746012.0,
2026-07-30,BERGEPAINT,516.9,526.0,512.2,521.35,315910.0,
2026-07-31,BERGEPAINT,524.95,524.95,515.4,520.45,241120.0,
2026-08-03,BERGEPAINT,522.3,536.55,522.0,526.55,389074.0,
2026-08-04,BERGEPAINT,527.0,544.0,526.6,533.8,488585.0,
2026-08-05,BERGEPAINT,534.0,555.0,525.1,545.2,1408654.0,
2026-08-06,BERGEPAINT,546.0,557.3,535.6,537.6,1078895.0,
2026-08-07,BERGEPAINT,538.0,544.85,529.05,530.55,286606.0,
2026-08-10,BERGEPAINT,536.0,543.5,530.8,542.1,272470.0,
2026-08-11,BERGEPAINT,541.8,545.0,533.65,534.95,291938.0,
2026-08-12,BERGEPAINT,539.8,564.9,535.9,559.8,1847256.0,
2026-08-13,BERGEPAINT,564.5,565.9,542.4,546.35,513795.0,
2026-08-14,BERGEPAINT,547.0,561.0,543.0,545.1,891866.0,
2026-08-17,BERGEPAINT,549.0,553.55,543.7,549.35,460725.0,
2026-08-18,BERGEPAINT,549.0,549.6,537.3,541.2,243429.0,
2026-08-19,BERGEPAINT,538.0,544.5,531.0,535.9,344433.0,
2026-08-20,BERGEPAINT,536.9,539.55,525.0,528.55,291505.0,
2026-08-21,BERGEPAINT,530.2,530.2,522.0,524.4,157453.0,
2026-08-24,BERGEPAINT,524.4,525.45,514.1,515.5,159390.0,
2026-08-25,BERGEPAINT,515.5,517.4,508.0,509.85,210006.0,
2026-08-26,BERGEPAINT,511.3,514.0,501.9,503.7,636414.0,
2026-08-28,BERGEPAINT,501.85,501.85,493.0,494.35,149998.0,
2026-08-31,BERGEPAINT,493.0,505.0,486.0,497.75,261810.0,
2026-09-01,BERGEPAINT,500.9,501.1,490.0,490.85,134383.0,
2026-09-02,BERGEPAINT,488.8,489.9,478.75,488.05,225836.0,
2026-09-03,BERGEPAINT,489.0,497.0,485.4,491.4,188441.0,
2026-09-04,BERGEPAINT,494.0,496.7,484.0,485.3,277300.0,
2026-09-07,BERGEPAINT,485.4,488.95,480.55,484.5,305409.0,
2026-09-08,BERGEPAINT,484.5,485.65,476.15,479.45,224801.0,
2026-09-09,BERGEPAINT,483.9,483.9,468.0,470.8,397752.0,
2026-09-10,BERGEPAINT,471.0,473.95,460.95,463.8,262246.0,
2026-09-11,BERGEPAINT,460.75,465.75,457.0,458.05,283827.0,
2026-09-15,BERGEPAINT,458.05,460.95,445.55,447.1,220721.0,
2026-09-16,BERGEPAINT,449.1,450.7,444.15,448.15,163379.0,
2026-09-17,BERGEPAINT,449.4,452.35,443.9,448.6,443456.0,
2026-09-18,BERGEPAINT,449.95,461.8,448.6,458.65,1220340.0,
2026-07-16,BHAGERIA,207.13,211.27,201.0,203.22,14367.0,
2026-07-17,BHAGERIA,207.0,207.5,200.0,203.49,19169.0,
2026-07-20,BHAGERIA,207.5,213.0,206.0,211.56,28818.0,
2026-07-21,BHAGERIA,214.95,216.0,208.11,212.77,13763.0,
2026-07-22,BHAGERIA,212.99,221.8,212.5,217.26,52451.0,
2026-07-23,BHAGERIA,228.12,228.12,228.12,228.12,46013.0,
2026-07-24,BHAGERIA,236.9,236.9,227.9,228.98,190578.0,
2026-07-27,BHAGERIA,228.9,233.0,217.55,218.11,58952.0,
2026-07-28,BHAGERIA,220.0,220.0,207.21,207.99,50931.0,
2026-07-29,BHAGERIA,208.0,208.9,203.1,206.25,18380.0,
2026-07-30,BHAGERIA,205.2,209.0,199.0,202.08,27631.0,
2026-07-31,BHAGERIA,209.8,212.18,206.0,212.18,21706.0,
2026-08-03,BHAGERIA,222.78,222.78,214.11,219.57,46209.0,
2026-08-04,BHAGERIA,219.57,224.0,208.6,212.24,28286.0,
2026-08-05,BHAGERIA,214.4,218.0,209.0,210.72,17394.0,
2026-08-06,BHAGERIA,212.4,214.06,203.1,207.07,43484.0,
2026-08-07,BHAGERIA,208.9,210.4,205.0,207.43,13120.0,
2026-08-10,BHAGERIA,208.46,208.9,203.0,206.16,21888.0,
2026-08-11,BHAGERIA,208.8,210.0,206.11,206.98,20071.0,
2026-08-12,BHAGERIA,207.0,207.0,203.01,205.35,12301.0,
2026-08-13,BHAGERIA,205.35,207.5,200.0,200.36,33905.0,
2026-08-14,BHAGERIA,202.98,204.9,194.0,199.25,30048.0,
2026-08-17,BHAGERIA,199.25,205.0,196.0,202.08,15868.0,
2026-08-18,BHAGERIA,205.5,205.5,201.0,203.26,9489.0,
2026-08-19,BHAGERIA,203.8,206.35,203.1,204.4,14153.0,
2026-08-20,BHAGERIA,207.5,210.0,200.0,206.71,26302.0,
2026-08-21,BHAGERIA,207.0,213.75,207.0,212.7,49405.0,
2026-08-24,BHAGERIA,215.15,223.33,215.0,223.33,74373.0,
2026-08-25,BHAGERIA,227.0,233.0,218.0,222.19,106368.0,
2026-08-26,BHAGERIA,223.9,228.0,216.8,221.3,53236.0,
2026-08-28,BHAGERIA,225.0,238.75,225.0,238.75,184545.0,
2026-08-31,BHAGERIA,250.68,250.68,250.68,250.68,147630.0,
2026-09-01,BHAGERIA,263.2,263.2,263.2,263.2,88629.0,
2026-09-02,BHAGERIA,273.0,276.35,253.05,276.35,613964.0,
2026-09-03,BHAGERIA,284.9,290.15,277.0,290.15,390157.0,
2026-09-04,BHAGERIA,288.0,304.65,286.0,304.65,218809.0,
2026-09-07,BHAGERIA,319.85,319.85,319.85,319.85,141581.0,
2026-09-08,BHAGERIA,335.8,335.8,321.0,335.8,263098.0,
2026-09-09,BHAGERIA,339.0,342.0,319.05,319.05,167841.0,
2026-09-10,BHAGERIA,303.1,303.1,303.1,303.1,34751.0,
2026-09-11,BHAGERIA,287.95,318.25,287.95,317.05,395692.0,
2026-09-15,BHAGERIA,317.05,329.0,305.0,306.5,176159.0,
2026-09-16,BHAGERIA,306.9,311.0,291.5,303.7,86277.0,
2026-09-17,BHAGERIA,306.95,318.85,306.75,318.85,65522.0,
2026-09-18,BHAGERIA,334.75,334.75,325.0,334.75,62603.0,
2026-07-16,BMWVENTLTD,58.0,60.0,57.52,59.08,79600.0,
2026-07-17,BMWVENTLTD,58.6,58.89,57.0,57.82,75568.0,
2026-07-20,BMWVENTLTD,57.83,57.84,57.0,57.1,44636.0,
2026-07-21,BMWVENTLTD,57.0,58.28,57.0,57.64,51068.0,
2026-07-22,BMWVENTLTD,57.02,57.85,55.99,56.68,61491.0,
2026-07-23,BMWVENTLTD,56.21,57.98,56.12,57.0,40499.0,
2026-07-24,BMWVENTLTD,57.0,57.28,56.12,56.52,43696.0,
2026-07-27,BMWVENTLTD,56.22,60.9,56.22,59.34,247389.0,
2026-07-28,BMWVENTLTD,59.34,59.34,57.5,57.71,61054.0,
2026-07-29,BMWVENTLTD,57.5,58.88,56.8,57.51,61071.0,
2026-07-30,BMWVENTLTD,57.49,57.49,56.21,56.32,81395.0,
2026-07-31,BMWVENTLTD,57.19,57.54,55.15,56.85,115661.0,
2026-08-03,BMWVENTLTD,56.86,58.41,56.76,57.69,76337.0,
2026-08-04,BMWVENTLTD,57.7,58.22,57.03,57.16,72361.0,
2026-08-05,BMWVENTLTD,57.35,63.63,56.85,59.97,132602.0,
2026-08-06,BMWVENTLTD,59.67,61.49,58.15,60.75,242546.0,
2026-08-07,BMWVENTLTD,60.11,61.0,59.0,59.3,93041.0,
2026-08-10,BMWVENTLTD,60.44,60.59,58.78,58.92,81890.0,
2026-08-11,BMWVENTLTD,59.22,60.29,58.21,58.84,97997.0,
2026-08-12,BMWVENTLTD,58.61,59.59,57.92,58.52,43361.0,
2026-08-13,BMWVENTLTD,58.81,59.39,57.53,57.68,61694.0,
2026-08-14,BMWVENTLTD,57.98,58.08,56.31,57.29,55064.0,
2026-08-17,BMWVENTLTD,57.29,58.19,57.11,57.62,41241.0,
2026-08-18,BMWVENTLTD,57.5,58.34,57.0,57.25,47589.0,
2026-08-19,BMWVENTLTD,57.02,60.0,56.7,57.18,133072.0,
2026-08-20,BMWVENTLTD,57.9,58.0,57.02,57.23,61200.0,
2026-08-21,BMWVENTLTD,57.12,59.0,57.0,58.13,55161.0,
2026-08-24,BMWVENTLTD,58.25,58.58,57.0,57.04,59329.0,
2026-08-25,BMWVENTLTD,57.05,58.4,56.75,56.97,78445.0,
2026-08-26,BMWVENTLTD,57.6,58.0,56.6,56.9,56772.0,
2026-08-28,BMWVENTLTD,57.0,57.38,56.51,56.65,39438.0,
2026-08-31,BMWVENTLTD,56.55,57.95,56.5,56.57,45382.0,
2026-09-01,BMWVENTLTD,56.53,57.7,55.0,55.28,65868.0,
2026-09-02,BMWVENTLTD,56.24,56.24,55.0,55.23,51206.0,
2026-09-03,BMWVENTLTD,56.23,56.23,55.01,55.13,26435.0,
2026-09-04,BMWVENTLTD,56.22,56.22,55.1,55.36,40922.0,
2026-09-07,BMWVENTLTD,54.7,55.7,54.7,55.21,61090.0,
2026-09-08,BMWVENTLTD,55.98,55.98,54.5,54.8,51941.0,
2026-09-09,BMWVENTLTD,54.99,54.99,54.0,54.18,62136.0,
2026-09-10,BMWVENTLTD,54.45,54.89,54.22,54.59,26343.0,
2026-09-11,BMWVENTLTD,54.6,54.6,53.45,54.05,32634.0,
2026-09-15,BMWVENTLTD,53.73,54.35,50.16,51.61,133104.0,
2026-09-16,BMWVENTLTD,51.21,59.0,50.7,51.8,652482.0,
2026-09-17,BMWVENTLTD,51.0,51.75,49.95,50.22,139313.0,
2026-09-18,BMWVENTLTD,50.77,53.4,50.32,51.9,185490.0,
2026-07-16,CHEMBOND,181.33,181.33,176.55,176.98,3569.0,
2026-07-17,CHEMBOND,176.8,180.5,174.1,177.4,2286.0,
2026-07-20,CHEMBOND,182.0,186.25,178.0,184.34,9919.0,
2026-07-21,CHEMBOND,184.45,188.0,179.0,183.0,3986.0,
2026-07-22,CHEMBOND,178.3,181.0,177.1,178.31,1094.0,
2026-07-23,CHEMBOND,177.5,179.99,174.2,179.71,2739.0,
2026-07-24,CHEMBOND,174.3,177.4,170.73,174.25,2483.0,
2026-07-27,CHEMBOND,177.75,177.79,170.0,171.85,3054.0,
2026-07-28,CHEMBOND,171.0,177.0,166.0,176.45,582.0,
2026-07-29,CHEMBOND,170.05,175.99,170.0,174.98,2230.0,
2026-07-30,CHEMBOND,173.99,173.99,166.6,167.22,2189.0,
2026-07-31,CHEMBOND,168.0,168.0,166.0,167.0,3456.0,
2026-08-03,CHEMBOND,165.5,175.3,161.6,173.91,7569.0,
2026-08-04,CHEMBOND,173.91,177.3,169.0,171.82,4827.0,
2026-08-05,CHEMBOND,171.82,180.4,170.1,177.83,3382.0,
2026-08-06,CHEMBOND,177.83,180.0,170.0,178.8,3364.0,
2026-08-07,CHEMBOND,177.99,179.0,175.0,177.06,2458.0,
2026-08-10,CHEMBOND,178.0,181.0,172.55,179.08,6434.0,
2026-08-11,CHEMBOND,180.0,180.0,170.13,178.32,7528.0,
2026-08-12,CHEMBOND,178.5,179.5,172.05,179.49,5152.0,
2026-08-13,CHEMBOND,180.0,180.25,173.1,180.0,2421.0,
2026-08-14,CHEMBOND,179.95,180.0,171.0,178.85,2395.0,
2026-08-17,CHEMBOND,175.4,187.0,167.52,172.41,3241.0,
2026-08-18,CHEMBOND,171.0,176.97,167.05,172.69,3264.0,
2026-08-19,CHEMBOND,173.69,173.69,163.0,166.0,6165.0,
2026-08-20,CHEMBOND,169.0,176.99,163.5,167.47,9118.0,
2026-08-21,CHEMBOND,163.5,195.0,163.0,172.63,31986.0,
2026-08-24,CHEMBOND,172.63,178.7,170.11,173.42,7216.0,
2026-08-25,CHEMBOND,178.45,178.45,170.0,170.5,3324.0,
2026-08-26,CHEMBOND,170.5,184.0,170.5,172.12,5609.0,
2026-08-28,CHEMBOND,174.88,176.99,168.0,174.48,7183.0,
2026-08-31,CHEMBOND,175.8,177.0,170.0,174.47,9191.0,
2026-09-01,CHEMBOND,176.95,176.95,166.6,168.99,5663.0,
2026-09-02,CHEMBOND,174.44,174.44,165.61,167.67,3886.0,
2026-09-03,CHEMBOND,173.45,182.79,170.0,173.02,26644.0,
2026-09-04,CHEMBOND,178.96,178.96,169.01,170.9,6660.0,
2026-09-07,CHEMBOND,174.7,192.0,168.51,184.4,33357.0,
2026-09-08,CHEMBOND,190.0,199.0,187.2,197.72,63405.0,
2026-09-09,CHEMBOND,204.6,236.8,200.5,220.36,338501.0,
2026-09-10,CHEMBOND,220.86,232.8,220.25,225.82,47695.0,
2026-09-11,CHEMBOND,222.6,225.82,211.1,217.12,15946.0,
2026-09-15,CHEMBOND,219.99,223.0,190.6,195.52,32132.0,
2026-09-16,CHEMBOND,199.4,199.4,176.8,190.06,20839.0,
2026-09-17,CHEMBOND,197.44,203.99,185.03,196.18,10490.0,
2026-09-18,CHEMBOND,197.03,203.45,185.6,192.77,12271.0,
2026-07-16,CHEMBONDCH,253.0,269.99,249.42,254.26,15147.0,
2026-07-17,CHEMBONDCH,245.5,251.46,241.55,241.55,11038.0,
2026-07-20,CHEMBONDCH,236.0,253.62,229.48,253.62,22830.0,
2026-07-21,CHEMBONDCH,263.0,263.0,243.05,250.21,7738.0,
2026-07-22,CHEMBONDCH,250.21,260.0,241.55,257.68,9416.0,
2026-07-23,CHEMBONDCH,251.0,253.9,244.8,247.86,6591.0,
2026-07-24,CHEMBONDCH,240.05,249.95,236.2,247.44,12195.0,
2026-07-27,CHEMBONDCH,252.4,252.95,239.08,240.62,5294.0,
2026-07-28,CHEMBONDCH,240.62,240.99,228.71,230.78,5145.0,
2026-07-29,CHEMBONDCH,234.99,238.95,219.25,228.77,15500.0,
2026-07-30,CHEMBONDCH,224.96,224.96,217.34,218.61,5781.0,
2026-07-31,CHEMBONDCH,217.5,229.0,216.4,226.41,33476.0,
2026-08-03,CHEMBONDCH,234.0,234.0,221.0,225.43,10415.0,
2026-08-04,CHEMBONDCH,230.3,230.3,222.0,229.11,1474.0,
2026-08-05,CHEMBONDCH,229.11,229.79,224.5,228.51,4649.0,
2026-08-06,CHEMBONDCH,229.8,234.2,221.32,231.77,45411.0,
2026-08-07,CHEMBONDCH,234.08,243.35,231.77,237.42,44693.0,
2026-08-10,CHEMBONDCH,243.99,249.29,235.5,249.29,36129.0,
2026-08-11,CHEMBONDCH,258.9,261.75,251.1,261.75,30864.0,
2026-08-12,CHEMBONDCH,259.0,274.83,253.0,274.82,62296.0,
2026-08-13,CHEMBONDCH,278.9,278.9,266.5,272.32,10426.0,
2026-08-14,CHEMBONDCH,272.34,277.99,266.5,269.06,12873.0,
2026-08-17,CHEMBONDCH,268.0,270.0,260.1,263.69,15083.0,
2026-08-18,CHEMBONDCH,263.69,269.0,260.1,266.23,10494.0,
2026-08-19,CHEMBONDCH,270.3,274.0,261.1,269.78,11521.0,
2026-08-20,CHEMBONDCH,269.78,283.26,269.78,282.0,21659.0,
2026-08-21,CHEMBONDCH,286.9,290.0,276.0,284.38,16188.0,
2026-08-24,CHEMBONDCH,280.2,287.0,271.0,273.91,12894.0,
2026-08-25,CHEMBONDCH,277.99,278.25,263.55,267.41,24279.0,
2026-08-26,CHEMBONDCH,266.25,275.5,264.5,267.76,17686.0,
2026-08-28,CHEMBONDCH,274.8,274.8,266.0,267.49,4106.0,
2026-08-31,CHEMBONDCH,267.6,272.8,255.0,256.53,9504.0,
2026-09-01,CHEMBONDCH,255.4,269.0,255.0,267.6,6595.0,
2026-09-02,CHEMBONDCH,269.0,276.9,260.05,261.4,8614.0,
2026-09-03,CHEMBONDCH,269.45,272.0,255.5,259.0,3350.0,
2026-09-04,CHEMBONDCH,261.6,267.45,252.0,254.45,5353.0,
2026-09-07,CHEMBONDCH,259.95,267.15,253.0,267.15,9181.0,
2026-09-08,CHEMBONDCH,272.0,274.0,256.2,259.95,6271.0,
2026-09-09,CHEMBONDCH,259.95,265.95,250.0,251.75,12707.0,
2026-09-10,CHEMBONDCH,257.0,257.0,246.0,249.75,4895.0,
2026-09-11,CHEMBONDCH,249.75,262.2,243.6,262.2,8561.0,
2026-09-15,CHEMBONDCH,263.0,275.3,263.0,264.75,15600.0,
2026-09-16,CHEMBONDCH,263.0,272.0,252.1,270.75,6762.0,
2026-09-17,CHEMBONDCH,275.0,284.0,264.0,274.0,12782.0,
2026-09-18,CHEMBONDCH,275.35,279.5,261.45,272.55,8833.0,
2026-07-16,CONFIPET,75.34,77.0,73.16,75.53,1755867.0,
2026-07-17,CONFIPET,75.99,75.99,71.35,73.12,2135928.0,
2026-07-20,CONFIPET,73.54,77.0,72.39,76.66,3877073.0,
2026-07-21,CONFIPET,77.0,77.0,75.02,75.65,1574754.0,
2026-07-22,CONFIPET,76.4,76.4,74.11,74.76,875846.0,
2026-07-23,CONFIPET,76.49,78.09,73.25,74.45,2971455.0,
2026-07-24,CONFIPET,74.4,79.5,73.5,78.3,3047292.0,
2026-07-27,CONFIPET,79.4,83.0,78.02,81.04,8619919.0,
2026-07-28,CONFIPET,81.7,81.7,76.1,77.49,3344524.0,
2026-07-29,CONFIPET,77.9,79.7,77.09,78.28,1713119.0,
2026-07-30,CONFIPET,79.7,79.7,76.9,78.27,1716785.0,
2026-07-31,CONFIPET,78.27,80.95,77.6,79.66,3040473.0,
2026-08-03,CONFIPET,80.03,84.4,80.0,83.77,5300850.0,
2026-08-04,CONFIPET,84.79,84.79,80.11,82.08,2152778.0,
2026-08-05,CONFIPET,83.3,84.66,81.0,81.8,1874656.0,
2026-08-06,CONFIPET,82.11,82.99,77.77,79.39,1931883.0,
2026-08-07,CONFIPET,79.9,81.5,79.61,81.28,1311439.0,
2026-08-10,CONFIPET,82.0,86.4,81.28,82.74,5858829.0,
2026-08-11,CONFIPET,83.15,86.0,75.18,78.42,15164879.0,
2026-08-12,CONFIPET,78.71,78.91,72.51,73.82,4555642.0,
2026-08-13,CONFIPET,74.1,74.79,72.0,73.8,2498663.0,
2026-08-14,CONFIPET,73.96,73.96,71.56,71.99,1331828.0,
2026-08-17,CONFIPET,72.39,73.39,71.41,72.55,1010011.0,
2026-08-18,CONFIPET,72.7,73.25,69.0,69.9,1806579.0,
2026-08-19,CONFIPET,70.19,73.89,69.92,72.49,3849623.0,
2026-08-20,CONFIPET,73.0,73.64,71.6,72.16,1976323.0,
2026-08-21,CONFIPET,72.46,76.2,71.21,74.8,3819920.0,
2026-08-24,CONFIPET,76.4,76.4,71.75,72.14,3160735.0,
2026-08-25,CONFIPET,73.45,78.42,71.6,77.85,8227545.0,
2026-08-26,CONFIPET,77.8,82.5,77.7,79.69,7543729.0,
2026-08-28,CONFIPET,78.9,80.6,78.16,79.87,1407583.0,
2026-08-31,CONFIPET,79.85,83.4,79.1,81.37,3471549.0,
2026-09-01,CONFIPET,81.9,81.9,78.6,80.34,1499783.0,
2026-09-02,CONFIPET,80.11,84.4,78.85,82.55,5113322.0,
2026-09-03,CONFIPET,82.55,88.27,82.0,84.28,7328054.0,
2026-09-04,CONFIPET,84.7,85.3,82.0,82.48,2371168.0,
2026-09-07,CONFIPET,82.48,85.2,82.0,82.18,2942312.0,
2026-09-08,CONFIPET,82.88,85.0,82.0,82.49,3653848.0,
2026-09-09,CONFIPET,82.98,91.3,82.98,90.66,15689882.0,
2026-09-10,CONFIPET,90.95,90.95,87.01,87.84,3216537.0,
2026-09-11,CONFIPET,87.79,90.5,86.95,89.22,4722048.0,
2026-09-15,CONFIPET,90.2,91.65,84.1,86.1,4869333.0,
2026-09-16,CONFIPET,85.0,88.0,82.1,86.58,2646137.0,
2026-09-17,CONFIPET,86.5,88.59,85.5,86.76,1445669.0,
2026-09-18,CONFIPET,87.25,92.61,86.71,91.95,5542393.0,
2026-07-16,DIAMONDYD,1182.5,1199.5,1171.2,1184.7,13953.0,
2026-07-17,DIAMONDYD,1178.8,1196.9,1153.0,1176.9,25563.0,
2026-07-20,DIAMONDYD,1176.9,1182.9,1147.5,1155.7,11806.0,
2026-07-21,DIAMONDYD,1149.2,1167.4,1133.3,1148.9,27693.0,
2026-07-22,DIAMONDYD,1148.0,1149.7,1122.6,1132.0,7836.0,
2026-07-23,DIAMONDYD,1129.8,1133.7,1106.6,1114.7,6837.0,
2026-07-24,DIAMONDYD,1109.8,1120.9,1100.8,1111.4,4707.0,
2026-07-27,DIAMONDYD,1111.4,1122.8,1080.5,1097.6,17731.0,
2026-07-28,DIAMONDYD,1096.5,1098.0,1062.3,1073.5,13571.0,
2026-07-29,DIAMONDYD,1092.0,1133.9,1070.0,1126.6,27901.0,
2026-07-30,DIAMONDYD,1115.9,1129.8,1098.6,1125.2,16535.0,
2026-07-31,DIAMONDYD,1122.3,1171.2,1111.0,1159.5,19008.0,
2026-08-03,DIAMONDYD,1199.0,1199.0,1102.1,1163.8,412833.0,
2026-08-04,DIAMONDYD,1169.8,1180.0,1134.1,1171.5,18608.0,
2026-08-05,DIAMONDYD,1177.0,1192.8,1151.6,1174.2,270599.0,
2026-08-06,DIAMONDYD,1189.0,1194.0,1164.1,1166.2,14509.0,
2026-08-07,DIAMONDYD,1170.0,1239.0,1150.1,1227.4,445495.0,
2026-08-10,DIAMONDYD,1229.8,1242.3,1198.0,1206.4,56046.0,
2026-08-11,DIAMONDYD,1206.4,1245.0,1175.1,1207.5,86787.0,
2026-08-12,DIAMONDYD,1229.0,1229.0,1175.5,1192.6,27823.0,
2026-08-13,DIAMONDYD,1192.8,1196.6,1171.8,1184.2,11928.0,
2026-08-14,DIAMONDYD,1187.8,1195.0,1167.1,1191.4,19266.0,
2026-08-17,DIAMONDYD,1191.4,1199.9,1161.2,1190.4,14506.0,
2026-08-18,DIAMONDYD,1193.8,1203.8,1180.9,1193.8,11074.0,
2026-08-19,DIAMONDYD,1199.8,1199.8,1161.8,1179.2,10918.0,
2026-08-20,DIAMONDYD,1181.2,1189.9,1167.1,1175.0,8151.0,
2026-08-21,DIAMONDYD,1179.3,1192.6,1165.9,1179.3,17705.0,
2026-08-24,DIAMONDYD,1179.3,1185.3,1168.3,1176.5,4032.0,
2026-08-25,DIAMONDYD,1180.1,1190.3,1156.0,1165.2,15819.0,
2026-08-26,DIAMONDYD,1169.3,1180.9,1155.4,1167.3,14849.0,
2026-08-28,DIAMONDYD,1170.1,1175.9,1150.0,1162.8,11325.0,
2026-08-31,DIAMONDYD,1163.4,1163.4,1139.7,1147.1,14535.0,
2026-09-01,DIAMONDYD,1147.1,1160.1,1127.6,1144.8,27059.0,
2026-09-02,DIAMONDYD,1135.0,1169.9,1102.3,1155.2,7145.0,
2026-09-03,DIAMONDYD,1158.5,1163.8,1144.0,1159.8,22884.0,
2026-09-04,DIAMONDYD,1162.3,1162.3,1147.6,1158.3,5787.0,
2026-09-07,DIAMONDYD,1162.2,1168.3,1130.0,1142.2,23661.0,
2026-09-08,DIAMONDYD,1148.7,1168.3,1125.0,1129.3,30348.0,
2026-09-09,DIAMONDYD,1128.6,1131.4,1113.9,1123.6,4765.0,
2026-09-10,DIAMONDYD,1123.6,1126.8,1101.6,1115.6,14173.0,
2026-09-11,DIAMONDYD,1108.5,1110.0,1093.0,1108.4,6366.0,
2026-09-15,DIAMONDYD,1114.5,1150.0,1076.3,1107.4,11209.0,
2026-09-16,DIAMONDYD,1097.3,1119.9,1088.8,1102.2,6122.0,
2026-09-17,DIAMONDYD,1096.6,1106.3,1096.6,1100.4,5714.0,
2026-09-18,DIAMONDYD,1107.0,1122.0,1079.2,1088.1,15018.0,
2026-07-16,DOLLAR,263.6,267.55,262.75,265.55,85714.0,
2026-07-17,DOLLAR,265.95,266.0,261.0,261.4,92014.0,
2026-07-20,DOLLAR,261.9,263.0,258.0,261.9,70646.0,
2026-07-21,DOLLAR,261.9,261.9,257.55,259.7,47154.0,
2026-07-22,DOLLAR,259.25,259.3,255.0,256.45,89539.0,
2026-07-23,DOLLAR,255.05,257.35,252.05,252.35,106164.0,
2026-07-24,DOLLAR,251.0,258.65,248.05,258.0,290796.0,
2026-07-27,DOLLAR,260.0,261.9,257.0,257.7,103287.0,
2026-07-28,DOLLAR,256.0,256.95,252.2,253.8,86730.0,
2026-07-29,DOLLAR,255.2,258.05,252.6,256.45,215053.0,
2026-07-30,DOLLAR,256.45,268.95,253.65,267.5,356342.0,
2026-07-31,DOLLAR,268.85,269.5,262.15,264.0,91101.0,
2026-08-03,DOLLAR,267.95,269.3,264.55,267.4,65550.0,
2026-08-04,DOLLAR,268.6,275.0,264.8,271.1,130195.0,
2026-08-05,DOLLAR,275.2,276.3,270.0,272.45,125220.0,
2026-08-06,DOLLAR,274.0,287.5,272.8,281.9,416827.0,
2026-08-07,DOLLAR,287.0,287.7,278.05,279.5,256155.0,
2026-08-10,DOLLAR,286.0,286.05,273.9,278.5,334657.0,
2026-08-11,DOLLAR,276.0,297.85,273.4,288.65,596668.0,
2026-08-12,DOLLAR,290.0,293.0,274.65,277.3,232706.0,
2026-08-13,DOLLAR,278.0,279.7,270.35,271.75,103095.0,
2026-08-14,DOLLAR,272.0,280.2,271.1,273.5,113741.0,
2026-08-17,DOLLAR,272.2,272.45,265.3,268.35,113675.0,
2026-08-18,DOLLAR,268.9,270.7,264.05,268.55,82886.0,
2026-08-19,DOLLAR,268.8,272.7,266.25,268.0,57593.0,
2026-08-20,DOLLAR,268.9,275.0,265.85,272.15,118163.0,
2026-08-21,DOLLAR,272.65,275.9,270.6,273.2,76343.0,
2026-08-24,DOLLAR,272.75,277.8,271.5,273.7,68689.0,
2026-08-25,DOLLAR,275.0,276.3,273.0,274.6,38650.0,
2026-08-26,DOLLAR,275.3,276.6,270.25,270.9,50245.0,
2026-08-28,DOLLAR,265.1,271.0,265.0,268.7,73785.0,
2026-08-31,DOLLAR,270.7,273.4,266.5,268.95,74760.0,
2026-09-01,DOLLAR,268.0,271.6,266.0,266.6,54534.0,
2026-09-02,DOLLAR,266.05,266.05,260.0,262.35,84900.0,
2026-09-03,DOLLAR,263.7,268.45,261.0,265.0,58091.0,
2026-09-04,DOLLAR,265.55,267.1,262.8,264.25,36786.0,
2026-09-07,DOLLAR,262.15,265.0,261.0,262.05,78512.0,
2026-09-08,DOLLAR,262.05,265.95,260.0,264.75,70109.0,
2026-09-09,DOLLAR,263.8,276.45,261.15,273.1,189227.0,
2026-09-10,DOLLAR,274.9,275.2,268.05,271.8,81680.0,
2026-09-11,DOLLAR,270.0,276.9,265.6,273.55,119178.0,
2026-09-15,DOLLAR,276.9,276.9,261.05,262.95,46906.0,
2026-09-16,DOLLAR,262.05,268.8,259.05,266.8,66963.0,
2026-09-17,DOLLAR,267.05,271.7,262.1,267.0,53788.0,
2026-09-18,DOLLAR,268.0,278.0,266.85,273.25,161698.0,
2026-07-16,EIEL,229.97,231.0,224.16,226.81,1116396.0,
2026-07-17,EIEL,225.34,225.85,218.53,220.23,1885166.0,
2026-07-20,EIEL,219.5,231.5,218.15,229.35,2460009.0,
2026-07-21,EIEL,229.0,233.49,225.78,229.46,1506675.0,
2026-07-22,EIEL,228.8,228.8,222.0,224.31,913022.0,
2026-07-23,EIEL,222.55,225.75,216.1,217.62,1011254.0,
2026-07-24,EIEL,217.61,221.4,212.11,220.16,1653480.0,
2026-07-27,EIEL,223.9,224.94,217.49,218.76,646608.0,
2026-07-28,EIEL,217.2,219.78,215.0,216.45,514458.0,
2026-07-29,EIEL,216.49,219.9,215.2,216.07,475163.0,
2026-07-30,EIEL,217.27,217.48,212.3,213.61,1232900.0,
2026-07-31,EIEL,213.61,223.99,213.01,220.06,1457887.0,
2026-08-03,EIEL,223.0,224.4,221.1,222.64,641485.0,
2026-08-04,EIEL,222.64,228.84,222.64,224.48,960834.0,
2026-08-05,EIEL,226.1,228.39,216.84,218.06,1566079.0,
2026-08-06,EIEL,218.0,219.95,214.56,215.5,644558.0,
2026-08-07,EIEL,215.5,216.64,212.15,213.16,557270.0,
2026-08-10,EIEL,214.08,217.98,212.65,215.63,668172.0,
2026-08-11,EIEL,218.95,219.39,205.5,213.97,865668.0,
2026-08-12,EIEL,212.0,212.89,200.84,203.13,2468285.0,
2026-08-13,EIEL,204.5,205.0,202.4,203.08,1361121.0,
2026-08-14,EIEL,203.0,204.12,195.67,196.73,895050.0,
2026-08-17,EIEL,198.3,201.96,196.73,200.16,606823.0,
2026-08-18,EIEL,200.24,201.89,196.5,197.18,439150.0,
2026-08-19,EIEL,198.16,201.9,196.0,196.12,447738.0,
2026-08-20,EIEL,197.94,201.48,197.94,199.01,504822.0,
2026-08-21,EIEL,199.01,200.34,193.91,194.73,1334529.0,
2026-08-24,EIEL,195.24,197.8,193.02,195.31,569963.0,
2026-08-25,EIEL,194.4,196.22,193.5,194.71,375300.0,
2026-08-26,EIEL,195.65,201.89,194.81,200.69,688902.0,
2026-08-28,EIEL,201.8,201.8,197.8,199.23,296099.0,
2026-08-31,EIEL,198.5,198.5,195.15,196.92,1014824.0,
2026-09-01,EIEL,196.5,196.82,190.1,190.82,590767.0,
2026-09-02,EIEL,190.0,194.0,188.0,192.36,446613.0,
2026-09-03,EIEL,192.9,197.0,192.9,195.66,360610.0,
2026-09-04,EIEL,196.9,201.7,195.65,199.17,769678.0,
2026-09-07,EIEL,199.2,204.7,197.25,198.33,824767.0,
2026-09-08,EIEL,198.03,200.0,195.68,196.2,1029574.0,
2026-09-09,EIEL,204.75,215.0,203.75,206.06,13186612.0,
2026-09-10,EIEL,211.03,215.74,209.0,211.65,5829468.0,
2026-09-11,EIEL,209.0,209.0,202.09,207.11,1550750.0,
2026-09-15,EIEL,207.11,208.25,196.0,196.91,875481.0,
2026-09-16,EIEL,197.98,198.99,190.5,194.87,495754.0,
2026-09-17,EIEL,194.85,201.67,193.21,199.64,1527032.0,
2026-09-18,EIEL,201.0,202.0,196.06,200.01,574560.0,
2026-07-16,GANDHAR,207.0,218.0,207.0,210.95,1252221.0,
2026-07-17,GANDHAR,212.4,212.4,202.53,207.93,586858.0,
2026-07-20,GANDHAR,209.48,231.0,209.1,228.32,3211670.0,
2026-07-21,GANDHAR,231.7,238.0,223.33,227.17,2846526.0,
2026-07-22,GANDHAR,229.49,245.0,228.76,236.19,6966318.0,
2026-07-23,GANDHAR,274.0,283.42,268.22,281.95,25146579.0,
2026-07-24,GANDHAR,290.25,303.17,275.53,282.46,35869266.0,
2026-07-27,GANDHAR,279.0,279.0,231.0,245.47,20541880.0,
2026-07-28,GANDHAR,252.0,255.99,235.55,237.93,9767141.0,
2026-07-29,GANDHAR,237.61,240.0,230.0,232.18,3607556.0,
2026-07-30,GANDHAR,230.45,230.99,215.7,216.93,4300534.0,
2026-07-31,GANDHAR,218.6,233.89,216.0,223.25,6637553.0,
2026-08-03,GANDHAR,224.78,238.27,223.52,231.64,3962749.0,
2026-08-04,GANDHAR,233.48,239.5,230.0,236.1,2789863.0,
2026-08-05,GANDHAR,239.0,239.98,230.0,231.41,1401577.0,
2026-08-06,GANDHAR,233.95,250.0,232.03,242.95,6759414.0,
2026-08-07,GANDHAR,243.7,245.46,239.01,242.71,1529441.0,
2026-08-10,GANDHAR,243.0,243.95,234.76,236.82,1261507.0,
2026-08-11,GANDHAR,237.7,245.8,237.0,243.41,1899221.0,
2026-08-12,GANDHAR,242.01,242.82,235.01,236.28,930996.0,
2026-08-13,GANDHAR,236.5,248.0,236.5,244.75,1608155.0,
2026-08-14,GANDHAR,243.03,247.66,241.0,245.57,807585.0,
2026-08-17,GANDHAR,245.26,250.98,242.71,246.69,953235.0,
2026-08-18,GANDHAR,247.4,256.9,247.4,255.1,2220605.0,
2026-08-19,GANDHAR,256.2,256.2,248.0,250.15,959345.0,
2026-08-20,GANDHAR,252.5,255.79,246.3,254.09,963327.0,
2026-08-21,GANDHAR,257.06,257.25,249.5,250.43,653970.0,
2026-08-24,GANDHAR,255.09,261.0,254.06,256.62,1589659.0,
2026-08-25,GANDHAR,257.35,257.4,251.0,255.42,667901.0,
2026-08-26,GANDHAR,255.48,260.05,254.55,255.39,611255.0,
2026-08-28,GANDHAR,255.0,259.0,253.55,256.47,553101.0,
2026-08-31,GANDHAR,256.46,258.38,251.25,257.72,664788.0,
2026-09-01,GANDHAR,257.7,268.5,255.05,261.8,2578536.0,
2026-09-02,GANDHAR,263.65,267.75,262.1,265.95,1018241.0,
2026-09-03,GANDHAR,268.5,270.95,264.05,267.4,788620.0,
2026-09-04,GANDHAR,268.4,269.05,261.0,267.6,860917.0,
2026-09-07,GANDHAR,268.0,271.8,261.8,264.85,719670.0,
2026-09-08,GANDHAR,263.15,265.95,261.3,264.05,528915.0,
2026-09-09,GANDHAR,264.05,273.45,263.0,265.85,926450.0,
2026-09-10,GANDHAR,269.0,278.0,269.0,271.3,1490894.0,
2026-09-11,GANDHAR,271.3,274.95,266.55,272.7,748277.0,
2026-09-15,GANDHAR,274.2,275.85,257.8,260.45,886074.0,
2026-09-16,GANDHAR,262.45,262.95,247.05,258.95,888416.0,
2026-09-17,GANDHAR,257.3,271.7,257.3,269.4,661006.0,
2026-09-18,GANDHAR,268.2,277.2,268.0,276.2,670870.0,
2026-07-16,GANESHCP,183.69,184.0,181.05,182.15,35288.0,
2026-07-17,GANESHCP,183.19,183.19,176.26,177.86,70757.0,
2026-07-20,GANESHCP,179.0,179.01,163.0,172.89,521988.0,
2026-07-21,GANESHCP,172.89,179.35,172.77,178.47,61730.0,
2026-07-22,GANESHCP,176.89,177.12,173.81,175.13,34175.0,
2026-07-23,GANESHCP,175.13,176.98,169.44,170.57,35921.0,
2026-07-24,GANESHCP,171.83,175.19,169.31,171.84,77531.0,
2026-07-27,GANESHCP,173.7,174.58,168.1,169.9,32572.0,
2026-07-28,GANESHCP,169.3,171.9,168.06,168.96,42835.0,
2026-07-29,GANESHCP,169.2,173.69,166.56,167.19,120251.0,
2026-07-30,GANESHCP,168.0,168.99,162.91,164.08,120390.0,
2026-07-31,GANESHCP,164.08,183.31,164.08,178.28,1612846.0,
2026-08-03,GANESHCP,180.98,184.7,175.27,177.8,193376.0,
2026-08-04,GANESHCP,177.82,180.0,174.0,175.62,64425.0,
2026-08-05,GANESHCP,178.69,178.69,171.01,172.09,120476.0,
2026-08-06,GANESHCP,172.09,173.37,163.1,164.94,205454.0,
2026-08-07,GANESHCP,164.9,166.61,161.05,161.8,222144.0,
2026-08-10,GANESHCP,161.0,164.17,160.0,161.58,203788.0,
2026-08-11,GANESHCP,161.5,163.99,160.39,161.7,68827.0,
2026-08-12,GANESHCP,162.85,164.85,160.5,162.26,51839.0,
2026-08-13,GANESHCP,163.6,170.0,160.0,162.43,250672.0,
2026-08-14,GANESHCP,160.94,166.1,159.1,160.54,239392.0,
2026-08-17,GANESHCP,161.4,165.89,161.39,163.96,262720.0,
2026-08-18,GANESHCP,164.9,167.38,162.5,165.38,198021.0,
2026-08-19,GANESHCP,165.99,165.99,163.17,164.02,67750.0,
2026-08-20,GANESHCP,165.99,165.99,161.95,162.35,92665.0,
2026-08-21,GANESHCP,162.15,164.5,160.69,161.24,153099.0,
2026-08-24,GANESHCP,161.24,163.88,160.75,161.73,68311.0,
2026-08-25,GANESHCP,162.83,168.2,161.05,166.23,187614.0,
2026-08-26,GANESHCP,167.0,171.2,163.25,166.07,121189.0,
2026-08-28,GANESHCP,165.49,180.0,165.09,174.15,542827.0,
2026-08-31,GANESHCP,175.01,180.0,170.0,171.15,126452.0,
2026-09-01,GANESHCP,172.64,174.8,166.75,168.2,116515.0,
2026-09-02,GANESHCP,167.0,170.0,166.5,167.47,67303.0,
2026-09-03,GANESHCP,170.01,174.9,167.09,168.82,151836.0,
2026-09-04,GANESHCP,169.79,176.98,168.47,174.46,117370.0,
2026-09-07,GANESHCP,177.0,178.75,168.25,169.59,155960.0,
2026-09-08,GANESHCP,170.95,172.04,167.5,169.71,620162.0,
2026-09-09,GANESHCP,170.0,174.0,166.47,167.58,362392.0,
2026-09-10,GANESHCP,168.67,170.0,165.5,166.98,317609.0,
2026-09-11,GANESHCP,166.98,169.49,165.25,167.36,278416.0,
2026-09-15,GANESHCP,168.41,168.54,163.25,163.79,70307.0,
2026-09-16,GANESHCP,163.5,164.32,160.42,163.07,61120.0,
2026-09-17,GANESHCP,162.75,167.9,162.75,164.47,70600.0,
2026-09-18,GANESHCP,165.97,171.24,163.51,169.2,98944.0,
2026-07-16,GOKUL,40.75,41.47,40.11,40.24,157574.0,
2026-07-17,GOKUL,40.25,40.86,39.7,40.04,151277.0,
2026-07-20,GOKUL,40.04,40.5,39.67,40.15,145172.0,
2026-07-21,GOKUL,40.15,40.49,39.4,39.44,168632.0,
2026-07-22,GOKUL,39.52,40.0,38.74,38.93,153057.0,
2026-07-23,GOKUL,38.89,40.3,38.63,39.8,175400.0,
2026-07-24,GOKUL,39.01,39.98,39.01,39.28,131415.0,
2026-07-27,GOKUL,39.2,40.49,39.2,39.61,131018.0,
2026-07-28,GOKUL,40.17,40.35,38.46,38.87,155786.0,
2026-07-29,GOKUL,39.47,39.47,38.53,39.21,132901.0,
2026-07-30,GOKUL,39.02,39.49,38.86,39.18,122580.0,
2026-07-31,GOKUL,39.0,39.48,38.71,39.05,136006.0,
2026-08-03,GOKUL,39.05,39.99,38.9,39.43,148731.0,
2026-08-04,GOKUL,39.02,39.89,39.0,39.26,145431.0,
2026-08-05,GOKUL,40.0,40.0,39.12,39.46,129009.0,
2026-08-06,GOKUL,39.79,40.7,39.41,40.04,141015.0,
2026-08-07,GOKUL,40.46,40.59,39.52,39.68,141552.0,
2026-08-10,GOKUL,40.3,40.3,39.22,39.44,141483.0,
2026-08-11,GOKUL,39.22,40.5,39.22,40.1,147421.0,
2026-08-12,GOKUL,40.7,40.7,39.25,39.53,150973.0,
2026-08-13,GOKUL,39.94,40.53,39.25,39.34,155827.0,
2026-08-14,GOKUL,40.2,40.2,38.61,38.87,176871.0,
2026-08-17,GOKUL,38.87,39.25,38.15,38.68,152356.0,
2026-08-18,GOKUL,38.5,39.4,38.4,39.01,133664.0,
2026-08-19,GOKUL,38.93,40.8,38.71,40.12,221741.0,
2026-08-20,GOKUL,39.82,40.98,39.82,40.43,156742.0,
2026-08-21,GOKUL,40.96,43.1,40.5,42.55,377934.0,
2026-08-24,GOKUL,42.55,46.8,42.55,44.36,557589.0,
2026-08-25,GOKUL,44.87,46.0,43.56,44.98,289698.0,
2026-08-26,GOKUL,44.98,46.5,43.6,44.14,167894.0,
2026-08-28,GOKUL,43.09,44.26,42.05,42.46,162046.0,
2026-08-31,GOKUL,42.46,42.88,41.12,41.65,162789.0,
2026-09-01,GOKUL,41.2,42.26,40.38,41.53,256692.0,
2026-09-02,GOKUL,40.7,41.77,40.5,41.37,219183.0,
2026-09-03,GOKUL,41.68,42.89,41.3,41.95,223577.0,
2026-09-04,GOKUL,41.6,43.9,41.44,42.96,221325.0,
2026-09-07,GOKUL,42.97,43.95,42.37,42.85,182713.0,
2026-09-08,GOKUL,43.8,44.4,42.02,42.54,154949.0,
2026-09-09,GOKUL,42.54,43.27,42.12,42.78,171792.0,
2026-09-10,GOKUL,43.8,43.8,41.6,42.61,242171.0,
2026-09-11,GOKUL,43.67,43.67,41.27,42.03,233417.0,
2026-09-15,GOKUL,42.03,42.03,39.51,39.92,194895.0,
2026-09-16,GOKUL,40.65,40.65,38.75,39.39,157381.0,
2026-09-17,GOKUL,40.35,40.35,39.12,39.74,161645.0,
2026-09-18,GOKUL,40.48,40.9,39.69,40.43,137161.0,
2026-07-16,GRMOVER,91.6,93.97,91.6,92.78,567264.0,
2026-07-17,GRMOVER,92.78,93.2,90.74,92.05,329481.0,
2026-07-20,GRMOVER,90.5,92.56,90.3,90.99,698066.0,
2026-07-21,GRMOVER,90.15,91.61,90.15,91.37,373942.0,
2026-07-22,GRMOVER,92.06,92.5,89.56,90.14,398703.0,
2026-07-23,GRMOVER,90.0,91.4,89.37,89.87,311815.0,
2026-07-24,GRMOVER,89.02,91.0,88.35,90.2,152553.0,
2026-07-27,GRMOVER,91.6,92.27,89.85,90.12,340972.0,
2026-07-28,GRMOVER,90.0,91.38,88.98,89.57,213013.0,
2026-07-29,GRMOVER,89.57,90.16,88.3,88.91,317798.0,
2026-07-30,GRMOVER,89.0,91.9,85.55,88.08,1280806.0,
2026-07-31,GRMOVER,89.37,91.8,87.92,89.73,677064.0,
2026-08-03,GRMOVER,89.73,96.49,89.1,94.88,2999165.0,
2026-08-04,GRMOVER,95.9,95.9,91.5,91.78,1053722.0,
2026-08-05,GRMOVER,91.79,93.48,90.01,90.89,1078820.0,
2026-08-06,GRMOVER,90.9,91.87,89.75,90.09,1342331.0,
2026-08-07,GRMOVER,90.79,91.2,89.1,90.33,1015546.0,
2026-08-10,GRMOVER,90.55,91.23,89.11,90.55,1052168.0,
2026-08-11,GRMOVER,91.0,95.1,90.31,94.19,2788567.0,
2026-08-12,GRMOVER,94.84,96.49,90.02,91.38,1610382.0,
2026-08-13,GRMOVER,92.85,94.08,89.21,90.05,2647927.0,
2026-08-14,GRMOVER,90.1,90.99,89.01,89.66,922657.0,
2026-08-17,GRMOVER,89.87,90.49,87.58,88.28,1138255.0,
2026-08-18,GRMOVER,88.87,90.3,87.21,87.51,1117753.0,
2026-08-19,GRMOVER,87.6,90.0,87.5,88.79,1088405.0,
2026-08-20,GRMOVER,88.25,89.1,86.0,86.53,1318507.0,
2026-08-21,GRMOVER,87.21,87.25,86.4,86.71,1004043.0,
2026-08-24,GRMOVER,87.14,92.29,87.14,90.24,2490263.0,
2026-08-25,GRMOVER,90.2,90.25,88.26,89.13,1130114.0,
2026-08-26,GRMOVER,89.15,89.94,87.9,88.84,1065581.0,
2026-08-28,GRMOVER,87.07,88.65,86.0,86.38,956059.0,
2026-08-31,GRMOVER,87.09,87.89,84.5,86.47,1150228.0,
2026-09-01,GRMOVER,86.51,87.06,85.05,85.29,1039802.0,
2026-09-02,GRMOVER,85.05,86.47,83.72,86.03,1220718.0,
2026-09-03,GRMOVER,86.1,87.56,85.35,85.81,822411.0,
2026-09-04,GRMOVER,85.82,88.15,85.46,87.53,1151167.0,
2026-09-07,GRMOVER,87.36,87.36,85.0,85.8,1118026.0,
2026-09-08,GRMOVER,85.15,88.91,85.01,88.17,1436766.0,
2026-09-09,GRMOVER,88.99,88.99,85.46,88.14,1430309.0,
2026-09-10,GRMOVER,88.0,88.99,86.37,87.48,1190958.0,
2026-09-11,GRMOVER,86.37,87.38,82.2,84.45,1178962.0,
2026-09-15,GRMOVER,84.5,85.9,82.0,82.7,1030464.0,
2026-09-16,GRMOVER,82.6,83.85,79.34,82.02,1077928.0,
2026-09-17,GRMOVER,81.03,82.95,79.31,80.13,1105834.0,
2026-09-18,GRMOVER,80.0,82.38,79.76,81.64,1123465.0,
2026-07-16,HEXAGON,75.6,75.6,71.23,73.19,1387687.0,
2026-07-17,HEXAGON,74.0,74.0,69.54,69.54,712503.0,
2026-07-20,HEXAGON,69.9,72.5,66.11,71.39,920699.0,
2026-07-21,HEXAGON,71.99,71.99,69.0,69.43,309427.0,
2026-07-22,HEXAGON,69.36,69.36,66.9,67.82,408642.0,
2026-07-23,HEXAGON,68.0,68.0,64.43,64.43,755719.0,
2026-07-24,HEXAGON,63.0,65.89,61.21,65.51,1294879.0,
2026-07-27,HEXAGON,65.47,65.47,63.0,64.18,345574.0,
2026-07-28,HEXAGON,63.0,64.87,61.95,62.61,305850.0,
2026-07-29,HEXAGON,62.5,63.25,61.2,62.06,254298.0,
2026-07-30,HEXAGON,62.01,63.5,60.07,62.79,429038.0,
2026-07-31,HEXAGON,62.48,64.75,61.2,64.19,302061.0,
2026-08-03,HEXAGON,65.29,66.99,64.0,66.35,373945.0,
2026-08-04,HEXAGON,66.79,68.0,65.56,66.81,472479.0,
2026-08-05,HEXAGON,67.75,67.75,65.0,66.56,182340.0,
2026-08-06,HEXAGON,66.56,66.9,64.5,65.16,171999.0,
2026-08-07,HEXAGON,64.1,65.29,64.0,64.15,129510.0,
2026-08-10,HEXAGON,64.51,64.99,61.82,64.07,312379.0,
2026-08-11,HEXAGON,63.09,67.0,62.51,63.84,458678.0,
2026-08-12,HEXAGON,64.9,67.0,63.0,65.91,500920.0,
2026-08-13,HEXAGON,63.31,65.25,63.31,64.44,271960.0,
2026-08-14,HEXAGON,64.49,65.0,63.28,63.98,111505.0,
2026-08-17,HEXAGON,64.29,65.25,62.25,63.25,273962.0,
2026-08-18,HEXAGON,63.25,66.41,63.02,66.41,468436.0,
2026-08-19,HEXAGON,67.2,69.73,66.99,68.97,832383.0,
2026-08-20,HEXAGON,67.8,72.05,67.27,70.11,479308.0,
2026-08-21,HEXAGON,70.1,71.9,68.0,70.21,336961.0,
2026-08-24,HEXAGON,69.5,71.7,69.22,70.48,321512.0,
2026-08-25,HEXAGON,70.1,70.99,68.11,69.81,170310.0,
2026-08-26,HEXAGON,69.03,70.0,68.04,68.34,88988.0,
2026-08-28,HEXAGON,70.0,70.0,68.2,68.37,107913.0,
2026-08-31,HEXAGON,68.9,69.5,66.8,67.4,171956.0,
2026-09-01,HEXAGON,67.23,67.9,65.95,66.19,103313.0,
2026-09-02,HEXAGON,65.0,66.5,64.8,66.14,107199.0,
2026-09-03,HEXAGON,67.4,67.7,64.0,66.42,286912.0,
2026-09-04,HEXAGON,66.6,67.75,65.25,67.23,102191.0,
2026-09-07,HEXAGON,67.2,67.22,65.0,65.72,135136.0,
2026-09-08,HEXAGON,65.5,66.75,63.5,64.21,969542.0,
2026-09-09,HEXAGON,63.5,67.42,62.5,67.42,226751.0,
2026-09-10,HEXAGON,69.6,70.79,66.5,68.17,1057255.0,
2026-09-11,HEXAGON,68.0,70.0,66.75,67.99,310047.0,
2026-09-15,HEXAGON,68.98,69.0,64.31,64.54,140022.0,
2026-09-16,HEXAGON,64.54,65.27,63.0,63.96,872829.0,
2026-09-17,HEXAGON,64.6,65.7,63.5,64.29,246881.0,
2026-09-18,HEXAGON,64.42,67.0,63.5,66.26,200000.0,
2026-07-16,INDORAMA,52.07,52.07,50.1,51.14,223705.0,
2026-07-17,INDORAMA,50.71,51.01,48.51,50.07,314481.0,
2026-07-20,INDORAMA,50.56,51.71,49.0,49.21,98003.0,
2026-07-21,INDORAMA,48.94,50.81,48.94,49.83,107050.0,
2026-07-22,INDORAMA,49.93,50.11,48.4,48.67,57293.0,
2026-07-23,INDORAMA,48.8,49.74,47.56,47.68,74317.0,
2026-07-24,INDORAMA,47.0,49.0,46.2,48.43,139569.0,
2026-07-27,INDORAMA,49.0,50.75,48.91,49.74,175679.0,
2026-07-28,INDORAMA,49.62,50.03,49.01,49.42,86995.0,
2026-07-29,INDORAMA,49.5,54.24,49.5,53.24,632024.0,
2026-07-30,INDORAMA,50.5,56.64,50.5,55.02,1548451.0,
2026-07-31,INDORAMA,55.0,57.9,55.0,56.25,662589.0,
2026-08-03,INDORAMA,56.55,64.85,56.55,63.49,2539412.0,
2026-08-04,INDORAMA,63.11,66.45,61.7,64.46,1285167.0,
2026-08-05,INDORAMA,64.47,65.41,62.1,62.84,305295.0,
2026-08-06,INDORAMA,63.0,64.0,59.51,60.37,399250.0,
2026-08-07,INDORAMA,60.0,62.04,59.1,59.45,124739.0,
2026-08-10,INDORAMA,58.21,60.7,56.01,56.41,259836.0,
2026-08-11,INDORAMA,56.56,59.3,56.1,58.05,232275.0,
2026-08-12,INDORAMA,58.4,60.35,57.07,58.16,239333.0,
2026-08-13,INDORAMA,58.1,58.85,56.52,57.07,131374.0,
2026-08-14,INDORAMA,57.07,57.99,55.52,56.09,120847.0,
2026-08-17,INDORAMA,56.09,56.37,54.32,54.76,98507.0,
2026-08-18,INDORAMA,54.2,59.29,54.1,56.81,1115047.0,
2026-08-19,INDORAMA,56.81,56.99,55.36,56.29,70893.0,
2026-08-20,INDORAMA,56.91,63.45,56.02,61.29,1356536.0,
2026-08-21,INDORAMA,61.76,65.82,61.01,62.69,871640.0,
2026-08-24,INDORAMA,62.69,63.8,62.1,62.61,206985.0,
2026-08-25,INDORAMA,62.61,62.76,59.89,60.53,148993.0,
2026-08-26,INDORAMA,60.2,62.88,59.41,61.22,163175.0,
2026-08-28,INDORAMA,64.89,64.89,61.81,63.65,451194.0,
2026-08-31,INDORAMA,65.85,69.0,63.17,65.92,1880656.0,
2026-09-01,INDORAMA,65.71,72.0,65.71,68.01,2138883.0,
2026-09-02,INDORAMA,69.99,69.99,65.5,66.77,435143.0,
2026-09-03,INDORAMA,67.6,72.44,67.57,68.87,873235.0,
2026-09-04,INDORAMA,69.79,74.25,69.55,72.96,1609101.0,
2026-09-07,INDORAMA,74.0,78.0,71.8,73.56,2102406.0,
2026-09-08,INDORAMA,74.25,76.0,70.72,74.98,1050466.0,
2026-09-09,INDORAMA,75.3,88.2,72.76,86.13,7613089.0,
2026-09-10,INDORAMA,85.68,90.0,81.75,82.93,3197552.0,
2026-09-11,INDORAMA,83.02,87.64,80.0,86.5,1794174.0,
2026-09-15,INDORAMA,90.0,96.5,81.56,82.81,4750924.0,
2026-09-16,INDORAMA,83.09,89.9,81.1,85.6,3645127.0,
2026-09-17,INDORAMA,85.46,91.4,84.5,89.19,1774157.0,
2026-09-18,INDORAMA,89.87,93.49,87.43,91.05,1163975.0,
2026-07-16,JINDALSTEL,1041.9,1044.2,1023.0,1028.0,1097051.0,
2026-07-17,JINDALSTEL,1031.0,1035.8,1018.4,1025.0,628804.0,
2026-07-20,JINDALSTEL,1025.0,1044.0,1020.0,1033.3,1212343.0,
2026-07-21,JINDALSTEL,1035.0,1050.5,1030.5,1044.7,638437.0,
2026-07-22,JINDALSTEL,1050.0,1051.0,1038.3,1045.0,842226.0,
2026-07-23,JINDALSTEL,1042.0,1056.3,1034.1,1041.9,1130348.0,
2026-07-24,JINDALSTEL,1032.0,1042.7,1021.0,1035.8,372876.0,
2026-07-27,JINDALSTEL,1055.0,1068.2,1036.0,1065.7,2617855.0,
2026-07-28,JINDALSTEL,1072.0,1072.0,1051.5,1054.4,957009.0,
2026-07-29,JINDALSTEL,1054.4,1099.9,1054.2,1088.7,1960722.0,
2026-07-30,JINDALSTEL,1090.0,1120.0,1085.9,1093.7,653708.0,
2026-07-31,JINDALSTEL,1094.5,1114.0,1093.6,1102.4,783287.0,
2026-08-03,JINDALSTEL,1114.0,1128.3,1105.1,1105.1,1173261.0,
2026-08-04,JINDALSTEL,1106.1,1124.0,1101.4,1124.0,822310.0,
2026-08-05,JINDALSTEL,1124.0,1126.8,1113.4,1113.4,622339.0,
2026-08-06,JINDALSTEL,1122.0,1124.5,1097.7,1101.0,1715023.0,
2026-08-07,JINDALSTEL,1101.0,1105.7,1092.1,1103.0,392474.0,
2026-08-10,JINDALSTEL,1107.6,1126.5,1100.0,1125.0,895998.0,
2026-08-11,JINDALSTEL,1125.0,1126.0,1094.5,1095.0,807811.0,
2026-08-12,JINDALSTEL,1096.0,1112.0,1093.2,1112.0,396526.0,
2026-08-13,JINDALSTEL,1105.6,1106.6,1090.6,1099.9,288897.0,
2026-08-14,JINDALSTEL,1098.9,1105.6,1086.0,1091.5,493678.0,
2026-08-17,JINDALSTEL,1090.1,1118.7,1090.0,1116.1,644163.0,
2026-08-18,JINDALSTEL,1119.0,1119.7,1100.0,1101.5,561974.0,
2026-08-19,JINDALSTEL,1102.3,1121.8,1095.2,1115.0,1140894.0,
2026-08-20,JINDALSTEL,1120.1,1142.0,1108.4,1118.9,992910.0,
2026-08-21,JINDALSTEL,1120.0,1135.0,1118.9,1127.8,999052.0,
2026-08-24,JINDALSTEL,1135.0,1149.0,1130.1,1149.0,908799.0,
2026-08-25,JINDALSTEL,1147.9,1157.0,1140.1,1154.1,670829.0,
2026-08-26,JINDALSTEL,1155.0,1183.3,1143.1,1175.4,896442.0,
2026-08-28,JINDALSTEL,1172.7,1191.9,1170.0,1179.2,652427.0,
2026-08-31,JINDALSTEL,1174.1,1192.9,1150.9,1192.9,781759.0,
2026-09-01,JINDALSTEL,1175.7,1175.7,1147.0,1160.0,517597.0,
2026-09-02,JINDALSTEL,1149.0,1165.3,1141.0,1159.4,706262.0,
2026-09-03,JINDALSTEL,1165.0,1169.0,1134.7,1145.0,950251.0,
2026-09-04,JINDALSTEL,1147.0,1170.9,1138.7,1165.0,893053.0,
2026-09-07,JINDALSTEL,1164.5,1168.0,1130.0,1147.9,752810.0,
2026-09-08,JINDALSTEL,1147.9,1151.0,1135.0,1136.3,443885.0,
2026-09-09,JINDALSTEL,1139.6,1158.0,1130.6,1146.5,590734.0,
2026-09-10,JINDALSTEL,1149.7,1151.7,1131.0,1137.0,554299.0,
2026-09-11,JINDALSTEL,1111.0,1122.0,1058.0,1120.5,549857.0,
2026-09-15,JINDALSTEL,1119.7,1119.7,1090.5,1095.0,816410.0,
2026-09-16,JINDALSTEL,1088.0,1117.0,1085.4,1103.0,457237.0,
2026-09-17,JINDALSTEL,1104.1,1134.6,1104.1,1128.4,719206.0,
2026-09-18,JINDALSTEL,1128.9,1140.2,1119.5,1119.5,1056818.0,
2026-07-16,KABRAEXTRU,324.0,332.85,317.3,330.25,91035.0,
2026-07-17,KABRAEXTRU,334.25,343.65,321.8,330.7,194546.0,
2026-07-20,KABRAEXTRU,332.0,355.0,327.1,351.65,355854.0,
2026-07-21,KABRAEXTRU,355.45,363.8,348.15,359.3,166119.0,
2026-07-22,KABRAEXTRU,356.85,358.15,339.0,341.0,104276.0,
2026-07-23,KABRAEXTRU,345.0,355.5,338.2,351.05,75154.0,
2026-07-24,KABRAEXTRU,353.0,382.6,345.65,376.8,315343.0,
2026-07-27,KABRAEXTRU,392.0,408.0,377.25,404.8,577413.0,
2026-07-28,KABRAEXTRU,405.2,405.2,390.0,399.3,132656.0,
2026-07-29,KABRAEXTRU,399.2,399.2,384.05,390.15,97830.0,
2026-07-30,KABRAEXTRU,390.15,390.15,350.05,365.2,330760.0,
2026-07-31,KABRAEXTRU,358.0,402.8,357.5,394.95,370346.0,
2026-08-03,KABRAEXTRU,401.0,447.95,395.0,418.6,873684.0,
2026-08-04,KABRAEXTRU,419.05,424.0,410.0,412.45,118797.0,
2026-08-05,KABRAEXTRU,415.0,460.5,415.0,454.4,1022255.0,
2026-08-06,KABRAEXTRU,457.0,485.45,452.85,477.6,1101775.0,
2026-08-07,KABRAEXTRU,472.0,482.8,439.5,448.6,810718.0,
2026-08-10,KABRAEXTRU,445.0,519.0,433.35,510.75,2087098.0,
2026-08-11,KABRAEXTRU,503.75,523.8,492.05,508.7,431893.0,
2026-08-12,KABRAEXTRU,505.0,516.85,488.8,494.9,170668.0,
2026-08-13,KABRAEXTRU,499.9,499.9,478.0,484.3,140616.0,
2026-08-14,KABRAEXTRU,486.2,521.4,486.2,517.4,485584.0,
2026-08-17,KABRAEXTRU,519.0,524.7,505.0,520.5,188101.0,
2026-08-18,KABRAEXTRU,522.95,522.95,504.25,512.6,124007.0,
2026-08-19,KABRAEXTRU,509.2,518.95,494.0,500.8,166334.0,
2026-08-20,KABRAEXTRU,506.1,541.0,506.1,529.1,491124.0,
2026-08-21,KABRAEXTRU,530.05,574.95,521.55,566.2,565475.0,
2026-08-24,KABRAEXTRU,567.0,625.15,567.0,611.1,1093357.0,
2026-08-25,KABRAEXTRU,611.95,616.45,591.25,609.15,270498.0,
2026-08-26,KABRAEXTRU,613.0,613.0,599.0,601.65,146744.0,
2026-08-28,KABRAEXTRU,590.0,612.15,578.3,603.5,278180.0,
2026-08-31,KABRAEXTRU,606.8,608.9,585.0,600.3,208624.0,
2026-09-01,KABRAEXTRU,603.3,605.35,572.0,579.4,192747.0,
2026-09-02,KABRAEXTRU,567.35,580.0,552.35,559.95,315900.0,
2026-09-03,KABRAEXTRU,570.0,591.75,561.0,564.8,185596.0,
2026-09-04,KABRAEXTRU,566.0,583.95,560.35,579.15,130668.0,
2026-09-07,KABRAEXTRU,587.0,642.0,587.0,634.5,759426.0,
2026-09-08,KABRAEXTRU,639.5,677.75,639.0,656.45,524936.0,
2026-09-09,KABRAEXTRU,656.45,678.95,636.15,662.95,233277.0,
2026-09-10,KABRAEXTRU,659.9,717.0,655.0,707.55,773333.0,
2026-09-11,KABRAEXTRU,710.0,733.0,690.6,723.15,479794.0,
2026-09-15,KABRAEXTRU,741.9,741.9,650.85,650.85,313142.0,
2026-09-16,KABRAEXTRU,640.0,650.0,585.8,628.1,651043.0,
2026-09-17,KABRAEXTRU,628.05,648.0,623.55,632.75,162222.0,
2026-09-18,KABRAEXTRU,640.25,690.0,639.7,681.6,233883.0,
2026-07-16,LAOPALA,188.95,192.25,185.82,189.58,776813.0,
2026-07-17,LAOPALA,190.4,190.4,186.18,187.86,223317.0,
2026-07-20,LAOPALA,187.8,187.8,182.41,185.87,129016.0,
2026-07-21,LAOPALA,184.01,193.0,184.01,189.71,198714.0,
2026-07-22,LAOPALA,190.89,191.84,185.52,189.76,156261.0,
2026-07-23,LAOPALA,187.23,189.5,185.28,187.52,129280.0,
2026-07-24,LAOPALA,185.1,187.49,181.55,184.35,121977.0,
2026-07-27,LAOPALA,185.51,190.11,184.2,185.87,88612.0,
2026-07-28,LAOPALA,186.37,188.9,184.01,187.15,110872.0,
2026-07-29,LAOPALA,187.66,191.0,186.0,186.54,114387.0,
2026-07-30,LAOPALA,186.54,186.55,183.63,185.0,49099.0,
2026-07-31,LAOPALA,184.89,185.99,183.9,184.35,40252.0,
2026-08-03,LAOPALA,185.3,190.25,185.3,187.81,155641.0,
2026-08-04,LAOPALA,187.7,191.4,187.0,190.31,119245.0,
2026-08-05,LAOPALA,192.0,210.0,191.01,196.1,8551629.0,
2026-08-06,LAOPALA,196.56,200.37,192.3,193.79,689122.0,
2026-08-07,LAOPALA,193.0,193.53,189.0,189.96,238665.0,
2026-08-10,LAOPALA,191.0,194.0,189.55,193.7,168075.0,
2026-08-11,LAOPALA,194.8,194.8,190.5,190.79,120014.0,
2026-08-12,LAOPALA,191.7,192.0,187.25,189.83,212255.0,
2026-08-13,LAOPALA,191.0,196.58,188.84,194.26,490309.0,
2026-08-14,LAOPALA,194.0,195.2,191.05,192.51,167876.0,
2026-08-17,LAOPALA,194.45,195.3,189.5,191.22,185753.0,
2026-08-18,LAOPALA,191.0,192.42,188.6,189.31,213293.0,
2026-08-19,LAOPALA,190.0,190.7,186.45,187.24,204160.0,
2026-08-20,LAOPALA,182.05,182.05,176.5,178.35,396333.0,
2026-08-21,LAOPALA,178.01,179.4,172.6,173.12,203785.0,
2026-08-24,LAOPALA,173.0,173.92,168.9,169.46,251251.0,
2026-08-25,LAOPALA,169.46,173.95,166.5,170.88,276685.0,
2026-08-26,LAOPALA,170.86,171.3,169.27,170.17,120870.0,
2026-08-28,LAOPALA,169.91,179.9,168.3,175.95,551312.0,
2026-08-31,LAOPALA,175.2,175.2,171.1,173.61,159255.0,
2026-09-01,LAOPALA,172.01,174.29,171.5,173.3,58884.0,
2026-09-02,LAOPALA,173.0,173.0,169.26,171.87,79552.0,
2026-09-03,LAOPALA,171.87,172.6,169.6,171.55,72820.0,
2026-09-04,LAOPALA,171.56,174.86,171.56,173.9,75699.0,
2026-09-07,LAOPALA,174.0,174.59,171.2,171.96,38975.0,
2026-09-08,LAOPALA,171.2,171.78,169.3,169.92,82971.0,
2026-09-09,LAOPALA,170.59,170.97,166.81,167.46,103970.0,
2026-09-10,LAOPALA,168.4,168.4,162.0,162.4,237695.0,
2026-09-11,LAOPALA,161.79,161.79,158.51,158.93,142467.0,
2026-09-15,LAOPALA,158.93,165.79,158.7,160.63,442956.0,
2026-09-16,LAOPALA,162.13,162.13,155.0,156.01,336735.0,
2026-09-17,LAOPALA,156.45,158.03,155.4,156.13,218566.0,
2026-09-18,LAOPALA,157.59,164.98,157.12,162.6,310800.0,
2026-07-16,MAHSEAMLES,588.0,591.15,582.0,584.3,71662.0,
2026-07-17,MAHSEAMLES,584.9,592.65,577.2,580.45,59723.0,
2026-07-20,MAHSEAMLES,577.55,587.0,576.2,584.7,67945.0,
2026-07-21,MAHSEAMLES,584.7,585.85,578.0,580.05,30688.0,
2026-07-22,MAHSEAMLES,580.05,580.05,573.0,575.45,42822.0,
2026-07-23,MAHSEAMLES,572.2,575.4,557.85,565.1,108997.0,
2026-07-24,MAHSEAMLES,561.7,573.9,557.2,571.55,46882.0,
2026-07-27,MAHSEAMLES,574.6,581.4,573.4,576.85,30834.0,
2026-07-28,MAHSEAMLES,576.85,580.3,567.0,574.1,54003.0,
2026-07-29,MAHSEAMLES,576.85,585.0,575.0,581.95,34576.0,
2026-07-30,MAHSEAMLES,582.0,582.55,571.15,572.55,48318.0,
2026-07-31,MAHSEAMLES,572.65,573.25,560.0,565.35,208948.0,
2026-08-03,MAHSEAMLES,572.5,583.6,567.0,573.7,135333.0,
2026-08-04,MAHSEAMLES,573.7,582.5,571.05,579.1,70989.0,
2026-08-05,MAHSEAMLES,582.0,589.0,580.0,582.6,76222.0,
2026-08-06,MAHSEAMLES,585.7,590.3,580.0,583.8,65218.0,
2026-08-07,MAHSEAMLES,586.0,598.8,574.45,589.7,137498.0,
2026-08-10,MAHSEAMLES,595.1,617.9,589.2,607.85,371775.0,
2026-08-11,MAHSEAMLES,610.05,615.85,593.6,595.0,147431.0,
2026-08-12,MAHSEAMLES,597.75,612.05,592.9,609.95,118552.0,
2026-08-13,MAHSEAMLES,612.8,627.5,606.9,612.0,204844.0,
2026-08-14,MAHSEAMLES,610.0,615.0,606.5,612.45,85390.0,
2026-08-17,MAHSEAMLES,612.45,623.35,606.4,622.0,106253.0,
2026-08-18,MAHSEAMLES,622.0,627.95,616.1,620.9,127306.0,
2026-08-19,MAHSEAMLES,624.3,625.0,612.4,613.9,147532.0,
2026-08-20,MAHSEAMLES,617.2,618.6,608.2,610.6,187917.0,
2026-08-21,MAHSEAMLES,613.0,658.9,612.95,634.15,1005145.0,
2026-08-24,MAHSEAMLES,638.05,645.8,632.95,634.75,194133.0,
2026-08-25,MAHSEAMLES,634.9,655.95,632.0,636.55,305342.0,
2026-08-26,MAHSEAMLES,640.0,645.0,632.3,636.55,221620.0,
2026-08-28,MAHSEAMLES,643.0,667.85,642.95,661.7,550119.0,
2026-08-31,MAHSEAMLES,665.0,668.6,650.1,663.2,393023.0,
2026-09-01,MAHSEAMLES,653.25,664.35,644.0,649.6,227231.0,
2026-09-02,MAHSEAMLES,647.0,673.9,645.0,665.05,492471.0,
2026-09-03,MAHSEAMLES,666.95,682.5,649.75,653.5,497338.0,
2026-09-04,MAHSEAMLES,654.75,695.8,651.5,688.1,1179393.0,
2026-09-07,MAHSEAMLES,691.0,717.8,676.95,688.95,911812.0,
2026-09-08,MAHSEAMLES,690.35,694.85,676.05,680.65,209156.0,
2026-09-09,MAHSEAMLES,679.65,683.2,668.7,676.2,167344.0,
2026-09-10,MAHSEAMLES,676.2,724.0,673.6,718.95,1256187.0,
2026-09-11,MAHSEAMLES,720.95,738.0,707.25,728.9,1045480.0,
2026-09-15,MAHSEAMLES,735.0,738.6,696.0,701.1,328878.0,
2026-09-16,MAHSEAMLES,701.1,702.05,674.15,692.95,217121.0,
2026-09-17,MAHSEAMLES,699.2,726.0,692.95,720.2,436705.0,
2026-09-18,MAHSEAMLES,724.0,725.9,712.15,717.55,177765.0,
2026-07-16,MANINFRA,102.8,102.89,101.15,101.6,341433.0,
2026-07-17,MANINFRA,101.88,101.88,100.01,101.28,278584.0,
2026-07-20,MANINFRA,102.59,102.59,100.25,100.54,436084.0,
2026-07-21,MANINFRA,100.75,100.75,99.5,99.67,567884.0,
2026-07-22,MANINFRA,99.99,100.15,97.5,98.61,855654.0,
2026-07-23,MANINFRA,97.81,100.15,97.01,97.68,1199604.0,
2026-07-24,MANINFRA,97.0,97.75,95.52,96.68,758346.0,
2026-07-27,MANINFRA,97.15,98.93,97.15,98.38,303888.0,
2026-07-28,MANINFRA,99.0,99.43,97.01,97.42,316061.0,
2026-07-29,MANINFRA,98.53,98.53,96.01,97.08,556330.0,
2026-07-30,MANINFRA,97.05,97.08,95.8,96.09,282015.0,
2026-07-31,MANINFRA,96.6,98.54,96.05,98.08,498292.0,
2026-08-03,MANINFRA,98.99,102.25,98.6,99.82,1280728.0,
2026-08-04,MANINFRA,99.24,113.2,99.11,111.61,9068086.0,
2026-08-05,MANINFRA,113.3,115.0,111.32,113.47,2340787.0,
2026-08-06,MANINFRA,113.0,114.4,109.51,110.41,911356.0,
2026-08-07,MANINFRA,111.15,117.3,111.1,113.85,4913160.0,
2026-08-10,MANINFRA,114.0,117.01,112.0,113.64,3616270.0,
2026-08-11,MANINFRA,114.0,114.7,110.96,111.36,1438179.0,
2026-08-12,MANINFRA,113.0,116.49,107.11,108.55,5029976.0,
2026-08-13,MANINFRA,108.2,109.07,103.36,104.77,1569756.0,
2026-08-14,MANINFRA,107.0,108.56,105.11,106.15,1031223.0,
2026-08-17,MANINFRA,106.15,107.25,103.6,104.12,1434348.0,
2026-08-18,MANINFRA,103.21,108.98,101.7,106.02,5583898.0,
2026-08-19,MANINFRA,106.02,110.45,105.24,109.99,2206548.0,
2026-08-20,MANINFRA,110.59,111.11,108.51,110.29,1279267.0,
2026-08-21,MANINFRA,110.92,111.0,107.65,108.67,572245.0,
2026-08-24,MANINFRA,109.54,114.4,108.7,113.68,2234263.0,
2026-08-25,MANINFRA,114.38,114.47,112.14,113.86,884939.0,
2026-08-26,MANINFRA,114.0,115.39,113.22,114.51,1094009.0,
2026-08-28,MANINFRA,116.02,123.45,116.02,122.81,7397297.0,
2026-08-31,MANINFRA,122.81,123.9,120.81,122.62,2592923.0,
2026-09-01,MANINFRA,123.69,126.44,121.57,124.56,8700614.0,
2026-09-02,MANINFRA,124.99,125.08,119.11,123.27,3095001.0,
2026-09-03,MANINFRA,122.88,125.55,120.6,124.59,2550009.0,
2026-09-04,MANINFRA,126.0,128.3,123.78,124.8,1748780.0,
2026-09-07,MANINFRA,125.5,127.79,124.0,124.42,1448189.0,
2026-09-08,MANINFRA,124.75,131.0,123.15,127.75,4913934.0,
2026-09-09,MANINFRA,128.0,130.98,127.72,128.72,3598189.0,
2026-09-10,MANINFRA,129.1,129.65,127.42,128.66,1843204.0,
2026-09-11,MANINFRA,127.95,127.95,125.7,126.87,1968685.0,
2026-09-15,MANINFRA,127.48,127.48,122.89,124.83,1734690.0,
2026-09-16,MANINFRA,124.43,126.6,121.98,124.23,2441811.0,
2026-09-17,MANINFRA,122.5,126.59,122.5,125.71,1602110.0,
2026-09-18,MANINFRA,126.0,127.64,124.8,125.64,2921365.0,
2026-07-16,NPST,1618.2,1666.0,1571.2,1633.8,53638.0,
2026-07-17,NPST,1640.1,1641.0,1551.0,1579.9,198397.0,
2026-07-20,NPST,1595.0,1596.0,1505.1,1530.3,46781.0,
2026-07-21,NPST,1522.6,1564.3,1520.0,1546.2,35139.0,
2026-07-22,NPST,1563.7,1582.6,1518.7,1539.1,27526.0,
2026-07-23,NPST,1540.2,1550.0,1500.0,1530.0,18494.0,
2026-07-24,NPST,1520.0,1548.0,1501.1,1519.2,23373.0,
2026-07-27,NPST,1533.9,1584.0,1510.2,1557.1,85342.0,
2026-07-28,NPST,1557.1,1589.0,1541.6,1550.7,25313.0,
2026-07-29,NPST,1573.4,1573.9,1489.1,1545.4,20131.0,
2026-07-30,NPST,1531.0,1539.0,1500.1,1505.2,11842.0,
2026-07-31,NPST,1527.2,1545.0,1499.1,1525.6,12730.0,
2026-08-03,NPST,1560.0,1560.0,1505.0,1523.0,25007.0,
2026-08-04,NPST,1550.0,1559.0,1500.0,1521.2,23141.0,
2026-08-05,NPST,1535.0,1560.0,1505.6,1539.6,58315.0,
2026-08-06,NPST,1533.5,1543.8,1506.0,1511.0,12218.0,
2026-08-07,NPST,1518.6,1525.0,1492.0,1505.4,14118.0,
2026-08-10,NPST,1518.0,1616.0,1484.6,1564.9,109687.0,
2026-08-11,NPST,1569.9,1600.0,1520.1,1535.1,35238.0,
2026-08-12,NPST,1435.0,1575.0,1416.3,1537.2,74068.0,
2026-08-13,NPST,1567.4,1686.9,1530.1,1635.5,152470.0,
2026-08-14,NPST,1648.0,1670.0,1572.0,1586.2,35535.0,
2026-08-17,NPST,1602.7,1679.0,1550.0,1622.8,57087.0,
2026-08-18,NPST,1638.0,1638.0,1540.8,1591.0,39454.0,
2026-08-19,NPST,1615.9,1615.9,1554.6,1594.2,20234.0,
2026-08-20,NPST,1582.5,1630.4,1582.5,1606.9,19960.0,
2026-08-21,NPST,1607.4,1615.0,1581.0,1588.5,8572.0,
2026-08-24,NPST,1588.5,1600.0,1545.6,1561.8,32088.0,
2026-08-25,NPST,1561.8,1638.7,1561.8,1608.0,29517.0,
2026-08-26,NPST,1628.1,1764.8,1615.3,1660.2,297644.0,
2026-08-28,NPST,1645.0,1746.9,1629.2,1701.1,61681.0,
2026-08-31,NPST,1715.2,1715.5,1651.1,1670.6,19622.0,
2026-09-01,NPST,1670.6,1710.0,1635.2,1655.6,35959.0,
2026-09-02,NPST,1655.6,1753.0,1642.5,1690.0,79415.0,
2026-09-03,NPST,1700.0,1730.0,1666.5,1718.4,80429.0,
2026-09-04,NPST,1720.9,1775.0,1705.0,1718.8,56393.0,
2026-09-07,NPST,1713.8,1746.8,1691.2,1740.4,38352.0,
2026-09-08,NPST,1748.3,1753.5,1692.2,1716.5,22167.0,
2026-09-09,NPST,1743.4,1745.0,1621.0,1680.5,71432.0,
2026-09-10,NPST,1680.5,1742.0,1664.1,1718.5,25134.0,
2026-09-11,NPST,1720.0,1723.1,1663.4,1686.1,20477.0,
2026-09-15,NPST,1698.9,1700.0,1630.0,1639.5,27585.0,
2026-09-16,NPST,1730.0,1934.0,1673.5,1834.6,3028115.0,
2026-09-17,NPST,1855.0,1920.0,1823.4,1854.9,460726.0,
2026-09-18,NPST,1857.1,1899.5,1803.1,1828.5,139085.0,
2026-07-16,NRL,107.61,111.95,106.0,107.9,63851.0,
2026-07-17,NRL,110.0,110.0,102.65,107.84,104598.0,
2026-07-20,NRL,107.84,111.85,102.45,110.1,189807.0,
2026-07-21,NRL,107.9,111.0,105.9,110.02,144280.0,
2026-07-22,NRL,107.82,107.82,107.82,107.82,1427.0,
2026-07-23,NRL,105.67,105.67,105.67,105.67,20958.0,
2026-07-24,NRL,103.56,105.0,103.56,105.0,84516.0,
2026-07-27,NRL,105.0,105.0,103.1,103.1,64455.0,
2026-07-28,NRL,101.04,102.0,101.04,102.0,131870.0,
2026-07-29,NRL,102.0,103.3,102.0,103.3,68690.0,
2026-07-30,NRL,103.0,104.5,103.0,104.5,52626.0,
2026-07-31,NRL,104.5,106.59,104.5,106.59,27861.0,
2026-08-03,NRL,108.72,108.72,108.72,108.72,42236.0,
2026-08-04,NRL,108.99,110.89,108.99,110.89,56716.0,
2026-08-05,NRL,113.1,113.1,112.5,113.1,60758.0,
2026-08-06,NRL,115.36,115.36,115.36,115.36,39063.0,
2026-08-07,NRL,117.66,117.66,115.99,116.9,139921.0,
2026-08-10,NRL,114.57,115.02,114.57,115.02,111173.0,
2026-08-11,NRL,114.0,117.32,114.0,117.32,79995.0,
2026-08-12,NRL,118.0,118.0,115.0,115.25,23933.0,
2026-08-13,NRL,117.0,117.0,117.0,117.0,46219.0,
2026-08-14,NRL,116.9,117.0,116.0,117.0,47212.0,
2026-08-17,NRL,115.0,116.0,114.66,116.0,29663.0,
2026-08-18,NRL,116.0,116.0,115.0,115.0,63961.0,
2026-08-19,NRL,114.0,114.0,113.0,113.1,18566.0,
2026-08-20,NRL,113.1,115.36,113.1,115.36,38910.0,
2026-08-21,NRL,117.66,117.66,117.66,117.66,47883.0,
2026-08-24,NRL,119.9,120.01,119.9,120.01,96266.0,
2026-08-25,NRL,120.05,122.41,120.05,122.41,117862.0,
2026-08-26,NRL,123.4,123.55,122.5,123.55,62620.0,
2026-08-28,NRL,125.0,125.0,124.8,125.0,48524.0,
2026-08-31,NRL,124.0,124.0,122.5,122.5,65909.0,
2026-09-01,NRL,120.5,120.5,120.05,120.05,32512.0,
2026-09-02,NRL,120.05,122.0,120.05,122.0,159039.0,
2026-09-03,NRL,124.44,124.44,124.44,124.44,129262.0,
2026-09-04,NRL,126.92,126.92,126.92,126.92,109113.0,
2026-09-07,NRL,129.5,133.26,125.0,132.78,251730.0,
2026-09-08,NRL,135.5,137.79,126.15,130.46,112645.0,
2026-09-09,NRL,128.0,133.0,128.0,129.5,45722.0,
2026-09-10,NRL,129.5,135.97,128.2,134.84,115844.0,
2026-09-11,NRL,134.84,138.0,132.0,133.06,39928.0,
2026-09-15,NRL,127.0,136.5,126.41,135.35,118553.0,
2026-09-16,NRL,136.0,139.0,128.59,133.98,80531.0,
2026-09-17,NRL,133.0,138.0,130.98,137.13,56822.0,
2026-09-18,NRL,136.73,143.98,132.9,143.67,210713.0,
2026-07-16,NURECA,272.0,274.4,265.81,271.58,24829.0,
2026-07-17,NURECA,274.8,281.7,261.2,279.79,55390.0,
2026-07-20,NURECA,279.0,284.0,275.55,282.46,34036.0,
2026-07-21,NURECA,282.46,295.0,276.0,292.19,40148.0,
2026-07-22,NURECA,324.99,331.89,304.02,311.13,579742.0,
2026-07-23,NURECA,302.25,316.39,295.15,296.76,73411.0,
2026-07-24,NURECA,295.3,309.68,290.12,301.64,43709.0,
2026-07-27,NURECA,306.16,317.9,300.61,315.7,41738.0,
2026-07-28,NURECA,314.0,319.0,306.01,311.76,18993.0,
2026-07-29,NURECA,313.92,328.0,311.9,326.79,43634.0,
2026-07-30,NURECA,322.5,327.59,317.31,322.21,15318.0,
2026-07-31,NURECA,326.33,347.45,320.41,343.6,60717.0,
2026-08-03,NURECA,332.2,346.6,327.0,333.4,36669.0,
2026-08-04,NURECA,335.55,335.55,325.0,326.05,14971.0,
2026-08-05,NURECA,329.0,348.0,327.0,343.95,31057.0,
2026-08-06,NURECA,339.0,354.0,335.85,338.65,34037.0,
2026-08-07,NURECA,334.4,348.0,332.55,342.6,24122.0,
2026-08-10,NURECA,339.9,345.0,326.0,334.25,32252.0,
2026-08-11,NURECA,334.25,334.25,317.7,324.1,12596.0,
2026-08-12,NURECA,334.9,340.3,320.1,340.3,19796.0,
2026-08-13,NURECA,340.3,355.0,340.3,344.6,15489.0,
2026-08-14,NURECA,349.5,358.0,345.0,346.3,9598.0,
2026-08-17,NURECA,354.6,355.0,340.0,340.3,6067.0,
2026-08-18,NURECA,349.3,349.3,327.0,329.9,6463.0,
2026-08-19,NURECA,327.75,329.9,316.1,317.0,5128.0,
2026-08-20,NURECA,317.1,326.8,317.1,319.5,2208.0,
2026-08-21,NURECA,327.9,327.9,304.2,306.7,6550.0,
2026-08-24,NURECA,301.1,314.95,296.25,300.4,19234.0,
2026-08-25,NURECA,301.0,309.9,290.2,296.65,12015.0,
2026-08-26,NURECA,295.0,307.9,295.0,304.7,3125.0,
2026-08-28,NURECA,334.75,335.85,321.1,331.05,14997.0,
2026-08-31,NURECA,336.1,339.45,323.0,331.8,4270.0,
2026-09-01,NURECA,332.45,348.35,324.05,339.0,18296.0,
2026-09-02,NURECA,338.05,338.05,330.3,336.75,1655.0,
2026-09-03,NURECA,333.0,345.55,321.25,332.6,4468.0,
2026-09-04,NURECA,331.9,331.9,320.1,322.7,5556.0,
2026-09-07,NURECA,322.7,325.0,313.1,319.2,2872.0,
2026-09-08,NURECA,320.0,324.9,311.0,318.1,3400.0,
2026-09-09,NURECA,316.55,334.0,316.55,334.0,12839.0,
2026-09-10,NURECA,335.0,350.7,335.0,343.55,21935.0,
2026-09-11,NURECA,343.55,346.95,330.0,332.75,5811.0,
2026-09-15,NURECA,330.0,345.0,322.1,322.2,5712.0,
2026-09-16,NURECA,322.2,338.3,318.0,338.3,12352.0,
2026-09-17,NURECA,339.95,344.9,325.2,332.35,7213.0,
2026-09-18,NURECA,330.0,348.95,327.15,345.95,28818.0,
2026-07-16,OBCL,53.24,53.84,51.81,52.67,4682.0,
2026-07-17,OBCL,52.67,54.0,52.2,53.45,6869.0,
2026-07-20,OBCL,52.8,53.79,52.8,53.04,1442.0,
2026-07-21,OBCL,53.95,55.5,53.0,53.29,1653.0,
2026-07-22,OBCL,53.03,54.08,52.99,53.0,18119.0,
2026-07-23,OBCL,52.0,53.89,52.0,53.11,1502.0,
2026-07-24,OBCL,53.0,53.77,51.51,52.39,12262.0,
2026-07-27,OBCL,53.05,53.49,52.65,53.35,5694.0,
2026-07-28,OBCL,53.5,53.74,52.6,52.65,272.0,
2026-07-29,OBCL,52.72,53.5,52.15,52.41,3740.0,
2026-07-30,OBCL,52.41,53.39,51.35,52.43,4000.0,
2026-07-31,OBCL,54.25,54.25,52.2,52.68,1453.0,
2026-08-03,OBCL,52.0,53.9,52.0,53.1,65944.0,
2026-08-04,OBCL,53.9,54.29,52.82,53.18,4226.0,
2026-08-05,OBCL,53.95,54.19,52.54,53.5,4471.0,
2026-08-06,OBCL,53.34,55.0,53.0,53.5,9381.0,
2026-08-07,OBCL,53.95,55.0,52.2,53.5,2416.0,
2026-08-10,OBCL,54.79,54.8,53.0,53.48,2449.0,
2026-08-11,OBCL,53.49,53.88,52.11,52.72,55302.0,
2026-08-12,OBCL,52.75,53.82,52.7,53.0,52099.0,
2026-08-13,OBCL,53.1,54.8,53.1,53.5,66103.0,
2026-08-14,OBCL,53.5,54.69,53.5,54.43,2494.0,
2026-08-17,OBCL,54.45,54.45,53.5,53.99,4610.0,
2026-08-18,OBCL,54.0,54.6,53.16,54.0,20269.0,
2026-08-19,OBCL,54.4,54.4,53.75,54.19,53732.0,
2026-08-20,OBCL,55.25,55.25,54.0,54.2,17083.0,
2026-08-21,OBCL,54.99,54.99,54.25,54.25,9488.0,
2026-08-24,OBCL,55.0,59.91,54.5,54.81,100760.0,
2026-08-25,OBCL,54.81,58.0,46.51,56.72,40626.0,
2026-08-26,OBCL,56.0,58.0,55.51,57.68,7471.0,
2026-08-28,OBCL,56.1,56.1,55.21,55.4,774.0,
2026-08-31,OBCL,53.2,57.9,53.2,54.82,11302.0,
2026-09-01,OBCL,54.83,57.97,54.75,55.04,8158.0,
2026-09-02,OBCL,55.9,55.9,54.7,54.77,7881.0,
2026-09-03,OBCL,55.98,55.98,54.8,54.99,5857.0,
2026-09-04,OBCL,55.13,55.7,55.1,55.19,1073.0,
2026-09-07,OBCL,56.29,56.29,55.0,55.03,4087.0,
2026-09-08,OBCL,55.26,56.5,55.05,55.63,4553.0,
2026-09-09,OBCL,54.51,55.99,54.5,55.98,1427.0,
2026-09-10,OBCL,55.99,56.54,54.94,55.89,4444.0,
2026-09-11,OBCL,56.7,56.7,55.7,55.78,4948.0,
2026-09-15,OBCL,55.79,57.5,55.0,56.58,18533.0,
2026-09-16,OBCL,55.41,57.98,54.02,56.98,18956.0,
2026-09-17,OBCL,59.18,60.2,55.1,55.82,27171.0,
2026-09-18,OBCL,55.82,58.0,55.1,57.02,5689.0,
2026-07-16,OMPOWER,173.9,174.0,172.0,172.21,52194.0,
2026-07-17,OMPOWER,172.05,172.39,169.27,169.99,85807.0,
2026-07-20,OMPOWER,172.0,172.9,169.0,169.92,97687.0,
2026-07-21,OMPOWER,170.0,173.57,168.25,169.34,206177.0,
2026-07-22,OMPOWER,169.95,169.95,166.83,167.11,85020.0,
2026-07-23,OMPOWER,167.26,167.29,165.05,165.84,82125.0,
2026-07-24,OMPOWER,166.0,169.56,165.14,169.2,102833.0,
2026-07-27,OMPOWER,170.0,171.25,167.41,169.87,78237.0,
2026-07-28,OMPOWER,167.71,170.0,167.01,167.74,36840.0,
2026-07-29,OMPOWER,167.26,168.24,161.55,164.07,163625.0,
2026-07-30,OMPOWER,164.0,164.51,158.4,159.16,95665.0,
2026-07-31,OMPOWER,161.0,169.7,159.5,167.93,141531.0,
2026-08-03,OMPOWER,171.99,171.99,167.01,169.4,59098.0,
2026-08-04,OMPOWER,169.4,176.8,168.0,170.54,122062.0,
2026-08-05,OMPOWER,174.49,174.49,168.0,169.04,30712.0,
2026-08-06,OMPOWER,167.85,176.5,167.85,172.57,183875.0,
2026-08-07,OMPOWER,173.0,173.56,169.22,171.03,44674.0,
2026-08-10,OMPOWER,169.78,172.0,168.52,170.16,63043.0,
2026-08-11,OMPOWER,171.41,172.9,167.56,168.9,72428.0,
2026-08-12,OMPOWER,166.0,167.49,158.01,160.2,212124.0,
2026-08-13,OMPOWER,160.65,172.0,160.0,170.73,465260.0,
2026-08-14,OMPOWER,170.73,172.0,167.46,169.95,101287.0,
2026-08-17,OMPOWER,169.94,169.94,166.43,167.96,34999.0,
2026-08-18,OMPOWER,167.13,168.0,164.6,167.64,44477.0,
2026-08-19,OMPOWER,165.89,167.3,164.0,165.28,77579.0,
2026-08-20,OMPOWER,165.28,169.34,160.05,162.7,73680.0,
2026-08-21,OMPOWER,162.7,165.01,161.4,163.09,70377.0,
2026-08-24,OMPOWER,162.01,165.0,161.0,163.53,71969.0,
2026-08-25,OMPOWER,164.12,171.24,162.06,167.7,153882.0,
2026-08-26,OMPOWER,173.75,173.95,170.4,172.84,142944.0,
2026-08-28,OMPOWER,172.0,177.0,168.86,175.31,232635.0,
2026-08-31,OMPOWER,175.41,179.0,173.03,174.16,160344.0,
2026-09-01,OMPOWER,175.02,176.8,168.42,169.08,62923.0,
2026-09-02,OMPOWER,169.0,175.03,162.9,171.86,76844.0,
2026-09-03,OMPOWER,171.86,173.8,170.15,171.09,32744.0,
2026-09-04,OMPOWER,171.23,176.9,170.2,175.68,75803.0,
2026-09-07,OMPOWER,175.6,178.0,169.06,170.31,142210.0,
2026-09-08,OMPOWER,171.73,171.73,168.31,170.0,34886.0,
2026-09-09,OMPOWER,170.92,171.56,168.01,168.7,34790.0,
2026-09-10,OMPOWER,169.8,171.0,167.0,168.11,35105.0,
2026-09-11,OMPOWER,167.01,174.95,165.0,171.54,206438.0,
2026-09-15,OMPOWER,171.1,173.72,165.35,168.2,103029.0,
2026-09-16,OMPOWER,165.35,168.19,162.1,164.82,96074.0,
2026-09-17,OMPOWER,165.92,170.0,164.02,166.7,136884.0,
2026-09-18,OMPOWER,167.53,175.4,167.11,172.37,71555.0,
2026-07-16,PGHH,8825.0,8848.5,8770.0,8782.0,6704.0,
2026-07-17,PGHH,8799.5,8800.0,8688.0,8720.5,21903.0,
2026-07-20,PGHH,8730.0,8742.5,8680.0,8723.5,9258.0,
2026-07-21,PGHH,8766.5,8817.0,8728.0,8771.0,28568.0,
2026-07-22,PGHH,8820.0,9029.5,8724.5,8999.5,23289.0,
2026-07-23,PGHH,9000.0,9040.5,8901.0,8984.0,15160.0,
2026-07-24,PGHH,8910.0,9027.5,8910.0,8974.5,15433.0,
2026-07-27,PGHH,9010.0,9031.0,8955.5,8993.5,6458.0,
2026-07-28,PGHH,9039.0,9039.0,8916.5,8973.0,9683.0,
2026-07-29,PGHH,9000.0,9070.0,8481.0,8598.5,113815.0,
2026-07-30,PGHH,8605.0,8645.5,8437.5,8477.0,72275.0,
2026-07-31,PGHH,8518.5,8619.5,8419.0,8594.0,19125.0,
2026-08-03,PGHH,8644.5,8700.0,8582.0,8649.0,16117.0,
2026-08-04,PGHH,8649.0,8737.0,8600.0,8639.5,10073.0,
2026-08-05,PGHH,8668.5,8699.0,8430.0,8484.5,18087.0,
2026-08-06,PGHH,8484.5,8599.0,8462.0,8484.0,18092.0,
2026-08-07,PGHH,8541.0,8550.0,8476.0,8497.0,8475.0,
2026-08-10,PGHH,8500.0,8534.0,8462.0,8482.0,9719.0,
2026-08-11,PGHH,8482.0,8519.0,8439.0,8455.0,11293.0,
2026-08-12,PGHH,8470.0,8470.0,8430.0,8446.0,7911.0,
2026-08-13,PGHH,8450.0,8520.0,8405.5,8487.0,8438.0,
2026-08-14,PGHH,8487.0,8585.0,8418.0,8426.5,7264.0,
2026-08-17,PGHH,8489.0,8489.0,8361.0,8365.0,15420.0,
2026-08-18,PGHH,8400.0,8410.0,8300.0,8317.0,11764.0,
2026-08-19,PGHH,8330.5,8352.0,8235.0,8239.0,7942.0,
2026-08-20,PGHH,8260.0,8309.0,8220.0,8248.0,8760.0,
2026-08-21,PGHH,8249.0,8267.0,8177.5,8189.0,7930.0,
2026-08-24,PGHH,8189.0,8198.0,8111.5,8127.5,13076.0,
2026-08-25,PGHH,8189.0,8189.0,8075.5,8089.0,7809.0,
2026-08-26,PGHH,8127.0,8159.0,8066.0,8136.5,11241.0,
2026-08-28,PGHH,8156.0,8165.0,8076.5,8092.0,7078.0,
2026-08-31,PGHH,8126.5,8147.0,7970.0,7979.5,20411.0,
2026-09-01,PGHH,7920.0,7980.0,7860.5,7881.5,13275.0,
2026-09-02,PGHH,7881.5,7885.5,7740.0,7762.5,20386.0,
2026-09-03,PGHH,7762.5,7809.0,7700.0,7725.0,11212.0,
2026-09-04,PGHH,7725.0,7754.5,7659.0,7667.5,21072.0,
2026-09-07,PGHH,7669.0,7719.5,7602.0,7634.5,10292.0,
2026-09-08,PGHH,7635.0,7848.0,7562.0,7736.0,28369.0,
2026-09-09,PGHH,7730.0,7768.5,7600.0,7615.0,8659.0,
2026-09-10,PGHH,7629.5,7665.5,7570.0,7581.5,5960.0,
2026-09-11,PGHH,7560.0,7564.0,7507.5,7518.0,9836.0,
2026-09-15,PGHH,7619.5,7619.5,7475.0,7507.0,11202.0,
2026-09-16,PGHH,7525.0,7659.0,7488.0,7611.0,8431.0,
2026-09-17,PGHH,7655.0,7715.0,7507.0,7613.0,7139.0,
2026-09-18,PGHH,7673.5,7680.0,7432.0,7486.0,66505.0,
2026-07-16,PKTEA,725.95,726.0,707.35,725.95,77.0,
2026-07-17,PKTEA,712.4,712.75,712.4,712.7,37.0,
2026-07-20,PKTEA,712.7,718.9,705.55,718.9,390.0,
2026-07-21,PKTEA,724.8,752.0,724.8,743.9,32.0,
2026-07-22,PKTEA,743.4,743.4,743.4,743.4,10.0,
2026-07-24,PKTEA,712.3,728.0,605.0,677.15,2063.0,
2026-07-27,PKTEA,684.9,700.0,678.0,698.0,72.0,
2026-07-28,PKTEA,699.8,710.0,680.0,705.05,458.0,
2026-07-29,PKTEA,705.05,705.05,690.0,690.0,19.0,
2026-07-30,PKTEA,681.2,690.0,681.2,689.95,34.0,
2026-07-31,PKTEA,690.0,690.0,676.4,676.4,11.0,
2026-08-03,PKTEA,710.0,710.0,668.0,699.0,284.0,
2026-08-04,PKTEA,715.0,715.0,677.8,688.4,39.0,
2026-08-05,PKTEA,680.05,709.8,680.0,709.75,33.0,
2026-08-07,PKTEA,734.0,734.0,682.3,691.8,72.0,
2026-08-10,PKTEA,710.0,710.0,685.05,698.3,91.0,
2026-08-11,PKTEA,710.0,710.0,650.0,673.75,149.0,
2026-08-12,PKTEA,684.0,691.15,684.0,691.0,112.0,
2026-08-13,PKTEA,691.0,691.0,690.0,690.0,30.0,
2026-08-14,PKTEA,653.45,694.0,653.4,679.95,396.0,
2026-08-17,PKTEA,690.1,709.0,690.1,704.5,10552.0,
2026-08-18,PKTEA,704.5,733.0,675.25,723.75,77.0,
2026-08-19,PKTEA,703.8,735.0,680.0,728.35,11027.0,
2026-08-20,PKTEA,749.0,751.0,716.0,731.9,1755.0,
2026-08-21,PKTEA,759.9,759.9,732.05,732.2,81.0,
2026-08-24,PKTEA,733.1,779.0,733.0,770.35,287.0,
2026-08-25,PKTEA,749.2,778.0,746.4,762.95,486.0,
2026-08-26,PKTEA,730.05,819.0,730.05,785.0,264.0,
2026-08-28,PKTEA,752.0,796.95,731.05,744.75,89.0,
2026-08-31,PKTEA,744.75,765.0,744.75,746.0,336.0,
2026-09-01,PKTEA,758.0,765.0,735.0,739.5,65.0,
2026-09-02,PKTEA,719.2,745.0,700.0,728.65,176.0,
2026-09-03,PKTEA,735.55,770.0,735.0,751.75,477.0,
2026-09-04,PKTEA,777.7,810.0,740.05,802.65,6257.0,
2026-09-07,PKTEA,808.0,963.15,808.0,963.15,13475.0,
2026-09-08,PKTEA,999.0,1115.0,963.15,972.75,61700.0,
2026-09-09,PKTEA,976.85,1160.0,880.0,1136.3,59199.0,
2026-09-10,PKTEA,1169.0,1169.0,1072.4,1094.2,10161.0,
2026-09-11,PKTEA,1080.0,1150.0,1001.1,1121.75,25219.0,
2026-09-15,PKTEA,1121.75,1121.75,1009.6,1024.6,3649.0,
2026-09-16,PKTEA,1020.0,1020.0,922.2,936.95,5082.0,
2026-09-17,PKTEA,931.95,936.95,900.05,921.25,2604.0,
2026-09-18,PKTEA,921.25,966.5,904.0,910.0,10797.0,
2026-07-16,PLASTIBLEN,198.35,214.7,195.54,202.33,960081.0,
2026-07-17,PLASTIBLEN,201.0,206.95,197.66,198.57,110376.0,
2026-07-20,PLASTIBLEN,200.8,203.5,197.23,199.86,103179.0,
2026-07-21,PLASTIBLEN,199.86,201.99,196.4,197.84,76169.0,
2026-07-22,PLASTIBLEN,198.99,200.99,191.5,194.41,97379.0,
2026-07-23,PLASTIBLEN,195.38,197.83,188.25,189.77,89942.0,
2026-07-24,PLASTIBLEN,186.37,190.89,185.57,188.85,75608.0,
2026-07-27,PLASTIBLEN,190.9,194.79,188.81,191.08,70294.0,
2026-07-28,PLASTIBLEN,192.03,192.16,188.04,190.1,26455.0,
2026-07-29,PLASTIBLEN,191.79,191.79,187.0,187.56,26093.0,
2026-07-30,PLASTIBLEN,188.06,188.19,182.82,184.76,30547.0,
2026-07-31,PLASTIBLEN,184.0,188.0,184.0,186.14,21690.0,
2026-08-03,PLASTIBLEN,187.01,191.8,187.01,190.61,34535.0,
2026-08-04,PLASTIBLEN,191.0,192.8,187.62,188.44,22042.0,
2026-08-05,PLASTIBLEN,190.5,191.09,189.0,190.01,21067.0,
2026-08-06,PLASTIBLEN,188.72,205.2,188.72,197.49,355578.0,
2026-08-07,PLASTIBLEN,198.61,200.0,196.49,197.69,40091.0,
2026-08-10,PLASTIBLEN,197.69,201.85,196.44,198.44,57635.0,
2026-08-11,PLASTIBLEN,198.69,209.14,198.0,204.51,188013.0,
2026-08-12,PLASTIBLEN,206.0,206.19,201.0,201.48,56867.0,
2026-08-13,PLASTIBLEN,202.48,204.15,194.21,196.03,58604.0,
2026-08-14,PLASTIBLEN,197.47,202.8,197.13,199.17,44465.0,
2026-08-17,PLASTIBLEN,199.17,199.17,190.25,191.8,35458.0,
2026-08-18,PLASTIBLEN,191.3,193.0,188.8,190.71,22233.0,
2026-08-19,PLASTIBLEN,191.01,197.0,185.0,187.13,52775.0,
2026-08-20,PLASTIBLEN,187.0,190.04,187.0,188.93,15361.0,
2026-08-21,PLASTIBLEN,188.15,196.38,188.01,191.54,29163.0,
2026-08-24,PLASTIBLEN,193.51,196.7,189.81,192.5,40374.0,
2026-08-25,PLASTIBLEN,191.0,194.38,187.66,189.13,18317.0,
2026-08-26,PLASTIBLEN,188.0,192.9,188.0,188.89,18028.0,
2026-08-28,PLASTIBLEN,189.95,191.69,188.08,189.56,17406.0,
2026-08-31,PLASTIBLEN,189.8,190.78,184.22,185.48,22938.0,
2026-09-01,PLASTIBLEN,186.78,187.75,184.5,185.59,20740.0,
2026-09-02,PLASTIBLEN,184.15,186.72,181.8,183.39,15465.0,
2026-09-03,PLASTIBLEN,184.4,195.0,184.4,188.33,53281.0,
2026-09-04,PLASTIBLEN,189.47,189.58,186.0,187.91,13407.0,
2026-09-07,PLASTIBLEN,187.91,197.69,185.0,193.14,57836.0,
2026-09-08,PLASTIBLEN,196.78,196.78,190.0,191.23,26956.0,
2026-09-09,PLASTIBLEN,191.59,193.42,187.2,189.3,13063.0,
2026-09-10,PLASTIBLEN,188.14,197.0,188.14,194.15,42721.0,
2026-09-11,PLASTIBLEN,194.4,195.04,186.73,192.78,28068.0,
2026-09-15,PLASTIBLEN,194.5,196.08,182.96,185.18,24239.0,
2026-09-16,PLASTIBLEN,183.6,188.09,180.86,182.75,12425.0,
2026-09-17,PLASTIBLEN,183.56,189.58,182.97,184.45,14285.0,
2026-09-18,PLASTIBLEN,187.5,187.92,185.75,186.63,5737.0,
2026-07-16,SANDUMA,201.61,201.7,197.75,198.91,481185.0,
2026-07-17,SANDUMA,199.87,199.87,193.57,195.9,809518.0,
2026-07-20,SANDUMA,195.9,198.7,192.21,193.84,892126.0,
2026-07-21,SANDUMA,193.96,198.86,193.0,197.84,533287.0,
2026-07-22,SANDUMA,197.98,198.78,193.5,194.94,407451.0,
2026-07-23,SANDUMA,193.94,197.36,193.73,194.52,581141.0,
2026-07-24,SANDUMA,193.36,195.91,191.0,195.04,374296.0,
2026-07-27,SANDUMA,195.15,200.69,195.15,198.15,457227.0,
2026-07-28,SANDUMA,198.0,203.2,196.48,201.55,680556.0,
2026-07-29,SANDUMA,205.0,213.4,204.6,208.56,1993264.0,
2026-07-30,SANDUMA,209.0,218.25,208.25,213.88,2644630.0,
2026-07-31,SANDUMA,215.9,218.02,212.0,212.84,820754.0,
2026-08-03,SANDUMA,214.0,215.86,210.5,212.05,507588.0,
2026-08-04,SANDUMA,212.07,214.05,209.05,210.98,516814.0,
2026-08-05,SANDUMA,212.95,215.1,210.1,214.15,672466.0,
2026-08-06,SANDUMA,216.0,217.1,212.1,213.88,870537.0,
2026-08-07,SANDUMA,213.88,216.48,204.7,205.37,1575057.0,
2026-08-10,SANDUMA,205.4,209.64,202.97,204.9,924941.0,
2026-08-11,SANDUMA,205.9,207.75,203.5,204.39,332474.0,
2026-08-12,SANDUMA,204.4,207.28,201.49,202.89,684005.0,
2026-08-13,SANDUMA,202.89,204.4,201.5,201.93,238458.0,
2026-08-14,SANDUMA,202.2,203.43,197.11,198.01,689151.0,
2026-08-17,SANDUMA,198.01,202.0,195.81,200.89,541280.0,
2026-08-18,SANDUMA,201.0,203.4,199.21,200.0,287962.0,
2026-08-19,SANDUMA,198.77,199.5,195.0,196.45,345453.0,
2026-08-20,SANDUMA,198.4,200.14,196.0,196.95,383955.0,
2026-08-21,SANDUMA,197.35,201.62,196.6,198.93,428622.0,
2026-08-24,SANDUMA,198.15,208.26,198.15,205.21,906743.0,
2026-08-25,SANDUMA,203.82,207.73,203.58,205.1,736690.0,
2026-08-26,SANDUMA,205.0,210.78,203.05,209.67,793435.0,
2026-08-28,SANDUMA,208.05,209.19,205.0,205.45,340342.0,
2026-08-31,SANDUMA,205.44,205.44,200.57,202.39,364416.0,
2026-09-01,SANDUMA,205.0,205.0,198.99,200.4,340989.0,
2026-09-02,SANDUMA,199.0,199.32,196.2,197.0,381024.0,
2026-09-03,SANDUMA,198.0,202.41,196.88,197.89,407132.0,
2026-09-04,SANDUMA,198.0,199.5,196.5,197.83,375487.0,
2026-09-07,SANDUMA,200.79,200.79,194.5,195.17,547791.0,
2026-09-08,SANDUMA,196.45,198.85,195.39,196.57,382799.0,
2026-09-09,SANDUMA,195.8,202.95,195.75,201.01,974554.0,
2026-09-10,SANDUMA,201.01,202.55,195.73,196.74,364928.0,
2026-09-11,SANDUMA,195.0,195.35,189.6,190.35,858154.0,
2026-09-15,SANDUMA,191.01,191.99,181.2,181.98,1127169.0,
2026-09-16,SANDUMA,182.34,183.49,178.2,180.6,619561.0,
2026-09-17,SANDUMA,180.6,183.78,180.6,182.53,389388.0,
2026-09-18,SANDUMA,183.2,186.25,183.0,185.4,462946.0,
2026-07-16,SENCO,374.75,376.9,364.4,365.5,952347.0,
2026-07-17,SENCO,365.1,366.0,355.0,364.55,883913.0,
2026-07-20,SENCO,364.0,373.8,362.95,366.0,810390.0,
2026-07-21,SENCO,367.65,379.0,365.75,377.8,1122896.0,
2026-07-22,SENCO,379.5,399.8,376.3,391.65,5477340.0,
2026-07-23,SENCO,393.0,398.4,384.0,386.25,1922627.0,
2026-07-24,SENCO,383.9,388.95,377.2,382.85,858782.0,
2026-07-27,SENCO,386.65,430.0,386.65,417.95,18605457.0,
2026-07-28,SENCO,420.9,420.9,408.2,418.65,3081645.0,
2026-07-29,SENCO,421.9,422.0,409.0,413.4,1867704.0,
2026-07-30,SENCO,412.95,412.95,403.0,404.85,1193415.0,
2026-07-31,SENCO,407.4,409.8,401.0,403.2,782575.0,
2026-08-03,SENCO,408.9,408.9,366.5,388.1,1410396.0,
2026-08-04,SENCO,384.0,395.0,378.4,387.9,1428731.0,
2026-08-05,SENCO,387.85,401.85,384.6,399.05,1552723.0,
2026-08-06,SENCO,400.0,406.7,382.2,391.6,1362727.0,
2026-08-07,SENCO,386.95,405.2,386.6,388.8,1637736.0,
2026-08-10,SENCO,395.0,406.0,392.9,398.85,1660781.0,
2026-08-11,SENCO,400.5,405.8,397.3,401.25,1263839.0,
2026-08-12,SENCO,376.0,379.45,343.0,345.65,7359766.0,
2026-08-13,SENCO,342.2,353.7,338.05,351.9,2618964.0,
2026-08-14,SENCO,353.0,353.9,340.05,341.85,1086724.0,
2026-08-17,SENCO,340.0,343.6,333.3,341.55,1100322.0,
2026-08-18,SENCO,341.9,343.9,335.75,336.75,622417.0,
2026-08-19,SENCO,335.0,338.35,329.05,331.6,618055.0,
2026-08-20,SENCO,335.45,340.4,333.05,336.3,867529.0,
2026-08-21,SENCO,338.5,348.2,336.0,345.4,1151008.0,
2026-08-24,SENCO,349.0,377.75,347.0,371.75,4898448.0,
2026-08-25,SENCO,372.0,373.85,364.4,368.65,1124170.0,
2026-08-26,SENCO,369.45,369.65,359.1,367.15,754754.0,
2026-08-28,SENCO,362.8,363.7,352.5,354.85,639082.0,
2026-08-31,SENCO,354.25,354.75,345.35,348.6,579076.0,
2026-09-01,SENCO,350.0,360.75,347.4,352.75,926985.0,
2026-09-02,SENCO,351.0,351.95,342.7,348.6,564599.0,
2026-09-03,SENCO,353.0,354.9,347.25,349.05,580287.0,
2026-09-04,SENCO,349.85,362.8,349.85,358.65,1141834.0,
2026-09-07,SENCO,357.4,368.75,356.6,365.1,1718666.0,
2026-09-08,SENCO,368.0,369.5,359.05,361.85,591895.0,
2026-09-09,SENCO,360.0,363.7,354.45,355.8,534010.0,
2026-09-10,SENCO,355.5,358.45,348.4,349.9,392329.0,
2026-09-11,SENCO,349.9,349.9,340.25,346.4,676349.0,
2026-09-15,SENCO,348.95,351.0,335.15,336.4,504318.0,
2026-09-16,SENCO,337.9,337.95,325.65,332.25,473765.0,
2026-09-17,SENCO,331.55,344.95,330.35,342.35,492434.0,
2026-09-18,SENCO,344.5,352.8,341.1,348.0,606311.0,
2026-07-16,SGIL,615.0,615.0,589.05,597.7,9253.0,
2026-07-17,SGIL,600.0,600.7,590.0,595.4,4354.0,
2026-07-20,SGIL,596.05,614.0,595.0,610.35,6975.0,
2026-07-21,SGIL,612.1,612.1,595.0,597.1,8038.0,
2026-07-22,SGIL,608.0,608.0,574.0,582.5,5894.0,
2026-07-23,SGIL,574.95,600.0,574.95,597.75,14828.0,
2026-07-24,SGIL,585.05,602.0,585.05,596.3,4731.0,
2026-07-27,SGIL,602.4,608.95,595.0,599.75,7999.0,
2026-07-28,SGIL,609.0,609.0,595.0,600.95,6992.0,
2026-07-29,SGIL,596.1,607.95,590.05,593.15,3947.0,
2026-07-30,SGIL,590.1,599.85,590.1,596.2,3538.0,
2026-07-31,SGIL,596.75,605.25,588.5,602.5,8758.0,
2026-08-03,SGIL,615.0,625.3,590.0,592.2,8367.0,
2026-08-04,SGIL,601.55,603.25,589.15,595.1,3691.0,
2026-08-05,SGIL,604.05,604.05,596.65,600.65,2684.0,
2026-08-06,SGIL,600.0,603.0,590.0,597.1,12068.0,
2026-08-07,SGIL,600.0,604.0,595.2,603.3,9026.0,
2026-08-10,SGIL,615.0,623.0,600.1,617.9,13818.0,
2026-08-11,SGIL,619.9,626.3,604.1,608.6,4069.0,
2026-08-12,SGIL,605.0,606.9,600.0,600.15,5343.0,
2026-08-13,SGIL,624.9,624.9,526.0,538.75,82482.0,
2026-08-14,SGIL,538.75,567.15,534.05,560.85,41218.0,
2026-08-17,SGIL,560.85,561.05,538.3,549.65,26164.0,
2026-08-18,SGIL,550.2,559.8,550.0,551.2,14203.0,
2026-08-19,SGIL,554.25,560.0,550.0,555.25,4996.0,
2026-08-20,SGIL,545.0,564.0,545.0,562.05,3017.0,
2026-08-21,SGIL,565.0,569.0,553.2,564.05,9769.0,
2026-08-24,SGIL,550.6,585.0,550.6,575.85,16792.0,
2026-08-25,SGIL,575.2,583.8,564.5,575.45,13932.0,
2026-08-26,SGIL,575.0,589.0,575.0,586.5,10310.0,
2026-08-28,SGIL,598.7,611.9,590.0,607.7,11281.0,
2026-08-31,SGIL,621.0,621.0,577.55,603.0,5022.0,
2026-09-01,SGIL,600.6,628.5,600.0,602.4,8195.0,
2026-09-02,SGIL,603.25,607.7,580.55,590.65,6679.0,
2026-09-03,SGIL,598.8,611.05,588.95,603.8,15558.0,
2026-09-04,SGIL,612.85,612.85,600.0,606.2,4698.0,
2026-09-07,SGIL,610.0,610.0,600.0,600.85,3866.0,
2026-09-08,SGIL,605.5,606.55,585.05,588.5,16342.0,
2026-09-09,SGIL,597.9,609.0,578.7,600.55,10782.0,
2026-09-10,SGIL,600.55,606.4,600.0,602.0,3236.0,
2026-09-11,SGIL,590.8,602.45,590.0,592.2,8771.0,
2026-09-15,SGIL,592.2,608.0,586.0,590.9,16573.0,
2026-09-16,SGIL,585.0,594.2,565.9,581.5,5232.0,
2026-09-17,SGIL,606.35,606.6,583.1,592.35,4910.0,
2026-09-18,SGIL,582.45,606.35,582.45,589.3,2487.0,
2026-07-16,SIGIND,46.98,47.46,45.08,46.13,15614.0,
2026-07-17,SIGIND,46.36,46.94,45.55,46.23,3895.0,
2026-07-20,SIGIND,47.39,47.39,45.45,46.04,5336.0,
2026-07-21,SIGIND,46.04,46.94,43.71,44.47,17179.0,
2026-07-22,SIGIND,44.47,45.9,44.0,44.35,13181.0,
2026-07-23,SIGIND,44.98,44.98,43.65,43.98,15626.0,
2026-07-24,SIGIND,45.45,45.45,43.2,44.57,13210.0,
2026-07-27,SIGIND,45.39,46.97,44.5,45.78,10379.0,
2026-07-28,SIGIND,45.75,46.71,45.0,45.78,4475.0,
2026-07-29,SIGIND,46.75,50.4,45.22,49.43,55389.0,
2026-07-30,SIGIND,49.6,50.99,48.21,49.39,77130.0,
2026-07-31,SIGIND,49.67,53.0,49.0,52.31,58056.0,
2026-08-03,SIGIND,53.41,58.5,51.1,55.93,98549.0,
2026-08-04,SIGIND,55.35,57.57,54.56,56.96,122854.0,
2026-08-05,SIGIND,58.57,62.15,57.8,61.4,160438.0,
2026-08-06,SIGIND,61.4,73.0,61.31,70.03,637807.0,
2026-08-07,SIGIND,69.9,74.95,65.35,67.79,376652.0,
2026-08-10,SIGIND,68.12,73.0,68.0,70.61,183028.0,
2026-08-11,SIGIND,69.5,73.5,69.5,71.49,128779.0,
2026-08-12,SIGIND,71.14,71.14,65.65,68.46,110819.0,
2026-08-13,SIGIND,69.99,71.94,68.12,68.58,73691.0,
2026-08-14,SIGIND,69.99,70.05,65.88,66.32,46143.0,
2026-08-17,SIGIND,68.5,72.0,66.02,71.15,65154.0,
2026-08-18,SIGIND,70.85,71.5,65.32,66.85,95414.0,
2026-08-19,SIGIND,68.89,70.9,67.0,70.32,51801.0,
2026-08-20,SIGIND,70.98,73.8,69.71,73.29,101314.0,
2026-08-21,SIGIND,74.99,74.99,71.11,72.26,31010.0,
2026-08-24,SIGIND,72.5,74.73,67.55,68.55,40106.0,
2026-08-25,SIGIND,69.99,70.8,66.0,69.29,20677.0,
2026-08-26,SIGIND,69.98,71.9,68.0,71.02,29878.0,
2026-08-28,SIGIND,72.5,72.5,68.51,71.74,17670.0,
2026-08-31,SIGIND,71.73,71.73,69.0,70.63,4449.0,
2026-09-01,SIGIND,69.01,71.99,68.12,70.09,11512.0,
2026-09-02,SIGIND,68.8,72.5,68.8,71.58,26413.0,
2026-09-03,SIGIND,71.99,72.49,69.05,71.14,15643.0,
2026-09-04,SIGIND,72.45,72.45,69.01,70.37,3242.0,
2026-09-07,SIGIND,70.37,70.37,66.86,66.91,16343.0,
2026-09-08,SIGIND,66.91,70.25,66.58,69.88,19947.0,
2026-09-09,SIGIND,70.99,72.0,68.0,70.52,17737.0,
2026-09-10,SIGIND,72.4,72.4,68.0,71.12,44815.0,
2026-09-11,SIGIND,70.01,71.9,67.71,70.79,28521.0,
2026-09-15,SIGIND,71.0,71.97,68.01,68.99,11166.0,
2026-09-16,SIGIND,71.8,71.8,67.5,67.94,3919.0,
2026-09-17,SIGIND,67.94,69.9,65.12,67.96,12154.0,
2026-09-18,SIGIND,71.3,71.3,69.0,69.99,11347.0,
2026-07-16,SILVERTUC,198.26,199.89,191.0,195.96,366608.0,
2026-07-17,SILVERTUC,198.0,199.79,189.0,197.72,583223.0,
2026-07-20,SILVERTUC,198.8,202.49,190.6,194.24,361515.0,
2026-07-21,SILVERTUC,195.0,198.88,191.0,194.21,227273.0,
2026-07-22,SILVERTUC,194.54,201.55,192.1,195.93,303960.0,
2026-07-23,SILVERTUC,196.9,202.17,191.01,191.99,335024.0,
2026-07-24,SILVERTUC,192.22,201.5,187.77,200.14,428954.0,
2026-07-27,SILVERTUC,207.0,208.99,198.14,202.42,498869.0,
2026-07-28,SILVERTUC,203.9,209.8,201.63,204.66,342455.0,
2026-07-29,SILVERTUC,208.5,211.5,199.33,209.99,713084.0,
2026-07-30,SILVERTUC,211.03,216.8,203.4,206.8,1089247.0,
2026-07-31,SILVERTUC,207.84,215.65,199.4,201.79,1957253.0,
2026-08-03,SILVERTUC,202.0,207.7,192.25,197.38,699145.0,
2026-08-04,SILVERTUC,197.99,202.6,191.3,193.54,389873.0,
2026-08-05,SILVERTUC,195.5,195.51,188.51,191.86,481752.0,
2026-08-06,SILVERTUC,192.0,196.1,189.54,193.6,720934.0,
2026-08-07,SILVERTUC,193.9,201.5,193.0,195.88,458422.0,
2026-08-10,SILVERTUC,195.88,206.5,195.08,203.18,574745.0,
2026-08-11,SILVERTUC,206.0,210.0,205.0,206.52,509162.0,
2026-08-12,SILVERTUC,207.11,208.76,203.0,205.88,490828.0,
2026-08-13,SILVERTUC,206.47,209.0,203.3,206.32,344944.0,
2026-08-14,SILVERTUC,206.32,214.5,205.63,209.29,593952.0,
2026-08-17,SILVERTUC,210.0,213.0,191.15,197.27,686481.0,
2026-08-18,SILVERTUC,194.33,197.0,192.1,195.47,328326.0,
2026-08-19,SILVERTUC,195.0,199.0,192.75,196.52,361130.0,
2026-08-20,SILVERTUC,197.9,197.9,193.05,195.33,362021.0,
2026-08-21,SILVERTUC,194.0,196.8,184.1,185.94,457245.0,
2026-08-24,SILVERTUC,185.11,188.8,177.62,180.13,515595.0,
2026-08-25,SILVERTUC,180.19,183.4,173.11,181.64,527452.0,
2026-08-26,SILVERTUC,184.86,184.88,175.5,178.96,390206.0,
2026-08-28,SILVERTUC,177.52,184.0,176.5,178.22,402133.0,
2026-08-31,SILVERTUC,178.22,182.0,168.25,172.27,602062.0,
2026-09-01,SILVERTUC,173.0,179.19,169.07,171.12,565150.0,
2026-09-02,SILVERTUC,171.5,175.74,169.22,173.81,385462.0,
2026-09-03,SILVERTUC,177.0,181.0,165.1,169.72,654744.0,
2026-09-04,SILVERTUC,169.38,170.4,166.68,167.97,373676.0,
2026-09-07,SILVERTUC,167.48,168.39,161.34,163.56,377764.0,
2026-09-08,SILVERTUC,163.5,165.21,160.2,161.1,413174.0,
2026-09-09,SILVERTUC,161.0,165.65,157.99,159.96,418255.0,
2026-09-10,SILVERTUC,161.1,161.1,143.97,152.0,2242513.0,
2026-09-11,SILVERTUC,151.15,157.59,150.0,152.49,529921.0,
2026-09-15,SILVERTUC,155.98,157.9,146.12,149.66,420284.0,
2026-09-16,SILVERTUC,151.7,157.0,148.85,153.05,370310.0,
2026-09-17,SILVERTUC,153.05,155.57,148.2,149.08,290398.0,
2026-09-18,SILVERTUC,149.08,149.09,144.4,146.28,310512.0,
2026-07-16,SINCLAIR,76.21,77.6,74.55,75.3,37627.0,
2026-07-17,SINCLAIR,75.0,76.49,74.22,74.64,22903.0,
2026-07-20,SINCLAIR,75.11,75.79,73.41,74.07,24187.0,
2026-07-21,SINCLAIR,74.11,75.99,74.08,74.49,16060.0,
2026-07-22,SINCLAIR,75.5,75.96,73.24,74.29,10827.0,
2026-07-23,SINCLAIR,74.47,74.5,73.4,73.93,4970.0,
2026-07-24,SINCLAIR,74.45,74.96,73.0,74.77,12355.0,
2026-07-27,SINCLAIR,75.5,75.94,73.05,73.65,25889.0,
2026-07-28,SINCLAIR,74.0,74.69,73.12,73.58,14075.0,
2026-07-29,SINCLAIR,73.69,74.99,73.02,74.15,13498.0,
2026-07-30,SINCLAIR,74.01,74.79,73.31,73.76,11946.0,
2026-07-31,SINCLAIR,73.99,74.17,71.41,72.86,17013.0,
2026-08-03,SINCLAIR,71.61,75.45,71.61,74.69,29359.0,
2026-08-04,SINCLAIR,75.0,75.79,72.81,74.03,11487.0,
2026-08-05,SINCLAIR,74.54,75.49,73.05,74.77,22966.0,
2026-08-06,SINCLAIR,74.32,81.61,73.78,76.59,180216.0,
2026-08-07,SINCLAIR,79.8,79.8,75.51,77.03,43164.0,
2026-08-10,SINCLAIR,78.8,78.8,76.41,76.98,10850.0,
2026-08-11,SINCLAIR,77.0,77.98,76.21,77.6,15312.0,
2026-08-12,SINCLAIR,76.52,77.87,76.52,77.0,8944.0,
2026-08-13,SINCLAIR,75.5,77.65,75.5,76.11,4839.0,
2026-08-14,SINCLAIR,76.11,77.43,74.05,74.58,12369.0,
2026-08-17,SINCLAIR,74.65,76.7,73.61,74.64,8410.0,
2026-08-18,SINCLAIR,74.72,75.87,74.5,74.98,11794.0,
2026-08-19,SINCLAIR,74.36,75.86,74.36,75.22,14379.0,
2026-08-20,SINCLAIR,76.0,76.38,74.02,75.37,21656.0,
2026-08-21,SINCLAIR,75.15,76.0,73.84,74.43,18220.0,
2026-08-24,SINCLAIR,75.0,78.58,75.0,75.32,28512.0,
2026-08-25,SINCLAIR,75.16,76.79,74.11,74.59,6856.0,
2026-08-26,SINCLAIR,75.8,78.5,74.52,74.86,19034.0,
2026-08-28,SINCLAIR,80.99,83.02,78.12,81.51,80303.0,
2026-08-31,SINCLAIR,82.01,84.0,80.0,82.38,38575.0,
2026-09-01,SINCLAIR,81.65,85.1,80.11,82.91,33445.0,
2026-09-02,SINCLAIR,82.1,84.5,82.1,82.67,41291.0,
2026-09-03,SINCLAIR,82.1,85.29,82.1,83.85,88131.0,
2026-09-04,SINCLAIR,84.0,84.75,82.6,83.5,26997.0,
2026-09-07,SINCLAIR,84.99,86.9,83.42,84.45,64110.0,
2026-09-08,SINCLAIR,86.0,86.79,83.56,84.03,45494.0,
2026-09-09,SINCLAIR,84.0,84.79,81.38,82.96,54639.0,
2026-09-10,SINCLAIR,82.0,83.69,80.36,81.58,20693.0,
2026-09-11,SINCLAIR,80.04,81.58,79.62,80.28,17030.0,
2026-09-15,SINCLAIR,80.0,81.0,78.1,78.41,46998.0,
2026-09-16,SINCLAIR,78.51,79.9,77.1,77.92,22330.0,
2026-09-17,SINCLAIR,77.93,78.96,77.42,77.56,9862.0,
2026-09-18,SINCLAIR,78.87,84.39,78.55,81.93,60387.0,
2026-07-16,SRGHFL,317.9,317.9,304.0,307.15,406.0,
2026-07-17,SRGHFL,300.0,312.85,300.0,312.7,91.0,
2026-07-20,SRGHFL,307.0,314.8,300.0,305.0,5758.0,
2026-07-21,SRGHFL,305.0,314.0,305.0,305.1,102.0,
2026-07-22,SRGHFL,307.1,315.15,305.0,307.0,941.0,
2026-07-23,SRGHFL,304.05,312.8,304.05,305.65,4625.0,
2026-07-24,SRGHFL,303.25,335.0,303.25,309.5,37144.0,
2026-07-27,SRGHFL,308.0,318.35,303.1,309.1,2075.0,
2026-07-28,SRGHFL,312.95,317.1,303.1,311.6,22049.0,
2026-07-29,SRGHFL,307.2,319.0,287.0,293.5,44087.0,
2026-07-30,SRGHFL,285.0,304.55,281.1,292.2,17506.0,
2026-07-31,SRGHFL,292.2,300.05,292.2,293.2,1244.0,
2026-08-03,SRGHFL,293.25,300.05,288.0,299.7,8457.0,
2026-08-04,SRGHFL,308.8,308.85,291.65,294.45,1868.0,
2026-08-05,SRGHFL,292.15,299.8,285.1,290.0,10386.0,
2026-08-06,SRGHFL,287.0,296.0,287.0,291.75,4703.0,
2026-08-07,SRGHFL,283.25,294.9,283.25,287.1,555.0,
2026-08-10,SRGHFL,285.7,292.35,284.45,287.05,317.0,
2026-08-11,SRGHFL,287.05,287.05,262.15,272.1,35543.0,
2026-08-12,SRGHFL,277.0,281.75,273.05,274.05,491.0,
2026-08-13,SRGHFL,278.0,283.05,275.0,275.0,394.0,
2026-08-14,SRGHFL,277.25,282.15,262.55,266.8,2141.0,
2026-08-17,SRGHFL,266.6,273.0,266.3,266.35,352.0,
2026-08-18,SRGHFL,266.0,268.6,255.05,259.1,4714.0,
2026-08-19,SRGHFL,260.0,265.0,260.0,260.1,99.0,
2026-08-20,SRGHFL,265.0,265.0,262.0,262.45,538.0,
2026-08-21,SRGHFL,264.15,278.0,260.0,264.25,2213.0,
2026-08-24,SRGHFL,261.6,267.0,255.35,256.0,2652.0,
2026-08-25,SRGHFL,260.0,264.9,255.1,256.6,1244.0,
2026-08-26,SRGHFL,259.55,260.05,259.55,260.0,460.0,
2026-08-28,SRGHFL,260.05,260.05,253.5,254.9,1365.0,
2026-08-31,SRGHFL,256.05,259.9,255.6,259.35,901.0,
2026-09-01,SRGHFL,255.15,263.5,255.15,255.6,275.0,
2026-09-02,SRGHFL,254.1,258.0,246.1,246.85,1741.0,
2026-09-03,SRGHFL,247.05,250.0,243.85,249.7,2157.0,
2026-09-04,SRGHFL,249.7,261.0,241.0,245.45,3956.0,
2026-09-07,SRGHFL,258.0,258.0,240.9,245.85,1647.0,
2026-09-08,SRGHFL,242.1,243.75,233.1,236.65,1881.0,
2026-09-09,SRGHFL,244.9,244.9,233.0,243.75,5845.0,
2026-09-10,SRGHFL,195.0,224.85,195.0,195.0,126947.0,
2026-09-11,SRGHFL,156.0,156.0,156.0,156.0,11743.0,
2026-09-15,SRGHFL,140.4,140.4,140.4,140.4,66874.0,
2026-09-16,SRGHFL,126.4,138.2,126.4,126.4,350276.0,
2026-09-17,SRGHFL,120.0,132.0,118.6,126.65,106102.0,
2026-09-18,SRGHFL,132.05,132.85,127.05,128.15,45678.0,
2026-07-16,SRHHYPOLTD,492.2,496.9,490.0,491.75,3080.0,
2026-07-17,SRHHYPOLTD,491.65,497.9,486.15,490.95,2474.0,
2026-07-20,SRHHYPOLTD,485.25,492.0,483.0,486.05,4666.0,
2026-07-21,SRHHYPOLTD,489.8,494.9,484.6,488.8,5410.0,
2026-07-22,SRHHYPOLTD,488.6,491.85,484.15,484.6,1517.0,
2026-07-23,SRHHYPOLTD,487.4,490.95,480.0,482.0,2935.0,
2026-07-24,SRHHYPOLTD,480.0,482.1,475.1,477.85,4090.0,
2026-07-27,SRHHYPOLTD,481.4,497.6,481.4,487.1,2326.0,
2026-07-28,SRHHYPOLTD,490.8,493.9,480.2,483.0,4437.0,
2026-07-29,SRHHYPOLTD,483.2,496.75,480.0,481.45,3093.0,
2026-07-30,SRHHYPOLTD,475.5,487.9,475.5,486.5,1801.0,
2026-07-31,SRHHYPOLTD,487.65,491.0,482.2,484.4,1152.0,
2026-08-03,SRHHYPOLTD,484.0,502.5,484.0,494.1,5423.0,
2026-08-04,SRHHYPOLTD,494.05,494.05,483.1,486.7,7152.0,
2026-08-05,SRHHYPOLTD,489.8,495.2,485.6,488.15,3157.0,
2026-08-06,SRHHYPOLTD,493.5,518.2,493.5,512.65,22054.0,
2026-08-07,SRHHYPOLTD,515.0,521.0,508.0,517.45,16562.0,
2026-08-10,SRHHYPOLTD,505.0,521.9,493.1,498.35,9085.0,
2026-08-11,SRHHYPOLTD,499.55,507.9,486.1,500.95,13055.0,
2026-08-12,SRHHYPOLTD,511.0,511.0,493.0,502.0,21324.0,
2026-08-13,SRHHYPOLTD,501.9,505.65,489.2,494.1,10446.0,
2026-08-14,SRHHYPOLTD,498.1,505.3,496.1,496.55,8658.0,
2026-08-17,SRHHYPOLTD,500.2,500.2,492.6,496.05,8874.0,
2026-08-18,SRHHYPOLTD,496.05,498.6,486.0,487.15,8821.0,
2026-08-19,SRHHYPOLTD,489.8,490.7,477.1,479.2,7779.0,
2026-08-20,SRHHYPOLTD,479.15,485.45,471.5,473.2,10656.0,
2026-08-21,SRHHYPOLTD,473.0,479.7,471.55,473.15,11011.0,
2026-08-24,SRHHYPOLTD,476.6,483.3,472.9,476.9,9947.0,
2026-08-25,SRHHYPOLTD,480.0,480.4,470.05,471.9,7472.0,
2026-08-26,SRHHYPOLTD,475.4,482.9,470.05,470.95,15143.0,
2026-08-28,SRHHYPOLTD,472.8,480.45,468.05,473.95,7101.0,
2026-08-31,SRHHYPOLTD,474.0,504.6,474.0,501.55,39367.0,
2026-09-01,SRHHYPOLTD,506.7,506.75,490.85,494.45,11022.0,
2026-09-02,SRHHYPOLTD,494.3,500.0,489.8,498.2,7917.0,
2026-09-03,SRHHYPOLTD,501.2,513.0,496.1,508.9,22896.0,
2026-09-04,SRHHYPOLTD,512.95,542.0,507.1,531.05,49199.0,
2026-09-07,SRHHYPOLTD,535.5,542.25,530.0,531.6,13332.0,
2026-09-08,SRHHYPOLTD,525.1,540.0,525.1,527.9,13080.0,
2026-09-09,SRHHYPOLTD,528.0,537.5,527.05,531.9,14320.0,
2026-09-10,SRHHYPOLTD,533.3,534.55,514.0,517.1,18403.0,
2026-09-11,SRHHYPOLTD,524.4,528.1,518.5,523.8,18998.0,
2026-09-15,SRHHYPOLTD,523.5,535.0,488.0,497.4,59413.0,
2026-09-16,SRHHYPOLTD,507.0,512.75,490.2,509.7,17233.0,
2026-09-17,SRHHYPOLTD,510.0,520.0,509.95,517.6,19885.0,
2026-09-18,SRHHYPOLTD,521.0,525.05,519.8,523.1,26767.0,
2026-07-16,STEL,556.0,570.45,555.0,557.7,1677.0,
2026-07-17,STEL,553.3,565.7,531.05,555.5,1463.0,
2026-07-20,STEL,555.2,556.95,540.05,552.7,3708.0,
2026-07-21,STEL,555.45,562.95,550.1,553.4,1620.0,
2026-07-22,STEL,566.95,567.0,540.0,541.75,4277.0,
2026-07-23,STEL,535.0,556.0,520.05,547.45,2686.0,
2026-07-24,STEL,547.7,559.95,532.8,555.55,1765.0,
2026-07-27,STEL,555.3,565.1,546.95,558.6,2644.0,
2026-07-28,STEL,564.6,565.0,550.05,553.4,1982.0,
2026-07-29,STEL,560.0,561.9,550.0,551.25,1761.0,
2026-07-30,STEL,540.1,565.7,540.1,560.05,6617.0,
2026-07-31,STEL,579.9,580.25,567.2,574.85,2844.0,
2026-08-03,STEL,580.0,580.0,562.35,565.75,1833.0,
2026-08-04,STEL,557.3,579.2,557.3,561.9,1766.0,
2026-08-05,STEL,563.45,566.95,555.3,559.05,508.0,
2026-08-06,STEL,558.25,571.1,553.15,564.1,2419.0,
2026-08-07,STEL,566.5,566.5,551.3,552.95,1219.0,
2026-08-10,STEL,546.05,556.2,531.1,535.55,2532.0,
2026-08-11,STEL,530.0,542.05,525.3,534.65,2884.0,
2026-08-12,STEL,543.0,544.7,534.0,538.95,1726.0,
2026-08-13,STEL,538.0,565.95,535.55,560.4,3048.0,
2026-08-14,STEL,566.0,584.0,557.9,581.2,5622.0,
2026-08-17,STEL,583.9,593.0,569.9,591.4,4701.0,
2026-08-18,STEL,591.4,595.0,570.0,586.1,6585.0,
2026-08-19,STEL,575.0,592.45,575.0,581.0,3435.0,
2026-08-20,STEL,591.1,591.1,581.5,584.35,2076.0,
2026-08-21,STEL,587.25,618.0,580.15,611.05,8849.0,
2026-08-24,STEL,618.9,625.2,600.0,617.6,15077.0,
2026-08-25,STEL,625.0,625.0,605.05,613.4,1636.0,
2026-08-26,STEL,622.6,628.85,603.65,619.7,5671.0,
2026-08-28,STEL,622.85,645.0,617.75,636.9,5706.0,
2026-08-31,STEL,636.9,689.95,628.1,661.2,19646.0,
2026-09-01,STEL,650.0,680.0,620.1,623.1,8483.0,
2026-09-02,STEL,631.55,631.55,598.0,601.45,2919.0,
2026-09-03,STEL,629.9,629.9,602.3,606.95,1610.0,
2026-09-04,STEL,615.05,616.0,598.2,607.9,3953.0,
2026-09-07,STEL,590.0,609.95,590.0,596.7,3622.0,
2026-09-08,STEL,615.1,615.1,597.2,601.4,2050.0,
2026-09-09,STEL,605.15,607.6,577.6,590.0,4063.0,
2026-09-10,STEL,579.2,603.75,579.2,590.2,4036.0,
2026-09-11,STEL,604.0,620.6,589.0,611.1,4670.0,
2026-09-15,STEL,611.1,611.1,581.5,597.9,3096.0,
2026-09-16,STEL,597.05,605.0,596.0,602.05,4630.0,
2026-09-17,STEL,602.05,637.8,602.05,631.9,5198.0,
2026-09-18,STEL,657.0,658.15,631.95,654.2,12670.0,
2026-07-16,STUDDS,450.55,465.0,446.1,456.25,122035.0,
2026-07-17,STUDDS,456.3,461.0,445.9,451.25,147098.0,
2026-07-20,STUDDS,451.25,452.65,447.1,449.9,21917.0,
2026-07-21,STUDDS,452.0,452.25,445.85,447.3,24514.0,
2026-07-22,STUDDS,447.3,449.85,442.4,444.85,25710.0,
2026-07-23,STUDDS,442.0,448.35,442.0,442.6,12988.0,
2026-07-24,STUDDS,442.6,460.0,438.6,450.6,41021.0,
2026-07-27,STUDDS,454.95,456.6,443.0,444.2,50266.0,
2026-07-28,STUDDS,444.0,446.75,440.0,440.95,16943.0,
2026-07-29,STUDDS,441.0,448.35,441.0,443.0,22818.0,
2026-07-30,STUDDS,441.9,451.7,435.35,441.2,56026.0,
2026-07-31,STUDDS,441.0,444.0,438.05,440.15,23567.0,
2026-08-03,STUDDS,442.6,457.0,442.6,447.95,44287.0,
2026-08-04,STUDDS,453.8,453.8,443.5,445.6,25333.0,
2026-08-05,STUDDS,451.95,451.95,438.5,439.5,51459.0,
2026-08-06,STUDDS,442.8,458.95,440.65,446.55,67958.0,
2026-08-07,STUDDS,451.0,451.0,435.0,438.75,66634.0,
2026-08-10,STUDDS,428.0,441.4,422.7,432.25,161949.0,
2026-08-11,STUDDS,432.25,441.25,412.3,421.4,146823.0,
2026-08-12,STUDDS,421.0,424.4,416.8,420.55,34475.0,
2026-08-13,STUDDS,423.95,438.0,420.7,434.05,50342.0,
2026-08-14,STUDDS,437.25,437.25,424.0,425.25,25634.0,
2026-08-17,STUDDS,427.5,454.5,424.1,448.05,220801.0,
2026-08-18,STUDDS,450.0,451.45,443.6,449.0,56142.0,
2026-08-19,STUDDS,443.95,448.7,443.85,448.0,33983.0,
2026-08-20,STUDDS,445.9,449.9,444.5,448.0,18024.0,
2026-08-21,STUDDS,448.0,453.25,444.15,450.15,28108.0,
2026-08-24,STUDDS,450.15,451.85,436.8,450.0,64966.0,
2026-08-25,STUDDS,446.65,452.0,446.5,450.75,29823.0,
2026-08-26,STUDDS,449.15,455.0,447.05,451.35,17926.0,
2026-08-28,STUDDS,448.85,452.95,440.05,450.0,18936.0,
2026-08-31,STUDDS,444.65,450.9,443.35,445.0,23747.0,
2026-09-01,STUDDS,441.2,448.0,438.05,441.3,69776.0,
2026-09-02,STUDDS,436.95,441.3,428.9,433.4,60119.0,
2026-09-03,STUDDS,433.0,435.25,425.65,426.95,18826.0,
2026-09-04,STUDDS,431.35,431.35,422.7,424.2,34112.0,
2026-09-07,STUDDS,426.75,438.0,418.0,419.95,80163.0,
2026-09-08,STUDDS,419.95,429.95,418.85,421.85,53941.0,
2026-09-09,STUDDS,421.85,424.0,410.0,414.6,46514.0,
2026-09-10,STUDDS,417.3,421.0,414.0,418.4,46750.0,
2026-09-11,STUDDS,417.95,424.2,410.0,418.65,44136.0,
2026-09-15,STUDDS,420.0,422.05,410.0,410.7,20247.0,
2026-09-16,STUDDS,411.0,418.0,402.55,404.85,50715.0,
2026-09-17,STUDDS,409.95,413.45,403.5,404.35,14567.0,
2026-09-18,STUDDS,408.8,410.1,402.75,407.1,21853.0,
2026-07-16,TAINWALCHM,216.54,231.45,214.8,220.15,33376.0,
2026-07-17,TAINWALCHM,216.1,221.98,213.2,215.64,11013.0,
2026-07-20,TAINWALCHM,220.0,224.77,210.2,211.81,14311.0,
2026-07-21,TAINWALCHM,215.0,215.0,205.0,207.65,5884.0,
2026-07-22,TAINWALCHM,211.9,211.9,201.61,203.11,7356.0,
2026-07-23,TAINWALCHM,204.12,208.0,201.0,202.92,2113.0,
2026-07-24,TAINWALCHM,197.52,205.0,197.52,201.87,2745.0,
2026-07-27,TAINWALCHM,203.21,208.67,203.0,204.11,1581.0,
2026-07-28,TAINWALCHM,206.8,207.98,196.37,199.81,4556.0,
2026-07-29,TAINWALCHM,203.6,203.6,194.99,196.2,4382.0,
2026-07-30,TAINWALCHM,196.2,202.51,196.2,199.79,2993.0,
2026-07-31,TAINWALCHM,199.16,201.26,196.05,197.14,1173.0,
2026-08-03,TAINWALCHM,195.01,217.8,195.01,206.82,20128.0,
2026-08-04,TAINWALCHM,210.49,212.5,203.15,207.41,1306.0,
2026-08-05,TAINWALCHM,210.0,225.0,205.0,220.58,13458.0,
2026-08-06,TAINWALCHM,219.49,219.5,205.0,206.16,13856.0,
2026-08-07,TAINWALCHM,207.0,209.96,205.0,207.5,4292.0,
2026-08-10,TAINWALCHM,207.0,207.06,202.42,203.27,3919.0,
2026-08-11,TAINWALCHM,201.0,204.9,201.0,203.21,3689.0,
2026-08-12,TAINWALCHM,201.05,207.0,199.0,203.94,4404.0,
2026-08-13,TAINWALCHM,206.99,206.99,201.02,203.28,2049.0,
2026-08-14,TAINWALCHM,202.95,212.76,202.94,205.78,11171.0,
2026-08-17,TAINWALCHM,209.5,211.0,203.98,208.5,10670.0,
2026-08-18,TAINWALCHM,210.58,217.18,207.2,214.72,5834.0,
2026-08-19,TAINWALCHM,214.72,221.45,210.0,218.22,6970.0,
2026-08-20,TAINWALCHM,222.1,238.9,212.3,223.76,64173.0,
2026-08-21,TAINWALCHM,226.4,232.8,212.65,216.67,5263.0,
2026-08-24,TAINWALCHM,216.67,220.9,214.0,218.11,4985.0,
2026-08-25,TAINWALCHM,220.0,220.0,211.0,212.6,3701.0,
2026-08-26,TAINWALCHM,219.0,219.0,211.64,216.7,1618.0,
2026-08-28,TAINWALCHM,212.68,215.9,210.0,213.0,2176.0,
2026-08-31,TAINWALCHM,215.7,215.7,209.0,209.94,914.0,
2026-09-01,TAINWALCHM,209.15,214.0,205.15,207.76,2735.0,
2026-09-02,TAINWALCHM,210.04,212.5,206.1,207.48,2536.0,
2026-09-03,TAINWALCHM,208.0,210.0,207.25,207.63,653.0,
2026-09-04,TAINWALCHM,207.63,215.5,207.6,213.71,1124.0,
2026-09-07,TAINWALCHM,216.83,216.83,206.35,208.48,4163.0,
2026-09-08,TAINWALCHM,207.44,218.0,207.44,212.34,2390.0,
2026-09-09,TAINWALCHM,212.34,216.0,209.0,209.11,2674.0,
2026-09-10,TAINWALCHM,209.0,213.5,207.0,210.02,3826.0,
2026-09-11,TAINWALCHM,212.0,212.0,207.01,207.79,258.0,
2026-09-15,TAINWALCHM,214.0,214.0,205.0,205.0,6228.0,
2026-09-16,TAINWALCHM,205.01,210.49,205.0,209.09,2499.0,
2026-09-17,TAINWALCHM,205.37,213.7,205.37,210.04,5026.0,
2026-09-18,TAINWALCHM,208.0,215.0,208.0,213.11,2239.0,
2026-07-16,THANGAMAYL,6650.5,6655.0,6355.0,6377.0,110911.0,
2026-07-17,THANGAMAYL,6433.0,6500.0,6139.0,6436.0,189280.0,
2026-07-20,THANGAMAYL,6454.5,6564.0,6315.5,6385.5,113603.0,
2026-07-21,THANGAMAYL,6410.5,6593.0,6399.0,6453.0,126973.0,
2026-07-22,THANGAMAYL,6489.5,6560.0,6346.0,6476.0,103870.0,
2026-07-23,THANGAMAYL,6493.5,7035.0,6450.5,6871.0,424760.0,
2026-07-24,THANGAMAYL,6849.0,7015.0,6742.0,6906.5,180944.0,
2026-07-27,THANGAMAYL,6999.0,7344.5,6915.5,7309.5,301466.0,
2026-07-28,THANGAMAYL,7346.0,7430.0,7100.0,7168.5,225099.0,
2026-07-29,THANGAMAYL,7229.0,7229.0,6452.0,6452.0,755621.0,
2026-07-30,THANGAMAYL,6100.0,6120.0,5807.0,5807.0,334882.0,
2026-07-31,THANGAMAYL,5450.0,5450.0,5226.5,5226.5,748277.0,
2026-08-03,THANGAMAYL,5175.0,5175.0,4965.5,4965.5,358583.0,
2026-08-04,THANGAMAYL,4717.5,4898.0,4717.5,4717.5,807489.0,
2026-08-05,THANGAMAYL,4800.0,4953.0,4611.0,4953.0,555434.0,
2026-08-06,THANGAMAYL,4989.5,5200.0,4953.0,5144.0,517167.0,
2026-08-07,THANGAMAYL,5195.0,5290.0,5156.5,5275.0,213017.0,
2026-08-10,THANGAMAYL,5328.0,5435.0,5251.5,5349.0,156800.0,
2026-08-11,THANGAMAYL,5400.0,5430.0,5151.0,5228.0,145780.0,
2026-08-12,THANGAMAYL,5236.5,5390.0,5235.0,5328.0,141031.0,
2026-08-13,THANGAMAYL,5360.0,5365.0,5231.5,5270.0,64379.0,
2026-08-14,THANGAMAYL,5250.0,5470.0,5204.0,5427.0,112108.0,
2026-08-17,THANGAMAYL,5454.0,5480.0,5286.0,5336.5,85919.0,
2026-08-18,THANGAMAYL,5328.0,5499.0,5321.0,5481.5,92660.0,
2026-08-19,THANGAMAYL,5485.0,5544.0,5399.0,5514.5,82597.0,
2026-08-20,THANGAMAYL,5521.5,5598.0,5440.0,5457.0,58274.0,
2026-08-21,THANGAMAYL,5473.0,5575.0,5420.0,5487.5,94120.0,
2026-08-24,THANGAMAYL,5524.0,5722.5,5476.5,5493.5,163941.0,
2026-08-25,THANGAMAYL,5509.5,5565.0,5380.0,5397.0,77429.0,
2026-08-26,THANGAMAYL,5439.5,5517.0,5401.0,5495.5,59999.0,
2026-08-28,THANGAMAYL,5502.0,5563.5,5373.5,5440.5,280954.0,
2026-08-31,THANGAMAYL,5430.0,5464.5,5302.5,5412.0,89821.0,
2026-09-01,THANGAMAYL,5412.0,5470.0,5270.0,5311.5,72055.0,
2026-09-02,THANGAMAYL,5280.0,5430.0,5176.5,5238.0,116329.0,
2026-09-03,THANGAMAYL,5251.0,5341.5,5239.0,5295.0,61058.0,
2026-09-04,THANGAMAYL,5293.5,5351.5,5232.0,5332.0,65612.0,
2026-09-07,THANGAMAYL,5332.0,5505.0,5311.0,5474.0,93135.0,
2026-09-08,THANGAMAYL,5462.5,5507.0,5336.0,5366.5,54304.0,
2026-09-09,THANGAMAYL,5366.0,5366.0,5100.5,5118.0,89077.0,
2026-09-10,THANGAMAYL,5129.0,5178.0,5031.5,5081.5,90183.0,
2026-09-11,THANGAMAYL,5063.0,5158.0,5038.5,5126.0,79789.0,
2026-09-15,THANGAMAYL,5142.0,5148.5,4870.0,4912.0,100172.0,
2026-09-16,THANGAMAYL,4900.0,4950.0,4783.5,4927.0,93434.0,
2026-09-17,THANGAMAYL,4950.0,4950.0,4801.5,4811.0,49263.0,
2026-09-18,THANGAMAYL,4844.0,5051.5,4794.5,5044.5,386791.0,
2026-07-16,TIGERLOGS,32.98,33.39,32.4,32.94,4300.0,
2026-07-17,TIGERLOGS,32.9,32.99,32.11,32.55,8541.0,
2026-07-20,TIGERLOGS,32.84,32.93,31.5,32.14,20976.0,
2026-07-21,TIGERLOGS,32.49,32.49,31.32,31.55,16383.0,
2026-07-22,TIGERLOGS,32.18,32.47,30.55,31.3,12748.0,
2026-07-23,TIGERLOGS,30.66,31.28,30.66,30.96,6956.0,
2026-07-24,TIGERLOGS,30.81,31.6,30.5,31.4,14493.0,
2026-07-27,TIGERLOGS,31.25,32.6,31.25,31.85,10733.0,
2026-07-28,TIGERLOGS,31.85,32.39,30.65,31.13,25644.0,
2026-07-29,TIGERLOGS,31.12,31.9,29.75,30.01,138326.0,
2026-07-30,TIGERLOGS,30.01,30.01,28.83,28.98,85002.0,
2026-07-31,TIGERLOGS,29.5,29.5,28.17,28.37,72119.0,
2026-08-03,TIGERLOGS,28.89,29.4,27.33,27.44,207337.0,
2026-08-04,TIGERLOGS,27.86,27.86,26.77,26.81,131716.0,
2026-08-05,TIGERLOGS,27.1,27.4,25.9,25.99,201931.0,
2026-08-06,TIGERLOGS,26.2,27.15,25.99,26.57,270331.0,
2026-08-07,TIGERLOGS,26.92,27.69,25.8,27.49,594901.0,
2026-08-10,TIGERLOGS,27.49,27.88,26.49,26.54,97729.0,
2026-08-11,TIGERLOGS,26.67,26.98,25.8,25.99,113202.0,
2026-08-12,TIGERLOGS,26.38,26.78,25.03,25.88,125760.0,
2026-08-13,TIGERLOGS,25.87,25.87,25.31,25.49,134260.0,
2026-08-14,TIGERLOGS,25.95,25.95,25.1,25.46,396115.0,
2026-08-17,TIGERLOGS,25.96,27.4,25.06,27.08,1049551.0,
2026-08-18,TIGERLOGS,26.8,28.0,26.31,27.98,1144954.0,
2026-08-19,TIGERLOGS,29.18,29.18,28.26,28.98,479465.0,
2026-08-20,TIGERLOGS,29.13,29.86,29.0,29.41,450232.0,
2026-08-21,TIGERLOGS,29.14,30.87,29.14,30.31,604512.0,
2026-08-24,TIGERLOGS,30.45,30.51,28.38,29.5,290578.0,
2026-08-25,TIGERLOGS,29.99,30.8,29.0,30.5,132987.0,
2026-08-26,TIGERLOGS,30.01,32.45,28.58,29.54,437213.0,
2026-08-28,TIGERLOGS,30.09,30.39,29.0,29.45,92798.0,
2026-08-31,TIGERLOGS,28.65,29.63,28.06,28.26,67699.0,
2026-09-01,TIGERLOGS,28.43,28.89,27.62,28.15,52124.0,
2026-09-02,TIGERLOGS,28.15,28.45,27.86,28.25,28811.0,
2026-09-03,TIGERLOGS,28.66,30.19,28.25,29.22,113888.0,
2026-09-04,TIGERLOGS,29.88,29.88,28.16,28.61,168111.0,
2026-09-07,TIGERLOGS,28.61,29.37,28.01,28.08,56684.0,
2026-09-08,TIGERLOGS,28.32,28.76,27.59,27.82,39299.0,
2026-09-09,TIGERLOGS,27.82,28.86,27.1,27.36,71997.0,
2026-09-10,TIGERLOGS,27.58,27.88,27.36,27.73,64523.0,
2026-09-11,TIGERLOGS,27.11,28.42,26.95,27.16,76584.0,
2026-09-15,TIGERLOGS,27.23,27.62,26.52,27.4,100468.0,
2026-09-16,TIGERLOGS,27.4,28.38,26.56,26.88,73876.0,
2026-09-17,TIGERLOGS,27.31,27.61,26.46,26.66,26633.0,
2026-09-18,TIGERLOGS,27.19,27.4,25.95,26.13,77418.0,
2026-07-16,TRUALT,427.6,432.2,418.5,420.65,88156.0,
2026-07-17,TRUALT,422.6,434.7,412.0,417.2,146364.0,
2026-07-20,TRUALT,414.55,424.6,411.0,420.1,204574.0,
2026-07-21,TRUALT,422.05,423.4,414.0,419.45,95065.0,
2026-07-22,TRUALT,418.3,434.9,408.3,430.6,269100.0,
2026-07-23,TRUALT,425.0,452.4,422.0,431.9,1942086.0,
2026-07-24,TRUALT,430.0,439.0,426.5,428.95,287154.0,
2026-07-27,TRUALT,442.0,442.0,414.2,421.25,373174.0,
2026-07-28,TRUALT,424.6,430.8,411.0,419.15,359987.0,
2026-07-29,TRUALT,450.0,454.7,425.5,430.15,2996757.0,
2026-07-30,TRUALT,435.0,444.0,427.25,435.8,228674.0,
2026-07-31,TRUALT,437.0,437.0,421.05,423.0,142418.0,
2026-08-03,TRUALT,424.9,439.0,422.5,437.85,184496.0,
2026-08-04,TRUALT,437.4,444.0,433.05,436.7,137633.0,
2026-08-05,TRUALT,438.0,468.05,428.35,461.55,735504.0,
2026-08-06,TRUALT,461.55,472.3,460.4,464.3,275309.0,
2026-08-07,TRUALT,465.05,483.9,465.0,477.05,527721.0,
2026-08-10,TRUALT,486.0,486.0,473.0,478.5,341611.0,
2026-08-11,TRUALT,480.95,482.75,473.1,478.1,203745.0,
2026-08-12,TRUALT,478.1,481.2,457.45,465.1,213395.0,
2026-08-13,TRUALT,465.1,491.0,462.8,489.35,1026278.0,
2026-08-14,TRUALT,493.0,494.0,479.85,481.6,232321.0,
2026-08-17,TRUALT,485.7,487.7,476.0,479.25,273305.0,
2026-08-18,TRUALT,483.9,483.9,469.9,474.5,309251.0,
2026-08-19,TRUALT,476.95,479.45,469.85,472.0,86380.0,
2026-08-20,TRUALT,474.95,474.95,460.0,462.6,166763.0,
2026-08-21,TRUALT,465.0,465.4,444.3,446.15,239491.0,
2026-08-24,TRUALT,449.5,454.9,440.0,441.85,219809.0,
2026-08-25,TRUALT,444.0,448.45,433.1,435.55,218221.0,
2026-08-26,TRUALT,439.7,452.7,434.1,442.2,185736.0,
2026-08-28,TRUALT,434.0,438.6,430.85,434.15,69662.0,
2026-08-31,TRUALT,435.0,435.25,413.65,429.6,308868.0,
2026-09-01,TRUALT,429.95,433.35,420.5,428.15,80033.0,
2026-09-02,TRUALT,427.5,432.4,422.45,428.85,67695.0,
2026-09-03,TRUALT,432.0,433.05,424.25,426.4,165202.0,
2026-09-04,TRUALT,426.4,430.95,420.4,425.25,121440.0,
2026-09-07,TRUALT,425.95,433.85,420.0,424.1,73764.0,
2026-09-08,TRUALT,424.0,425.5,410.85,415.7,139457.0,
2026-09-09,TRUALT,415.7,428.6,415.0,421.15,119790.0,
2026-09-10,TRUALT,423.05,424.05,414.35,419.65,92623.0,
2026-09-11,TRUALT,416.1,423.95,413.55,416.35,99815.0,
2026-09-15,TRUALT,415.0,428.0,400.0,411.65,224114.0,
2026-09-16,TRUALT,416.2,427.5,407.0,422.7,454451.0,
2026-09-17,TRUALT,422.7,434.2,420.1,423.95,356698.0,
2026-09-18,TRUALT,425.0,437.65,420.5,421.7,220451.0,
2026-07-16,UYFINCORP,16.98,16.98,16.07,16.63,404334.0,
2026-07-17,UYFINCORP,16.65,17.1,16.19,16.75,544263.0,
2026-07-20,UYFINCORP,16.8,17.2,16.74,17.06,432111.0,
2026-07-21,UYFINCORP,17.06,17.2,16.2,17.14,629530.0,
2026-07-22,UYFINCORP,17.5,17.5,17.02,17.24,278208.0,
2026-07-23,UYFINCORP,17.35,19.85,16.92,19.25,1604368.0,
2026-07-24,UYFINCORP,19.01,19.29,18.22,18.57,423697.0,
2026-07-27,UYFINCORP,18.99,19.33,18.61,18.88,383173.0,
2026-07-28,UYFINCORP,19.0,19.9,18.54,19.49,561264.0,
2026-07-29,UYFINCORP,19.89,19.95,19.2,19.66,298245.0,
2026-07-30,UYFINCORP,19.51,19.96,19.13,19.79,818595.0,
2026-07-31,UYFINCORP,19.79,19.96,19.51,19.95,408460.0,
2026-08-03,UYFINCORP,19.8,19.94,19.53,19.76,245080.0,
2026-08-04,UYFINCORP,19.79,19.97,18.72,19.36,759105.0,
2026-08-05,UYFINCORP,19.36,19.8,19.15,19.25,684088.0,
2026-08-06,UYFINCORP,19.69,19.7,19.0,19.2,476546.0,
2026-08-07,UYFINCORP,19.2,22.34,19.02,20.36,3974832.0,
2026-08-10,UYFINCORP,20.65,21.8,20.35,21.02,1054758.0,
2026-08-11,UYFINCORP,21.3,21.35,19.97,19.97,118129.0,
2026-08-12,UYFINCORP,18.98,20.0,18.98,19.21,372149.0,
2026-08-13,UYFINCORP,19.15,20.17,18.99,20.16,295518.0,
2026-08-14,UYFINCORP,20.16,21.15,20.0,21.08,205537.0,
2026-08-17,UYFINCORP,21.11,22.0,21.01,21.39,344198.0,
2026-08-18,UYFINCORP,21.79,22.28,20.33,20.37,287353.0,
2026-08-19,UYFINCORP,21.08,21.08,19.55,20.22,177227.0,
2026-08-20,UYFINCORP,20.8,21.09,20.0,20.22,73001.0,
2026-08-21,UYFINCORP,20.36,21.1,19.75,20.14,144231.0,
2026-08-24,UYFINCORP,20.14,20.9,20.0,20.09,36796.0,
2026-08-25,UYFINCORP,20.89,20.89,19.61,19.86,65304.0,
2026-08-26,UYFINCORP,19.62,20.55,19.62,20.12,175105.0,
2026-08-28,UYFINCORP,20.2,20.24,19.7,19.86,41108.0,
2026-08-31,UYFINCORP,20.0,20.24,18.9,19.52,85828.0,
2026-09-01,UYFINCORP,19.52,20.19,19.52,19.84,32127.0,
2026-09-02,UYFINCORP,19.9,19.9,19.05,19.3,96462.0,
2026-09-03,UYFINCORP,19.5,20.0,19.5,19.93,134148.0,
2026-09-04,UYFINCORP,20.02,20.7,19.62,19.73,122444.0,
2026-09-07,UYFINCORP,20.2,20.2,19.06,19.63,96033.0,
2026-09-08,UYFINCORP,20.2,20.25,19.65,19.88,82188.0,
2026-09-09,UYFINCORP,20.14,20.14,19.4,19.44,40538.0,
2026-09-10,UYFINCORP,19.75,19.9,19.17,19.31,27889.0,
2026-09-11,UYFINCORP,19.31,20.0,19.0,19.74,105430.0,
2026-09-15,UYFINCORP,19.83,20.35,19.16,19.28,82941.0,
2026-09-16,UYFINCORP,19.74,19.74,18.87,19.3,157276.0,
2026-09-17,UYFINCORP,19.68,19.68,19.2,19.28,18480.0,
2026-09-18,UYFINCORP,19.95,19.95,19.2,19.29,31026.0,
2026-07-16,VIVIANA,770.0,777.95,756.0,767.0,5486.0,
2026-07-17,VIVIANA,773.0,773.0,728.65,730.4,43363.0,
2026-07-20,VIVIANA,735.3,735.3,699.0,702.95,32601.0,
2026-07-21,VIVIANA,707.3,708.05,675.05,704.85,22323.0,
2026-07-22,VIVIANA,713.5,738.95,713.5,733.15,24721.0,
2026-07-23,VIVIANA,740.0,740.0,710.0,715.4,20231.0,
2026-07-24,VIVIANA,715.0,715.0,695.0,697.45,18114.0,
2026-07-27,VIVIANA,704.65,732.3,702.5,732.3,18357.0,
2026-07-28,VIVIANA,739.9,768.9,723.55,762.85,21685.0,
2026-07-29,VIVIANA,767.95,780.4,724.75,727.6,14643.0,
2026-07-30,VIVIANA,725.0,741.9,710.0,719.25,9508.0,
2026-07-31,VIVIANA,719.25,729.45,710.05,718.55,6555.0,
2026-08-03,VIVIANA,722.1,734.9,701.1,717.9,15056.0,
2026-08-04,VIVIANA,716.95,728.9,690.0,702.65,16567.0,
2026-08-05,VIVIANA,708.0,737.75,699.0,728.8,46384.0,
2026-08-06,VIVIANA,727.95,729.85,702.0,710.2,29467.0,
2026-08-07,VIVIANA,717.9,719.0,705.0,715.8,18441.0,
2026-08-10,VIVIANA,711.0,719.0,702.0,703.8,21621.0,
2026-08-11,VIVIANA,695.1,710.0,690.0,691.35,14620.0,
2026-08-12,VIVIANA,698.35,724.0,661.0,706.9,41972.0,
2026-08-13,VIVIANA,691.1,724.0,685.2,702.75,26567.0,
2026-08-14,VIVIANA,723.9,723.9,692.0,700.75,10588.0,
2026-08-17,VIVIANA,717.0,717.0,686.0,696.05,12290.0,
2026-08-18,VIVIANA,699.5,716.0,687.1,700.0,16764.0,
2026-08-19,VIVIANA,704.0,704.0,687.55,690.25,8487.0,
2026-08-20,VIVIANA,685.3,714.0,685.0,705.0,18579.0,
2026-08-21,VIVIANA,703.85,705.0,686.1,692.4,14604.0,
2026-08-24,VIVIANA,709.8,727.0,690.0,727.0,37462.0,
2026-08-25,VIVIANA,720.0,744.85,719.9,725.7,20595.0,
2026-08-26,VIVIANA,739.65,739.65,720.9,734.55,10730.0,
2026-08-28,VIVIANA,744.8,744.8,716.05,728.4,9344.0,
2026-08-31,VIVIANA,728.4,739.0,715.0,727.55,14166.0,
2026-09-01,VIVIANA,726.7,754.95,718.0,740.55,19712.0,
2026-09-02,VIVIANA,743.95,754.9,715.0,750.4,17022.0,
2026-09-03,VIVIANA,750.4,774.0,747.7,766.4,15025.0,
2026-09-04,VIVIANA,761.0,804.7,751.25,804.7,24977.0,
2026-09-07,VIVIANA,816.0,830.0,773.0,776.55,41040.0,
2026-09-08,VIVIANA,794.9,794.9,725.1,740.85,27600.0,
2026-09-09,VIVIANA,739.9,773.9,732.05,769.55,33047.0,
2026-09-10,VIVIANA,762.4,795.0,758.0,769.15,24002.0,
2026-09-11,VIVIANA,750.0,774.75,748.0,752.15,12940.0,
2026-09-15,VIVIANA,745.0,748.4,705.0,710.9,22028.0,
2026-09-16,VIVIANA,711.0,750.0,687.05,701.2,32589.0,
2026-09-17,VIVIANA,704.65,754.0,704.65,724.7,23225.0,
2026-09-18,VIVIANA,732.15,743.75,711.45,718.8,13641.0,
2026-07-16,VSTL,112.55,113.45,108.8,111.44,9592.0,
2026-07-17,VSTL,111.44,112.0,111.31,111.91,3945.0,
2026-07-20,VSTL,111.9,115.0,111.2,111.94,11042.0,
2026-07-21,VSTL,111.94,112.65,111.11,111.45,5938.0,
2026-07-22,VSTL,110.6,112.99,110.25,111.1,6509.0,
2026-07-23,VSTL,111.99,111.99,109.02,109.94,9821.0,
2026-07-24,VSTL,111.93,111.97,109.32,111.14,5999.0,
2026-07-27,VSTL,111.14,114.49,110.9,111.33,9246.0,
2026-07-28,VSTL,111.9,112.36,107.81,111.26,16105.0,
2026-07-29,VSTL,111.26,112.6,109.26,110.45,6391.0,
2026-07-30,VSTL,110.0,111.8,106.81,110.62,17721.0,
2026-07-31,VSTL,111.05,112.5,110.0,110.87,18603.0,
2026-08-03,VSTL,110.9,112.33,109.0,109.81,13699.0,
2026-08-04,VSTL,111.8,113.98,109.63,111.52,15619.0,
2026-08-05,VSTL,112.03,112.79,110.13,110.77,5178.0,
2026-08-06,VSTL,111.32,112.39,105.9,108.27,61945.0,
2026-08-07,VSTL,107.2,108.39,106.1,107.01,15337.0,
2026-08-10,VSTL,107.0,107.95,106.05,106.42,7875.0,
2026-08-11,VSTL,107.91,107.91,106.0,106.69,10887.0,
2026-08-12,VSTL,106.69,108.0,105.25,106.21,10586.0,
2026-08-13,VSTL,108.0,108.0,104.99,106.88,14711.0,
2026-08-14,VSTL,107.46,108.5,106.81,107.91,10513.0,
2026-08-17,VSTL,107.91,108.4,101.0,106.87,17809.0,
2026-08-18,VSTL,106.87,108.0,105.11,106.44,6346.0,
2026-08-19,VSTL,107.99,107.99,105.14,106.39,7614.0,
2026-08-20,VSTL,106.39,109.0,105.5,108.94,11961.0,
2026-08-21,VSTL,110.7,113.98,107.25,110.54,22826.0,
2026-08-24,VSTL,110.2,114.15,108.5,111.53,23734.0,
2026-08-25,VSTL,112.53,113.75,111.25,111.5,8832.0,
2026-08-26,VSTL,113.95,113.95,111.02,112.1,7536.0,
2026-08-28,VSTL,113.8,113.8,109.05,110.82,9476.0,
2026-08-31,VSTL,108.3,113.0,108.3,111.85,22394.0,
2026-09-01,VSTL,112.0,113.3,109.35,111.83,13675.0,
2026-09-02,VSTL,111.83,114.1,109.0,113.76,20067.0,
2026-09-03,VSTL,113.05,115.25,112.0,115.15,26197.0,
2026-09-04,VSTL,115.15,118.35,115.0,117.66,22471.0,
2026-09-07,VSTL,118.01,123.15,118.01,121.75,37905.0,
2026-09-08,VSTL,122.9,126.0,120.99,124.44,18277.0,
2026-09-09,VSTL,126.0,126.0,121.5,123.41,12007.0,
2026-09-10,VSTL,123.5,124.9,120.0,120.17,5743.0,
2026-09-11,VSTL,118.45,122.8,117.0,119.71,8436.0,
2026-09-15,VSTL,117.25,122.0,114.0,114.88,12485.0,
2026-09-16,VSTL,112.1,116.99,110.76,112.75,6766.0,
2026-09-17,VSTL,114.89,115.9,112.15,114.82,3050.0,
2026-09-18,VSTL,114.82,114.82,112.1,113.54,5909.0,
2026-07-16,WCIL,95.05,96.3,94.0,95.17,50002.0,
2026-07-17,WCIL,96.1,96.44,94.51,94.67,62105.0,
2026-07-20,WCIL,94.65,94.79,93.2,93.32,27238.0,
2026-07-21,WCIL,94.99,94.99,92.1,92.27,42182.0,
2026-07-22,WCIL,92.27,92.99,90.0,90.34,80140.0,
2026-07-23,WCIL,90.63,90.9,88.75,89.24,28809.0,
2026-07-24,WCIL,89.5,90.38,88.1,89.98,39052.0,
2026-07-27,WCIL,90.37,91.7,90.2,91.06,37552.0,
2026-07-28,WCIL,91.49,91.55,89.21,89.43,19425.0,
2026-07-29,WCIL,89.6,90.48,89.2,89.71,33105.0,
2026-07-30,WCIL,89.5,89.7,88.6,88.86,36455.0,
2026-07-31,WCIL,89.18,90.85,89.0,90.03,24539.0,
2026-08-03,WCIL,90.89,92.11,89.81,90.48,49280.0,
2026-08-04,WCIL,90.8,91.8,90.32,91.39,19934.0,
2026-08-05,WCIL,91.78,92.39,90.12,90.66,43132.0,
2026-08-06,WCIL,90.7,91.19,89.1,89.88,40126.0,
2026-08-07,WCIL,89.89,91.0,86.98,88.46,80759.0,
2026-08-10,WCIL,88.52,90.09,87.71,87.92,52359.0,
2026-08-11,WCIL,87.99,87.99,85.85,86.11,80421.0,
2026-08-12,WCIL,86.2,86.8,85.0,85.59,40440.0,
2026-08-13,WCIL,86.99,90.2,85.5,88.23,114670.0,
2026-08-14,WCIL,88.49,89.2,86.18,86.55,42011.0,
2026-08-17,WCIL,86.0,88.3,83.0,87.99,84537.0,
2026-08-18,WCIL,87.9,88.09,85.8,86.27,31346.0,
2026-08-19,WCIL,86.0,87.79,85.41,86.09,88992.0,
2026-08-20,WCIL,86.5,87.5,86.0,86.58,55213.0,
2026-08-21,WCIL,86.0,87.4,85.4,86.7,34456.0,
2026-08-24,WCIL,85.55,88.49,85.55,86.3,52927.0,
2026-08-25,WCIL,87.49,88.09,86.35,87.19,33762.0,
2026-08-26,WCIL,87.25,88.8,85.5,86.21,74559.0,
2026-08-28,WCIL,87.3,87.49,84.92,85.74,73305.0,
2026-08-31,WCIL,85.98,86.19,83.75,84.01,59890.0,
2026-09-01,WCIL,84.89,85.96,83.55,84.9,55877.0,
2026-09-02,WCIL,85.79,85.79,84.03,84.28,57609.0,
2026-09-03,WCIL,84.15,85.36,83.05,83.96,56194.0,
2026-09-04,WCIL,84.4,84.76,83.06,83.38,25920.0,
2026-09-07,WCIL,84.0,84.45,82.5,82.78,55033.0,
2026-09-08,WCIL,82.88,83.39,81.76,82.48,95413.0,
2026-09-09,WCIL,84.0,85.99,82.1,84.14,121217.0,
2026-09-10,WCIL,85.49,86.99,83.91,84.42,102129.0,
2026-09-11,WCIL,84.95,89.4,84.63,87.51,446170.0,
2026-09-15,WCIL,87.95,93.39,87.44,91.45,455441.0,
2026-09-16,WCIL,92.98,93.0,87.92,90.24,283914.0,
2026-09-17,WCIL,90.24,95.89,90.24,95.21,455551.0,
2026-09-18,WCIL,95.8,99.99,93.95,96.86,535857.0,
