Date,Symbol,Open,High,Low,Close,Volume,TurnoverCr
2025-08-29,ALEMBICLTD,101.27,102.8,100.51,101.53,157172.0,
2025-09-01,ALEMBICLTD,101.53,103.0,101.5,101.8,189392.0,
2025-09-02,ALEMBICLTD,102.0,104.86,101.62,103.72,248965.0,
2025-09-03,ALEMBICLTD,104.0,106.5,103.52,106.15,274312.0,
2025-09-04,ALEMBICLTD,107.0,107.59,103.9,104.1,333992.0,
2025-09-05,ALEMBICLTD,104.54,105.54,103.5,104.3,185839.0,
2025-09-08,ALEMBICLTD,104.3,105.0,103.25,103.42,226178.0,
2025-09-09,ALEMBICLTD,103.52,104.2,102.51,103.1,178782.0,
2025-09-10,ALEMBICLTD,104.0,105.96,103.56,104.66,235257.0,
2025-09-11,ALEMBICLTD,105.04,105.8,103.71,103.99,221974.0,
2025-09-12,ALEMBICLTD,104.24,104.66,102.5,103.16,256898.0,
2025-09-15,ALEMBICLTD,103.59,105.95,103.59,105.48,325720.0,
2025-09-16,ALEMBICLTD,105.43,108.29,105.0,107.86,606845.0,
2025-09-17,ALEMBICLTD,108.0,108.5,106.26,106.93,280731.0,
2025-09-18,ALEMBICLTD,107.06,107.77,106.0,106.49,193085.0,
2025-09-19,ALEMBICLTD,106.35,107.05,106.2,106.53,155419.0,
2025-09-22,ALEMBICLTD,106.1,107.96,104.94,105.11,176877.0,
2025-09-23,ALEMBICLTD,105.3,105.89,103.6,104.33,184535.0,
2025-09-24,ALEMBICLTD,104.31,104.8,103.48,104.19,168155.0,
2025-09-25,ALEMBICLTD,104.19,104.79,102.8,103.11,153139.0,
2025-09-26,ALEMBICLTD,103.9,104.5,99.4,99.78,507054.0,
2025-09-29,ALEMBICLTD,100.8,101.36,99.62,100.47,252304.0,
2025-09-30,ALEMBICLTD,100.49,100.5,99.4,99.78,181199.0,
2025-10-01,ALEMBICLTD,99.78,104.28,99.5,103.45,495629.0,
2025-10-03,ALEMBICLTD,103.0,103.66,102.56,103.37,156367.0,
2025-10-06,ALEMBICLTD,103.25,103.29,102.0,102.14,175157.0,
2025-10-07,ALEMBICLTD,102.15,102.66,101.32,101.61,217608.0,
2025-10-08,ALEMBICLTD,101.65,101.9,100.03,100.94,240431.0,
2025-10-09,ALEMBICLTD,100.26,101.0,99.9,100.18,192687.0,
2025-10-10,ALEMBICLTD,100.39,101.0,100.25,100.51,159178.0,
2025-10-13,ALEMBICLTD,99.99,100.39,96.31,98.33,456691.0,
2025-10-14,ALEMBICLTD,98.99,98.99,96.6,97.58,259951.0,
2025-10-15,ALEMBICLTD,97.5,99.9,97.0,99.66,207465.0,
2025-10-16,ALEMBICLTD,99.8,100.19,97.0,97.9,483865.0,
2025-10-17,ALEMBICLTD,98.35,100.65,97.58,99.95,529255.0,
2025-10-20,ALEMBICLTD,101.0,101.6,99.0,101.44,237278.0,
2025-10-21,ALEMBICLTD,101.5,102.8,101.5,102.56,178225.0,
2025-10-23,ALEMBICLTD,102.7,103.4,100.64,100.91,202240.0,
2025-10-24,ALEMBICLTD,100.61,101.57,100.0,100.8,165114.0,
2025-10-27,ALEMBICLTD,101.7,101.7,100.1,100.28,148923.0,
2025-10-28,ALEMBICLTD,100.77,100.94,96.7,98.83,259576.0,
2025-10-29,ALEMBICLTD,99.25,102.18,98.85,100.84,507871.0,
2025-10-30,ALEMBICLTD,100.49,101.55,99.6,100.42,166237.0,
2025-10-31,ALEMBICLTD,100.42,100.5,99.1,99.4,176384.0,
2025-11-03,ALEMBICLTD,99.5,102.49,99.44,101.95,364147.0,
2025-11-04,ALEMBICLTD,101.95,103.39,101.2,102.33,407347.0,
2025-11-06,ALEMBICLTD,102.9,102.9,99.27,99.79,244467.0,
2025-11-07,ALEMBICLTD,99.79,99.9,98.07,99.61,219086.0,
2025-11-10,ALEMBICLTD,100.0,100.23,97.81,98.05,273916.0,
2025-11-11,ALEMBICLTD,100.86,101.25,98.81,100.56,391773.0,
2025-11-12,ALEMBICLTD,100.8,101.4,99.1,99.76,280121.0,
2025-11-13,ALEMBICLTD,100.0,103.0,100.0,100.95,529902.0,
2025-11-14,ALEMBICLTD,100.6,101.55,100.11,101.34,245537.0,
2025-11-17,ALEMBICLTD,102.4,103.4,101.78,102.03,393898.0,
2025-11-18,ALEMBICLTD,102.0,102.1,99.7,99.96,246982.0,
2025-11-19,ALEMBICLTD,100.0,100.0,99.3,99.67,140292.0,
2025-11-20,ALEMBICLTD,100.0,100.01,98.5,98.95,134690.0,
2025-11-21,ALEMBICLTD,98.95,99.8,98.0,98.51,257941.0,
2025-11-24,ALEMBICLTD,98.51,98.79,97.51,97.87,118658.0,
2025-11-25,ALEMBICLTD,97.9,98.54,97.38,97.77,149171.0,
2025-11-26,ALEMBICLTD,97.9,99.9,97.73,99.02,113918.0,
2025-11-27,ALEMBICLTD,99.1,100.68,98.86,99.99,283307.0,
2025-11-28,ALEMBICLTD,99.15,100.25,99.15,100.04,141466.0,
2025-12-01,ALEMBICLTD,100.0,100.35,98.62,100.22,195039.0,
2025-12-02,ALEMBICLTD,100.11,104.5,98.84,102.31,1311702.0,
2025-12-03,ALEMBICLTD,102.99,106.39,102.05,102.6,1734095.0,
2025-12-04,ALEMBICLTD,103.0,103.29,101.3,102.74,284931.0,
2025-12-05,ALEMBICLTD,102.8,102.81,100.25,100.85,248072.0,
2025-12-08,ALEMBICLTD,100.99,102.31,97.41,97.96,412548.0,
2025-12-09,ALEMBICLTD,97.97,98.39,94.83,98.06,359715.0,
2025-12-10,ALEMBICLTD,98.49,99.18,97.25,97.68,219827.0,
2025-12-11,ALEMBICLTD,98.0,99.89,96.27,99.02,275752.0,
2025-12-12,ALEMBICLTD,99.02,102.46,99.0,102.1,518694.0,
2025-12-15,ALEMBICLTD,102.1,104.6,101.36,102.35,379321.0,
2025-12-16,ALEMBICLTD,101.9,102.5,101.1,102.35,173263.0,
2025-12-17,ALEMBICLTD,102.2,102.62,101.05,101.7,113746.0,
2025-12-18,ALEMBICLTD,101.45,101.45,99.7,99.95,149660.0,
2025-12-19,ALEMBICLTD,100.3,101.2,99.7,99.88,207536.0,
2025-12-22,ALEMBICLTD,100.75,102.0,100.48,101.28,186226.0,
2025-12-23,ALEMBICLTD,101.3,102.5,100.87,101.84,161166.0,
2025-12-24,ALEMBICLTD,101.85,102.92,101.0,101.11,178235.0,
2025-12-26,ALEMBICLTD,100.4,102.0,100.26,100.85,151834.0,
2025-12-29,ALEMBICLTD,100.9,101.57,99.95,100.06,171523.0,
2025-12-30,ALEMBICLTD,100.66,100.66,99.21,99.95,123927.0,
2025-12-31,ALEMBICLTD,101.0,101.3,100.39,101.19,184404.0,
2026-01-01,ALEMBICLTD,101.19,102.45,100.9,102.08,181633.0,
2026-01-02,ALEMBICLTD,102.22,103.6,101.94,103.37,297137.0,
2026-01-05,ALEMBICLTD,105.0,105.0,101.35,101.59,217555.0,
2026-01-06,ALEMBICLTD,101.98,101.98,100.13,100.6,126520.0,
2026-01-07,ALEMBICLTD,100.6,101.49,100.0,100.66,155970.0,
2026-01-08,ALEMBICLTD,100.76,100.98,98.11,98.52,214731.0,
2026-01-09,ALEMBICLTD,98.52,99.24,97.01,98.01,302623.0,
2026-01-12,ALEMBICLTD,98.01,98.44,97.0,97.86,395367.0,
2026-01-13,ALEMBICLTD,97.5,99.4,97.38,98.45,225146.0,
2026-01-14,ALEMBICLTD,98.34,98.4,97.3,97.54,163842.0,
2026-01-16,ALEMBICLTD,97.26,98.05,95.71,96.17,261239.0,
2026-01-19,ALEMBICLTD,95.8,95.9,95.0,95.16,157293.0,
2026-01-20,ALEMBICLTD,95.31,95.31,91.2,91.77,327008.0,
2026-01-21,ALEMBICLTD,90.9,92.24,89.8,91.16,303750.0,
2026-01-22,ALEMBICLTD,92.4,93.8,91.59,93.54,137988.0,
2026-01-23,ALEMBICLTD,94.0,94.0,91.0,91.89,175819.0,
2026-01-27,ALEMBICLTD,91.98,92.34,89.97,91.34,206648.0,
2026-01-28,ALEMBICLTD,91.35,93.89,90.96,93.4,174577.0,
2026-01-29,ALEMBICLTD,93.0,93.51,91.5,93.06,141171.0,
2026-01-30,ALEMBICLTD,93.49,94.22,91.46,92.93,196080.0,
2026-02-02,ALEMBICLTD,92.2,92.6,89.9,92.18,168918.0,
2026-02-03,ALEMBICLTD,95.02,96.1,93.52,94.67,148796.0,
2026-02-04,ALEMBICLTD,94.67,96.5,93.66,96.23,143475.0,
2026-02-05,ALEMBICLTD,96.0,97.49,94.8,96.98,154047.0,
2026-02-06,ALEMBICLTD,96.49,97.61,95.41,97.12,168342.0,
2026-02-09,ALEMBICLTD,97.57,99.89,97.57,98.89,300939.0,
2026-02-10,ALEMBICLTD,99.06,100.87,98.85,100.11,325251.0,
2026-02-11,ALEMBICLTD,100.7,100.7,98.1,99.12,146907.0,
2026-02-12,ALEMBICLTD,99.45,99.56,98.13,98.58,168717.0,
2026-02-13,ALEMBICLTD,96.99,96.99,94.2,95.47,244042.0,
2026-02-16,ALEMBICLTD,95.47,96.09,94.0,94.92,147583.0,
2026-02-17,ALEMBICLTD,94.85,97.01,94.06,95.71,198230.0,
2026-02-18,ALEMBICLTD,96.0,96.13,95.0,95.59,112222.0,
2026-02-19,ALEMBICLTD,96.0,96.0,93.0,93.52,204725.0,
2026-02-20,ALEMBICLTD,95.35,95.35,93.0,93.96,130220.0,
2026-02-23,ALEMBICLTD,94.05,95.9,93.96,94.76,146139.0,
2026-02-24,ALEMBICLTD,94.5,94.75,91.45,92.47,268112.0,
2026-02-25,ALEMBICLTD,92.5,93.74,91.77,92.1,125607.0,
2026-02-26,ALEMBICLTD,92.19,92.88,90.1,91.14,372342.0,
2026-02-27,ALEMBICLTD,91.2,92.6,90.72,91.72,193348.0,
2026-03-02,ALEMBICLTD,86.8,91.0,86.8,88.88,339190.0,
2026-03-04,ALEMBICLTD,87.5,87.71,84.62,86.3,326050.0,
2026-03-05,ALEMBICLTD,87.7,89.75,87.3,88.86,279208.0,
2026-03-06,ALEMBICLTD,88.66,88.66,86.92,87.15,184882.0,
2026-03-09,ALEMBICLTD,86.99,86.99,84.05,85.39,192936.0,
2026-03-10,ALEMBICLTD,86.1,87.12,84.5,84.77,385740.0,
2026-03-11,ALEMBICLTD,85.06,86.33,84.51,84.79,177931.0,
2026-03-12,ALEMBICLTD,84.3,84.52,82.75,82.97,320310.0,
2026-03-13,ALEMBICLTD,82.5,83.8,80.0,80.75,378755.0,
2026-03-16,ALEMBICLTD,80.99,81.01,77.94,79.5,415541.0,
2026-03-17,ALEMBICLTD,79.61,83.0,78.59,79.44,443135.0,
2026-03-18,ALEMBICLTD,79.7,82.26,79.7,81.36,295143.0,
2026-03-19,ALEMBICLTD,80.0,80.9,78.0,78.38,247492.0,
2026-03-20,ALEMBICLTD,78.85,80.45,78.75,79.9,130101.0,
2026-03-23,ALEMBICLTD,77.78,78.37,74.93,75.33,490303.0,
2026-03-24,ALEMBICLTD,77.0,77.49,76.01,76.88,367758.0,
2026-03-25,ALEMBICLTD,77.4,80.15,77.4,79.27,344393.0,
2026-03-27,ALEMBICLTD,78.46,78.6,74.9,75.39,687701.0,
2026-03-30,ALEMBICLTD,74.9,74.91,70.46,70.9,681261.0,
2026-04-01,ALEMBICLTD,72.09,77.08,72.09,76.49,362653.0,
2026-04-02,ALEMBICLTD,75.0,78.01,73.41,77.87,281400.0,
2026-04-06,ALEMBICLTD,78.0,81.0,76.04,80.39,307414.0,
2026-04-07,ALEMBICLTD,80.39,81.59,79.0,80.76,255930.0,
2026-04-08,ALEMBICLTD,85.0,86.22,83.0,85.62,326523.0,
2026-04-09,ALEMBICLTD,86.45,86.91,83.9,84.67,346159.0,
2026-04-10,ALEMBICLTD,84.8,86.45,84.8,86.09,159157.0,
2026-04-13,ALEMBICLTD,83.4,85.92,83.04,84.64,161681.0,
2026-04-15,ALEMBICLTD,86.0,88.8,86.0,88.17,352176.0,
2026-04-16,ALEMBICLTD,88.85,89.6,88.01,89.44,193980.0,
2026-04-17,ALEMBICLTD,91.0,91.89,90.0,91.45,313927.0,
2026-04-20,ALEMBICLTD,91.0,91.49,89.51,90.22,240701.0,
2026-04-21,ALEMBICLTD,90.0,94.2,89.9,93.77,562035.0,
2026-04-22,ALEMBICLTD,94.5,95.0,93.0,93.12,388895.0,
2026-04-23,ALEMBICLTD,92.49,94.34,92.42,93.43,182690.0,
2026-04-24,ALEMBICLTD,94.26,94.32,91.0,91.42,136073.0,
2026-04-27,ALEMBICLTD,91.5,93.2,91.5,92.39,168802.0,
2026-04-28,ALEMBICLTD,92.8,93.38,91.52,92.27,115257.0,
2026-04-29,ALEMBICLTD,93.0,93.66,92.4,93.23,149228.0,
2026-04-30,ALEMBICLTD,92.68,92.68,90.0,91.2,248929.0,
2026-05-04,ALEMBICLTD,91.2,92.95,91.12,91.57,134252.0,
2026-05-05,ALEMBICLTD,91.57,92.55,90.1,91.13,137727.0,
2026-05-06,ALEMBICLTD,91.5,93.31,91.5,93.08,247140.0,
2026-05-07,ALEMBICLTD,93.08,96.37,92.7,95.34,538484.0,
2026-05-08,ALEMBICLTD,95.42,95.5,94.35,94.89,160433.0,
2026-05-11,ALEMBICLTD,94.75,94.75,92.0,92.62,177930.0,
2026-05-12,ALEMBICLTD,92.0,92.94,89.8,90.43,219737.0,
2026-05-13,ALEMBICLTD,89.0,90.64,88.8,89.93,215987.0,
2026-05-14,ALEMBICLTD,90.0,91.75,89.7,91.34,180369.0,
2026-05-15,ALEMBICLTD,91.8,92.1,89.62,89.95,109204.0,
2026-05-18,ALEMBICLTD,89.65,89.65,86.8,88.36,237044.0,
2026-05-19,ALEMBICLTD,88.55,91.26,88.55,89.84,179530.0,
2026-05-20,ALEMBICLTD,87.0,88.57,86.02,87.27,371452.0,
2026-05-21,ALEMBICLTD,88.75,89.76,87.06,87.41,172234.0,
2026-05-22,ALEMBICLTD,87.03,88.1,87.03,87.34,136619.0,
2026-05-25,ALEMBICLTD,88.19,89.5,86.5,87.62,313434.0,
2026-05-26,ALEMBICLTD,87.62,88.89,87.51,87.91,170557.0,
2026-05-27,ALEMBICLTD,88.12,88.12,86.97,87.13,256271.0,
2026-05-29,ALEMBICLTD,87.4,88.9,87.26,87.64,276516.0,
2026-06-01,ALEMBICLTD,88.95,88.95,85.76,86.65,189020.0,
2026-06-02,ALEMBICLTD,86.41,88.28,85.86,87.35,183167.0,
2026-06-03,ALEMBICLTD,87.0,87.1,84.44,86.0,225970.0,
2026-06-04,ALEMBICLTD,85.86,86.95,85.07,86.0,241079.0,
2026-06-05,ALEMBICLTD,87.02,88.4,86.1,87.12,326110.0,
2026-06-08,ALEMBICLTD,86.9,87.4,85.2,85.73,131380.0,
2026-06-09,ALEMBICLTD,85.75,87.68,85.56,86.73,154241.0,
2026-06-10,ALEMBICLTD,87.0,88.3,86.0,86.16,179207.0,
2026-06-11,ALEMBICLTD,86.25,86.3,85.05,85.36,61573.0,
2026-06-12,ALEMBICLTD,86.96,87.51,85.3,87.06,205247.0,
2026-06-15,ALEMBICLTD,89.5,90.55,88.01,89.38,347028.0,
2026-06-16,ALEMBICLTD,89.38,90.0,88.41,89.25,162109.0,
2026-06-17,ALEMBICLTD,89.69,91.75,89.08,90.79,337113.0,
2026-06-18,ALEMBICLTD,91.94,95.53,91.79,93.77,845453.0,
2026-06-19,ALEMBICLTD,93.75,94.1,89.36,89.98,2079838.0,
2026-06-22,ALEMBICLTD,91.29,92.0,90.37,91.33,424306.0,
2026-06-23,ALEMBICLTD,92.8,95.5,91.1,91.93,1468639.0,
2026-06-24,ALEMBICLTD,91.9,93.15,91.5,92.3,331378.0,
2026-06-25,ALEMBICLTD,92.3,92.9,91.35,91.54,227735.0,
2026-06-29,ALEMBICLTD,91.54,91.86,89.91,90.4,225942.0,
2026-06-30,ALEMBICLTD,90.6,92.4,90.39,91.58,206773.0,
2026-07-01,ALEMBICLTD,92.0,92.8,91.18,91.54,248321.0,
2026-07-02,ALEMBICLTD,91.91,93.9,91.54,93.31,416644.0,
2026-07-03,ALEMBICLTD,93.4,93.77,92.4,92.86,162004.0,
2026-07-06,ALEMBICLTD,92.5,92.86,91.0,91.67,127762.0,
2026-07-07,ALEMBICLTD,91.5,91.91,90.05,90.79,197824.0,
2026-07-08,ALEMBICLTD,90.79,91.55,87.51,87.87,264160.0,
2026-07-09,ALEMBICLTD,88.3,89.88,88.1,88.76,177685.0,
2026-07-10,ALEMBICLTD,88.99,90.4,88.99,89.97,169050.0,
2026-07-13,ALEMBICLTD,89.5,90.5,88.98,89.84,173711.0,
2026-07-14,ALEMBICLTD,89.45,89.82,88.4,88.97,192650.0,
2026-07-15,ALEMBICLTD,88.97,90.22,88.92,89.48,277553.0,
2026-07-16,ALEMBICLTD,89.5,90.22,89.0,89.51,383207.0,
2026-07-17,ALEMBICLTD,89.51,89.81,88.06,88.42,136984.0,
2026-07-20,ALEMBICLTD,88.12,90.99,88.12,90.27,144325.0,
2026-07-21,ALEMBICLTD,91.14,91.14,90.11,90.37,98543.0,
2026-07-22,ALEMBICLTD,90.37,90.41,88.1,88.59,159288.0,
2026-07-23,ALEMBICLTD,88.1,89.11,87.88,88.3,94263.0,
2026-07-24,ALEMBICLTD,87.9,88.8,86.81,87.94,234145.0,
2026-07-27,ALEMBICLTD,88.0,90.85,88.0,90.15,223367.0,
2026-07-28,ALEMBICLTD,90.02,90.75,89.01,89.23,127695.0,
2026-07-29,ALEMBICLTD,89.32,90.75,89.32,90.28,166165.0,
2026-07-30,ALEMBICLTD,90.73,90.86,89.5,89.63,196795.0,
2026-07-31,ALEMBICLTD,90.0,91.35,89.65,91.13,223183.0,
2026-08-03,ALEMBICLTD,91.35,92.17,91.07,91.67,594583.0,
2026-08-04,ALEMBICLTD,89.0,89.1,87.6,88.55,418274.0,
2026-08-05,ALEMBICLTD,88.6,88.99,86.5,87.14,370022.0,
2026-08-06,ALEMBICLTD,87.5,87.5,86.5,86.66,272858.0,
2026-08-07,ALEMBICLTD,86.66,86.97,84.01,84.75,405809.0,
2026-08-10,ALEMBICLTD,84.94,85.92,83.0,84.84,209367.0,
2026-08-11,ALEMBICLTD,84.84,86.94,84.65,86.73,238817.0,
2026-08-12,ALEMBICLTD,86.5,86.5,83.31,84.79,341002.0,
2026-08-13,ALEMBICLTD,84.76,84.96,83.2,83.39,181457.0,
2026-08-14,ALEMBICLTD,83.35,87.56,83.12,86.85,445111.0,
2026-08-17,ALEMBICLTD,87.75,90.6,85.78,90.15,600808.0,
2026-08-18,ALEMBICLTD,90.31,90.4,87.8,89.87,276330.0,
2026-08-19,ALEMBICLTD,89.15,89.87,87.8,88.43,236169.0,
2026-08-20,ALEMBICLTD,88.0,92.6,88.0,91.63,740114.0,
2026-08-21,ALEMBICLTD,92.0,93.2,90.42,92.73,636995.0,
2026-08-24,ALEMBICLTD,93.4,93.4,91.23,91.64,281312.0,
2026-08-25,ALEMBICLTD,92.37,97.0,91.16,94.66,1990793.0,
2026-08-26,ALEMBICLTD,95.86,99.41,95.03,98.7,1303903.0,
2026-08-27,ALEMBICLTD,99.0,104.45,97.85,102.77,2895906.0,
2026-08-28,ALEMBICLTD,102.77,103.23,99.47,100.04,645251.0,
2026-08-31,ALEMBICLTD,100.04,100.04,97.0,98.74,925255.0,
2026-09-01,ALEMBICLTD,99.0,101.87,96.95,98.85,848069.0,
2026-09-02,ALEMBICLTD,98.85,101.0,98.0,100.14,645226.0,
2026-09-03,ALEMBICLTD,100.52,117.72,100.52,109.51,35036495.0,
2026-09-04,ALEMBICLTD,111.6,114.8,109.81,111.41,5309246.0,
2026-09-07,ALEMBICLTD,112.3,114.34,107.53,108.05,1721715.0,
2026-09-08,ALEMBICLTD,109.1,112.08,107.24,109.73,1417837.0,
2026-09-09,ALEMBICLTD,109.73,109.73,106.08,106.95,694090.0,
2026-09-10,ALEMBICLTD,106.1,109.9,105.55,106.5,819704.0,
2026-09-11,ALEMBICLTD,105.32,105.9,103.14,104.33,698680.0,
2025-08-29,APLLTD,931.1,947.65,929.45,936.95,67309.0,
2025-09-01,APLLTD,931.0,950.0,926.0,942.7,45819.0,
2025-09-02,APLLTD,942.7,956.4,931.9,943.95,46736.0,
2025-09-03,APLLTD,943.95,960.0,943.05,955.75,51440.0,
2025-09-04,APLLTD,960.0,968.45,950.75,960.1,164662.0,
2025-09-05,APLLTD,959.3,967.25,943.15,946.5,26976.0,
2025-09-08,APLLTD,946.5,958.2,937.55,947.3,48747.0,
2025-09-09,APLLTD,941.9,950.0,934.1,937.75,73236.0,
2025-09-10,APLLTD,945.95,968.0,935.0,951.95,146685.0,
2025-09-11,APLLTD,950.2,960.5,941.1,947.15,105930.0,
2025-09-12,APLLTD,946.0,961.05,935.1,946.5,132179.0,
2025-09-15,APLLTD,949.5,979.0,947.5,970.1,323398.0,
2025-09-16,APLLTD,970.45,982.0,960.1,971.1,103389.0,
2025-09-17,APLLTD,967.0,984.8,963.0,978.1,106592.0,
2025-09-18,APLLTD,975.1,980.0,952.3,957.35,136654.0,
2025-09-19,APLLTD,965.0,967.15,943.2,959.0,109710.0,
2025-09-22,APLLTD,951.5,965.0,944.8,950.0,45282.0,
2025-09-23,APLLTD,944.0,954.65,938.1,940.05,27542.0,
2025-09-24,APLLTD,940.05,942.2,915.3,920.2,107656.0,
2025-09-25,APLLTD,920.2,937.5,915.0,921.9,65174.0,
2025-09-26,APLLTD,912.7,917.7,885.0,909.9,162629.0,
2025-09-29,APLLTD,905.0,931.85,885.6,893.65,309430.0,
2025-09-30,APLLTD,896.0,906.0,890.9,901.35,296749.0,
2025-10-01,APLLTD,901.35,912.05,895.75,904.3,38869.0,
2025-10-03,APLLTD,909.0,921.9,905.7,910.4,46164.0,
2025-10-06,APLLTD,910.0,922.0,904.05,906.35,67670.0,
2025-10-07,APLLTD,907.0,922.65,906.95,916.7,97141.0,
2025-10-08,APLLTD,916.45,939.0,915.0,930.65,92156.0,
2025-10-09,APLLTD,930.2,936.9,926.05,929.95,48486.0,
2025-10-10,APLLTD,928.1,951.0,928.05,948.35,54910.0,
2025-10-13,APLLTD,942.0,950.0,939.0,943.7,36047.0,
2025-10-14,APLLTD,943.7,952.2,910.15,915.9,88703.0,
2025-10-15,APLLTD,915.9,927.0,910.6,917.65,32949.0,
2025-10-16,APLLTD,916.0,940.0,913.35,933.4,66916.0,
2025-10-17,APLLTD,933.4,950.2,930.8,938.6,50349.0,
2025-10-20,APLLTD,940.25,950.25,927.65,932.0,35968.0,
2025-10-21,APLLTD,932.0,937.75,930.2,932.8,2859.0,
2025-10-23,APLLTD,935.05,938.15,918.0,921.55,59977.0,
2025-10-24,APLLTD,921.8,935.0,909.5,924.6,124980.0,
2025-10-27,APLLTD,934.6,934.6,912.0,914.9,97588.0,
2025-10-28,APLLTD,915.0,919.25,903.0,905.6,64662.0,
2025-10-29,APLLTD,905.9,913.75,898.85,900.8,86965.0,
2025-10-30,APLLTD,901.0,904.75,890.6,899.95,105565.0,
2025-10-31,APLLTD,900.0,905.05,890.5,897.4,69233.0,
2025-11-03,APLLTD,897.4,929.0,897.4,924.2,90497.0,
2025-11-04,APLLTD,929.95,998.0,927.9,960.7,1596017.0,
2025-11-06,APLLTD,962.0,962.0,901.85,915.35,337208.0,
2025-11-07,APLLTD,907.1,928.75,896.35,921.95,148708.0,
2025-11-10,APLLTD,923.95,931.0,915.7,926.65,52105.0,
2025-11-11,APLLTD,923.55,929.9,910.0,916.95,38427.0,
2025-11-12,APLLTD,917.0,925.5,911.95,916.65,58952.0,
2025-11-13,APLLTD,916.65,930.0,911.0,915.95,68194.0,
2025-11-14,APLLTD,915.95,919.95,899.0,904.05,34265.0,
2025-11-17,APLLTD,919.95,955.0,911.0,948.85,273066.0,
2025-11-18,APLLTD,945.05,945.1,911.1,913.55,131204.0,
2025-11-19,APLLTD,911.1,918.95,901.4,906.25,63911.0,
2025-11-20,APLLTD,908.8,911.1,896.0,899.45,56894.0,
2025-11-21,APLLTD,894.2,958.0,890.65,901.0,4013450.0,
2025-11-24,APLLTD,903.7,914.5,897.1,903.75,220526.0,
2025-11-25,APLLTD,885.7,908.4,885.7,905.15,60865.0,
2025-11-26,APLLTD,906.0,919.6,906.0,914.75,53748.0,
2025-11-27,APLLTD,919.3,921.0,904.0,905.35,26429.0,
2025-11-28,APLLTD,905.3,913.8,902.2,907.2,42097.0,
2025-12-01,APLLTD,909.4,920.0,902.85,907.7,46729.0,
2025-12-02,APLLTD,907.7,907.85,896.0,900.2,62084.0,
2025-12-03,APLLTD,900.2,915.9,899.2,909.5,50761.0,
2025-12-04,APLLTD,892.3,909.0,892.3,901.75,37607.0,
2025-12-05,APLLTD,897.0,905.0,891.1,899.8,62002.0,
2025-12-08,APLLTD,899.9,903.95,870.0,880.6,141656.0,
2025-12-09,APLLTD,880.0,894.2,850.5,886.85,49209.0,
2025-12-10,APLLTD,886.65,897.15,878.6,883.35,26607.0,
2025-12-11,APLLTD,883.5,894.5,880.25,885.1,44739.0,
2025-12-12,APLLTD,885.3,890.65,874.1,876.9,49903.0,
2025-12-15,APLLTD,875.8,878.85,862.95,864.7,59628.0,
2025-12-16,APLLTD,864.7,872.3,842.45,847.15,54161.0,
2025-12-17,APLLTD,847.15,852.8,840.1,847.1,27649.0,
2025-12-18,APLLTD,847.1,853.0,835.5,848.25,126979.0,
2025-12-19,APLLTD,854.7,865.4,837.9,859.9,65161.0,
2025-12-22,APLLTD,855.9,861.95,850.0,853.75,45031.0,
2025-12-23,APLLTD,852.0,859.4,851.8,857.4,31612.0,
2025-12-24,APLLTD,857.0,863.85,855.05,857.2,41082.0,
2025-12-26,APLLTD,863.2,863.2,851.0,852.2,17310.0,
2025-12-29,APLLTD,851.9,854.95,836.55,840.45,26062.0,
2025-12-30,APLLTD,838.05,841.9,834.95,836.65,24016.0,
2025-12-31,APLLTD,836.5,851.0,835.1,846.15,37544.0,
2026-01-01,APLLTD,843.0,849.0,835.0,837.65,26324.0,
2026-01-02,APLLTD,835.0,847.5,832.7,835.05,72417.0,
2026-01-05,APLLTD,841.75,847.95,832.0,837.5,61325.0,
2026-01-06,APLLTD,838.0,839.9,821.95,825.7,69258.0,
2026-01-07,APLLTD,825.7,841.9,820.85,823.7,73777.0,
2026-01-08,APLLTD,825.0,826.85,810.6,814.75,122340.0,
2026-01-09,APLLTD,815.8,815.8,798.1,799.95,89204.0,
2026-01-12,APLLTD,800.0,804.15,786.0,796.9,58181.0,
2026-01-13,APLLTD,804.7,804.7,792.55,801.1,36931.0,
2026-01-14,APLLTD,795.0,801.95,786.35,789.9,43944.0,
2026-01-16,APLLTD,793.0,793.05,772.65,774.9,82410.0,
2026-01-19,APLLTD,771.0,774.4,763.4,769.8,42429.0,
2026-01-20,APLLTD,769.9,773.9,759.05,765.15,69244.0,
2026-01-21,APLLTD,762.45,764.5,747.0,761.8,69845.0,
2026-01-22,APLLTD,761.95,780.2,761.95,769.4,43936.0,
2026-01-23,APLLTD,768.8,768.8,761.05,764.55,22832.0,
2026-01-27,APLLTD,764.55,765.0,744.75,757.3,35416.0,
2026-01-28,APLLTD,770.0,770.0,756.0,763.7,39347.0,
2026-01-29,APLLTD,762.3,770.0,755.0,763.3,35797.0,
2026-01-30,APLLTD,757.0,788.95,752.35,783.2,42071.0,
2026-02-02,APLLTD,779.0,795.0,761.9,782.05,36978.0,
2026-02-03,APLLTD,814.0,814.0,787.25,791.65,30627.0,
2026-02-04,APLLTD,783.0,801.0,783.0,798.35,37352.0,
2026-02-05,APLLTD,801.0,827.45,791.15,810.45,264179.0,
2026-02-06,APLLTD,805.6,808.0,776.2,797.65,114388.0,
2026-02-09,APLLTD,800.0,804.0,786.6,795.95,40569.0,
2026-02-10,APLLTD,799.95,806.3,795.95,801.9,23723.0,
2026-02-11,APLLTD,800.0,811.8,793.1,804.35,26703.0,
2026-02-12,APLLTD,790.0,802.25,786.0,789.9,20307.0,
2026-02-13,APLLTD,791.0,791.75,765.0,769.9,36351.0,
2026-02-16,APLLTD,759.9,782.95,756.0,769.85,27502.0,
2026-02-17,APLLTD,758.1,781.9,758.1,777.0,23090.0,
2026-02-18,APLLTD,777.0,787.95,765.3,775.3,34931.0,
2026-02-19,APLLTD,773.05,784.0,765.0,767.5,32600.0,
2026-02-20,APLLTD,765.0,768.55,756.0,763.05,20305.0,
2026-02-23,APLLTD,765.0,774.9,763.0,769.35,23535.0,
2026-02-24,APLLTD,765.0,767.0,747.05,750.85,66935.0,
2026-02-25,APLLTD,752.05,773.45,733.05,739.9,143443.0,
2026-02-26,APLLTD,738.0,748.9,726.05,729.6,137610.0,
2026-02-27,APLLTD,733.2,735.8,705.0,711.2,114860.0,
2026-03-02,APLLTD,700.0,708.0,691.25,705.25,58524.0,
2026-03-04,APLLTD,700.0,705.0,690.0,698.3,59557.0,
2026-03-05,APLLTD,704.4,709.6,693.15,707.5,43101.0,
2026-03-06,APLLTD,707.0,724.5,701.7,708.5,62638.0,
2026-03-09,APLLTD,702.1,715.0,682.0,705.65,67688.0,
2026-03-10,APLLTD,709.4,720.75,707.45,712.35,50462.0,
2026-03-11,APLLTD,711.0,725.35,703.0,706.1,76774.0,
2026-03-12,APLLTD,704.2,709.65,692.65,703.3,24838.0,
2026-03-13,APLLTD,703.3,704.95,675.0,677.95,45309.0,
2026-03-16,APLLTD,678.0,686.9,667.05,675.3,52315.0,
2026-03-17,APLLTD,675.75,682.45,665.1,670.0,35053.0,
2026-03-18,APLLTD,672.9,684.0,669.4,676.3,47914.0,
2026-03-19,APLLTD,670.0,671.35,652.0,655.45,47930.0,
2026-03-20,APLLTD,656.95,686.95,656.95,677.3,70386.0,
2026-03-23,APLLTD,666.3,670.5,635.8,646.55,139039.0,
2026-03-24,APLLTD,662.0,678.55,638.15,673.2,173725.0,
2026-03-25,APLLTD,675.0,699.0,667.2,694.15,270997.0,
2026-03-27,APLLTD,694.0,694.15,666.0,673.55,710447.0,
2026-03-30,APLLTD,662.45,674.0,655.65,663.25,77784.0,
2026-04-01,APLLTD,668.95,681.45,665.25,677.05,58162.0,
2026-04-02,APLLTD,666.5,673.55,650.0,656.2,60922.0,
2026-04-06,APLLTD,658.0,661.2,644.5,655.95,65979.0,
2026-04-07,APLLTD,655.55,695.0,652.15,690.1,135276.0,
2026-04-08,APLLTD,716.0,748.0,700.0,726.25,157807.0,
2026-04-09,APLLTD,725.95,729.65,715.85,720.15,41524.0,
2026-04-10,APLLTD,720.25,736.15,720.25,724.2,35583.0,
2026-04-13,APLLTD,715.0,728.2,704.5,717.5,44865.0,
2026-04-15,APLLTD,728.95,741.5,720.1,734.8,82660.0,
2026-04-16,APLLTD,746.0,753.65,733.25,748.3,85860.0,
2026-04-17,APLLTD,753.95,797.0,751.35,784.75,238239.0,
2026-04-20,APLLTD,784.85,785.0,755.0,757.5,70757.0,
2026-04-21,APLLTD,757.5,767.8,750.2,764.3,62917.0,
2026-04-22,APLLTD,760.85,773.15,758.25,764.6,30290.0,
2026-04-23,APLLTD,764.0,784.6,761.75,768.75,67598.0,
2026-04-24,APLLTD,781.25,781.25,750.0,751.05,40724.0,
2026-04-27,APLLTD,784.85,795.95,760.1,764.6,166744.0,
2026-04-28,APLLTD,762.55,767.7,753.15,759.4,34915.0,
2026-04-29,APLLTD,759.95,769.0,753.6,761.1,52498.0,
2026-04-30,APLLTD,760.0,762.0,751.35,755.0,27314.0,
2026-05-04,APLLTD,759.95,770.95,755.0,765.75,338157.0,
2026-05-05,APLLTD,767.0,775.0,762.9,769.3,241502.0,
2026-05-06,APLLTD,773.95,793.2,764.75,785.5,414155.0,
2026-05-07,APLLTD,795.0,795.0,772.9,776.55,57595.0,
2026-05-08,APLLTD,773.0,801.0,772.95,787.05,407954.0,
2026-05-11,APLLTD,775.1,809.0,767.45,789.2,234230.0,
2026-05-12,APLLTD,791.95,795.2,762.3,768.15,78065.0,
2026-05-13,APLLTD,768.15,779.15,762.15,767.85,36866.0,
2026-05-14,APLLTD,770.75,790.6,770.0,785.7,169499.0,
2026-05-15,APLLTD,793.0,809.0,769.5,784.1,376042.0,
2026-05-18,APLLTD,780.0,782.1,710.7,724.4,327979.0,
2026-05-19,APLLTD,728.0,768.5,727.55,751.1,220439.0,
2026-05-20,APLLTD,751.1,762.25,736.55,752.35,68947.0,
2026-05-21,APLLTD,755.85,756.1,745.0,748.9,98559.0,
2026-05-22,APLLTD,754.5,765.0,743.65,755.7,192689.0,
2026-05-25,APLLTD,764.95,764.95,753.0,762.3,91871.0,
2026-05-26,APLLTD,762.3,780.75,757.0,759.6,132923.0,
2026-05-27,APLLTD,763.95,763.95,749.0,754.2,49295.0,
2026-05-29,APLLTD,754.95,760.65,724.95,736.1,134388.0,
2026-06-01,APLLTD,736.0,738.9,713.4,720.0,78215.0,
2026-06-02,APLLTD,723.7,729.0,706.9,725.5,41803.0,
2026-06-03,APLLTD,721.15,728.0,710.6,723.55,68595.0,
2026-06-04,APLLTD,717.4,747.85,717.4,737.55,636136.0,
2026-06-05,APLLTD,740.0,745.45,727.6,738.4,98111.0,
2026-06-08,APLLTD,742.75,754.15,732.65,745.5,449802.0,
2026-06-09,APLLTD,750.0,750.0,725.35,731.5,231744.0,
2026-06-10,APLLTD,733.95,752.4,732.65,737.2,223213.0,
2026-06-11,APLLTD,737.2,759.2,729.5,734.65,311704.0,
2026-06-12,APLLTD,749.25,754.45,738.3,743.35,86226.0,
2026-06-15,APLLTD,750.0,753.7,736.1,737.75,59045.0,
2026-06-16,APLLTD,742.0,748.9,735.55,745.7,54805.0,
2026-06-17,APLLTD,747.95,753.65,742.2,746.15,45282.0,
2026-06-18,APLLTD,749.7,753.0,742.0,749.7,54614.0,
2026-06-19,APLLTD,749.7,768.8,744.35,763.0,279321.0,
2026-06-22,APLLTD,763.0,800.0,763.0,780.75,222284.0,
2026-06-23,APLLTD,784.8,792.85,775.0,777.0,53280.0,
2026-06-24,APLLTD,771.0,784.55,770.05,780.65,34075.0,
2026-06-25,APLLTD,780.65,783.0,765.1,771.5,21774.0,
2026-06-29,APLLTD,778.1,790.05,773.1,786.65,139448.0,
2026-06-30,APLLTD,788.2,832.05,784.15,822.75,919045.0,
2026-07-01,APLLTD,843.2,846.0,813.3,829.05,247683.0,
2026-07-02,APLLTD,829.0,840.0,808.9,818.3,116150.0,
2026-07-03,APLLTD,825.0,834.15,809.5,823.7,143213.0,
2026-07-06,APLLTD,829.5,839.0,821.3,835.65,226133.0,
2026-07-07,APLLTD,838.0,841.95,824.3,829.35,81550.0,
2026-07-08,APLLTD,829.4,842.8,801.25,811.3,150088.0,
2026-07-09,APLLTD,818.45,830.0,809.35,816.9,62063.0,
2026-07-10,APLLTD,824.0,839.85,815.55,837.4,109731.0,
2026-07-13,APLLTD,840.0,845.0,825.0,831.05,101420.0,
2026-07-14,APLLTD,820.0,834.75,811.05,821.15,122575.0,
2026-07-15,APLLTD,817.1,853.95,817.1,850.05,207604.0,
2026-07-16,APLLTD,851.0,855.4,837.1,839.75,92763.0,
2026-07-17,APLLTD,842.85,842.85,821.0,825.1,70744.0,
2026-07-20,APLLTD,827.0,849.9,825.35,842.65,81589.0,
2026-07-21,APLLTD,842.65,843.0,830.55,833.6,46223.0,
2026-07-22,APLLTD,833.6,833.65,810.0,812.2,57507.0,
2026-07-23,APLLTD,805.0,819.0,793.4,798.35,63082.0,
2026-07-24,APLLTD,789.0,803.1,787.4,797.6,36166.0,
2026-07-27,APLLTD,824.0,824.0,802.05,814.45,50274.0,
2026-07-28,APLLTD,815.8,828.0,810.35,818.85,74793.0,
2026-07-29,APLLTD,815.0,818.25,802.6,811.95,81697.0,
2026-07-30,APLLTD,805.45,808.25,800.05,802.75,46368.0,
2026-07-31,APLLTD,802.75,805.85,793.25,797.05,50542.0,
2026-08-03,APLLTD,797.05,815.05,792.55,805.75,58590.0,
2026-08-04,APLLTD,805.75,825.0,799.1,809.4,485095.0,
2026-08-05,APLLTD,822.0,840.4,803.2,818.2,243621.0,
2026-08-06,APLLTD,818.2,838.4,817.15,834.45,210314.0,
2026-08-07,APLLTD,835.0,851.85,825.5,830.1,156108.0,
2026-08-10,APLLTD,834.0,855.9,827.1,831.35,83817.0,
2026-08-11,APLLTD,831.35,849.0,823.85,838.85,217637.0,
2026-08-12,APLLTD,838.85,852.6,833.0,841.65,142034.0,
2026-08-13,APLLTD,844.0,847.5,828.0,831.2,44236.0,
2026-08-14,APLLTD,832.2,834.4,815.4,831.25,86735.0,
2026-08-17,APLLTD,824.8,827.8,812.3,822.45,90276.0,
2026-08-18,APLLTD,820.0,838.0,820.0,824.55,51271.0,
2026-08-19,APLLTD,823.15,824.4,806.25,817.5,98543.0,
2026-08-20,APLLTD,817.9,826.45,810.05,814.1,47603.0,
2026-08-21,APLLTD,815.0,826.8,815.0,821.75,35565.0,
2026-08-24,APLLTD,819.0,826.0,810.2,816.9,39308.0,
2026-08-25,APLLTD,816.9,820.0,801.05,803.1,37809.0,
2026-08-26,APLLTD,805.15,828.85,805.15,824.8,50380.0,
2026-08-27,APLLTD,825.0,848.95,816.1,824.0,285845.0,
2026-08-28,APLLTD,824.0,828.45,811.1,813.45,89882.0,
2026-08-31,APLLTD,813.0,839.9,808.6,834.9,139739.0,
2026-09-01,APLLTD,835.0,847.85,825.55,843.85,114428.0,
2026-09-02,APLLTD,845.0,859.0,823.25,826.9,172875.0,
2026-09-03,APLLTD,833.5,833.5,801.1,803.65,163761.0,
2026-09-04,APLLTD,805.0,811.75,792.6,808.2,174296.0,
2026-09-07,APLLTD,808.0,828.1,797.4,799.55,171275.0,
2026-09-08,APLLTD,802.0,810.95,792.6,808.5,200271.0,
2026-09-09,APLLTD,804.5,821.5,799.1,817.4,86236.0,
2026-09-10,APLLTD,818.55,836.5,813.8,816.4,119529.0,
2026-09-11,APLLTD,806.0,822.0,799.2,810.95,118504.0,
2025-09-30,ARSSBL,432.0,458.7,431.0,445.55,21291574.0,
2025-10-01,ARSSBL,445.0,466.8,445.0,451.75,5420031.0,
2025-10-03,ARSSBL,454.0,471.65,447.05,460.0,2806999.0,
2025-10-06,ARSSBL,461.8,462.9,448.0,450.7,1086849.0,
2025-10-07,ARSSBL,450.85,455.65,441.0,446.1,758856.0,
2025-10-08,ARSSBL,445.7,449.75,442.95,445.15,416377.0,
2025-10-09,ARSSBL,444.75,454.95,441.55,445.1,586027.0,
2025-10-10,ARSSBL,445.25,464.8,445.1,449.7,938593.0,
2025-10-13,ARSSBL,449.0,458.6,448.25,451.9,476710.0,
2025-10-14,ARSSBL,455.0,478.1,454.7,464.95,1870827.0,
2025-10-15,ARSSBL,470.05,471.5,460.0,465.65,674754.0,
2025-10-16,ARSSBL,469.4,497.9,467.25,487.45,2508533.0,
2025-10-17,ARSSBL,491.2,535.8,488.0,520.5,5175804.0,
2025-10-20,ARSSBL,515.0,518.95,496.0,503.45,1765890.0,
2025-10-21,ARSSBL,508.0,528.1,508.0,519.05,620385.0,
2025-10-23,ARSSBL,523.9,524.0,510.0,513.25,479433.0,
2025-10-24,ARSSBL,514.55,536.0,508.1,511.0,1327078.0,
2025-10-27,ARSSBL,512.0,514.0,500.5,503.45,874465.0,
2025-10-28,ARSSBL,506.0,529.9,504.4,522.45,1102937.0,
2025-10-29,ARSSBL,519.0,523.5,509.55,513.5,654412.0,
2025-10-30,ARSSBL,517.25,518.65,507.2,509.35,330171.0,
2025-10-31,ARSSBL,506.9,514.0,503.8,508.9,317482.0,
2025-11-03,ARSSBL,508.9,517.7,505.0,513.05,421612.0,
2025-11-04,ARSSBL,515.0,545.95,513.35,537.3,2107743.0,
2025-11-06,ARSSBL,540.0,555.05,528.0,539.3,1017673.0,
2025-11-07,ARSSBL,539.3,593.9,520.5,572.95,2809999.0,
2025-11-10,ARSSBL,575.0,619.0,568.7,600.75,2693403.0,
2025-11-11,ARSSBL,599.0,624.9,596.55,616.6,1111395.0,
2025-11-12,ARSSBL,621.85,663.95,621.0,651.5,2290587.0,
2025-11-13,ARSSBL,667.3,682.5,644.9,669.7,1667945.0,
2025-11-14,ARSSBL,673.05,738.0,673.05,733.4,3454442.0,
2025-11-17,ARSSBL,749.0,775.0,732.6,768.5,4064062.0,
2025-11-18,ARSSBL,775.0,794.85,765.0,773.95,2214712.0,
2025-11-19,ARSSBL,774.7,774.7,690.9,700.5,3100269.0,
2025-11-20,ARSSBL,695.0,749.9,695.0,745.1,2206225.0,
2025-11-21,ARSSBL,742.0,742.0,717.0,719.35,805009.0,
2025-11-24,ARSSBL,728.0,734.85,700.3,704.45,690070.0,
2025-11-25,ARSSBL,706.6,722.8,700.4,715.75,498124.0,
2025-11-26,ARSSBL,718.6,728.85,701.65,708.5,808463.0,
2025-11-27,ARSSBL,712.8,714.55,675.6,701.75,1007641.0,
2025-11-28,ARSSBL,702.5,717.05,691.0,694.0,603899.0,
2025-12-01,ARSSBL,696.8,698.15,657.95,661.2,769336.0,
2025-12-02,ARSSBL,661.0,669.3,643.35,648.2,801266.0,
2025-12-03,ARSSBL,650.0,655.0,630.0,633.65,676193.0,
2025-12-04,ARSSBL,631.05,645.95,621.0,624.2,484424.0,
2025-12-05,ARSSBL,623.05,625.8,600.5,604.25,725254.0,
2025-12-08,ARSSBL,605.0,627.4,605.0,611.35,906827.0,
2025-12-09,ARSSBL,611.05,621.0,593.0,613.05,721524.0,
2025-12-10,ARSSBL,617.9,618.05,588.15,591.25,550038.0,
2025-12-11,ARSSBL,591.8,612.5,575.75,601.0,790463.0,
2025-12-12,ARSSBL,606.0,607.5,595.0,600.4,314632.0,
2025-12-15,ARSSBL,599.8,610.95,595.05,599.05,333084.0,
2025-12-16,ARSSBL,597.55,601.7,585.1,591.9,247718.0,
2025-12-17,ARSSBL,589.3,591.45,565.0,569.45,502189.0,
2025-12-18,ARSSBL,569.45,597.3,565.5,583.15,907495.0,
2025-12-19,ARSSBL,585.0,597.9,568.0,590.1,1052891.0,
2025-12-22,ARSSBL,594.8,644.95,591.4,634.7,1859039.0,
2025-12-23,ARSSBL,644.4,673.45,637.0,660.5,2000617.0,
2025-12-24,ARSSBL,662.5,676.3,651.7,656.1,1043060.0,
2025-12-26,ARSSBL,657.0,657.9,624.0,629.3,827843.0,
2025-12-29,ARSSBL,631.8,631.8,609.2,615.05,478826.0,
2025-12-30,ARSSBL,612.1,638.95,607.75,636.95,834196.0,
2025-12-31,ARSSBL,637.6,648.0,627.35,630.1,568723.0,
2026-01-01,ARSSBL,630.7,636.5,621.5,632.7,318878.0,
2026-01-02,ARSSBL,634.0,659.85,634.0,656.45,1135765.0,
2026-01-05,ARSSBL,659.6,659.95,641.0,650.6,421878.0,
2026-01-06,ARSSBL,651.9,670.0,641.05,645.8,1065555.0,
2026-01-07,ARSSBL,647.45,674.0,644.1,666.1,1445874.0,
2026-01-08,ARSSBL,670.15,683.8,645.0,651.85,1344058.0,
2026-01-09,ARSSBL,650.0,650.0,621.3,627.15,776926.0,
2026-01-12,ARSSBL,627.0,627.0,600.7,611.45,620866.0,
2026-01-13,ARSSBL,619.8,636.65,617.4,634.0,567695.0,
2026-01-14,ARSSBL,637.0,639.6,623.55,632.7,523557.0,
2026-01-16,ARSSBL,655.0,714.3,641.1,652.5,8775358.0,
2026-01-19,ARSSBL,652.5,665.0,649.55,655.65,1009363.0,
2026-01-20,ARSSBL,659.0,659.0,600.0,603.65,1362584.0,
2026-01-21,ARSSBL,604.0,607.7,583.55,598.15,979688.0,
2026-01-22,ARSSBL,615.0,615.0,601.6,605.85,469678.0,
2026-01-23,ARSSBL,608.0,608.5,586.55,593.65,361025.0,
2026-01-27,ARSSBL,591.0,591.0,572.0,578.6,492397.0,
2026-01-28,ARSSBL,584.8,604.4,581.7,598.0,489158.0,
2026-01-29,ARSSBL,603.9,605.9,584.0,589.9,382740.0,
2026-01-30,ARSSBL,587.0,587.0,575.1,579.2,328283.0,
2026-02-02,ARSSBL,563.05,579.0,550.0,573.6,298798.0,
2026-02-03,ARSSBL,604.0,605.0,581.3,584.25,450559.0,
2026-02-04,ARSSBL,584.25,588.8,579.05,583.05,322762.0,
2026-02-05,ARSSBL,583.05,585.15,574.0,578.3,155432.0,
2026-02-06,ARSSBL,574.0,574.85,568.05,572.85,132960.0,
2026-02-09,ARSSBL,575.0,575.1,564.0,567.2,343428.0,
2026-02-10,ARSSBL,570.0,592.0,567.25,581.55,860386.0,
2026-02-11,ARSSBL,586.1,586.1,572.55,576.3,350039.0,
2026-02-12,ARSSBL,576.0,576.3,565.8,572.8,217552.0,
2026-02-13,ARSSBL,568.0,568.05,552.0,554.65,229815.0,
2026-02-16,ARSSBL,547.55,548.65,528.6,532.95,460145.0,
2026-02-17,ARSSBL,526.7,539.9,523.5,528.4,245711.0,
2026-02-18,ARSSBL,535.25,547.7,530.8,537.75,306410.0,
2026-02-19,ARSSBL,543.0,543.3,520.0,526.45,157469.0,
2026-02-20,ARSSBL,526.55,533.5,521.95,525.4,165338.0,
2026-02-23,ARSSBL,528.0,530.95,507.55,513.25,289377.0,
2026-02-24,ARSSBL,510.0,518.4,500.1,504.2,282151.0,
2026-02-25,ARSSBL,507.4,514.4,497.9,505.2,388406.0,
2026-02-26,ARSSBL,506.95,511.45,501.0,504.45,126186.0,
2026-02-27,ARSSBL,500.9,510.1,497.9,506.65,232498.0,
2026-03-02,ARSSBL,477.05,497.0,477.05,491.35,318957.0,
2026-03-04,ARSSBL,480.0,496.9,480.0,490.2,227509.0,
2026-03-05,ARSSBL,494.0,501.55,488.0,493.15,240015.0,
2026-03-06,ARSSBL,497.0,498.55,481.0,486.65,118794.0,
2026-03-09,ARSSBL,475.5,479.8,455.1,459.55,391002.0,
2026-03-10,ARSSBL,470.0,498.4,468.2,493.05,564782.0,
2026-03-11,ARSSBL,497.0,498.3,483.0,484.65,242525.0,
2026-03-12,ARSSBL,483.0,495.2,476.0,492.9,217546.0,
2026-03-13,ARSSBL,488.0,492.15,475.9,477.55,191466.0,
2026-03-16,ARSSBL,480.0,484.95,456.8,465.0,354671.0,
2026-03-17,ARSSBL,469.7,476.95,465.15,473.85,196133.0,
2026-03-18,ARSSBL,476.0,493.0,474.95,486.15,279856.0,
2026-03-19,ARSSBL,480.0,483.1,461.5,464.4,197975.0,
2026-03-20,ARSSBL,472.0,479.7,456.0,460.4,277203.0,
2026-03-23,ARSSBL,455.0,457.95,434.5,439.05,290070.0,
2026-03-24,ARSSBL,449.4,460.6,438.3,452.4,626806.0,
2026-03-25,ARSSBL,460.0,475.15,455.05,458.15,440142.0,
2026-03-27,ARSSBL,460.0,460.0,434.9,438.75,551093.0,
2026-03-30,ARSSBL,437.05,442.65,416.0,418.1,448031.0,
2026-04-01,ARSSBL,433.1,455.4,433.1,450.15,612677.0,
2026-04-02,ARSSBL,438.0,455.0,429.9,451.55,294803.0,
2026-04-06,ARSSBL,454.95,465.9,445.6,460.65,395208.0,
2026-04-07,ARSSBL,459.95,474.0,457.25,472.4,326793.0,
2026-04-08,ARSSBL,495.5,537.9,488.2,533.15,1522727.0,
2026-04-09,ARSSBL,536.8,569.9,532.15,558.8,1562675.0,
2026-04-10,ARSSBL,567.05,579.85,560.0,564.7,1027421.0,
2026-04-13,ARSSBL,550.0,577.9,539.15,573.25,1073695.0,
2026-04-15,ARSSBL,605.4,628.0,580.25,583.7,4099545.0,
2026-04-16,ARSSBL,589.0,593.0,573.0,576.25,569972.0,
2026-04-17,ARSSBL,575.05,587.0,569.0,574.5,485041.0,
2026-04-20,ARSSBL,574.5,579.9,561.0,576.0,489555.0,
2026-04-21,ARSSBL,578.0,622.0,576.95,595.45,1864327.0,
2026-04-22,ARSSBL,599.0,608.0,593.4,597.7,459970.0,
2026-04-23,ARSSBL,594.95,601.7,582.65,585.0,373716.0,
2026-04-24,ARSSBL,587.9,590.0,565.1,578.2,356438.0,
2026-04-27,ARSSBL,585.5,589.25,576.75,581.4,215222.0,
2026-04-28,ARSSBL,586.1,609.9,585.0,601.8,1230359.0,
2026-04-29,ARSSBL,604.8,607.95,592.8,601.1,453422.0,
2026-04-30,ARSSBL,600.1,618.1,582.1,598.3,725897.0,
2026-05-04,ARSSBL,599.05,619.0,596.0,613.35,717268.0,
2026-05-05,ARSSBL,620.0,630.7,601.2,606.4,1144368.0,
2026-05-06,ARSSBL,614.0,615.0,585.6,592.25,751662.0,
2026-05-07,ARSSBL,597.0,599.9,585.0,586.95,317312.0,
2026-05-08,ARSSBL,582.75,605.2,578.05,590.55,525618.0,
2026-05-11,ARSSBL,582.0,585.8,573.15,576.9,313602.0,
2026-05-12,ARSSBL,571.0,572.95,542.3,546.45,441790.0,
2026-05-13,ARSSBL,549.95,558.9,535.65,544.6,310135.0,
2026-05-14,ARSSBL,545.0,549.7,523.1,537.95,385732.0,
2026-05-15,ARSSBL,540.0,543.0,524.0,525.65,225075.0,
2026-05-18,ARSSBL,515.0,521.95,508.0,519.65,245076.0,
2026-05-19,ARSSBL,517.45,533.35,517.0,530.05,243221.0,
2026-05-20,ARSSBL,521.0,527.45,514.8,517.1,271806.0,
2026-05-21,ARSSBL,525.5,541.05,521.6,537.7,451519.0,
2026-05-22,ARSSBL,543.6,543.6,525.0,527.5,152500.0,
2026-05-25,ARSSBL,537.0,541.0,532.1,537.45,202408.0,
2026-05-26,ARSSBL,537.45,556.5,535.0,546.45,294131.0,
2026-05-27,ARSSBL,548.85,550.15,536.0,539.6,277632.0,
2026-05-29,ARSSBL,545.0,551.0,533.25,537.4,228394.0,
2026-06-01,ARSSBL,538.1,544.8,522.6,528.7,156562.0,
2026-06-02,ARSSBL,526.5,540.0,523.35,536.15,134653.0,
2026-06-03,ARSSBL,538.0,544.9,521.1,533.25,125200.0,
2026-06-04,ARSSBL,533.0,540.9,525.05,527.05,184421.0,
2026-06-05,ARSSBL,531.95,534.4,518.55,524.75,212385.0,
2026-06-08,ARSSBL,519.75,525.6,506.8,509.15,124307.0,
2026-06-09,ARSSBL,514.9,528.0,511.0,524.85,151638.0,
2026-06-10,ARSSBL,523.85,531.2,511.1,515.4,160548.0,
2026-06-11,ARSSBL,506.0,516.1,505.0,510.65,119099.0,
2026-06-12,ARSSBL,519.0,545.0,517.25,542.95,346168.0,
2026-06-15,ARSSBL,553.0,558.3,545.0,550.5,300005.0,
2026-06-16,ARSSBL,558.3,558.3,540.0,545.2,248341.0,
2026-06-17,ARSSBL,546.0,549.6,537.05,540.45,160194.0,
2026-06-18,ARSSBL,543.2,557.7,543.2,550.5,280402.0,
2026-06-19,ARSSBL,550.0,565.0,547.0,558.4,449305.0,
2026-06-22,ARSSBL,566.0,572.0,556.75,566.3,441017.0,
2026-06-23,ARSSBL,564.0,568.4,551.1,553.8,250165.0,
2026-06-24,ARSSBL,558.4,558.4,545.0,553.7,185605.0,
2026-06-25,ARSSBL,554.5,557.55,539.6,541.15,190533.0,
2026-06-29,ARSSBL,541.15,542.8,532.0,533.7,103566.0,
2026-06-30,ARSSBL,536.0,564.0,534.0,554.25,403177.0,
2026-07-01,ARSSBL,555.0,567.45,555.0,560.3,328471.0,
2026-07-02,ARSSBL,560.3,571.0,555.75,568.8,284431.0,
2026-07-03,ARSSBL,574.8,579.9,561.5,562.7,544050.0,
2026-07-06,ARSSBL,568.4,584.4,560.0,573.9,470740.0,
2026-07-07,ARSSBL,576.0,576.0,565.0,570.65,113679.0,
2026-07-08,ARSSBL,566.0,579.8,551.5,556.0,333527.0,
2026-07-09,ARSSBL,566.0,576.7,562.5,572.75,256593.0,
2026-07-10,ARSSBL,580.0,585.0,566.05,570.45,372688.0,
2026-07-13,ARSSBL,565.0,584.0,565.0,580.85,422245.0,
2026-07-14,ARSSBL,581.4,592.6,571.2,581.25,837681.0,
2026-07-15,ARSSBL,569.95,572.35,545.45,556.05,1057760.0,
2026-07-16,ARSSBL,560.0,561.3,543.2,544.85,220665.0,
2026-07-17,ARSSBL,541.0,544.85,532.0,533.9,206159.0,
2026-07-20,ARSSBL,533.0,534.05,522.95,525.5,173546.0,
2026-07-21,ARSSBL,525.55,530.5,520.0,520.6,155357.0,
2026-07-22,ARSSBL,521.1,526.7,516.0,517.6,120760.0,
2026-07-23,ARSSBL,515.0,518.85,507.0,508.6,140149.0,
2026-07-24,ARSSBL,504.0,513.15,500.0,508.2,145302.0,
2026-07-27,ARSSBL,517.7,519.8,509.9,512.5,94216.0,
2026-07-28,ARSSBL,515.0,515.0,508.8,509.9,69636.0,
2026-07-29,ARSSBL,514.0,517.5,510.0,512.4,85862.0,
2026-07-30,ARSSBL,514.0,514.0,507.0,508.85,73831.0,
2026-07-31,ARSSBL,508.6,516.9,507.05,510.8,124829.0,
2026-08-03,ARSSBL,518.7,518.7,510.0,511.2,83356.0,
2026-08-04,ARSSBL,511.5,517.8,511.0,515.35,69032.0,
2026-08-05,ARSSBL,518.0,521.4,512.4,515.35,88681.0,
2026-08-06,ARSSBL,515.0,518.45,509.3,510.8,66329.0,
2026-08-07,ARSSBL,511.0,516.0,479.2,504.0,260556.0,
2026-08-10,ARSSBL,502.05,507.0,499.05,500.6,203214.0,
2026-08-11,ARSSBL,501.0,510.9,500.0,509.15,104911.0,
2026-08-12,ARSSBL,509.15,510.75,484.25,495.8,165771.0,
2026-08-13,ARSSBL,497.0,509.2,497.0,504.65,113910.0,
2026-08-14,ARSSBL,500.0,509.05,500.0,508.2,106068.0,
2026-08-17,ARSSBL,510.9,517.0,503.3,509.2,148707.0,
2026-08-18,ARSSBL,511.0,517.0,505.5,512.0,165394.0,
2026-08-19,ARSSBL,514.5,514.5,492.6,497.45,203569.0,
2026-08-20,ARSSBL,502.0,502.15,494.8,497.65,133424.0,
2026-08-21,ARSSBL,498.5,514.0,497.0,511.7,262868.0,
2026-08-24,ARSSBL,514.95,545.0,514.0,526.2,607221.0,
2026-08-25,ARSSBL,526.0,546.05,521.15,537.35,352745.0,
2026-08-26,ARSSBL,542.0,542.0,523.0,526.3,142146.0,
2026-08-27,ARSSBL,529.7,529.7,515.0,517.05,77288.0,
2026-08-28,ARSSBL,517.05,521.0,508.0,509.7,128495.0,
2026-08-31,ARSSBL,513.15,515.0,506.25,508.75,123094.0,
2026-09-01,ARSSBL,507.0,516.85,502.3,508.8,183696.0,
2026-09-02,ARSSBL,500.0,514.2,500.0,508.3,199206.0,
2026-09-03,ARSSBL,511.9,520.0,508.05,514.95,106069.0,
2026-09-04,ARSSBL,520.65,529.4,513.35,515.05,153131.0,
2026-09-07,ARSSBL,515.0,524.7,508.3,516.3,133960.0,
2026-09-08,ARSSBL,513.05,515.55,508.4,513.65,101733.0,
2026-09-09,ARSSBL,510.05,513.0,505.0,505.55,81100.0,
2026-09-10,ARSSBL,505.55,510.0,500.0,502.05,81397.0,
2026-09-11,ARSSBL,500.1,501.0,488.0,490.25,176505.0,
2025-08-29,ASAHISONG,290.0,300.5,289.15,299.65,3198.0,
2025-09-01,ASAHISONG,301.2,309.9,299.7,303.55,9033.0,
2025-09-02,ASAHISONG,301.2,312.8,301.2,310.0,4112.0,
2025-09-03,ASAHISONG,307.25,313.5,307.25,309.25,4042.0,
2025-09-04,ASAHISONG,310.0,313.45,289.05,291.0,38546.0,
2025-09-05,ASAHISONG,294.0,299.8,294.0,295.45,4392.0,
2025-09-08,ASAHISONG,295.0,295.45,286.5,290.15,13612.0,
2025-09-09,ASAHISONG,291.3,292.4,284.25,286.4,8331.0,
2025-09-10,ASAHISONG,284.2,293.25,283.0,287.45,11461.0,
2025-09-11,ASAHISONG,291.0,292.0,285.0,286.45,21380.0,
2025-09-12,ASAHISONG,290.75,293.35,284.9,287.05,23889.0,
2025-09-15,ASAHISONG,289.0,289.4,273.95,280.25,38607.0,
2025-09-16,ASAHISONG,284.45,296.5,282.55,287.1,11599.0,
2025-09-17,ASAHISONG,286.0,291.4,280.1,281.6,13665.0,
2025-09-18,ASAHISONG,285.8,293.45,282.05,282.5,10945.0,
2025-09-19,ASAHISONG,286.75,286.75,282.5,283.35,4874.0,
2025-09-22,ASAHISONG,281.0,291.5,280.05,284.1,9523.0,
2025-09-23,ASAHISONG,286.4,289.85,284.05,288.05,5864.0,
2025-09-24,ASAHISONG,282.2,294.25,281.05,283.6,9616.0,
2025-09-25,ASAHISONG,284.55,289.0,279.15,285.8,14612.0,
2025-09-26,ASAHISONG,289.95,289.95,281.25,286.55,5848.0,
2025-09-29,ASAHISONG,286.55,290.6,275.25,277.85,10871.0,
2025-09-30,ASAHISONG,281.1,281.1,275.25,277.55,3301.0,
2025-10-01,ASAHISONG,279.85,280.3,275.25,276.55,3766.0,
2025-10-03,ASAHISONG,278.8,285.35,277.0,281.65,3907.0,
2025-10-06,ASAHISONG,282.0,305.0,279.2,299.8,57536.0,
2025-10-07,ASAHISONG,302.8,302.8,288.2,289.9,7555.0,
2025-10-08,ASAHISONG,290.05,290.05,283.55,285.9,5248.0,
2025-10-09,ASAHISONG,290.0,290.0,285.25,285.8,2678.0,
2025-10-10,ASAHISONG,287.45,289.45,278.0,279.0,11781.0,
2025-10-13,ASAHISONG,282.9,282.9,268.4,269.65,17717.0,
2025-10-14,ASAHISONG,270.5,272.0,260.0,261.4,14696.0,
2025-10-15,ASAHISONG,265.25,278.0,265.25,274.55,10424.0,
2025-10-16,ASAHISONG,278.7,284.3,271.3,273.9,14475.0,
2025-10-17,ASAHISONG,277.6,284.2,268.0,269.75,21657.0,
2025-10-20,ASAHISONG,266.2,282.0,266.2,276.7,11585.0,
2025-10-21,ASAHISONG,271.0,283.0,271.0,282.3,4749.0,
2025-10-23,ASAHISONG,286.5,286.5,274.0,275.8,12439.0,
2025-10-24,ASAHISONG,275.8,282.95,273.0,275.65,7862.0,
2025-10-27,ASAHISONG,275.85,281.95,275.85,279.1,4451.0,
2025-10-28,ASAHISONG,281.7,286.5,274.2,285.1,13348.0,
2025-10-29,ASAHISONG,285.3,293.75,282.6,288.65,29689.0,
2025-10-30,ASAHISONG,291.95,291.95,281.35,284.55,8272.0,
2025-10-31,ASAHISONG,285.7,288.25,272.25,275.55,8687.0,
2025-11-03,ASAHISONG,277.05,284.8,277.05,283.45,8911.0,
2025-11-04,ASAHISONG,284.9,285.25,277.2,278.6,7125.0,
2025-11-06,ASAHISONG,278.0,278.0,270.05,272.2,6777.0,
2025-11-07,ASAHISONG,273.7,273.7,268.65,271.25,2716.0,
2025-11-10,ASAHISONG,275.0,275.0,263.25,265.5,7684.0,
2025-11-11,ASAHISONG,266.7,268.0,245.5,254.5,27161.0,
2025-11-12,ASAHISONG,256.9,271.95,255.0,262.25,29792.0,
2025-11-13,ASAHISONG,262.75,262.75,256.2,260.25,9791.0,
2025-11-14,ASAHISONG,263.0,265.95,261.1,264.65,4973.0,
2025-11-17,ASAHISONG,264.65,265.5,259.0,262.6,16693.0,
2025-11-18,ASAHISONG,257.7,263.3,257.7,258.65,12182.0,
2025-11-19,ASAHISONG,260.7,260.7,257.0,257.1,4528.0,
2025-11-20,ASAHISONG,258.5,264.0,256.2,260.0,4888.0,
2025-11-21,ASAHISONG,260.85,261.95,256.55,258.2,2145.0,
2025-11-24,ASAHISONG,269.0,269.0,247.4,249.05,4475.0,
2025-11-25,ASAHISONG,246.0,249.05,243.95,247.0,6345.0,
2025-11-26,ASAHISONG,255.95,263.0,249.65,254.5,11757.0,
2025-11-27,ASAHISONG,259.45,259.45,252.5,258.3,8447.0,
2025-11-28,ASAHISONG,260.75,268.0,253.4,265.35,8072.0,
2025-12-01,ASAHISONG,267.9,267.9,257.55,258.1,2663.0,
2025-12-02,ASAHISONG,265.35,265.35,254.0,257.55,5428.0,
2025-12-03,ASAHISONG,262.05,262.05,255.6,256.85,2202.0,
2025-12-04,ASAHISONG,260.7,260.7,255.1,255.8,1156.0,
2025-12-05,ASAHISONG,253.05,257.0,252.0,255.75,1058.0,
2025-12-08,ASAHISONG,256.0,257.9,246.2,248.35,5801.0,
2025-12-09,ASAHISONG,245.4,252.45,245.4,246.55,6797.0,
2025-12-10,ASAHISONG,248.45,249.0,245.6,246.15,2139.0,
2025-12-11,ASAHISONG,246.95,250.0,244.0,247.0,4845.0,
2025-12-12,ASAHISONG,247.05,252.0,247.0,250.8,5824.0,
2025-12-15,ASAHISONG,268.0,268.0,255.0,259.8,6559.0,
2025-12-16,ASAHISONG,260.65,311.75,257.45,311.75,183979.0,
2025-12-17,ASAHISONG,332.95,338.6,285.95,289.55,288080.0,
2025-12-18,ASAHISONG,292.95,297.5,275.0,283.3,35742.0,
2025-12-19,ASAHISONG,278.2,293.2,274.7,284.15,28620.0,
2025-12-22,ASAHISONG,284.2,299.0,266.0,271.35,60579.0,
2025-12-23,ASAHISONG,272.0,277.15,267.05,269.4,13814.0,
2025-12-24,ASAHISONG,270.0,274.0,270.0,272.8,5142.0,
2025-12-26,ASAHISONG,272.8,285.0,270.0,270.7,10515.0,
2025-12-29,ASAHISONG,270.7,272.45,261.2,264.1,11867.0,
2025-12-30,ASAHISONG,269.0,269.0,255.4,256.15,14571.0,
2025-12-31,ASAHISONG,260.0,270.95,259.05,266.5,10539.0,
2026-01-01,ASAHISONG,269.3,272.65,260.05,262.2,8046.0,
2026-01-02,ASAHISONG,260.5,268.1,259.0,260.95,7079.0,
2026-01-05,ASAHISONG,265.85,265.9,258.0,260.1,4328.0,
2026-01-06,ASAHISONG,264.8,266.05,255.85,260.0,6096.0,
2026-01-07,ASAHISONG,259.95,266.95,252.0,253.55,24069.0,
2026-01-08,ASAHISONG,257.95,257.95,251.0,252.0,6362.0,
2026-01-09,ASAHISONG,251.2,252.6,243.15,244.65,6345.0,
2026-01-12,ASAHISONG,241.0,246.35,235.0,239.65,5466.0,
2026-01-13,ASAHISONG,240.1,243.9,240.1,241.95,5933.0,
2026-01-14,ASAHISONG,241.85,242.0,235.0,239.3,7849.0,
2026-01-16,ASAHISONG,241.95,246.6,239.4,241.15,5510.0,
2026-01-19,ASAHISONG,240.5,240.5,231.5,234.55,8282.0,
2026-01-20,ASAHISONG,241.8,241.8,231.8,232.4,5028.0,
2026-01-21,ASAHISONG,241.95,241.95,220.0,222.85,14921.0,
2026-01-22,ASAHISONG,228.0,235.5,225.65,231.6,3229.0,
2026-01-23,ASAHISONG,233.3,239.6,226.45,235.55,5000.0,
2026-01-27,ASAHISONG,230.85,234.2,223.65,226.9,7283.0,
2026-01-28,ASAHISONG,228.2,234.65,228.2,229.35,3673.0,
2026-01-29,ASAHISONG,236.95,236.95,218.55,220.25,13101.0,
2026-01-30,ASAHISONG,222.15,225.0,216.35,223.95,7699.0,
2026-02-02,ASAHISONG,225.99,225.99,212.2,213.96,9437.0,
2026-02-03,ASAHISONG,234.99,234.99,223.4,224.46,13467.0,
2026-02-04,ASAHISONG,225.9,239.14,225.66,234.28,10737.0,
2026-02-05,ASAHISONG,237.0,238.45,228.25,233.84,19626.0,
2026-02-06,ASAHISONG,231.0,236.35,225.0,226.11,13917.0,
2026-02-09,ASAHISONG,226.0,237.85,224.6,230.67,22463.0,
2026-02-10,ASAHISONG,237.99,240.99,235.1,238.37,8447.0,
2026-02-11,ASAHISONG,236.01,237.89,230.36,232.92,13719.0,
2026-02-12,ASAHISONG,234.52,235.25,231.12,233.65,4541.0,
2026-02-13,ASAHISONG,233.7,237.25,221.1,226.74,14265.0,
2026-02-16,ASAHISONG,229.31,229.31,221.3,224.81,6831.0,
2026-02-17,ASAHISONG,232.0,232.0,223.0,224.8,2482.0,
2026-02-18,ASAHISONG,224.0,231.98,221.21,222.48,5437.0,
2026-02-19,ASAHISONG,225.6,225.6,220.0,221.31,2458.0,
2026-02-20,ASAHISONG,222.88,223.98,217.3,219.33,2713.0,
2026-02-23,ASAHISONG,219.33,229.0,216.81,224.61,7160.0,
2026-02-24,ASAHISONG,216.02,222.74,211.22,214.62,12302.0,
2026-02-25,ASAHISONG,216.9,218.04,207.0,210.57,3818.0,
2026-02-26,ASAHISONG,215.79,216.0,209.24,215.23,5118.0,
2026-02-27,ASAHISONG,218.6,228.48,211.13,224.61,9488.0,
2026-03-02,ASAHISONG,219.85,224.0,213.98,219.84,23480.0,
2026-03-04,ASAHISONG,219.01,219.01,215.51,218.24,6706.0,
2026-03-05,ASAHISONG,217.89,229.92,215.97,225.28,14470.0,
2026-03-06,ASAHISONG,227.53,227.53,219.1,219.99,17502.0,
2026-03-09,ASAHISONG,220.0,220.0,211.0,214.72,20220.0,
2026-03-10,ASAHISONG,216.4,220.52,214.04,214.64,10845.0,
2026-03-11,ASAHISONG,214.64,219.0,195.0,196.05,55409.0,
2026-03-12,ASAHISONG,195.9,195.9,188.1,188.74,58468.0,
2026-03-13,ASAHISONG,190.0,190.0,179.64,182.78,32915.0,
2026-03-16,ASAHISONG,183.0,189.75,181.0,187.28,38632.0,
2026-03-17,ASAHISONG,189.46,193.0,185.11,190.75,23335.0,
2026-03-18,ASAHISONG,193.69,198.26,190.55,197.3,23320.0,
2026-03-19,ASAHISONG,199.89,201.53,192.31,199.46,20118.0,
2026-03-20,ASAHISONG,201.99,212.78,201.99,206.92,26271.0,
2026-03-23,ASAHISONG,204.11,207.89,195.0,200.23,24545.0,
2026-03-24,ASAHISONG,200.65,203.75,194.0,198.13,13365.0,
2026-03-25,ASAHISONG,204.58,206.0,200.0,200.6,13976.0,
2026-03-27,ASAHISONG,196.0,201.75,193.7,195.07,28960.0,
2026-03-30,ASAHISONG,195.1,195.1,184.71,186.45,12784.0,
2026-04-01,ASAHISONG,194.0,201.9,187.59,200.75,8985.0,
2026-04-02,ASAHISONG,196.89,209.79,196.41,206.47,5997.0,
2026-04-06,ASAHISONG,206.6,218.9,202.52,215.98,7488.0,
2026-04-07,ASAHISONG,230.0,231.99,224.63,230.4,18616.0,
2026-04-08,ASAHISONG,234.0,239.0,226.0,227.87,15042.0,
2026-04-09,ASAHISONG,228.88,234.6,228.01,232.43,6675.0,
2026-04-10,ASAHISONG,226.1,237.08,226.1,230.06,6632.0,
2026-04-13,ASAHISONG,228.57,230.2,220.53,225.06,6350.0,
2026-04-15,ASAHISONG,230.11,236.48,226.0,228.75,15680.0,
2026-04-16,ASAHISONG,230.0,232.78,226.03,228.17,5214.0,
2026-04-17,ASAHISONG,229.88,233.0,226.51,230.78,5137.0,
2026-04-20,ASAHISONG,234.59,245.0,234.59,240.35,30082.0,
2026-04-21,ASAHISONG,244.82,244.82,235.19,242.49,9710.0,
2026-04-22,ASAHISONG,240.2,244.32,234.75,236.47,10883.0,
2026-04-23,ASAHISONG,236.75,240.02,233.01,235.19,5695.0,
2026-04-24,ASAHISONG,235.45,235.45,220.81,223.19,6836.0,
2026-04-27,ASAHISONG,228.23,245.5,226.01,240.21,21900.0,
2026-04-28,ASAHISONG,243.0,254.49,229.37,234.31,71176.0,
2026-04-29,ASAHISONG,236.49,252.0,231.1,245.13,70827.0,
2026-04-30,ASAHISONG,246.0,258.59,238.34,247.29,34451.0,
2026-05-04,ASAHISONG,243.0,257.57,243.0,244.97,28138.0,
2026-05-05,ASAHISONG,251.0,257.9,242.0,243.31,41040.0,
2026-05-06,ASAHISONG,244.03,251.5,244.03,249.04,7503.0,
2026-05-07,ASAHISONG,245.0,267.99,245.0,262.25,25562.0,
2026-05-08,ASAHISONG,260.0,262.34,244.03,255.91,17226.0,
2026-05-11,ASAHISONG,248.1,261.16,248.1,257.35,4643.0,
2026-05-12,ASAHISONG,254.05,254.63,245.0,246.92,6022.0,
2026-05-13,ASAHISONG,244.43,254.0,243.0,244.94,4621.0,
2026-05-14,ASAHISONG,248.91,253.99,243.0,244.1,2128.0,
2026-05-15,ASAHISONG,245.04,250.09,238.1,241.12,7496.0,
2026-05-18,ASAHISONG,230.75,235.05,225.01,227.92,20099.0,
2026-05-19,ASAHISONG,228.12,240.9,227.08,239.22,47764.0,
2026-05-20,ASAHISONG,240.0,240.05,235.51,237.39,4775.0,
2026-05-21,ASAHISONG,240.0,249.88,236.59,241.17,50117.0,
2026-05-22,ASAHISONG,238.67,245.46,231.25,236.12,22791.0,
2026-05-25,ASAHISONG,237.09,242.2,232.15,234.91,35614.0,
2026-05-26,ASAHISONG,234.91,274.9,231.9,254.69,148424.0,
2026-05-27,ASAHISONG,256.0,268.35,248.01,252.66,37153.0,
2026-05-29,ASAHISONG,250.04,250.75,242.78,244.61,35768.0,
2026-06-01,ASAHISONG,240.0,263.0,240.0,258.58,124541.0,
2026-06-02,ASAHISONG,255.0,262.14,252.41,259.14,10435.0,
2026-06-03,ASAHISONG,261.0,261.0,254.1,257.84,11330.0,
2026-06-04,ASAHISONG,259.45,262.74,258.99,259.28,24138.0,
2026-06-05,ASAHISONG,259.5,262.0,253.15,254.36,12827.0,
2026-06-08,ASAHISONG,254.21,257.71,244.1,245.49,22867.0,
2026-06-09,ASAHISONG,248.78,273.3,248.78,262.8,80349.0,
2026-06-10,ASAHISONG,265.91,268.38,255.01,257.72,14477.0,
2026-06-11,ASAHISONG,259.0,259.0,250.0,251.65,9872.0,
2026-06-12,ASAHISONG,259.8,259.8,253.5,257.32,7217.0,
2026-06-15,ASAHISONG,259.5,264.7,258.0,261.24,15667.0,
2026-06-16,ASAHISONG,261.26,261.26,248.3,250.19,13092.0,
2026-06-17,ASAHISONG,250.19,257.0,250.19,255.2,5745.0,
2026-06-18,ASAHISONG,258.9,261.5,253.21,257.89,9775.0,
2026-06-19,ASAHISONG,260.39,261.0,256.19,258.92,7929.0,
2026-06-22,ASAHISONG,261.0,261.0,255.02,257.21,3188.0,
2026-06-23,ASAHISONG,255.93,260.5,255.0,256.2,4440.0,
2026-06-24,ASAHISONG,256.0,259.77,255.0,257.19,6074.0,
2026-06-25,ASAHISONG,257.31,263.77,253.7,255.96,6188.0,
2026-06-29,ASAHISONG,254.7,258.0,247.75,249.42,5027.0,
2026-06-30,ASAHISONG,249.83,259.02,249.83,251.44,5460.0,
2026-07-01,ASAHISONG,257.65,257.95,250.0,250.9,6195.0,
2026-07-02,ASAHISONG,252.15,257.75,249.95,253.15,4342.0,
2026-07-03,ASAHISONG,253.55,256.35,249.9,253.05,3233.0,
2026-07-06,ASAHISONG,250.15,261.0,250.15,256.1,6426.0,
2026-07-07,ASAHISONG,259.9,259.9,250.4,257.1,9503.0,
2026-07-08,ASAHISONG,258.1,272.75,253.05,261.8,49283.0,
2026-07-09,ASAHISONG,256.35,283.95,256.35,275.85,33421.0,
2026-07-10,ASAHISONG,283.0,285.0,267.6,269.65,14760.0,
2026-07-13,ASAHISONG,274.1,286.8,274.0,283.95,16187.0,
2026-07-14,ASAHISONG,287.0,290.0,275.5,284.55,19844.0,
2026-07-15,ASAHISONG,284.55,288.45,273.75,275.35,11457.0,
2026-07-16,ASAHISONG,275.45,283.3,271.55,272.2,4667.0,
2026-07-17,ASAHISONG,279.65,279.65,266.0,266.5,7714.0,
2026-07-20,ASAHISONG,266.75,279.9,264.0,270.9,7884.0,
2026-07-21,ASAHISONG,280.4,280.4,263.6,268.75,16596.0,
2026-07-22,ASAHISONG,284.8,307.9,272.0,299.4,181522.0,
2026-07-23,ASAHISONG,300.0,324.0,300.0,318.9,130203.0,
2026-07-24,ASAHISONG,322.0,336.0,317.0,332.95,63845.0,
2026-07-27,ASAHISONG,342.0,366.45,329.8,339.85,248295.0,
2026-07-28,ASAHISONG,344.9,366.6,334.5,352.9,81750.0,
2026-07-29,ASAHISONG,352.95,386.95,345.0,356.35,538492.0,
2026-07-30,ASAHISONG,365.2,407.7,365.2,376.1,480857.0,
2026-07-31,ASAHISONG,377.6,394.9,376.1,394.9,51277.0,
2026-08-03,ASAHISONG,413.95,413.95,378.0,391.35,36757.0,
2026-08-04,ASAHISONG,378.15,404.9,376.0,391.2,26857.0,
2026-08-05,ASAHISONG,392.6,399.0,378.0,385.6,19390.0,
2026-08-06,ASAHISONG,385.6,385.6,370.0,373.7,21298.0,
2026-08-07,ASAHISONG,364.05,370.0,364.0,365.5,10346.0,
2026-08-10,ASAHISONG,368.5,368.5,352.7,355.85,22641.0,
2026-08-11,ASAHISONG,355.85,355.85,338.1,338.1,57907.0,
2026-08-12,ASAHISONG,338.1,354.0,328.0,329.5,65981.0,
2026-08-13,ASAHISONG,323.15,345.95,323.15,345.95,21459.0,
2026-08-14,ASAHISONG,363.2,363.2,358.35,361.9,18049.0,
2026-08-17,ASAHISONG,362.95,371.95,355.0,357.0,9254.0,
2026-08-18,ASAHISONG,348.1,351.5,340.0,345.2,23392.0,
2026-08-19,ASAHISONG,345.2,361.7,337.0,357.3,17852.0,
2026-08-20,ASAHISONG,357.3,366.9,349.0,359.6,5591.0,
2026-08-21,ASAHISONG,366.0,369.65,360.1,368.0,5233.0,
2026-08-24,ASAHISONG,368.0,379.0,359.0,376.15,8558.0,
2026-08-25,ASAHISONG,373.0,373.0,365.6,369.7,3462.0,
2026-08-26,ASAHISONG,370.5,370.5,363.2,364.85,6965.0,
2026-08-27,ASAHISONG,364.55,370.0,360.05,365.9,5181.0,
2026-08-28,ASAHISONG,355.4,375.0,352.0,366.7,9722.0,
2026-08-31,ASAHISONG,355.35,380.0,355.35,378.75,22699.0,
2026-09-01,ASAHISONG,379.7,385.0,371.1,374.55,7685.0,
2026-09-02,ASAHISONG,364.15,374.55,364.0,367.9,12724.0,
2026-09-03,ASAHISONG,374.3,380.0,368.05,368.8,14633.0,
2026-09-04,ASAHISONG,372.0,377.0,367.1,372.65,18001.0,
2026-09-07,ASAHISONG,373.2,391.25,373.2,391.15,43329.0,
2026-09-08,ASAHISONG,388.0,389.0,381.2,385.35,16905.0,
2026-09-09,ASAHISONG,385.35,391.0,380.0,389.9,15423.0,
2026-09-10,ASAHISONG,392.55,392.55,375.05,375.65,11155.0,
2026-09-11,ASAHISONG,365.55,370.0,356.9,363.95,22015.0,
2025-08-29,AVONMORE,19.31,19.69,19.01,19.21,94696.0,
2025-09-01,AVONMORE,19.12,19.95,19.01,19.3,268983.0,
2025-09-02,AVONMORE,19.22,19.68,19.0,19.09,139746.0,
2025-09-03,AVONMORE,19.22,19.35,18.9,19.0,104707.0,
2025-09-04,AVONMORE,19.3,20.0,18.87,18.93,406847.0,
2025-09-05,AVONMORE,19.07,19.5,18.61,19.43,292014.0,
2025-09-08,AVONMORE,19.43,19.75,18.97,19.06,140182.0,
2025-09-09,AVONMORE,19.4,22.18,19.0,21.74,1665650.0,
2025-09-10,AVONMORE,22.51,23.9,20.92,21.55,1405143.0,
2025-09-11,AVONMORE,21.53,21.99,20.91,21.52,602428.0,
2025-09-12,AVONMORE,21.51,22.0,21.1,21.59,347550.0,
2025-09-15,AVONMORE,21.57,21.8,20.09,20.37,468427.0,
2025-09-16,AVONMORE,20.19,20.79,20.19,20.54,173988.0,
2025-09-17,AVONMORE,20.35,20.72,20.26,20.32,191971.0,
2025-09-18,AVONMORE,20.36,20.75,19.91,20.2,319454.0,
2025-09-19,AVONMORE,20.11,20.59,19.9,20.31,173673.0,
2025-09-22,AVONMORE,20.31,20.67,19.72,19.83,348039.0,
2025-09-23,AVONMORE,19.71,20.11,19.45,19.48,244340.0,
2025-09-24,AVONMORE,19.8,19.8,19.25,19.33,171436.0,
2025-09-25,AVONMORE,19.33,19.63,18.95,19.09,280664.0,
2025-09-26,AVONMORE,19.09,19.57,18.54,18.7,413792.0,
2025-09-29,AVONMORE,18.7,19.05,18.36,18.61,396199.0,
2025-09-30,AVONMORE,18.53,18.8,18.13,18.19,230635.0,
2025-10-01,AVONMORE,18.21,19.08,18.21,18.9,168185.0,
2025-10-03,AVONMORE,18.96,18.96,18.51,18.78,110425.0,
2025-10-06,AVONMORE,18.88,19.15,18.35,18.99,324781.0,
2025-10-07,AVONMORE,18.55,19.28,18.55,19.04,315776.0,
2025-10-08,AVONMORE,19.26,19.28,19.0,19.19,128608.0,
2025-10-09,AVONMORE,19.18,19.31,18.91,19.19,164384.0,
2025-10-10,AVONMORE,19.09,19.3,18.93,19.01,132285.0,
2025-10-13,AVONMORE,18.84,18.88,18.57,18.62,144144.0,
2025-10-14,AVONMORE,18.85,18.85,17.64,17.9,520050.0,
2025-10-15,AVONMORE,17.9,18.8,17.85,18.58,179807.0,
2025-10-16,AVONMORE,18.26,18.57,18.08,18.19,84142.0,
2025-10-17,AVONMORE,18.45,18.45,17.86,17.94,176599.0,
2025-10-20,AVONMORE,18.28,18.3,17.7,17.83,119495.0,
2025-10-21,AVONMORE,17.83,18.51,17.83,18.16,52826.0,
2025-10-23,AVONMORE,18.21,18.48,17.86,17.98,162233.0,
2025-10-24,AVONMORE,17.8,18.09,17.25,17.85,167984.0,
2025-10-27,AVONMORE,17.5,18.13,17.16,17.58,142048.0,
2025-10-28,AVONMORE,17.59,17.89,17.5,17.66,80046.0,
2025-10-29,AVONMORE,17.66,17.81,17.4,17.61,103903.0,
2025-10-30,AVONMORE,17.55,17.9,17.36,17.6,144790.0,
2025-10-31,AVONMORE,17.55,18.0,17.2,17.27,154720.0,
2025-11-03,AVONMORE,17.25,17.79,17.2,17.44,114841.0,
2025-11-04,AVONMORE,17.7,17.99,17.26,17.45,72828.0,
2025-11-06,AVONMORE,17.79,17.79,17.12,17.45,104063.0,
2025-11-07,AVONMORE,17.13,18.5,17.08,17.71,136425.0,
2025-11-10,AVONMORE,18.09,18.09,17.16,17.2,120519.0,
2025-11-11,AVONMORE,17.24,17.28,16.9,16.95,149200.0,
2025-11-12,AVONMORE,17.2,17.31,16.25,16.69,384185.0,
2025-11-13,AVONMORE,16.85,17.55,16.84,17.21,465596.0,
2025-11-14,AVONMORE,17.5,19.68,17.26,18.68,1066642.0,
2025-11-17,AVONMORE,18.64,19.9,17.93,18.51,1136481.0,
2025-11-18,AVONMORE,18.49,18.72,18.03,18.37,169919.0,
2025-11-19,AVONMORE,18.37,18.93,18.3,18.53,194230.0,
2025-11-20,AVONMORE,18.89,19.2,18.23,18.86,190624.0,
2025-11-21,AVONMORE,19.03,19.19,18.45,18.72,170701.0,
2025-11-24,AVONMORE,18.72,18.79,17.65,17.92,224636.0,
2025-11-25,AVONMORE,18.0,19.05,17.72,18.5,566707.0,
2025-11-26,AVONMORE,18.16,19.0,18.1,18.19,186258.0,
2025-11-27,AVONMORE,18.25,18.58,17.98,18.07,367527.0,
2025-11-28,AVONMORE,18.11,18.49,17.8,17.9,380895.0,
2025-12-01,AVONMORE,17.9,18.4,17.79,17.89,348411.0,
2025-12-02,AVONMORE,17.81,18.26,17.66,17.68,404402.0,
2025-12-03,AVONMORE,17.52,18.04,16.97,17.04,247553.0,
2025-12-04,AVONMORE,17.48,17.48,17.0,17.11,328546.0,
2025-12-05,AVONMORE,17.49,17.49,17.0,17.03,317759.0,
2025-12-08,AVONMORE,17.1,17.16,16.78,16.94,114792.0,
2025-12-09,AVONMORE,17.0,17.0,16.5,16.72,152678.0,
2025-12-10,AVONMORE,17.1,17.1,15.93,16.14,221464.0,
2025-12-11,AVONMORE,16.01,16.5,16.01,16.19,121258.0,
2025-12-12,AVONMORE,16.19,16.46,16.0,16.08,113730.0,
2025-12-15,AVONMORE,16.0,16.39,15.9,16.05,148321.0,
2025-12-16,AVONMORE,16.0,16.78,15.8,15.97,93537.0,
2025-12-17,AVONMORE,15.9,15.97,15.1,15.22,293504.0,
2025-12-18,AVONMORE,15.31,16.9,15.0,16.77,417216.0,
2025-12-19,AVONMORE,17.05,17.7,16.96,17.4,667373.0,
2025-12-22,AVONMORE,17.4,18.6,17.4,18.44,918290.0,
2025-12-23,AVONMORE,18.44,19.15,18.27,19.03,389919.0,
2025-12-24,AVONMORE,19.0,19.6,18.52,19.11,593605.0,
2025-12-26,AVONMORE,18.8,19.24,18.56,18.59,120594.0,
2025-12-29,AVONMORE,18.13,19.92,18.13,18.8,485695.0,
2025-12-30,AVONMORE,18.9,19.39,18.35,18.72,209583.0,
2025-12-31,AVONMORE,18.55,19.19,18.34,18.74,200009.0,
2026-01-01,AVONMORE,18.75,18.96,18.36,18.69,152772.0,
2026-01-02,AVONMORE,18.55,18.99,18.51,18.65,112619.0,
2026-01-05,AVONMORE,18.45,18.99,18.0,18.19,215324.0,
2026-01-06,AVONMORE,18.73,18.73,18.21,18.34,295031.0,
2026-01-07,AVONMORE,18.3,20.39,18.07,19.39,1843154.0,
2026-01-08,AVONMORE,19.75,20.1,18.3,18.38,446612.0,
2026-01-09,AVONMORE,18.71,19.0,17.38,17.81,223959.0,
2026-01-12,AVONMORE,17.84,18.37,17.12,17.27,286984.0,
2026-01-13,AVONMORE,17.25,17.99,17.25,17.73,93291.0,
2026-01-14,AVONMORE,17.56,18.1,17.26,17.4,193558.0,
2026-01-16,AVONMORE,17.4,17.99,17.02,17.41,297128.0,
2026-01-19,AVONMORE,17.31,17.63,17.0,17.29,267610.0,
2026-01-20,AVONMORE,17.2,17.34,16.21,16.46,309224.0,
2026-01-21,AVONMORE,16.35,17.37,16.02,16.17,250972.0,
2026-01-22,AVONMORE,16.41,16.98,15.83,16.11,295846.0,
2026-01-23,AVONMORE,16.06,16.7,15.27,15.77,271202.0,
2026-01-27,AVONMORE,16.0,16.0,15.1,15.58,557737.0,
2026-01-28,AVONMORE,15.6,16.23,15.27,15.53,235648.0,
2026-01-29,AVONMORE,15.6,15.94,14.8,15.05,619424.0,
2026-01-30,AVONMORE,15.1,15.38,14.82,15.11,170585.0,
2026-02-02,AVONMORE,14.82,15.5,14.6,14.87,94896.0,
2026-02-03,AVONMORE,15.35,15.8,14.7,14.8,132845.0,
2026-02-04,AVONMORE,15.0,15.15,14.6,14.84,172007.0,
2026-02-05,AVONMORE,14.9,15.13,14.52,14.71,132561.0,
2026-02-06,AVONMORE,14.98,14.99,14.5,14.55,96156.0,
2026-02-09,AVONMORE,14.79,15.07,14.62,14.96,148059.0,
2026-02-10,AVONMORE,15.1,15.27,14.78,14.84,133197.0,
2026-02-11,AVONMORE,14.62,15.3,14.62,15.01,118476.0,
2026-02-12,AVONMORE,15.08,15.24,14.6,14.69,182092.0,
2026-02-13,AVONMORE,14.38,15.15,13.86,15.06,250495.0,
2026-02-16,AVONMORE,15.4,15.75,15.21,15.72,270742.0,
2026-02-17,AVONMORE,15.72,15.99,14.15,14.9,259159.0,
2026-02-18,AVONMORE,15.19,15.32,14.67,14.87,61197.0,
2026-02-19,AVONMORE,14.85,15.2,14.56,14.63,148172.0,
2026-02-20,AVONMORE,14.89,15.33,14.71,14.96,101488.0,
2026-02-23,AVONMORE,15.3,15.4,14.91,15.08,142261.0,
2026-02-24,AVONMORE,15.35,15.35,14.84,15.14,138450.0,
2026-02-25,AVONMORE,15.0,15.31,14.88,15.01,113269.0,
2026-02-26,AVONMORE,15.21,15.21,14.7,14.76,158205.0,
2026-02-27,AVONMORE,15.0,15.01,14.51,14.6,77956.0,
2026-03-02,AVONMORE,13.81,14.59,13.21,13.88,413172.0,
2026-03-04,AVONMORE,13.53,13.99,13.25,13.72,271358.0,
2026-03-05,AVONMORE,13.72,15.15,13.72,14.8,300785.0,
2026-03-06,AVONMORE,14.22,14.84,13.9,14.1,159398.0,
2026-03-09,AVONMORE,14.4,14.4,13.64,13.86,64966.0,
2026-03-10,AVONMORE,13.87,14.49,13.65,13.72,113343.0,
2026-03-11,AVONMORE,14.22,14.3,13.5,13.72,91478.0,
2026-03-12,AVONMORE,13.72,13.73,12.25,12.56,893608.0,
2026-03-13,AVONMORE,12.6,12.95,11.4,11.65,793698.0,
2026-03-16,AVONMORE,11.9,12.19,11.75,11.97,535324.0,
2026-03-17,AVONMORE,12.0,12.44,11.47,12.19,525510.0,
2026-03-18,AVONMORE,12.25,13.02,12.2,12.89,206195.0,
2026-03-19,AVONMORE,13.1,14.25,12.14,12.43,333383.0,
2026-03-20,AVONMORE,12.44,12.85,12.01,12.08,256713.0,
2026-03-23,AVONMORE,12.4,12.4,11.17,11.4,317520.0,
2026-03-24,AVONMORE,11.97,11.97,11.34,11.49,325902.0,
2026-03-25,AVONMORE,12.01,12.49,11.57,11.69,929426.0,
2026-03-27,AVONMORE,11.92,11.99,10.91,11.0,430060.0,
2026-03-30,AVONMORE,11.0,11.31,10.0,10.14,591979.0,
2026-04-01,AVONMORE,11.25,11.55,10.93,11.41,183231.0,
2026-04-02,AVONMORE,11.41,11.61,10.8,10.86,302937.0,
2026-04-06,AVONMORE,11.4,11.78,11.0,11.71,287575.0,
2026-04-07,AVONMORE,11.71,12.1,11.37,11.74,104500.0,
2026-04-08,AVONMORE,12.15,12.49,12.1,12.45,131996.0,
2026-04-09,AVONMORE,12.49,12.88,11.65,11.89,1069180.0,
2026-04-10,AVONMORE,12.3,12.45,12.0,12.37,145852.0,
2026-04-13,AVONMORE,12.0,12.29,11.41,11.96,404028.0,
2026-04-15,AVONMORE,12.49,13.19,12.36,12.98,213422.0,
2026-04-16,AVONMORE,13.35,13.66,12.51,12.85,361043.0,
2026-04-17,AVONMORE,13.2,13.2,12.5,12.98,295710.0,
2026-04-20,AVONMORE,13.39,13.39,12.06,12.28,778149.0,
2026-04-21,AVONMORE,12.97,12.97,11.83,12.47,580213.0,
2026-04-22,AVONMORE,12.75,12.75,12.13,12.3,128476.0,
2026-04-23,AVONMORE,12.46,12.69,12.18,12.4,177688.0,
2026-04-24,AVONMORE,12.69,12.7,12.01,12.22,196220.0,
2026-04-27,AVONMORE,12.22,12.49,12.16,12.35,63473.0,
2026-04-28,AVONMORE,12.35,12.96,12.27,12.84,163609.0,
2026-04-29,AVONMORE,13.09,13.09,12.06,12.29,182270.0,
2026-04-30,AVONMORE,12.29,12.5,12.09,12.36,128636.0,
2026-05-04,AVONMORE,12.36,12.45,12.14,12.2,137793.0,
2026-05-05,AVONMORE,12.21,12.39,12.06,12.27,53896.0,
2026-05-06,AVONMORE,12.45,12.75,11.88,12.16,475735.0,
2026-05-07,AVONMORE,12.33,12.39,12.1,12.2,96751.0,
2026-05-08,AVONMORE,12.07,12.32,12.07,12.16,126669.0,
2026-05-11,AVONMORE,12.43,12.43,11.81,11.89,136577.0,
2026-05-12,AVONMORE,12.0,12.16,10.72,11.06,411298.0,
2026-05-13,AVONMORE,11.16,11.85,11.16,11.47,224348.0,
2026-05-14,AVONMORE,11.97,11.97,11.11,11.63,241085.0,
2026-05-15,AVONMORE,11.51,11.54,10.96,11.02,291223.0,
2026-05-18,AVONMORE,11.41,11.41,10.81,10.87,70367.0,
2026-05-19,AVONMORE,10.9,11.29,10.73,11.19,283381.0,
2026-05-20,AVONMORE,11.39,11.39,10.67,10.72,325843.0,
2026-05-21,AVONMORE,10.99,11.22,10.77,10.99,136624.0,
2026-05-22,AVONMORE,10.96,11.15,10.8,10.95,72876.0,
2026-05-25,AVONMORE,10.8,12.25,10.8,11.4,187870.0,
2026-05-26,AVONMORE,11.6,11.64,10.82,10.93,152631.0,
2026-05-27,AVONMORE,10.65,11.3,10.65,11.06,91528.0,
2026-05-29,AVONMORE,11.49,11.49,10.85,10.91,159435.0,
2026-06-01,AVONMORE,10.76,11.43,10.75,10.76,116697.0,
2026-06-02,AVONMORE,10.8,10.8,10.2,10.32,185060.0,
2026-06-03,AVONMORE,10.32,10.38,10.08,10.21,112134.0,
2026-06-04,AVONMORE,10.21,10.45,10.05,10.13,123932.0,
2026-06-05,AVONMORE,10.45,10.45,10.0,10.17,126905.0,
2026-06-08,AVONMORE,10.14,10.23,9.51,9.79,106997.0,
2026-06-09,AVONMORE,9.72,10.1,9.72,9.95,116209.0,
2026-06-10,AVONMORE,10.04,10.19,9.65,9.78,128861.0,
2026-06-11,AVONMORE,10.0,10.14,9.8,10.08,232581.0,
2026-06-12,AVONMORE,10.5,11.6,10.5,10.87,585278.0,
2026-06-15,AVONMORE,11.05,12.13,10.67,11.2,286345.0,
2026-06-16,AVONMORE,11.49,11.49,10.78,11.25,126249.0,
2026-06-17,AVONMORE,11.54,11.54,10.67,10.87,359789.0,
2026-06-18,AVONMORE,10.98,11.17,10.74,10.93,134887.0,
2026-06-19,AVONMORE,10.82,10.97,10.75,10.9,120825.0,
2026-06-22,AVONMORE,10.7,10.95,10.7,10.89,157976.0,
2026-06-23,AVONMORE,10.75,11.25,10.75,10.91,186358.0,
2026-06-24,AVONMORE,10.7,11.05,10.7,10.82,115360.0,
2026-06-25,AVONMORE,10.82,10.9,10.4,10.55,136513.0,
2026-06-29,AVONMORE,10.93,10.93,10.1,10.17,207152.0,
2026-06-30,AVONMORE,10.46,10.46,10.02,10.25,112604.0,
2026-07-01,AVONMORE,10.34,10.34,10.0,10.13,179482.0,
2026-07-02,AVONMORE,10.36,10.36,10.1,10.24,140560.0,
2026-07-03,AVONMORE,10.11,10.51,10.1,10.12,143945.0,
2026-07-06,AVONMORE,10.32,10.32,10.03,10.04,135736.0,
2026-07-07,AVONMORE,10.0,10.17,9.96,10.0,64751.0,
2026-07-08,AVONMORE,10.16,10.16,9.95,10.06,128470.0,
2026-07-09,AVONMORE,9.95,10.13,9.95,10.0,80340.0,
2026-07-10,AVONMORE,10.13,10.17,9.97,9.99,115771.0,
2026-07-13,AVONMORE,9.92,10.3,9.92,10.0,50968.0,
2026-07-14,AVONMORE,10.0,10.34,9.96,10.05,56105.0,
2026-07-15,AVONMORE,10.25,10.28,9.69,9.8,302871.0,
2026-07-16,AVONMORE,9.8,10.17,9.6,9.88,202878.0,
2026-07-17,AVONMORE,9.88,10.18,9.68,9.76,191237.0,
2026-07-20,AVONMORE,9.91,10.0,9.7,9.76,99127.0,
2026-07-21,AVONMORE,9.97,9.97,9.65,9.69,74382.0,
2026-07-22,AVONMORE,9.71,9.94,9.66,9.7,88917.0,
2026-07-23,AVONMORE,10.14,10.14,9.52,9.61,60958.0,
2026-07-24,AVONMORE,9.5,9.8,9.22,9.39,107725.0,
2026-07-27,AVONMORE,9.75,9.75,9.2,9.29,98601.0,
2026-07-28,AVONMORE,9.29,9.43,9.05,9.15,91849.0,
2026-07-29,AVONMORE,9.14,10.98,9.14,10.98,937993.0,
2026-07-30,AVONMORE,11.99,11.99,11.05,11.15,1318590.0,
2026-07-31,AVONMORE,11.0,11.5,10.98,11.17,453758.0,
2026-08-03,AVONMORE,11.35,11.48,11.25,11.36,126394.0,
2026-08-04,AVONMORE,11.13,11.39,11.04,11.16,125826.0,
2026-08-05,AVONMORE,11.21,11.88,11.07,11.37,146430.0,
2026-08-06,AVONMORE,11.55,11.58,11.02,11.1,163708.0,
2026-08-07,AVONMORE,11.1,11.18,10.85,10.93,76878.0,
2026-08-10,AVONMORE,11.0,11.55,10.65,11.09,514655.0,
2026-08-11,AVONMORE,11.09,11.45,11.01,11.36,501713.0,
2026-08-12,AVONMORE,11.35,11.71,11.22,11.37,192262.0,
2026-08-13,AVONMORE,11.63,12.22,11.25,11.98,550766.0,
2026-08-14,AVONMORE,12.39,12.85,12.0,12.35,445591.0,
2026-08-17,AVONMORE,12.45,13.14,12.4,13.01,339377.0,
2026-08-18,AVONMORE,13.49,13.64,13.0,13.18,404631.0,
2026-08-19,AVONMORE,13.57,13.65,12.97,13.03,244813.0,
2026-08-20,AVONMORE,13.29,13.9,13.14,13.3,411628.0,
2026-08-21,AVONMORE,13.16,13.67,13.16,13.23,201588.0,
2026-08-24,AVONMORE,13.34,13.98,13.31,13.58,547617.0,
2026-08-25,AVONMORE,13.79,13.8,13.3,13.44,233097.0,
2026-08-26,AVONMORE,13.7,14.2,13.52,13.97,439384.0,
2026-08-27,AVONMORE,14.2,14.44,13.5,13.68,135197.0,
2026-08-28,AVONMORE,13.72,14.15,13.72,13.9,145925.0,
2026-08-31,AVONMORE,13.9,14.19,13.36,13.79,422312.0,
2026-09-01,AVONMORE,14.0,14.0,13.2,13.34,185858.0,
2026-09-02,AVONMORE,13.3,13.3,12.85,13.1,194160.0,
2026-09-03,AVONMORE,12.95,13.79,12.85,13.12,262918.0,
2026-09-04,AVONMORE,13.74,13.74,12.93,13.02,310318.0,
2026-09-07,AVONMORE,13.07,14.22,13.07,14.1,647927.0,
2026-09-08,AVONMORE,14.35,14.35,14.0,14.06,152135.0,
2026-09-09,AVONMORE,14.25,14.25,13.54,13.99,229737.0,
2026-09-10,AVONMORE,14.1,14.67,13.85,14.19,441717.0,
2026-09-11,AVONMORE,14.2,14.6,13.85,14.0,258430.0,
2025-08-29,BAJAJHCARE,432.4,433.45,420.0,421.75,51294.0,
2025-09-01,BAJAJHCARE,422.9,429.95,419.7,426.1,84082.0,
2025-09-02,BAJAJHCARE,422.2,448.2,422.2,426.55,368500.0,
2025-09-03,BAJAJHCARE,428.8,434.8,422.0,423.65,100859.0,
2025-09-04,BAJAJHCARE,437.0,442.55,425.0,426.85,99469.0,
2025-09-05,BAJAJHCARE,428.0,435.65,424.85,430.1,54820.0,
2025-09-08,BAJAJHCARE,431.0,432.0,424.3,426.35,53953.0,
2025-09-09,BAJAJHCARE,428.5,430.0,424.85,426.85,35495.0,
2025-09-10,BAJAJHCARE,425.5,433.7,425.5,427.55,47416.0,
2025-09-11,BAJAJHCARE,429.9,438.05,427.95,431.7,65620.0,
2025-09-12,BAJAJHCARE,434.95,446.4,422.9,425.55,161174.0,
2025-09-15,BAJAJHCARE,428.6,432.3,424.15,425.65,106611.0,
2025-09-16,BAJAJHCARE,429.0,444.65,427.95,435.8,192613.0,
2025-09-17,BAJAJHCARE,437.9,444.0,427.0,433.4,130883.0,
2025-09-18,BAJAJHCARE,438.0,438.4,422.0,426.8,151020.0,
2025-09-19,BAJAJHCARE,426.8,429.5,421.0,423.65,86622.0,
2025-09-22,BAJAJHCARE,425.8,429.5,418.95,420.4,67912.0,
2025-09-23,BAJAJHCARE,423.3,486.0,420.25,463.45,2321957.0,
2025-09-24,BAJAJHCARE,462.7,512.8,459.5,507.25,3660068.0,
2025-09-25,BAJAJHCARE,508.9,515.9,491.5,494.6,682202.0,
2025-09-26,BAJAJHCARE,488.0,506.05,470.0,472.3,489486.0,
2025-09-29,BAJAJHCARE,474.0,509.9,469.2,490.25,757537.0,
2025-09-30,BAJAJHCARE,493.7,500.0,481.35,485.8,263378.0,
2025-10-01,BAJAJHCARE,489.9,492.65,477.9,480.2,129437.0,
2025-10-03,BAJAJHCARE,481.9,495.0,477.45,484.05,206741.0,
2025-10-06,BAJAJHCARE,490.05,506.45,482.2,486.1,309402.0,
2025-10-07,BAJAJHCARE,487.55,488.0,472.5,480.4,186887.0,
2025-10-08,BAJAJHCARE,483.6,484.0,471.0,472.7,93284.0,
2025-10-09,BAJAJHCARE,470.0,482.05,467.85,470.2,114888.0,
2025-10-10,BAJAJHCARE,472.6,475.0,467.9,468.8,82065.0,
2025-10-13,BAJAJHCARE,468.0,473.5,454.7,457.8,168412.0,
2025-10-14,BAJAJHCARE,459.9,469.9,452.45,462.65,134444.0,
2025-10-15,BAJAJHCARE,461.65,461.9,455.25,456.6,74647.0,
2025-10-16,BAJAJHCARE,459.0,488.0,457.1,479.35,306255.0,
2025-10-17,BAJAJHCARE,479.7,490.0,466.4,469.55,191818.0,
2025-10-20,BAJAJHCARE,471.2,472.0,457.65,459.75,117861.0,
2025-10-21,BAJAJHCARE,462.95,465.0,453.35,456.75,44289.0,
2025-10-23,BAJAJHCARE,456.75,460.1,445.7,449.6,119474.0,
2025-10-24,BAJAJHCARE,449.6,460.9,449.1,456.65,91265.0,
2025-10-27,BAJAJHCARE,459.85,464.8,453.0,454.8,51473.0,
2025-10-28,BAJAJHCARE,454.8,456.95,448.9,451.55,48832.0,
2025-10-29,BAJAJHCARE,453.25,467.0,450.6,459.05,196636.0,
2025-10-30,BAJAJHCARE,459.0,488.9,457.65,481.0,548847.0,
2025-10-31,BAJAJHCARE,485.95,485.95,472.75,475.55,114514.0,
2025-11-03,BAJAJHCARE,475.1,480.0,467.1,475.05,84073.0,
2025-11-04,BAJAJHCARE,477.35,481.8,461.9,465.05,73370.0,
2025-11-06,BAJAJHCARE,460.1,463.4,445.0,446.45,120832.0,
2025-11-07,BAJAJHCARE,444.0,451.9,438.7,442.8,94028.0,
2025-11-10,BAJAJHCARE,441.0,444.65,434.0,435.95,82202.0,
2025-11-11,BAJAJHCARE,436.1,441.6,430.5,431.4,68517.0,
2025-11-12,BAJAJHCARE,434.9,451.35,434.9,449.2,199054.0,
2025-11-13,BAJAJHCARE,453.0,456.6,445.0,446.7,105525.0,
2025-11-14,BAJAJHCARE,445.0,452.6,441.85,447.25,52799.0,
2025-11-17,BAJAJHCARE,451.9,452.95,442.0,443.3,37747.0,
2025-11-18,BAJAJHCARE,442.0,447.3,435.3,436.0,65837.0,
2025-11-19,BAJAJHCARE,437.9,442.4,434.0,435.65,63227.0,
2025-11-20,BAJAJHCARE,436.1,440.0,429.65,430.7,64341.0,
2025-11-21,BAJAJHCARE,430.9,432.6,424.35,425.6,44285.0,
2025-11-24,BAJAJHCARE,425.9,432.6,419.25,427.0,67252.0,
2025-11-25,BAJAJHCARE,426.55,433.3,423.1,429.25,35671.0,
2025-11-26,BAJAJHCARE,428.0,433.05,425.0,426.85,34722.0,
2025-11-27,BAJAJHCARE,431.6,433.45,425.3,426.65,32025.0,
2025-11-28,BAJAJHCARE,429.95,458.0,429.95,432.45,957647.0,
2025-12-01,BAJAJHCARE,432.5,436.5,428.3,430.6,55947.0,
2025-12-02,BAJAJHCARE,430.0,434.25,426.0,427.3,54035.0,
2025-12-03,BAJAJHCARE,428.0,429.25,420.3,421.9,46529.0,
2025-12-04,BAJAJHCARE,420.0,432.0,420.0,424.2,59943.0,
2025-12-05,BAJAJHCARE,423.1,425.95,418.0,419.65,36083.0,
2025-12-08,BAJAJHCARE,422.5,426.7,401.15,406.5,85466.0,
2025-12-09,BAJAJHCARE,401.1,418.5,399.45,415.6,134333.0,
2025-12-10,BAJAJHCARE,415.6,427.15,414.15,417.9,70119.0,
2025-12-11,BAJAJHCARE,415.1,415.95,410.0,412.35,33599.0,
2025-12-12,BAJAJHCARE,412.55,419.8,412.1,413.0,73015.0,
2025-12-15,BAJAJHCARE,411.25,416.95,408.2,410.15,128183.0,
2025-12-16,BAJAJHCARE,411.1,413.65,408.35,410.95,107198.0,
2025-12-17,BAJAJHCARE,415.0,415.0,400.05,401.1,115110.0,
2025-12-18,BAJAJHCARE,402.5,424.0,393.45,412.75,224917.0,
2025-12-19,BAJAJHCARE,413.2,425.35,409.0,418.65,176658.0,
2025-12-22,BAJAJHCARE,417.0,428.0,417.0,420.95,182896.0,
2025-12-23,BAJAJHCARE,422.0,432.0,414.1,415.65,125590.0,
2025-12-24,BAJAJHCARE,415.95,434.85,414.3,426.15,283211.0,
2025-12-26,BAJAJHCARE,424.0,426.0,418.2,420.0,131744.0,
2025-12-29,BAJAJHCARE,423.0,425.0,409.45,414.75,142671.0,
2025-12-30,BAJAJHCARE,415.1,418.25,410.8,412.6,108038.0,
2025-12-31,BAJAJHCARE,411.0,419.95,411.0,415.1,128656.0,
2026-01-01,BAJAJHCARE,422.9,430.0,416.4,424.65,226064.0,
2026-01-02,BAJAJHCARE,424.85,427.2,417.95,418.6,144479.0,
2026-01-05,BAJAJHCARE,418.6,420.2,409.7,410.9,120318.0,
2026-01-06,BAJAJHCARE,410.0,415.9,404.0,405.25,146901.0,
2026-01-07,BAJAJHCARE,411.0,422.0,405.95,409.45,370569.0,
2026-01-08,BAJAJHCARE,408.15,413.05,400.1,404.2,207502.0,
2026-01-09,BAJAJHCARE,401.35,404.5,395.0,396.1,139494.0,
2026-01-12,BAJAJHCARE,394.0,394.7,383.0,384.9,148973.0,
2026-01-13,BAJAJHCARE,388.0,391.9,379.1,385.2,150668.0,
2026-01-14,BAJAJHCARE,384.95,399.7,383.3,394.15,136748.0,
2026-01-16,BAJAJHCARE,390.1,402.0,384.4,391.1,141701.0,
2026-01-19,BAJAJHCARE,395.0,418.85,387.0,391.8,826265.0,
2026-01-20,BAJAJHCARE,392.4,392.4,362.55,365.25,247809.0,
2026-01-21,BAJAJHCARE,366.0,373.9,356.05,363.15,247295.0,
2026-01-22,BAJAJHCARE,368.0,379.8,358.05,359.8,153650.0,
2026-01-23,BAJAJHCARE,365.2,365.2,345.05,349.2,168542.0,
2026-01-27,BAJAJHCARE,349.9,350.65,330.65,332.5,158917.0,
2026-01-28,BAJAJHCARE,331.95,344.95,331.95,343.3,111207.0,
2026-01-29,BAJAJHCARE,348.4,363.0,341.9,360.5,174542.0,
2026-01-30,BAJAJHCARE,362.0,362.0,343.95,346.05,90450.0,
2026-02-02,BAJAJHCARE,341.0,344.9,329.4,338.2,83061.0,
2026-02-03,BAJAJHCARE,356.3,361.0,345.0,354.05,124584.0,
2026-02-04,BAJAJHCARE,354.05,358.0,349.75,354.8,56095.0,
2026-02-05,BAJAJHCARE,357.9,376.0,350.05,368.65,189277.0,
2026-02-06,BAJAJHCARE,370.95,377.7,360.85,373.5,75330.0,
2026-02-09,BAJAJHCARE,376.95,383.0,374.3,381.35,75506.0,
2026-02-10,BAJAJHCARE,383.2,386.45,373.8,380.1,73561.0,
2026-02-11,BAJAJHCARE,381.2,383.7,372.95,375.1,45697.0,
2026-02-12,BAJAJHCARE,375.0,375.05,364.1,366.3,42508.0,
2026-02-13,BAJAJHCARE,366.5,374.0,355.5,356.6,46402.0,
2026-02-16,BAJAJHCARE,351.0,363.35,350.7,357.85,47801.0,
2026-02-17,BAJAJHCARE,356.65,371.9,355.0,360.45,105879.0,
2026-02-18,BAJAJHCARE,359.7,363.75,355.0,358.25,38610.0,
2026-02-19,BAJAJHCARE,357.5,366.95,351.1,356.45,93884.0,
2026-02-20,BAJAJHCARE,360.0,362.6,350.2,352.55,41883.0,
2026-02-23,BAJAJHCARE,353.95,356.7,346.0,348.2,87977.0,
2026-02-24,BAJAJHCARE,348.25,356.9,340.8,341.8,80348.0,
2026-02-25,BAJAJHCARE,341.3,349.8,333.0,339.6,150274.0,
2026-02-26,BAJAJHCARE,335.1,340.65,329.1,331.8,175628.0,
2026-02-27,BAJAJHCARE,336.8,336.8,328.0,329.65,112118.0,
2026-03-02,BAJAJHCARE,319.3,326.95,316.3,324.2,75549.0,
2026-03-04,BAJAJHCARE,315.1,326.3,315.0,321.25,162558.0,
2026-03-05,BAJAJHCARE,328.0,328.0,314.0,317.6,207436.0,
2026-03-06,BAJAJHCARE,315.0,322.5,315.0,320.9,156128.0,
2026-03-09,BAJAJHCARE,313.6,315.95,307.2,313.4,158278.0,
2026-03-10,BAJAJHCARE,315.2,319.7,312.55,314.15,245890.0,
2026-03-11,BAJAJHCARE,313.0,321.0,308.0,309.3,277460.0,
2026-03-12,BAJAJHCARE,309.0,309.8,300.0,300.45,662429.0,
2026-03-13,BAJAJHCARE,300.05,300.4,282.15,283.95,335439.0,
2026-03-16,BAJAJHCARE,285.65,287.1,273.25,279.15,246558.0,
2026-03-17,BAJAJHCARE,283.35,285.0,275.45,278.2,532481.0,
2026-03-18,BAJAJHCARE,282.35,316.0,279.4,308.05,1333355.0,
2026-03-19,BAJAJHCARE,303.0,320.45,297.25,302.25,466673.0,
2026-03-20,BAJAJHCARE,302.25,316.2,302.25,312.95,389965.0,
2026-03-23,BAJAJHCARE,312.0,313.2,295.5,303.8,288855.0,
2026-03-24,BAJAJHCARE,309.8,312.6,299.05,307.0,184278.0,
2026-03-25,BAJAJHCARE,310.0,327.2,310.0,313.9,291487.0,
2026-03-27,BAJAJHCARE,312.3,312.3,298.0,300.7,226100.0,
2026-03-30,BAJAJHCARE,297.95,304.1,287.4,290.1,191306.0,
2026-04-01,BAJAJHCARE,303.2,316.8,294.15,311.7,129186.0,
2026-04-02,BAJAJHCARE,300.0,313.25,300.0,311.15,90086.0,
2026-04-06,BAJAJHCARE,309.05,322.4,300.55,319.6,142646.0,
2026-04-07,BAJAJHCARE,317.9,321.0,312.05,314.5,134443.0,
2026-04-08,BAJAJHCARE,325.0,327.95,318.0,325.65,119675.0,
2026-04-09,BAJAJHCARE,325.65,331.85,320.3,324.05,118029.0,
2026-04-10,BAJAJHCARE,327.95,339.9,327.8,337.6,146358.0,
2026-04-13,BAJAJHCARE,328.0,337.2,322.3,334.7,89078.0,
2026-04-15,BAJAJHCARE,344.0,359.0,344.0,355.95,309757.0,
2026-04-16,BAJAJHCARE,361.9,361.9,349.35,351.55,154038.0,
2026-04-17,BAJAJHCARE,348.05,353.95,342.8,349.55,158933.0,
2026-04-20,BAJAJHCARE,349.55,353.8,332.0,333.8,192757.0,
2026-04-21,BAJAJHCARE,335.0,336.45,326.45,328.55,157587.0,
2026-04-22,BAJAJHCARE,331.9,334.0,328.0,332.75,100110.0,
2026-04-23,BAJAJHCARE,334.0,339.8,330.7,332.85,123125.0,
2026-04-24,BAJAJHCARE,336.95,336.95,322.0,323.8,140496.0,
2026-04-27,BAJAJHCARE,328.95,335.5,325.0,331.8,107843.0,
2026-04-28,BAJAJHCARE,334.9,334.9,320.8,324.5,137163.0,
2026-04-29,BAJAJHCARE,328.0,330.0,322.2,324.05,54441.0,
2026-04-30,BAJAJHCARE,323.0,328.0,319.0,321.75,71312.0,
2026-05-04,BAJAJHCARE,322.8,332.3,322.8,327.85,107579.0,
2026-05-05,BAJAJHCARE,326.0,330.0,322.0,324.85,85817.0,
2026-05-06,BAJAJHCARE,327.0,345.7,325.8,334.85,430167.0,
2026-05-07,BAJAJHCARE,337.9,348.0,334.55,339.7,229276.0,
2026-05-08,BAJAJHCARE,339.95,340.5,326.95,336.55,416278.0,
2026-05-11,BAJAJHCARE,300.0,318.95,299.95,304.5,819750.0,
2026-05-12,BAJAJHCARE,305.0,309.35,290.3,292.8,229271.0,
2026-05-13,BAJAJHCARE,300.0,301.45,294.4,295.3,124753.0,
2026-05-14,BAJAJHCARE,296.0,300.05,290.15,293.65,81980.0,
2026-05-15,BAJAJHCARE,298.7,298.7,283.05,284.15,239470.0,
2026-05-18,BAJAJHCARE,284.15,285.3,272.35,274.95,159092.0,
2026-05-19,BAJAJHCARE,279.75,293.4,277.05,288.55,399535.0,
2026-05-20,BAJAJHCARE,288.0,303.0,284.0,298.7,143763.0,
2026-05-21,BAJAJHCARE,303.5,307.5,297.45,304.45,198667.0,
2026-05-22,BAJAJHCARE,305.95,308.0,300.6,305.55,75714.0,
2026-05-25,BAJAJHCARE,305.55,310.4,301.1,302.5,87888.0,
2026-05-26,BAJAJHCARE,302.3,308.65,299.6,305.25,103464.0,
2026-05-27,BAJAJHCARE,308.0,314.9,302.65,307.05,216905.0,
2026-05-29,BAJAJHCARE,310.0,313.8,301.0,302.2,121886.0,
2026-06-01,BAJAJHCARE,306.75,308.95,290.4,294.0,298133.0,
2026-06-02,BAJAJHCARE,295.0,303.3,292.7,299.8,81534.0,
2026-06-03,BAJAJHCARE,299.8,301.8,293.25,298.7,54547.0,
2026-06-04,BAJAJHCARE,297.9,302.6,293.35,294.55,154365.0,
2026-06-05,BAJAJHCARE,296.1,298.4,292.0,293.5,66224.0,
2026-06-08,BAJAJHCARE,292.7,295.35,289.0,290.55,126983.0,
2026-06-09,BAJAJHCARE,289.1,293.25,288.35,292.1,112369.0,
2026-06-10,BAJAJHCARE,292.1,297.0,288.1,291.15,53774.0,
2026-06-11,BAJAJHCARE,291.15,293.5,281.1,282.6,128656.0,
2026-06-12,BAJAJHCARE,288.0,305.85,285.1,303.8,348703.0,
2026-06-15,BAJAJHCARE,309.9,312.0,297.6,299.2,228878.0,
2026-06-16,BAJAJHCARE,303.0,304.2,296.85,302.3,145979.0,
2026-06-17,BAJAJHCARE,303.95,305.0,298.0,299.2,114640.0,
2026-06-18,BAJAJHCARE,300.6,326.5,299.2,317.1,1003113.0,
2026-06-19,BAJAJHCARE,317.7,318.15,310.0,312.95,187262.0,
2026-06-22,BAJAJHCARE,317.9,322.0,315.65,317.75,135767.0,
2026-06-23,BAJAJHCARE,317.75,324.0,311.1,313.4,162730.0,
2026-06-24,BAJAJHCARE,316.2,321.45,309.9,310.8,166019.0,
2026-06-25,BAJAJHCARE,313.3,315.75,301.1,304.05,142508.0,
2026-06-29,BAJAJHCARE,313.0,359.25,313.0,352.65,15125808.0,
2026-06-30,BAJAJHCARE,357.6,364.6,346.9,351.45,1907336.0,
2026-07-01,BAJAJHCARE,350.45,353.35,340.1,345.2,346139.0,
2026-07-02,BAJAJHCARE,344.45,354.95,338.1,342.35,354705.0,
2026-07-03,BAJAJHCARE,342.35,346.85,340.5,344.6,153150.0,
2026-07-06,BAJAJHCARE,345.25,348.85,335.0,336.5,121726.0,
2026-07-07,BAJAJHCARE,336.5,339.7,329.55,331.55,110908.0,
2026-07-08,BAJAJHCARE,331.55,339.7,327.6,335.15,220217.0,
2026-07-09,BAJAJHCARE,333.2,361.95,332.6,350.1,535560.0,
2026-07-10,BAJAJHCARE,352.0,356.0,344.85,348.7,138630.0,
2026-07-13,BAJAJHCARE,345.5,349.0,340.15,343.15,165441.0,
2026-07-14,BAJAJHCARE,343.15,350.0,335.55,347.55,202918.0,
2026-07-15,BAJAJHCARE,348.8,369.0,344.8,363.55,426043.0,
2026-07-16,BAJAJHCARE,368.2,380.0,365.7,372.9,686173.0,
2026-07-17,BAJAJHCARE,377.0,378.5,361.3,373.95,297322.0,
2026-07-20,BAJAJHCARE,378.9,394.0,375.1,386.55,1012257.0,
2026-07-21,BAJAJHCARE,390.0,391.0,366.0,369.35,917497.0,
2026-07-22,BAJAJHCARE,368.0,368.0,319.35,323.3,1661439.0,
2026-07-23,BAJAJHCARE,324.9,335.9,316.25,317.7,799738.0,
2026-07-24,BAJAJHCARE,316.0,326.0,313.35,323.35,301696.0,
2026-07-27,BAJAJHCARE,329.1,329.35,317.4,319.65,249558.0,
2026-07-28,BAJAJHCARE,321.2,325.0,316.6,321.75,376703.0,
2026-07-29,BAJAJHCARE,320.0,331.0,319.5,326.0,170729.0,
2026-07-30,BAJAJHCARE,327.7,331.7,323.35,327.45,183851.0,
2026-07-31,BAJAJHCARE,328.0,343.05,325.0,336.45,343552.0,
2026-08-03,BAJAJHCARE,341.0,342.0,336.7,340.4,111278.0,
2026-08-04,BAJAJHCARE,342.1,343.6,333.0,335.6,78317.0,
2026-08-05,BAJAJHCARE,335.7,339.0,331.0,332.95,69326.0,
2026-08-06,BAJAJHCARE,332.95,335.95,327.1,329.2,97013.0,
2026-08-07,BAJAJHCARE,330.0,332.95,325.55,329.8,90950.0,
2026-08-10,BAJAJHCARE,329.8,334.8,326.05,330.25,98671.0,
2026-08-11,BAJAJHCARE,330.2,333.0,327.6,328.6,72292.0,
2026-08-12,BAJAJHCARE,330.6,331.0,323.35,327.45,77004.0,
2026-08-13,BAJAJHCARE,330.0,340.9,328.1,331.35,156193.0,
2026-08-14,BAJAJHCARE,333.8,334.95,326.55,329.25,48898.0,
2026-08-17,BAJAJHCARE,331.55,331.55,321.7,323.05,60396.0,
2026-08-18,BAJAJHCARE,325.65,325.65,320.95,322.25,59116.0,
2026-08-19,BAJAJHCARE,323.9,323.9,317.0,319.25,63963.0,
2026-08-20,BAJAJHCARE,320.0,328.0,320.0,325.95,72801.0,
2026-08-21,BAJAJHCARE,323.65,327.65,319.55,322.0,70159.0,
2026-08-24,BAJAJHCARE,324.0,325.4,320.6,321.55,50385.0,
2026-08-25,BAJAJHCARE,324.9,324.9,319.05,320.1,40621.0,
2026-08-26,BAJAJHCARE,322.5,328.0,321.0,326.45,42455.0,
2026-08-27,BAJAJHCARE,323.7,327.4,318.1,320.9,80183.0,
2026-08-28,BAJAJHCARE,322.7,325.7,320.1,322.0,36072.0,
2026-08-31,BAJAJHCARE,325.0,340.0,324.9,333.7,333362.0,
2026-09-01,BAJAJHCARE,333.7,334.2,324.1,329.0,78501.0,
2026-09-02,BAJAJHCARE,330.95,332.0,325.85,329.0,43921.0,
2026-09-03,BAJAJHCARE,330.0,339.9,324.6,325.2,159404.0,
2026-09-04,BAJAJHCARE,327.8,331.9,319.85,321.45,458849.0,
2026-09-07,BAJAJHCARE,323.95,333.0,320.1,328.8,184124.0,
2026-09-08,BAJAJHCARE,328.85,338.7,328.85,336.7,196328.0,
2026-09-09,BAJAJHCARE,339.2,339.2,331.25,333.7,83482.0,
2026-09-10,BAJAJHCARE,335.9,337.9,331.5,333.3,62427.0,
2026-09-11,BAJAJHCARE,332.0,338.4,325.0,334.05,131431.0,
2025-08-29,BERGEPAINT,528.0,535.9,525.8,533.0,258794.0,
2025-09-01,BERGEPAINT,533.0,548.9,532.8,547.0,547662.0,
2025-09-02,BERGEPAINT,546.8,549.8,539.0,543.8,277227.0,
2025-09-03,BERGEPAINT,543.7,547.9,538.7,542.85,387113.0,
2025-09-04,BERGEPAINT,544.2,550.0,539.05,541.1,228411.0,
2025-09-05,BERGEPAINT,540.0,545.6,532.0,538.7,411344.0,
2025-09-08,BERGEPAINT,538.7,542.05,534.05,539.7,170819.0,
2025-09-09,BERGEPAINT,530.1,538.7,528.75,529.35,434686.0,
2025-09-10,BERGEPAINT,532.0,536.5,530.25,535.65,231765.0,
2025-09-11,BERGEPAINT,534.7,555.0,532.5,551.35,650342.0,
2025-09-12,BERGEPAINT,552.3,557.85,535.25,539.35,497684.0,
2025-09-15,BERGEPAINT,541.85,546.25,536.1,544.25,306309.0,
2025-09-16,BERGEPAINT,543.0,554.4,535.35,536.75,547566.0,
2025-09-17,BERGEPAINT,539.0,547.2,532.15,534.25,570517.0,
2025-09-18,BERGEPAINT,535.0,543.0,532.6,535.35,476811.0,
2025-09-19,BERGEPAINT,538.0,540.7,530.2,531.6,866877.0,
2025-09-22,BERGEPAINT,533.95,539.85,530.2,531.55,477076.0,
2025-09-23,BERGEPAINT,532.05,535.6,529.5,532.6,263078.0,
2025-09-24,BERGEPAINT,533.85,539.3,530.05,535.8,495382.0,
2025-09-25,BERGEPAINT,532.4,536.55,529.85,531.2,551990.0,
2025-09-26,BERGEPAINT,530.0,532.2,513.35,521.45,870566.0,
2025-09-29,BERGEPAINT,518.0,518.85,507.45,516.7,613272.0,
2025-09-30,BERGEPAINT,520.8,522.15,506.1,515.2,253123.0,
2025-10-01,BERGEPAINT,512.1,532.9,511.05,529.65,401978.0,
2025-10-03,BERGEPAINT,528.0,543.45,527.0,542.6,907288.0,
2025-10-06,BERGEPAINT,537.3,539.9,531.2,532.2,192604.0,
2025-10-07,BERGEPAINT,532.5,537.25,529.55,536.1,243254.0,
2025-10-08,BERGEPAINT,534.3,536.4,525.0,526.2,147038.0,
2025-10-09,BERGEPAINT,526.2,534.0,524.35,533.0,234444.0,
2025-10-10,BERGEPAINT,531.0,535.75,529.2,535.15,273685.0,
2025-10-13,BERGEPAINT,531.95,536.4,530.0,534.1,187697.0,
2025-10-14,BERGEPAINT,536.0,537.6,531.3,533.95,445492.0,
2025-10-15,BERGEPAINT,532.1,537.1,525.0,526.25,604745.0,
2025-10-16,BERGEPAINT,526.95,535.7,526.95,532.9,419357.0,
2025-10-17,BERGEPAINT,531.0,545.8,531.0,544.9,1225794.0,
2025-10-20,BERGEPAINT,548.0,553.15,537.5,539.75,476268.0,
2025-10-21,BERGEPAINT,539.75,544.65,537.65,541.4,55165.0,
2025-10-23,BERGEPAINT,541.0,544.6,536.1,542.35,466320.0,
2025-10-24,BERGEPAINT,545.0,548.0,537.0,545.65,329427.0,
2025-10-27,BERGEPAINT,544.0,545.65,538.35,541.2,409556.0,
2025-10-28,BERGEPAINT,540.6,545.5,538.5,544.9,202771.0,
2025-10-29,BERGEPAINT,543.65,546.0,540.0,545.05,135812.0,
2025-10-30,BERGEPAINT,545.05,546.0,539.0,544.75,192527.0,
2025-10-31,BERGEPAINT,543.45,545.6,539.15,542.1,188516.0,
2025-11-03,BERGEPAINT,541.0,542.1,533.0,539.0,206023.0,
2025-11-04,BERGEPAINT,539.0,543.05,536.0,537.45,332455.0,
2025-11-06,BERGEPAINT,530.95,554.8,530.3,544.45,1118825.0,
2025-11-07,BERGEPAINT,544.5,544.55,528.35,531.05,353605.0,
2025-11-10,BERGEPAINT,530.65,537.5,528.9,535.6,180354.0,
2025-11-11,BERGEPAINT,535.6,558.6,535.6,546.2,615377.0,
2025-11-12,BERGEPAINT,546.2,569.4,546.2,560.1,501201.0,
2025-11-13,BERGEPAINT,567.0,582.0,564.75,577.9,1350351.0,
2025-11-14,BERGEPAINT,564.5,587.95,564.5,579.55,253136.0,
2025-11-17,BERGEPAINT,579.55,582.8,574.3,578.1,242696.0,
2025-11-18,BERGEPAINT,577.3,590.25,577.25,586.6,558549.0,
2025-11-19,BERGEPAINT,586.1,592.0,581.3,588.95,372375.0,
2025-11-20,BERGEPAINT,587.05,591.2,580.1,590.1,260687.0,
2025-11-21,BERGEPAINT,584.5,594.55,576.0,579.55,434629.0,
2025-11-24,BERGEPAINT,579.6,590.45,574.15,579.3,358255.0,
2025-11-25,BERGEPAINT,583.0,586.0,566.0,569.15,210209.0,
2025-11-26,BERGEPAINT,570.0,578.0,558.85,575.65,319450.0,
2025-11-27,BERGEPAINT,575.0,579.35,562.35,570.85,341692.0,
2025-11-28,BERGEPAINT,566.25,570.5,561.25,564.6,190459.0,
2025-12-01,BERGEPAINT,565.0,567.4,554.0,556.1,143456.0,
2025-12-02,BERGEPAINT,556.2,561.95,550.1,559.05,158188.0,
2025-12-03,BERGEPAINT,559.05,560.05,549.5,558.3,262442.0,
2025-12-04,BERGEPAINT,558.3,561.5,551.0,556.15,698092.0,
2025-12-05,BERGEPAINT,554.1,558.15,551.3,554.5,284404.0,
2025-12-08,BERGEPAINT,554.4,554.5,535.55,539.1,319910.0,
2025-12-09,BERGEPAINT,535.1,543.85,529.05,539.95,475084.0,
2025-12-10,BERGEPAINT,541.0,553.6,538.4,549.1,299565.0,
2025-12-11,BERGEPAINT,546.2,547.85,534.0,539.5,171222.0,
2025-12-12,BERGEPAINT,539.5,543.6,535.5,541.25,168351.0,
2025-12-15,BERGEPAINT,541.0,542.55,538.0,540.1,101735.0,
2025-12-16,BERGEPAINT,540.0,543.5,536.4,540.05,122982.0,
2025-12-17,BERGEPAINT,540.05,542.5,534.2,538.9,128096.0,
2025-12-18,BERGEPAINT,536.2,537.9,531.1,536.35,84320.0,
2025-12-19,BERGEPAINT,534.6,539.55,533.0,538.0,268604.0,
2025-12-22,BERGEPAINT,538.0,569.15,536.0,542.15,636894.0,
2025-12-23,BERGEPAINT,546.0,552.2,540.5,544.05,200833.0,
2025-12-24,BERGEPAINT,545.0,556.7,542.1,555.15,287246.0,
2025-12-26,BERGEPAINT,554.0,558.55,540.0,542.05,347472.0,
2025-12-29,BERGEPAINT,540.05,546.85,537.85,544.6,174890.0,
2025-12-30,BERGEPAINT,541.0,541.8,518.1,525.55,2245520.0,
2025-12-31,BERGEPAINT,528.2,540.95,526.5,536.55,327259.0,
2026-01-01,BERGEPAINT,539.0,539.0,529.3,533.65,206112.0,
2026-01-02,BERGEPAINT,536.2,536.2,521.65,524.1,342256.0,
2026-01-05,BERGEPAINT,524.1,529.5,522.2,528.6,206055.0,
2026-01-06,BERGEPAINT,530.15,531.8,522.0,526.8,305401.0,
2026-01-07,BERGEPAINT,524.0,527.25,521.4,526.15,218527.0,
2026-01-08,BERGEPAINT,522.0,527.15,515.0,519.7,257475.0,
2026-01-09,BERGEPAINT,519.9,520.0,511.0,514.2,323785.0,
2026-01-12,BERGEPAINT,512.0,516.8,505.0,509.9,250010.0,
2026-01-13,BERGEPAINT,509.05,526.4,508.0,520.75,193275.0,
2026-01-14,BERGEPAINT,519.45,526.25,512.75,525.15,181978.0,
2026-01-16,BERGEPAINT,525.15,526.0,516.05,519.75,163802.0,
2026-01-19,BERGEPAINT,515.55,521.35,512.0,519.7,188628.0,
2026-01-20,BERGEPAINT,515.5,521.0,507.25,514.35,242849.0,
2026-01-21,BERGEPAINT,507.05,518.0,506.0,515.8,213770.0,
2026-01-22,BERGEPAINT,512.1,520.1,506.75,507.8,236034.0,
2026-01-23,BERGEPAINT,508.65,510.5,502.6,504.5,236401.0,
2026-01-27,BERGEPAINT,505.0,506.0,489.1,495.3,233354.0,
2026-01-28,BERGEPAINT,494.85,494.85,477.45,478.85,327060.0,
2026-01-29,BERGEPAINT,478.85,480.0,461.75,463.5,418757.0,
2026-01-30,BERGEPAINT,461.9,466.4,459.25,462.9,262316.0,
2026-02-02,BERGEPAINT,467.05,470.5,452.85,466.15,225137.0,
2026-02-03,BERGEPAINT,476.15,481.0,468.65,480.05,370709.0,
2026-02-04,BERGEPAINT,480.05,484.35,470.0,480.1,179793.0,
2026-02-05,BERGEPAINT,484.95,484.95,470.0,472.3,153304.0,
2026-02-06,BERGEPAINT,465.0,473.95,458.45,472.4,341137.0,
2026-02-09,BERGEPAINT,471.1,472.4,463.8,467.15,748864.0,
2026-02-10,BERGEPAINT,469.8,470.0,457.45,458.65,1970914.0,
2026-02-11,BERGEPAINT,459.95,461.65,448.75,458.5,2687693.0,
2026-02-12,BERGEPAINT,460.45,465.4,457.25,460.75,952165.0,
2026-02-13,BERGEPAINT,460.0,464.2,452.5,462.0,309257.0,
2026-02-16,BERGEPAINT,462.0,465.35,458.0,462.4,240785.0,
2026-02-17,BERGEPAINT,463.45,465.5,461.1,463.4,124854.0,
2026-02-18,BERGEPAINT,463.1,465.0,458.1,460.4,168281.0,
2026-02-19,BERGEPAINT,461.75,462.6,455.6,457.45,163832.0,
2026-02-20,BERGEPAINT,456.35,461.9,451.95,455.45,285333.0,
2026-02-23,BERGEPAINT,457.0,465.5,455.9,464.8,315354.0,
2026-02-24,BERGEPAINT,464.8,465.15,459.3,462.7,177563.0,
2026-02-25,BERGEPAINT,462.7,464.55,454.05,456.05,241718.0,
2026-02-26,BERGEPAINT,458.25,462.45,456.15,459.25,210873.0,
2026-02-27,BERGEPAINT,459.25,460.95,454.6,456.1,1000790.0,
2026-03-02,BERGEPAINT,431.15,454.9,431.15,447.4,568619.0,
2026-03-04,BERGEPAINT,436.55,445.6,433.55,438.75,432782.0,
2026-03-05,BERGEPAINT,438.0,443.95,430.55,434.8,1057480.0,
2026-03-06,BERGEPAINT,434.0,444.0,429.05,440.3,350669.0,
2026-03-09,BERGEPAINT,428.65,442.0,421.15,434.2,419421.0,
2026-03-10,BERGEPAINT,441.15,444.75,435.0,436.7,406925.0,
2026-03-11,BERGEPAINT,441.8,444.1,429.5,430.65,562973.0,
2026-03-12,BERGEPAINT,428.7,428.7,419.2,422.7,357534.0,
2026-03-13,BERGEPAINT,417.85,418.85,404.6,407.8,356646.0,
2026-03-16,BERGEPAINT,405.0,407.7,391.1,404.5,457812.0,
2026-03-17,BERGEPAINT,404.8,420.4,404.3,416.15,676135.0,
2026-03-18,BERGEPAINT,416.3,419.0,411.1,414.95,288293.0,
2026-03-19,BERGEPAINT,408.8,415.9,407.15,409.45,290614.0,
2026-03-20,BERGEPAINT,417.0,420.0,412.5,416.7,489338.0,
2026-03-23,BERGEPAINT,410.9,414.75,403.65,405.45,356953.0,
2026-03-24,BERGEPAINT,420.0,420.25,407.35,413.8,366598.0,
2026-03-25,BERGEPAINT,418.95,427.7,416.15,425.45,349329.0,
2026-03-27,BERGEPAINT,420.0,425.0,410.45,414.65,632063.0,
2026-03-30,BERGEPAINT,412.75,415.0,404.45,410.0,382857.0,
2026-04-01,BERGEPAINT,419.15,419.2,413.2,417.8,178475.0,
2026-04-02,BERGEPAINT,413.75,424.9,405.75,422.25,345762.0,
2026-04-06,BERGEPAINT,422.6,435.0,416.85,431.0,207641.0,
2026-04-07,BERGEPAINT,431.0,434.55,424.05,429.85,156151.0,
2026-04-08,BERGEPAINT,450.4,450.4,433.55,435.7,599265.0,
2026-04-09,BERGEPAINT,437.75,440.95,431.7,435.0,285421.0,
2026-04-10,BERGEPAINT,430.0,457.9,428.95,454.0,627408.0,
2026-04-13,BERGEPAINT,446.5,465.0,439.7,460.7,334843.0,
2026-04-15,BERGEPAINT,468.2,476.7,463.1,474.6,434348.0,
2026-04-16,BERGEPAINT,477.0,481.95,468.0,472.1,182272.0,
2026-04-17,BERGEPAINT,472.4,477.0,460.0,468.6,159612.0,
2026-04-20,BERGEPAINT,469.95,490.0,463.3,483.95,402025.0,
2026-04-21,BERGEPAINT,484.45,485.0,478.35,480.6,133179.0,
2026-04-22,BERGEPAINT,478.0,479.6,470.7,478.25,163070.0,
2026-04-23,BERGEPAINT,470.5,476.4,467.0,468.65,123440.0,
2026-04-24,BERGEPAINT,468.65,474.6,458.2,460.4,113166.0,
2026-04-27,BERGEPAINT,460.4,466.75,459.0,463.6,93182.0,
2026-04-28,BERGEPAINT,463.6,469.0,459.0,459.85,73492.0,
2026-04-29,BERGEPAINT,459.95,469.05,456.85,463.8,96718.0,
2026-04-30,BERGEPAINT,458.0,474.9,455.75,473.1,251398.0,
2026-05-04,BERGEPAINT,473.1,480.2,468.1,470.3,159600.0,
2026-05-05,BERGEPAINT,469.1,476.0,465.9,470.6,78970.0,
2026-05-06,BERGEPAINT,474.65,480.0,470.3,478.45,129294.0,
2026-05-07,BERGEPAINT,488.0,498.95,484.6,488.25,432652.0,
2026-05-08,BERGEPAINT,490.0,521.95,488.05,515.75,2002819.0,
2026-05-11,BERGEPAINT,511.95,511.95,491.05,493.85,259609.0,
2026-05-12,BERGEPAINT,490.0,498.55,479.0,488.1,273268.0,
2026-05-13,BERGEPAINT,505.0,533.35,500.0,507.7,9314433.0,
2026-05-14,BERGEPAINT,514.95,540.35,512.0,533.9,4289866.0,
2026-05-15,BERGEPAINT,534.0,536.2,528.1,533.45,470935.0,
2026-05-18,BERGEPAINT,525.5,529.0,510.6,524.6,490228.0,
2026-05-19,BERGEPAINT,525.0,528.1,505.0,507.7,353321.0,
2026-05-20,BERGEPAINT,502.0,511.9,496.65,508.45,200794.0,
2026-05-21,BERGEPAINT,513.95,529.0,496.25,499.35,440704.0,
2026-05-22,BERGEPAINT,503.0,505.95,496.35,501.15,315514.0,
2026-05-25,BERGEPAINT,507.0,511.75,501.8,504.85,222668.0,
2026-05-26,BERGEPAINT,508.4,519.0,505.0,515.55,377263.0,
2026-05-27,BERGEPAINT,514.4,527.9,511.05,526.95,250085.0,
2026-05-29,BERGEPAINT,528.0,530.0,495.0,500.6,659911.0,
2026-06-01,BERGEPAINT,502.0,518.85,501.95,512.9,594208.0,
2026-06-02,BERGEPAINT,509.85,514.75,505.0,508.25,221082.0,
2026-06-03,BERGEPAINT,507.0,512.85,494.0,496.05,344743.0,
2026-06-04,BERGEPAINT,495.0,512.45,492.3,494.25,497863.0,
2026-06-05,BERGEPAINT,496.7,500.65,487.15,490.25,175032.0,
2026-06-08,BERGEPAINT,485.0,495.05,481.05,491.9,281633.0,
2026-06-09,BERGEPAINT,495.8,504.7,493.0,501.9,259875.0,
2026-06-10,BERGEPAINT,504.15,522.9,502.0,516.7,660384.0,
2026-06-11,BERGEPAINT,514.95,522.2,504.5,513.95,344492.0,
2026-06-12,BERGEPAINT,521.0,523.35,510.0,515.15,382979.0,
2026-06-15,BERGEPAINT,528.7,538.15,516.15,519.4,480247.0,
2026-06-16,BERGEPAINT,521.0,524.95,508.0,510.5,378494.0,
2026-06-17,BERGEPAINT,516.0,518.9,510.05,511.7,290258.0,
2026-06-18,BERGEPAINT,513.6,515.1,504.1,505.05,260296.0,
2026-06-19,BERGEPAINT,506.0,559.7,504.8,550.7,7790257.0,
2026-06-22,BERGEPAINT,550.7,559.7,540.45,550.05,1112892.0,
2026-06-23,BERGEPAINT,550.0,555.0,542.05,546.25,515787.0,
2026-06-24,BERGEPAINT,540.25,546.8,525.75,530.55,518210.0,
2026-06-25,BERGEPAINT,534.3,551.65,533.25,538.65,604446.0,
2026-06-29,BERGEPAINT,536.0,539.9,513.0,518.3,1267718.0,
2026-06-30,BERGEPAINT,522.0,526.35,508.75,510.1,506186.0,
2026-07-01,BERGEPAINT,510.1,518.6,507.15,515.35,496084.0,
2026-07-02,BERGEPAINT,520.0,525.0,514.9,520.75,358693.0,
2026-07-03,BERGEPAINT,520.9,529.0,517.0,519.45,490880.0,
2026-07-06,BERGEPAINT,518.05,525.5,514.4,521.85,498483.0,
2026-07-07,BERGEPAINT,525.5,526.0,508.0,508.7,274384.0,
2026-07-08,BERGEPAINT,503.0,510.0,495.25,498.1,355138.0,
2026-07-09,BERGEPAINT,498.0,502.7,486.0,497.0,334608.0,
2026-07-10,BERGEPAINT,503.75,504.5,495.5,497.25,155896.0,
2026-07-13,BERGEPAINT,491.15,494.8,486.5,492.95,111789.0,
2026-07-14,BERGEPAINT,486.3,495.0,484.35,489.1,220547.0,
2026-07-15,BERGEPAINT,489.85,496.35,489.4,491.7,124360.0,
2026-07-16,BERGEPAINT,490.25,510.0,490.25,498.3,162559.0,
2026-07-17,BERGEPAINT,498.35,501.0,491.55,493.7,171501.0,
2026-07-20,BERGEPAINT,494.7,498.7,489.1,490.7,242880.0,
2026-07-21,BERGEPAINT,492.45,513.35,491.0,506.4,668714.0,
2026-07-22,BERGEPAINT,507.0,507.0,495.0,496.45,137867.0,
2026-07-23,BERGEPAINT,499.8,503.9,492.2,493.6,143720.0,
2026-07-24,BERGEPAINT,489.7,499.9,488.9,497.95,99047.0,
2026-07-27,BERGEPAINT,502.1,506.9,499.55,504.0,173146.0,
2026-07-28,BERGEPAINT,507.0,507.0,498.1,499.35,103531.0,
2026-07-29,BERGEPAINT,499.35,528.1,497.25,520.05,746012.0,
2026-07-30,BERGEPAINT,516.9,526.0,512.2,521.35,315910.0,
2026-07-31,BERGEPAINT,524.95,524.95,515.4,520.45,241120.0,
2026-08-03,BERGEPAINT,522.3,536.55,522.0,526.55,389074.0,
2026-08-04,BERGEPAINT,527.0,544.0,526.6,533.8,488585.0,
2026-08-05,BERGEPAINT,534.0,555.0,525.1,545.2,1408654.0,
2026-08-06,BERGEPAINT,546.0,557.3,535.6,537.6,1078895.0,
2026-08-07,BERGEPAINT,538.0,544.85,529.05,530.55,286606.0,
2026-08-10,BERGEPAINT,536.0,543.5,530.8,542.1,272470.0,
2026-08-11,BERGEPAINT,541.8,545.0,533.65,534.95,291938.0,
2026-08-12,BERGEPAINT,539.8,564.9,535.9,559.8,1847256.0,
2026-08-13,BERGEPAINT,564.5,565.9,542.4,546.35,513795.0,
2026-08-14,BERGEPAINT,547.0,561.0,543.0,545.1,891866.0,
2026-08-17,BERGEPAINT,549.0,553.55,543.7,549.35,460725.0,
2026-08-18,BERGEPAINT,549.0,549.6,537.3,541.2,243429.0,
2026-08-19,BERGEPAINT,538.0,544.5,531.0,535.9,344433.0,
2026-08-20,BERGEPAINT,536.9,539.55,525.0,528.55,291505.0,
2026-08-21,BERGEPAINT,530.2,530.2,522.0,524.4,157453.0,
2026-08-24,BERGEPAINT,524.4,525.45,514.1,515.5,159390.0,
2026-08-25,BERGEPAINT,515.5,517.4,508.0,509.85,210006.0,
2026-08-26,BERGEPAINT,511.3,514.0,501.9,503.7,636414.0,
2026-08-27,BERGEPAINT,507.0,511.35,499.6,501.0,275124.0,
2026-08-28,BERGEPAINT,501.85,501.85,493.0,494.35,149998.0,
2026-08-31,BERGEPAINT,493.0,505.0,486.0,497.75,261810.0,
2026-09-01,BERGEPAINT,500.9,501.1,490.0,490.85,134383.0,
2026-09-02,BERGEPAINT,488.8,489.9,478.75,488.05,225836.0,
2026-09-03,BERGEPAINT,489.0,497.0,485.4,491.4,188441.0,
2026-09-04,BERGEPAINT,494.0,496.7,484.0,485.3,277300.0,
2026-09-07,BERGEPAINT,485.4,488.95,480.55,484.5,305409.0,
2026-09-08,BERGEPAINT,484.5,485.65,476.15,479.45,224801.0,
2026-09-09,BERGEPAINT,483.9,483.9,468.0,470.8,397752.0,
2026-09-10,BERGEPAINT,471.0,473.95,460.95,463.8,262246.0,
2026-09-11,BERGEPAINT,460.75,465.75,457.0,458.05,283827.0,
2025-08-29,BHAGERIA,187.68,200.0,186.71,192.43,100844.0,
2025-09-01,BHAGERIA,194.7,202.0,190.05,199.58,104212.0,
2025-09-02,BHAGERIA,197.0,198.98,192.6,194.84,16180.0,
2025-09-03,BHAGERIA,197.0,205.0,194.61,198.72,73357.0,
2025-09-04,BHAGERIA,202.5,202.5,192.43,200.85,103768.0,
2025-09-05,BHAGERIA,198.85,202.25,197.0,198.93,27588.0,
2025-09-08,BHAGERIA,197.89,208.8,197.42,204.12,72193.0,
2025-09-09,BHAGERIA,204.1,207.01,198.45,198.83,35192.0,
2025-09-10,BHAGERIA,198.83,205.0,197.35,200.94,31488.0,
2025-09-11,BHAGERIA,203.0,214.0,200.0,206.84,248423.0,
2025-09-12,BHAGERIA,206.0,209.0,202.1,204.13,75726.0,
2025-09-15,BHAGERIA,204.13,207.7,190.5,191.67,235846.0,
2025-09-16,BHAGERIA,193.2,194.55,185.8,186.52,104777.0,
2025-09-17,BHAGERIA,188.4,190.8,184.0,184.67,192034.0,
2025-09-18,BHAGERIA,186.2,191.6,183.92,190.16,97116.0,
2025-09-19,BHAGERIA,191.0,220.5,180.92,182.27,2602425.0,
2025-09-22,BHAGERIA,182.4,189.0,178.86,179.59,277829.0,
2025-09-23,BHAGERIA,180.4,184.9,176.5,179.68,108859.0,
2025-09-24,BHAGERIA,182.25,182.39,173.8,174.64,466241.0,
2025-09-25,BHAGERIA,175.52,184.0,172.8,175.36,686198.0,
2025-09-26,BHAGERIA,174.1,179.7,172.22,177.22,203403.0,
2025-09-29,BHAGERIA,178.0,180.44,173.38,175.92,121603.0,
2025-09-30,BHAGERIA,177.7,179.46,172.37,172.99,172910.0,
2025-10-01,BHAGERIA,174.72,174.72,172.55,173.29,35620.0,
2025-10-03,BHAGERIA,173.29,181.9,173.29,177.09,291523.0,
2025-10-06,BHAGERIA,179.0,180.7,175.25,176.26,188063.0,
2025-10-07,BHAGERIA,178.0,181.0,173.95,177.53,92149.0,
2025-10-08,BHAGERIA,177.95,180.32,174.7,176.55,47303.0,
2025-10-09,BHAGERIA,178.7,184.6,176.63,182.36,393683.0,
2025-10-10,BHAGERIA,185.9,187.0,181.0,185.54,764053.0,
2025-10-13,BHAGERIA,186.47,187.9,173.24,174.71,577346.0,
2025-10-14,BHAGERIA,176.11,178.65,172.01,173.74,201736.0,
2025-10-15,BHAGERIA,174.95,176.0,173.1,174.18,237737.0,
2025-10-16,BHAGERIA,175.8,177.95,174.14,174.7,138789.0,
2025-10-17,BHAGERIA,175.57,176.98,171.9,172.78,126060.0,
2025-10-20,BHAGERIA,181.0,200.0,180.05,188.58,4198838.0,
2025-10-21,BHAGERIA,198.49,198.49,192.35,194.66,240945.0,
2025-10-23,BHAGERIA,199.3,233.59,199.0,228.6,8773759.0,
2025-10-24,BHAGERIA,230.0,244.6,222.34,235.94,7638962.0,
2025-10-27,BHAGERIA,237.0,244.0,224.1,232.67,1800262.0,
2025-10-28,BHAGERIA,227.81,239.0,215.0,220.09,1217996.0,
2025-10-29,BHAGERIA,221.0,224.18,212.0,216.91,423209.0,
2025-10-30,BHAGERIA,215.2,226.0,215.2,224.04,729613.0,
2025-10-31,BHAGERIA,225.16,228.89,218.8,223.91,305993.0,
2025-11-03,BHAGERIA,225.0,225.0,208.0,209.99,358404.0,
2025-11-04,BHAGERIA,212.0,217.36,210.54,213.5,235857.0,
2025-11-06,BHAGERIA,216.7,216.7,205.09,206.92,194651.0,
2025-11-07,BHAGERIA,208.58,212.79,205.57,209.4,187084.0,
2025-11-10,BHAGERIA,210.0,211.01,199.97,202.15,172008.0,
2025-11-11,BHAGERIA,202.73,203.62,197.69,200.03,140334.0,
2025-11-12,BHAGERIA,200.61,204.75,200.61,203.56,76293.0,
2025-11-13,BHAGERIA,204.15,204.15,197.7,199.14,102642.0,
2025-11-14,BHAGERIA,202.14,202.14,195.25,197.76,63417.0,
2025-11-17,BHAGERIA,198.33,203.0,198.33,200.46,73454.0,
2025-11-18,BHAGERIA,200.46,200.46,195.1,195.56,189064.0,
2025-11-19,BHAGERIA,195.9,199.0,193.0,194.5,91716.0,
2025-11-20,BHAGERIA,194.52,195.18,186.4,189.15,184269.0,
2025-11-21,BHAGERIA,188.37,190.39,185.0,185.97,103821.0,
2025-11-24,BHAGERIA,185.1,186.0,181.25,181.76,64395.0,
2025-11-25,BHAGERIA,181.0,185.09,179.46,183.5,58285.0,
2025-11-26,BHAGERIA,184.03,188.0,183.4,185.13,88803.0,
2025-11-27,BHAGERIA,185.66,186.79,181.71,182.69,34430.0,
2025-11-28,BHAGERIA,183.21,183.21,180.0,181.45,62734.0,
2025-12-01,BHAGERIA,181.1,184.46,162.95,174.97,155183.0,
2025-12-02,BHAGERIA,175.2,185.0,175.2,181.24,149614.0,
2025-12-03,BHAGERIA,181.05,184.0,179.2,182.16,53415.0,
2025-12-04,BHAGERIA,182.21,183.74,178.8,179.88,34261.0,
2025-12-05,BHAGERIA,181.85,182.17,175.2,176.91,62447.0,
2025-12-08,BHAGERIA,176.03,177.7,171.0,174.42,74787.0,
2025-12-09,BHAGERIA,173.55,179.9,169.39,178.79,60052.0,
2025-12-10,BHAGERIA,180.6,180.6,175.32,177.21,34842.0,
2025-12-11,BHAGERIA,178.5,180.09,174.81,176.33,43486.0,
2025-12-12,BHAGERIA,175.36,180.39,175.36,177.35,40871.0,
2025-12-15,BHAGERIA,179.09,183.26,177.24,181.99,46082.0,
2025-12-16,BHAGERIA,184.75,184.75,177.45,179.32,31364.0,
2025-12-17,BHAGERIA,179.7,183.19,174.5,176.75,98631.0,
2025-12-18,BHAGERIA,175.0,179.9,174.2,177.47,50505.0,
2025-12-19,BHAGERIA,181.0,184.0,176.11,182.26,86008.0,
2025-12-22,BHAGERIA,182.26,188.24,180.26,187.13,75909.0,
2025-12-23,BHAGERIA,188.0,190.52,185.22,188.31,47330.0,
2025-12-24,BHAGERIA,188.31,188.85,184.74,185.94,28561.0,
2025-12-26,BHAGERIA,185.94,185.94,182.0,182.91,31860.0,
2025-12-29,BHAGERIA,183.0,183.9,178.38,180.5,33369.0,
2025-12-30,BHAGERIA,180.5,181.21,178.02,180.21,32870.0,
2025-12-31,BHAGERIA,180.0,182.9,177.35,180.57,106748.0,
2026-01-01,BHAGERIA,181.8,181.8,178.2,180.63,23440.0,
2026-01-02,BHAGERIA,181.49,184.76,180.11,183.41,37212.0,
2026-01-05,BHAGERIA,182.99,183.9,179.33,179.77,26883.0,
2026-01-06,BHAGERIA,180.4,180.62,177.35,177.83,28746.0,
2026-01-07,BHAGERIA,179.26,180.95,177.81,180.12,19592.0,
2026-01-08,BHAGERIA,180.12,180.98,175.2,175.51,27236.0,
2026-01-09,BHAGERIA,175.51,175.75,170.1,170.71,57737.0,
2026-01-12,BHAGERIA,170.55,170.66,164.55,168.73,35840.0,
2026-01-13,BHAGERIA,169.5,171.35,166.0,167.62,20451.0,
2026-01-14,BHAGERIA,169.1,169.19,166.0,166.36,34791.0,
2026-01-16,BHAGERIA,166.99,171.39,166.99,168.88,53112.0,
2026-01-19,BHAGERIA,167.1,169.49,166.07,167.13,30614.0,
2026-01-20,BHAGERIA,165.7,171.0,160.03,161.07,47080.0,
2026-01-21,BHAGERIA,159.55,162.49,155.0,157.08,48154.0,
2026-01-22,BHAGERIA,156.15,163.0,156.15,159.3,34997.0,
2026-01-23,BHAGERIA,159.69,172.22,159.02,160.6,109042.0,
2026-01-27,BHAGERIA,162.99,163.0,157.61,160.17,41438.0,
2026-01-28,BHAGERIA,161.99,170.16,161.34,169.51,68589.0,
2026-01-29,BHAGERIA,167.0,175.0,166.01,172.83,59546.0,
2026-01-30,BHAGERIA,174.5,185.77,168.0,180.87,93661.0,
2026-02-02,BHAGERIA,185.9,188.0,171.4,174.4,109343.0,
2026-02-03,BHAGERIA,174.5,179.66,165.66,166.72,239200.0,
2026-02-04,BHAGERIA,167.0,176.49,167.0,171.88,74670.0,
2026-02-05,BHAGERIA,170.23,170.82,163.8,164.45,82120.0,
2026-02-06,BHAGERIA,164.6,165.4,159.2,160.66,72743.0,
2026-02-09,BHAGERIA,161.49,163.3,157.0,158.41,94718.0,
2026-02-10,BHAGERIA,159.0,161.22,157.62,159.99,53276.0,
2026-02-11,BHAGERIA,160.25,164.49,158.02,163.41,46861.0,
2026-02-12,BHAGERIA,163.0,163.0,158.5,159.15,33140.0,
2026-02-13,BHAGERIA,159.1,162.14,156.41,161.2,36058.0,
2026-02-16,BHAGERIA,163.55,163.55,158.43,159.63,22200.0,
2026-02-17,BHAGERIA,159.0,162.8,159.0,160.75,21147.0,
2026-02-18,BHAGERIA,161.01,161.99,160.0,161.25,11798.0,
2026-02-19,BHAGERIA,161.0,162.48,158.6,158.92,15116.0,
2026-02-20,BHAGERIA,158.13,159.51,156.54,157.18,39642.0,
2026-02-23,BHAGERIA,157.2,158.7,156.0,157.15,15679.0,
2026-02-24,BHAGERIA,158.02,158.23,153.37,156.33,31277.0,
2026-02-25,BHAGERIA,158.7,158.7,154.0,155.13,21736.0,
2026-02-26,BHAGERIA,157.5,157.5,153.0,153.8,15688.0,
2026-02-27,BHAGERIA,154.8,156.91,153.0,154.19,34242.0,
2026-03-02,BHAGERIA,147.9,153.0,147.9,152.69,41629.0,
2026-03-04,BHAGERIA,147.1,152.22,147.0,149.68,70198.0,
2026-03-05,BHAGERIA,149.05,153.2,148.0,151.44,24972.0,
2026-03-06,BHAGERIA,151.44,153.98,149.03,152.3,28383.0,
2026-03-09,BHAGERIA,152.3,154.0,145.0,151.35,43479.0,
2026-03-10,BHAGERIA,151.35,155.41,148.8,151.39,78871.0,
2026-03-11,BHAGERIA,153.5,153.96,150.0,151.92,25560.0,
2026-03-12,BHAGERIA,151.92,153.01,146.71,151.19,33213.0,
2026-03-13,BHAGERIA,151.9,151.9,145.0,146.96,31279.0,
2026-03-16,BHAGERIA,145.01,147.14,137.79,141.59,97046.0,
2026-03-17,BHAGERIA,141.61,143.54,139.22,141.03,32457.0,
2026-03-18,BHAGERIA,143.1,149.26,142.81,147.96,310927.0,
2026-03-19,BHAGERIA,143.2,149.76,142.3,143.48,36002.0,
2026-03-20,BHAGERIA,143.0,146.11,141.02,141.43,138789.0,
2026-03-23,BHAGERIA,143.0,143.0,135.0,135.35,58565.0,
2026-03-24,BHAGERIA,137.15,140.36,136.0,139.14,32609.0,
2026-03-25,BHAGERIA,142.0,145.3,140.97,142.92,339646.0,
2026-03-27,BHAGERIA,140.6,141.08,133.05,134.05,94269.0,
2026-03-30,BHAGERIA,133.38,135.2,127.51,128.54,66432.0,
2026-04-01,BHAGERIA,130.0,143.0,130.0,139.6,37469.0,
2026-04-02,BHAGERIA,135.55,153.3,135.55,147.81,45282.0,
2026-04-06,BHAGERIA,147.81,150.19,145.36,148.44,30510.0,
2026-04-07,BHAGERIA,148.0,158.0,146.8,154.59,42542.0,
2026-04-08,BHAGERIA,158.99,162.46,157.0,159.18,30828.0,
2026-04-09,BHAGERIA,160.21,163.7,153.4,154.72,47626.0,
2026-04-10,BHAGERIA,155.34,162.9,155.34,160.75,26644.0,
2026-04-13,BHAGERIA,157.65,160.2,155.0,157.67,33309.0,
2026-04-15,BHAGERIA,160.0,164.99,160.0,161.95,42703.0,
2026-04-16,BHAGERIA,162.83,164.95,159.1,162.22,21573.0,
2026-04-17,BHAGERIA,164.69,165.79,163.01,164.84,21965.0,
2026-04-20,BHAGERIA,164.7,164.7,160.1,160.5,16790.0,
2026-04-21,BHAGERIA,160.5,163.9,160.49,163.53,15706.0,
2026-04-22,BHAGERIA,162.39,165.58,161.5,163.12,11961.0,
2026-04-23,BHAGERIA,165.41,166.0,162.37,162.97,15669.0,
2026-04-24,BHAGERIA,162.97,185.37,159.41,175.13,174129.0,
2026-04-27,BHAGERIA,179.0,183.75,170.27,171.8,161801.0,
2026-04-28,BHAGERIA,171.0,180.5,171.0,176.71,41020.0,
2026-04-29,BHAGERIA,175.53,179.0,171.6,174.62,58881.0,
2026-04-30,BHAGERIA,172.01,176.0,170.01,173.32,22275.0,
2026-05-04,BHAGERIA,174.18,176.84,164.51,166.84,80248.0,
2026-05-05,BHAGERIA,168.89,169.85,163.7,165.16,27873.0,
2026-05-06,BHAGERIA,165.17,168.9,164.81,168.35,37826.0,
2026-05-07,BHAGERIA,169.0,169.9,166.0,166.99,29149.0,
2026-05-08,BHAGERIA,166.06,168.57,166.0,166.48,18231.0,
2026-05-11,BHAGERIA,166.48,166.48,161.65,163.23,16194.0,
2026-05-12,BHAGERIA,163.91,163.95,158.0,158.65,30009.0,
2026-05-13,BHAGERIA,161.8,163.68,156.35,157.29,27546.0,
2026-05-14,BHAGERIA,159.6,162.0,157.01,160.17,34005.0,
2026-05-15,BHAGERIA,161.4,161.4,155.25,156.62,16140.0,
2026-05-18,BHAGERIA,157.89,157.89,150.0,152.13,21793.0,
2026-05-19,BHAGERIA,155.95,155.95,150.35,151.87,19501.0,
2026-05-20,BHAGERIA,151.87,154.0,148.51,152.71,40819.0,
2026-05-21,BHAGERIA,153.1,155.14,151.8,152.14,22288.0,
2026-05-22,BHAGERIA,154.6,154.6,151.66,152.31,16347.0,
2026-05-25,BHAGERIA,153.15,155.0,152.22,154.52,21885.0,
2026-05-26,BHAGERIA,156.8,159.9,155.39,156.27,38728.0,
2026-05-27,BHAGERIA,158.4,159.5,156.0,158.06,15547.0,
2026-05-29,BHAGERIA,159.1,163.3,156.7,158.59,37098.0,
2026-06-01,BHAGERIA,157.0,161.76,152.0,153.12,20967.0,
2026-06-02,BHAGERIA,150.35,158.0,150.35,154.92,21923.0,
2026-06-03,BHAGERIA,157.93,158.95,153.02,156.22,38976.0,
2026-06-04,BHAGERIA,156.11,187.46,152.39,180.52,522784.0,
2026-06-05,BHAGERIA,205.0,216.0,196.02,209.09,2265151.0,
2026-06-08,BHAGERIA,211.98,219.73,205.0,210.93,1030701.0,
2026-06-09,BHAGERIA,214.0,220.0,213.0,216.4,230008.0,
2026-06-10,BHAGERIA,215.65,215.65,206.5,207.85,133265.0,
2026-06-11,BHAGERIA,205.25,209.12,202.6,205.37,72518.0,
2026-06-12,BHAGERIA,206.02,210.2,206.0,209.25,59871.0,
2026-06-15,BHAGERIA,215.0,220.0,208.04,217.8,244316.0,
2026-06-16,BHAGERIA,217.95,226.8,216.83,223.07,147811.0,
2026-06-17,BHAGERIA,226.53,232.99,224.12,227.52,200256.0,
2026-06-18,BHAGERIA,229.25,229.8,217.0,226.35,234250.0,
2026-06-19,BHAGERIA,229.99,229.99,217.8,224.67,73402.0,
2026-06-22,BHAGERIA,227.0,230.5,221.0,229.15,139110.0,
2026-06-23,BHAGERIA,228.5,234.0,225.0,229.08,71754.0,
2026-06-24,BHAGERIA,229.05,232.0,217.63,223.84,63018.0,
2026-06-25,BHAGERIA,219.0,223.84,218.0,219.13,32030.0,
2026-06-29,BHAGERIA,219.13,221.32,208.18,208.18,32647.0,
2026-06-30,BHAGERIA,197.78,216.5,197.78,211.01,87243.0,
2026-07-01,BHAGERIA,218.9,221.56,210.0,221.46,57628.0,
2026-07-02,BHAGERIA,219.02,232.0,215.25,229.38,208944.0,
2026-07-03,BHAGERIA,225.23,232.0,217.92,219.96,183188.0,
2026-07-06,BHAGERIA,219.0,219.0,212.52,216.85,22125.0,
2026-07-07,BHAGERIA,216.85,220.0,211.0,212.41,9612.0,
2026-07-08,BHAGERIA,212.4,216.0,202.25,204.04,16005.0,
2026-07-09,BHAGERIA,204.0,211.85,200.0,203.65,15569.0,
2026-07-10,BHAGERIA,206.0,213.83,204.0,212.32,13521.0,
2026-07-13,BHAGERIA,213.9,213.9,207.0,210.44,17325.0,
2026-07-14,BHAGERIA,209.25,214.12,201.0,207.53,11731.0,
2026-07-15,BHAGERIA,205.0,211.0,205.0,207.13,12241.0,
2026-07-16,BHAGERIA,207.13,211.27,201.0,203.22,14367.0,
2026-07-17,BHAGERIA,207.0,207.5,200.0,203.49,19169.0,
2026-07-20,BHAGERIA,207.5,213.0,206.0,211.56,28818.0,
2026-07-21,BHAGERIA,214.95,216.0,208.11,212.77,13763.0,
2026-07-22,BHAGERIA,212.99,221.8,212.5,217.26,52451.0,
2026-07-23,BHAGERIA,228.12,228.12,228.12,228.12,46013.0,
2026-07-24,BHAGERIA,236.9,236.9,227.9,228.98,190578.0,
2026-07-27,BHAGERIA,228.9,233.0,217.55,218.11,58952.0,
2026-07-28,BHAGERIA,220.0,220.0,207.21,207.99,50931.0,
2026-07-29,BHAGERIA,208.0,208.9,203.1,206.25,18380.0,
2026-07-30,BHAGERIA,205.2,209.0,199.0,202.08,27631.0,
2026-07-31,BHAGERIA,209.8,212.18,206.0,212.18,21706.0,
2026-08-03,BHAGERIA,222.78,222.78,214.11,219.57,46209.0,
2026-08-04,BHAGERIA,219.57,224.0,208.6,212.24,28286.0,
2026-08-05,BHAGERIA,214.4,218.0,209.0,210.72,17394.0,
2026-08-06,BHAGERIA,212.4,214.06,203.1,207.07,43484.0,
2026-08-07,BHAGERIA,208.9,210.4,205.0,207.43,13120.0,
2026-08-10,BHAGERIA,208.46,208.9,203.0,206.16,21888.0,
2026-08-11,BHAGERIA,208.8,210.0,206.11,206.98,20071.0,
2026-08-12,BHAGERIA,207.0,207.0,203.01,205.35,12301.0,
2026-08-13,BHAGERIA,205.35,207.5,200.0,200.36,33905.0,
2026-08-14,BHAGERIA,202.98,204.9,194.0,199.25,30048.0,
2026-08-17,BHAGERIA,199.25,205.0,196.0,202.08,15868.0,
2026-08-18,BHAGERIA,205.5,205.5,201.0,203.26,9489.0,
2026-08-19,BHAGERIA,203.8,206.35,203.1,204.4,14153.0,
2026-08-20,BHAGERIA,207.5,210.0,200.0,206.71,26302.0,
2026-08-21,BHAGERIA,207.0,213.75,207.0,212.7,49405.0,
2026-08-24,BHAGERIA,215.15,223.33,215.0,223.33,74373.0,
2026-08-25,BHAGERIA,227.0,233.0,218.0,222.19,106368.0,
2026-08-26,BHAGERIA,223.9,228.0,216.8,221.3,53236.0,
2026-08-27,BHAGERIA,220.15,232.1,218.32,227.39,187615.0,
2026-08-28,BHAGERIA,225.0,238.75,225.0,238.75,184545.0,
2026-08-31,BHAGERIA,250.68,250.68,250.68,250.68,147630.0,
2026-09-01,BHAGERIA,263.2,263.2,263.2,263.2,88629.0,
2026-09-02,BHAGERIA,273.0,276.35,253.05,276.35,613964.0,
2026-09-03,BHAGERIA,284.9,290.15,277.0,290.15,390157.0,
2026-09-04,BHAGERIA,288.0,304.65,286.0,304.65,218809.0,
2026-09-07,BHAGERIA,319.85,319.85,319.85,319.85,141581.0,
2026-09-08,BHAGERIA,335.8,335.8,321.0,335.8,263098.0,
2026-09-09,BHAGERIA,339.0,342.0,319.05,319.05,167841.0,
2026-09-10,BHAGERIA,303.1,303.1,303.1,303.1,34751.0,
2026-09-11,BHAGERIA,287.95,318.25,287.95,317.05,395692.0,
2025-10-01,BMWVENTLTD,78.0,78.0,74.1,74.1,1451832.0,
2025-10-03,BMWVENTLTD,70.39,70.39,70.39,70.39,262947.0,
2025-10-06,BMWVENTLTD,66.87,68.3,66.87,66.87,1218253.0,
2025-10-07,BMWVENTLTD,63.52,63.52,63.52,63.52,212378.0,
2025-10-08,BMWVENTLTD,60.34,63.0,60.34,60.57,2668963.0,
2025-10-09,BMWVENTLTD,58.81,60.34,57.54,57.71,806756.0,
2025-10-10,BMWVENTLTD,57.54,60.59,55.7,60.59,700476.0,
2025-10-13,BMWVENTLTD,62.0,63.61,60.89,63.61,324467.0,
2025-10-14,BMWVENTLTD,64.45,65.9,60.52,60.94,468852.0,
2025-10-15,BMWVENTLTD,60.93,63.45,58.55,61.0,205597.0,
2025-10-16,BMWVENTLTD,61.96,64.0,60.7,61.11,438290.0,
2025-10-17,BMWVENTLTD,61.7,61.7,59.05,60.04,277368.0,
2025-10-20,BMWVENTLTD,60.05,60.99,58.62,59.36,208564.0,
2025-10-21,BMWVENTLTD,59.48,61.01,59.48,60.6,117905.0,
2025-10-23,BMWVENTLTD,60.6,61.2,59.9,60.03,255385.0,
2025-10-24,BMWVENTLTD,60.33,61.0,59.95,60.75,240280.0,
2025-10-27,BMWVENTLTD,61.04,62.26,61.04,61.39,396898.0,
2025-10-28,BMWVENTLTD,61.68,70.42,61.16,67.15,4022428.0,
2025-10-29,BMWVENTLTD,66.52,69.54,65.01,66.14,886802.0,
2025-10-30,BMWVENTLTD,66.14,66.16,64.61,65.06,454390.0,
2025-10-31,BMWVENTLTD,65.49,66.98,64.7,66.02,436597.0,
2025-11-03,BMWVENTLTD,64.7,69.9,64.7,69.25,1100375.0,
2025-11-04,BMWVENTLTD,66.81,71.1,66.81,69.25,641551.0,
2025-11-06,BMWVENTLTD,69.47,69.89,66.21,67.03,320089.0,
2025-11-07,BMWVENTLTD,66.5,67.28,65.53,66.72,248187.0,
2025-11-10,BMWVENTLTD,68.0,68.9,65.65,67.21,507240.0,
2025-11-11,BMWVENTLTD,67.21,67.9,65.6,66.52,300918.0,
2025-11-12,BMWVENTLTD,66.99,66.99,65.4,65.66,208920.0,
2025-11-13,BMWVENTLTD,65.16,70.8,65.16,68.38,937571.0,
2025-11-14,BMWVENTLTD,68.0,70.37,68.0,69.7,560754.0,
2025-11-17,BMWVENTLTD,69.7,72.58,68.2,71.42,1064175.0,
2025-11-18,BMWVENTLTD,72.11,73.0,70.61,72.16,586808.0,
2025-11-19,BMWVENTLTD,72.0,73.0,67.64,71.45,1132159.0,
2025-11-20,BMWVENTLTD,72.2,73.2,69.0,71.3,403977.0,
2025-11-21,BMWVENTLTD,70.92,71.77,69.42,70.36,270134.0,
2025-11-24,BMWVENTLTD,69.65,70.0,67.1,67.41,298700.0,
2025-11-25,BMWVENTLTD,67.01,68.49,65.15,65.47,284483.0,
2025-11-26,BMWVENTLTD,65.47,66.0,64.31,64.7,305362.0,
2025-11-27,BMWVENTLTD,65.7,66.06,64.5,65.03,179300.0,
2025-11-28,BMWVENTLTD,65.05,65.53,63.35,64.77,335499.0,
2025-12-01,BMWVENTLTD,64.77,64.77,62.0,62.59,207853.0,
2025-12-02,BMWVENTLTD,62.59,62.59,60.97,61.26,181872.0,
2025-12-03,BMWVENTLTD,60.65,61.35,60.1,60.42,186381.0,
2025-12-04,BMWVENTLTD,60.25,61.84,59.12,60.82,233011.0,
2025-12-05,BMWVENTLTD,61.3,61.3,59.5,59.86,188196.0,
2025-12-08,BMWVENTLTD,59.3,63.49,57.5,59.83,3664442.0,
2025-12-09,BMWVENTLTD,60.8,62.5,58.0,61.52,938453.0,
2025-12-10,BMWVENTLTD,62.4,62.99,59.91,61.36,497477.0,
2025-12-11,BMWVENTLTD,61.35,61.35,59.9,60.62,163814.0,
2025-12-12,BMWVENTLTD,60.9,61.2,59.99,60.25,163552.0,
2025-12-15,BMWVENTLTD,60.2,60.63,59.56,59.87,169815.0,
2025-12-16,BMWVENTLTD,60.21,61.0,59.4,60.18,130109.0,
2025-12-17,BMWVENTLTD,60.3,60.3,58.55,58.91,130739.0,
2025-12-18,BMWVENTLTD,59.1,59.68,58.1,58.37,155267.0,
2025-12-19,BMWVENTLTD,58.02,58.7,58.0,58.55,140242.0,
2025-12-22,BMWVENTLTD,58.3,58.97,58.3,58.67,104665.0,
2025-12-23,BMWVENTLTD,58.67,60.78,58.24,58.52,256327.0,
2025-12-24,BMWVENTLTD,58.14,58.75,58.14,58.29,97663.0,
2025-12-26,BMWVENTLTD,58.29,59.0,57.88,58.57,190894.0,
2025-12-29,BMWVENTLTD,58.25,60.0,57.5,57.73,124296.0,
2025-12-30,BMWVENTLTD,58.0,58.0,57.0,57.29,108712.0,
2025-12-31,BMWVENTLTD,56.5,57.46,56.1,56.45,207746.0,
2026-01-01,BMWVENTLTD,56.11,58.7,56.11,58.05,372148.0,
2026-01-02,BMWVENTLTD,58.4,58.4,57.26,57.52,126568.0,
2026-01-05,BMWVENTLTD,57.1,57.24,56.51,56.53,123565.0,
2026-01-06,BMWVENTLTD,56.02,56.56,55.8,56.05,117361.0,
2026-01-07,BMWVENTLTD,56.05,56.61,56.05,56.22,76708.0,
2026-01-08,BMWVENTLTD,56.0,56.29,54.8,55.04,201782.0,
2026-01-09,BMWVENTLTD,55.04,55.04,53.8,54.09,144796.0,
2026-01-12,BMWVENTLTD,53.99,54.04,50.11,51.29,334898.0,
2026-01-13,BMWVENTLTD,51.05,52.3,50.02,50.74,160765.0,
2026-01-14,BMWVENTLTD,50.74,52.64,50.74,51.77,149421.0,
2026-01-16,BMWVENTLTD,51.99,52.0,50.6,51.12,259386.0,
2026-01-19,BMWVENTLTD,51.0,55.9,50.41,54.59,789278.0,
2026-01-20,BMWVENTLTD,55.0,55.01,53.66,54.82,185437.0,
2026-01-21,BMWVENTLTD,54.3,55.99,53.57,55.5,175868.0,
2026-01-22,BMWVENTLTD,55.5,57.99,55.4,57.53,258843.0,
2026-01-23,BMWVENTLTD,57.41,57.55,56.25,56.64,140251.0,
2026-01-27,BMWVENTLTD,56.64,56.64,55.44,55.66,97284.0,
2026-01-28,BMWVENTLTD,55.49,56.12,54.0,54.3,79830.0,
2026-01-29,BMWVENTLTD,54.02,55.34,53.06,53.59,152943.0,
2026-01-30,BMWVENTLTD,53.32,54.2,52.89,53.64,100321.0,
2026-02-02,BMWVENTLTD,53.33,55.48,52.8,55.09,142374.0,
2026-02-03,BMWVENTLTD,56.25,60.49,54.18,59.27,553675.0,
2026-02-04,BMWVENTLTD,59.27,60.0,57.01,58.66,169124.0,
2026-02-05,BMWVENTLTD,58.9,60.6,58.9,59.48,154859.0,
2026-02-06,BMWVENTLTD,59.61,60.2,58.01,59.94,380153.0,
2026-02-09,BMWVENTLTD,60.48,62.73,60.11,62.05,499671.0,
2026-02-10,BMWVENTLTD,60.4,60.94,58.25,58.97,211332.0,
2026-02-11,BMWVENTLTD,58.5,59.85,57.08,58.21,233232.0,
2026-02-12,BMWVENTLTD,57.35,58.66,56.5,57.57,88403.0,
2026-02-13,BMWVENTLTD,57.25,58.33,56.6,58.02,107765.0,
2026-02-16,BMWVENTLTD,56.61,57.99,56.61,57.49,63718.0,
2026-02-17,BMWVENTLTD,57.49,63.5,57.41,59.24,683252.0,
2026-02-18,BMWVENTLTD,61.5,61.5,58.2,58.79,82670.0,
2026-02-19,BMWVENTLTD,58.0,59.4,57.81,58.76,894121.0,
2026-02-20,BMWVENTLTD,58.76,60.23,58.16,59.09,157238.0,
2026-02-23,BMWVENTLTD,59.85,60.92,58.56,60.0,279544.0,
2026-02-24,BMWVENTLTD,60.0,61.8,59.4,60.39,508870.0,
2026-02-25,BMWVENTLTD,60.39,62.5,59.53,60.37,585815.0,
2026-02-26,BMWVENTLTD,61.8,62.4,59.61,61.68,616274.0,
2026-02-27,BMWVENTLTD,61.68,63.42,61.2,61.91,426011.0,
2026-03-02,BMWVENTLTD,57.92,59.68,57.78,58.53,213800.0,
2026-03-04,BMWVENTLTD,57.5,58.18,55.75,56.97,185896.0,
2026-03-05,BMWVENTLTD,57.8,58.19,56.9,57.41,99128.0,
2026-03-06,BMWVENTLTD,57.69,57.69,56.2,56.3,103273.0,
2026-03-09,BMWVENTLTD,55.25,56.55,54.01,55.02,148387.0,
2026-03-10,BMWVENTLTD,55.6,60.0,55.02,56.75,669601.0,
2026-03-11,BMWVENTLTD,57.61,57.8,56.1,56.77,134667.0,
2026-03-12,BMWVENTLTD,56.49,58.11,55.86,57.43,125885.0,
2026-03-13,BMWVENTLTD,57.02,63.0,56.1,60.85,1612881.0,
2026-03-16,BMWVENTLTD,60.79,62.25,58.5,60.58,348578.0,
2026-03-17,BMWVENTLTD,59.7,60.53,59.21,59.85,114502.0,
2026-03-18,BMWVENTLTD,59.29,60.55,59.29,59.69,101195.0,
2026-03-19,BMWVENTLTD,59.29,60.0,58.1,59.25,88055.0,
2026-03-20,BMWVENTLTD,59.94,59.94,58.01,58.24,76259.0,
2026-03-23,BMWVENTLTD,58.01,58.01,53.12,54.71,124921.0,
2026-03-24,BMWVENTLTD,56.0,56.51,54.11,54.41,159759.0,
2026-03-25,BMWVENTLTD,54.45,55.89,53.8,53.98,190834.0,
2026-03-27,BMWVENTLTD,53.0,53.79,50.5,51.17,371530.0,
2026-03-30,BMWVENTLTD,50.1,50.1,48.0,48.67,385181.0,
2026-04-01,BMWVENTLTD,49.5,53.14,49.5,51.97,162286.0,
2026-04-02,BMWVENTLTD,51.8,54.19,50.4,53.07,117629.0,
2026-04-06,BMWVENTLTD,54.64,54.64,52.2,53.0,79217.0,
2026-04-07,BMWVENTLTD,53.36,55.43,52.64,54.44,134055.0,
2026-04-08,BMWVENTLTD,55.56,59.6,55.0,58.34,330063.0,
2026-04-09,BMWVENTLTD,58.34,59.39,57.01,57.47,89264.0,
2026-04-10,BMWVENTLTD,57.48,58.63,57.05,57.96,134268.0,
2026-04-13,BMWVENTLTD,56.51,58.5,56.25,58.1,114992.0,
2026-04-15,BMWVENTLTD,58.5,60.0,58.35,59.19,191284.0,
2026-04-16,BMWVENTLTD,60.0,60.83,59.1,59.58,135596.0,
2026-04-17,BMWVENTLTD,61.0,61.62,59.15,61.12,232896.0,
2026-04-20,BMWVENTLTD,61.5,61.5,58.75,59.18,99771.0,
2026-04-21,BMWVENTLTD,60.4,60.4,58.5,59.08,50051.0,
2026-04-22,BMWVENTLTD,59.08,67.68,57.5,65.63,1172866.0,
2026-04-23,BMWVENTLTD,65.98,67.51,63.1,65.46,293510.0,
2026-04-24,BMWVENTLTD,64.48,66.01,63.54,64.01,86032.0,
2026-04-27,BMWVENTLTD,65.0,67.47,64.1,65.29,134423.0,
2026-04-28,BMWVENTLTD,65.56,65.85,64.6,65.16,45278.0,
2026-04-29,BMWVENTLTD,65.06,66.0,64.94,65.08,141542.0,
2026-04-30,BMWVENTLTD,64.3,65.0,63.87,64.0,42935.0,
2026-05-04,BMWVENTLTD,64.0,65.1,62.75,63.43,82469.0,
2026-05-05,BMWVENTLTD,64.7,64.7,63.0,63.37,45722.0,
2026-05-06,BMWVENTLTD,64.64,65.08,63.0,64.03,128633.0,
2026-05-07,BMWVENTLTD,66.29,66.29,64.25,64.76,128518.0,
2026-05-08,BMWVENTLTD,64.44,65.64,64.33,64.99,107848.0,
2026-05-11,BMWVENTLTD,65.99,67.63,64.09,64.8,201987.0,
2026-05-12,BMWVENTLTD,64.72,64.73,62.0,62.4,49540.0,
2026-05-13,BMWVENTLTD,62.0,62.83,61.0,61.21,106003.0,
2026-05-14,BMWVENTLTD,61.21,63.84,61.18,62.96,93483.0,
2026-05-15,BMWVENTLTD,64.0,64.0,61.6,61.91,48962.0,
2026-05-18,BMWVENTLTD,61.58,61.6,59.44,59.89,83779.0,
2026-05-19,BMWVENTLTD,61.45,61.45,59.13,60.11,31492.0,
2026-05-20,BMWVENTLTD,60.11,61.9,59.2,61.17,56261.0,
2026-05-21,BMWVENTLTD,62.09,62.18,60.82,61.41,56871.0,
2026-05-22,BMWVENTLTD,60.9,61.59,60.51,60.8,36085.0,
2026-05-25,BMWVENTLTD,60.99,63.0,60.95,62.33,79521.0,
2026-05-26,BMWVENTLTD,61.0,62.79,61.0,61.67,36043.0,
2026-05-27,BMWVENTLTD,62.4,64.9,61.35,62.57,84284.0,
2026-05-29,BMWVENTLTD,61.8,61.8,59.23,59.82,125278.0,
2026-06-01,BMWVENTLTD,59.0,59.82,58.6,58.9,53755.0,
2026-06-02,BMWVENTLTD,58.8,60.31,58.5,59.24,58290.0,
2026-06-03,BMWVENTLTD,58.0,59.2,58.0,58.73,27043.0,
2026-06-04,BMWVENTLTD,58.72,60.19,58.01,59.67,85597.0,
2026-06-05,BMWVENTLTD,60.05,64.46,59.75,61.79,253501.0,
2026-06-08,BMWVENTLTD,61.2,61.79,60.0,60.12,31600.0,
2026-06-09,BMWVENTLTD,61.47,61.89,60.11,60.83,36617.0,
2026-06-10,BMWVENTLTD,60.79,61.47,59.51,59.64,67142.0,
2026-06-11,BMWVENTLTD,58.37,61.09,58.37,59.16,72249.0,
2026-06-12,BMWVENTLTD,59.2,60.59,58.51,58.96,96888.0,
2026-06-15,BMWVENTLTD,59.35,60.7,59.12,59.4,63086.0,
2026-06-16,BMWVENTLTD,59.17,60.0,59.17,59.42,49217.0,
2026-06-17,BMWVENTLTD,60.3,60.3,58.8,59.55,40367.0,
2026-06-18,BMWVENTLTD,59.86,59.98,59.1,59.27,41782.0,
2026-06-19,BMWVENTLTD,59.56,59.88,58.01,58.56,65614.0,
2026-06-22,BMWVENTLTD,58.56,60.57,58.43,59.0,87210.0,
2026-06-23,BMWVENTLTD,58.55,59.85,57.5,58.03,81812.0,
2026-06-24,BMWVENTLTD,57.6,58.0,56.81,57.61,76782.0,
2026-06-25,BMWVENTLTD,58.5,59.55,57.15,57.87,86634.0,
2026-06-29,BMWVENTLTD,57.86,58.99,56.3,58.68,53931.0,
2026-06-30,BMWVENTLTD,58.68,58.68,56.7,57.21,50226.0,
2026-07-01,BMWVENTLTD,57.21,58.5,57.01,57.48,47890.0,
2026-07-02,BMWVENTLTD,57.1,58.25,57.1,57.54,41217.0,
2026-07-03,BMWVENTLTD,57.25,57.99,56.9,57.36,34718.0,
2026-07-06,BMWVENTLTD,57.63,58.39,57.02,58.05,29978.0,
2026-07-07,BMWVENTLTD,57.2,59.89,57.2,59.02,80821.0,
2026-07-08,BMWVENTLTD,58.6,59.8,58.0,58.07,64082.0,
2026-07-09,BMWVENTLTD,59.49,59.49,58.0,58.5,58324.0,
2026-07-10,BMWVENTLTD,58.5,60.0,58.23,58.82,74889.0,
2026-07-13,BMWVENTLTD,57.52,59.78,57.52,58.57,86944.0,
2026-07-14,BMWVENTLTD,58.01,59.37,57.5,58.52,84595.0,
2026-07-15,BMWVENTLTD,58.0,59.81,58.0,58.07,82743.0,
2026-07-16,BMWVENTLTD,58.0,60.0,57.52,59.08,79600.0,
2026-07-17,BMWVENTLTD,58.6,58.89,57.0,57.82,75568.0,
2026-07-20,BMWVENTLTD,57.83,57.84,57.0,57.1,44636.0,
2026-07-21,BMWVENTLTD,57.0,58.28,57.0,57.64,51068.0,
2026-07-22,BMWVENTLTD,57.02,57.85,55.99,56.68,61491.0,
2026-07-23,BMWVENTLTD,56.21,57.98,56.12,57.0,40499.0,
2026-07-24,BMWVENTLTD,57.0,57.28,56.12,56.52,43696.0,
2026-07-27,BMWVENTLTD,56.22,60.9,56.22,59.34,247389.0,
2026-07-28,BMWVENTLTD,59.34,59.34,57.5,57.71,61054.0,
2026-07-29,BMWVENTLTD,57.5,58.88,56.8,57.51,61071.0,
2026-07-30,BMWVENTLTD,57.49,57.49,56.21,56.32,81395.0,
2026-07-31,BMWVENTLTD,57.19,57.54,55.15,56.85,115661.0,
2026-08-03,BMWVENTLTD,56.86,58.41,56.76,57.69,76337.0,
2026-08-04,BMWVENTLTD,57.7,58.22,57.03,57.16,72361.0,
2026-08-05,BMWVENTLTD,57.35,63.63,56.85,59.97,132602.0,
2026-08-06,BMWVENTLTD,59.67,61.49,58.15,60.75,242546.0,
2026-08-07,BMWVENTLTD,60.11,61.0,59.0,59.3,93041.0,
2026-08-10,BMWVENTLTD,60.44,60.59,58.78,58.92,81890.0,
2026-08-11,BMWVENTLTD,59.22,60.29,58.21,58.84,97997.0,
2026-08-12,BMWVENTLTD,58.61,59.59,57.92,58.52,43361.0,
2026-08-13,BMWVENTLTD,58.81,59.39,57.53,57.68,61694.0,
2026-08-14,BMWVENTLTD,57.98,58.08,56.31,57.29,55064.0,
2026-08-17,BMWVENTLTD,57.29,58.19,57.11,57.62,41241.0,
2026-08-18,BMWVENTLTD,57.5,58.34,57.0,57.25,47589.0,
2026-08-19,BMWVENTLTD,57.02,60.0,56.7,57.18,133072.0,
2026-08-20,BMWVENTLTD,57.9,58.0,57.02,57.23,61200.0,
2026-08-21,BMWVENTLTD,57.12,59.0,57.0,58.13,55161.0,
2026-08-24,BMWVENTLTD,58.25,58.58,57.0,57.04,59329.0,
2026-08-25,BMWVENTLTD,57.05,58.4,56.75,56.97,78445.0,
2026-08-26,BMWVENTLTD,57.6,58.0,56.6,56.9,56772.0,
2026-08-27,BMWVENTLTD,57.0,57.24,56.5,56.95,36087.0,
2026-08-28,BMWVENTLTD,57.0,57.38,56.51,56.65,39438.0,
2026-08-31,BMWVENTLTD,56.55,57.95,56.5,56.57,45382.0,
2026-09-01,BMWVENTLTD,56.53,57.7,55.0,55.28,65868.0,
2026-09-02,BMWVENTLTD,56.24,56.24,55.0,55.23,51206.0,
2026-09-03,BMWVENTLTD,56.23,56.23,55.01,55.13,26435.0,
2026-09-04,BMWVENTLTD,56.22,56.22,55.1,55.36,40922.0,
2026-09-07,BMWVENTLTD,54.7,55.7,54.7,55.21,61090.0,
2026-09-08,BMWVENTLTD,55.98,55.98,54.5,54.8,51941.0,
2026-09-09,BMWVENTLTD,54.99,54.99,54.0,54.18,62136.0,
2026-09-10,BMWVENTLTD,54.45,54.89,54.22,54.59,26343.0,
2026-09-11,BMWVENTLTD,54.6,54.6,53.45,54.05,32634.0,
2025-08-29,CHEMBOND,184.1,187.2,184.1,187.02,18760.0,
2025-09-01,CHEMBOND,193.97,209.99,186.12,188.64,67270.0,
2025-09-02,CHEMBOND,189.6,193.0,187.1,187.77,10466.0,
2025-09-03,CHEMBOND,188.64,190.01,185.0,186.69,8391.0,
2025-09-04,CHEMBOND,187.7,189.18,177.55,178.42,14417.0,
2025-09-05,CHEMBOND,180.0,183.9,172.6,175.88,13992.0,
2025-09-08,CHEMBOND,175.5,182.99,175.05,179.81,5899.0,
2025-09-09,CHEMBOND,180.79,182.71,175.0,180.19,7893.0,
2025-09-10,CHEMBOND,180.24,189.89,179.0,181.01,40101.0,
2025-09-11,CHEMBOND,180.88,187.4,178.25,182.63,20306.0,
2025-09-12,CHEMBOND,182.51,185.22,181.21,183.42,4863.0,
2025-09-15,CHEMBOND,184.4,184.4,181.13,183.47,4067.0,
2025-09-16,CHEMBOND,182.0,196.54,180.11,184.0,17703.0,
2025-09-17,CHEMBOND,182.5,187.8,181.8,185.27,6100.0,
2025-09-18,CHEMBOND,185.0,185.0,181.0,181.88,3298.0,
2025-09-19,CHEMBOND,182.8,185.16,178.02,179.49,8479.0,
2025-09-22,CHEMBOND,180.0,188.3,176.7,183.62,27100.0,
2025-09-23,CHEMBOND,182.0,184.4,178.0,179.2,8423.0,
2025-09-24,CHEMBOND,179.2,184.0,176.0,177.86,27610.0,
2025-09-25,CHEMBOND,178.8,180.5,173.1,174.73,6148.0,
2025-09-26,CHEMBOND,175.59,177.5,165.0,166.73,26049.0,
2025-09-29,CHEMBOND,167.0,172.5,164.0,170.85,13760.0,
2025-09-30,CHEMBOND,170.11,179.2,170.11,176.95,10902.0,
2025-10-01,CHEMBOND,176.96,183.98,174.25,180.01,14619.0,
2025-10-03,CHEMBOND,181.0,184.48,176.0,178.91,22662.0,
2025-10-06,CHEMBOND,180.8,185.5,165.0,178.76,33738.0,
2025-10-07,CHEMBOND,183.0,183.0,173.0,174.24,9068.0,
2025-10-08,CHEMBOND,178.48,178.48,168.0,168.49,12769.0,
2025-10-09,CHEMBOND,172.5,172.5,163.55,166.4,24385.0,
2025-10-10,CHEMBOND,167.3,170.62,166.21,169.68,7158.0,
2025-10-13,CHEMBOND,170.5,170.5,162.68,166.75,8551.0,
2025-10-14,CHEMBOND,167.0,170.35,159.0,161.06,22846.0,
2025-10-15,CHEMBOND,161.9,166.79,161.6,165.26,12233.0,
2025-10-16,CHEMBOND,163.8,169.85,163.7,166.09,13172.0,
2025-10-17,CHEMBOND,166.99,169.9,162.0,166.7,12530.0,
2025-10-20,CHEMBOND,166.7,166.93,162.1,163.56,11285.0,
2025-10-21,CHEMBOND,168.5,170.98,163.05,169.12,16239.0,
2025-10-23,CHEMBOND,170.0,171.59,164.12,165.64,11155.0,
2025-10-24,CHEMBOND,166.17,166.46,162.9,163.55,10141.0,
2025-10-27,CHEMBOND,164.4,166.67,163.22,164.33,6762.0,
2025-10-28,CHEMBOND,162.8,169.43,162.8,166.71,8343.0,
2025-10-29,CHEMBOND,167.6,176.79,165.61,174.16,24491.0,
2025-10-30,CHEMBOND,177.0,185.0,167.96,178.84,16086.0,
2025-10-31,CHEMBOND,178.84,179.15,171.01,172.03,9482.0,
2025-11-03,CHEMBOND,174.0,174.0,170.81,172.51,2610.0,
2025-11-04,CHEMBOND,171.64,174.0,169.04,170.71,6746.0,
2025-11-06,CHEMBOND,171.68,171.68,165.0,166.63,5152.0,
2025-11-07,CHEMBOND,166.0,167.38,162.99,165.77,3316.0,
2025-11-10,CHEMBOND,163.0,169.64,163.0,163.78,5388.0,
2025-11-11,CHEMBOND,163.78,165.89,161.41,163.5,5601.0,
2025-11-12,CHEMBOND,163.16,190.9,163.16,179.48,61041.0,
2025-11-13,CHEMBOND,182.2,185.0,170.0,170.73,19399.0,
2025-11-14,CHEMBOND,170.1,173.67,167.46,169.89,4276.0,
2025-11-17,CHEMBOND,172.76,174.35,170.5,170.79,3595.0,
2025-11-18,CHEMBOND,168.2,171.02,164.75,166.4,6193.0,
2025-11-19,CHEMBOND,165.57,168.6,165.56,167.72,1369.0,
2025-11-20,CHEMBOND,167.03,175.0,165.91,172.43,6287.0,
2025-11-21,CHEMBOND,171.92,172.57,167.0,168.81,1751.0,
2025-11-24,CHEMBOND,168.81,169.73,163.5,164.99,4032.0,
2025-11-25,CHEMBOND,165.0,169.3,162.0,163.4,5006.0,
2025-11-26,CHEMBOND,166.8,169.78,162.0,166.66,5990.0,
2025-11-27,CHEMBOND,167.8,172.79,164.99,166.17,5529.0,
2025-11-28,CHEMBOND,165.0,168.8,160.0,160.86,9904.0,
2025-12-01,CHEMBOND,159.5,164.8,159.5,161.37,6259.0,
2025-12-02,CHEMBOND,161.38,162.0,158.0,158.52,7703.0,
2025-12-03,CHEMBOND,160.79,162.49,155.52,157.52,4888.0,
2025-12-04,CHEMBOND,159.99,162.0,151.6,158.01,12907.0,
2025-12-05,CHEMBOND,154.0,159.65,154.0,158.53,2715.0,
2025-12-08,CHEMBOND,158.53,164.99,155.0,157.94,6453.0,
2025-12-09,CHEMBOND,157.94,163.7,153.68,158.36,4597.0,
2025-12-10,CHEMBOND,159.3,162.98,155.8,159.11,11032.0,
2025-12-11,CHEMBOND,162.0,183.99,158.44,162.24,34336.0,
2025-12-12,CHEMBOND,161.0,170.18,161.0,164.39,4890.0,
2025-12-15,CHEMBOND,167.78,167.78,162.9,163.9,4128.0,
2025-12-16,CHEMBOND,167.7,167.7,162.1,163.19,1064.0,
2025-12-17,CHEMBOND,161.56,163.0,155.5,156.77,11010.0,
2025-12-18,CHEMBOND,155.25,162.43,155.25,158.23,13709.0,
2025-12-19,CHEMBOND,162.7,162.7,156.2,158.14,4696.0,
2025-12-22,CHEMBOND,158.14,163.9,157.02,159.71,8338.0,
2025-12-23,CHEMBOND,159.71,162.01,156.25,158.1,13433.0,
2025-12-24,CHEMBOND,159.19,168.99,157.0,165.32,24518.0,
2025-12-26,CHEMBOND,164.98,164.98,161.3,162.07,2383.0,
2025-12-29,CHEMBOND,161.26,165.99,158.5,159.29,9188.0,
2025-12-30,CHEMBOND,157.0,160.04,155.0,156.26,5894.0,
2025-12-31,CHEMBOND,156.26,164.0,156.26,161.69,9240.0,
2026-01-01,CHEMBOND,162.91,164.94,158.91,161.2,6920.0,
2026-01-02,CHEMBOND,163.09,164.81,160.6,161.36,7216.0,
2026-01-05,CHEMBOND,164.5,167.99,159.35,161.34,26072.0,
2026-01-06,CHEMBOND,163.78,163.78,158.5,160.08,23451.0,
2026-01-07,CHEMBOND,159.25,162.85,157.5,158.07,31064.0,
2026-01-08,CHEMBOND,158.2,161.41,157.0,157.86,8083.0,
2026-01-09,CHEMBOND,157.87,161.93,154.35,156.08,14599.0,
2026-01-12,CHEMBOND,154.0,158.0,153.2,154.18,5978.0,
2026-01-13,CHEMBOND,154.9,161.0,152.64,158.75,19216.0,
2026-01-14,CHEMBOND,159.95,159.95,155.27,159.04,17234.0,
2026-01-16,CHEMBOND,159.99,162.0,156.58,161.82,41752.0,
2026-01-19,CHEMBOND,155.0,158.12,145.37,146.74,65616.0,
2026-01-20,CHEMBOND,148.9,151.11,140.5,142.18,19989.0,
2026-01-21,CHEMBOND,140.0,149.69,136.21,147.0,57026.0,
2026-01-22,CHEMBOND,151.5,166.2,144.91,161.98,46974.0,
2026-01-23,CHEMBOND,162.0,162.0,152.08,155.13,14930.0,
2026-01-27,CHEMBOND,157.77,161.75,151.5,153.25,23579.0,
2026-01-28,CHEMBOND,153.0,157.49,151.7,152.7,11907.0,
2026-01-29,CHEMBOND,155.01,156.9,150.02,150.67,10299.0,
2026-01-30,CHEMBOND,148.12,154.41,146.01,148.06,14587.0,
2026-02-02,CHEMBOND,147.86,147.86,142.0,143.58,5817.0,
2026-02-03,CHEMBOND,149.8,152.28,145.1,150.64,16224.0,
2026-02-04,CHEMBOND,151.0,153.63,148.01,150.45,3969.0,
2026-02-05,CHEMBOND,150.49,151.0,145.0,148.42,6646.0,
2026-02-06,CHEMBOND,149.53,149.53,144.2,145.2,5691.0,
2026-02-09,CHEMBOND,148.0,149.44,145.48,146.46,7730.0,
2026-02-10,CHEMBOND,146.9,161.11,145.5,159.6,20905.0,
2026-02-11,CHEMBOND,161.0,163.48,156.96,159.61,12379.0,
2026-02-12,CHEMBOND,157.61,159.6,156.06,156.83,4123.0,
2026-02-13,CHEMBOND,159.0,159.89,154.1,155.69,5271.0,
2026-02-16,CHEMBOND,156.9,156.9,150.2,150.68,4608.0,
2026-02-17,CHEMBOND,152.79,155.01,148.03,154.09,9140.0,
2026-02-18,CHEMBOND,154.09,154.09,151.0,151.89,2562.0,
2026-02-19,CHEMBOND,153.22,153.22,145.0,147.03,5312.0,
2026-02-20,CHEMBOND,152.2,152.2,145.0,147.93,3068.0,
2026-02-23,CHEMBOND,148.69,150.2,142.0,144.42,4170.0,
2026-02-24,CHEMBOND,147.5,149.0,140.16,142.02,6955.0,
2026-02-25,CHEMBOND,144.51,150.35,142.51,147.72,10347.0,
2026-02-26,CHEMBOND,146.22,148.0,143.01,145.18,2359.0,
2026-02-27,CHEMBOND,145.19,148.0,141.01,147.01,5735.0,
2026-03-02,CHEMBOND,141.05,146.0,136.61,143.0,13220.0,
2026-03-04,CHEMBOND,143.95,145.97,135.01,139.43,5567.0,
2026-03-05,CHEMBOND,143.25,146.2,141.01,142.45,2228.0,
2026-03-06,CHEMBOND,141.21,146.0,139.68,143.4,2542.0,
2026-03-09,CHEMBOND,142.98,144.99,134.9,141.25,10921.0,
2026-03-10,CHEMBOND,141.9,142.98,137.0,138.69,2685.0,
2026-03-11,CHEMBOND,140.9,148.68,140.2,142.17,2370.0,
2026-03-12,CHEMBOND,142.17,144.55,137.5,143.23,10572.0,
2026-03-13,CHEMBOND,140.21,142.79,137.0,137.39,5352.0,
2026-03-16,CHEMBOND,137.39,139.5,127.0,129.84,23319.0,
2026-03-17,CHEMBOND,130.9,134.34,121.35,127.07,7911.0,
2026-03-18,CHEMBOND,129.0,133.97,126.5,128.98,5826.0,
2026-03-19,CHEMBOND,128.48,128.98,123.53,125.31,6961.0,
2026-03-20,CHEMBOND,124.69,135.4,124.69,126.32,6327.0,
2026-03-23,CHEMBOND,126.0,128.8,118.95,121.96,12825.0,
2026-03-24,CHEMBOND,124.94,126.5,119.7,121.37,7516.0,
2026-03-25,CHEMBOND,127.89,127.89,120.02,121.7,16660.0,
2026-03-27,CHEMBOND,121.0,123.93,108.9,111.32,40967.0,
2026-03-30,CHEMBOND,111.32,112.0,105.15,106.72,29721.0,
2026-04-01,CHEMBOND,105.2,124.98,105.2,122.1,20101.0,
2026-04-02,CHEMBOND,118.0,143.97,114.01,142.47,61593.0,
2026-04-06,CHEMBOND,144.6,149.0,138.21,141.74,14434.0,
2026-04-07,CHEMBOND,141.99,144.6,138.0,142.02,14521.0,
2026-04-08,CHEMBOND,146.3,149.0,135.52,144.2,25115.0,
2026-04-09,CHEMBOND,144.0,153.75,142.31,147.27,17450.0,
2026-04-10,CHEMBOND,148.99,154.0,145.61,150.64,10258.0,
2026-04-13,CHEMBOND,145.39,148.89,138.02,146.92,4264.0,
2026-04-15,CHEMBOND,147.0,152.98,147.0,149.51,6952.0,
2026-04-16,CHEMBOND,150.11,153.91,148.0,151.91,3867.0,
2026-04-17,CHEMBOND,153.8,155.0,149.0,150.68,2942.0,
2026-04-20,CHEMBOND,151.9,154.0,147.22,150.28,1956.0,
2026-04-21,CHEMBOND,147.22,153.0,147.21,148.51,6098.0,
2026-04-22,CHEMBOND,148.51,151.5,148.0,151.05,1631.0,
2026-04-23,CHEMBOND,150.27,152.25,148.0,148.37,2201.0,
2026-04-24,CHEMBOND,150.1,150.1,143.25,143.73,7528.0,
2026-04-27,CHEMBOND,148.37,156.8,144.42,152.85,12912.0,
2026-04-28,CHEMBOND,152.91,154.2,149.62,152.41,5805.0,
2026-04-29,CHEMBOND,152.03,154.88,150.0,150.92,4933.0,
2026-04-30,CHEMBOND,150.92,154.99,148.0,152.36,4131.0,
2026-05-04,CHEMBOND,157.44,159.23,151.7,156.03,5012.0,
2026-05-05,CHEMBOND,155.57,183.0,151.66,178.91,79061.0,
2026-05-06,CHEMBOND,173.81,194.0,173.81,191.92,87031.0,
2026-05-07,CHEMBOND,190.0,205.78,183.4,202.56,91102.0,
2026-05-08,CHEMBOND,198.33,203.0,187.15,191.18,36960.0,
2026-05-11,CHEMBOND,188.3,189.99,178.6,185.19,11572.0,
2026-05-12,CHEMBOND,187.0,187.0,175.94,178.7,4099.0,
2026-05-13,CHEMBOND,170.55,179.99,170.5,177.28,1590.0,
2026-05-14,CHEMBOND,176.4,178.0,169.05,170.42,4051.0,
2026-05-15,CHEMBOND,170.42,178.9,165.0,177.86,13169.0,
2026-05-18,CHEMBOND,186.75,186.75,169.0,186.75,62146.0,
2026-05-19,CHEMBOND,187.31,188.0,179.12,181.51,7115.0,
2026-05-20,CHEMBOND,185.0,185.0,172.44,173.49,18876.0,
2026-05-21,CHEMBOND,176.96,181.96,165.0,180.41,42872.0,
2026-05-22,CHEMBOND,180.41,180.41,171.5,171.82,11888.0,
2026-05-25,CHEMBOND,171.82,174.85,167.25,170.2,3804.0,
2026-05-26,CHEMBOND,170.2,177.52,168.0,175.55,16505.0,
2026-05-27,CHEMBOND,176.3,176.3,170.0,170.77,2082.0,
2026-05-29,CHEMBOND,170.77,175.0,162.24,166.4,2900.0,
2026-06-01,CHEMBOND,166.89,172.0,162.24,167.01,3975.0,
2026-06-02,CHEMBOND,171.99,171.99,159.0,159.9,5409.0,
2026-06-03,CHEMBOND,161.5,164.49,152.25,156.39,2274.0,
2026-06-04,CHEMBOND,156.0,163.4,152.0,159.62,5651.0,
2026-06-05,CHEMBOND,153.37,162.0,153.37,158.97,3576.0,
2026-06-08,CHEMBOND,158.97,160.99,152.0,156.01,3620.0,
2026-06-09,CHEMBOND,155.99,159.99,149.0,155.71,5487.0,
2026-06-10,CHEMBOND,156.0,156.0,150.3,154.04,1664.0,
2026-06-11,CHEMBOND,154.04,155.98,150.0,153.11,1082.0,
2026-06-12,CHEMBOND,153.5,155.9,148.5,152.67,3243.0,
2026-06-15,CHEMBOND,153.0,160.3,153.0,155.57,10349.0,
2026-06-16,CHEMBOND,162.95,163.34,160.0,162.88,5453.0,
2026-06-17,CHEMBOND,169.44,171.0,158.05,168.35,6224.0,
2026-06-18,CHEMBOND,174.99,176.76,162.55,176.49,11261.0,
2026-06-19,CHEMBOND,176.49,182.0,170.5,174.02,3938.0,
2026-06-22,CHEMBOND,174.02,182.71,172.5,180.43,10491.0,
2026-06-23,CHEMBOND,182.71,189.45,178.5,189.32,17331.0,
2026-06-24,CHEMBOND,195.9,195.9,179.86,184.53,6314.0,
2026-06-25,CHEMBOND,184.6,189.56,180.0,184.0,8879.0,
2026-06-29,CHEMBOND,185.84,189.9,178.1,186.01,5408.0,
2026-06-30,CHEMBOND,191.0,191.0,186.0,188.97,3679.0,
2026-07-01,CHEMBOND,188.97,194.39,180.5,187.18,3944.0,
2026-07-02,CHEMBOND,187.0,187.0,181.5,184.96,1855.0,
2026-07-03,CHEMBOND,176.51,186.35,176.25,183.5,2928.0,
2026-07-06,CHEMBOND,185.9,192.67,180.0,189.72,16057.0,
2026-07-07,CHEMBOND,194.09,197.44,185.0,190.08,3067.0,
2026-07-08,CHEMBOND,189.13,189.13,181.0,183.78,2279.0,
2026-07-09,CHEMBOND,180.0,183.82,176.2,179.83,1275.0,
2026-07-10,CHEMBOND,183.94,185.0,180.05,182.38,2639.0,
2026-07-13,CHEMBOND,182.4,190.0,180.0,184.91,8991.0,
2026-07-14,CHEMBOND,176.62,187.69,176.62,179.99,4278.0,
2026-07-15,CHEMBOND,179.1,184.98,179.1,180.43,2705.0,
2026-07-16,CHEMBOND,181.33,181.33,176.55,176.98,3569.0,
2026-07-17,CHEMBOND,176.8,180.5,174.1,177.4,2286.0,
2026-07-20,CHEMBOND,182.0,186.25,178.0,184.34,9919.0,
2026-07-21,CHEMBOND,184.45,188.0,179.0,183.0,3986.0,
2026-07-22,CHEMBOND,178.3,181.0,177.1,178.31,1094.0,
2026-07-23,CHEMBOND,177.5,179.99,174.2,179.71,2739.0,
2026-07-24,CHEMBOND,174.3,177.4,170.73,174.25,2483.0,
2026-07-27,CHEMBOND,177.75,177.79,170.0,171.85,3054.0,
2026-07-28,CHEMBOND,171.0,177.0,166.0,176.45,582.0,
2026-07-29,CHEMBOND,170.05,175.99,170.0,174.98,2230.0,
2026-07-30,CHEMBOND,173.99,173.99,166.6,167.22,2189.0,
2026-07-31,CHEMBOND,168.0,168.0,166.0,167.0,3456.0,
2026-08-03,CHEMBOND,165.5,175.3,161.6,173.91,7569.0,
2026-08-04,CHEMBOND,173.91,177.3,169.0,171.82,4827.0,
2026-08-05,CHEMBOND,171.82,180.4,170.1,177.83,3382.0,
2026-08-06,CHEMBOND,177.83,180.0,170.0,178.8,3364.0,
2026-08-07,CHEMBOND,177.99,179.0,175.0,177.06,2458.0,
2026-08-10,CHEMBOND,178.0,181.0,172.55,179.08,6434.0,
2026-08-11,CHEMBOND,180.0,180.0,170.13,178.32,7528.0,
2026-08-12,CHEMBOND,178.5,179.5,172.05,179.49,5152.0,
2026-08-13,CHEMBOND,180.0,180.25,173.1,180.0,2421.0,
2026-08-14,CHEMBOND,179.95,180.0,171.0,178.85,2395.0,
2026-08-17,CHEMBOND,175.4,187.0,167.52,172.41,3241.0,
2026-08-18,CHEMBOND,171.0,176.97,167.05,172.69,3264.0,
2026-08-19,CHEMBOND,173.69,173.69,163.0,166.0,6165.0,
2026-08-20,CHEMBOND,169.0,176.99,163.5,167.47,9118.0,
2026-08-21,CHEMBOND,163.5,195.0,163.0,172.63,31986.0,
2026-08-24,CHEMBOND,172.63,178.7,170.11,173.42,7216.0,
2026-08-25,CHEMBOND,178.45,178.45,170.0,170.5,3324.0,
2026-08-26,CHEMBOND,170.5,184.0,170.5,172.12,5609.0,
2026-08-27,CHEMBOND,170.0,178.0,166.51,173.59,3656.0,
2026-08-28,CHEMBOND,174.88,176.99,168.0,174.48,7183.0,
2026-08-31,CHEMBOND,175.8,177.0,170.0,174.47,9191.0,
2026-09-01,CHEMBOND,176.95,176.95,166.6,168.99,5663.0,
2026-09-02,CHEMBOND,174.44,174.44,165.61,167.67,3886.0,
2026-09-03,CHEMBOND,173.45,182.79,170.0,173.02,26644.0,
2026-09-04,CHEMBOND,178.96,178.96,169.01,170.9,6660.0,
2026-09-07,CHEMBOND,174.7,192.0,168.51,184.4,33357.0,
2026-09-08,CHEMBOND,190.0,199.0,187.2,197.72,63405.0,
2026-09-09,CHEMBOND,204.6,236.8,200.5,220.36,338501.0,
2026-09-10,CHEMBOND,220.86,232.8,220.25,225.82,47695.0,
2026-09-11,CHEMBOND,222.6,225.82,211.1,217.12,15946.0,
2025-08-29,CHEMBONDCH,188.7,192.96,184.55,186.23,19721.0,
2025-09-01,CHEMBONDCH,187.5,194.44,185.1,186.68,24806.0,
2025-09-02,CHEMBONDCH,189.5,199.19,187.0,192.07,41524.0,
2025-09-03,CHEMBONDCH,191.11,202.89,191.11,194.17,32367.0,
2025-09-04,CHEMBONDCH,196.81,197.98,190.5,192.16,9775.0,
2025-09-05,CHEMBONDCH,196.01,197.49,186.0,188.15,16680.0,
2025-09-08,CHEMBONDCH,194.94,194.94,185.01,187.12,10135.0,
2025-09-09,CHEMBONDCH,186.56,189.59,181.63,183.7,6458.0,
2025-09-10,CHEMBONDCH,188.0,218.0,188.0,194.9,288606.0,
2025-09-11,CHEMBONDCH,194.95,203.49,191.0,194.09,63970.0,
2025-09-12,CHEMBONDCH,199.85,199.9,191.02,192.3,19138.0,
2025-09-15,CHEMBONDCH,194.8,195.88,187.62,189.02,18936.0,
2025-09-16,CHEMBONDCH,190.93,193.97,187.21,189.18,17071.0,
2025-09-17,CHEMBONDCH,190.6,191.75,187.0,187.74,11254.0,
2025-09-18,CHEMBONDCH,189.59,195.58,186.11,189.49,17959.0,
2025-09-19,CHEMBONDCH,191.3,191.3,186.21,186.79,6150.0,
2025-09-22,CHEMBONDCH,191.78,193.99,181.2,183.64,11072.0,
2025-09-23,CHEMBONDCH,188.89,190.15,180.06,181.31,38638.0,
2025-09-24,CHEMBONDCH,184.13,184.33,181.35,181.51,13705.0,
2025-09-25,CHEMBONDCH,184.56,184.56,175.01,176.53,9089.0,
2025-09-26,CHEMBONDCH,175.0,179.89,164.0,164.91,75343.0,
2025-09-29,CHEMBONDCH,172.83,172.83,162.03,164.56,24876.0,
2025-09-30,CHEMBONDCH,167.0,169.85,157.51,163.28,36077.0,
2025-10-01,CHEMBONDCH,169.6,169.6,163.0,164.4,21463.0,
2025-10-03,CHEMBONDCH,167.0,171.27,163.0,164.78,33298.0,
2025-10-06,CHEMBONDCH,167.0,167.0,161.33,162.84,10926.0,
2025-10-07,CHEMBONDCH,165.8,165.82,161.1,161.72,9015.0,
2025-10-08,CHEMBONDCH,162.0,164.68,159.47,160.73,218796.0,
2025-10-09,CHEMBONDCH,162.57,163.0,158.41,159.12,17569.0,
2025-10-10,CHEMBONDCH,160.7,162.22,155.21,159.41,11828.0,
2025-10-13,CHEMBONDCH,155.5,163.99,154.82,156.12,20422.0,
2025-10-14,CHEMBONDCH,157.13,159.26,151.1,151.74,9776.0,
2025-10-15,CHEMBONDCH,151.74,157.32,151.1,154.36,23829.0,
2025-10-16,CHEMBONDCH,157.9,164.33,150.7,153.0,32910.0,
2025-10-17,CHEMBONDCH,154.0,155.9,150.7,151.36,19810.0,
2025-10-20,CHEMBONDCH,154.84,160.21,149.12,156.38,47825.0,
2025-10-21,CHEMBONDCH,157.5,163.8,156.0,161.64,17344.0,
2025-10-23,CHEMBONDCH,167.4,167.4,156.5,157.57,9383.0,
2025-10-24,CHEMBONDCH,161.99,161.99,152.0,155.75,14125.0,
2025-10-27,CHEMBONDCH,156.0,161.0,156.0,158.42,24041.0,
2025-10-28,CHEMBONDCH,159.6,161.4,157.4,158.64,14271.0,
2025-10-29,CHEMBONDCH,158.8,159.28,154.2,156.41,16793.0,
2025-10-30,CHEMBONDCH,159.55,159.55,156.01,157.82,5378.0,
2025-10-31,CHEMBONDCH,162.31,162.31,158.03,159.4,5220.0,
2025-11-03,CHEMBONDCH,162.7,162.7,153.41,156.0,10732.0,
2025-11-04,CHEMBONDCH,159.45,159.45,150.0,153.35,12042.0,
2025-11-06,CHEMBONDCH,156.0,156.01,151.11,153.76,6646.0,
2025-11-07,CHEMBONDCH,153.0,155.69,151.1,153.09,11141.0,
2025-11-10,CHEMBONDCH,152.0,155.38,145.21,146.37,19936.0,
2025-11-11,CHEMBONDCH,147.0,149.68,145.13,148.34,8153.0,
2025-11-12,CHEMBONDCH,149.0,153.85,147.0,149.07,16969.0,
2025-11-13,CHEMBONDCH,149.9,154.29,144.51,146.15,20510.0,
2025-11-14,CHEMBONDCH,146.15,148.07,143.71,146.11,12027.0,
2025-11-17,CHEMBONDCH,148.0,151.48,148.0,149.84,9681.0,
2025-11-18,CHEMBONDCH,153.0,153.0,149.0,151.04,27557.0,
2025-11-19,CHEMBONDCH,145.35,159.59,145.35,157.45,11261.0,
2025-11-20,CHEMBONDCH,157.45,162.29,157.14,160.86,14153.0,
2025-11-21,CHEMBONDCH,164.99,164.99,154.6,157.73,15625.0,
2025-11-24,CHEMBONDCH,157.0,159.08,149.27,153.0,71200.0,
2025-11-25,CHEMBONDCH,159.0,159.0,148.11,149.43,38994.0,
2025-11-26,CHEMBONDCH,150.0,152.99,148.2,150.24,14551.0,
2025-11-27,CHEMBONDCH,151.9,157.76,150.01,151.49,10512.0,
2025-11-28,CHEMBONDCH,152.9,152.9,145.8,149.89,17534.0,
2025-12-01,CHEMBONDCH,150.0,152.01,148.05,150.94,8801.0,
2025-12-02,CHEMBONDCH,154.5,154.5,146.11,147.75,9631.0,
2025-12-03,CHEMBONDCH,147.85,153.0,147.85,151.19,11477.0,
2025-12-04,CHEMBONDCH,148.4,152.94,148.4,149.9,3305.0,
2025-12-05,CHEMBONDCH,151.46,156.85,150.42,155.07,6989.0,
2025-12-08,CHEMBONDCH,153.5,153.5,144.0,144.43,13640.0,
2025-12-09,CHEMBONDCH,146.6,148.88,140.29,146.33,13769.0,
2025-12-10,CHEMBONDCH,146.01,149.99,141.83,149.83,2306.0,
2025-12-11,CHEMBONDCH,148.88,157.01,145.3,156.65,7922.0,
2025-12-12,CHEMBONDCH,156.06,161.0,155.68,160.31,15154.0,
2025-12-15,CHEMBONDCH,160.0,162.03,155.1,156.89,8052.0,
2025-12-16,CHEMBONDCH,157.67,159.6,153.7,157.43,11362.0,
2025-12-17,CHEMBONDCH,157.22,160.39,153.61,157.02,11614.0,
2025-12-18,CHEMBONDCH,157.0,158.92,155.61,158.03,8802.0,
2025-12-19,CHEMBONDCH,156.0,161.0,156.0,160.6,12145.0,
2025-12-22,CHEMBONDCH,161.0,166.0,159.6,164.43,15155.0,
2025-12-23,CHEMBONDCH,165.0,168.2,159.21,163.59,15875.0,
2025-12-24,CHEMBONDCH,161.6,164.99,159.01,160.24,4502.0,
2025-12-26,CHEMBONDCH,162.39,162.39,155.05,155.77,3433.0,
2025-12-29,CHEMBONDCH,159.44,159.44,149.26,152.0,14629.0,
2025-12-30,CHEMBONDCH,153.66,153.9,150.81,152.82,8991.0,
2025-12-31,CHEMBONDCH,152.82,157.9,149.98,151.6,8404.0,
2026-01-01,CHEMBONDCH,153.62,154.95,146.0,150.15,11695.0,
2026-01-02,CHEMBONDCH,151.18,154.0,148.1,152.88,6532.0,
2026-01-05,CHEMBONDCH,150.1,153.88,149.6,152.69,4726.0,
2026-01-06,CHEMBONDCH,153.99,168.0,148.1,156.56,15542.0,
2026-01-07,CHEMBONDCH,157.42,161.89,152.1,153.62,13171.0,
2026-01-08,CHEMBONDCH,153.54,157.21,147.65,149.92,16957.0,
2026-01-09,CHEMBONDCH,150.0,152.0,144.38,150.25,12051.0,
2026-01-12,CHEMBONDCH,149.58,149.65,141.1,144.53,17504.0,
2026-01-13,CHEMBONDCH,146.48,148.08,143.51,144.74,4002.0,
2026-01-14,CHEMBONDCH,146.58,147.3,143.1,143.99,1086.0,
2026-01-16,CHEMBONDCH,143.98,145.57,141.0,141.32,7472.0,
2026-01-19,CHEMBONDCH,139.99,141.99,132.0,135.97,13509.0,
2026-01-20,CHEMBONDCH,138.85,139.15,126.9,131.02,9711.0,
2026-01-21,CHEMBONDCH,130.26,130.89,127.0,129.27,23508.0,
2026-01-22,CHEMBONDCH,130.99,151.8,130.99,149.19,64027.0,
2026-01-23,CHEMBONDCH,146.53,149.7,143.21,143.47,13984.0,
2026-01-27,CHEMBONDCH,143.57,148.09,136.25,137.08,11099.0,
2026-01-28,CHEMBONDCH,137.0,144.88,137.0,139.8,12294.0,
2026-01-29,CHEMBONDCH,142.8,151.0,137.5,147.68,15529.0,
2026-01-30,CHEMBONDCH,145.57,151.58,140.2,142.95,10439.0,
2026-02-02,CHEMBONDCH,142.94,149.24,142.52,144.86,8278.0,
2026-02-03,CHEMBONDCH,155.0,155.0,144.1,151.33,40692.0,
2026-02-04,CHEMBONDCH,153.85,164.0,148.81,161.13,21969.0,
2026-02-05,CHEMBONDCH,161.13,161.13,153.25,154.54,8685.0,
2026-02-06,CHEMBONDCH,156.0,157.81,148.1,149.03,5706.0,
2026-02-09,CHEMBONDCH,149.03,160.66,149.03,153.87,11409.0,
2026-02-10,CHEMBONDCH,155.3,161.0,149.22,158.61,12351.0,
2026-02-11,CHEMBONDCH,161.0,165.55,158.61,162.85,28619.0,
2026-02-12,CHEMBONDCH,158.01,167.4,157.31,164.43,19735.0,
2026-02-13,CHEMBONDCH,162.54,164.0,156.0,158.64,9501.0,
2026-02-16,CHEMBONDCH,158.65,162.62,153.35,157.21,12914.0,
2026-02-17,CHEMBONDCH,157.26,165.95,155.75,164.67,17082.0,
2026-02-18,CHEMBONDCH,160.18,164.98,156.13,157.7,10454.0,
2026-02-19,CHEMBONDCH,160.0,164.38,157.49,158.42,14003.0,
2026-02-20,CHEMBONDCH,160.0,160.79,151.95,154.86,7952.0,
2026-02-23,CHEMBONDCH,157.99,159.18,149.15,152.31,8844.0,
2026-02-24,CHEMBONDCH,148.6,151.82,145.01,148.04,5816.0,
2026-02-25,CHEMBONDCH,148.33,152.4,146.0,151.22,9033.0,
2026-02-26,CHEMBONDCH,151.58,153.7,146.65,147.46,5148.0,
2026-02-27,CHEMBONDCH,150.67,150.9,145.71,146.85,4424.0,
2026-03-02,CHEMBONDCH,128.0,154.99,128.0,152.05,28117.0,
2026-03-04,CHEMBONDCH,149.9,149.9,139.8,142.53,11613.0,
2026-03-05,CHEMBONDCH,146.8,148.2,140.01,147.25,15915.0,
2026-03-06,CHEMBONDCH,146.11,148.0,142.2,143.27,1587.0,
2026-03-09,CHEMBONDCH,145.85,145.85,128.0,133.95,8402.0,
2026-03-10,CHEMBONDCH,139.8,139.8,132.84,134.29,8531.0,
2026-03-11,CHEMBONDCH,135.86,146.69,135.86,140.36,11812.0,
2026-03-12,CHEMBONDCH,141.18,141.18,134.0,134.82,10568.0,
2026-03-13,CHEMBONDCH,136.09,137.99,132.01,134.19,7504.0,
2026-03-16,CHEMBONDCH,132.12,133.91,124.99,126.42,10586.0,
2026-03-17,CHEMBONDCH,125.55,130.01,125.55,126.75,8912.0,
2026-03-18,CHEMBONDCH,125.0,131.15,125.0,129.44,4437.0,
2026-03-19,CHEMBONDCH,127.0,129.64,124.11,125.15,8383.0,
2026-03-20,CHEMBONDCH,129.45,130.0,124.12,127.99,17280.0,
2026-03-23,CHEMBONDCH,124.1,124.98,118.0,119.52,22217.0,
2026-03-24,CHEMBONDCH,121.5,123.0,117.6,118.45,8228.0,
2026-03-25,CHEMBONDCH,122.0,126.0,117.0,121.97,24079.0,
2026-03-27,CHEMBONDCH,121.71,121.85,108.0,112.15,46504.0,
2026-03-30,CHEMBONDCH,106.03,111.59,104.85,106.24,46882.0,
2026-04-01,CHEMBONDCH,109.85,123.93,107.65,118.94,21155.0,
2026-04-02,CHEMBONDCH,117.0,142.0,114.99,140.64,47649.0,
2026-04-06,CHEMBONDCH,140.64,144.99,130.4,137.56,15842.0,
2026-04-07,CHEMBONDCH,140.47,148.45,137.16,144.03,63377.0,
2026-04-08,CHEMBONDCH,148.4,151.0,137.1,147.0,42556.0,
2026-04-09,CHEMBONDCH,146.99,166.2,140.65,154.06,24647.0,
2026-04-10,CHEMBONDCH,156.3,157.35,150.0,152.95,12828.0,
2026-04-13,CHEMBONDCH,151.0,152.11,145.6,146.79,6409.0,
2026-04-15,CHEMBONDCH,146.06,161.0,146.06,153.86,12494.0,
2026-04-16,CHEMBONDCH,161.89,163.0,153.0,160.34,6555.0,
2026-04-17,CHEMBONDCH,163.0,167.0,156.8,157.77,7621.0,
2026-04-20,CHEMBONDCH,157.77,157.77,148.01,150.91,8817.0,
2026-04-21,CHEMBONDCH,148.1,160.4,148.1,159.53,10928.0,
2026-04-22,CHEMBONDCH,159.41,159.41,150.1,152.22,7976.0,
2026-04-23,CHEMBONDCH,152.58,152.58,140.01,142.58,15237.0,
2026-04-24,CHEMBONDCH,145.04,155.4,140.6,150.15,16329.0,
2026-04-27,CHEMBONDCH,154.05,154.05,147.3,152.14,17470.0,
2026-04-28,CHEMBONDCH,153.99,154.31,150.41,153.34,13923.0,
2026-04-29,CHEMBONDCH,153.89,154.98,151.03,151.83,5152.0,
2026-04-30,CHEMBONDCH,150.26,155.69,149.99,152.09,6857.0,
2026-05-04,CHEMBONDCH,145.2,164.4,145.2,156.9,7191.0,
2026-05-05,CHEMBONDCH,160.0,185.0,154.0,180.15,123290.0,
2026-05-06,CHEMBONDCH,178.01,195.25,174.63,192.53,97447.0,
2026-05-07,CHEMBONDCH,192.54,205.5,180.1,201.82,107005.0,
2026-05-08,CHEMBONDCH,205.0,205.0,187.0,187.28,31656.0,
2026-05-11,CHEMBONDCH,191.95,195.0,178.11,181.48,21561.0,
2026-05-12,CHEMBONDCH,185.0,188.9,172.41,177.07,12445.0,
2026-05-13,CHEMBONDCH,176.5,182.0,168.51,176.36,13014.0,
2026-05-14,CHEMBONDCH,177.24,179.36,170.0,174.91,7106.0,
2026-05-15,CHEMBONDCH,178.99,182.0,167.1,180.95,16895.0,
2026-05-18,CHEMBONDCH,186.0,189.99,177.25,189.97,85113.0,
2026-05-19,CHEMBONDCH,199.0,199.0,182.4,185.72,9034.0,
2026-05-20,CHEMBONDCH,187.0,195.0,185.0,187.24,10732.0,
2026-05-21,CHEMBONDCH,188.4,193.4,183.3,191.76,12393.0,
2026-05-22,CHEMBONDCH,191.76,194.0,185.4,191.88,2961.0,
2026-05-25,CHEMBONDCH,194.0,200.99,194.0,198.09,16681.0,
2026-05-26,CHEMBONDCH,207.9,207.99,188.9,202.51,35455.0,
2026-05-27,CHEMBONDCH,201.5,201.5,192.39,193.41,7965.0,
2026-05-29,CHEMBONDCH,193.41,199.5,184.11,185.32,7982.0,
2026-06-01,CHEMBONDCH,185.99,191.4,178.5,183.34,6500.0,
2026-06-02,CHEMBONDCH,187.4,187.4,175.0,176.78,10058.0,
2026-06-03,CHEMBONDCH,176.99,181.4,171.25,175.75,3832.0,
2026-06-04,CHEMBONDCH,175.0,184.53,171.0,183.12,11464.0,
2026-06-05,CHEMBONDCH,176.0,182.53,176.0,180.84,9865.0,
2026-06-08,CHEMBONDCH,180.84,185.0,172.0,173.22,7178.0,
2026-06-09,CHEMBONDCH,176.0,178.95,169.25,170.7,10764.0,
2026-06-10,CHEMBONDCH,174.99,175.0,170.15,174.72,3740.0,
2026-06-11,CHEMBONDCH,179.49,179.49,171.15,174.05,3148.0,
2026-06-12,CHEMBONDCH,174.5,176.0,171.5,172.63,5179.0,
2026-06-15,CHEMBONDCH,172.63,178.4,169.0,171.54,4900.0,
2026-06-16,CHEMBONDCH,174.0,180.11,174.0,180.11,10814.0,
2026-06-17,CHEMBONDCH,188.5,189.11,182.0,188.8,11460.0,
2026-06-18,CHEMBONDCH,197.0,198.24,190.11,198.05,14065.0,
2026-06-19,CHEMBONDCH,199.5,207.0,190.3,204.23,8252.0,
2026-06-22,CHEMBONDCH,205.25,214.44,205.0,214.44,32814.0,
2026-06-23,CHEMBONDCH,219.9,225.16,214.44,225.16,43194.0,
2026-06-24,CHEMBONDCH,236.4,236.4,213.91,222.94,55587.0,
2026-06-25,CHEMBONDCH,214.0,229.5,214.0,225.6,11501.0,
2026-06-29,CHEMBONDCH,225.0,230.0,214.32,217.17,10929.0,
2026-06-30,CHEMBONDCH,215.0,228.0,209.6,217.73,15186.0,
2026-07-01,CHEMBONDCH,219.0,224.99,212.25,222.53,7004.0,
2026-07-02,CHEMBONDCH,224.75,226.35,222.0,225.8,5082.0,
2026-07-03,CHEMBONDCH,215.0,235.9,215.0,228.66,17580.0,
2026-07-06,CHEMBONDCH,235.7,240.09,233.64,240.09,17922.0,
2026-07-07,CHEMBONDCH,247.9,252.09,240.09,249.57,26511.0,
2026-07-08,CHEMBONDCH,253.0,253.0,237.1,237.1,12599.0,
2026-07-09,CHEMBONDCH,237.1,237.5,226.25,231.56,9029.0,
2026-07-10,CHEMBONDCH,238.45,243.13,231.5,243.13,47201.0,
2026-07-13,CHEMBONDCH,254.9,255.28,245.0,255.28,26227.0,
2026-07-14,CHEMBONDCH,255.28,268.04,255.28,267.2,30903.0,
2026-07-15,CHEMBONDCH,275.0,279.8,256.5,262.54,12045.0,
2026-07-16,CHEMBONDCH,253.0,269.99,249.42,254.26,15147.0,
2026-07-17,CHEMBONDCH,245.5,251.46,241.55,241.55,11038.0,
2026-07-20,CHEMBONDCH,236.0,253.62,229.48,253.62,22830.0,
2026-07-21,CHEMBONDCH,263.0,263.0,243.05,250.21,7738.0,
2026-07-22,CHEMBONDCH,250.21,260.0,241.55,257.68,9416.0,
2026-07-23,CHEMBONDCH,251.0,253.9,244.8,247.86,6591.0,
2026-07-24,CHEMBONDCH,240.05,249.95,236.2,247.44,12195.0,
2026-07-27,CHEMBONDCH,252.4,252.95,239.08,240.62,5294.0,
2026-07-28,CHEMBONDCH,240.62,240.99,228.71,230.78,5145.0,
2026-07-29,CHEMBONDCH,234.99,238.95,219.25,228.77,15500.0,
2026-07-30,CHEMBONDCH,224.96,224.96,217.34,218.61,5781.0,
2026-07-31,CHEMBONDCH,217.5,229.0,216.4,226.41,33476.0,
2026-08-03,CHEMBONDCH,234.0,234.0,221.0,225.43,10415.0,
2026-08-04,CHEMBONDCH,230.3,230.3,222.0,229.11,1474.0,
2026-08-05,CHEMBONDCH,229.11,229.79,224.5,228.51,4649.0,
2026-08-06,CHEMBONDCH,229.8,234.2,221.32,231.77,45411.0,
2026-08-07,CHEMBONDCH,234.08,243.35,231.77,237.42,44693.0,
2026-08-10,CHEMBONDCH,243.99,249.29,235.5,249.29,36129.0,
2026-08-11,CHEMBONDCH,258.9,261.75,251.1,261.75,30864.0,
2026-08-12,CHEMBONDCH,259.0,274.83,253.0,274.82,62296.0,
2026-08-13,CHEMBONDCH,278.9,278.9,266.5,272.32,10426.0,
2026-08-14,CHEMBONDCH,272.34,277.99,266.5,269.06,12873.0,
2026-08-17,CHEMBONDCH,268.0,270.0,260.1,263.69,15083.0,
2026-08-18,CHEMBONDCH,263.69,269.0,260.1,266.23,10494.0,
2026-08-19,CHEMBONDCH,270.3,274.0,261.1,269.78,11521.0,
2026-08-20,CHEMBONDCH,269.78,283.26,269.78,282.0,21659.0,
2026-08-21,CHEMBONDCH,286.9,290.0,276.0,284.38,16188.0,
2026-08-24,CHEMBONDCH,280.2,287.0,271.0,273.91,12894.0,
2026-08-25,CHEMBONDCH,277.99,278.25,263.55,267.41,24279.0,
2026-08-26,CHEMBONDCH,266.25,275.5,264.5,267.76,17686.0,
2026-08-27,CHEMBONDCH,274.0,277.15,266.1,269.84,4068.0,
2026-08-28,CHEMBONDCH,274.8,274.8,266.0,267.49,4106.0,
2026-08-31,CHEMBONDCH,267.6,272.8,255.0,256.53,9504.0,
2026-09-01,CHEMBONDCH,255.4,269.0,255.0,267.6,6595.0,
2026-09-02,CHEMBONDCH,269.0,276.9,260.05,261.4,8614.0,
2026-09-03,CHEMBONDCH,269.45,272.0,255.5,259.0,3350.0,
2026-09-04,CHEMBONDCH,261.6,267.45,252.0,254.45,5353.0,
2026-09-07,CHEMBONDCH,259.95,267.15,253.0,267.15,9181.0,
2026-09-08,CHEMBONDCH,272.0,274.0,256.2,259.95,6271.0,
2026-09-09,CHEMBONDCH,259.95,265.95,250.0,251.75,12707.0,
2026-09-10,CHEMBONDCH,257.0,257.0,246.0,249.75,4895.0,
2026-09-11,CHEMBONDCH,249.75,262.2,243.6,262.2,8561.0,
2025-08-29,CONFIPET,48.7,48.7,47.0,47.3,479151.0,
2025-09-01,CONFIPET,47.5,48.25,47.42,47.97,200154.0,
2025-09-02,CONFIPET,47.97,49.3,47.75,48.3,444981.0,
2025-09-03,CONFIPET,48.7,49.0,48.3,48.74,310706.0,
2025-09-04,CONFIPET,49.19,49.68,48.25,48.39,305973.0,
2025-09-05,CONFIPET,48.58,49.05,47.81,48.28,240147.0,
2025-09-08,CONFIPET,48.48,48.88,48.03,48.37,381288.0,
2025-09-09,CONFIPET,48.59,49.0,48.28,48.82,252153.0,
2025-09-10,CONFIPET,48.96,49.5,48.56,49.31,362299.0,
2025-09-11,CONFIPET,48.71,49.85,48.5,48.76,389321.0,
2025-09-12,CONFIPET,48.77,49.3,48.7,49.1,310705.0,
2025-09-15,CONFIPET,49.1,50.73,48.5,48.68,945176.0,
2025-09-16,CONFIPET,49.07,49.5,47.96,48.06,830712.0,
2025-09-17,CONFIPET,48.1,49.0,48.1,48.86,399688.0,
2025-09-18,CONFIPET,49.25,49.3,47.65,47.93,1117220.0,
2025-09-19,CONFIPET,48.0,48.8,47.42,47.65,768567.0,
2025-09-22,CONFIPET,47.74,48.01,46.6,46.95,1319839.0,
2025-09-23,CONFIPET,47.18,47.51,46.25,46.74,721204.0,
2025-09-24,CONFIPET,46.79,47.7,46.55,46.69,398030.0,
2025-09-25,CONFIPET,46.82,47.0,46.0,46.4,479070.0,
2025-09-26,CONFIPET,46.39,46.43,45.25,45.5,501110.0,
2025-09-29,CONFIPET,45.68,46.0,44.85,45.0,348356.0,
2025-09-30,CONFIPET,45.17,45.38,44.91,45.06,294695.0,
2025-10-01,CONFIPET,45.06,45.81,45.0,45.68,442254.0,
2025-10-03,CONFIPET,45.9,46.1,45.58,45.83,234216.0,
2025-10-06,CONFIPET,45.98,46.79,45.86,46.45,428339.0,
2025-10-07,CONFIPET,46.35,48.25,43.01,46.52,3847874.0,
2025-10-08,CONFIPET,46.0,46.21,44.31,44.57,1460795.0,
2025-10-09,CONFIPET,44.93,44.95,42.01,42.24,2412382.0,
2025-10-10,CONFIPET,42.25,43.14,41.74,42.77,752190.0,
2025-10-13,CONFIPET,42.0,42.77,42.0,42.19,726378.0,
2025-10-14,CONFIPET,42.4,42.59,41.21,41.24,614481.0,
2025-10-15,CONFIPET,41.8,41.85,40.93,41.08,690744.0,
2025-10-16,CONFIPET,41.29,41.62,41.09,41.19,382145.0,
2025-10-17,CONFIPET,41.19,41.81,40.3,40.49,1132985.0,
2025-10-20,CONFIPET,40.31,41.25,40.07,41.02,526944.0,
2025-10-21,CONFIPET,41.23,42.5,41.15,41.98,324040.0,
2025-10-23,CONFIPET,42.0,42.66,42.0,42.3,377494.0,
2025-10-24,CONFIPET,42.38,42.38,41.06,41.24,445646.0,
2025-10-27,CONFIPET,41.23,41.5,40.71,41.05,347557.0,
2025-10-28,CONFIPET,41.0,42.6,40.75,41.69,455336.0,
2025-10-29,CONFIPET,41.69,42.55,41.26,42.27,408650.0,
2025-10-30,CONFIPET,42.26,42.96,41.99,42.17,480137.0,
2025-10-31,CONFIPET,42.37,42.55,41.48,41.65,326678.0,
2025-11-03,CONFIPET,41.56,41.94,41.25,41.59,332772.0,
2025-11-04,CONFIPET,41.59,42.3,41.05,41.32,392344.0,
2025-11-06,CONFIPET,41.01,41.4,40.0,40.34,541996.0,
2025-11-07,CONFIPET,40.15,41.38,39.7,40.9,596780.0,
2025-11-10,CONFIPET,40.51,40.93,39.5,39.96,445593.0,
2025-11-11,CONFIPET,40.5,40.84,39.73,40.39,392102.0,
2025-11-12,CONFIPET,40.37,41.68,40.17,41.18,370822.0,
2025-11-13,CONFIPET,41.18,41.64,40.8,41.04,375631.0,
2025-11-14,CONFIPET,41.34,41.34,40.21,40.41,276766.0,
2025-11-17,CONFIPET,40.65,41.3,40.15,41.13,427915.0,
2025-11-18,CONFIPET,41.13,41.55,40.39,40.84,259970.0,
2025-11-19,CONFIPET,40.6,40.89,40.15,40.54,291814.0,
2025-11-20,CONFIPET,40.98,40.98,40.0,40.1,234164.0,
2025-11-21,CONFIPET,40.14,40.9,39.51,39.7,497072.0,
2025-11-24,CONFIPET,39.5,39.74,38.44,38.63,536525.0,
2025-11-25,CONFIPET,38.96,39.12,37.89,38.2,659443.0,
2025-11-26,CONFIPET,38.8,39.17,38.32,38.89,359914.0,
2025-11-27,CONFIPET,38.99,39.37,38.11,38.32,293719.0,
2025-11-28,CONFIPET,38.36,38.44,37.54,38.08,478047.0,
2025-12-01,CONFIPET,38.14,39.3,38.0,38.12,322665.0,
2025-12-02,CONFIPET,38.48,38.48,37.71,37.93,347388.0,
2025-12-03,CONFIPET,38.09,38.49,37.05,37.17,401256.0,
2025-12-04,CONFIPET,37.7,37.7,36.5,36.6,474476.0,
2025-12-05,CONFIPET,36.6,36.8,35.85,36.03,405941.0,
2025-12-08,CONFIPET,36.09,36.09,34.17,34.63,968839.0,
2025-12-09,CONFIPET,34.99,35.0,32.66,33.33,2174713.0,
2025-12-10,CONFIPET,33.6,34.7,32.99,33.15,1125479.0,
2025-12-11,CONFIPET,33.25,33.59,32.51,33.43,868990.0,
2025-12-12,CONFIPET,33.6,34.42,33.23,34.04,562608.0,
2025-12-15,CONFIPET,34.04,34.7,33.67,34.34,408041.0,
2025-12-16,CONFIPET,34.49,35.32,33.96,35.12,741710.0,
2025-12-17,CONFIPET,35.65,35.68,34.11,34.43,447565.0,
2025-12-18,CONFIPET,34.43,34.5,33.0,33.5,535372.0,
2025-12-19,CONFIPET,33.5,34.68,33.3,34.39,297129.0,
2025-12-22,CONFIPET,34.58,37.2,34.44,36.04,1238343.0,
2025-12-23,CONFIPET,36.04,36.55,35.8,36.41,353955.0,
2025-12-24,CONFIPET,36.41,37.08,35.9,36.05,640619.0,
2025-12-26,CONFIPET,36.05,37.59,35.96,37.02,561149.0,
2025-12-29,CONFIPET,37.08,38.85,36.2,36.63,824516.0,
2025-12-30,CONFIPET,36.51,36.64,35.51,35.88,423604.0,
2025-12-31,CONFIPET,35.9,37.14,35.76,36.55,276217.0,
2026-01-01,CONFIPET,36.89,36.92,35.54,35.79,229286.0,
2026-01-02,CONFIPET,35.79,37.43,35.54,37.25,446405.0,
2026-01-05,CONFIPET,37.48,37.49,36.5,36.76,367529.0,
2026-01-06,CONFIPET,36.98,37.01,35.5,36.28,514739.0,
2026-01-07,CONFIPET,36.2,37.0,36.04,36.27,562088.0,
2026-01-08,CONFIPET,36.3,36.31,35.09,35.22,464245.0,
2026-01-09,CONFIPET,35.25,35.29,34.09,34.26,558411.0,
2026-01-12,CONFIPET,34.0,34.7,33.37,34.39,459623.0,
2026-01-13,CONFIPET,34.58,34.79,33.64,33.98,290609.0,
2026-01-14,CONFIPET,33.98,34.28,33.71,34.06,202313.0,
2026-01-16,CONFIPET,33.79,34.4,33.79,34.12,225361.0,
2026-01-19,CONFIPET,33.75,34.16,33.32,33.48,213770.0,
2026-01-20,CONFIPET,33.49,33.5,32.05,32.45,561756.0,
2026-01-21,CONFIPET,32.1,32.7,31.16,31.9,540034.0,
2026-01-22,CONFIPET,32.09,32.75,31.4,32.58,348978.0,
2026-01-23,CONFIPET,32.58,32.75,31.65,31.98,250260.0,
2026-01-27,CONFIPET,31.95,32.03,30.85,31.41,351788.0,
2026-01-28,CONFIPET,31.5,32.7,31.5,32.48,334390.0,
2026-01-29,CONFIPET,32.4,33.25,31.5,31.91,351614.0,
2026-01-30,CONFIPET,31.82,32.8,31.16,32.41,338466.0,
2026-02-02,CONFIPET,31.76,32.46,29.11,30.88,858194.0,
2026-02-03,CONFIPET,32.99,33.44,31.25,31.7,1069248.0,
2026-02-04,CONFIPET,31.62,32.9,31.5,32.63,493992.0,
2026-02-05,CONFIPET,32.51,32.63,31.48,31.59,386104.0,
2026-02-06,CONFIPET,31.59,33.0,30.48,31.25,425076.0,
2026-02-09,CONFIPET,31.25,33.79,31.25,33.57,883461.0,
2026-02-10,CONFIPET,33.73,34.55,33.19,34.13,413127.0,
2026-02-11,CONFIPET,34.28,34.35,33.5,34.08,349349.0,
2026-02-12,CONFIPET,34.5,34.56,33.5,34.11,281361.0,
2026-02-13,CONFIPET,33.94,33.94,32.02,32.52,473510.0,
2026-02-16,CONFIPET,32.0,33.71,31.52,32.29,671033.0,
2026-02-17,CONFIPET,32.2,33.75,32.0,33.6,458175.0,
2026-02-18,CONFIPET,33.43,34.15,33.16,33.4,257094.0,
2026-02-19,CONFIPET,33.4,33.8,32.0,32.18,346386.0,
2026-02-20,CONFIPET,32.01,32.2,31.45,31.64,263094.0,
2026-02-23,CONFIPET,32.0,32.6,31.26,31.77,234825.0,
2026-02-24,CONFIPET,31.65,31.84,31.02,31.54,294978.0,
2026-02-25,CONFIPET,31.54,31.98,31.15,31.49,226233.0,
2026-02-26,CONFIPET,31.44,32.1,31.25,31.84,228395.0,
2026-02-27,CONFIPET,32.0,32.19,31.46,31.75,172069.0,
2026-03-02,CONFIPET,30.35,31.0,29.82,30.37,714040.0,
2026-03-04,CONFIPET,30.5,30.5,29.6,30.2,657296.0,
2026-03-05,CONFIPET,30.06,30.7,28.52,29.18,608500.0,
2026-03-06,CONFIPET,29.18,30.6,28.87,29.73,511067.0,
2026-03-09,CONFIPET,29.91,30.0,28.06,28.81,555520.0,
2026-03-10,CONFIPET,28.91,29.76,28.65,29.34,477481.0,
2026-03-11,CONFIPET,29.38,30.5,29.38,29.58,678318.0,
2026-03-12,CONFIPET,29.8,35.49,29.35,35.45,9380060.0,
2026-03-13,CONFIPET,37.0,39.66,34.0,36.54,17012848.0,
2026-03-16,CONFIPET,36.9,36.9,31.26,32.06,3868129.0,
2026-03-17,CONFIPET,32.15,34.45,31.15,31.54,2611981.0,
2026-03-18,CONFIPET,31.7,37.78,31.65,36.6,7301274.0,
2026-03-19,CONFIPET,36.51,39.99,35.21,36.44,4509823.0,
2026-03-20,CONFIPET,37.0,38.13,36.0,36.28,1580039.0,
2026-03-23,CONFIPET,37.0,39.33,33.75,34.03,3782656.0,
2026-03-24,CONFIPET,34.8,36.78,34.39,35.15,1434603.0,
2026-03-25,CONFIPET,35.49,36.44,34.21,34.64,1220984.0,
2026-03-27,CONFIPET,33.6,39.6,33.6,38.61,16353097.0,
2026-03-30,CONFIPET,38.09,38.94,35.5,37.49,3036579.0,
2026-04-01,CONFIPET,38.8,44.48,38.4,44.03,7777041.0,
2026-04-02,CONFIPET,43.84,52.83,42.9,52.39,49374671.0,
2026-04-06,CONFIPET,54.4,57.62,54.0,57.62,5494142.0,
2026-04-07,CONFIPET,58.75,62.44,55.51,59.83,20866345.0,
2026-04-08,CONFIPET,62.0,62.28,53.85,53.85,8383533.0,
2026-04-09,CONFIPET,50.91,55.8,48.47,54.84,14312031.0,
2026-04-10,CONFIPET,54.84,59.8,53.28,55.97,9170851.0,
2026-04-13,CONFIPET,57.35,58.98,54.0,54.61,6550034.0,
2026-04-15,CONFIPET,54.79,55.56,51.81,52.61,2799697.0,
2026-04-16,CONFIPET,52.21,53.64,50.11,52.56,2945247.0,
2026-04-17,CONFIPET,52.88,53.9,52.25,52.68,1110965.0,
2026-04-20,CONFIPET,53.21,57.15,51.29,55.6,4844204.0,
2026-04-21,CONFIPET,56.23,58.0,54.75,55.74,3082064.0,
2026-04-22,CONFIPET,56.2,56.85,53.81,54.18,1379436.0,
2026-04-23,CONFIPET,54.11,56.7,53.16,55.58,2644366.0,
2026-04-24,CONFIPET,57.0,57.0,54.2,54.83,1431749.0,
2026-04-27,CONFIPET,55.09,59.65,52.61,57.73,4708667.0,
2026-04-28,CONFIPET,58.8,60.44,56.6,58.71,3933919.0,
2026-04-29,CONFIPET,59.44,59.69,52.84,56.76,4879607.0,
2026-04-30,CONFIPET,56.76,57.6,53.9,54.65,1833659.0,
2026-05-04,CONFIPET,55.0,56.8,54.96,55.49,1102756.0,
2026-05-05,CONFIPET,55.5,56.29,54.8,55.5,662863.0,
2026-05-06,CONFIPET,56.68,59.75,53.17,54.55,5059358.0,
2026-05-07,CONFIPET,55.3,56.3,54.74,55.01,888904.0,
2026-05-08,CONFIPET,55.01,55.41,53.65,54.72,1122772.0,
2026-05-11,CONFIPET,54.8,58.99,54.6,56.93,3463679.0,
2026-05-12,CONFIPET,57.5,58.99,56.05,56.86,2077510.0,
2026-05-13,CONFIPET,57.14,62.54,56.2,62.54,9750250.0,
2026-05-14,CONFIPET,64.74,67.08,58.02,61.63,9287285.0,
2026-05-15,CONFIPET,62.9,62.99,58.83,61.61,3029519.0,
2026-05-18,CONFIPET,61.11,62.77,58.8,61.6,2043920.0,
2026-05-19,CONFIPET,62.0,66.0,61.69,64.71,3426055.0,
2026-05-20,CONFIPET,64.5,64.84,62.56,63.57,1465081.0,
2026-05-21,CONFIPET,63.6,64.2,57.22,58.6,5195387.0,
2026-05-22,CONFIPET,59.68,60.3,57.0,57.51,2484732.0,
2026-05-25,CONFIPET,57.78,61.99,56.76,61.22,2945450.0,
2026-05-26,CONFIPET,61.15,64.28,61.0,63.67,2009355.0,
2026-05-27,CONFIPET,63.0,65.51,62.51,63.78,1899437.0,
2026-05-29,CONFIPET,63.85,70.15,63.85,67.77,5422010.0,
2026-06-01,CONFIPET,67.5,67.77,62.7,63.47,3374692.0,
2026-06-02,CONFIPET,62.5,69.81,59.95,69.81,4572557.0,
2026-06-03,CONFIPET,70.16,76.79,70.16,76.79,13245255.0,
2026-06-04,CONFIPET,78.0,80.57,74.0,76.89,7910840.0,
2026-06-05,CONFIPET,76.95,79.19,73.31,77.61,3889694.0,
2026-06-08,CONFIPET,77.61,80.0,76.0,77.4,2236361.0,
2026-06-09,CONFIPET,77.0,78.2,75.0,75.5,1574677.0,
2026-06-10,CONFIPET,75.98,75.98,71.61,72.92,3058277.0,
2026-06-11,CONFIPET,72.92,76.0,71.7,72.56,1851024.0,
2026-06-12,CONFIPET,74.0,74.9,69.51,70.42,1773569.0,
2026-06-15,CONFIPET,70.49,72.6,67.5,71.05,1923562.0,
2026-06-16,CONFIPET,71.4,73.38,68.6,69.66,1383732.0,
2026-06-17,CONFIPET,69.6,70.19,67.01,67.64,1524287.0,
2026-06-18,CONFIPET,68.0,73.8,67.55,67.89,2624100.0,
2026-06-19,CONFIPET,68.9,71.04,67.11,70.44,4124933.0,
2026-06-22,CONFIPET,72.5,72.9,68.95,69.2,1190150.0,
2026-06-23,CONFIPET,69.5,70.98,66.3,69.68,2003245.0,
2026-06-24,CONFIPET,69.0,75.0,68.59,73.44,12593883.0,
2026-06-25,CONFIPET,73.8,74.39,71.0,71.87,3302017.0,
2026-06-29,CONFIPET,72.0,73.42,69.52,71.47,4377488.0,
2026-06-30,CONFIPET,71.6,74.7,70.3,73.14,6762907.0,
2026-07-01,CONFIPET,75.25,77.85,74.66,76.89,6505900.0,
2026-07-02,CONFIPET,78.4,80.4,76.38,77.42,4071416.0,
2026-07-03,CONFIPET,77.77,77.77,72.09,74.17,4472397.0,
2026-07-06,CONFIPET,74.48,75.6,72.22,72.97,1169045.0,
2026-07-07,CONFIPET,72.5,72.99,69.61,70.37,1735019.0,
2026-07-08,CONFIPET,69.79,72.88,68.25,69.29,1990573.0,
2026-07-09,CONFIPET,69.39,73.18,69.39,72.32,1331851.0,
2026-07-10,CONFIPET,72.41,77.2,71.82,76.45,3329980.0,
2026-07-13,CONFIPET,75.86,77.8,73.8,75.35,1511454.0,
2026-07-14,CONFIPET,75.35,75.35,72.57,73.62,1652325.0,
2026-07-15,CONFIPET,73.62,76.0,73.01,75.35,1230780.0,
2026-07-16,CONFIPET,75.34,77.0,73.16,75.53,1755867.0,
2026-07-17,CONFIPET,75.99,75.99,71.35,73.12,2135928.0,
2026-07-20,CONFIPET,73.54,77.0,72.39,76.66,3877073.0,
2026-07-21,CONFIPET,77.0,77.0,75.02,75.65,1574754.0,
2026-07-22,CONFIPET,76.4,76.4,74.11,74.76,875846.0,
2026-07-23,CONFIPET,76.49,78.09,73.25,74.45,2971455.0,
2026-07-24,CONFIPET,74.4,79.5,73.5,78.3,3047292.0,
2026-07-27,CONFIPET,79.4,83.0,78.02,81.04,8619919.0,
2026-07-28,CONFIPET,81.7,81.7,76.1,77.49,3344524.0,
2026-07-29,CONFIPET,77.9,79.7,77.09,78.28,1713119.0,
2026-07-30,CONFIPET,79.7,79.7,76.9,78.27,1716785.0,
2026-07-31,CONFIPET,78.27,80.95,77.6,79.66,3040473.0,
2026-08-03,CONFIPET,80.03,84.4,80.0,83.77,5300850.0,
2026-08-04,CONFIPET,84.79,84.79,80.11,82.08,2152778.0,
2026-08-05,CONFIPET,83.3,84.66,81.0,81.8,1874656.0,
2026-08-06,CONFIPET,82.11,82.99,77.77,79.39,1931883.0,
2026-08-07,CONFIPET,79.9,81.5,79.61,81.28,1311439.0,
2026-08-10,CONFIPET,82.0,86.4,81.28,82.74,5858829.0,
2026-08-11,CONFIPET,83.15,86.0,75.18,78.42,15164879.0,
2026-08-12,CONFIPET,78.71,78.91,72.51,73.82,4555642.0,
2026-08-13,CONFIPET,74.1,74.79,72.0,73.8,2498663.0,
2026-08-14,CONFIPET,73.96,73.96,71.56,71.99,1331828.0,
2026-08-17,CONFIPET,72.39,73.39,71.41,72.55,1010011.0,
2026-08-18,CONFIPET,72.7,73.25,69.0,69.9,1806579.0,
2026-08-19,CONFIPET,70.19,73.89,69.92,72.49,3849623.0,
2026-08-20,CONFIPET,73.0,73.64,71.6,72.16,1976323.0,
2026-08-21,CONFIPET,72.46,76.2,71.21,74.8,3819920.0,
2026-08-24,CONFIPET,76.4,76.4,71.75,72.14,3160735.0,
2026-08-25,CONFIPET,73.45,78.42,71.6,77.85,8227545.0,
2026-08-26,CONFIPET,77.8,82.5,77.7,79.69,7543729.0,
2026-08-27,CONFIPET,79.66,80.86,78.22,79.01,2291261.0,
2026-08-28,CONFIPET,78.9,80.6,78.16,79.87,1407583.0,
2026-08-31,CONFIPET,79.85,83.4,79.1,81.37,3471549.0,
2026-09-01,CONFIPET,81.9,81.9,78.6,80.34,1499783.0,
2026-09-02,CONFIPET,80.11,84.4,78.85,82.55,5113322.0,
2026-09-03,CONFIPET,82.55,88.27,82.0,84.28,7328054.0,
2026-09-04,CONFIPET,84.7,85.3,82.0,82.48,2371168.0,
2026-09-07,CONFIPET,82.48,85.2,82.0,82.18,2942312.0,
2026-09-08,CONFIPET,82.88,85.0,82.0,82.49,3653848.0,
2026-09-09,CONFIPET,82.98,91.3,82.98,90.66,15689882.0,
2026-09-10,CONFIPET,90.95,90.95,87.01,87.84,3216537.0,
2026-09-11,CONFIPET,87.79,90.5,86.95,89.22,4722048.0,
2025-08-29,DIAMONDYD,905.85,917.4,894.4,910.9,32655.0,
2025-09-01,DIAMONDYD,912.7,936.05,912.7,926.75,62599.0,
2025-09-02,DIAMONDYD,928.6,963.6,921.9,956.8,102526.0,
2025-09-03,DIAMONDYD,944.85,992.0,930.05,986.25,685531.0,
2025-09-04,DIAMONDYD,1041.0,1050.2,990.0,1014.05,465531.0,
2025-09-05,DIAMONDYD,1020.0,1021.2,980.5,1001.8,70884.0,
2025-09-08,DIAMONDYD,1006.8,1035.1,990.0,1029.1,459211.0,
2025-09-09,DIAMONDYD,1029.1,1070.05,1029.1,1037.75,118054.0,
2025-09-10,DIAMONDYD,1041.9,1056.0,976.1,1003.45,268495.0,
2025-09-11,DIAMONDYD,1004.0,1062.85,994.7,1057.55,175437.0,
2025-09-12,DIAMONDYD,1057.55,1068.8,1024.0,1051.55,135104.0,
2025-09-15,DIAMONDYD,1052.45,1067.2,1045.8,1063.2,34688.0,
2025-09-16,DIAMONDYD,1059.65,1068.6,1044.15,1051.55,27095.0,
2025-09-17,DIAMONDYD,1056.0,1060.95,1003.05,1033.05,163738.0,
2025-09-18,DIAMONDYD,1038.15,1038.2,1015.0,1021.4,80395.0,
2025-09-19,DIAMONDYD,1028.0,1065.95,1020.35,1035.85,153996.0,
2025-09-22,DIAMONDYD,1028.0,1046.5,1009.95,1016.95,58180.0,
2025-09-23,DIAMONDYD,1016.0,1018.95,998.0,1004.5,39756.0,
2025-09-24,DIAMONDYD,1006.0,1038.0,995.95,1034.55,124334.0,
2025-09-25,DIAMONDYD,1035.0,1035.0,1010.0,1012.75,60150.0,
2025-09-26,DIAMONDYD,1002.6,1009.45,990.0,990.55,41784.0,
2025-09-29,DIAMONDYD,990.55,1025.0,974.55,1003.25,92086.0,
2025-09-30,DIAMONDYD,1003.25,1058.45,986.0,1034.35,222969.0,
2025-10-01,DIAMONDYD,1025.8,1033.8,1006.2,1023.8,32829.0,
2025-10-03,DIAMONDYD,1016.9,1028.3,1013.5,1017.8,22622.0,
2025-10-06,DIAMONDYD,1022.8,1022.8,1007.6,1016.2,28961.0,
2025-10-07,DIAMONDYD,1022.9,1026.7,1008.2,1011.6,55130.0,
2025-10-08,DIAMONDYD,1015.0,1026.1,1007.0,1015.4,28141.0,
2025-10-09,DIAMONDYD,1019.5,1021.8,1008.5,1015.4,13356.0,
2025-10-10,DIAMONDYD,1013.4,1018.7,1007.3,1015.0,28137.0,
2025-10-13,DIAMONDYD,1022.0,1022.6,981.4,1005.9,98907.0,
2025-10-14,DIAMONDYD,1015.0,1031.2,1012.0,1014.2,35796.0,
2025-10-15,DIAMONDYD,1019.3,1058.0,1007.0,1045.3,658621.0,
2025-10-16,DIAMONDYD,1040.0,1064.7,1038.1,1058.4,76967.0,
2025-10-17,DIAMONDYD,1060.5,1068.3,1035.5,1045.9,35965.0,
2025-10-20,DIAMONDYD,1052.7,1052.7,1037.5,1045.8,25152.0,
2025-10-21,DIAMONDYD,1052.9,1069.9,1031.6,1055.5,84194.0,
2025-10-23,DIAMONDYD,1063.8,1065.0,1045.6,1058.8,42868.0,
2025-10-24,DIAMONDYD,1060.5,1060.5,1035.0,1037.5,42598.0,
2025-10-27,DIAMONDYD,1042.4,1069.8,1041.9,1057.7,55369.0,
2025-10-28,DIAMONDYD,1057.7,1062.5,1048.5,1052.8,35929.0,
2025-10-29,DIAMONDYD,1053.0,1070.0,1050.0,1062.1,33067.0,
2025-10-30,DIAMONDYD,1062.0,1065.0,1041.1,1056.9,66566.0,
2025-10-31,DIAMONDYD,1058.8,1100.0,1056.9,1087.5,160621.0,
2025-11-03,DIAMONDYD,1093.0,1110.9,1070.1,1105.3,94799.0,
2025-11-04,DIAMONDYD,1102.0,1119.9,1080.0,1112.2,185658.0,
2025-11-06,DIAMONDYD,1148.2,1152.2,1080.0,1091.6,161732.0,
2025-11-07,DIAMONDYD,1085.1,1103.3,1065.2,1083.4,87340.0,
2025-11-10,DIAMONDYD,1083.4,1094.1,1070.0,1075.3,22844.0,
2025-11-11,DIAMONDYD,1076.3,1080.0,1054.3,1067.8,44201.0,
2025-11-12,DIAMONDYD,1060.0,1095.1,1059.9,1078.1,20818.0,
2025-11-13,DIAMONDYD,1082.4,1083.8,1065.0,1065.5,25144.0,
2025-11-14,DIAMONDYD,1065.5,1079.5,1058.9,1064.3,14860.0,
2025-11-17,DIAMONDYD,1065.4,1072.0,1056.1,1061.0,23184.0,
2025-11-18,DIAMONDYD,1059.9,1064.7,1030.0,1047.5,75257.0,
2025-11-19,DIAMONDYD,1048.2,1053.3,1040.0,1046.7,26973.0,
2025-11-20,DIAMONDYD,1047.7,1054.5,1040.0,1040.7,18428.0,
2025-11-21,DIAMONDYD,1041.0,1042.6,1030.0,1030.8,13399.0,
2025-11-24,DIAMONDYD,1016.0,1030.0,997.4,1005.4,23529.0,
2025-11-25,DIAMONDYD,1005.4,1016.2,1000.1,1003.4,21022.0,
2025-11-26,DIAMONDYD,1004.4,1047.9,1004.4,1040.9,58466.0,
2025-11-27,DIAMONDYD,1051.3,1094.3,1033.4,1083.3,69748.0,
2025-11-28,DIAMONDYD,1088.0,1109.0,1078.1,1089.1,58866.0,
2025-12-01,DIAMONDYD,1090.0,1104.0,1070.0,1088.5,38660.0,
2025-12-02,DIAMONDYD,1080.6,1088.9,1055.0,1076.9,48665.0,
2025-12-03,DIAMONDYD,1075.0,1086.0,1055.1,1078.5,25892.0,
2025-12-04,DIAMONDYD,1080.1,1093.6,1060.1,1068.4,43732.0,
2025-12-05,DIAMONDYD,1069.5,1091.0,1063.9,1085.8,72707.0,
2025-12-08,DIAMONDYD,1085.8,1100.0,1049.6,1056.3,71914.0,
2025-12-09,DIAMONDYD,1050.0,1053.1,1024.4,1039.3,92605.0,
2025-12-10,DIAMONDYD,1042.7,1064.8,1020.5,1029.6,60766.0,
2025-12-11,DIAMONDYD,1030.5,1090.0,1030.5,1085.6,107439.0,
2025-12-12,DIAMONDYD,1085.6,1099.0,1076.2,1088.6,89657.0,
2025-12-15,DIAMONDYD,1083.2,1108.6,1076.1,1103.4,81452.0,
2025-12-16,DIAMONDYD,1101.0,1106.4,1083.9,1099.5,105672.0,
2025-12-17,DIAMONDYD,1098.0,1107.4,1072.0,1092.7,56398.0,
2025-12-18,DIAMONDYD,1091.4,1097.1,1084.6,1088.4,22631.0,
2025-12-19,DIAMONDYD,1088.8,1149.0,1086.0,1134.5,78656.0,
2025-12-22,DIAMONDYD,1150.9,1208.6,1150.9,1169.4,258520.0,
2025-12-23,DIAMONDYD,1155.0,1190.0,1155.0,1177.4,72327.0,
2025-12-24,DIAMONDYD,1188.0,1192.0,1169.9,1174.0,58943.0,
2025-12-26,DIAMONDYD,1161.0,1187.8,1161.0,1174.8,30146.0,
2025-12-29,DIAMONDYD,1174.9,1182.0,1170.2,1173.9,22557.0,
2025-12-30,DIAMONDYD,1163.0,1179.9,1163.0,1175.3,14262.0,
2025-12-31,DIAMONDYD,1185.0,1192.0,1172.7,1184.4,54160.0,
2026-01-01,DIAMONDYD,1181.9,1223.4,1181.9,1218.0,136744.0,
2026-01-02,DIAMONDYD,1221.0,1221.5,1180.0,1203.6,80710.0,
2026-01-05,DIAMONDYD,1203.6,1203.6,1179.0,1186.2,25074.0,
2026-01-06,DIAMONDYD,1188.0,1205.0,1171.1,1195.1,32246.0,
2026-01-07,DIAMONDYD,1200.6,1205.0,1183.5,1196.4,36814.0,
2026-01-08,DIAMONDYD,1215.0,1215.0,1165.2,1169.5,49179.0,
2026-01-09,DIAMONDYD,1169.5,1183.4,1165.2,1166.0,30918.0,
2026-01-12,DIAMONDYD,1166.0,1166.0,1120.0,1142.3,55729.0,
2026-01-13,DIAMONDYD,1138.0,1157.4,1118.0,1151.5,96905.0,
2026-01-14,DIAMONDYD,1148.6,1154.3,1135.0,1145.9,32624.0,
2026-01-16,DIAMONDYD,1134.4,1155.0,1125.1,1148.4,18963.0,
2026-01-19,DIAMONDYD,1148.4,1149.5,1114.1,1122.0,96840.0,
2026-01-20,DIAMONDYD,1127.6,1128.6,1099.3,1111.0,48606.0,
2026-01-21,DIAMONDYD,1102.6,1114.6,1071.0,1096.4,63091.0,
2026-01-22,DIAMONDYD,1112.0,1117.0,1081.1,1101.3,29979.0,
2026-01-23,DIAMONDYD,1111.0,1111.0,1068.0,1083.3,39894.0,
2026-01-27,DIAMONDYD,1088.8,1090.0,1052.1,1067.3,52916.0,
2026-01-28,DIAMONDYD,1065.1,1110.6,1065.1,1107.9,23009.0,
2026-01-29,DIAMONDYD,1097.9,1145.5,1085.0,1136.8,13209.0,
2026-01-30,DIAMONDYD,1134.0,1140.5,1112.0,1119.1,21481.0,
2026-02-02,DIAMONDYD,1099.5,1099.5,1064.4,1087.2,14873.0,
2026-02-03,DIAMONDYD,1105.0,1134.8,1085.7,1125.0,22189.0,
2026-02-04,DIAMONDYD,1125.0,1136.0,1111.0,1119.4,11209.0,
2026-02-05,DIAMONDYD,1122.4,1122.4,1077.3,1102.7,61802.0,
2026-02-06,DIAMONDYD,1108.3,1116.0,1084.8,1102.5,13797.0,
2026-02-09,DIAMONDYD,1117.0,1155.0,1060.0,1089.0,108234.0,
2026-02-10,DIAMONDYD,1092.8,1108.4,1066.9,1091.2,24511.0,
2026-02-11,DIAMONDYD,1096.6,1096.9,1072.0,1079.0,21401.0,
2026-02-12,DIAMONDYD,1071.3,1084.0,1062.1,1079.2,7312.0,
2026-02-13,DIAMONDYD,1076.7,1079.9,1066.0,1073.7,23533.0,
2026-02-16,DIAMONDYD,1077.0,1083.5,1070.0,1075.3,9812.0,
2026-02-17,DIAMONDYD,1071.0,1079.8,1063.2,1074.3,15763.0,
2026-02-18,DIAMONDYD,1080.3,1090.4,1069.3,1079.6,29229.0,
2026-02-19,DIAMONDYD,1080.7,1098.1,1077.5,1083.4,11067.0,
2026-02-20,DIAMONDYD,1072.9,1084.5,1067.1,1077.5,13264.0,
2026-02-23,DIAMONDYD,1081.8,1098.0,1068.7,1073.9,15380.0,
2026-02-24,DIAMONDYD,1075.0,1083.0,1063.5,1073.8,9873.0,
2026-02-25,DIAMONDYD,1074.0,1085.0,1066.5,1073.0,16003.0,
2026-02-26,DIAMONDYD,1069.8,1075.0,1061.4,1070.2,13625.0,
2026-02-27,DIAMONDYD,1086.3,1086.3,1065.0,1075.1,25562.0,
2026-03-02,DIAMONDYD,1050.0,1059.9,1005.0,1017.4,29077.0,
2026-03-04,DIAMONDYD,1017.4,1026.7,992.2,1017.4,15276.0,
2026-03-05,DIAMONDYD,1017.5,1024.7,990.9,1010.3,54989.0,
2026-03-06,DIAMONDYD,1010.2,1044.7,985.0,989.6,313869.0,
2026-03-09,DIAMONDYD,981.5,995.0,950.2,956.6,15123.0,
2026-03-10,DIAMONDYD,964.8,998.7,949.8,994.9,43146.0,
2026-03-11,DIAMONDYD,990.0,999.6,976.6,979.6,15768.0,
2026-03-12,DIAMONDYD,984.5,988.5,950.0,956.0,41915.0,
2026-03-13,DIAMONDYD,955.0,980.0,940.0,944.4,40439.0,
2026-03-16,DIAMONDYD,931.1,946.8,906.8,914.7,38588.0,
2026-03-17,DIAMONDYD,914.7,938.7,909.1,917.5,72411.0,
2026-03-18,DIAMONDYD,918.0,951.5,916.1,936.2,61014.0,
2026-03-19,DIAMONDYD,923.0,925.0,902.7,913.7,28058.0,
2026-03-20,DIAMONDYD,922.0,936.2,899.2,908.0,62148.0,
2026-03-23,DIAMONDYD,889.9,906.0,860.7,879.2,63592.0,
2026-03-24,DIAMONDYD,900.0,920.0,873.0,883.3,21661.0,
2026-03-25,DIAMONDYD,875.3,914.0,863.0,905.8,26846.0,
2026-03-27,DIAMONDYD,896.8,943.5,858.9,931.8,380650.0,
2026-03-30,DIAMONDYD,921.4,1030.0,898.1,1012.0,179015.0,
2026-04-01,DIAMONDYD,992.0,1032.9,960.0,968.5,42587.0,
2026-04-02,DIAMONDYD,968.5,985.2,940.1,955.5,20755.0,
2026-04-06,DIAMONDYD,955.3,973.8,939.2,949.2,9026.0,
2026-04-07,DIAMONDYD,945.6,979.7,937.7,972.6,11050.0,
2026-04-08,DIAMONDYD,1025.0,1025.0,982.5,995.9,16588.0,
2026-04-09,DIAMONDYD,992.0,1025.0,980.3,1007.8,9766.0,
2026-04-10,DIAMONDYD,1007.8,1013.4,993.0,994.4,5176.0,
2026-04-13,DIAMONDYD,1009.3,1009.3,950.0,952.9,32854.0,
2026-04-15,DIAMONDYD,973.0,986.0,942.0,954.0,88404.0,
2026-04-16,DIAMONDYD,958.5,967.0,926.6,952.5,127241.0,
2026-04-17,DIAMONDYD,958.0,998.7,945.4,974.0,99757.0,
2026-04-20,DIAMONDYD,965.0,995.6,961.0,992.9,32609.0,
2026-04-21,DIAMONDYD,1011.9,1011.9,976.0,983.5,14523.0,
2026-04-22,DIAMONDYD,983.5,991.8,971.2,978.6,8725.0,
2026-04-23,DIAMONDYD,980.9,1042.0,973.0,1022.5,38950.0,
2026-04-24,DIAMONDYD,1022.5,1028.9,985.0,992.4,16404.0,
2026-04-27,DIAMONDYD,992.4,1010.1,985.0,1002.6,26056.0,
2026-04-28,DIAMONDYD,1025.0,1058.8,1000.0,1008.0,146926.0,
2026-04-29,DIAMONDYD,1008.0,1009.8,995.4,1006.1,12612.0,
2026-04-30,DIAMONDYD,1006.1,1006.1,986.0,995.5,11826.0,
2026-05-04,DIAMONDYD,1003.4,1010.8,981.0,984.85,8135.0,
2026-05-05,DIAMONDYD,989.8,990.15,973.1,982.65,6182.0,
2026-05-06,DIAMONDYD,982.85,1022.9,976.9,1014.85,20682.0,
2026-05-07,DIAMONDYD,1009.15,1014.8,988.8,1009.45,17237.0,
2026-05-08,DIAMONDYD,994.3,1020.0,989.35,1009.15,16922.0,
2026-05-11,DIAMONDYD,989.05,1008.9,984.05,1000.7,6453.0,
2026-05-12,DIAMONDYD,994.9,994.9,975.0,975.1,21778.0,
2026-05-13,DIAMONDYD,980.0,1030.0,967.6,1003.45,26374.0,
2026-05-14,DIAMONDYD,1018.6,1020.25,993.0,1001.5,12724.0,
2026-05-15,DIAMONDYD,992.55,1009.0,991.1,1004.35,20841.0,
2026-05-18,DIAMONDYD,994.3,994.3,967.6,979.2,10886.0,
2026-05-19,DIAMONDYD,979.2,992.95,970.4,977.65,3650.0,
2026-05-20,DIAMONDYD,976.0,985.6,965.0,977.7,2531.0,
2026-05-21,DIAMONDYD,972.85,997.85,972.85,983.2,5681.0,
2026-05-22,DIAMONDYD,980.55,985.9,974.0,980.1,5810.0,
2026-05-25,DIAMONDYD,988.3,994.5,971.1,980.0,12246.0,
2026-05-26,DIAMONDYD,971.8,1128.7,971.05,1110.7,1881052.0,
2026-05-27,DIAMONDYD,1117.15,1150.0,1080.0,1144.65,417252.0,
2026-05-29,DIAMONDYD,1130.6,1156.85,1105.0,1106.8,46723.0,
2026-06-01,DIAMONDYD,1108.0,1128.3,1089.8,1103.0,62734.0,
2026-06-02,DIAMONDYD,1098.6,1098.6,1067.1,1087.1,49277.0,
2026-06-03,DIAMONDYD,1085.0,1212.5,1069.4,1186.6,173024.0,
2026-06-04,DIAMONDYD,1200.0,1200.0,1150.2,1165.8,58090.0,
2026-06-05,DIAMONDYD,1165.8,1169.4,1138.4,1165.9,49264.0,
2026-06-08,DIAMONDYD,1150.0,1160.1,1125.0,1128.1,13227.0,
2026-06-09,DIAMONDYD,1130.0,1146.9,1130.0,1132.3,9660.0,
2026-06-10,DIAMONDYD,1132.2,1136.9,1125.0,1126.3,5123.0,
2026-06-11,DIAMONDYD,1128.9,1132.8,1105.0,1121.3,32836.0,
2026-06-12,DIAMONDYD,1125.0,1142.3,1112.6,1129.4,14618.0,
2026-06-15,DIAMONDYD,1136.5,1160.1,1107.5,1116.0,17233.0,
2026-06-16,DIAMONDYD,1117.1,1139.3,1114.9,1128.6,14497.0,
2026-06-17,DIAMONDYD,1124.2,1140.0,1110.0,1116.6,15094.0,
2026-06-18,DIAMONDYD,1113.3,1135.9,1113.3,1124.8,25830.0,
2026-06-19,DIAMONDYD,1125.0,1149.0,1111.4,1135.7,20067.0,
2026-06-22,DIAMONDYD,1130.0,1133.6,1100.6,1106.5,21771.0,
2026-06-23,DIAMONDYD,1106.5,1129.7,1090.0,1110.5,32362.0,
2026-06-24,DIAMONDYD,1102.2,1108.4,1087.4,1099.2,26992.0,
2026-06-25,DIAMONDYD,1111.3,1142.0,1082.0,1130.2,56430.0,
2026-06-29,DIAMONDYD,1135.8,1149.8,1100.3,1115.9,16133.0,
2026-06-30,DIAMONDYD,1117.0,1158.0,1116.0,1150.6,33451.0,
2026-07-01,DIAMONDYD,1164.4,1164.4,1125.0,1130.8,7654.0,
2026-07-02,DIAMONDYD,1135.3,1200.9,1131.5,1192.2,156709.0,
2026-07-03,DIAMONDYD,1219.0,1219.0,1187.1,1204.7,57334.0,
2026-07-06,DIAMONDYD,1204.7,1208.0,1180.3,1197.5,16857.0,
2026-07-07,DIAMONDYD,1207.1,1228.9,1185.1,1225.1,54620.0,
2026-07-08,DIAMONDYD,1220.1,1222.9,1180.0,1190.7,30769.0,
2026-07-09,DIAMONDYD,1190.7,1212.0,1185.9,1198.3,21078.0,
2026-07-10,DIAMONDYD,1193.2,1218.5,1184.2,1190.8,27468.0,
2026-07-13,DIAMONDYD,1173.1,1205.1,1163.3,1197.1,10295.0,
2026-07-14,DIAMONDYD,1193.6,1200.9,1185.7,1195.8,7808.0,
2026-07-15,DIAMONDYD,1198.6,1198.7,1171.8,1181.3,8882.0,
2026-07-16,DIAMONDYD,1182.5,1199.5,1171.2,1184.7,13953.0,
2026-07-17,DIAMONDYD,1178.8,1196.9,1153.0,1176.9,25563.0,
2026-07-20,DIAMONDYD,1176.9,1182.9,1147.5,1155.7,11806.0,
2026-07-21,DIAMONDYD,1149.2,1167.4,1133.3,1148.9,27693.0,
2026-07-22,DIAMONDYD,1148.0,1149.7,1122.6,1132.0,7836.0,
2026-07-23,DIAMONDYD,1129.8,1133.7,1106.6,1114.7,6837.0,
2026-07-24,DIAMONDYD,1109.8,1120.9,1100.8,1111.4,4707.0,
2026-07-27,DIAMONDYD,1111.4,1122.8,1080.5,1097.6,17731.0,
2026-07-28,DIAMONDYD,1096.5,1098.0,1062.3,1073.5,13571.0,
2026-07-29,DIAMONDYD,1092.0,1133.9,1070.0,1126.6,27901.0,
2026-07-30,DIAMONDYD,1115.9,1129.8,1098.6,1125.2,16535.0,
2026-07-31,DIAMONDYD,1122.3,1171.2,1111.0,1159.5,19008.0,
2026-08-03,DIAMONDYD,1199.0,1199.0,1102.1,1163.8,412833.0,
2026-08-04,DIAMONDYD,1169.8,1180.0,1134.1,1171.5,18608.0,
2026-08-05,DIAMONDYD,1177.0,1192.8,1151.6,1174.2,270599.0,
2026-08-06,DIAMONDYD,1189.0,1194.0,1164.1,1166.2,14509.0,
2026-08-07,DIAMONDYD,1170.0,1239.0,1150.1,1227.4,445495.0,
2026-08-10,DIAMONDYD,1229.8,1242.3,1198.0,1206.4,56046.0,
2026-08-11,DIAMONDYD,1206.4,1245.0,1175.1,1207.5,86787.0,
2026-08-12,DIAMONDYD,1229.0,1229.0,1175.5,1192.6,27823.0,
2026-08-13,DIAMONDYD,1192.8,1196.6,1171.8,1184.2,11928.0,
2026-08-14,DIAMONDYD,1187.8,1195.0,1167.1,1191.4,19266.0,
2026-08-17,DIAMONDYD,1191.4,1199.9,1161.2,1190.4,14506.0,
2026-08-18,DIAMONDYD,1193.8,1203.8,1180.9,1193.8,11074.0,
2026-08-19,DIAMONDYD,1199.8,1199.8,1161.8,1179.2,10918.0,
2026-08-20,DIAMONDYD,1181.2,1189.9,1167.1,1175.0,8151.0,
2026-08-21,DIAMONDYD,1179.3,1192.6,1165.9,1179.3,17705.0,
2026-08-24,DIAMONDYD,1179.3,1185.3,1168.3,1176.5,4032.0,
2026-08-25,DIAMONDYD,1180.1,1190.3,1156.0,1165.2,15819.0,
2026-08-26,DIAMONDYD,1169.3,1180.9,1155.4,1167.3,14849.0,
2026-08-27,DIAMONDYD,1168.2,1187.2,1158.4,1175.0,35814.0,
2026-08-28,DIAMONDYD,1170.1,1175.9,1150.0,1162.8,11325.0,
2026-08-31,DIAMONDYD,1163.4,1163.4,1139.7,1147.1,14535.0,
2026-09-01,DIAMONDYD,1147.1,1160.1,1127.6,1144.8,27059.0,
2026-09-02,DIAMONDYD,1135.0,1169.9,1102.3,1155.2,7145.0,
2026-09-03,DIAMONDYD,1158.5,1163.8,1144.0,1159.8,22884.0,
2026-09-04,DIAMONDYD,1162.3,1162.3,1147.6,1158.3,5787.0,
2026-09-07,DIAMONDYD,1162.2,1168.3,1130.0,1142.2,23661.0,
2026-09-08,DIAMONDYD,1148.7,1168.3,1125.0,1129.3,30348.0,
2026-09-09,DIAMONDYD,1128.6,1131.4,1113.9,1123.6,4765.0,
2026-09-10,DIAMONDYD,1123.6,1126.8,1101.6,1115.6,14173.0,
2026-09-11,DIAMONDYD,1108.5,1110.0,1093.0,1108.4,6366.0,
2025-08-29,DOLLAR,352.5,357.05,350.55,352.7,36525.0,
2025-09-01,DOLLAR,356.2,358.0,352.8,356.1,42687.0,
2025-09-02,DOLLAR,357.1,363.9,356.1,359.25,30612.0,
2025-09-03,DOLLAR,359.8,363.0,356.5,359.05,35464.0,
2025-09-04,DOLLAR,362.95,364.75,355.5,356.7,63827.0,
2025-09-05,DOLLAR,357.7,365.4,357.0,357.5,284096.0,
2025-09-08,DOLLAR,358.9,360.5,357.0,359.3,66565.0,
2025-09-09,DOLLAR,361.6,365.0,357.55,358.2,73844.0,
2025-09-10,DOLLAR,359.15,363.3,359.15,361.65,73105.0,
2025-09-11,DOLLAR,362.55,366.2,360.15,361.55,129960.0,
2025-09-12,DOLLAR,362.9,365.0,359.2,364.4,96557.0,
2025-09-15,DOLLAR,362.25,384.4,361.6,376.2,160401.0,
2025-09-16,DOLLAR,376.1,390.8,375.25,387.5,115889.0,
2025-09-17,DOLLAR,389.0,391.8,377.1,379.7,54132.0,
2025-09-18,DOLLAR,381.85,383.5,376.35,377.8,41780.0,
2025-09-19,DOLLAR,378.8,385.0,377.3,379.3,40327.0,
2025-09-22,DOLLAR,378.9,378.9,372.0,373.55,37228.0,
2025-09-23,DOLLAR,374.0,377.0,367.85,369.6,78020.0,
2025-09-24,DOLLAR,369.4,373.2,368.65,369.5,44813.0,
2025-09-25,DOLLAR,368.75,372.9,368.0,369.7,73542.0,
2025-09-26,DOLLAR,370.6,373.15,363.65,366.65,40920.0,
2025-09-29,DOLLAR,376.0,396.0,361.3,366.0,761731.0,
2025-09-30,DOLLAR,370.0,372.75,362.2,367.25,29182.0,
2025-10-01,DOLLAR,369.8,373.9,363.3,372.35,77840.0,
2025-10-03,DOLLAR,373.0,374.45,368.55,372.75,29162.0,
2025-10-06,DOLLAR,370.25,372.75,366.3,369.7,38345.0,
2025-10-07,DOLLAR,368.0,369.4,365.35,366.75,32787.0,
2025-10-08,DOLLAR,366.8,367.6,361.85,363.1,32782.0,
2025-10-09,DOLLAR,364.35,364.4,361.65,362.6,19094.0,
2025-10-10,DOLLAR,363.5,364.5,361.45,362.3,28970.0,
2025-10-13,DOLLAR,361.0,361.0,355.85,358.35,29875.0,
2025-10-14,DOLLAR,359.3,359.9,353.0,355.2,30730.0,
2025-10-15,DOLLAR,356.6,359.7,352.65,356.2,43629.0,
2025-10-16,DOLLAR,356.6,364.25,356.05,360.05,108758.0,
2025-10-17,DOLLAR,360.0,360.15,355.25,358.0,17043.0,
2025-10-20,DOLLAR,360.0,360.0,351.55,355.75,67562.0,
2025-10-21,DOLLAR,354.05,359.5,353.0,355.5,13911.0,
2025-10-23,DOLLAR,358.95,360.0,355.0,357.55,39165.0,
2025-10-24,DOLLAR,358.2,359.7,356.2,358.65,26862.0,
2025-10-27,DOLLAR,367.7,367.7,355.85,359.0,51359.0,
2025-10-28,DOLLAR,357.0,360.3,357.0,357.25,15186.0,
2025-10-29,DOLLAR,359.0,359.6,355.9,358.3,16632.0,
2025-10-30,DOLLAR,359.3,359.8,357.0,358.55,22798.0,
2025-10-31,DOLLAR,358.9,359.9,356.15,358.1,23159.0,
2025-11-03,DOLLAR,355.15,358.8,352.1,354.1,39461.0,
2025-11-04,DOLLAR,354.1,358.6,353.5,354.6,34065.0,
2025-11-06,DOLLAR,353.6,355.0,345.7,347.0,83648.0,
2025-11-07,DOLLAR,347.0,347.0,341.8,342.85,58903.0,
2025-11-10,DOLLAR,342.3,347.25,341.4,343.25,28311.0,
2025-11-11,DOLLAR,343.25,344.95,337.1,339.45,39268.0,
2025-11-12,DOLLAR,341.0,350.2,340.05,349.25,36874.0,
2025-11-13,DOLLAR,351.2,356.0,346.5,348.25,71396.0,
2025-11-14,DOLLAR,374.0,385.0,358.1,366.2,1066598.0,
2025-11-17,DOLLAR,368.0,379.7,366.1,368.7,120487.0,
2025-11-18,DOLLAR,367.9,367.9,360.4,363.8,49678.0,
2025-11-19,DOLLAR,364.8,364.8,357.5,359.4,40062.0,
2025-11-20,DOLLAR,363.0,371.0,358.25,368.5,72071.0,
2025-11-21,DOLLAR,366.7,371.0,363.55,365.2,74601.0,
2025-11-24,DOLLAR,363.55,368.65,352.05,354.2,25300.0,
2025-11-25,DOLLAR,357.6,357.6,351.35,354.8,18850.0,
2025-11-26,DOLLAR,357.0,361.25,353.2,353.9,38729.0,
2025-11-27,DOLLAR,354.2,356.6,347.5,348.9,88173.0,
2025-11-28,DOLLAR,346.1,349.55,344.9,345.4,37475.0,
2025-12-01,DOLLAR,346.4,348.0,338.0,338.7,50131.0,
2025-12-02,DOLLAR,338.45,339.25,334.0,337.45,36636.0,
2025-12-03,DOLLAR,337.45,341.55,335.2,339.75,38922.0,
2025-12-04,DOLLAR,338.8,344.7,336.35,337.95,22725.0,
2025-12-05,DOLLAR,337.0,344.0,332.1,338.95,96101.0,
2025-12-08,DOLLAR,342.1,342.15,332.7,335.65,34526.0,
2025-12-09,DOLLAR,336.0,340.0,331.8,337.4,31955.0,
2025-12-10,DOLLAR,335.6,342.7,334.2,338.7,37018.0,
2025-12-11,DOLLAR,336.4,347.0,335.75,346.05,28161.0,
2025-12-12,DOLLAR,341.0,355.05,341.0,351.65,42709.0,
2025-12-15,DOLLAR,351.65,361.5,348.15,357.15,34038.0,
2025-12-16,DOLLAR,357.15,366.0,354.25,360.1,57190.0,
2025-12-17,DOLLAR,359.05,369.8,359.0,367.15,115384.0,
2025-12-18,DOLLAR,367.0,367.85,358.0,360.65,39486.0,
2025-12-19,DOLLAR,362.0,366.0,359.1,363.35,19714.0,
2025-12-22,DOLLAR,360.2,368.75,360.2,364.25,39430.0,
2025-12-23,DOLLAR,364.0,367.0,363.1,365.45,25044.0,
2025-12-24,DOLLAR,365.45,368.0,362.9,364.85,30825.0,
2025-12-26,DOLLAR,364.0,367.7,357.4,358.45,29245.0,
2025-12-29,DOLLAR,357.0,360.65,355.05,358.6,26243.0,
2025-12-30,DOLLAR,357.1,358.45,346.6,348.95,58729.0,
2025-12-31,DOLLAR,352.0,353.75,349.05,351.35,34657.0,
2026-01-01,DOLLAR,351.9,354.4,347.5,349.5,76890.0,
2026-01-02,DOLLAR,349.9,355.0,348.3,353.9,76029.0,
2026-01-05,DOLLAR,350.35,355.0,345.25,347.0,28558.0,
2026-01-06,DOLLAR,345.0,349.85,342.1,347.2,22891.0,
2026-01-07,DOLLAR,344.0,349.15,344.0,347.85,25372.0,
2026-01-08,DOLLAR,344.35,349.75,340.05,341.65,25038.0,
2026-01-09,DOLLAR,340.1,343.9,333.25,335.0,38779.0,
2026-01-12,DOLLAR,335.0,337.25,328.8,334.05,34107.0,
2026-01-13,DOLLAR,331.2,337.9,330.9,333.65,20946.0,
2026-01-14,DOLLAR,331.15,336.7,331.15,335.2,10013.0,
2026-01-16,DOLLAR,334.1,336.65,331.0,331.85,17756.0,
2026-01-19,DOLLAR,330.0,340.0,326.1,331.1,19696.0,
2026-01-20,DOLLAR,330.5,335.95,314.1,317.7,40338.0,
2026-01-21,DOLLAR,312.2,322.0,312.0,315.7,40051.0,
2026-01-22,DOLLAR,316.55,325.0,315.55,323.0,32452.0,
2026-01-23,DOLLAR,317.0,323.5,310.0,313.7,58876.0,
2026-01-27,DOLLAR,311.0,315.25,306.0,308.65,27118.0,
2026-01-28,DOLLAR,308.5,315.85,308.5,312.7,36443.0,
2026-01-29,DOLLAR,312.5,313.2,308.3,312.0,14666.0,
2026-01-30,DOLLAR,312.0,317.45,308.8,314.3,33158.0,
2026-02-02,DOLLAR,315.55,319.6,310.05,318.2,31756.0,
2026-02-03,DOLLAR,335.0,345.15,326.95,331.25,79629.0,
2026-02-04,DOLLAR,335.8,338.95,331.65,335.2,102704.0,
2026-02-05,DOLLAR,335.5,338.75,325.95,327.65,51371.0,
2026-02-06,DOLLAR,327.95,330.1,322.1,327.7,30363.0,
2026-02-09,DOLLAR,329.3,334.5,328.6,330.45,57417.0,
2026-02-10,DOLLAR,329.0,337.0,329.0,333.85,81083.0,
2026-02-11,DOLLAR,332.4,342.0,330.4,335.05,59877.0,
2026-02-12,DOLLAR,320.0,328.95,304.6,312.05,362798.0,
2026-02-13,DOLLAR,307.0,313.4,307.0,309.5,79125.0,
2026-02-16,DOLLAR,305.6,308.55,302.05,304.9,52836.0,
2026-02-17,DOLLAR,302.4,317.4,302.4,314.35,54231.0,
2026-02-18,DOLLAR,314.0,315.45,310.1,312.0,42273.0,
2026-02-19,DOLLAR,307.1,312.0,303.1,304.95,84473.0,
2026-02-20,DOLLAR,305.05,305.3,300.3,301.45,55200.0,
2026-02-23,DOLLAR,302.9,307.0,297.65,302.4,32366.0,
2026-02-24,DOLLAR,299.0,300.0,293.5,294.8,47051.0,
2026-02-25,DOLLAR,294.8,297.1,288.0,288.35,87897.0,
2026-02-26,DOLLAR,290.0,293.0,285.65,288.8,73787.0,
2026-02-27,DOLLAR,288.8,298.3,288.8,293.35,39098.0,
2026-03-02,DOLLAR,285.0,289.0,269.5,274.4,203439.0,
2026-03-04,DOLLAR,272.0,272.2,263.7,266.1,93678.0,
2026-03-05,DOLLAR,269.0,274.8,267.85,271.45,160834.0,
2026-03-06,DOLLAR,272.6,275.35,270.0,270.25,69868.0,
2026-03-09,DOLLAR,270.0,270.0,249.4,254.85,164165.0,
2026-03-10,DOLLAR,259.7,262.9,256.4,259.85,68078.0,
2026-03-11,DOLLAR,260.15,264.7,256.55,259.4,132772.0,
2026-03-12,DOLLAR,257.0,262.25,252.9,257.3,43358.0,
2026-03-13,DOLLAR,257.3,258.0,245.55,246.65,138779.0,
2026-03-16,DOLLAR,247.0,249.05,233.55,245.45,120884.0,
2026-03-17,DOLLAR,248.0,255.0,241.9,248.5,31770.0,
2026-03-18,DOLLAR,250.4,266.65,248.0,261.05,105699.0,
2026-03-19,DOLLAR,260.15,260.15,250.0,251.3,70892.0,
2026-03-20,DOLLAR,254.05,266.95,244.9,260.05,169857.0,
2026-03-23,DOLLAR,256.0,256.15,240.1,243.7,73283.0,
2026-03-24,DOLLAR,247.0,254.95,240.2,249.7,100267.0,
2026-03-25,DOLLAR,250.0,259.7,246.05,247.95,163190.0,
2026-03-27,DOLLAR,247.9,247.9,230.0,231.25,160933.0,
2026-03-30,DOLLAR,228.7,229.8,220.5,223.3,127509.0,
2026-04-01,DOLLAR,227.9,244.99,227.2,242.45,128867.0,
2026-04-02,DOLLAR,239.5,254.7,229.26,251.84,116482.0,
2026-04-06,DOLLAR,257.0,257.01,241.6,246.12,168107.0,
2026-04-07,DOLLAR,245.51,252.8,241.1,243.06,284213.0,
2026-04-08,DOLLAR,248.0,256.64,243.84,249.91,213398.0,
2026-04-09,DOLLAR,248.88,252.4,245.35,246.05,120390.0,
2026-04-10,DOLLAR,247.1,257.22,247.1,255.58,175453.0,
2026-04-13,DOLLAR,253.3,278.59,249.01,266.91,514154.0,
2026-04-15,DOLLAR,269.19,277.0,269.19,274.34,144384.0,
2026-04-16,DOLLAR,280.0,280.95,272.0,275.45,118443.0,
2026-04-17,DOLLAR,279.27,279.27,274.56,276.89,48075.0,
2026-04-20,DOLLAR,279.33,279.89,271.2,276.57,46066.0,
2026-04-21,DOLLAR,277.12,278.77,275.0,276.1,34136.0,
2026-04-22,DOLLAR,274.02,276.47,271.81,274.42,51468.0,
2026-04-23,DOLLAR,274.0,329.3,274.0,328.75,8146843.0,
2026-04-24,DOLLAR,335.0,354.4,320.63,337.39,6882583.0,
2026-04-27,DOLLAR,330.11,336.99,310.2,312.7,814931.0,
2026-04-28,DOLLAR,314.0,319.27,301.36,303.95,281291.0,
2026-04-29,DOLLAR,306.6,313.49,302.11,303.85,197466.0,
2026-04-30,DOLLAR,306.0,309.7,295.9,299.8,104120.0,
2026-05-04,DOLLAR,301.2,315.0,300.85,310.55,120447.0,
2026-05-05,DOLLAR,310.8,310.8,302.9,306.6,47367.0,
2026-05-06,DOLLAR,306.9,308.45,296.9,301.45,210271.0,
2026-05-07,DOLLAR,301.75,308.0,298.5,300.3,106458.0,
2026-05-08,DOLLAR,302.0,302.65,292.0,293.4,105108.0,
2026-05-11,DOLLAR,291.75,291.75,283.8,284.85,114789.0,
2026-05-12,DOLLAR,284.3,285.1,274.15,275.8,101888.0,
2026-05-13,DOLLAR,276.8,277.95,271.55,273.75,89649.0,
2026-05-14,DOLLAR,272.35,275.85,264.1,268.1,130373.0,
2026-05-15,DOLLAR,269.1,272.7,264.1,265.45,68762.0,
2026-05-18,DOLLAR,264.95,264.95,255.5,260.35,66231.0,
2026-05-19,DOLLAR,261.65,273.4,261.65,265.15,89363.0,
2026-05-20,DOLLAR,263.1,278.3,261.6,276.45,123324.0,
2026-05-21,DOLLAR,277.9,282.3,273.95,278.45,72200.0,
2026-05-22,DOLLAR,278.45,286.9,275.15,277.05,239820.0,
2026-05-25,DOLLAR,285.0,285.0,268.5,272.3,339042.0,
2026-05-26,DOLLAR,274.0,274.0,261.0,263.7,314522.0,
2026-05-27,DOLLAR,264.5,274.0,263.4,268.8,237598.0,
2026-05-29,DOLLAR,268.8,268.8,263.0,266.2,118872.0,
2026-06-01,DOLLAR,267.7,268.45,261.9,263.4,97379.0,
2026-06-02,DOLLAR,262.0,262.15,258.05,260.25,74878.0,
2026-06-03,DOLLAR,260.25,261.6,252.65,256.05,105353.0,
2026-06-04,DOLLAR,254.85,255.0,251.45,252.65,138470.0,
2026-06-05,DOLLAR,254.0,254.0,249.0,251.0,156472.0,
2026-06-08,DOLLAR,249.45,249.45,243.5,245.9,119997.0,
2026-06-09,DOLLAR,247.9,247.9,243.3,246.4,159773.0,
2026-06-10,DOLLAR,247.4,254.0,246.0,248.65,194145.0,
2026-06-11,DOLLAR,247.0,247.0,243.05,244.05,49574.0,
2026-06-12,DOLLAR,246.8,249.0,244.35,248.45,97485.0,
2026-06-15,DOLLAR,254.0,255.1,251.0,252.95,163180.0,
2026-06-16,DOLLAR,253.9,254.85,249.15,252.85,73135.0,
2026-06-17,DOLLAR,251.5,259.7,250.75,257.4,165074.0,
2026-06-18,DOLLAR,258.9,264.05,256.1,261.35,143810.0,
2026-06-19,DOLLAR,260.2,261.0,255.3,258.75,134615.0,
2026-06-22,DOLLAR,260.3,263.5,257.5,260.0,104539.0,
2026-06-23,DOLLAR,260.0,275.95,256.6,266.65,551974.0,
2026-06-24,DOLLAR,265.5,272.05,261.95,266.7,409835.0,
2026-06-25,DOLLAR,267.5,268.95,261.3,263.1,102017.0,
2026-06-29,DOLLAR,263.0,283.5,262.95,272.65,990936.0,
2026-06-30,DOLLAR,272.4,272.65,266.8,267.35,132921.0,
2026-07-01,DOLLAR,266.0,268.4,260.0,266.2,203743.0,
2026-07-02,DOLLAR,264.85,272.05,262.8,269.05,274428.0,
2026-07-03,DOLLAR,269.9,279.0,267.1,276.8,591052.0,
2026-07-06,DOLLAR,278.0,278.0,270.6,274.7,232212.0,
2026-07-07,DOLLAR,275.9,276.0,270.05,272.4,123990.0,
2026-07-08,DOLLAR,271.05,272.7,265.0,266.15,264328.0,
2026-07-09,DOLLAR,266.15,273.3,264.65,267.4,187420.0,
2026-07-10,DOLLAR,268.9,275.3,268.1,269.8,206441.0,
2026-07-13,DOLLAR,267.2,271.25,264.25,268.9,116123.0,
2026-07-14,DOLLAR,266.1,267.35,261.25,262.55,180358.0,
2026-07-15,DOLLAR,262.95,265.6,261.0,263.6,102795.0,
2026-07-16,DOLLAR,263.6,267.55,262.75,265.55,85714.0,
2026-07-17,DOLLAR,265.95,266.0,261.0,261.4,92014.0,
2026-07-20,DOLLAR,261.9,263.0,258.0,261.9,70646.0,
2026-07-21,DOLLAR,261.9,261.9,257.55,259.7,47154.0,
2026-07-22,DOLLAR,259.25,259.3,255.0,256.45,89539.0,
2026-07-23,DOLLAR,255.05,257.35,252.05,252.35,106164.0,
2026-07-24,DOLLAR,251.0,258.65,248.05,258.0,290796.0,
2026-07-27,DOLLAR,260.0,261.9,257.0,257.7,103287.0,
2026-07-28,DOLLAR,256.0,256.95,252.2,253.8,86730.0,
2026-07-29,DOLLAR,255.2,258.05,252.6,256.45,215053.0,
2026-07-30,DOLLAR,256.45,268.95,253.65,267.5,356342.0,
2026-07-31,DOLLAR,268.85,269.5,262.15,264.0,91101.0,
2026-08-03,DOLLAR,267.95,269.3,264.55,267.4,65550.0,
2026-08-04,DOLLAR,268.6,275.0,264.8,271.1,130195.0,
2026-08-05,DOLLAR,275.2,276.3,270.0,272.45,125220.0,
2026-08-06,DOLLAR,274.0,287.5,272.8,281.9,416827.0,
2026-08-07,DOLLAR,287.0,287.7,278.05,279.5,256155.0,
2026-08-10,DOLLAR,286.0,286.05,273.9,278.5,334657.0,
2026-08-11,DOLLAR,276.0,297.85,273.4,288.65,596668.0,
2026-08-12,DOLLAR,290.0,293.0,274.65,277.3,232706.0,
2026-08-13,DOLLAR,278.0,279.7,270.35,271.75,103095.0,
2026-08-14,DOLLAR,272.0,280.2,271.1,273.5,113741.0,
2026-08-17,DOLLAR,272.2,272.45,265.3,268.35,113675.0,
2026-08-18,DOLLAR,268.9,270.7,264.05,268.55,82886.0,
2026-08-19,DOLLAR,268.8,272.7,266.25,268.0,57593.0,
2026-08-20,DOLLAR,268.9,275.0,265.85,272.15,118163.0,
2026-08-21,DOLLAR,272.65,275.9,270.6,273.2,76343.0,
2026-08-24,DOLLAR,272.75,277.8,271.5,273.7,68689.0,
2026-08-25,DOLLAR,275.0,276.3,273.0,274.6,38650.0,
2026-08-26,DOLLAR,275.3,276.6,270.25,270.9,50245.0,
2026-08-27,DOLLAR,271.9,271.9,264.6,265.25,36835.0,
2026-08-28,DOLLAR,265.1,271.0,265.0,268.7,73785.0,
2026-08-31,DOLLAR,270.7,273.4,266.5,268.95,74760.0,
2026-09-01,DOLLAR,268.0,271.6,266.0,266.6,54534.0,
2026-09-02,DOLLAR,266.05,266.05,260.0,262.35,84900.0,
2026-09-03,DOLLAR,263.7,268.45,261.0,265.0,58091.0,
2026-09-04,DOLLAR,265.55,267.1,262.8,264.25,36786.0,
2026-09-07,DOLLAR,262.15,265.0,261.0,262.05,78512.0,
2026-09-08,DOLLAR,262.05,265.95,260.0,264.75,70109.0,
2026-09-09,DOLLAR,263.8,276.45,261.15,273.1,189227.0,
2026-09-10,DOLLAR,274.9,275.2,268.05,271.8,81680.0,
2026-09-11,DOLLAR,270.0,276.9,265.6,273.55,119178.0,
2025-08-29,EIEL,251.0,254.7,248.65,249.6,1037265.0,
2025-09-01,EIEL,251.4,253.69,247.68,249.92,1092584.0,
2025-09-02,EIEL,252.0,258.48,251.2,252.07,1242943.0,
2025-09-03,EIEL,253.0,255.59,251.5,252.0,801435.0,
2025-09-04,EIEL,253.19,254.95,245.95,247.21,871519.0,
2025-09-05,EIEL,247.21,249.39,243.02,244.91,1087989.0,
2025-09-08,EIEL,245.89,248.8,242.0,242.58,1200435.0,
2025-09-09,EIEL,244.06,245.51,238.0,238.88,1053254.0,
2025-09-10,EIEL,240.55,254.65,240.55,248.68,2714613.0,
2025-09-11,EIEL,248.7,249.62,245.5,246.49,651909.0,
2025-09-12,EIEL,247.89,255.0,244.8,253.7,1771102.0,
2025-09-15,EIEL,254.65,262.66,254.3,257.28,2103666.0,
2025-09-16,EIEL,257.54,272.0,255.7,263.1,4284933.0,
2025-09-17,EIEL,265.0,266.19,260.11,261.31,1350046.0,
2025-09-18,EIEL,262.2,265.5,258.1,260.21,1641890.0,
2025-09-19,EIEL,260.5,266.59,258.5,264.39,2056844.0,
2025-09-22,EIEL,264.9,276.1,261.63,271.52,5939551.0,
2025-09-23,EIEL,272.0,272.25,263.5,266.99,1969365.0,
2025-09-24,EIEL,265.0,266.17,253.22,254.5,2007727.0,
2025-09-25,EIEL,254.0,258.02,251.2,253.16,1066455.0,
2025-09-26,EIEL,253.0,253.0,243.3,247.13,1069615.0,
2025-09-29,EIEL,249.4,250.0,241.41,243.67,904739.0,
2025-09-30,EIEL,243.8,245.98,241.0,243.12,685967.0,
2025-10-01,EIEL,244.12,246.9,242.01,245.5,854748.0,
2025-10-03,EIEL,246.34,255.21,244.78,254.04,1431852.0,
2025-10-06,EIEL,254.04,254.3,248.17,248.89,673500.0,
2025-10-07,EIEL,250.0,251.86,246.4,247.54,689466.0,
2025-10-08,EIEL,246.1,249.43,243.73,246.0,639299.0,
2025-10-09,EIEL,245.9,245.9,242.61,243.62,577709.0,
2025-10-10,EIEL,243.89,249.48,243.7,248.82,704847.0,
2025-10-13,EIEL,246.89,247.95,244.55,246.53,868213.0,
2025-10-14,EIEL,247.0,247.82,238.51,241.26,1018420.0,
2025-10-15,EIEL,242.0,246.25,242.0,244.63,770652.0,
2025-10-16,EIEL,245.37,246.66,242.65,244.28,586894.0,
2025-10-17,EIEL,243.0,243.69,239.41,241.48,684412.0,
2025-10-20,EIEL,242.49,243.32,239.5,242.54,562920.0,
2025-10-21,EIEL,245.0,246.73,244.0,245.41,241840.0,
2025-10-23,EIEL,245.46,246.79,242.0,242.57,468258.0,
2025-10-24,EIEL,242.5,247.4,241.35,244.98,808684.0,
2025-10-27,EIEL,245.0,245.69,241.85,242.32,500461.0,
2025-10-28,EIEL,242.25,244.0,239.54,239.96,528520.0,
2025-10-29,EIEL,240.9,248.7,239.5,247.58,1590314.0,
2025-10-30,EIEL,248.61,257.66,248.61,250.19,1796837.0,
2025-10-31,EIEL,250.19,256.7,249.0,253.23,1227939.0,
2025-11-03,EIEL,254.15,254.5,250.0,251.75,646888.0,
2025-11-04,EIEL,252.85,254.45,247.5,251.7,1022131.0,
2025-11-06,EIEL,247.0,250.45,237.0,238.9,1930543.0,
2025-11-07,EIEL,237.65,237.65,227.15,228.9,2045009.0,
2025-11-10,EIEL,229.45,232.35,226.4,229.5,898403.0,
2025-11-11,EIEL,229.5,230.85,225.05,225.9,779960.0,
2025-11-12,EIEL,226.5,231.65,226.3,228.7,722947.0,
2025-11-13,EIEL,229.15,230.9,227.0,227.25,609331.0,
2025-11-14,EIEL,226.0,228.45,225.2,225.75,558407.0,
2025-11-17,EIEL,225.9,229.2,225.3,227.35,615610.0,
2025-11-18,EIEL,229.1,229.1,222.2,223.35,590861.0,
2025-11-19,EIEL,223.9,223.9,218.15,219.2,574102.0,
2025-11-20,EIEL,219.0,221.5,217.5,218.2,470559.0,
2025-11-21,EIEL,217.5,217.65,212.0,212.8,608830.0,
2025-11-24,EIEL,213.0,214.5,207.5,208.95,548461.0,
2025-11-25,EIEL,208.0,214.25,207.8,212.95,643265.0,
2025-11-26,EIEL,213.8,217.15,212.55,216.35,502060.0,
2025-11-27,EIEL,216.9,219.15,216.05,217.25,480460.0,
2025-11-28,EIEL,215.8,218.45,214.1,217.15,351237.0,
2025-12-01,EIEL,220.0,226.4,218.04,219.64,720144.0,
2025-12-02,EIEL,218.99,218.99,213.3,214.1,459942.0,
2025-12-03,EIEL,214.22,214.9,209.1,210.13,463713.0,
2025-12-04,EIEL,209.0,210.0,207.15,208.52,348920.0,
2025-12-05,EIEL,208.5,208.5,202.25,202.73,574631.0,
2025-12-08,EIEL,202.6,205.0,193.02,195.43,972211.0,
2025-12-09,EIEL,194.3,203.9,191.12,201.59,887571.0,
2025-12-10,EIEL,203.4,203.4,197.05,197.95,475510.0,
2025-12-11,EIEL,197.95,199.8,196.15,199.12,448708.0,
2025-12-12,EIEL,200.0,203.22,198.61,200.71,446572.0,
2025-12-15,EIEL,199.0,207.97,198.72,205.96,748281.0,
2025-12-16,EIEL,205.0,205.1,200.28,201.3,310665.0,
2025-12-17,EIEL,201.5,202.6,198.12,198.9,363594.0,
2025-12-18,EIEL,198.25,200.8,195.78,198.84,376504.0,
2025-12-19,EIEL,199.34,202.56,197.94,201.62,431301.0,
2025-12-22,EIEL,201.65,209.7,201.65,205.35,518018.0,
2025-12-23,EIEL,208.0,210.59,205.52,207.83,613394.0,
2025-12-24,EIEL,208.0,211.39,204.55,205.38,371894.0,
2025-12-26,EIEL,205.54,213.8,204.55,207.02,909227.0,
2025-12-29,EIEL,207.02,208.98,203.0,203.44,436965.0,
2025-12-30,EIEL,203.44,205.3,201.46,203.36,276188.0,
2025-12-31,EIEL,203.5,206.6,203.5,205.91,316792.0,
2026-01-01,EIEL,206.0,206.99,202.83,203.48,288522.0,
2026-01-02,EIEL,203.48,207.71,202.31,206.75,414384.0,
2026-01-05,EIEL,206.0,207.95,201.61,202.71,466052.0,
2026-01-06,EIEL,202.71,203.85,200.1,200.86,303015.0,
2026-01-07,EIEL,200.1,201.69,198.91,199.81,261947.0,
2026-01-08,EIEL,199.99,200.0,193.21,193.89,567757.0,
2026-01-09,EIEL,193.0,194.46,188.31,189.19,616609.0,
2026-01-12,EIEL,188.0,188.0,181.11,185.04,818699.0,
2026-01-13,EIEL,186.0,193.34,186.0,189.32,944633.0,
2026-01-14,EIEL,190.5,190.5,186.54,187.16,318702.0,
2026-01-16,EIEL,187.79,189.14,186.34,186.97,290869.0,
2026-01-19,EIEL,186.21,186.51,182.0,182.67,383903.0,
2026-01-20,EIEL,183.95,183.96,172.01,173.84,857662.0,
2026-01-21,EIEL,172.01,175.37,166.28,167.79,967228.0,
2026-01-22,EIEL,172.0,178.99,168.64,175.86,829760.0,
2026-01-23,EIEL,177.6,177.66,169.0,170.75,423745.0,
2026-01-27,EIEL,171.79,171.81,163.21,166.71,745363.0,
2026-01-28,EIEL,167.4,180.0,167.0,177.7,673449.0,
2026-01-29,EIEL,179.8,179.8,173.91,176.78,742369.0,
2026-01-30,EIEL,175.0,182.2,172.5,180.48,432249.0,
2026-02-02,EIEL,171.95,175.0,166.2,172.59,638563.0,
2026-02-03,EIEL,181.1,181.99,176.01,180.97,774752.0,
2026-02-04,EIEL,180.5,184.32,177.57,182.97,545186.0,
2026-02-05,EIEL,184.77,184.77,178.35,179.66,326872.0,
2026-02-06,EIEL,179.65,184.5,177.25,181.17,607428.0,
2026-02-09,EIEL,181.77,194.58,171.8,177.67,2991463.0,
2026-02-10,EIEL,177.51,182.39,172.3,174.28,1529425.0,
2026-02-11,EIEL,174.45,175.8,172.01,172.78,710816.0,
2026-02-12,EIEL,173.99,173.99,168.5,169.52,429396.0,
2026-02-13,EIEL,169.52,169.79,165.0,167.01,729175.0,
2026-02-16,EIEL,166.0,167.0,159.0,160.78,1135892.0,
2026-02-17,EIEL,160.78,165.59,160.7,163.18,691077.0,
2026-02-18,EIEL,163.65,167.09,163.0,165.56,491127.0,
2026-02-19,EIEL,166.9,166.9,161.2,162.31,324495.0,
2026-02-20,EIEL,161.26,164.3,160.1,160.93,528711.0,
2026-02-23,EIEL,163.0,166.9,161.14,163.48,651008.0,
2026-02-24,EIEL,164.0,164.0,159.05,160.41,501172.0,
2026-02-25,EIEL,161.69,162.49,158.0,158.98,330500.0,
2026-02-26,EIEL,160.09,163.5,159.25,160.07,484815.0,
2026-02-27,EIEL,159.9,160.55,157.6,158.05,360412.0,
2026-03-02,EIEL,150.0,154.9,150.0,152.59,797492.0,
2026-03-04,EIEL,149.33,149.62,142.7,143.59,1002106.0,
2026-03-05,EIEL,145.1,146.93,141.1,144.32,740561.0,
2026-03-06,EIEL,142.58,147.99,140.5,140.98,739275.0,
2026-03-09,EIEL,140.0,140.0,134.71,137.14,674492.0,
2026-03-10,EIEL,138.51,142.3,137.28,141.55,822258.0,
2026-03-11,EIEL,155.0,165.0,150.31,153.08,14968247.0,
2026-03-12,EIEL,156.28,170.0,151.74,159.98,24106180.0,
2026-03-13,EIEL,157.6,159.0,151.01,152.04,1693883.0,
2026-03-16,EIEL,152.04,152.05,142.72,145.26,1265292.0,
2026-03-17,EIEL,146.42,147.42,144.13,145.98,652077.0,
2026-03-18,EIEL,146.5,153.97,146.5,152.69,1270441.0,
2026-03-19,EIEL,150.0,150.0,145.31,145.88,959595.0,
2026-03-20,EIEL,147.95,153.2,147.07,147.86,951340.0,
2026-03-23,EIEL,146.0,146.01,139.38,141.88,1226439.0,
2026-03-24,EIEL,146.0,146.9,141.21,145.31,997398.0,
2026-03-25,EIEL,146.4,152.69,145.55,146.69,1167466.0,
2026-03-27,EIEL,146.0,146.5,137.4,138.0,1619393.0,
2026-03-30,EIEL,143.13,146.9,139.0,140.39,5841937.0,
2026-04-01,EIEL,147.0,166.8,146.16,163.57,25012765.0,
2026-04-02,EIEL,155.47,169.39,155.47,168.12,8678727.0,
2026-04-06,EIEL,168.25,171.59,163.41,167.05,2103249.0,
2026-04-07,EIEL,166.0,169.7,164.0,165.04,1099621.0,
2026-04-08,EIEL,173.0,173.95,169.2,171.08,1598120.0,
2026-04-09,EIEL,171.0,177.5,168.58,171.01,1342133.0,
2026-04-10,EIEL,171.9,175.2,171.61,173.15,925222.0,
2026-04-13,EIEL,190.0,203.5,185.31,199.17,85659777.0,
2026-04-15,EIEL,201.29,222.7,200.74,213.64,72027349.0,
2026-04-16,EIEL,219.32,224.79,213.66,217.13,19042123.0,
2026-04-17,EIEL,218.41,219.47,211.54,213.04,3288048.0,
2026-04-20,EIEL,214.69,214.69,201.1,206.24,2041545.0,
2026-04-21,EIEL,206.0,217.0,206.0,208.88,2607675.0,
2026-04-22,EIEL,208.88,213.83,206.42,212.19,2048116.0,
2026-04-23,EIEL,212.2,216.26,210.5,212.04,2029003.0,
2026-04-24,EIEL,212.65,214.43,204.3,206.61,1190476.0,
2026-04-27,EIEL,207.5,211.79,206.85,209.46,1202283.0,
2026-04-28,EIEL,209.65,219.89,209.65,216.78,3697274.0,
2026-04-29,EIEL,219.95,227.0,216.0,219.88,5316518.0,
2026-04-30,EIEL,218.2,218.2,208.23,211.94,2045173.0,
2026-05-04,EIEL,215.0,217.5,211.11,213.53,1303202.0,
2026-05-05,EIEL,213.2,214.89,210.53,211.51,995229.0,
2026-05-06,EIEL,212.54,214.85,206.59,211.39,1206221.0,
2026-05-07,EIEL,213.55,221.48,213.5,219.33,3152310.0,
2026-05-08,EIEL,220.0,221.66,215.3,217.18,1155978.0,
2026-05-11,EIEL,217.09,225.89,212.76,219.17,3222531.0,
2026-05-12,EIEL,218.29,218.29,200.11,203.03,2276157.0,
2026-05-13,EIEL,204.1,207.9,203.14,205.44,1075790.0,
2026-05-14,EIEL,207.0,207.95,193.8,198.63,1558379.0,
2026-05-15,EIEL,198.6,201.0,192.5,193.3,918398.0,
2026-05-18,EIEL,191.99,191.99,184.48,187.07,1047859.0,
2026-05-19,EIEL,187.4,191.5,185.34,189.53,1100632.0,
2026-05-20,EIEL,187.55,188.94,185.51,188.26,674570.0,
2026-05-21,EIEL,189.45,194.54,186.1,187.17,1111115.0,
2026-05-22,EIEL,189.0,189.0,185.6,186.96,758689.0,
2026-05-25,EIEL,190.05,213.49,189.9,209.69,18772998.0,
2026-05-26,EIEL,212.16,212.69,206.0,207.32,2448523.0,
2026-05-27,EIEL,207.31,209.09,203.51,206.0,1620398.0,
2026-05-29,EIEL,200.0,200.0,189.0,190.02,3232987.0,
2026-06-01,EIEL,192.0,192.05,183.72,185.25,1353053.0,
2026-06-02,EIEL,184.3,188.0,180.4,187.54,912859.0,
2026-06-03,EIEL,187.21,187.87,181.58,183.43,741939.0,
2026-06-04,EIEL,183.43,188.0,182.38,185.69,765670.0,
2026-06-05,EIEL,186.0,188.41,183.48,184.69,596964.0,
2026-06-08,EIEL,182.5,183.9,179.4,180.48,596368.0,
2026-06-09,EIEL,180.41,185.89,180.41,184.55,831529.0,
2026-06-10,EIEL,185.15,187.7,180.0,181.21,493908.0,
2026-06-11,EIEL,179.55,179.93,175.5,177.2,574508.0,
2026-06-12,EIEL,179.0,187.0,179.0,185.54,695272.0,
2026-06-15,EIEL,189.5,191.88,188.18,188.89,753462.0,
2026-06-16,EIEL,189.9,196.22,188.11,193.93,1505804.0,
2026-06-17,EIEL,195.2,196.79,192.61,195.18,1008876.0,
2026-06-18,EIEL,195.5,197.6,192.44,194.76,973338.0,
2026-06-19,EIEL,195.0,213.2,192.85,205.87,6450644.0,
2026-06-22,EIEL,213.01,233.9,208.63,224.91,22497383.0,
2026-06-23,EIEL,226.98,233.5,219.25,226.56,16380210.0,
2026-06-24,EIEL,226.0,226.83,217.01,220.29,2957758.0,
2026-06-25,EIEL,220.95,225.0,215.2,218.55,2749847.0,
2026-06-29,EIEL,218.0,223.9,212.35,219.46,2796253.0,
2026-06-30,EIEL,221.22,226.99,220.44,223.73,2102657.0,
2026-07-01,EIEL,224.6,231.8,220.5,221.72,2966872.0,
2026-07-02,EIEL,223.29,232.0,221.35,228.43,2756248.0,
2026-07-03,EIEL,231.6,247.4,231.01,235.46,14473171.0,
2026-07-06,EIEL,240.0,244.48,238.42,240.48,5069112.0,
2026-07-07,EIEL,242.0,242.63,227.36,231.49,2743728.0,
2026-07-08,EIEL,229.25,237.4,222.12,225.01,2998973.0,
2026-07-09,EIEL,227.0,233.5,226.14,228.39,1745090.0,
2026-07-10,EIEL,230.21,245.78,228.4,244.49,9010315.0,
2026-07-13,EIEL,241.9,241.9,235.1,235.89,2318472.0,
2026-07-14,EIEL,234.9,235.64,226.62,227.5,1560108.0,
2026-07-15,EIEL,229.0,233.6,227.05,228.24,1562685.0,
2026-07-16,EIEL,229.97,231.0,224.16,226.81,1116396.0,
2026-07-17,EIEL,225.34,225.85,218.53,220.23,1885166.0,
2026-07-20,EIEL,219.5,231.5,218.15,229.35,2460009.0,
2026-07-21,EIEL,229.0,233.49,225.78,229.46,1506675.0,
2026-07-22,EIEL,228.8,228.8,222.0,224.31,913022.0,
2026-07-23,EIEL,222.55,225.75,216.1,217.62,1011254.0,
2026-07-24,EIEL,217.61,221.4,212.11,220.16,1653480.0,
2026-07-27,EIEL,223.9,224.94,217.49,218.76,646608.0,
2026-07-28,EIEL,217.2,219.78,215.0,216.45,514458.0,
2026-07-29,EIEL,216.49,219.9,215.2,216.07,475163.0,
2026-07-30,EIEL,217.27,217.48,212.3,213.61,1232900.0,
2026-07-31,EIEL,213.61,223.99,213.01,220.06,1457887.0,
2026-08-03,EIEL,223.0,224.4,221.1,222.64,641485.0,
2026-08-04,EIEL,222.64,228.84,222.64,224.48,960834.0,
2026-08-05,EIEL,226.1,228.39,216.84,218.06,1566079.0,
2026-08-06,EIEL,218.0,219.95,214.56,215.5,644558.0,
2026-08-07,EIEL,215.5,216.64,212.15,213.16,557270.0,
2026-08-10,EIEL,214.08,217.98,212.65,215.63,668172.0,
2026-08-11,EIEL,218.95,219.39,205.5,213.97,865668.0,
2026-08-12,EIEL,212.0,212.89,200.84,203.13,2468285.0,
2026-08-13,EIEL,204.5,205.0,202.4,203.08,1361121.0,
2026-08-14,EIEL,203.0,204.12,195.67,196.73,895050.0,
2026-08-17,EIEL,198.3,201.96,196.73,200.16,606823.0,
2026-08-18,EIEL,200.24,201.89,196.5,197.18,439150.0,
2026-08-19,EIEL,198.16,201.9,196.0,196.12,447738.0,
2026-08-20,EIEL,197.94,201.48,197.94,199.01,504822.0,
2026-08-21,EIEL,199.01,200.34,193.91,194.73,1334529.0,
2026-08-24,EIEL,195.24,197.8,193.02,195.31,569963.0,
2026-08-25,EIEL,194.4,196.22,193.5,194.71,375300.0,
2026-08-26,EIEL,195.65,201.89,194.81,200.69,688902.0,
2026-08-27,EIEL,201.49,204.3,198.81,201.04,554248.0,
2026-08-28,EIEL,201.8,201.8,197.8,199.23,296099.0,
2026-08-31,EIEL,198.5,198.5,195.15,196.92,1014824.0,
2026-09-01,EIEL,196.5,196.82,190.1,190.82,590767.0,
2026-09-02,EIEL,190.0,194.0,188.0,192.36,446613.0,
2026-09-03,EIEL,192.9,197.0,192.9,195.66,360610.0,
2026-09-04,EIEL,196.9,201.7,195.65,199.17,769678.0,
2026-09-07,EIEL,199.2,204.7,197.25,198.33,824767.0,
2026-09-08,EIEL,198.03,200.0,195.68,196.2,1029574.0,
2026-09-09,EIEL,204.75,215.0,203.75,206.06,13186612.0,
2026-09-10,EIEL,211.03,215.74,209.0,211.65,5829468.0,
2026-09-11,EIEL,209.0,209.0,202.09,207.11,1550750.0,
2025-08-29,GANDHAR,148.0,150.79,145.9,146.15,65011.0,
2025-09-01,GANDHAR,147.0,148.0,144.65,145.61,153746.0,
2025-09-02,GANDHAR,147.5,149.59,145.61,146.84,83169.0,
2025-09-03,GANDHAR,146.25,148.49,146.25,147.72,80675.0,
2025-09-04,GANDHAR,149.0,149.56,147.61,148.89,43959.0,
2025-09-05,GANDHAR,150.0,150.11,148.01,149.31,72941.0,
2025-09-08,GANDHAR,150.5,151.55,147.06,147.94,48790.0,
2025-09-09,GANDHAR,147.21,149.54,145.41,146.31,217743.0,
2025-09-10,GANDHAR,146.01,148.69,144.0,144.52,178057.0,
2025-09-11,GANDHAR,145.7,148.0,144.99,145.64,92656.0,
2025-09-12,GANDHAR,146.0,147.9,145.0,145.18,70509.0,
2025-09-15,GANDHAR,144.25,147.71,144.25,146.89,67455.0,
2025-09-16,GANDHAR,145.6,150.99,145.6,148.72,151231.0,
2025-09-17,GANDHAR,148.26,152.0,148.26,149.53,97497.0,
2025-09-18,GANDHAR,149.51,151.53,148.31,149.31,105614.0,
2025-09-19,GANDHAR,149.5,150.29,146.78,147.24,187949.0,
2025-09-22,GANDHAR,147.99,148.92,145.5,146.12,99220.0,
2025-09-23,GANDHAR,147.4,147.4,144.75,144.98,92912.0,
2025-09-24,GANDHAR,145.98,146.0,143.5,144.2,70979.0,
2025-09-25,GANDHAR,144.9,145.06,142.01,142.42,72456.0,
2025-09-26,GANDHAR,142.42,143.5,140.01,140.24,74000.0,
2025-09-29,GANDHAR,140.93,146.85,140.0,141.73,169876.0,
2025-09-30,GANDHAR,142.8,145.0,140.05,143.05,67337.0,
2025-10-01,GANDHAR,141.61,143.39,140.5,141.91,76701.0,
2025-10-03,GANDHAR,144.05,144.6,140.75,142.51,57995.0,
2025-10-06,GANDHAR,144.0,147.35,140.45,141.74,233251.0,
2025-10-07,GANDHAR,141.8,143.7,138.83,139.45,131911.0,
2025-10-08,GANDHAR,140.15,143.64,139.28,139.93,91472.0,
2025-10-09,GANDHAR,140.0,140.63,138.31,138.73,108840.0,
2025-10-10,GANDHAR,138.9,141.89,138.9,139.17,81029.0,
2025-10-13,GANDHAR,139.45,140.84,135.5,136.88,89461.0,
2025-10-14,GANDHAR,136.88,138.87,135.35,136.03,70916.0,
2025-10-15,GANDHAR,135.32,137.97,134.51,137.19,93133.0,
2025-10-16,GANDHAR,138.76,138.76,135.0,135.57,81054.0,
2025-10-17,GANDHAR,137.7,137.7,135.06,135.67,109833.0,
2025-10-20,GANDHAR,135.67,137.4,135.67,136.87,59470.0,
2025-10-21,GANDHAR,137.79,139.95,137.5,138.09,39246.0,
2025-10-23,GANDHAR,138.99,138.99,137.0,137.63,138905.0,
2025-10-24,GANDHAR,138.9,138.9,135.81,137.0,60599.0,
2025-10-27,GANDHAR,137.03,138.2,136.51,136.83,139343.0,
2025-10-28,GANDHAR,138.89,138.89,135.5,135.92,70648.0,
2025-10-29,GANDHAR,136.57,137.5,134.9,136.43,128052.0,
2025-10-30,GANDHAR,136.0,137.99,134.87,135.48,141634.0,
2025-10-31,GANDHAR,135.8,135.98,133.5,133.79,132052.0,
2025-11-03,GANDHAR,134.7,134.8,133.0,133.82,78818.0,
2025-11-04,GANDHAR,133.83,134.33,132.75,133.53,103639.0,
2025-11-06,GANDHAR,132.6,134.09,131.51,132.55,93506.0,
2025-11-07,GANDHAR,132.55,133.98,130.5,131.64,77044.0,
2025-11-10,GANDHAR,131.64,132.26,129.07,129.74,91585.0,
2025-11-11,GANDHAR,131.0,136.0,128.5,135.27,171571.0,
2025-11-12,GANDHAR,136.0,142.9,135.45,141.44,410113.0,
2025-11-13,GANDHAR,147.8,155.0,146.1,148.44,2063881.0,
2025-11-14,GANDHAR,147.5,147.78,143.0,145.03,185987.0,
2025-11-17,GANDHAR,146.02,147.38,143.2,143.96,163847.0,
2025-11-18,GANDHAR,145.89,145.89,140.95,141.3,90778.0,
2025-11-19,GANDHAR,141.0,142.8,137.99,138.59,146594.0,
2025-11-20,GANDHAR,139.7,139.7,136.96,137.65,146290.0,
2025-11-21,GANDHAR,137.65,138.01,134.46,134.9,132821.0,
2025-11-24,GANDHAR,134.99,135.25,132.22,132.51,117231.0,
2025-11-25,GANDHAR,132.51,133.44,130.3,131.09,142529.0,
2025-11-26,GANDHAR,131.5,133.29,131.0,131.39,109335.0,
2025-11-27,GANDHAR,132.7,132.8,129.22,130.78,151192.0,
2025-11-28,GANDHAR,131.45,131.45,130.3,130.75,101446.0,
2025-12-01,GANDHAR,131.5,131.99,129.8,129.99,113471.0,
2025-12-02,GANDHAR,130.05,130.14,128.52,129.0,119678.0,
2025-12-03,GANDHAR,129.0,130.0,127.25,127.8,81591.0,
2025-12-04,GANDHAR,127.8,128.29,124.42,125.22,164441.0,
2025-12-05,GANDHAR,125.22,126.68,123.57,124.6,128343.0,
2025-12-08,GANDHAR,125.1,125.73,122.3,123.06,123201.0,
2025-12-09,GANDHAR,123.08,125.0,120.56,121.88,182876.0,
2025-12-10,GANDHAR,122.35,123.56,121.5,122.46,199237.0,
2025-12-11,GANDHAR,122.7,126.89,121.5,124.34,266160.0,
2025-12-12,GANDHAR,125.03,125.73,123.57,124.64,532866.0,
2025-12-15,GANDHAR,124.7,135.6,124.7,133.51,1232683.0,
2025-12-16,GANDHAR,134.1,142.0,134.0,140.03,1020973.0,
2025-12-17,GANDHAR,141.45,146.5,138.31,142.52,632519.0,
2025-12-18,GANDHAR,142.0,147.5,136.81,145.87,396502.0,
2025-12-19,GANDHAR,145.87,146.88,142.5,145.75,310758.0,
2025-12-22,GANDHAR,145.76,147.76,145.07,146.29,217243.0,
2025-12-23,GANDHAR,146.99,152.0,145.51,148.48,242539.0,
2025-12-24,GANDHAR,149.95,150.75,147.25,147.56,178444.0,
2025-12-26,GANDHAR,147.31,151.34,146.0,150.13,298364.0,
2025-12-29,GANDHAR,150.13,150.6,146.75,147.3,139491.0,
2025-12-30,GANDHAR,146.8,150.58,145.0,148.17,217497.0,
2025-12-31,GANDHAR,148.17,155.18,148.17,154.36,630145.0,
2026-01-01,GANDHAR,154.58,158.4,153.96,154.28,289507.0,
2026-01-02,GANDHAR,156.45,156.45,151.21,151.76,137222.0,
2026-01-05,GANDHAR,153.8,177.79,152.51,166.8,45783339.0,
2026-01-06,GANDHAR,170.4,178.95,170.37,172.88,32200767.0,
2026-01-07,GANDHAR,171.85,171.85,161.9,163.66,3190826.0,
2026-01-08,GANDHAR,162.01,166.4,157.74,158.55,1466278.0,
2026-01-09,GANDHAR,159.1,160.87,152.1,152.99,841842.0,
2026-01-12,GANDHAR,151.98,152.83,147.91,150.24,929545.0,
2026-01-13,GANDHAR,151.0,164.49,150.9,161.69,2016533.0,
2026-01-14,GANDHAR,159.0,159.85,152.6,153.99,788937.0,
2026-01-16,GANDHAR,153.98,153.98,150.01,151.81,413473.0,
2026-01-19,GANDHAR,150.31,157.29,149.45,153.23,887408.0,
2026-01-20,GANDHAR,153.15,155.23,149.17,153.19,547343.0,
2026-01-21,GANDHAR,152.15,154.7,147.8,150.97,616486.0,
2026-01-22,GANDHAR,150.8,160.25,150.8,158.29,718768.0,
2026-01-23,GANDHAR,160.4,165.4,155.82,163.11,1229124.0,
2026-01-27,GANDHAR,163.0,163.0,149.1,152.48,1605243.0,
2026-01-28,GANDHAR,152.48,155.59,152.26,153.02,401288.0,
2026-01-29,GANDHAR,153.25,153.91,149.0,149.7,409676.0,
2026-01-30,GANDHAR,149.07,150.58,146.03,149.82,321319.0,
2026-02-02,GANDHAR,142.87,142.96,137.1,140.82,347261.0,
2026-02-03,GANDHAR,146.0,147.26,142.17,145.5,304045.0,
2026-02-04,GANDHAR,147.37,152.98,144.56,151.46,510872.0,
2026-02-05,GANDHAR,151.46,154.1,149.0,152.28,324237.0,
2026-02-06,GANDHAR,153.0,153.0,146.8,150.45,342265.0,
2026-02-09,GANDHAR,150.0,159.8,149.09,156.2,550067.0,
2026-02-10,GANDHAR,157.94,159.32,154.75,155.24,286802.0,
2026-02-11,GANDHAR,156.7,156.7,150.0,150.64,269091.0,
2026-02-12,GANDHAR,150.21,152.22,148.6,150.18,222123.0,
2026-02-13,GANDHAR,150.0,150.01,145.0,146.7,262984.0,
2026-02-16,GANDHAR,146.0,147.0,145.0,146.6,110958.0,
2026-02-17,GANDHAR,145.51,150.93,145.51,148.09,187799.0,
2026-02-18,GANDHAR,148.24,150.08,147.5,149.1,108460.0,
2026-02-19,GANDHAR,148.01,150.0,143.5,145.26,103649.0,
2026-02-20,GANDHAR,144.5,148.8,142.81,143.68,110947.0,
2026-02-23,GANDHAR,144.83,145.7,141.9,142.83,111241.0,
2026-02-24,GANDHAR,142.1,143.09,139.02,140.82,119120.0,
2026-02-25,GANDHAR,140.8,143.0,140.0,140.54,72419.0,
2026-02-26,GANDHAR,141.24,142.39,139.0,139.76,104618.0,
2026-02-27,GANDHAR,139.76,141.4,138.34,140.43,92044.0,
2026-03-02,GANDHAR,137.0,139.51,134.0,137.45,246929.0,
2026-03-04,GANDHAR,136.0,136.0,132.33,133.07,204415.0,
2026-03-05,GANDHAR,135.0,135.67,131.5,132.94,133741.0,
2026-03-06,GANDHAR,133.0,142.87,132.2,134.45,452639.0,
2026-03-09,GANDHAR,133.99,134.0,125.12,127.43,261342.0,
2026-03-10,GANDHAR,129.05,131.82,128.72,131.04,213632.0,
2026-03-11,GANDHAR,133.01,134.69,128.1,130.16,192715.0,
2026-03-12,GANDHAR,131.21,132.45,127.7,129.96,166498.0,
2026-03-13,GANDHAR,128.0,130.9,125.4,129.59,273234.0,
2026-03-16,GANDHAR,127.65,129.85,123.09,126.73,259351.0,
2026-03-17,GANDHAR,127.6,132.5,126.4,130.49,220395.0,
2026-03-18,GANDHAR,130.88,133.54,130.25,131.89,143874.0,
2026-03-19,GANDHAR,130.0,130.99,128.0,128.7,129532.0,
2026-03-20,GANDHAR,130.99,132.95,130.08,132.38,210490.0,
2026-03-23,GANDHAR,130.0,130.35,127.0,127.21,200462.0,
2026-03-24,GANDHAR,130.21,130.35,126.27,127.84,162148.0,
2026-03-25,GANDHAR,128.52,133.29,128.52,129.38,233240.0,
2026-03-27,GANDHAR,128.22,128.99,122.0,123.53,281756.0,
2026-03-30,GANDHAR,122.01,122.69,115.0,116.79,338111.0,
2026-04-01,GANDHAR,119.8,126.0,119.2,124.52,252198.0,
2026-04-02,GANDHAR,123.2,127.9,120.3,126.52,132052.0,
2026-04-06,GANDHAR,126.52,128.34,123.85,127.74,135004.0,
2026-04-07,GANDHAR,126.46,129.74,126.36,126.86,76115.0,
2026-04-08,GANDHAR,140.0,140.0,132.3,134.54,330213.0,
2026-04-09,GANDHAR,134.6,137.47,132.6,134.8,153304.0,
2026-04-10,GANDHAR,134.8,139.5,134.8,137.1,180643.0,
2026-04-13,GANDHAR,134.7,137.8,132.3,135.85,95614.0,
2026-04-15,GANDHAR,137.0,142.5,137.0,141.58,246273.0,
2026-04-16,GANDHAR,147.0,149.5,141.5,148.6,519733.0,
2026-04-17,GANDHAR,150.0,151.0,146.07,147.55,246292.0,
2026-04-20,GANDHAR,147.55,148.05,142.5,143.01,175550.0,
2026-04-21,GANDHAR,143.01,146.49,140.6,142.36,186222.0,
2026-04-22,GANDHAR,142.36,143.89,141.4,141.91,94436.0,
2026-04-23,GANDHAR,142.4,142.72,139.25,139.68,185186.0,
2026-04-24,GANDHAR,141.08,141.08,136.2,137.18,82385.0,
2026-04-27,GANDHAR,138.91,143.59,138.1,142.3,151154.0,
2026-04-28,GANDHAR,141.0,144.56,140.05,140.55,104724.0,
2026-04-29,GANDHAR,141.01,144.37,139.36,140.49,132994.0,
2026-04-30,GANDHAR,140.0,141.68,136.25,138.73,133807.0,
2026-05-04,GANDHAR,140.4,141.8,138.0,138.68,101201.0,
2026-05-05,GANDHAR,138.68,139.8,136.52,137.67,78988.0,
2026-05-06,GANDHAR,140.0,165.2,140.0,156.66,12007737.0,
2026-05-07,GANDHAR,162.23,163.75,151.59,153.0,1859705.0,
2026-05-08,GANDHAR,153.0,159.4,150.15,151.45,746507.0,
2026-05-11,GANDHAR,150.0,150.0,145.15,145.8,255092.0,
2026-05-12,GANDHAR,145.0,148.54,140.55,141.13,221485.0,
2026-05-13,GANDHAR,142.0,142.71,139.51,141.27,147324.0,
2026-05-14,GANDHAR,141.99,144.9,138.44,142.72,233783.0,
2026-05-15,GANDHAR,145.0,152.0,142.72,149.98,455425.0,
2026-05-18,GANDHAR,149.65,160.16,147.5,158.36,695375.0,
2026-05-19,GANDHAR,158.8,160.5,154.08,159.47,508094.0,
2026-05-20,GANDHAR,158.0,159.99,155.21,158.86,195241.0,
2026-05-21,GANDHAR,160.33,166.8,159.61,163.78,749808.0,
2026-05-22,GANDHAR,165.0,170.88,163.11,164.31,1195102.0,
2026-05-25,GANDHAR,165.5,172.2,165.5,169.99,1052892.0,
2026-05-26,GANDHAR,171.0,172.28,159.0,162.5,1536405.0,
2026-05-27,GANDHAR,169.0,174.8,160.1,162.86,4697033.0,
2026-05-29,GANDHAR,163.4,163.45,155.1,155.97,605478.0,
2026-06-01,GANDHAR,156.48,161.1,153.97,157.56,412108.0,
2026-06-02,GANDHAR,155.0,157.11,152.0,155.79,370189.0,
2026-06-03,GANDHAR,156.98,159.38,155.7,157.18,400161.0,
2026-06-04,GANDHAR,157.6,169.5,157.31,161.85,1641710.0,
2026-06-05,GANDHAR,165.64,167.9,158.35,160.73,709636.0,
2026-06-08,GANDHAR,160.0,161.6,156.0,157.58,322862.0,
2026-06-09,GANDHAR,158.0,159.99,155.91,159.34,254894.0,
2026-06-10,GANDHAR,160.8,161.7,154.2,156.08,234704.0,
2026-06-11,GANDHAR,156.0,156.51,153.5,155.43,164637.0,
2026-06-12,GANDHAR,158.0,161.0,156.26,159.48,230691.0,
2026-06-15,GANDHAR,164.7,164.7,157.14,158.48,389356.0,
2026-06-16,GANDHAR,160.89,162.44,157.01,157.81,321183.0,
2026-06-17,GANDHAR,158.1,159.5,155.71,156.15,336058.0,
2026-06-18,GANDHAR,156.6,182.0,156.6,174.11,10986216.0,
2026-06-19,GANDHAR,174.29,184.5,172.02,180.26,3490988.0,
2026-06-22,GANDHAR,181.0,182.59,174.45,175.82,905224.0,
2026-06-23,GANDHAR,176.1,185.0,176.1,180.85,2694715.0,
2026-06-24,GANDHAR,182.0,182.58,176.61,179.44,690955.0,
2026-06-25,GANDHAR,181.54,181.59,174.27,175.15,553223.0,
2026-06-29,GANDHAR,175.14,185.49,172.32,179.16,1020498.0,
2026-06-30,GANDHAR,179.1,184.4,178.2,183.45,599884.0,
2026-07-01,GANDHAR,186.5,186.76,182.1,184.39,616596.0,
2026-07-02,GANDHAR,185.95,188.89,184.02,186.84,1011803.0,
2026-07-03,GANDHAR,186.7,188.01,184.0,186.73,400627.0,
2026-07-06,GANDHAR,187.99,190.99,184.05,188.29,1206573.0,
2026-07-07,GANDHAR,189.5,195.8,184.0,192.65,1448177.0,
2026-07-08,GANDHAR,192.39,194.79,187.0,189.79,1179224.0,
2026-07-09,GANDHAR,190.1,196.8,189.26,193.35,721145.0,
2026-07-10,GANDHAR,196.0,209.8,194.16,203.15,3577702.0,
2026-07-13,GANDHAR,200.4,208.0,200.4,206.12,791984.0,
2026-07-14,GANDHAR,204.0,206.4,201.31,203.27,461951.0,
2026-07-15,GANDHAR,204.0,209.51,203.74,206.82,601959.0,
2026-07-16,GANDHAR,207.0,218.0,207.0,210.95,1252221.0,
2026-07-17,GANDHAR,212.4,212.4,202.53,207.93,586858.0,
2026-07-20,GANDHAR,209.48,231.0,209.1,228.32,3211670.0,
2026-07-21,GANDHAR,231.7,238.0,223.33,227.17,2846526.0,
2026-07-22,GANDHAR,229.49,245.0,228.76,236.19,6966318.0,
2026-07-23,GANDHAR,274.0,283.42,268.22,281.95,25146579.0,
2026-07-24,GANDHAR,290.25,303.17,275.53,282.46,35869266.0,
2026-07-27,GANDHAR,279.0,279.0,231.0,245.47,20541880.0,
2026-07-28,GANDHAR,252.0,255.99,235.55,237.93,9767141.0,
2026-07-29,GANDHAR,237.61,240.0,230.0,232.18,3607556.0,
2026-07-30,GANDHAR,230.45,230.99,215.7,216.93,4300534.0,
2026-07-31,GANDHAR,218.6,233.89,216.0,223.25,6637553.0,
2026-08-03,GANDHAR,224.78,238.27,223.52,231.64,3962749.0,
2026-08-04,GANDHAR,233.48,239.5,230.0,236.1,2789863.0,
2026-08-05,GANDHAR,239.0,239.98,230.0,231.41,1401577.0,
2026-08-06,GANDHAR,233.95,250.0,232.03,242.95,6759414.0,
2026-08-07,GANDHAR,243.7,245.46,239.01,242.71,1529441.0,
2026-08-10,GANDHAR,243.0,243.95,234.76,236.82,1261507.0,
2026-08-11,GANDHAR,237.7,245.8,237.0,243.41,1899221.0,
2026-08-12,GANDHAR,242.01,242.82,235.01,236.28,930996.0,
2026-08-13,GANDHAR,236.5,248.0,236.5,244.75,1608155.0,
2026-08-14,GANDHAR,243.03,247.66,241.0,245.57,807585.0,
2026-08-17,GANDHAR,245.26,250.98,242.71,246.69,953235.0,
2026-08-18,GANDHAR,247.4,256.9,247.4,255.1,2220605.0,
2026-08-19,GANDHAR,256.2,256.2,248.0,250.15,959345.0,
2026-08-20,GANDHAR,252.5,255.79,246.3,254.09,963327.0,
2026-08-21,GANDHAR,257.06,257.25,249.5,250.43,653970.0,
2026-08-24,GANDHAR,255.09,261.0,254.06,256.62,1589659.0,
2026-08-25,GANDHAR,257.35,257.4,251.0,255.42,667901.0,
2026-08-26,GANDHAR,255.48,260.05,254.55,255.39,611255.0,
2026-08-27,GANDHAR,255.39,256.7,251.9,254.85,646662.0,
2026-08-28,GANDHAR,255.0,259.0,253.55,256.47,553101.0,
2026-08-31,GANDHAR,256.46,258.38,251.25,257.72,664788.0,
2026-09-01,GANDHAR,257.7,268.5,255.05,261.8,2578536.0,
2026-09-02,GANDHAR,263.65,267.75,262.1,265.95,1018241.0,
2026-09-03,GANDHAR,268.5,270.95,264.05,267.4,788620.0,
2026-09-04,GANDHAR,268.4,269.05,261.0,267.6,860917.0,
2026-09-07,GANDHAR,268.0,271.8,261.8,264.85,719670.0,
2026-09-08,GANDHAR,263.15,265.95,261.3,264.05,528915.0,
2026-09-09,GANDHAR,264.05,273.45,263.0,265.85,926450.0,
2026-09-10,GANDHAR,269.0,278.0,269.0,271.3,1490894.0,
2026-09-11,GANDHAR,271.3,274.95,266.55,272.7,748277.0,
2025-09-29,GANESHCP,296.05,308.7,291.65,294.3,5493770.0,
2025-09-30,GANESHCP,290.0,299.7,280.35,285.1,934074.0,
2025-10-01,GANESHCP,283.0,290.4,280.7,282.3,319891.0,
2025-10-03,GANESHCP,282.0,298.9,280.1,290.05,655196.0,
2025-10-06,GANESHCP,290.05,309.95,286.45,305.55,957172.0,
2025-10-07,GANESHCP,305.0,306.9,288.8,292.3,411916.0,
2025-10-08,GANESHCP,290.4,298.95,286.85,295.15,344257.0,
2025-10-09,GANESHCP,294.0,302.85,290.2,293.75,297458.0,
2025-10-10,GANESHCP,292.95,307.4,292.25,302.6,449091.0,
2025-10-13,GANESHCP,302.25,303.1,290.25,294.15,320519.0,
2025-10-14,GANESHCP,294.15,296.0,281.15,283.0,224915.0,
2025-10-15,GANESHCP,285.0,288.7,281.4,286.75,169874.0,
2025-10-16,GANESHCP,287.7,294.4,283.5,285.45,470786.0,
2025-10-17,GANESHCP,286.0,295.0,285.0,288.35,386008.0,
2025-10-20,GANESHCP,288.9,289.95,282.85,284.55,610397.0,
2025-10-21,GANESHCP,289.85,292.0,280.0,281.3,273717.0,
2025-10-23,GANESHCP,282.7,287.0,282.0,282.9,238593.0,
2025-10-24,GANESHCP,283.0,284.95,279.15,283.85,464899.0,
2025-10-27,GANESHCP,283.0,286.2,277.5,278.75,293345.0,
2025-10-28,GANESHCP,280.0,284.2,278.1,283.4,83704.0,
2025-10-29,GANESHCP,281.05,285.5,280.0,282.4,119130.0,
2025-10-30,GANESHCP,282.3,294.3,281.95,291.8,405683.0,
2025-10-31,GANESHCP,291.8,293.95,281.8,284.5,196006.0,
2025-11-03,GANESHCP,284.5,287.45,281.1,282.3,114354.0,
2025-11-04,GANESHCP,282.3,283.5,271.15,274.4,149568.0,
2025-11-06,GANESHCP,274.4,276.5,261.0,262.9,141948.0,
2025-11-07,GANESHCP,263.05,280.8,250.1,276.85,686373.0,
2025-11-10,GANESHCP,276.4,292.45,274.4,288.6,384678.0,
2025-11-11,GANESHCP,285.6,287.9,279.95,282.05,113717.0,
2025-11-12,GANESHCP,285.0,285.95,281.05,284.4,79133.0,
2025-11-13,GANESHCP,287.8,295.65,283.15,293.3,187110.0,
2025-11-14,GANESHCP,290.0,291.7,286.6,288.95,66312.0,
2025-11-17,GANESHCP,287.5,290.95,280.2,283.6,77268.0,
2025-11-18,GANESHCP,283.5,285.55,275.3,276.45,81854.0,
2025-11-19,GANESHCP,277.1,278.8,272.05,272.7,65425.0,
2025-11-20,GANESHCP,272.7,278.0,270.1,271.5,49142.0,
2025-11-21,GANESHCP,270.8,274.95,269.05,272.4,35546.0,
2025-11-24,GANESHCP,272.0,273.55,252.4,256.25,149136.0,
2025-11-25,GANESHCP,259.0,274.75,256.35,269.45,250749.0,
2025-11-26,GANESHCP,269.7,272.9,265.9,270.05,69447.0,
2025-11-27,GANESHCP,271.35,280.15,264.5,274.9,113684.0,
2025-11-28,GANESHCP,270.85,279.5,270.8,273.35,81947.0,
2025-12-01,GANESHCP,272.0,274.5,265.85,267.8,33060.0,
2025-12-02,GANESHCP,269.95,269.95,253.6,257.15,74482.0,
2025-12-03,GANESHCP,257.9,260.0,250.1,250.85,50445.0,
2025-12-04,GANESHCP,250.95,251.45,239.7,243.45,210342.0,
2025-12-05,GANESHCP,241.0,243.0,238.5,240.65,51518.0,
2025-12-08,GANESHCP,240.65,250.75,228.4,247.2,185318.0,
2025-12-09,GANESHCP,247.2,247.2,237.2,240.85,93029.0,
2025-12-10,GANESHCP,240.0,242.1,233.05,235.85,41699.0,
2025-12-11,GANESHCP,234.4,237.1,232.0,235.55,26023.0,
2025-12-12,GANESHCP,236.0,247.0,235.65,239.1,152581.0,
2025-12-15,GANESHCP,242.0,242.05,235.0,235.4,42807.0,
2025-12-16,GANESHCP,237.7,237.7,233.0,234.2,28152.0,
2025-12-17,GANESHCP,236.55,238.05,232.8,233.7,32212.0,
2025-12-18,GANESHCP,233.75,233.75,224.0,227.1,120838.0,
2025-12-19,GANESHCP,228.0,230.95,227.85,229.1,29346.0,
2025-12-22,GANESHCP,228.55,237.15,221.0,221.75,220259.0,
2025-12-23,GANESHCP,221.7,231.0,217.0,229.5,130057.0,
2025-12-24,GANESHCP,229.5,229.5,226.0,227.15,41982.0,
2025-12-26,GANESHCP,228.0,228.0,217.25,218.35,143092.0,
2025-12-29,GANESHCP,218.9,219.45,210.0,211.5,104550.0,
2025-12-30,GANESHCP,212.45,217.5,211.35,216.0,45152.0,
2025-12-31,GANESHCP,216.0,237.0,214.5,227.0,472177.0,
2026-01-01,GANESHCP,227.0,230.87,225.0,226.38,34809.0,
2026-01-02,GANESHCP,227.0,228.21,222.8,224.77,56818.0,
2026-01-05,GANESHCP,224.77,225.4,221.4,222.54,20245.0,
2026-01-06,GANESHCP,222.33,223.0,219.55,220.23,21807.0,
2026-01-07,GANESHCP,219.75,222.0,217.0,217.45,27616.0,
2026-01-08,GANESHCP,218.0,219.0,209.0,209.24,74456.0,
2026-01-09,GANESHCP,209.22,210.06,203.25,204.08,43373.0,
2026-01-12,GANESHCP,204.05,209.45,195.1,205.19,119976.0,
2026-01-13,GANESHCP,205.19,211.0,203.22,209.33,39108.0,
2026-01-14,GANESHCP,209.0,209.0,203.05,204.17,90716.0,
2026-01-16,GANESHCP,203.3,204.52,199.0,200.59,124527.0,
2026-01-19,GANESHCP,200.0,207.35,198.32,204.92,223382.0,
2026-01-20,GANESHCP,205.05,209.7,195.1,201.16,298536.0,
2026-01-21,GANESHCP,198.55,201.39,190.8,193.84,296991.0,
2026-01-22,GANESHCP,196.36,200.19,195.78,199.22,80861.0,
2026-01-23,GANESHCP,197.25,200.0,192.6,194.58,58410.0,
2026-01-27,GANESHCP,193.81,197.94,188.3,195.9,260697.0,
2026-01-28,GANESHCP,192.55,205.0,192.55,199.21,115419.0,
2026-01-29,GANESHCP,201.05,203.19,194.3,194.86,61400.0,
2026-01-30,GANESHCP,194.5,202.31,191.21,194.4,207836.0,
2026-02-02,GANESHCP,198.0,199.27,193.25,196.25,24884.0,
2026-02-03,GANESHCP,201.5,211.84,200.0,203.57,169107.0,
2026-02-04,GANESHCP,205.0,218.0,203.68,216.6,61980.0,
2026-02-05,GANESHCP,212.0,215.99,198.61,201.1,184446.0,
2026-02-06,GANESHCP,201.1,201.17,196.22,196.76,30729.0,
2026-02-09,GANESHCP,194.76,199.73,194.76,197.06,121850.0,
2026-02-10,GANESHCP,196.2,203.0,195.39,197.52,204864.0,
2026-02-11,GANESHCP,198.66,198.66,195.43,196.37,35435.0,
2026-02-12,GANESHCP,195.81,197.91,190.0,191.55,65245.0,
2026-02-13,GANESHCP,191.0,192.0,186.71,189.93,102924.0,
2026-02-16,GANESHCP,188.9,189.11,186.61,187.21,62302.0,
2026-02-17,GANESHCP,187.5,193.5,185.21,190.38,696502.0,
2026-02-18,GANESHCP,190.0,192.29,187.03,190.93,55278.0,
2026-02-19,GANESHCP,190.0,192.0,183.72,184.77,64343.0,
2026-02-20,GANESHCP,185.12,185.78,181.1,182.23,96863.0,
2026-02-23,GANESHCP,184.0,185.79,177.01,179.66,80534.0,
2026-02-24,GANESHCP,178.05,178.72,167.67,170.71,113562.0,
2026-02-25,GANESHCP,170.0,172.45,162.42,164.29,128362.0,
2026-02-26,GANESHCP,164.29,177.71,164.29,173.02,470402.0,
2026-02-27,GANESHCP,173.0,179.0,168.91,176.08,267864.0,
2026-03-02,GANESHCP,174.0,188.0,166.86,185.7,808814.0,
2026-03-04,GANESHCP,182.5,189.38,178.25,184.31,185215.0,
2026-03-05,GANESHCP,187.81,187.81,172.4,177.43,351131.0,
2026-03-06,GANESHCP,177.45,177.8,168.19,169.43,130158.0,
2026-03-09,GANESHCP,165.0,165.82,160.4,162.91,200951.0,
2026-03-10,GANESHCP,165.82,174.5,164.34,173.29,373800.0,
2026-03-11,GANESHCP,176.58,178.0,166.8,170.1,176373.0,
2026-03-12,GANESHCP,169.5,171.42,165.66,169.69,51854.0,
2026-03-13,GANESHCP,169.69,169.69,154.23,155.5,214252.0,
2026-03-16,GANESHCP,156.99,159.98,152.0,157.91,152920.0,
2026-03-17,GANESHCP,158.0,164.0,157.0,158.18,99352.0,
2026-03-18,GANESHCP,159.45,178.0,159.45,170.16,580004.0,
2026-03-19,GANESHCP,165.34,171.0,163.33,170.4,193334.0,
2026-03-20,GANESHCP,170.99,177.0,170.0,174.04,183821.0,
2026-03-23,GANESHCP,169.95,171.9,157.82,161.62,247826.0,
2026-03-24,GANESHCP,164.6,167.09,159.3,165.41,143649.0,
2026-03-25,GANESHCP,166.35,174.83,166.09,167.14,313472.0,
2026-03-27,GANESHCP,167.13,172.7,162.99,166.44,286104.0,
2026-03-30,GANESHCP,164.0,177.0,160.21,170.38,608849.0,
2026-04-01,GANESHCP,170.38,177.79,170.38,174.32,165456.0,
2026-04-02,GANESHCP,173.5,182.68,171.0,180.3,221509.0,
2026-04-06,GANESHCP,182.45,196.15,176.1,194.68,281931.0,
2026-04-07,GANESHCP,195.89,202.0,195.65,198.14,230969.0,
2026-04-08,GANESHCP,203.0,209.0,200.51,204.26,119920.0,
2026-04-09,GANESHCP,204.26,205.09,192.15,195.58,217054.0,
2026-04-10,GANESHCP,198.0,203.43,193.6,195.25,157394.0,
2026-04-13,GANESHCP,193.85,195.18,188.86,191.44,80523.0,
2026-04-15,GANESHCP,197.0,200.6,193.53,196.57,106517.0,
2026-04-16,GANESHCP,199.5,199.5,194.08,196.28,69600.0,
2026-04-17,GANESHCP,196.05,201.34,194.99,195.82,165991.0,
2026-04-20,GANESHCP,197.39,197.39,190.2,191.15,74645.0,
2026-04-21,GANESHCP,192.95,195.0,190.0,191.01,62081.0,
2026-04-22,GANESHCP,191.01,196.73,188.21,195.34,73901.0,
2026-04-23,GANESHCP,195.2,195.97,189.61,190.52,55016.0,
2026-04-24,GANESHCP,192.85,194.0,185.28,187.1,84506.0,
2026-04-27,GANESHCP,189.51,193.5,187.0,191.58,71142.0,
2026-04-28,GANESHCP,192.0,200.93,189.05,195.68,194371.0,
2026-04-29,GANESHCP,195.68,197.46,192.25,194.17,92030.0,
2026-04-30,GANESHCP,193.1,197.12,192.0,195.08,44793.0,
2026-05-04,GANESHCP,195.5,218.24,194.65,204.41,382642.0,
2026-05-05,GANESHCP,204.41,205.0,198.22,203.15,65688.0,
2026-05-06,GANESHCP,206.0,209.04,202.82,207.8,99895.0,
2026-05-07,GANESHCP,207.99,213.0,206.42,210.41,90946.0,
2026-05-08,GANESHCP,208.79,227.0,206.04,219.22,263067.0,
2026-05-11,GANESHCP,218.93,218.93,206.69,210.22,36713.0,
2026-05-12,GANESHCP,210.21,210.21,194.63,195.77,70994.0,
2026-05-13,GANESHCP,197.34,206.0,193.71,201.72,45858.0,
2026-05-14,GANESHCP,203.0,206.06,195.61,196.44,38549.0,
2026-05-15,GANESHCP,197.7,199.74,195.1,195.77,15840.0,
2026-05-18,GANESHCP,195.0,195.0,186.56,189.73,57751.0,
2026-05-19,GANESHCP,192.33,194.69,190.0,190.82,20656.0,
2026-05-20,GANESHCP,192.49,192.89,189.0,192.39,20600.0,
2026-05-21,GANESHCP,191.72,212.0,191.72,205.91,149516.0,
2026-05-22,GANESHCP,205.0,212.0,204.36,209.33,118499.0,
2026-05-25,GANESHCP,209.21,217.0,201.66,203.23,171681.0,
2026-05-26,GANESHCP,203.0,205.36,197.0,199.06,61550.0,
2026-05-27,GANESHCP,200.4,200.63,193.8,196.53,77186.0,
2026-05-29,GANESHCP,196.4,204.76,193.5,196.56,104434.0,
2026-06-01,GANESHCP,198.1,209.9,197.8,203.83,228918.0,
2026-06-02,GANESHCP,200.77,223.33,198.91,216.77,255690.0,
2026-06-03,GANESHCP,216.77,222.7,208.55,211.36,137807.0,
2026-06-04,GANESHCP,208.62,215.0,206.36,208.92,72172.0,
2026-06-05,GANESHCP,208.09,211.17,206.71,208.92,63895.0,
2026-06-08,GANESHCP,209.4,210.28,203.0,204.18,33699.0,
2026-06-09,GANESHCP,204.2,209.8,202.44,204.57,68142.0,
2026-06-10,GANESHCP,206.47,210.2,200.2,200.85,64767.0,
2026-06-11,GANESHCP,201.99,204.09,197.54,198.18,42953.0,
2026-06-12,GANESHCP,200.29,204.75,198.02,198.7,81923.0,
2026-06-15,GANESHCP,203.8,207.19,202.0,202.72,33394.0,
2026-06-16,GANESHCP,205.71,205.71,202.0,204.1,56827.0,
2026-06-17,GANESHCP,205.62,205.62,203.03,203.98,25061.0,
2026-06-18,GANESHCP,204.7,205.32,195.25,198.16,87294.0,
2026-06-19,GANESHCP,197.85,201.18,194.51,198.04,138689.0,
2026-06-22,GANESHCP,198.04,204.65,198.0,201.14,80106.0,
2026-06-23,GANESHCP,200.1,210.41,196.0,197.13,205867.0,
2026-06-24,GANESHCP,197.63,203.01,197.0,199.96,90580.0,
2026-06-25,GANESHCP,200.05,201.89,192.32,193.67,114609.0,
2026-06-29,GANESHCP,193.0,195.45,191.31,193.55,52434.0,
2026-06-30,GANESHCP,193.5,195.32,191.08,191.9,99831.0,
2026-07-01,GANESHCP,192.15,198.5,192.15,197.91,37502.0,
2026-07-02,GANESHCP,198.8,199.58,196.2,197.72,32666.0,
2026-07-03,GANESHCP,199.19,199.9,196.33,197.47,48576.0,
2026-07-06,GANESHCP,198.45,200.9,194.1,195.66,101642.0,
2026-07-07,GANESHCP,196.0,197.0,194.0,195.57,40239.0,
2026-07-08,GANESHCP,196.4,196.4,189.1,190.91,75738.0,
2026-07-09,GANESHCP,191.01,193.45,188.21,190.02,78460.0,
2026-07-10,GANESHCP,189.61,192.12,188.62,189.85,35534.0,
2026-07-13,GANESHCP,189.6,189.6,187.55,189.23,16053.0,
2026-07-14,GANESHCP,189.1,189.1,182.45,184.41,72243.0,
2026-07-15,GANESHCP,183.2,188.53,180.0,182.39,52597.0,
2026-07-16,GANESHCP,183.69,184.0,181.05,182.15,35288.0,
2026-07-17,GANESHCP,183.19,183.19,176.26,177.86,70757.0,
2026-07-20,GANESHCP,179.0,179.01,163.0,172.89,521988.0,
2026-07-21,GANESHCP,172.89,179.35,172.77,178.47,61730.0,
2026-07-22,GANESHCP,176.89,177.12,173.81,175.13,34175.0,
2026-07-23,GANESHCP,175.13,176.98,169.44,170.57,35921.0,
2026-07-24,GANESHCP,171.83,175.19,169.31,171.84,77531.0,
2026-07-27,GANESHCP,173.7,174.58,168.1,169.9,32572.0,
2026-07-28,GANESHCP,169.3,171.9,168.06,168.96,42835.0,
2026-07-29,GANESHCP,169.2,173.69,166.56,167.19,120251.0,
2026-07-30,GANESHCP,168.0,168.99,162.91,164.08,120390.0,
2026-07-31,GANESHCP,164.08,183.31,164.08,178.28,1612846.0,
2026-08-03,GANESHCP,180.98,184.7,175.27,177.8,193376.0,
2026-08-04,GANESHCP,177.82,180.0,174.0,175.62,64425.0,
2026-08-05,GANESHCP,178.69,178.69,171.01,172.09,120476.0,
2026-08-06,GANESHCP,172.09,173.37,163.1,164.94,205454.0,
2026-08-07,GANESHCP,164.9,166.61,161.05,161.8,222144.0,
2026-08-10,GANESHCP,161.0,164.17,160.0,161.58,203788.0,
2026-08-11,GANESHCP,161.5,163.99,160.39,161.7,68827.0,
2026-08-12,GANESHCP,162.85,164.85,160.5,162.26,51839.0,
2026-08-13,GANESHCP,163.6,170.0,160.0,162.43,250672.0,
2026-08-14,GANESHCP,160.94,166.1,159.1,160.54,239392.0,
2026-08-17,GANESHCP,161.4,165.89,161.39,163.96,262720.0,
2026-08-18,GANESHCP,164.9,167.38,162.5,165.38,198021.0,
2026-08-19,GANESHCP,165.99,165.99,163.17,164.02,67750.0,
2026-08-20,GANESHCP,165.99,165.99,161.95,162.35,92665.0,
2026-08-21,GANESHCP,162.15,164.5,160.69,161.24,153099.0,
2026-08-24,GANESHCP,161.24,163.88,160.75,161.73,68311.0,
2026-08-25,GANESHCP,162.83,168.2,161.05,166.23,187614.0,
2026-08-26,GANESHCP,167.0,171.2,163.25,166.07,121189.0,
2026-08-27,GANESHCP,167.39,167.75,162.25,163.49,74014.0,
2026-08-28,GANESHCP,165.49,180.0,165.09,174.15,542827.0,
2026-08-31,GANESHCP,175.01,180.0,170.0,171.15,126452.0,
2026-09-01,GANESHCP,172.64,174.8,166.75,168.2,116515.0,
2026-09-02,GANESHCP,167.0,170.0,166.5,167.47,67303.0,
2026-09-03,GANESHCP,170.01,174.9,167.09,168.82,151836.0,
2026-09-04,GANESHCP,169.79,176.98,168.47,174.46,117370.0,
2026-09-07,GANESHCP,177.0,178.75,168.25,169.59,155960.0,
2026-09-08,GANESHCP,170.95,172.04,167.5,169.71,620162.0,
2026-09-09,GANESHCP,170.0,174.0,166.47,167.58,362392.0,
2026-09-10,GANESHCP,168.67,170.0,165.5,166.98,317609.0,
2026-09-11,GANESHCP,166.98,169.49,165.25,167.36,278416.0,
2025-08-29,GOKUL,40.85,40.85,40.0,40.32,31102.0,
2025-09-01,GOKUL,40.7,40.7,40.09,40.54,21067.0,
2025-09-02,GOKUL,40.11,41.09,40.11,40.4,55856.0,
2025-09-03,GOKUL,40.4,40.94,39.74,40.07,72480.0,
2025-09-04,GOKUL,40.16,40.53,39.2,39.56,83492.0,
2025-09-05,GOKUL,39.6,40.19,39.02,39.6,44165.0,
2025-09-08,GOKUL,40.7,40.7,39.82,40.11,14957.0,
2025-09-09,GOKUL,40.2,40.33,39.2,39.62,35875.0,
2025-09-10,GOKUL,39.93,40.4,39.52,39.96,24242.0,
2025-09-11,GOKUL,40.0,40.39,39.82,40.14,20997.0,
2025-09-12,GOKUL,40.49,40.5,39.56,39.83,18609.0,
2025-09-15,GOKUL,39.16,40.4,39.16,40.3,33796.0,
2025-09-16,GOKUL,40.7,44.0,40.51,43.5,241193.0,
2025-09-17,GOKUL,43.93,45.5,43.12,44.89,99807.0,
2025-09-18,GOKUL,45.49,45.49,43.0,43.49,43689.0,
2025-09-19,GOKUL,43.49,45.89,43.0,44.52,88341.0,
2025-09-22,GOKUL,45.8,45.8,43.6,44.44,36687.0,
2025-09-23,GOKUL,44.44,44.94,43.1,43.72,24615.0,
2025-09-24,GOKUL,43.41,43.71,43.05,43.36,11827.0,
2025-09-25,GOKUL,43.03,44.71,42.01,42.81,25158.0,
2025-09-26,GOKUL,42.05,44.09,40.55,41.13,63057.0,
2025-09-29,GOKUL,42.9,42.9,41.2,41.94,25614.0,
2025-09-30,GOKUL,42.5,42.5,41.1,42.04,12500.0,
2025-10-01,GOKUL,42.04,42.9,41.75,42.82,14184.0,
2025-10-03,GOKUL,44.0,44.0,42.41,43.27,23388.0,
2025-10-06,GOKUL,43.27,43.9,42.6,43.54,27587.0,
2025-10-07,GOKUL,43.54,43.82,42.5,42.89,21568.0,
2025-10-08,GOKUL,42.3,43.19,42.0,42.12,32118.0,
2025-10-09,GOKUL,42.98,43.2,41.83,42.83,17857.0,
2025-10-10,GOKUL,42.51,43.0,42.11,42.48,16762.0,
2025-10-13,GOKUL,42.48,43.98,41.05,41.42,27596.0,
2025-10-14,GOKUL,42.25,42.3,40.45,40.83,26720.0,
2025-10-15,GOKUL,40.15,41.62,40.15,40.98,19134.0,
2025-10-16,GOKUL,41.25,41.44,40.88,41.22,15458.0,
2025-10-17,GOKUL,40.88,41.38,40.05,40.46,21347.0,
2025-10-20,GOKUL,41.44,41.44,40.06,40.58,13094.0,
2025-10-21,GOKUL,41.0,41.39,40.0,40.44,5363.0,
2025-10-23,GOKUL,41.0,41.2,40.45,40.96,17550.0,
2025-10-24,GOKUL,41.39,41.39,40.8,41.01,6166.0,
2025-10-27,GOKUL,40.62,41.77,40.09,40.18,32406.0,
2025-10-28,GOKUL,40.38,40.79,40.01,40.16,13752.0,
2025-10-29,GOKUL,40.06,40.75,40.06,40.4,10369.0,
2025-10-30,GOKUL,40.75,40.75,40.15,40.54,10025.0,
2025-10-31,GOKUL,40.1,41.24,40.0,40.52,10012.0,
2025-11-03,GOKUL,41.32,41.79,40.1,41.01,30007.0,
2025-11-04,GOKUL,40.9,41.29,40.41,41.17,6949.0,
2025-11-06,GOKUL,40.4,41.2,40.0,40.33,15388.0,
2025-11-07,GOKUL,40.5,41.2,39.56,40.54,14781.0,
2025-11-10,GOKUL,39.8,41.5,39.8,40.52,33033.0,
2025-11-11,GOKUL,41.14,41.14,39.0,40.23,62089.0,
2025-11-12,GOKUL,40.35,40.87,40.19,40.4,6732.0,
2025-11-13,GOKUL,40.79,40.79,39.2,40.2,41502.0,
2025-11-14,GOKUL,40.19,40.82,39.5,39.89,15718.0,
2025-11-17,GOKUL,39.8,40.39,39.15,39.68,25494.0,
2025-11-18,GOKUL,39.31,39.93,37.7,38.19,68266.0,
2025-11-19,GOKUL,38.65,38.65,37.8,38.1,25520.0,
2025-11-20,GOKUL,38.5,38.85,36.21,36.95,45840.0,
2025-11-21,GOKUL,37.79,39.1,36.21,38.56,72720.0,
2025-11-24,GOKUL,38.99,40.1,38.5,39.89,102116.0,
2025-11-25,GOKUL,39.11,40.59,39.11,40.16,29460.0,
2025-11-26,GOKUL,40.0,40.45,39.0,40.14,28217.0,
2025-11-27,GOKUL,40.0,40.39,39.9,40.24,16342.0,
2025-11-28,GOKUL,40.5,40.58,39.9,40.23,10766.0,
2025-12-01,GOKUL,40.29,40.35,39.6,40.07,15977.0,
2025-12-02,GOKUL,39.6,40.07,39.5,39.89,11715.0,
2025-12-03,GOKUL,39.98,40.1,39.7,39.87,9251.0,
2025-12-04,GOKUL,39.98,40.0,39.6,39.83,14432.0,
2025-12-05,GOKUL,39.99,40.0,38.95,39.07,23078.0,
2025-12-08,GOKUL,38.52,40.01,38.5,38.71,26193.0,
2025-12-09,GOKUL,38.71,40.2,38.7,39.95,19720.0,
2025-12-10,GOKUL,40.15,40.65,39.27,40.03,9723.0,
2025-12-11,GOKUL,40.5,40.5,39.06,40.21,28845.0,
2025-12-12,GOKUL,40.55,41.5,39.9,40.8,44335.0,
2025-12-15,GOKUL,40.6,41.47,40.13,40.41,9629.0,
2025-12-16,GOKUL,40.61,40.67,39.4,39.82,12357.0,
2025-12-17,GOKUL,40.48,40.48,39.3,39.9,24018.0,
2025-12-18,GOKUL,40.8,40.8,39.1,39.62,14132.0,
2025-12-19,GOKUL,39.21,40.37,39.21,39.79,16434.0,
2025-12-22,GOKUL,39.55,39.8,38.7,39.03,29108.0,
2025-12-23,GOKUL,39.03,39.75,37.33,38.33,61346.0,
2025-12-24,GOKUL,39.32,39.32,37.8,38.25,25954.0,
2025-12-26,GOKUL,38.9,38.9,38.2,38.46,18672.0,
2025-12-29,GOKUL,38.46,38.85,37.6,38.25,24946.0,
2025-12-30,GOKUL,38.25,38.64,37.83,38.41,18974.0,
2025-12-31,GOKUL,38.05,38.41,37.4,38.25,24168.0,
2026-01-01,GOKUL,38.45,38.9,37.58,37.98,17371.0,
2026-01-02,GOKUL,38.01,39.95,37.7,39.38,20760.0,
2026-01-05,GOKUL,39.0,40.1,38.41,38.87,12562.0,
2026-01-06,GOKUL,38.52,39.98,37.71,39.24,56626.0,
2026-01-07,GOKUL,39.43,39.98,38.52,39.24,16513.0,
2026-01-08,GOKUL,39.01,39.23,38.1,38.91,9839.0,
2026-01-09,GOKUL,38.91,39.35,37.6,38.59,23166.0,
2026-01-12,GOKUL,38.4,40.0,37.0,37.44,166114.0,
2026-01-13,GOKUL,38.0,38.85,37.44,38.3,12728.0,
2026-01-14,GOKUL,38.87,38.87,37.21,38.07,29803.0,
2026-01-16,GOKUL,38.27,39.09,37.88,38.78,14447.0,
2026-01-19,GOKUL,38.78,39.01,37.72,38.38,25152.0,
2026-01-20,GOKUL,38.18,38.38,37.71,37.98,9109.0,
2026-01-21,GOKUL,37.98,37.98,36.0,36.71,23498.0,
2026-01-22,GOKUL,36.9,38.25,36.9,37.23,13871.0,
2026-01-23,GOKUL,37.99,38.0,36.41,36.63,28336.0,
2026-01-27,GOKUL,36.63,37.89,35.9,36.41,13871.0,
2026-01-28,GOKUL,37.01,37.55,36.01,36.57,8171.0,
2026-01-29,GOKUL,37.0,37.1,36.03,36.76,11106.0,
2026-01-30,GOKUL,36.11,36.89,36.04,36.15,10491.0,
2026-02-02,GOKUL,36.95,36.95,35.63,35.77,3717.0,
2026-02-03,GOKUL,37.45,37.5,35.15,35.53,38669.0,
2026-02-04,GOKUL,35.51,36.4,35.09,35.66,18042.0,
2026-02-05,GOKUL,36.5,36.5,34.96,35.03,24003.0,
2026-02-06,GOKUL,35.04,35.59,34.87,34.95,10158.0,
2026-02-09,GOKUL,35.69,35.69,34.1,34.87,17779.0,
2026-02-10,GOKUL,34.87,35.95,33.75,34.36,50426.0,
2026-02-11,GOKUL,34.87,34.87,32.15,32.94,58766.0,
2026-02-12,GOKUL,32.5,32.51,31.32,32.04,36444.0,
2026-02-13,GOKUL,32.45,32.45,31.0,31.72,25233.0,
2026-02-16,GOKUL,32.5,34.44,32.5,33.86,44113.0,
2026-02-17,GOKUL,34.2,34.2,32.77,33.57,44285.0,
2026-02-18,GOKUL,33.73,40.28,33.73,40.28,1222234.0,
2026-02-19,GOKUL,43.0,43.44,39.8,40.52,459761.0,
2026-02-20,GOKUL,39.15,41.9,38.61,39.56,194812.0,
2026-02-23,GOKUL,41.0,41.0,39.41,40.27,74155.0,
2026-02-24,GOKUL,39.9,40.8,38.9,40.39,97410.0,
2026-02-25,GOKUL,41.0,42.9,40.29,41.61,58932.0,
2026-02-26,GOKUL,42.9,42.9,40.82,41.4,52478.0,
2026-02-27,GOKUL,40.86,41.89,39.6,40.34,46382.0,
2026-03-02,GOKUL,38.5,39.26,36.3,36.58,46119.0,
2026-03-04,GOKUL,36.55,39.3,36.55,38.64,74091.0,
2026-03-05,GOKUL,39.4,40.87,39.06,39.91,47905.0,
2026-03-06,GOKUL,40.85,40.85,39.13,39.99,27816.0,
2026-03-09,GOKUL,37.55,40.8,37.55,40.02,71341.0,
2026-03-10,GOKUL,40.01,40.74,40.0,40.44,73253.0,
2026-03-11,GOKUL,40.57,42.8,40.2,41.78,66799.0,
2026-03-12,GOKUL,41.92,41.92,41.03,41.22,26450.0,
2026-03-13,GOKUL,42.0,43.88,39.3,40.7,94799.0,
2026-03-16,GOKUL,42.0,42.0,38.41,40.12,89672.0,
2026-03-17,GOKUL,40.35,41.4,40.05,40.57,30752.0,
2026-03-18,GOKUL,41.5,43.8,41.38,42.86,304102.0,
2026-03-19,GOKUL,42.7,42.7,40.9,41.11,111673.0,
2026-03-20,GOKUL,41.24,44.39,41.24,42.92,128442.0,
2026-03-23,GOKUL,42.05,42.19,39.24,39.53,83281.0,
2026-03-24,GOKUL,39.53,41.05,39.5,39.62,40037.0,
2026-03-25,GOKUL,40.41,40.6,39.12,39.44,14818.0,
2026-03-27,GOKUL,38.5,40.0,38.07,38.12,29047.0,
2026-03-30,GOKUL,37.73,37.73,34.1,34.66,76242.0,
2026-04-01,GOKUL,35.11,37.9,35.11,37.79,39052.0,
2026-04-02,GOKUL,36.95,39.49,35.8,38.2,30292.0,
2026-04-06,GOKUL,38.01,39.5,38.01,39.39,13360.0,
2026-04-07,GOKUL,39.99,39.99,38.4,39.19,14172.0,
2026-04-08,GOKUL,39.5,40.5,39.2,39.91,33058.0,
2026-04-09,GOKUL,39.91,40.1,39.01,39.06,11113.0,
2026-04-10,GOKUL,40.3,40.3,38.5,39.9,31722.0,
2026-04-13,GOKUL,40.3,40.3,38.2,38.84,14098.0,
2026-04-15,GOKUL,39.0,40.3,39.0,39.4,10271.0,
2026-04-16,GOKUL,39.58,40.24,39.0,39.44,9037.0,
2026-04-17,GOKUL,40.24,40.24,38.72,39.96,22941.0,
2026-04-20,GOKUL,40.48,42.4,39.15,41.25,76959.0,
2026-04-21,GOKUL,41.95,41.95,40.4,40.56,18174.0,
2026-04-22,GOKUL,40.23,41.75,40.23,40.86,43747.0,
2026-04-23,GOKUL,41.7,41.7,40.01,40.52,13701.0,
2026-04-24,GOKUL,41.45,41.45,39.03,39.41,14646.0,
2026-04-27,GOKUL,39.53,41.4,39.53,40.41,9438.0,
2026-04-28,GOKUL,39.11,41.44,39.11,40.74,12517.0,
2026-04-29,GOKUL,40.74,41.29,39.32,39.89,19492.0,
2026-04-30,GOKUL,39.89,40.7,39.05,39.65,13229.0,
2026-05-04,GOKUL,39.25,40.79,39.25,39.73,6374.0,
2026-05-05,GOKUL,39.32,40.86,39.32,40.28,33969.0,
2026-05-06,GOKUL,40.9,41.0,39.6,40.18,24003.0,
2026-05-07,GOKUL,40.78,40.78,38.7,39.64,36566.0,
2026-05-08,GOKUL,39.64,40.5,39.02,39.64,43629.0,
2026-05-11,GOKUL,39.64,40.6,38.8,40.23,132176.0,
2026-05-12,GOKUL,40.23,40.87,38.6,39.3,119511.0,
2026-05-13,GOKUL,38.81,40.79,38.81,40.19,156931.0,
2026-05-14,GOKUL,40.15,45.4,40.1,42.35,373369.0,
2026-05-15,GOKUL,43.9,45.0,42.56,42.92,174127.0,
2026-05-18,GOKUL,43.0,43.0,40.54,41.02,137721.0,
2026-05-19,GOKUL,41.88,42.05,40.52,41.6,135606.0,
2026-05-20,GOKUL,40.82,41.78,40.8,41.11,141817.0,
2026-05-21,GOKUL,41.11,41.87,39.5,39.82,217618.0,
2026-05-22,GOKUL,40.79,40.79,40.01,40.3,134349.0,
2026-05-25,GOKUL,40.54,41.5,40.5,41.3,167175.0,
2026-05-26,GOKUL,41.85,41.85,40.55,41.08,140560.0,
2026-05-27,GOKUL,41.32,44.99,40.8,43.84,275981.0,
2026-05-29,GOKUL,43.85,44.93,40.5,41.07,203541.0,
2026-06-01,GOKUL,41.29,42.8,40.55,42.0,145931.0,
2026-06-02,GOKUL,40.6,41.98,40.6,41.25,144278.0,
2026-06-03,GOKUL,41.45,42.5,40.2,40.47,163783.0,
2026-06-04,GOKUL,40.4,41.4,40.0,40.43,134821.0,
2026-06-05,GOKUL,41.85,41.85,40.01,40.29,124357.0,
2026-06-08,GOKUL,40.0,40.99,39.55,40.34,129499.0,
2026-06-09,GOKUL,40.95,41.7,40.21,40.68,150619.0,
2026-06-10,GOKUL,40.92,41.25,40.58,40.94,121538.0,
2026-06-11,GOKUL,41.47,41.92,39.51,39.99,180578.0,
2026-06-12,GOKUL,40.95,43.99,40.2,40.66,247910.0,
2026-06-15,GOKUL,42.2,42.2,40.7,40.97,145110.0,
2026-06-16,GOKUL,40.85,41.9,40.64,40.71,660590.0,
2026-06-17,GOKUL,41.5,43.5,41.31,42.5,244863.0,
2026-06-18,GOKUL,42.11,43.0,41.2,41.34,145636.0,
2026-06-19,GOKUL,41.45,42.4,41.21,41.67,162134.0,
2026-06-22,GOKUL,41.06,45.5,41.06,43.67,339398.0,
2026-06-23,GOKUL,44.24,44.24,42.1,42.29,172983.0,
2026-06-24,GOKUL,42.29,44.2,42.0,43.01,230793.0,
2026-06-25,GOKUL,43.0,43.17,41.5,41.6,194461.0,
2026-06-29,GOKUL,41.6,43.9,41.26,41.94,211983.0,
2026-06-30,GOKUL,41.3,42.96,41.2,41.25,177237.0,
2026-07-01,GOKUL,42.08,42.37,41.22,41.6,149891.0,
2026-07-02,GOKUL,41.78,42.18,41.63,41.67,136390.0,
2026-07-03,GOKUL,42.5,43.0,41.1,41.52,166608.0,
2026-07-06,GOKUL,42.0,42.55,41.46,41.64,128257.0,
2026-07-07,GOKUL,42.4,42.49,40.82,41.33,154839.0,
2026-07-08,GOKUL,41.1,41.65,40.05,40.12,157874.0,
2026-07-09,GOKUL,40.13,41.0,39.75,40.42,166713.0,
2026-07-10,GOKUL,40.98,43.0,40.32,41.72,190828.0,
2026-07-13,GOKUL,42.25,42.8,41.25,41.53,149655.0,
2026-07-14,GOKUL,41.86,42.24,41.0,41.04,140438.0,
2026-07-15,GOKUL,41.0,41.79,40.2,40.75,138450.0,
2026-07-16,GOKUL,40.75,41.47,40.11,40.24,157574.0,
2026-07-17,GOKUL,40.25,40.86,39.7,40.04,151277.0,
2026-07-20,GOKUL,40.04,40.5,39.67,40.15,145172.0,
2026-07-21,GOKUL,40.15,40.49,39.4,39.44,168632.0,
2026-07-22,GOKUL,39.52,40.0,38.74,38.93,153057.0,
2026-07-23,GOKUL,38.89,40.3,38.63,39.8,175400.0,
2026-07-24,GOKUL,39.01,39.98,39.01,39.28,131415.0,
2026-07-27,GOKUL,39.2,40.49,39.2,39.61,131018.0,
2026-07-28,GOKUL,40.17,40.35,38.46,38.87,155786.0,
2026-07-29,GOKUL,39.47,39.47,38.53,39.21,132901.0,
2026-07-30,GOKUL,39.02,39.49,38.86,39.18,122580.0,
2026-07-31,GOKUL,39.0,39.48,38.71,39.05,136006.0,
2026-08-03,GOKUL,39.05,39.99,38.9,39.43,148731.0,
2026-08-04,GOKUL,39.02,39.89,39.0,39.26,145431.0,
2026-08-05,GOKUL,40.0,40.0,39.12,39.46,129009.0,
2026-08-06,GOKUL,39.79,40.7,39.41,40.04,141015.0,
2026-08-07,GOKUL,40.46,40.59,39.52,39.68,141552.0,
2026-08-10,GOKUL,40.3,40.3,39.22,39.44,141483.0,
2026-08-11,GOKUL,39.22,40.5,39.22,40.1,147421.0,
2026-08-12,GOKUL,40.7,40.7,39.25,39.53,150973.0,
2026-08-13,GOKUL,39.94,40.53,39.25,39.34,155827.0,
2026-08-14,GOKUL,40.2,40.2,38.61,38.87,176871.0,
2026-08-17,GOKUL,38.87,39.25,38.15,38.68,152356.0,
2026-08-18,GOKUL,38.5,39.4,38.4,39.01,133664.0,
2026-08-19,GOKUL,38.93,40.8,38.71,40.12,221741.0,
2026-08-20,GOKUL,39.82,40.98,39.82,40.43,156742.0,
2026-08-21,GOKUL,40.96,43.1,40.5,42.55,377934.0,
2026-08-24,GOKUL,42.55,46.8,42.55,44.36,557589.0,
2026-08-25,GOKUL,44.87,46.0,43.56,44.98,289698.0,
2026-08-26,GOKUL,44.98,46.5,43.6,44.14,167894.0,
2026-08-27,GOKUL,45.7,45.7,42.82,43.09,254616.0,
2026-08-28,GOKUL,43.09,44.26,42.05,42.46,162046.0,
2026-08-31,GOKUL,42.46,42.88,41.12,41.65,162789.0,
2026-09-01,GOKUL,41.2,42.26,40.38,41.53,256692.0,
2026-09-02,GOKUL,40.7,41.77,40.5,41.37,219183.0,
2026-09-03,GOKUL,41.68,42.89,41.3,41.95,223577.0,
2026-09-04,GOKUL,41.6,43.9,41.44,42.96,221325.0,
2026-09-07,GOKUL,42.97,43.95,42.37,42.85,182713.0,
2026-09-08,GOKUL,43.8,44.4,42.02,42.54,154949.0,
2026-09-09,GOKUL,42.54,43.27,42.12,42.78,171792.0,
2026-09-10,GOKUL,43.8,43.8,41.6,42.61,242171.0,
2026-09-11,GOKUL,43.67,43.67,41.27,42.03,233417.0,
2025-08-29,GRMOVER,366.0,370.8,363.4,366.15,753701.0,
2025-09-01,GRMOVER,366.0,378.45,366.0,369.05,351498.0,
2025-09-02,GRMOVER,370.0,373.2,365.35,370.15,238221.0,
2025-09-03,GRMOVER,370.0,371.8,355.5,358.55,607709.0,
2025-09-04,GRMOVER,359.0,363.9,354.05,359.85,771327.0,
2025-09-05,GRMOVER,356.1,364.95,356.1,361.4,142064.0,
2025-09-08,GRMOVER,362.0,369.3,360.15,361.15,399348.0,
2025-09-09,GRMOVER,362.0,367.65,360.5,363.45,594116.0,
2025-09-10,GRMOVER,363.0,365.4,357.0,360.4,324881.0,
2025-09-11,GRMOVER,362.0,367.95,359.1,362.85,348398.0,
2025-09-12,GRMOVER,364.0,365.95,358.0,360.15,260083.0,
2025-09-15,GRMOVER,359.95,361.15,338.15,345.7,524269.0,
2025-09-16,GRMOVER,344.4,354.0,342.25,350.0,314870.0,
2025-09-17,GRMOVER,350.9,355.0,350.05,353.3,181150.0,
2025-09-18,GRMOVER,355.0,357.05,347.4,354.2,336376.0,
2025-09-19,GRMOVER,352.0,357.5,351.4,353.75,161626.0,
2025-09-22,GRMOVER,357.95,357.95,351.5,354.45,185570.0,
2025-09-23,GRMOVER,354.45,359.2,353.5,355.65,254963.0,
2025-09-24,GRMOVER,356.05,367.0,356.05,359.85,834955.0,
2025-09-25,GRMOVER,362.75,377.7,362.75,371.35,1244136.0,
2025-09-26,GRMOVER,378.0,378.0,358.1,361.1,1200456.0,
2025-09-29,GRMOVER,365.8,365.8,353.5,357.7,616855.0,
2025-09-30,GRMOVER,356.8,360.0,354.7,358.85,561511.0,
2025-10-01,GRMOVER,358.8,364.15,357.45,362.45,342514.0,
2025-10-03,GRMOVER,360.15,371.2,360.15,370.4,577598.0,
2025-10-06,GRMOVER,371.95,388.0,370.05,384.6,885742.0,
2025-10-07,GRMOVER,388.0,392.0,382.4,389.75,871693.0,
2025-10-08,GRMOVER,392.0,407.15,388.15,403.85,1891104.0,
2025-10-09,GRMOVER,407.0,407.25,398.9,401.6,1060431.0,
2025-10-10,GRMOVER,404.65,404.65,387.6,392.75,680930.0,
2025-10-13,GRMOVER,392.0,400.8,390.4,395.4,556535.0,
2025-10-14,GRMOVER,395.4,403.6,393.35,398.1,828270.0,
2025-10-15,GRMOVER,398.95,402.4,391.75,399.2,744016.0,
2025-10-16,GRMOVER,400.0,407.0,378.1,390.9,1481681.0,
2025-10-17,GRMOVER,389.0,401.0,388.7,398.6,1072122.0,
2025-10-20,GRMOVER,405.0,414.8,399.5,413.45,785216.0,
2025-10-21,GRMOVER,413.8,420.55,412.5,416.1,339127.0,
2025-10-23,GRMOVER,414.0,425.8,406.0,410.8,796498.0,
2025-10-24,GRMOVER,411.0,419.0,405.0,413.4,999456.0,
2025-10-27,GRMOVER,414.0,415.4,408.9,410.9,307689.0,
2025-10-28,GRMOVER,408.25,423.0,408.25,415.55,409584.0,
2025-10-29,GRMOVER,416.0,421.15,410.75,414.1,708543.0,
2025-10-30,GRMOVER,412.5,429.0,412.5,426.95,762415.0,
2025-10-31,GRMOVER,430.0,433.6,423.0,430.25,938395.0,
2025-11-03,GRMOVER,430.0,433.6,423.3,425.2,497889.0,
2025-11-04,GRMOVER,427.9,432.95,419.2,424.85,1128797.0,
2025-11-06,GRMOVER,425.95,444.7,424.0,443.0,1638296.0,
2025-11-07,GRMOVER,443.0,450.35,428.55,446.2,1394312.0,
2025-11-10,GRMOVER,442.0,442.0,424.2,429.85,566922.0,
2025-11-11,GRMOVER,433.75,447.0,430.0,445.15,814567.0,
2025-11-12,GRMOVER,449.9,449.9,435.6,441.1,417067.0,
2025-11-13,GRMOVER,444.95,455.5,439.5,450.3,882379.0,
2025-11-14,GRMOVER,455.0,488.9,445.9,480.75,3090831.0,
2025-11-17,GRMOVER,480.75,489.0,468.15,471.15,931916.0,
2025-11-18,GRMOVER,474.6,478.0,463.25,473.7,868667.0,
2025-11-19,GRMOVER,473.75,497.5,473.75,494.35,1430854.0,
2025-11-20,GRMOVER,496.8,503.0,484.55,487.05,952649.0,
2025-11-21,GRMOVER,486.9,498.4,483.0,487.2,835206.0,
2025-11-24,GRMOVER,489.8,492.6,462.05,466.0,1100156.0,
2025-11-25,GRMOVER,465.0,479.8,453.35,464.25,455355.0,
2025-11-26,GRMOVER,465.05,473.75,465.05,470.9,93855.0,
2025-11-27,GRMOVER,475.3,475.3,467.5,469.8,151732.0,
2025-11-28,GRMOVER,472.0,472.6,466.0,469.45,197904.0,
2025-12-01,GRMOVER,467.1,478.15,453.65,474.3,393257.0,
2025-12-02,GRMOVER,474.35,478.0,462.5,476.2,743513.0,
2025-12-03,GRMOVER,478.0,480.0,464.2,470.7,679038.0,
2025-12-04,GRMOVER,469.6,476.75,463.65,469.05,1127152.0,
2025-12-05,GRMOVER,466.0,474.45,461.0,470.25,984562.0,
2025-12-08,GRMOVER,470.25,472.05,457.8,464.8,798784.0,
2025-12-09,GRMOVER,459.0,466.45,439.0,464.95,731703.0,
2025-12-10,GRMOVER,469.0,470.7,455.8,460.35,540125.0,
2025-12-11,GRMOVER,460.35,461.0,448.2,451.55,511238.0,
2025-12-12,GRMOVER,447.5,457.0,445.3,450.9,553361.0,
2025-12-15,GRMOVER,450.6,464.8,450.6,454.9,754867.0,
2025-12-16,GRMOVER,456.9,456.95,448.0,454.05,759393.0,
2025-12-17,GRMOVER,454.0,471.95,451.25,470.25,920211.0,
2025-12-18,GRMOVER,473.2,473.2,466.0,470.5,543986.0,
2025-12-19,GRMOVER,470.0,475.0,467.95,470.2,216827.0,
2025-12-22,GRMOVER,474.95,487.75,465.5,484.0,726315.0,
2025-12-23,GRMOVER,485.0,517.7,481.85,505.55,1850003.0,
2025-12-24,GRMOVER,178.65,185.45,160.45,165.65,4367524.0,
2025-12-26,GRMOVER,166.5,169.0,162.05,167.55,2489744.0,
2025-12-29,GRMOVER,164.0,171.5,161.3,170.0,4207627.0,
2025-12-30,GRMOVER,166.9,169.1,162.1,164.4,3376554.0,
2025-12-31,GRMOVER,163.2,164.2,157.75,162.85,5295600.0,
2026-01-01,GRMOVER,162.0,162.69,160.0,161.46,977349.0,
2026-01-02,GRMOVER,161.4,167.58,161.2,163.92,3025279.0,
2026-01-05,GRMOVER,161.49,171.7,161.0,171.12,4265374.0,
2026-01-06,GRMOVER,171.0,175.5,168.25,170.42,3458829.0,
2026-01-07,GRMOVER,170.2,173.5,168.35,170.82,2307575.0,
2026-01-08,GRMOVER,169.1,171.34,166.23,169.76,2917450.0,
2026-01-09,GRMOVER,170.41,171.75,166.53,170.17,2728598.0,
2026-01-12,GRMOVER,171.56,171.56,165.18,168.2,2761267.0,
2026-01-13,GRMOVER,170.0,173.5,167.91,171.12,2699120.0,
2026-01-14,GRMOVER,171.99,173.2,168.98,171.05,1518491.0,
2026-01-16,GRMOVER,171.89,171.99,166.89,168.67,1333964.0,
2026-01-19,GRMOVER,169.0,169.0,159.3,161.05,1849386.0,
2026-01-20,GRMOVER,161.95,162.94,153.8,158.37,2233188.0,
2026-01-21,GRMOVER,158.0,158.71,151.0,155.33,1705412.0,
2026-01-22,GRMOVER,157.0,167.6,157.0,166.31,1196783.0,
2026-01-23,GRMOVER,166.0,167.97,158.15,162.16,1416139.0,
2026-01-27,GRMOVER,160.79,163.79,157.78,160.46,664225.0,
2026-01-28,GRMOVER,160.36,163.5,160.36,161.81,863892.0,
2026-01-29,GRMOVER,160.0,163.2,158.16,161.75,2137801.0,
2026-01-30,GRMOVER,161.75,166.0,160.25,165.01,2285695.0,
2026-02-02,GRMOVER,165.68,165.68,161.25,162.89,1374965.0,
2026-02-03,GRMOVER,170.0,170.0,161.25,164.74,1548564.0,
2026-02-04,GRMOVER,164.0,168.5,161.5,167.06,1308579.0,
2026-02-05,GRMOVER,170.0,170.0,159.25,162.91,1129077.0,
2026-02-06,GRMOVER,163.0,166.6,158.76,165.05,1387855.0,
2026-02-09,GRMOVER,168.03,168.31,161.0,162.78,1235319.0,
2026-02-10,GRMOVER,162.9,164.0,159.5,161.25,1658016.0,
2026-02-11,GRMOVER,161.82,165.0,161.1,162.55,1407155.0,
2026-02-12,GRMOVER,163.0,164.74,161.6,162.83,902762.0,
2026-02-13,GRMOVER,162.84,164.08,160.86,163.75,1219705.0,
2026-02-16,GRMOVER,164.0,165.35,162.5,163.35,1190128.0,
2026-02-17,GRMOVER,163.0,164.0,162.1,162.82,955040.0,
2026-02-18,GRMOVER,162.5,164.1,160.8,161.61,1714417.0,
2026-02-19,GRMOVER,163.18,163.18,159.08,160.82,1914853.0,
2026-02-20,GRMOVER,161.59,162.53,158.53,161.39,1315218.0,
2026-02-23,GRMOVER,161.39,164.8,158.1,158.87,1103604.0,
2026-02-24,GRMOVER,159.0,160.88,154.55,159.67,1741185.0,
2026-02-25,GRMOVER,161.0,166.25,159.8,164.38,1547883.0,
2026-02-26,GRMOVER,165.64,165.64,159.85,161.0,1388870.0,
2026-02-27,GRMOVER,161.0,162.8,159.6,160.67,1459912.0,
2026-03-02,GRMOVER,160.2,161.81,155.58,158.96,1199356.0,
2026-03-04,GRMOVER,159.5,162.9,152.22,158.31,1511786.0,
2026-03-05,GRMOVER,160.15,163.8,159.56,162.88,1097662.0,
2026-03-06,GRMOVER,160.0,161.7,152.79,158.58,2150137.0,
2026-03-09,GRMOVER,158.58,158.58,153.0,153.82,1448012.0,
2026-03-10,GRMOVER,157.0,157.0,151.51,156.38,1975251.0,
2026-03-11,GRMOVER,159.5,159.5,156.05,157.29,1936474.0,
2026-03-12,GRMOVER,157.67,158.0,153.92,157.31,2464131.0,
2026-03-13,GRMOVER,157.0,159.0,151.49,154.44,1377590.0,
2026-03-16,GRMOVER,154.0,159.0,152.1,153.19,1460690.0,
2026-03-17,GRMOVER,154.0,154.4,151.6,152.67,1661850.0,
2026-03-18,GRMOVER,153.89,154.7,151.65,152.9,1435476.0,
2026-03-19,GRMOVER,152.9,153.86,152.2,152.95,1447905.0,
2026-03-20,GRMOVER,154.0,157.0,153.05,154.27,1454272.0,
2026-03-23,GRMOVER,154.0,155.5,148.01,152.12,1327816.0,
2026-03-24,GRMOVER,153.6,153.61,137.75,149.61,1876308.0,
2026-03-25,GRMOVER,149.9,156.9,149.9,151.23,1624602.0,
2026-03-27,GRMOVER,151.79,155.0,150.7,152.86,1619514.0,
2026-03-30,GRMOVER,151.8,155.5,150.81,152.73,1524073.0,
2026-04-01,GRMOVER,154.0,159.64,153.1,155.1,1929012.0,
2026-04-02,GRMOVER,154.1,157.0,152.22,155.48,1755108.0,
2026-04-06,GRMOVER,155.0,162.0,153.1,161.19,2745140.0,
2026-04-07,GRMOVER,161.83,168.4,160.4,167.09,2771093.0,
2026-04-08,GRMOVER,170.1,170.61,166.92,167.71,1759548.0,
2026-04-09,GRMOVER,168.79,170.75,165.74,167.95,1768410.0,
2026-04-10,GRMOVER,170.32,170.5,166.8,168.64,1341731.0,
2026-04-13,GRMOVER,167.7,168.45,165.5,167.33,1513525.0,
2026-04-15,GRMOVER,168.99,170.34,162.61,165.61,2104222.0,
2026-04-16,GRMOVER,167.0,167.42,162.3,163.37,1572649.0,
2026-04-17,GRMOVER,164.0,164.59,159.51,161.69,1496801.0,
2026-04-20,GRMOVER,161.51,162.8,155.87,161.88,2367324.0,
2026-04-21,GRMOVER,163.47,166.41,161.91,163.28,2018018.0,
2026-04-22,GRMOVER,165.5,165.5,162.5,163.68,1625696.0,
2026-04-23,GRMOVER,163.68,165.88,163.0,163.65,2464296.0,
2026-04-24,GRMOVER,163.65,168.19,161.79,165.57,3040481.0,
2026-04-27,GRMOVER,165.57,168.09,163.1,164.15,956192.0,
2026-04-28,GRMOVER,164.0,167.28,162.3,164.43,476026.0,
2026-04-29,GRMOVER,165.25,166.71,163.9,165.41,330216.0,
2026-04-30,GRMOVER,166.0,168.0,164.15,165.97,479418.0,
2026-05-04,GRMOVER,168.46,180.78,165.62,166.75,4045964.0,
2026-05-05,GRMOVER,167.0,171.89,163.1,165.32,1442506.0,
2026-05-06,GRMOVER,167.66,167.7,163.4,165.9,883282.0,
2026-05-07,GRMOVER,165.9,166.0,158.6,164.54,5043738.0,
2026-05-08,GRMOVER,166.0,166.8,159.01,160.92,2469164.0,
2026-05-11,GRMOVER,163.0,163.95,154.56,157.28,1893732.0,
2026-05-12,GRMOVER,157.99,158.65,153.22,158.12,2588487.0,
2026-05-13,GRMOVER,159.0,161.99,157.01,160.54,1824172.0,
2026-05-14,GRMOVER,163.02,163.02,160.0,161.56,2188332.0,
2026-05-15,GRMOVER,162.0,172.0,159.8,170.75,3720729.0,
2026-05-18,GRMOVER,170.0,175.6,167.0,169.49,5521871.0,
2026-05-19,GRMOVER,171.35,171.73,166.91,168.46,2689119.0,
2026-05-20,GRMOVER,168.46,170.6,162.96,165.23,4104465.0,
2026-05-21,GRMOVER,167.92,167.92,163.4,164.13,1612295.0,
2026-05-22,GRMOVER,165.0,165.46,161.15,162.33,1708561.0,
2026-05-25,GRMOVER,163.45,166.79,154.25,157.32,7410781.0,
2026-05-26,GRMOVER,156.16,165.39,153.6,163.84,5144801.0,
2026-05-27,GRMOVER,164.83,166.64,155.7,158.32,5201615.0,
2026-05-29,GRMOVER,160.0,167.0,158.35,160.03,5335694.0,
2026-06-01,GRMOVER,163.0,164.32,153.1,154.38,3469883.0,
2026-06-02,GRMOVER,153.8,157.0,152.1,155.67,4874414.0,
2026-06-03,GRMOVER,155.43,155.66,150.66,153.62,2468653.0,
2026-06-04,GRMOVER,153.99,156.79,151.12,151.69,2458876.0,
2026-06-05,GRMOVER,152.95,156.7,151.2,152.18,3741966.0,
2026-06-08,GRMOVER,151.0,153.58,121.75,121.75,6126607.0,
2026-06-09,GRMOVER,123.45,129.8,97.4,98.33,26718017.0,
2026-06-10,GRMOVER,100.0,102.51,89.1,91.05,19311850.0,
2026-06-11,GRMOVER,89.55,91.15,81.95,87.6,13567700.0,
2026-06-12,GRMOVER,90.0,96.36,90.0,93.23,8182576.0,
2026-06-15,GRMOVER,96.49,98.59,86.18,88.23,4462862.0,
2026-06-16,GRMOVER,89.4,94.25,86.71,92.96,3407254.0,
2026-06-17,GRMOVER,94.4,95.01,92.06,92.81,1624324.0,
2026-06-18,GRMOVER,93.5,97.4,92.7,93.27,1607609.0,
2026-06-19,GRMOVER,92.8,96.5,92.67,93.31,2032539.0,
2026-06-22,GRMOVER,93.99,95.0,92.98,93.19,874028.0,
2026-06-23,GRMOVER,93.19,94.07,91.15,91.66,691365.0,
2026-06-24,GRMOVER,92.0,92.53,88.5,91.04,1466079.0,
2026-06-25,GRMOVER,91.78,93.0,89.11,92.24,732931.0,
2026-06-29,GRMOVER,92.25,93.5,89.5,90.11,825850.0,
2026-06-30,GRMOVER,90.7,91.43,89.57,90.71,741501.0,
2026-07-01,GRMOVER,90.71,93.16,90.0,91.17,673298.0,
2026-07-02,GRMOVER,91.78,94.95,91.06,94.13,1250805.0,
2026-07-03,GRMOVER,94.8,101.8,94.26,98.76,2295623.0,
2026-07-06,GRMOVER,99.89,102.21,98.51,99.63,896135.0,
2026-07-07,GRMOVER,100.11,102.2,97.5,99.94,1692435.0,
2026-07-08,GRMOVER,102.0,102.0,95.2,96.53,1274630.0,
2026-07-09,GRMOVER,96.0,99.5,95.59,97.98,1733406.0,
2026-07-10,GRMOVER,99.25,99.78,97.2,97.58,394274.0,
2026-07-13,GRMOVER,96.0,97.54,94.0,94.73,635297.0,
2026-07-14,GRMOVER,94.56,97.66,93.15,94.0,1283920.0,
2026-07-15,GRMOVER,94.2,94.36,91.15,92.28,1607335.0,
2026-07-16,GRMOVER,91.6,93.97,91.6,92.78,567264.0,
2026-07-17,GRMOVER,92.78,93.2,90.74,92.05,329481.0,
2026-07-20,GRMOVER,90.5,92.56,90.3,90.99,698066.0,
2026-07-21,GRMOVER,90.15,91.61,90.15,91.37,373942.0,
2026-07-22,GRMOVER,92.06,92.5,89.56,90.14,398703.0,
2026-07-23,GRMOVER,90.0,91.4,89.37,89.87,311815.0,
2026-07-24,GRMOVER,89.02,91.0,88.35,90.2,152553.0,
2026-07-27,GRMOVER,91.6,92.27,89.85,90.12,340972.0,
2026-07-28,GRMOVER,90.0,91.38,88.98,89.57,213013.0,
2026-07-29,GRMOVER,89.57,90.16,88.3,88.91,317798.0,
2026-07-30,GRMOVER,89.0,91.9,85.55,88.08,1280806.0,
2026-07-31,GRMOVER,89.37,91.8,87.92,89.73,677064.0,
2026-08-03,GRMOVER,89.73,96.49,89.1,94.88,2999165.0,
2026-08-04,GRMOVER,95.9,95.9,91.5,91.78,1053722.0,
2026-08-05,GRMOVER,91.79,93.48,90.01,90.89,1078820.0,
2026-08-06,GRMOVER,90.9,91.87,89.75,90.09,1342331.0,
2026-08-07,GRMOVER,90.79,91.2,89.1,90.33,1015546.0,
2026-08-10,GRMOVER,90.55,91.23,89.11,90.55,1052168.0,
2026-08-11,GRMOVER,91.0,95.1,90.31,94.19,2788567.0,
2026-08-12,GRMOVER,94.84,96.49,90.02,91.38,1610382.0,
2026-08-13,GRMOVER,92.85,94.08,89.21,90.05,2647927.0,
2026-08-14,GRMOVER,90.1,90.99,89.01,89.66,922657.0,
2026-08-17,GRMOVER,89.87,90.49,87.58,88.28,1138255.0,
2026-08-18,GRMOVER,88.87,90.3,87.21,87.51,1117753.0,
2026-08-19,GRMOVER,87.6,90.0,87.5,88.79,1088405.0,
2026-08-20,GRMOVER,88.25,89.1,86.0,86.53,1318507.0,
2026-08-21,GRMOVER,87.21,87.25,86.4,86.71,1004043.0,
2026-08-24,GRMOVER,87.14,92.29,87.14,90.24,2490263.0,
2026-08-25,GRMOVER,90.2,90.25,88.26,89.13,1130114.0,
2026-08-26,GRMOVER,89.15,89.94,87.9,88.84,1065581.0,
2026-08-27,GRMOVER,89.46,89.94,87.0,87.76,843143.0,
2026-08-28,GRMOVER,87.07,88.65,86.0,86.38,956059.0,
2026-08-31,GRMOVER,87.09,87.89,84.5,86.47,1150228.0,
2026-09-01,GRMOVER,86.51,87.06,85.05,85.29,1039802.0,
2026-09-02,GRMOVER,85.05,86.47,83.72,86.03,1220718.0,
2026-09-03,GRMOVER,86.1,87.56,85.35,85.81,822411.0,
2026-09-04,GRMOVER,85.82,88.15,85.46,87.53,1151167.0,
2026-09-07,GRMOVER,87.36,87.36,85.0,85.8,1118026.0,
2026-09-08,GRMOVER,85.15,88.91,85.01,88.17,1436766.0,
2026-09-09,GRMOVER,88.99,88.99,85.46,88.14,1430309.0,
2026-09-10,GRMOVER,88.0,88.99,86.37,87.48,1190958.0,
2026-09-11,GRMOVER,86.37,87.38,82.2,84.45,1178962.0,
2025-08-29,HCLTECH,1449.8,1462.6,1439.2,1454.8,3404604.0,
2025-09-01,HCLTECH,1446.0,1472.5,1446.0,1468.4,2105254.0,
2025-09-02,HCLTECH,1469.0,1477.4,1459.7,1465.7,1295198.0,
2025-09-03,HCLTECH,1475.0,1475.0,1452.6,1466.1,1800307.0,
2025-09-04,HCLTECH,1465.1,1465.9,1440.9,1443.3,2192155.0,
2025-09-05,HCLTECH,1448.0,1452.3,1402.8,1419.0,3895199.0,
2025-09-08,HCLTECH,1423.9,1428.6,1401.0,1403.0,2929976.0,
2025-09-09,HCLTECH,1410.2,1431.8,1409.1,1427.1,2906889.0,
2025-09-10,HCLTECH,1434.9,1471.9,1432.1,1463.9,3205017.0,
2025-09-11,HCLTECH,1463.9,1470.4,1458.3,1467.7,1982922.0,
2025-09-12,HCLTECH,1475.0,1480.0,1463.0,1467.2,2110883.0,
2025-09-15,HCLTECH,1467.2,1468.3,1452.0,1466.5,1725617.0,
2025-09-16,HCLTECH,1463.9,1485.2,1461.1,1483.1,1724524.0,
2025-09-17,HCLTECH,1490.8,1499.0,1475.3,1481.5,2656774.0,
2025-09-18,HCLTECH,1492.6,1502.9,1486.1,1493.8,2792406.0,
2025-09-19,HCLTECH,1493.8,1493.8,1464.0,1467.4,3197957.0,
2025-09-22,HCLTECH,1423.0,1449.2,1415.0,1439.9,4457129.0,
2025-09-23,HCLTECH,1444.2,1444.2,1420.4,1429.8,3106480.0,
2025-09-24,HCLTECH,1425.1,1444.7,1420.0,1442.3,2894044.0,
2025-09-25,HCLTECH,1440.2,1442.5,1416.0,1423.8,2713246.0,
2025-09-26,HCLTECH,1420.0,1426.5,1392.0,1395.3,2568054.0,
2025-09-29,HCLTECH,1397.1,1402.6,1383.0,1387.4,2990852.0,
2025-09-30,HCLTECH,1392.1,1405.0,1381.9,1385.1,2782077.0,
2025-10-01,HCLTECH,1386.1,1396.8,1382.0,1389.5,2253527.0,
2025-10-03,HCLTECH,1396.5,1399.8,1380.4,1393.5,2793839.0,
2025-10-06,HCLTECH,1393.5,1421.0,1390.8,1417.7,1970901.0,
2025-10-07,HCLTECH,1422.0,1441.9,1417.2,1433.4,1592836.0,
2025-10-08,HCLTECH,1433.2,1458.7,1427.2,1453.2,1735807.0,
2025-10-09,HCLTECH,1453.2,1491.1,1452.5,1486.5,2681316.0,
2025-10-10,HCLTECH,1491.0,1498.5,1473.9,1495.5,2129445.0,
2025-10-13,HCLTECH,1490.0,1502.2,1476.5,1494.7,1820492.0,
2025-10-14,HCLTECH,1515.4,1535.0,1490.2,1495.4,5802489.0,
2025-10-15,HCLTECH,1497.9,1509.4,1486.1,1495.7,1710696.0,
2025-10-16,HCLTECH,1499.9,1519.9,1498.0,1515.0,2021043.0,
2025-10-17,HCLTECH,1499.0,1501.3,1479.2,1486.2,3210161.0,
2025-10-20,HCLTECH,1489.9,1509.9,1489.1,1495.4,2354881.0,
2025-10-21,HCLTECH,1502.7,1503.0,1481.0,1486.0,274400.0,
2025-10-23,HCLTECH,1510.0,1547.5,1505.5,1523.9,5011470.0,
2025-10-24,HCLTECH,1525.0,1532.6,1516.4,1523.8,1491451.0,
2025-10-27,HCLTECH,1531.4,1549.5,1526.8,1533.5,1394846.0,
2025-10-28,HCLTECH,1535.0,1542.0,1512.0,1522.1,1936466.0,
2025-10-29,HCLTECH,1530.0,1559.0,1522.0,1557.3,2596355.0,
2025-10-30,HCLTECH,1557.7,1559.9,1538.1,1549.8,2183395.0,
2025-10-31,HCLTECH,1549.8,1558.2,1537.6,1541.5,1723467.0,
2025-11-03,HCLTECH,1540.1,1549.7,1528.2,1543.5,2252136.0,
2025-11-04,HCLTECH,1536.4,1541.9,1525.0,1529.1,1666863.0,
2025-11-06,HCLTECH,1529.1,1531.9,1514.3,1526.4,2474769.0,
2025-11-07,HCLTECH,1515.1,1518.8,1490.5,1512.4,2238714.0,
2025-11-10,HCLTECH,1518.0,1544.9,1511.4,1540.5,1558896.0,
2025-11-11,HCLTECH,1547.8,1572.5,1541.2,1570.0,2270763.0,
2025-11-12,HCLTECH,1575.0,1600.0,1573.5,1594.0,2331564.0,
2025-11-13,HCLTECH,1599.4,1605.0,1580.0,1598.5,1944022.0,
2025-11-14,HCLTECH,1590.0,1598.0,1574.1,1594.6,2543918.0,
2025-11-17,HCLTECH,1594.0,1607.7,1585.5,1606.4,2000978.0,
2025-11-18,HCLTECH,1604.0,1604.0,1590.1,1595.2,1640123.0,
2025-11-19,HCLTECH,1595.3,1669.5,1588.6,1662.6,6342672.0,
2025-11-20,HCLTECH,1662.6,1668.4,1642.6,1645.4,2724035.0,
2025-11-21,HCLTECH,1636.0,1643.5,1606.0,1608.0,2958835.0,
2025-11-24,HCLTECH,1614.3,1640.0,1602.9,1610.4,6392688.0,
2025-11-25,HCLTECH,1618.3,1618.9,1592.6,1601.1,2285950.0,
2025-11-26,HCLTECH,1601.1,1627.5,1601.1,1617.9,1243303.0,
2025-11-27,HCLTECH,1619.1,1633.2,1614.0,1629.0,2106176.0,
2025-11-28,HCLTECH,1629.0,1636.9,1619.0,1624.2,1841289.0,
2025-12-01,HCLTECH,1630.0,1646.5,1628.0,1642.9,2034350.0,
2025-12-02,HCLTECH,1651.0,1652.9,1624.0,1635.5,2326220.0,
2025-12-03,HCLTECH,1635.5,1654.6,1628.8,1640.5,2371611.0,
2025-12-04,HCLTECH,1650.0,1672.0,1645.1,1654.6,3935708.0,
2025-12-05,HCLTECH,1662.7,1691.0,1651.0,1683.0,3391204.0,
2025-12-08,HCLTECH,1683.0,1695.4,1676.9,1688.6,2702407.0,
2025-12-09,HCLTECH,1687.0,1687.0,1656.4,1657.6,2817704.0,
2025-12-10,HCLTECH,1663.3,1671.0,1657.0,1666.0,1482249.0,
2025-12-11,HCLTECH,1667.5,1677.4,1649.0,1672.4,1408684.0,
2025-12-12,HCLTECH,1677.4,1677.9,1660.0,1673.2,1284337.0,
2025-12-15,HCLTECH,1673.2,1688.0,1660.0,1684.0,1689723.0,
2025-12-16,HCLTECH,1681.0,1682.0,1645.4,1651.7,1929309.0,
2025-12-17,HCLTECH,1651.0,1664.5,1646.3,1655.0,1394918.0,
2025-12-18,HCLTECH,1657.0,1673.9,1651.2,1661.4,1822056.0,
2025-12-19,HCLTECH,1675.0,1681.0,1632.5,1642.4,3487150.0,
2025-12-22,HCLTECH,1651.9,1673.5,1644.0,1670.3,1339691.0,
2025-12-23,HCLTECH,1675.1,1686.9,1656.2,1679.9,1614314.0,
2025-12-24,HCLTECH,1676.0,1680.0,1665.1,1674.7,989858.0,
2025-12-26,HCLTECH,1668.0,1676.4,1650.5,1660.9,921138.0,
2025-12-29,HCLTECH,1659.7,1660.8,1625.4,1630.8,1516288.0,
2025-12-30,HCLTECH,1630.8,1635.7,1611.1,1615.2,3323273.0,
2025-12-31,HCLTECH,1624.5,1631.7,1616.8,1623.3,1359963.0,
2026-01-01,HCLTECH,1622.9,1645.7,1618.4,1634.5,773806.0,
2026-01-02,HCLTECH,1632.0,1643.0,1625.1,1640.2,950573.0,
2026-01-05,HCLTECH,1625.0,1633.5,1580.1,1607.6,3245802.0,
2026-01-06,HCLTECH,1600.3,1626.0,1597.3,1616.3,2112043.0,
2026-01-07,HCLTECH,1620.8,1654.5,1616.7,1647.7,3816569.0,
2026-01-08,HCLTECH,1653.3,1660.6,1635.4,1646.7,3266398.0,
2026-01-09,HCLTECH,1647.1,1675.0,1647.1,1661.4,3281306.0,
2026-01-12,HCLTECH,1659.2,1677.2,1641.5,1667.6,4175707.0,
2026-01-13,HCLTECH,1685.0,1697.6,1626.0,1665.0,7149266.0,
2026-01-14,HCLTECH,1665.0,1677.9,1649.2,1668.5,2470615.0,
2026-01-16,HCLTECH,1670.0,1700.9,1664.8,1698.0,3098089.0,
2026-01-19,HCLTECH,1698.0,1719.0,1685.1,1716.8,2087629.0,
2026-01-20,HCLTECH,1720.0,1720.0,1681.8,1687.3,1739341.0,
2026-01-21,HCLTECH,1687.6,1694.9,1668.9,1682.5,1728435.0,
2026-01-22,HCLTECH,1690.6,1709.0,1681.5,1703.1,1853439.0,
2026-01-23,HCLTECH,1712.7,1721.0,1698.8,1707.0,1874357.0,
2026-01-27,HCLTECH,1720.0,1725.5,1700.5,1720.2,2671530.0,
2026-01-28,HCLTECH,1705.1,1734.4,1691.0,1729.6,2713867.0,
2026-01-29,HCLTECH,1722.8,1725.0,1696.1,1721.6,2235602.0,
2026-01-30,HCLTECH,1713.2,1713.2,1683.0,1695.6,4448681.0,
2026-02-02,HCLTECH,1670.0,1688.5,1653.6,1676.8,1916380.0,
2026-02-03,HCLTECH,1780.0,1780.1,1689.1,1695.3,3200948.0,
2026-02-04,HCLTECH,1642.0,1645.0,1586.0,1621.8,5834470.0,
2026-02-05,HCLTECH,1613.7,1631.8,1600.2,1610.0,3184531.0,
2026-02-06,HCLTECH,1612.0,1612.0,1574.1,1593.7,3342992.0,
2026-02-09,HCLTECH,1600.4,1619.9,1594.4,1602.0,1863558.0,
2026-02-10,HCLTECH,1595.0,1602.4,1567.8,1573.1,3234785.0,
2026-02-11,HCLTECH,1574.0,1578.1,1546.1,1551.6,2944646.0,
2026-02-12,HCLTECH,1529.0,1535.0,1469.5,1476.1,5397659.0,
2026-02-13,HCLTECH,1423.0,1476.8,1396.0,1455.2,7214938.0,
2026-02-16,HCLTECH,1451.1,1467.0,1446.8,1461.8,2388700.0,
2026-02-17,HCLTECH,1464.0,1510.7,1458.0,1482.6,2840341.0,
2026-02-18,HCLTECH,1483.2,1483.2,1443.4,1467.2,2036245.0,
2026-02-19,HCLTECH,1470.0,1501.8,1443.0,1450.4,2397127.0,
2026-02-20,HCLTECH,1443.0,1455.0,1431.0,1436.5,2392491.0,
2026-02-23,HCLTECH,1438.2,1441.6,1415.5,1426.2,2629763.0,
2026-02-24,HCLTECH,1402.3,1406.7,1322.5,1339.2,10004684.0,
2026-02-25,HCLTECH,1355.0,1391.4,1354.0,1378.2,5703505.0,
2026-02-26,HCLTECH,1391.0,1405.0,1368.0,1373.5,2329520.0,
2026-02-27,HCLTECH,1398.0,1404.8,1382.0,1389.1,8651443.0,
2026-03-02,HCLTECH,1351.0,1386.0,1350.0,1371.0,2088938.0,
2026-03-04,HCLTECH,1356.0,1382.0,1356.0,1364.0,3161598.0,
2026-03-05,HCLTECH,1378.2,1378.2,1332.5,1354.1,2217963.0,
2026-03-06,HCLTECH,1356.0,1380.8,1354.2,1356.7,1871596.0,
2026-03-09,HCLTECH,1330.0,1372.7,1328.0,1358.6,2256550.0,
2026-03-10,HCLTECH,1361.0,1364.4,1345.0,1361.5,1671877.0,
2026-03-11,HCLTECH,1367.2,1376.0,1346.9,1350.3,1837000.0,
2026-03-12,HCLTECH,1350.0,1363.4,1341.0,1358.1,2616965.0,
2026-03-13,HCLTECH,1350.0,1356.7,1321.0,1325.4,2190786.0,
2026-03-16,HCLTECH,1312.8,1337.7,1302.4,1328.6,3618375.0,
2026-03-17,HCLTECH,1328.6,1328.6,1297.7,1321.1,2285672.0,
2026-03-18,HCLTECH,1326.5,1378.4,1326.5,1357.2,2564106.0,
2026-03-19,HCLTECH,1341.4,1354.2,1309.2,1311.8,1663249.0,
2026-03-20,HCLTECH,1334.9,1352.5,1328.9,1333.7,5050431.0,
2026-03-23,HCLTECH,1314.8,1365.0,1310.0,1358.6,5166409.0,
2026-03-24,HCLTECH,1380.0,1394.0,1360.0,1373.3,3555664.0,
2026-03-25,HCLTECH,1348.0,1411.4,1348.0,1381.3,4167275.0,
2026-03-27,HCLTECH,1377.0,1407.4,1359.8,1364.4,8956139.0,
2026-03-30,HCLTECH,1350.0,1359.2,1336.2,1341.6,5541018.0,
2026-04-01,HCLTECH,1399.7,1399.7,1349.0,1354.4,2469237.0,
2026-04-02,HCLTECH,1347.0,1412.8,1341.2,1402.2,6509389.0,
2026-04-06,HCLTECH,1397.0,1422.3,1394.1,1403.3,2134581.0,
2026-04-07,HCLTECH,1391.0,1446.5,1388.1,1441.6,3459049.0,
2026-04-08,HCLTECH,1449.9,1466.0,1431.9,1461.0,4239052.0,
2026-04-09,HCLTECH,1458.9,1469.0,1436.0,1464.9,3101205.0,
2026-04-10,HCLTECH,1452.0,1457.6,1421.1,1451.2,3450066.0,
2026-04-13,HCLTECH,1441.0,1447.8,1417.5,1429.4,2252652.0,
2026-04-15,HCLTECH,1445.0,1474.9,1437.1,1451.3,3993858.0,
2026-04-16,HCLTECH,1460.0,1468.7,1435.1,1450.2,5229848.0,
2026-04-17,HCLTECH,1443.3,1458.0,1430.0,1442.3,3319268.0,
2026-04-20,HCLTECH,1445.9,1451.9,1424.0,1428.3,2352656.0,
2026-04-21,HCLTECH,1430.0,1455.0,1422.4,1441.2,3091487.0,
2026-04-22,HCLTECH,1345.0,1358.0,1281.0,1285.3,33066256.0,
2026-04-23,HCLTECH,1290.0,1294.3,1272.0,1277.6,8304759.0,
2026-04-24,HCLTECH,1264.4,1264.8,1198.1,1203.2,10903519.0,
2026-04-27,HCLTECH,1209.0,1232.0,1201.0,1228.2,6066942.0,
2026-04-28,HCLTECH,1227.9,1232.7,1192.3,1196.0,6643295.0,
2026-04-29,HCLTECH,1200.0,1210.8,1192.1,1200.2,4777201.0,
2026-04-30,HCLTECH,1200.0,1213.7,1184.0,1199.1,5070033.0,
2026-05-04,HCLTECH,1208.0,1213.5,1191.4,1200.5,3318673.0,
2026-05-05,HCLTECH,1200.0,1205.4,1190.0,1200.2,2459953.0,
2026-05-06,HCLTECH,1208.0,1212.0,1186.4,1189.1,3541520.0,
2026-05-07,HCLTECH,1195.0,1196.0,1181.1,1183.4,3725309.0,
2026-05-08,HCLTECH,1179.8,1202.8,1176.8,1198.4,2813749.0,
2026-05-11,HCLTECH,1196.9,1206.3,1191.1,1194.9,2505962.0,
2026-05-12,HCLTECH,1183.0,1184.0,1142.6,1145.8,3959561.0,
2026-05-13,HCLTECH,1146.3,1154.6,1137.1,1143.2,2635034.0,
2026-05-14,HCLTECH,1139.0,1143.2,1103.4,1124.0,5837032.0,
2026-05-15,HCLTECH,1121.9,1152.0,1121.8,1132.6,3729249.0,
2026-05-18,HCLTECH,1129.0,1149.5,1121.4,1146.6,2588569.0,
2026-05-19,HCLTECH,1156.0,1198.3,1152.3,1179.4,5756760.0,
2026-05-20,HCLTECH,1166.2,1181.0,1162.4,1169.8,1415960.0,
2026-05-21,HCLTECH,1173.7,1180.6,1163.2,1168.2,2245247.0,
2026-05-22,HCLTECH,1169.9,1176.0,1159.9,1164.0,2044782.0,
2026-05-25,HCLTECH,1168.0,1178.0,1162.1,1165.7,1419803.0,
2026-05-26,HCLTECH,1165.7,1173.7,1160.0,1161.9,1196820.0,
2026-05-27,HCLTECH,1155.3,1169.8,1153.7,1165.2,1004168.0,
2026-05-29,HCLTECH,1180.0,1191.7,1177.0,1183.8,12446602.0,
2026-06-01,HCLTECH,1190.1,1212.8,1190.1,1195.1,5970435.0,
2026-06-02,HCLTECH,1210.0,1257.0,1202.2,1243.5,7663067.0,
2026-06-03,HCLTECH,1228.8,1230.0,1176.8,1179.0,4800922.0,
2026-06-04,HCLTECH,1166.4,1176.5,1158.2,1168.3,2025595.0,
2026-06-05,HCLTECH,1179.0,1182.5,1147.0,1154.7,1971395.0,
2026-06-08,HCLTECH,1141.9,1159.0,1132.3,1151.3,1546444.0,
2026-06-09,HCLTECH,1158.7,1159.0,1136.4,1146.3,2225582.0,
2026-06-10,HCLTECH,1140.8,1152.0,1130.0,1132.1,1600595.0,
2026-06-11,HCLTECH,1112.9,1114.0,1089.5,1110.2,3435236.0,
2026-06-12,HCLTECH,1120.0,1122.5,1100.5,1109.6,2203987.0,
2026-06-15,HCLTECH,1123.5,1128.0,1113.0,1119.3,2361006.0,
2026-06-16,HCLTECH,1141.0,1161.9,1137.5,1159.0,8343470.0,
2026-06-17,HCLTECH,1169.0,1173.6,1159.3,1166.8,2263670.0,
2026-06-18,HCLTECH,1152.0,1168.8,1136.1,1161.8,3368037.0,
2026-06-19,HCLTECH,1110.0,1136.0,1091.4,1131.7,10014063.0,
2026-06-22,HCLTECH,1136.0,1148.7,1127.0,1130.5,2312385.0,
2026-06-23,HCLTECH,1121.6,1125.8,1105.5,1109.5,3235632.0,
2026-06-24,HCLTECH,1097.6,1121.5,1093.2,1113.9,3503015.0,
2026-06-25,HCLTECH,1133.0,1133.5,1097.5,1100.7,5877425.0,
2026-06-29,HCLTECH,1095.6,1108.3,1086.0,1102.4,5186504.0,
2026-06-30,HCLTECH,1102.5,1105.7,1068.6,1071.8,3794233.0,
2026-07-01,HCLTECH,1070.0,1076.5,1030.0,1034.2,3819777.0,
2026-07-02,HCLTECH,1049.0,1082.9,1048.0,1078.1,3726609.0,
2026-07-03,HCLTECH,1127.1,1159.0,1115.1,1139.0,12768463.0,
2026-07-06,HCLTECH,1145.0,1147.9,1126.0,1134.2,2747815.0,
2026-07-07,HCLTECH,1135.0,1175.0,1134.0,1168.2,5179529.0,
2026-07-08,HCLTECH,1165.0,1176.5,1141.7,1145.6,3091794.0,
2026-07-09,HCLTECH,1144.1,1161.9,1121.0,1150.4,2033525.0,
2026-07-10,HCLTECH,1173.0,1191.5,1153.5,1164.1,3979475.0,
2026-07-13,HCLTECH,1162.0,1237.0,1162.0,1221.2,9028077.0,
2026-07-14,HCLTECH,1200.0,1209.1,1164.0,1166.7,9754723.0,
2026-07-15,HCLTECH,1157.0,1181.6,1144.5,1168.0,3253196.0,
2026-07-16,HCLTECH,1175.4,1204.0,1174.7,1187.4,5147444.0,
2026-07-17,HCLTECH,1197.8,1223.5,1195.8,1203.9,5037972.0,
2026-07-20,HCLTECH,1205.0,1224.7,1200.1,1221.3,3612829.0,
2026-07-21,HCLTECH,1219.0,1240.7,1217.2,1239.5,4642320.0,
2026-07-22,HCLTECH,1243.8,1243.8,1227.7,1237.3,2377718.0,
2026-07-23,HCLTECH,1236.0,1248.8,1228.8,1244.7,1878476.0,
2026-07-24,HCLTECH,1237.0,1276.0,1236.6,1271.0,3674904.0,
2026-07-27,HCLTECH,1284.6,1303.0,1277.3,1295.9,3847049.0,
2026-07-28,HCLTECH,1301.0,1342.0,1301.0,1318.6,5187064.0,
2026-07-29,HCLTECH,1344.0,1352.7,1323.2,1344.3,3061520.0,
2026-07-30,HCLTECH,1349.0,1369.9,1345.6,1352.7,3747919.0,
2026-07-31,HCLTECH,1317.7,1356.5,1294.3,1346.9,3369019.0,
2026-08-03,HCLTECH,1352.0,1377.0,1343.5,1377.0,2314332.0,
2026-08-04,HCLTECH,1375.7,1375.9,1347.4,1369.9,3013543.0,
2026-08-05,HCLTECH,1370.0,1375.0,1337.1,1350.0,3215211.0,
2026-08-06,HCLTECH,1349.9,1363.2,1332.5,1335.0,3821560.0,
2026-08-07,HCLTECH,1329.0,1369.0,1328.0,1356.6,1725616.0,
2026-08-10,HCLTECH,1356.6,1367.5,1351.6,1357.2,1321698.0,
2026-08-11,HCLTECH,1360.1,1379.8,1358.0,1365.4,1828636.0,
2026-08-12,HCLTECH,1370.0,1370.0,1340.4,1365.4,1418468.0,
2026-08-13,HCLTECH,1362.9,1372.9,1354.0,1370.0,778760.0,
2026-08-14,HCLTECH,1372.8,1374.9,1346.5,1360.0,1033374.0,
2026-08-17,HCLTECH,1355.1,1362.8,1325.0,1325.0,970745.0,
2026-08-18,HCLTECH,1318.0,1320.0,1292.5,1298.0,3056990.0,
2026-08-19,HCLTECH,1309.0,1324.8,1301.4,1324.8,1693632.0,
2026-08-20,HCLTECH,1339.7,1345.3,1318.4,1318.4,1510868.0,
2026-08-21,HCLTECH,1319.9,1321.7,1302.5,1302.5,1484443.0,
2026-08-24,HCLTECH,1302.5,1325.8,1301.0,1322.0,1091648.0,
2026-08-25,HCLTECH,1322.0,1322.9,1294.4,1315.8,1314934.0,
2026-08-26,HCLTECH,1319.5,1323.0,1296.6,1298.5,834925.0,
2026-08-27,HCLTECH,1295.0,1304.7,1280.0,1282.0,1936771.0,
2026-08-28,HCLTECH,1290.0,1334.2,1290.0,1316.1,3459476.0,
2026-08-31,HCLTECH,1316.6,1322.6,1297.7,1312.2,3125051.0,
2026-09-01,HCLTECH,1316.1,1368.0,1313.1,1351.4,4031856.0,
2026-09-02,HCLTECH,1340.1,1349.3,1317.4,1331.5,2739386.0,
2026-09-03,HCLTECH,1345.0,1345.0,1308.0,1319.0,1515496.0,
2026-09-04,HCLTECH,1324.9,1331.4,1291.2,1293.4,2210569.0,
2026-09-07,HCLTECH,1271.7,1286.8,1263.0,1282.8,2008363.0,
2026-09-08,HCLTECH,1281.4,1290.0,1268.2,1277.0,2241262.0,
2026-09-09,HCLTECH,1248.8,1264.8,1222.7,1229.8,2099173.0,
2026-09-10,HCLTECH,1224.8,1237.0,1196.9,1207.0,2197859.0,
2026-09-11,HCLTECH,1196.0,1223.4,1195.7,1206.1,2272845.0,
2026-06-12,HEXAGON,48.25,50.66,48.1,50.66,11379734.0,
2026-06-15,HEXAGON,53.19,53.19,53.19,53.19,691949.0,
2026-06-16,HEXAGON,52.14,55.44,50.54,54.16,9169014.0,
2026-06-17,HEXAGON,51.75,53.9,51.6,51.98,1470704.0,
2026-06-18,HEXAGON,51.98,52.0,49.39,50.93,1656556.0,
2026-06-19,HEXAGON,51.1,53.0,50.5,52.6,1306148.0,
2026-06-22,HEXAGON,53.6,54.0,51.5,53.0,972340.0,
2026-06-23,HEXAGON,53.0,53.7,51.65,52.16,942353.0,
2026-06-24,HEXAGON,52.5,54.76,50.67,54.76,1275507.0,
2026-06-25,HEXAGON,57.49,57.49,57.49,57.49,321307.0,
2026-06-29,HEXAGON,60.36,67.9,59.0,65.56,8748631.0,
2026-06-30,HEXAGON,66.5,66.9,61.4,63.41,3794018.0,
2026-07-01,HEXAGON,65.0,65.0,58.61,60.0,2716984.0,
2026-07-02,HEXAGON,60.09,72.0,59.27,72.0,11354569.0,
2026-07-03,HEXAGON,74.0,76.9,70.31,73.39,8283484.0,
2026-07-06,HEXAGON,73.39,74.77,69.15,71.0,2410149.0,
2026-07-07,HEXAGON,71.0,71.55,68.0,68.38,1255265.0,
2026-07-08,HEXAGON,68.0,71.65,64.15,65.69,2555337.0,
2026-07-09,HEXAGON,67.99,70.0,65.84,68.45,1655678.0,
2026-07-10,HEXAGON,69.5,77.75,69.16,71.75,7073038.0,
2026-07-13,HEXAGON,72.09,78.0,71.55,76.16,4756376.0,
2026-07-14,HEXAGON,76.6,78.25,75.0,76.07,2991167.0,
2026-07-15,HEXAGON,77.02,77.49,73.05,74.97,2147027.0,
2026-07-16,HEXAGON,75.6,75.6,71.23,73.19,1387687.0,
2026-07-17,HEXAGON,74.0,74.0,69.54,69.54,712503.0,
2026-07-20,HEXAGON,69.9,72.5,66.11,71.39,920699.0,
2026-07-21,HEXAGON,71.99,71.99,69.0,69.43,309427.0,
2026-07-22,HEXAGON,69.36,69.36,66.9,67.82,408642.0,
2026-07-23,HEXAGON,68.0,68.0,64.43,64.43,755719.0,
2026-07-24,HEXAGON,63.0,65.89,61.21,65.51,1294879.0,
2026-07-27,HEXAGON,65.47,65.47,63.0,64.18,345574.0,
2026-07-28,HEXAGON,63.0,64.87,61.95,62.61,305850.0,
2026-07-29,HEXAGON,62.5,63.25,61.2,62.06,254298.0,
2026-07-30,HEXAGON,62.01,63.5,60.07,62.79,429038.0,
2026-07-31,HEXAGON,62.48,64.75,61.2,64.19,302061.0,
2026-08-03,HEXAGON,65.29,66.99,64.0,66.35,373945.0,
2026-08-04,HEXAGON,66.79,68.0,65.56,66.81,472479.0,
2026-08-05,HEXAGON,67.75,67.75,65.0,66.56,182340.0,
2026-08-06,HEXAGON,66.56,66.9,64.5,65.16,171999.0,
2026-08-07,HEXAGON,64.1,65.29,64.0,64.15,129510.0,
2026-08-10,HEXAGON,64.51,64.99,61.82,64.07,312379.0,
2026-08-11,HEXAGON,63.09,67.0,62.51,63.84,458678.0,
2026-08-12,HEXAGON,64.9,67.0,63.0,65.91,500920.0,
2026-08-13,HEXAGON,63.31,65.25,63.31,64.44,271960.0,
2026-08-14,HEXAGON,64.49,65.0,63.28,63.98,111505.0,
2026-08-17,HEXAGON,64.29,65.25,62.25,63.25,273962.0,
2026-08-18,HEXAGON,63.25,66.41,63.02,66.41,468436.0,
2026-08-19,HEXAGON,67.2,69.73,66.99,68.97,832383.0,
2026-08-20,HEXAGON,67.8,72.05,67.27,70.11,479308.0,
2026-08-21,HEXAGON,70.1,71.9,68.0,70.21,336961.0,
2026-08-24,HEXAGON,69.5,71.7,69.22,70.48,321512.0,
2026-08-25,HEXAGON,70.1,70.99,68.11,69.81,170310.0,
2026-08-26,HEXAGON,69.03,70.0,68.04,68.34,88988.0,
2026-08-27,HEXAGON,68.94,70.25,67.6,69.16,123134.0,
2026-08-28,HEXAGON,70.0,70.0,68.2,68.37,107913.0,
2026-08-31,HEXAGON,68.9,69.5,66.8,67.4,171956.0,
2026-09-01,HEXAGON,67.23,67.9,65.95,66.19,103313.0,
2026-09-02,HEXAGON,65.0,66.5,64.8,66.14,107199.0,
2026-09-03,HEXAGON,67.4,67.7,64.0,66.42,286912.0,
2026-09-04,HEXAGON,66.6,67.75,65.25,67.23,102191.0,
2026-09-07,HEXAGON,67.2,67.22,65.0,65.72,135136.0,
2026-09-08,HEXAGON,65.5,66.75,63.5,64.21,969542.0,
2026-09-09,HEXAGON,63.5,67.42,62.5,67.42,226751.0,
2026-09-10,HEXAGON,69.6,70.79,66.5,68.17,1057255.0,
2026-09-11,HEXAGON,68.0,70.0,66.75,67.99,310047.0,
2025-08-29,INDIQUBE,215.06,220.0,212.85,218.96,279554.0,
2025-09-01,INDIQUBE,218.96,224.23,218.96,221.75,156204.0,
2025-09-02,INDIQUBE,221.0,234.33,220.01,232.33,1814310.0,
2025-09-03,INDIQUBE,236.0,238.0,229.22,235.06,1390081.0,
2025-09-04,INDIQUBE,230.01,238.0,228.1,232.03,699072.0,
2025-09-05,INDIQUBE,234.0,239.74,226.69,230.03,519144.0,
2025-09-08,INDIQUBE,230.0,237.0,227.4,235.83,389708.0,
2025-09-09,INDIQUBE,236.88,237.74,229.7,233.32,242214.0,
2025-09-10,INDIQUBE,236.5,236.91,229.6,233.26,219853.0,
2025-09-11,INDIQUBE,234.89,237.0,218.88,221.79,539304.0,
2025-09-12,INDIQUBE,222.89,227.1,219.56,225.54,150740.0,
2025-09-15,INDIQUBE,225.54,227.76,222.76,226.0,91658.0,
2025-09-16,INDIQUBE,230.0,231.5,227.25,229.45,163821.0,
2025-09-17,INDIQUBE,229.45,231.2,225.52,228.06,220173.0,
2025-09-18,INDIQUBE,232.0,233.8,228.25,229.28,173502.0,
2025-09-19,INDIQUBE,229.4,239.4,228.32,237.92,770596.0,
2025-09-22,INDIQUBE,238.0,243.8,232.01,233.16,771157.0,
2025-09-23,INDIQUBE,233.4,240.0,233.1,237.4,648719.0,
2025-09-24,INDIQUBE,235.0,241.0,226.6,232.1,487011.0,
2025-09-25,INDIQUBE,231.06,236.75,230.12,231.34,145838.0,
2025-09-26,INDIQUBE,231.21,237.5,226.77,229.41,253763.0,
2025-09-29,INDIQUBE,231.98,233.7,224.77,230.0,119314.0,
2025-09-30,INDIQUBE,230.97,232.26,226.0,228.0,543836.0,
2025-10-01,INDIQUBE,229.0,233.0,227.57,231.26,79769.0,
2025-10-03,INDIQUBE,234.41,235.79,230.4,233.34,119464.0,
2025-10-06,INDIQUBE,232.65,232.65,226.01,228.08,96058.0,
2025-10-07,INDIQUBE,228.09,233.48,222.05,232.21,143177.0,
2025-10-08,INDIQUBE,234.11,235.52,226.2,229.22,118633.0,
2025-10-09,INDIQUBE,230.0,230.0,216.32,224.96,391169.0,
2025-10-10,INDIQUBE,224.9,228.69,221.66,225.72,163974.0,
2025-10-13,INDIQUBE,225.72,228.42,222.83,226.26,49034.0,
2025-10-14,INDIQUBE,225.01,227.12,219.6,223.11,85620.0,
2025-10-15,INDIQUBE,226.45,228.16,221.0,227.07,142588.0,
2025-10-16,INDIQUBE,227.5,229.12,225.0,227.81,72828.0,
2025-10-17,INDIQUBE,228.5,231.0,222.03,229.69,68072.0,
2025-10-20,INDIQUBE,228.2,230.95,222.3,224.46,55002.0,
2025-10-21,INDIQUBE,224.35,227.36,224.35,226.16,12324.0,
2025-10-23,INDIQUBE,228.0,228.9,224.23,227.21,70222.0,
2025-10-24,INDIQUBE,227.21,227.21,221.1,223.31,27305.0,
2025-10-27,INDIQUBE,222.01,226.0,217.31,224.87,80905.0,
2025-10-28,INDIQUBE,224.17,224.89,220.4,221.54,29088.0,
2025-10-29,INDIQUBE,220.2,221.17,210.0,212.5,125730.0,
2025-10-30,INDIQUBE,212.5,216.49,212.32,213.29,34185.0,
2025-10-31,INDIQUBE,215.65,216.0,211.9,213.3,31680.0,
2025-11-03,INDIQUBE,212.02,214.9,211.36,214.26,51187.0,
2025-11-04,INDIQUBE,213.3,217.9,211.47,212.64,220473.0,
2025-11-06,INDIQUBE,213.25,214.88,203.33,205.64,357200.0,
2025-11-07,INDIQUBE,207.7,207.8,201.0,203.86,205176.0,
2025-11-10,INDIQUBE,202.84,220.64,202.78,218.8,572121.0,
2025-11-11,INDIQUBE,222.08,222.08,214.4,216.13,57114.0,
2025-11-12,INDIQUBE,217.0,223.5,206.01,221.53,123147.0,
2025-11-13,INDIQUBE,221.98,221.98,217.45,220.69,73136.0,
2025-11-14,INDIQUBE,221.98,221.98,213.01,220.6,39905.0,
2025-11-17,INDIQUBE,221.7,221.7,216.04,219.04,42893.0,
2025-11-18,INDIQUBE,217.04,220.0,214.35,218.68,34322.0,
2025-11-19,INDIQUBE,218.75,224.39,213.43,219.65,58506.0,
2025-11-20,INDIQUBE,217.68,227.0,214.3,225.0,189413.0,
2025-11-21,INDIQUBE,225.0,225.99,218.75,224.98,82132.0,
2025-11-24,INDIQUBE,224.31,226.0,220.71,224.38,42423.0,
2025-11-25,INDIQUBE,225.98,226.19,221.0,225.88,53212.0,
2025-11-26,INDIQUBE,224.0,232.01,222.31,229.99,251602.0,
2025-11-27,INDIQUBE,231.15,231.15,226.0,228.07,25079.0,
2025-11-28,INDIQUBE,228.9,229.0,222.26,225.61,295788.0,
2025-12-01,INDIQUBE,226.65,226.65,212.12,215.17,111978.0,
2025-12-02,INDIQUBE,214.1,215.32,205.48,207.77,77853.0,
2025-12-03,INDIQUBE,207.8,210.78,204.01,207.62,26440.0,
2025-12-04,INDIQUBE,211.9,212.05,204.61,205.39,22791.0,
2025-12-05,INDIQUBE,206.0,206.72,203.25,203.96,20320.0,
2025-12-08,INDIQUBE,203.96,205.67,194.01,197.47,39975.0,
2025-12-09,INDIQUBE,197.01,197.01,191.12,193.63,48073.0,
2025-12-10,INDIQUBE,194.6,200.81,193.91,197.52,37998.0,
2025-12-11,INDIQUBE,198.42,198.42,193.11,194.46,19534.0,
2025-12-12,INDIQUBE,195.39,198.33,192.0,193.94,47019.0,
2025-12-15,INDIQUBE,192.0,201.65,192.0,198.0,32938.0,
2025-12-16,INDIQUBE,198.99,207.49,195.6,205.04,232732.0,
2025-12-17,INDIQUBE,205.06,208.0,198.0,204.97,40339.0,
2025-12-18,INDIQUBE,200.87,206.58,198.49,205.05,28657.0,
2025-12-19,INDIQUBE,203.01,208.0,201.04,204.94,25284.0,
2025-12-22,INDIQUBE,202.89,206.07,201.18,203.5,15659.0,
2025-12-23,INDIQUBE,203.38,203.57,200.0,201.1,40660.0,
2025-12-24,INDIQUBE,201.08,203.0,199.76,201.01,54495.0,
2025-12-26,INDIQUBE,199.0,205.99,199.0,205.0,26002.0,
2025-12-29,INDIQUBE,200.51,208.49,199.89,203.48,50327.0,
2025-12-30,INDIQUBE,202.89,209.0,200.05,207.95,24739.0,
2025-12-31,INDIQUBE,207.95,211.0,203.65,209.83,67082.0,
2026-01-01,INDIQUBE,210.99,213.0,206.3,209.69,13330.0,
2026-01-02,INDIQUBE,206.51,211.85,206.51,210.03,22926.0,
2026-01-05,INDIQUBE,206.9,212.52,202.98,209.19,59037.0,
2026-01-06,INDIQUBE,207.0,216.45,200.08,208.65,129001.0,
2026-01-07,INDIQUBE,210.7,211.91,203.15,203.6,22286.0,
2026-01-08,INDIQUBE,207.67,207.67,202.1,202.77,8464.0,
2026-01-09,INDIQUBE,203.89,203.94,192.03,194.08,16071.0,
2026-01-12,INDIQUBE,192.0,196.17,186.0,193.98,130410.0,
2026-01-13,INDIQUBE,195.9,208.0,193.69,203.52,43735.0,
2026-01-14,INDIQUBE,206.0,206.0,197.71,198.19,13564.0,
2026-01-16,INDIQUBE,196.1,199.99,196.1,199.15,4960.0,
2026-01-19,INDIQUBE,196.2,211.5,193.1,197.97,27038.0,
2026-01-20,INDIQUBE,197.97,197.97,192.0,192.81,11971.0,
2026-01-21,INDIQUBE,190.11,193.94,188.42,191.15,14348.0,
2026-01-22,INDIQUBE,191.15,200.0,190.0,191.67,24009.0,
2026-01-23,INDIQUBE,190.51,192.59,188.0,188.72,6964.0,
2026-01-27,INDIQUBE,187.0,189.7,184.66,186.09,9073.0,
2026-01-28,INDIQUBE,187.99,190.0,176.0,179.77,48922.0,
2026-01-29,INDIQUBE,181.32,181.34,170.02,176.6,109247.0,
2026-01-30,INDIQUBE,174.15,178.91,172.01,176.26,51176.0,
2026-02-02,INDIQUBE,176.95,177.01,163.51,170.12,33308.0,
2026-02-03,INDIQUBE,173.55,177.61,169.51,173.45,45265.0,
2026-02-04,INDIQUBE,174.3,178.88,170.49,175.87,20849.0,
2026-02-05,INDIQUBE,177.79,177.79,170.12,172.79,39218.0,
2026-02-06,INDIQUBE,174.6,176.13,166.57,170.99,74474.0,
2026-02-09,INDIQUBE,173.9,176.18,170.77,174.0,18751.0,
2026-02-10,INDIQUBE,175.31,181.25,174.34,177.68,13501.0,
2026-02-11,INDIQUBE,191.0,191.0,181.05,181.88,130956.0,
2026-02-12,INDIQUBE,183.35,184.8,175.01,182.41,119346.0,
2026-02-13,INDIQUBE,182.41,186.1,180.0,181.06,26860.0,
2026-02-16,INDIQUBE,181.45,181.8,170.62,172.82,59017.0,
2026-02-17,INDIQUBE,175.29,181.9,170.2,175.06,48205.0,
2026-02-18,INDIQUBE,173.37,181.2,173.37,180.86,183882.0,
2026-02-19,INDIQUBE,180.9,182.4,178.0,181.01,24297.0,
2026-02-20,INDIQUBE,182.73,182.73,176.5,177.14,23494.0,
2026-02-23,INDIQUBE,177.0,180.0,177.0,178.25,46859.0,
2026-02-24,INDIQUBE,177.0,177.91,172.5,174.02,16680.0,
2026-02-25,INDIQUBE,174.0,176.5,173.5,175.44,10119.0,
2026-02-26,INDIQUBE,174.01,175.08,172.26,174.07,12288.0,
2026-02-27,INDIQUBE,172.35,175.02,170.5,172.52,7106.0,
2026-03-02,INDIQUBE,165.0,177.19,164.56,173.51,32998.0,
2026-03-04,INDIQUBE,170.02,170.1,162.0,165.3,53848.0,
2026-03-05,INDIQUBE,168.41,172.5,163.54,169.77,28080.0,
2026-03-06,INDIQUBE,169.5,173.0,167.2,170.96,16498.0,
2026-03-09,INDIQUBE,162.0,171.99,162.0,166.07,35357.0,
2026-03-10,INDIQUBE,167.03,168.91,160.2,162.8,60493.0,
2026-03-11,INDIQUBE,162.81,166.09,159.0,160.05,57146.0,
2026-03-12,INDIQUBE,160.86,160.86,154.02,156.47,60138.0,
2026-03-13,INDIQUBE,153.3,154.8,148.0,150.04,61725.0,
2026-03-16,INDIQUBE,150.04,150.04,141.2,142.53,62640.0,
2026-03-17,INDIQUBE,144.65,145.49,136.25,138.66,94432.0,
2026-03-18,INDIQUBE,141.0,149.69,140.1,145.85,146535.0,
2026-03-19,INDIQUBE,145.0,152.4,143.28,146.39,85688.0,
2026-03-20,INDIQUBE,172.0,172.0,146.05,148.05,171313.0,
2026-03-23,INDIQUBE,141.05,147.5,132.05,135.56,96505.0,
2026-03-24,INDIQUBE,137.6,140.4,134.79,136.13,107152.0,
2026-03-25,INDIQUBE,136.5,146.99,136.5,141.78,101503.0,
2026-03-27,INDIQUBE,138.0,140.59,131.15,133.55,110110.0,
2026-03-30,INDIQUBE,134.9,137.0,132.14,135.61,83084.0,
2026-04-01,INDIQUBE,140.0,144.51,136.0,137.58,38043.0,
2026-04-02,INDIQUBE,135.99,150.99,135.01,143.4,30661.0,
2026-04-06,INDIQUBE,143.53,151.55,141.21,143.39,22838.0,
2026-04-07,INDIQUBE,143.5,149.88,140.2,149.18,25399.0,
2026-04-08,INDIQUBE,158.0,158.5,150.94,152.17,64033.0,
2026-04-09,INDIQUBE,152.94,154.26,148.82,151.67,35395.0,
2026-04-10,INDIQUBE,153.9,155.21,151.71,153.46,29150.0,
2026-04-13,INDIQUBE,151.16,153.59,148.0,150.69,16287.0,
2026-04-15,INDIQUBE,152.11,158.6,152.0,154.57,33376.0,
2026-04-16,INDIQUBE,170.0,185.48,155.5,160.33,1495907.0,
2026-04-17,INDIQUBE,160.6,164.32,155.73,159.28,433596.0,
2026-04-20,INDIQUBE,160.9,160.9,155.02,156.64,116175.0,
2026-04-21,INDIQUBE,158.6,166.53,155.1,163.97,198725.0,
2026-04-22,INDIQUBE,164.9,169.7,160.62,166.68,391232.0,
2026-04-23,INDIQUBE,170.0,187.75,169.0,177.6,2302636.0,
2026-04-24,INDIQUBE,179.91,181.3,176.65,179.12,159009.0,
2026-04-27,INDIQUBE,180.4,182.11,172.96,176.33,245274.0,
2026-04-28,INDIQUBE,177.04,177.74,171.65,173.92,47885.0,
2026-04-29,INDIQUBE,176.0,176.99,170.6,171.45,62239.0,
2026-04-30,INDIQUBE,173.13,178.7,170.5,175.61,95464.0,
2026-05-04,INDIQUBE,177.7,178.72,170.81,172.73,152404.0,
2026-05-05,INDIQUBE,172.2,175.5,169.02,174.22,42110.0,
2026-05-06,INDIQUBE,173.41,176.0,171.51,174.54,26906.0,
2026-05-07,INDIQUBE,175.72,176.15,171.2,172.65,47935.0,
2026-05-08,INDIQUBE,173.21,174.29,166.54,168.93,62762.0,
2026-05-11,INDIQUBE,174.0,174.0,166.5,171.88,46889.0,
2026-05-12,INDIQUBE,171.0,172.48,162.2,163.58,22151.0,
2026-05-13,INDIQUBE,164.29,165.96,158.7,159.41,38496.0,
2026-05-14,INDIQUBE,162.01,164.5,153.61,158.52,179224.0,
2026-05-15,INDIQUBE,158.97,169.9,155.71,167.63,36969.0,
2026-05-18,INDIQUBE,165.4,173.24,160.6,171.17,85341.0,
2026-05-19,INDIQUBE,172.44,173.07,167.52,169.13,27947.0,
2026-05-20,INDIQUBE,168.91,177.0,168.0,173.52,17612.0,
2026-05-21,INDIQUBE,165.0,173.52,162.5,164.06,341326.0,
2026-05-22,INDIQUBE,163.16,166.79,162.0,163.33,29201.0,
2026-05-25,INDIQUBE,164.9,167.1,164.31,166.2,35299.0,
2026-05-26,INDIQUBE,167.43,168.0,161.91,163.53,36894.0,
2026-05-27,INDIQUBE,165.0,165.5,163.0,163.77,39572.0,
2026-05-29,INDIQUBE,164.99,165.07,157.0,159.38,30054.0,
2026-06-01,INDIQUBE,161.77,162.8,154.6,156.4,30768.0,
2026-06-02,INDIQUBE,160.18,160.89,157.18,157.52,59797.0,
2026-06-03,INDIQUBE,157.26,160.97,154.61,160.04,55256.0,
2026-06-04,INDIQUBE,160.12,163.0,159.02,161.69,17203.0,
2026-06-05,INDIQUBE,162.49,162.49,156.24,159.04,25564.0,
2026-06-08,INDIQUBE,157.99,159.0,154.0,157.03,10256.0,
2026-06-09,INDIQUBE,159.6,161.0,153.2,157.11,24601.0,
2026-06-10,INDIQUBE,157.11,157.79,151.4,153.07,32182.0,
2026-06-11,INDIQUBE,155.03,155.87,148.95,150.19,11497.0,
2026-06-12,INDIQUBE,153.6,154.0,150.64,152.31,19250.0,
2026-06-15,INDIQUBE,156.58,162.98,154.35,158.88,17757.0,
2026-06-16,INDIQUBE,160.85,171.48,159.36,162.46,895020.0,
2026-06-17,INDIQUBE,163.5,166.19,158.0,165.36,27015.0,
2026-06-18,INDIQUBE,165.0,171.4,164.99,170.33,47029.0,
2026-06-19,INDIQUBE,168.99,177.0,166.7,175.99,160583.0,
2026-06-22,INDIQUBE,178.54,182.0,166.95,170.14,795525.0,
2026-06-23,INDIQUBE,171.5,175.0,168.2,170.31,30511.0,
2026-06-24,INDIQUBE,171.44,171.44,164.89,168.02,35767.0,
2026-06-25,INDIQUBE,167.86,173.08,167.5,169.82,28171.0,
2026-06-29,INDIQUBE,169.82,173.0,163.85,166.27,78298.0,
2026-06-30,INDIQUBE,167.53,169.97,166.51,169.35,37959.0,
2026-07-01,INDIQUBE,168.87,169.35,163.49,165.91,242769.0,
2026-07-02,INDIQUBE,165.65,170.44,165.65,167.31,14773.0,
2026-07-03,INDIQUBE,169.0,171.0,166.53,170.13,17608.0,
2026-07-06,INDIQUBE,168.67,171.19,168.08,168.93,106588.0,
2026-07-07,INDIQUBE,170.19,172.49,165.5,171.56,29022.0,
2026-07-08,INDIQUBE,170.1,173.89,166.6,168.41,28476.0,
2026-07-09,INDIQUBE,169.0,172.49,164.68,171.02,680379.0,
2026-07-10,INDIQUBE,173.0,179.4,171.02,178.11,861149.0,
2026-07-13,INDIQUBE,179.0,180.0,172.2,175.05,48384.0,
2026-07-14,INDIQUBE,174.54,176.39,170.61,174.99,34514.0,
2026-07-15,INDIQUBE,177.85,177.85,170.84,171.28,20046.0,
2026-07-16,INDIQUBE,175.8,176.0,168.01,171.01,41499.0,
2026-07-17,INDIQUBE,174.0,174.8,165.21,166.82,82679.0,
2026-07-20,INDIQUBE,166.0,167.96,162.5,163.27,37342.0,
2026-07-21,INDIQUBE,163.99,178.97,163.99,171.72,503598.0,
2026-07-22,INDIQUBE,169.8,177.78,169.8,174.65,44439.0,
2026-07-23,INDIQUBE,176.77,185.5,174.26,180.29,136184.0,
2026-07-24,INDIQUBE,180.0,182.74,175.05,181.31,31337.0,
2026-07-27,INDIQUBE,184.5,184.5,176.0,177.51,39427.0,
2026-07-28,INDIQUBE,178.4,180.59,174.31,177.52,16945.0,
2026-07-29,INDIQUBE,178.75,185.48,176.01,179.79,44219.0,
2026-07-30,INDIQUBE,179.6,179.6,169.25,170.59,48373.0,
2026-07-31,INDIQUBE,171.0,175.78,171.0,173.76,12036.0,
2026-08-03,INDIQUBE,176.84,178.4,169.45,171.97,47200.0,
2026-08-04,INDIQUBE,171.97,174.9,170.71,171.93,5817.0,
2026-08-05,INDIQUBE,172.88,174.8,169.52,173.7,15612.0,
2026-08-06,INDIQUBE,175.16,182.99,171.91,181.75,66036.0,
2026-08-07,INDIQUBE,182.0,183.25,178.8,182.6,29924.0,
2026-08-10,INDIQUBE,184.0,191.0,183.0,185.52,280615.0,
2026-08-11,INDIQUBE,182.7,189.0,182.7,184.05,71117.0,
2026-08-12,INDIQUBE,184.05,188.0,176.63,183.79,34840.0,
2026-08-13,INDIQUBE,183.79,187.0,180.5,183.34,161248.0,
2026-08-14,INDIQUBE,184.68,184.68,178.2,180.0,50896.0,
2026-08-17,INDIQUBE,181.3,182.99,177.87,178.63,20170.0,
2026-08-18,INDIQUBE,179.51,190.0,178.58,187.12,118008.0,
2026-08-19,INDIQUBE,187.01,196.8,187.01,192.17,192480.0,
2026-08-20,INDIQUBE,196.2,198.2,184.49,189.15,196417.0,
2026-08-21,INDIQUBE,191.08,193.48,187.23,189.1,65308.0,
2026-08-24,INDIQUBE,190.47,198.0,187.06,193.72,74328.0,
2026-08-25,INDIQUBE,192.75,195.0,190.0,192.5,39280.0,
2026-08-26,INDIQUBE,192.5,194.5,188.1,191.96,45132.0,
2026-08-27,INDIQUBE,193.99,193.99,188.5,191.06,205256.0,
2026-08-28,INDIQUBE,192.45,193.3,189.31,192.36,33833.0,
2026-08-31,INDIQUBE,192.1,194.5,187.0,191.8,34262.0,
2026-09-01,INDIQUBE,189.4,192.39,185.11,190.05,215999.0,
2026-09-02,INDIQUBE,190.53,193.79,186.91,193.17,38944.0,
2026-09-03,INDIQUBE,195.0,200.08,191.62,193.09,48384.0,
2026-09-04,INDIQUBE,194.52,195.9,193.0,194.54,16617.0,
2026-09-07,INDIQUBE,196.0,204.6,190.21,202.13,125698.0,
2026-09-08,INDIQUBE,203.61,206.85,198.02,205.09,59639.0,
2026-09-09,INDIQUBE,202.93,206.96,195.27,204.34,37014.0,
2026-09-10,INDIQUBE,205.67,209.9,201.2,205.56,29531.0,
2026-09-11,INDIQUBE,204.0,205.1,199.35,202.87,14391.0,
2025-08-29,INDORAMA,50.99,51.0,49.05,50.49,65748.0,
2025-09-01,INDORAMA,50.89,51.6,50.0,50.18,47429.0,
2025-09-02,INDORAMA,50.0,52.68,50.0,52.68,102553.0,
2025-09-03,INDORAMA,52.45,54.49,52.45,53.5,67759.0,
2025-09-04,INDORAMA,54.94,54.94,53.02,53.86,129795.0,
2025-09-05,INDORAMA,54.74,54.74,51.25,52.2,66312.0,
2025-09-08,INDORAMA,53.74,54.33,51.25,52.46,82173.0,
2025-09-09,INDORAMA,52.99,53.99,51.71,52.09,88270.0,
2025-09-10,INDORAMA,51.85,53.56,51.85,53.18,108144.0,
2025-09-11,INDORAMA,52.5,55.55,52.5,54.09,191081.0,
2025-09-12,INDORAMA,55.01,55.45,53.6,53.67,59953.0,
2025-09-15,INDORAMA,54.45,54.85,53.5,54.25,102144.0,
2025-09-16,INDORAMA,54.49,54.52,53.51,53.61,64939.0,
2025-09-17,INDORAMA,53.05,54.15,52.05,52.54,90038.0,
2025-09-18,INDORAMA,52.5,54.9,52.5,53.72,112254.0,
2025-09-19,INDORAMA,53.72,54.3,52.83,53.15,106985.0,
2025-09-22,INDORAMA,53.6,54.3,52.96,53.8,49505.0,
2025-09-23,INDORAMA,54.7,55.89,53.23,55.04,123306.0,
2025-09-24,INDORAMA,55.5,55.5,53.75,54.47,83231.0,
2025-09-25,INDORAMA,53.44,55.74,53.44,54.81,122966.0,
2025-09-26,INDORAMA,55.45,55.45,53.24,54.83,189447.0,
2025-09-29,INDORAMA,56.0,57.57,55.47,57.57,688764.0,
2025-09-30,INDORAMA,58.25,60.44,58.25,60.44,1218072.0,
2025-10-01,INDORAMA,60.45,62.8,58.0,59.38,604697.0,
2025-10-03,INDORAMA,59.38,62.34,59.34,62.34,323545.0,
2025-10-06,INDORAMA,62.65,62.7,60.55,60.87,301143.0,
2025-10-07,INDORAMA,60.9,62.2,59.09,59.48,393499.0,
2025-10-08,INDORAMA,61.0,62.0,59.61,60.13,413581.0,
2025-10-09,INDORAMA,59.5,60.15,57.22,57.56,289735.0,
2025-10-10,INDORAMA,58.02,61.48,58.0,59.57,454839.0,
2025-10-13,INDORAMA,59.55,59.55,57.55,57.87,115713.0,
2025-10-14,INDORAMA,57.0,58.84,56.7,57.09,191712.0,
2025-10-15,INDORAMA,57.6,59.09,57.0,57.7,118993.0,
2025-10-16,INDORAMA,57.01,62.0,57.01,59.87,747276.0,
2025-10-17,INDORAMA,60.0,61.09,59.0,60.3,303399.0,
2025-10-20,INDORAMA,61.51,72.36,60.89,68.88,4725021.0,
2025-10-21,INDORAMA,69.95,74.25,67.11,68.89,1379850.0,
2025-10-23,INDORAMA,69.95,70.0,66.5,67.21,529180.0,
2025-10-24,INDORAMA,67.3,69.7,64.35,66.99,784951.0,
2025-10-27,INDORAMA,67.53,67.84,66.19,66.6,224739.0,
2025-10-28,INDORAMA,66.93,67.26,65.47,66.45,204599.0,
2025-10-29,INDORAMA,66.75,70.9,66.75,68.6,776631.0,
2025-10-30,INDORAMA,68.91,71.65,68.12,70.19,553932.0,
2025-10-31,INDORAMA,70.45,71.15,68.25,68.83,305222.0,
2025-11-03,INDORAMA,68.9,75.0,67.06,73.88,2203378.0,
2025-11-04,INDORAMA,74.15,74.6,70.0,70.6,510952.0,
2025-11-06,INDORAMA,71.16,71.16,67.15,67.42,500981.0,
2025-11-07,INDORAMA,67.05,69.31,66.21,68.63,526805.0,
2025-11-10,INDORAMA,70.19,70.19,67.4,67.74,316637.0,
2025-11-11,INDORAMA,67.75,68.03,59.28,60.83,2027670.0,
2025-11-12,INDORAMA,60.51,62.21,57.58,59.29,792583.0,
2025-11-13,INDORAMA,59.8,61.07,57.5,58.25,1245033.0,
2025-11-14,INDORAMA,58.0,58.46,53.0,55.11,2416236.0,
2025-11-17,INDORAMA,55.11,57.23,53.7,54.06,630644.0,
2025-11-18,INDORAMA,54.25,55.39,52.02,52.69,667379.0,
2025-11-19,INDORAMA,52.22,53.3,51.91,52.35,303131.0,
2025-11-20,INDORAMA,52.4,53.3,51.93,52.65,358626.0,
2025-11-21,INDORAMA,52.64,52.95,51.0,52.0,258719.0,
2025-11-24,INDORAMA,52.02,53.5,50.0,50.4,305430.0,
2025-11-25,INDORAMA,50.12,54.24,50.12,52.48,370413.0,
2025-11-26,INDORAMA,52.45,53.6,51.86,52.55,230360.0,
2025-11-27,INDORAMA,52.6,53.23,51.95,52.35,185067.0,
2025-11-28,INDORAMA,52.35,53.0,50.26,51.24,347086.0,
2025-12-01,INDORAMA,51.01,51.95,50.25,50.58,169716.0,
2025-12-02,INDORAMA,50.63,51.1,50.01,50.12,128448.0,
2025-12-03,INDORAMA,50.12,50.25,48.75,49.24,177320.0,
2025-12-04,INDORAMA,49.29,50.0,48.56,48.87,158294.0,
2025-12-05,INDORAMA,48.87,49.5,48.34,49.07,188259.0,
2025-12-08,INDORAMA,49.45,49.45,46.01,46.5,243245.0,
2025-12-09,INDORAMA,46.1,48.3,45.35,47.7,206988.0,
2025-12-10,INDORAMA,47.71,49.5,46.01,46.39,250418.0,
2025-12-11,INDORAMA,46.3,47.5,46.1,47.18,118591.0,
2025-12-12,INDORAMA,47.18,48.0,46.82,47.39,72058.0,
2025-12-15,INDORAMA,47.1,47.49,46.73,47.24,63909.0,
2025-12-16,INDORAMA,46.7,48.38,46.6,47.33,74436.0,
2025-12-17,INDORAMA,46.71,47.61,46.14,46.48,127157.0,
2025-12-18,INDORAMA,46.25,47.99,45.47,47.46,259482.0,
2025-12-19,INDORAMA,47.95,48.65,46.9,48.26,111915.0,
2025-12-22,INDORAMA,49.02,49.44,48.02,49.12,81694.0,
2025-12-23,INDORAMA,49.49,49.89,48.81,49.45,82553.0,
2025-12-24,INDORAMA,49.01,50.2,48.5,48.91,87454.0,
2025-12-26,INDORAMA,48.91,49.98,48.15,48.54,87012.0,
2025-12-29,INDORAMA,48.5,48.84,47.4,47.84,54888.0,
2025-12-30,INDORAMA,47.83,48.26,46.86,47.98,130574.0,
2025-12-31,INDORAMA,48.45,49.25,47.92,48.57,69494.0,
2026-01-01,INDORAMA,48.03,48.94,47.5,48.0,45377.0,
2026-01-02,INDORAMA,48.99,48.99,47.42,48.11,70061.0,
2026-01-05,INDORAMA,48.9,49.75,46.95,47.56,116864.0,
2026-01-06,INDORAMA,47.54,47.8,46.5,46.65,160824.0,
2026-01-07,INDORAMA,47.67,47.67,46.33,46.55,90538.0,
2026-01-08,INDORAMA,46.55,47.75,45.05,45.27,454909.0,
2026-01-09,INDORAMA,45.27,45.99,43.51,44.47,152102.0,
2026-01-12,INDORAMA,44.95,44.95,42.37,44.02,75759.0,
2026-01-13,INDORAMA,44.1,45.25,42.56,43.63,583476.0,
2026-01-14,INDORAMA,43.85,44.94,43.2,43.46,72463.0,
2026-01-16,INDORAMA,43.46,43.76,41.5,42.73,64441.0,
2026-01-19,INDORAMA,42.7,42.7,41.21,41.52,63711.0,
2026-01-20,INDORAMA,42.35,42.35,37.56,38.8,193824.0,
2026-01-21,INDORAMA,38.95,40.5,37.56,38.84,190668.0,
2026-01-22,INDORAMA,39.5,41.0,39.34,40.88,84670.0,
2026-01-23,INDORAMA,41.08,42.0,40.65,41.12,88618.0,
2026-01-27,INDORAMA,42.99,42.99,40.45,42.41,89026.0,
2026-01-28,INDORAMA,42.03,45.0,42.03,44.57,81634.0,
2026-01-29,INDORAMA,45.0,45.78,42.71,43.59,81453.0,
2026-01-30,INDORAMA,43.6,44.97,43.04,43.56,122647.0,
2026-02-02,INDORAMA,39.45,40.4,37.85,40.15,123599.0,
2026-02-03,INDORAMA,42.0,44.0,41.12,41.96,169812.0,
2026-02-04,INDORAMA,42.0,43.83,41.83,42.82,132378.0,
2026-02-05,INDORAMA,42.0,43.0,41.06,41.46,57635.0,
2026-02-06,INDORAMA,41.01,41.97,40.46,41.26,36645.0,
2026-02-09,INDORAMA,42.0,43.25,41.42,42.98,83283.0,
2026-02-10,INDORAMA,43.5,43.5,39.55,40.24,423712.0,
2026-02-11,INDORAMA,40.5,40.71,39.61,39.91,98267.0,
2026-02-12,INDORAMA,39.5,40.11,36.75,37.6,300185.0,
2026-02-13,INDORAMA,37.51,39.7,36.7,38.54,574638.0,
2026-02-16,INDORAMA,38.96,38.97,36.3,36.95,215609.0,
2026-02-17,INDORAMA,36.55,38.38,36.55,37.59,103494.0,
2026-02-18,INDORAMA,37.41,38.22,37.41,37.56,53472.0,
2026-02-19,INDORAMA,37.6,37.89,36.36,36.59,49241.0,
2026-02-20,INDORAMA,36.59,37.12,36.11,36.88,62769.0,
2026-02-23,INDORAMA,36.86,37.44,36.05,36.48,95897.0,
2026-02-24,INDORAMA,36.15,36.9,35.79,36.12,71342.0,
2026-02-25,INDORAMA,36.2,36.49,35.53,35.86,93444.0,
2026-02-26,INDORAMA,35.26,36.68,35.2,35.86,199927.0,
2026-02-27,INDORAMA,35.26,36.1,34.97,35.43,82377.0,
2026-03-02,INDORAMA,34.76,35.31,33.91,34.64,142114.0,
2026-03-04,INDORAMA,33.16,34.14,33.16,33.75,94013.0,
2026-03-05,INDORAMA,34.07,34.79,33.5,34.54,62493.0,
2026-03-06,INDORAMA,34.48,35.42,33.1,33.89,264188.0,
2026-03-09,INDORAMA,33.05,34.45,31.0,33.9,171041.0,
2026-03-10,INDORAMA,34.2,34.43,33.6,34.1,77434.0,
2026-03-11,INDORAMA,34.18,35.05,34.0,34.81,63081.0,
2026-03-12,INDORAMA,34.32,35.65,34.15,35.25,69764.0,
2026-03-13,INDORAMA,35.5,35.5,31.75,32.67,259847.0,
2026-03-16,INDORAMA,32.97,33.3,30.3,31.95,385830.0,
2026-03-17,INDORAMA,32.2,32.48,30.91,31.95,386197.0,
2026-03-18,INDORAMA,32.0,33.35,31.81,32.97,229451.0,
2026-03-19,INDORAMA,33.0,33.0,31.2,31.33,185288.0,
2026-03-20,INDORAMA,32.7,32.7,30.9,31.35,274486.0,
2026-03-23,INDORAMA,31.35,31.81,29.0,31.52,985786.0,
2026-03-24,INDORAMA,32.85,32.85,30.31,31.4,272631.0,
2026-03-25,INDORAMA,31.7,33.8,30.9,32.58,264409.0,
2026-03-27,INDORAMA,32.75,33.3,30.51,31.03,690741.0,
2026-03-30,INDORAMA,32.0,32.01,30.0,30.09,163487.0,
2026-04-01,INDORAMA,30.26,32.98,30.26,32.63,105095.0,
2026-04-02,INDORAMA,32.64,32.91,31.6,32.56,89640.0,
2026-04-06,INDORAMA,33.13,33.9,32.35,33.52,54763.0,
2026-04-07,INDORAMA,33.36,34.49,32.84,33.94,62919.0,
2026-04-08,INDORAMA,35.0,35.7,34.26,35.13,138908.0,
2026-04-09,INDORAMA,35.7,35.79,34.58,34.97,60035.0,
2026-04-10,INDORAMA,35.05,36.4,35.05,35.58,99388.0,
2026-04-13,INDORAMA,34.8,37.54,33.96,37.1,208775.0,
2026-04-15,INDORAMA,37.51,39.45,37.51,39.16,206330.0,
2026-04-16,INDORAMA,39.6,40.65,38.85,39.21,215381.0,
2026-04-17,INDORAMA,39.49,39.97,39.1,39.69,90864.0,
2026-04-20,INDORAMA,39.68,40.92,38.25,38.45,94958.0,
2026-04-21,INDORAMA,38.25,38.37,37.7,37.81,96183.0,
2026-04-22,INDORAMA,38.47,38.47,37.72,37.99,110294.0,
2026-04-23,INDORAMA,38.0,38.2,37.6,37.74,89870.0,
2026-04-24,INDORAMA,37.8,39.13,37.56,38.11,70414.0,
2026-04-27,INDORAMA,38.9,40.58,38.35,39.6,262920.0,
2026-04-28,INDORAMA,39.7,39.7,38.81,39.23,84619.0,
2026-04-29,INDORAMA,39.4,39.87,37.79,38.13,164612.0,
2026-04-30,INDORAMA,38.65,38.65,37.94,38.36,47964.0,
2026-05-04,INDORAMA,38.99,39.0,37.76,38.1,83464.0,
2026-05-05,INDORAMA,38.28,38.74,37.75,37.98,38417.0,
2026-05-06,INDORAMA,38.15,39.35,37.95,39.07,85278.0,
2026-05-07,INDORAMA,39.33,39.78,38.5,39.4,62469.0,
2026-05-08,INDORAMA,38.6,39.59,38.6,39.29,59084.0,
2026-05-11,INDORAMA,38.51,39.8,38.07,39.27,93403.0,
2026-05-12,INDORAMA,39.94,39.94,37.12,37.81,81354.0,
2026-05-13,INDORAMA,38.98,38.98,37.41,37.53,34318.0,
2026-05-14,INDORAMA,38.0,38.23,36.5,36.74,55523.0,
2026-05-15,INDORAMA,36.74,37.35,35.9,36.07,62409.0,
2026-05-18,INDORAMA,37.64,37.64,34.46,35.16,74818.0,
2026-05-19,INDORAMA,35.28,36.29,34.21,35.31,55353.0,
2026-05-20,INDORAMA,35.15,35.98,35.15,35.46,36285.0,
2026-05-21,INDORAMA,36.45,36.45,34.5,35.34,110696.0,
2026-05-22,INDORAMA,35.5,36.59,35.31,35.97,120394.0,
2026-05-25,INDORAMA,36.03,37.71,36.03,37.06,60329.0,
2026-05-26,INDORAMA,40.0,44.47,39.4,44.47,1114662.0,
2026-05-27,INDORAMA,47.7,49.8,40.85,41.98,2406607.0,
2026-05-29,INDORAMA,42.47,42.82,40.6,41.1,285586.0,
2026-06-01,INDORAMA,41.25,44.47,41.25,42.83,640103.0,
2026-06-02,INDORAMA,42.8,43.4,42.36,42.82,229503.0,
2026-06-03,INDORAMA,44.0,44.84,42.4,43.78,211867.0,
2026-06-04,INDORAMA,44.6,45.78,43.9,44.46,264795.0,
2026-06-05,INDORAMA,45.0,46.0,44.67,45.78,292407.0,
2026-06-08,INDORAMA,45.78,46.6,43.0,43.83,426642.0,
2026-06-09,INDORAMA,44.5,49.52,44.5,46.96,535236.0,
2026-06-10,INDORAMA,47.69,49.45,45.23,45.68,236148.0,
2026-06-11,INDORAMA,45.68,45.99,44.12,44.27,65415.0,
2026-06-12,INDORAMA,45.38,46.29,44.17,45.35,204651.0,
2026-06-15,INDORAMA,46.6,47.74,45.65,45.91,208945.0,
2026-06-16,INDORAMA,45.91,46.77,45.3,45.95,138046.0,
2026-06-17,INDORAMA,46.0,46.23,44.8,45.2,208314.0,
2026-06-18,INDORAMA,45.47,47.2,45.22,46.62,157212.0,
2026-06-19,INDORAMA,46.58,46.9,45.7,46.17,90313.0,
2026-06-22,INDORAMA,46.17,47.55,46.0,46.42,132801.0,
2026-06-23,INDORAMA,46.4,46.79,44.85,45.12,76624.0,
2026-06-24,INDORAMA,45.51,47.0,45.15,46.03,125498.0,
2026-06-25,INDORAMA,46.38,46.38,45.12,45.63,95475.0,
2026-06-29,INDORAMA,45.79,45.79,44.64,44.88,45648.0,
2026-06-30,INDORAMA,44.92,44.92,44.1,44.32,42393.0,
2026-07-01,INDORAMA,44.36,46.75,44.35,45.3,169917.0,
2026-07-02,INDORAMA,45.35,45.95,45.03,45.72,37889.0,
2026-07-03,INDORAMA,45.77,52.6,45.45,50.38,3188679.0,
2026-07-06,INDORAMA,50.43,52.49,49.0,49.55,562143.0,
2026-07-07,INDORAMA,49.49,49.49,48.01,48.26,130269.0,
2026-07-08,INDORAMA,48.06,48.37,45.21,45.56,193447.0,
2026-07-09,INDORAMA,45.1,47.47,45.1,46.04,175781.0,
2026-07-10,INDORAMA,46.28,49.35,46.28,48.07,232596.0,
2026-07-13,INDORAMA,48.79,49.95,48.07,49.43,194214.0,
2026-07-14,INDORAMA,49.27,49.35,46.2,47.15,87296.0,
2026-07-15,INDORAMA,47.25,52.5,47.25,51.81,669197.0,
2026-07-16,INDORAMA,52.07,52.07,50.1,51.14,223705.0,
2026-07-17,INDORAMA,50.71,51.01,48.51,50.07,314481.0,
2026-07-20,INDORAMA,50.56,51.71,49.0,49.21,98003.0,
2026-07-21,INDORAMA,48.94,50.81,48.94,49.83,107050.0,
2026-07-22,INDORAMA,49.93,50.11,48.4,48.67,57293.0,
2026-07-23,INDORAMA,48.8,49.74,47.56,47.68,74317.0,
2026-07-24,INDORAMA,47.0,49.0,46.2,48.43,139569.0,
2026-07-27,INDORAMA,49.0,50.75,48.91,49.74,175679.0,
2026-07-28,INDORAMA,49.62,50.03,49.01,49.42,86995.0,
2026-07-29,INDORAMA,49.5,54.24,49.5,53.24,632024.0,
2026-07-30,INDORAMA,50.5,56.64,50.5,55.02,1548451.0,
2026-07-31,INDORAMA,55.0,57.9,55.0,56.25,662589.0,
2026-08-03,INDORAMA,56.55,64.85,56.55,63.49,2539412.0,
2026-08-04,INDORAMA,63.11,66.45,61.7,64.46,1285167.0,
2026-08-05,INDORAMA,64.47,65.41,62.1,62.84,305295.0,
2026-08-06,INDORAMA,63.0,64.0,59.51,60.37,399250.0,
2026-08-07,INDORAMA,60.0,62.04,59.1,59.45,124739.0,
2026-08-10,INDORAMA,58.21,60.7,56.01,56.41,259836.0,
2026-08-11,INDORAMA,56.56,59.3,56.1,58.05,232275.0,
2026-08-12,INDORAMA,58.4,60.35,57.07,58.16,239333.0,
2026-08-13,INDORAMA,58.1,58.85,56.52,57.07,131374.0,
2026-08-14,INDORAMA,57.07,57.99,55.52,56.09,120847.0,
2026-08-17,INDORAMA,56.09,56.37,54.32,54.76,98507.0,
2026-08-18,INDORAMA,54.2,59.29,54.1,56.81,1115047.0,
2026-08-19,INDORAMA,56.81,56.99,55.36,56.29,70893.0,
2026-08-20,INDORAMA,56.91,63.45,56.02,61.29,1356536.0,
2026-08-21,INDORAMA,61.76,65.82,61.01,62.69,871640.0,
2026-08-24,INDORAMA,62.69,63.8,62.1,62.61,206985.0,
2026-08-25,INDORAMA,62.61,62.76,59.89,60.53,148993.0,
2026-08-26,INDORAMA,60.2,62.88,59.41,61.22,163175.0,
2026-08-27,INDORAMA,61.56,64.98,61.21,63.87,532500.0,
2026-08-28,INDORAMA,64.89,64.89,61.81,63.65,451194.0,
2026-08-31,INDORAMA,65.85,69.0,63.17,65.92,1880656.0,
2026-09-01,INDORAMA,65.71,72.0,65.71,68.01,2138883.0,
2026-09-02,INDORAMA,69.99,69.99,65.5,66.77,435143.0,
2026-09-03,INDORAMA,67.6,72.44,67.57,68.87,873235.0,
2026-09-04,INDORAMA,69.79,74.25,69.55,72.96,1609101.0,
2026-09-07,INDORAMA,74.0,78.0,71.8,73.56,2102406.0,
2026-09-08,INDORAMA,74.25,76.0,70.72,74.98,1050466.0,
2026-09-09,INDORAMA,75.3,88.2,72.76,86.13,7613089.0,
2026-09-10,INDORAMA,85.68,90.0,81.75,82.93,3197552.0,
2026-09-11,INDORAMA,83.02,87.64,80.0,86.5,1794174.0,
2025-08-29,MANINFRA,160.1,161.36,157.17,157.59,254561.0,
2025-09-01,MANINFRA,157.9,160.38,157.6,159.57,211871.0,
2025-09-02,MANINFRA,160.75,163.4,159.1,160.7,309746.0,
2025-09-03,MANINFRA,160.7,163.7,160.32,162.6,235078.0,
2025-09-04,MANINFRA,163.9,163.9,160.62,161.4,193608.0,
2025-09-05,MANINFRA,161.4,161.9,159.92,160.39,118787.0,
2025-09-08,MANINFRA,160.19,162.75,153.01,153.42,985688.0,
2025-09-09,MANINFRA,154.2,157.05,152.85,153.15,456221.0,
2025-09-10,MANINFRA,154.0,159.95,154.0,156.16,287382.0,
2025-09-11,MANINFRA,156.0,157.5,155.01,155.59,243177.0,
2025-09-12,MANINFRA,156.95,156.95,152.86,153.36,249112.0,
2025-09-15,MANINFRA,154.0,157.04,153.64,154.12,398305.0,
2025-09-16,MANINFRA,154.81,159.0,153.8,158.45,493661.0,
2025-09-17,MANINFRA,158.5,159.69,157.21,158.04,251704.0,
2025-09-18,MANINFRA,157.99,160.39,155.0,157.7,1093612.0,
2025-09-19,MANINFRA,157.4,160.0,156.74,158.64,276877.0,
2025-09-22,MANINFRA,159.5,159.5,156.0,156.56,189844.0,
2025-09-23,MANINFRA,156.35,158.01,154.11,154.48,223970.0,
2025-09-24,MANINFRA,154.49,156.5,153.0,153.3,228952.0,
2025-09-25,MANINFRA,153.35,153.8,149.6,150.56,404784.0,
2025-09-26,MANINFRA,150.01,153.31,146.53,149.06,673049.0,
2025-09-29,MANINFRA,149.0,150.02,145.59,146.57,191230.0,
2025-09-30,MANINFRA,146.0,148.0,145.2,146.46,245950.0,
2025-10-01,MANINFRA,146.87,149.43,143.8,148.89,583776.0,
2025-10-03,MANINFRA,148.31,150.86,147.97,150.02,168047.0,
2025-10-06,MANINFRA,149.88,150.02,145.68,146.14,221480.0,
2025-10-07,MANINFRA,146.16,147.5,145.3,147.09,165958.0,
2025-10-08,MANINFRA,147.5,147.9,145.0,145.17,156711.0,
2025-10-09,MANINFRA,145.3,145.88,144.0,144.57,154613.0,
2025-10-10,MANINFRA,144.0,148.98,144.0,148.44,218619.0,
2025-10-13,MANINFRA,148.35,148.35,146.0,147.22,137549.0,
2025-10-14,MANINFRA,146.5,148.73,145.15,145.6,171866.0,
2025-10-15,MANINFRA,145.6,148.5,144.11,144.82,356875.0,
2025-10-16,MANINFRA,145.49,147.3,145.49,146.23,112593.0,
2025-10-17,MANINFRA,146.0,146.19,143.57,144.52,257129.0,
2025-10-20,MANINFRA,145.75,146.0,141.68,143.22,417491.0,
2025-10-21,MANINFRA,143.89,146.9,143.77,145.29,76909.0,
2025-10-23,MANINFRA,145.72,148.9,145.6,147.28,217267.0,
2025-10-24,MANINFRA,147.29,147.69,144.55,145.07,161101.0,
2025-10-27,MANINFRA,145.07,146.6,144.5,145.62,143101.0,
2025-10-28,MANINFRA,144.76,149.3,144.51,145.4,490944.0,
2025-10-29,MANINFRA,145.7,147.8,145.0,146.41,305832.0,
2025-10-30,MANINFRA,146.0,147.99,145.97,146.42,127227.0,
2025-10-31,MANINFRA,146.0,150.0,146.0,148.95,475591.0,
2025-11-03,MANINFRA,148.5,149.58,145.5,145.68,233778.0,
2025-11-04,MANINFRA,145.5,147.71,144.1,144.79,266423.0,
2025-11-06,MANINFRA,144.5,145.19,136.02,136.65,583601.0,
2025-11-07,MANINFRA,135.5,137.1,132.12,135.44,550779.0,
2025-11-10,MANINFRA,135.95,138.09,134.6,135.32,290032.0,
2025-11-11,MANINFRA,134.5,135.12,131.0,133.7,583876.0,
2025-11-12,MANINFRA,133.71,138.41,131.76,135.61,736506.0,
2025-11-13,MANINFRA,136.96,138.98,132.0,132.62,1617916.0,
2025-11-14,MANINFRA,132.62,135.62,130.1,132.83,930261.0,
2025-11-17,MANINFRA,132.8,135.2,132.1,134.31,579530.0,
2025-11-18,MANINFRA,133.79,134.29,129.6,130.07,675488.0,
2025-11-19,MANINFRA,129.7,131.75,125.8,127.9,1185398.0,
2025-11-20,MANINFRA,127.67,128.17,124.8,125.22,591157.0,
2025-11-21,MANINFRA,124.9,124.94,122.5,123.13,649329.0,
2025-11-24,MANINFRA,122.0,122.56,117.12,119.04,4222433.0,
2025-11-25,MANINFRA,117.25,123.78,117.25,122.39,710145.0,
2025-11-26,MANINFRA,122.99,129.5,122.99,128.37,1737951.0,
2025-11-27,MANINFRA,129.98,130.5,126.0,129.9,1256968.0,
2025-11-28,MANINFRA,129.9,130.35,127.6,128.19,387422.0,
2025-12-01,MANINFRA,128.4,133.76,128.16,133.06,806159.0,
2025-12-02,MANINFRA,133.45,133.62,130.01,131.87,516206.0,
2025-12-03,MANINFRA,131.5,137.45,130.1,134.46,797041.0,
2025-12-04,MANINFRA,135.43,137.41,133.63,136.53,836520.0,
2025-12-05,MANINFRA,135.9,136.09,132.11,134.38,539875.0,
2025-12-08,MANINFRA,133.0,133.47,130.0,131.11,406547.0,
2025-12-09,MANINFRA,129.8,135.6,128.11,134.17,727064.0,
2025-12-10,MANINFRA,133.81,134.43,130.0,130.38,218004.0,
2025-12-11,MANINFRA,130.3,132.52,129.3,130.36,278497.0,
2025-12-12,MANINFRA,130.36,132.0,128.67,131.1,296578.0,
2025-12-15,MANINFRA,131.07,131.07,129.0,129.26,169060.0,
2025-12-16,MANINFRA,129.26,130.24,128.0,128.45,369017.0,
2025-12-17,MANINFRA,128.5,129.3,127.0,128.63,231601.0,
2025-12-18,MANINFRA,128.18,128.87,126.4,126.72,139580.0,
2025-12-19,MANINFRA,126.92,128.74,126.52,127.7,163777.0,
2025-12-22,MANINFRA,128.01,131.0,126.42,129.93,826953.0,
2025-12-23,MANINFRA,129.53,132.03,128.65,130.29,272675.0,
2025-12-24,MANINFRA,130.0,132.4,128.4,129.25,494886.0,
2025-12-26,MANINFRA,129.25,131.86,128.36,129.14,208359.0,
2025-12-29,MANINFRA,129.14,133.3,128.61,129.01,399774.0,
2025-12-30,MANINFRA,129.0,129.06,125.8,126.17,216783.0,
2025-12-31,MANINFRA,126.0,129.41,126.0,127.88,173413.0,
2026-01-01,MANINFRA,127.9,128.9,127.15,127.68,83262.0,
2026-01-02,MANINFRA,127.6,130.31,127.31,129.57,655302.0,
2026-01-05,MANINFRA,130.2,131.76,127.31,128.52,277730.0,
2026-01-06,MANINFRA,128.3,129.4,126.25,126.96,187248.0,
2026-01-07,MANINFRA,126.96,127.0,125.0,125.13,156403.0,
2026-01-08,MANINFRA,124.46,125.04,121.51,122.38,234064.0,
2026-01-09,MANINFRA,121.5,122.1,119.56,120.23,297767.0,
2026-01-12,MANINFRA,119.98,120.2,115.8,118.44,326549.0,
2026-01-13,MANINFRA,118.0,120.69,117.56,118.6,231539.0,
2026-01-14,MANINFRA,118.0,119.22,115.56,116.05,370354.0,
2026-01-16,MANINFRA,116.9,118.9,114.25,115.5,479630.0,
2026-01-19,MANINFRA,114.32,117.0,112.53,115.25,641541.0,
2026-01-20,MANINFRA,115.0,115.0,110.2,110.63,432165.0,
2026-01-21,MANINFRA,110.0,111.0,107.05,107.78,407875.0,
2026-01-22,MANINFRA,108.99,110.0,106.74,107.18,378457.0,
2026-01-23,MANINFRA,107.1,108.5,104.13,105.39,638868.0,
2026-01-27,MANINFRA,105.0,106.04,99.0,103.38,378169.0,
2026-01-28,MANINFRA,103.0,107.49,103.0,106.96,349396.0,
2026-01-29,MANINFRA,106.95,109.52,103.55,108.3,872912.0,
2026-01-30,MANINFRA,107.94,111.17,105.49,110.09,457986.0,
2026-02-02,MANINFRA,105.69,107.5,104.34,106.96,300292.0,
2026-02-03,MANINFRA,110.94,111.0,107.12,110.41,412320.0,
2026-02-04,MANINFRA,109.55,118.34,109.55,117.29,997694.0,
2026-02-05,MANINFRA,118.7,119.29,116.24,116.65,278040.0,
2026-02-06,MANINFRA,115.99,116.2,113.53,115.37,188412.0,
2026-02-09,MANINFRA,116.0,121.29,116.0,120.13,474080.0,
2026-02-10,MANINFRA,120.0,124.8,120.0,124.23,689454.0,
2026-02-11,MANINFRA,125.19,125.83,114.67,117.33,1971455.0,
2026-02-12,MANINFRA,117.39,118.27,112.87,113.32,352989.0,
2026-02-13,MANINFRA,112.25,113.32,109.8,111.23,336507.0,
2026-02-16,MANINFRA,110.51,113.59,108.94,112.55,294914.0,
2026-02-17,MANINFRA,112.0,115.09,111.55,113.1,178795.0,
2026-02-18,MANINFRA,112.51,115.0,111.3,111.97,202680.0,
2026-02-19,MANINFRA,111.7,112.89,110.4,110.85,166523.0,
2026-02-20,MANINFRA,110.0,112.79,109.2,111.27,193473.0,
2026-02-23,MANINFRA,111.0,112.25,110.05,110.82,236328.0,
2026-02-24,MANINFRA,109.8,110.68,108.01,108.21,385315.0,
2026-02-25,MANINFRA,107.87,109.18,106.0,106.2,247361.0,
2026-02-26,MANINFRA,107.2,111.2,106.96,107.94,361791.0,
2026-02-27,MANINFRA,107.5,107.76,105.4,106.34,190422.0,
2026-03-02,MANINFRA,101.99,104.93,101.15,102.31,254758.0,
2026-03-04,MANINFRA,100.28,101.8,98.65,100.26,294126.0,
2026-03-05,MANINFRA,101.2,104.8,99.0,100.53,367304.0,
2026-03-06,MANINFRA,100.29,101.78,99.0,99.46,206335.0,
2026-03-09,MANINFRA,97.0,98.02,93.94,96.92,514564.0,
2026-03-10,MANINFRA,98.09,100.95,97.13,99.68,345195.0,
2026-03-11,MANINFRA,99.48,102.5,97.73,98.49,449105.0,
2026-03-12,MANINFRA,97.7,100.61,96.07,98.21,511960.0,
2026-03-13,MANINFRA,97.52,98.31,94.22,94.69,511967.0,
2026-03-16,MANINFRA,94.2,95.22,91.41,93.01,538684.0,
2026-03-17,MANINFRA,93.05,94.9,88.92,89.87,1251395.0,
2026-03-18,MANINFRA,89.87,95.64,89.87,93.63,906987.0,
2026-03-19,MANINFRA,92.22,93.51,90.0,90.36,427137.0,
2026-03-20,MANINFRA,90.95,93.56,90.75,91.09,454573.0,
2026-03-23,MANINFRA,90.01,90.32,85.1,85.8,943413.0,
2026-03-24,MANINFRA,86.86,88.89,85.01,86.73,944138.0,
2026-03-25,MANINFRA,87.3,90.23,87.3,88.91,1270477.0,
2026-03-27,MANINFRA,91.4,91.4,84.5,87.05,4662964.0,
2026-03-30,MANINFRA,86.0,86.79,77.12,78.44,1824059.0,
2026-04-01,MANINFRA,81.59,86.94,81.59,85.36,2121613.0,
2026-04-02,MANINFRA,84.0,86.04,80.3,85.48,1817500.0,
2026-04-06,MANINFRA,85.0,89.99,82.77,89.33,1202119.0,
2026-04-07,MANINFRA,88.12,90.9,88.12,89.41,339244.0,
2026-04-08,MANINFRA,97.8,97.8,92.28,93.9,645711.0,
2026-04-09,MANINFRA,93.15,95.0,91.56,92.18,294840.0,
2026-04-10,MANINFRA,92.2,95.0,92.2,92.98,648935.0,
2026-04-13,MANINFRA,89.11,94.2,89.11,93.06,765452.0,
2026-04-15,MANINFRA,94.58,99.0,94.53,96.52,802445.0,
2026-04-16,MANINFRA,97.24,99.18,95.62,97.28,309353.0,
2026-04-17,MANINFRA,97.45,100.74,96.0,96.78,619013.0,
2026-04-20,MANINFRA,97.55,97.55,94.54,96.08,393514.0,
2026-04-21,MANINFRA,96.48,101.99,95.51,100.62,1462681.0,
2026-04-22,MANINFRA,100.62,103.99,100.2,102.77,1523627.0,
2026-04-23,MANINFRA,102.65,112.89,101.92,110.59,4934417.0,
2026-04-24,MANINFRA,110.95,117.2,109.71,113.53,5649465.0,
2026-04-27,MANINFRA,114.1,116.9,113.61,116.47,3367468.0,
2026-04-28,MANINFRA,116.5,118.34,114.05,116.34,2682038.0,
2026-04-29,MANINFRA,116.9,124.48,116.01,118.9,7540163.0,
2026-04-30,MANINFRA,118.0,123.05,116.47,120.35,4071900.0,
2026-05-04,MANINFRA,122.05,126.49,121.1,123.64,3990608.0,
2026-05-05,MANINFRA,122.6,127.15,121.5,125.49,3576004.0,
2026-05-06,MANINFRA,126.0,128.5,123.51,127.51,3232778.0,
2026-05-07,MANINFRA,128.25,135.4,128.25,134.76,4911614.0,
2026-05-08,MANINFRA,134.61,138.69,134.0,134.73,3998025.0,
2026-05-11,MANINFRA,134.0,136.45,133.05,133.91,2569609.0,
2026-05-12,MANINFRA,134.0,137.35,129.51,130.24,3555270.0,
2026-05-13,MANINFRA,131.2,132.89,126.21,127.73,2391242.0,
2026-05-14,MANINFRA,125.0,125.5,117.1,119.06,3600954.0,
2026-05-15,MANINFRA,119.95,121.5,115.57,117.58,2095527.0,
2026-05-18,MANINFRA,120.0,122.49,116.09,119.02,3937892.0,
2026-05-19,MANINFRA,120.1,123.99,119.5,119.94,2868026.0,
2026-05-20,MANINFRA,120.16,122.95,119.07,119.82,2690195.0,
2026-05-21,MANINFRA,120.58,124.0,117.56,118.19,1284589.0,
2026-05-22,MANINFRA,118.95,120.5,116.55,118.34,1240723.0,
2026-05-25,MANINFRA,118.99,119.6,114.24,115.0,2065353.0,
2026-05-26,MANINFRA,115.59,119.4,115.0,115.57,1717776.0,
2026-05-27,MANINFRA,115.5,117.47,114.12,116.11,1629056.0,
2026-05-29,MANINFRA,116.35,120.5,113.35,115.24,1475016.0,
2026-06-01,MANINFRA,116.0,117.89,113.55,114.12,1100438.0,
2026-06-02,MANINFRA,113.9,119.49,112.5,118.3,2432161.0,
2026-06-03,MANINFRA,119.0,120.95,114.49,115.02,1483997.0,
2026-06-04,MANINFRA,114.98,116.0,110.71,111.36,2229991.0,
2026-06-05,MANINFRA,113.0,115.3,111.5,114.1,1828138.0,
2026-06-08,MANINFRA,112.99,115.5,110.8,111.33,1600770.0,
2026-06-09,MANINFRA,111.33,116.19,111.32,115.03,1305460.0,
2026-06-10,MANINFRA,115.03,117.4,112.54,112.97,2901758.0,
2026-06-11,MANINFRA,113.0,113.95,109.4,110.18,1753293.0,
2026-06-12,MANINFRA,111.7,112.81,110.01,110.98,1699848.0,
2026-06-15,MANINFRA,111.9,118.0,110.7,115.71,7366037.0,
2026-06-16,MANINFRA,116.03,116.53,112.81,113.26,2184861.0,
2026-06-17,MANINFRA,114.1,114.5,105.65,106.21,3052923.0,
2026-06-18,MANINFRA,106.4,108.99,105.2,105.63,2708622.0,
2026-06-19,MANINFRA,106.72,106.75,104.4,104.97,1035988.0,
2026-06-22,MANINFRA,105.5,110.25,105.06,106.78,3734680.0,
2026-06-23,MANINFRA,107.0,107.65,103.1,104.01,1225106.0,
2026-06-24,MANINFRA,104.05,107.5,102.83,104.69,4229669.0,
2026-06-25,MANINFRA,105.8,106.55,103.8,104.38,1745771.0,
2026-06-29,MANINFRA,104.38,106.8,102.75,104.64,2169848.0,
2026-06-30,MANINFRA,104.38,106.95,103.78,104.18,1748340.0,
2026-07-01,MANINFRA,104.18,107.0,103.74,104.05,1862560.0,
2026-07-02,MANINFRA,104.3,106.9,104.3,105.75,1893219.0,
2026-07-03,MANINFRA,106.36,108.0,105.15,105.35,1492624.0,
2026-07-06,MANINFRA,106.37,107.25,103.5,103.96,1236810.0,
2026-07-07,MANINFRA,104.02,104.04,101.3,102.19,548152.0,
2026-07-08,MANINFRA,101.9,104.4,99.6,100.52,1026450.0,
2026-07-09,MANINFRA,100.52,105.74,100.3,100.79,3336831.0,
2026-07-10,MANINFRA,101.5,104.9,101.5,104.65,1410725.0,
2026-07-13,MANINFRA,104.0,107.34,103.5,105.09,1712061.0,
2026-07-14,MANINFRA,104.9,104.91,102.45,102.7,782105.0,
2026-07-15,MANINFRA,103.72,103.75,102.1,102.57,419476.0,
2026-07-16,MANINFRA,102.8,102.89,101.15,101.6,341433.0,
2026-07-17,MANINFRA,101.88,101.88,100.01,101.28,278584.0,
2026-07-20,MANINFRA,102.59,102.59,100.25,100.54,436084.0,
2026-07-21,MANINFRA,100.75,100.75,99.5,99.67,567884.0,
2026-07-22,MANINFRA,99.99,100.15,97.5,98.61,855654.0,
2026-07-23,MANINFRA,97.81,100.15,97.01,97.68,1199604.0,
2026-07-24,MANINFRA,97.0,97.75,95.52,96.68,758346.0,
2026-07-27,MANINFRA,97.15,98.93,97.15,98.38,303888.0,
2026-07-28,MANINFRA,99.0,99.43,97.01,97.42,316061.0,
2026-07-29,MANINFRA,98.53,98.53,96.01,97.08,556330.0,
2026-07-30,MANINFRA,97.05,97.08,95.8,96.09,282015.0,
2026-07-31,MANINFRA,96.6,98.54,96.05,98.08,498292.0,
2026-08-03,MANINFRA,98.99,102.25,98.6,99.82,1280728.0,
2026-08-04,MANINFRA,99.24,113.2,99.11,111.61,9068086.0,
2026-08-05,MANINFRA,113.3,115.0,111.32,113.47,2340787.0,
2026-08-06,MANINFRA,113.0,114.4,109.51,110.41,911356.0,
2026-08-07,MANINFRA,111.15,117.3,111.1,113.85,4913160.0,
2026-08-10,MANINFRA,114.0,117.01,112.0,113.64,3616270.0,
2026-08-11,MANINFRA,114.0,114.7,110.96,111.36,1438179.0,
2026-08-12,MANINFRA,113.0,116.49,107.11,108.55,5029976.0,
2026-08-13,MANINFRA,108.2,109.07,103.36,104.77,1569756.0,
2026-08-14,MANINFRA,107.0,108.56,105.11,106.15,1031223.0,
2026-08-17,MANINFRA,106.15,107.25,103.6,104.12,1434348.0,
2026-08-18,MANINFRA,103.21,108.98,101.7,106.02,5583898.0,
2026-08-19,MANINFRA,106.02,110.45,105.24,109.99,2206548.0,
2026-08-20,MANINFRA,110.59,111.11,108.51,110.29,1279267.0,
2026-08-21,MANINFRA,110.92,111.0,107.65,108.67,572245.0,
2026-08-24,MANINFRA,109.54,114.4,108.7,113.68,2234263.0,
2026-08-25,MANINFRA,114.38,114.47,112.14,113.86,884939.0,
2026-08-26,MANINFRA,114.0,115.39,113.22,114.51,1094009.0,
2026-08-27,MANINFRA,116.85,116.9,114.9,115.46,2358626.0,
2026-08-28,MANINFRA,116.02,123.45,116.02,122.81,7397297.0,
2026-08-31,MANINFRA,122.81,123.9,120.81,122.62,2592923.0,
2026-09-01,MANINFRA,123.69,126.44,121.57,124.56,8700614.0,
2026-09-02,MANINFRA,124.99,125.08,119.11,123.27,3095001.0,
2026-09-03,MANINFRA,122.88,125.55,120.6,124.59,2550009.0,
2026-09-04,MANINFRA,126.0,128.3,123.78,124.8,1748780.0,
2026-09-07,MANINFRA,125.5,127.79,124.0,124.42,1448189.0,
2026-09-08,MANINFRA,124.75,131.0,123.15,127.75,4913934.0,
2026-09-09,MANINFRA,128.0,130.98,127.72,128.72,3598189.0,
2026-09-10,MANINFRA,129.1,129.65,127.42,128.66,1843204.0,
2026-09-11,MANINFRA,127.95,127.95,125.7,126.87,1968685.0,
2025-08-29,MBEL,431.5,442.95,426.2,432.8,615683.0,
2025-09-01,MBEL,437.1,439.8,426.6,434.6,377731.0,
2025-09-02,MBEL,435.8,448.4,431.0,435.3,434212.0,
2025-09-03,MBEL,434.0,438.65,412.95,415.95,1080736.0,
2025-09-04,MBEL,422.7,422.95,403.9,410.85,573633.0,
2025-09-05,MBEL,413.6,421.7,397.25,413.8,913812.0,
2025-09-08,MBEL,420.0,439.8,420.0,434.0,807634.0,
2025-09-09,MBEL,430.9,434.05,425.0,428.45,289103.0,
2025-09-10,MBEL,431.45,438.0,421.65,428.85,429585.0,
2025-09-11,MBEL,428.85,428.85,417.7,419.85,249783.0,
2025-09-12,MBEL,422.3,430.0,417.0,428.2,244657.0,
2025-09-15,MBEL,431.0,433.5,420.25,422.75,200131.0,
2025-09-16,MBEL,425.7,425.95,417.5,418.95,257667.0,
2025-09-17,MBEL,421.7,424.0,412.25,413.75,289209.0,
2025-09-18,MBEL,417.95,422.35,415.2,417.2,184815.0,
2025-09-19,MBEL,418.2,434.0,415.25,431.2,378194.0,
2025-09-22,MBEL,432.9,439.85,422.65,424.15,337069.0,
2025-09-23,MBEL,424.9,424.9,412.5,419.4,316536.0,
2025-09-24,MBEL,417.7,417.85,410.0,411.65,188994.0,
2025-09-25,MBEL,413.45,413.45,400.0,401.75,252399.0,
2025-09-26,MBEL,400.0,403.9,385.1,389.35,365496.0,
2025-09-29,MBEL,397.1,398.2,385.0,390.1,159209.0,
2025-09-30,MBEL,389.0,392.9,381.9,383.25,183041.0,
2025-10-01,MBEL,384.0,406.9,383.1,400.8,316761.0,
2025-10-03,MBEL,406.8,406.8,388.65,391.4,219495.0,
2025-10-06,MBEL,391.4,394.1,384.95,387.5,189066.0,
2025-10-07,MBEL,391.0,391.05,378.85,380.9,146552.0,
2025-10-08,MBEL,384.65,384.65,370.0,373.55,221352.0,
2025-10-09,MBEL,373.55,375.45,364.0,365.85,209939.0,
2025-10-10,MBEL,370.0,388.0,368.0,376.95,452695.0,
2025-10-13,MBEL,373.0,375.1,367.45,368.35,102509.0,
2025-10-14,MBEL,368.95,419.85,366.3,406.75,4679708.0,
2025-10-15,MBEL,410.0,427.6,407.95,423.55,845747.0,
2025-10-16,MBEL,420.2,439.9,417.25,430.9,853086.0,
2025-10-17,MBEL,433.0,446.8,430.85,442.1,1077673.0,
2025-10-20,MBEL,445.0,446.0,435.0,441.6,337863.0,
2025-10-21,MBEL,445.0,451.95,444.95,449.25,200271.0,
2025-10-23,MBEL,455.85,464.4,450.5,457.8,601530.0,
2025-10-24,MBEL,460.0,477.8,454.5,472.7,915862.0,
2025-10-27,MBEL,475.0,476.8,458.0,465.15,530648.0,
2025-10-28,MBEL,464.9,468.0,448.35,453.05,310784.0,
2025-10-29,MBEL,453.05,468.0,451.0,461.8,256549.0,
2025-10-30,MBEL,464.65,474.8,459.6,464.95,385110.0,
2025-10-31,MBEL,465.0,466.0,450.0,454.6,181537.0,
2025-11-03,MBEL,449.05,465.0,444.0,453.7,771568.0,
2025-11-04,MBEL,453.7,460.05,444.1,450.2,748340.0,
2025-11-06,MBEL,446.0,449.05,431.3,437.4,305100.0,
2025-11-07,MBEL,439.15,524.85,435.9,502.75,8373413.0,
2025-11-10,MBEL,508.5,535.9,506.15,514.25,2930076.0,
2025-11-11,MBEL,518.9,518.9,413.05,436.0,4803327.0,
2025-11-12,MBEL,439.5,468.0,425.3,437.25,1505923.0,
2025-11-13,MBEL,435.5,446.75,433.15,440.05,562228.0,
2025-11-14,MBEL,435.0,443.9,434.1,437.45,234006.0,
2025-11-17,MBEL,436.0,442.45,427.55,428.7,318355.0,
2025-11-18,MBEL,431.9,431.9,418.65,420.35,227541.0,
2025-11-19,MBEL,420.35,422.5,401.1,405.4,388960.0,
2025-11-20,MBEL,406.9,408.05,391.0,394.8,412283.0,
2025-11-21,MBEL,394.95,400.45,390.0,393.35,258143.0,
2025-11-24,MBEL,393.35,394.95,380.55,384.1,151089.0,
2025-11-25,MBEL,387.45,388.75,380.0,382.1,197168.0,
2025-11-26,MBEL,384.1,398.95,384.0,393.95,298517.0,
2025-11-27,MBEL,400.5,410.65,388.3,392.15,391227.0,
2025-11-28,MBEL,393.0,394.9,382.05,390.1,186901.0,
2025-12-01,MBEL,395.0,397.1,385.0,387.05,141525.0,
2025-12-02,MBEL,385.05,387.6,379.5,380.95,130548.0,
2025-12-03,MBEL,383.9,383.9,371.9,379.65,139971.0,
2025-12-04,MBEL,379.0,382.45,368.65,371.7,202463.0,
2025-12-05,MBEL,375.4,375.45,362.7,364.75,146349.0,
2025-12-08,MBEL,365.55,371.95,350.05,352.05,153536.0,
2025-12-09,MBEL,351.85,392.0,349.85,379.5,1190618.0,
2025-12-10,MBEL,383.4,383.4,367.65,372.2,139425.0,
2025-12-11,MBEL,378.15,378.15,363.0,369.7,137984.0,
2025-12-12,MBEL,369.7,379.9,368.4,378.0,134817.0,
2025-12-15,MBEL,378.0,383.1,373.35,380.4,77677.0,
2025-12-16,MBEL,383.7,390.1,375.3,385.25,151009.0,
2025-12-17,MBEL,383.0,386.6,370.0,381.95,137979.0,
2025-12-18,MBEL,381.0,384.7,368.5,376.85,177146.0,
2025-12-19,MBEL,385.0,385.0,370.1,374.65,117016.0,
2025-12-22,MBEL,377.65,383.9,376.7,379.0,100253.0,
2025-12-23,MBEL,379.3,379.3,365.0,368.75,134261.0,
2025-12-24,MBEL,371.0,397.4,371.0,391.35,858671.0,
2025-12-26,MBEL,392.0,395.1,380.1,381.85,197262.0,
2025-12-29,MBEL,389.8,389.8,372.25,377.9,159406.0,
2025-12-30,MBEL,380.9,380.9,372.5,376.3,83574.0,
2025-12-31,MBEL,380.05,387.8,377.35,382.95,118674.0,
2026-01-01,MBEL,382.0,387.45,381.0,382.45,103637.0,
2026-01-02,MBEL,385.0,386.8,377.45,384.2,167600.0,
2026-01-05,MBEL,385.0,387.55,371.35,374.2,214430.0,
2026-01-06,MBEL,375.0,378.45,371.65,374.3,96196.0,
2026-01-07,MBEL,374.3,375.2,371.65,372.7,46036.0,
2026-01-08,MBEL,370.4,372.35,358.15,362.55,157304.0,
2026-01-09,MBEL,362.55,363.8,346.45,350.55,159936.0,
2026-01-12,MBEL,352.0,352.0,340.0,345.15,157204.0,
2026-01-13,MBEL,345.0,355.0,345.0,348.85,84659.0,
2026-01-14,MBEL,349.0,352.0,340.2,341.6,87035.0,
2026-01-16,MBEL,343.0,344.35,332.65,333.65,83748.0,
2026-01-19,MBEL,333.65,342.85,330.1,339.25,122318.0,
2026-01-20,MBEL,339.0,339.0,320.9,321.95,120271.0,
2026-01-21,MBEL,321.95,326.55,305.65,310.65,133266.0,
2026-01-22,MBEL,316.45,326.2,311.0,317.35,83305.0,
2026-01-23,MBEL,319.9,319.9,296.15,298.55,204417.0,
2026-01-27,MBEL,309.0,309.0,291.0,296.15,175523.0,
2026-01-28,MBEL,300.25,306.3,297.2,302.75,83406.0,
2026-01-29,MBEL,308.8,309.95,296.65,300.35,75138.0,
2026-01-30,MBEL,300.35,333.65,295.4,317.45,314071.0,
2026-02-02,MBEL,306.75,314.9,291.0,305.75,117964.0,
2026-02-03,MBEL,335.5,366.9,326.55,334.7,779930.0,
2026-02-04,MBEL,337.4,364.8,330.0,356.6,290689.0,
2026-02-05,MBEL,359.45,387.0,346.95,371.9,178746.0,
2026-02-06,MBEL,370.25,378.1,360.0,364.5,235778.0,
2026-02-09,MBEL,368.85,385.0,332.65,351.25,1105441.0,
2026-02-10,MBEL,353.7,362.65,341.0,344.4,200178.0,
2026-02-11,MBEL,347.5,348.0,330.35,332.9,111466.0,
2026-02-12,MBEL,337.45,337.45,320.3,333.15,135519.0,
2026-02-13,MBEL,332.0,345.9,332.0,337.7,112378.0,
2026-02-16,MBEL,338.9,354.7,334.8,353.55,188146.0,
2026-02-17,MBEL,348.2,355.45,345.15,350.65,104791.0,
2026-02-18,MBEL,351.9,364.85,341.2,355.25,338709.0,
2026-02-19,MBEL,358.1,361.5,353.8,358.3,101620.0,
2026-02-20,MBEL,358.3,358.65,353.95,355.2,81455.0,
2026-02-23,MBEL,356.0,356.4,323.75,325.1,454892.0,
2026-02-24,MBEL,326.0,330.95,311.0,315.05,243457.0,
2026-02-25,MBEL,316.6,320.9,298.95,302.7,209909.0,
2026-02-26,MBEL,305.0,305.7,295.25,298.45,250045.0,
2026-02-27,MBEL,301.4,301.45,291.6,297.4,169053.0,
2026-03-02,MBEL,281.0,307.5,281.0,292.05,264505.0,
2026-03-04,MBEL,289.75,294.8,284.05,288.85,185987.0,
2026-03-05,MBEL,290.0,294.95,282.55,290.85,143005.0,
2026-03-06,MBEL,290.85,299.75,287.9,295.15,87244.0,
2026-03-09,MBEL,287.0,294.95,281.0,288.2,85057.0,
2026-03-10,MBEL,294.55,303.9,288.55,300.45,117966.0,
2026-03-11,MBEL,302.45,313.45,295.55,298.7,120451.0,
2026-03-12,MBEL,296.0,299.5,289.0,293.45,73231.0,
2026-03-13,MBEL,289.0,294.8,281.7,282.85,100603.0,
2026-03-16,MBEL,281.3,288.9,270.0,286.65,135354.0,
2026-03-17,MBEL,290.95,291.75,280.0,280.75,104605.0,
2026-03-18,MBEL,283.0,288.95,277.3,281.35,214978.0,
2026-03-19,MBEL,277.0,277.4,265.0,267.8,138279.0,
2026-03-20,MBEL,270.0,278.0,268.4,271.05,85217.0,
2026-03-23,MBEL,262.5,264.6,246.0,248.0,257606.0,
2026-03-24,MBEL,252.0,253.5,243.1,249.8,236888.0,
2026-03-25,MBEL,253.5,287.9,252.0,269.7,1928853.0,
2026-03-27,MBEL,265.0,267.05,241.6,244.15,618700.0,
2026-03-30,MBEL,244.0,249.1,223.05,226.45,473173.0,
2026-04-01,MBEL,230.0,259.27,230.0,253.62,516619.0,
2026-04-02,MBEL,244.4,270.0,241.0,266.29,373360.0,
2026-04-06,MBEL,261.0,299.89,261.0,292.6,1025395.0,
2026-04-07,MBEL,291.15,308.4,287.07,297.46,379989.0,
2026-04-08,MBEL,309.0,319.45,305.0,308.33,267390.0,
2026-04-09,MBEL,308.33,312.95,300.1,303.4,167843.0,
2026-04-10,MBEL,307.0,310.2,303.0,305.43,100681.0,
2026-04-13,MBEL,299.0,314.95,290.68,309.73,179610.0,
2026-04-15,MBEL,316.0,324.0,312.0,321.43,197995.0,
2026-04-16,MBEL,328.0,330.5,320.05,327.02,119088.0,
2026-04-17,MBEL,329.0,337.0,324.35,329.37,181655.0,
2026-04-20,MBEL,335.0,346.67,324.28,338.84,242031.0,
2026-04-21,MBEL,341.55,343.92,334.13,337.24,95448.0,
2026-04-22,MBEL,337.2,340.79,327.07,337.25,120587.0,
2026-04-23,MBEL,337.5,342.0,327.8,330.02,111790.0,
2026-04-24,MBEL,328.0,333.67,310.37,317.45,108207.0,
2026-04-27,MBEL,318.59,338.0,318.59,333.6,146267.0,
2026-04-28,MBEL,333.0,342.25,331.57,333.97,123336.0,
2026-04-29,MBEL,333.0,341.98,332.43,334.76,94801.0,
2026-04-30,MBEL,334.7,335.66,324.0,332.08,57525.0,
2026-05-04,MBEL,335.0,345.65,332.0,337.2,126892.0,
2026-05-05,MBEL,341.0,341.0,332.0,332.8,91863.0,
2026-05-06,MBEL,329.0,329.0,318.6,321.6,291363.0,
2026-05-07,MBEL,324.15,328.9,320.1,326.5,119943.0,
2026-05-08,MBEL,326.0,328.65,320.4,322.1,86000.0,
2026-05-11,MBEL,322.0,333.55,320.0,323.6,123713.0,
2026-05-12,MBEL,325.2,333.0,283.6,290.3,1249508.0,
2026-05-13,MBEL,285.25,303.0,285.25,300.3,230345.0,
2026-05-14,MBEL,302.7,309.9,285.0,308.2,235377.0,
2026-05-15,MBEL,309.95,311.6,301.75,309.2,51558.0,
2026-05-18,MBEL,304.6,309.0,294.25,305.6,116545.0,
2026-05-19,MBEL,301.6,312.0,299.0,301.1,129910.0,
2026-05-20,MBEL,296.7,300.9,293.5,294.85,79493.0,
2026-05-21,MBEL,298.85,300.0,289.0,291.4,102596.0,
2026-05-22,MBEL,296.0,300.0,288.0,293.7,83522.0,
2026-05-25,MBEL,299.0,316.0,293.0,310.7,190518.0,
2026-05-26,MBEL,311.15,316.6,306.1,308.95,91268.0,
2026-05-27,MBEL,309.95,311.35,302.9,304.35,52113.0,
2026-05-29,MBEL,306.5,307.05,292.2,298.45,85609.0,
2026-06-01,MBEL,297.0,304.2,293.5,297.85,61614.0,
2026-06-02,MBEL,295.9,298.9,288.7,295.25,109695.0,
2026-06-03,MBEL,296.55,296.55,289.0,289.85,99213.0,
2026-06-04,MBEL,288.4,291.4,282.05,283.8,166369.0,
2026-06-05,MBEL,285.5,291.0,277.0,280.55,117955.0,
2026-06-08,MBEL,277.9,279.8,268.25,270.35,64070.0,
2026-06-09,MBEL,272.0,277.95,270.35,275.8,77489.0,
2026-06-10,MBEL,275.8,278.8,268.0,269.55,63969.0,
2026-06-11,MBEL,269.9,285.0,265.0,283.3,232247.0,
2026-06-12,MBEL,284.95,291.65,280.6,287.05,134078.0,
2026-06-15,MBEL,294.95,318.95,292.1,306.7,750884.0,
2026-06-16,MBEL,309.65,312.05,304.05,309.4,190396.0,
2026-06-17,MBEL,309.0,310.95,304.5,306.1,272233.0,
2026-06-18,MBEL,305.0,318.0,304.15,311.5,300356.0,
2026-06-19,MBEL,312.0,325.95,307.05,310.55,331793.0,
2026-06-22,MBEL,310.5,316.0,307.55,311.55,129387.0,
2026-06-23,MBEL,309.9,312.05,301.95,306.05,138735.0,
2026-06-24,MBEL,306.05,311.95,303.25,305.15,86150.0,
2026-06-25,MBEL,308.0,310.4,300.5,303.5,151479.0,
2026-06-29,MBEL,304.0,314.25,304.0,308.35,130056.0,
2026-06-30,MBEL,311.0,314.0,304.0,310.65,120750.0,
2026-07-01,MBEL,316.65,327.65,315.0,319.15,406065.0,
2026-07-02,MBEL,319.0,334.2,316.0,328.4,369675.0,
2026-07-03,MBEL,331.5,332.25,322.35,325.25,136231.0,
2026-07-06,MBEL,327.9,338.0,326.5,332.0,244332.0,
2026-07-07,MBEL,332.0,332.15,320.1,321.2,77783.0,
2026-07-08,MBEL,320.05,323.1,305.0,307.2,165778.0,
2026-07-09,MBEL,309.75,323.0,307.8,310.25,143415.0,
2026-07-10,MBEL,313.0,321.95,312.6,319.6,100288.0,
2026-07-13,MBEL,320.0,344.6,315.55,337.7,441489.0,
2026-07-14,MBEL,339.0,339.95,328.0,330.8,150438.0,
2026-07-15,MBEL,333.2,339.0,330.0,333.75,156625.0,
2026-07-16,MBEL,336.45,337.8,326.05,328.65,70515.0,
2026-07-17,MBEL,336.0,336.0,315.1,321.35,134373.0,
2026-07-20,MBEL,321.0,321.05,315.0,317.4,75499.0,
2026-07-21,MBEL,317.55,321.5,311.6,314.05,100459.0,
2026-07-22,MBEL,314.05,314.05,296.15,299.3,227276.0,
2026-07-23,MBEL,299.45,303.0,288.3,291.25,168665.0,
2026-07-24,MBEL,291.0,297.75,287.45,296.3,76520.0,
2026-07-27,MBEL,298.25,304.0,295.9,296.95,100256.0,
2026-07-28,MBEL,299.75,303.9,294.05,297.85,102364.0,
2026-07-29,MBEL,301.95,304.45,297.0,299.95,136075.0,
2026-07-30,MBEL,300.0,301.0,291.3,292.9,101683.0,
2026-07-31,MBEL,294.0,297.5,292.25,293.65,47080.0,
2026-08-03,MBEL,293.65,297.0,292.3,294.7,97922.0,
2026-08-04,MBEL,294.9,299.8,292.5,295.75,86778.0,
2026-08-05,MBEL,296.0,299.2,285.2,287.9,180366.0,
2026-08-06,MBEL,289.95,293.85,285.0,288.25,209950.0,
2026-08-07,MBEL,287.0,306.95,287.0,298.5,385682.0,
2026-08-10,MBEL,306.0,313.5,258.25,267.7,2029854.0,
2026-08-11,MBEL,271.7,281.65,262.7,267.1,772998.0,
2026-08-12,MBEL,269.95,276.0,263.3,268.05,579001.0,
2026-08-13,MBEL,269.9,271.4,266.1,270.0,131589.0,
2026-08-14,MBEL,270.1,279.0,268.6,270.4,231776.0,
2026-08-17,MBEL,277.0,286.0,273.0,283.3,292642.0,
2026-08-18,MBEL,285.3,285.3,278.8,284.35,147787.0,
2026-08-19,MBEL,285.0,286.45,277.0,278.5,113323.0,
2026-08-20,MBEL,281.95,283.5,275.3,278.1,76415.0,
2026-08-21,MBEL,278.1,284.95,271.3,273.75,98847.0,
2026-08-24,MBEL,277.95,280.0,271.05,272.7,117785.0,
2026-08-25,MBEL,274.6,275.7,270.6,272.05,72817.0,
2026-08-26,MBEL,273.55,276.35,269.65,273.2,74640.0,
2026-08-27,MBEL,273.2,278.2,271.45,273.3,70930.0,
2026-08-28,MBEL,275.25,276.55,270.0,271.35,60889.0,
2026-08-31,MBEL,273.35,273.35,264.8,267.25,140164.0,
2026-09-01,MBEL,269.2,269.95,263.5,265.6,96515.0,
2026-09-02,MBEL,266.3,268.1,261.3,266.1,87436.0,
2026-09-03,MBEL,269.9,280.55,263.5,275.45,215533.0,
2026-09-04,MBEL,276.95,277.0,268.0,270.15,74971.0,
2026-09-07,MBEL,270.15,271.2,266.05,268.05,37808.0,
2026-09-08,MBEL,271.75,272.4,261.75,267.7,199642.0,
2026-09-09,MBEL,267.7,267.75,263.55,265.15,44511.0,
2026-09-10,MBEL,263.1,268.7,257.1,259.35,146192.0,
2026-09-11,MBEL,259.0,259.3,249.65,254.2,220155.0,
2025-08-29,MOTOGENFIN,26.45,26.45,25.05,25.9,20117.0,
2025-09-01,MOTOGENFIN,25.5,26.5,25.5,25.85,9911.0,
2025-09-02,MOTOGENFIN,26.19,26.99,26.0,26.13,8736.0,
2025-09-03,MOTOGENFIN,26.07,26.68,26.01,26.5,4883.0,
2025-09-04,MOTOGENFIN,26.3,26.5,26.06,26.12,4421.0,
2025-09-05,MOTOGENFIN,26.5,27.5,26.01,26.55,10168.0,
2025-09-08,MOTOGENFIN,27.0,27.05,26.2,26.31,11512.0,
2025-09-09,MOTOGENFIN,26.3,26.72,26.3,26.44,1309.0,
2025-09-10,MOTOGENFIN,26.9,26.9,26.0,26.36,11749.0,
2025-09-11,MOTOGENFIN,26.35,27.4,26.05,26.45,31080.0,
2025-09-12,MOTOGENFIN,26.46,26.47,26.11,26.27,7641.0,
2025-09-15,MOTOGENFIN,26.15,26.95,26.15,26.42,3530.0,
2025-09-16,MOTOGENFIN,26.9,26.92,26.5,26.62,7103.0,
2025-09-17,MOTOGENFIN,26.63,27.15,26.16,26.61,17729.0,
2025-09-18,MOTOGENFIN,26.98,27.36,26.31,26.41,14252.0,
2025-09-19,MOTOGENFIN,26.18,26.99,26.18,26.72,3786.0,
2025-09-22,MOTOGENFIN,27.25,27.25,26.56,26.72,5627.0,
2025-09-23,MOTOGENFIN,26.37,26.99,26.35,26.39,8952.0,
2025-09-24,MOTOGENFIN,26.65,27.38,26.11,26.32,41447.0,
2025-09-25,MOTOGENFIN,26.02,29.5,26.02,28.57,118124.0,
2025-09-26,MOTOGENFIN,29.51,29.99,26.25,26.36,830275.0,
2025-09-29,MOTOGENFIN,26.87,26.87,26.08,26.46,21324.0,
2025-09-30,MOTOGENFIN,26.88,26.88,26.22,26.32,4590.0,
2025-10-01,MOTOGENFIN,26.75,26.75,25.8,26.21,24368.0,
2025-10-03,MOTOGENFIN,26.21,26.59,26.01,26.13,26603.0,
2025-10-06,MOTOGENFIN,26.03,27.29,26.03,26.45,26359.0,
2025-10-07,MOTOGENFIN,26.8,26.8,25.82,26.25,23947.0,
2025-10-08,MOTOGENFIN,26.62,26.69,26.1,26.35,14410.0,
2025-10-09,MOTOGENFIN,26.2,26.95,26.2,26.4,14579.0,
2025-10-10,MOTOGENFIN,26.17,26.85,26.17,26.55,5919.0,
2025-10-13,MOTOGENFIN,26.84,26.84,26.25,26.52,6917.0,
2025-10-14,MOTOGENFIN,26.21,28.3,25.91,26.99,83805.0,
2025-10-15,MOTOGENFIN,27.35,27.35,26.34,26.67,2533.0,
2025-10-16,MOTOGENFIN,26.54,27.44,26.34,26.76,8956.0,
2025-10-17,MOTOGENFIN,26.7,27.25,26.36,26.5,6050.0,
2025-10-20,MOTOGENFIN,26.5,27.0,25.9,26.03,25010.0,
2025-10-21,MOTOGENFIN,25.31,26.8,25.31,26.14,5938.0,
2025-10-23,MOTOGENFIN,26.5,27.38,26.21,26.27,9500.0,
2025-10-24,MOTOGENFIN,26.94,26.94,26.11,26.62,17914.0,
2025-10-27,MOTOGENFIN,26.75,26.9,26.31,26.64,1651.0,
2025-10-28,MOTOGENFIN,26.77,31.78,26.15,26.53,205795.0,
2025-10-29,MOTOGENFIN,27.4,27.4,26.3,26.76,38448.0,
2025-10-30,MOTOGENFIN,26.76,27.25,26.43,26.97,15509.0,
2025-10-31,MOTOGENFIN,26.61,27.2,26.3,26.46,46694.0,
2025-11-03,MOTOGENFIN,26.46,26.85,26.2,26.25,35102.0,
2025-11-04,MOTOGENFIN,26.25,26.45,25.1,25.81,58073.0,
2025-11-06,MOTOGENFIN,26.0,26.27,25.6,26.06,7453.0,
2025-11-07,MOTOGENFIN,25.65,26.06,25.25,25.71,5244.0,
2025-11-10,MOTOGENFIN,26.22,26.48,25.78,25.83,12739.0,
2025-11-11,MOTOGENFIN,26.35,26.35,25.64,25.88,6282.0,
2025-11-12,MOTOGENFIN,26.39,26.4,25.84,26.21,3672.0,
2025-11-13,MOTOGENFIN,26.49,26.49,25.71,26.0,8879.0,
2025-11-14,MOTOGENFIN,25.87,26.45,25.51,25.86,7729.0,
2025-11-17,MOTOGENFIN,25.86,25.86,23.76,24.6,134052.0,
2025-11-18,MOTOGENFIN,24.6,25.47,23.51,25.17,30298.0,
2025-11-19,MOTOGENFIN,25.05,25.69,24.8,25.02,4908.0,
2025-11-20,MOTOGENFIN,25.58,26.0,25.15,25.49,11138.0,
2025-11-21,MOTOGENFIN,25.6,25.6,24.82,24.85,28938.0,
2025-11-24,MOTOGENFIN,24.72,25.4,24.0,24.25,25548.0,
2025-11-25,MOTOGENFIN,24.64,24.68,23.71,24.46,7865.0,
2025-11-26,MOTOGENFIN,25.3,25.3,24.55,24.61,7105.0,
2025-11-27,MOTOGENFIN,24.61,25.39,23.57,24.08,82382.0,
2025-11-28,MOTOGENFIN,25.84,28.89,25.1,28.89,443179.0,
2025-12-01,MOTOGENFIN,29.1,31.8,25.66,26.1,1186460.0,
2025-12-02,MOTOGENFIN,26.59,26.8,24.3,24.79,153299.0,
2025-12-03,MOTOGENFIN,25.5,26.47,24.02,25.11,229068.0,
2025-12-04,MOTOGENFIN,25.64,26.4,24.8,25.07,177100.0,
2025-12-05,MOTOGENFIN,25.15,25.6,24.65,24.99,45204.0,
2025-12-08,MOTOGENFIN,25.44,25.44,24.3,24.47,25708.0,
2025-12-09,MOTOGENFIN,24.99,24.99,24.05,24.42,24340.0,
2025-12-10,MOTOGENFIN,24.05,24.8,24.0,24.09,10673.0,
2025-12-11,MOTOGENFIN,24.09,24.44,23.7,23.92,29420.0,
2025-12-12,MOTOGENFIN,23.92,24.45,23.7,23.81,7391.0,
2025-12-15,MOTOGENFIN,24.49,24.49,23.3,23.62,16923.0,
2025-12-16,MOTOGENFIN,24.1,24.9,23.26,23.94,15511.0,
2025-12-17,MOTOGENFIN,23.8,24.47,23.37,23.51,16084.0,
2025-12-18,MOTOGENFIN,23.21,23.8,22.66,22.97,92120.0,
2025-12-19,MOTOGENFIN,23.64,24.4,22.1,23.88,79091.0,
2025-12-22,MOTOGENFIN,23.8,23.95,22.51,23.09,26613.0,
2025-12-23,MOTOGENFIN,23.1,23.8,22.9,23.0,25499.0,
2025-12-24,MOTOGENFIN,22.78,23.6,22.78,23.19,5907.0,
2025-12-26,MOTOGENFIN,23.5,23.6,22.31,22.73,46122.0,
2025-12-29,MOTOGENFIN,22.73,23.47,22.28,22.42,34200.0,
2025-12-30,MOTOGENFIN,22.47,22.98,22.46,22.66,1515.0,
2025-12-31,MOTOGENFIN,22.6,22.98,22.4,22.66,19467.0,
2026-01-01,MOTOGENFIN,22.6,23.0,22.43,22.86,7711.0,
2026-01-02,MOTOGENFIN,22.97,23.48,22.53,23.18,8915.0,
2026-01-05,MOTOGENFIN,22.72,23.75,22.72,23.04,12471.0,
2026-01-06,MOTOGENFIN,23.04,23.75,22.01,22.65,20002.0,
2026-01-07,MOTOGENFIN,22.65,23.29,22.65,22.93,1128.0,
2026-01-08,MOTOGENFIN,22.64,23.35,22.56,22.66,5117.0,
2026-01-09,MOTOGENFIN,22.55,23.84,22.21,22.48,12450.0,
2026-01-12,MOTOGENFIN,22.11,23.48,22.05,22.95,21627.0,
2026-01-13,MOTOGENFIN,23.39,23.39,22.8,23.03,5464.0,
2026-01-14,MOTOGENFIN,22.97,23.97,22.82,23.02,578.0,
2026-01-16,MOTOGENFIN,23.5,23.5,22.7,23.05,19545.0,
2026-01-19,MOTOGENFIN,24.75,24.75,22.5,22.73,4385.0,
2026-01-20,MOTOGENFIN,22.73,23.2,22.21,22.39,7103.0,
2026-01-21,MOTOGENFIN,22.01,23.49,22.01,22.4,19013.0,
2026-01-22,MOTOGENFIN,22.9,23.4,22.41,22.92,2776.0,
2026-01-23,MOTOGENFIN,22.51,23.28,22.3,22.31,11993.0,
2026-01-27,MOTOGENFIN,23.31,23.31,21.0,21.45,6484.0,
2026-01-28,MOTOGENFIN,21.45,22.8,21.45,21.86,4615.0,
2026-01-29,MOTOGENFIN,22.0,22.6,21.6,21.95,5869.0,
2026-01-30,MOTOGENFIN,21.98,22.85,21.66,21.93,1952.0,
2026-02-02,MOTOGENFIN,21.7,21.7,20.7,20.95,3171.0,
2026-02-03,MOTOGENFIN,21.38,22.0,20.56,20.97,13985.0,
2026-02-04,MOTOGENFIN,22.4,22.85,21.9,22.35,16694.0,
2026-02-05,MOTOGENFIN,22.74,22.74,22.09,22.11,741.0,
2026-02-06,MOTOGENFIN,22.34,22.34,21.0,21.36,1979.0,
2026-02-09,MOTOGENFIN,21.5,22.97,21.0,21.61,28369.0,
2026-02-10,MOTOGENFIN,21.61,23.48,21.61,22.86,41154.0,
2026-02-11,MOTOGENFIN,23.32,26.49,22.99,23.43,552400.0,
2026-02-12,MOTOGENFIN,23.8,25.4,23.54,23.83,64317.0,
2026-02-13,MOTOGENFIN,23.1,23.9,21.7,22.3,52390.0,
2026-02-16,MOTOGENFIN,22.65,22.65,21.82,22.06,15583.0,
2026-02-17,MOTOGENFIN,22.05,22.21,22.0,22.06,7592.0,
2026-02-18,MOTOGENFIN,22.25,22.3,21.36,21.5,20568.0,
2026-02-19,MOTOGENFIN,21.51,22.46,21.5,21.5,3144.0,
2026-02-20,MOTOGENFIN,21.69,22.48,21.21,21.43,4219.0,
2026-02-23,MOTOGENFIN,22.8,22.8,21.17,21.63,11770.0,
2026-02-24,MOTOGENFIN,21.24,22.05,20.57,20.89,22524.0,
2026-02-25,MOTOGENFIN,21.2,21.5,20.71,20.79,2137.0,
2026-02-26,MOTOGENFIN,20.89,22.09,20.59,20.84,12070.0,
2026-02-27,MOTOGENFIN,20.1,21.38,20.1,20.57,3954.0,
2026-03-02,MOTOGENFIN,19.6,20.47,18.3,19.8,23106.0,
2026-03-04,MOTOGENFIN,20.0,20.95,20.0,20.13,5979.0,
2026-03-05,MOTOGENFIN,21.0,21.57,20.25,21.29,28808.0,
2026-03-06,MOTOGENFIN,21.29,21.29,20.25,21.12,5562.0,
2026-03-09,MOTOGENFIN,20.95,20.95,19.01,20.09,10686.0,
2026-03-10,MOTOGENFIN,20.09,20.98,19.46,19.84,10505.0,
2026-03-11,MOTOGENFIN,20.7,21.0,19.53,20.1,9620.0,
2026-03-12,MOTOGENFIN,20.45,20.7,19.31,19.89,8197.0,
2026-03-13,MOTOGENFIN,19.55,19.82,19.55,19.73,1605.0,
2026-03-16,MOTOGENFIN,19.5,19.81,19.2,19.69,8700.0,
2026-03-17,MOTOGENFIN,19.72,21.69,19.5,20.05,24504.0,
2026-03-18,MOTOGENFIN,20.0,20.94,19.6,20.89,14618.0,
2026-03-19,MOTOGENFIN,21.0,21.0,20.01,20.09,11576.0,
2026-03-20,MOTOGENFIN,20.42,20.85,20.05,20.09,7646.0,
2026-03-23,MOTOGENFIN,20.77,20.77,19.32,19.75,16820.0,
2026-03-24,MOTOGENFIN,19.81,20.49,19.26,19.78,3534.0,
2026-03-25,MOTOGENFIN,19.81,20.41,19.65,19.84,39166.0,
2026-03-27,MOTOGENFIN,19.25,19.79,19.25,19.34,7513.0,
2026-03-30,MOTOGENFIN,19.25,19.95,17.5,18.26,49027.0,
2026-04-01,MOTOGENFIN,19.25,21.89,18.9,20.25,63998.0,
2026-04-02,MOTOGENFIN,20.25,22.8,19.41,21.66,33717.0,
2026-04-06,MOTOGENFIN,21.74,21.9,21.2,21.83,8633.0,
2026-04-07,MOTOGENFIN,21.62,22.91,20.0,20.87,30115.0,
2026-04-08,MOTOGENFIN,21.5,22.96,21.03,22.31,28624.0,
2026-04-09,MOTOGENFIN,22.3,23.4,21.91,22.48,13328.0,
2026-04-10,MOTOGENFIN,23.28,23.95,23.0,23.38,53901.0,
2026-04-13,MOTOGENFIN,22.55,23.7,22.11,22.73,20890.0,
2026-04-15,MOTOGENFIN,23.98,25.88,23.12,24.16,30340.0,
2026-04-16,MOTOGENFIN,24.3,25.65,23.78,25.04,50692.0,
2026-04-17,MOTOGENFIN,24.3,26.21,24.3,25.77,30089.0,
2026-04-20,MOTOGENFIN,25.67,28.8,25.67,25.92,84683.0,
2026-04-21,MOTOGENFIN,26.2,27.0,25.23,25.42,24564.0,
2026-04-22,MOTOGENFIN,25.9,25.9,23.7,25.38,20261.0,
2026-04-23,MOTOGENFIN,25.38,26.49,24.91,26.11,14798.0,
2026-04-24,MOTOGENFIN,25.57,26.7,25.2,25.76,15271.0,
2026-04-27,MOTOGENFIN,25.76,26.38,25.05,25.41,5145.0,
2026-04-28,MOTOGENFIN,26.0,26.09,24.8,25.03,14380.0,
2026-04-29,MOTOGENFIN,25.03,25.04,24.95,24.99,83.0,
2026-04-30,MOTOGENFIN,24.75,25.48,24.2,24.4,7293.0,
2026-05-04,MOTOGENFIN,24.4,25.47,24.4,24.41,3024.0,
2026-05-05,MOTOGENFIN,24.31,24.8,23.0,24.37,67809.0,
2026-05-06,MOTOGENFIN,24.37,24.88,23.7,24.26,18629.0,
2026-05-07,MOTOGENFIN,24.4,24.93,24.35,24.42,7613.0,
2026-05-08,MOTOGENFIN,24.42,24.42,22.67,23.61,30093.0,
2026-05-11,MOTOGENFIN,23.45,24.5,23.17,23.75,5573.0,
2026-05-12,MOTOGENFIN,23.8,23.8,22.8,22.84,3570.0,
2026-05-13,MOTOGENFIN,23.0,23.61,23.0,23.05,2722.0,
2026-05-14,MOTOGENFIN,23.51,25.34,23.51,24.01,12217.0,
2026-05-15,MOTOGENFIN,24.5,24.5,23.0,23.64,16763.0,
2026-05-18,MOTOGENFIN,24.45,24.45,22.7,23.9,2802.0,
2026-05-19,MOTOGENFIN,23.5,24.4,23.12,23.95,6999.0,
2026-05-20,MOTOGENFIN,24.29,25.5,24.29,24.66,38341.0,
2026-05-21,MOTOGENFIN,25.49,25.49,24.0,24.55,4649.0,
2026-05-22,MOTOGENFIN,25.0,28.0,25.0,27.02,130503.0,
2026-05-25,MOTOGENFIN,27.85,29.98,27.1,28.11,107575.0,
2026-05-26,MOTOGENFIN,28.11,28.97,26.73,26.97,47274.0,
2026-05-27,MOTOGENFIN,26.97,27.76,25.8,27.35,31031.0,
2026-05-29,MOTOGENFIN,32.82,32.82,27.16,27.27,293616.0,
2026-06-01,MOTOGENFIN,27.27,27.74,24.52,25.06,62286.0,
2026-06-02,MOTOGENFIN,25.34,26.39,24.8,25.77,24894.0,
2026-06-03,MOTOGENFIN,25.77,27.05,25.0,26.68,54838.0,
2026-06-04,MOTOGENFIN,26.7,28.01,25.7,28.01,80429.0,
2026-06-05,MOTOGENFIN,28.01,29.41,27.72,29.31,97344.0,
2026-06-08,MOTOGENFIN,29.45,29.49,28.21,28.98,40811.0,
2026-06-09,MOTOGENFIN,28.8,30.34,28.01,30.0,123599.0,
2026-06-10,MOTOGENFIN,29.87,30.26,29.25,30.0,53092.0,
2026-06-11,MOTOGENFIN,29.5,29.65,28.7,29.25,23242.0,
2026-06-12,MOTOGENFIN,29.9,30.0,28.36,29.3,29334.0,
2026-06-15,MOTOGENFIN,30.3,30.4,28.71,29.1,4253.0,
2026-06-16,MOTOGENFIN,29.6,29.6,28.06,28.88,30035.0,
2026-06-17,MOTOGENFIN,29.25,30.15,28.6,29.3,48603.0,
2026-06-18,MOTOGENFIN,29.7,30.44,28.56,29.93,28882.0,
2026-06-19,MOTOGENFIN,30.3,30.3,29.16,30.0,17174.0,
2026-06-22,MOTOGENFIN,30.0,30.14,29.25,30.06,14834.0,
2026-06-23,MOTOGENFIN,29.61,29.61,29.25,29.33,6381.0,
2026-06-24,MOTOGENFIN,29.37,30.49,29.0,30.16,30278.0,
2026-06-25,MOTOGENFIN,29.81,30.5,29.81,30.0,13080.0,
2026-06-29,MOTOGENFIN,30.15,30.15,29.0,29.05,6551.0,
2026-06-30,MOTOGENFIN,28.75,29.39,28.2,28.35,13963.0,
2026-07-01,MOTOGENFIN,28.35,28.89,28.0,28.75,5417.0,
2026-07-02,MOTOGENFIN,28.75,28.8,28.4,28.46,1569.0,
2026-07-03,MOTOGENFIN,28.05,28.2,28.05,28.2,502.0,
2026-07-06,MOTOGENFIN,27.5,29.4,27.2,28.96,3666.0,
2026-07-07,MOTOGENFIN,29.0,29.0,28.3,28.3,1452.0,
2026-07-08,MOTOGENFIN,28.3,28.59,27.06,27.06,2743.0,
2026-07-09,MOTOGENFIN,28.0,28.4,27.1,28.38,6069.0,
2026-07-10,MOTOGENFIN,28.38,29.0,27.51,28.75,1378.0,
2026-07-13,MOTOGENFIN,29.0,29.5,28.06,28.4,1960.0,
2026-07-14,MOTOGENFIN,28.99,28.99,27.11,28.15,5853.0,
2026-07-15,MOTOGENFIN,27.02,28.04,27.02,27.52,7543.0,
2026-07-16,MOTOGENFIN,27.51,27.77,27.05,27.11,4989.0,
2026-07-17,MOTOGENFIN,27.47,27.47,27.13,27.34,3273.0,
2026-07-20,MOTOGENFIN,27.85,27.85,26.56,27.25,3745.0,
2026-07-21,MOTOGENFIN,27.25,27.79,27.25,27.26,1485.0,
2026-07-22,MOTOGENFIN,27.26,27.89,26.76,27.44,725.0,
2026-07-23,MOTOGENFIN,27.0,27.49,26.65,27.2,2625.0,
2026-07-24,MOTOGENFIN,27.2,27.44,26.65,27.44,1880.0,
2026-07-27,MOTOGENFIN,27.5,27.5,26.82,27.39,726.0,
2026-07-28,MOTOGENFIN,26.73,26.73,26.7,26.71,800.0,
2026-07-29,MOTOGENFIN,26.52,27.54,26.52,26.92,12357.0,
2026-07-30,MOTOGENFIN,26.92,27.29,26.75,26.76,2641.0,
2026-07-31,MOTOGENFIN,26.76,27.88,26.76,26.95,2010.0,
2026-08-03,MOTOGENFIN,26.51,27.49,26.0,26.48,15198.0,
2026-08-04,MOTOGENFIN,26.0,27.78,25.16,26.42,64044.0,
2026-08-05,MOTOGENFIN,26.35,26.42,25.67,25.99,3457.0,
2026-08-06,MOTOGENFIN,25.99,26.25,25.92,25.92,3857.0,
2026-08-07,MOTOGENFIN,26.17,26.17,25.81,25.81,1534.0,
2026-08-10,MOTOGENFIN,26.0,26.8,25.81,26.55,8160.0,
2026-08-11,MOTOGENFIN,26.25,26.54,25.85,26.25,2593.0,
2026-08-12,MOTOGENFIN,26.8,26.8,26.06,26.64,4944.0,
2026-08-13,MOTOGENFIN,26.64,26.79,26.0,26.65,2448.0,
2026-08-14,MOTOGENFIN,26.07,26.07,26.07,26.07,755.0,
2026-08-17,MOTOGENFIN,26.17,26.79,26.01,26.07,1192.0,
2026-08-18,MOTOGENFIN,26.08,26.92,26.08,26.3,1557.0,
2026-08-19,MOTOGENFIN,26.9,26.9,26.21,26.59,731.0,
2026-08-20,MOTOGENFIN,26.99,26.99,26.01,26.01,1539.0,
2026-08-21,MOTOGENFIN,26.01,26.6,25.55,25.77,2869.0,
2026-08-24,MOTOGENFIN,25.55,26.0,25.5,25.95,4645.0,
2026-08-25,MOTOGENFIN,26.74,26.89,26.17,26.74,2370.0,
2026-08-26,MOTOGENFIN,26.21,27.0,26.21,26.8,4873.0,
2026-08-27,MOTOGENFIN,27.0,27.6,26.4,26.81,4276.0,
2026-08-28,MOTOGENFIN,27.25,27.84,26.96,27.0,5280.0,
2026-08-31,MOTOGENFIN,27.74,28.1,27.4,28.04,12719.0,
2026-09-01,MOTOGENFIN,28.25,29.05,27.5,28.03,32070.0,
2026-09-02,MOTOGENFIN,28.5,28.5,26.86,27.51,18373.0,
2026-09-03,MOTOGENFIN,27.64,27.99,27.5,27.97,10082.0,
2026-09-04,MOTOGENFIN,27.72,29.0,27.72,28.71,38267.0,
2026-09-07,MOTOGENFIN,29.25,34.4,28.71,31.37,474032.0,
2026-09-08,MOTOGENFIN,32.23,32.25,25.3,27.45,337537.0,
2026-09-09,MOTOGENFIN,27.45,27.45,26.8,27.04,71800.0,
2026-09-10,MOTOGENFIN,27.04,27.79,26.52,26.87,15852.0,
2026-09-11,MOTOGENFIN,26.56,26.86,25.16,25.59,26188.0,
2025-08-29,NRL,69.63,71.99,69.0,71.78,25451.0,
2025-09-01,NRL,70.5,71.78,68.19,68.58,58409.0,
2025-09-02,NRL,68.0,70.5,68.0,69.05,46620.0,
2025-09-03,NRL,68.6,72.45,68.1,71.96,45311.0,
2025-09-04,NRL,71.6,73.5,70.0,72.09,53481.0,
2025-09-05,NRL,72.0,72.0,69.16,70.17,12912.0,
2025-09-08,NRL,69.51,72.49,69.4,70.12,18517.0,
2025-09-09,NRL,70.12,71.47,70.0,70.18,35395.0,
2025-09-10,NRL,71.57,71.57,69.01,70.26,30159.0,
2025-09-11,NRL,70.2,71.84,68.55,70.1,19734.0,
2025-09-12,NRL,70.1,72.5,70.1,71.9,48815.0,
2025-09-15,NRL,71.52,78.75,71.52,75.93,254732.0,
2025-09-16,NRL,76.3,76.95,72.36,75.31,64343.0,
2025-09-17,NRL,75.5,76.18,74.1,74.3,86644.0,
2025-09-18,NRL,74.25,80.5,74.25,76.45,317298.0,
2025-09-19,NRL,77.98,79.0,76.51,77.65,95156.0,
2025-09-22,NRL,78.78,78.78,72.1,73.15,97722.0,
2025-09-23,NRL,72.8,75.65,72.8,74.76,50852.0,
2025-09-24,NRL,74.0,78.19,74.0,76.85,83861.0,
2025-09-25,NRL,77.47,78.0,75.19,75.43,29627.0,
2025-09-26,NRL,75.81,76.99,72.0,72.42,54542.0,
2025-09-29,NRL,72.42,76.84,71.1,72.05,81309.0,
2025-09-30,NRL,71.06,74.5,71.06,72.74,28448.0,
2025-10-01,NRL,72.87,73.5,71.3,71.81,49254.0,
2025-10-03,NRL,72.16,73.36,71.13,71.91,40926.0,
2025-10-06,NRL,72.8,72.9,68.8,69.61,119097.0,
2025-10-07,NRL,70.5,71.39,69.45,69.86,52218.0,
2025-10-08,NRL,70.9,70.9,68.0,68.74,64159.0,
2025-10-09,NRL,69.0,70.15,68.11,69.13,76006.0,
2025-10-10,NRL,68.55,71.18,68.55,70.86,32640.0,
2025-10-13,NRL,71.75,71.75,67.3,67.96,119322.0,
2025-10-14,NRL,67.16,68.74,61.99,65.08,126199.0,
2025-10-15,NRL,66.0,66.09,64.99,65.16,34605.0,
2025-10-16,NRL,65.7,69.5,64.51,67.43,74539.0,
2025-10-17,NRL,68.4,68.86,66.52,66.94,22723.0,
2025-10-20,NRL,67.0,67.8,66.25,67.56,26171.0,
2025-10-21,NRL,68.9,70.5,66.8,68.17,15686.0,
2025-10-23,NRL,68.2,69.49,67.06,67.66,26147.0,
2025-10-24,NRL,67.05,69.5,67.05,68.78,35138.0,
2025-10-27,NRL,69.79,69.81,67.1,67.46,79891.0,
2025-10-28,NRL,67.46,68.0,66.75,66.84,21537.0,
2025-10-29,NRL,66.1,68.48,66.1,66.95,85461.0,
2025-10-30,NRL,66.95,71.5,66.6,68.35,208402.0,
2025-10-31,NRL,68.5,69.83,67.52,68.12,100092.0,
2025-11-03,NRL,68.25,68.89,67.24,68.0,78252.0,
2025-11-04,NRL,68.0,69.98,67.32,69.22,84244.0,
2025-11-06,NRL,68.98,69.34,66.5,66.86,45249.0,
2025-11-07,NRL,67.0,67.5,64.51,66.64,49039.0,
2025-11-10,NRL,66.49,67.25,65.25,65.71,38014.0,
2025-11-11,NRL,65.0,66.89,64.83,65.61,40329.0,
2025-11-12,NRL,65.21,66.31,65.21,65.39,27416.0,
2025-11-13,NRL,65.0,66.2,65.0,65.69,25990.0,
2025-11-14,NRL,66.6,67.95,65.7,66.04,36229.0,
2025-11-17,NRL,68.0,68.13,65.12,65.56,32978.0,
2025-11-18,NRL,64.16,65.52,63.06,63.54,73083.0,
2025-11-19,NRL,63.5,64.9,63.5,64.19,60499.0,
2025-11-20,NRL,64.19,66.88,63.51,63.56,56889.0,
2025-11-21,NRL,63.99,64.87,61.72,62.24,67699.0,
2025-11-24,NRL,60.6,63.35,60.6,61.62,75824.0,
2025-11-25,NRL,63.5,63.5,61.05,61.56,62240.0,
2025-11-26,NRL,62.99,62.99,61.34,62.17,83932.0,
2025-11-27,NRL,63.41,63.87,61.75,61.85,58336.0,
2025-11-28,NRL,61.01,62.58,61.01,61.93,55120.0,
2025-12-01,NRL,63.79,63.79,59.8,60.52,101614.0,
2025-12-02,NRL,60.52,61.97,59.99,60.23,84634.0,
2025-12-03,NRL,61.0,61.49,60.1,60.79,39980.0,
2025-12-04,NRL,62.35,62.35,59.6,59.76,29073.0,
2025-12-05,NRL,61.99,61.99,58.17,58.25,61805.0,
2025-12-08,NRL,58.0,59.73,56.81,57.6,60822.0,
2025-12-09,NRL,57.0,58.0,55.8,56.6,65473.0,
2025-12-10,NRL,57.85,58.0,56.11,57.48,60300.0,
2025-12-11,NRL,59.8,59.89,56.99,58.55,64605.0,
2025-12-12,NRL,59.5,60.9,58.55,60.37,66399.0,
2025-12-15,NRL,59.5,60.79,59.07,59.37,24618.0,
2025-12-16,NRL,61.4,61.4,58.0,58.21,33261.0,
2025-12-17,NRL,59.8,59.8,57.2,57.76,15973.0,
2025-12-18,NRL,58.92,58.92,57.02,57.3,12081.0,
2025-12-19,NRL,58.32,58.39,57.32,57.95,13562.0,
2025-12-22,NRL,57.05,58.72,56.4,56.65,58469.0,
2025-12-23,NRL,57.95,57.95,56.5,57.05,44458.0,
2025-12-24,NRL,57.05,57.89,56.68,57.01,37282.0,
2025-12-26,NRL,59.9,59.9,57.14,57.54,26172.0,
2025-12-29,NRL,58.0,58.26,56.51,56.77,39955.0,
2025-12-30,NRL,57.3,57.3,55.3,55.74,66251.0,
2025-12-31,NRL,55.6,57.0,55.6,56.68,27198.0,
2026-01-01,NRL,56.97,57.02,56.37,56.68,17372.0,
2026-01-02,NRL,56.17,57.85,56.16,56.8,25884.0,
2026-01-05,NRL,57.5,57.5,56.51,56.82,22709.0,
2026-01-06,NRL,57.89,58.5,56.75,56.95,58215.0,
2026-01-07,NRL,56.8,57.44,56.36,56.88,29824.0,
2026-01-08,NRL,56.3,57.34,56.3,56.79,36008.0,
2026-01-09,NRL,56.7,56.77,55.5,56.0,51195.0,
2026-01-12,NRL,57.12,57.24,54.3,54.92,45173.0,
2026-01-13,NRL,55.5,55.5,54.26,54.64,22630.0,
2026-01-14,NRL,54.64,54.95,54.02,54.45,28019.0,
2026-01-16,NRL,54.63,54.76,52.8,54.24,85925.0,
2026-01-19,NRL,54.24,54.97,53.52,54.2,20380.0,
2026-01-20,NRL,53.56,54.91,53.06,53.69,80335.0,
2026-01-21,NRL,53.0,54.8,50.8,54.02,98423.0,
2026-01-22,NRL,57.6,57.6,53.0,53.11,38395.0,
2026-01-23,NRL,54.89,56.0,48.8,51.43,367834.0,
2026-01-27,NRL,51.5,53.22,51.5,52.39,37328.0,
2026-01-28,NRL,52.44,53.75,51.35,52.76,22771.0,
2026-01-29,NRL,56.99,56.99,52.2,52.79,42585.0,
2026-01-30,NRL,51.15,53.74,51.15,53.36,42685.0,
2026-02-02,NRL,51.6,53.39,51.6,52.03,25650.0,
2026-02-03,NRL,53.4,54.0,52.4,53.1,23148.0,
2026-02-04,NRL,52.12,54.0,52.12,53.51,18964.0,
2026-02-05,NRL,54.0,54.83,52.32,52.9,34171.0,
2026-02-06,NRL,52.56,53.44,52.25,52.68,14072.0,
2026-02-09,NRL,54.85,54.85,52.89,53.37,14522.0,
2026-02-10,NRL,53.05,53.88,52.55,53.03,22081.0,
2026-02-11,NRL,53.0,53.79,52.81,53.07,17484.0,
2026-02-12,NRL,52.6,56.68,52.6,55.08,56511.0,
2026-02-13,NRL,56.49,56.49,53.91,54.84,25684.0,
2026-02-16,NRL,53.77,54.44,50.81,52.36,29628.0,
2026-02-17,NRL,52.36,53.48,51.8,53.13,22145.0,
2026-02-18,NRL,53.47,54.29,52.3,53.04,43125.0,
2026-02-19,NRL,53.55,53.55,51.95,52.52,40657.0,
2026-02-20,NRL,52.5,54.4,52.3,53.46,31340.0,
2026-02-23,NRL,52.4,53.57,52.11,52.5,59053.0,
2026-02-24,NRL,54.49,54.49,51.51,51.78,31578.0,
2026-02-25,NRL,51.05,52.61,51.0,51.92,39275.0,
2026-02-26,NRL,54.2,54.2,51.21,51.34,28616.0,
2026-02-27,NRL,52.44,53.98,51.11,53.1,56515.0,
2026-03-02,NRL,50.7,53.1,50.68,52.54,52351.0,
2026-03-04,NRL,50.55,52.22,50.0,51.86,37368.0,
2026-03-05,NRL,52.6,52.8,51.5,52.0,23364.0,
2026-03-06,NRL,51.74,52.8,51.02,52.44,18948.0,
2026-03-09,NRL,50.5,52.8,50.5,51.11,24734.0,
2026-03-10,NRL,52.2,52.2,49.42,51.0,64639.0,
2026-03-11,NRL,51.11,51.47,50.51,50.79,20568.0,
2026-03-12,NRL,51.97,51.97,50.5,51.03,18719.0,
2026-03-13,NRL,51.5,51.5,49.0,50.34,27526.0,
2026-03-16,NRL,49.66,52.5,48.12,51.57,158842.0,
2026-03-17,NRL,52.85,52.85,50.02,50.15,40286.0,
2026-03-18,NRL,50.0,51.85,50.0,51.13,44552.0,
2026-03-19,NRL,51.13,51.5,49.32,49.5,39668.0,
2026-03-20,NRL,52.18,52.18,49.36,50.04,61080.0,
2026-03-23,NRL,49.6,51.16,46.2,47.26,86883.0,
2026-03-24,NRL,49.5,49.88,47.1,47.68,73390.0,
2026-03-25,NRL,47.55,49.03,47.2,47.61,68941.0,
2026-03-27,NRL,48.49,48.49,46.03,47.58,157563.0,
2026-03-30,NRL,47.99,48.58,45.1,46.75,257851.0,
2026-04-01,NRL,49.05,49.05,47.03,48.17,24088.0,
2026-04-02,NRL,49.45,49.45,47.73,48.41,18355.0,
2026-04-06,NRL,49.3,49.3,47.0,48.76,35458.0,
2026-04-07,NRL,49.85,49.9,48.52,49.32,23738.0,
2026-04-08,NRL,51.0,51.0,49.51,50.47,46447.0,
2026-04-09,NRL,50.9,50.98,49.96,50.77,11654.0,
2026-04-10,NRL,51.0,51.84,50.73,51.37,33536.0,
2026-04-13,NRL,51.95,54.89,50.34,53.83,50032.0,
2026-04-15,NRL,54.51,55.5,53.63,55.26,74213.0,
2026-04-16,NRL,55.99,56.44,54.75,55.78,66290.0,
2026-04-17,NRL,56.29,57.44,55.0,55.55,87920.0,
2026-04-20,NRL,57.0,57.0,54.21,54.75,34568.0,
2026-04-21,NRL,54.76,56.98,54.25,56.13,45272.0,
2026-04-22,NRL,56.49,57.5,55.13,56.42,60176.0,
2026-04-23,NRL,56.7,57.0,56.11,56.4,21567.0,
2026-04-24,NRL,57.5,57.5,54.0,54.66,19809.0,
2026-04-27,NRL,54.11,55.69,54.11,54.84,37187.0,
2026-04-28,NRL,55.55,55.99,54.44,55.38,34105.0,
2026-04-29,NRL,55.99,55.99,54.89,55.74,22505.0,
2026-04-30,NRL,56.3,57.45,54.84,55.29,85348.0,
2026-05-04,NRL,56.36,57.29,54.5,54.96,26773.0,
2026-05-05,NRL,55.54,55.54,54.63,54.91,11647.0,
2026-05-06,NRL,54.7,55.49,53.73,53.96,36991.0,
2026-05-07,NRL,54.22,57.0,54.22,56.55,76565.0,
2026-05-08,NRL,57.25,57.4,56.0,56.74,68364.0,
2026-05-11,NRL,57.39,57.39,54.2,54.76,49995.0,
2026-05-12,NRL,53.2,54.0,52.11,53.35,37352.0,
2026-05-13,NRL,53.99,56.5,52.52,54.95,73295.0,
2026-05-14,NRL,56.95,56.95,53.22,54.75,38303.0,
2026-05-15,NRL,55.7,55.7,53.36,53.56,36004.0,
2026-05-18,NRL,53.45,53.45,50.8,52.88,54084.0,
2026-05-19,NRL,52.88,54.59,52.26,52.91,32910.0,
2026-05-20,NRL,52.91,53.18,51.71,52.37,14445.0,
2026-05-21,NRL,52.38,53.4,52.0,52.61,23617.0,
2026-05-22,NRL,53.45,53.88,51.1,51.98,55718.0,
2026-05-25,NRL,52.01,54.36,52.01,53.73,30839.0,
2026-05-26,NRL,52.5,58.85,52.5,58.08,422296.0,
2026-05-27,NRL,59.15,65.0,58.0,63.16,811340.0,
2026-05-29,NRL,64.9,68.5,64.11,66.66,674920.0,
2026-06-01,NRL,69.0,69.0,66.0,66.87,146636.0,
2026-06-02,NRL,67.85,67.85,64.21,65.57,131892.0,
2026-06-03,NRL,66.81,73.4,65.55,71.51,277787.0,
2026-06-04,NRL,70.1,72.9,70.1,72.01,124247.0,
2026-06-05,NRL,72.01,72.75,69.1,70.62,72734.0,
2026-06-08,NRL,70.0,77.7,67.55,74.45,394212.0,
2026-06-09,NRL,74.4,77.0,72.1,76.19,164902.0,
2026-06-10,NRL,77.15,78.94,74.2,75.27,228038.0,
2026-06-11,NRL,75.56,76.24,73.61,75.12,127776.0,
2026-06-12,NRL,75.24,77.0,74.5,74.57,133426.0,
2026-06-15,NRL,74.6,78.0,74.6,75.73,87937.0,
2026-06-16,NRL,76.3,79.0,74.6,78.36,145103.0,
2026-06-17,NRL,77.97,79.9,75.55,76.61,105896.0,
2026-06-18,NRL,75.0,79.2,73.0,79.1,272824.0,
2026-06-19,NRL,79.9,80.9,79.0,79.74,73253.0,
2026-06-22,NRL,80.0,83.72,79.5,83.36,179514.0,
2026-06-23,NRL,84.98,84.98,81.1,82.75,115453.0,
2026-06-24,NRL,82.45,84.45,79.0,83.74,102155.0,
2026-06-25,NRL,84.95,84.95,82.0,83.01,135342.0,
2026-06-29,NRL,84.5,84.5,83.0,83.91,73094.0,
2026-06-30,NRL,84.74,84.95,81.55,83.7,63557.0,
2026-07-01,NRL,84.2,85.87,83.6,85.3,109487.0,
2026-07-02,NRL,85.1,88.9,84.3,88.21,132095.0,
2026-07-03,NRL,89.9,92.62,89.9,92.57,232421.0,
2026-07-06,NRL,94.96,97.0,92.1,95.75,135037.0,
2026-07-07,NRL,96.84,99.38,94.2,97.56,147044.0,
2026-07-08,NRL,99.0,99.0,93.0,96.28,190716.0,
2026-07-09,NRL,96.0,98.5,95.5,96.11,67582.0,
2026-07-10,NRL,95.63,100.9,95.6,100.29,386489.0,
2026-07-13,NRL,105.3,105.3,101.29,105.3,169663.0,
2026-07-14,NRL,107.99,110.0,103.0,109.68,173336.0,
2026-07-15,NRL,110.39,114.0,106.0,110.11,151243.0,
2026-07-16,NRL,107.61,111.95,106.0,107.9,63851.0,
2026-07-17,NRL,110.0,110.0,102.65,107.84,104598.0,
2026-07-20,NRL,107.84,111.85,102.45,110.1,189807.0,
2026-07-21,NRL,107.9,111.0,105.9,110.02,144280.0,
2026-07-22,NRL,107.82,107.82,107.82,107.82,1427.0,
2026-07-23,NRL,105.67,105.67,105.67,105.67,20958.0,
2026-07-24,NRL,103.56,105.0,103.56,105.0,84516.0,
2026-07-27,NRL,105.0,105.0,103.1,103.1,64455.0,
2026-07-28,NRL,101.04,102.0,101.04,102.0,131870.0,
2026-07-29,NRL,102.0,103.3,102.0,103.3,68690.0,
2026-07-30,NRL,103.0,104.5,103.0,104.5,52626.0,
2026-07-31,NRL,104.5,106.59,104.5,106.59,27861.0,
2026-08-03,NRL,108.72,108.72,108.72,108.72,42236.0,
2026-08-04,NRL,108.99,110.89,108.99,110.89,56716.0,
2026-08-05,NRL,113.1,113.1,112.5,113.1,60758.0,
2026-08-06,NRL,115.36,115.36,115.36,115.36,39063.0,
2026-08-07,NRL,117.66,117.66,115.99,116.9,139921.0,
2026-08-10,NRL,114.57,115.02,114.57,115.02,111173.0,
2026-08-11,NRL,114.0,117.32,114.0,117.32,79995.0,
2026-08-12,NRL,118.0,118.0,115.0,115.25,23933.0,
2026-08-13,NRL,117.0,117.0,117.0,117.0,46219.0,
2026-08-14,NRL,116.9,117.0,116.0,117.0,47212.0,
2026-08-17,NRL,115.0,116.0,114.66,116.0,29663.0,
2026-08-18,NRL,116.0,116.0,115.0,115.0,63961.0,
2026-08-19,NRL,114.0,114.0,113.0,113.1,18566.0,
2026-08-20,NRL,113.1,115.36,113.1,115.36,38910.0,
2026-08-21,NRL,117.66,117.66,117.66,117.66,47883.0,
2026-08-24,NRL,119.9,120.01,119.9,120.01,96266.0,
2026-08-25,NRL,120.05,122.41,120.05,122.41,117862.0,
2026-08-26,NRL,123.4,123.55,122.5,123.55,62620.0,
2026-08-27,NRL,122.8,125.0,122.8,125.0,101311.0,
2026-08-28,NRL,125.0,125.0,124.8,125.0,48524.0,
2026-08-31,NRL,124.0,124.0,122.5,122.5,65909.0,
2026-09-01,NRL,120.5,120.5,120.05,120.05,32512.0,
2026-09-02,NRL,120.05,122.0,120.05,122.0,159039.0,
2026-09-03,NRL,124.44,124.44,124.44,124.44,129262.0,
2026-09-04,NRL,126.92,126.92,126.92,126.92,109113.0,
2026-09-07,NRL,129.5,133.26,125.0,132.78,251730.0,
2026-09-08,NRL,135.5,137.79,126.15,130.46,112645.0,
2026-09-09,NRL,128.0,133.0,128.0,129.5,45722.0,
2026-09-10,NRL,129.5,135.97,128.2,134.84,115844.0,
2026-09-11,NRL,134.84,138.0,132.0,133.06,39928.0,
2025-08-29,NURECA,239.35,242.4,237.5,240.11,8198.0,
2025-09-01,NURECA,246.0,246.0,240.0,240.84,5698.0,
2025-09-02,NURECA,242.1,245.0,241.0,241.77,2210.0,
2025-09-03,NURECA,243.0,254.0,242.41,251.48,16604.0,
2025-09-04,NURECA,254.45,274.48,253.5,260.08,59266.0,
2025-09-05,NURECA,261.8,269.88,255.0,257.1,22484.0,
2025-09-08,NURECA,257.5,258.5,252.2,252.69,9155.0,
2025-09-09,NURECA,254.0,255.9,250.0,251.62,6398.0,
2025-09-10,NURECA,252.79,256.9,251.62,254.3,8235.0,
2025-09-11,NURECA,255.5,278.4,250.22,256.8,56078.0,
2025-09-12,NURECA,256.8,261.99,256.8,258.89,8165.0,
2025-09-15,NURECA,258.31,269.0,257.6,265.92,15157.0,
2025-09-16,NURECA,268.7,268.7,253.0,255.0,27059.0,
2025-09-17,NURECA,253.0,256.3,252.0,252.19,9806.0,
2025-09-18,NURECA,253.45,254.1,250.5,251.8,9108.0,
2025-09-19,NURECA,253.1,253.73,250.0,252.43,9813.0,
2025-09-22,NURECA,251.5,254.94,238.7,239.69,42502.0,
2025-09-23,NURECA,240.0,242.1,235.0,235.74,25904.0,
2025-09-24,NURECA,237.0,242.99,231.46,233.14,15803.0,
2025-09-25,NURECA,231.5,234.14,231.0,231.45,7406.0,
2025-09-26,NURECA,229.3,232.56,226.25,228.34,8505.0,
2025-09-29,NURECA,226.01,234.58,226.0,227.9,12059.0,
2025-09-30,NURECA,229.05,235.0,226.5,230.48,8357.0,
2025-10-01,NURECA,229.0,232.0,229.0,230.78,2489.0,
2025-10-03,NURECA,230.0,243.13,230.0,238.28,15958.0,
2025-10-06,NURECA,238.0,240.25,230.0,234.9,9285.0,
2025-10-07,NURECA,239.8,239.8,231.22,235.09,6401.0,
2025-10-08,NURECA,239.0,239.0,231.0,233.18,6486.0,
2025-10-09,NURECA,232.2,236.97,229.0,230.09,8982.0,
2025-10-10,NURECA,231.3,238.93,230.0,232.33,14825.0,
2025-10-13,NURECA,232.33,239.9,226.84,236.87,19868.0,
2025-10-14,NURECA,238.09,239.5,232.1,234.21,9307.0,
2025-10-15,NURECA,235.4,240.79,230.21,237.62,9772.0,
2025-10-16,NURECA,237.62,249.5,235.0,242.43,34076.0,
2025-10-17,NURECA,269.99,290.91,261.2,289.22,844529.0,
2025-10-20,NURECA,303.0,343.0,298.9,332.62,1057955.0,
2025-10-21,NURECA,329.99,329.99,307.6,319.24,88842.0,
2025-10-23,NURECA,320.89,338.64,303.65,317.86,230371.0,
2025-10-24,NURECA,324.56,327.29,302.99,305.69,66523.0,
2025-10-27,NURECA,320.0,324.1,304.39,312.08,139479.0,
2025-10-28,NURECA,312.07,312.41,283.05,286.78,112090.0,
2025-10-29,NURECA,290.8,290.82,259.1,262.1,315102.0,
2025-10-30,NURECA,260.0,269.0,258.0,265.73,26615.0,
2025-10-31,NURECA,268.0,268.95,260.0,261.5,14775.0,
2025-11-03,NURECA,260.0,260.05,251.0,255.55,9712.0,
2025-11-04,NURECA,259.9,260.0,255.75,258.3,11709.0,
2025-11-06,NURECA,266.0,271.2,263.0,271.2,50321.0,
2025-11-07,NURECA,278.45,284.75,271.2,284.75,79509.0,
2025-11-10,NURECA,284.75,293.0,272.65,278.3,30799.0,
2025-11-11,NURECA,282.0,282.0,270.0,272.6,8742.0,
2025-11-12,NURECA,273.95,276.0,270.1,272.8,7150.0,
2025-11-13,NURECA,270.0,273.6,265.0,268.35,9260.0,
2025-11-14,NURECA,266.0,273.5,266.0,272.3,7951.0,
2025-11-17,NURECA,266.55,273.0,266.55,269.65,7844.0,
2025-11-18,NURECA,268.0,273.7,264.5,265.95,4966.0,
2025-11-19,NURECA,265.0,268.0,263.3,263.9,4170.0,
2025-11-20,NURECA,268.75,268.75,258.1,259.6,5002.0,
2025-11-21,NURECA,259.6,263.9,254.05,254.9,5055.0,
2025-11-24,NURECA,259.3,259.3,248.85,250.4,6044.0,
2025-11-25,NURECA,247.0,256.75,247.0,250.25,3300.0,
2025-11-26,NURECA,262.75,262.75,262.75,262.75,4682.0,
2025-11-27,NURECA,271.8,275.85,265.0,275.85,24000.0,
2025-11-28,NURECA,280.0,289.6,280.0,289.6,35674.0,
2025-12-01,NURECA,294.0,304.0,292.0,297.55,48107.0,
2025-12-02,NURECA,294.65,302.1,283.55,294.6,38195.0,
2025-12-03,NURECA,295.0,304.2,294.1,299.8,33857.0,
2025-12-04,NURECA,303.0,308.0,299.1,305.65,41254.0,
2025-12-05,NURECA,308.0,308.9,304.55,305.5,28614.0,
2025-12-08,NURECA,308.9,308.9,295.0,305.55,47942.0,
2025-12-09,NURECA,305.0,307.9,301.05,306.7,36215.0,
2025-12-10,NURECA,307.7,315.0,306.0,312.25,40781.0,
2025-12-11,NURECA,313.45,315.0,305.0,313.1,91898.0,
2025-12-12,NURECA,305.05,307.8,297.45,297.45,28040.0,
2025-12-15,NURECA,295.1,295.1,282.6,282.6,23212.0,
2025-12-16,NURECA,281.9,281.9,270.5,274.5,40394.0,
2025-12-17,NURECA,280.1,287.95,277.55,282.25,26039.0,
2025-12-18,NURECA,289.0,289.0,279.3,281.85,14663.0,
2025-12-19,NURECA,283.0,288.0,275.0,283.75,22459.0,
2025-12-22,NURECA,285.0,288.95,282.0,287.15,13028.0,
2025-12-23,NURECA,290.85,290.85,282.25,284.8,20925.0,
2025-12-24,NURECA,286.25,287.6,280.5,284.75,17554.0,
2025-12-26,NURECA,284.0,298.95,282.3,284.85,28335.0,
2025-12-29,NURECA,282.5,285.75,278.85,283.75,14068.0,
2025-12-30,NURECA,288.9,297.5,285.75,293.3,28531.0,
2025-12-31,NURECA,294.0,307.95,294.0,307.95,19668.0,
2026-01-01,NURECA,316.0,317.95,306.65,310.8,36494.0,
2026-01-02,NURECA,316.9,317.95,301.1,302.7,13079.0,
2026-01-05,NURECA,303.0,303.05,295.85,298.2,9105.0,
2026-01-06,NURECA,300.0,303.05,295.85,296.5,8300.0,
2026-01-07,NURECA,295.9,302.4,288.2,296.3,18900.0,
2026-01-08,NURECA,295.2,298.45,291.9,292.7,8976.0,
2026-01-09,NURECA,296.25,296.5,280.5,282.8,20523.0,
2026-01-12,NURECA,285.0,285.0,271.15,279.5,17082.0,
2026-01-13,NURECA,275.0,292.8,272.45,284.05,16445.0,
2026-01-14,NURECA,284.05,298.25,280.95,297.0,35879.0,
2026-01-16,NURECA,300.0,311.85,287.7,311.85,48222.0,
2026-01-19,NURECA,327.4,327.4,314.0,326.85,130409.0,
2026-01-20,NURECA,330.4,334.5,310.55,310.55,54369.0,
2026-01-21,NURECA,308.0,315.95,296.05,299.35,27840.0,
2026-01-22,NURECA,293.05,304.95,288.0,290.6,16706.0,
2026-01-23,NURECA,290.6,299.95,278.0,281.85,27205.0,
2026-01-27,NURECA,281.85,282.15,270.0,277.8,19657.0,
2026-01-28,NURECA,279.0,289.8,278.85,285.9,11859.0,
2026-01-29,NURECA,289.95,295.6,275.0,279.3,21391.0,
2026-01-30,NURECA,272.1,283.8,272.1,277.85,14014.0,
2026-02-02,NURECA,275.0,284.75,265.15,274.4,21733.0,
2026-02-03,NURECA,285.0,285.0,271.95,277.15,13764.0,
2026-02-04,NURECA,280.4,284.0,277.1,282.3,11568.0,
2026-02-05,NURECA,282.3,287.4,276.55,281.15,4967.0,
2026-02-06,NURECA,284.25,284.35,271.0,277.0,10766.0,
2026-02-09,NURECA,281.9,296.5,276.3,289.85,22598.0,
2026-02-10,NURECA,282.3,297.8,282.3,290.1,12455.0,
2026-02-11,NURECA,290.1,294.0,281.05,283.05,20775.0,
2026-02-12,NURECA,283.2,292.0,280.05,285.5,9305.0,
2026-02-13,NURECA,280.0,287.0,278.0,281.45,25069.0,
2026-02-16,NURECA,284.45,284.55,276.55,282.3,13122.0,
2026-02-17,NURECA,281.6,287.6,281.6,284.7,4478.0,
2026-02-18,NURECA,284.7,290.25,281.1,287.85,11168.0,
2026-02-19,NURECA,287.85,296.0,283.0,285.3,13083.0,
2026-02-20,NURECA,282.1,296.95,282.1,291.8,18295.0,
2026-02-23,NURECA,286.1,296.8,286.05,288.9,7076.0,
2026-02-24,NURECA,294.0,305.0,286.05,300.35,36832.0,
2026-02-25,NURECA,302.0,307.0,287.55,290.95,13378.0,
2026-02-26,NURECA,295.95,304.85,290.8,299.65,22346.0,
2026-02-27,NURECA,297.7,301.8,292.0,295.2,28136.0,
2026-03-02,NURECA,289.2,295.15,280.05,282.25,26228.0,
2026-03-04,NURECA,282.25,282.25,266.25,272.05,26155.0,
2026-03-05,NURECA,285.0,285.0,268.4,275.7,14357.0,
2026-03-06,NURECA,276.75,278.45,270.0,271.55,13012.0,
2026-03-09,NURECA,271.1,273.45,255.55,262.65,12527.0,
2026-03-10,NURECA,268.0,271.7,259.15,263.35,11718.0,
2026-03-11,NURECA,266.0,270.4,255.55,260.35,20525.0,
2026-03-12,NURECA,260.35,270.0,255.0,267.9,14647.0,
2026-03-13,NURECA,265.05,271.0,256.2,257.45,8742.0,
2026-03-16,NURECA,259.05,262.25,242.0,246.2,24759.0,
2026-03-17,NURECA,246.2,255.45,243.9,247.05,16719.0,
2026-03-18,NURECA,249.4,254.9,243.0,248.4,30192.0,
2026-03-19,NURECA,248.45,248.45,240.0,241.3,6278.0,
2026-03-20,NURECA,241.4,246.2,236.6,237.75,16740.0,
2026-03-23,NURECA,237.75,239.0,220.6,222.5,26666.0,
2026-03-24,NURECA,224.05,233.5,212.0,229.2,26774.0,
2026-03-25,NURECA,229.2,236.5,229.2,233.4,15743.0,
2026-03-27,NURECA,227.1,231.2,213.0,216.25,29288.0,
2026-03-30,NURECA,217.25,221.0,204.0,206.75,34184.0,
2026-04-01,NURECA,208.05,227.42,208.05,227.42,10575.0,
2026-04-02,NURECA,216.0,242.0,216.0,237.8,18665.0,
2026-04-06,NURECA,245.0,245.0,233.0,240.85,8238.0,
2026-04-07,NURECA,235.68,243.16,235.0,238.56,11839.0,
2026-04-08,NURECA,246.0,259.89,244.58,255.3,13424.0,
2026-04-09,NURECA,259.34,259.34,248.37,254.91,7040.0,
2026-04-10,NURECA,254.78,265.0,252.01,261.42,12060.0,
2026-04-13,NURECA,260.0,260.6,249.93,254.35,12639.0,
2026-04-15,NURECA,264.0,270.0,260.4,261.6,11678.0,
2026-04-16,NURECA,269.0,269.0,258.0,262.46,7896.0,
2026-04-17,NURECA,264.9,266.53,260.72,263.83,7412.0,
2026-04-20,NURECA,262.35,267.0,257.01,259.51,6305.0,
2026-04-21,NURECA,259.51,266.84,256.13,258.59,6381.0,
2026-04-22,NURECA,258.59,271.08,258.37,269.85,10382.0,
2026-04-23,NURECA,274.9,274.9,262.0,267.3,11911.0,
2026-04-24,NURECA,274.7,274.7,261.31,268.86,8795.0,
2026-04-27,NURECA,268.26,269.52,264.1,265.8,5216.0,
2026-04-28,NURECA,265.06,274.15,262.03,266.24,15516.0,
2026-04-29,NURECA,271.95,271.95,262.05,266.26,14787.0,
2026-04-30,NURECA,262.2,270.39,262.15,266.51,3953.0,
2026-05-04,NURECA,265.45,272.0,258.95,260.25,21165.0,
2026-05-05,NURECA,262.85,294.15,260.0,280.8,34981.0,
2026-05-06,NURECA,282.0,287.0,275.0,283.65,20665.0,
2026-05-07,NURECA,285.8,296.0,284.0,289.95,16776.0,
2026-05-08,NURECA,291.0,300.0,284.8,293.15,12841.0,
2026-05-11,NURECA,294.0,294.0,281.55,288.45,10228.0,
2026-05-12,NURECA,288.45,288.45,271.05,271.75,20345.0,
2026-05-13,NURECA,271.05,283.4,269.0,276.85,18155.0,
2026-05-14,NURECA,283.0,283.0,269.7,271.25,10546.0,
2026-05-15,NURECA,271.25,276.25,270.5,273.0,4435.0,
2026-05-18,NURECA,271.5,271.6,267.55,269.25,5830.0,
2026-05-19,NURECA,272.9,279.9,271.55,276.45,5330.0,
2026-05-20,NURECA,274.5,276.85,270.3,272.65,4169.0,
2026-05-21,NURECA,271.4,279.45,271.2,271.8,7730.0,
2026-05-22,NURECA,272.3,274.0,270.65,272.2,4149.0,
2026-05-25,NURECA,279.65,279.65,270.55,273.35,5010.0,
2026-05-26,NURECA,273.0,277.7,273.0,274.35,5308.0,
2026-05-27,NURECA,274.55,276.35,270.85,272.15,5480.0,
2026-05-29,NURECA,274.95,287.05,272.4,281.45,17255.0,
2026-06-01,NURECA,232.3,249.6,232.3,240.05,125362.0,
2026-06-02,NURECA,236.0,244.65,235.1,237.25,21155.0,
2026-06-03,NURECA,237.25,240.1,232.3,234.9,14196.0,
2026-06-04,NURECA,235.0,238.5,231.35,232.5,19000.0,
2026-06-05,NURECA,234.4,237.45,234.2,236.2,6389.0,
2026-06-08,NURECA,234.2,239.95,228.1,229.25,12236.0,
2026-06-09,NURECA,234.95,234.95,230.95,231.8,6774.0,
2026-06-10,NURECA,232.2,238.5,228.05,229.7,13170.0,
2026-06-11,NURECA,228.05,232.2,226.55,230.5,7756.0,
2026-06-12,NURECA,230.5,233.45,230.0,232.1,5053.0,
2026-06-15,NURECA,245.45,245.45,232.3,235.65,15396.0,
2026-06-16,NURECA,239.0,241.0,234.4,238.4,9470.0,
2026-06-17,NURECA,238.4,240.9,235.0,239.05,9014.0,
2026-06-18,NURECA,236.55,239.8,235.15,238.85,6702.0,
2026-06-19,NURECA,237.0,239.0,235.4,237.05,5168.0,
2026-06-22,NURECA,242.0,242.5,236.25,238.6,6855.0,
2026-06-23,NURECA,236.25,243.65,235.1,236.8,8605.0,
2026-06-24,NURECA,238.75,241.1,234.0,238.6,9171.0,
2026-06-25,NURECA,237.6,242.0,236.3,240.3,7148.0,
2026-06-29,NURECA,236.55,243.1,233.35,234.8,6491.0,
2026-06-30,NURECA,236.05,239.9,234.3,237.4,5867.0,
2026-07-01,NURECA,239.81,241.0,235.0,235.75,4937.0,
2026-07-02,NURECA,241.0,241.0,231.01,233.96,9853.0,
2026-07-03,NURECA,234.08,238.7,228.0,228.96,45684.0,
2026-07-06,NURECA,234.0,234.0,228.0,229.04,7145.0,
2026-07-07,NURECA,230.01,234.0,224.02,227.51,9905.0,
2026-07-08,NURECA,228.95,229.0,225.03,226.23,6510.0,
2026-07-09,NURECA,227.4,231.77,226.95,230.08,6507.0,
2026-07-10,NURECA,230.0,235.01,228.93,233.18,7735.0,
2026-07-13,NURECA,236.7,254.9,233.2,245.57,32415.0,
2026-07-14,NURECA,245.57,294.68,244.9,275.07,504015.0,
2026-07-15,NURECA,272.0,287.5,269.15,271.4,85935.0,
2026-07-16,NURECA,272.0,274.4,265.81,271.58,24829.0,
2026-07-17,NURECA,274.8,281.7,261.2,279.79,55390.0,
2026-07-20,NURECA,279.0,284.0,275.55,282.46,34036.0,
2026-07-21,NURECA,282.46,295.0,276.0,292.19,40148.0,
2026-07-22,NURECA,324.99,331.89,304.02,311.13,579742.0,
2026-07-23,NURECA,302.25,316.39,295.15,296.76,73411.0,
2026-07-24,NURECA,295.3,309.68,290.12,301.64,43709.0,
2026-07-27,NURECA,306.16,317.9,300.61,315.7,41738.0,
2026-07-28,NURECA,314.0,319.0,306.01,311.76,18993.0,
2026-07-29,NURECA,313.92,328.0,311.9,326.79,43634.0,
2026-07-30,NURECA,322.5,327.59,317.31,322.21,15318.0,
2026-07-31,NURECA,326.33,347.45,320.41,343.6,60717.0,
2026-08-03,NURECA,332.2,346.6,327.0,333.4,36669.0,
2026-08-04,NURECA,335.55,335.55,325.0,326.05,14971.0,
2026-08-05,NURECA,329.0,348.0,327.0,343.95,31057.0,
2026-08-06,NURECA,339.0,354.0,335.85,338.65,34037.0,
2026-08-07,NURECA,334.4,348.0,332.55,342.6,24122.0,
2026-08-10,NURECA,339.9,345.0,326.0,334.25,32252.0,
2026-08-11,NURECA,334.25,334.25,317.7,324.1,12596.0,
2026-08-12,NURECA,334.9,340.3,320.1,340.3,19796.0,
2026-08-13,NURECA,340.3,355.0,340.3,344.6,15489.0,
2026-08-14,NURECA,349.5,358.0,345.0,346.3,9598.0,
2026-08-17,NURECA,354.6,355.0,340.0,340.3,6067.0,
2026-08-18,NURECA,349.3,349.3,327.0,329.9,6463.0,
2026-08-19,NURECA,327.75,329.9,316.1,317.0,5128.0,
2026-08-20,NURECA,317.1,326.8,317.1,319.5,2208.0,
2026-08-21,NURECA,327.9,327.9,304.2,306.7,6550.0,
2026-08-24,NURECA,301.1,314.95,296.25,300.4,19234.0,
2026-08-25,NURECA,301.0,309.9,290.2,296.65,12015.0,
2026-08-26,NURECA,295.0,307.9,295.0,304.7,3125.0,
2026-08-27,NURECA,309.0,319.9,302.0,319.9,8506.0,
2026-08-28,NURECA,334.75,335.85,321.1,331.05,14997.0,
2026-08-31,NURECA,336.1,339.45,323.0,331.8,4270.0,
2026-09-01,NURECA,332.45,348.35,324.05,339.0,18296.0,
2026-09-02,NURECA,338.05,338.05,330.3,336.75,1655.0,
2026-09-03,NURECA,333.0,345.55,321.25,332.6,4468.0,
2026-09-04,NURECA,331.9,331.9,320.1,322.7,5556.0,
2026-09-07,NURECA,322.7,325.0,313.1,319.2,2872.0,
2026-09-08,NURECA,320.0,324.9,311.0,318.1,3400.0,
2026-09-09,NURECA,316.55,334.0,316.55,334.0,12839.0,
2026-09-10,NURECA,335.0,350.7,335.0,343.55,21935.0,
2026-09-11,NURECA,343.55,346.95,330.0,332.75,5811.0,
2025-08-29,OBCL,55.62,56.79,54.0,54.13,12584.0,
2025-09-01,OBCL,54.41,55.56,54.0,54.51,3634.0,
2025-09-02,OBCL,54.16,55.95,53.41,55.36,6419.0,
2025-09-03,OBCL,56.2,57.28,55.3,56.85,7230.0,
2025-09-04,OBCL,56.51,56.95,55.0,55.57,9493.0,
2025-09-05,OBCL,56.0,56.19,54.21,55.59,1336.0,
2025-09-08,OBCL,55.59,61.99,55.3,59.55,110394.0,
2025-09-09,OBCL,60.0,60.0,56.8,57.85,6815.0,
2025-09-10,OBCL,58.7,59.5,55.3,56.42,8255.0,
2025-09-11,OBCL,57.25,59.98,55.56,56.92,7829.0,
2025-09-12,OBCL,57.65,57.65,55.61,56.59,4349.0,
2025-09-15,OBCL,55.71,56.99,55.05,56.27,19352.0,
2025-09-16,OBCL,55.31,58.0,55.31,55.78,4125.0,
2025-09-17,OBCL,56.6,59.5,56.01,58.67,24927.0,
2025-09-18,OBCL,58.67,61.9,57.21,57.96,51444.0,
2025-09-19,OBCL,57.1,58.84,57.1,57.59,9144.0,
2025-09-22,OBCL,58.4,59.69,56.3,57.7,26555.0,
2025-09-23,OBCL,57.5,58.55,56.16,56.83,4767.0,
2025-09-24,OBCL,57.2,57.98,56.01,56.28,3531.0,
2025-09-25,OBCL,56.28,57.1,55.1,55.52,68689.0,
2025-09-26,OBCL,56.3,56.3,55.0,55.14,65803.0,
2025-09-29,OBCL,54.6,56.0,54.6,55.82,4436.0,
2025-09-30,OBCL,56.64,56.65,55.0,55.44,10137.0,
2025-10-01,OBCL,55.06,55.97,55.0,55.27,16338.0,
2025-10-03,OBCL,56.1,56.1,55.0,56.01,3260.0,
2025-10-06,OBCL,55.15,56.19,55.0,55.09,5038.0,
2025-10-07,OBCL,55.89,55.9,55.0,55.62,4974.0,
2025-10-08,OBCL,55.12,56.49,55.0,55.16,3325.0,
2025-10-09,OBCL,54.44,55.95,54.44,55.5,2424.0,
2025-10-10,OBCL,56.3,56.3,55.0,55.01,6560.0,
2025-10-13,OBCL,55.02,55.79,54.1,54.7,15886.0,
2025-10-14,OBCL,55.01,55.5,55.0,55.11,8162.0,
2025-10-15,OBCL,55.14,56.0,55.0,55.05,11752.0,
2025-10-16,OBCL,55.06,55.88,55.0,55.06,3539.0,
2025-10-17,OBCL,55.01,55.87,55.0,55.01,7182.0,
2025-10-20,OBCL,55.01,55.28,55.0,55.02,1174.0,
2025-10-21,OBCL,55.02,55.86,55.0,55.25,296.0,
2025-10-23,OBCL,56.0,56.0,55.01,55.38,3810.0,
2025-10-24,OBCL,55.11,55.95,55.01,55.05,2536.0,
2025-10-27,OBCL,54.1,55.75,54.1,55.1,2209.0,
2025-10-28,OBCL,55.74,59.3,55.1,56.82,19670.0,
2025-10-29,OBCL,56.83,57.69,55.21,56.01,4240.0,
2025-10-30,OBCL,56.0,56.9,55.51,55.95,355.0,
2025-10-31,OBCL,56.0,56.0,53.0,55.0,22779.0,
2025-11-03,OBCL,54.4,58.14,54.4,57.25,44490.0,
2025-11-04,OBCL,57.88,57.88,55.4,56.82,4262.0,
2025-11-06,OBCL,56.5,57.2,55.21,56.07,13201.0,
2025-11-07,OBCL,56.07,58.65,55.5,57.18,2555.0,
2025-11-10,OBCL,57.18,57.95,55.42,55.92,6229.0,
2025-11-11,OBCL,55.71,56.05,55.0,55.32,4876.0,
2025-11-12,OBCL,54.14,56.49,54.14,56.07,9424.0,
2025-11-13,OBCL,56.05,56.07,54.2,55.68,31536.0,
2025-11-14,OBCL,55.68,56.89,55.0,56.03,26679.0,
2025-11-17,OBCL,55.5,55.5,54.25,54.99,52913.0,
2025-11-18,OBCL,54.27,55.25,54.27,54.92,7700.0,
2025-11-19,OBCL,54.51,55.19,54.02,54.42,9251.0,
2025-11-20,OBCL,55.96,55.97,53.05,53.29,11445.0,
2025-11-21,OBCL,53.24,55.0,53.24,54.06,7507.0,
2025-11-24,OBCL,54.06,55.42,54.0,54.01,5071.0,
2025-11-25,OBCL,54.02,55.97,54.0,55.14,9487.0,
2025-11-26,OBCL,56.4,58.05,54.99,56.47,26068.0,
2025-11-27,OBCL,56.2,56.75,54.0,55.59,38312.0,
2025-11-28,OBCL,55.07,57.8,55.0,56.54,61578.0,
2025-12-01,OBCL,55.19,56.54,55.19,55.21,5078.0,
2025-12-02,OBCL,55.5,56.0,55.0,55.88,9619.0,
2025-12-03,OBCL,56.3,56.3,55.0,55.86,3930.0,
2025-12-04,OBCL,55.2,55.27,55.0,55.02,6508.0,
2025-12-05,OBCL,55.2,56.0,55.0,55.71,14754.0,
2025-12-08,OBCL,55.05,55.79,55.0,55.0,6314.0,
2025-12-09,OBCL,55.0,55.79,54.99,55.05,9407.0,
2025-12-10,OBCL,55.9,57.9,55.0,56.83,41802.0,
2025-12-11,OBCL,57.7,57.7,55.11,55.24,7683.0,
2025-12-12,OBCL,55.3,56.49,55.25,55.63,2102.0,
2025-12-15,OBCL,55.26,56.29,55.25,55.31,1601.0,
2025-12-16,OBCL,55.2,55.5,55.0,55.03,53032.0,
2025-12-17,OBCL,55.16,55.6,55.0,55.04,23453.0,
2025-12-18,OBCL,55.21,55.74,55.0,55.1,7502.0,
2025-12-19,OBCL,55.1,59.6,55.0,58.29,28837.0,
2025-12-22,OBCL,59.0,59.0,55.31,56.55,1905.0,
2025-12-23,OBCL,56.0,57.0,55.2,56.72,22594.0,
2025-12-24,OBCL,56.0,56.85,55.21,55.25,2553.0,
2025-12-26,OBCL,55.25,55.29,54.65,55.0,25042.0,
2025-12-29,OBCL,55.11,56.37,55.11,55.2,2262.0,
2025-12-30,OBCL,57.0,57.0,55.0,56.36,5132.0,
2025-12-31,OBCL,55.5,56.9,55.0,56.65,4904.0,
2026-01-01,OBCL,56.0,56.5,55.03,55.68,645.0,
2026-01-02,OBCL,55.5,56.6,55.0,55.1,2709.0,
2026-01-05,OBCL,55.0,55.99,55.0,55.0,7590.0,
2026-01-06,OBCL,55.01,56.3,54.9,54.99,13183.0,
2026-01-07,OBCL,56.15,56.15,55.0,55.32,4914.0,
2026-01-08,OBCL,55.98,55.98,55.0,55.0,13090.0,
2026-01-09,OBCL,54.99,56.8,54.99,55.13,15163.0,
2026-01-12,OBCL,54.8,55.45,54.8,55.01,8954.0,
2026-01-13,OBCL,55.06,55.45,55.0,55.01,2182.0,
2026-01-14,OBCL,56.0,57.0,55.01,55.9,39410.0,
2026-01-16,OBCL,55.9,55.9,55.2,55.2,2402.0,
2026-01-19,OBCL,55.21,56.29,55.2,55.21,2478.0,
2026-01-20,OBCL,55.05,55.21,54.97,55.0,11473.0,
2026-01-21,OBCL,53.15,56.5,53.15,55.0,25953.0,
2026-01-22,OBCL,54.2,56.8,53.0,54.92,12644.0,
2026-01-23,OBCL,54.91,56.1,54.2,55.8,10808.0,
2026-01-27,OBCL,55.7,55.7,54.01,54.29,4400.0,
2026-01-28,OBCL,55.4,55.4,54.05,54.56,111506.0,
2026-01-29,OBCL,55.47,55.47,54.06,54.26,7189.0,
2026-01-30,OBCL,54.26,54.26,54.05,54.05,3105.0,
2026-02-02,OBCL,54.15,56.0,54.06,54.99,60380.0,
2026-02-03,OBCL,55.0,55.19,54.05,54.1,3913.0,
2026-02-04,OBCL,54.25,54.5,54.05,54.15,3072.0,
2026-02-05,OBCL,54.18,55.95,54.18,55.15,12836.0,
2026-02-06,OBCL,56.0,56.0,51.8,54.33,4730.0,
2026-02-09,OBCL,54.36,55.69,54.05,54.71,543.0,
2026-02-10,OBCL,56.07,56.07,54.05,54.05,287.0,
2026-02-11,OBCL,54.24,55.5,54.05,55.01,18790.0,
2026-02-12,OBCL,55.01,62.0,55.0,58.73,207816.0,
2026-02-13,OBCL,58.73,60.98,56.55,57.67,23934.0,
2026-02-16,OBCL,57.0,57.0,55.0,55.16,16875.0,
2026-02-17,OBCL,55.16,56.76,55.0,55.32,1472.0,
2026-02-18,OBCL,57.0,57.28,54.93,54.99,12270.0,
2026-02-19,OBCL,55.21,55.89,55.0,55.0,12257.0,
2026-02-20,OBCL,55.22,55.22,55.0,55.0,8649.0,
2026-02-23,OBCL,55.0,55.19,54.99,55.0,67142.0,
2026-02-24,OBCL,55.39,56.0,55.0,55.75,4675.0,
2026-02-25,OBCL,55.01,56.0,55.0,55.01,2864.0,
2026-02-26,OBCL,56.0,56.0,55.0,55.0,3621.0,
2026-02-27,OBCL,55.08,56.7,55.0,55.99,18008.0,
2026-03-02,OBCL,55.99,57.99,54.99,56.17,18460.0,
2026-03-04,OBCL,55.89,61.5,55.0,59.99,12641.0,
2026-03-05,OBCL,61.0,61.0,55.5,55.96,6711.0,
2026-03-06,OBCL,56.8,58.45,55.1,55.6,7933.0,
2026-03-09,OBCL,55.6,55.97,55.01,55.1,4088.0,
2026-03-10,OBCL,53.72,56.01,53.72,55.1,47548.0,
2026-03-11,OBCL,55.43,57.61,55.1,55.55,35332.0,
2026-03-12,OBCL,56.67,56.67,55.1,55.6,47254.0,
2026-03-13,OBCL,55.6,56.11,54.7,55.5,47771.0,
2026-03-16,OBCL,55.03,56.36,55.02,55.58,46529.0,
2026-03-17,OBCL,56.69,56.69,55.05,55.5,44305.0,
2026-03-18,OBCL,56.3,57.9,55.1,57.0,36992.0,
2026-03-19,OBCL,56.03,58.0,56.03,57.06,18429.0,
2026-03-20,OBCL,57.06,59.32,55.26,56.0,8355.0,
2026-03-23,OBCL,55.06,55.51,54.01,54.1,3007.0,
2026-03-24,OBCL,55.0,56.0,54.15,54.52,10493.0,
2026-03-25,OBCL,55.53,56.3,54.5,55.36,55118.0,
2026-03-27,OBCL,57.0,57.0,55.0,55.51,18776.0,
2026-03-30,OBCL,55.26,61.06,55.0,57.24,23447.0,
2026-04-01,OBCL,58.9,60.0,56.1,56.7,1550.0,
2026-04-02,OBCL,56.0,58.9,55.6,56.14,1725.0,
2026-04-06,OBCL,58.9,58.9,55.51,56.11,1146.0,
2026-04-07,OBCL,56.12,56.5,56.08,56.18,1667.0,
2026-04-08,OBCL,57.9,57.9,55.1,55.76,6486.0,
2026-04-09,OBCL,55.76,56.9,55.2,55.33,1318.0,
2026-04-10,OBCL,56.31,56.64,55.1,55.46,3479.0,
2026-04-13,OBCL,55.97,56.0,55.46,55.99,1426.0,
2026-04-15,OBCL,55.99,57.45,55.99,56.99,3387.0,
2026-04-16,OBCL,57.01,57.46,56.4,57.45,1762.0,
2026-04-17,OBCL,57.0,57.0,55.1,56.48,3207.0,
2026-04-20,OBCL,56.81,56.82,54.96,55.1,13240.0,
2026-04-21,OBCL,55.99,56.28,55.21,56.2,1767.0,
2026-04-22,OBCL,56.89,56.89,55.06,56.05,4074.0,
2026-04-23,OBCL,56.97,56.98,55.08,55.61,1485.0,
2026-04-24,OBCL,55.51,56.49,55.5,56.22,2495.0,
2026-04-27,OBCL,55.6,56.78,54.7,55.5,4244.0,
2026-04-28,OBCL,54.71,56.3,54.71,55.55,9645.0,
2026-04-29,OBCL,55.23,55.99,55.1,55.44,3162.0,
2026-04-30,OBCL,56.29,56.29,54.75,54.99,7544.0,
2026-05-04,OBCL,56.07,56.07,54.5,54.86,1334.0,
2026-05-05,OBCL,54.92,56.4,51.2,55.56,11448.0,
2026-05-06,OBCL,55.5,55.99,54.51,55.83,6824.0,
2026-05-07,OBCL,55.83,58.0,53.05,56.87,11744.0,
2026-05-08,OBCL,56.0,56.77,55.21,55.33,2814.0,
2026-05-11,OBCL,56.31,56.31,53.1,55.34,8642.0,
2026-05-12,OBCL,56.25,57.45,54.16,56.18,11798.0,
2026-05-13,OBCL,56.7,56.7,54.0,55.24,7019.0,
2026-05-14,OBCL,55.24,55.46,54.06,55.03,4745.0,
2026-05-15,OBCL,56.3,56.3,53.65,54.12,3994.0,
2026-05-18,OBCL,54.12,54.79,53.1,53.65,3759.0,
2026-05-19,OBCL,55.4,55.4,53.71,54.21,392.0,
2026-05-20,OBCL,54.05,54.9,53.8,53.89,3796.0,
2026-05-21,OBCL,54.05,54.52,53.51,53.75,1803.0,
2026-05-22,OBCL,53.11,54.59,53.11,54.48,1396.0,
2026-05-25,OBCL,54.0,54.97,52.91,53.18,6171.0,
2026-05-26,OBCL,53.18,54.05,53.18,53.18,645.0,
2026-05-27,OBCL,53.18,53.94,51.5,52.21,5067.0,
2026-05-29,OBCL,52.1,53.74,51.65,51.99,5431.0,
2026-06-01,OBCL,51.74,53.47,51.11,52.78,6804.0,
2026-06-02,OBCL,52.99,52.99,51.1,52.03,1428.0,
2026-06-03,OBCL,51.77,51.77,49.0,50.87,9413.0,
2026-06-04,OBCL,52.0,52.0,50.87,50.98,4584.0,
2026-06-05,OBCL,52.3,52.3,51.11,51.15,223.0,
2026-06-08,OBCL,51.15,53.95,51.15,53.73,13416.0,
2026-06-09,OBCL,54.9,59.0,54.5,58.71,59381.0,
2026-06-10,OBCL,58.45,59.0,55.5,57.37,25893.0,
2026-06-11,OBCL,57.2,62.0,56.92,58.77,32772.0,
2026-06-12,OBCL,58.8,61.35,58.55,59.89,19231.0,
2026-06-15,OBCL,59.6,62.0,58.6,59.44,11748.0,
2026-06-16,OBCL,59.1,60.97,54.85,57.26,154929.0,
2026-06-17,OBCL,56.33,60.1,56.33,58.6,36929.0,
2026-06-18,OBCL,58.0,60.0,56.05,56.61,10661.0,
2026-06-19,OBCL,57.0,59.73,55.0,57.88,8507.0,
2026-06-22,OBCL,60.86,60.86,56.15,56.52,70151.0,
2026-06-23,OBCL,56.35,58.0,56.1,57.3,8285.0,
2026-06-24,OBCL,56.42,58.7,56.42,57.48,5170.0,
2026-06-25,OBCL,56.8,57.15,56.5,56.5,859.0,
2026-06-29,OBCL,55.25,56.51,55.25,55.75,9550.0,
2026-06-30,OBCL,55.75,58.95,55.75,56.85,7770.0,
2026-07-01,OBCL,57.94,57.96,55.75,55.75,7075.0,
2026-07-02,OBCL,55.77,57.41,55.75,55.75,2135.0,
2026-07-03,OBCL,57.69,57.69,55.1,55.58,3178.0,
2026-07-06,OBCL,57.99,57.99,54.5,55.34,11721.0,
2026-07-07,OBCL,54.2,56.6,53.11,53.34,29889.0,
2026-07-08,OBCL,53.15,54.05,53.01,53.1,4272.0,
2026-07-09,OBCL,53.1,54.1,53.0,53.84,3692.0,
2026-07-10,OBCL,53.5,53.96,52.26,53.77,3302.0,
2026-07-13,OBCL,53.1,54.77,51.6,53.62,10842.0,
2026-07-14,OBCL,53.0,53.49,51.7,52.25,9667.0,
2026-07-15,OBCL,53.0,53.44,52.07,53.24,5733.0,
2026-07-16,OBCL,53.24,53.84,51.81,52.67,4682.0,
2026-07-17,OBCL,52.67,54.0,52.2,53.45,6869.0,
2026-07-20,OBCL,52.8,53.79,52.8,53.04,1442.0,
2026-07-21,OBCL,53.95,55.5,53.0,53.29,1653.0,
2026-07-22,OBCL,53.03,54.08,52.99,53.0,18119.0,
2026-07-23,OBCL,52.0,53.89,52.0,53.11,1502.0,
2026-07-24,OBCL,53.0,53.77,51.51,52.39,12262.0,
2026-07-27,OBCL,53.05,53.49,52.65,53.35,5694.0,
2026-07-28,OBCL,53.5,53.74,52.6,52.65,272.0,
2026-07-29,OBCL,52.72,53.5,52.15,52.41,3740.0,
2026-07-30,OBCL,52.41,53.39,51.35,52.43,4000.0,
2026-07-31,OBCL,54.25,54.25,52.2,52.68,1453.0,
2026-08-03,OBCL,52.0,53.9,52.0,53.1,65944.0,
2026-08-04,OBCL,53.9,54.29,52.82,53.18,4226.0,
2026-08-05,OBCL,53.95,54.19,52.54,53.5,4471.0,
2026-08-06,OBCL,53.34,55.0,53.0,53.5,9381.0,
2026-08-07,OBCL,53.95,55.0,52.2,53.5,2416.0,
2026-08-10,OBCL,54.79,54.8,53.0,53.48,2449.0,
2026-08-11,OBCL,53.49,53.88,52.11,52.72,55302.0,
2026-08-12,OBCL,52.75,53.82,52.7,53.0,52099.0,
2026-08-13,OBCL,53.1,54.8,53.1,53.5,66103.0,
2026-08-14,OBCL,53.5,54.69,53.5,54.43,2494.0,
2026-08-17,OBCL,54.45,54.45,53.5,53.99,4610.0,
2026-08-18,OBCL,54.0,54.6,53.16,54.0,20269.0,
2026-08-19,OBCL,54.4,54.4,53.75,54.19,53732.0,
2026-08-20,OBCL,55.25,55.25,54.0,54.2,17083.0,
2026-08-21,OBCL,54.99,54.99,54.25,54.25,9488.0,
2026-08-24,OBCL,55.0,59.91,54.5,54.81,100760.0,
2026-08-25,OBCL,54.81,58.0,46.51,56.72,40626.0,
2026-08-26,OBCL,56.0,58.0,55.51,57.68,7471.0,
2026-08-27,OBCL,58.0,58.0,55.7,56.16,3976.0,
2026-08-28,OBCL,56.1,56.1,55.21,55.4,774.0,
2026-08-31,OBCL,53.2,57.9,53.2,54.82,11302.0,
2026-09-01,OBCL,54.83,57.97,54.75,55.04,8158.0,
2026-09-02,OBCL,55.9,55.9,54.7,54.77,7881.0,
2026-09-03,OBCL,55.98,55.98,54.8,54.99,5857.0,
2026-09-04,OBCL,55.13,55.7,55.1,55.19,1073.0,
2026-09-07,OBCL,56.29,56.29,55.0,55.03,4087.0,
2026-09-08,OBCL,55.26,56.5,55.05,55.63,4553.0,
2026-09-09,OBCL,54.51,55.99,54.5,55.98,1427.0,
2026-09-10,OBCL,55.99,56.54,54.94,55.89,4444.0,
2026-09-11,OBCL,56.7,56.7,55.7,55.78,4948.0,
2026-04-17,OMPOWER,186.0,195.3,186.0,193.38,2366480.0,
2026-04-20,OMPOWER,198.0,203.04,195.2,203.04,1177265.0,
2026-04-21,OMPOWER,206.0,206.0,192.89,199.69,510701.0,
2026-04-22,OMPOWER,198.0,202.0,195.0,199.87,201424.0,
2026-04-23,OMPOWER,199.1,205.9,195.0,202.81,328949.0,
2026-04-24,OMPOWER,204.99,204.99,197.0,198.77,322448.0,
2026-04-27,OMPOWER,199.0,201.98,195.1,196.49,266818.0,
2026-04-28,OMPOWER,196.0,199.5,193.0,199.05,133270.0,
2026-04-29,OMPOWER,199.48,201.0,196.05,197.7,112409.0,
2026-04-30,OMPOWER,198.76,199.95,191.0,194.27,192282.0,
2026-05-04,OMPOWER,198.5,201.8,190.13,194.2,579224.0,
2026-05-05,OMPOWER,194.0,195.32,190.55,192.66,198486.0,
2026-05-06,OMPOWER,195.0,195.0,188.15,190.68,279254.0,
2026-05-07,OMPOWER,188.68,192.19,186.9,189.05,309905.0,
2026-05-08,OMPOWER,188.5,189.93,177.25,178.58,579165.0,
2026-05-11,OMPOWER,179.49,187.98,176.52,183.87,382389.0,
2026-05-12,OMPOWER,183.87,190.0,180.1,181.25,397829.0,
2026-05-13,OMPOWER,181.0,186.7,177.63,179.09,213632.0,
2026-05-14,OMPOWER,179.09,182.19,175.5,177.4,141492.0,
2026-05-15,OMPOWER,178.9,186.99,178.76,184.75,275440.0,
2026-05-18,OMPOWER,187.39,191.5,182.02,185.21,317945.0,
2026-05-19,OMPOWER,186.23,192.0,183.5,190.08,203279.0,
2026-05-20,OMPOWER,199.99,202.0,191.0,192.44,689309.0,
2026-05-21,OMPOWER,193.5,197.29,193.45,194.81,273345.0,
2026-05-22,OMPOWER,194.0,194.87,189.0,190.74,255617.0,
2026-05-25,OMPOWER,193.0,193.0,188.0,188.98,172337.0,
2026-05-26,OMPOWER,188.98,190.0,185.45,189.15,277806.0,
2026-05-27,OMPOWER,190.0,190.9,168.99,175.92,1082465.0,
2026-05-29,OMPOWER,182.71,182.71,169.0,170.69,705861.0,
2026-06-01,OMPOWER,176.0,178.94,167.4,168.39,421006.0,
2026-06-02,OMPOWER,169.5,171.2,167.13,170.12,166954.0,
2026-06-03,OMPOWER,173.3,174.42,167.0,168.45,708110.0,
2026-06-04,OMPOWER,170.0,171.23,168.19,169.31,555374.0,
2026-06-05,OMPOWER,170.4,189.4,169.03,182.55,1309804.0,
2026-06-08,OMPOWER,184.34,195.75,178.55,183.12,1351668.0,
2026-06-09,OMPOWER,182.75,185.49,180.16,181.08,200565.0,
2026-06-10,OMPOWER,180.95,182.94,174.11,175.09,140559.0,
2026-06-11,OMPOWER,177.0,183.49,172.18,175.31,310678.0,
2026-06-12,OMPOWER,179.94,183.0,174.98,177.96,114207.0,
2026-06-15,OMPOWER,180.6,185.0,177.0,178.96,168011.0,
2026-06-16,OMPOWER,180.0,180.85,176.74,178.77,87300.0,
2026-06-17,OMPOWER,178.77,182.19,176.2,178.38,117453.0,
2026-06-18,OMPOWER,178.31,180.8,176.5,178.38,109910.0,
2026-06-19,OMPOWER,184.0,184.0,178.15,179.43,129079.0,
2026-06-22,OMPOWER,179.04,191.01,179.04,182.95,350144.0,
2026-06-23,OMPOWER,183.0,186.39,180.05,181.78,149446.0,
2026-06-24,OMPOWER,182.0,185.0,179.61,183.42,158175.0,
2026-06-25,OMPOWER,183.3,184.9,179.0,182.46,99658.0,
2026-06-29,OMPOWER,186.0,190.0,179.41,180.45,239917.0,
2026-06-30,OMPOWER,182.0,182.29,179.0,180.22,74917.0,
2026-07-01,OMPOWER,179.5,186.44,179.5,181.84,154375.0,
2026-07-02,OMPOWER,181.5,183.97,180.51,181.59,55606.0,
2026-07-03,OMPOWER,181.59,182.79,178.09,178.47,115244.0,
2026-07-06,OMPOWER,178.49,180.0,176.98,177.4,106068.0,
2026-07-07,OMPOWER,179.17,179.17,170.5,172.69,206066.0,
2026-07-08,OMPOWER,172.98,175.59,169.0,170.73,130233.0,
2026-07-09,OMPOWER,171.0,181.45,170.85,173.43,376769.0,
2026-07-10,OMPOWER,178.0,179.86,175.5,176.16,180767.0,
2026-07-13,OMPOWER,176.17,179.97,174.71,175.58,110243.0,
2026-07-14,OMPOWER,176.55,176.55,168.08,172.73,175759.0,
2026-07-15,OMPOWER,173.55,175.0,171.5,173.9,142037.0,
2026-07-16,OMPOWER,173.9,174.0,172.0,172.21,52194.0,
2026-07-17,OMPOWER,172.05,172.39,169.27,169.99,85807.0,
2026-07-20,OMPOWER,172.0,172.9,169.0,169.92,97687.0,
2026-07-21,OMPOWER,170.0,173.57,168.25,169.34,206177.0,
2026-07-22,OMPOWER,169.95,169.95,166.83,167.11,85020.0,
2026-07-23,OMPOWER,167.26,167.29,165.05,165.84,82125.0,
2026-07-24,OMPOWER,166.0,169.56,165.14,169.2,102833.0,
2026-07-27,OMPOWER,170.0,171.25,167.41,169.87,78237.0,
2026-07-28,OMPOWER,167.71,170.0,167.01,167.74,36840.0,
2026-07-29,OMPOWER,167.26,168.24,161.55,164.07,163625.0,
2026-07-30,OMPOWER,164.0,164.51,158.4,159.16,95665.0,
2026-07-31,OMPOWER,161.0,169.7,159.5,167.93,141531.0,
2026-08-03,OMPOWER,171.99,171.99,167.01,169.4,59098.0,
2026-08-04,OMPOWER,169.4,176.8,168.0,170.54,122062.0,
2026-08-05,OMPOWER,174.49,174.49,168.0,169.04,30712.0,
2026-08-06,OMPOWER,167.85,176.5,167.85,172.57,183875.0,
2026-08-07,OMPOWER,173.0,173.56,169.22,171.03,44674.0,
2026-08-10,OMPOWER,169.78,172.0,168.52,170.16,63043.0,
2026-08-11,OMPOWER,171.41,172.9,167.56,168.9,72428.0,
2026-08-12,OMPOWER,166.0,167.49,158.01,160.2,212124.0,
2026-08-13,OMPOWER,160.65,172.0,160.0,170.73,465260.0,
2026-08-14,OMPOWER,170.73,172.0,167.46,169.95,101287.0,
2026-08-17,OMPOWER,169.94,169.94,166.43,167.96,34999.0,
2026-08-18,OMPOWER,167.13,168.0,164.6,167.64,44477.0,
2026-08-19,OMPOWER,165.89,167.3,164.0,165.28,77579.0,
2026-08-20,OMPOWER,165.28,169.34,160.05,162.7,73680.0,
2026-08-21,OMPOWER,162.7,165.01,161.4,163.09,70377.0,
2026-08-24,OMPOWER,162.01,165.0,161.0,163.53,71969.0,
2026-08-25,OMPOWER,164.12,171.24,162.06,167.7,153882.0,
2026-08-26,OMPOWER,173.75,173.95,170.4,172.84,142944.0,
2026-08-27,OMPOWER,172.84,173.0,170.0,172.27,84420.0,
2026-08-28,OMPOWER,172.0,177.0,168.86,175.31,232635.0,
2026-08-31,OMPOWER,175.41,179.0,173.03,174.16,160344.0,
2026-09-01,OMPOWER,175.02,176.8,168.42,169.08,62923.0,
2026-09-02,OMPOWER,169.0,175.03,162.9,171.86,76844.0,
2026-09-03,OMPOWER,171.86,173.8,170.15,171.09,32744.0,
2026-09-04,OMPOWER,171.23,176.9,170.2,175.68,75803.0,
2026-09-07,OMPOWER,175.6,178.0,169.06,170.31,142210.0,
2026-09-08,OMPOWER,171.73,171.73,168.31,170.0,34886.0,
2026-09-09,OMPOWER,170.92,171.56,168.01,168.7,34790.0,
2026-09-10,OMPOWER,169.8,171.0,167.0,168.11,35105.0,
2026-09-11,OMPOWER,167.01,174.95,165.0,171.54,206438.0,
2025-08-29,PKTEA,718.0,752.85,718.0,749.05,779.0,
2025-09-01,PKTEA,752.0,785.0,730.0,757.6,98.0,
2025-09-02,PKTEA,757.6,795.45,757.6,794.0,737.0,
2025-09-03,PKTEA,800.0,800.0,771.0,794.0,124.0,
2025-09-04,PKTEA,788.0,789.0,758.05,782.15,42.0,
2025-09-05,PKTEA,765.0,769.7,747.0,769.65,130.0,
2025-09-08,PKTEA,768.95,768.95,735.0,740.5,1226.0,
2025-09-09,PKTEA,739.0,764.0,735.0,756.0,222.0,
2025-09-10,PKTEA,756.0,779.4,735.55,779.4,1008.0,
2025-09-11,PKTEA,775.45,775.45,745.0,745.05,274.0,
2025-09-12,PKTEA,740.0,759.95,735.0,757.6,309.0,
2025-09-15,PKTEA,757.6,760.0,738.0,756.0,355.0,
2025-09-16,PKTEA,757.0,793.8,755.25,793.8,993.0,
2025-09-17,PKTEA,833.45,833.45,833.45,833.45,1447.0,
2025-09-18,PKTEA,875.1,875.1,821.2,845.05,677.0,
2025-09-19,PKTEA,847.1,857.0,811.35,815.5,479.0,
2025-09-22,PKTEA,815.5,820.0,780.0,792.5,314.0,
2025-09-23,PKTEA,800.0,832.1,798.0,832.1,1217.0,
2025-09-24,PKTEA,873.7,873.7,873.7,873.7,1496.0,
2025-09-25,PKTEA,917.0,917.0,830.05,888.3,4114.0,
2025-09-26,PKTEA,888.3,888.3,844.5,851.3,447.0,
2025-09-29,PKTEA,860.0,888.0,815.0,825.0,921.0,
2025-09-30,PKTEA,832.0,832.0,803.0,832.0,29.0,
2025-10-01,PKTEA,832.0,838.9,825.0,836.25,34.0,
2025-10-03,PKTEA,848.0,877.0,840.0,850.0,171.0,
2025-10-06,PKTEA,854.25,854.25,808.0,815.35,71.0,
2025-10-07,PKTEA,795.0,852.0,781.1,799.4,226.0,
2025-10-08,PKTEA,830.0,836.9,795.0,795.95,209.0,
2025-10-09,PKTEA,810.0,814.05,780.0,790.0,258.0,
2025-10-10,PKTEA,789.0,809.0,780.0,780.0,222.0,
2025-10-13,PKTEA,773.0,779.2,741.0,755.0,1350.0,
2025-10-14,PKTEA,765.0,765.0,720.0,739.4,562.0,
2025-10-15,PKTEA,730.0,730.0,720.0,725.1,19.0,
2025-10-16,PKTEA,725.1,725.1,703.1,725.1,45.0,
2025-10-17,PKTEA,725.0,730.0,725.0,726.0,43.0,
2025-10-20,PKTEA,701.0,704.5,699.0,700.0,479.0,
2025-10-21,PKTEA,701.0,701.0,701.0,701.0,360.0,
2025-10-23,PKTEA,701.0,702.9,682.0,699.0,211.0,
2025-10-24,PKTEA,701.0,701.0,675.35,700.5,99.0,
2025-10-27,PKTEA,700.0,700.0,676.0,699.0,163.0,
2025-10-28,PKTEA,676.0,698.0,676.0,687.4,48.0,
2025-10-29,PKTEA,680.0,718.0,655.3,710.35,627.0,
2025-10-30,PKTEA,744.9,744.9,675.25,718.8,271.0,
2025-10-31,PKTEA,700.0,717.9,700.0,717.9,55.0,
2025-11-03,PKTEA,682.0,700.0,682.0,682.15,459.0,
2025-11-04,PKTEA,713.95,713.95,671.0,671.75,131.0,
2025-11-06,PKTEA,670.0,670.0,666.0,666.0,27.0,
2025-11-07,PKTEA,691.0,691.0,690.0,690.0,250.0,
2025-11-10,PKTEA,658.0,695.0,658.0,661.05,94.0,
2025-11-11,PKTEA,655.05,687.0,655.05,683.5,145.0,
2025-11-12,PKTEA,670.0,672.9,651.1,652.35,198.0,
2025-11-13,PKTEA,680.8,684.95,625.0,667.0,668.0,
2025-11-14,PKTEA,634.0,693.0,634.0,681.0,1280.0,
2025-11-17,PKTEA,690.0,702.0,690.0,695.05,582.0,
2025-11-18,PKTEA,694.0,694.0,685.0,685.0,13.0,
2025-11-19,PKTEA,690.0,719.25,685.0,713.7,109.0,
2025-11-20,PKTEA,695.0,749.35,695.0,749.35,2232.0,
2025-11-21,PKTEA,749.35,775.0,730.0,774.75,748.0,
2025-11-24,PKTEA,813.0,813.0,752.05,754.1,268.0,
2025-11-25,PKTEA,750.0,755.0,740.0,741.0,167.0,
2025-11-26,PKTEA,750.0,768.0,741.0,766.9,190.0,
2025-11-27,PKTEA,740.05,740.05,730.0,731.0,82.0,
2025-11-28,PKTEA,728.85,750.0,728.85,730.0,290.0,
2025-12-01,PKTEA,765.0,766.0,710.0,710.0,497.0,
2025-12-02,PKTEA,687.0,745.5,687.0,745.15,938.0,
2025-12-03,PKTEA,770.0,770.0,758.0,758.0,13.0,
2025-12-04,PKTEA,770.0,770.0,740.0,764.25,429.0,
2025-12-05,PKTEA,770.0,770.05,750.0,768.5,63.0,
2025-12-08,PKTEA,725.05,769.35,725.0,738.0,549.0,
2025-12-09,PKTEA,737.4,745.0,732.0,732.0,153.0,
2025-12-10,PKTEA,702.05,750.0,695.0,734.9,424.0,
2025-12-11,PKTEA,736.0,759.0,725.0,725.0,486.0,
2025-12-12,PKTEA,725.0,771.0,725.0,765.45,532.0,
2025-12-15,PKTEA,760.0,764.5,760.0,764.5,43.0,
2025-12-16,PKTEA,745.4,776.3,730.0,775.05,93.0,
2025-12-17,PKTEA,819.9,852.55,785.2,852.55,5562.0,
2025-12-18,PKTEA,937.8,937.8,872.4,895.55,6337.0,
2025-12-19,PKTEA,899.9,915.0,841.0,848.05,1118.0,
2025-12-22,PKTEA,925.0,929.45,860.0,866.25,842.0,
2025-12-23,PKTEA,859.4,952.85,845.0,918.85,1761.0,
2025-12-24,PKTEA,922.0,945.0,870.0,920.3,9763.0,
2025-12-26,PKTEA,998.0,998.0,851.0,856.65,9085.0,
2025-12-29,PKTEA,863.5,870.05,841.0,845.5,441.0,
2025-12-30,PKTEA,840.05,869.5,840.05,860.4,1084.0,
2025-12-31,PKTEA,869.35,895.0,825.0,882.05,877.0,
2026-01-01,PKTEA,884.05,885.0,850.0,852.6,310.0,
2026-01-02,PKTEA,857.75,877.4,842.4,850.35,412.0,
2026-01-05,PKTEA,830.0,868.8,830.0,836.45,258.0,
2026-01-06,PKTEA,842.1,842.15,805.0,809.2,372.0,
2026-01-07,PKTEA,813.9,813.9,789.2,789.85,157.0,
2026-01-08,PKTEA,791.9,799.7,711.1,731.5,1118.0,
2026-01-09,PKTEA,722.0,735.4,709.45,717.2,272.0,
2026-01-12,PKTEA,671.2,709.05,671.2,679.1,1567.0,
2026-01-13,PKTEA,679.95,680.0,631.0,645.85,1165.0,
2026-01-14,PKTEA,640.0,649.35,615.25,642.0,563.0,
2026-01-16,PKTEA,650.0,666.0,650.0,666.0,27.0,
2026-01-19,PKTEA,694.45,694.45,670.0,679.7,266.0,
2026-01-20,PKTEA,703.6,703.6,662.0,672.0,41.0,
2026-01-21,PKTEA,672.0,689.4,656.0,676.0,67.0,
2026-01-22,PKTEA,676.4,689.4,676.0,677.0,148.0,
2026-01-23,PKTEA,677.0,677.0,660.0,668.5,119.0,
2026-01-27,PKTEA,675.55,694.0,675.55,683.55,65.0,
2026-01-28,PKTEA,683.0,683.0,650.4,655.3,190.0,
2026-01-29,PKTEA,657.0,661.5,657.0,660.0,142.0,
2026-01-30,PKTEA,663.0,679.0,656.0,660.0,44.0,
2026-02-02,PKTEA,693.0,693.0,685.0,688.05,53.0,
2026-02-03,PKTEA,721.95,721.95,686.2,689.2,531.0,
2026-02-04,PKTEA,718.0,718.0,685.0,709.0,86.0,
2026-02-05,PKTEA,705.0,705.0,705.0,705.0,1.0,
2026-02-06,PKTEA,703.4,703.4,670.1,672.45,230.0,
2026-02-09,PKTEA,674.05,705.0,653.0,703.15,717.0,
2026-02-10,PKTEA,738.3,738.3,738.3,738.3,596.0,
2026-02-11,PKTEA,775.2,775.2,770.0,775.05,1015.0,
2026-02-12,PKTEA,751.4,785.0,750.0,775.05,451.0,
2026-02-13,PKTEA,775.0,805.0,750.0,773.3,5933.0,
2026-02-16,PKTEA,773.3,800.0,770.4,783.65,758.0,
2026-02-17,PKTEA,794.4,819.0,756.05,794.45,3782.0,
2026-02-18,PKTEA,785.0,801.95,775.0,775.5,2269.0,
2026-02-19,PKTEA,780.0,782.0,775.0,775.45,40.0,
2026-02-20,PKTEA,770.55,775.45,770.0,773.3,50.0,
2026-02-23,PKTEA,799.5,799.5,790.0,790.0,22.0,
2026-02-24,PKTEA,786.0,790.0,786.0,789.9,37.0,
2026-02-25,PKTEA,799.0,812.0,798.75,805.5,168.0,
2026-02-26,PKTEA,804.0,820.0,795.0,796.4,326.0,
2026-02-27,PKTEA,780.5,800.0,780.5,790.0,400.0,
2026-03-02,PKTEA,751.0,790.05,750.5,765.0,417.0,
2026-03-04,PKTEA,761.0,763.0,760.0,760.45,398.0,
2026-03-05,PKTEA,763.0,789.95,763.0,773.65,167.0,
2026-03-06,PKTEA,775.05,775.05,775.0,775.0,168.0,
2026-03-09,PKTEA,775.05,775.05,775.0,775.0,760.0,
2026-03-10,PKTEA,775.0,799.0,775.0,777.05,23.0,
2026-03-11,PKTEA,790.0,790.0,780.0,780.0,168.0,
2026-03-12,PKTEA,780.0,800.0,780.0,796.95,257.0,
2026-03-16,PKTEA,790.0,802.0,780.0,790.0,913.0,
2026-03-17,PKTEA,795.0,798.0,795.0,795.0,132.0,
2026-03-18,PKTEA,795.0,834.75,795.0,810.0,330.0,
2026-03-19,PKTEA,810.0,850.0,810.0,820.35,1899.0,
2026-03-20,PKTEA,845.0,845.0,815.0,845.0,147.0,
2026-03-23,PKTEA,842.0,842.05,805.0,805.0,390.0,
2026-03-24,PKTEA,805.05,806.0,805.0,805.0,310.0,
2026-03-25,PKTEA,810.0,820.0,795.4,816.25,37.0,
2026-03-27,PKTEA,816.25,816.25,816.25,816.25,2.0,
2026-03-30,PKTEA,816.25,816.25,816.25,816.25,1.0,
2026-04-01,PKTEA,833.0,852.0,833.0,840.0,26.0,
2026-04-02,PKTEA,840.0,878.0,799.0,804.6,169.0,
2026-04-06,PKTEA,824.7,824.7,821.0,821.0,10.0,
2026-04-07,PKTEA,814.0,814.0,814.0,814.0,5.0,
2026-04-08,PKTEA,814.95,814.95,750.0,758.2,247.0,
2026-04-09,PKTEA,794.0,794.0,750.0,771.8,92.0,
2026-04-13,PKTEA,772.0,772.0,772.0,772.0,4.0,
2026-04-15,PKTEA,772.0,772.0,763.05,769.6,117.0,
2026-04-16,PKTEA,763.0,763.0,750.05,754.4,73.0,
2026-04-20,PKTEA,761.0,769.0,761.0,769.0,9.0,
2026-04-21,PKTEA,775.0,793.95,759.95,782.0,82.0,
2026-04-22,PKTEA,782.0,782.0,755.1,759.0,72.0,
2026-04-23,PKTEA,759.95,811.0,759.95,785.0,14.0,
2026-04-24,PKTEA,814.9,814.9,726.35,746.65,165.0,
2026-04-27,PKTEA,751.0,782.0,744.95,763.85,167.0,
2026-04-28,PKTEA,771.95,800.0,771.95,791.35,176.0,
2026-04-29,PKTEA,790.95,809.0,777.05,809.0,8.0,
2026-04-30,PKTEA,807.0,807.0,770.0,790.0,62.0,
2026-05-04,PKTEA,814.95,869.0,805.0,869.0,1130.0,
2026-05-05,PKTEA,945.0,950.0,878.5,923.7,3925.0,
2026-05-06,PKTEA,945.0,945.0,895.0,900.1,747.0,
2026-05-07,PKTEA,900.1,900.1,878.0,879.1,742.0,
2026-05-08,PKTEA,880.0,884.9,857.0,861.1,151.0,
2026-05-11,PKTEA,861.0,865.0,819.0,863.95,344.0,
2026-05-12,PKTEA,910.0,910.0,837.05,860.0,57.0,
2026-05-14,PKTEA,864.3,887.95,840.0,848.05,85.0,
2026-05-15,PKTEA,848.05,848.05,809.0,820.1,187.0,
2026-05-18,PKTEA,880.0,898.95,810.6,827.75,196.0,
2026-05-19,PKTEA,831.85,879.95,825.0,825.0,21.0,
2026-05-20,PKTEA,820.0,824.0,778.0,781.1,308.0,
2026-05-21,PKTEA,781.2,814.5,781.2,800.0,3.0,
2026-05-22,PKTEA,850.0,859.0,780.2,785.35,84.0,
2026-05-25,PKTEA,848.0,848.0,784.0,834.9,128.0,
2026-05-26,PKTEA,835.9,918.0,806.75,838.65,9987.0,
2026-05-27,PKTEA,882.95,882.95,825.0,843.25,254.0,
2026-05-29,PKTEA,840.0,840.0,800.0,806.05,682.0,
2026-06-01,PKTEA,800.0,829.95,800.0,808.65,272.0,
2026-06-02,PKTEA,800.05,804.0,778.0,780.1,494.0,
2026-06-03,PKTEA,780.1,790.0,778.1,783.75,209.0,
2026-06-04,PKTEA,828.0,828.0,795.0,802.2,146.0,
2026-06-05,PKTEA,835.0,865.0,801.0,802.05,4342.0,
2026-06-08,PKTEA,803.5,803.5,778.0,784.35,144.0,
2026-06-09,PKTEA,783.0,798.0,778.0,798.0,109.0,
2026-06-10,PKTEA,791.0,791.0,791.0,791.0,9.0,
2026-06-11,PKTEA,785.0,785.0,760.0,780.0,240.0,
2026-06-12,PKTEA,780.0,780.0,725.05,757.95,423.0,
2026-06-15,PKTEA,814.0,814.0,755.0,759.05,437.0,
2026-06-16,PKTEA,770.0,770.0,730.15,765.0,144.0,
2026-06-17,PKTEA,765.0,765.0,765.0,765.0,15.0,
2026-06-18,PKTEA,765.0,765.0,738.0,764.35,95.0,
2026-06-19,PKTEA,760.0,770.0,760.0,763.0,28.0,
2026-06-22,PKTEA,778.0,778.0,778.0,778.0,1.0,
2026-06-23,PKTEA,798.0,812.0,770.0,790.0,791.0,
2026-06-24,PKTEA,790.0,790.0,780.0,780.0,47.0,
2026-06-25,PKTEA,775.0,805.0,745.0,764.65,121.0,
2026-06-29,PKTEA,732.0,750.0,701.0,726.1,350.0,
2026-06-30,PKTEA,726.2,780.0,726.2,764.85,107.0,
2026-07-01,PKTEA,791.6,800.0,740.3,755.45,15.0,
2026-07-02,PKTEA,779.0,787.0,779.0,786.9,75.0,
2026-07-03,PKTEA,747.0,783.25,743.0,763.85,349.0,
2026-07-06,PKTEA,750.0,760.0,750.0,750.2,51.0,
2026-07-08,PKTEA,742.05,816.0,710.2,736.95,419.0,
2026-07-09,PKTEA,794.0,794.45,741.0,763.7,47.0,
2026-07-10,PKTEA,797.0,797.0,734.05,734.95,2466.0,
2026-07-13,PKTEA,785.0,785.0,728.5,729.0,1949.0,
2026-07-14,PKTEA,713.1,722.0,713.1,718.85,47.0,
2026-07-15,PKTEA,719.0,727.0,718.85,727.0,53.0,
2026-07-16,PKTEA,725.95,726.0,707.35,725.95,77.0,
2026-07-17,PKTEA,712.4,712.75,712.4,712.7,37.0,
2026-07-20,PKTEA,712.7,718.9,705.55,718.9,390.0,
2026-07-21,PKTEA,724.8,752.0,724.8,743.9,32.0,
2026-07-22,PKTEA,743.4,743.4,743.4,743.4,10.0,
2026-07-24,PKTEA,712.3,728.0,605.0,677.15,2063.0,
2026-07-27,PKTEA,684.9,700.0,678.0,698.0,72.0,
2026-07-28,PKTEA,699.8,710.0,680.0,705.05,458.0,
2026-07-29,PKTEA,705.05,705.05,690.0,690.0,19.0,
2026-07-30,PKTEA,681.2,690.0,681.2,689.95,34.0,
2026-07-31,PKTEA,690.0,690.0,676.4,676.4,11.0,
2026-08-03,PKTEA,710.0,710.0,668.0,699.0,284.0,
2026-08-04,PKTEA,715.0,715.0,677.8,688.4,39.0,
2026-08-05,PKTEA,680.05,709.8,680.0,709.75,33.0,
2026-08-07,PKTEA,734.0,734.0,682.3,691.8,72.0,
2026-08-10,PKTEA,710.0,710.0,685.05,698.3,91.0,
2026-08-11,PKTEA,710.0,710.0,650.0,673.75,149.0,
2026-08-12,PKTEA,684.0,691.15,684.0,691.0,112.0,
2026-08-13,PKTEA,691.0,691.0,690.0,690.0,30.0,
2026-08-14,PKTEA,653.45,694.0,653.4,679.95,396.0,
2026-08-17,PKTEA,690.1,709.0,690.1,704.5,10552.0,
2026-08-18,PKTEA,704.5,733.0,675.25,723.75,77.0,
2026-08-19,PKTEA,703.8,735.0,680.0,728.35,11027.0,
2026-08-20,PKTEA,749.0,751.0,716.0,731.9,1755.0,
2026-08-21,PKTEA,759.9,759.9,732.05,732.2,81.0,
2026-08-24,PKTEA,733.1,779.0,733.0,770.35,287.0,
2026-08-25,PKTEA,749.2,778.0,746.4,762.95,486.0,
2026-08-26,PKTEA,730.05,819.0,730.05,785.0,264.0,
2026-08-27,PKTEA,785.0,785.0,737.0,751.85,80.0,
2026-08-28,PKTEA,752.0,796.95,731.05,744.75,89.0,
2026-08-31,PKTEA,744.75,765.0,744.75,746.0,336.0,
2026-09-01,PKTEA,758.0,765.0,735.0,739.5,65.0,
2026-09-02,PKTEA,719.2,745.0,700.0,728.65,176.0,
2026-09-03,PKTEA,735.55,770.0,735.0,751.75,477.0,
2026-09-04,PKTEA,777.7,810.0,740.05,802.65,6257.0,
2026-09-07,PKTEA,808.0,963.15,808.0,963.15,13475.0,
2026-09-08,PKTEA,999.0,1115.0,963.15,972.75,61700.0,
2026-09-09,PKTEA,976.85,1160.0,880.0,1136.3,59199.0,
2026-09-10,PKTEA,1169.0,1169.0,1072.4,1094.2,10161.0,
2026-09-11,PKTEA,1080.0,1150.0,1001.1,1121.75,25219.0,
2026-03-04,PNGSREVA,375.0,433.0,360.0,411.7,4798593.0,
2026-03-05,PNGSREVA,410.0,413.9,364.0,369.6,670626.0,
2026-03-06,PNGSREVA,365.1,402.95,360.8,394.1,738711.0,
2026-03-09,PNGSREVA,375.0,400.0,363.2,386.3,203958.0,
2026-03-10,PNGSREVA,386.3,394.75,375.75,387.35,155367.0,
2026-03-11,PNGSREVA,385.55,404.05,379.1,390.15,248368.0,
2026-03-12,PNGSREVA,391.25,399.3,383.4,392.8,188212.0,
2026-03-13,PNGSREVA,388.95,402.5,374.8,383.5,272148.0,
2026-03-16,PNGSREVA,389.25,391.65,361.0,365.45,153257.0,
2026-03-17,PNGSREVA,368.6,375.0,361.65,366.15,153734.0,
2026-03-18,PNGSREVA,367.25,376.1,365.0,371.65,292256.0,
2026-03-19,PNGSREVA,365.0,371.45,362.05,365.4,42020.0,
2026-03-20,PNGSREVA,366.0,373.0,363.45,368.3,45898.0,
2026-03-23,PNGSREVA,363.0,368.2,331.0,341.15,87264.0,
2026-03-24,PNGSREVA,350.0,369.9,345.05,361.55,37476.0,
2026-03-25,PNGSREVA,361.55,377.7,355.05,363.05,44877.0,
2026-03-27,PNGSREVA,364.85,369.0,342.3,350.85,171974.0,
2026-03-30,PNGSREVA,349.95,349.95,324.25,331.8,103363.0,
2026-04-01,PNGSREVA,334.0,356.7,334.0,342.1,73742.0,
2026-04-02,PNGSREVA,340.0,351.9,327.75,348.35,38327.0,
2026-04-06,PNGSREVA,344.6,368.0,342.25,363.8,192849.0,
2026-04-07,PNGSREVA,365.95,416.5,362.55,374.1,1033796.0,
2026-04-08,PNGSREVA,385.0,388.25,370.3,374.4,479957.0,
2026-04-09,PNGSREVA,374.45,386.9,370.0,376.05,96895.0,
2026-04-10,PNGSREVA,377.65,386.85,370.8,375.25,130906.0,
2026-04-13,PNGSREVA,375.0,382.95,360.0,364.25,187747.0,
2026-04-15,PNGSREVA,366.8,389.0,366.0,372.15,509648.0,
2026-04-16,PNGSREVA,374.2,386.0,370.95,372.6,256898.0,
2026-04-17,PNGSREVA,377.9,387.0,374.45,380.0,387936.0,
2026-04-20,PNGSREVA,380.0,394.5,372.25,378.6,638686.0,
2026-04-21,PNGSREVA,376.2,382.45,372.0,377.0,166828.0,
2026-04-22,PNGSREVA,379.65,387.0,373.0,384.0,128798.0,
2026-04-23,PNGSREVA,389.0,423.0,381.35,386.25,977710.0,
2026-04-24,PNGSREVA,387.05,403.0,385.55,396.9,319953.0,
2026-04-27,PNGSREVA,404.7,422.0,395.1,400.85,753176.0,
2026-04-28,PNGSREVA,401.2,442.0,399.2,432.95,853178.0,
2026-04-29,PNGSREVA,442.0,476.75,409.75,417.05,955961.0,
2026-04-30,PNGSREVA,417.05,430.0,415.0,423.25,215766.0,
2026-05-04,PNGSREVA,426.85,434.0,407.05,416.4,227028.0,
2026-05-05,PNGSREVA,420.8,431.1,412.3,425.6,174551.0,
2026-05-06,PNGSREVA,427.65,453.15,421.05,440.95,446664.0,
2026-05-07,PNGSREVA,444.9,474.0,444.9,457.9,351639.0,
2026-05-08,PNGSREVA,458.95,472.8,451.4,456.25,252835.0,
2026-05-11,PNGSREVA,440.0,474.85,405.65,417.65,905742.0,
2026-05-12,PNGSREVA,424.95,424.95,390.8,396.0,489846.0,
2026-05-13,PNGSREVA,394.0,394.35,360.05,378.95,412191.0,
2026-05-14,PNGSREVA,375.05,388.05,367.05,375.95,296390.0,
2026-05-15,PNGSREVA,375.95,380.4,364.45,374.8,118194.0,
2026-05-18,PNGSREVA,372.95,372.95,353.65,365.9,290366.0,
2026-05-19,PNGSREVA,367.0,384.0,356.85,381.4,173155.0,
2026-05-20,PNGSREVA,376.15,411.8,376.15,408.4,516711.0,
2026-05-21,PNGSREVA,415.05,417.6,395.2,399.6,118212.0,
2026-05-22,PNGSREVA,409.6,410.0,389.8,407.65,587468.0,
2026-05-25,PNGSREVA,400.0,417.6,397.85,403.95,198896.0,
2026-05-26,PNGSREVA,400.0,404.7,390.45,392.7,104547.0,
2026-05-27,PNGSREVA,392.7,397.4,378.05,381.55,106099.0,
2026-05-29,PNGSREVA,379.95,387.85,364.0,376.65,111145.0,
2026-06-01,PNGSREVA,379.95,385.05,375.0,377.1,55176.0,
2026-06-02,PNGSREVA,371.05,385.0,371.05,376.25,130343.0,
2026-06-03,PNGSREVA,375.0,378.45,373.0,375.6,86486.0,
2026-06-04,PNGSREVA,377.45,387.85,375.75,380.95,48865.0,
2026-06-05,PNGSREVA,377.0,397.4,377.0,381.35,244627.0,
2026-06-08,PNGSREVA,382.0,411.9,382.0,386.25,426842.0,
2026-06-09,PNGSREVA,391.25,398.25,387.05,389.1,83737.0,
2026-06-10,PNGSREVA,392.2,394.45,378.15,381.05,59321.0,
2026-06-11,PNGSREVA,380.0,380.05,363.1,364.55,96151.0,
2026-06-12,PNGSREVA,367.35,383.0,367.35,378.35,71441.0,
2026-06-15,PNGSREVA,390.0,394.8,379.3,380.8,168445.0,
2026-06-16,PNGSREVA,381.05,385.6,379.5,381.15,122319.0,
2026-06-17,PNGSREVA,381.7,392.0,381.55,384.45,115703.0,
2026-06-18,PNGSREVA,384.5,390.55,381.0,386.35,171077.0,
2026-06-19,PNGSREVA,386.9,404.0,385.55,400.45,207816.0,
2026-06-22,PNGSREVA,401.0,404.5,397.8,401.55,87880.0,
2026-06-23,PNGSREVA,403.2,408.3,395.3,397.25,69149.0,
2026-06-24,PNGSREVA,396.3,399.05,385.0,391.9,63250.0,
2026-06-25,PNGSREVA,392.0,393.25,386.5,388.65,115269.0,
2026-06-29,PNGSREVA,394.55,398.0,388.55,391.6,25592.0,
2026-06-30,PNGSREVA,395.95,395.95,390.35,394.55,21508.0,
2026-07-01,PNGSREVA,398.5,400.0,387.0,396.05,83233.0,
2026-07-02,PNGSREVA,391.5,422.7,391.5,415.05,174296.0,
2026-07-03,PNGSREVA,419.2,424.0,410.9,422.05,90831.0,
2026-07-06,PNGSREVA,416.7,427.45,416.7,422.05,37947.0,
2026-07-07,PNGSREVA,422.0,426.2,406.7,412.85,91838.0,
2026-07-08,PNGSREVA,423.8,432.05,398.6,403.1,341312.0,
2026-07-09,PNGSREVA,409.0,428.0,405.0,414.2,297558.0,
2026-07-10,PNGSREVA,414.2,428.7,414.15,421.5,83165.0,
2026-07-13,PNGSREVA,425.0,434.0,400.9,406.85,118457.0,
2026-07-14,PNGSREVA,412.95,412.95,402.6,408.55,35541.0,
2026-07-15,PNGSREVA,407.2,413.0,400.0,405.3,51499.0,
2026-07-16,PNGSREVA,406.9,409.0,393.1,401.5,36656.0,
2026-07-17,PNGSREVA,405.9,405.9,391.85,398.1,28247.0,
2026-07-20,PNGSREVA,398.1,426.1,394.55,401.15,101290.0,
2026-07-21,PNGSREVA,403.15,412.45,399.55,410.9,33485.0,
2026-07-22,PNGSREVA,406.5,423.85,406.5,414.1,82425.0,
2026-07-23,PNGSREVA,414.1,417.45,407.6,410.3,28225.0,
2026-07-24,PNGSREVA,394.95,413.6,394.95,405.95,44627.0,
2026-07-27,PNGSREVA,408.6,425.9,403.55,414.1,90394.0,
2026-07-28,PNGSREVA,417.4,432.75,415.0,423.95,194733.0,
2026-07-29,PNGSREVA,440.0,478.9,415.55,447.5,3946097.0,
2026-07-30,PNGSREVA,452.5,477.7,425.1,432.9,948175.0,
2026-07-31,PNGSREVA,436.35,436.35,413.35,428.1,235883.0,
2026-08-03,PNGSREVA,428.1,444.7,426.85,443.25,144582.0,
2026-08-04,PNGSREVA,443.25,520.0,436.9,510.95,5264815.0,
2026-08-05,PNGSREVA,522.2,534.6,496.35,510.95,802102.0,
2026-08-06,PNGSREVA,508.0,508.0,494.0,499.3,138469.0,
2026-08-07,PNGSREVA,496.0,518.95,492.6,511.2,253363.0,
2026-08-10,PNGSREVA,508.0,532.0,501.2,515.75,323189.0,
2026-08-11,PNGSREVA,517.9,574.05,511.65,560.4,1092713.0,
2026-08-12,PNGSREVA,558.0,644.0,548.25,620.75,2136412.0,
2026-08-13,PNGSREVA,620.75,633.0,585.05,608.5,646125.0,
2026-08-14,PNGSREVA,603.8,603.8,565.0,571.75,318815.0,
2026-08-17,PNGSREVA,595.0,608.25,569.05,576.45,436726.0,
2026-08-18,PNGSREVA,567.2,616.0,566.55,574.2,383388.0,
2026-08-19,PNGSREVA,581.9,589.0,561.2,564.35,143870.0,
2026-08-20,PNGSREVA,574.9,574.9,545.2,552.5,139730.0,
2026-08-21,PNGSREVA,558.95,574.65,543.0,555.8,217571.0,
2026-08-24,PNGSREVA,564.9,575.0,537.2,541.05,268233.0,
2026-08-25,PNGSREVA,549.45,551.35,528.05,536.9,128484.0,
2026-08-26,PNGSREVA,542.4,565.0,540.1,555.65,147361.0,
2026-08-27,PNGSREVA,563.65,564.9,538.1,542.9,127409.0,
2026-08-28,PNGSREVA,547.65,554.45,536.1,542.25,64170.0,
2026-08-31,PNGSREVA,545.0,561.0,532.6,536.55,84702.0,
2026-09-01,PNGSREVA,537.25,544.3,492.55,511.25,287474.0,
2026-09-02,PNGSREVA,508.0,527.4,488.0,521.7,194259.0,
2026-09-03,PNGSREVA,527.7,527.7,514.0,516.3,54540.0,
2026-09-04,PNGSREVA,520.8,523.0,502.05,516.35,103324.0,
2026-09-07,PNGSREVA,519.9,564.5,519.05,540.15,502653.0,
2026-09-08,PNGSREVA,540.85,554.7,530.25,546.55,252382.0,
2026-09-09,PNGSREVA,548.65,550.45,513.25,519.7,265641.0,
2026-09-10,PNGSREVA,519.7,520.95,503.0,504.7,121081.0,
2026-09-11,PNGSREVA,504.6,517.45,500.0,512.7,79334.0,
2025-08-29,PREMIERPOL,49.83,50.38,48.0,48.17,48216.0,
2025-09-01,PREMIERPOL,49.44,50.44,48.71,49.39,43385.0,
2025-09-02,PREMIERPOL,49.01,49.97,47.57,48.14,99563.0,
2025-09-03,PREMIERPOL,47.87,48.48,46.71,47.29,112658.0,
2025-09-04,PREMIERPOL,48.7,48.7,46.75,46.97,55687.0,
2025-09-05,PREMIERPOL,46.5,48.23,46.5,46.75,44231.0,
2025-09-08,PREMIERPOL,47.4,48.5,47.22,48.44,70458.0,
2025-09-09,PREMIERPOL,48.9,48.9,47.72,48.24,48508.0,
2025-09-10,PREMIERPOL,48.74,48.74,47.7,48.11,36615.0,
2025-09-11,PREMIERPOL,48.8,51.0,48.01,48.75,81350.0,
2025-09-12,PREMIERPOL,48.5,49.61,48.5,49.12,45445.0,
2025-09-15,PREMIERPOL,49.92,49.92,46.05,46.88,229253.0,
2025-09-16,PREMIERPOL,46.95,48.0,46.94,47.65,63055.0,
2025-09-17,PREMIERPOL,47.3,48.26,47.26,47.83,46287.0,
2025-09-18,PREMIERPOL,47.98,47.98,47.1,47.59,63139.0,
2025-09-19,PREMIERPOL,47.97,48.49,46.41,47.75,74039.0,
2025-09-22,PREMIERPOL,47.75,47.98,47.03,47.71,43760.0,
2025-09-23,PREMIERPOL,47.5,48.35,46.81,47.33,143320.0,
2025-09-24,PREMIERPOL,47.33,47.42,46.5,46.97,24038.0,
2025-09-25,PREMIERPOL,46.2,47.5,46.2,46.68,60354.0,
2025-09-26,PREMIERPOL,46.68,47.19,45.11,45.68,35072.0,
2025-09-29,PREMIERPOL,47.4,47.4,45.82,46.87,34082.0,
2025-09-30,PREMIERPOL,47.43,47.43,45.6,46.02,54373.0,
2025-10-01,PREMIERPOL,46.94,47.04,44.6,45.52,85551.0,
2025-10-03,PREMIERPOL,46.8,47.98,45.2,45.87,47790.0,
2025-10-06,PREMIERPOL,46.84,46.84,45.5,45.69,24547.0,
2025-10-07,PREMIERPOL,45.91,46.47,45.0,45.36,25870.0,
2025-10-08,PREMIERPOL,45.8,46.11,45.05,45.32,15783.0,
2025-10-09,PREMIERPOL,45.32,45.97,44.72,44.92,28431.0,
2025-10-10,PREMIERPOL,45.96,45.96,43.76,44.74,37604.0,
2025-10-13,PREMIERPOL,44.74,45.0,43.6,43.86,34737.0,
2025-10-14,PREMIERPOL,43.86,44.18,41.65,42.04,66999.0,
2025-10-15,PREMIERPOL,42.0,42.99,39.34,42.37,44883.0,
2025-10-16,PREMIERPOL,42.37,45.49,42.37,44.91,58426.0,
2025-10-17,PREMIERPOL,44.91,44.91,43.37,44.04,43284.0,
2025-10-20,PREMIERPOL,44.27,44.52,43.0,43.27,43780.0,
2025-10-21,PREMIERPOL,43.27,44.48,43.27,44.03,13876.0,
2025-10-23,PREMIERPOL,45.59,45.59,43.61,43.86,35761.0,
2025-10-24,PREMIERPOL,44.75,44.75,42.95,43.22,33505.0,
2025-10-27,PREMIERPOL,43.22,44.24,42.5,42.98,37542.0,
2025-10-28,PREMIERPOL,42.98,43.96,42.83,43.16,18989.0,
2025-10-29,PREMIERPOL,43.7,45.66,43.1,44.45,61899.0,
2025-10-30,PREMIERPOL,45.0,45.0,44.0,44.55,15120.0,
2025-10-31,PREMIERPOL,44.05,45.3,43.5,43.66,34625.0,
2025-11-03,PREMIERPOL,44.83,44.83,43.01,43.04,41045.0,
2025-11-04,PREMIERPOL,43.04,43.05,41.76,42.03,110784.0,
2025-11-06,PREMIERPOL,42.03,42.95,40.01,40.13,102972.0,
2025-11-07,PREMIERPOL,40.09,41.25,39.01,39.57,80368.0,
2025-11-10,PREMIERPOL,39.4,40.0,38.7,39.8,60937.0,
2025-11-11,PREMIERPOL,42.5,42.6,39.5,40.4,81154.0,
2025-11-12,PREMIERPOL,39.55,41.36,39.55,39.87,42657.0,
2025-11-13,PREMIERPOL,41.0,41.0,38.8,39.3,40296.0,
2025-11-14,PREMIERPOL,39.0,40.64,39.0,40.05,56840.0,
2025-11-17,PREMIERPOL,40.08,40.09,39.05,39.26,39284.0,
2025-11-18,PREMIERPOL,39.98,39.98,39.0,39.3,37281.0,
2025-11-19,PREMIERPOL,39.79,40.1,38.0,38.28,94988.0,
2025-11-20,PREMIERPOL,38.5,45.44,38.5,44.53,784967.0,
2025-11-21,PREMIERPOL,45.5,49.9,44.53,48.98,1253467.0,
2025-11-24,PREMIERPOL,49.9,50.39,44.3,46.69,419374.0,
2025-11-25,PREMIERPOL,47.05,47.05,43.96,44.15,77680.0,
2025-11-26,PREMIERPOL,43.3,46.35,43.3,45.41,137943.0,
2025-11-27,PREMIERPOL,45.25,48.8,44.49,45.65,200609.0,
2025-11-28,PREMIERPOL,45.65,48.99,45.0,45.84,319305.0,
2025-12-01,PREMIERPOL,46.13,46.13,44.91,45.31,80456.0,
2025-12-02,PREMIERPOL,45.75,46.79,44.63,45.02,61234.0,
2025-12-03,PREMIERPOL,44.66,47.01,44.5,45.4,87357.0,
2025-12-04,PREMIERPOL,45.01,45.97,44.5,44.66,22063.0,
2025-12-05,PREMIERPOL,44.5,46.8,42.65,44.57,143394.0,
2025-12-08,PREMIERPOL,44.0,45.8,40.3,41.54,95853.0,
2025-12-09,PREMIERPOL,41.02,45.5,38.16,42.62,274209.0,
2025-12-10,PREMIERPOL,43.25,44.87,42.06,42.7,60569.0,
2025-12-11,PREMIERPOL,42.25,43.89,41.5,42.05,58779.0,
2025-12-12,PREMIERPOL,42.11,43.34,42.11,42.67,50172.0,
2025-12-15,PREMIERPOL,41.91,43.0,41.9,41.96,33810.0,
2025-12-16,PREMIERPOL,42.05,42.6,41.01,41.34,29144.0,
2025-12-17,PREMIERPOL,41.7,42.2,40.32,40.59,71067.0,
2025-12-18,PREMIERPOL,40.65,42.0,39.5,39.84,77244.0,
2025-12-19,PREMIERPOL,39.81,41.43,39.81,40.33,70373.0,
2025-12-22,PREMIERPOL,40.4,43.98,40.4,40.81,225309.0,
2025-12-23,PREMIERPOL,41.48,42.11,40.54,41.11,54659.0,
2025-12-24,PREMIERPOL,41.12,41.92,40.3,40.83,36500.0,
2025-12-26,PREMIERPOL,40.7,41.41,39.93,40.05,60278.0,
2025-12-29,PREMIERPOL,40.81,40.81,39.1,39.37,41698.0,
2025-12-30,PREMIERPOL,39.99,42.31,39.15,41.26,91052.0,
2025-12-31,PREMIERPOL,41.9,42.17,40.5,41.38,59088.0,
2026-01-01,PREMIERPOL,41.14,41.88,40.01,40.63,31875.0,
2026-01-02,PREMIERPOL,41.2,42.25,40.76,41.91,52450.0,
2026-01-05,PREMIERPOL,42.49,43.73,42.08,42.35,76891.0,
2026-01-06,PREMIERPOL,42.35,42.99,41.58,42.02,37844.0,
2026-01-07,PREMIERPOL,42.9,44.0,42.04,43.56,73921.0,
2026-01-08,PREMIERPOL,44.2,44.4,41.4,42.11,52954.0,
2026-01-09,PREMIERPOL,42.99,42.99,39.98,41.27,114718.0,
2026-01-12,PREMIERPOL,41.8,41.8,39.15,40.86,55276.0,
2026-01-13,PREMIERPOL,43.44,49.03,43.44,49.03,1894268.0,
2026-01-14,PREMIERPOL,52.8,54.0,48.6,50.13,2159242.0,
2026-01-16,PREMIERPOL,49.99,58.7,48.72,53.43,2137695.0,
2026-01-19,PREMIERPOL,54.3,56.5,53.25,55.39,566030.0,
2026-01-20,PREMIERPOL,55.67,57.5,48.33,50.83,602748.0,
2026-01-21,PREMIERPOL,50.83,52.28,46.24,46.68,450823.0,
2026-01-22,PREMIERPOL,47.93,48.9,46.25,47.91,160050.0,
2026-01-23,PREMIERPOL,46.22,47.8,44.01,46.07,290504.0,
2026-01-27,PREMIERPOL,46.8,48.0,44.31,44.91,160516.0,
2026-01-28,PREMIERPOL,44.91,48.5,44.91,47.55,222450.0,
2026-01-29,PREMIERPOL,48.0,50.66,47.55,50.22,200801.0,
2026-01-30,PREMIERPOL,50.97,51.1,48.0,49.47,140642.0,
2026-02-02,PREMIERPOL,50.8,51.0,48.02,50.6,103481.0,
2026-02-03,PREMIERPOL,52.07,53.0,49.5,50.34,107111.0,
2026-02-04,PREMIERPOL,51.2,51.2,49.1,49.84,162523.0,
2026-02-05,PREMIERPOL,50.35,52.65,49.3,51.46,88400.0,
2026-02-06,PREMIERPOL,52.25,53.0,50.01,52.63,141725.0,
2026-02-09,PREMIERPOL,53.65,56.0,53.6,55.2,398568.0,
2026-02-10,PREMIERPOL,55.69,56.1,53.16,53.43,141284.0,
2026-02-11,PREMIERPOL,54.49,55.75,52.1,54.85,253527.0,
2026-02-12,PREMIERPOL,56.0,56.0,52.7,53.4,128230.0,
2026-02-13,PREMIERPOL,53.0,53.0,50.75,52.07,191134.0,
2026-02-16,PREMIERPOL,51.1,54.98,51.0,54.06,96751.0,
2026-02-17,PREMIERPOL,53.2,54.05,52.11,53.6,174765.0,
2026-02-18,PREMIERPOL,53.6,53.6,52.5,52.55,60347.0,
2026-02-19,PREMIERPOL,52.55,52.72,51.21,51.58,94957.0,
2026-02-20,PREMIERPOL,54.0,54.58,50.03,50.52,99327.0,
2026-02-23,PREMIERPOL,50.41,52.0,50.12,51.27,77904.0,
2026-02-24,PREMIERPOL,51.0,52.99,50.2,51.86,121042.0,
2026-02-25,PREMIERPOL,52.11,54.38,51.51,53.79,178293.0,
2026-02-26,PREMIERPOL,54.2,54.2,52.15,52.43,89629.0,
2026-02-27,PREMIERPOL,53.49,53.49,51.71,52.35,166217.0,
2026-03-02,PREMIERPOL,48.16,53.4,46.26,52.39,241931.0,
2026-03-04,PREMIERPOL,52.39,60.04,50.79,57.37,662214.0,
2026-03-05,PREMIERPOL,59.0,59.95,55.01,58.72,468426.0,
2026-03-06,PREMIERPOL,59.5,61.1,57.31,58.01,274597.0,
2026-03-09,PREMIERPOL,57.8,57.8,54.89,55.47,203887.0,
2026-03-10,PREMIERPOL,56.29,64.33,55.53,61.14,938952.0,
2026-03-11,PREMIERPOL,62.06,63.75,58.16,58.95,401693.0,
2026-03-12,PREMIERPOL,58.89,65.9,58.28,61.23,846300.0,
2026-03-13,PREMIERPOL,61.23,62.93,58.95,60.65,238380.0,
2026-03-16,PREMIERPOL,60.75,62.57,56.61,61.52,499071.0,
2026-03-17,PREMIERPOL,61.99,61.99,59.73,60.27,139349.0,
2026-03-18,PREMIERPOL,61.17,62.0,58.0,58.81,164117.0,
2026-03-19,PREMIERPOL,58.7,59.63,56.43,57.64,152720.0,
2026-03-20,PREMIERPOL,57.11,63.19,57.11,59.96,323119.0,
2026-03-23,PREMIERPOL,60.0,60.16,57.61,57.93,373007.0,
2026-03-24,PREMIERPOL,58.54,60.89,56.72,58.73,484327.0,
2026-03-25,PREMIERPOL,59.13,63.34,59.13,60.71,514921.0,
2026-03-27,PREMIERPOL,60.72,62.75,59.09,60.89,435271.0,
2026-03-30,PREMIERPOL,61.8,66.0,59.51,62.77,651341.0,
2026-04-01,PREMIERPOL,66.0,68.87,60.61,61.28,581324.0,
2026-04-02,PREMIERPOL,61.0,63.9,58.22,61.84,81334.0,
2026-04-06,PREMIERPOL,61.9,61.9,58.75,58.75,90870.0,
2026-04-07,PREMIERPOL,57.0,58.5,55.82,56.21,112808.0,
2026-04-08,PREMIERPOL,56.98,59.02,56.98,58.82,87742.0,
2026-04-09,PREMIERPOL,58.82,60.8,56.7,56.88,87822.0,
2026-04-10,PREMIERPOL,56.7,58.8,55.11,57.5,84757.0,
2026-04-13,PREMIERPOL,56.4,56.4,55.1,55.44,74400.0,
2026-04-15,PREMIERPOL,55.69,56.38,55.55,55.84,79951.0,
2026-04-16,PREMIERPOL,56.38,56.38,55.11,55.29,83917.0,
2026-04-17,PREMIERPOL,54.56,55.28,52.8,53.86,153404.0,
2026-04-20,PREMIERPOL,53.85,54.32,51.71,52.21,134820.0,
2026-04-21,PREMIERPOL,52.25,54.82,52.25,54.82,74706.0,
2026-04-22,PREMIERPOL,54.99,57.4,54.5,55.9,68934.0,
2026-04-23,PREMIERPOL,56.49,56.49,54.2,54.63,30463.0,
2026-04-24,PREMIERPOL,54.63,54.95,53.05,53.55,65590.0,
2026-04-27,PREMIERPOL,53.5,54.99,53.1,53.66,47793.0,
2026-04-28,PREMIERPOL,53.66,54.48,52.7,53.51,39468.0,
2026-04-29,PREMIERPOL,53.0,54.9,52.4,53.14,77142.0,
2026-04-30,PREMIERPOL,53.09,54.45,52.01,53.97,23768.0,
2026-05-04,PREMIERPOL,52.89,54.89,52.11,54.51,97390.0,
2026-05-05,PREMIERPOL,54.39,57.2,53.06,56.07,111159.0,
2026-05-06,PREMIERPOL,57.1,57.2,55.16,56.7,46610.0,
2026-05-07,PREMIERPOL,56.5,57.13,55.5,56.52,36614.0,
2026-05-08,PREMIERPOL,56.89,57.4,55.52,56.61,43242.0,
2026-05-11,PREMIERPOL,56.1,59.4,56.0,57.42,167436.0,
2026-05-12,PREMIERPOL,57.99,59.3,54.8,54.86,63566.0,
2026-05-13,PREMIERPOL,54.79,55.96,52.48,53.31,66029.0,
2026-05-14,PREMIERPOL,53.64,53.88,52.0,52.41,29817.0,
2026-05-15,PREMIERPOL,52.54,53.5,51.5,53.0,133836.0,
2026-05-18,PREMIERPOL,52.9,52.9,50.35,50.82,270041.0,
2026-05-19,PREMIERPOL,51.0,53.36,51.0,53.36,50852.0,
2026-05-20,PREMIERPOL,54.0,55.99,53.95,55.87,93040.0,
2026-05-21,PREMIERPOL,58.66,58.66,56.0,57.28,178649.0,
2026-05-22,PREMIERPOL,58.1,59.34,57.0,57.88,47390.0,
2026-05-25,PREMIERPOL,58.0,59.5,55.4,55.77,45089.0,
2026-05-26,PREMIERPOL,55.79,56.49,53.15,54.65,164407.0,
2026-05-27,PREMIERPOL,54.5,56.6,54.0,55.13,42978.0,
2026-05-29,PREMIERPOL,55.95,55.95,54.0,54.55,239999.0,
2026-06-01,PREMIERPOL,55.49,57.18,54.0,55.18,298629.0,
2026-06-02,PREMIERPOL,55.49,56.0,54.1,55.85,45378.0,
2026-06-03,PREMIERPOL,55.75,55.9,55.0,55.4,37335.0,
2026-06-04,PREMIERPOL,55.97,56.5,55.0,56.28,63956.0,
2026-06-05,PREMIERPOL,56.26,56.45,55.6,55.82,22802.0,
2026-06-08,PREMIERPOL,55.99,56.75,54.65,55.54,48249.0,
2026-06-09,PREMIERPOL,55.01,56.49,55.01,55.51,225457.0,
2026-06-10,PREMIERPOL,55.88,56.88,54.0,55.24,40998.0,
2026-06-11,PREMIERPOL,55.94,56.0,54.01,55.07,35336.0,
2026-06-12,PREMIERPOL,54.11,56.3,54.11,56.07,241478.0,
2026-06-15,PREMIERPOL,56.35,58.45,55.5,55.99,65159.0,
2026-06-16,PREMIERPOL,56.0,58.0,56.0,57.19,232421.0,
2026-06-17,PREMIERPOL,56.5,59.94,56.5,58.21,311231.0,
2026-06-18,PREMIERPOL,59.11,61.12,58.5,61.12,124879.0,
2026-06-19,PREMIERPOL,62.8,63.9,61.0,63.33,137231.0,
2026-06-22,PREMIERPOL,64.9,65.25,63.33,64.58,153435.0,
2026-06-23,PREMIERPOL,65.94,66.5,62.2,63.85,117618.0,
2026-06-24,PREMIERPOL,63.54,63.54,60.75,61.43,56844.0,
2026-06-25,PREMIERPOL,61.45,63.65,59.51,62.69,65537.0,
2026-06-29,PREMIERPOL,62.05,65.82,61.6,65.82,159771.0,
2026-06-30,PREMIERPOL,65.82,68.0,65.82,67.78,123092.0,
2026-07-01,PREMIERPOL,67.78,69.5,67.38,69.1,125581.0,
2026-07-02,PREMIERPOL,69.44,69.9,67.5,67.65,121281.0,
2026-07-03,PREMIERPOL,69.4,69.65,67.21,68.3,115517.0,
2026-07-06,PREMIERPOL,70.1,71.0,63.3,63.82,329046.0,
2026-07-07,PREMIERPOL,62.7,64.8,61.61,62.71,103979.0,
2026-07-08,PREMIERPOL,63.0,63.37,58.71,59.93,244524.0,
2026-07-09,PREMIERPOL,60.41,64.25,60.41,63.78,173094.0,
2026-07-10,PREMIERPOL,66.0,66.9,62.5,63.38,183255.0,
2026-07-13,PREMIERPOL,63.2,66.7,62.0,65.6,187334.0,
2026-07-14,PREMIERPOL,65.59,66.7,62.76,63.41,78501.0,
2026-07-15,PREMIERPOL,64.77,67.54,63.62,67.2,415090.0,
2026-07-16,PREMIERPOL,70.3,79.9,68.73,78.12,3650169.0,
2026-07-17,PREMIERPOL,77.46,83.9,72.11,73.75,2859127.0,
2026-07-20,PREMIERPOL,75.15,78.4,72.17,73.99,1384379.0,
2026-07-21,PREMIERPOL,74.1,75.4,71.56,72.07,274082.0,
2026-07-22,PREMIERPOL,72.1,82.8,72.1,79.48,1761078.0,
2026-07-23,PREMIERPOL,79.47,85.45,77.1,78.65,1380358.0,
2026-07-24,PREMIERPOL,79.9,80.64,76.3,79.3,421135.0,
2026-07-27,PREMIERPOL,79.3,80.0,74.0,74.48,328951.0,
2026-07-28,PREMIERPOL,73.51,78.82,73.5,75.4,365695.0,
2026-07-29,PREMIERPOL,75.5,76.0,73.0,73.6,151379.0,
2026-07-30,PREMIERPOL,73.6,74.9,72.5,73.53,136623.0,
2026-07-31,PREMIERPOL,74.63,74.63,69.01,69.78,315123.0,
2026-08-03,PREMIERPOL,67.6,75.8,67.6,73.56,748386.0,
2026-08-04,PREMIERPOL,74.43,74.43,71.26,72.48,122570.0,
2026-08-05,PREMIERPOL,73.0,73.25,71.56,72.74,99431.0,
2026-08-06,PREMIERPOL,72.8,73.66,71.92,72.24,89837.0,
2026-08-07,PREMIERPOL,72.52,72.61,71.01,71.66,91735.0,
2026-08-10,PREMIERPOL,71.99,72.5,69.13,70.55,165664.0,
2026-08-11,PREMIERPOL,70.55,71.18,68.42,69.48,192798.0,
2026-08-12,PREMIERPOL,70.09,75.0,68.0,73.21,348294.0,
2026-08-13,PREMIERPOL,74.8,74.8,72.21,72.48,117305.0,
2026-08-14,PREMIERPOL,72.0,74.94,71.31,73.55,122816.0,
2026-08-17,PREMIERPOL,75.02,85.45,74.05,83.59,3454869.0,
2026-08-18,PREMIERPOL,85.0,88.0,82.32,86.37,2453055.0,
2026-08-19,PREMIERPOL,86.99,94.14,85.0,91.61,4381568.0,
2026-08-20,PREMIERPOL,91.61,92.59,87.87,88.99,897576.0,
2026-08-21,PREMIERPOL,89.82,90.5,86.17,86.97,262462.0,
2026-08-24,PREMIERPOL,88.2,92.9,86.97,89.12,437337.0,
2026-08-25,PREMIERPOL,88.0,91.75,88.0,90.3,230765.0,
2026-08-26,PREMIERPOL,91.5,92.0,89.2,90.79,203235.0,
2026-08-27,PREMIERPOL,91.55,95.9,88.0,95.21,830116.0,
2026-08-28,PREMIERPOL,96.0,97.99,92.5,93.86,522731.0,
2026-08-31,PREMIERPOL,94.51,95.75,88.89,90.58,356650.0,
2026-09-01,PREMIERPOL,89.82,94.6,89.5,90.44,300461.0,
2026-09-02,PREMIERPOL,90.3,92.19,89.02,89.79,163733.0,
2026-09-03,PREMIERPOL,90.07,94.0,89.6,92.35,242095.0,
2026-09-04,PREMIERPOL,93.5,98.8,87.21,95.36,1113475.0,
2026-09-07,PREMIERPOL,95.36,95.73,90.57,91.45,273939.0,
2026-09-08,PREMIERPOL,90.9,92.89,89.9,90.56,184768.0,
2026-09-09,PREMIERPOL,91.1,93.0,88.18,89.73,201085.0,
2026-09-10,PREMIERPOL,90.04,92.39,87.02,87.99,189665.0,
2026-09-11,PREMIERPOL,87.5,87.69,85.01,85.91,224408.0,
2025-08-29,SENCO,376.2,379.25,367.1,369.35,277379.0,
2025-09-01,SENCO,371.6,380.95,368.3,378.3,336256.0,
2025-09-02,SENCO,378.95,384.5,373.55,380.55,390888.0,
2025-09-03,SENCO,380.55,386.8,376.45,378.7,463979.0,
2025-09-04,SENCO,380.75,398.45,378.5,385.5,1133387.0,
2025-09-05,SENCO,386.0,391.95,378.4,384.75,407710.0,
2025-09-08,SENCO,386.75,404.85,385.2,389.55,1077437.0,
2025-09-09,SENCO,389.55,391.9,383.0,387.85,490128.0,
2025-09-10,SENCO,388.45,392.55,378.35,382.1,491109.0,
2025-09-11,SENCO,380.9,386.4,373.6,377.75,371635.0,
2025-09-12,SENCO,377.7,389.55,373.5,374.5,570965.0,
2025-09-15,SENCO,375.95,378.0,367.0,372.85,443668.0,
2025-09-16,SENCO,370.0,376.45,370.0,373.6,391922.0,
2025-09-17,SENCO,374.9,388.6,372.7,376.5,749138.0,
2025-09-18,SENCO,378.9,386.4,372.1,373.05,617680.0,
2025-09-19,SENCO,374.3,375.95,368.1,373.25,640498.0,
2025-09-22,SENCO,371.0,373.7,365.0,367.8,457211.0,
2025-09-23,SENCO,369.45,373.0,361.15,362.1,307617.0,
2025-09-24,SENCO,360.0,361.6,352.55,354.8,327639.0,
2025-09-25,SENCO,354.8,355.95,344.4,345.9,292707.0,
2025-09-26,SENCO,344.4,345.2,335.25,338.4,252402.0,
2025-09-29,SENCO,339.7,343.65,334.75,341.2,379121.0,
2025-09-30,SENCO,345.0,347.8,340.55,343.45,363609.0,
2025-10-01,SENCO,343.8,346.45,339.35,344.65,246544.0,
2025-10-03,SENCO,346.5,353.9,341.55,349.05,473889.0,
2025-10-06,SENCO,353.4,366.7,346.5,352.2,601755.0,
2025-10-07,SENCO,353.8,355.0,346.0,347.65,287569.0,
2025-10-08,SENCO,348.7,350.0,338.7,339.5,700023.0,
2025-10-09,SENCO,339.5,339.5,323.5,324.75,2182640.0,
2025-10-10,SENCO,326.4,331.5,324.85,326.05,783380.0,
2025-10-13,SENCO,327.0,328.7,317.3,319.7,1001351.0,
2025-10-14,SENCO,321.2,321.2,313.7,315.9,415554.0,
2025-10-15,SENCO,317.7,320.5,311.55,315.25,611043.0,
2025-10-16,SENCO,319.0,320.4,316.55,317.35,745545.0,
2025-10-17,SENCO,318.9,320.25,314.5,315.05,364803.0,
2025-10-20,SENCO,319.6,329.3,316.2,325.3,775025.0,
2025-10-21,SENCO,327.75,329.95,324.7,326.35,148776.0,
2025-10-23,SENCO,329.15,335.85,326.35,328.15,718052.0,
2025-10-24,SENCO,327.0,329.0,319.4,320.35,667387.0,
2025-10-27,SENCO,321.8,325.55,319.1,322.3,867177.0,
2025-10-28,SENCO,323.75,331.5,321.75,325.6,925244.0,
2025-10-29,SENCO,325.6,326.75,322.2,325.85,321274.0,
2025-10-30,SENCO,325.85,329.0,325.2,328.3,321722.0,
2025-10-31,SENCO,327.0,329.5,323.65,324.45,247310.0,
2025-11-03,SENCO,324.45,330.3,321.95,329.2,466200.0,
2025-11-04,SENCO,330.0,338.05,329.95,334.15,717413.0,
2025-11-06,SENCO,340.0,340.9,325.95,327.95,579836.0,
2025-11-07,SENCO,328.0,333.5,321.25,332.1,410843.0,
2025-11-10,SENCO,337.4,339.5,333.05,336.6,538938.0,
2025-11-11,SENCO,336.6,336.95,323.55,325.65,680096.0,
2025-11-12,SENCO,327.35,329.15,322.65,325.35,923085.0,
2025-11-13,SENCO,325.0,338.1,319.25,330.0,1246906.0,
2025-11-14,SENCO,331.65,341.5,329.0,334.85,1229484.0,
2025-11-17,SENCO,338.0,339.55,329.6,331.0,540310.0,
2025-11-18,SENCO,330.9,333.0,320.8,321.35,582460.0,
2025-11-19,SENCO,322.1,324.85,318.15,323.05,310924.0,
2025-11-20,SENCO,323.05,324.8,316.5,320.1,612116.0,
2025-11-21,SENCO,320.1,322.0,317.0,320.5,274798.0,
2025-11-24,SENCO,317.0,320.4,315.0,316.2,250925.0,
2025-11-25,SENCO,315.75,315.75,311.0,313.25,245984.0,
2025-11-26,SENCO,312.65,316.9,310.35,311.45,320232.0,
2025-11-27,SENCO,313.5,313.5,309.5,310.45,236693.0,
2025-11-28,SENCO,310.45,311.9,306.2,311.15,289591.0,
2025-12-01,SENCO,311.15,314.75,309.35,310.8,226480.0,
2025-12-02,SENCO,310.7,316.4,309.5,314.85,224561.0,
2025-12-03,SENCO,314.8,314.8,301.95,303.95,244531.0,
2025-12-04,SENCO,303.5,310.8,299.95,308.8,345894.0,
2025-12-05,SENCO,308.75,309.85,302.6,308.15,286344.0,
2025-12-08,SENCO,307.5,318.0,297.0,312.35,615013.0,
2025-12-09,SENCO,310.45,315.0,301.2,312.35,411299.0,
2025-12-10,SENCO,311.0,311.95,304.5,307.95,203133.0,
2025-12-11,SENCO,307.0,308.1,303.1,305.0,188910.0,
2025-12-12,SENCO,306.65,313.65,305.0,312.15,492174.0,
2025-12-15,SENCO,312.15,313.0,306.1,311.45,261882.0,
2025-12-16,SENCO,312.2,321.35,308.0,318.05,526249.0,
2025-12-17,SENCO,319.35,324.75,315.0,318.65,376121.0,
2025-12-18,SENCO,317.7,318.55,311.0,312.2,252532.0,
2025-12-19,SENCO,311.3,319.5,309.5,317.9,242578.0,
2025-12-22,SENCO,322.0,322.0,310.0,317.6,534191.0,
2025-12-23,SENCO,319.35,322.6,316.0,321.3,338494.0,
2025-12-24,SENCO,321.3,325.5,318.2,319.15,396169.0,
2025-12-26,SENCO,317.8,323.0,316.9,320.25,194974.0,
2025-12-29,SENCO,317.25,320.5,315.05,317.95,314053.0,
2025-12-30,SENCO,316.2,322.0,312.3,318.3,288495.0,
2025-12-31,SENCO,317.1,322.0,315.5,317.95,373556.0,
2026-01-01,SENCO,316.65,319.35,315.0,318.25,194240.0,
2026-01-02,SENCO,318.9,325.5,316.25,324.25,271576.0,
2026-01-05,SENCO,328.0,337.5,323.0,330.05,985796.0,
2026-01-06,SENCO,330.1,334.4,322.1,323.35,346508.0,
2026-01-07,SENCO,350.95,371.3,345.0,360.8,29117456.0,
2026-01-08,SENCO,360.9,380.8,342.35,346.3,22022129.0,
2026-01-09,SENCO,352.15,361.3,335.9,353.6,6812462.0,
2026-01-12,SENCO,360.0,360.0,342.55,347.7,2109933.0,
2026-01-13,SENCO,348.3,352.75,334.1,336.65,2218131.0,
2026-01-14,SENCO,336.6,341.0,331.0,332.95,807612.0,
2026-01-16,SENCO,333.9,336.2,322.3,324.05,899508.0,
2026-01-19,SENCO,320.75,325.45,316.1,318.45,692427.0,
2026-01-20,SENCO,318.45,319.0,305.15,309.05,741418.0,
2026-01-21,SENCO,309.05,315.6,306.1,312.35,1060259.0,
2026-01-22,SENCO,319.05,319.2,308.0,311.7,502711.0,
2026-01-23,SENCO,310.95,311.0,300.0,305.85,1041133.0,
2026-01-27,SENCO,308.85,312.0,298.0,308.25,730191.0,
2026-01-28,SENCO,308.9,315.9,306.35,315.2,465407.0,
2026-01-29,SENCO,314.35,316.65,303.75,306.0,876232.0,
2026-01-30,SENCO,306.0,309.5,298.6,307.65,539396.0,
2026-02-02,SENCO,305.05,306.9,295.4,305.35,609855.0,
2026-02-03,SENCO,325.0,326.95,297.1,304.6,1018802.0,
2026-02-04,SENCO,305.75,318.0,302.2,311.8,804259.0,
2026-02-05,SENCO,311.8,315.0,304.75,313.1,537930.0,
2026-02-06,SENCO,311.55,338.1,304.5,332.75,3920068.0,
2026-02-09,SENCO,338.8,360.0,334.4,355.3,3989512.0,
2026-02-10,SENCO,356.9,364.3,353.2,357.4,1453204.0,
2026-02-11,SENCO,361.0,367.0,356.8,365.8,1513465.0,
2026-02-12,SENCO,366.95,376.0,362.1,373.5,2658898.0,
2026-02-13,SENCO,375.0,375.0,345.5,352.15,5995741.0,
2026-02-16,SENCO,354.0,354.0,338.6,341.8,1292118.0,
2026-02-17,SENCO,340.85,350.95,339.1,346.75,905047.0,
2026-02-18,SENCO,348.0,349.95,339.35,340.6,566230.0,
2026-02-19,SENCO,340.65,341.75,330.0,333.85,712570.0,
2026-02-20,SENCO,332.9,335.25,323.2,325.85,566289.0,
2026-02-23,SENCO,328.0,330.9,320.55,329.65,614693.0,
2026-02-24,SENCO,328.5,329.1,321.0,322.95,344821.0,
2026-02-25,SENCO,322.6,329.0,317.5,318.7,398785.0,
2026-02-26,SENCO,319.0,322.55,314.0,316.05,337908.0,
2026-02-27,SENCO,316.1,319.7,311.0,317.25,1448590.0,
2026-03-02,SENCO,310.1,313.8,302.5,307.0,630725.0,
2026-03-04,SENCO,301.0,301.4,291.55,295.75,840443.0,
2026-03-05,SENCO,298.0,302.5,293.25,300.45,676673.0,
2026-03-06,SENCO,302.0,305.2,298.6,301.8,427442.0,
2026-03-09,SENCO,298.0,298.0,288.15,292.45,384052.0,
2026-03-10,SENCO,296.0,299.0,293.0,298.1,408668.0,
2026-03-11,SENCO,299.0,304.6,295.25,297.35,309282.0,
2026-03-12,SENCO,297.35,304.3,289.6,298.05,416031.0,
2026-03-13,SENCO,296.0,297.05,288.6,290.55,409372.0,
2026-03-16,SENCO,290.55,294.5,282.85,290.85,546590.0,
2026-03-17,SENCO,293.8,298.0,289.35,295.9,235127.0,
2026-03-18,SENCO,295.9,306.15,295.85,303.55,421155.0,
2026-03-19,SENCO,299.95,299.95,289.15,291.25,312190.0,
2026-03-20,SENCO,291.25,298.8,291.25,295.95,424683.0,
2026-03-23,SENCO,291.65,294.0,281.0,284.95,575220.0,
2026-03-24,SENCO,295.0,295.35,283.1,294.0,480316.0,
2026-03-25,SENCO,294.0,300.05,291.0,295.5,410960.0,
2026-03-27,SENCO,291.5,297.7,283.0,285.25,602124.0,
2026-03-30,SENCO,290.4,295.0,276.0,278.85,772117.0,
2026-04-01,SENCO,283.0,290.75,283.0,288.6,503251.0,
2026-04-02,SENCO,285.0,291.0,279.45,288.8,242201.0,
2026-04-06,SENCO,300.45,334.45,300.45,323.45,37352103.0,
2026-04-07,SENCO,322.85,332.6,312.35,315.95,5410598.0,
2026-04-08,SENCO,326.0,338.0,318.2,334.0,3001567.0,
2026-04-09,SENCO,334.25,337.7,323.0,324.0,1126546.0,
2026-04-10,SENCO,326.8,329.8,321.5,323.0,1123976.0,
2026-04-13,SENCO,315.0,326.6,311.1,323.25,602571.0,
2026-04-15,SENCO,327.1,331.4,325.25,326.3,584288.0,
2026-04-16,SENCO,330.0,332.7,322.0,324.55,635158.0,
2026-04-17,SENCO,326.2,332.3,325.15,326.3,658114.0,
2026-04-20,SENCO,328.2,331.95,322.5,323.6,653059.0,
2026-04-21,SENCO,324.5,333.8,323.05,332.85,711107.0,
2026-04-22,SENCO,331.05,334.2,328.0,329.9,509521.0,
2026-04-23,SENCO,330.75,332.8,323.05,323.8,382615.0,
2026-04-24,SENCO,325.0,327.2,315.5,318.1,361662.0,
2026-04-27,SENCO,320.1,326.55,319.35,323.05,226141.0,
2026-04-28,SENCO,321.5,321.95,314.6,317.55,776955.0,
2026-04-29,SENCO,318.25,323.8,315.3,316.85,336845.0,
2026-04-30,SENCO,316.85,317.25,309.55,313.1,420274.0,
2026-05-04,SENCO,314.9,347.35,314.5,335.3,3252283.0,
2026-05-05,SENCO,338.15,353.0,337.2,345.7,2024483.0,
2026-05-06,SENCO,350.05,353.9,341.1,344.5,702716.0,
2026-05-07,SENCO,346.0,347.7,340.5,343.7,339185.0,
2026-05-08,SENCO,343.7,369.0,342.4,365.4,2921471.0,
2026-05-11,SENCO,349.0,349.0,325.05,334.25,3855500.0,
2026-05-12,SENCO,331.1,333.95,310.1,312.75,1866347.0,
2026-05-13,SENCO,303.65,329.0,302.05,325.5,3997948.0,
2026-05-14,SENCO,326.0,336.95,319.15,335.55,1297447.0,
2026-05-15,SENCO,332.25,341.0,328.0,334.7,996037.0,
2026-05-18,SENCO,329.95,333.0,324.0,330.5,609237.0,
2026-05-19,SENCO,330.55,336.9,330.0,335.05,337823.0,
2026-05-20,SENCO,334.6,341.65,328.5,338.7,480247.0,
2026-05-21,SENCO,341.5,355.5,340.0,345.7,1683517.0,
2026-05-22,SENCO,348.9,350.95,342.3,347.95,467506.0,
2026-05-25,SENCO,352.4,361.6,350.05,353.8,1069888.0,
2026-05-26,SENCO,355.0,357.55,347.55,349.1,638493.0,
2026-05-27,SENCO,350.0,353.65,330.6,340.15,3922799.0,
2026-05-29,SENCO,342.45,355.0,342.45,346.2,1065524.0,
2026-06-01,SENCO,350.8,350.8,335.1,339.5,611590.0,
2026-06-02,SENCO,339.5,349.0,335.15,345.35,455942.0,
2026-06-03,SENCO,345.8,346.3,340.65,343.4,273482.0,
2026-06-04,SENCO,343.5,348.55,341.05,344.5,408395.0,
2026-06-05,SENCO,345.5,354.0,345.05,350.75,590460.0,
2026-06-08,SENCO,345.0,361.1,340.1,343.1,792312.0,
2026-06-09,SENCO,345.0,349.0,342.6,345.7,255861.0,
2026-06-10,SENCO,348.0,348.6,328.1,330.2,730349.0,
2026-06-11,SENCO,331.0,332.0,323.9,328.05,215787.0,
2026-06-12,SENCO,337.25,340.0,329.15,338.35,332214.0,
2026-06-15,SENCO,344.75,358.7,342.15,350.2,1130498.0,
2026-06-16,SENCO,351.25,357.5,348.6,351.55,464408.0,
2026-06-17,SENCO,357.25,357.25,336.0,345.2,479131.0,
2026-06-18,SENCO,346.0,348.7,338.6,342.05,350128.0,
2026-06-19,SENCO,339.45,341.05,336.0,340.4,288718.0,
2026-06-22,SENCO,342.0,343.55,338.0,338.95,240938.0,
2026-06-23,SENCO,338.8,338.8,331.15,333.9,302281.0,
2026-06-24,SENCO,332.0,333.2,326.1,329.9,514145.0,
2026-06-25,SENCO,327.15,332.15,321.45,323.55,373815.0,
2026-06-29,SENCO,323.0,335.9,320.65,327.15,282226.0,
2026-06-30,SENCO,327.7,335.0,324.1,330.2,440711.0,
2026-07-01,SENCO,330.0,337.5,323.65,325.85,468845.0,
2026-07-02,SENCO,327.75,333.2,325.15,331.8,401943.0,
2026-07-03,SENCO,336.0,339.6,324.45,326.05,681032.0,
2026-07-06,SENCO,339.25,348.5,324.5,326.5,4230176.0,
2026-07-07,SENCO,329.0,330.65,319.1,327.25,1193066.0,
2026-07-08,SENCO,323.8,351.0,322.8,331.75,3139817.0,
2026-07-09,SENCO,334.4,360.95,333.0,348.65,7323847.0,
2026-07-10,SENCO,352.9,369.0,349.4,362.15,4077698.0,
2026-07-13,SENCO,362.2,384.7,358.5,381.0,5609385.0,
2026-07-14,SENCO,383.1,390.4,374.5,377.85,2601503.0,
2026-07-15,SENCO,381.6,381.65,367.4,373.2,1164432.0,
2026-07-16,SENCO,374.75,376.9,364.4,365.5,952347.0,
2026-07-17,SENCO,365.1,366.0,355.0,364.55,883913.0,
2026-07-20,SENCO,364.0,373.8,362.95,366.0,810390.0,
2026-07-21,SENCO,367.65,379.0,365.75,377.8,1122896.0,
2026-07-22,SENCO,379.5,399.8,376.3,391.65,5477340.0,
2026-07-23,SENCO,393.0,398.4,384.0,386.25,1922627.0,
2026-07-24,SENCO,383.9,388.95,377.2,382.85,858782.0,
2026-07-27,SENCO,386.65,430.0,386.65,417.95,18605457.0,
2026-07-28,SENCO,420.9,420.9,408.2,418.65,3081645.0,
2026-07-29,SENCO,421.9,422.0,409.0,413.4,1867704.0,
2026-07-30,SENCO,412.95,412.95,403.0,404.85,1193415.0,
2026-07-31,SENCO,407.4,409.8,401.0,403.2,782575.0,
2026-08-03,SENCO,408.9,408.9,366.5,388.1,1410396.0,
2026-08-04,SENCO,384.0,395.0,378.4,387.9,1428731.0,
2026-08-05,SENCO,387.85,401.85,384.6,399.05,1552723.0,
2026-08-06,SENCO,400.0,406.7,382.2,391.6,1362727.0,
2026-08-07,SENCO,386.95,405.2,386.6,388.8,1637736.0,
2026-08-10,SENCO,395.0,406.0,392.9,398.85,1660781.0,
2026-08-11,SENCO,400.5,405.8,397.3,401.25,1263839.0,
2026-08-12,SENCO,376.0,379.45,343.0,345.65,7359766.0,
2026-08-13,SENCO,342.2,353.7,338.05,351.9,2618964.0,
2026-08-14,SENCO,353.0,353.9,340.05,341.85,1086724.0,
2026-08-17,SENCO,340.0,343.6,333.3,341.55,1100322.0,
2026-08-18,SENCO,341.9,343.9,335.75,336.75,622417.0,
2026-08-19,SENCO,335.0,338.35,329.05,331.6,618055.0,
2026-08-20,SENCO,335.45,340.4,333.05,336.3,867529.0,
2026-08-21,SENCO,338.5,348.2,336.0,345.4,1151008.0,
2026-08-24,SENCO,349.0,377.75,347.0,371.75,4898448.0,
2026-08-25,SENCO,372.0,373.85,364.4,368.65,1124170.0,
2026-08-26,SENCO,369.45,369.65,359.1,367.15,754754.0,
2026-08-27,SENCO,369.0,369.6,361.05,362.75,378231.0,
2026-08-28,SENCO,362.8,363.7,352.5,354.85,639082.0,
2026-08-31,SENCO,354.25,354.75,345.35,348.6,579076.0,
2026-09-01,SENCO,350.0,360.75,347.4,352.75,926985.0,
2026-09-02,SENCO,351.0,351.95,342.7,348.6,564599.0,
2026-09-03,SENCO,353.0,354.9,347.25,349.05,580287.0,
2026-09-04,SENCO,349.85,362.8,349.85,358.65,1141834.0,
2026-09-07,SENCO,357.4,368.75,356.6,365.1,1718666.0,
2026-09-08,SENCO,368.0,369.5,359.05,361.85,591895.0,
2026-09-09,SENCO,360.0,363.7,354.45,355.8,534010.0,
2026-09-10,SENCO,355.5,358.45,348.4,349.9,392329.0,
2026-09-11,SENCO,349.9,349.9,340.25,346.4,676349.0,
2025-08-29,SGIL,536.0,549.5,526.0,533.5,12130.0,
2025-09-01,SGIL,528.15,542.0,528.0,530.85,37276.0,
2025-09-02,SGIL,536.15,541.55,530.05,538.05,11233.0,
2025-09-03,SGIL,530.45,545.95,480.0,523.3,30171.0,
2025-09-04,SGIL,515.55,544.75,515.55,537.2,22719.0,
2025-09-05,SGIL,537.35,564.9,533.9,550.9,11456.0,
2025-09-08,SGIL,558.8,633.25,549.2,596.35,230078.0,
2025-09-09,SGIL,605.3,611.0,575.0,581.65,50191.0,
2025-09-10,SGIL,582.0,587.65,564.9,568.8,23537.0,
2025-09-11,SGIL,570.05,595.0,567.75,587.75,26920.0,
2025-09-12,SGIL,588.95,589.0,561.0,571.8,23768.0,
2025-09-15,SGIL,583.95,620.2,570.55,579.65,95431.0,
2025-09-16,SGIL,585.45,588.2,561.2,571.1,36230.0,
2025-09-17,SGIL,571.05,573.95,543.0,566.1,21605.0,
2025-09-18,SGIL,570.0,584.8,561.1,565.05,9742.0,
2025-09-19,SGIL,565.25,573.5,550.0,554.8,12132.0,
2025-09-22,SGIL,551.0,566.45,550.1,563.55,7235.0,
2025-09-23,SGIL,557.9,562.85,551.2,557.1,7061.0,
2025-09-24,SGIL,557.1,561.95,548.0,556.45,15139.0,
2025-09-25,SGIL,563.8,563.8,544.25,550.0,24332.0,
2025-09-26,SGIL,549.95,554.55,524.55,535.95,24424.0,
2025-09-29,SGIL,522.3,538.85,522.3,530.15,18250.0,
2025-09-30,SGIL,527.0,540.7,527.0,530.9,12957.0,
2025-10-01,SGIL,529.05,539.9,529.0,538.9,3526.0,
2025-10-03,SGIL,538.9,544.0,535.0,539.75,4384.0,
2025-10-06,SGIL,543.65,543.65,533.05,538.45,28823.0,
2025-10-07,SGIL,535.0,549.95,535.0,543.55,42310.0,
2025-10-08,SGIL,551.5,584.7,536.25,541.95,26366.0,
2025-10-09,SGIL,552.8,559.0,529.6,538.2,5979.0,
2025-10-10,SGIL,545.9,545.9,533.9,537.6,5129.0,
2025-10-13,SGIL,528.0,534.95,494.6,522.35,104622.0,
2025-10-14,SGIL,529.0,543.0,522.35,530.65,17094.0,
2025-10-15,SGIL,530.65,543.9,525.4,531.6,10199.0,
2025-10-16,SGIL,531.6,534.6,522.0,527.8,9076.0,
2025-10-17,SGIL,533.1,534.3,523.1,532.2,12174.0,
2025-10-20,SGIL,540.2,546.8,524.7,537.65,6513.0,
2025-10-21,SGIL,528.0,545.0,528.0,539.05,3602.0,
2025-10-23,SGIL,547.1,547.1,530.0,532.85,11024.0,
2025-10-24,SGIL,530.3,537.75,527.6,533.6,11226.0,
2025-10-27,SGIL,539.95,539.95,525.0,532.4,6632.0,
2025-10-28,SGIL,537.7,546.65,530.0,544.85,18792.0,
2025-10-29,SGIL,550.0,550.0,530.0,531.05,10679.0,
2025-10-30,SGIL,525.35,537.1,525.35,533.2,17403.0,
2025-10-31,SGIL,533.2,533.2,530.0,531.55,3846.0,
2025-11-03,SGIL,521.3,537.95,521.3,532.55,13281.0,
2025-11-04,SGIL,533.8,538.0,527.6,533.0,9294.0,
2025-11-06,SGIL,521.5,557.0,521.5,540.15,29426.0,
2025-11-07,SGIL,537.45,548.0,533.0,543.6,19132.0,
2025-11-10,SGIL,555.95,555.95,540.0,545.15,11573.0,
2025-11-11,SGIL,532.0,549.0,532.0,547.95,23292.0,
2025-11-12,SGIL,540.0,551.9,540.0,545.3,8528.0,
2025-11-13,SGIL,545.3,576.0,530.0,570.05,88384.0,
2025-11-14,SGIL,545.6,558.6,525.0,544.7,146122.0,
2025-11-17,SGIL,539.0,555.05,539.0,548.2,20562.0,
2025-11-18,SGIL,557.8,557.8,545.0,553.65,7047.0,
2025-11-19,SGIL,550.45,553.0,542.5,546.65,31984.0,
2025-11-20,SGIL,543.2,557.85,543.2,551.25,19314.0,
2025-11-21,SGIL,547.15,554.0,542.05,549.25,43282.0,
2025-11-24,SGIL,553.0,553.0,531.6,534.95,6647.0,
2025-11-25,SGIL,531.6,555.0,531.6,550.0,48255.0,
2025-11-26,SGIL,545.95,557.95,544.5,552.45,15246.0,
2025-11-27,SGIL,560.0,563.95,548.05,550.3,12811.0,
2025-11-28,SGIL,550.75,555.55,541.95,553.65,11636.0,
2025-12-01,SGIL,553.65,556.4,553.0,553.25,6585.0,
2025-12-02,SGIL,555.8,555.8,547.0,553.65,12531.0,
2025-12-03,SGIL,553.65,556.0,546.4,552.75,9880.0,
2025-12-04,SGIL,554.8,555.0,539.5,552.7,6293.0,
2025-12-05,SGIL,556.65,570.9,548.0,552.45,15379.0,
2025-12-08,SGIL,551.05,555.0,544.05,553.05,25996.0,
2025-12-09,SGIL,554.9,554.9,540.0,548.85,54407.0,
2025-12-10,SGIL,549.55,549.7,535.1,543.25,27437.0,
2025-12-11,SGIL,541.25,547.75,526.2,532.4,13989.0,
2025-12-12,SGIL,534.4,546.6,521.2,532.35,50845.0,
2025-12-15,SGIL,538.5,543.8,525.05,539.75,46727.0,
2025-12-16,SGIL,540.85,543.0,522.05,526.3,46412.0,
2025-12-17,SGIL,531.55,533.2,516.0,529.85,12268.0,
2025-12-18,SGIL,525.4,534.75,517.25,533.2,5645.0,
2025-12-19,SGIL,532.45,533.15,525.0,530.45,7892.0,
2025-12-22,SGIL,534.95,534.95,525.35,530.45,4396.0,
2025-12-23,SGIL,530.45,533.3,527.55,531.75,6714.0,
2025-12-24,SGIL,531.35,532.5,531.0,531.2,3411.0,
2025-12-26,SGIL,525.6,532.9,504.1,512.4,36020.0,
2025-12-29,SGIL,512.4,515.0,452.05,472.75,159137.0,
2025-12-30,SGIL,470.0,489.8,466.05,472.1,37683.0,
2025-12-31,SGIL,469.0,549.9,467.95,515.15,69898.0,
2026-01-01,SGIL,528.8,529.0,489.1,503.8,20293.0,
2026-01-02,SGIL,504.1,522.0,503.35,517.8,4641.0,
2026-01-05,SGIL,524.7,524.7,505.4,510.35,8259.0,
2026-01-06,SGIL,505.25,517.3,505.05,511.0,8573.0,
2026-01-07,SGIL,508.5,519.95,508.5,513.45,6021.0,
2026-01-08,SGIL,518.6,519.0,500.0,514.8,8798.0,
2026-01-09,SGIL,512.6,533.95,495.3,508.9,100565.0,
2026-01-12,SGIL,511.45,532.0,509.05,522.6,62120.0,
2026-01-13,SGIL,526.0,526.0,504.1,507.6,6300.0,
2026-01-14,SGIL,510.15,532.0,502.5,522.25,24183.0,
2026-01-16,SGIL,517.05,530.65,504.0,505.35,39928.0,
2026-01-19,SGIL,505.35,518.9,500.2,515.1,6246.0,
2026-01-20,SGIL,505.85,519.5,485.25,493.8,47884.0,
2026-01-21,SGIL,486.4,507.95,482.35,485.75,13823.0,
2026-01-22,SGIL,483.05,510.0,483.05,499.3,5748.0,
2026-01-23,SGIL,501.0,513.0,501.0,511.9,10145.0,
2026-01-27,SGIL,501.5,517.0,501.5,512.1,9456.0,
2026-01-28,SGIL,513.65,514.95,485.1,496.5,26286.0,
2026-01-29,SGIL,496.5,516.25,496.5,515.15,10020.0,
2026-01-30,SGIL,512.2,521.7,504.1,516.05,7242.0,
2026-02-02,SGIL,520.2,537.0,520.0,530.9,4637.0,
2026-02-03,SGIL,538.9,540.05,524.3,530.45,3110.0,
2026-02-04,SGIL,535.2,574.95,531.05,553.65,15289.0,
2026-02-05,SGIL,554.0,557.55,530.0,547.15,14255.0,
2026-02-06,SGIL,555.0,555.0,525.55,550.2,11106.0,
2026-02-09,SGIL,550.15,557.1,521.0,550.15,24191.0,
2026-02-10,SGIL,547.4,553.25,535.05,543.0,10335.0,
2026-02-11,SGIL,551.1,554.0,441.1,458.65,244165.0,
2026-02-12,SGIL,460.05,504.0,420.0,491.1,339350.0,
2026-02-13,SGIL,483.7,497.8,440.0,484.25,189914.0,
2026-02-16,SGIL,475.0,535.45,466.25,515.7,230515.0,
2026-02-17,SGIL,505.5,513.7,500.0,503.05,19335.0,
2026-02-18,SGIL,500.25,515.25,491.35,510.7,15245.0,
2026-02-19,SGIL,525.0,525.0,505.0,515.15,18823.0,
2026-02-20,SGIL,519.9,522.8,506.7,510.0,5471.0,
2026-02-23,SGIL,502.5,518.5,502.5,515.2,8287.0,
2026-02-24,SGIL,515.0,524.0,515.0,519.95,7499.0,
2026-02-25,SGIL,519.95,522.4,515.0,515.65,12230.0,
2026-02-26,SGIL,515.05,518.95,514.95,516.5,9615.0,
2026-02-27,SGIL,518.6,525.5,514.45,522.4,27859.0,
2026-03-02,SGIL,522.4,531.05,501.55,517.2,29181.0,
2026-03-04,SGIL,517.0,517.0,481.65,503.35,53812.0,
2026-03-05,SGIL,500.0,515.0,500.0,501.1,9560.0,
2026-03-06,SGIL,501.85,513.0,492.2,505.0,39435.0,
2026-03-09,SGIL,490.4,505.9,470.0,501.35,25243.0,
2026-03-10,SGIL,503.8,508.8,500.1,502.3,2778.0,
2026-03-11,SGIL,509.45,509.45,475.0,499.65,202677.0,
2026-03-12,SGIL,502.15,505.15,490.7,500.15,14062.0,
2026-03-13,SGIL,493.1,505.0,491.2,500.2,31685.0,
2026-03-16,SGIL,500.0,513.65,494.2,503.15,26160.0,
2026-03-17,SGIL,503.15,505.65,491.2,495.3,13265.0,
2026-03-18,SGIL,495.3,503.0,480.0,501.8,20626.0,
2026-03-19,SGIL,497.95,503.0,497.95,500.2,6875.0,
2026-03-20,SGIL,500.05,508.0,500.0,500.65,12302.0,
2026-03-23,SGIL,493.1,499.45,483.35,485.8,18532.0,
2026-03-24,SGIL,493.1,507.0,489.5,502.35,14552.0,
2026-03-25,SGIL,507.0,507.0,493.0,494.3,4491.0,
2026-03-27,SGIL,494.0,494.0,476.1,487.65,26981.0,
2026-03-30,SGIL,480.3,491.6,475.0,477.6,34555.0,
2026-04-01,SGIL,479.0,486.5,462.7,480.1,21286.0,
2026-04-02,SGIL,480.0,490.3,476.65,485.7,7697.0,
2026-04-06,SGIL,480.25,488.8,474.35,486.35,8772.0,
2026-04-07,SGIL,487.0,492.8,480.0,482.9,10297.0,
2026-04-08,SGIL,497.4,509.9,486.65,504.8,11312.0,
2026-04-09,SGIL,505.65,505.95,495.85,500.7,2986.0,
2026-04-10,SGIL,508.0,513.3,501.3,506.1,2726.0,
2026-04-13,SGIL,504.9,505.3,496.9,500.3,8954.0,
2026-04-15,SGIL,496.2,515.0,496.2,511.9,8122.0,
2026-04-16,SGIL,506.1,516.95,506.1,513.15,5792.0,
2026-04-17,SGIL,515.75,519.3,508.0,515.45,22194.0,
2026-04-20,SGIL,519.4,524.0,515.05,520.7,10789.0,
2026-04-21,SGIL,501.9,531.8,501.9,525.9,12802.0,
2026-04-22,SGIL,525.9,533.95,525.9,530.6,5293.0,
2026-04-23,SGIL,519.95,543.9,519.95,537.25,7287.0,
2026-04-24,SGIL,533.35,534.85,530.0,530.05,6735.0,
2026-04-27,SGIL,541.0,544.0,530.0,541.2,9646.0,
2026-04-28,SGIL,541.2,545.1,535.0,543.15,9650.0,
2026-04-29,SGIL,543.15,544.25,530.0,541.4,10598.0,
2026-04-30,SGIL,539.9,562.9,539.9,550.8,18474.0,
2026-05-04,SGIL,550.9,557.9,545.05,551.05,6191.0,
2026-05-05,SGIL,540.05,563.0,540.05,550.65,11499.0,
2026-05-06,SGIL,547.9,564.0,547.9,556.55,13010.0,
2026-05-07,SGIL,560.15,565.0,550.0,561.75,12968.0,
2026-05-08,SGIL,562.0,585.0,560.0,582.05,17125.0,
2026-05-11,SGIL,584.95,612.95,580.0,602.5,22255.0,
2026-05-12,SGIL,600.0,610.0,563.3,571.85,21625.0,
2026-05-13,SGIL,570.0,587.2,556.0,565.0,6255.0,
2026-05-14,SGIL,563.3,577.95,540.0,567.55,14240.0,
2026-05-15,SGIL,599.0,599.0,560.0,561.9,3717.0,
2026-05-18,SGIL,540.05,573.95,540.05,566.15,7585.0,
2026-05-19,SGIL,574.95,585.0,506.7,550.65,57296.0,
2026-05-20,SGIL,544.85,544.85,520.0,531.4,25819.0,
2026-05-21,SGIL,537.3,546.9,495.2,507.25,48939.0,
2026-05-22,SGIL,519.5,519.5,503.8,505.8,33305.0,
2026-05-25,SGIL,505.8,525.0,502.0,514.85,13212.0,
2026-05-26,SGIL,510.0,529.8,510.0,527.9,5471.0,
2026-05-27,SGIL,527.9,534.9,525.0,533.4,10848.0,
2026-05-29,SGIL,533.4,541.75,520.2,524.85,57416.0,
2026-06-01,SGIL,543.2,543.2,520.0,528.5,54965.0,
2026-06-02,SGIL,529.95,606.6,526.4,591.9,130165.0,
2026-06-03,SGIL,594.3,600.8,551.55,557.85,26523.0,
2026-06-04,SGIL,551.0,619.7,550.0,593.9,83544.0,
2026-06-05,SGIL,598.55,598.55,562.6,571.3,10882.0,
2026-06-08,SGIL,566.5,574.95,550.0,553.35,7653.0,
2026-06-09,SGIL,556.1,571.2,551.6,556.65,6275.0,
2026-06-10,SGIL,551.9,564.7,545.6,550.7,30522.0,
2026-06-11,SGIL,550.0,560.0,542.55,551.25,11306.0,
2026-06-12,SGIL,553.0,554.95,544.5,550.9,6936.0,
2026-06-15,SGIL,564.0,567.9,548.0,563.2,14743.0,
2026-06-16,SGIL,563.2,593.75,563.2,572.4,14451.0,
2026-06-17,SGIL,592.0,595.0,581.95,587.8,10530.0,
2026-06-18,SGIL,570.35,594.9,570.35,589.95,6196.0,
2026-06-19,SGIL,586.3,594.6,582.4,586.4,4722.0,
2026-06-22,SGIL,605.4,605.4,578.1,586.8,12168.0,
2026-06-23,SGIL,595.6,614.95,585.0,590.5,18942.0,
2026-06-24,SGIL,594.9,595.05,568.0,581.85,8141.0,
2026-06-25,SGIL,584.5,590.0,575.6,583.95,4698.0,
2026-06-29,SGIL,582.0,589.65,553.05,560.4,12853.0,
2026-06-30,SGIL,560.4,590.0,560.4,585.7,6805.0,
2026-07-01,SGIL,589.05,595.95,579.05,585.45,7860.0,
2026-07-02,SGIL,580.2,584.85,557.0,560.35,13036.0,
2026-07-03,SGIL,563.05,569.0,537.05,560.35,24513.0,
2026-07-06,SGIL,562.0,595.0,562.0,582.8,12944.0,
2026-07-07,SGIL,584.95,592.25,575.0,580.2,19821.0,
2026-07-08,SGIL,578.9,594.0,578.9,580.0,17106.0,
2026-07-09,SGIL,581.2,595.6,580.0,593.9,11808.0,
2026-07-10,SGIL,593.0,630.2,590.0,603.8,23897.0,
2026-07-13,SGIL,606.0,610.9,590.0,590.45,13373.0,
2026-07-14,SGIL,590.15,599.0,590.0,595.3,6879.0,
2026-07-15,SGIL,571.3,609.9,571.3,596.45,9917.0,
2026-07-16,SGIL,615.0,615.0,589.05,597.7,9253.0,
2026-07-17,SGIL,600.0,600.7,590.0,595.4,4354.0,
2026-07-20,SGIL,596.05,614.0,595.0,610.35,6975.0,
2026-07-21,SGIL,612.1,612.1,595.0,597.1,8038.0,
2026-07-22,SGIL,608.0,608.0,574.0,582.5,5894.0,
2026-07-23,SGIL,574.95,600.0,574.95,597.75,14828.0,
2026-07-24,SGIL,585.05,602.0,585.05,596.3,4731.0,
2026-07-27,SGIL,602.4,608.95,595.0,599.75,7999.0,
2026-07-28,SGIL,609.0,609.0,595.0,600.95,6992.0,
2026-07-29,SGIL,596.1,607.95,590.05,593.15,3947.0,
2026-07-30,SGIL,590.1,599.85,590.1,596.2,3538.0,
2026-07-31,SGIL,596.75,605.25,588.5,602.5,8758.0,
2026-08-03,SGIL,615.0,625.3,590.0,592.2,8367.0,
2026-08-04,SGIL,601.55,603.25,589.15,595.1,3691.0,
2026-08-05,SGIL,604.05,604.05,596.65,600.65,2684.0,
2026-08-06,SGIL,600.0,603.0,590.0,597.1,12068.0,
2026-08-07,SGIL,600.0,604.0,595.2,603.3,9026.0,
2026-08-10,SGIL,615.0,623.0,600.1,617.9,13818.0,
2026-08-11,SGIL,619.9,626.3,604.1,608.6,4069.0,
2026-08-12,SGIL,605.0,606.9,600.0,600.15,5343.0,
2026-08-13,SGIL,624.9,624.9,526.0,538.75,82482.0,
2026-08-14,SGIL,538.75,567.15,534.05,560.85,41218.0,
2026-08-17,SGIL,560.85,561.05,538.3,549.65,26164.0,
2026-08-18,SGIL,550.2,559.8,550.0,551.2,14203.0,
2026-08-19,SGIL,554.25,560.0,550.0,555.25,4996.0,
2026-08-20,SGIL,545.0,564.0,545.0,562.05,3017.0,
2026-08-21,SGIL,565.0,569.0,553.2,564.05,9769.0,
2026-08-24,SGIL,550.6,585.0,550.6,575.85,16792.0,
2026-08-25,SGIL,575.2,583.8,564.5,575.45,13932.0,
2026-08-26,SGIL,575.0,589.0,575.0,586.5,10310.0,
2026-08-27,SGIL,586.35,599.0,583.15,597.85,20282.0,
2026-08-28,SGIL,598.7,611.9,590.0,607.7,11281.0,
2026-08-31,SGIL,621.0,621.0,577.55,603.0,5022.0,
2026-09-01,SGIL,600.6,628.5,600.0,602.4,8195.0,
2026-09-02,SGIL,603.25,607.7,580.55,590.65,6679.0,
2026-09-03,SGIL,598.8,611.05,588.95,603.8,15558.0,
2026-09-04,SGIL,612.85,612.85,600.0,606.2,4698.0,
2026-09-07,SGIL,610.0,610.0,600.0,600.85,3866.0,
2026-09-08,SGIL,605.5,606.55,585.05,588.5,16342.0,
2026-09-09,SGIL,597.9,609.0,578.7,600.55,10782.0,
2026-09-10,SGIL,600.55,606.4,600.0,602.0,3236.0,
2026-09-11,SGIL,590.8,602.45,590.0,592.2,8771.0,
2025-08-29,SIGIND,54.46,57.0,54.0,54.7,9346.0,
2025-09-01,SIGIND,54.77,56.5,52.31,55.75,4362.0,
2025-09-02,SIGIND,56.5,57.0,53.15,56.13,5686.0,
2025-09-03,SIGIND,54.4,58.4,54.4,57.71,14696.0,
2025-09-04,SIGIND,60.0,60.0,55.5,57.39,2340.0,
2025-09-05,SIGIND,57.39,59.6,56.8,58.75,13531.0,
2025-09-08,SIGIND,59.0,59.5,56.52,57.66,13149.0,
2025-09-09,SIGIND,57.0,57.0,54.77,54.81,22411.0,
2025-09-10,SIGIND,55.44,56.0,54.81,55.42,17025.0,
2025-09-11,SIGIND,54.75,56.45,54.1,54.42,15730.0,
2025-09-12,SIGIND,54.76,56.0,53.57,54.46,19890.0,
2025-09-15,SIGIND,54.4,57.18,53.54,54.47,13609.0,
2025-09-16,SIGIND,55.56,56.6,54.1,55.01,9583.0,
2025-09-17,SIGIND,54.04,56.89,54.04,55.56,34531.0,
2025-09-18,SIGIND,55.5,56.4,54.11,55.24,28944.0,
2025-09-19,SIGIND,56.38,56.38,54.3,55.54,18431.0,
2025-09-22,SIGIND,56.98,56.98,55.0,55.89,24405.0,
2025-09-23,SIGIND,55.2,56.69,54.03,54.96,24431.0,
2025-09-24,SIGIND,54.96,56.4,53.1,54.84,20852.0,
2025-09-25,SIGIND,54.24,55.59,53.0,53.56,36872.0,
2025-09-26,SIGIND,53.01,55.01,51.73,52.02,21714.0,
2025-09-29,SIGIND,52.02,52.98,51.24,51.58,20091.0,
2025-09-30,SIGIND,51.22,52.5,50.44,50.92,44750.0,
2025-10-01,SIGIND,50.11,52.89,50.11,52.23,12772.0,
2025-10-03,SIGIND,51.88,53.1,51.23,52.55,18208.0,
2025-10-06,SIGIND,52.65,53.94,51.75,51.99,14395.0,
2025-10-07,SIGIND,52.0,53.1,50.6,51.21,12567.0,
2025-10-08,SIGIND,51.21,54.59,51.21,53.56,38031.0,
2025-10-09,SIGIND,55.77,55.77,50.35,51.88,11907.0,
2025-10-10,SIGIND,52.0,55.5,52.0,54.55,8065.0,
2025-10-13,SIGIND,54.55,59.1,53.02,56.73,51670.0,
2025-10-14,SIGIND,58.4,58.84,55.1,56.43,14870.0,
2025-10-15,SIGIND,57.96,59.95,57.1,57.86,52084.0,
2025-10-16,SIGIND,59.79,60.5,58.5,59.7,33050.0,
2025-10-17,SIGIND,60.6,61.95,58.6,59.67,38632.0,
2025-10-20,SIGIND,60.1,61.85,57.3,58.91,35126.0,
2025-10-21,SIGIND,60.8,60.8,57.8,59.4,4318.0,
2025-10-23,SIGIND,60.0,60.02,58.1,58.51,10776.0,
2025-10-24,SIGIND,58.99,60.6,58.01,58.8,8170.0,
2025-10-27,SIGIND,59.99,60.54,57.4,57.68,6914.0,
2025-10-28,SIGIND,59.59,59.6,57.11,58.25,1581.0,
2025-10-29,SIGIND,57.95,59.0,56.5,58.29,7087.0,
2025-10-30,SIGIND,61.4,61.4,57.0,58.01,18102.0,
2025-10-31,SIGIND,58.99,59.0,57.55,58.28,4481.0,
2025-11-03,SIGIND,57.12,59.8,56.32,57.41,7408.0,
2025-11-04,SIGIND,58.99,59.0,56.23,56.36,7507.0,
2025-11-06,SIGIND,57.85,59.44,55.0,55.99,4978.0,
2025-11-07,SIGIND,55.15,56.59,53.9,55.15,9525.0,
2025-11-10,SIGIND,54.65,56.69,53.5,53.66,5740.0,
2025-11-11,SIGIND,53.66,56.89,53.0,55.45,4135.0,
2025-11-12,SIGIND,55.9,57.69,54.34,56.6,5476.0,
2025-11-13,SIGIND,57.8,59.79,56.5,58.52,16822.0,
2025-11-14,SIGIND,59.0,59.49,57.0,57.41,7769.0,
2025-11-17,SIGIND,59.58,59.58,57.31,57.55,13880.0,
2025-11-18,SIGIND,58.49,58.49,54.6,55.37,6752.0,
2025-11-19,SIGIND,57.49,57.49,55.06,55.38,3995.0,
2025-11-20,SIGIND,55.3,57.92,51.61,52.92,27630.0,
2025-11-21,SIGIND,55.0,55.0,52.56,53.08,9638.0,
2025-11-24,SIGIND,52.82,53.5,52.0,52.35,5535.0,
2025-11-25,SIGIND,52.06,54.29,50.2,50.78,17067.0,
2025-11-26,SIGIND,53.79,53.79,51.15,51.92,3629.0,
2025-11-27,SIGIND,51.2,52.5,50.31,50.82,16563.0,
2025-11-28,SIGIND,50.82,51.6,49.0,51.5,43214.0,
2025-12-01,SIGIND,53.02,53.02,49.8,50.38,6197.0,
2025-12-02,SIGIND,50.7,50.7,48.0,48.78,8410.0,
2025-12-03,SIGIND,50.5,51.0,48.5,50.09,15665.0,
2025-12-04,SIGIND,51.69,51.69,49.1,49.53,3596.0,
2025-12-05,SIGIND,49.7,49.94,49.05,49.13,3501.0,
2025-12-08,SIGIND,49.14,52.09,49.14,51.03,24042.0,
2025-12-09,SIGIND,49.66,51.0,47.72,49.96,45961.0,
2025-12-10,SIGIND,51.01,53.6,50.0,51.64,28703.0,
2025-12-11,SIGIND,51.7,53.75,51.7,52.68,7470.0,
2025-12-12,SIGIND,53.0,55.99,53.0,55.8,53455.0,
2025-12-15,SIGIND,55.0,56.0,54.36,54.79,10151.0,
2025-12-16,SIGIND,54.79,56.99,53.01,55.86,29756.0,
2025-12-17,SIGIND,55.8,56.57,54.12,54.54,3387.0,
2025-12-18,SIGIND,54.54,55.48,53.05,53.82,2545.0,
2025-12-19,SIGIND,54.96,57.0,54.0,55.25,12342.0,
2025-12-22,SIGIND,55.5,56.7,54.5,55.45,5743.0,
2025-12-23,SIGIND,54.2,56.55,54.2,55.48,2010.0,
2025-12-24,SIGIND,55.48,55.48,54.2,54.29,2867.0,
2025-12-26,SIGIND,54.1,55.0,53.04,54.45,4411.0,
2025-12-29,SIGIND,56.8,61.0,54.05,57.1,49496.0,
2025-12-30,SIGIND,58.46,58.46,54.1,54.42,10986.0,
2025-12-31,SIGIND,54.42,60.0,52.99,57.28,51391.0,
2026-01-01,SIGIND,57.28,59.7,54.0,54.42,46887.0,
2026-01-02,SIGIND,55.91,57.99,54.6,55.99,47442.0,
2026-01-05,SIGIND,56.5,56.5,53.05,53.5,71113.0,
2026-01-06,SIGIND,53.99,54.99,52.53,53.47,13366.0,
2026-01-07,SIGIND,54.0,54.6,52.61,52.91,15077.0,
2026-01-08,SIGIND,53.9,53.9,51.85,51.96,7220.0,
2026-01-09,SIGIND,52.9,54.5,51.53,51.94,17692.0,
2026-01-12,SIGIND,51.69,52.75,50.8,50.99,18333.0,
2026-01-13,SIGIND,51.79,51.79,48.0,48.72,25858.0,
2026-01-14,SIGIND,50.97,50.97,48.3,49.94,13057.0,
2026-01-16,SIGIND,52.48,52.48,48.53,50.08,9399.0,
2026-01-19,SIGIND,49.99,49.99,48.25,48.68,3724.0,
2026-01-20,SIGIND,48.07,48.98,45.1,46.73,16839.0,
2026-01-21,SIGIND,46.73,49.24,45.24,45.99,18729.0,
2026-01-22,SIGIND,46.92,51.99,45.55,47.2,97616.0,
2026-01-23,SIGIND,47.2,50.48,46.1,47.74,56968.0,
2026-01-27,SIGIND,49.5,49.5,46.65,47.85,8275.0,
2026-01-28,SIGIND,49.7,49.7,47.3,48.93,5452.0,
2026-01-29,SIGIND,49.01,49.7,47.66,47.79,5071.0,
2026-01-30,SIGIND,48.01,49.0,47.0,47.25,7520.0,
2026-02-02,SIGIND,48.51,48.99,46.98,47.15,5011.0,
2026-02-03,SIGIND,50.0,50.1,46.65,46.96,33570.0,
2026-02-04,SIGIND,47.9,48.34,46.26,47.85,11560.0,
2026-02-05,SIGIND,48.08,48.89,47.17,48.44,4497.0,
2026-02-06,SIGIND,48.81,50.6,47.13,50.04,10283.0,
2026-02-09,SIGIND,51.0,51.0,49.64,50.14,4065.0,
2026-02-10,SIGIND,49.6,51.49,48.2,49.56,11108.0,
2026-02-11,SIGIND,49.55,51.0,49.24,50.3,8401.0,
2026-02-12,SIGIND,51.69,51.69,48.51,49.11,4936.0,
2026-02-13,SIGIND,49.11,50.85,48.5,50.56,9998.0,
2026-02-16,SIGIND,50.9,50.9,48.71,48.95,10085.0,
2026-02-17,SIGIND,48.1,50.54,48.0,48.53,23764.0,
2026-02-18,SIGIND,50.87,50.87,48.31,48.82,4701.0,
2026-02-19,SIGIND,48.82,51.0,47.07,48.3,14537.0,
2026-02-20,SIGIND,47.16,49.0,47.15,48.03,11927.0,
2026-02-23,SIGIND,48.51,49.5,47.27,48.08,8227.0,
2026-02-24,SIGIND,48.08,48.87,43.8,45.04,98090.0,
2026-02-25,SIGIND,45.22,47.88,45.22,45.64,28741.0,
2026-02-26,SIGIND,46.98,48.48,45.65,46.15,9338.0,
2026-02-27,SIGIND,47.0,47.69,45.5,46.8,9673.0,
2026-03-02,SIGIND,44.8,46.7,43.8,46.35,16274.0,
2026-03-04,SIGIND,45.2,47.97,44.0,45.3,8054.0,
2026-03-05,SIGIND,45.0,47.0,44.21,44.91,7019.0,
2026-03-06,SIGIND,44.91,46.99,44.11,45.45,4176.0,
2026-03-09,SIGIND,46.98,46.98,42.3,44.45,6567.0,
2026-03-10,SIGIND,45.49,45.95,44.01,45.58,4498.0,
2026-03-11,SIGIND,45.5,47.89,45.04,45.67,12902.0,
2026-03-12,SIGIND,45.99,46.98,43.7,46.04,3997.0,
2026-03-13,SIGIND,47.68,47.68,44.41,44.79,8244.0,
2026-03-16,SIGIND,44.0,47.43,43.12,44.24,11473.0,
2026-03-17,SIGIND,47.5,47.5,43.8,44.02,12300.0,
2026-03-18,SIGIND,44.11,46.0,44.02,45.15,6977.0,
2026-03-19,SIGIND,44.95,45.99,42.1,43.03,10722.0,
2026-03-20,SIGIND,44.0,45.89,42.16,43.24,15437.0,
2026-03-23,SIGIND,44.69,44.69,40.66,41.49,22055.0,
2026-03-24,SIGIND,41.53,43.98,41.01,42.98,324767.0,
2026-03-25,SIGIND,44.88,47.02,43.1,45.84,25241.0,
2026-03-27,SIGIND,45.2,47.2,43.0,44.1,29547.0,
2026-03-30,SIGIND,45.89,45.89,43.5,43.75,38884.0,
2026-04-01,SIGIND,46.19,47.47,44.01,46.82,27391.0,
2026-04-02,SIGIND,46.0,47.3,44.69,46.77,7893.0,
2026-04-06,SIGIND,47.44,47.45,45.33,47.21,4469.0,
2026-04-07,SIGIND,47.25,48.79,45.75,45.94,5729.0,
2026-04-08,SIGIND,47.5,49.44,46.26,48.6,29225.0,
2026-04-09,SIGIND,49.44,51.01,47.8,48.26,33826.0,
2026-04-10,SIGIND,50.95,50.95,48.01,49.74,13183.0,
2026-04-13,SIGIND,48.9,48.9,47.8,48.21,7331.0,
2026-04-15,SIGIND,50.99,57.85,49.55,52.54,413001.0,
2026-04-16,SIGIND,53.4,54.39,51.04,51.42,31071.0,
2026-04-17,SIGIND,51.5,55.48,49.51,53.79,56778.0,
2026-04-20,SIGIND,53.94,54.89,50.0,50.61,28887.0,
2026-04-21,SIGIND,51.64,54.85,51.48,52.92,68176.0,
2026-04-22,SIGIND,53.98,53.98,48.8,49.74,102884.0,
2026-04-23,SIGIND,51.7,51.7,48.78,49.93,23449.0,
2026-04-24,SIGIND,50.6,52.52,49.07,49.53,14535.0,
2026-04-27,SIGIND,48.57,52.0,48.57,50.21,24506.0,
2026-04-28,SIGIND,50.81,52.99,50.29,51.4,28737.0,
2026-04-29,SIGIND,51.93,52.6,50.2,50.53,19039.0,
2026-04-30,SIGIND,51.96,51.96,49.7,50.27,3946.0,
2026-05-04,SIGIND,49.5,50.94,49.5,50.05,11173.0,
2026-05-05,SIGIND,50.95,50.95,49.8,49.86,4161.0,
2026-05-06,SIGIND,50.1,54.02,49.52,51.95,44035.0,
2026-05-07,SIGIND,52.01,52.99,51.1,51.99,8233.0,
2026-05-08,SIGIND,53.7,53.7,50.93,51.8,10806.0,
2026-05-11,SIGIND,52.9,52.9,50.5,50.69,4172.0,
2026-05-12,SIGIND,51.95,51.95,48.61,49.16,14923.0,
2026-05-13,SIGIND,51.4,51.4,48.31,49.21,4122.0,
2026-05-14,SIGIND,50.5,51.0,49.38,50.83,10237.0,
2026-05-15,SIGIND,50.0,52.4,48.99,49.19,16660.0,
2026-05-18,SIGIND,48.99,50.5,48.58,49.42,6283.0,
2026-05-19,SIGIND,48.6,50.19,48.25,48.99,6204.0,
2026-05-20,SIGIND,50.34,50.34,48.12,48.5,4450.0,
2026-05-21,SIGIND,50.0,51.45,48.8,49.65,7473.0,
2026-05-22,SIGIND,50.8,50.8,49.23,50.46,1376.0,
2026-05-25,SIGIND,50.46,51.4,49.15,50.2,14582.0,
2026-05-26,SIGIND,51.9,51.9,50.18,50.96,10176.0,
2026-05-27,SIGIND,52.0,52.0,50.0,50.36,11851.0,
2026-05-29,SIGIND,51.5,51.5,50.5,50.75,5478.0,
2026-06-01,SIGIND,52.0,52.9,49.51,50.0,10679.0,
2026-06-02,SIGIND,50.0,50.0,48.15,49.1,16612.0,
2026-06-03,SIGIND,50.9,50.9,48.77,49.31,7546.0,
2026-06-04,SIGIND,50.55,50.55,48.61,49.09,10683.0,
2026-06-05,SIGIND,49.09,50.5,48.65,49.29,8007.0,
2026-06-08,SIGIND,49.69,49.69,47.99,48.26,5619.0,
2026-06-09,SIGIND,49.9,50.29,46.32,48.08,19056.0,
2026-06-10,SIGIND,49.5,49.5,48.0,48.12,14721.0,
2026-06-11,SIGIND,49.5,49.5,46.41,46.7,4737.0,
2026-06-12,SIGIND,47.94,47.94,45.45,46.87,11416.0,
2026-06-15,SIGIND,48.2,50.0,47.5,49.59,21085.0,
2026-06-16,SIGIND,49.5,50.5,48.84,49.15,13939.0,
2026-06-17,SIGIND,50.0,50.0,48.68,48.86,9047.0,
2026-06-18,SIGIND,49.98,49.98,48.2,49.06,7099.0,
2026-06-19,SIGIND,49.3,50.0,48.06,48.4,4955.0,
2026-06-22,SIGIND,48.4,51.89,48.4,49.82,6644.0,
2026-06-23,SIGIND,50.75,50.75,48.11,49.04,5515.0,
2026-06-24,SIGIND,50.5,50.5,49.0,50.11,16549.0,
2026-06-25,SIGIND,49.5,50.0,47.6,47.9,14675.0,
2026-06-29,SIGIND,48.75,48.75,47.02,47.1,3166.0,
2026-06-30,SIGIND,48.0,48.7,47.0,48.16,2584.0,
2026-07-01,SIGIND,49.8,49.8,47.0,48.67,5607.0,
2026-07-02,SIGIND,47.3,48.6,47.15,47.47,8430.0,
2026-07-03,SIGIND,47.5,48.0,46.7,46.97,10156.0,
2026-07-06,SIGIND,47.0,48.0,46.5,46.6,17040.0,
2026-07-07,SIGIND,47.79,47.79,46.62,46.79,4630.0,
2026-07-08,SIGIND,46.2,47.0,45.26,46.2,17469.0,
2026-07-09,SIGIND,46.2,47.0,45.63,46.26,5508.0,
2026-07-10,SIGIND,45.35,48.85,45.35,47.33,11094.0,
2026-07-13,SIGIND,46.76,47.95,46.76,47.47,12363.0,
2026-07-14,SIGIND,48.0,48.0,45.4,45.79,39816.0,
2026-07-15,SIGIND,47.39,47.39,45.0,45.58,9044.0,
2026-07-16,SIGIND,46.98,47.46,45.08,46.13,15614.0,
2026-07-17,SIGIND,46.36,46.94,45.55,46.23,3895.0,
2026-07-20,SIGIND,47.39,47.39,45.45,46.04,5336.0,
2026-07-21,SIGIND,46.04,46.94,43.71,44.47,17179.0,
2026-07-22,SIGIND,44.47,45.9,44.0,44.35,13181.0,
2026-07-23,SIGIND,44.98,44.98,43.65,43.98,15626.0,
2026-07-24,SIGIND,45.45,45.45,43.2,44.57,13210.0,
2026-07-27,SIGIND,45.39,46.97,44.5,45.78,10379.0,
2026-07-28,SIGIND,45.75,46.71,45.0,45.78,4475.0,
2026-07-29,SIGIND,46.75,50.4,45.22,49.43,55389.0,
2026-07-30,SIGIND,49.6,50.99,48.21,49.39,77130.0,
2026-07-31,SIGIND,49.67,53.0,49.0,52.31,58056.0,
2026-08-03,SIGIND,53.41,58.5,51.1,55.93,98549.0,
2026-08-04,SIGIND,55.35,57.57,54.56,56.96,122854.0,
2026-08-05,SIGIND,58.57,62.15,57.8,61.4,160438.0,
2026-08-06,SIGIND,61.4,73.0,61.31,70.03,637807.0,
2026-08-07,SIGIND,69.9,74.95,65.35,67.79,376652.0,
2026-08-10,SIGIND,68.12,73.0,68.0,70.61,183028.0,
2026-08-11,SIGIND,69.5,73.5,69.5,71.49,128779.0,
2026-08-12,SIGIND,71.14,71.14,65.65,68.46,110819.0,
2026-08-13,SIGIND,69.99,71.94,68.12,68.58,73691.0,
2026-08-14,SIGIND,69.99,70.05,65.88,66.32,46143.0,
2026-08-17,SIGIND,68.5,72.0,66.02,71.15,65154.0,
2026-08-18,SIGIND,70.85,71.5,65.32,66.85,95414.0,
2026-08-19,SIGIND,68.89,70.9,67.0,70.32,51801.0,
2026-08-20,SIGIND,70.98,73.8,69.71,73.29,101314.0,
2026-08-21,SIGIND,74.99,74.99,71.11,72.26,31010.0,
2026-08-24,SIGIND,72.5,74.73,67.55,68.55,40106.0,
2026-08-25,SIGIND,69.99,70.8,66.0,69.29,20677.0,
2026-08-26,SIGIND,69.98,71.9,68.0,71.02,29878.0,
2026-08-27,SIGIND,72.5,72.5,69.0,71.66,13462.0,
2026-08-28,SIGIND,72.5,72.5,68.51,71.74,17670.0,
2026-08-31,SIGIND,71.73,71.73,69.0,70.63,4449.0,
2026-09-01,SIGIND,69.01,71.99,68.12,70.09,11512.0,
2026-09-02,SIGIND,68.8,72.5,68.8,71.58,26413.0,
2026-09-03,SIGIND,71.99,72.49,69.05,71.14,15643.0,
2026-09-04,SIGIND,72.45,72.45,69.01,70.37,3242.0,
2026-09-07,SIGIND,70.37,70.37,66.86,66.91,16343.0,
2026-09-08,SIGIND,66.91,70.25,66.58,69.88,19947.0,
2026-09-09,SIGIND,70.99,72.0,68.0,70.52,17737.0,
2026-09-10,SIGIND,72.4,72.4,68.0,71.12,44815.0,
2026-09-11,SIGIND,70.01,71.9,67.71,70.79,28521.0,
2025-08-29,SILVERTUC,690.0,702.9,673.4,695.9,26449.0,
2025-09-01,SILVERTUC,709.85,709.85,685.0,688.45,4356.0,
2025-09-02,SILVERTUC,690.0,698.4,679.3,690.25,14473.0,
2025-09-03,SILVERTUC,683.85,700.0,661.85,680.8,10117.0,
2025-09-04,SILVERTUC,691.05,713.05,680.3,707.5,23551.0,
2025-09-05,SILVERTUC,712.85,712.85,685.0,692.05,6961.0,
2025-09-08,SILVERTUC,689.15,703.5,686.05,699.35,41816.0,
2025-09-09,SILVERTUC,702.35,720.0,690.0,696.0,6939.0,
2025-09-10,SILVERTUC,710.0,748.0,692.5,735.25,93382.0,
2025-09-11,SILVERTUC,730.0,742.3,718.0,723.1,11628.0,
2025-09-12,SILVERTUC,738.85,738.85,720.0,725.7,8465.0,
2025-09-15,SILVERTUC,726.0,762.0,722.95,741.4,57603.0,
2025-09-16,SILVERTUC,747.35,756.0,729.0,741.2,107289.0,
2025-09-17,SILVERTUC,745.0,745.0,715.05,728.5,17882.0,
2025-09-18,SILVERTUC,729.0,736.0,725.0,730.3,3627.0,
2025-09-19,SILVERTUC,730.9,732.45,720.0,725.05,2138.0,
2025-09-22,SILVERTUC,725.05,743.0,720.45,731.55,9095.0,
2025-09-23,SILVERTUC,731.55,736.05,720.4,725.9,12772.0,
2025-09-24,SILVERTUC,726.9,744.45,722.85,738.9,7835.0,
2025-09-25,SILVERTUC,735.8,744.6,725.65,739.25,3979.0,
2025-09-26,SILVERTUC,745.0,745.0,705.55,709.7,13014.0,
2025-09-29,SILVERTUC,714.2,726.95,712.0,715.85,3994.0,
2025-09-30,SILVERTUC,725.0,725.0,705.0,709.0,3840.0,
2025-10-01,SILVERTUC,723.0,729.0,695.75,706.95,17141.0,
2025-10-03,SILVERTUC,712.0,719.95,706.4,713.45,23550.0,
2025-10-06,SILVERTUC,729.0,729.0,694.95,711.75,16760.0,
2025-10-07,SILVERTUC,720.0,738.1,714.05,732.4,8822.0,
2025-10-08,SILVERTUC,735.0,744.95,731.15,740.7,10872.0,
2025-10-09,SILVERTUC,740.05,753.0,731.65,742.45,33920.0,
2025-10-10,SILVERTUC,748.0,754.0,730.0,741.0,32413.0,
2025-10-13,SILVERTUC,731.1,744.4,730.0,736.9,20861.0,
2025-10-14,SILVERTUC,745.0,745.0,720.8,729.25,12606.0,
2025-10-15,SILVERTUC,749.9,749.9,710.0,719.95,20273.0,
2025-10-16,SILVERTUC,727.0,733.0,705.35,718.8,18072.0,
2025-10-17,SILVERTUC,718.0,730.95,675.8,695.35,54212.0,
2025-10-20,SILVERTUC,710.0,710.0,692.45,698.05,6004.0,
2025-10-21,SILVERTUC,710.0,720.0,705.75,710.25,10621.0,
2025-10-23,SILVERTUC,723.95,735.05,709.0,731.7,22420.0,
2025-10-24,SILVERTUC,739.0,739.0,706.7,715.05,24643.0,
2025-10-27,SILVERTUC,720.75,720.75,708.1,715.75,21248.0,
2025-10-28,SILVERTUC,720.9,732.0,705.15,727.4,28154.0,
2025-10-29,SILVERTUC,732.9,771.0,723.95,761.35,56159.0,
2025-10-30,SILVERTUC,789.0,789.0,756.5,768.75,67616.0,
2025-10-31,SILVERTUC,768.95,775.0,760.7,769.45,42871.0,
2025-11-03,SILVERTUC,777.15,778.0,757.6,767.3,35801.0,
2025-11-04,SILVERTUC,774.0,774.0,747.0,759.75,32598.0,
2025-11-06,SILVERTUC,751.25,800.0,731.05,789.75,70417.0,
2025-11-07,SILVERTUC,789.95,848.0,777.75,824.6,210601.0,
2025-11-10,SILVERTUC,830.0,849.25,774.6,814.7,65452.0,
2025-11-11,SILVERTUC,826.9,849.0,791.2,826.0,223618.0,
2025-11-12,SILVERTUC,830.0,839.05,808.0,820.85,94224.0,
2025-11-13,SILVERTUC,825.0,825.0,779.0,786.25,121305.0,
2025-11-14,SILVERTUC,792.55,808.9,782.2,805.8,65540.0,
2025-11-17,SILVERTUC,814.9,833.5,805.8,823.4,157049.0,
2025-11-18,SILVERTUC,823.4,866.0,820.2,830.45,196356.0,
2025-11-19,SILVERTUC,830.5,840.0,810.9,818.55,72518.0,
2025-11-20,SILVERTUC,819.95,825.0,800.0,817.05,57019.0,
2025-11-21,SILVERTUC,824.4,829.4,792.0,800.8,42268.0,
2025-11-24,SILVERTUC,800.8,800.8,771.8,793.1,65272.0,
2025-11-25,SILVERTUC,797.1,801.0,779.9,791.25,38051.0,
2025-11-26,SILVERTUC,800.0,800.0,767.0,783.1,83018.0,
2025-11-27,SILVERTUC,794.0,794.0,759.9,767.15,51172.0,
2025-11-28,SILVERTUC,765.0,789.0,764.95,781.25,33624.0,
2025-12-01,SILVERTUC,771.0,787.55,738.6,777.9,256676.0,
2025-12-02,SILVERTUC,779.8,788.0,760.0,768.0,116619.0,
2025-12-03,SILVERTUC,774.15,774.15,751.4,756.7,46200.0,
2025-12-04,SILVERTUC,760.0,762.0,735.0,746.2,71654.0,
2025-12-05,SILVERTUC,749.95,772.5,734.2,737.4,47921.0,
2025-12-08,SILVERTUC,744.3,744.3,720.0,726.05,42641.0,
2025-12-09,SILVERTUC,720.0,744.0,708.15,740.25,94324.0,
2025-12-10,SILVERTUC,735.0,786.0,728.0,781.75,139267.0,
2025-12-11,SILVERTUC,785.0,802.0,761.0,792.6,61756.0,
2025-12-12,SILVERTUC,798.0,814.8,775.0,798.8,206093.0,
2025-12-15,SILVERTUC,805.0,850.0,801.45,824.85,162190.0,
2025-12-16,SILVERTUC,824.85,886.0,815.4,878.4,239440.0,
2025-12-17,SILVERTUC,876.4,881.0,825.0,835.1,181584.0,
2025-12-18,SILVERTUC,835.1,857.7,832.4,843.95,55106.0,
2025-12-19,SILVERTUC,844.7,861.9,832.55,849.6,173540.0,
2025-12-22,SILVERTUC,861.1,880.0,855.0,871.35,132709.0,
2025-12-23,SILVERTUC,872.8,879.5,855.0,868.6,64693.0,
2025-12-24,SILVERTUC,874.7,912.65,861.45,900.9,226880.0,
2025-12-26,SILVERTUC,899.7,899.7,855.05,880.0,148569.0,
2025-12-29,SILVERTUC,880.1,914.7,877.0,908.45,170908.0,
2025-12-30,SILVERTUC,916.0,1048.8,910.0,1011.85,1636273.0,
2025-12-31,SILVERTUC,1036.0,1117.45,1030.15,1096.15,1032793.0,
2026-01-01,SILVERTUC,1080.0,1123.0,1055.0,1104.4,145513.0,
2026-01-02,SILVERTUC,1179.0,1320.0,1125.0,1248.5,1530990.0,
2026-01-05,SILVERTUC,1330.0,1373.3,1267.0,1351.6,644896.0,
2026-01-06,SILVERTUC,1341.9,1480.0,1322.0,1437.9,781552.0,
2026-01-07,SILVERTUC,1437.8,1581.6,1432.1,1581.6,1186267.0,
2026-01-08,SILVERTUC,1625.0,1650.0,1502.6,1609.8,1078346.0,
2026-01-09,SILVERTUC,1634.9,1690.2,1616.6,1667.0,637789.0,
2026-01-12,SILVERTUC,1655.0,1660.0,1583.7,1583.7,213034.0,
2026-01-13,SILVERTUC,1537.0,1564.0,1504.6,1510.6,312213.0,
2026-01-14,SILVERTUC,1510.0,1551.0,1442.4,1529.4,208034.0,
2026-01-16,SILVERTUC,1560.0,1605.8,1540.1,1602.6,213235.0,
2026-01-19,SILVERTUC,1606.0,1645.0,1578.0,1602.2,171465.0,
2026-01-20,SILVERTUC,1586.0,1597.9,1522.1,1522.1,61621.0,
2026-01-21,SILVERTUC,1457.0,1494.9,1446.0,1446.0,87374.0,
2026-01-22,SILVERTUC,1400.0,1434.0,1373.7,1382.5,79509.0,
2026-01-23,SILVERTUC,1380.0,1451.6,1380.0,1451.6,70492.0,
2026-01-27,SILVERTUC,1524.0,1524.0,1390.0,1428.6,62755.0,
2026-01-28,SILVERTUC,1435.0,1464.0,1357.2,1359.8,53923.0,
2026-01-29,SILVERTUC,1355.0,1361.0,1302.2,1317.4,59636.0,
2026-01-30,SILVERTUC,1324.0,1383.2,1317.7,1383.2,63441.0,
2026-02-02,SILVERTUC,1498.0,1523.0,1379.7,1418.6,75216.0,
2026-02-03,SILVERTUC,1474.6,1474.6,1393.6,1402.5,46543.0,
2026-02-04,SILVERTUC,1409.0,1419.0,1397.5,1407.8,44931.0,
2026-02-05,SILVERTUC,1380.2,1409.8,1339.3,1347.2,45070.0,
2026-02-06,SILVERTUC,1350.0,1384.0,1305.0,1367.0,69737.0,
2026-02-09,SILVERTUC,1375.0,1389.8,1346.2,1377.5,40715.0,
2026-02-10,SILVERTUC,1380.0,1418.8,1314.0,1326.2,63846.0,
2026-02-11,SILVERTUC,1335.0,1349.0,1301.0,1330.5,41201.0,
2026-02-12,SILVERTUC,1337.1,1343.1,1315.1,1337.2,36029.0,
2026-02-13,SILVERTUC,1336.0,1336.0,1270.4,1270.4,48192.0,
2026-02-16,SILVERTUC,1270.4,1293.6,1211.0,1269.6,49929.0,
2026-02-17,SILVERTUC,1280.0,1309.9,1262.1,1277.8,45823.0,
2026-02-18,SILVERTUC,1301.4,1304.1,1267.1,1286.6,29004.0,
2026-02-19,SILVERTUC,1284.0,1350.9,1284.0,1340.2,54133.0,
2026-02-20,SILVERTUC,1340.3,1399.0,1335.0,1392.5,50409.0,
2026-02-23,SILVERTUC,1415.6,1462.0,1400.2,1451.3,65241.0,
2026-02-24,SILVERTUC,1484.8,1484.8,1405.0,1430.2,55241.0,
2026-02-25,SILVERTUC,1423.3,1489.0,1410.3,1432.9,71255.0,
2026-02-26,SILVERTUC,1439.8,1453.9,1414.0,1443.4,39706.0,
2026-02-27,SILVERTUC,1443.1,1474.0,1405.2,1412.5,39104.0,
2026-03-02,SILVERTUC,1365.0,1438.9,1342.0,1369.6,50868.0,
2026-03-04,SILVERTUC,1360.0,1360.0,1305.1,1312.7,37867.0,
2026-03-05,SILVERTUC,1335.0,1375.0,1320.2,1345.9,95800.0,
2026-03-06,SILVERTUC,137.9,141.3,137.9,141.3,239632.0,
2026-03-09,SILVERTUC,134.3,134.3,134.3,134.3,26089.0,
2026-03-10,SILVERTUC,133.0,133.0,127.6,127.6,216112.0,
2026-03-11,SILVERTUC,123.0,125.0,121.3,121.6,337375.0,
2026-03-12,SILVERTUC,118.0,119.8,115.6,116.3,363635.0,
2026-03-13,SILVERTUC,113.4,113.4,110.5,110.5,101836.0,
2026-03-16,SILVERTUC,112.9,113.0,105.0,105.6,290107.0,
2026-03-17,SILVERTUC,108.1,110.8,100.5,106.6,396239.0,
2026-03-18,SILVERTUC,110.0,111.9,108.6,111.9,142248.0,
2026-03-19,SILVERTUC,108.5,117.4,108.5,117.2,137134.0,
2026-03-20,SILVERTUC,117.4,123.0,117.4,123.0,173563.0,
2026-03-23,SILVERTUC,122.5,129.0,116.9,116.9,312524.0,
2026-03-24,SILVERTUC,119.6,119.6,111.1,111.3,279457.0,
2026-03-25,SILVERTUC,113.9,116.8,112.1,114.2,201936.0,
2026-03-27,SILVERTUC,114.2,118.0,108.5,108.5,175306.0,
2026-03-30,SILVERTUC,105.0,108.5,103.1,103.8,161492.0,
2026-04-01,SILVERTUC,104.7,108.99,104.7,108.99,18434.0,
2026-04-02,SILVERTUC,107.98,114.43,105.72,114.43,161088.0,
2026-04-06,SILVERTUC,118.89,119.7,116.35,118.67,147489.0,
2026-04-07,SILVERTUC,120.0,123.89,118.46,123.46,141579.0,
2026-04-08,SILVERTUC,127.7,128.7,125.3,128.16,291102.0,
2026-04-09,SILVERTUC,130.0,131.03,126.5,127.72,185440.0,
2026-04-10,SILVERTUC,127.72,130.0,125.0,127.61,130385.0,
2026-04-13,SILVERTUC,127.61,127.61,122.31,124.52,83516.0,
2026-04-15,SILVERTUC,127.99,130.0,126.0,126.66,171646.0,
2026-04-16,SILVERTUC,126.7,127.83,122.42,124.69,215769.0,
2026-04-17,SILVERTUC,125.5,129.5,123.5,125.43,185678.0,
2026-04-20,SILVERTUC,125.43,126.7,121.5,123.34,203177.0,
2026-04-21,SILVERTUC,124.5,129.5,121.51,129.47,412937.0,
2026-04-22,SILVERTUC,129.47,135.94,129.47,135.94,231113.0,
2026-04-23,SILVERTUC,136.5,140.79,129.2,134.59,553622.0,
2026-04-24,SILVERTUC,134.6,140.0,131.0,139.27,364804.0,
2026-04-27,SILVERTUC,141.0,146.23,140.3,146.23,303413.0,
2026-04-28,SILVERTUC,149.0,153.54,146.18,153.54,559168.0,
2026-04-29,SILVERTUC,158.99,161.21,155.05,161.21,527648.0,
2026-04-30,SILVERTUC,164.7,168.0,157.0,163.42,929998.0,
2026-05-04,SILVERTUC,164.9,169.0,155.25,159.75,668950.0,
2026-05-05,SILVERTUC,157.0,163.0,155.62,160.39,414447.0,
2026-05-06,SILVERTUC,163.99,168.4,159.2,166.46,610944.0,
2026-05-07,SILVERTUC,168.74,168.75,163.48,167.78,530666.0,
2026-05-08,SILVERTUC,168.2,168.8,163.0,163.63,611221.0,
2026-05-11,SILVERTUC,164.2,165.0,155.45,155.45,387188.0,
2026-05-12,SILVERTUC,149.6,152.35,147.68,147.68,146841.0,
2026-05-13,SILVERTUC,140.3,151.96,140.3,147.77,721909.0,
2026-05-14,SILVERTUC,146.25,151.26,145.11,149.35,315582.0,
2026-05-15,SILVERTUC,151.99,152.9,146.41,148.1,317297.0,
2026-05-18,SILVERTUC,146.0,146.94,140.7,143.49,284788.0,
2026-05-19,SILVERTUC,144.0,147.5,143.1,146.05,328876.0,
2026-05-20,SILVERTUC,146.5,152.25,142.53,149.55,435821.0,
2026-05-21,SILVERTUC,150.0,152.67,142.08,142.5,315681.0,
2026-05-22,SILVERTUC,144.4,147.9,142.42,146.68,418941.0,
2026-05-25,SILVERTUC,151.0,151.9,143.97,145.72,337981.0,
2026-05-26,SILVERTUC,141.5,153.0,141.5,152.74,302688.0,
2026-05-27,SILVERTUC,154.0,160.37,154.0,160.36,400190.0,
2026-05-29,SILVERTUC,161.79,168.37,155.52,168.31,907419.0,
2026-06-01,SILVERTUC,174.0,176.72,172.02,176.72,147408.0,
2026-06-02,SILVERTUC,183.0,183.99,171.2,174.83,1036095.0,
2026-06-03,SILVERTUC,176.0,180.94,171.0,175.13,527804.0,
2026-06-04,SILVERTUC,175.0,177.0,168.9,173.08,428381.0,
2026-06-05,SILVERTUC,175.5,181.2,173.06,178.83,697573.0,
2026-06-08,SILVERTUC,178.08,187.77,177.0,187.77,405415.0,
2026-06-09,SILVERTUC,187.77,194.33,182.0,185.98,680594.0,
2026-06-10,SILVERTUC,187.26,194.7,183.0,184.93,560029.0,
2026-06-11,SILVERTUC,185.0,193.1,181.23,189.37,591438.0,
2026-06-12,SILVERTUC,190.98,198.83,189.45,198.78,698308.0,
2026-06-15,SILVERTUC,204.0,208.71,200.03,208.36,718929.0,
2026-06-16,SILVERTUC,210.0,212.7,197.95,198.08,597686.0,
2026-06-17,SILVERTUC,191.64,203.0,190.11,195.35,493145.0,
2026-06-18,SILVERTUC,196.8,200.34,185.59,185.69,411592.0,
2026-06-19,SILVERTUC,180.0,187.79,179.9,186.06,444863.0,
2026-06-22,SILVERTUC,183.7,195.36,183.7,195.03,366639.0,
2026-06-23,SILVERTUC,195.99,196.51,188.0,190.12,333087.0,
2026-06-24,SILVERTUC,191.0,195.98,187.75,190.68,245337.0,
2026-06-25,SILVERTUC,191.86,192.09,183.0,184.59,300542.0,
2026-06-29,SILVERTUC,185.0,188.98,175.54,178.33,395791.0,
2026-06-30,SILVERTUC,180.0,187.24,178.2,185.51,494004.0,
2026-07-01,SILVERTUC,185.0,187.9,177.65,179.85,358010.0,
2026-07-02,SILVERTUC,178.02,182.85,175.24,178.56,422902.0,
2026-07-03,SILVERTUC,180.0,183.2,177.76,182.15,394270.0,
2026-07-06,SILVERTUC,184.99,186.0,178.22,183.54,287699.0,
2026-07-07,SILVERTUC,184.5,184.5,174.63,181.33,407766.0,
2026-07-08,SILVERTUC,184.5,190.39,181.81,187.9,782768.0,
2026-07-09,SILVERTUC,189.0,194.0,185.25,187.47,557624.0,
2026-07-10,SILVERTUC,187.47,190.0,178.1,179.19,662647.0,
2026-07-13,SILVERTUC,174.2,188.14,170.24,188.08,616862.0,
2026-07-14,SILVERTUC,189.0,197.48,188.8,195.14,954458.0,
2026-07-15,SILVERTUC,197.0,204.89,196.5,198.26,610943.0,
2026-07-16,SILVERTUC,198.26,199.89,191.0,195.96,366608.0,
2026-07-17,SILVERTUC,198.0,199.79,189.0,197.72,583223.0,
2026-07-20,SILVERTUC,198.8,202.49,190.6,194.24,361515.0,
2026-07-21,SILVERTUC,195.0,198.88,191.0,194.21,227273.0,
2026-07-22,SILVERTUC,194.54,201.55,192.1,195.93,303960.0,
2026-07-23,SILVERTUC,196.9,202.17,191.01,191.99,335024.0,
2026-07-24,SILVERTUC,192.22,201.5,187.77,200.14,428954.0,
2026-07-27,SILVERTUC,207.0,208.99,198.14,202.42,498869.0,
2026-07-28,SILVERTUC,203.9,209.8,201.63,204.66,342455.0,
2026-07-29,SILVERTUC,208.5,211.5,199.33,209.99,713084.0,
2026-07-30,SILVERTUC,211.03,216.8,203.4,206.8,1089247.0,
2026-07-31,SILVERTUC,207.84,215.65,199.4,201.79,1957253.0,
2026-08-03,SILVERTUC,202.0,207.7,192.25,197.38,699145.0,
2026-08-04,SILVERTUC,197.99,202.6,191.3,193.54,389873.0,
2026-08-05,SILVERTUC,195.5,195.51,188.51,191.86,481752.0,
2026-08-06,SILVERTUC,192.0,196.1,189.54,193.6,720934.0,
2026-08-07,SILVERTUC,193.9,201.5,193.0,195.88,458422.0,
2026-08-10,SILVERTUC,195.88,206.5,195.08,203.18,574745.0,
2026-08-11,SILVERTUC,206.0,210.0,205.0,206.52,509162.0,
2026-08-12,SILVERTUC,207.11,208.76,203.0,205.88,490828.0,
2026-08-13,SILVERTUC,206.47,209.0,203.3,206.32,344944.0,
2026-08-14,SILVERTUC,206.32,214.5,205.63,209.29,593952.0,
2026-08-17,SILVERTUC,210.0,213.0,191.15,197.27,686481.0,
2026-08-18,SILVERTUC,194.33,197.0,192.1,195.47,328326.0,
2026-08-19,SILVERTUC,195.0,199.0,192.75,196.52,361130.0,
2026-08-20,SILVERTUC,197.9,197.9,193.05,195.33,362021.0,
2026-08-21,SILVERTUC,194.0,196.8,184.1,185.94,457245.0,
2026-08-24,SILVERTUC,185.11,188.8,177.62,180.13,515595.0,
2026-08-25,SILVERTUC,180.19,183.4,173.11,181.64,527452.0,
2026-08-26,SILVERTUC,184.86,184.88,175.5,178.96,390206.0,
2026-08-27,SILVERTUC,178.6,182.35,176.0,178.58,349824.0,
2026-08-28,SILVERTUC,177.52,184.0,176.5,178.22,402133.0,
2026-08-31,SILVERTUC,178.22,182.0,168.25,172.27,602062.0,
2026-09-01,SILVERTUC,173.0,179.19,169.07,171.12,565150.0,
2026-09-02,SILVERTUC,171.5,175.74,169.22,173.81,385462.0,
2026-09-03,SILVERTUC,177.0,181.0,165.1,169.72,654744.0,
2026-09-04,SILVERTUC,169.38,170.4,166.68,167.97,373676.0,
2026-09-07,SILVERTUC,167.48,168.39,161.34,163.56,377764.0,
2026-09-08,SILVERTUC,163.5,165.21,160.2,161.1,413174.0,
2026-09-09,SILVERTUC,161.0,165.65,157.99,159.96,418255.0,
2026-09-10,SILVERTUC,161.1,161.1,143.97,152.0,2242513.0,
2026-09-11,SILVERTUC,151.15,157.59,150.0,152.49,529921.0,
2025-08-29,SINCLAIR,99.44,99.44,96.05,98.78,70441.0,
2025-09-01,SINCLAIR,98.78,100.0,97.22,97.69,63935.0,
2025-09-02,SINCLAIR,97.7,101.0,97.63,99.93,55158.0,
2025-09-03,SINCLAIR,100.2,102.2,99.01,99.42,62144.0,
2025-09-04,SINCLAIR,101.4,109.0,98.95,106.35,367609.0,
2025-09-05,SINCLAIR,107.7,109.0,106.36,108.12,155818.0,
2025-09-08,SINCLAIR,108.99,114.59,105.75,111.7,330577.0,
2025-09-09,SINCLAIR,112.0,113.79,109.99,111.51,116422.0,
2025-09-10,SINCLAIR,112.9,113.01,110.57,111.13,64095.0,
2025-09-11,SINCLAIR,110.55,114.75,110.55,111.61,132641.0,
2025-09-12,SINCLAIR,111.01,114.0,111.0,111.3,94479.0,
2025-09-15,SINCLAIR,110.5,113.51,109.37,110.0,187795.0,
2025-09-16,SINCLAIR,110.01,110.87,106.8,107.37,250075.0,
2025-09-17,SINCLAIR,108.0,112.48,107.55,108.63,191536.0,
2025-09-18,SINCLAIR,109.5,110.79,102.61,104.15,226877.0,
2025-09-19,SINCLAIR,104.94,109.0,103.76,107.72,106303.0,
2025-09-22,SINCLAIR,110.0,110.0,105.0,105.84,198920.0,
2025-09-23,SINCLAIR,104.8,108.05,102.22,102.72,186322.0,
2025-09-24,SINCLAIR,103.23,103.51,96.95,97.79,222220.0,
2025-09-25,SINCLAIR,98.01,101.3,97.1,99.27,95357.0,
2025-09-26,SINCLAIR,98.57,99.7,96.48,97.33,67420.0,
2025-09-29,SINCLAIR,96.0,98.9,96.0,96.81,38823.0,
2025-09-30,SINCLAIR,97.76,100.69,97.0,99.36,87855.0,
2025-10-01,SINCLAIR,100.2,100.2,97.5,98.28,34689.0,
2025-10-03,SINCLAIR,98.0,100.88,97.79,99.17,47014.0,
2025-10-06,SINCLAIR,98.76,99.84,95.52,99.15,66392.0,
2025-10-07,SINCLAIR,100.14,101.13,98.71,99.07,44016.0,
2025-10-08,SINCLAIR,99.8,100.06,98.43,98.62,28951.0,
2025-10-09,SINCLAIR,98.62,99.6,96.9,97.24,71208.0,
2025-10-10,SINCLAIR,97.02,98.91,97.0,97.95,50801.0,
2025-10-13,SINCLAIR,97.02,98.72,96.0,96.35,30142.0,
2025-10-14,SINCLAIR,96.67,97.07,94.6,94.92,48162.0,
2025-10-15,SINCLAIR,94.01,97.0,94.01,96.28,25644.0,
2025-10-16,SINCLAIR,96.28,97.29,94.73,95.29,25956.0,
2025-10-17,SINCLAIR,95.11,95.88,93.86,94.18,58694.0,
2025-10-20,SINCLAIR,95.33,96.95,94.0,96.49,39243.0,
2025-10-21,SINCLAIR,98.0,98.0,96.11,97.29,18112.0,
2025-10-23,SINCLAIR,97.0,97.12,95.25,96.43,30077.0,
2025-10-24,SINCLAIR,96.0,99.75,95.99,98.13,46423.0,
2025-10-27,SINCLAIR,97.2,99.0,95.9,98.53,68581.0,
2025-10-28,SINCLAIR,97.02,98.69,97.02,97.65,32857.0,
2025-10-29,SINCLAIR,97.05,97.3,95.55,96.6,28995.0,
2025-10-30,SINCLAIR,96.6,98.19,94.93,95.93,37843.0,
2025-10-31,SINCLAIR,95.93,97.95,94.02,94.64,39896.0,
2025-11-03,SINCLAIR,94.64,95.1,91.25,92.86,117873.0,
2025-11-04,SINCLAIR,92.05,93.89,90.91,91.18,72480.0,
2025-11-06,SINCLAIR,90.19,91.98,89.02,89.51,66268.0,
2025-11-07,SINCLAIR,89.51,91.89,88.52,89.38,33529.0,
2025-11-10,SINCLAIR,91.18,91.18,86.56,87.92,58025.0,
2025-11-11,SINCLAIR,84.0,87.88,84.0,85.69,84340.0,
2025-11-12,SINCLAIR,85.69,91.44,85.69,90.13,68688.0,
2025-11-13,SINCLAIR,91.25,91.41,89.13,89.88,66699.0,
2025-11-14,SINCLAIR,90.17,91.0,89.1,90.06,47377.0,
2025-11-17,SINCLAIR,90.55,90.55,87.1,87.31,44928.0,
2025-11-18,SINCLAIR,87.66,87.78,86.04,86.58,47129.0,
2025-11-19,SINCLAIR,86.58,88.0,86.0,86.39,17942.0,
2025-11-20,SINCLAIR,86.39,87.53,85.26,86.04,22817.0,
2025-11-21,SINCLAIR,86.04,89.08,85.85,87.74,44414.0,
2025-11-24,SINCLAIR,87.74,87.74,84.02,84.46,60588.0,
2025-11-25,SINCLAIR,84.46,85.99,84.0,84.27,24283.0,
2025-11-26,SINCLAIR,84.31,86.38,84.0,85.34,53734.0,
2025-11-27,SINCLAIR,85.34,88.3,84.0,84.19,99798.0,
2025-11-28,SINCLAIR,84.2,86.23,84.2,85.13,17747.0,
2025-12-01,SINCLAIR,84.99,85.75,83.98,84.72,42140.0,
2025-12-02,SINCLAIR,83.5,84.68,83.5,84.06,9730.0,
2025-12-03,SINCLAIR,84.06,88.99,80.1,85.45,183203.0,
2025-12-04,SINCLAIR,86.41,86.41,83.25,83.51,38334.0,
2025-12-05,SINCLAIR,82.8,85.7,82.5,84.19,26802.0,
2025-12-08,SINCLAIR,85.9,85.9,82.21,84.25,42441.0,
2025-12-09,SINCLAIR,83.77,85.25,81.42,84.63,23080.0,
2025-12-10,SINCLAIR,85.07,85.4,82.2,83.21,13326.0,
2025-12-11,SINCLAIR,83.21,86.47,82.74,84.59,40765.0,
2025-12-12,SINCLAIR,83.32,85.47,82.61,83.27,27186.0,
2025-12-15,SINCLAIR,83.3,84.48,82.25,83.03,35801.0,
2025-12-16,SINCLAIR,83.06,84.69,82.18,83.21,49339.0,
2025-12-17,SINCLAIR,84.37,84.37,82.2,82.49,49788.0,
2025-12-18,SINCLAIR,82.63,83.07,81.3,81.74,18285.0,
2025-12-19,SINCLAIR,82.53,88.0,81.6,84.79,35512.0,
2025-12-22,SINCLAIR,86.06,86.06,83.6,85.36,24466.0,
2025-12-23,SINCLAIR,86.21,86.21,83.41,85.24,20280.0,
2025-12-24,SINCLAIR,85.65,85.65,83.0,83.37,25439.0,
2025-12-26,SINCLAIR,83.0,83.74,82.25,82.64,34930.0,
2025-12-29,SINCLAIR,83.01,83.85,81.53,83.1,73841.0,
2025-12-30,SINCLAIR,83.58,84.0,81.09,83.69,75384.0,
2025-12-31,SINCLAIR,84.16,85.49,83.4,83.98,25276.0,
2026-01-01,SINCLAIR,84.96,84.96,83.01,83.44,6841.0,
2026-01-02,SINCLAIR,84.0,84.01,82.5,82.94,33773.0,
2026-01-05,SINCLAIR,83.05,84.31,81.25,83.85,55199.0,
2026-01-06,SINCLAIR,83.67,83.67,81.41,82.91,30398.0,
2026-01-07,SINCLAIR,82.97,83.52,82.31,83.38,13405.0,
2026-01-08,SINCLAIR,83.27,83.85,80.0,81.33,49681.0,
2026-01-09,SINCLAIR,81.0,82.3,79.05,79.79,74788.0,
2026-01-12,SINCLAIR,80.9,80.9,76.0,80.09,85468.0,
2026-01-13,SINCLAIR,80.78,82.95,79.97,81.76,25404.0,
2026-01-14,SINCLAIR,81.4,83.18,79.8,81.49,27070.0,
2026-01-16,SINCLAIR,81.5,82.99,80.57,80.96,10482.0,
2026-01-19,SINCLAIR,80.13,81.62,77.41,78.95,40633.0,
2026-01-20,SINCLAIR,79.02,79.25,76.05,77.95,53658.0,
2026-01-21,SINCLAIR,79.09,79.78,75.8,77.53,59003.0,
2026-01-22,SINCLAIR,79.01,83.28,78.61,81.03,46106.0,
2026-01-23,SINCLAIR,81.43,81.43,76.4,77.55,43089.0,
2026-01-27,SINCLAIR,76.24,79.09,76.21,78.12,18141.0,
2026-01-28,SINCLAIR,78.83,79.49,77.4,77.87,22368.0,
2026-01-29,SINCLAIR,78.07,78.68,76.31,76.79,23115.0,
2026-01-30,SINCLAIR,76.12,78.14,76.12,76.46,47250.0,
2026-02-02,SINCLAIR,78.46,86.2,75.16,78.24,258132.0,
2026-02-03,SINCLAIR,83.98,83.98,77.2,78.24,94638.0,
2026-02-04,SINCLAIR,78.0,78.4,77.1,78.07,30080.0,
2026-02-05,SINCLAIR,78.69,79.11,76.18,77.13,28533.0,
2026-02-06,SINCLAIR,77.65,79.21,76.25,78.99,58482.0,
2026-02-09,SINCLAIR,78.99,79.87,76.59,77.67,73845.0,
2026-02-10,SINCLAIR,79.2,80.55,78.1,78.87,59275.0,
2026-02-11,SINCLAIR,78.87,81.95,75.55,77.06,80613.0,
2026-02-12,SINCLAIR,77.0,77.52,75.26,75.89,26395.0,
2026-02-13,SINCLAIR,75.74,76.89,74.1,75.97,61004.0,
2026-02-16,SINCLAIR,75.97,77.57,75.11,76.66,28866.0,
2026-02-17,SINCLAIR,76.65,77.52,76.02,76.23,12116.0,
2026-02-18,SINCLAIR,75.5,77.77,74.5,75.07,23971.0,
2026-02-19,SINCLAIR,75.07,76.38,73.9,74.76,50014.0,
2026-02-20,SINCLAIR,74.76,75.59,73.64,73.95,17473.0,
2026-02-23,SINCLAIR,73.95,74.9,73.08,73.73,22251.0,
2026-02-24,SINCLAIR,73.89,77.9,72.62,74.71,121100.0,
2026-02-25,SINCLAIR,73.65,74.58,72.38,73.95,42242.0,
2026-02-26,SINCLAIR,73.15,77.0,73.15,75.01,86493.0,
2026-02-27,SINCLAIR,74.25,80.19,74.25,77.33,109439.0,
2026-03-02,SINCLAIR,71.8,77.03,71.8,75.98,110178.0,
2026-03-04,SINCLAIR,74.0,78.0,71.02,75.15,111812.0,
2026-03-05,SINCLAIR,75.96,78.6,74.27,77.69,68087.0,
2026-03-06,SINCLAIR,77.69,78.2,74.21,74.56,111699.0,
2026-03-09,SINCLAIR,74.0,74.26,71.4,73.26,26902.0,
2026-03-10,SINCLAIR,74.11,76.0,72.02,73.4,122245.0,
2026-03-11,SINCLAIR,74.5,75.04,72.23,73.29,65603.0,
2026-03-12,SINCLAIR,73.29,74.97,71.02,71.42,136819.0,
2026-03-13,SINCLAIR,71.42,73.43,71.42,72.55,75883.0,
2026-03-16,SINCLAIR,71.82,73.73,68.82,70.53,126144.0,
2026-03-17,SINCLAIR,70.53,74.9,69.91,74.25,184789.0,
2026-03-18,SINCLAIR,74.37,78.0,74.37,76.38,131517.0,
2026-03-19,SINCLAIR,75.8,76.67,74.0,74.73,89662.0,
2026-03-20,SINCLAIR,74.73,76.69,72.83,73.94,65615.0,
2026-03-23,SINCLAIR,74.99,74.99,70.42,71.49,138699.0,
2026-03-24,SINCLAIR,75.05,76.02,72.81,73.77,128740.0,
2026-03-25,SINCLAIR,75.4,75.4,73.03,73.96,42361.0,
2026-03-27,SINCLAIR,74.01,75.2,70.35,74.07,173973.0,
2026-03-30,SINCLAIR,75.0,75.0,70.65,72.55,124194.0,
2026-04-01,SINCLAIR,74.95,75.5,73.42,75.15,31124.0,
2026-04-02,SINCLAIR,73.15,76.85,73.14,76.12,29816.0,
2026-04-06,SINCLAIR,79.0,79.0,74.12,76.54,48368.0,
2026-04-07,SINCLAIR,78.0,78.0,76.0,76.29,15498.0,
2026-04-08,SINCLAIR,78.6,79.84,75.13,77.93,36490.0,
2026-04-09,SINCLAIR,79.4,81.0,77.12,78.25,50146.0,
2026-04-10,SINCLAIR,77.37,81.95,77.37,81.17,28984.0,
2026-04-13,SINCLAIR,77.65,80.8,77.65,80.46,15569.0,
2026-04-15,SINCLAIR,78.26,81.69,78.26,78.84,54516.0,
2026-04-16,SINCLAIR,78.3,79.77,78.3,79.23,17979.0,
2026-04-17,SINCLAIR,79.74,81.0,78.92,79.8,47183.0,
2026-04-20,SINCLAIR,78.88,81.78,78.88,80.19,24816.0,
2026-04-21,SINCLAIR,80.48,80.59,78.9,79.35,25804.0,
2026-04-22,SINCLAIR,81.64,81.64,79.02,80.33,19768.0,
2026-04-23,SINCLAIR,82.0,82.0,78.55,79.82,27072.0,
2026-04-24,SINCLAIR,79.87,80.29,79.0,79.27,18670.0,
2026-04-27,SINCLAIR,79.0,82.0,79.0,80.09,10209.0,
2026-04-28,SINCLAIR,80.2,80.29,79.11,80.01,6205.0,
2026-04-29,SINCLAIR,81.15,81.15,79.39,79.64,7661.0,
2026-04-30,SINCLAIR,81.48,81.8,79.1,79.48,14113.0,
2026-05-04,SINCLAIR,79.81,84.25,78.13,82.26,85988.0,
2026-05-05,SINCLAIR,82.6,82.69,79.1,81.81,71241.0,
2026-05-06,SINCLAIR,82.05,82.68,81.0,82.08,57207.0,
2026-05-07,SINCLAIR,82.96,82.99,80.99,81.37,39604.0,
2026-05-08,SINCLAIR,82.63,82.95,81.01,81.8,17017.0,
2026-05-11,SINCLAIR,80.6,81.39,78.12,78.97,32252.0,
2026-05-12,SINCLAIR,79.64,80.0,77.0,77.34,26283.0,
2026-05-13,SINCLAIR,78.88,78.88,73.25,78.17,41940.0,
2026-05-14,SINCLAIR,78.46,79.9,75.81,79.45,36036.0,
2026-05-15,SINCLAIR,79.49,80.28,77.2,77.67,12804.0,
2026-05-18,SINCLAIR,76.0,79.59,76.0,77.44,15255.0,
2026-05-19,SINCLAIR,77.53,79.19,74.86,75.54,135206.0,
2026-05-20,SINCLAIR,77.47,77.49,74.91,75.89,32191.0,
2026-05-21,SINCLAIR,76.08,78.54,73.71,74.52,79605.0,
2026-05-22,SINCLAIR,75.3,75.78,74.0,74.13,19997.0,
2026-05-25,SINCLAIR,73.65,78.89,73.65,74.44,66294.0,
2026-05-26,SINCLAIR,75.51,76.46,73.91,74.94,24490.0,
2026-05-27,SINCLAIR,75.0,75.9,73.29,74.08,18335.0,
2026-05-29,SINCLAIR,76.4,76.4,74.13,74.67,29445.0,
2026-06-01,SINCLAIR,75.5,75.5,73.0,73.58,33201.0,
2026-06-02,SINCLAIR,74.62,75.79,73.44,75.02,40214.0,
2026-06-03,SINCLAIR,75.5,76.38,73.31,74.47,58351.0,
2026-06-04,SINCLAIR,75.45,75.66,73.44,74.24,111427.0,
2026-06-05,SINCLAIR,74.71,75.4,73.44,74.27,180048.0,
2026-06-08,SINCLAIR,74.42,76.39,74.3,75.12,41303.0,
2026-06-09,SINCLAIR,74.14,77.25,74.14,76.67,31977.0,
2026-06-10,SINCLAIR,78.15,78.15,74.5,74.97,91330.0,
2026-06-11,SINCLAIR,75.61,77.0,74.2,75.48,47401.0,
2026-06-12,SINCLAIR,76.7,77.1,75.0,75.6,30488.0,
2026-06-15,SINCLAIR,76.2,77.74,75.21,75.77,21762.0,
2026-06-16,SINCLAIR,76.88,76.89,75.78,76.22,30687.0,
2026-06-17,SINCLAIR,80.68,80.7,75.15,76.45,80785.0,
2026-06-18,SINCLAIR,76.45,79.81,76.45,78.44,57202.0,
2026-06-19,SINCLAIR,78.43,80.99,78.43,79.92,47745.0,
2026-06-22,SINCLAIR,81.45,81.45,78.6,78.98,13248.0,
2026-06-23,SINCLAIR,79.24,79.39,77.7,77.8,18517.0,
2026-06-24,SINCLAIR,77.91,81.5,77.01,79.71,41104.0,
2026-06-25,SINCLAIR,80.4,81.0,78.0,78.16,17058.0,
2026-06-29,SINCLAIR,76.1,78.98,75.0,75.78,37558.0,
2026-06-30,SINCLAIR,75.87,76.8,74.51,75.74,14502.0,
2026-07-01,SINCLAIR,75.12,77.76,75.12,76.47,10048.0,
2026-07-02,SINCLAIR,75.54,76.96,74.45,75.36,27004.0,
2026-07-03,SINCLAIR,76.0,76.67,75.01,75.65,25157.0,
2026-07-06,SINCLAIR,76.5,76.5,74.6,74.94,26582.0,
2026-07-07,SINCLAIR,74.94,76.0,74.56,75.38,8905.0,
2026-07-08,SINCLAIR,75.9,75.9,73.0,73.45,44437.0,
2026-07-09,SINCLAIR,74.93,75.18,74.05,74.89,6372.0,
2026-07-10,SINCLAIR,74.05,75.96,74.05,75.79,4954.0,
2026-07-13,SINCLAIR,75.79,77.49,74.63,76.93,48453.0,
2026-07-14,SINCLAIR,77.91,78.0,76.2,76.54,9626.0,
2026-07-15,SINCLAIR,77.26,77.26,75.51,76.2,14262.0,
2026-07-16,SINCLAIR,76.21,77.6,74.55,75.3,37627.0,
2026-07-17,SINCLAIR,75.0,76.49,74.22,74.64,22903.0,
2026-07-20,SINCLAIR,75.11,75.79,73.41,74.07,24187.0,
2026-07-21,SINCLAIR,74.11,75.99,74.08,74.49,16060.0,
2026-07-22,SINCLAIR,75.5,75.96,73.24,74.29,10827.0,
2026-07-23,SINCLAIR,74.47,74.5,73.4,73.93,4970.0,
2026-07-24,SINCLAIR,74.45,74.96,73.0,74.77,12355.0,
2026-07-27,SINCLAIR,75.5,75.94,73.05,73.65,25889.0,
2026-07-28,SINCLAIR,74.0,74.69,73.12,73.58,14075.0,
2026-07-29,SINCLAIR,73.69,74.99,73.02,74.15,13498.0,
2026-07-30,SINCLAIR,74.01,74.79,73.31,73.76,11946.0,
2026-07-31,SINCLAIR,73.99,74.17,71.41,72.86,17013.0,
2026-08-03,SINCLAIR,71.61,75.45,71.61,74.69,29359.0,
2026-08-04,SINCLAIR,75.0,75.79,72.81,74.03,11487.0,
2026-08-05,SINCLAIR,74.54,75.49,73.05,74.77,22966.0,
2026-08-06,SINCLAIR,74.32,81.61,73.78,76.59,180216.0,
2026-08-07,SINCLAIR,79.8,79.8,75.51,77.03,43164.0,
2026-08-10,SINCLAIR,78.8,78.8,76.41,76.98,10850.0,
2026-08-11,SINCLAIR,77.0,77.98,76.21,77.6,15312.0,
2026-08-12,SINCLAIR,76.52,77.87,76.52,77.0,8944.0,
2026-08-13,SINCLAIR,75.5,77.65,75.5,76.11,4839.0,
2026-08-14,SINCLAIR,76.11,77.43,74.05,74.58,12369.0,
2026-08-17,SINCLAIR,74.65,76.7,73.61,74.64,8410.0,
2026-08-18,SINCLAIR,74.72,75.87,74.5,74.98,11794.0,
2026-08-19,SINCLAIR,74.36,75.86,74.36,75.22,14379.0,
2026-08-20,SINCLAIR,76.0,76.38,74.02,75.37,21656.0,
2026-08-21,SINCLAIR,75.15,76.0,73.84,74.43,18220.0,
2026-08-24,SINCLAIR,75.0,78.58,75.0,75.32,28512.0,
2026-08-25,SINCLAIR,75.16,76.79,74.11,74.59,6856.0,
2026-08-26,SINCLAIR,75.8,78.5,74.52,74.86,19034.0,
2026-08-27,SINCLAIR,75.1,80.3,74.0,79.92,143654.0,
2026-08-28,SINCLAIR,80.99,83.02,78.12,81.51,80303.0,
2026-08-31,SINCLAIR,82.01,84.0,80.0,82.38,38575.0,
2026-09-01,SINCLAIR,81.65,85.1,80.11,82.91,33445.0,
2026-09-02,SINCLAIR,82.1,84.5,82.1,82.67,41291.0,
2026-09-03,SINCLAIR,82.1,85.29,82.1,83.85,88131.0,
2026-09-04,SINCLAIR,84.0,84.75,82.6,83.5,26997.0,
2026-09-07,SINCLAIR,84.99,86.9,83.42,84.45,64110.0,
2026-09-08,SINCLAIR,86.0,86.79,83.56,84.03,45494.0,
2026-09-09,SINCLAIR,84.0,84.79,81.38,82.96,54639.0,
2026-09-10,SINCLAIR,82.0,83.69,80.36,81.58,20693.0,
2026-09-11,SINCLAIR,80.04,81.58,79.62,80.28,17030.0,
2025-08-29,SRHHYPOLTD,575.9,584.9,572.55,578.3,10186.0,
2025-09-01,SRHHYPOLTD,582.0,610.0,578.0,605.0,33539.0,
2025-09-02,SRHHYPOLTD,611.0,616.0,596.5,602.25,12877.0,
2025-09-03,SRHHYPOLTD,600.0,618.0,596.25,613.4,13067.0,
2025-09-04,SRHHYPOLTD,620.0,640.0,610.0,612.1,25756.0,
2025-09-05,SRHHYPOLTD,612.1,627.0,612.1,622.2,17250.0,
2025-09-08,SRHHYPOLTD,631.05,638.0,622.0,629.7,12302.0,
2025-09-09,SRHHYPOLTD,636.5,636.5,617.5,622.35,16394.0,
2025-09-10,SRHHYPOLTD,624.7,627.3,613.3,616.7,11108.0,
2025-09-11,SRHHYPOLTD,619.15,624.3,607.5,609.8,8834.0,
2025-09-12,SRHHYPOLTD,609.8,615.3,601.1,603.2,12141.0,
2025-09-15,SRHHYPOLTD,603.3,609.7,602.55,605.3,7627.0,
2025-09-16,SRHHYPOLTD,605.0,613.85,603.9,604.5,7843.0,
2025-09-17,SRHHYPOLTD,611.95,618.0,602.5,605.15,8107.0,
2025-09-18,SRHHYPOLTD,611.45,612.5,606.0,606.75,6895.0,
2025-09-19,SRHHYPOLTD,612.0,612.0,598.7,604.45,9991.0,
2025-09-22,SRHHYPOLTD,610.9,616.2,604.0,613.55,11435.0,
2025-09-23,SRHHYPOLTD,616.6,619.95,602.5,605.65,7994.0,
2025-09-24,SRHHYPOLTD,602.8,608.95,599.1,600.45,7912.0,
2025-09-25,SRHHYPOLTD,604.4,604.4,582.7,586.7,17558.0,
2025-09-26,SRHHYPOLTD,589.65,589.65,575.5,579.7,9964.0,
2025-09-29,SRHHYPOLTD,587.15,590.95,562.15,573.75,11373.0,
2025-09-30,SRHHYPOLTD,577.95,579.6,563.95,568.3,9433.0,
2025-10-01,SRHHYPOLTD,573.05,577.0,564.7,573.7,6244.0,
2025-10-03,SRHHYPOLTD,580.7,584.5,575.55,581.15,8801.0,
2025-10-06,SRHHYPOLTD,581.8,589.2,570.55,573.8,9905.0,
2025-10-07,SRHHYPOLTD,580.8,587.0,573.7,578.95,8436.0,
2025-10-08,SRHHYPOLTD,577.95,585.1,575.4,580.5,4097.0,
2025-10-09,SRHHYPOLTD,578.85,582.25,572.05,575.6,4540.0,
2025-10-10,SRHHYPOLTD,576.4,580.9,573.6,576.05,49962.0,
2025-10-13,SRHHYPOLTD,577.75,581.0,570.05,572.85,4297.0,
2025-10-14,SRHHYPOLTD,578.9,578.9,561.0,563.95,6153.0,
2025-10-15,SRHHYPOLTD,564.0,569.95,556.1,562.4,8121.0,
2025-10-16,SRHHYPOLTD,559.65,572.1,556.0,557.6,14233.0,
2025-10-17,SRHHYPOLTD,560.5,561.35,543.0,544.85,9751.0,
2025-10-20,SRHHYPOLTD,550.6,555.95,546.2,551.4,6459.0,
2025-10-21,SRHHYPOLTD,554.05,567.0,551.5,563.15,8007.0,
2025-10-23,SRHHYPOLTD,563.15,577.0,555.0,557.2,8824.0,
2025-10-24,SRHHYPOLTD,560.2,563.95,553.0,554.85,6075.0,
2025-10-27,SRHHYPOLTD,558.4,561.8,551.8,555.9,10776.0,
2025-10-28,SRHHYPOLTD,555.9,564.0,551.1,554.5,10949.0,
2025-10-29,SRHHYPOLTD,557.05,560.4,552.1,557.1,5764.0,
2025-10-30,SRHHYPOLTD,557.75,563.6,552.0,557.3,8607.0,
2025-10-31,SRHHYPOLTD,557.0,560.05,551.0,552.2,5507.0,
2025-11-03,SRHHYPOLTD,550.2,556.0,545.5,552.3,5326.0,
2025-11-04,SRHHYPOLTD,546.05,555.0,546.05,551.7,7451.0,
2025-11-06,SRHHYPOLTD,557.55,557.55,535.0,536.5,13624.0,
2025-11-07,SRHHYPOLTD,503.0,539.0,503.0,528.9,7863.0,
2025-11-10,SRHHYPOLTD,528.0,544.8,526.6,539.05,8591.0,
2025-11-11,SRHHYPOLTD,539.0,544.7,534.85,540.65,7711.0,
2025-11-12,SRHHYPOLTD,543.35,555.0,541.4,550.25,6217.0,
2025-11-13,SRHHYPOLTD,556.0,558.5,535.6,540.75,7426.0,
2025-11-14,SRHHYPOLTD,536.0,544.6,523.0,526.15,14001.0,
2025-11-17,SRHHYPOLTD,526.15,537.6,525.65,527.35,6323.0,
2025-11-18,SRHHYPOLTD,530.35,550.0,530.35,542.7,11917.0,
2025-11-19,SRHHYPOLTD,542.7,549.0,530.45,533.1,5252.0,
2025-11-20,SRHHYPOLTD,538.4,543.7,530.0,532.95,4506.0,
2025-11-21,SRHHYPOLTD,533.35,536.7,510.0,513.65,11918.0,
2025-11-24,SRHHYPOLTD,516.05,516.95,507.7,514.95,4835.0,
2025-11-25,SRHHYPOLTD,508.0,518.1,507.05,511.45,6856.0,
2025-11-26,SRHHYPOLTD,516.8,528.85,515.0,522.35,5250.0,
2025-11-27,SRHHYPOLTD,521.0,536.05,521.0,532.8,5176.0,
2025-11-28,SRHHYPOLTD,539.3,539.3,525.65,528.3,4947.0,
2025-12-01,SRHHYPOLTD,533.9,534.05,522.0,525.5,5072.0,
2025-12-02,SRHHYPOLTD,521.0,528.3,516.8,522.55,3010.0,
2025-12-03,SRHHYPOLTD,528.0,528.05,508.0,511.25,10740.0,
2025-12-04,SRHHYPOLTD,511.3,511.3,497.0,503.1,13229.0,
2025-12-05,SRHHYPOLTD,504.0,504.25,489.0,492.15,13095.0,
2025-12-08,SRHHYPOLTD,492.0,493.0,475.0,478.85,12176.0,
2025-12-09,SRHHYPOLTD,483.55,497.95,475.05,488.65,14858.0,
2025-12-10,SRHHYPOLTD,489.7,503.5,486.1,488.35,6618.0,
2025-12-11,SRHHYPOLTD,489.0,492.35,485.1,488.65,3184.0,
2025-12-12,SRHHYPOLTD,493.7,499.0,489.0,491.0,5879.0,
2025-12-15,SRHHYPOLTD,491.0,515.5,485.65,506.8,12456.0,
2025-12-16,SRHHYPOLTD,507.0,548.9,507.0,532.7,45846.0,
2025-12-17,SRHHYPOLTD,525.5,541.0,512.4,516.3,11660.0,
2025-12-18,SRHHYPOLTD,517.0,521.0,508.75,512.65,6655.0,
2025-12-19,SRHHYPOLTD,517.95,548.0,515.0,534.45,22175.0,
2025-12-22,SRHHYPOLTD,536.0,549.4,534.0,537.3,12556.0,
2025-12-23,SRHHYPOLTD,538.75,539.6,528.6,537.2,9119.0,
2025-12-24,SRHHYPOLTD,537.25,540.15,521.0,523.55,9838.0,
2025-12-26,SRHHYPOLTD,528.55,529.45,519.65,523.4,4055.0,
2025-12-29,SRHHYPOLTD,523.35,528.15,513.0,514.85,5493.0,
2025-12-30,SRHHYPOLTD,516.65,518.05,505.0,509.8,3898.0,
2025-12-31,SRHHYPOLTD,504.1,519.5,504.1,516.8,5190.0,
2026-01-01,SRHHYPOLTD,519.4,521.95,514.1,517.05,2444.0,
2026-01-02,SRHHYPOLTD,511.0,523.95,511.0,517.6,6060.0,
2026-01-05,SRHHYPOLTD,520.2,523.9,511.9,515.35,7427.0,
2026-01-06,SRHHYPOLTD,517.4,528.55,504.0,507.45,5483.0,
2026-01-07,SRHHYPOLTD,501.5,514.5,499.55,504.3,7336.0,
2026-01-08,SRHHYPOLTD,497.7,509.35,484.7,490.15,9723.0,
2026-01-09,SRHHYPOLTD,484.05,500.9,484.05,489.85,6663.0,
2026-01-12,SRHHYPOLTD,488.0,491.95,477.7,480.95,11498.0,
2026-01-13,SRHHYPOLTD,475.05,490.0,475.0,483.75,5006.0,
2026-01-14,SRHHYPOLTD,484.0,491.65,480.6,485.75,4936.0,
2026-01-16,SRHHYPOLTD,485.0,488.8,476.1,482.15,7755.0,
2026-01-19,SRHHYPOLTD,477.0,485.0,475.1,478.5,4035.0,
2026-01-20,SRHHYPOLTD,472.6,478.35,456.6,460.25,13405.0,
2026-01-21,SRHHYPOLTD,450.0,473.0,450.0,462.5,8412.0,
2026-01-22,SRHHYPOLTD,467.0,473.35,458.2,463.15,5680.0,
2026-01-23,SRHHYPOLTD,460.0,461.95,446.9,451.2,9584.0,
2026-01-27,SRHHYPOLTD,447.7,466.0,440.0,447.25,13062.0,
2026-01-28,SRHHYPOLTD,444.0,455.95,439.3,452.35,6045.0,
2026-01-29,SRHHYPOLTD,451.0,457.35,446.1,448.1,11095.0,
2026-01-30,SRHHYPOLTD,450.0,458.9,442.95,447.45,6928.0,
2026-02-02,SRHHYPOLTD,436.25,444.85,436.25,441.15,7444.0,
2026-02-03,SRHHYPOLTD,452.6,475.0,452.6,456.6,17734.0,
2026-02-04,SRHHYPOLTD,457.75,463.9,452.0,460.1,9544.0,
2026-02-05,SRHHYPOLTD,463.5,464.35,456.0,457.9,5623.0,
2026-02-06,SRHHYPOLTD,457.25,464.0,452.35,459.5,8538.0,
2026-02-09,SRHHYPOLTD,462.9,482.05,456.55,479.5,16862.0,
2026-02-10,SRHHYPOLTD,482.55,506.0,482.0,497.7,16311.0,
2026-02-11,SRHHYPOLTD,497.7,498.0,486.0,488.35,6205.0,
2026-02-12,SRHHYPOLTD,491.8,517.2,491.3,500.3,17313.0,
2026-02-13,SRHHYPOLTD,505.0,507.0,488.35,489.7,11321.0,
2026-02-16,SRHHYPOLTD,491.4,492.1,480.0,486.25,9109.0,
2026-02-17,SRHHYPOLTD,483.0,499.0,477.7,482.15,14248.0,
2026-02-18,SRHHYPOLTD,486.45,498.0,486.45,494.05,6309.0,
2026-02-19,SRHHYPOLTD,494.0,498.0,482.5,490.55,5922.0,
2026-02-20,SRHHYPOLTD,493.95,498.0,480.0,481.75,6290.0,
2026-02-23,SRHHYPOLTD,486.1,505.5,474.0,475.85,10588.0,
2026-02-24,SRHHYPOLTD,473.45,477.95,470.0,471.4,5825.0,
2026-02-25,SRHHYPOLTD,474.75,494.0,473.85,481.7,6228.0,
2026-02-26,SRHHYPOLTD,474.75,484.25,474.0,475.85,7021.0,
2026-02-27,SRHHYPOLTD,471.7,474.9,464.0,465.55,9119.0,
2026-03-02,SRHHYPOLTD,466.0,466.0,450.0,455.7,9471.0,
2026-03-04,SRHHYPOLTD,454.15,459.5,436.0,442.35,9879.0,
2026-03-05,SRHHYPOLTD,448.3,455.1,445.0,445.65,7370.0,
2026-03-06,SRHHYPOLTD,446.95,452.35,438.6,443.35,6619.0,
2026-03-09,SRHHYPOLTD,428.0,442.0,415.25,422.75,22634.0,
2026-03-10,SRHHYPOLTD,424.6,438.85,424.55,433.45,10952.0,
2026-03-11,SRHHYPOLTD,436.8,443.2,428.35,430.4,12446.0,
2026-03-12,SRHHYPOLTD,433.85,494.0,427.55,452.3,140743.0,
2026-03-13,SRHHYPOLTD,447.8,452.95,432.0,433.75,11899.0,
2026-03-16,SRHHYPOLTD,435.0,447.95,429.55,433.35,14602.0,
2026-03-17,SRHHYPOLTD,436.5,437.8,428.3,429.95,6646.0,
2026-03-18,SRHHYPOLTD,429.95,450.3,429.95,448.05,29041.0,
2026-03-19,SRHHYPOLTD,441.05,444.85,430.0,431.05,6951.0,
2026-03-20,SRHHYPOLTD,436.75,444.95,430.0,430.55,13994.0,
2026-03-23,SRHHYPOLTD,419.0,424.1,413.0,414.85,15904.0,
2026-03-24,SRHHYPOLTD,418.9,427.2,415.2,421.05,12319.0,
2026-03-25,SRHHYPOLTD,424.2,443.55,424.2,427.05,12902.0,
2026-03-27,SRHHYPOLTD,427.05,438.0,402.7,406.85,41145.0,
2026-03-30,SRHHYPOLTD,406.85,412.95,382.4,384.0,23563.0,
2026-04-01,SRHHYPOLTD,391.4,420.0,391.4,411.95,10024.0,
2026-04-02,SRHHYPOLTD,409.9,425.0,402.0,421.3,11085.0,
2026-04-06,SRHHYPOLTD,425.0,431.0,419.45,425.4,12370.0,
2026-04-07,SRHHYPOLTD,429.75,452.45,429.75,437.3,17838.0,
2026-04-08,SRHHYPOLTD,449.0,457.5,445.1,449.4,16274.0,
2026-04-09,SRHHYPOLTD,453.0,459.9,441.05,443.25,10908.0,
2026-04-10,SRHHYPOLTD,450.55,455.8,448.0,451.9,9545.0,
2026-04-13,SRHHYPOLTD,449.0,473.9,437.75,461.35,21427.0,
2026-04-15,SRHHYPOLTD,467.0,481.0,466.95,475.45,15201.0,
2026-04-16,SRHHYPOLTD,487.7,499.8,474.05,487.75,25824.0,
2026-04-17,SRHHYPOLTD,493.85,499.85,483.3,495.7,19336.0,
2026-04-20,SRHHYPOLTD,497.0,497.85,480.0,482.2,15910.0,
2026-04-21,SRHHYPOLTD,482.5,499.0,477.2,480.85,11226.0,
2026-04-22,SRHHYPOLTD,488.8,488.8,475.35,482.2,7221.0,
2026-04-23,SRHHYPOLTD,487.05,488.95,479.05,484.95,7989.0,
2026-04-24,SRHHYPOLTD,483.0,495.65,474.15,481.2,12902.0,
2026-04-27,SRHHYPOLTD,485.05,512.7,481.0,504.8,28763.0,
2026-04-28,SRHHYPOLTD,509.9,513.8,503.0,504.5,11621.0,
2026-04-29,SRHHYPOLTD,491.0,508.3,490.0,495.6,16262.0,
2026-04-30,SRHHYPOLTD,492.95,499.95,483.0,488.9,20362.0,
2026-05-04,SRHHYPOLTD,490.9,522.0,490.9,511.0,25217.0,
2026-05-05,SRHHYPOLTD,511.0,516.0,502.05,513.3,14869.0,
2026-05-06,SRHHYPOLTD,514.9,522.9,509.05,519.4,13927.0,
2026-05-07,SRHHYPOLTD,521.0,550.0,504.35,546.0,35303.0,
2026-05-08,SRHHYPOLTD,558.35,558.35,542.05,546.75,14087.0,
2026-05-11,SRHHYPOLTD,540.0,555.65,524.8,538.55,25053.0,
2026-05-12,SRHHYPOLTD,538.55,546.2,506.2,510.4,12863.0,
2026-05-13,SRHHYPOLTD,503.65,516.95,495.6,501.8,14786.0,
2026-05-14,SRHHYPOLTD,500.5,515.0,499.55,505.65,11058.0,
2026-05-15,SRHHYPOLTD,507.0,515.0,500.1,505.1,7435.0,
2026-05-18,SRHHYPOLTD,504.35,504.35,485.0,497.7,9482.0,
2026-05-19,SRHHYPOLTD,502.45,521.35,500.1,504.2,7249.0,
2026-05-20,SRHHYPOLTD,504.2,515.95,495.95,511.85,6401.0,
2026-05-21,SRHHYPOLTD,539.9,563.95,520.5,528.95,55408.0,
2026-05-22,SRHHYPOLTD,535.0,539.8,525.2,533.8,9228.0,
2026-05-25,SRHHYPOLTD,537.9,548.8,526.85,536.85,6985.0,
2026-05-26,SRHHYPOLTD,537.15,550.0,537.15,539.8,12342.0,
2026-05-27,SRHHYPOLTD,540.35,557.35,540.05,553.75,18032.0,
2026-05-29,SRHHYPOLTD,554.0,554.0,541.5,544.45,15854.0,
2026-06-01,SRHHYPOLTD,536.3,536.3,501.0,505.35,21326.0,
2026-06-02,SRHHYPOLTD,508.0,516.9,506.0,510.95,4747.0,
2026-06-03,SRHHYPOLTD,512.0,516.7,501.0,511.5,11007.0,
2026-06-04,SRHHYPOLTD,515.2,517.7,505.0,506.8,9668.0,
2026-06-05,SRHHYPOLTD,506.8,511.95,503.0,505.45,7430.0,
2026-06-08,SRHHYPOLTD,505.45,520.95,499.75,501.8,8724.0,
2026-06-09,SRHHYPOLTD,506.9,512.95,499.0,500.3,8502.0,
2026-06-10,SRHHYPOLTD,500.25,507.0,490.1,494.25,4600.0,
2026-06-11,SRHHYPOLTD,498.3,498.3,481.55,486.65,5156.0,
2026-06-12,SRHHYPOLTD,490.55,502.0,490.55,499.2,7003.0,
2026-06-15,SRHHYPOLTD,504.0,510.0,496.0,497.6,7657.0,
2026-06-16,SRHHYPOLTD,501.0,505.5,497.0,497.65,8412.0,
2026-06-17,SRHHYPOLTD,501.3,504.0,480.0,486.5,44717.0,
2026-06-18,SRHHYPOLTD,490.0,501.0,486.0,490.45,11324.0,
2026-06-19,SRHHYPOLTD,492.85,493.0,485.1,490.25,5900.0,
2026-06-22,SRHHYPOLTD,493.9,504.85,488.55,496.55,14599.0,
2026-06-23,SRHHYPOLTD,498.2,498.2,487.15,491.5,5893.0,
2026-06-24,SRHHYPOLTD,491.0,495.95,488.1,493.75,4589.0,
2026-06-25,SRHHYPOLTD,497.4,500.0,484.1,486.35,5078.0,
2026-06-29,SRHHYPOLTD,478.0,490.1,478.0,482.55,5394.0,
2026-06-30,SRHHYPOLTD,486.05,489.0,480.2,485.05,2110.0,
2026-07-01,SRHHYPOLTD,488.6,489.75,482.7,485.6,5862.0,
2026-07-02,SRHHYPOLTD,487.0,492.05,483.0,485.0,4760.0,
2026-07-03,SRHHYPOLTD,488.6,498.0,488.6,492.2,6035.0,
2026-07-06,SRHHYPOLTD,495.9,512.15,495.9,503.5,9738.0,
2026-07-07,SRHHYPOLTD,507.4,524.0,507.4,510.85,31323.0,
2026-07-08,SRHHYPOLTD,503.2,513.65,487.7,491.4,8635.0,
2026-07-09,SRHHYPOLTD,482.0,499.95,482.0,494.8,5147.0,
2026-07-10,SRHHYPOLTD,495.8,502.85,494.0,496.1,3674.0,
2026-07-13,SRHHYPOLTD,495.8,499.0,494.15,495.5,4138.0,
2026-07-14,SRHHYPOLTD,496.0,498.9,490.4,492.0,2450.0,
2026-07-15,SRHHYPOLTD,492.0,495.5,484.05,488.6,4265.0,
2026-07-16,SRHHYPOLTD,492.2,496.9,490.0,491.75,3080.0,
2026-07-17,SRHHYPOLTD,491.65,497.9,486.15,490.95,2474.0,
2026-07-20,SRHHYPOLTD,485.25,492.0,483.0,486.05,4666.0,
2026-07-21,SRHHYPOLTD,489.8,494.9,484.6,488.8,5410.0,
2026-07-22,SRHHYPOLTD,488.6,491.85,484.15,484.6,1517.0,
2026-07-23,SRHHYPOLTD,487.4,490.95,480.0,482.0,2935.0,
2026-07-24,SRHHYPOLTD,480.0,482.1,475.1,477.85,4090.0,
2026-07-27,SRHHYPOLTD,481.4,497.6,481.4,487.1,2326.0,
2026-07-28,SRHHYPOLTD,490.8,493.9,480.2,483.0,4437.0,
2026-07-29,SRHHYPOLTD,483.2,496.75,480.0,481.45,3093.0,
2026-07-30,SRHHYPOLTD,475.5,487.9,475.5,486.5,1801.0,
2026-07-31,SRHHYPOLTD,487.65,491.0,482.2,484.4,1152.0,
2026-08-03,SRHHYPOLTD,484.0,502.5,484.0,494.1,5423.0,
2026-08-04,SRHHYPOLTD,494.05,494.05,483.1,486.7,7152.0,
2026-08-05,SRHHYPOLTD,489.8,495.2,485.6,488.15,3157.0,
2026-08-06,SRHHYPOLTD,493.5,518.2,493.5,512.65,22054.0,
2026-08-07,SRHHYPOLTD,515.0,521.0,508.0,517.45,16562.0,
2026-08-10,SRHHYPOLTD,505.0,521.9,493.1,498.35,9085.0,
2026-08-11,SRHHYPOLTD,499.55,507.9,486.1,500.95,13055.0,
2026-08-12,SRHHYPOLTD,511.0,511.0,493.0,502.0,21324.0,
2026-08-13,SRHHYPOLTD,501.9,505.65,489.2,494.1,10446.0,
2026-08-14,SRHHYPOLTD,498.1,505.3,496.1,496.55,8658.0,
2026-08-17,SRHHYPOLTD,500.2,500.2,492.6,496.05,8874.0,
2026-08-18,SRHHYPOLTD,496.05,498.6,486.0,487.15,8821.0,
2026-08-19,SRHHYPOLTD,489.8,490.7,477.1,479.2,7779.0,
2026-08-20,SRHHYPOLTD,479.15,485.45,471.5,473.2,10656.0,
2026-08-21,SRHHYPOLTD,473.0,479.7,471.55,473.15,11011.0,
2026-08-24,SRHHYPOLTD,476.6,483.3,472.9,476.9,9947.0,
2026-08-25,SRHHYPOLTD,480.0,480.4,470.05,471.9,7472.0,
2026-08-26,SRHHYPOLTD,475.4,482.9,470.05,470.95,15143.0,
2026-08-27,SRHHYPOLTD,474.4,482.85,466.0,468.75,17832.0,
2026-08-28,SRHHYPOLTD,472.8,480.45,468.05,473.95,7101.0,
2026-08-31,SRHHYPOLTD,474.0,504.6,474.0,501.55,39367.0,
2026-09-01,SRHHYPOLTD,506.7,506.75,490.85,494.45,11022.0,
2026-09-02,SRHHYPOLTD,494.3,500.0,489.8,498.2,7917.0,
2026-09-03,SRHHYPOLTD,501.2,513.0,496.1,508.9,22896.0,
2026-09-04,SRHHYPOLTD,512.95,542.0,507.1,531.05,49199.0,
2026-09-07,SRHHYPOLTD,535.5,542.25,530.0,531.6,13332.0,
2026-09-08,SRHHYPOLTD,525.1,540.0,525.1,527.9,13080.0,
2026-09-09,SRHHYPOLTD,528.0,537.5,527.05,531.9,14320.0,
2026-09-10,SRHHYPOLTD,533.3,534.55,514.0,517.1,18403.0,
2026-09-11,SRHHYPOLTD,524.4,528.1,518.5,523.8,18998.0,
2025-08-29,STEL,452.0,469.8,450.7,461.05,21815.0,
2025-09-01,STEL,469.7,507.15,462.95,496.15,61652.0,
2025-09-02,STEL,497.0,504.65,480.0,489.5,20539.0,
2025-09-03,STEL,500.0,501.25,485.0,488.6,10533.0,
2025-09-04,STEL,498.0,498.0,470.0,480.5,18080.0,
2025-09-05,STEL,494.0,496.05,453.65,469.1,23476.0,
2025-09-08,STEL,487.8,499.8,460.0,479.65,33015.0,
2025-09-09,STEL,488.6,498.0,476.0,496.15,13477.0,
2025-09-10,STEL,486.9,501.85,478.1,498.05,7856.0,
2025-09-11,STEL,495.1,530.0,494.35,512.95,36633.0,
2025-09-12,STEL,520.0,530.0,496.6,525.8,17125.0,
2025-09-15,STEL,525.0,527.9,515.8,520.6,43739.0,
2025-09-16,STEL,527.15,529.95,500.6,508.05,15945.0,
2025-09-17,STEL,502.0,517.0,484.0,491.7,8192.0,
2025-09-18,STEL,491.7,506.0,475.05,479.2,10018.0,
2025-09-19,STEL,488.0,488.0,466.6,473.55,6409.0,
2025-09-22,STEL,426.5,486.2,426.5,480.5,6151.0,
2025-09-23,STEL,482.1,482.4,472.8,478.0,2191.0,
2025-09-24,STEL,479.5,480.0,468.6,474.1,5289.0,
2025-09-25,STEL,475.45,475.45,458.0,461.75,2153.0,
2025-09-26,STEL,487.95,487.95,435.25,444.45,8419.0,
2025-09-29,STEL,442.45,448.8,430.05,435.05,4589.0,
2025-09-30,STEL,430.0,434.1,405.1,412.8,12022.0,
2025-10-01,STEL,431.0,444.0,418.65,439.75,6629.0,
2025-10-03,STEL,435.8,446.9,430.0,435.35,4827.0,
2025-10-06,STEL,435.5,445.95,424.7,427.2,8126.0,
2025-10-07,STEL,429.85,433.1,419.0,419.9,5832.0,
2025-10-08,STEL,430.0,430.0,406.0,408.4,5058.0,
2025-10-09,STEL,398.45,419.4,398.45,401.1,4604.0,
2025-10-10,STEL,405.25,411.1,380.0,392.75,16109.0,
2025-10-13,STEL,397.0,400.9,385.75,398.7,6656.0,
2025-10-14,STEL,399.55,402.55,388.05,390.3,6288.0,
2025-10-15,STEL,396.6,406.2,394.95,399.5,5814.0,
2025-10-16,STEL,405.0,429.9,402.15,412.8,11360.0,
2025-10-17,STEL,426.25,426.25,394.55,407.1,14307.0,
2025-10-20,STEL,413.45,426.95,408.0,415.8,7695.0,
2025-10-21,STEL,415.85,439.45,415.0,430.25,4041.0,
2025-10-23,STEL,439.0,439.0,415.0,419.9,5653.0,
2025-10-24,STEL,419.9,430.0,405.5,407.3,4438.0,
2025-10-27,STEL,407.1,420.9,406.95,416.5,4769.0,
2025-10-28,STEL,423.0,423.0,403.95,411.05,6736.0,
2025-10-29,STEL,411.9,412.15,407.0,408.95,1777.0,
2025-10-30,STEL,416.8,416.8,402.8,404.65,2863.0,
2025-10-31,STEL,408.0,422.7,408.0,412.35,8501.0,
2025-11-03,STEL,419.0,421.95,400.4,405.25,4338.0,
2025-11-04,STEL,405.0,410.85,393.0,404.7,3991.0,
2025-11-06,STEL,395.0,414.7,394.0,410.2,10928.0,
2025-11-07,STEL,416.45,423.6,407.05,421.65,6224.0,
2025-11-10,STEL,415.3,426.4,415.3,422.15,3418.0,
2025-11-11,STEL,423.75,433.9,418.75,431.45,10113.0,
2025-11-12,STEL,434.2,448.65,428.05,441.85,13166.0,
2025-11-13,STEL,446.25,455.0,434.85,447.35,12512.0,
2025-11-14,STEL,455.0,474.0,447.05,458.65,11139.0,
2025-11-17,STEL,463.25,466.0,453.0,454.85,5717.0,
2025-11-18,STEL,458.0,475.0,449.95,470.5,20889.0,
2025-11-19,STEL,479.65,492.0,464.55,485.9,13377.0,
2025-11-20,STEL,495.0,495.0,460.1,471.45,9547.0,
2025-11-21,STEL,471.45,493.5,469.4,487.3,10916.0,
2025-11-24,STEL,493.95,495.25,481.3,485.95,7966.0,
2025-11-25,STEL,483.3,503.4,478.3,498.8,10955.0,
2025-11-26,STEL,510.9,510.9,484.5,501.7,7064.0,
2025-11-27,STEL,492.0,598.0,492.0,507.3,71911.0,
2025-11-28,STEL,513.0,513.0,478.6,494.95,16439.0,
2025-12-01,STEL,509.0,524.15,497.35,516.3,24394.0,
2025-12-02,STEL,518.0,538.65,505.0,534.0,16187.0,
2025-12-03,STEL,536.7,549.0,534.0,542.6,13217.0,
2025-12-04,STEL,532.3,633.3,527.0,613.45,136255.0,
2025-12-05,STEL,608.9,620.0,540.0,547.4,60960.0,
2025-12-08,STEL,535.0,560.0,535.0,552.2,36529.0,
2025-12-09,STEL,552.2,553.0,533.0,549.9,13973.0,
2025-12-10,STEL,553.0,569.7,537.0,542.3,14504.0,
2025-12-11,STEL,542.3,542.3,512.35,522.1,7652.0,
2025-12-12,STEL,524.75,541.0,521.6,527.9,10973.0,
2025-12-15,STEL,533.2,541.95,514.5,538.05,12399.0,
2025-12-16,STEL,543.5,559.75,532.2,552.05,12224.0,
2025-12-17,STEL,566.9,589.4,556.0,560.3,45449.0,
2025-12-18,STEL,560.0,578.4,552.0,561.7,11467.0,
2025-12-19,STEL,561.3,566.8,536.05,544.55,11138.0,
2025-12-22,STEL,545.0,560.05,536.15,543.6,5418.0,
2025-12-23,STEL,542.25,546.55,520.2,527.35,5182.0,
2025-12-24,STEL,535.25,539.5,512.25,521.55,3766.0,
2025-12-26,STEL,519.0,527.0,503.4,513.6,6272.0,
2025-12-29,STEL,516.15,518.7,490.0,496.65,9184.0,
2025-12-30,STEL,481.65,521.0,481.65,513.75,10327.0,
2025-12-31,STEL,513.75,528.2,490.0,497.25,10556.0,
2026-01-01,STEL,497.4,504.95,490.2,494.4,2110.0,
2026-01-02,STEL,485.0,501.9,482.6,493.3,4185.0,
2026-01-05,STEL,490.85,499.45,475.0,484.6,6566.0,
2026-01-06,STEL,489.95,496.05,465.1,467.95,8128.0,
2026-01-07,STEL,478.05,509.5,468.1,498.95,5052.0,
2026-01-08,STEL,515.0,526.9,475.05,490.65,6635.0,
2026-01-09,STEL,479.0,493.1,471.0,471.3,2175.0,
2026-01-12,STEL,468.0,475.8,431.1,439.8,13265.0,
2026-01-13,STEL,448.8,454.2,430.0,434.35,3435.0,
2026-01-14,STEL,430.15,446.5,426.0,437.0,4705.0,
2026-01-16,STEL,429.45,452.0,429.45,447.55,3434.0,
2026-01-19,STEL,452.0,452.0,425.9,430.0,3013.0,
2026-01-20,STEL,428.15,428.15,388.0,398.75,6853.0,
2026-01-21,STEL,390.0,410.5,385.1,389.3,7379.0,
2026-01-22,STEL,399.4,443.9,394.0,435.55,11127.0,
2026-01-23,STEL,455.0,461.55,410.05,413.4,5421.0,
2026-01-27,STEL,403.3,430.0,403.3,414.6,3209.0,
2026-01-28,STEL,413.2,435.85,412.2,418.45,3409.0,
2026-01-29,STEL,438.0,499.15,437.95,479.2,307523.0,
2026-01-30,STEL,476.85,476.85,440.0,443.6,35764.0,
2026-02-02,STEL,422.75,422.8,394.45,414.75,21435.0,
2026-02-03,STEL,425.0,446.95,416.0,430.65,12913.0,
2026-02-04,STEL,425.6,497.9,425.6,467.45,129785.0,
2026-02-05,STEL,465.0,485.0,451.05,475.8,17479.0,
2026-02-06,STEL,474.0,497.0,461.0,484.4,10743.0,
2026-02-09,STEL,484.4,497.45,468.0,476.3,9932.0,
2026-02-10,STEL,481.6,494.95,481.15,486.85,4147.0,
2026-02-11,STEL,486.85,501.2,483.3,487.2,4196.0,
2026-02-12,STEL,489.65,500.95,477.05,479.05,3716.0,
2026-02-13,STEL,480.05,487.5,470.15,480.7,4619.0,
2026-02-16,STEL,479.65,481.7,458.05,470.4,8219.0,
2026-02-17,STEL,480.0,494.95,470.0,483.85,9553.0,
2026-02-18,STEL,494.0,494.0,470.35,477.4,3558.0,
2026-02-19,STEL,486.1,488.25,475.0,475.05,3804.0,
2026-02-20,STEL,474.0,488.95,464.1,485.85,5783.0,
2026-02-23,STEL,472.7,485.95,472.65,478.8,1447.0,
2026-02-24,STEL,471.6,493.05,471.6,488.45,4547.0,
2026-02-25,STEL,494.0,494.0,478.65,489.5,5720.0,
2026-02-26,STEL,501.0,509.9,481.65,505.0,7498.0,
2026-02-27,STEL,519.9,519.9,493.0,493.95,1882.0,
2026-03-02,STEL,427.1,530.0,427.1,510.2,19384.0,
2026-03-04,STEL,518.0,522.0,497.0,517.1,12409.0,
2026-03-05,STEL,529.9,531.0,509.9,526.7,10251.0,
2026-03-06,STEL,518.8,532.9,512.3,524.65,15601.0,
2026-03-09,STEL,538.7,541.4,490.0,511.25,14203.0,
2026-03-10,STEL,498.05,529.45,493.1,501.85,29197.0,
2026-03-11,STEL,514.95,514.95,462.35,478.8,7426.0,
2026-03-12,STEL,474.1,487.8,470.05,484.3,4229.0,
2026-03-13,STEL,477.0,486.15,463.05,468.1,2472.0,
2026-03-16,STEL,474.4,474.4,444.0,447.75,2845.0,
2026-03-17,STEL,452.7,479.45,450.05,463.45,1808.0,
2026-03-18,STEL,463.75,474.9,456.6,460.3,1755.0,
2026-03-19,STEL,456.65,456.65,438.25,443.05,4500.0,
2026-03-20,STEL,453.45,456.45,445.95,448.85,1678.0,
2026-03-23,STEL,448.85,448.85,423.0,426.25,3181.0,
2026-03-24,STEL,448.95,449.0,424.5,432.45,1649.0,
2026-03-25,STEL,441.75,448.95,437.45,441.5,2910.0,
2026-03-27,STEL,449.95,455.95,425.0,428.85,3869.0,
2026-03-30,STEL,424.0,431.0,415.7,422.4,5087.0,
2026-04-01,STEL,418.0,446.15,417.95,432.8,3440.0,
2026-04-02,STEL,432.05,444.9,432.05,441.75,2757.0,
2026-04-06,STEL,425.0,459.9,425.0,449.7,4120.0,
2026-04-07,STEL,452.6,498.0,451.9,477.55,17521.0,
2026-04-08,STEL,495.8,497.0,480.0,486.95,11884.0,
2026-04-09,STEL,490.0,493.0,470.45,475.65,7303.0,
2026-04-10,STEL,476.05,491.0,461.05,467.2,12884.0,
2026-04-13,STEL,464.75,473.0,450.2,469.15,9948.0,
2026-04-15,STEL,489.0,489.0,472.3,477.65,7488.0,
2026-04-16,STEL,480.5,489.5,472.15,479.0,4021.0,
2026-04-17,STEL,472.0,493.0,472.0,483.15,9101.0,
2026-04-20,STEL,489.0,489.0,462.0,470.2,3917.0,
2026-04-21,STEL,474.7,475.9,465.05,470.2,4682.0,
2026-04-22,STEL,465.5,482.0,463.1,470.65,11171.0,
2026-04-23,STEL,463.6,477.65,463.6,468.65,2653.0,
2026-04-24,STEL,468.0,474.7,455.05,461.4,3674.0,
2026-04-27,STEL,465.05,471.9,450.0,454.05,6915.0,
2026-04-28,STEL,460.55,461.95,442.1,445.7,2822.0,
2026-04-29,STEL,455.05,498.1,452.0,477.4,22336.0,
2026-04-30,STEL,484.9,484.9,460.0,467.3,5150.0,
2026-05-04,STEL,473.9,478.95,458.05,461.4,7007.0,
2026-05-05,STEL,453.15,473.8,453.15,461.0,5643.0,
2026-05-06,STEL,477.0,477.0,460.5,468.7,6655.0,
2026-05-07,STEL,467.0,498.05,467.0,491.85,11242.0,
2026-05-08,STEL,497.0,498.95,486.1,490.05,9211.0,
2026-05-11,STEL,496.9,496.9,474.9,477.4,11143.0,
2026-05-12,STEL,481.05,487.0,455.5,460.5,4614.0,
2026-05-13,STEL,470.05,472.6,456.05,462.6,8187.0,
2026-05-14,STEL,467.0,467.0,453.0,454.9,3475.0,
2026-05-15,STEL,447.75,463.15,447.75,456.15,4227.0,
2026-05-18,STEL,470.05,470.05,438.1,444.2,2298.0,
2026-05-19,STEL,440.4,455.6,437.65,438.7,6193.0,
2026-05-20,STEL,448.0,448.0,430.0,438.75,2769.0,
2026-05-21,STEL,448.0,455.85,446.95,453.5,3514.0,
2026-05-22,STEL,442.0,453.0,442.0,443.8,1332.0,
2026-05-25,STEL,446.05,485.0,446.05,468.1,9645.0,
2026-05-26,STEL,455.3,469.95,454.5,457.5,2807.0,
2026-05-27,STEL,457.5,472.45,451.0,456.05,2740.0,
2026-05-29,STEL,451.0,453.0,435.6,441.95,8266.0,
2026-06-01,STEL,430.0,446.7,430.0,441.6,1975.0,
2026-06-02,STEL,444.95,500.0,444.95,485.4,94320.0,
2026-06-03,STEL,495.5,495.9,484.05,490.45,7467.0,
2026-06-04,STEL,500.0,502.55,488.1,497.75,8174.0,
2026-06-05,STEL,499.9,506.0,494.6,502.9,8494.0,
2026-06-08,STEL,500.0,513.9,494.5,506.75,7710.0,
2026-06-09,STEL,501.45,544.9,501.45,524.85,20755.0,
2026-06-10,STEL,529.8,540.0,521.1,533.75,11612.0,
2026-06-11,STEL,535.85,550.0,521.1,543.8,17400.0,
2026-06-12,STEL,548.05,559.85,546.9,554.1,6695.0,
2026-06-15,STEL,561.8,629.0,554.0,616.6,83001.0,
2026-06-16,STEL,630.0,657.3,607.2,621.4,51824.0,
2026-06-17,STEL,629.4,650.0,575.0,582.6,41521.0,
2026-06-18,STEL,589.0,609.0,571.55,600.9,25113.0,
2026-06-19,STEL,596.25,600.8,575.1,598.05,12971.0,
2026-06-22,STEL,609.0,634.55,605.0,615.55,28110.0,
2026-06-23,STEL,615.05,633.0,591.0,606.55,21941.0,
2026-06-24,STEL,609.0,628.5,597.6,611.25,28229.0,
2026-06-25,STEL,621.0,621.0,595.2,597.6,16536.0,
2026-06-29,STEL,597.0,597.0,570.4,572.65,3843.0,
2026-06-30,STEL,584.35,589.95,570.05,572.1,4395.0,
2026-07-01,STEL,580.0,598.7,571.0,587.6,8196.0,
2026-07-02,STEL,587.0,592.35,561.0,572.9,5046.0,
2026-07-03,STEL,576.1,576.2,562.1,567.6,3014.0,
2026-07-06,STEL,576.05,576.05,557.2,565.15,1615.0,
2026-07-07,STEL,559.0,575.45,538.1,543.85,5035.0,
2026-07-08,STEL,544.9,587.95,535.4,540.6,7449.0,
2026-07-09,STEL,550.75,570.5,546.85,563.9,2346.0,
2026-07-10,STEL,566.8,573.1,556.05,562.9,2231.0,
2026-07-13,STEL,560.1,569.95,541.45,553.95,3282.0,
2026-07-14,STEL,570.0,570.0,555.0,555.85,880.0,
2026-07-15,STEL,561.0,564.9,555.0,558.45,959.0,
2026-07-16,STEL,556.0,570.45,555.0,557.7,1677.0,
2026-07-17,STEL,553.3,565.7,531.05,555.5,1463.0,
2026-07-20,STEL,555.2,556.95,540.05,552.7,3708.0,
2026-07-21,STEL,555.45,562.95,550.1,553.4,1620.0,
2026-07-22,STEL,566.95,567.0,540.0,541.75,4277.0,
2026-07-23,STEL,535.0,556.0,520.05,547.45,2686.0,
2026-07-24,STEL,547.7,559.95,532.8,555.55,1765.0,
2026-07-27,STEL,555.3,565.1,546.95,558.6,2644.0,
2026-07-28,STEL,564.6,565.0,550.05,553.4,1982.0,
2026-07-29,STEL,560.0,561.9,550.0,551.25,1761.0,
2026-07-30,STEL,540.1,565.7,540.1,560.05,6617.0,
2026-07-31,STEL,579.9,580.25,567.2,574.85,2844.0,
2026-08-03,STEL,580.0,580.0,562.35,565.75,1833.0,
2026-08-04,STEL,557.3,579.2,557.3,561.9,1766.0,
2026-08-05,STEL,563.45,566.95,555.3,559.05,508.0,
2026-08-06,STEL,558.25,571.1,553.15,564.1,2419.0,
2026-08-07,STEL,566.5,566.5,551.3,552.95,1219.0,
2026-08-10,STEL,546.05,556.2,531.1,535.55,2532.0,
2026-08-11,STEL,530.0,542.05,525.3,534.65,2884.0,
2026-08-12,STEL,543.0,544.7,534.0,538.95,1726.0,
2026-08-13,STEL,538.0,565.95,535.55,560.4,3048.0,
2026-08-14,STEL,566.0,584.0,557.9,581.2,5622.0,
2026-08-17,STEL,583.9,593.0,569.9,591.4,4701.0,
2026-08-18,STEL,591.4,595.0,570.0,586.1,6585.0,
2026-08-19,STEL,575.0,592.45,575.0,581.0,3435.0,
2026-08-20,STEL,591.1,591.1,581.5,584.35,2076.0,
2026-08-21,STEL,587.25,618.0,580.15,611.05,8849.0,
2026-08-24,STEL,618.9,625.2,600.0,617.6,15077.0,
2026-08-25,STEL,625.0,625.0,605.05,613.4,1636.0,
2026-08-26,STEL,622.6,628.85,603.65,619.7,5671.0,
2026-08-27,STEL,625.0,631.95,608.4,622.6,4721.0,
2026-08-28,STEL,622.85,645.0,617.75,636.9,5706.0,
2026-08-31,STEL,636.9,689.95,628.1,661.2,19646.0,
2026-09-01,STEL,650.0,680.0,620.1,623.1,8483.0,
2026-09-02,STEL,631.55,631.55,598.0,601.45,2919.0,
2026-09-03,STEL,629.9,629.9,602.3,606.95,1610.0,
2026-09-04,STEL,615.05,616.0,598.2,607.9,3953.0,
2026-09-07,STEL,590.0,609.95,590.0,596.7,3622.0,
2026-09-08,STEL,615.1,615.1,597.2,601.4,2050.0,
2026-09-09,STEL,605.15,607.6,577.6,590.0,4063.0,
2026-09-10,STEL,579.2,603.75,579.2,590.2,4036.0,
2026-09-11,STEL,604.0,620.6,589.0,611.1,4670.0,
2025-08-29,TAINWALCHM,219.0,221.0,210.6,215.7,14960.0,
2025-09-01,TAINWALCHM,215.99,216.27,210.01,211.89,8670.0,
2025-09-02,TAINWALCHM,211.89,215.59,206.45,208.93,7504.0,
2025-09-03,TAINWALCHM,211.62,214.95,209.41,212.61,15895.0,
2025-09-04,TAINWALCHM,213.19,215.69,207.03,208.0,13762.0,
2025-09-05,TAINWALCHM,211.95,215.69,207.29,208.68,14033.0,
2025-09-08,TAINWALCHM,207.66,213.21,207.66,211.46,3052.0,
2025-09-09,TAINWALCHM,212.21,214.82,210.5,210.7,3151.0,
2025-09-10,TAINWALCHM,212.61,218.97,210.99,213.75,5072.0,
2025-09-11,TAINWALCHM,216.01,216.01,211.1,211.86,1771.0,
2025-09-12,TAINWALCHM,215.01,215.51,210.83,211.64,4320.0,
2025-09-15,TAINWALCHM,213.69,219.0,212.0,215.31,3884.0,
2025-09-16,TAINWALCHM,215.62,219.0,210.35,216.79,8090.0,
2025-09-17,TAINWALCHM,217.84,217.99,215.0,216.44,5389.0,
2025-09-18,TAINWALCHM,215.8,217.94,215.0,215.54,2063.0,
2025-09-19,TAINWALCHM,216.54,216.76,211.5,213.29,5331.0,
2025-09-22,TAINWALCHM,216.0,219.99,213.44,217.1,8655.0,
2025-09-23,TAINWALCHM,214.05,220.7,214.05,214.99,2597.0,
2025-09-24,TAINWALCHM,214.95,219.9,213.0,215.64,15898.0,
2025-09-25,TAINWALCHM,217.99,217.99,210.3,211.0,3723.0,
2025-09-26,TAINWALCHM,213.86,215.45,209.0,210.63,5414.0,
2025-09-29,TAINWALCHM,210.63,213.61,206.55,209.03,2481.0,
2025-09-30,TAINWALCHM,205.25,210.7,205.25,208.65,4068.0,
2025-10-01,TAINWALCHM,214.34,214.34,206.37,212.57,1784.0,
2025-10-03,TAINWALCHM,210.76,218.37,210.2,212.33,4106.0,
2025-10-06,TAINWALCHM,212.33,215.9,206.1,207.36,4763.0,
2025-10-07,TAINWALCHM,213.8,213.8,205.0,206.37,6573.0,
2025-10-08,TAINWALCHM,207.0,209.0,200.2,203.17,3916.0,
2025-10-09,TAINWALCHM,207.75,208.0,203.0,205.85,899.0,
2025-10-10,TAINWALCHM,209.0,209.0,205.0,207.29,1348.0,
2025-10-13,TAINWALCHM,207.29,209.01,202.79,203.88,2269.0,
2025-10-14,TAINWALCHM,202.25,209.15,201.06,202.82,871.0,
2025-10-15,TAINWALCHM,202.83,206.94,200.35,203.03,3947.0,
2025-10-16,TAINWALCHM,207.5,207.5,204.0,206.39,2633.0,
2025-10-17,TAINWALCHM,204.16,208.0,200.75,201.62,2315.0,
2025-10-20,TAINWALCHM,201.05,206.61,201.05,204.56,2032.0,
2025-10-21,TAINWALCHM,204.57,209.49,203.54,204.96,693.0,
2025-10-23,TAINWALCHM,202.25,208.8,199.5,200.72,9895.0,
2025-10-24,TAINWALCHM,206.1,207.0,201.05,204.45,1032.0,
2025-10-27,TAINWALCHM,207.65,207.65,201.0,202.24,2797.0,
2025-10-28,TAINWALCHM,202.25,204.84,200.03,200.95,3474.0,
2025-10-29,TAINWALCHM,205.0,205.0,200.0,200.74,2650.0,
2025-10-30,TAINWALCHM,203.99,204.99,200.03,201.99,3032.0,
2025-10-31,TAINWALCHM,201.99,204.79,200.0,201.5,2567.0,
2025-11-03,TAINWALCHM,200.5,203.0,200.05,200.76,1387.0,
2025-11-04,TAINWALCHM,200.76,202.5,200.0,200.1,1397.0,
2025-11-06,TAINWALCHM,205.0,207.74,199.5,199.86,7142.0,
2025-11-07,TAINWALCHM,203.0,203.0,199.7,199.91,954.0,
2025-11-10,TAINWALCHM,202.0,202.0,199.91,200.94,3696.0,
2025-11-11,TAINWALCHM,200.0,201.0,195.0,196.17,4050.0,
2025-11-12,TAINWALCHM,196.2,201.0,193.65,200.95,11805.0,
2025-11-13,TAINWALCHM,200.94,201.05,195.0,197.06,4129.0,
2025-11-14,TAINWALCHM,200.0,200.0,195.0,197.74,3876.0,
2025-11-17,TAINWALCHM,198.99,198.99,190.35,196.97,5738.0,
2025-11-18,TAINWALCHM,193.5,196.98,192.0,195.3,1144.0,
2025-11-19,TAINWALCHM,193.7,201.0,193.7,198.19,16278.0,
2025-11-20,TAINWALCHM,196.02,198.99,196.0,196.16,1020.0,
2025-11-21,TAINWALCHM,199.89,199.99,195.0,197.86,1564.0,
2025-11-24,TAINWALCHM,197.86,197.86,193.0,194.62,741.0,
2025-11-25,TAINWALCHM,194.62,194.62,192.55,192.73,536.0,
2025-11-26,TAINWALCHM,192.73,199.0,192.08,195.57,2612.0,
2025-11-27,TAINWALCHM,195.6,195.6,192.0,194.0,2061.0,
2025-11-28,TAINWALCHM,194.01,195.0,190.37,194.8,2799.0,
2025-12-01,TAINWALCHM,194.98,194.98,185.0,185.7,4800.0,
2025-12-02,TAINWALCHM,186.62,186.93,180.6,181.29,4818.0,
2025-12-03,TAINWALCHM,181.3,185.88,178.35,181.29,2819.0,
2025-12-04,TAINWALCHM,181.0,183.0,175.37,179.42,1760.0,
2025-12-05,TAINWALCHM,179.59,182.0,168.0,169.61,5188.0,
2025-12-08,TAINWALCHM,170.09,172.99,161.08,164.79,6384.0,
2025-12-09,TAINWALCHM,160.5,165.99,160.5,161.16,3848.0,
2025-12-10,TAINWALCHM,158.07,164.99,158.07,160.11,1081.0,
2025-12-11,TAINWALCHM,160.11,160.12,158.0,158.19,1411.0,
2025-12-12,TAINWALCHM,158.25,160.0,155.0,159.92,9042.0,
2025-12-15,TAINWALCHM,159.99,191.9,159.99,191.9,41495.0,
2025-12-16,TAINWALCHM,220.01,230.28,210.63,213.66,579173.0,
2025-12-17,TAINWALCHM,212.0,212.0,196.36,199.26,41067.0,
2025-12-18,TAINWALCHM,199.9,199.9,187.43,191.53,19962.0,
2025-12-19,TAINWALCHM,193.99,193.99,179.0,182.55,21374.0,
2025-12-22,TAINWALCHM,187.12,218.55,183.5,205.57,107919.0,
2025-12-23,TAINWALCHM,211.0,211.7,197.99,201.09,20837.0,
2025-12-24,TAINWALCHM,202.0,207.5,195.27,200.1,11255.0,
2025-12-26,TAINWALCHM,203.07,205.0,198.0,200.52,4462.0,
2025-12-29,TAINWALCHM,200.52,201.99,192.25,195.64,3525.0,
2025-12-30,TAINWALCHM,198.49,198.49,191.73,194.56,1766.0,
2025-12-31,TAINWALCHM,194.41,197.9,192.12,192.99,3193.0,
2026-01-01,TAINWALCHM,193.0,199.5,192.0,195.5,1190.0,
2026-01-02,TAINWALCHM,199.0,199.0,190.5,193.33,2941.0,
2026-01-05,TAINWALCHM,197.7,197.7,186.35,189.29,6531.0,
2026-01-06,TAINWALCHM,189.29,192.78,187.0,187.47,2798.0,
2026-01-07,TAINWALCHM,183.21,193.46,183.21,189.5,2613.0,
2026-01-08,TAINWALCHM,191.01,191.5,183.0,184.77,4022.0,
2026-01-09,TAINWALCHM,185.0,190.0,181.0,181.59,6644.0,
2026-01-12,TAINWALCHM,181.59,183.86,178.1,182.43,2967.0,
2026-01-13,TAINWALCHM,182.18,182.9,177.51,180.05,2181.0,
2026-01-14,TAINWALCHM,175.08,189.98,172.5,181.5,18170.0,
2026-01-16,TAINWALCHM,181.99,187.89,181.22,183.48,2287.0,
2026-01-19,TAINWALCHM,184.39,184.39,174.15,176.54,4950.0,
2026-01-20,TAINWALCHM,174.25,177.99,171.0,171.77,2482.0,
2026-01-21,TAINWALCHM,172.01,173.97,165.0,170.29,5644.0,
2026-01-22,TAINWALCHM,170.01,180.5,167.0,170.31,3026.0,
2026-01-23,TAINWALCHM,176.5,176.5,166.2,171.14,3059.0,
2026-01-27,TAINWALCHM,170.29,178.79,165.5,168.01,1964.0,
2026-01-28,TAINWALCHM,168.01,176.29,166.0,172.31,4985.0,
2026-01-29,TAINWALCHM,174.0,183.99,169.02,183.55,15235.0,
2026-01-30,TAINWALCHM,181.0,184.47,178.0,180.39,2887.0,
2026-02-02,TAINWALCHM,176.38,176.38,168.18,170.22,1917.0,
2026-02-03,TAINWALCHM,172.51,182.54,171.55,173.12,2993.0,
2026-02-04,TAINWALCHM,179.7,181.99,171.37,174.27,10889.0,
2026-02-05,TAINWALCHM,177.0,177.4,170.0,171.5,1688.0,
2026-02-06,TAINWALCHM,170.33,174.4,168.31,169.83,651.0,
2026-02-09,TAINWALCHM,173.66,203.79,171.5,203.79,168420.0,
2026-02-10,TAINWALCHM,208.0,208.8,184.1,186.21,72922.0,
2026-02-11,TAINWALCHM,188.0,192.8,182.15,184.39,14415.0,
2026-02-12,TAINWALCHM,187.25,190.0,181.25,182.62,18412.0,
2026-02-13,TAINWALCHM,182.99,187.0,177.25,179.39,7590.0,
2026-02-16,TAINWALCHM,179.9,186.9,175.94,183.75,5218.0,
2026-02-17,TAINWALCHM,182.0,187.8,182.0,183.32,2294.0,
2026-02-18,TAINWALCHM,186.99,188.5,180.0,183.68,8205.0,
2026-02-19,TAINWALCHM,181.7,186.0,181.55,182.8,1803.0,
2026-02-20,TAINWALCHM,185.5,191.0,183.07,186.42,10478.0,
2026-02-23,TAINWALCHM,189.9,194.7,184.0,189.42,8602.0,
2026-02-24,TAINWALCHM,190.36,193.45,185.01,190.08,6246.0,
2026-02-25,TAINWALCHM,190.0,198.0,186.0,193.92,8733.0,
2026-02-26,TAINWALCHM,199.0,207.0,194.05,205.54,23887.0,
2026-02-27,TAINWALCHM,203.0,218.23,202.01,209.18,23232.0,
2026-03-02,TAINWALCHM,207.9,207.9,186.66,191.83,11242.0,
2026-03-04,TAINWALCHM,183.15,218.0,181.01,199.63,22151.0,
2026-03-05,TAINWALCHM,204.9,208.79,202.2,203.29,4725.0,
2026-03-06,TAINWALCHM,200.2,205.48,199.99,202.05,1643.0,
2026-03-09,TAINWALCHM,201.5,201.5,191.2,191.58,2253.0,
2026-03-10,TAINWALCHM,191.1,205.0,191.1,203.43,5797.0,
2026-03-11,TAINWALCHM,203.43,204.95,197.01,199.12,1911.0,
2026-03-12,TAINWALCHM,197.19,200.36,192.0,197.55,1451.0,
2026-03-13,TAINWALCHM,198.54,199.85,191.57,193.54,7523.0,
2026-03-16,TAINWALCHM,196.4,196.4,181.58,184.59,3714.0,
2026-03-17,TAINWALCHM,184.99,188.65,182.1,183.79,1497.0,
2026-03-18,TAINWALCHM,185.0,192.05,183.1,185.43,2468.0,
2026-03-19,TAINWALCHM,184.51,185.5,180.11,182.47,4034.0,
2026-03-20,TAINWALCHM,182.75,187.67,180.4,181.4,2802.0,
2026-03-23,TAINWALCHM,182.0,182.01,174.25,174.57,3137.0,
2026-03-24,TAINWALCHM,182.82,184.0,174.25,175.63,3615.0,
2026-03-25,TAINWALCHM,183.38,185.79,176.72,179.21,5215.0,
2026-03-27,TAINWALCHM,178.0,182.94,166.1,170.42,10248.0,
2026-03-30,TAINWALCHM,167.05,175.98,162.05,169.13,6476.0,
2026-04-01,TAINWALCHM,169.64,179.0,169.64,178.55,4626.0,
2026-04-02,TAINWALCHM,175.51,178.49,171.0,175.33,3003.0,
2026-04-06,TAINWALCHM,175.33,182.01,175.0,178.69,2386.0,
2026-04-07,TAINWALCHM,183.82,183.83,177.48,179.14,1366.0,
2026-04-08,TAINWALCHM,183.0,186.0,180.31,183.35,935.0,
2026-04-09,TAINWALCHM,183.01,184.77,177.0,183.96,3170.0,
2026-04-10,TAINWALCHM,188.99,190.0,185.52,189.31,2873.0,
2026-04-13,TAINWALCHM,188.39,189.99,183.0,187.15,1222.0,
2026-04-15,TAINWALCHM,192.49,204.5,191.0,203.44,6551.0,
2026-04-16,TAINWALCHM,203.44,208.0,197.5,206.45,8332.0,
2026-04-17,TAINWALCHM,207.99,207.99,196.57,200.76,3746.0,
2026-04-20,TAINWALCHM,200.76,203.39,198.91,201.0,2216.0,
2026-04-21,TAINWALCHM,202.79,204.0,195.0,199.41,5093.0,
2026-04-22,TAINWALCHM,196.85,211.48,196.85,206.98,11107.0,
2026-04-23,TAINWALCHM,202.01,209.39,198.0,199.77,3406.0,
2026-04-24,TAINWALCHM,206.0,206.0,197.0,197.69,2398.0,
2026-04-27,TAINWALCHM,196.89,209.7,196.89,208.86,8668.0,
2026-04-28,TAINWALCHM,208.01,210.0,203.7,209.27,11756.0,
2026-04-29,TAINWALCHM,206.79,210.01,203.25,207.94,1971.0,
2026-04-30,TAINWALCHM,207.94,207.94,200.13,201.47,690.0,
2026-05-04,TAINWALCHM,207.69,207.69,201.47,205.04,431.0,
2026-05-05,TAINWALCHM,205.05,210.0,200.37,204.22,840.0,
2026-05-06,TAINWALCHM,206.0,214.4,204.0,208.1,9058.0,
2026-05-07,TAINWALCHM,210.0,210.0,202.2,205.69,917.0,
2026-05-08,TAINWALCHM,205.0,218.65,205.0,206.46,4307.0,
2026-05-11,TAINWALCHM,208.9,211.5,203.13,206.23,933.0,
2026-05-12,TAINWALCHM,205.2,208.6,200.88,200.99,2439.0,
2026-05-13,TAINWALCHM,201.11,208.37,201.05,205.16,1017.0,
2026-05-14,TAINWALCHM,205.0,205.5,200.37,203.25,1469.0,
2026-05-15,TAINWALCHM,201.25,206.0,199.01,201.67,604.0,
2026-05-18,TAINWALCHM,201.5,209.2,200.0,207.81,5176.0,
2026-05-19,TAINWALCHM,207.81,213.4,203.5,207.62,2197.0,
2026-05-20,TAINWALCHM,207.0,210.0,202.0,204.44,2476.0,
2026-05-21,TAINWALCHM,200.88,204.96,196.37,199.35,14703.0,
2026-05-22,TAINWALCHM,198.3,199.48,195.1,195.73,3917.0,
2026-05-25,TAINWALCHM,202.4,202.4,195.55,199.94,1412.0,
2026-05-26,TAINWALCHM,199.98,203.0,196.05,201.33,1764.0,
2026-05-27,TAINWALCHM,196.0,212.0,196.0,206.15,5018.0,
2026-05-29,TAINWALCHM,206.16,207.85,196.0,197.75,12567.0,
2026-06-01,TAINWALCHM,204.9,204.9,196.05,196.47,1645.0,
2026-06-02,TAINWALCHM,196.48,198.98,191.57,196.07,1001.0,
2026-06-03,TAINWALCHM,191.15,201.91,186.61,192.94,2815.0,
2026-06-04,TAINWALCHM,194.88,199.9,193.21,196.59,414.0,
2026-06-05,TAINWALCHM,195.08,200.01,195.0,199.96,2303.0,
2026-06-08,TAINWALCHM,199.0,200.0,192.01,193.13,4958.0,
2026-06-09,TAINWALCHM,198.88,198.88,193.14,198.4,278.0,
2026-06-10,TAINWALCHM,199.9,200.0,195.75,195.75,1077.0,
2026-06-11,TAINWALCHM,198.99,199.0,195.0,198.94,3187.0,
2026-06-12,TAINWALCHM,200.0,202.0,192.15,201.05,6328.0,
2026-06-15,TAINWALCHM,205.0,205.0,196.01,198.16,2781.0,
2026-06-16,TAINWALCHM,203.0,206.59,198.01,204.64,4883.0,
2026-06-17,TAINWALCHM,205.0,208.7,200.0,202.01,5271.0,
2026-06-18,TAINWALCHM,204.0,208.0,198.0,198.24,6413.0,
2026-06-19,TAINWALCHM,200.0,204.67,198.3,201.22,602.0,
2026-06-22,TAINWALCHM,200.22,204.38,197.3,199.81,3352.0,
2026-06-23,TAINWALCHM,201.0,203.5,199.5,199.54,678.0,
2026-06-24,TAINWALCHM,198.0,201.97,197.1,197.1,1170.0,
2026-06-25,TAINWALCHM,200.0,204.0,196.15,197.89,2464.0,
2026-06-29,TAINWALCHM,198.99,198.99,195.03,195.2,437.0,
2026-06-30,TAINWALCHM,195.31,205.0,194.0,203.19,4417.0,
2026-07-01,TAINWALCHM,203.2,203.9,198.0,202.35,4246.0,
2026-07-02,TAINWALCHM,201.0,203.0,198.4,202.26,22.0,
2026-07-03,TAINWALCHM,202.0,202.0,197.21,198.68,616.0,
2026-07-06,TAINWALCHM,198.68,202.0,197.5,197.63,2911.0,
2026-07-07,TAINWALCHM,197.52,204.0,195.3,196.36,3169.0,
2026-07-08,TAINWALCHM,197.27,202.49,196.25,196.25,1015.0,
2026-07-09,TAINWALCHM,196.25,196.3,196.25,196.3,40.0,
2026-07-10,TAINWALCHM,195.32,201.99,192.26,193.34,11473.0,
2026-07-13,TAINWALCHM,196.2,232.0,196.2,232.0,134714.0,
2026-07-14,TAINWALCHM,243.98,257.0,220.8,225.99,234075.0,
2026-07-15,TAINWALCHM,226.0,227.4,211.5,216.54,33478.0,
2026-07-16,TAINWALCHM,216.54,231.45,214.8,220.15,33376.0,
2026-07-17,TAINWALCHM,216.1,221.98,213.2,215.64,11013.0,
2026-07-20,TAINWALCHM,220.0,224.77,210.2,211.81,14311.0,
2026-07-21,TAINWALCHM,215.0,215.0,205.0,207.65,5884.0,
2026-07-22,TAINWALCHM,211.9,211.9,201.61,203.11,7356.0,
2026-07-23,TAINWALCHM,204.12,208.0,201.0,202.92,2113.0,
2026-07-24,TAINWALCHM,197.52,205.0,197.52,201.87,2745.0,
2026-07-27,TAINWALCHM,203.21,208.67,203.0,204.11,1581.0,
2026-07-28,TAINWALCHM,206.8,207.98,196.37,199.81,4556.0,
2026-07-29,TAINWALCHM,203.6,203.6,194.99,196.2,4382.0,
2026-07-30,TAINWALCHM,196.2,202.51,196.2,199.79,2993.0,
2026-07-31,TAINWALCHM,199.16,201.26,196.05,197.14,1173.0,
2026-08-03,TAINWALCHM,195.01,217.8,195.01,206.82,20128.0,
2026-08-04,TAINWALCHM,210.49,212.5,203.15,207.41,1306.0,
2026-08-05,TAINWALCHM,210.0,225.0,205.0,220.58,13458.0,
2026-08-06,TAINWALCHM,219.49,219.5,205.0,206.16,13856.0,
2026-08-07,TAINWALCHM,207.0,209.96,205.0,207.5,4292.0,
2026-08-10,TAINWALCHM,207.0,207.06,202.42,203.27,3919.0,
2026-08-11,TAINWALCHM,201.0,204.9,201.0,203.21,3689.0,
2026-08-12,TAINWALCHM,201.05,207.0,199.0,203.94,4404.0,
2026-08-13,TAINWALCHM,206.99,206.99,201.02,203.28,2049.0,
2026-08-14,TAINWALCHM,202.95,212.76,202.94,205.78,11171.0,
2026-08-17,TAINWALCHM,209.5,211.0,203.98,208.5,10670.0,
2026-08-18,TAINWALCHM,210.58,217.18,207.2,214.72,5834.0,
2026-08-19,TAINWALCHM,214.72,221.45,210.0,218.22,6970.0,
2026-08-20,TAINWALCHM,222.1,238.9,212.3,223.76,64173.0,
2026-08-21,TAINWALCHM,226.4,232.8,212.65,216.67,5263.0,
2026-08-24,TAINWALCHM,216.67,220.9,214.0,218.11,4985.0,
2026-08-25,TAINWALCHM,220.0,220.0,211.0,212.6,3701.0,
2026-08-26,TAINWALCHM,219.0,219.0,211.64,216.7,1618.0,
2026-08-27,TAINWALCHM,212.06,216.83,211.02,212.68,2869.0,
2026-08-28,TAINWALCHM,212.68,215.9,210.0,213.0,2176.0,
2026-08-31,TAINWALCHM,215.7,215.7,209.0,209.94,914.0,
2026-09-01,TAINWALCHM,209.15,214.0,205.15,207.76,2735.0,
2026-09-02,TAINWALCHM,210.04,212.5,206.1,207.48,2536.0,
2026-09-03,TAINWALCHM,208.0,210.0,207.25,207.63,653.0,
2026-09-04,TAINWALCHM,207.63,215.5,207.6,213.71,1124.0,
2026-09-07,TAINWALCHM,216.83,216.83,206.35,208.48,4163.0,
2026-09-08,TAINWALCHM,207.44,218.0,207.44,212.34,2390.0,
2026-09-09,TAINWALCHM,212.34,216.0,209.0,209.11,2674.0,
2026-09-10,TAINWALCHM,209.0,213.5,207.0,210.02,3826.0,
2026-09-11,TAINWALCHM,212.0,212.0,207.01,207.79,258.0,
2025-08-29,THANGAMAYL,2241.1,2283.6,2155.1,2255.4,112086.0,
2025-09-01,THANGAMAYL,2255.0,2289.0,2235.0,2242.2,41845.0,
2025-09-02,THANGAMAYL,2240.0,2283.9,2229.8,2258.5,33857.0,
2025-09-03,THANGAMAYL,2278.0,2287.0,2185.0,2229.7,56813.0,
2025-09-04,THANGAMAYL,2230.0,2230.0,2181.5,2192.1,24338.0,
2025-09-05,THANGAMAYL,2190.1,2218.9,2171.9,2195.9,17714.0,
2025-09-08,THANGAMAYL,2206.0,2226.3,2164.1,2181.6,27021.0,
2025-09-09,THANGAMAYL,2182.0,2238.4,2176.0,2225.2,41680.0,
2025-09-10,THANGAMAYL,2230.0,2230.0,2181.0,2191.7,24133.0,
2025-09-11,THANGAMAYL,2192.0,2206.0,2144.3,2151.9,19974.0,
2025-09-12,THANGAMAYL,2151.9,2195.1,2134.6,2186.9,26908.0,
2025-09-15,THANGAMAYL,2195.0,2202.8,2163.4,2170.3,16527.0,
2025-09-16,THANGAMAYL,2179.0,2188.0,2125.9,2147.2,22592.0,
2025-09-17,THANGAMAYL,2168.7,2190.0,2140.5,2186.4,28261.0,
2025-09-18,THANGAMAYL,2186.5,2210.0,2158.7,2169.6,18468.0,
2025-09-19,THANGAMAYL,2160.0,2182.9,2140.0,2154.5,17682.0,
2025-09-22,THANGAMAYL,2160.0,2169.7,2082.6,2106.1,35340.0,
2025-09-23,THANGAMAYL,2106.1,2106.1,2058.3,2065.5,18043.0,
2025-09-24,THANGAMAYL,2054.7,2074.9,2042.1,2053.6,56455.0,
2025-09-25,THANGAMAYL,2053.6,2070.0,2040.5,2064.1,76529.0,
2025-09-26,THANGAMAYL,2060.1,2064.0,2006.0,2016.3,16026.0,
2025-09-29,THANGAMAYL,2002.0,2064.0,1948.0,1996.7,30984.0,
2025-09-30,THANGAMAYL,2004.7,2030.0,1992.2,2013.5,10909.0,
2025-10-01,THANGAMAYL,2014.9,2054.2,1985.0,2028.4,24624.0,
2025-10-03,THANGAMAYL,2050.0,2100.0,2027.3,2087.3,24350.0,
2025-10-06,THANGAMAYL,2081.7,2108.8,2065.2,2078.3,15555.0,
2025-10-07,THANGAMAYL,2065.0,2074.5,2001.2,2016.3,28037.0,
2025-10-08,THANGAMAYL,2010.0,2099.9,2003.1,2085.2,31360.0,
2025-10-09,THANGAMAYL,2080.0,2132.9,2021.2,2031.3,32990.0,
2025-10-10,THANGAMAYL,2046.0,2058.8,2016.0,2021.8,14944.0,
2025-10-13,THANGAMAYL,2021.8,2050.0,2008.5,2041.4,19763.0,
2025-10-14,THANGAMAYL,2021.5,2049.8,1971.3,1981.8,26541.0,
2025-10-15,THANGAMAYL,1985.0,1991.1,1962.2,1973.4,19623.0,
2025-10-16,THANGAMAYL,1973.4,1989.9,1960.0,1967.3,11579.0,
2025-10-17,THANGAMAYL,1975.1,1999.9,1953.0,1962.9,15276.0,
2025-10-20,THANGAMAYL,1990.0,1995.4,1946.2,1965.2,21449.0,
2025-10-21,THANGAMAYL,1967.0,1993.5,1967.0,1973.8,7251.0,
2025-10-23,THANGAMAYL,1987.0,2000.0,1939.5,1950.7,25370.0,
2025-10-24,THANGAMAYL,1947.1,2059.0,1944.8,2039.5,67275.0,
2025-10-27,THANGAMAYL,2039.0,2044.3,2011.0,2028.6,13053.0,
2025-10-28,THANGAMAYL,2036.3,2111.0,2036.3,2084.4,46321.0,
2025-10-29,THANGAMAYL,2099.0,2099.0,2040.1,2049.5,13561.0,
2025-10-30,THANGAMAYL,2049.5,2090.3,2018.1,2081.0,45296.0,
2025-10-31,THANGAMAYL,2080.0,2249.0,2064.5,2169.6,159392.0,
2025-11-03,THANGAMAYL,2180.0,2603.5,2140.1,2603.5,1070871.0,
2025-11-04,THANGAMAYL,2709.1,3088.7,2709.1,3041.2,2600121.0,
2025-11-06,THANGAMAYL,2979.1,3144.1,2837.7,3081.2,621520.0,
2025-11-07,THANGAMAYL,3019.1,3389.3,2981.1,3389.3,692829.0,
2025-11-10,THANGAMAYL,3400.0,3424.7,3120.0,3153.7,382135.0,
2025-11-11,THANGAMAYL,3140.0,3298.0,3131.5,3243.5,320332.0,
2025-11-12,THANGAMAYL,3243.0,3395.0,3231.1,3366.1,176143.0,
2025-11-13,THANGAMAYL,3360.0,3470.0,3271.8,3312.0,210463.0,
2025-11-14,THANGAMAYL,3310.1,3327.9,3270.8,3296.0,76870.0,
2025-11-17,THANGAMAYL,3285.0,3299.0,3202.7,3262.7,64315.0,
2025-11-18,THANGAMAYL,3296.6,3308.9,3200.0,3217.2,51047.0,
2025-11-19,THANGAMAYL,3249.0,3249.0,3140.7,3183.6,35592.0,
2025-11-20,THANGAMAYL,3183.6,3194.9,3133.2,3161.2,25606.0,
2025-11-21,THANGAMAYL,3160.0,3161.2,2985.0,3025.4,47901.0,
2025-11-24,THANGAMAYL,3014.1,3308.0,2985.0,3228.2,203490.0,
2025-11-25,THANGAMAYL,3225.0,3278.4,3161.6,3244.5,59426.0,
2025-11-26,THANGAMAYL,3252.0,3351.4,3221.0,3251.2,53668.0,
2025-11-27,THANGAMAYL,3250.0,3267.4,3190.0,3234.3,21805.0,
2025-11-28,THANGAMAYL,3270.0,3270.0,3201.0,3254.0,25193.0,
2025-12-01,THANGAMAYL,3270.0,3365.0,3239.0,3358.1,203410.0,
2025-12-02,THANGAMAYL,3367.0,3391.0,3129.0,3159.8,95819.0,
2025-12-03,THANGAMAYL,3240.0,3309.9,3163.7,3277.8,166122.0,
2025-12-04,THANGAMAYL,3277.8,3280.0,3201.1,3241.2,48371.0,
2025-12-05,THANGAMAYL,3258.0,3258.0,3182.0,3223.3,21564.0,
2025-12-08,THANGAMAYL,3298.9,3298.9,3132.6,3157.8,48180.0,
2025-12-09,THANGAMAYL,3131.0,3295.0,3090.4,3252.9,300393.0,
2025-12-10,THANGAMAYL,3200.0,3263.9,3179.2,3225.7,35146.0,
2025-12-11,THANGAMAYL,3216.0,3251.9,3185.2,3211.6,31198.0,
2025-12-12,THANGAMAYL,3211.6,3245.1,3158.4,3196.6,36572.0,
2025-12-15,THANGAMAYL,3196.6,3228.6,3186.6,3198.5,35967.0,
2025-12-16,THANGAMAYL,3208.3,3262.6,3112.3,3214.9,63556.0,
2025-12-17,THANGAMAYL,3214.9,3536.3,3206.8,3314.6,396785.0,
2025-12-18,THANGAMAYL,3309.6,3409.9,3256.2,3279.6,123746.0,
2025-12-19,THANGAMAYL,3282.5,3364.0,3265.2,3339.5,67452.0,
2025-12-22,THANGAMAYL,3374.4,3440.0,3356.1,3422.7,82420.0,
2025-12-23,THANGAMAYL,3432.3,3446.0,3380.0,3426.4,57560.0,
2025-12-24,THANGAMAYL,3430.0,3430.0,3271.8,3282.6,67254.0,
2025-12-26,THANGAMAYL,3301.1,3394.0,3140.9,3208.3,84215.0,
2025-12-29,THANGAMAYL,3229.0,3270.0,3151.0,3208.2,46160.0,
2025-12-30,THANGAMAYL,3188.0,3229.0,3179.3,3204.5,41680.0,
2025-12-31,THANGAMAYL,3225.0,3249.0,3190.0,3222.1,19594.0,
2026-01-01,THANGAMAYL,3221.5,3286.3,3192.0,3259.6,51648.0,
2026-01-02,THANGAMAYL,3239.6,3251.3,3175.5,3229.5,62317.0,
2026-01-05,THANGAMAYL,3224.1,3380.0,3187.3,3337.0,123739.0,
2026-01-06,THANGAMAYL,3360.0,3577.9,3331.0,3487.0,231836.0,
2026-01-07,THANGAMAYL,3540.0,3835.7,3498.0,3835.7,750107.0,
2026-01-08,THANGAMAYL,3835.7,4149.0,3767.8,3882.3,1137496.0,
2026-01-09,THANGAMAYL,3790.0,3810.8,3585.0,3620.4,427654.0,
2026-01-12,THANGAMAYL,3600.0,3729.0,3520.0,3675.8,265003.0,
2026-01-13,THANGAMAYL,3700.0,3783.8,3650.0,3746.6,122401.0,
2026-01-14,THANGAMAYL,3730.0,3885.0,3701.9,3832.1,121076.0,
2026-01-16,THANGAMAYL,3875.9,3875.9,3702.0,3764.0,85041.0,
2026-01-19,THANGAMAYL,3720.0,3800.0,3654.5,3710.2,74621.0,
2026-01-20,THANGAMAYL,3710.5,3915.0,3675.0,3712.3,294186.0,
2026-01-21,THANGAMAYL,3798.0,3998.0,3521.3,3888.2,1193840.0,
2026-01-22,THANGAMAYL,3987.0,4065.9,3580.0,3632.9,364337.0,
2026-01-23,THANGAMAYL,3670.7,3738.0,3482.7,3568.0,222378.0,
2026-01-27,THANGAMAYL,3595.3,3600.0,3309.1,3413.7,272054.0,
2026-01-28,THANGAMAYL,3449.5,3644.2,3413.8,3593.8,208469.0,
2026-01-29,THANGAMAYL,3624.9,3640.0,3450.0,3493.0,141906.0,
2026-01-30,THANGAMAYL,3460.0,3480.0,3276.8,3320.6,93721.0,
2026-02-02,THANGAMAYL,3173.8,3348.0,3173.8,3218.9,139936.0,
2026-02-03,THANGAMAYL,3400.0,3400.0,3161.8,3183.8,98852.0,
2026-02-04,THANGAMAYL,3195.0,3350.0,3165.9,3283.0,110653.0,
2026-02-05,THANGAMAYL,3282.9,3299.3,3159.9,3175.5,36855.0,
2026-02-06,THANGAMAYL,3196.0,3492.0,3182.8,3400.2,216907.0,
2026-02-09,THANGAMAYL,3309.0,3740.2,3309.0,3722.1,215274.0,
2026-02-10,THANGAMAYL,3701.0,3762.9,3630.4,3702.3,135280.0,
2026-02-11,THANGAMAYL,3739.7,3739.7,3647.1,3687.5,53564.0,
2026-02-12,THANGAMAYL,3739.0,3739.0,3632.0,3651.6,39634.0,
2026-02-13,THANGAMAYL,3622.0,3642.8,3531.9,3581.6,33895.0,
2026-02-16,THANGAMAYL,3580.0,3794.0,3532.0,3724.8,146626.0,
2026-02-17,THANGAMAYL,3715.0,3790.0,3634.1,3686.6,80914.0,
2026-02-18,THANGAMAYL,3699.4,3729.9,3610.0,3633.5,54179.0,
2026-02-19,THANGAMAYL,3663.9,3673.3,3470.2,3494.4,64480.0,
2026-02-20,THANGAMAYL,3496.0,3569.9,3447.5,3556.6,49374.0,
2026-02-23,THANGAMAYL,3580.7,3685.8,3562.8,3593.1,72897.0,
2026-02-24,THANGAMAYL,3638.3,3825.0,3562.3,3745.8,297963.0,
2026-02-25,THANGAMAYL,3778.3,3892.0,3735.1,3832.4,134309.0,
2026-02-26,THANGAMAYL,3835.0,3949.0,3785.0,3908.8,135281.0,
2026-02-27,THANGAMAYL,3912.9,4010.0,3870.0,3959.2,128066.0,
2026-03-02,THANGAMAYL,3822.0,4094.4,3720.0,3846.6,136009.0,
2026-03-04,THANGAMAYL,3730.0,3799.7,3583.9,3604.8,144612.0,
2026-03-05,THANGAMAYL,3688.6,3688.6,3512.0,3634.6,92346.0,
2026-03-06,THANGAMAYL,3645.0,3741.1,3600.0,3695.2,77245.0,
2026-03-09,THANGAMAYL,3660.2,3680.0,3453.3,3570.2,96180.0,
2026-03-10,THANGAMAYL,3619.0,3779.7,3580.0,3720.4,129914.0,
2026-03-11,THANGAMAYL,3740.0,3774.0,3510.0,3540.4,86853.0,
2026-03-12,THANGAMAYL,3540.6,3597.4,3358.3,3562.8,150078.0,
2026-03-13,THANGAMAYL,3562.8,3575.0,3457.0,3504.1,117070.0,
2026-03-16,THANGAMAYL,3447.4,3537.5,3365.0,3448.1,104091.0,
2026-03-17,THANGAMAYL,3499.0,3516.0,3444.0,3495.0,59884.0,
2026-03-18,THANGAMAYL,3505.4,3579.9,3480.1,3501.7,101189.0,
2026-03-19,THANGAMAYL,3498.9,3498.9,3334.9,3357.3,64487.0,
2026-03-20,THANGAMAYL,3357.3,3433.8,3296.7,3328.8,101768.0,
2026-03-23,THANGAMAYL,3319.0,3319.0,3131.5,3158.8,57441.0,
2026-03-24,THANGAMAYL,3295.0,3367.0,3120.4,3309.4,111588.0,
2026-03-25,THANGAMAYL,3347.9,3625.0,3316.3,3598.7,173819.0,
2026-03-27,THANGAMAYL,3500.0,3568.8,3364.7,3431.0,72800.0,
2026-03-30,THANGAMAYL,3400.0,3457.0,3350.0,3425.9,90956.0,
2026-04-01,THANGAMAYL,3549.7,3679.0,3500.7,3552.4,81043.0,
2026-04-02,THANGAMAYL,3499.7,3568.0,3409.0,3543.8,51205.0,
2026-04-06,THANGAMAYL,3595.0,3898.1,3550.1,3752.9,258648.0,
2026-04-07,THANGAMAYL,3798.0,3879.0,3745.4,3862.6,148608.0,
2026-04-08,THANGAMAYL,4052.9,4124.8,3921.6,4037.4,202926.0,
2026-04-09,THANGAMAYL,4040.0,4181.9,4024.2,4086.5,213887.0,
2026-04-10,THANGAMAYL,4127.0,4170.0,4050.0,4138.8,123599.0,
2026-04-13,THANGAMAYL,4012.3,4240.4,3962.7,4175.4,166445.0,
2026-04-15,THANGAMAYL,4250.5,4313.3,4215.5,4252.7,147179.0,
2026-04-16,THANGAMAYL,4280.0,4332.6,4223.5,4278.4,80729.0,
2026-04-17,THANGAMAYL,4278.1,4373.0,4180.1,4210.6,124440.0,
2026-04-20,THANGAMAYL,4210.6,4249.9,4111.0,4134.5,66146.0,
2026-04-21,THANGAMAYL,4156.0,4199.8,4105.4,4127.9,83065.0,
2026-04-22,THANGAMAYL,4140.0,4253.2,4009.0,4022.9,125394.0,
2026-04-23,THANGAMAYL,4022.9,4022.9,3768.5,3789.4,174109.0,
2026-04-24,THANGAMAYL,3775.2,3879.7,3763.9,3799.3,75935.0,
2026-04-27,THANGAMAYL,3799.9,3997.7,3760.1,3946.5,87735.0,
2026-04-28,THANGAMAYL,3946.5,3999.0,3905.5,3967.9,58972.0,
2026-04-29,THANGAMAYL,3968.4,4028.6,3929.2,3986.3,51519.0,
2026-04-30,THANGAMAYL,4005.3,4006.0,3901.0,3955.8,49864.0,
2026-05-04,THANGAMAYL,3975.1,4039.9,3930.0,3989.7,42239.0,
2026-05-05,THANGAMAYL,3985.0,4010.0,3941.5,3970.7,34516.0,
2026-05-06,THANGAMAYL,3980.1,4111.3,3980.1,4083.2,79549.0,
2026-05-07,THANGAMAYL,4084.0,4142.2,3965.0,4110.4,91408.0,
2026-05-08,THANGAMAYL,4110.4,4299.5,4086.9,4246.7,186120.0,
2026-05-11,THANGAMAYL,4100.0,4142.5,3832.1,4007.1,238122.0,
2026-05-12,THANGAMAYL,3940.0,3989.9,3615.2,3670.0,226233.0,
2026-05-13,THANGAMAYL,3567.7,3740.0,3433.3,3652.5,396667.0,
2026-05-14,THANGAMAYL,3677.7,3799.9,3583.9,3616.5,130027.0,
2026-05-15,THANGAMAYL,3617.8,3875.0,3462.6,3594.2,697978.0,
2026-05-18,THANGAMAYL,3640.0,3680.7,3470.0,3546.9,189972.0,
2026-05-19,THANGAMAYL,3550.5,3754.0,3523.3,3653.1,178236.0,
2026-05-20,THANGAMAYL,3652.0,3807.6,3560.3,3780.8,164337.0,
2026-05-21,THANGAMAYL,3805.7,3889.4,3750.1,3861.8,150232.0,
2026-05-22,THANGAMAYL,3900.0,3919.2,3801.0,3817.3,68432.0,
2026-05-25,THANGAMAYL,3843.9,3898.0,3777.0,3824.2,74875.0,
2026-05-26,THANGAMAYL,3825.0,3888.2,3790.0,3805.2,39604.0,
2026-05-27,THANGAMAYL,3839.4,3957.8,3784.1,3923.8,91363.0,
2026-05-29,THANGAMAYL,3900.0,4220.0,3900.0,4204.9,330843.0,
2026-06-01,THANGAMAYL,4204.9,4334.0,4132.0,4284.1,213550.0,
2026-06-02,THANGAMAYL,4284.1,4626.9,4267.2,4590.7,304885.0,
2026-06-03,THANGAMAYL,4618.0,4819.1,4600.0,4795.0,224232.0,
2026-06-04,THANGAMAYL,4800.0,5649.0,4752.1,5520.6,1263774.0,
2026-06-05,THANGAMAYL,5469.9,5469.9,5085.1,5351.9,461288.0,
2026-06-08,THANGAMAYL,5220.1,5764.2,5206.2,5491.7,653964.0,
2026-06-09,THANGAMAYL,5500.0,5583.6,5340.0,5469.5,265109.0,
2026-06-10,THANGAMAYL,5520.0,5552.1,5400.0,5444.1,107590.0,
2026-06-11,THANGAMAYL,5420.0,5461.3,5212.5,5415.4,130587.0,
2026-06-12,THANGAMAYL,5482.0,5560.0,5225.5,5478.7,126015.0,
2026-06-15,THANGAMAYL,5561.0,5618.0,5450.9,5501.5,117056.0,
2026-06-16,THANGAMAYL,5501.5,5560.9,5330.0,5444.6,108886.0,
2026-06-17,THANGAMAYL,5525.0,5680.0,5485.4,5632.7,118289.0,
2026-06-18,THANGAMAYL,5629.0,5720.9,5365.1,5435.7,139287.0,
2026-06-19,THANGAMAYL,5440.0,5502.0,5371.0,5454.6,58334.0,
2026-06-22,THANGAMAYL,5454.6,5610.0,5300.0,5557.0,150618.0,
2026-06-23,THANGAMAYL,5599.0,5649.5,5346.0,5378.0,107445.0,
2026-06-24,THANGAMAYL,5400.0,5470.0,5378.0,5447.7,38615.0,
2026-06-25,THANGAMAYL,5474.0,5646.0,5450.0,5594.2,89439.0,
2026-06-29,THANGAMAYL,5702.0,6153.4,5620.0,5875.1,571598.0,
2026-06-30,THANGAMAYL,5950.0,6462.6,5938.0,6398.2,443898.0,
2026-07-01,THANGAMAYL,6443.0,6572.0,5850.0,5945.5,462189.0,
2026-07-02,THANGAMAYL,5945.0,6500.0,5750.5,6315.5,436902.0,
2026-07-03,THANGAMAYL,6353.5,6465.0,6083.0,6159.5,272660.0,
2026-07-06,THANGAMAYL,6152.5,6332.5,6135.0,6283.0,113281.0,
2026-07-07,THANGAMAYL,6378.0,6475.0,6255.0,6373.0,155139.0,
2026-07-08,THANGAMAYL,6373.0,6949.0,6313.5,6806.0,594451.0,
2026-07-09,THANGAMAYL,6865.0,7165.0,6544.5,6598.5,514995.0,
2026-07-10,THANGAMAYL,6737.0,6737.0,6385.0,6540.5,239685.0,
2026-07-13,THANGAMAYL,6514.5,6534.5,6200.0,6233.0,148160.0,
2026-07-14,THANGAMAYL,6220.0,6555.0,6180.5,6459.0,314025.0,
2026-07-15,THANGAMAYL,6435.0,6689.5,6430.0,6617.0,227756.0,
2026-07-16,THANGAMAYL,6650.5,6655.0,6355.0,6377.0,110911.0,
2026-07-17,THANGAMAYL,6433.0,6500.0,6139.0,6436.0,189280.0,
2026-07-20,THANGAMAYL,6454.5,6564.0,6315.5,6385.5,113603.0,
2026-07-21,THANGAMAYL,6410.5,6593.0,6399.0,6453.0,126973.0,
2026-07-22,THANGAMAYL,6489.5,6560.0,6346.0,6476.0,103870.0,
2026-07-23,THANGAMAYL,6493.5,7035.0,6450.5,6871.0,424760.0,
2026-07-24,THANGAMAYL,6849.0,7015.0,6742.0,6906.5,180944.0,
2026-07-27,THANGAMAYL,6999.0,7344.5,6915.5,7309.5,301466.0,
2026-07-28,THANGAMAYL,7346.0,7430.0,7100.0,7168.5,225099.0,
2026-07-29,THANGAMAYL,7229.0,7229.0,6452.0,6452.0,755621.0,
2026-07-30,THANGAMAYL,6100.0,6120.0,5807.0,5807.0,334882.0,
2026-07-31,THANGAMAYL,5450.0,5450.0,5226.5,5226.5,748277.0,
2026-08-03,THANGAMAYL,5175.0,5175.0,4965.5,4965.5,358583.0,
2026-08-04,THANGAMAYL,4717.5,4898.0,4717.5,4717.5,807489.0,
2026-08-05,THANGAMAYL,4800.0,4953.0,4611.0,4953.0,555434.0,
2026-08-06,THANGAMAYL,4989.5,5200.0,4953.0,5144.0,517167.0,
2026-08-07,THANGAMAYL,5195.0,5290.0,5156.5,5275.0,213017.0,
2026-08-10,THANGAMAYL,5328.0,5435.0,5251.5,5349.0,156800.0,
2026-08-11,THANGAMAYL,5400.0,5430.0,5151.0,5228.0,145780.0,
2026-08-12,THANGAMAYL,5236.5,5390.0,5235.0,5328.0,141031.0,
2026-08-13,THANGAMAYL,5360.0,5365.0,5231.5,5270.0,64379.0,
2026-08-14,THANGAMAYL,5250.0,5470.0,5204.0,5427.0,112108.0,
2026-08-17,THANGAMAYL,5454.0,5480.0,5286.0,5336.5,85919.0,
2026-08-18,THANGAMAYL,5328.0,5499.0,5321.0,5481.5,92660.0,
2026-08-19,THANGAMAYL,5485.0,5544.0,5399.0,5514.5,82597.0,
2026-08-20,THANGAMAYL,5521.5,5598.0,5440.0,5457.0,58274.0,
2026-08-21,THANGAMAYL,5473.0,5575.0,5420.0,5487.5,94120.0,
2026-08-24,THANGAMAYL,5524.0,5722.5,5476.5,5493.5,163941.0,
2026-08-25,THANGAMAYL,5509.5,5565.0,5380.0,5397.0,77429.0,
2026-08-26,THANGAMAYL,5439.5,5517.0,5401.0,5495.5,59999.0,
2026-08-27,THANGAMAYL,5499.0,5589.0,5474.5,5502.0,64030.0,
2026-08-28,THANGAMAYL,5502.0,5563.5,5373.5,5440.5,280954.0,
2026-08-31,THANGAMAYL,5430.0,5464.5,5302.5,5412.0,89821.0,
2026-09-01,THANGAMAYL,5412.0,5470.0,5270.0,5311.5,72055.0,
2026-09-02,THANGAMAYL,5280.0,5430.0,5176.5,5238.0,116329.0,
2026-09-03,THANGAMAYL,5251.0,5341.5,5239.0,5295.0,61058.0,
2026-09-04,THANGAMAYL,5293.5,5351.5,5232.0,5332.0,65612.0,
2026-09-07,THANGAMAYL,5332.0,5505.0,5311.0,5474.0,93135.0,
2026-09-08,THANGAMAYL,5462.5,5507.0,5336.0,5366.5,54304.0,
2026-09-09,THANGAMAYL,5366.0,5366.0,5100.5,5118.0,89077.0,
2026-09-10,THANGAMAYL,5129.0,5178.0,5031.5,5081.5,90183.0,
2026-09-11,THANGAMAYL,5063.0,5158.0,5038.5,5126.0,79789.0,
2025-08-29,THOMASCOOK,178.0,180.5,177.0,177.73,1305536.0,
2025-09-01,THOMASCOOK,179.5,181.55,176.24,177.34,932069.0,
2025-09-02,THOMASCOOK,177.34,178.47,171.0,172.6,797922.0,
2025-09-03,THOMASCOOK,172.7,180.95,172.6,177.6,1906749.0,
2025-09-04,THOMASCOOK,178.9,180.19,176.0,178.3,526111.0,
2025-09-05,THOMASCOOK,178.3,180.9,176.53,179.04,549531.0,
2025-09-08,THOMASCOOK,179.5,181.41,176.56,178.19,739314.0,
2025-09-09,THOMASCOOK,178.19,181.2,176.01,176.68,867662.0,
2025-09-10,THOMASCOOK,177.69,180.0,175.62,176.66,519142.0,
2025-09-11,THOMASCOOK,177.2,180.2,176.47,177.61,555399.0,
2025-09-12,THOMASCOOK,178.6,179.2,172.12,172.92,1262449.0,
2025-09-15,THOMASCOOK,173.87,174.08,169.0,171.02,1037506.0,
2025-09-16,THOMASCOOK,173.0,174.44,171.47,173.47,580126.0,
2025-09-17,THOMASCOOK,173.47,174.89,171.45,173.5,708234.0,
2025-09-18,THOMASCOOK,174.39,175.0,168.7,169.25,671132.0,
2025-09-19,THOMASCOOK,170.5,173.0,166.25,172.18,2055207.0,
2025-09-22,THOMASCOOK,172.0,173.36,167.26,168.57,693763.0,
2025-09-23,THOMASCOOK,168.21,169.88,165.88,166.38,1302158.0,
2025-09-24,THOMASCOOK,166.3,168.99,165.4,166.91,426064.0,
2025-09-25,THOMASCOOK,166.91,168.0,164.77,166.6,641465.0,
2025-09-26,THOMASCOOK,165.55,167.53,161.1,162.73,755018.0,
2025-09-29,THOMASCOOK,163.9,163.9,156.9,157.21,944088.0,
2025-09-30,THOMASCOOK,161.8,164.27,156.1,158.19,923235.0,
2025-10-01,THOMASCOOK,157.95,160.29,157.1,158.92,590722.0,
2025-10-03,THOMASCOOK,159.07,160.0,156.67,159.53,584765.0,
2025-10-06,THOMASCOOK,159.64,160.41,155.93,156.53,336275.0,
2025-10-07,THOMASCOOK,157.06,159.99,154.69,157.07,858405.0,
2025-10-08,THOMASCOOK,157.45,157.5,154.1,155.07,564726.0,
2025-10-09,THOMASCOOK,155.07,156.31,150.37,151.29,845452.0,
2025-10-10,THOMASCOOK,151.95,153.93,150.9,152.72,3935795.0,
2025-10-13,THOMASCOOK,153.9,161.8,151.39,160.58,2840897.0,
2025-10-14,THOMASCOOK,161.0,165.19,159.69,164.49,2159671.0,
2025-10-15,THOMASCOOK,164.5,166.5,162.0,163.82,833175.0,
2025-10-16,THOMASCOOK,163.82,167.93,163.4,165.78,1139914.0,
2025-10-17,THOMASCOOK,165.25,165.8,161.1,162.52,279561.0,
2025-10-20,THOMASCOOK,163.85,168.1,162.36,167.07,733436.0,
2025-10-21,THOMASCOOK,164.56,169.0,163.4,167.36,286299.0,
2025-10-23,THOMASCOOK,168.53,168.73,162.16,164.28,654640.0,
2025-10-24,THOMASCOOK,163.5,165.0,162.06,163.97,441125.0,
2025-10-27,THOMASCOOK,163.97,166.5,163.26,165.47,523611.0,
2025-10-28,THOMASCOOK,165.8,165.8,161.6,162.42,388148.0,
2025-10-29,THOMASCOOK,162.45,163.27,160.11,162.77,416448.0,
2025-10-30,THOMASCOOK,162.77,164.12,161.7,163.34,436486.0,
2025-10-31,THOMASCOOK,163.4,164.9,158.3,161.84,362112.0,
2025-11-03,THOMASCOOK,160.61,165.15,160.61,164.84,521728.0,
2025-11-04,THOMASCOOK,165.48,165.48,160.0,161.84,318466.0,
2025-11-06,THOMASCOOK,161.85,162.0,152.85,153.39,804229.0,
2025-11-07,THOMASCOOK,153.8,156.64,152.3,155.8,519805.0,
2025-11-10,THOMASCOOK,155.0,156.0,152.7,154.0,2174590.0,
2025-11-11,THOMASCOOK,154.0,154.78,152.79,153.18,285726.0,
2025-11-12,THOMASCOOK,153.5,156.0,153.21,153.64,352976.0,
2025-11-13,THOMASCOOK,151.9,151.9,144.43,149.01,2066854.0,
2025-11-14,THOMASCOOK,149.25,155.17,149.02,154.55,540218.0,
2025-11-17,THOMASCOOK,154.99,156.49,153.0,153.8,347429.0,
2025-11-18,THOMASCOOK,153.95,158.44,153.21,157.8,1287492.0,
2025-11-19,THOMASCOOK,158.12,160.01,155.63,156.67,662848.0,
2025-11-20,THOMASCOOK,158.09,160.0,152.65,159.43,1095823.0,
2025-11-21,THOMASCOOK,159.75,161.7,156.75,158.72,813375.0,
2025-11-24,THOMASCOOK,158.75,159.54,152.45,153.98,598703.0,
2025-11-25,THOMASCOOK,155.21,155.21,150.65,151.04,498828.0,
2025-11-26,THOMASCOOK,151.54,151.9,148.0,150.3,481946.0,
2025-11-27,THOMASCOOK,151.0,152.76,146.56,147.9,596389.0,
2025-11-28,THOMASCOOK,148.0,149.14,147.5,148.25,847811.0,
2025-12-01,THOMASCOOK,149.43,150.1,146.62,147.39,446279.0,
2025-12-02,THOMASCOOK,147.39,147.54,142.89,147.03,664575.0,
2025-12-03,THOMASCOOK,147.03,147.13,142.25,143.49,675711.0,
2025-12-04,THOMASCOOK,143.0,143.74,139.7,140.71,873568.0,
2025-12-05,THOMASCOOK,140.71,142.1,139.4,141.38,676757.0,
2025-12-08,THOMASCOOK,141.0,141.38,136.71,137.48,411172.0,
2025-12-09,THOMASCOOK,136.71,140.2,134.01,139.35,1128165.0,
2025-12-10,THOMASCOOK,140.0,141.45,138.05,139.23,410357.0,
2025-12-11,THOMASCOOK,138.6,140.79,138.38,139.73,378836.0,
2025-12-12,THOMASCOOK,141.2,141.9,138.52,139.19,2021889.0,
2025-12-15,THOMASCOOK,138.7,145.29,138.31,144.08,2570385.0,
2025-12-16,THOMASCOOK,144.89,146.5,143.64,145.79,523034.0,
2025-12-17,THOMASCOOK,146.08,146.49,141.25,142.1,530916.0,
2025-12-18,THOMASCOOK,142.1,142.5,137.81,140.95,1204017.0,
2025-12-19,THOMASCOOK,141.18,144.45,140.01,143.29,608002.0,
2025-12-22,THOMASCOOK,143.9,145.59,142.82,144.83,454644.0,
2025-12-23,THOMASCOOK,146.0,146.01,143.6,144.72,264967.0,
2025-12-24,THOMASCOOK,144.35,145.26,142.49,142.93,180499.0,
2025-12-26,THOMASCOOK,143.2,144.4,141.8,142.85,318688.0,
2025-12-29,THOMASCOOK,143.34,143.34,138.5,139.23,308430.0,
2025-12-30,THOMASCOOK,138.4,140.55,137.46,139.47,310329.0,
2025-12-31,THOMASCOOK,140.16,149.99,139.4,148.73,1263404.0,
2026-01-01,THOMASCOOK,150.0,150.5,147.73,148.55,342228.0,
2026-01-02,THOMASCOOK,148.1,148.69,143.81,144.98,466209.0,
2026-01-05,THOMASCOOK,144.0,145.15,142.65,144.12,304043.0,
2026-01-06,THOMASCOOK,144.12,145.3,140.7,143.83,371366.0,
2026-01-07,THOMASCOOK,143.12,143.12,141.25,141.94,279988.0,
2026-01-08,THOMASCOOK,141.11,142.39,136.25,138.98,603308.0,
2026-01-09,THOMASCOOK,138.27,140.3,137.75,138.38,292188.0,
2026-01-12,THOMASCOOK,137.69,139.99,133.97,136.74,512302.0,
2026-01-13,THOMASCOOK,137.95,139.75,137.17,138.47,695093.0,
2026-01-14,THOMASCOOK,138.6,141.5,136.1,137.99,1019200.0,
2026-01-16,THOMASCOOK,137.84,139.39,135.1,136.28,330279.0,
2026-01-19,THOMASCOOK,135.4,135.49,131.0,131.96,516056.0,
2026-01-20,THOMASCOOK,131.23,131.89,127.1,128.35,310662.0,
2026-01-21,THOMASCOOK,127.2,128.36,122.36,124.44,649079.0,
2026-01-22,THOMASCOOK,124.55,129.44,124.55,127.1,257998.0,
2026-01-23,THOMASCOOK,129.0,129.0,123.11,123.89,215424.0,
2026-01-27,THOMASCOOK,123.2,124.01,120.37,122.68,365687.0,
2026-01-28,THOMASCOOK,122.68,129.1,122.68,127.88,509325.0,
2026-01-29,THOMASCOOK,128.0,128.27,123.0,124.77,240582.0,
2026-01-30,THOMASCOOK,124.1,126.0,121.7,122.57,838205.0,
2026-02-02,THOMASCOOK,123.11,124.4,119.21,120.73,618102.0,
2026-02-03,THOMASCOOK,124.8,126.7,121.2,121.73,625802.0,
2026-02-04,THOMASCOOK,121.5,123.14,119.32,120.28,828917.0,
2026-02-05,THOMASCOOK,121.5,121.68,114.0,115.51,1230216.0,
2026-02-06,THOMASCOOK,115.47,116.3,109.15,110.39,1372905.0,
2026-02-09,THOMASCOOK,112.0,120.49,111.53,117.9,1642799.0,
2026-02-10,THOMASCOOK,117.9,120.5,114.51,115.09,799928.0,
2026-02-11,THOMASCOOK,116.0,117.1,114.16,115.04,592570.0,
2026-02-12,THOMASCOOK,115.1,115.15,112.02,112.88,383870.0,
2026-02-13,THOMASCOOK,112.85,114.01,110.66,113.01,467832.0,
2026-02-16,THOMASCOOK,113.4,114.0,110.75,111.58,529977.0,
2026-02-17,THOMASCOOK,111.05,112.98,109.83,110.52,697916.0,
2026-02-18,THOMASCOOK,110.52,112.52,109.02,111.13,2806185.0,
2026-02-19,THOMASCOOK,111.28,114.49,108.96,109.45,751553.0,
2026-02-20,THOMASCOOK,109.92,111.3,108.65,110.88,2161447.0,
2026-02-23,THOMASCOOK,110.5,110.59,108.66,109.32,598282.0,
2026-02-24,THOMASCOOK,109.43,110.1,106.0,107.13,603014.0,
2026-02-25,THOMASCOOK,107.63,107.9,101.81,103.77,1314253.0,
2026-02-26,THOMASCOOK,103.87,106.0,103.43,104.9,410374.0,
2026-02-27,THOMASCOOK,105.8,105.8,101.7,102.93,830601.0,
2026-03-02,THOMASCOOK,98.8,101.23,98.06,100.08,659176.0,
2026-03-04,THOMASCOOK,97.75,99.5,94.35,95.61,862335.0,
2026-03-05,THOMASCOOK,97.16,97.16,92.95,94.26,1646675.0,
2026-03-06,THOMASCOOK,93.55,95.44,91.35,92.18,789997.0,
2026-03-09,THOMASCOOK,90.0,90.98,86.66,87.99,1192739.0,
2026-03-10,THOMASCOOK,90.1,95.49,88.12,93.89,1641205.0,
2026-03-11,THOMASCOOK,93.89,96.8,92.05,93.07,1004605.0,
2026-03-12,THOMASCOOK,91.2,94.6,88.98,91.59,1270584.0,
2026-03-13,THOMASCOOK,90.21,91.22,87.1,88.68,1273969.0,
2026-03-16,THOMASCOOK,88.31,88.95,86.55,88.08,695698.0,
2026-03-17,THOMASCOOK,88.0,89.25,86.35,88.43,1545446.0,
2026-03-18,THOMASCOOK,90.25,97.79,89.21,97.08,3908263.0,
2026-03-19,THOMASCOOK,93.5,100.0,93.0,98.77,3720258.0,
2026-03-20,THOMASCOOK,101.0,106.2,99.5,103.34,2930280.0,
2026-03-23,THOMASCOOK,103.5,103.5,92.99,93.57,2340847.0,
2026-03-24,THOMASCOOK,95.9,96.8,93.45,94.77,1285891.0,
2026-03-25,THOMASCOOK,96.0,99.84,95.35,95.88,1561080.0,
2026-03-27,THOMASCOOK,95.2,95.8,92.0,93.88,2241412.0,
2026-03-30,THOMASCOOK,92.8,93.86,88.5,89.83,1148043.0,
2026-04-01,THOMASCOOK,94.0,96.79,91.84,95.78,750934.0,
2026-04-02,THOMASCOOK,93.5,96.0,90.62,95.7,732970.0,
2026-04-06,THOMASCOOK,95.9,98.0,93.31,97.21,1005242.0,
2026-04-07,THOMASCOOK,96.0,97.61,95.3,96.91,909235.0,
2026-04-08,THOMASCOOK,102.0,103.36,99.57,102.47,811249.0,
2026-04-09,THOMASCOOK,103.43,104.58,100.52,102.12,960309.0,
2026-04-10,THOMASCOOK,102.7,108.4,102.64,106.86,1879758.0,
2026-04-13,THOMASCOOK,103.0,105.86,102.25,103.61,1545539.0,
2026-04-15,THOMASCOOK,106.01,109.35,106.01,107.7,1269818.0,
2026-04-16,THOMASCOOK,108.94,110.08,106.9,109.28,1232903.0,
2026-04-17,THOMASCOOK,109.28,111.75,108.07,110.91,1079185.0,
2026-04-20,THOMASCOOK,111.48,111.48,104.2,104.89,1782095.0,
2026-04-21,THOMASCOOK,105.73,108.15,105.73,107.3,982480.0,
2026-04-22,THOMASCOOK,107.21,108.4,105.27,107.02,678118.0,
2026-04-23,THOMASCOOK,106.42,106.86,98.55,99.74,2585499.0,
2026-04-24,THOMASCOOK,100.2,101.8,95.77,97.13,1343051.0,
2026-04-27,THOMASCOOK,98.01,99.47,97.51,99.2,1239908.0,
2026-04-28,THOMASCOOK,99.19,99.76,97.69,98.58,1065904.0,
2026-04-29,THOMASCOOK,99.5,99.59,94.33,95.08,1318804.0,
2026-04-30,THOMASCOOK,95.95,95.95,92.6,93.55,1465954.0,
2026-05-04,THOMASCOOK,94.04,95.28,92.81,93.93,630750.0,
2026-05-05,THOMASCOOK,93.46,94.38,91.6,91.94,1352343.0,
2026-05-06,THOMASCOOK,93.0,97.49,92.44,96.96,1270816.0,
2026-05-07,THOMASCOOK,98.0,101.2,97.13,99.69,1899185.0,
2026-05-08,THOMASCOOK,100.0,100.52,96.4,96.76,959184.0,
2026-05-11,THOMASCOOK,96.66,96.66,91.78,92.95,1447000.0,
2026-05-12,THOMASCOOK,92.61,94.5,91.11,93.43,1510123.0,
2026-05-13,THOMASCOOK,89.0,98.9,88.0,95.66,4143665.0,
2026-05-14,THOMASCOOK,95.0,95.81,91.28,92.36,1157997.0,
2026-05-15,THOMASCOOK,92.86,95.3,91.86,94.74,1078195.0,
2026-05-18,THOMASCOOK,94.0,94.24,90.2,92.92,1013617.0,
2026-05-19,THOMASCOOK,92.45,94.14,91.5,93.18,817990.0,
2026-05-20,THOMASCOOK,93.0,93.86,91.1,93.31,669927.0,
2026-05-21,THOMASCOOK,93.97,94.49,92.15,93.07,2515132.0,
2026-05-22,THOMASCOOK,94.0,94.09,91.02,91.74,1160419.0,
2026-05-25,THOMASCOOK,92.8,95.68,92.26,93.17,1188982.0,
2026-05-26,THOMASCOOK,92.65,95.66,92.5,92.78,977113.0,
2026-05-27,THOMASCOOK,92.6,93.5,92.0,92.4,715848.0,
2026-05-29,THOMASCOOK,92.67,96.79,89.71,90.91,6913654.0,
2026-06-01,THOMASCOOK,92.5,95.55,91.57,93.93,2094710.0,
2026-06-02,THOMASCOOK,92.8,93.12,91.25,91.97,1750248.0,
2026-06-03,THOMASCOOK,91.97,92.17,90.65,91.44,800125.0,
2026-06-04,THOMASCOOK,90.85,97.5,90.7,92.17,3449128.0,
2026-06-05,THOMASCOOK,93.37,94.66,92.6,93.86,2350254.0,
2026-06-08,THOMASCOOK,92.0,109.7,92.0,104.82,51170016.0,
2026-06-09,THOMASCOOK,105.91,114.85,105.3,112.84,48043157.0,
2026-06-10,THOMASCOOK,113.38,115.99,111.2,115.08,15635817.0,
2026-06-11,THOMASCOOK,112.94,113.0,106.76,108.16,5753087.0,
2026-06-12,THOMASCOOK,110.01,112.0,108.12,109.78,2781223.0,
2026-06-15,THOMASCOOK,111.9,113.0,107.25,108.55,2365331.0,
2026-06-16,THOMASCOOK,108.55,110.46,106.07,107.84,1136853.0,
2026-06-17,THOMASCOOK,108.89,113.44,107.84,111.26,3531179.0,
2026-06-18,THOMASCOOK,111.26,117.0,110.46,116.56,3881408.0,
2026-06-19,THOMASCOOK,116.03,116.03,108.71,111.6,2950171.0,
2026-06-22,THOMASCOOK,112.95,115.9,111.76,115.1,2475781.0,
2026-06-23,THOMASCOOK,115.1,115.1,110.4,111.96,992066.0,
2026-06-24,THOMASCOOK,112.81,112.81,109.16,109.97,781078.0,
2026-06-25,THOMASCOOK,110.29,113.9,110.29,111.5,1516522.0,
2026-06-29,THOMASCOOK,110.4,111.07,108.0,108.64,754166.0,
2026-06-30,THOMASCOOK,108.25,109.73,106.94,108.09,683800.0,
2026-07-01,THOMASCOOK,108.33,109.09,105.55,105.93,819955.0,
2026-07-02,THOMASCOOK,106.5,109.29,105.95,106.44,872129.0,
2026-07-03,THOMASCOOK,107.0,107.65,103.5,104.17,1740742.0,
2026-07-06,THOMASCOOK,104.6,107.47,104.17,106.84,1484181.0,
2026-07-07,THOMASCOOK,107.25,108.79,105.2,106.47,1079291.0,
2026-07-08,THOMASCOOK,105.5,106.29,101.12,101.99,952502.0,
2026-07-09,THOMASCOOK,102.41,103.65,101.1,102.3,667148.0,
2026-07-10,THOMASCOOK,102.9,103.5,102.14,102.98,362705.0,
2026-07-13,THOMASCOOK,102.96,105.0,101.0,104.43,793869.0,
2026-07-14,THOMASCOOK,104.4,104.55,101.74,102.41,704647.0,
2026-07-15,THOMASCOOK,102.9,106.7,102.9,103.55,980089.0,
2026-07-16,THOMASCOOK,103.98,105.8,103.4,104.16,660564.0,
2026-07-17,THOMASCOOK,104.16,104.34,101.01,102.68,722677.0,
2026-07-20,THOMASCOOK,102.1,103.75,101.21,103.14,520076.0,
2026-07-21,THOMASCOOK,102.21,105.99,102.21,104.76,1033715.0,
2026-07-22,THOMASCOOK,104.8,104.8,101.28,101.97,435353.0,
2026-07-23,THOMASCOOK,101.8,102.34,99.6,100.29,323741.0,
2026-07-24,THOMASCOOK,99.96,99.96,97.08,97.85,992594.0,
2026-07-27,THOMASCOOK,98.64,101.66,98.1,98.45,705450.0,
2026-07-28,THOMASCOOK,98.91,99.77,97.21,97.88,402771.0,
2026-07-29,THOMASCOOK,98.0,100.79,97.75,99.84,534097.0,
2026-07-30,THOMASCOOK,99.89,100.3,98.75,99.33,422620.0,
2026-07-31,THOMASCOOK,100.19,108.99,99.0,104.27,6604030.0,
2026-08-03,THOMASCOOK,106.0,109.9,105.9,107.15,2230082.0,
2026-08-04,THOMASCOOK,107.0,111.45,102.58,105.97,4433005.0,
2026-08-05,THOMASCOOK,106.01,107.89,102.25,104.52,771944.0,
2026-08-06,THOMASCOOK,104.36,106.8,103.9,106.14,1133947.0,
2026-08-07,THOMASCOOK,106.5,106.94,103.6,104.13,631943.0,
2026-08-10,THOMASCOOK,104.38,109.8,104.05,105.66,1928279.0,
2026-08-11,THOMASCOOK,105.81,110.5,105.72,109.43,2724931.0,
2026-08-12,THOMASCOOK,110.35,110.35,106.49,107.08,1269201.0,
2026-08-13,THOMASCOOK,107.0,110.63,106.86,108.0,1303419.0,
2026-08-14,THOMASCOOK,108.25,108.84,105.5,105.88,472048.0,
2026-08-17,THOMASCOOK,106.0,106.49,103.54,103.68,549586.0,
2026-08-18,THOMASCOOK,103.75,104.43,102.0,102.4,444214.0,
2026-08-19,THOMASCOOK,103.0,106.0,97.3,100.55,759648.0,
2026-08-20,THOMASCOOK,100.5,103.5,100.5,101.58,811291.0,
2026-08-21,THOMASCOOK,101.99,115.7,101.99,113.17,25566919.0,
2026-08-24,THOMASCOOK,116.0,120.87,112.0,113.43,7861613.0,
2026-08-25,THOMASCOOK,113.6,114.18,109.1,110.42,1437644.0,
2026-08-26,THOMASCOOK,111.0,113.69,110.07,110.71,1309913.0,
2026-08-27,THOMASCOOK,111.3,111.59,109.55,110.06,953613.0,
2026-08-28,THOMASCOOK,110.0,111.35,108.0,108.43,841847.0,
2026-08-31,THOMASCOOK,108.35,108.45,105.11,107.92,737720.0,
2026-09-01,THOMASCOOK,107.92,108.01,105.02,105.71,622494.0,
2026-09-02,THOMASCOOK,105.9,109.51,104.16,106.09,1264084.0,
2026-09-03,THOMASCOOK,106.8,107.68,105.45,106.31,674590.0,
2026-09-04,THOMASCOOK,106.0,112.94,106.0,111.65,2297803.0,
2026-09-07,THOMASCOOK,112.0,115.7,111.0,112.52,1879256.0,
2026-09-08,THOMASCOOK,112.0,112.53,108.8,109.91,680651.0,
2026-09-09,THOMASCOOK,110.0,110.0,107.5,109.13,809014.0,
2026-09-10,THOMASCOOK,109.2,110.9,107.71,108.35,494762.0,
2026-09-11,THOMASCOOK,107.5,109.25,106.12,108.63,462603.0,
2025-09-18,TIGERLOGS,49.65,56.69,49.65,51.37,1367904.0,
2025-09-19,TIGERLOGS,52.04,54.9,50.0,50.48,585743.0,
2025-09-22,TIGERLOGS,50.73,51.79,45.22,46.23,442344.0,
2025-09-23,TIGERLOGS,46.5,54.37,46.26,52.04,1433032.0,
2025-09-24,TIGERLOGS,51.51,51.51,49.97,50.19,217844.0,
2025-09-25,TIGERLOGS,50.0,51.0,49.25,49.79,325750.0,
2025-09-26,TIGERLOGS,50.5,50.5,47.0,47.6,123673.0,
2025-09-29,TIGERLOGS,47.01,49.69,47.0,47.87,164242.0,
2025-09-30,TIGERLOGS,48.75,48.75,46.75,47.05,91981.0,
2025-10-01,TIGERLOGS,47.28,47.88,46.1,46.28,92368.0,
2025-10-03,TIGERLOGS,47.21,48.94,46.25,47.9,142571.0,
2025-10-06,TIGERLOGS,48.0,49.14,47.61,47.95,64623.0,
2025-10-07,TIGERLOGS,48.45,48.45,45.05,45.89,154025.0,
2025-10-08,TIGERLOGS,46.94,47.24,44.11,44.61,188484.0,
2025-10-09,TIGERLOGS,44.07,45.49,44.07,44.76,51853.0,
2025-10-10,TIGERLOGS,45.4,45.58,43.78,44.86,108480.0,
2025-10-13,TIGERLOGS,44.02,45.45,43.39,43.72,88731.0,
2025-10-14,TIGERLOGS,44.45,45.27,41.5,42.31,445917.0,
2025-10-15,TIGERLOGS,44.3,48.5,43.0,44.96,2956007.0,
2025-10-16,TIGERLOGS,44.95,45.89,44.02,44.72,237894.0,
2025-10-17,TIGERLOGS,44.51,45.71,41.2,42.69,377301.0,
2025-10-20,TIGERLOGS,44.03,47.0,44.0,45.14,886343.0,
2025-10-21,TIGERLOGS,45.15,45.85,44.85,45.37,50593.0,
2025-10-23,TIGERLOGS,45.25,46.24,41.4,42.1,602676.0,
2025-10-24,TIGERLOGS,42.79,43.48,41.52,42.79,286086.0,
2025-10-27,TIGERLOGS,43.0,43.5,42.37,42.69,171902.0,
2025-10-28,TIGERLOGS,43.1,43.38,41.91,42.53,169149.0,
2025-10-29,TIGERLOGS,42.85,42.95,42.21,42.56,89993.0,
2025-10-30,TIGERLOGS,42.58,42.79,42.33,42.56,61731.0,
2025-10-31,TIGERLOGS,43.0,43.0,42.24,42.86,74773.0,
2025-11-03,TIGERLOGS,43.1,43.1,41.8,42.0,151612.0,
2025-11-04,TIGERLOGS,42.0,42.5,41.89,42.25,61102.0,
2025-11-06,TIGERLOGS,42.0,42.94,41.11,41.33,87897.0,
2025-11-07,TIGERLOGS,41.22,42.2,40.56,41.99,96367.0,
2025-11-10,TIGERLOGS,42.65,42.65,41.37,41.54,77407.0,
2025-11-11,TIGERLOGS,41.56,42.0,41.3,41.58,55800.0,
2025-11-12,TIGERLOGS,42.4,43.88,42.4,42.76,178714.0,
2025-11-13,TIGERLOGS,43.59,43.59,40.7,40.91,234517.0,
2025-11-14,TIGERLOGS,41.2,41.9,39.96,40.49,411459.0,
2025-11-17,TIGERLOGS,40.4,41.37,39.6,40.0,190366.0,
2025-11-18,TIGERLOGS,40.01,40.56,39.0,39.34,156708.0,
2025-11-19,TIGERLOGS,39.34,39.83,39.33,39.64,75606.0,
2025-11-20,TIGERLOGS,39.5,40.04,39.33,39.43,83471.0,
2025-11-21,TIGERLOGS,39.43,39.43,38.26,38.9,107036.0,
2025-11-24,TIGERLOGS,39.9,39.9,38.02,38.25,65587.0,
2025-11-25,TIGERLOGS,38.2,38.23,37.77,38.04,76018.0,
2025-11-26,TIGERLOGS,38.02,39.43,38.02,38.93,88221.0,
2025-11-27,TIGERLOGS,39.75,39.75,38.81,39.11,57151.0,
2025-11-28,TIGERLOGS,39.11,39.75,38.96,39.12,45811.0,
2025-12-01,TIGERLOGS,39.95,40.5,39.1,40.25,91534.0,
2025-12-02,TIGERLOGS,40.75,40.75,39.85,39.96,50542.0,
2025-12-03,TIGERLOGS,40.01,40.23,38.85,39.06,43706.0,
2025-12-04,TIGERLOGS,39.69,40.14,39.1,39.34,27461.0,
2025-12-05,TIGERLOGS,38.82,39.75,37.8,38.15,50337.0,
2025-12-08,TIGERLOGS,39.48,39.48,36.0,36.79,144430.0,
2025-12-09,TIGERLOGS,36.61,38.5,36.61,38.21,54380.0,
2025-12-10,TIGERLOGS,37.85,38.99,37.13,37.71,47648.0,
2025-12-11,TIGERLOGS,38.4,38.4,37.31,37.59,24965.0,
2025-12-12,TIGERLOGS,37.78,38.5,37.41,38.11,37874.0,
2025-12-15,TIGERLOGS,38.11,39.85,37.97,38.77,78035.0,
2025-12-16,TIGERLOGS,39.18,39.18,37.5,37.7,47830.0,
2025-12-17,TIGERLOGS,37.81,38.12,37.03,37.41,33040.0,
2025-12-18,TIGERLOGS,37.5,37.5,35.31,36.27,89568.0,
2025-12-19,TIGERLOGS,35.86,38.0,35.86,37.17,44442.0,
2025-12-22,TIGERLOGS,37.23,37.74,36.68,37.16,43172.0,
2025-12-23,TIGERLOGS,37.3,37.64,36.77,37.06,83337.0,
2025-12-24,TIGERLOGS,37.79,37.99,37.1,37.38,37940.0,
2025-12-26,TIGERLOGS,37.9,37.9,36.5,37.03,53743.0,
2025-12-29,TIGERLOGS,37.59,37.59,34.25,35.25,142289.0,
2025-12-30,TIGERLOGS,35.84,35.84,32.11,34.12,168372.0,
2025-12-31,TIGERLOGS,34.5,35.85,34.08,35.55,67088.0,
2026-01-01,TIGERLOGS,35.95,36.5,35.7,36.38,37239.0,
2026-01-02,TIGERLOGS,37.0,37.0,36.14,36.53,33470.0,
2026-01-05,TIGERLOGS,37.5,37.5,35.76,36.14,39639.0,
2026-01-06,TIGERLOGS,36.83,36.99,35.2,35.42,29955.0,
2026-01-07,TIGERLOGS,35.52,36.5,34.75,35.77,37485.0,
2026-01-08,TIGERLOGS,35.77,36.12,33.56,34.15,63551.0,
2026-01-09,TIGERLOGS,34.15,34.83,32.2,33.06,94844.0,
2026-01-12,TIGERLOGS,33.07,33.74,32.41,33.0,54502.0,
2026-01-13,TIGERLOGS,33.01,33.93,33.0,33.26,33209.0,
2026-01-14,TIGERLOGS,33.5,33.68,29.57,31.43,707922.0,
2026-01-16,TIGERLOGS,31.99,33.99,31.5,33.22,79633.0,
2026-01-19,TIGERLOGS,33.74,33.74,31.56,31.79,62585.0,
2026-01-20,TIGERLOGS,32.04,32.19,29.25,30.14,100876.0,
2026-01-21,TIGERLOGS,29.95,30.72,29.03,29.54,119401.0,
2026-01-22,TIGERLOGS,30.48,30.88,29.6,30.17,42587.0,
2026-01-23,TIGERLOGS,30.7,30.7,28.61,29.18,56378.0,
2026-01-27,TIGERLOGS,30.7,30.7,28.91,30.2,64452.0,
2026-01-28,TIGERLOGS,29.5,31.2,29.5,30.81,47811.0,
2026-01-29,TIGERLOGS,30.81,31.83,30.0,30.22,33812.0,
2026-01-30,TIGERLOGS,30.25,30.88,29.69,30.42,23272.0,
2026-02-02,TIGERLOGS,30.3,30.82,29.35,29.74,24262.0,
2026-02-03,TIGERLOGS,32.79,32.79,31.3,31.81,142341.0,
2026-02-04,TIGERLOGS,32.45,35.0,31.81,33.97,177829.0,
2026-02-05,TIGERLOGS,35.0,35.75,32.8,32.94,51269.0,
2026-02-06,TIGERLOGS,32.2,33.05,31.35,32.15,34398.0,
2026-02-09,TIGERLOGS,32.5,34.0,32.15,33.86,166517.0,
2026-02-10,TIGERLOGS,34.9,34.9,33.14,34.03,67449.0,
2026-02-11,TIGERLOGS,34.85,34.85,32.46,33.08,97755.0,
2026-02-12,TIGERLOGS,33.91,38.09,32.95,37.22,965106.0,
2026-02-13,TIGERLOGS,36.5,36.83,33.59,34.89,312242.0,
2026-02-16,TIGERLOGS,34.99,36.4,33.62,34.23,55715.0,
2026-02-17,TIGERLOGS,33.52,36.5,32.8,33.85,219920.0,
2026-02-18,TIGERLOGS,33.41,33.62,33.0,33.1,63561.0,
2026-02-19,TIGERLOGS,33.88,33.88,32.1,32.24,70451.0,
2026-02-20,TIGERLOGS,33.23,33.23,31.21,32.11,87242.0,
2026-02-23,TIGERLOGS,32.88,33.06,31.51,31.87,35978.0,
2026-02-24,TIGERLOGS,32.21,32.49,31.22,31.88,45155.0,
2026-02-25,TIGERLOGS,32.4,32.4,31.14,32.01,96344.0,
2026-02-26,TIGERLOGS,32.89,32.89,31.72,32.17,41228.0,
2026-02-27,TIGERLOGS,32.17,32.17,30.11,30.71,79759.0,
2026-03-02,TIGERLOGS,29.51,31.38,29.51,30.03,118566.0,
2026-03-04,TIGERLOGS,29.1,29.95,28.1,28.77,290711.0,
2026-03-05,TIGERLOGS,29.0,30.0,28.82,29.43,37025.0,
2026-03-06,TIGERLOGS,29.36,29.85,28.25,28.49,75871.0,
2026-03-09,TIGERLOGS,28.2,28.83,27.01,27.8,42312.0,
2026-03-10,TIGERLOGS,28.82,28.83,27.5,27.9,47057.0,
2026-03-11,TIGERLOGS,27.9,28.48,27.7,27.76,179657.0,
2026-03-12,TIGERLOGS,27.76,29.0,27.29,27.74,47592.0,
2026-03-13,TIGERLOGS,28.0,28.0,26.91,27.52,80942.0,
2026-03-16,TIGERLOGS,27.0,27.68,25.73,26.18,77043.0,
2026-03-17,TIGERLOGS,26.85,26.97,25.96,26.11,46824.0,
2026-03-18,TIGERLOGS,26.06,27.07,26.01,26.73,38119.0,
2026-03-19,TIGERLOGS,26.7,26.73,24.5,24.99,131646.0,
2026-03-20,TIGERLOGS,25.2,25.95,25.0,25.09,33777.0,
2026-03-23,TIGERLOGS,24.5,26.95,22.9,25.01,216723.0,
2026-03-24,TIGERLOGS,25.58,27.0,25.32,26.56,153626.0,
2026-03-25,TIGERLOGS,26.55,28.39,25.25,26.69,254754.0,
2026-03-27,TIGERLOGS,26.4,26.4,24.0,24.8,398752.0,
2026-03-30,TIGERLOGS,24.99,25.3,23.46,23.9,303940.0,
2026-04-01,TIGERLOGS,24.2,26.99,24.2,26.33,121449.0,
2026-04-02,TIGERLOGS,26.25,26.25,25.07,25.74,75808.0,
2026-04-06,TIGERLOGS,26.21,26.8,25.31,25.55,139099.0,
2026-04-07,TIGERLOGS,25.4,27.09,24.75,26.5,70554.0,
2026-04-08,TIGERLOGS,28.89,29.25,27.28,27.99,129270.0,
2026-04-09,TIGERLOGS,28.95,28.95,27.81,28.84,68427.0,
2026-04-10,TIGERLOGS,29.25,30.3,28.98,29.97,82443.0,
2026-04-13,TIGERLOGS,28.99,29.5,27.75,28.77,383243.0,
2026-04-15,TIGERLOGS,29.4,33.69,29.4,31.86,115113.0,
2026-04-16,TIGERLOGS,32.9,33.12,31.86,32.11,97874.0,
2026-04-17,TIGERLOGS,32.13,33.1,31.75,32.64,136898.0,
2026-04-20,TIGERLOGS,33.25,33.25,30.31,30.87,73790.0,
2026-04-21,TIGERLOGS,31.0,33.64,30.97,33.18,181771.0,
2026-04-22,TIGERLOGS,32.5,34.02,32.5,33.18,58161.0,
2026-04-23,TIGERLOGS,33.4,34.0,32.01,33.28,269340.0,
2026-04-24,TIGERLOGS,33.8,33.8,32.0,32.27,31702.0,
2026-04-27,TIGERLOGS,32.27,32.85,31.57,31.88,103469.0,
2026-04-28,TIGERLOGS,32.4,36.7,31.8,35.71,296907.0,
2026-04-29,TIGERLOGS,36.0,36.6,35.1,35.66,96199.0,
2026-04-30,TIGERLOGS,35.66,35.66,34.25,35.03,88219.0,
2026-05-04,TIGERLOGS,34.2,37.0,34.11,35.47,98385.0,
2026-05-05,TIGERLOGS,34.73,38.69,34.73,38.52,370160.0,
2026-05-06,TIGERLOGS,39.3,41.49,38.1,39.18,862766.0,
2026-05-07,TIGERLOGS,39.35,41.9,38.61,41.57,306734.0,
2026-05-08,TIGERLOGS,40.05,47.8,40.05,47.14,1583613.0,
2026-05-11,TIGERLOGS,46.94,47.45,42.0,43.01,855570.0,
2026-05-12,TIGERLOGS,42.82,43.49,37.31,38.06,373351.0,
2026-05-13,TIGERLOGS,37.3,39.96,37.3,39.96,61496.0,
2026-05-14,TIGERLOGS,40.0,40.0,37.97,38.04,91606.0,
2026-05-15,TIGERLOGS,36.51,37.96,36.31,36.86,56979.0,
2026-05-18,TIGERLOGS,35.25,36.13,35.02,35.02,64366.0,
2026-05-19,TIGERLOGS,34.0,35.65,33.27,34.89,49881.0,
2026-05-20,TIGERLOGS,34.89,35.48,34.2,34.9,31204.0,
2026-05-21,TIGERLOGS,34.8,36.24,34.8,35.82,30236.0,
2026-05-22,TIGERLOGS,35.85,36.97,35.1,35.44,31878.0,
2026-05-25,TIGERLOGS,34.56,37.0,34.56,35.89,43509.0,
2026-05-26,TIGERLOGS,35.2,37.2,35.2,36.13,44256.0,
2026-05-27,TIGERLOGS,35.9,36.89,35.0,35.91,19337.0,
2026-05-29,TIGERLOGS,35.25,35.6,34.33,34.8,44900.0,
2026-06-01,TIGERLOGS,34.79,35.1,33.06,33.06,74786.0,
2026-06-02,TIGERLOGS,32.99,33.35,31.51,33.02,42652.0,
2026-06-03,TIGERLOGS,32.94,33.24,31.5,32.05,46355.0,
2026-06-04,TIGERLOGS,32.29,33.65,32.0,33.51,41292.0,
2026-06-05,TIGERLOGS,33.1,35.15,33.1,34.46,55332.0,
2026-06-08,TIGERLOGS,34.46,35.7,33.75,34.78,204864.0,
2026-06-09,TIGERLOGS,34.78,35.89,34.68,35.5,32850.0,
2026-06-10,TIGERLOGS,35.99,37.26,34.37,36.41,67151.0,
2026-06-11,TIGERLOGS,35.6,36.4,34.59,34.98,121055.0,
2026-06-12,TIGERLOGS,34.25,35.5,34.25,35.01,12871.0,
2026-06-15,TIGERLOGS,35.18,35.98,34.0,35.31,74408.0,
2026-06-16,TIGERLOGS,35.31,35.95,34.15,35.25,19578.0,
2026-06-17,TIGERLOGS,35.17,35.17,34.59,34.8,26691.0,
2026-06-18,TIGERLOGS,34.8,35.39,34.6,35.16,23344.0,
2026-06-19,TIGERLOGS,35.16,35.72,34.8,35.35,25740.0,
2026-06-22,TIGERLOGS,35.5,37.11,35.5,36.89,57349.0,
2026-06-23,TIGERLOGS,37.49,38.73,36.5,37.4,91348.0,
2026-06-24,TIGERLOGS,37.88,38.8,35.6,38.22,48508.0,
2026-06-25,TIGERLOGS,38.41,39.0,37.0,37.95,461588.0,
2026-06-29,TIGERLOGS,37.87,37.87,36.06,36.58,51751.0,
2026-06-30,TIGERLOGS,36.0,38.35,35.05,37.05,53576.0,
2026-07-01,TIGERLOGS,36.05,36.88,35.21,35.41,83065.0,
2026-07-02,TIGERLOGS,35.67,35.8,34.16,34.54,60873.0,
2026-07-03,TIGERLOGS,34.3,34.9,34.24,34.41,32036.0,
2026-07-06,TIGERLOGS,34.41,34.97,34.25,34.48,11678.0,
2026-07-07,TIGERLOGS,34.5,34.9,33.73,33.98,34394.0,
2026-07-08,TIGERLOGS,33.36,34.3,33.3,33.42,11669.0,
2026-07-09,TIGERLOGS,33.42,33.9,33.03,33.26,40119.0,
2026-07-10,TIGERLOGS,33.26,34.17,33.01,33.18,25100.0,
2026-07-13,TIGERLOGS,33.6,33.65,32.71,33.0,86056.0,
2026-07-14,TIGERLOGS,32.51,33.9,32.51,32.72,10165.0,
2026-07-15,TIGERLOGS,32.72,33.34,32.0,32.9,13454.0,
2026-07-16,TIGERLOGS,32.98,33.39,32.4,32.94,4300.0,
2026-07-17,TIGERLOGS,32.9,32.99,32.11,32.55,8541.0,
2026-07-20,TIGERLOGS,32.84,32.93,31.5,32.14,20976.0,
2026-07-21,TIGERLOGS,32.49,32.49,31.32,31.55,16383.0,
2026-07-22,TIGERLOGS,32.18,32.47,30.55,31.3,12748.0,
2026-07-23,TIGERLOGS,30.66,31.28,30.66,30.96,6956.0,
2026-07-24,TIGERLOGS,30.81,31.6,30.5,31.4,14493.0,
2026-07-27,TIGERLOGS,31.25,32.6,31.25,31.85,10733.0,
2026-07-28,TIGERLOGS,31.85,32.39,30.65,31.13,25644.0,
2026-07-29,TIGERLOGS,31.12,31.9,29.75,30.01,138326.0,
2026-07-30,TIGERLOGS,30.01,30.01,28.83,28.98,85002.0,
2026-07-31,TIGERLOGS,29.5,29.5,28.17,28.37,72119.0,
2026-08-03,TIGERLOGS,28.89,29.4,27.33,27.44,207337.0,
2026-08-04,TIGERLOGS,27.86,27.86,26.77,26.81,131716.0,
2026-08-05,TIGERLOGS,27.1,27.4,25.9,25.99,201931.0,
2026-08-06,TIGERLOGS,26.2,27.15,25.99,26.57,270331.0,
2026-08-07,TIGERLOGS,26.92,27.69,25.8,27.49,594901.0,
2026-08-10,TIGERLOGS,27.49,27.88,26.49,26.54,97729.0,
2026-08-11,TIGERLOGS,26.67,26.98,25.8,25.99,113202.0,
2026-08-12,TIGERLOGS,26.38,26.78,25.03,25.88,125760.0,
2026-08-13,TIGERLOGS,25.87,25.87,25.31,25.49,134260.0,
2026-08-14,TIGERLOGS,25.95,25.95,25.1,25.46,396115.0,
2026-08-17,TIGERLOGS,25.96,27.4,25.06,27.08,1049551.0,
2026-08-18,TIGERLOGS,26.8,28.0,26.31,27.98,1144954.0,
2026-08-19,TIGERLOGS,29.18,29.18,28.26,28.98,479465.0,
2026-08-20,TIGERLOGS,29.13,29.86,29.0,29.41,450232.0,
2026-08-21,TIGERLOGS,29.14,30.87,29.14,30.31,604512.0,
2026-08-24,TIGERLOGS,30.45,30.51,28.38,29.5,290578.0,
2026-08-25,TIGERLOGS,29.99,30.8,29.0,30.5,132987.0,
2026-08-26,TIGERLOGS,30.01,32.45,28.58,29.54,437213.0,
2026-08-27,TIGERLOGS,29.54,30.48,29.48,30.09,242067.0,
2026-08-28,TIGERLOGS,30.09,30.39,29.0,29.45,92798.0,
2026-08-31,TIGERLOGS,28.65,29.63,28.06,28.26,67699.0,
2026-09-01,TIGERLOGS,28.43,28.89,27.62,28.15,52124.0,
2026-09-02,TIGERLOGS,28.15,28.45,27.86,28.25,28811.0,
2026-09-03,TIGERLOGS,28.66,30.19,28.25,29.22,113888.0,
2026-09-04,TIGERLOGS,29.88,29.88,28.16,28.61,168111.0,
2026-09-07,TIGERLOGS,28.61,29.37,28.01,28.08,56684.0,
2026-09-08,TIGERLOGS,28.32,28.76,27.59,27.82,39299.0,
2026-09-09,TIGERLOGS,27.82,28.86,27.1,27.36,71997.0,
2026-09-10,TIGERLOGS,27.58,27.88,27.36,27.73,64523.0,
2026-09-11,TIGERLOGS,27.11,28.42,26.95,27.16,76584.0,
2025-10-03,TRUALT,545.4,549.0,512.8,530.95,15118475.0,
2025-10-06,TRUALT,533.0,534.5,505.6,510.9,2147139.0,
2025-10-07,TRUALT,513.0,518.0,500.0,504.75,1958008.0,
2025-10-08,TRUALT,504.7,510.85,490.0,494.15,960235.0,
2025-10-09,TRUALT,494.0,515.6,494.0,503.1,1109647.0,
2025-10-10,TRUALT,505.0,524.9,505.0,519.7,1938977.0,
2025-10-13,TRUALT,519.7,524.9,510.0,512.35,681828.0,
2025-10-14,TRUALT,513.75,514.7,479.1,480.75,1317674.0,
2025-10-15,TRUALT,482.95,491.8,471.4,484.25,618344.0,
2025-10-16,TRUALT,485.5,492.4,479.05,482.5,725233.0,
2025-10-17,TRUALT,482.9,484.6,469.0,476.1,557328.0,
2025-10-20,TRUALT,481.05,482.0,455.75,461.75,706433.0,
2025-10-21,TRUALT,467.65,481.5,464.85,478.4,213647.0,
2025-10-23,TRUALT,479.35,479.45,460.65,462.8,294804.0,
2025-10-24,TRUALT,463.1,463.95,452.0,456.8,289984.0,
2025-10-27,TRUALT,454.1,456.85,441.1,448.15,341048.0,
2025-10-28,TRUALT,447.45,450.7,442.0,444.3,181221.0,
2025-10-29,TRUALT,443.5,463.0,439.25,446.0,423728.0,
2025-10-30,TRUALT,446.0,458.4,440.5,455.95,329375.0,
2025-10-31,TRUALT,456.1,457.95,444.55,446.1,130798.0,
2025-11-03,TRUALT,446.4,447.45,432.0,435.4,255393.0,
2025-11-04,TRUALT,438.3,442.85,420.9,422.3,440481.0,
2025-11-06,TRUALT,422.6,432.2,401.85,414.25,677590.0,
2025-11-07,TRUALT,408.3,430.0,405.1,423.2,287988.0,
2025-11-10,TRUALT,427.3,488.0,424.7,479.0,3901906.0,
2025-11-11,TRUALT,478.0,478.0,455.05,460.85,695941.0,
2025-11-12,TRUALT,445.5,486.0,433.0,482.4,1785276.0,
2025-11-13,TRUALT,479.5,482.1,464.25,474.2,388076.0,
2025-11-14,TRUALT,478.0,478.0,454.0,457.9,181474.0,
2025-11-17,TRUALT,473.95,481.0,466.15,472.55,604424.0,
2025-11-18,TRUALT,475.0,475.0,460.75,466.15,481468.0,
2025-11-19,TRUALT,461.95,464.75,451.0,453.75,157638.0,
2025-11-20,TRUALT,450.05,452.95,444.45,448.45,95836.0,
2025-11-21,TRUALT,449.0,459.15,443.7,448.9,161571.0,
2025-11-24,TRUALT,450.0,452.05,426.0,430.5,112078.0,
2025-11-25,TRUALT,430.5,454.0,426.55,444.9,202966.0,
2025-11-26,TRUALT,445.05,456.7,438.4,453.65,191192.0,
2025-11-27,TRUALT,451.0,456.0,443.1,449.0,84759.0,
2025-11-28,TRUALT,447.55,451.6,438.45,445.8,123065.0,
2025-12-01,TRUALT,448.95,449.0,398.55,419.4,285959.0,
2025-12-02,TRUALT,426.95,447.75,425.15,430.95,454300.0,
2025-12-03,TRUALT,431.0,431.9,419.0,419.85,122741.0,
2025-12-04,TRUALT,419.9,433.85,416.95,430.7,139891.0,
2025-12-05,TRUALT,435.0,435.0,416.0,420.1,209761.0,
2025-12-08,TRUALT,421.0,421.9,396.0,399.9,445393.0,
2025-12-09,TRUALT,400.7,412.0,388.45,403.9,468679.0,
2025-12-10,TRUALT,405.95,410.05,395.2,397.35,257256.0,
2025-12-11,TRUALT,402.2,413.0,395.3,403.0,462786.0,
2025-12-12,TRUALT,403.2,412.0,402.4,407.15,228428.0,
2025-12-15,TRUALT,408.25,432.45,403.7,418.15,307753.0,
2025-12-16,TRUALT,413.95,425.3,410.25,422.8,273321.0,
2025-12-17,TRUALT,421.8,421.8,408.0,410.35,88628.0,
2025-12-18,TRUALT,408.0,413.1,401.05,406.95,81336.0,
2025-12-19,TRUALT,412.5,414.0,405.0,406.7,102406.0,
2025-12-22,TRUALT,410.6,411.45,403.0,404.7,121160.0,
2025-12-23,TRUALT,410.8,411.75,399.6,405.15,502735.0,
2025-12-24,TRUALT,405.15,420.95,405.15,408.0,140820.0,
2025-12-26,TRUALT,408.7,410.4,384.0,402.7,682907.0,
2025-12-29,TRUALT,399.0,404.1,396.3,399.25,136802.0,
2025-12-30,TRUALT,399.0,399.85,394.05,396.1,60319.0,
2025-12-31,TRUALT,390.0,407.4,390.0,403.85,100400.0,
2026-01-01,TRUALT,406.75,406.75,398.0,400.3,54005.0,
2026-01-02,TRUALT,399.95,417.45,397.5,411.15,256525.0,
2026-01-05,TRUALT,410.95,412.0,398.65,399.55,83987.0,
2026-01-06,TRUALT,400.95,404.0,396.4,399.25,126280.0,
2026-01-07,TRUALT,399.9,403.0,395.75,400.45,129938.0,
2026-01-08,TRUALT,400.2,402.3,387.05,389.65,146501.0,
2026-01-09,TRUALT,392.5,393.8,371.1,378.75,179754.0,
2026-01-12,TRUALT,380.95,381.15,363.55,370.4,188095.0,
2026-01-13,TRUALT,371.9,378.0,365.4,370.15,130777.0,
2026-01-14,TRUALT,370.15,373.45,363.3,366.55,112847.0,
2026-01-16,TRUALT,366.55,377.75,366.55,371.5,62297.0,
2026-01-19,TRUALT,368.05,374.05,366.1,369.8,65930.0,
2026-01-20,TRUALT,368.0,368.0,345.6,352.05,111064.0,
2026-01-21,TRUALT,348.0,353.75,335.0,337.2,193377.0,
2026-01-22,TRUALT,340.95,345.4,336.0,341.45,69261.0,
2026-01-23,TRUALT,346.0,346.0,318.05,319.65,230869.0,
2026-01-27,TRUALT,319.95,333.9,310.2,333.2,209489.0,
2026-01-28,TRUALT,337.9,358.6,333.2,353.95,187682.0,
2026-01-29,TRUALT,355.0,382.7,350.05,378.4,196579.0,
2026-01-30,TRUALT,378.4,385.15,367.75,381.85,258904.0,
2026-02-02,TRUALT,374.25,387.0,362.2,382.9,132204.0,
2026-02-03,TRUALT,398.0,412.9,391.95,402.65,566209.0,
2026-02-04,TRUALT,386.55,396.75,364.05,382.7,756508.0,
2026-02-05,TRUALT,385.75,410.0,377.55,407.9,371576.0,
2026-02-06,TRUALT,405.0,445.35,403.0,426.3,819800.0,
2026-02-09,TRUALT,434.05,443.0,427.0,435.7,342214.0,
2026-02-10,TRUALT,435.7,446.2,431.8,443.95,236200.0,
2026-02-11,TRUALT,442.6,450.8,435.1,436.75,136339.0,
2026-02-12,TRUALT,435.3,442.2,426.6,434.85,132539.0,
2026-02-13,TRUALT,434.55,435.2,413.0,419.7,160442.0,
2026-02-16,TRUALT,420.6,424.7,404.7,412.6,224045.0,
2026-02-17,TRUALT,411.4,415.45,405.7,409.55,99869.0,
2026-02-18,TRUALT,409.0,430.25,407.2,428.35,157539.0,
2026-02-19,TRUALT,431.0,432.0,413.5,414.25,120023.0,
2026-02-20,TRUALT,414.25,422.0,405.0,409.4,73923.0,
2026-02-23,TRUALT,409.0,413.75,387.0,409.2,227604.0,
2026-02-24,TRUALT,405.5,413.8,403.7,411.2,56055.0,
2026-02-25,TRUALT,410.3,414.0,405.7,407.75,58538.0,
2026-02-26,TRUALT,404.1,410.35,394.55,403.3,206129.0,
2026-02-27,TRUALT,403.5,406.0,396.6,401.4,53461.0,
2026-03-02,TRUALT,389.0,397.4,370.0,376.7,139413.0,
2026-03-04,TRUALT,368.05,381.0,367.2,376.35,137110.0,
2026-03-05,TRUALT,380.0,384.75,369.1,375.1,85008.0,
2026-03-06,TRUALT,372.0,377.0,364.05,367.1,53236.0,
2026-03-09,TRUALT,362.0,376.5,357.0,371.2,127964.0,
2026-03-10,TRUALT,375.0,386.95,372.05,373.75,130417.0,
2026-03-11,TRUALT,375.0,396.9,373.1,388.65,216443.0,
2026-03-12,TRUALT,390.6,404.9,382.0,402.6,139488.0,
2026-03-13,TRUALT,402.6,402.6,375.0,389.55,117567.0,
2026-03-16,TRUALT,390.65,393.75,370.8,375.25,348128.0,
2026-03-17,TRUALT,378.25,386.45,370.25,385.05,418979.0,
2026-03-18,TRUALT,389.85,391.0,380.75,388.05,96107.0,
2026-03-19,TRUALT,385.0,400.0,381.0,396.8,220763.0,
2026-03-20,TRUALT,398.0,418.0,397.75,409.25,389049.0,
2026-03-23,TRUALT,409.0,409.9,372.9,384.8,504610.0,
2026-03-24,TRUALT,395.5,401.8,382.05,398.7,105803.0,
2026-03-25,TRUALT,401.8,415.55,398.35,411.85,313564.0,
2026-03-27,TRUALT,404.95,408.95,381.0,389.5,160426.0,
2026-03-30,TRUALT,385.05,412.0,381.85,403.4,231157.0,
2026-04-01,TRUALT,414.0,417.6,408.0,410.75,120490.0,
2026-04-02,TRUALT,409.0,418.0,399.0,414.2,108018.0,
2026-04-06,TRUALT,415.0,427.7,410.85,421.45,99885.0,
2026-04-07,TRUALT,424.0,427.25,410.85,418.65,162808.0,
2026-04-08,TRUALT,430.0,431.0,414.15,416.1,207466.0,
2026-04-09,TRUALT,414.0,419.95,410.55,415.05,264632.0,
2026-04-10,TRUALT,415.9,419.8,414.2,417.25,226076.0,
2026-04-13,TRUALT,410.1,413.4,402.0,409.6,186093.0,
2026-04-15,TRUALT,410.65,414.65,404.75,408.9,213492.0,
2026-04-16,TRUALT,414.0,425.95,412.25,419.5,186621.0,
2026-04-17,TRUALT,419.25,449.7,419.25,444.65,782440.0,
2026-04-20,TRUALT,448.6,460.5,443.1,458.0,511780.0,
2026-04-21,TRUALT,461.9,475.5,445.25,457.0,484288.0,
2026-04-22,TRUALT,460.65,470.0,457.65,459.8,457538.0,
2026-04-23,TRUALT,470.5,500.0,468.35,488.4,1780395.0,
2026-04-24,TRUALT,494.8,497.0,473.25,488.55,411196.0,
2026-04-27,TRUALT,494.9,498.0,474.15,477.45,297639.0,
2026-04-28,TRUALT,477.0,485.0,459.45,476.75,451220.0,
2026-04-29,TRUALT,484.0,508.0,480.15,486.05,968277.0,
2026-04-30,TRUALT,488.4,499.0,487.1,492.45,365632.0,
2026-05-04,TRUALT,497.9,503.0,480.1,492.2,388733.0,
2026-05-05,TRUALT,495.0,501.55,489.0,492.05,235971.0,
2026-05-06,TRUALT,493.2,499.9,477.7,479.6,358437.0,
2026-05-07,TRUALT,480.1,482.05,471.2,477.05,212094.0,
2026-05-08,TRUALT,479.0,490.0,475.5,484.8,351412.0,
2026-05-11,TRUALT,483.4,483.4,467.4,475.8,253430.0,
2026-05-12,TRUALT,474.3,478.95,453.9,457.65,241840.0,
2026-05-13,TRUALT,459.95,467.7,450.1,463.2,264204.0,
2026-05-14,TRUALT,470.0,470.0,445.1,448.95,192035.0,
2026-05-15,TRUALT,451.0,462.5,442.65,452.15,177036.0,
2026-05-18,TRUALT,452.15,452.2,437.95,444.4,163785.0,
2026-05-19,TRUALT,451.4,466.0,445.0,461.85,171525.0,
2026-05-20,TRUALT,465.0,480.0,458.0,478.2,207996.0,
2026-05-21,TRUALT,478.95,489.0,474.3,478.15,162403.0,
2026-05-22,TRUALT,480.85,498.3,479.3,495.1,607691.0,
2026-05-25,TRUALT,440.0,494.5,419.15,484.2,2890964.0,
2026-05-26,TRUALT,481.0,498.0,477.45,491.85,547212.0,
2026-05-27,TRUALT,494.95,499.6,491.05,493.55,296758.0,
2026-05-29,TRUALT,497.0,515.9,480.25,487.55,950599.0,
2026-06-01,TRUALT,487.55,507.0,487.05,495.2,446433.0,
2026-06-02,TRUALT,495.9,514.8,489.05,506.55,563595.0,
2026-06-03,TRUALT,510.0,513.0,484.1,505.7,1095585.0,
2026-06-04,TRUALT,509.2,513.8,497.85,503.0,691762.0,
2026-06-05,TRUALT,501.3,511.0,499.15,505.15,828663.0,
2026-06-08,TRUALT,500.0,526.7,495.1,515.9,2097281.0,
2026-06-09,TRUALT,521.0,536.9,513.3,531.95,1015431.0,
2026-06-10,TRUALT,538.7,542.0,501.5,510.25,615721.0,
2026-06-11,TRUALT,512.8,519.8,495.1,498.65,482635.0,
2026-06-12,TRUALT,511.8,511.8,495.1,501.25,317617.0,
2026-06-15,TRUALT,515.0,515.0,490.05,492.65,307007.0,
2026-06-16,TRUALT,500.0,502.35,480.45,494.65,367174.0,
2026-06-17,TRUALT,499.05,504.0,488.45,491.6,197860.0,
2026-06-18,TRUALT,491.05,497.0,485.1,489.0,156576.0,
2026-06-19,TRUALT,498.85,504.8,488.0,491.7,422845.0,
2026-06-22,TRUALT,494.9,497.0,475.0,480.3,230713.0,
2026-06-23,TRUALT,483.8,483.8,463.25,467.1,278910.0,
2026-06-24,TRUALT,469.9,477.8,455.55,476.5,324806.0,
2026-06-25,TRUALT,475.55,478.45,463.45,467.65,152303.0,
2026-06-29,TRUALT,467.65,467.65,454.55,459.7,146688.0,
2026-06-30,TRUALT,459.9,461.9,451.5,453.45,80444.0,
2026-07-01,TRUALT,454.3,475.9,447.0,466.85,325794.0,
2026-07-02,TRUALT,472.3,474.9,463.95,472.3,92245.0,
2026-07-03,TRUALT,470.05,475.05,458.45,470.4,236237.0,
2026-07-06,TRUALT,470.0,470.3,453.0,460.1,154825.0,
2026-07-07,TRUALT,460.5,461.0,446.15,456.85,108733.0,
2026-07-08,TRUALT,455.0,456.15,437.1,442.75,143114.0,
2026-07-09,TRUALT,449.95,452.95,441.1,446.65,146867.0,
2026-07-10,TRUALT,449.95,449.95,439.4,440.9,94860.0,
2026-07-13,TRUALT,440.5,445.45,432.35,435.45,220777.0,
2026-07-14,TRUALT,432.0,443.7,421.95,425.65,223187.0,
2026-07-15,TRUALT,426.0,432.5,425.1,427.8,86273.0,
2026-07-16,TRUALT,427.6,432.2,418.5,420.65,88156.0,
2026-07-17,TRUALT,422.6,434.7,412.0,417.2,146364.0,
2026-07-20,TRUALT,414.55,424.6,411.0,420.1,204574.0,
2026-07-21,TRUALT,422.05,423.4,414.0,419.45,95065.0,
2026-07-22,TRUALT,418.3,434.9,408.3,430.6,269100.0,
2026-07-23,TRUALT,425.0,452.4,422.0,431.9,1942086.0,
2026-07-24,TRUALT,430.0,439.0,426.5,428.95,287154.0,
2026-07-27,TRUALT,442.0,442.0,414.2,421.25,373174.0,
2026-07-28,TRUALT,424.6,430.8,411.0,419.15,359987.0,
2026-07-29,TRUALT,450.0,454.7,425.5,430.15,2996757.0,
2026-07-30,TRUALT,435.0,444.0,427.25,435.8,228674.0,
2026-07-31,TRUALT,437.0,437.0,421.05,423.0,142418.0,
2026-08-03,TRUALT,424.9,439.0,422.5,437.85,184496.0,
2026-08-04,TRUALT,437.4,444.0,433.05,436.7,137633.0,
2026-08-05,TRUALT,438.0,468.05,428.35,461.55,735504.0,
2026-08-06,TRUALT,461.55,472.3,460.4,464.3,275309.0,
2026-08-07,TRUALT,465.05,483.9,465.0,477.05,527721.0,
2026-08-10,TRUALT,486.0,486.0,473.0,478.5,341611.0,
2026-08-11,TRUALT,480.95,482.75,473.1,478.1,203745.0,
2026-08-12,TRUALT,478.1,481.2,457.45,465.1,213395.0,
2026-08-13,TRUALT,465.1,491.0,462.8,489.35,1026278.0,
2026-08-14,TRUALT,493.0,494.0,479.85,481.6,232321.0,
2026-08-17,TRUALT,485.7,487.7,476.0,479.25,273305.0,
2026-08-18,TRUALT,483.9,483.9,469.9,474.5,309251.0,
2026-08-19,TRUALT,476.95,479.45,469.85,472.0,86380.0,
2026-08-20,TRUALT,474.95,474.95,460.0,462.6,166763.0,
2026-08-21,TRUALT,465.0,465.4,444.3,446.15,239491.0,
2026-08-24,TRUALT,449.5,454.9,440.0,441.85,219809.0,
2026-08-25,TRUALT,444.0,448.45,433.1,435.55,218221.0,
2026-08-26,TRUALT,439.7,452.7,434.1,442.2,185736.0,
2026-08-27,TRUALT,444.5,444.6,432.3,433.85,73493.0,
2026-08-28,TRUALT,434.0,438.6,430.85,434.15,69662.0,
2026-08-31,TRUALT,435.0,435.25,413.65,429.6,308868.0,
2026-09-01,TRUALT,429.95,433.35,420.5,428.15,80033.0,
2026-09-02,TRUALT,427.5,432.4,422.45,428.85,67695.0,
2026-09-03,TRUALT,432.0,433.05,424.25,426.4,165202.0,
2026-09-04,TRUALT,426.4,430.95,420.4,425.25,121440.0,
2026-09-07,TRUALT,425.95,433.85,420.0,424.1,73764.0,
2026-09-08,TRUALT,424.0,425.5,410.85,415.7,139457.0,
2026-09-09,TRUALT,415.7,428.6,415.0,421.15,119790.0,
2026-09-10,TRUALT,423.05,424.05,414.35,419.65,92623.0,
2026-09-11,TRUALT,416.1,423.95,413.55,416.35,99815.0,
2025-08-29,UYFINCORP,12.77,13.3,11.16,11.91,2084628.0,
2025-09-01,UYFINCORP,12.35,14.29,12.3,12.82,5630287.0,
2025-09-02,UYFINCORP,12.99,13.78,12.85,13.12,1288530.0,
2025-09-03,UYFINCORP,13.12,13.5,13.05,13.15,402382.0,
2025-09-04,UYFINCORP,13.4,13.86,12.66,12.95,1314034.0,
2025-09-05,UYFINCORP,13.05,13.48,12.89,13.05,323894.0,
2025-09-08,UYFINCORP,13.5,14.25,13.15,13.23,467544.0,
2025-09-09,UYFINCORP,13.45,13.89,12.16,13.05,2001725.0,
2025-09-10,UYFINCORP,13.15,13.35,12.93,13.13,172358.0,
2025-09-11,UYFINCORP,13.13,13.35,12.51,13.06,1343304.0,
2025-09-12,UYFINCORP,13.16,13.34,13.01,13.15,112703.0,
2025-09-15,UYFINCORP,13.25,13.33,13.1,13.21,167427.0,
2025-09-16,UYFINCORP,13.4,13.48,13.15,13.42,298907.0,
2025-09-17,UYFINCORP,13.6,13.6,12.9,13.18,580291.0,
2025-09-18,UYFINCORP,13.4,13.4,13.2,13.28,61814.0,
2025-09-19,UYFINCORP,13.5,13.85,13.16,13.67,291908.0,
2025-09-22,UYFINCORP,13.95,14.5,13.33,13.83,1055956.0,
2025-09-23,UYFINCORP,13.83,14.43,13.53,14.14,446332.0,
2025-09-24,UYFINCORP,14.28,16.3,14.03,15.63,1948409.0,
2025-09-25,UYFINCORP,15.63,16.0,15.15,15.25,532920.0,
2025-09-26,UYFINCORP,15.25,15.54,14.75,14.9,323102.0,
2025-09-29,UYFINCORP,15.15,15.15,14.36,14.76,180268.0,
2025-09-30,UYFINCORP,14.46,15.1,14.36,14.97,279096.0,
2025-10-01,UYFINCORP,14.8,15.3,14.7,15.2,144260.0,
2025-10-03,UYFINCORP,15.2,15.5,15.1,15.16,201173.0,
2025-10-06,UYFINCORP,15.28,15.72,15.25,15.26,111442.0,
2025-10-07,UYFINCORP,15.0,15.31,14.58,14.99,99678.0,
2025-10-08,UYFINCORP,14.99,15.36,14.76,14.85,119299.0,
2025-10-09,UYFINCORP,14.85,15.1,14.73,14.91,181530.0,
2025-10-10,UYFINCORP,14.98,15.2,14.8,14.92,97437.0,
2025-10-13,UYFINCORP,14.82,15.04,14.8,14.85,104029.0,
2025-10-14,UYFINCORP,14.8,15.08,14.14,14.46,595346.0,
2025-10-15,UYFINCORP,14.68,14.97,14.26,14.41,170765.0,
2025-10-16,UYFINCORP,14.41,14.92,14.32,14.7,275947.0,
2025-10-17,UYFINCORP,14.7,15.0,14.41,14.55,119214.0,
2025-10-20,UYFINCORP,14.65,14.99,14.43,14.88,62594.0,
2025-10-21,UYFINCORP,15.0,15.0,14.45,14.73,28498.0,
2025-10-23,UYFINCORP,14.92,15.3,14.6,14.97,254203.0,
2025-10-24,UYFINCORP,14.9,14.99,14.49,14.89,194303.0,
2025-10-27,UYFINCORP,14.7,15.15,14.63,14.96,116119.0,
2025-10-28,UYFINCORP,15.09,15.21,14.71,14.85,226241.0,
2025-10-29,UYFINCORP,14.79,14.9,14.19,14.26,507391.0,
2025-10-30,UYFINCORP,14.33,14.85,14.33,14.73,222491.0,
2025-10-31,UYFINCORP,14.8,15.1,14.48,15.03,253567.0,
2025-11-03,UYFINCORP,15.29,15.9,15.2,15.48,240473.0,
2025-11-04,UYFINCORP,15.8,15.88,14.63,14.85,491755.0,
2025-11-06,UYFINCORP,15.29,15.85,14.81,15.65,558392.0,
2025-11-07,UYFINCORP,15.75,16.2,15.26,16.08,288019.0,
2025-11-10,UYFINCORP,16.18,17.4,16.02,16.44,704763.0,
2025-11-11,UYFINCORP,16.77,16.77,15.91,16.04,159029.0,
2025-11-12,UYFINCORP,16.04,16.53,15.56,15.86,146438.0,
2025-11-13,UYFINCORP,15.51,16.5,15.51,16.31,397853.0,
2025-11-14,UYFINCORP,16.5,16.56,15.6,16.04,435078.0,
2025-11-17,UYFINCORP,15.76,16.42,15.16,15.43,309696.0,
2025-11-18,UYFINCORP,15.45,15.55,15.0,15.16,75832.0,
2025-11-19,UYFINCORP,15.15,15.69,15.0,15.26,14723.0,
2025-11-20,UYFINCORP,15.01,15.45,14.8,14.97,49331.0,
2025-11-21,UYFINCORP,15.48,15.48,14.55,14.79,48763.0,
2025-11-24,UYFINCORP,15.23,15.23,14.23,14.41,39518.0,
2025-11-25,UYFINCORP,14.41,14.89,14.28,14.4,86205.0,
2025-11-26,UYFINCORP,14.4,14.96,14.4,14.42,24834.0,
2025-11-27,UYFINCORP,14.26,14.94,14.26,14.46,25171.0,
2025-11-28,UYFINCORP,14.92,14.93,14.4,14.57,45759.0,
2025-12-01,UYFINCORP,14.8,14.9,14.4,14.8,37204.0,
2025-12-02,UYFINCORP,15.09,15.09,14.31,14.59,9380.0,
2025-12-03,UYFINCORP,14.59,14.9,14.4,14.4,14634.0,
2025-12-04,UYFINCORP,14.21,14.7,14.21,14.41,4022.0,
2025-12-05,UYFINCORP,14.34,14.9,14.32,14.59,18689.0,
2025-12-08,UYFINCORP,14.95,15.17,14.4,14.42,33458.0,
2025-12-09,UYFINCORP,14.42,14.64,14.0,14.57,30701.0,
2025-12-10,UYFINCORP,14.73,14.73,14.4,14.46,14536.0,
2025-12-11,UYFINCORP,14.88,14.88,14.4,14.45,24851.0,
2025-12-12,UYFINCORP,14.83,14.83,13.75,14.48,34608.0,
2025-12-15,UYFINCORP,14.47,14.8,13.81,14.22,41141.0,
2025-12-16,UYFINCORP,14.49,14.49,14.0,14.29,37499.0,
2025-12-17,UYFINCORP,13.7,14.55,13.7,14.1,46791.0,
2025-12-18,UYFINCORP,14.09,14.1,13.93,13.99,36824.0,
2025-12-19,UYFINCORP,13.9,14.15,13.3,13.99,58736.0,
2025-12-22,UYFINCORP,13.45,14.28,13.45,14.03,23308.0,
2025-12-23,UYFINCORP,14.25,14.4,14.0,14.25,36399.0,
2025-12-24,UYFINCORP,14.75,14.75,13.99,14.28,37883.0,
2025-12-26,UYFINCORP,14.55,14.99,13.77,14.35,36152.0,
2025-12-29,UYFINCORP,14.88,15.05,14.06,14.15,72686.0,
2025-12-30,UYFINCORP,14.6,14.6,14.07,14.17,8665.0,
2025-12-31,UYFINCORP,14.01,14.49,13.5,14.35,55997.0,
2026-01-01,UYFINCORP,14.35,14.5,13.95,14.07,18251.0,
2026-01-02,UYFINCORP,14.43,14.5,13.97,14.06,80228.0,
2026-01-05,UYFINCORP,14.5,14.5,13.51,14.38,62842.0,
2026-01-06,UYFINCORP,14.67,14.67,13.9,14.24,15033.0,
2026-01-07,UYFINCORP,14.06,14.35,13.96,13.97,6063.0,
2026-01-08,UYFINCORP,13.98,14.3,13.86,13.87,15067.0,
2026-01-09,UYFINCORP,14.29,14.29,13.31,13.94,37385.0,
2026-01-12,UYFINCORP,13.99,13.99,13.6,13.62,11877.0,
2026-01-13,UYFINCORP,13.56,13.96,13.56,13.6,13757.0,
2026-01-14,UYFINCORP,13.5,14.04,13.5,13.57,111064.0,
2026-01-16,UYFINCORP,13.49,13.8,13.3,13.52,146631.0,
2026-01-19,UYFINCORP,13.06,13.69,13.06,13.52,25925.0,
2026-01-20,UYFINCORP,13.35,13.62,13.23,13.24,20122.0,
2026-01-21,UYFINCORP,13.02,13.4,12.85,12.88,43271.0,
2026-01-22,UYFINCORP,12.65,13.27,12.65,12.83,17502.0,
2026-01-23,UYFINCORP,13.15,13.15,12.5,12.54,46314.0,
2026-01-27,UYFINCORP,12.6,12.9,12.59,12.71,33186.0,
2026-01-28,UYFINCORP,12.8,13.0,12.14,12.49,76177.0,
2026-01-29,UYFINCORP,12.61,12.8,12.01,12.21,87725.0,
2026-01-30,UYFINCORP,12.05,12.65,12.01,12.5,107626.0,
2026-02-02,UYFINCORP,12.78,13.41,12.78,13.4,324296.0,
2026-02-03,UYFINCORP,13.41,14.07,13.41,13.77,705245.0,
2026-02-04,UYFINCORP,13.77,13.99,13.42,13.52,254017.0,
2026-02-05,UYFINCORP,14.19,14.19,13.81,14.19,384500.0,
2026-02-06,UYFINCORP,14.89,14.89,14.19,14.83,241708.0,
2026-02-09,UYFINCORP,15.45,15.47,15.0,15.29,212283.0,
2026-02-10,UYFINCORP,15.0,15.6,14.53,14.95,366557.0,
2026-02-11,UYFINCORP,14.79,14.9,14.51,14.6,142697.0,
2026-02-12,UYFINCORP,14.6,14.9,14.5,14.55,88537.0,
2026-02-13,UYFINCORP,14.55,14.81,14.26,14.41,63226.0,
2026-02-16,UYFINCORP,14.5,14.5,13.9,14.03,29282.0,
2026-02-17,UYFINCORP,14.49,14.49,13.66,14.38,58328.0,
2026-02-18,UYFINCORP,14.49,14.5,14.25,14.3,43535.0,
2026-02-19,UYFINCORP,14.5,14.5,14.21,14.39,55882.0,
2026-02-20,UYFINCORP,14.68,14.85,13.81,14.26,22291.0,
2026-02-23,UYFINCORP,14.9,15.5,14.46,14.88,283484.0,
2026-02-24,UYFINCORP,14.57,14.85,14.2,14.34,106147.0,
2026-02-25,UYFINCORP,14.83,14.85,14.2,14.2,91850.0,
2026-02-26,UYFINCORP,15.19,15.19,14.26,14.47,42077.0,
2026-02-27,UYFINCORP,14.0,14.5,14.0,14.11,62148.0,
2026-03-02,UYFINCORP,14.0,14.49,13.16,13.78,225693.0,
2026-03-04,UYFINCORP,13.26,13.78,13.2,13.52,71927.0,
2026-03-05,UYFINCORP,13.8,13.9,13.51,13.6,33243.0,
2026-03-06,UYFINCORP,13.0,13.85,13.0,13.45,31682.0,
2026-03-09,UYFINCORP,13.45,13.45,13.26,13.28,46626.0,
2026-03-10,UYFINCORP,13.27,13.89,13.27,13.73,11929.0,
2026-03-11,UYFINCORP,13.35,14.18,13.35,13.66,57829.0,
2026-03-12,UYFINCORP,13.41,13.73,13.21,13.59,58280.0,
2026-03-13,UYFINCORP,13.35,13.74,13.16,13.38,60028.0,
2026-03-16,UYFINCORP,13.74,13.74,13.21,13.31,123399.0,
2026-03-17,UYFINCORP,13.01,13.74,13.01,13.43,65221.0,
2026-03-18,UYFINCORP,13.49,13.94,12.42,13.73,68540.0,
2026-03-19,UYFINCORP,13.72,13.94,12.71,12.92,202820.0,
2026-03-20,UYFINCORP,12.92,13.47,12.71,12.87,161416.0,
2026-03-23,UYFINCORP,12.72,12.9,12.01,12.11,81855.0,
2026-03-24,UYFINCORP,12.7,13.3,12.35,12.78,51673.0,
2026-03-25,UYFINCORP,12.79,13.31,12.3,12.62,133093.0,
2026-03-27,UYFINCORP,12.9,12.9,12.0,12.08,124782.0,
2026-03-30,UYFINCORP,11.92,12.6,11.5,11.58,88483.0,
2026-04-01,UYFINCORP,13.2,13.2,12.48,12.88,53676.0,
2026-04-02,UYFINCORP,12.87,12.99,12.27,12.96,13112.0,
2026-04-06,UYFINCORP,12.94,13.19,12.51,12.74,40425.0,
2026-04-07,UYFINCORP,12.94,13.26,12.71,13.24,35731.0,
2026-04-08,UYFINCORP,13.49,13.75,12.68,13.7,172427.0,
2026-04-09,UYFINCORP,13.65,13.84,13.55,13.63,29123.0,
2026-04-10,UYFINCORP,13.6,14.0,13.02,13.73,32530.0,
2026-04-13,UYFINCORP,13.73,14.29,13.26,14.21,128508.0,
2026-04-15,UYFINCORP,14.3,14.4,13.52,14.35,124797.0,
2026-04-16,UYFINCORP,14.45,14.5,14.11,14.4,131115.0,
2026-04-17,UYFINCORP,14.4,14.65,14.17,14.4,66193.0,
2026-04-20,UYFINCORP,14.65,14.79,13.76,14.31,157360.0,
2026-04-21,UYFINCORP,14.31,14.5,14.27,14.35,83303.0,
2026-04-22,UYFINCORP,14.47,14.49,14.05,14.27,58517.0,
2026-04-23,UYFINCORP,14.27,14.4,14.0,14.35,71027.0,
2026-04-24,UYFINCORP,14.45,14.45,13.76,14.19,18518.0,
2026-04-27,UYFINCORP,14.06,14.49,14.06,14.47,55119.0,
2026-04-28,UYFINCORP,14.47,14.47,14.07,14.36,11789.0,
2026-04-29,UYFINCORP,14.21,14.5,14.17,14.4,23406.0,
2026-04-30,UYFINCORP,14.33,14.69,14.1,14.54,94853.0,
2026-05-04,UYFINCORP,14.45,14.69,14.12,14.27,25491.0,
2026-05-05,UYFINCORP,14.48,14.59,14.15,14.5,50002.0,
2026-05-06,UYFINCORP,14.79,14.79,14.1,14.44,58362.0,
2026-05-07,UYFINCORP,14.6,14.6,14.26,14.56,9193.0,
2026-05-08,UYFINCORP,14.97,14.97,14.26,14.59,66357.0,
2026-05-11,UYFINCORP,14.25,14.59,14.25,14.42,33962.0,
2026-05-12,UYFINCORP,14.31,14.39,13.61,13.93,51935.0,
2026-05-13,UYFINCORP,13.92,14.16,13.61,14.01,55199.0,
2026-05-14,UYFINCORP,13.81,14.38,13.81,14.03,19303.0,
2026-05-15,UYFINCORP,14.03,14.8,13.36,14.1,187376.0,
2026-05-18,UYFINCORP,14.1,14.39,13.6,13.91,50526.0,
2026-05-19,UYFINCORP,14.0,14.47,13.81,14.24,23152.0,
2026-05-20,UYFINCORP,14.01,15.5,14.01,14.83,776786.0,
2026-05-21,UYFINCORP,15.15,15.15,14.62,14.92,155692.0,
2026-05-22,UYFINCORP,15.27,15.27,14.65,15.02,168173.0,
2026-05-25,UYFINCORP,15.0,15.3,14.25,14.69,86210.0,
2026-05-26,UYFINCORP,15.09,15.1,14.3,14.84,94468.0,
2026-05-27,UYFINCORP,14.9,15.0,14.32,14.49,128417.0,
2026-05-29,UYFINCORP,15.68,15.8,14.9,15.15,397541.0,
2026-06-01,UYFINCORP,15.3,15.63,14.77,14.96,118786.0,
2026-06-02,UYFINCORP,14.67,15.3,14.67,14.84,50882.0,
2026-06-03,UYFINCORP,14.98,15.19,14.41,14.64,77534.0,
2026-06-04,UYFINCORP,14.84,14.95,14.35,14.54,51209.0,
2026-06-05,UYFINCORP,14.54,14.94,14.35,14.6,46244.0,
2026-06-08,UYFINCORP,14.2,14.84,14.03,14.21,68714.0,
2026-06-09,UYFINCORP,14.4,14.66,13.73,14.02,62931.0,
2026-06-10,UYFINCORP,14.3,14.69,14.0,14.11,55956.0,
2026-06-11,UYFINCORP,14.33,14.45,14.02,14.18,18791.0,
2026-06-12,UYFINCORP,14.5,14.5,14.0,14.27,42248.0,
2026-06-15,UYFINCORP,14.29,14.85,14.29,14.47,127058.0,
2026-06-16,UYFINCORP,14.47,14.78,14.31,14.66,39190.0,
2026-06-17,UYFINCORP,14.63,14.9,14.3,14.47,46843.0,
2026-06-18,UYFINCORP,14.58,14.85,14.25,14.62,42272.0,
2026-06-19,UYFINCORP,14.62,14.62,14.38,14.51,18831.0,
2026-06-22,UYFINCORP,14.4,14.75,13.23,14.42,96022.0,
2026-06-23,UYFINCORP,14.71,14.71,13.91,14.09,72637.0,
2026-06-24,UYFINCORP,14.09,14.68,13.61,14.13,75336.0,
2026-06-25,UYFINCORP,13.92,14.5,13.92,14.02,103055.0,
2026-06-29,UYFINCORP,13.74,14.29,13.63,13.99,58684.0,
2026-06-30,UYFINCORP,13.95,14.25,13.95,14.13,118395.0,
2026-07-01,UYFINCORP,14.3,14.8,13.98,14.41,367155.0,
2026-07-02,UYFINCORP,14.82,15.44,14.3,15.08,239770.0,
2026-07-03,UYFINCORP,15.44,15.5,15.12,15.4,610882.0,
2026-07-06,UYFINCORP,15.25,16.39,15.24,15.6,330635.0,
2026-07-07,UYFINCORP,15.67,15.87,15.37,15.39,381890.0,
2026-07-08,UYFINCORP,15.86,15.86,15.3,15.63,352943.0,
2026-07-09,UYFINCORP,15.65,15.84,15.62,15.67,104817.0,
2026-07-10,UYFINCORP,15.74,16.49,15.57,16.4,683376.0,
2026-07-13,UYFINCORP,16.47,16.92,16.4,16.7,688501.0,
2026-07-14,UYFINCORP,16.9,16.9,15.62,16.43,432593.0,
2026-07-15,UYFINCORP,16.69,17.1,15.9,16.58,492382.0,
2026-07-16,UYFINCORP,16.98,16.98,16.07,16.63,404334.0,
2026-07-17,UYFINCORP,16.65,17.1,16.19,16.75,544263.0,
2026-07-20,UYFINCORP,16.8,17.2,16.74,17.06,432111.0,
2026-07-21,UYFINCORP,17.06,17.2,16.2,17.14,629530.0,
2026-07-22,UYFINCORP,17.5,17.5,17.02,17.24,278208.0,
2026-07-23,UYFINCORP,17.35,19.85,16.92,19.25,1604368.0,
2026-07-24,UYFINCORP,19.01,19.29,18.22,18.57,423697.0,
2026-07-27,UYFINCORP,18.99,19.33,18.61,18.88,383173.0,
2026-07-28,UYFINCORP,19.0,19.9,18.54,19.49,561264.0,
2026-07-29,UYFINCORP,19.89,19.95,19.2,19.66,298245.0,
2026-07-30,UYFINCORP,19.51,19.96,19.13,19.79,818595.0,
2026-07-31,UYFINCORP,19.79,19.96,19.51,19.95,408460.0,
2026-08-03,UYFINCORP,19.8,19.94,19.53,19.76,245080.0,
2026-08-04,UYFINCORP,19.79,19.97,18.72,19.36,759105.0,
2026-08-05,UYFINCORP,19.36,19.8,19.15,19.25,684088.0,
2026-08-06,UYFINCORP,19.69,19.7,19.0,19.2,476546.0,
2026-08-07,UYFINCORP,19.2,22.34,19.02,20.36,3974832.0,
2026-08-10,UYFINCORP,20.65,21.8,20.35,21.02,1054758.0,
2026-08-11,UYFINCORP,21.3,21.35,19.97,19.97,118129.0,
2026-08-12,UYFINCORP,18.98,20.0,18.98,19.21,372149.0,
2026-08-13,UYFINCORP,19.15,20.17,18.99,20.16,295518.0,
2026-08-14,UYFINCORP,20.16,21.15,20.0,21.08,205537.0,
2026-08-17,UYFINCORP,21.11,22.0,21.01,21.39,344198.0,
2026-08-18,UYFINCORP,21.79,22.28,20.33,20.37,287353.0,
2026-08-19,UYFINCORP,21.08,21.08,19.55,20.22,177227.0,
2026-08-20,UYFINCORP,20.8,21.09,20.0,20.22,73001.0,
2026-08-21,UYFINCORP,20.36,21.1,19.75,20.14,144231.0,
2026-08-24,UYFINCORP,20.14,20.9,20.0,20.09,36796.0,
2026-08-25,UYFINCORP,20.89,20.89,19.61,19.86,65304.0,
2026-08-26,UYFINCORP,19.62,20.55,19.62,20.12,175105.0,
2026-08-27,UYFINCORP,20.74,20.74,19.6,20.1,59260.0,
2026-08-28,UYFINCORP,20.2,20.24,19.7,19.86,41108.0,
2026-08-31,UYFINCORP,20.0,20.24,18.9,19.52,85828.0,
2026-09-01,UYFINCORP,19.52,20.19,19.52,19.84,32127.0,
2026-09-02,UYFINCORP,19.9,19.9,19.05,19.3,96462.0,
2026-09-03,UYFINCORP,19.5,20.0,19.5,19.93,134148.0,
2026-09-04,UYFINCORP,20.02,20.7,19.62,19.73,122444.0,
2026-09-07,UYFINCORP,20.2,20.2,19.06,19.63,96033.0,
2026-09-08,UYFINCORP,20.2,20.25,19.65,19.88,82188.0,
2026-09-09,UYFINCORP,20.14,20.14,19.4,19.44,40538.0,
2026-09-10,UYFINCORP,19.75,19.9,19.17,19.31,27889.0,
2026-09-11,UYFINCORP,19.31,20.0,19.0,19.74,105430.0,
2026-06-02,VIVIANA,951.0,967.9,880.0,909.2,19635.0,
2026-06-03,VIVIANA,909.2,910.0,870.0,876.7,20221.0,
2026-06-04,VIVIANA,881.05,897.0,851.0,882.75,15357.0,
2026-06-05,VIVIANA,887.0,926.0,882.5,887.5,15969.0,
2026-06-08,VIVIANA,847.0,873.9,843.15,845.55,19320.0,
2026-06-09,VIVIANA,807.0,840.0,807.0,821.5,22043.0,
2026-06-10,VIVIANA,823.0,839.0,801.0,818.1,14590.0,
2026-06-11,VIVIANA,819.95,838.9,796.0,812.45,23453.0,
2026-06-12,VIVIANA,815.0,825.0,801.0,817.55,11414.0,
2026-06-15,VIVIANA,820.0,858.0,809.0,846.45,34416.0,
2026-06-16,VIVIANA,849.9,866.0,830.0,843.7,21067.0,
2026-06-17,VIVIANA,840.0,844.0,801.55,814.95,64467.0,
2026-06-18,VIVIANA,814.0,814.0,776.4,793.55,58110.0,
2026-06-19,VIVIANA,788.2,820.0,775.0,813.85,29341.0,
2026-06-22,VIVIANA,802.0,854.5,802.0,851.65,33262.0,
2026-06-23,VIVIANA,868.0,874.1,845.0,853.95,23116.0,
2026-06-24,VIVIANA,865.5,868.9,825.0,859.45,16799.0,
2026-06-25,VIVIANA,859.45,859.45,832.0,837.9,17220.0,
2026-06-29,VIVIANA,830.0,838.0,810.1,820.2,11495.0,
2026-06-30,VIVIANA,837.9,837.9,816.5,827.8,8646.0,
2026-07-01,VIVIANA,819.05,847.8,816.55,822.7,8091.0,
2026-07-02,VIVIANA,847.0,847.0,801.5,826.45,8944.0,
2026-07-03,VIVIANA,812.9,837.95,810.0,815.7,9632.0,
2026-07-06,VIVIANA,813.1,822.0,788.0,794.5,16508.0,
2026-07-07,VIVIANA,790.0,820.0,765.1,803.15,22285.0,
2026-07-08,VIVIANA,790.0,795.0,763.0,765.05,19147.0,
2026-07-09,VIVIANA,775.45,792.0,749.0,777.1,26560.0,
2026-07-10,VIVIANA,777.1,793.0,745.65,772.0,20782.0,
2026-07-13,VIVIANA,768.0,799.9,751.05,792.75,16896.0,
2026-07-14,VIVIANA,790.95,799.0,776.0,780.1,11430.0,
2026-07-15,VIVIANA,788.0,788.8,764.9,769.45,7432.0,
2026-07-16,VIVIANA,770.0,777.95,756.0,767.0,5486.0,
2026-07-17,VIVIANA,773.0,773.0,728.65,730.4,43363.0,
2026-07-20,VIVIANA,735.3,735.3,699.0,702.95,32601.0,
2026-07-21,VIVIANA,707.3,708.05,675.05,704.85,22323.0,
2026-07-22,VIVIANA,713.5,738.95,713.5,733.15,24721.0,
2026-07-23,VIVIANA,740.0,740.0,710.0,715.4,20231.0,
2026-07-24,VIVIANA,715.0,715.0,695.0,697.45,18114.0,
2026-07-27,VIVIANA,704.65,732.3,702.5,732.3,18357.0,
2026-07-28,VIVIANA,739.9,768.9,723.55,762.85,21685.0,
2026-07-29,VIVIANA,767.95,780.4,724.75,727.6,14643.0,
2026-07-30,VIVIANA,725.0,741.9,710.0,719.25,9508.0,
2026-07-31,VIVIANA,719.25,729.45,710.05,718.55,6555.0,
2026-08-03,VIVIANA,722.1,734.9,701.1,717.9,15056.0,
2026-08-04,VIVIANA,716.95,728.9,690.0,702.65,16567.0,
2026-08-05,VIVIANA,708.0,737.75,699.0,728.8,46384.0,
2026-08-06,VIVIANA,727.95,729.85,702.0,710.2,29467.0,
2026-08-07,VIVIANA,717.9,719.0,705.0,715.8,18441.0,
2026-08-10,VIVIANA,711.0,719.0,702.0,703.8,21621.0,
2026-08-11,VIVIANA,695.1,710.0,690.0,691.35,14620.0,
2026-08-12,VIVIANA,698.35,724.0,661.0,706.9,41972.0,
2026-08-13,VIVIANA,691.1,724.0,685.2,702.75,26567.0,
2026-08-14,VIVIANA,723.9,723.9,692.0,700.75,10588.0,
2026-08-17,VIVIANA,717.0,717.0,686.0,696.05,12290.0,
2026-08-18,VIVIANA,699.5,716.0,687.1,700.0,16764.0,
2026-08-19,VIVIANA,704.0,704.0,687.55,690.25,8487.0,
2026-08-20,VIVIANA,685.3,714.0,685.0,705.0,18579.0,
2026-08-21,VIVIANA,703.85,705.0,686.1,692.4,14604.0,
2026-08-24,VIVIANA,709.8,727.0,690.0,727.0,37462.0,
2026-08-25,VIVIANA,720.0,744.85,719.9,725.7,20595.0,
2026-08-26,VIVIANA,739.65,739.65,720.9,734.55,10730.0,
2026-08-27,VIVIANA,734.55,750.0,715.0,729.3,10608.0,
2026-08-28,VIVIANA,744.8,744.8,716.05,728.4,9344.0,
2026-08-31,VIVIANA,728.4,739.0,715.0,727.55,14166.0,
2026-09-01,VIVIANA,726.7,754.95,718.0,740.55,19712.0,
2026-09-02,VIVIANA,743.95,754.9,715.0,750.4,17022.0,
2026-09-03,VIVIANA,750.4,774.0,747.7,766.4,15025.0,
2026-09-04,VIVIANA,761.0,804.7,751.25,804.7,24977.0,
2026-09-07,VIVIANA,816.0,830.0,773.0,776.55,41040.0,
2026-09-08,VIVIANA,794.9,794.9,725.1,740.85,27600.0,
2026-09-09,VIVIANA,739.9,773.9,732.05,769.55,33047.0,
2026-09-10,VIVIANA,762.4,795.0,758.0,769.15,24002.0,
2026-09-11,VIVIANA,750.0,774.75,748.0,752.15,12940.0,
2025-08-29,VSTL,156.45,159.93,154.62,156.15,37547.0,
2025-09-01,VSTL,156.25,163.97,156.25,161.14,45988.0,
2025-09-02,VSTL,161.18,162.19,158.0,158.81,21827.0,
2025-09-03,VSTL,160.0,165.13,160.0,162.41,38166.0,
2025-09-04,VSTL,164.9,164.9,160.02,161.16,19191.0,
2025-09-05,VSTL,160.15,164.49,159.08,160.9,24740.0,
2025-09-08,VSTL,168.0,168.0,160.21,161.87,45503.0,
2025-09-09,VSTL,164.69,164.69,159.03,159.7,12377.0,
2025-09-10,VSTL,162.5,164.0,160.0,160.81,19013.0,
2025-09-11,VSTL,162.5,163.8,159.2,160.31,21688.0,
2025-09-12,VSTL,161.5,163.0,158.0,159.95,27697.0,
2025-09-15,VSTL,159.95,162.39,159.62,160.33,18630.0,
2025-09-16,VSTL,162.89,163.8,160.0,162.99,17435.0,
2025-09-17,VSTL,161.65,163.38,159.1,161.23,17672.0,
2025-09-18,VSTL,163.79,163.79,160.0,160.98,16347.0,
2025-09-19,VSTL,160.99,164.0,160.01,162.63,22516.0,
2025-09-22,VSTL,163.7,164.58,160.26,161.04,20444.0,
2025-09-23,VSTL,161.99,163.79,161.14,161.94,11346.0,
2025-09-24,VSTL,162.9,162.9,158.0,159.24,10530.0,
2025-09-25,VSTL,159.24,161.2,156.01,157.07,17306.0,
2025-09-26,VSTL,157.84,157.84,155.0,155.29,15521.0,
2025-09-29,VSTL,158.4,158.4,154.7,156.17,9940.0,
2025-09-30,VSTL,157.99,157.99,153.23,154.89,10559.0,
2025-10-01,VSTL,154.89,156.25,149.41,153.34,39460.0,
2025-10-03,VSTL,152.65,158.25,152.65,156.72,12155.0,
2025-10-06,VSTL,156.73,158.8,152.5,152.94,14339.0,
2025-10-07,VSTL,152.94,154.7,148.24,148.94,21766.0,
2025-10-08,VSTL,149.24,152.0,149.24,150.31,14273.0,
2025-10-09,VSTL,149.25,150.78,148.43,149.1,13928.0,
2025-10-10,VSTL,149.8,151.75,149.76,151.19,5439.0,
2025-10-13,VSTL,151.0,151.41,148.11,149.19,11000.0,
2025-10-14,VSTL,149.19,151.4,148.0,149.76,12826.0,
2025-10-15,VSTL,150.21,151.49,146.0,148.36,18003.0,
2025-10-16,VSTL,150.5,151.8,148.1,149.52,10865.0,
2025-10-17,VSTL,149.52,150.69,145.16,146.89,8257.0,
2025-10-20,VSTL,149.79,149.79,142.06,146.38,14887.0,
2025-10-21,VSTL,145.15,151.69,145.15,148.18,4006.0,
2025-10-23,VSTL,147.35,151.01,146.21,146.96,12383.0,
2025-10-24,VSTL,146.65,153.0,146.5,147.23,23148.0,
2025-10-27,VSTL,149.7,149.7,142.01,144.72,23467.0,
2025-10-28,VSTL,144.25,146.76,142.1,144.01,11392.0,
2025-10-29,VSTL,144.35,146.09,144.0,144.49,13689.0,
2025-10-30,VSTL,143.2,146.51,143.0,143.7,15079.0,
2025-10-31,VSTL,145.29,145.98,143.5,144.06,21675.0,
2025-11-03,VSTL,144.25,145.79,141.9,142.86,11876.0,
2025-11-04,VSTL,144.8,147.9,143.58,145.52,26488.0,
2025-11-06,VSTL,145.22,145.23,142.0,142.36,8380.0,
2025-11-07,VSTL,145.2,145.2,140.0,142.82,13488.0,
2025-11-10,VSTL,145.7,145.7,135.52,139.5,29977.0,
2025-11-11,VSTL,140.0,141.99,138.51,140.44,15490.0,
2025-11-12,VSTL,141.19,146.9,141.0,145.38,25481.0,
2025-11-13,VSTL,146.0,146.0,136.2,137.53,60488.0,
2025-11-14,VSTL,139.98,139.98,135.05,137.14,28132.0,
2025-11-17,VSTL,140.0,142.81,137.21,138.16,13140.0,
2025-11-18,VSTL,138.69,139.0,137.0,137.4,8097.0,
2025-11-19,VSTL,138.7,138.7,136.42,137.94,5682.0,
2025-11-20,VSTL,138.01,138.69,137.0,137.62,4503.0,
2025-11-21,VSTL,138.0,138.15,135.5,136.11,10158.0,
2025-11-24,VSTL,135.55,136.93,132.06,133.25,10406.0,
2025-11-25,VSTL,133.5,134.78,131.21,132.33,14819.0,
2025-11-26,VSTL,132.4,135.25,132.4,133.49,5121.0,
2025-11-27,VSTL,134.55,135.8,133.81,134.86,3658.0,
2025-11-28,VSTL,135.06,135.38,132.98,133.36,4910.0,
2025-12-01,VSTL,135.4,135.4,133.08,134.77,6788.0,
2025-12-02,VSTL,137.0,137.0,131.01,134.11,9833.0,
2025-12-03,VSTL,132.45,135.45,130.55,132.26,11459.0,
2025-12-04,VSTL,132.26,133.98,129.1,131.47,11934.0,
2025-12-05,VSTL,130.65,133.38,129.28,130.34,5764.0,
2025-12-08,VSTL,132.3,132.3,119.92,121.38,39710.0,
2025-12-09,VSTL,120.95,124.17,117.02,124.05,21159.0,
2025-12-10,VSTL,122.5,128.58,122.5,126.05,14581.0,
2025-12-11,VSTL,129.0,129.0,126.25,126.45,9709.0,
2025-12-12,VSTL,128.83,128.83,126.25,126.81,8021.0,
2025-12-15,VSTL,125.0,135.18,125.0,134.09,74260.0,
2025-12-16,VSTL,134.0,138.0,133.99,136.3,26878.0,
2025-12-17,VSTL,139.0,140.0,128.35,130.05,19347.0,
2025-12-18,VSTL,132.44,132.44,127.0,130.75,27726.0,
2025-12-19,VSTL,133.89,135.72,131.81,133.74,8857.0,
2025-12-22,VSTL,138.0,138.0,132.74,134.36,11324.0,
2025-12-23,VSTL,133.65,134.92,130.01,131.81,7444.0,
2025-12-24,VSTL,133.05,134.3,132.0,132.64,3113.0,
2025-12-26,VSTL,131.35,134.94,131.35,132.64,3517.0,
2025-12-29,VSTL,130.85,133.0,130.85,131.68,8578.0,
2025-12-30,VSTL,129.0,132.8,129.0,131.57,6401.0,
2025-12-31,VSTL,131.58,135.49,131.5,132.5,10330.0,
2026-01-01,VSTL,132.15,139.19,132.15,136.6,16163.0,
2026-01-02,VSTL,139.34,139.34,134.01,136.63,4792.0,
2026-01-05,VSTL,136.63,139.7,134.0,135.07,13582.0,
2026-01-06,VSTL,138.6,138.6,134.4,136.26,18066.0,
2026-01-07,VSTL,138.88,138.88,127.0,129.66,61062.0,
2026-01-08,VSTL,130.19,131.98,128.0,128.88,7888.0,
2026-01-09,VSTL,128.15,133.68,125.25,126.35,10839.0,
2026-01-12,VSTL,126.35,133.78,124.0,131.9,24728.0,
2026-01-13,VSTL,132.14,135.0,130.51,130.97,9345.0,
2026-01-14,VSTL,130.97,132.65,128.05,129.38,5902.0,
2026-01-16,VSTL,129.38,131.49,128.1,128.65,5231.0,
2026-01-19,VSTL,128.65,130.02,125.0,127.69,4374.0,
2026-01-20,VSTL,127.69,127.69,114.0,116.58,106968.0,
2026-01-21,VSTL,116.58,120.9,116.58,117.97,11914.0,
2026-01-22,VSTL,118.56,119.94,116.5,117.97,13587.0,
2026-01-23,VSTL,118.02,118.84,116.55,116.92,8409.0,
2026-01-27,VSTL,116.02,118.97,116.02,117.92,5916.0,
2026-01-28,VSTL,118.9,119.77,117.62,118.79,7207.0,
2026-01-29,VSTL,120.51,121.1,115.07,116.1,13848.0,
2026-01-30,VSTL,116.1,118.59,115.51,117.4,9601.0,
2026-02-02,VSTL,121.0,121.0,115.0,117.42,7810.0,
2026-02-03,VSTL,120.01,120.01,115.0,117.4,19383.0,
2026-02-04,VSTL,115.4,119.35,115.4,117.42,24274.0,
2026-02-05,VSTL,119.5,119.5,117.4,117.79,13258.0,
2026-02-06,VSTL,117.8,118.88,116.03,117.18,7437.0,
2026-02-09,VSTL,120.6,120.6,115.3,118.57,10839.0,
2026-02-10,VSTL,117.3,120.98,117.3,119.94,14599.0,
2026-02-11,VSTL,120.11,121.99,118.01,118.88,9333.0,
2026-02-12,VSTL,118.8,120.55,117.95,119.78,4866.0,
2026-02-13,VSTL,119.75,120.79,117.1,119.36,9055.0,
2026-02-16,VSTL,117.1,118.9,116.5,117.07,12187.0,
2026-02-17,VSTL,117.5,118.24,115.51,115.8,17006.0,
2026-02-18,VSTL,116.15,119.0,115.51,118.26,17337.0,
2026-02-19,VSTL,117.55,119.69,115.6,116.59,16803.0,
2026-02-20,VSTL,117.0,119.69,115.0,116.85,12359.0,
2026-02-23,VSTL,117.0,119.0,115.01,117.17,16881.0,
2026-02-24,VSTL,115.0,116.82,115.0,115.21,12896.0,
2026-02-25,VSTL,116.43,117.48,114.0,115.42,21089.0,
2026-02-26,VSTL,117.0,117.0,114.0,116.03,11062.0,
2026-02-27,VSTL,116.03,117.5,114.0,116.76,10821.0,
2026-03-02,VSTL,100.8,114.19,100.8,112.31,37144.0,
2026-03-04,VSTL,114.89,114.89,105.71,107.92,33476.0,
2026-03-05,VSTL,108.31,119.45,106.91,113.72,22781.0,
2026-03-06,VSTL,113.79,113.79,107.17,110.24,40774.0,
2026-03-09,VSTL,110.0,112.0,105.26,109.46,40235.0,
2026-03-10,VSTL,111.01,113.68,105.5,107.35,71709.0,
2026-03-11,VSTL,111.0,113.59,107.1,112.53,26588.0,
2026-03-12,VSTL,110.0,115.0,109.18,113.88,45106.0,
2026-03-13,VSTL,110.6,115.18,110.3,114.1,42861.0,
2026-03-16,VSTL,114.9,114.9,103.75,107.93,196090.0,
2026-03-17,VSTL,108.02,109.95,106.9,108.53,52689.0,
2026-03-18,VSTL,109.99,114.89,107.0,112.34,48491.0,
2026-03-19,VSTL,112.34,114.5,108.0,112.29,24461.0,
2026-03-20,VSTL,112.85,119.0,112.81,113.12,59227.0,
2026-03-23,VSTL,117.0,117.0,105.02,105.96,57562.0,
2026-03-24,VSTL,110.0,112.07,105.96,107.61,83502.0,
2026-03-25,VSTL,107.61,113.2,107.61,110.23,81895.0,
2026-03-27,VSTL,110.23,110.62,105.0,105.24,71076.0,
2026-03-30,VSTL,106.0,107.93,101.06,102.25,30925.0,
2026-04-01,VSTL,103.8,110.0,103.8,108.76,10835.0,
2026-04-02,VSTL,108.76,109.99,103.91,108.63,8272.0,
2026-04-06,VSTL,107.01,110.0,107.01,109.22,13130.0,
2026-04-07,VSTL,109.45,112.45,107.95,111.82,13196.0,
2026-04-08,VSTL,115.0,115.0,112.11,113.87,25398.0,
2026-04-09,VSTL,113.9,114.87,109.3,114.19,8992.0,
2026-04-10,VSTL,114.58,115.98,114.5,115.42,28438.0,
2026-04-13,VSTL,115.42,117.7,112.62,116.91,15139.0,
2026-04-15,VSTL,117.96,120.48,116.38,119.0,21203.0,
2026-04-16,VSTL,120.96,136.0,120.84,132.88,75226.0,
2026-04-17,VSTL,134.1,138.52,134.1,135.18,59871.0,
2026-04-20,VSTL,135.18,135.7,127.25,128.11,19814.0,
2026-04-21,VSTL,128.12,132.16,127.61,127.87,7295.0,
2026-04-22,VSTL,128.4,129.0,126.0,127.16,15763.0,
2026-04-23,VSTL,128.84,131.59,127.5,128.03,10075.0,
2026-04-24,VSTL,128.03,136.79,125.41,126.59,77800.0,
2026-04-27,VSTL,132.0,132.0,127.84,129.89,62160.0,
2026-04-28,VSTL,129.89,132.59,129.01,129.34,5788.0,
2026-04-29,VSTL,129.7,132.83,126.8,127.44,9924.0,
2026-04-30,VSTL,129.98,130.0,127.0,128.77,10374.0,
2026-05-04,VSTL,127.55,133.0,127.55,131.31,14299.0,
2026-05-05,VSTL,132.0,132.0,127.5,130.07,7156.0,
2026-05-06,VSTL,132.99,132.99,126.88,128.31,21404.0,
2026-05-07,VSTL,126.5,131.03,126.5,130.9,45386.0,
2026-05-08,VSTL,133.0,133.0,128.0,128.86,19882.0,
2026-05-11,VSTL,127.5,129.5,126.0,128.01,26453.0,
2026-05-12,VSTL,128.01,128.08,122.95,126.23,18199.0,
2026-05-13,VSTL,125.2,129.5,125.2,127.36,11109.0,
2026-05-14,VSTL,127.9,127.9,120.05,125.12,9485.0,
2026-05-15,VSTL,125.86,125.86,121.81,123.06,32094.0,
2026-05-18,VSTL,120.65,120.86,118.11,119.45,12511.0,
2026-05-19,VSTL,119.5,121.15,118.55,119.64,9537.0,
2026-05-20,VSTL,119.64,122.49,118.1,119.87,17255.0,
2026-05-21,VSTL,119.9,120.79,116.44,117.34,20148.0,
2026-05-22,VSTL,117.45,121.0,117.45,120.24,9865.0,
2026-05-25,VSTL,120.9,121.34,116.98,118.42,23364.0,
2026-05-26,VSTL,118.9,121.0,116.91,118.19,11288.0,
2026-05-27,VSTL,120.0,120.04,117.1,117.89,15495.0,
2026-05-29,VSTL,117.9,118.35,115.55,116.06,14326.0,
2026-06-01,VSTL,116.25,116.5,112.8,113.63,11400.0,
2026-06-02,VSTL,111.35,116.0,111.35,115.07,7822.0,
2026-06-03,VSTL,113.65,115.9,113.0,113.44,6760.0,
2026-06-04,VSTL,113.0,116.47,113.0,115.22,13294.0,
2026-06-05,VSTL,118.0,118.0,114.27,114.72,6013.0,
2026-06-08,VSTL,113.1,117.85,113.0,116.8,12293.0,
2026-06-09,VSTL,119.0,120.9,115.55,118.39,10693.0,
2026-06-10,VSTL,118.39,120.95,116.35,120.26,15820.0,
2026-06-11,VSTL,119.8,119.99,117.03,119.02,12961.0,
2026-06-12,VSTL,120.1,121.99,117.46,120.37,11948.0,
2026-06-15,VSTL,118.65,122.99,118.65,121.08,14931.0,
2026-06-16,VSTL,121.08,123.9,119.0,122.0,31036.0,
2026-06-17,VSTL,123.6,123.8,120.66,120.91,7445.0,
2026-06-18,VSTL,121.9,122.0,118.5,118.77,10736.0,
2026-06-19,VSTL,116.85,121.38,116.85,118.19,7075.0,
2026-06-22,VSTL,118.25,119.16,117.0,117.51,13695.0,
2026-06-23,VSTL,118.6,119.7,117.0,117.28,9603.0,
2026-06-24,VSTL,119.6,119.8,116.23,116.88,6381.0,
2026-06-25,VSTL,117.01,118.61,115.84,116.37,7451.0,
2026-06-29,VSTL,118.8,118.8,113.98,115.26,10912.0,
2026-06-30,VSTL,115.45,116.96,113.0,114.98,13210.0,
2026-07-01,VSTL,114.98,116.44,113.28,114.4,5624.0,
2026-07-02,VSTL,114.45,116.59,113.6,114.31,8447.0,
2026-07-03,VSTL,115.0,116.25,112.92,113.9,14733.0,
2026-07-06,VSTL,114.5,115.9,114.2,115.15,6839.0,
2026-07-07,VSTL,115.21,115.36,113.2,113.98,4596.0,
2026-07-08,VSTL,116.0,116.0,110.0,111.28,8181.0,
2026-07-09,VSTL,111.0,113.88,111.0,113.26,5547.0,
2026-07-10,VSTL,111.8,118.0,111.45,114.47,17629.0,
2026-07-13,VSTL,114.47,114.47,111.0,112.52,8552.0,
2026-07-14,VSTL,112.52,114.9,111.41,112.24,10640.0,
2026-07-15,VSTL,113.89,113.9,112.4,112.96,7165.0,
2026-07-16,VSTL,112.55,113.45,108.8,111.44,9592.0,
2026-07-17,VSTL,111.44,112.0,111.31,111.91,3945.0,
2026-07-20,VSTL,111.9,115.0,111.2,111.94,11042.0,
2026-07-21,VSTL,111.94,112.65,111.11,111.45,5938.0,
2026-07-22,VSTL,110.6,112.99,110.25,111.1,6509.0,
2026-07-23,VSTL,111.99,111.99,109.02,109.94,9821.0,
2026-07-24,VSTL,111.93,111.97,109.32,111.14,5999.0,
2026-07-27,VSTL,111.14,114.49,110.9,111.33,9246.0,
2026-07-28,VSTL,111.9,112.36,107.81,111.26,16105.0,
2026-07-29,VSTL,111.26,112.6,109.26,110.45,6391.0,
2026-07-30,VSTL,110.0,111.8,106.81,110.62,17721.0,
2026-07-31,VSTL,111.05,112.5,110.0,110.87,18603.0,
2026-08-03,VSTL,110.9,112.33,109.0,109.81,13699.0,
2026-08-04,VSTL,111.8,113.98,109.63,111.52,15619.0,
2026-08-05,VSTL,112.03,112.79,110.13,110.77,5178.0,
2026-08-06,VSTL,111.32,112.39,105.9,108.27,61945.0,
2026-08-07,VSTL,107.2,108.39,106.1,107.01,15337.0,
2026-08-10,VSTL,107.0,107.95,106.05,106.42,7875.0,
2026-08-11,VSTL,107.91,107.91,106.0,106.69,10887.0,
2026-08-12,VSTL,106.69,108.0,105.25,106.21,10586.0,
2026-08-13,VSTL,108.0,108.0,104.99,106.88,14711.0,
2026-08-14,VSTL,107.46,108.5,106.81,107.91,10513.0,
2026-08-17,VSTL,107.91,108.4,101.0,106.87,17809.0,
2026-08-18,VSTL,106.87,108.0,105.11,106.44,6346.0,
2026-08-19,VSTL,107.99,107.99,105.14,106.39,7614.0,
2026-08-20,VSTL,106.39,109.0,105.5,108.94,11961.0,
2026-08-21,VSTL,110.7,113.98,107.25,110.54,22826.0,
2026-08-24,VSTL,110.2,114.15,108.5,111.53,23734.0,
2026-08-25,VSTL,112.53,113.75,111.25,111.5,8832.0,
2026-08-26,VSTL,113.95,113.95,111.02,112.1,7536.0,
2026-08-27,VSTL,112.1,113.5,111.15,112.63,7077.0,
2026-08-28,VSTL,113.8,113.8,109.05,110.82,9476.0,
2026-08-31,VSTL,108.3,113.0,108.3,111.85,22394.0,
2026-09-01,VSTL,112.0,113.3,109.35,111.83,13675.0,
2026-09-02,VSTL,111.83,114.1,109.0,113.76,20067.0,
2026-09-03,VSTL,113.05,115.25,112.0,115.15,26197.0,
2026-09-04,VSTL,115.15,118.35,115.0,117.66,22471.0,
2026-09-07,VSTL,118.01,123.15,118.01,121.75,37905.0,
2026-09-08,VSTL,122.9,126.0,120.99,124.44,18277.0,
2026-09-09,VSTL,126.0,126.0,121.5,123.41,12007.0,
2026-09-10,VSTL,123.5,124.9,120.0,120.17,5743.0,
2026-09-11,VSTL,118.45,122.8,117.0,119.71,8436.0,
2025-08-29,WCIL,123.4,128.19,119.74,121.79,383054.0,
2025-09-01,WCIL,121.97,125.18,119.9,122.86,457763.0,
2025-09-02,WCIL,123.95,133.39,122.42,128.2,1125351.0,
2025-09-03,WCIL,128.45,130.0,127.01,128.44,440205.0,
2025-09-04,WCIL,129.4,130.85,124.05,127.73,600697.0,
2025-09-05,WCIL,126.55,138.88,126.55,137.86,1567117.0,
2025-09-08,WCIL,140.0,143.0,135.17,136.11,1068753.0,
2025-09-09,WCIL,137.0,140.9,134.55,138.11,666308.0,
2025-09-10,WCIL,138.93,141.85,136.19,138.96,718405.0,
2025-09-11,WCIL,138.7,141.75,136.53,137.04,682008.0,
2025-09-12,WCIL,138.14,138.27,131.89,133.92,536369.0,
2025-09-15,WCIL,134.57,145.84,134.5,141.41,1976011.0,
2025-09-16,WCIL,142.11,144.16,139.09,142.24,836191.0,
2025-09-17,WCIL,143.66,144.9,140.67,143.52,763149.0,
2025-09-18,WCIL,143.99,144.76,140.03,142.44,496808.0,
2025-09-19,WCIL,143.0,145.83,141.57,144.34,609757.0,
2025-09-22,WCIL,144.34,147.29,142.0,144.87,829095.0,
2025-09-23,WCIL,144.97,146.97,142.3,142.69,498288.0,
2025-09-24,WCIL,143.0,143.2,138.1,139.02,530668.0,
2025-09-25,WCIL,139.05,146.84,136.1,138.12,1366436.0,
2025-09-26,WCIL,137.7,138.19,127.81,131.08,1274092.0,
2025-09-29,WCIL,131.08,134.5,130.1,132.25,257710.0,
2025-09-30,WCIL,132.9,133.41,127.25,128.12,261374.0,
2025-10-01,WCIL,129.0,130.17,127.0,127.98,207539.0,
2025-10-03,WCIL,127.8,133.25,127.51,130.13,320133.0,
2025-10-06,WCIL,130.3,131.75,128.13,128.95,303559.0,
2025-10-07,WCIL,128.7,137.0,128.7,136.24,718943.0,
2025-10-08,WCIL,137.0,138.29,130.6,131.49,319281.0,
2025-10-09,WCIL,132.4,132.4,124.63,125.87,487173.0,
2025-10-10,WCIL,126.4,126.4,122.4,122.85,376831.0,
2025-10-13,WCIL,120.01,126.35,120.01,123.69,401023.0,
2025-10-14,WCIL,124.64,127.2,118.48,120.13,368849.0,
2025-10-15,WCIL,121.0,123.3,119.27,122.16,206164.0,
2025-10-16,WCIL,123.8,124.7,122.1,123.09,165004.0,
2025-10-17,WCIL,123.09,126.99,121.6,125.58,279836.0,
2025-10-20,WCIL,125.0,129.0,124.14,125.12,166386.0,
2025-10-21,WCIL,127.0,130.2,126.99,128.93,236794.0,
2025-10-23,WCIL,129.49,131.9,127.92,130.57,329109.0,
2025-10-24,WCIL,128.25,131.0,127.25,128.49,171456.0,
2025-10-27,WCIL,127.4,127.79,124.4,124.83,226150.0,
2025-10-28,WCIL,125.3,128.5,122.5,127.27,345859.0,
2025-10-29,WCIL,127.7,130.69,127.5,128.96,307229.0,
2025-10-30,WCIL,129.25,132.0,128.98,129.48,283725.0,
2025-10-31,WCIL,129.98,137.0,128.97,132.92,582986.0,
2025-11-03,WCIL,133.54,135.7,131.5,135.36,444164.0,
2025-11-04,WCIL,135.85,137.0,132.5,132.9,224366.0,
2025-11-06,WCIL,132.45,133.77,129.1,129.73,294985.0,
2025-11-07,WCIL,129.73,131.22,127.25,129.03,117162.0,
2025-11-10,WCIL,129.6,130.0,127.0,127.88,134497.0,
2025-11-11,WCIL,128.38,128.38,125.18,126.11,186692.0,
2025-11-12,WCIL,126.51,127.52,126.14,127.04,79080.0,
2025-11-13,WCIL,127.8,128.14,121.1,123.33,251388.0,
2025-11-14,WCIL,123.0,126.9,122.46,125.49,149331.0,
2025-11-17,WCIL,122.9,123.99,119.31,123.1,316249.0,
2025-11-18,WCIL,122.9,124.6,119.6,120.47,263341.0,
2025-11-19,WCIL,120.99,122.0,118.2,119.25,193866.0,
2025-11-20,WCIL,118.56,120.9,114.5,118.99,512963.0,
2025-11-21,WCIL,119.03,123.8,118.39,120.42,521168.0,
2025-11-24,WCIL,121.03,121.77,115.21,116.28,277876.0,
2025-11-25,WCIL,116.9,122.0,116.9,119.56,262550.0,
2025-11-26,WCIL,119.56,119.57,116.1,117.47,229288.0,
2025-11-27,WCIL,117.99,121.4,116.62,119.91,178247.0,
2025-11-28,WCIL,120.0,120.0,117.2,117.94,95259.0,
2025-12-01,WCIL,118.0,119.99,115.21,118.54,389697.0,
2025-12-02,WCIL,117.6,120.9,116.25,119.93,229132.0,
2025-12-03,WCIL,120.0,121.0,117.28,119.85,171159.0,
2025-12-04,WCIL,119.85,121.68,119.11,120.38,72421.0,
2025-12-05,WCIL,120.38,121.78,119.21,121.07,71026.0,
2025-12-08,WCIL,122.65,122.65,119.0,120.75,184720.0,
2025-12-09,WCIL,120.15,126.07,119.52,122.88,300670.0,
2025-12-10,WCIL,123.49,124.99,121.71,122.69,153575.0,
2025-12-11,WCIL,123.0,123.79,121.21,121.56,87403.0,
2025-12-12,WCIL,121.84,122.6,120.02,121.32,169781.0,
2025-12-15,WCIL,119.7,122.9,119.35,121.52,81515.0,
2025-12-16,WCIL,121.99,121.99,120.0,120.19,58906.0,
2025-12-17,WCIL,120.19,121.29,120.0,120.17,87619.0,
2025-12-18,WCIL,119.6,121.66,119.05,120.33,88050.0,
2025-12-19,WCIL,120.09,121.5,119.04,120.17,183636.0,
2025-12-22,WCIL,121.9,125.13,120.63,123.01,182969.0,
2025-12-23,WCIL,124.4,124.4,122.0,122.95,59957.0,
2025-12-24,WCIL,123.4,125.0,122.07,123.69,109128.0,
2025-12-26,WCIL,122.94,124.9,120.31,120.92,96576.0,
2025-12-29,WCIL,121.4,122.4,119.62,120.77,100551.0,
2025-12-30,WCIL,120.55,124.05,119.5,120.04,122130.0,
2025-12-31,WCIL,119.25,121.36,119.25,120.21,45764.0,
2026-01-01,WCIL,120.21,121.08,119.58,120.13,82031.0,
2026-01-02,WCIL,120.0,122.0,119.3,120.17,295772.0,
2026-01-05,WCIL,120.0,121.05,120.0,120.09,53461.0,
2026-01-06,WCIL,119.5,121.79,119.5,120.0,215675.0,
2026-01-07,WCIL,119.55,121.3,119.55,120.06,46001.0,
2026-01-08,WCIL,119.6,120.6,119.05,119.58,169285.0,
2026-01-09,WCIL,118.5,120.0,115.55,116.13,180014.0,
2026-01-12,WCIL,116.05,117.36,114.31,114.85,123196.0,
2026-01-13,WCIL,114.3,116.54,112.1,113.39,105952.0,
2026-01-14,WCIL,113.9,116.0,112.78,114.19,111631.0,
2026-01-16,WCIL,114.1,114.26,110.1,110.35,96482.0,
2026-01-19,WCIL,110.35,116.0,106.47,115.3,313766.0,
2026-01-20,WCIL,115.25,116.6,109.25,110.84,180887.0,
2026-01-21,WCIL,110.0,110.58,104.66,108.97,244629.0,
2026-01-22,WCIL,109.0,112.39,108.75,109.33,133946.0,
2026-01-23,WCIL,110.4,110.4,104.12,108.69,172137.0,
2026-01-27,WCIL,107.0,108.06,104.0,105.18,97222.0,
2026-01-28,WCIL,105.18,114.5,105.18,113.35,208045.0,
2026-01-29,WCIL,113.35,113.8,106.25,107.57,147726.0,
2026-01-30,WCIL,106.6,111.11,105.39,110.33,139452.0,
2026-02-02,WCIL,112.78,112.78,105.11,107.28,144411.0,
2026-02-03,WCIL,112.0,115.8,109.0,114.04,211107.0,
2026-02-04,WCIL,110.62,119.9,110.62,118.91,216785.0,
2026-02-05,WCIL,119.4,122.4,117.57,119.92,174697.0,
2026-02-06,WCIL,119.05,120.9,117.91,119.26,69207.0,
2026-02-09,WCIL,121.4,122.28,118.92,120.58,141288.0,
2026-02-10,WCIL,121.05,123.9,120.8,121.04,140897.0,
2026-02-11,WCIL,121.2,122.59,117.36,119.88,141356.0,
2026-02-12,WCIL,119.6,121.4,116.6,118.36,68803.0,
2026-02-13,WCIL,117.0,121.22,115.56,120.46,162805.0,
2026-02-16,WCIL,121.9,122.4,116.1,121.1,257888.0,
2026-02-17,WCIL,121.01,121.92,119.5,119.67,72440.0,
2026-02-18,WCIL,119.67,120.5,118.12,119.08,105932.0,
2026-02-19,WCIL,119.5,120.35,117.6,118.13,55674.0,
2026-02-20,WCIL,118.2,119.89,117.05,119.09,127322.0,
2026-02-23,WCIL,119.0,120.68,115.2,116.18,116445.0,
2026-02-24,WCIL,116.1,116.71,112.3,113.31,59400.0,
2026-02-25,WCIL,112.6,115.88,112.6,114.53,58340.0,
2026-02-26,WCIL,114.52,116.88,113.7,116.67,99803.0,
2026-02-27,WCIL,116.57,116.57,113.05,114.46,168965.0,
2026-03-02,WCIL,106.0,110.99,106.0,109.18,128414.0,
2026-03-04,WCIL,105.5,106.8,104.11,104.55,99455.0,
2026-03-05,WCIL,104.75,106.6,102.13,104.67,67642.0,
2026-03-06,WCIL,104.09,107.7,101.56,103.55,537036.0,
2026-03-09,WCIL,100.0,100.67,97.73,98.19,81418.0,
2026-03-10,WCIL,99.45,100.64,97.3,97.98,129963.0,
2026-03-11,WCIL,98.49,101.5,97.66,98.28,151396.0,
2026-03-12,WCIL,96.5,97.78,93.35,94.49,166916.0,
2026-03-13,WCIL,94.0,98.59,89.58,96.02,345420.0,
2026-03-16,WCIL,97.0,97.45,91.02,92.86,172633.0,
2026-03-17,WCIL,93.6,93.75,91.1,91.79,311933.0,
2026-03-18,WCIL,92.9,96.25,92.11,94.54,140468.0,
2026-03-19,WCIL,93.0,93.94,89.56,90.68,93056.0,
2026-03-20,WCIL,91.2,93.28,91.2,92.42,69218.0,
2026-03-23,WCIL,91.0,91.25,84.8,85.26,308553.0,
2026-03-24,WCIL,87.9,87.97,85.21,85.64,161498.0,
2026-03-25,WCIL,85.85,91.65,85.85,88.86,278422.0,
2026-03-27,WCIL,87.85,88.04,81.0,81.75,276089.0,
2026-03-30,WCIL,81.71,82.18,77.02,77.87,352190.0,
2026-04-01,WCIL,80.0,84.28,79.55,81.01,252644.0,
2026-04-02,WCIL,80.82,83.65,78.24,83.34,115624.0,
2026-04-06,WCIL,84.5,85.94,81.78,85.52,97421.0,
2026-04-07,WCIL,84.59,87.95,84.5,86.37,128647.0,
2026-04-08,WCIL,91.0,93.89,89.6,93.39,199872.0,
2026-04-09,WCIL,93.39,95.25,91.25,91.92,103771.0,
2026-04-10,WCIL,92.0,95.79,91.81,93.96,143369.0,
2026-04-13,WCIL,90.1,101.22,90.1,96.63,323142.0,
2026-04-15,WCIL,98.0,99.8,98.0,99.02,106236.0,
2026-04-16,WCIL,99.9,102.0,98.1,101.0,216845.0,
2026-04-17,WCIL,102.4,103.73,101.12,101.99,171674.0,
2026-04-20,WCIL,102.0,102.8,99.57,101.79,77641.0,
2026-04-21,WCIL,102.4,103.8,101.46,101.89,59778.0,
2026-04-22,WCIL,101.89,103.45,101.1,102.93,96966.0,
2026-04-23,WCIL,102.61,104.0,102.05,103.48,75450.0,
2026-04-24,WCIL,104.3,104.3,100.36,101.3,75663.0,
2026-04-27,WCIL,101.3,104.4,101.3,103.24,49239.0,
2026-04-28,WCIL,103.1,103.89,102.5,103.25,34549.0,
2026-04-29,WCIL,103.25,105.39,103.2,103.93,119199.0,
2026-04-30,WCIL,103.42,104.09,101.78,102.73,56702.0,
2026-05-04,WCIL,104.1,112.75,103.83,111.67,280939.0,
2026-05-05,WCIL,112.5,112.5,107.1,107.75,120361.0,
2026-05-06,WCIL,109.3,109.56,105.22,107.38,116885.0,
2026-05-07,WCIL,107.38,109.99,107.38,109.19,76698.0,
2026-05-08,WCIL,108.9,110.36,108.25,109.32,68989.0,
2026-05-11,WCIL,108.45,109.0,106.75,107.79,98201.0,
2026-05-12,WCIL,106.7,107.82,101.43,102.06,104758.0,
2026-05-13,WCIL,102.99,104.78,102.0,103.1,63591.0,
2026-05-14,WCIL,104.76,105.19,100.0,101.18,105824.0,
2026-05-15,WCIL,101.18,102.52,99.1,99.54,53625.0,
2026-05-18,WCIL,95.99,96.79,94.8,95.96,111905.0,
2026-05-19,WCIL,96.7,98.09,95.95,96.67,95188.0,
2026-05-20,WCIL,96.1,97.9,95.0,97.52,30266.0,
2026-05-21,WCIL,97.65,100.9,96.79,97.01,31707.0,
2026-05-22,WCIL,97.06,98.6,96.55,97.61,33059.0,
2026-05-25,WCIL,97.1,100.0,97.1,98.92,81973.0,
2026-05-26,WCIL,99.69,100.94,97.25,98.34,71137.0,
2026-05-27,WCIL,97.85,99.71,97.56,99.24,27484.0,
2026-05-29,WCIL,98.11,100.02,95.1,96.93,54191.0,
2026-06-01,WCIL,96.92,97.86,95.31,96.5,43416.0,
2026-06-02,WCIL,95.0,95.93,93.5,94.03,85746.0,
2026-06-03,WCIL,94.01,94.89,91.83,93.41,57994.0,
2026-06-04,WCIL,93.59,94.88,92.9,94.0,42505.0,
2026-06-05,WCIL,94.0,96.8,93.81,96.08,68259.0,
2026-06-08,WCIL,94.8,95.82,93.26,93.66,51640.0,
2026-06-09,WCIL,93.7,94.95,93.05,94.47,28913.0,
2026-06-10,WCIL,93.8,95.35,91.82,92.04,60781.0,
2026-06-11,WCIL,92.0,92.3,90.0,91.05,40516.0,
2026-06-12,WCIL,91.9,94.42,91.47,93.75,40892.0,
2026-06-15,WCIL,96.99,98.5,95.6,97.74,109098.0,
2026-06-16,WCIL,98.81,101.4,97.88,99.87,102898.0,
2026-06-17,WCIL,101.0,103.02,100.02,102.68,95019.0,
2026-06-18,WCIL,103.4,105.38,103.15,104.61,125555.0,
2026-06-19,WCIL,105.0,105.0,101.51,102.45,57275.0,
2026-06-22,WCIL,101.0,104.4,101.0,102.84,55124.0,
2026-06-23,WCIL,104.45,105.0,102.12,103.5,87739.0,
2026-06-24,WCIL,103.63,105.5,102.72,105.0,111193.0,
2026-06-25,WCIL,105.89,105.9,100.41,101.01,82322.0,
2026-06-29,WCIL,101.0,101.01,98.2,100.27,44666.0,
2026-06-30,WCIL,100.0,102.24,99.2,100.33,39789.0,
2026-07-01,WCIL,100.1,101.23,97.82,98.83,50557.0,
2026-07-02,WCIL,98.9,100.4,96.0,98.69,35618.0,
2026-07-03,WCIL,98.56,101.84,98.02,98.78,49918.0,
2026-07-06,WCIL,98.8,99.83,96.5,97.02,76163.0,
2026-07-07,WCIL,98.86,99.36,95.25,96.48,40500.0,
2026-07-08,WCIL,96.95,96.99,93.0,94.08,39950.0,
2026-07-09,WCIL,94.9,96.27,93.45,94.73,103212.0,
2026-07-10,WCIL,96.4,96.4,94.5,94.76,52575.0,
2026-07-13,WCIL,94.75,97.37,94.49,96.47,101711.0,
2026-07-14,WCIL,96.47,96.75,95.05,95.48,28355.0,
2026-07-15,WCIL,95.75,97.8,94.9,95.28,39609.0,
2026-07-16,WCIL,95.05,96.3,94.0,95.17,50002.0,
2026-07-17,WCIL,96.1,96.44,94.51,94.67,62105.0,
2026-07-20,WCIL,94.65,94.79,93.2,93.32,27238.0,
2026-07-21,WCIL,94.99,94.99,92.1,92.27,42182.0,
2026-07-22,WCIL,92.27,92.99,90.0,90.34,80140.0,
2026-07-23,WCIL,90.63,90.9,88.75,89.24,28809.0,
2026-07-24,WCIL,89.5,90.38,88.1,89.98,39052.0,
2026-07-27,WCIL,90.37,91.7,90.2,91.06,37552.0,
2026-07-28,WCIL,91.49,91.55,89.21,89.43,19425.0,
2026-07-29,WCIL,89.6,90.48,89.2,89.71,33105.0,
2026-07-30,WCIL,89.5,89.7,88.6,88.86,36455.0,
2026-07-31,WCIL,89.18,90.85,89.0,90.03,24539.0,
2026-08-03,WCIL,90.89,92.11,89.81,90.48,49280.0,
2026-08-04,WCIL,90.8,91.8,90.32,91.39,19934.0,
2026-08-05,WCIL,91.78,92.39,90.12,90.66,43132.0,
2026-08-06,WCIL,90.7,91.19,89.1,89.88,40126.0,
2026-08-07,WCIL,89.89,91.0,86.98,88.46,80759.0,
2026-08-10,WCIL,88.52,90.09,87.71,87.92,52359.0,
2026-08-11,WCIL,87.99,87.99,85.85,86.11,80421.0,
2026-08-12,WCIL,86.2,86.8,85.0,85.59,40440.0,
2026-08-13,WCIL,86.99,90.2,85.5,88.23,114670.0,
2026-08-14,WCIL,88.49,89.2,86.18,86.55,42011.0,
2026-08-17,WCIL,86.0,88.3,83.0,87.99,84537.0,
2026-08-18,WCIL,87.9,88.09,85.8,86.27,31346.0,
2026-08-19,WCIL,86.0,87.79,85.41,86.09,88992.0,
2026-08-20,WCIL,86.5,87.5,86.0,86.58,55213.0,
2026-08-21,WCIL,86.0,87.4,85.4,86.7,34456.0,
2026-08-24,WCIL,85.55,88.49,85.55,86.3,52927.0,
2026-08-25,WCIL,87.49,88.09,86.35,87.19,33762.0,
2026-08-26,WCIL,87.25,88.8,85.5,86.21,74559.0,
2026-08-27,WCIL,86.65,87.84,86.29,87.12,71591.0,
2026-08-28,WCIL,87.3,87.49,84.92,85.74,73305.0,
2026-08-31,WCIL,85.98,86.19,83.75,84.01,59890.0,
2026-09-01,WCIL,84.89,85.96,83.55,84.9,55877.0,
2026-09-02,WCIL,85.79,85.79,84.03,84.28,57609.0,
2026-09-03,WCIL,84.15,85.36,83.05,83.96,56194.0,
2026-09-04,WCIL,84.4,84.76,83.06,83.38,25920.0,
2026-09-07,WCIL,84.0,84.45,82.5,82.78,55033.0,
2026-09-08,WCIL,82.88,83.39,81.76,82.48,95413.0,
2026-09-09,WCIL,84.0,85.99,82.1,84.14,121217.0,
2026-09-10,WCIL,85.49,86.99,83.91,84.42,102129.0,
2026-09-11,WCIL,84.95,89.4,84.63,87.51,446170.0,
