Symbol,Company Name,Name of Person,Category of Person,TransactionDate,Transaction,Quantity,Value,Price,Securities Held Prior (No.),Securities Held Prior (%),Securities Held Post (No.),Securities Held Post (%),Date From,Date To,Mode of Acquisition/Disposal,Broadcast Date/Time,Details URL
AEROENTER,AEROFLEX ENTERPRISES LIMITED,A Flex Invest Private Limited,Promoter Group,2026-06-16,BUY,190000.0,20824000.0,109.6,8057500,7.13%,8247500,7.29%,15-06-2026,16-06-2026,Market Purchase,16-Jun-2026 19:12:39,https://nsearchives.nseindia.com/corporate/ixbrl/IT_21141_20260616_191239194_WEB.html
AEROENTER,AEROFLEX ENTERPRISES LIMITED,A Flex Invest Private Limited,Promoter Group,2026-06-17,BUY,100000.0,11330000.0,113.3,8247500,7.29%,8347500,7.38%,17-06-2026,17-06-2026,Market Purchase,18-Jun-2026 20:53:36,https://nsearchives.nseindia.com/corporate/ixbrl/IT_21141_20260618_205336745_WEB.html
ALEMBICLTD,Alembic Limited,Nirayu  Private Limited,Promoter Group,2026-08-17,BUY,454376.0,39869975.0,87.74665695371235,161915052,63.06%,162369428,63.23%,14-08-2026,17-08-2026,Market Purchase,17-Aug-2026 19:34:08,https://nsearchives.nseindia.com/corporate/ixbrl/IT_1817_20260817_193408112_WEB.html
ALEMBICLTD,Alembic Limited,Nirayu  Private Limited,Promoter Group,2026-08-19,BUY,115719.0,10337171.0,89.32993717539902,162369428,63.23%,162485147,63.28%,18-08-2026,19-08-2026,Market Purchase,19-Aug-2026 19:40:50,https://nsearchives.nseindia.com/corporate/ixbrl/IT_1817_20260819_194050349_WEB.html
ALEMBICLTD,Alembic Limited,Nirayu  Private Limited,Promoter Group,2026-08-25,BUY,129136.0,12261881.0,94.95323534877959,162485147,63.28%,162614283,63.33%,25-08-2026,25-08-2026,Market Purchase,26-Aug-2026 19:34:06,https://nsearchives.nseindia.com/corporate/ixbrl/IT_1817_20260826_193406018_WEB.html
ALEMBICLTD,Alembic Limited,Nirayu  Private Limited,Promoter Group,2026-09-01,BUY,216969.0,21475422.0,98.9792182293323,162614283,63.33%,162831252,63.41%,31-08-2026,01-09-2026,Market Purchase,01-Sep-2026 19:19:49,https://nsearchives.nseindia.com/corporate/ixbrl/IT_1817_20260901_191949048_WEB.html
ALEMBICLTD,Alembic Limited,Nirayu  Private Limited,Promoter Group,2026-09-02,BUY,9495.0,940827.0,99.08657187993681,162831252,63.41%,162840747,63.42%,02-09-2026,02-09-2026,Market Purchase,03-Sep-2026 20:35:49,https://nsearchives.nseindia.com/corporate/ixbrl/IT_1817_20260903_203549258_WEB.html
ALEMBICLTD,Alembic Limited,Nirayu  Private Limited,Promoter Group,2026-09-02,BUY,9495.0,940827.0,99.08657187993681,162831252,63.41%,162840747,63.42%,02-09-2026,02-09-2026,Market Purchase,03-Sep-2026 20:25:22,https://nsearchives.nseindia.com/corporate/ixbrl/IT_1817_20260903_202522327_WEB.html
ALMONDZ,ALMONDZ GLOBAL SECURITIES LIMITED,INNOVATIVE MONEY MATTERS PRIVATE LIMITED,Promoter,2026-08-27,BUY,195000.0,3173606.0,16.274902564102565,0,0.00%,195000,0.10%,27-08-2026,27-08-2026,Market Purchase,28-Aug-2026 11:38:26,https://nsearchives.nseindia.com/corporate/ixbrl/IT_2757_20260828_113826331_WEB.html
ALMONDZ,ALMONDZ GLOBAL SECURITIES LIMITED,INNOVATIVE MONEY MATTERS PRIVATE LIMITED,Promoter,2026-08-28,BUY,5000.0,80864.0,16.1728,195000,0.10%,200000,0.10%,28-08-2026,28-08-2026,Market Purchase,31-Aug-2026 12:19:26,https://nsearchives.nseindia.com/corporate/ixbrl/IT_2757_20260831_121926092_WEB.html
ALMONDZ,ALMONDZ GLOBAL SECURITIES LIMITED,INNOVATIVE MONEY MATTERS PRIVATE LIMITED,Promoter,2026-08-31,BUY,137858.0,2404057.0,17.438647013593698,200000,0.10%,337858,0.17%,31-08-2026,31-08-2026,Market Purchase,01-Sep-2026 09:40:10,https://nsearchives.nseindia.com/corporate/ixbrl/IT_2757_20260901_094010637_WEB.html
ALMONDZ,ALMONDZ GLOBAL SECURITIES LIMITED,INNOVATIVE MONEY MATTERS PRIVATE LIMITED,Promoter,2026-09-01,BUY,150000.0,2624105.0,17.494033333333334,337858,0.17%,487858,0.25%,01-09-2026,01-09-2026,Market Purchase,02-Sep-2026 10:24:38,https://nsearchives.nseindia.com/corporate/ixbrl/IT_2757_20260902_102438386_WEB.html
ALMONDZ,ALMONDZ GLOBAL SECURITIES LIMITED,INNOVATIVE MONEY MATTERS PRIVATE LIMITED,Promoter,2026-09-02,BUY,100000.0,1736212.0,17.36212,487858,0.25%,587858,0.30%,02-09-2026,02-09-2026,Market Purchase,03-Sep-2026 16:25:17,https://nsearchives.nseindia.com/corporate/ixbrl/IT_2757_20260903_162516987_WEB.html
ALMONDZ,ALMONDZ GLOBAL SECURITIES LIMITED,INNOVATIVE MONEY MATTERS PRIVATE LIMITED,Promoter,2026-09-04,BUY,110000.0,1975906.0,17.962781818181817,587858,0.30%,697858,0.36%,04-09-2026,04-09-2026,Market Purchase,07-Sep-2026 11:49:39,https://nsearchives.nseindia.com/corporate/ixbrl/IT_2757_20260907_114939170_WEB.html
APLLTD,Alembic Pharmaceuticals Limited,Nirayu Private Limited,Promoter Group,2026-06-11,BUY,75000.0,55951874.0,746.0249866666667,70228700,35.73%,70303700,35.77%,11-06-2026,11-06-2026,Market Purchase,12-Jun-2026 18:37:16,https://nsearchives.nseindia.com/corporate/ixbrl/IT_20260612_183716903_WEB.html
APLLTD,Alembic Pharmaceuticals Limited,Nirayu Private Limited,Promoter Group,2026-06-17,BUY,24832.0,18533069.0,746.3381523840206,70303700,35.77%,70328532,35.78%,16-06-2026,17-06-2026,Market Purchase,18-Jun-2026 12:16:40,https://nsearchives.nseindia.com/corporate/ixbrl/IT_5232_20260618_121640491_WEB.html
APLLTD,Alembic Pharmaceuticals Limited,Nirayu Private Limited,Promoter Group,2026-06-18,BUY,3278.0,2437173.0,743.493898718731,70328532,35.78%,70331810,35.78%,18-06-2026,18-06-2026,Market Purchase,19-Jun-2026 19:09:52,https://nsearchives.nseindia.com/corporate/ixbrl/IT_5232_20260619_190952608_WEB.html
ARSSBL,Anand Rathi Share and Stock Brokers Limited,Asha Biyani,Promoter Group,2026-06-16,BUY,20000.0,10900691.0,545.03455,0,0.00%,20000,0.03%,16-06-2026,16-06-2026,Market Purchase,18-Jun-2026 15:11:13,https://nsearchives.nseindia.com/corporate/ixbrl/IT_25015_20260618_151113771_WEB.html
ARSSBL,Anand Rathi Share and Stock Brokers Limited,Asha Biyani,Promoter Group,2026-06-16,BUY,20000.0,10900691.0,545.03455,0,0.00%,20000,0.03%,16-06-2026,16-06-2026,Market Purchase,18-Jun-2026 15:06:24,https://nsearchives.nseindia.com/corporate/ixbrl/IT_25015_20260618_150624573_WEB.html
ASAHIINDIA,ASAHI INDIA GLASS LIMITED,Malathi Raghunand,Promoter Group,2026-06-17,OTHER,64000.0,56601600.0,884.4,306423,0.12%,370423,0.15%,17-06-2026,17-06-2026,Inheritance,01-Jul-2026 16:58:35,https://nsearchives.nseindia.com/corporate/ixbrl/IT_1672_20260701_165835158_WEB.html
ASAHIINDIA,ASAHI INDIA GLASS LIMITED,M N Chaitanya,Promoter Group,2026-06-22,OTHER,16000.0,13803200.0,862.7,50800,0.02%,66800,0.03%,22-06-2026,22-06-2026,Inheritance,01-Jul-2026 16:58:35,https://nsearchives.nseindia.com/corporate/ixbrl/IT_1672_20260701_165835158_WEB.html
ASAHIINDIA,ASAHI INDIA GLASS LIMITED,Malathi Raghunand,Promoter Group,2026-06-22,OTHER,48000.0,41409600.0,862.7,370423,0.15%,322423,0.13%,22-06-2026,22-06-2026,Inheritance,01-Jul-2026 16:58:35,https://nsearchives.nseindia.com/corporate/ixbrl/IT_1672_20260701_165835158_WEB.html
ASAHIINDIA,ASAHI INDIA GLASS LIMITED,Manjula Milind Pishawikar,Promoter Group,2026-06-22,OTHER,16000.0,13803200.0,862.7,60000,0.02%,76000,0.03%,22-06-2026,22-06-2026,Inheritance,01-Jul-2026 16:58:35,https://nsearchives.nseindia.com/corporate/ixbrl/IT_1672_20260701_165835158_WEB.html
ASAHIINDIA,ASAHI INDIA GLASS LIMITED,Padma N Rao,Promoter Group,2026-06-22,OTHER,16000.0,13803200.0,862.7,25600,0.01%,41600,0.02%,22-06-2026,22-06-2026,Inheritance,01-Jul-2026 16:58:35,https://nsearchives.nseindia.com/corporate/ixbrl/IT_1672_20260701_165835158_WEB.html
ASAHIINDIA,ASAHI INDIA GLASS LIMITED,LANS Business LLP,Promoter Group,2026-06-29,BUY,5000.0,4251250.0,850.25,60000,0.02%,65000,0.03%,29-06-2026,29-06-2026,Market Purchase,01-Jul-2026 16:58:35,https://nsearchives.nseindia.com/corporate/ixbrl/IT_1672_20260701_165835158_WEB.html
ASAHIINDIA,ASAHI INDIA GLASS LIMITED,Sangeeta Kaul,Promoter Group,2026-08-13,OTHER,75000.0,67485000.0,899.8,0,0.00%,75000,0.03%,13-08-2026,13-08-2026,Inheritance,08-Sep-2026 18:13:27,https://nsearchives.nseindia.com/corporate/ixbrl/IT_1672_20260908_181327827_WEB.html
ASAHIINDIA,ASAHI INDIA GLASS LIMITED,Shalinee Gurtu,Promoter Group,2026-08-13,OTHER,75000.0,67485000.0,899.8,0,0.00%,75000,0.03%,13-08-2026,13-08-2026,Inheritance,08-Sep-2026 18:13:27,https://nsearchives.nseindia.com/corporate/ixbrl/IT_1672_20260908_181327827_WEB.html
ASAHISONG,ASAHI SONGWON COLORS LIMITED,Arjun Gokul Jaykrishna,Promoter and Director,2026-08-11,BUY,10000.0,3381000.0,338.1,39950,0.34%,49950,0.42%,11-08-2026,11-08-2026,Market Purchase,12-Aug-2026 16:35:54,https://nsearchives.nseindia.com/corporate/ixbrl/IT_5165_20260812_163554411_WEB.html
ASHAPURMIN,ASHAPURA MINECHEM LIMITED,CHETAN NAVNITLAL SHAH,Promoter,2026-08-26,BUY,25000.0,14607763.0,584.31052,6627767,6.94%,6652767,6.96%,26-08-2026,26-08-2026,Market Purchase,27-Aug-2026 17:02:55,https://nsearchives.nseindia.com/corporate/ixbrl/IT_1262_20260827_170255350_WEB.html
ASHAPURMIN,ASHAPURA MINECHEM LIMITED,CHETAN NAVNITLAL SHAH,Promoter,2026-08-27,BUY,25000.0,14592790.0,583.7116,6652767,6.96%,6677767,6.99%,27-08-2026,27-08-2026,Market Purchase,31-Aug-2026 16:10:02,https://nsearchives.nseindia.com/corporate/ixbrl/IT_1262_20260831_161002703_WEB.html
ASHAPURMIN,ASHAPURA MINECHEM LIMITED,Dina Chetan Shah,Promoter,2026-09-01,OTHER,6696379.0,0.0,0.0,9202360,9.63%,2505981,2.62%,01-09-2026,01-09-2026,Off Market,03-Sep-2026 16:29:50,https://nsearchives.nseindia.com/corporate/ixbrl/IT_1262_20260903_162949960_WEB.html
ASHAPURMIN,ASHAPURA MINECHEM LIMITED,Himani Ankur Shah Family Trust,Promoter Group,2026-09-01,OTHER,6696379.0,0.0,0.0,0,0.00%,6696379,7.01%,01-09-2026,01-09-2026,Off Market,03-Sep-2026 16:29:54,https://nsearchives.nseindia.com/corporate/ixbrl/IT_1262_20260903_162954302_WEB.html
ASTERDM,Aster DM Quality Care Limited,Union (Mauritius) Holdings Limited,Promoter Group,2026-08-31,BUY,91174.0,68577326.0,752.1587952705815,19980522,2.29%,20071696,2.30%,31-08-2026,31-08-2026,Market Purchase,02-Sep-2026 20:28:54,https://nsearchives.nseindia.com/corporate/ixbrl/IT_15805_20260902_202854340_WEB.html
ASTERDM,Aster DM Quality Care Limited,Union (Mauritius) Holdings Limited,Promoter Group,2026-09-01,BUY,295823.0,223758239.0,756.392298773253,20071696,2.30%,20367519,2.34%,01-09-2026,01-09-2026,Market Purchase,02-Sep-2026 20:28:54,https://nsearchives.nseindia.com/corporate/ixbrl/IT_15805_20260902_202854340_WEB.html
ASTERDM,Aster DM Quality Care Limited,Union (Mauritius) Holdings Limited,Promoter Group,2026-09-02,BUY,4609800.0,3503448000.0,760.0,20367519,2.34%,24977319,2.87%,02-09-2026,02-09-2026,Market Purchase,02-Sep-2026 20:28:54,https://nsearchives.nseindia.com/corporate/ixbrl/IT_15805_20260902_202854340_WEB.html
AURUM,Aurum PropTech Limited,Aurum RealEstate Developers Limited,Promoter,2026-06-15,BUY,25000.0,4813908.0,192.55632,36628355,47.78%,36653355,47.81%,15-06-2026,15-06-2026,Market Purchase,16-Jun-2026 10:44:15,https://nsearchives.nseindia.com/corporate/ixbrl/IT_12987_20260616_104415700_WEB.html
AURUM,Aurum PropTech Limited,Aurum RealEstate Developers Limited,Promoter,2026-06-18,BUY,20000.0,4005342.0,200.2671,36653355,47.81%,36673355,47.84%,18-06-2026,18-06-2026,Market Purchase,19-Jun-2026 10:41:17,https://nsearchives.nseindia.com/corporate/ixbrl/IT_12987_20260619_104117399_WEB.html
AURUM,Aurum PropTech Limited,Aurum RealEstate Developers Limited,Promoter,2026-06-19,BUY,25000.0,5097745.0,203.9098,36673355,47.84%,36698355,47.87%,19-06-2026,19-06-2026,Market Purchase,22-Jun-2026 10:58:04,https://nsearchives.nseindia.com/corporate/ixbrl/IT_12987_20260622_105804505_WEB.html
AURUM,Aurum PropTech Limited,Aurum RealEstate Developers Limited,Promoter,2026-06-22,BUY,30000.0,6235185.0,207.8395,36698355,47.87%,36728355,47.91%,22-06-2026,22-06-2026,Market Purchase,23-Jun-2026 10:47:42,https://nsearchives.nseindia.com/corporate/ixbrl/IT_12987_20260623_104742804_WEB.html
AURUM,Aurum PropTech Limited,Aurum RealEstate Developers Limited,Promoter,2026-06-24,BUY,10000.0,2114070.0,211.407,36728355,47.91%,36738355,47.92%,24-06-2026,24-06-2026,Market Purchase,25-Jun-2026 10:42:32,https://nsearchives.nseindia.com/corporate/ixbrl/IT_12987_20260625_104232056_WEB.html
AURUM,Aurum PropTech Limited,Aurum RealEstate Developers Limited,Promoter,2026-06-29,BUY,10000.0,2182369.0,218.2369,36738355,47.92%,36748355,47.94%,29-06-2026,29-06-2026,Market Purchase,30-Jun-2026 10:49:30,https://nsearchives.nseindia.com/corporate/ixbrl/IT_12987_20260630_104930235_WEB.html
AVONMORE,AVONMORE CAPITAL & MANAGEMENT SERVICES LIMITED,INNOVATIVE MONEY MATTERS PRIVATE LIMITED,Promoter,2026-08-10,BUY,300000.0,3386121.0,11.28707,93504900,33.13%,93804900,33.24%,10-08-2026,10-08-2026,Market Purchase,11-Aug-2026 10:39:48,https://nsearchives.nseindia.com/corporate/ixbrl/IT_20397_20260811_103948643_WEB.html
AVONMORE,AVONMORE CAPITAL & MANAGEMENT SERVICES LIMITED,INNOVATIVE MONEY MATTERS PRIVATE LIMITED,Promoter,2026-08-11,BUY,260000.0,2963578.0,11.398376923076922,93804900,33.24%,94064900,33.33%,11-08-2026,11-08-2026,Market Purchase,12-Aug-2026 10:11:30,https://nsearchives.nseindia.com/corporate/ixbrl/IT_20397_20260812_101130527_WEB.html
AVONMORE,AVONMORE CAPITAL & MANAGEMENT SERVICES LIMITED,INNOVATIVE MONEY MATTERS PRIVATE LIMITED,Promoter,2026-08-12,BUY,50000.0,570345.0,11.4069,94064900,33.33%,94114900,33.35%,12-08-2026,12-08-2026,Market Purchase,18-Aug-2026 13:11:16,https://nsearchives.nseindia.com/corporate/ixbrl/IT_20397_20260818_131116559_WEB.html
AVONMORE,AVONMORE CAPITAL & MANAGEMENT SERVICES LIMITED,INNOVATIVE MONEY MATTERS PRIVATE LIMITED,Promoter,2026-08-12,BUY,50000.0,570345.0,11.4069,94064900,33.33%,94114900,33.35%,12-08-2026,12-08-2026,Market Purchase,18-Aug-2026 13:08:35,https://nsearchives.nseindia.com/corporate/ixbrl/IT_20397_20260818_130835104_WEB.html
AVONMORE,AVONMORE CAPITAL & MANAGEMENT SERVICES LIMITED,INNOVATIVE MONEY MATTERS PRIVATE LIMITED,Promoter,2026-08-18,BUY,100000.0,1333405.0,13.33405,94114900,33.35%,94214900,33.38%,18-08-2026,18-08-2026,Market Purchase,19-Aug-2026 10:36:06,https://nsearchives.nseindia.com/corporate/ixbrl/IT_20397_20260819_103606504_WEB.html
AVONMORE,AVONMORE CAPITAL & MANAGEMENT SERVICES LIMITED,INNOVATIVE MONEY MATTERS PRIVATE LIMITED,Promoter,2026-08-19,BUY,60831.0,809518.0,13.30765563610659,94214900,33.38%,94275731,33.40%,19-08-2026,19-08-2026,Market Purchase,20-Aug-2026 10:41:16,https://nsearchives.nseindia.com/corporate/ixbrl/IT_20397_20260820_104116797_WEB.html
AVONMORE,AVONMORE CAPITAL & MANAGEMENT SERVICES LIMITED,INNOVATIVE MONEY MATTERS PRIVATE LIMITED,Promoter,2026-08-20,BUY,55000.0,740000.0,13.454545454545455,94275731,33.40%,94330731,33.42%,20-08-2026,20-08-2026,Market Purchase,21-Aug-2026 10:19:17,https://nsearchives.nseindia.com/corporate/ixbrl/IT_20397_20260821_101917612_WEB.html
AVONMORE,AVONMORE CAPITAL & MANAGEMENT SERVICES LIMITED,INNOVATIVE MONEY MATTERS PRIVATE LIMITED,Promoter,2026-08-21,BUY,64000.0,851693.0,13.307703125,94330731,33.42%,94394731,33.45%,21-08-2026,21-08-2026,Market Purchase,24-Aug-2026 10:19:04,https://nsearchives.nseindia.com/corporate/ixbrl/IT_20397_20260824_101904756_WEB.html
AVONMORE,AVONMORE CAPITAL & MANAGEMENT SERVICES LIMITED,INNOVATIVE MONEY MATTERS PRIVATE LIMITED,Promoter,2026-08-24,BUY,65347.0,886448.0,13.56524400508057,94394731,33.45%,94460078,33.47%,24-08-2026,24-08-2026,Market Purchase,25-Aug-2026 11:57:24,https://nsearchives.nseindia.com/corporate/ixbrl/IT_20397_20260825_115724415_WEB.html
AVONMORE,AVONMORE CAPITAL & MANAGEMENT SERVICES LIMITED,INNOVATIVE MONEY MATTERS PRIVATE LIMITED,Promoter,2026-08-25,BUY,35000.0,470500.0,13.442857142857143,94460078,33.47%,94495078,33.48%,25-08-2026,25-08-2026,Market Purchase,26-Aug-2026 10:35:22,https://nsearchives.nseindia.com/corporate/ixbrl/IT_20397_20260826_103522339_WEB.html
AVONMORE,AVONMORE CAPITAL & MANAGEMENT SERVICES LIMITED,INNOVATIVE MONEY MATTERS PRIVATE LIMITED,Promoter,2026-08-26,BUY,89000.0,1240525.0,13.938483146067416,94495078,33.48%,94584078,33.51%,26-08-2026,26-08-2026,Market Purchase,27-Aug-2026 11:19:19,https://nsearchives.nseindia.com/corporate/ixbrl/IT_20397_20260827_111919080_WEB.html
AVONMORE,AVONMORE CAPITAL & MANAGEMENT SERVICES LIMITED,INNOVATIVE MONEY MATTERS PRIVATE LIMITED,Promoter,2026-08-27,BUY,20707.0,285045.0,13.765634809484716,94584078,33.51%,94604785,33.52%,27-08-2026,27-08-2026,Market Purchase,28-Aug-2026 11:16:34,https://nsearchives.nseindia.com/corporate/ixbrl/IT_20397_20260828_111634274_WEB.html
AVONMORE,AVONMORE CAPITAL & MANAGEMENT SERVICES LIMITED,INNOVATIVE MONEY MATTERS PRIVATE LIMITED,Promoter,2026-08-28,BUY,20000.0,278200.0,13.91,94604785,33.52%,94624785,33.53%,28-08-2026,28-08-2026,Market Purchase,31-Aug-2026 12:42:46,https://nsearchives.nseindia.com/corporate/ixbrl/IT_20397_20260831_124246541_WEB.html
AVONMORE,AVONMORE CAPITAL & MANAGEMENT SERVICES LIMITED,INNOVATIVE MONEY MATTERS PRIVATE LIMITED,Promoter,2026-08-31,BUY,60000.0,816560.0,13.609333333333334,94624785,33.53%,94684785,33.55%,31-08-2026,31-08-2026,Market Purchase,01-Sep-2026 10:04:36,https://nsearchives.nseindia.com/corporate/ixbrl/IT_20397_20260901_100436129_WEB.html
AVONMORE,AVONMORE CAPITAL & MANAGEMENT SERVICES LIMITED,INNOVATIVE MONEY MATTERS PRIVATE LIMITED,Promoter,2026-09-01,BUY,10000.0,133250.0,13.325,94684785,33.55%,94694785,33.55%,01-09-2026,01-09-2026,Market Purchase,02-Sep-2026 10:59:14,https://nsearchives.nseindia.com/corporate/ixbrl/IT_20397_20260902_105914420_WEB.html
AVONMORE,AVONMORE CAPITAL & MANAGEMENT SERVICES LIMITED,INNOVATIVE MONEY MATTERS PRIVATE LIMITED,Promoter,2026-09-03,BUY,55000.0,719000.0,13.072727272727272,94694785,33.55%,94749785,33.57%,03-09-2026,03-09-2026,Market Purchase,04-Sep-2026 10:35:26,https://nsearchives.nseindia.com/corporate/ixbrl/IT_20397_20260904_103526497_WEB.html
AVONMORE,AVONMORE CAPITAL & MANAGEMENT SERVICES LIMITED,INNOVATIVE MONEY MATTERS PRIVATE LIMITED,Promoter,2026-09-04,BUY,68997.0,904554.0,13.110048262967956,94749785,33.57%,94818782,33.60%,04-09-2026,04-09-2026,Market Purchase,07-Sep-2026 11:53:31,https://nsearchives.nseindia.com/corporate/ixbrl/IT_20397_20260907_115331140_WEB.html
AVONMORE,AVONMORE CAPITAL & MANAGEMENT SERVICES LIMITED,INNOVATIVE MONEY MATTERS PRIVATE LIMITED,Promoter,2026-09-07,BUY,39340.0,549000.0,13.955261820030504,94818782,33.60%,94858122,33.61%,07-09-2026,07-09-2026,Market Purchase,08-Sep-2026 10:43:50,https://nsearchives.nseindia.com/corporate/ixbrl/IT_20397_20260908_104350402_WEB.html
AVONMORE,AVONMORE CAPITAL & MANAGEMENT SERVICES LIMITED,INNOVATIVE MONEY MATTERS PRIVATE LIMITED,Promoter,2026-09-08,BUY,53351.0,752337.0,14.101647579239376,94858122,33.61%,94911473,33.63%,08-09-2026,08-09-2026,Market Purchase,09-Sep-2026 10:44:34,https://nsearchives.nseindia.com/corporate/ixbrl/IT_20397_20260909_104434364_WEB.html
AVONMORE,AVONMORE CAPITAL & MANAGEMENT SERVICES LIMITED,INNOVATIVE MONEY MATTERS PRIVATE LIMITED,Promoter,2026-09-09,BUY,36892.0,515927.0,13.984793451154722,94911473,33.63%,94948365,33.64%,09-09-2026,09-09-2026,Market Purchase,10-Sep-2026 11:37:38,https://nsearchives.nseindia.com/corporate/ixbrl/IT_20397_20260910_113738458_WEB.html
AVONMORE,AVONMORE CAPITAL & MANAGEMENT SERVICES LIMITED,INNOVATIVE MONEY MATTERS PRIVATE LIMITED,Promoter,2026-09-10,BUY,66659.0,950634.0,14.26115003225371,94948365,33.64%,95015024,33.67%,10-09-2026,10-09-2026,Market Purchase,11-Sep-2026 10:14:24,https://nsearchives.nseindia.com/corporate/ixbrl/IT_20397_20260911_101424673_WEB.html
BAJAJHCARE,BAJAJ HEALTHCARE LIMITED,ANIL CHAMPALAL JAIN,Promoter Group,2026-06-12,BUY,100000.0,29730147.0,297.30147,1936544,5.75%,2036544,6.05%,12-06-2026,12-06-2026,Market Purchase,15-Jun-2026 13:28:31,https://nsearchives.nseindia.com/corporate/ixbrl/IT_19739_20260615_132831852_WEB.html
BERGEPAINT,BERGER PAINTS (I) LIMITED,Mr Kanwardip Singh Dhingra,Promoter,2026-09-07,BUY,19788.0,9599954.0,485.14018597129575,840000,0.07%,859788,0.07%,07-09-2026,07-09-2026,Market Purchase,08-Sep-2026 12:49:55,https://nsearchives.nseindia.com/corporate/ixbrl/IT_488_20260908_124955255_WEB.html
BERGEPAINT,BERGER PAINTS (I) LIMITED,Ms Anshana Sawhney,Promoter,2026-09-07,BUY,14841.0,7197659.0,484.9847719156391,720000,0.06%,734841,0.06%,07-09-2026,07-09-2026,Market Purchase,08-Sep-2026 12:49:55,https://nsearchives.nseindia.com/corporate/ixbrl/IT_488_20260908_124955255_WEB.html
BERGEPAINT,BERGER PAINTS (I) LIMITED,Ms Jessima Kumar,Promoter,2026-09-07,BUY,24734.0,12030894.0,486.4111749009461,720000,0.06%,744734,0.06%,07-09-2026,07-09-2026,Market Purchase,08-Sep-2026 12:49:55,https://nsearchives.nseindia.com/corporate/ixbrl/IT_488_20260908_124955255_WEB.html
BERGEPAINT,BERGER PAINTS (I) LIMITED,Ms Sunaina Kohli,Promoter,2026-09-07,BUY,14840.0,7193875.0,484.76246630727763,720000,0.06%,734840,0.06%,07-09-2026,07-09-2026,Market Purchase,08-Sep-2026 12:49:55,https://nsearchives.nseindia.com/corporate/ixbrl/IT_488_20260908_124955255_WEB.html
BERGEPAINT,BERGER PAINTS (I) LIMITED,MsRishma Kaur,Promoter,2026-09-07,BUY,24735.0,12413936.0,501.8773398019001,720000,0.06%,744735,0.06%,07-09-2026,07-09-2026,Market Purchase,08-Sep-2026 12:49:55,https://nsearchives.nseindia.com/corporate/ixbrl/IT_488_20260908_124955255_WEB.html
BHAGERIA,Bhageria Industries Limited,Aditya Bhageria,Promoter Group,2026-08-20,BUY,6122.0,1252826.0,204.64325383861484,157987,0.36%,164109,0.38%,20-08-2026,20-08-2026,Market Purchase,21-Aug-2026 11:47:39,https://nsearchives.nseindia.com/corporate/ixbrl/IT_13498_20260821_114739171_WEB.html
BHAGERIA,Bhageria Industries Limited,Aditya Bhageria,Promoter Group,2026-08-20,BUY,6122.0,1252826.0,204.64325383861484,157987,0.36%,164109,0.38%,20-08-2026,20-08-2026,Market Purchase,21-Aug-2026 11:57:35,https://nsearchives.nseindia.com/corporate/ixbrl/IT_13498_20260821_115735521_WEB.html
BHAGERIA,Bhageria Industries Limited,Aditya Bhageria,Promoter Group,2026-08-21,BUY,5000.0,1035000.0,207.0,164109,0.36%,169109,0.39%,21-08-2026,21-08-2026,Market Purchase,21-Aug-2026 17:19:08,https://nsearchives.nseindia.com/corporate/ixbrl/IT_13498_20260821_171908530_WEB.html
BHAGERIA,Bhageria Industries Limited,Aditya Bhageria,Promoter Group,2026-08-24,BUY,5000.0,1108600.0,221.72,169109,0.39%,174109,0.40%,24-08-2026,24-08-2026,Market Purchase,24-Aug-2026 14:59:24,https://nsearchives.nseindia.com/corporate/ixbrl/IT_13498_20260824_145924397_WEB.html
BHAGERIA,Bhageria Industries Limited,Aditya Bhageria,Promoter Group,2026-08-25,BUY,11652.0,2601998.0,223.30913147957432,174109,0.40%,185761,0.42%,25-08-2026,25-08-2026,Market Purchase,25-Aug-2026 16:55:12,https://nsearchives.nseindia.com/corporate/ixbrl/IT_13498_20260825_165512735_WEB.html
BHAGERIA,Bhageria Industries Limited,Aditya Bhageria,Promoter Group,2026-08-26,BUY,10000.0,2228700.0,222.87,185761,0.42%,195761,0.45%,26-08-2026,26-08-2026,Market Purchase,26-Aug-2026 15:35:44,https://nsearchives.nseindia.com/corporate/ixbrl/IT_13498_20260826_153544422_WEB.html
BLBLIMITED,BLB LIMITED,Brij Rattan Bagri,Promoter and Director,2026-08-25,BUY,244352.0,3914519.0,16.01999983630173,24195548,45.77%,24439900,46.23%,25-08-2026,25-08-2026,Market Purchase,26-Aug-2026 15:25:36,https://nsearchives.nseindia.com/corporate/ixbrl/IT_1893_20260826_152536610_WEB.html
BLBLIMITED,BLB LIMITED,Brij Rattan Bagri,Promoter and Director,2026-08-27,BUY,24242.0,388842.0,16.040013200231005,24439900,46.23%,24464142,46.28%,27-08-2026,27-08-2026,Market Purchase,28-Aug-2026 12:53:50,https://nsearchives.nseindia.com/corporate/ixbrl/IT_1893_20260828_125350565_WEB.html
BLBLIMITED,BLB LIMITED,Brij Rattan Bagri,Promoter and Director,2026-08-28,BUY,20000.0,319800.0,15.99,24464142,46.28%,24484142,46.31%,28-08-2026,28-08-2026,Market Purchase,29-Aug-2026 13:03:51,https://nsearchives.nseindia.com/corporate/ixbrl/IT_1893_20260829_130351822_WEB.html
BLBLIMITED,BLB LIMITED,Brij Rattan Bagri,Promoter and Director,2026-08-31,BUY,40589.0,652265.0,16.069994333440096,24484142,46.31%,24524731,46.39%,31-08-2026,31-08-2026,Market Purchase,01-Sep-2026 11:52:30,https://nsearchives.nseindia.com/corporate/ixbrl/IT_1893_20260901_115230752_WEB.html
BLBLIMITED,BLB LIMITED,Brij Rattan Bagri,Promoter and Director,2026-09-01,BUY,57234.0,917461.0,16.02999965055736,24524731,46.39%,24581965,46.50%,01-09-2026,01-09-2026,Market Purchase,02-Sep-2026 12:03:46,https://nsearchives.nseindia.com/corporate/ixbrl/IT_1893_20260902_120346829_WEB.html
BLBLIMITED,BLB LIMITED,Brij Rattan Bagri,Promoter and Director,2026-09-02,BUY,23035.0,370172.0,16.06998046451053,24581965,46.50%,24605000,46.54%,02-09-2026,02-09-2026,Market Purchase,03-Sep-2026 16:32:13,https://nsearchives.nseindia.com/corporate/ixbrl/IT_1893_20260903_163213893_WEB.html
BLBLIMITED,BLB LIMITED,Brij Rattan Bagri,Promoter and Director,2026-09-04,BUY,18562.0,309243.0,16.6600043098804,24605000,46.54%,24623562,46.58%,04-09-2026,04-09-2026,Market Purchase,05-Sep-2026 12:20:50,https://nsearchives.nseindia.com/corporate/ixbrl/IT_1893_20260905_122050531_WEB.html
BLBLIMITED,BLB LIMITED,Brij Rattan Bagri,Promoter and Director,2026-09-07,BUY,13921.0,234290.0,16.82996911141441,24623562,46.58%,24637483,46.60%,07-09-2026,07-09-2026,Market Purchase,08-Sep-2026 11:11:10,https://nsearchives.nseindia.com/corporate/ixbrl/IT_1893_20260908_111110480_WEB.html
BLBLIMITED,BLB LIMITED,Brij Rattan Bagri,Promoter and Director,2026-09-08,BUY,20380.0,342792.0,16.82001962708538,24637483,46.60%,24657863,46.64%,08-09-2026,08-09-2026,Market Purchase,09-Sep-2026 11:36:01,https://nsearchives.nseindia.com/corporate/ixbrl/IT_1893_20260909_113601009_WEB.html
BLBLIMITED,BLB LIMITED,Brij Rattan Bagri,Promoter and Director,2026-09-10,BUY,90503.0,1462528.0,16.15999469630841,24657863,46.64%,24748366,46.81%,10-09-2026,10-09-2026,Market Purchase,11-Sep-2026 11:40:42,https://nsearchives.nseindia.com/corporate/ixbrl/IT_1893_20260911_114042490_WEB.html
BMWVENTLTD,BMW VENTURES LIMITED,SHIVANSH KISHOREPURIA,Promoter Group,2026-08-05,BUY,85000.0,5107928.0,60.09327058823529,0,0.00%,85000,0.10%,05-08-2026,05-08-2026,Market Purchase,06-Aug-2026 16:03:29,https://nsearchives.nseindia.com/corporate/ixbrl/IT_24065_20260806_160329737_WEB.html
BMWVENTLTD,BMW VENTURES LIMITED,SHIVANSH KISHOREPURIA,Promoter Group,2026-08-05,BUY,85000.0,5107928.0,60.09327058823529,0,0.00%,85000,0.10%,05-08-2026,05-08-2026,Market Purchase,06-Aug-2026 15:58:40,https://nsearchives.nseindia.com/corporate/ixbrl/IT_24065_20260806_155840243_WEB.html
BMWVENTLTD,BMW VENTURES LIMITED,SHIVANSH KISHOREPURIA,Promoter Group,2026-08-06,BUY,65000.0,3915213.0,60.23404615384615,85000,0.10%,150000,0.17%,06-08-2026,06-08-2026,Market Purchase,07-Aug-2026 13:32:29,https://nsearchives.nseindia.com/corporate/ixbrl/IT_24065_20260807_133229209_WEB.html
CHEMBOND,CHEMBOND MATERIAL TECHNOLOGIES LIMITED,Raunaq Sameer Shah,Promoter Group,2026-09-03,BUY,2710.0,461947.0,170.46014760147602,16210,0.12%,18920,0.14%,03-09-2026,03-09-2026,Market Purchase,07-Sep-2026 14:21:56,https://nsearchives.nseindia.com/corporate/ixbrl/IT_17634_20260907_142156662_WEB.html
CHEMBOND,CHEMBOND MATERIAL TECHNOLOGIES LIMITED,Raunaq Sameer Shah,Promoter Group,2026-09-03,BUY,2710.0,461947.0,170.46014760147602,16210,0.12%,18920,0.14%,03-09-2026,03-09-2026,Market Purchase,07-Sep-2026 14:21:20,https://nsearchives.nseindia.com/corporate/ixbrl/IT_17634_20260907_142120693_WEB.html
CHEMBOND,CHEMBOND MATERIAL TECHNOLOGIES LIMITED,S an N Ventures Private Limited,Promoter Group,2026-09-03,BUY,12310.0,2098240.0,170.45004061738425,262200,1.95%,274510,2.04%,03-09-2026,03-09-2026,Market Purchase,07-Sep-2026 14:21:56,https://nsearchives.nseindia.com/corporate/ixbrl/IT_17634_20260907_142156662_WEB.html
CHEMBOND,CHEMBOND MATERIAL TECHNOLOGIES LIMITED,S an N Ventures Private Limited,Promoter Group,2026-09-03,BUY,12310.0,2098240.0,170.45004061738425,262200,1.95%,274510,2.04%,03-09-2026,03-09-2026,Market Purchase,07-Sep-2026 14:21:20,https://nsearchives.nseindia.com/corporate/ixbrl/IT_17634_20260907_142120693_WEB.html
CHEMBONDCH,CHEMBOND CHEMICALS LIMITED,MAMTA N SHAH,Promoter Group,2026-08-06,BUY,20500.0,4715000.0,230.0,186600,0.69%,207100,0.77%,06-08-2026,06-08-2026,Market Purchase,09-Aug-2026 15:09:36,https://nsearchives.nseindia.com/corporate/ixbrl/IT_26029_20260809_150936453_WEB.html
CHEMBONDCH,CHEMBOND CHEMICALS LIMITED,MAMTA N SHAH,Promoter Group,2026-08-06,BUY,20500.0,4715000.0,230.0,186600,0.69%,207100,0.77%,06-08-2026,06-08-2026,Market Purchase,09-Aug-2026 14:50:46,https://nsearchives.nseindia.com/corporate/ixbrl/IT_26029_20260809_145046436_WEB.html
CHEMBONDCH,CHEMBOND CHEMICALS LIMITED,NIRMAL V SHAH,Promoter and Director,2026-08-06,BUY,10000.0,2300000.0,230.0,6996413,26.02%,7006413,26.05%,06-08-2026,06-08-2026,Market Purchase,09-Aug-2026 15:09:36,https://nsearchives.nseindia.com/corporate/ixbrl/IT_26029_20260809_150936453_WEB.html
CHEMBONDCH,CHEMBOND CHEMICALS LIMITED,NIRMAL V SHAH,Promoter and Director,2026-08-06,BUY,10000.0,2300000.0,230.0,6996413,26.02%,7006413,26.05%,06-08-2026,06-08-2026,Market Purchase,09-Aug-2026 14:50:46,https://nsearchives.nseindia.com/corporate/ixbrl/IT_26029_20260809_145046436_WEB.html
CHEMBONDCH,CHEMBOND CHEMICALS LIMITED,NIRMAL V SHAH,Promoter and Director,2026-08-25,BUY,15000.0,4065000.0,271.0,7006413,26.05%,7021413,26.11%,25-08-2026,25-08-2026,Market Purchase,26-Aug-2026 10:06:10,https://nsearchives.nseindia.com/corporate/ixbrl/IT_26029_20260826_100610592_WEB.html
CONFIPET,CONFIDENCE PETROLEUM INDIA LIMITED,CONFIDENCE LPG BOTTLING PRIVATE LIMITED,Promoter Group,2026-06-19,BUY,1400000.0,98938000.0,70.67,11145698,3.35%,12545698,3.77%,19-06-2026,19-06-2026,Market Purchase,23-Jun-2026 13:37:31,https://nsearchives.nseindia.com/corporate/ixbrl/IT_17510_20260623_133731133_WEB.html
CONFIPET,CONFIDENCE PETROLEUM INDIA LIMITED,CONFIDENCE LPG BOTTLING PRIVATE LIMITED,Promoter Group,2026-06-19,BUY,1400000.0,98938000.0,70.67,11145698,3.35%,12545698,3.77%,19-06-2026,19-06-2026,Market Purchase,23-Jun-2026 13:36:06,https://nsearchives.nseindia.com/corporate/ixbrl/IT_17510_20260623_133606508_WEB.html
CONFIPET,CONFIDENCE PETROLEUM INDIA LIMITED,CONFIDENCE LPG BOTTLING PRIVATE LIMITED,Promoter Group,2026-06-24,BUY,1120791.0,79609785.0,71.03000024090129,12545698,3.77%,13666489,4.11%,24-06-2026,24-06-2026,Market Purchase,29-Jun-2026 18:58:48,https://nsearchives.nseindia.com/corporate/ixbrl/IT_17510_20260629_185848763_WEB.html
CONFIPET,CONFIDENCE PETROLEUM INDIA LIMITED,CONFIDENCE LPG BOTTLING PRIVATE LIMITED,Promoter Group,2026-06-24,BUY,1120791.0,79609785.0,71.03000024090129,12545698,3.77%,13666489,4.11%,24-06-2026,24-06-2026,Market Purchase,29-Jun-2026 17:58:26,https://nsearchives.nseindia.com/corporate/ixbrl/IT_17510_20260629_175826218_WEB.html
CONFIPET,CONFIDENCE PETROLEUM INDIA LIMITED,CONFIDENCE LPG BOTTLING PRIVATE LIMITED,Promoter Group,2026-06-25,BUY,1400000.0,100632000.0,71.88,13666489,4.11%,15066489,4.53%,25-06-2026,25-06-2026,Market Purchase,30-Jun-2026 18:18:43,https://nsearchives.nseindia.com/corporate/ixbrl/IT_17510_20260630_181843632_WEB.html
CONFIPET,CONFIDENCE PETROLEUM INDIA LIMITED,Essenn LPG Bottling Private Limited,Promoter Group,2026-06-29,BUY,1048000.0,74932000.0,71.5,30437981,9.16%,31485981,9.48%,29-06-2026,29-06-2026,Market Purchase,02-Jul-2026 23:40:51,https://nsearchives.nseindia.com/corporate/ixbrl/IT_17510_20260702_234051087_WEB.html
CONFIPET,CONFIDENCE PETROLEUM INDIA LIMITED,CONFIDENCE LPG BOTTLING PRIVATE LIMITED,Promoter Group,2026-06-30,BUY,1387500.0,101592750.0,73.22,15066489,4.53%,16453989,4.95%,30-06-2026,30-06-2026,Market Purchase,24-Aug-2026 19:34:18,https://nsearchives.nseindia.com/corporate/ixbrl/IT_17510_20260824_193418510_WEB.html
CONFIPET,CONFIDENCE PETROLEUM INDIA LIMITED,Essenn LPG Bottling Private Limited,Promoter Group,2026-06-30,BUY,1026000.0,74939040.0,73.04,31485981,9.48%,32511981,9.79%,30-06-2026,30-06-2026,Market Purchase,02-Jul-2026 23:40:46,https://nsearchives.nseindia.com/corporate/ixbrl/IT_17510_20260702_234046215_WEB.html
CONFIPET,CONFIDENCE PETROLEUM INDIA LIMITED,CONFIDENCE LPG BOTTLING PRIVATE LIMITED,Promoter Group,2026-08-21,BUY,2772372.0,202734295.0,73.12665652372769,16453989,4.95%,19226361,5.79%,19-08-2026,21-08-2026,Market Purchase,24-Aug-2026 19:34:39,https://nsearchives.nseindia.com/corporate/ixbrl/IT_17510_20260824_193439888_WEB.html
CONFIPET,CONFIDENCE PETROLEUM INDIA LIMITED,CONFIDENCE LPG BOTTLING PRIVATE LIMITED,Promoter Group,2026-08-21,BUY,2772372.0,202734295.0,73.12665652372769,16453989,4.95%,19226361,5.79%,19-08-2026,21-08-2026,Market Purchase,24-Aug-2026 19:41:35,https://nsearchives.nseindia.com/corporate/ixbrl/IT_17510_20260824_194135252_WEB.html
CONFIPET,CONFIDENCE PETROLEUM INDIA LIMITED,CONFIDENCE LPG BOTTLING PRIVATE LIMITED,Promoter Group,2026-08-24,BUY,419447.0,30279990.0,72.19026480103565,19226361,5.79%,19645808,5.91%,24-08-2026,24-08-2026,Market Purchase,28-Aug-2026 21:36:16,https://nsearchives.nseindia.com/corporate/ixbrl/IT_17510_20260828_213616323_WEB.html
CONFIPET,CONFIDENCE PETROLEUM INDIA LIMITED,Essenn LPG Bottling Private Limited,Promoter Group,2026-08-26,BUY,746000.0,60232040.0,80.74,32511981,9.79%,33257981,10.01%,26-08-2026,26-08-2026,Market Purchase,28-Aug-2026 21:41:26,https://nsearchives.nseindia.com/corporate/ixbrl/IT_17510_20260828_214126275_WEB.html
CONFIPET,CONFIDENCE PETROLEUM INDIA LIMITED,CONFIDENCE LPG BOTTLING PRIVATE LIMITED,Promoter Group,2026-09-09,BUY,2822258.0,235214695.0,83.34273301732159,19645808,5.91%,22468066,6.76%,07-09-2026,09-09-2026,Market Purchase,10-Sep-2026 11:04:37,https://nsearchives.nseindia.com/corporate/ixbrl/IT_17510_20260910_110437258_WEB.html
CSLFINANCE,CSL Finance Limited,Rohit Gupta HUF,Promoter,2026-08-17,BUY,20000.0,0.0,0.0,281462,1.23%,301462,1.32%,17-08-2026,17-08-2026,Market Purchase,20-Aug-2026 14:43:52,https://nsearchives.nseindia.com/corporate/ixbrl/IT_20784_20260820_144352399_WEB.html
CSLFINANCE,CSL Finance Limited,CSL Capital Private Limited,Promoter,2026-08-18,BUY,35200.0,0.0,0.0,6785727,29.78%,6820927,29.93%,17-08-2026,18-08-2026,Market Purchase,20-Aug-2026 14:43:52,https://nsearchives.nseindia.com/corporate/ixbrl/IT_20784_20260820_144352399_WEB.html
CSLFINANCE,CSL Finance Limited,Rohit Gupta HUF,Promoter,2026-08-18,BUY,1399.0,0.0,0.0,301462,1.32%,302861,1.32%,18-08-2026,18-08-2026,Market Purchase,20-Aug-2026 14:43:52,https://nsearchives.nseindia.com/corporate/ixbrl/IT_20784_20260820_144352399_WEB.html
CSLFINANCE,CSL Finance Limited,Rohit Gupta HUF,Promoter,2026-08-18,BUY,15480.0,1.0,6.459948320413436e-05,302861,1.32%,318341,1.39%,18-08-2026,18-08-2026,Market Purchase,20-Aug-2026 14:43:52,https://nsearchives.nseindia.com/corporate/ixbrl/IT_20784_20260820_144352399_WEB.html
CSLFINANCE,CSL Finance Limited,Rohit Gupta HUF,Promoter,2026-08-19,BUY,12380.0,0.0,0.0,318341,1.39%,330721,1.45%,19-08-2026,19-08-2026,Market Purchase,24-Aug-2026 12:21:00,https://nsearchives.nseindia.com/corporate/ixbrl/IT_20784_20260824_122100612_WEB.html
CSLFINANCE,CSL Finance Limited,Rohit Gupta HUF,Promoter,2026-08-19,BUY,12380.0,0.0,0.0,318341,1.39%,330721,1.45%,19-08-2026,19-08-2026,Market Purchase,24-Aug-2026 12:07:58,https://nsearchives.nseindia.com/corporate/ixbrl/IT_20784_20260824_120758845_WEB.html
CSLFINANCE,CSL Finance Limited,Rohit Gupta HUF,Promoter,2026-08-20,BUY,18471.0,0.0,0.0,330721,1.45%,349192,1.53%,20-08-2026,20-08-2026,Market Purchase,24-Aug-2026 12:21:00,https://nsearchives.nseindia.com/corporate/ixbrl/IT_20784_20260824_122100612_WEB.html
CSLFINANCE,CSL Finance Limited,Rohit Gupta HUF,Promoter,2026-08-20,BUY,944.0,0.0,0.0,349192,1.53%,350136,1.53%,20-08-2026,20-08-2026,Market Purchase,24-Aug-2026 12:21:00,https://nsearchives.nseindia.com/corporate/ixbrl/IT_20784_20260824_122100612_WEB.html
CSLFINANCE,CSL Finance Limited,Rohit Gupta HUF,Promoter,2026-08-20,BUY,18471.0,0.0,0.0,330721,1.45%,349192,1.53%,20-08-2026,20-08-2026,Market Purchase,24-Aug-2026 12:07:58,https://nsearchives.nseindia.com/corporate/ixbrl/IT_20784_20260824_120758845_WEB.html
CSLFINANCE,CSL Finance Limited,Rohit Gupta HUF,Promoter,2026-08-20,BUY,944.0,0.0,0.0,349192,1.53%,350136,1.53%,20-08-2026,20-08-2026,Market Purchase,24-Aug-2026 12:07:58,https://nsearchives.nseindia.com/corporate/ixbrl/IT_20784_20260824_120758845_WEB.html
CSLFINANCE,CSL Finance Limited,CSL Capital Private Limited,Promoter,2026-08-21,BUY,10000.0,0.0,0.0,6820927,29.93%,6830927,29.98%,21-08-2026,21-08-2026,Market Purchase,24-Aug-2026 12:21:00,https://nsearchives.nseindia.com/corporate/ixbrl/IT_20784_20260824_122100612_WEB.html
CSLFINANCE,CSL Finance Limited,CSL Capital Private Limited,Promoter,2026-08-21,BUY,10000.0,0.0,0.0,6820927,29.93%,6830927,29.98%,21-08-2026,21-08-2026,Market Purchase,24-Aug-2026 12:07:58,https://nsearchives.nseindia.com/corporate/ixbrl/IT_20784_20260824_120758845_WEB.html
CSLFINANCE,CSL Finance Limited,Rohit Gupta HUF,Promoter,2026-08-21,BUY,10000.0,0.0,0.0,350136,1.53%,360136,1.58%,21-08-2026,21-08-2026,Market Purchase,24-Aug-2026 12:21:00,https://nsearchives.nseindia.com/corporate/ixbrl/IT_20784_20260824_122100612_WEB.html
CSLFINANCE,CSL Finance Limited,Rohit Gupta HUF,Promoter,2026-08-21,BUY,10000.0,0.0,0.0,350136,1.53%,360136,1.58%,21-08-2026,21-08-2026,Market Purchase,24-Aug-2026 12:07:58,https://nsearchives.nseindia.com/corporate/ixbrl/IT_20784_20260824_120758845_WEB.html
CSLFINANCE,CSL Finance Limited,Rohit Gupta HUF,Promoter,2026-08-24,BUY,2058.0,466014.0,226.4402332361516,360136,1.58%,362194,1.59%,24-08-2026,24-08-2026,Market Purchase,27-Aug-2026 14:55:32,https://nsearchives.nseindia.com/corporate/ixbrl/IT_20784_20260827_145532475_WEB.html
CSLFINANCE,CSL Finance Limited,Rohit Gupta HUF,Promoter,2026-08-24,BUY,10000.0,2300000.0,230.0,362194,1.58%,372194,1.63%,24-08-2026,24-08-2026,Market Purchase,27-Aug-2026 14:55:32,https://nsearchives.nseindia.com/corporate/ixbrl/IT_20784_20260827_145532475_WEB.html
CSLFINANCE,CSL Finance Limited,Rohit Gupta HUF,Promoter,2026-08-24,BUY,2058.0,466014.0,226.4402332361516,360136,1.58%,362194,1.59%,24-08-2026,24-08-2026,Market Purchase,27-Aug-2026 14:53:28,https://nsearchives.nseindia.com/corporate/ixbrl/IT_20784_20260827_145328549_WEB.html
CSLFINANCE,CSL Finance Limited,Rohit Gupta HUF,Promoter,2026-08-24,BUY,10000.0,2300000.0,230.0,362194,1.58%,372194,1.63%,24-08-2026,24-08-2026,Market Purchase,27-Aug-2026 14:53:28,https://nsearchives.nseindia.com/corporate/ixbrl/IT_20784_20260827_145328549_WEB.html
CSLFINANCE,CSL Finance Limited,Rohit Gupta HUF,Promoter,2026-08-25,BUY,5915.0,1354476.0,228.99002535925612,372194,1.63%,378109,1.66%,25-08-2026,25-08-2026,Market Purchase,27-Aug-2026 14:55:32,https://nsearchives.nseindia.com/corporate/ixbrl/IT_20784_20260827_145532475_WEB.html
CSLFINANCE,CSL Finance Limited,Rohit Gupta HUF,Promoter,2026-08-25,BUY,5915.0,1354476.0,228.99002535925612,372194,1.63%,378109,1.66%,25-08-2026,25-08-2026,Market Purchase,27-Aug-2026 14:53:28,https://nsearchives.nseindia.com/corporate/ixbrl/IT_20784_20260827_145328549_WEB.html
CSLFINANCE,CSL Finance Limited,Rohit Gupta HUF,Promoter,2026-08-26,BUY,20000.0,4600000.0,230.0,378109,1.65%,398109,1.75%,26-08-2026,26-08-2026,Market Purchase,27-Aug-2026 14:55:32,https://nsearchives.nseindia.com/corporate/ixbrl/IT_20784_20260827_145532475_WEB.html
CSLFINANCE,CSL Finance Limited,Rohit Gupta HUF,Promoter,2026-08-26,BUY,10000.0,2300000.0,230.0,398109,1.74%,408109,1.79%,26-08-2026,26-08-2026,Market Purchase,27-Aug-2026 14:55:32,https://nsearchives.nseindia.com/corporate/ixbrl/IT_20784_20260827_145532475_WEB.html
CSLFINANCE,CSL Finance Limited,Rohit Gupta HUF,Promoter,2026-08-26,BUY,20000.0,4600000.0,230.0,378109,1.65%,398109,1.75%,26-08-2026,26-08-2026,Market Purchase,27-Aug-2026 14:53:28,https://nsearchives.nseindia.com/corporate/ixbrl/IT_20784_20260827_145328549_WEB.html
CSLFINANCE,CSL Finance Limited,Rohit Gupta HUF,Promoter,2026-08-26,BUY,10000.0,2300000.0,230.0,398109,1.74%,408109,1.79%,26-08-2026,26-08-2026,Market Purchase,27-Aug-2026 14:53:28,https://nsearchives.nseindia.com/corporate/ixbrl/IT_20784_20260827_145328549_WEB.html
CSLFINANCE,CSL Finance Limited,Rohit Gupta HUF,Promoter,2026-08-27,BUY,10000.0,2300000.0,230.0,408109,1.79%,418109,1.83%,27-08-2026,27-08-2026,Market Purchase,01-Sep-2026 15:25:05,https://nsearchives.nseindia.com/corporate/ixbrl/IT_20784_20260901_152505002_WEB.html
CSLFINANCE,CSL Finance Limited,Rohit Gupta HUF,Promoter,2026-08-27,BUY,10000.0,2300000.0,230.0,408109,1.79%,418109,1.83%,27-08-2026,27-08-2026,Market Purchase,01-Sep-2026 15:23:12,https://nsearchives.nseindia.com/corporate/ixbrl/IT_20784_20260901_152312478_WEB.html
CSLFINANCE,CSL Finance Limited,Rohit Gupta HUF,Promoter,2026-08-28,BUY,8049.0,1835172.0,228.0,418109,1.83%,426158,1.87%,28-08-2026,28-08-2026,Market Purchase,01-Sep-2026 15:25:05,https://nsearchives.nseindia.com/corporate/ixbrl/IT_20784_20260901_152505002_WEB.html
CSLFINANCE,CSL Finance Limited,Rohit Gupta HUF,Promoter,2026-08-28,BUY,8528.0,1944384.0,228.0,426158,1.87%,434686,1.90%,28-08-2026,28-08-2026,Market Purchase,01-Sep-2026 15:25:05,https://nsearchives.nseindia.com/corporate/ixbrl/IT_20784_20260901_152505002_WEB.html
CSLFINANCE,CSL Finance Limited,Rohit Gupta HUF,Promoter,2026-08-28,BUY,8049.0,1835172.0,228.0,418109,1.83%,426158,1.87%,28-08-2026,28-08-2026,Market Purchase,01-Sep-2026 15:23:12,https://nsearchives.nseindia.com/corporate/ixbrl/IT_20784_20260901_152312478_WEB.html
CSLFINANCE,CSL Finance Limited,Rohit Gupta HUF,Promoter,2026-08-28,BUY,8528.0,1944384.0,228.0,426158,1.87%,434686,1.90%,28-08-2026,28-08-2026,Market Purchase,01-Sep-2026 15:23:12,https://nsearchives.nseindia.com/corporate/ixbrl/IT_20784_20260901_152312478_WEB.html
CSLFINANCE,CSL Finance Limited,Rohit Gupta HUF,Promoter,2026-09-01,BUY,5000.0,1200000.0,240.0,434686,1.90%,439686,1.92%,01-09-2026,01-09-2026,Market Purchase,07-Sep-2026 12:11:56,https://nsearchives.nseindia.com/corporate/ixbrl/IT_20784_20260907_121156668_WEB.html
CSLFINANCE,CSL Finance Limited,Rohit Gupta HUF,Promoter,2026-09-01,BUY,5000.0,1200000.0,240.0,439686,1.92%,444686,1.95%,01-09-2026,01-09-2026,Market Purchase,07-Sep-2026 12:11:56,https://nsearchives.nseindia.com/corporate/ixbrl/IT_20784_20260907_121156668_WEB.html
DBOL,Dhampur Bio Organics Limited,Shudh Edible Products Private Limited,Promoter Group,2026-06-25,BUY,18000.0,2010960.0,111.72,11218180,16.90%,11236180,16.93%,25-06-2026,25-06-2026,Market Purchase,26-Jun-2026 19:18:14,https://nsearchives.nseindia.com/corporate/ixbrl/IT_20812_20260626_191814446_WEB.html
DBOL,Dhampur Bio Organics Limited,Shudh Edible Products Private Limited,Promoter Group,2026-06-29,BUY,70000.0,7721000.0,110.3,11236180,16.93%,11306180,17.03%,29-06-2026,29-06-2026,Market Purchase,01-Jul-2026 19:05:05,https://nsearchives.nseindia.com/corporate/ixbrl/IT_20812_20260701_190505136_WEB.html
DBOL,Dhampur Bio Organics Limited,Sonitron Limited,Promoter Group,2026-07-24,BUY,3719.0,379338.0,102.0,11471231,17.28%,11474950,17.28%,24-07-2026,24-07-2026,Market Purchase,28-Jul-2026 18:33:58,https://nsearchives.nseindia.com/corporate/ixbrl/IT_20812_20260728_183358502_WEB.html
DBOL,Dhampur Bio Organics Limited,Sonitron Limited,Promoter Group,2026-07-27,BUY,5549.0,565998.0,102.0,11474950,17.28%,11480499,17.29%,27-07-2026,27-07-2026,Market Purchase,28-Jul-2026 18:33:58,https://nsearchives.nseindia.com/corporate/ixbrl/IT_20812_20260728_183358502_WEB.html
DBOL,Dhampur Bio Organics Limited,Sonitron Limited,Promoter Group,2026-08-05,BUY,25000.0,2815225.0,112.609,11480499,17.29%,11505499,17.33%,05-08-2026,05-08-2026,Market Purchase,07-Aug-2026 19:08:39,https://nsearchives.nseindia.com/corporate/ixbrl/IT_20812_20260807_190839670_WEB.html
DBOL,Dhampur Bio Organics Limited,Sonitron Limited,Promoter Group,2026-08-06,BUY,15000.0,1664845.0,110.98966666666666,11505499,17.33%,11520499,17.35%,06-08-2026,06-08-2026,Market Purchase,07-Aug-2026 19:08:39,https://nsearchives.nseindia.com/corporate/ixbrl/IT_20812_20260807_190839670_WEB.html
DIAMINESQ,DIAMINES & CHEMICALS LIMITED,Amit M Mehta,Promoter and Director,2026-09-08,BUY,783.0,191579.0,244.67305236270752,1371474,13.64%,1372257,13.65%,08-09-2026,08-09-2026,Market Purchase,10-Sep-2026 15:35:09,https://nsearchives.nseindia.com/corporate/ixbrl/IT_22360_20260910_153509598_WEB.html
DIAMINESQ,DIAMINES & CHEMICALS LIMITED,Cherry A Mehta,Promoter,2026-09-08,BUY,1763.0,431925.0,244.99432785025525,1161106,11.55%,1162869,11.56%,08-09-2026,08-09-2026,Market Purchase,10-Sep-2026 15:35:09,https://nsearchives.nseindia.com/corporate/ixbrl/IT_22360_20260910_153509598_WEB.html
DIAMINESQ,DIAMINES & CHEMICALS LIMITED,Harsh A Mehta,Promoter,2026-09-08,BUY,746.0,182460.0,244.58445040214477,563034,5.60%,563780,5.61%,08-09-2026,08-09-2026,Market Purchase,10-Sep-2026 15:35:09,https://nsearchives.nseindia.com/corporate/ixbrl/IT_22360_20260910_153509598_WEB.html
DIAMINESQ,DIAMINES & CHEMICALS LIMITED,Mohak A Mehta,Promoter,2026-09-08,BUY,979.0,239220.0,244.35137895812053,554376,5.51%,555355,5.52%,08-09-2026,08-09-2026,Market Purchase,10-Sep-2026 15:35:09,https://nsearchives.nseindia.com/corporate/ixbrl/IT_22360_20260910_153509598_WEB.html
DIAMINESQ,DIAMINES & CHEMICALS LIMITED,Perfo Chem (India) Pvt. Ltd,Promoter Group,2026-09-08,BUY,848.0,207610.0,244.82311320754718,987195,9.82%,988043,9.83%,08-09-2026,08-09-2026,Market Purchase,10-Sep-2026 15:35:09,https://nsearchives.nseindia.com/corporate/ixbrl/IT_22360_20260910_153509598_WEB.html
DIAMINESQ,DIAMINES & CHEMICALS LIMITED,S Amit Speciality Chemicals Pvt. Ltd.,Promoter Group,2026-09-08,BUY,670.0,164150.0,245.0,513714,5.11%,514384,5.12%,08-09-2026,08-09-2026,Market Purchase,10-Sep-2026 15:35:09,https://nsearchives.nseindia.com/corporate/ixbrl/IT_22360_20260910_153509598_WEB.html
DIAMINESQ,DIAMINES & CHEMICALS LIMITED,Amit M Mehta,Promoter and Director,2026-09-09,BUY,1050.0,265348.0,252.71238095238095,1372257,13.65%,1373307,13.66%,09-09-2026,09-09-2026,Market Purchase,11-Sep-2026 10:25:22,https://nsearchives.nseindia.com/corporate/ixbrl/IT_22360_20260911_102522509_WEB.html
DIAMINESQ,DIAMINES & CHEMICALS LIMITED,Cherry A Mehta,Promoter,2026-09-09,BUY,266.0,67011.0,251.92105263157896,1162869,11.56%,1163135,11.57%,09-09-2026,09-09-2026,Market Purchase,11-Sep-2026 10:25:22,https://nsearchives.nseindia.com/corporate/ixbrl/IT_22360_20260911_102522509_WEB.html
DIAMINESQ,DIAMINES & CHEMICALS LIMITED,Harsh A Mehta,Promoter,2026-09-09,BUY,127.0,31750.0,250.0,563780,5.61%,563907,5.61%,09-09-2026,09-09-2026,Market Purchase,11-Sep-2026 10:25:22,https://nsearchives.nseindia.com/corporate/ixbrl/IT_22360_20260911_102522509_WEB.html
DIAMINESQ,DIAMINES & CHEMICALS LIMITED,Mohak A Mehta,Promoter,2026-09-09,BUY,344.0,86669.0,251.94476744186048,555355,5.52%,555699,5.53%,09-09-2026,09-09-2026,Market Purchase,11-Sep-2026 10:25:22,https://nsearchives.nseindia.com/corporate/ixbrl/IT_22360_20260911_102522509_WEB.html
DIAMINESQ,DIAMINES & CHEMICALS LIMITED,Perfo Chem (India) Pvt. Ltd,Promoter Group,2026-09-09,BUY,720.0,181423.0,251.9763888888889,988043,9.83%,988763,9.83%,09-09-2026,09-09-2026,Market Purchase,11-Sep-2026 10:25:22,https://nsearchives.nseindia.com/corporate/ixbrl/IT_22360_20260911_102522509_WEB.html
DIAMINESQ,DIAMINES & CHEMICALS LIMITED,S Amit Speciality Chemicals Pvt. Ltd.,Promoter Group,2026-09-09,BUY,204.0,51130.0,250.63725490196077,514384,5.12%,514588,5.12%,09-09-2026,09-09-2026,Market Purchase,11-Sep-2026 10:25:22,https://nsearchives.nseindia.com/corporate/ixbrl/IT_22360_20260911_102522509_WEB.html
DIAMONDYD,Prataap Snacks Limited,Authum Investment & Infrastructure Limited,Promoter,2026-06-25,BUY,8099.0,8827910.0,1090.0,11014501,46.07%,11022600,46.11%,25-06-2026,25-06-2026,Market Purchase,26-Jun-2026 14:48:07,https://nsearchives.nseindia.com/corporate/ixbrl/IT_15510_20260626_144807161_WEB.html
DIAMONDYD,Prataap Snacks Limited,Authum Investment & Infrastructure Limited,Promoter,2026-08-05,BUY,217598.0,254587484.0,1169.9899999080874,11022600,46.11%,11240198,47.01%,05-08-2026,05-08-2026,Market Purchase,06-Aug-2026 19:29:40,https://nsearchives.nseindia.com/corporate/ixbrl/IT_15510_20260806_192940276_WEB.html
DIAMONDYD,Prataap Snacks Limited,Authum Investment & Infrastructure Limited,Promoter,2026-08-06,BUY,7841.0,9134765.0,1165.0,11240198,47.01%,11248039,47.04%,06-08-2026,06-08-2026,Market Purchase,08-Aug-2026 16:44:23,https://nsearchives.nseindia.com/corporate/ixbrl/IT_15510_20260808_164422970_WEB.html
DIAMONDYD,Prataap Snacks Limited,Authum Investment & Infrastructure Limited,Promoter,2026-08-07,BUY,273968.0,323243885.0,1179.860001898032,11248039,47.04%,11522007,48.19%,07-08-2026,07-08-2026,Market Purchase,11-Aug-2026 17:51:19,https://nsearchives.nseindia.com/corporate/ixbrl/IT_15510_20260811_175119465_WEB.html
DOLLAR,DOLLAR INDUSTRIES LIMITED,VK Mercantile Private Limited,Promoter Group,2026-06-24,BUY,55000.0,14833500.0,269.7,8004670,14.11%,8059670,14.21%,24-06-2026,24-06-2026,Market Purchase,25-Jun-2026 17:59:15,https://nsearchives.nseindia.com/corporate/ixbrl/IT_14920_20260625_175915415_WEB.html
EIEL,ENVIRO INFRA ENGINEERS LIMITED,Manish Jain,Promoter and Director,2026-08-31,BUY,7471.0,1464316.0,196.0,48931000,27.88%,48938471,27.88%,31-08-2026,31-08-2026,Market Purchase,01-Sep-2026 16:59:53,https://nsearchives.nseindia.com/corporate/ixbrl/IT_21143_20260901_165953824_WEB.html
EIEL,ENVIRO INFRA ENGINEERS LIMITED,MANISH JAIN,Promoter and Director,2026-09-01,BUY,40000.0,7691600.0,192.29,48938471,27.88%,48978471,27.90%,01-09-2026,01-09-2026,Market Purchase,03-Sep-2026 16:29:20,https://nsearchives.nseindia.com/corporate/ixbrl/IT_21143_20260903_162920238_WEB.html
EIEL,ENVIRO INFRA ENGINEERS LIMITED,MANISH JAIN,Promoter and Director,2026-09-02,BUY,22529.0,4274878.0,189.75001109680855,48978471,27.90%,49001000,27.92%,02-09-2026,02-09-2026,Market Purchase,03-Sep-2026 16:29:20,https://nsearchives.nseindia.com/corporate/ixbrl/IT_21143_20260903_162920238_WEB.html
EXCELSOFT,Excelsoft Technologies Limited,Mysore Sudhindratheertha Adarsh,Promoter Group,2026-08-14,BUY,30000.0,2246700.0,74.89,915000,0.80%,945000,0.82%,14-08-2026,14-08-2026,Market Purchase,19-Aug-2026 19:27:44,https://nsearchives.nseindia.com/corporate/ixbrl/IT_25530_20260819_192744359_WEB.html
EXCELSOFT,Excelsoft Technologies Limited,Mysore Sudhindratheertha Adarsh,Promoter Group,2026-09-04,BUY,10000.0,714500.0,71.45,945000,0.82%,955000,0.83%,04-09-2026,04-09-2026,Market Purchase,04-Sep-2026 19:17:07,https://nsearchives.nseindia.com/corporate/ixbrl/IT_25530_20260904_191707896_WEB.html
EXCELSOFT,Excelsoft Technologies Limited,Mysore Sudhindratheertha Adarsh,Promoter Group,2026-09-04,BUY,10000.0,714500.0,71.45,945000,0.82%,955000,0.83%,04-09-2026,04-09-2026,Market Purchase,04-Sep-2026 19:20:32,https://nsearchives.nseindia.com/corporate/ixbrl/IT_25530_20260904_192032111_WEB.html
FOCUS,Focus Lighting And Fixtures Limited,Amit Vinod Sheth,Promoter,2026-08-27,BUY,80165.0,5331774.0,66.50999812885922,34428304,51.04%,34508469,51.16%,25-08-2026,27-08-2026,Market Purchase,31-Aug-2026 17:36:19,https://nsearchives.nseindia.com/corporate/ixbrl/IT_14891_20260831_173619171_WEB.html
FOCUS,Focus Lighting And Fixtures Limited,Amit Vinod Sheth,Promoter,2026-09-04,BUY,32500.0,2102500.0,64.6923076923077,34508469,51.16%,34540969,51.21%,01-09-2026,04-09-2026,Market Purchase,10-Sep-2026 17:16:38,https://nsearchives.nseindia.com/corporate/ixbrl/IT_14891_20260910_171638030_WEB.html
FOCUS,Focus Lighting And Fixtures Limited,Amit Vinod Sheth,Promoter,2026-09-07,BUY,5000.0,317500.0,63.5,34540969,51.21%,34545969,51.22%,04-09-2026,07-09-2026,Market Purchase,10-Sep-2026 17:16:38,https://nsearchives.nseindia.com/corporate/ixbrl/IT_14891_20260910_171638030_WEB.html
GANDHAR,GANDHAR OIL REFINERY (INDIA) LIMITED,Ramesh Babulal Parekh,Promoter and Director,2026-06-16,BUY,50000.0,7976605.0,159.5321,28089627,28.69%,28139627,28.74%,16-06-2026,16-06-2026,Market Purchase,18-Jun-2026 10:49:13,https://nsearchives.nseindia.com/corporate/ixbrl/IT_21453_20260618_104913026_WEB.html
GANDHAR,GANDHAR OIL REFINERY (INDIA) LIMITED,Ramesh Babulal Parekh,Promoter and Director,2026-09-07,BUY,19000.0,5079101.0,267.3211052631579,28139627,28.74%,28158627,28.76%,07-09-2026,07-09-2026,Market Purchase,09-Sep-2026 20:29:30,https://nsearchives.nseindia.com/corporate/ixbrl/IT_21453_20260909_202930268_WEB.html
GANDHAR,GANDHAR OIL REFINERY (INDIA) LIMITED,Ramesh Babulal Parekh,Promoter and Director,2026-09-08,BUY,31000.0,8198905.0,264.4808064516129,28158627,28.76%,28189627,28.79%,08-09-2026,08-09-2026,Market Purchase,09-Sep-2026 20:29:30,https://nsearchives.nseindia.com/corporate/ixbrl/IT_21453_20260909_202930268_WEB.html
GANESHCP,GANESH CONSUMER PRODUCTS LIMITED,MANISH MIMANI,Promoter and Director,2026-06-19,BUY,50000.0,9969935.0,199.3987,2560657,6.34%,2610657,6.46%,19-06-2026,19-06-2026,Market Purchase,22-Jun-2026 15:49:14,https://nsearchives.nseindia.com/corporate/ixbrl/IT_25074_20260622_154914774_WEB.html
GANESHCP,GANESH CONSUMER PRODUCTS LIMITED,Manish Mimani,Promoter and Director,2026-06-23,BUY,50000.0,10000475.0,200.0095,2610657,6.46%,2660657,6.58%,23-06-2026,23-06-2026,Market Purchase,26-Jun-2026 12:06:11,https://nsearchives.nseindia.com/corporate/ixbrl/IT_25074_20260626_120611461_WEB.html
GANESHCP,GANESH CONSUMER PRODUCTS LIMITED,Manish Mimani,Promoter and Director,2026-06-30,BUY,31100.0,5997467.0,192.84459807073955,2660657,6.58%,2691757,6.66%,30-06-2026,30-06-2026,Market Purchase,03-Jul-2026 11:51:02,https://nsearchives.nseindia.com/corporate/ixbrl/IT_25074_20260703_115102118_WEB.html
GANESHCP,GANESH CONSUMER PRODUCTS LIMITED,Manish Mimani,Promoter and Director,2026-08-25,BUY,30200.0,4991046.0,165.2664238410596,2691757,6.66%,2721957,6.74%,25-08-2026,25-08-2026,Market Purchase,28-Aug-2026 11:24:00,https://nsearchives.nseindia.com/corporate/ixbrl/IT_25074_20260828_112400421_WEB.html
GANESHCP,GANESH CONSUMER PRODUCTS LIMITED,Manish Mimani,Promoter and Director,2026-09-02,BUY,18000.0,3009963.0,167.22016666666667,2721957,6.74%,2739957,6.78%,02-09-2026,02-09-2026,Market Purchase,04-Sep-2026 11:36:05,https://nsearchives.nseindia.com/corporate/ixbrl/IT_25074_20260904_113605225_WEB.html
GOKUL,GOKUL REFOILS AND SOLVENT LIMITED,Bhikhiben Balvantsinh Rajput,Promoter,2026-06-11,BUY,2200.0,90070.0,40.94090909090909,22725400,22.96%,22727600,22.96%,11-06-2026,11-06-2026,Market Purchase,12-Jun-2026 18:23:09,https://nsearchives.nseindia.com/corporate/ixbrl/IT_20260612_182309128_WEB.html
GOKUL,GOKUL REFOILS AND SOLVENT LIMITED,Bhikhiben Balvantsinh Rajput,Promoter,2026-06-11,BUY,4000.0,164239.0,41.05975,22727600,22.96%,22731600,22.96%,11-06-2026,11-06-2026,Market Purchase,12-Jun-2026 18:23:09,https://nsearchives.nseindia.com/corporate/ixbrl/IT_20260612_182309128_WEB.html
GOKUL,GOKUL REFOILS AND SOLVENT LIMITED,Bhikhiben Balvantsinh Rajput,Promoter,2026-06-12,BUY,2673.0,113749.0,42.55480733258511,22731600,22.96%,22734273,22.97%,12-06-2026,12-06-2026,Market Purchase,15-Jun-2026 18:28:37,https://nsearchives.nseindia.com/corporate/ixbrl/IT_2754_20260615_182837464_WEB.html
GOKUL,GOKUL REFOILS AND SOLVENT LIMITED,Bhikhiben Balvantsinh Rajput,Promoter,2026-06-12,BUY,16327.0,685166.0,41.96521100018374,22734273,22.97%,22750600,22.98%,12-06-2026,12-06-2026,Market Purchase,15-Jun-2026 18:28:37,https://nsearchives.nseindia.com/corporate/ixbrl/IT_2754_20260615_182837464_WEB.html
GOKUL,GOKUL REFOILS AND SOLVENT LIMITED,Bhikhiben Balvantsinh Rajput,Promoter,2026-06-15,BUY,1444.0,59356.0,41.10526315789474,22750600,22.98%,22752044,22.98%,15-06-2026,15-06-2026,Market Purchase,16-Jun-2026 18:28:16,https://nsearchives.nseindia.com/corporate/ixbrl/IT_2754_20260616_182816621_WEB.html
GOKUL,GOKUL REFOILS AND SOLVENT LIMITED,Bhikhiben Balvantsinh Rajput,Promoter,2026-06-15,BUY,6456.0,265349.0,41.101146220570016,22752044,22.98%,22758500,22.99%,15-06-2026,15-06-2026,Market Purchase,16-Jun-2026 18:28:16,https://nsearchives.nseindia.com/corporate/ixbrl/IT_2754_20260616_182816621_WEB.html
GOKUL,GOKUL REFOILS AND SOLVENT LIMITED,Bhikhiben Balvantsinh Rajput,Promoter,2026-06-16,BUY,1000.0,40972.0,40.972,22758500,22.99%,22759500,22.99%,16-06-2026,16-06-2026,Market Purchase,17-Jun-2026 17:31:35,https://nsearchives.nseindia.com/corporate/ixbrl/IT_2754_20260617_173135777_WEB.html
GOKUL,GOKUL REFOILS AND SOLVENT LIMITED,Bhikhiben Balvantsinh Rajput,Promoter,2026-06-16,BUY,1000.0,40972.0,40.972,22759500,22.99%,22760500,22.99%,16-06-2026,16-06-2026,Market Purchase,17-Jun-2026 17:31:35,https://nsearchives.nseindia.com/corporate/ixbrl/IT_2754_20260617_173135777_WEB.html
GOKUL,GOKUL REFOILS AND SOLVENT LIMITED,Bhikhiben Balvantsinh Rajput,Promoter,2026-06-17,BUY,1500.0,63415.0,42.276666666666664,22760500,22.99%,22762000,22.99%,17-06-2026,17-06-2026,Market Purchase,18-Jun-2026 17:44:58,https://nsearchives.nseindia.com/corporate/ixbrl/IT_2754_20260618_174458839_WEB.html
GOKUL,GOKUL REFOILS AND SOLVENT LIMITED,Bhikhiben Balvantsinh Rajput,Promoter,2026-06-17,BUY,17000.0,720494.0,42.382,22762000,22.99%,22779000,23.01%,17-06-2026,17-06-2026,Market Purchase,18-Jun-2026 17:44:58,https://nsearchives.nseindia.com/corporate/ixbrl/IT_2754_20260618_174458839_WEB.html
GOKUL,GOKUL REFOILS AND SOLVENT LIMITED,Bhikhiben Balvantsinh Rajput,Promoter,2026-08-20,BUY,2250.0,91098.0,40.488,22779000,23.01%,22781250,23.01%,20-08-2026,20-08-2026,Market Purchase,21-Aug-2026 18:11:36,https://nsearchives.nseindia.com/corporate/ixbrl/IT_2754_20260821_181136807_WEB.html
GOKUL,GOKUL REFOILS AND SOLVENT LIMITED,Bhikhiben Balvantsinh Rajput,Promoter,2026-08-20,BUY,7500.0,304146.0,40.5528,22781250,23.01%,22788750,23.02%,20-08-2026,20-08-2026,Market Purchase,21-Aug-2026 18:11:36,https://nsearchives.nseindia.com/corporate/ixbrl/IT_2754_20260821_181136807_WEB.html
GOKUL,GOKUL REFOILS AND SOLVENT LIMITED,Bhikhiben Balvantsinh Rajput,Promoter,2026-08-21,BUY,27257.0,1151863.0,42.25934622298859,22788750,23.02%,22816007,23.05%,21-08-2026,21-08-2026,Market Purchase,25-Aug-2026 12:49:10,https://nsearchives.nseindia.com/corporate/ixbrl/IT_2754_20260825_124910470_WEB.html
GOKUL,GOKUL REFOILS AND SOLVENT LIMITED,Bhikhiben Balvantsinh Rajput,Promoter,2026-08-21,BUY,55243.0,2329970.0,42.17674637510635,22816007,23.05%,22871250,23.10%,21-08-2026,21-08-2026,Market Purchase,25-Aug-2026 12:49:10,https://nsearchives.nseindia.com/corporate/ixbrl/IT_2754_20260825_124910470_WEB.html
GOKUL,GOKUL REFOILS AND SOLVENT LIMITED,Bhikhiben Balvantsinh Rajput,Promoter,2026-08-24,BUY,20000.0,904186.0,45.2093,22871250,23.10%,22891250,23.12%,24-08-2026,24-08-2026,Market Purchase,26-Aug-2026 12:03:53,https://nsearchives.nseindia.com/corporate/ixbrl/IT_2754_20260826_120353444_WEB.html
GOKUL,GOKUL REFOILS AND SOLVENT LIMITED,Bhikhiben Balvantsinh Rajput,Promoter,2026-08-24,BUY,60000.0,2706348.0,45.1058,22891250,23.12%,22951250,23.18%,24-08-2026,24-08-2026,Market Purchase,26-Aug-2026 12:03:53,https://nsearchives.nseindia.com/corporate/ixbrl/IT_2754_20260826_120353444_WEB.html
GOKUL,GOKUL REFOILS AND SOLVENT LIMITED,Bhikhiben Balvantsinh Rajput,Promoter,2026-08-25,BUY,707.0,31188.0,44.113154172560115,22951250,23.18%,22951957,23.18%,25-08-2026,25-08-2026,Market Purchase,27-Aug-2026 11:25:10,https://nsearchives.nseindia.com/corporate/ixbrl/IT_2754_20260827_112510291_WEB.html
GOKUL,GOKUL REFOILS AND SOLVENT LIMITED,Bhikhiben Balvantsinh Rajput,Promoter,2026-08-26,BUY,3650.0,162818.0,44.60767123287671,22951957,23.18%,22955607,23.19%,26-08-2026,26-08-2026,Market Purchase,27-Aug-2026 22:07:16,https://nsearchives.nseindia.com/corporate/ixbrl/IT_2754_20260827_220716089_WEB.html
GOKUL,GOKUL REFOILS AND SOLVENT LIMITED,Bhikhiben Balvantsinh Rajput,Promoter,2026-09-01,BUY,25000.0,1040110.0,41.6044,22955607,23.19%,22980607,23.21%,01-09-2026,01-09-2026,Market Purchase,02-Sep-2026 16:59:41,https://nsearchives.nseindia.com/corporate/ixbrl/IT_2754_20260902_165941294_WEB.html
GOKUL,GOKUL REFOILS AND SOLVENT LIMITED,Bhikhiben Balvantsinh Rajput,Promoter,2026-09-01,BUY,77000.0,3214871.0,41.75157142857143,22980607,23.19%,23057607,23.29%,01-09-2026,01-09-2026,Market Purchase,02-Sep-2026 16:59:41,https://nsearchives.nseindia.com/corporate/ixbrl/IT_2754_20260902_165941294_WEB.html
GOKUL,GOKUL REFOILS AND SOLVENT LIMITED,Bhikhiben Balvantsinh Rajput,Promoter,2026-09-02,BUY,15000.0,618851.0,41.25673333333334,23057607,23.29%,23072607,23.31%,02-09-2026,02-09-2026,Market Purchase,03-Sep-2026 18:22:12,https://nsearchives.nseindia.com/corporate/ixbrl/IT_2754_20260903_182212602_WEB.html
GOKUL,GOKUL REFOILS AND SOLVENT LIMITED,Bhikhiben Balvantsinh Rajput,Promoter,2026-09-02,BUY,35000.0,1443317.0,41.23762857142857,23072607,23.29%,23107607,23.34%,02-09-2026,02-09-2026,Market Purchase,03-Sep-2026 18:22:12,https://nsearchives.nseindia.com/corporate/ixbrl/IT_2754_20260903_182212602_WEB.html
GOKUL,GOKUL REFOILS AND SOLVENT LIMITED,Bhikhiben Balvantsinh Rajput,Promoter,2026-09-02,BUY,15000.0,618851.0,41.25673333333334,23057607,23.29%,23072607,23.31%,02-09-2026,02-09-2026,Market Purchase,03-Sep-2026 18:35:58,https://nsearchives.nseindia.com/corporate/ixbrl/IT_2754_20260903_183558735_WEB.html
GOKUL,GOKUL REFOILS AND SOLVENT LIMITED,Bhikhiben Balvantsinh Rajput,Promoter,2026-09-02,BUY,35000.0,1443317.0,41.23762857142857,23072607,23.29%,23107607,23.34%,02-09-2026,02-09-2026,Market Purchase,03-Sep-2026 18:35:58,https://nsearchives.nseindia.com/corporate/ixbrl/IT_2754_20260903_183558735_WEB.html
GOKUL,GOKUL REFOILS AND SOLVENT LIMITED,Bhikhiben Balvantsinh Rajput,Promoter,2026-09-02,BUY,15000.0,618851.0,41.25673333333334,23057607,23.29%,23072607,23.31%,02-09-2026,02-09-2026,Market Purchase,03-Sep-2026 18:21:18,https://nsearchives.nseindia.com/corporate/ixbrl/IT_2754_20260903_182118802_WEB.html
GOKUL,GOKUL REFOILS AND SOLVENT LIMITED,Bhikhiben Balvantsinh Rajput,Promoter,2026-09-02,BUY,35000.0,1443317.0,41.23762857142857,23072607,23.29%,23107607,23.34%,02-09-2026,02-09-2026,Market Purchase,03-Sep-2026 18:21:18,https://nsearchives.nseindia.com/corporate/ixbrl/IT_2754_20260903_182118802_WEB.html
GOKUL,GOKUL REFOILS AND SOLVENT LIMITED,Bhikhiben Balvantsinh Rajput,Promoter,2026-09-02,BUY,15000.0,618851.0,41.25673333333334,23057607,23.29%,23072607,23.31%,02-09-2026,02-09-2026,Market Purchase,03-Sep-2026 18:42:21,https://nsearchives.nseindia.com/corporate/ixbrl/IT_2754_20260903_184221618_WEB.html
GOKUL,GOKUL REFOILS AND SOLVENT LIMITED,Bhikhiben Balvantsinh Rajput,Promoter,2026-09-02,BUY,35000.0,1443317.0,41.23762857142857,23072607,23.29%,23107607,23.34%,02-09-2026,02-09-2026,Market Purchase,03-Sep-2026 18:42:21,https://nsearchives.nseindia.com/corporate/ixbrl/IT_2754_20260903_184221618_WEB.html
GOKUL,GOKUL REFOILS AND SOLVENT LIMITED,Bhikhiben Balvantsinh Rajput,Promoter,2026-09-02,BUY,15000.0,618851.0,41.25673333333334,23057607,23.29%,23072607,23.31%,02-09-2026,02-09-2026,Market Purchase,03-Sep-2026 18:20:30,https://nsearchives.nseindia.com/corporate/ixbrl/IT_2754_20260903_182030604_WEB.html
GOKUL,GOKUL REFOILS AND SOLVENT LIMITED,Bhikhiben Balvantsinh Rajput,Promoter,2026-09-02,BUY,35000.0,1443317.0,41.23762857142857,23072607,23.29%,23107607,23.34%,02-09-2026,02-09-2026,Market Purchase,03-Sep-2026 18:20:30,https://nsearchives.nseindia.com/corporate/ixbrl/IT_2754_20260903_182030604_WEB.html
GOLDTECH,AION-TECH SOLUTIONS LIMITED,Trinity Infraventures Limited,Promoter,2026-06-12,BUY,200000.0,8492000.0,42.46,18745812,35.86%,18945812,36.25%,12-06-2026,12-06-2026,Market Purchase,15-Jun-2026 16:58:47,https://nsearchives.nseindia.com/corporate/ixbrl/IT_1976_20260615_165847461_WEB.html
GREENPANEL,Greenpanel Industries Limited,Shobhan Mittal,Promoter and Director,2026-08-28,BUY,61500.0,9904150.0,161.0430894308943,16823899,13.72%,16885399,13.77%,27-08-2026,28-08-2026,Market Purchase,31-Aug-2026 17:10:38,https://nsearchives.nseindia.com/corporate/ixbrl/IT_17613_20260831_171038477_WEB.html
GREENPANEL,Greenpanel Industries Limited,Shobhan Mittal,Promoter and Director,2026-08-28,BUY,61500.0,9904150.0,161.0430894308943,16823899,13.72%,16885399,13.77%,27-08-2026,28-08-2026,Market Purchase,31-Aug-2026 17:05:53,https://nsearchives.nseindia.com/corporate/ixbrl/IT_17613_20260831_170553237_WEB.html
GRMOVER,GRM OVERSEAS LIMITED,Atul Garg,Promoter and Director,2026-06-11,BUY,238281.0,20795511.0,87.27305576189457,42642067,20.58%,42880348,20.69%,11-06-2026,11-06-2026,Market Purchase,12-Jun-2026 17:17:59,https://nsearchives.nseindia.com/corporate/ixbrl/IT_20260612_171759467_WEB.html
GRMOVER,GRM OVERSEAS LIMITED,Mamta Garg,Promoter and Director,2026-06-11,BUY,50000.0,4311105.0,86.2221,41699378,20.12%,41749378,20.15%,11-06-2026,11-06-2026,Market Purchase,12-Jun-2026 17:17:59,https://nsearchives.nseindia.com/corporate/ixbrl/IT_20260612_171759467_WEB.html
GRMOVER,GRM OVERSEAS LIMITED,Atul Garg,Promoter and Director,2026-06-12,BUY,450000.0,42332394.0,94.07198666666666,42880348,20.69%,43330348,20.91%,12-06-2026,12-06-2026,Market Purchase,15-Jun-2026 18:34:40,https://nsearchives.nseindia.com/corporate/ixbrl/IT_20861_20260615_183439947_WEB.html
GRMOVER,GRM OVERSEAS LIMITED,Mamta Garg,Promoter and Director,2026-06-17,BUY,99546.0,9288336.0,93.3069736604183,41749378,20.15%,41848924,20.20%,17-06-2026,17-06-2026,Market Purchase,20-Jun-2026 18:53:02,https://nsearchives.nseindia.com/corporate/ixbrl/IT_20861_20260620_185302006_WEB.html
GRMOVER,GRM OVERSEAS LIMITED,Mamta Garg,Promoter and Director,2026-06-24,BUY,150000.0,13682958.0,91.21972,41848924,20.20%,41998924,20.27%,24-06-2026,24-06-2026,Market Purchase,29-Jun-2026 18:38:21,https://nsearchives.nseindia.com/corporate/ixbrl/IT_20861_20260629_183821311_WEB.html
GRMOVER,GRM OVERSEAS LIMITED,Mamta Garg,Promoter and Director,2026-06-24,BUY,150000.0,13682958.0,91.21972,41848924,20.20%,41998924,20.27%,24-06-2026,24-06-2026,Market Purchase,29-Jun-2026 18:42:32,https://nsearchives.nseindia.com/corporate/ixbrl/IT_20861_20260629_184232799_WEB.html
HCLTECH,HCL Technologies Limited,Vama Sundari Investments (Delhi) Private Limited,Promoter,2026-06-12,BUY,47261.0,52192113.0,1104.337889591841,1200314255,44.23%,1200361516,44.23%,11-06-2026,12-06-2026,Market Purchase,16-Jun-2026 18:37:38,https://nsearchives.nseindia.com/corporate/ixbrl/IT_1828_20260616_183738581_WEB.html
HEXAGON,HEXAGON NUTRITION LIMITED,DR. NIKHIL KELKAR,Promoter,2026-08-17,BUY,16400.0,1050131.0,64.03237804878049,21216068,17.26%,21232468,17.27%,17-08-2026,17-08-2026,Market Purchase,19-Aug-2026 17:36:24,https://nsearchives.nseindia.com/corporate/ixbrl/IT_20301_20260819_173624881_WEB.html
HEXAGON,HEXAGON NUTRITION LIMITED,DR. NIKHIL KELKAR,Promoter,2026-08-17,BUY,16400.0,1050131.0,64.03237804878049,21216068,17.26%,21232468,17.27%,17-08-2026,17-08-2026,Market Purchase,19-Aug-2026 17:10:14,https://nsearchives.nseindia.com/corporate/ixbrl/IT_20301_20260819_171014866_WEB.html
HEXAGON,HEXAGON NUTRITION LIMITED,MR. VIKRAM KELKAR,Promoter,2026-08-17,BUY,16300.0,1044058.0,64.05263803680981,25945044,21.11%,25961344,21.12%,17-08-2026,17-08-2026,Market Purchase,19-Aug-2026 17:36:24,https://nsearchives.nseindia.com/corporate/ixbrl/IT_20301_20260819_173624881_WEB.html
HEXAGON,HEXAGON NUTRITION LIMITED,MR. VIKRAM KELKAR,Promoter,2026-08-17,BUY,16300.0,1044058.0,64.05263803680981,25945044,21.11%,25961344,21.12%,17-08-2026,17-08-2026,Market Purchase,19-Aug-2026 17:10:14,https://nsearchives.nseindia.com/corporate/ixbrl/IT_20301_20260819_171014866_WEB.html
HEXAGON,HEXAGON NUTRITION LIMITED,MS. ANURADHA KELKAR,Promoter Group,2026-08-17,BUY,15000.0,960728.0,64.04853333333334,9053059,7.37%,9068059,7.38%,17-08-2026,17-08-2026,Market Purchase,19-Aug-2026 17:36:24,https://nsearchives.nseindia.com/corporate/ixbrl/IT_20301_20260819_173624881_WEB.html
HEXAGON,HEXAGON NUTRITION LIMITED,MS. ANURADHA KELKAR,Promoter Group,2026-08-17,BUY,15000.0,960728.0,64.04853333333334,9053059,7.37%,9068059,7.38%,17-08-2026,17-08-2026,Market Purchase,19-Aug-2026 17:10:14,https://nsearchives.nseindia.com/corporate/ixbrl/IT_20301_20260819_171014866_WEB.html
INDIQUBE,Indiqube Spaces Limited,MEGHNA AGARWAL,Promoter and Director,2026-06-09,BUY,5500.0,878953.0,159.80963636363637,33676053,15.89%,33681553,15.89%,09-06-2026,09-06-2026,Market Purchase,15-Jun-2026 21:46:47,https://nsearchives.nseindia.com/corporate/ixbrl/IT_25080_20260615_214647161_WEB.html
INDIQUBE,Indiqube Spaces Limited,MEGHNA AGARWAL,Promoter and Director,2026-06-12,BUY,2000.0,306302.0,153.151,33681553,15.89%,33683553,15.89%,12-06-2026,12-06-2026,Market Purchase,18-Jun-2026 20:52:16,https://nsearchives.nseindia.com/corporate/ixbrl/IT_25080_20260618_205216567_WEB.html
INDIQUBE,Indiqube Spaces Limited,MEGHNA AGARWAL,Promoter and Director,2026-06-22,BUY,3000.0,515026.0,171.67533333333333,33683553,15.89%,33686553,15.89%,22-06-2026,22-06-2026,Market Purchase,27-Jun-2026 01:19:14,https://nsearchives.nseindia.com/corporate/ixbrl/IT_25080_20260627_011913968_WEB.html
INDIQUBE,Indiqube Spaces Limited,MEGHNA AGARWAL,Promoter and Director,2026-06-24,BUY,5000.0,843343.0,168.6686,33686553,15.89%,33691553,15.89%,23-06-2026,24-06-2026,Market Purchase,27-Jun-2026 18:33:54,https://nsearchives.nseindia.com/corporate/ixbrl/IT_25080_20260627_183354662_WEB.html
INDOCO,INDOCO REMEDIES LIMITED,ADITI M. PANANDIKAR,Promoter and Director,2026-08-31,BUY,5000.0,1224240.0,244.848,2917158,3.16%,2922158,3.17%,28-08-2026,31-08-2026,Market Purchase,31-Aug-2026 17:56:35,https://nsearchives.nseindia.com/corporate/ixbrl/IT_2257_20260831_175634950_WEB.html
INDOCO,INDOCO REMEDIES LIMITED,MADHURA SURESH KARE,Promoter,2026-08-31,BUY,5000.0,1224220.0,244.844,2479513,2.69%,2484513,2.69%,28-08-2026,31-08-2026,Market Purchase,31-Aug-2026 17:56:35,https://nsearchives.nseindia.com/corporate/ixbrl/IT_2257_20260831_175634950_WEB.html
INDOCO,INDOCO REMEDIES LIMITED,ADITI M. PANANDIKAR,Promoter and Director,2026-09-01,BUY,2000.0,482000.0,241.0,2922158,3.17%,2924158,3.17%,01-09-2026,01-09-2026,Market Purchase,02-Sep-2026 17:19:24,https://nsearchives.nseindia.com/corporate/ixbrl/IT_2257_20260902_171924096_WEB.html
INDOCO,INDOCO REMEDIES LIMITED,MADHURA SURESH KARE,Promoter,2026-09-01,BUY,2000.0,482000.0,241.0,2484513,2.69%,2486513,2.69%,01-09-2026,01-09-2026,Market Purchase,02-Sep-2026 17:19:24,https://nsearchives.nseindia.com/corporate/ixbrl/IT_2257_20260902_171924096_WEB.html
INDOCO,INDOCO REMEDIES LIMITED,ADITI M. PANANDIKAR,Promoter and Director,2026-09-09,BUY,4970.0,1171217.0,235.6573440643863,2924158,3.17%,2929128,3.17%,08-09-2026,09-09-2026,Market Purchase,09-Sep-2026 19:34:46,https://nsearchives.nseindia.com/corporate/ixbrl/IT_2257_20260909_193446173_WEB.html
INDOCO,INDOCO REMEDIES LIMITED,ARUNA SURESH KARE,Promoter,2026-09-09,BUY,14526.0,3461566.0,238.3013906099408,0,0.00%,14526,0.02%,08-09-2026,09-09-2026,Market Purchase,09-Sep-2026 19:34:46,https://nsearchives.nseindia.com/corporate/ixbrl/IT_2257_20260909_193446173_WEB.html
INDOCO,INDOCO REMEDIES LIMITED,MADHURA SURESH KARE,Promoter,2026-09-09,BUY,4900.0,1154877.0,235.6891836734694,2486513,2.69%,2491413,2.70%,08-09-2026,09-09-2026,Market Purchase,09-Sep-2026 19:34:46,https://nsearchives.nseindia.com/corporate/ixbrl/IT_2257_20260909_193446173_WEB.html
INDOCO,INDOCO REMEDIES LIMITED,SURESH G KARE,Promoter and Director,2026-09-09,BUY,14534.0,3456945.0,237.85227741846705,1292941,1.40%,1307475,1.42%,08-09-2026,09-09-2026,Market Purchase,09-Sep-2026 19:34:46,https://nsearchives.nseindia.com/corporate/ixbrl/IT_2257_20260909_193446173_WEB.html
INDORAMA,INDO RAMA SYNTHETICS (INDIA) LIMITED,URMILA LOHIA,Promoter,2026-09-08,BUY,217137.0,16096417.0,74.1302357497801,54209930,20.76%,54427067,20.84%,08-09-2026,08-09-2026,Market Purchase,10-Sep-2026 14:54:48,https://nsearchives.nseindia.com/corporate/ixbrl/IT_2141_20260910_145448458_WEB.html
INDORAMA,INDO RAMA SYNTHETICS (INDIA) LIMITED,URMILA LOHIA,Promoter,2026-09-09,BUY,197659.0,15297171.0,77.39172514279643,54427067,20.84%,54624726,20.92%,09-09-2026,09-09-2026,Market Purchase,10-Sep-2026 14:54:48,https://nsearchives.nseindia.com/corporate/ixbrl/IT_2141_20260910_145448458_WEB.html
IRB,IRB INFRASTRUCTURE DEVELOPERS LIMITED,IRB Holding Private Limited,Promoter Group,2026-08-31,BUY,10500000.0,204084517.0,19.436620666666666,3616308700,29.94%,3626808700,30.02%,31-08-2026,31-08-2026,Market Purchase,02-Sep-2026 20:13:34,https://nsearchives.nseindia.com/corporate/ixbrl/IT_2724_20260902_201334367_WEB.html
IRB,IRB INFRASTRUCTURE DEVELOPERS LIMITED,IRB Holding Private Limited,Promoter Group,2026-09-01,BUY,10500000.0,202402521.0,19.27643057142857,3626808700,30.02%,3637308700,30.11%,01-09-2026,01-09-2026,Market Purchase,02-Sep-2026 20:13:34,https://nsearchives.nseindia.com/corporate/ixbrl/IT_2724_20260902_201334367_WEB.html
IRB,IRB INFRASTRUCTURE DEVELOPERS LIMITED,IRB Holding Private Limited,Promoter Group,2026-09-02,BUY,10500000.0,202928140.0,19.326489523809524,3637308700,30.11%,3647808700,30.20%,02-09-2026,02-09-2026,Market Purchase,02-Sep-2026 20:13:34,https://nsearchives.nseindia.com/corporate/ixbrl/IT_2724_20260902_201334367_WEB.html
IRB,IRB INFRASTRUCTURE DEVELOPERS LIMITED,IRB Holding Private Limited,Promoter Group,2026-09-03,BUY,12891600.0,255556726.0,19.82350724502777,3647808700,30.20%,3660700300,30.31%,03-09-2026,03-09-2026,Market Purchase,07-Sep-2026 18:14:40,https://nsearchives.nseindia.com/corporate/ixbrl/IT_2724_20260907_181440136_WEB.html
JARO,JARO INSTITUTE OF TECHNOLOGY MANAGEMENT AND RESEARCH LIMITED,Balkrishna Namdeo Salunkhe,Promoter,2026-06-09,OTHER,455098.0,0.0,0.0,457098,2.05%,912196,4.10%,09-06-2026,09-06-2026,Off Market,20-Jun-2026 17:57:20,https://nsearchives.nseindia.com/corporate/ixbrl/IT_24645_20260620_175720437_WEB.html
JARO,JARO INSTITUTE OF TECHNOLOGY MANAGEMENT AND RESEARCH LIMITED,Sanjay Namdeo Salunkhe,Promoter,2026-06-11,BUY,24355.0,13328387.0,547.2546499692055,12274485,55.11%,12298840,55.23%,11-06-2026,11-06-2026,Market Purchase,12-Jun-2026 12:39:19,https://nsearchives.nseindia.com/corporate/ixbrl/IT_20260612_123918989_WEB.html
JARO,JARO INSTITUTE OF TECHNOLOGY MANAGEMENT AND RESEARCH LIMITED,Sanjay Namdeo Salunkhe,Promoter,2026-06-12,BUY,15326.0,8658985.0,564.9866240375832,12298840,55.23%,12314166,55.29%,12-06-2026,12-06-2026,Market Purchase,13-Jun-2026 12:53:28,https://nsearchives.nseindia.com/corporate/ixbrl/IT_20260613_125328596_WEB.html
JARO,JARO INSTITUTE OF TECHNOLOGY MANAGEMENT AND RESEARCH LIMITED,Balkrishna Namdeo Salunkhe,Promoter,2026-08-17,BUY,22100.0,9988144.0,451.95221719457015,912196,4.10%,934296,4.20%,17-08-2026,17-08-2026,Market Purchase,18-Aug-2026 17:19:52,https://nsearchives.nseindia.com/corporate/ixbrl/IT_24645_20260818_171952665_WEB.html
JARO,JARO INSTITUTE OF TECHNOLOGY MANAGEMENT AND RESEARCH LIMITED,Balkrishna Namdeo Salunkhe,Promoter,2026-08-19,BUY,1500.0,661908.0,441.272,934296,4.20%,935796,4.20%,19-08-2026,19-08-2026,Market Purchase,21-Aug-2026 15:37:40,https://nsearchives.nseindia.com/corporate/ixbrl/IT_24645_20260821_153740440_WEB.html
JARO,JARO INSTITUTE OF TECHNOLOGY MANAGEMENT AND RESEARCH LIMITED,Balkrishna Namdeo Salunkhe,Promoter,2026-08-20,BUY,300.0,132024.0,440.08,935796,4.20%,936096,4.20%,20-08-2026,20-08-2026,Market Purchase,21-Aug-2026 15:37:40,https://nsearchives.nseindia.com/corporate/ixbrl/IT_24645_20260821_153740440_WEB.html
JARO,JARO INSTITUTE OF TECHNOLOGY MANAGEMENT AND RESEARCH LIMITED,Balkrishna Namdeo Salunkhe,Promoter,2026-08-21,BUY,7390.0,3257871.0,440.8485791610284,936096,4.20%,943486,4.24%,21-08-2026,21-08-2026,Market Purchase,22-Aug-2026 17:50:32,https://nsearchives.nseindia.com/corporate/ixbrl/IT_24645_20260822_175032334_WEB.html
JARO,JARO INSTITUTE OF TECHNOLOGY MANAGEMENT AND RESEARCH LIMITED,Sanjay Namdeo Salunkhe,Promoter,2026-08-26,BUY,20018.0,9251606.0,462.1643520831252,12314166,55.29%,12334184,55.38%,26-08-2026,26-08-2026,Market Purchase,27-Aug-2026 18:34:17,https://nsearchives.nseindia.com/corporate/ixbrl/IT_24645_20260827_183417085_WEB.html
JARO,JARO INSTITUTE OF TECHNOLOGY MANAGEMENT AND RESEARCH LIMITED,Sanjay Namdeo Salunkhe,Promoter,2026-09-10,BUY,15638.0,7172623.0,458.66626167029034,12334184,55.38%,12349822,55.45%,10-09-2026,10-09-2026,Market Purchase,11-Sep-2026 15:19:08,https://nsearchives.nseindia.com/corporate/ixbrl/IT_24645_20260911_151907934_WEB.html
JAYSREETEA,JAY SHREE TEA & INDUSTRIES LTD,MRS.JAYASHREE MOHTA,Promoter and Director,2026-08-17,BUY,1252262.0,110814212.0,88.49123585958849,1105770,3.83%,2358032,8.16%,17-08-2026,17-08-2026,Market Purchase,18-Aug-2026 20:38:34,https://nsearchives.nseindia.com/corporate/ixbrl/IT_1139_20260818_203834364_WEB.html
JAYSREETEA,JAY SHREE TEA & INDUSTRIES LTD,MRS.JAYASHREE MOHTA,Promoter and Director,2026-08-17,BUY,11223.0,982000.0,87.49888621580682,2358032,8.16%,2369255,8.20%,17-08-2026,17-08-2026,Market Purchase,18-Aug-2026 20:38:34,https://nsearchives.nseindia.com/corporate/ixbrl/IT_1139_20260818_203834364_WEB.html
JAYSREETEA,JAY SHREE TEA & INDUSTRIES LTD,MRS.JAYASHREE MOHTA,Promoter and Director,2026-08-18,BUY,227.0,20030.0,88.23788546255507,2369255,8.20%,2369482,8.21%,18-08-2026,18-08-2026,Market Purchase,20-Aug-2026 17:11:16,https://nsearchives.nseindia.com/corporate/ixbrl/IT_1139_20260820_171116333_WEB.html
JSL,JINDAL STAINLESS LIMITED,JSL OVERSEAS HOLDING LIMITED,Promoter Group,2026-09-04,BUY,641817.0,474522751.0,739.3427581382232,141181572,17.12%,141823389,17.20%,03-09-2026,04-09-2026,Market Purchase,09-Sep-2026 18:18:35,https://nsearchives.nseindia.com/corporate/ixbrl/IT_2156_20260909_181835266_WEB.html
JSL,JINDAL STAINLESS LIMITED,JSL OVERSEAS HOLDING LIMITED,Promoter Group,2026-09-04,BUY,641817.0,474522751.0,739.3427581382232,141181572,17.12%,141823389,17.20%,03-09-2026,04-09-2026,Market Purchase,09-Sep-2026 18:17:56,https://nsearchives.nseindia.com/corporate/ixbrl/IT_2156_20260909_181756612_WEB.html
JSL,JINDAL STAINLESS LIMITED,JSL OVERSEAS HOLDING LIMITED,Promoter Group,2026-09-04,BUY,641817.0,474522751.0,739.3427581382232,141181572,17.12%,141823389,17.20%,03-09-2026,04-09-2026,Market Purchase,09-Sep-2026 17:50:16,https://nsearchives.nseindia.com/corporate/ixbrl/IT_2156_20260909_175015930_WEB.html
LIBAS,Libas Consumer Products Limited,Riyaz Ganji,Promoter and Director,2026-08-21,BUY,36204.0,362755.0,10.019749198983538,4402562,16.71%,4438766,16.85%,21-08-2026,21-08-2026,Market Purchase,24-Aug-2026 17:56:31,https://nsearchives.nseindia.com/corporate/ixbrl/IT_14456_20260824_175631786_WEB.html
LIBAS,Libas Consumer Products Limited,Riyaz Ganji,Promoter and Director,2026-08-24,BUY,15500.0,156510.0,10.09741935483871,4438766,16.85%,4454266,16.91%,24-08-2026,24-08-2026,Market Purchase,26-Aug-2026 16:58:55,https://nsearchives.nseindia.com/corporate/ixbrl/IT_14456_20260826_165855257_WEB.html
LIBAS,Libas Consumer Products Limited,Riyaz Ganji,Promoter and Director,2026-08-27,BUY,79566.0,874081.0,10.985609431164065,4454266,16.91%,4533832,17.21%,26-08-2026,27-08-2026,Market Purchase,31-Aug-2026 17:30:20,https://nsearchives.nseindia.com/corporate/ixbrl/IT_14456_20260831_173020315_WEB.html
LIBAS,Libas Consumer Products Limited,Riyaz Ganji,Promoter and Director,2026-08-31,BUY,58722.0,644635.0,10.977742583699465,4533832,17.21%,4592554,17.43%,31-08-2026,31-08-2026,Market Purchase,01-Sep-2026 11:32:20,https://nsearchives.nseindia.com/corporate/ixbrl/IT_14456_20260901_113220489_WEB.html
LIBAS,Libas Consumer Products Limited,Nishant Mahimtura,Promoter and Director,2026-09-02,BUY,2000.0,20820.0,10.41,0,0.00%,2000,0.01%,02-09-2026,02-09-2026,Market Purchase,04-Sep-2026 15:52:17,https://nsearchives.nseindia.com/corporate/ixbrl/IT_14456_20260904_155217344_WEB.html
LIBAS,Libas Consumer Products Limited,Riyaz Ganji,Promoter and Director,2026-09-02,BUY,3550.0,38019.0,10.709577464788733,4592554,17.43%,4596104,17.45%,01-09-2026,02-09-2026,Market Purchase,04-Sep-2026 15:50:33,https://nsearchives.nseindia.com/corporate/ixbrl/IT_14456_20260904_155033703_WEB.html
LIBERTSHOE,LIBERTY SHOES LIMITED,ARPAN GUPTA KARTA DINESH KUMAR GUPTA HUF,Promoter Group,2026-06-25,SELL,10000.0,2774200.0,277.42,324594,1.90%,314594,1.85%,25-06-2026,25-06-2026,Market Sale,30-Jun-2026 20:39:40,https://nsearchives.nseindia.com/corporate/ixbrl/IT_681_20260630_203940949_WEB.html
LIBERTSHOE,LIBERTY SHOES LIMITED,ARPAN GUPTA KARTA DINESH KUMAR GUPTA HUF,Promoter Group,2026-06-25,SELL,10000.0,2774200.0,277.42,324594,1.90%,314594,1.85%,25-06-2026,25-06-2026,Market Sale,30-Jun-2026 20:21:16,https://nsearchives.nseindia.com/corporate/ixbrl/IT_681_20260630_202116532_WEB.html
LIBERTSHOE,LIBERTY SHOES LIMITED,Anupam Bansal,Promoter,2026-06-30,BUY,40000.0,10751357.0,268.783925,555605,3.26%,595605,1.85%,29-06-2026,30-06-2026,Market Purchase,30-Jun-2026 20:21:46,https://nsearchives.nseindia.com/corporate/ixbrl/IT_681_20260630_202146588_WEB.html
LIBERTSHOE,LIBERTY SHOES LIMITED,Shammi Bansal,Promoter,2026-06-30,BUY,25000.0,6794088.0,271.76352,272360,1.60%,297360,3.49%,29-06-2026,30-06-2026,Market Purchase,30-Jun-2026 20:21:46,https://nsearchives.nseindia.com/corporate/ixbrl/IT_681_20260630_202146588_WEB.html
LIBERTSHOE,LIBERTY SHOES LIMITED,Anupam Bansal,Promoter,2026-08-17,BUY,50100.0,12230412.0,244.12,595605,3.50%,645705,3.79%,17-08-2026,17-08-2026,Market Purchase,20-Aug-2026 19:12:40,https://nsearchives.nseindia.com/corporate/ixbrl/IT_681_20260820_191240366_WEB.html
LIBERTSHOE,LIBERTY SHOES LIMITED,Anupam Bansal,Promoter,2026-08-17,BUY,233.0,55920.0,240.0,645705,3.79%,645938,3.79%,17-08-2026,17-08-2026,Market Purchase,20-Aug-2026 19:12:40,https://nsearchives.nseindia.com/corporate/ixbrl/IT_681_20260820_191240366_WEB.html
LIBERTSHOE,LIBERTY SHOES LIMITED,Anupam Bansal,Promoter,2026-08-18,BUY,15004.0,3672797.0,244.7878565715809,645938,3.79%,660942,3.88%,18-08-2026,18-08-2026,Market Purchase,20-Aug-2026 19:12:40,https://nsearchives.nseindia.com/corporate/ixbrl/IT_681_20260820_191240366_WEB.html
LIBERTSHOE,LIBERTY SHOES LIMITED,Anupam Bansal,Promoter,2026-08-18,BUY,115.0,28164.0,244.90434782608696,660942,3.88%,661057,3.89%,18-08-2026,18-08-2026,Market Purchase,20-Aug-2026 19:12:40,https://nsearchives.nseindia.com/corporate/ixbrl/IT_681_20260820_191240366_WEB.html
LIBERTSHOE,LIBERTY SHOES LIMITED,Anupam Bansal,Promoter,2026-08-19,BUY,4548.0,1109712.0,244.0,661057,3.89%,665605,3.91%,19-08-2026,19-08-2026,Market Purchase,20-Aug-2026 19:12:40,https://nsearchives.nseindia.com/corporate/ixbrl/IT_681_20260820_191240366_WEB.html
LYKALABS,Lyka Labs Limited,Alisha Gandhi,Promoter Group,2026-06-24,BUY,5000.0,339569.0,67.9138,45000,0.13%,50000,0.14%,24-06-2026,24-06-2026,Market Purchase,26-Jun-2026 17:23:42,https://nsearchives.nseindia.com/corporate/ixbrl/IT_1127_20260626_172342073_WEB.html
LYKALABS,Lyka Labs Limited,Alisha Gandhi,Promoter Group,2026-06-24,BUY,5000.0,339569.0,67.9138,45000,0.13%,50000,0.14%,24-06-2026,24-06-2026,Market Purchase,26-Jun-2026 17:36:30,https://nsearchives.nseindia.com/corporate/ixbrl/IT_1127_20260626_173630829_WEB.html
LYKALABS,Lyka Labs Limited,Alisha Gandhi,Promoter Group,2026-06-24,BUY,5000.0,339569.0,67.9138,45000,0.13%,50000,0.14%,24-06-2026,24-06-2026,Market Purchase,26-Jun-2026 17:21:16,https://nsearchives.nseindia.com/corporate/ixbrl/IT_1127_20260626_172116631_WEB.html
LYKALABS,Lyka Labs Limited,Enai Trading and Investment Pvt.,Promoter Group,2026-06-24,BUY,11312.0,805323.0,71.19192008486563,1000000,2.80%,1011312,2.83%,24-06-2026,24-06-2026,Market Purchase,26-Jun-2026 17:23:42,https://nsearchives.nseindia.com/corporate/ixbrl/IT_1127_20260626_172342073_WEB.html
LYKALABS,Lyka Labs Limited,Enai Trading and Investment Pvt.,Promoter Group,2026-06-24,BUY,11312.0,805323.0,71.19192008486563,1000000,2.80%,1011312,2.83%,24-06-2026,24-06-2026,Market Purchase,26-Jun-2026 17:36:30,https://nsearchives.nseindia.com/corporate/ixbrl/IT_1127_20260626_173630829_WEB.html
LYKALABS,Lyka Labs Limited,Enai Trading and Investment Pvt.,Promoter Group,2026-06-24,BUY,11312.0,805323.0,71.19192008486563,1000000,2.80%,1011312,2.83%,24-06-2026,24-06-2026,Market Purchase,26-Jun-2026 17:21:16,https://nsearchives.nseindia.com/corporate/ixbrl/IT_1127_20260626_172116631_WEB.html
LYKALABS,Lyka Labs Limited,Kunal Gandhi,Promoter,2026-06-25,BUY,6533.0,460482.0,70.4855349762743,3493629,9.79%,3500162,9.81%,25-06-2026,25-06-2026,Market Purchase,26-Jun-2026 17:23:42,https://nsearchives.nseindia.com/corporate/ixbrl/IT_1127_20260626_172342073_WEB.html
LYKALABS,Lyka Labs Limited,Kunal Gandhi,Promoter,2026-06-25,BUY,6533.0,460482.0,70.4855349762743,3493629,9.79%,3500162,9.81%,25-06-2026,25-06-2026,Market Purchase,26-Jun-2026 17:36:30,https://nsearchives.nseindia.com/corporate/ixbrl/IT_1127_20260626_173630829_WEB.html
LYKALABS,Lyka Labs Limited,Kunal Gandhi,Promoter,2026-06-25,BUY,6533.0,460482.0,70.4855349762743,3493629,9.79%,3500162,9.81%,25-06-2026,25-06-2026,Market Purchase,26-Jun-2026 17:21:16,https://nsearchives.nseindia.com/corporate/ixbrl/IT_1127_20260626_172116631_WEB.html
LYKALABS,Lyka Labs Limited,Nehal Gandhi,Promoter,2026-06-25,BUY,33122.0,2341493.0,70.6929835154882,1162371,3.26%,1195493,3.35%,24-06-2026,25-06-2026,Market Purchase,26-Jun-2026 17:23:42,https://nsearchives.nseindia.com/corporate/ixbrl/IT_1127_20260626_172342073_WEB.html
LYKALABS,Lyka Labs Limited,Nehal Gandhi,Promoter,2026-06-25,BUY,33122.0,2341493.0,70.6929835154882,1162371,3.26%,1195493,3.35%,24-06-2026,25-06-2026,Market Purchase,26-Jun-2026 17:36:30,https://nsearchives.nseindia.com/corporate/ixbrl/IT_1127_20260626_173630829_WEB.html
LYKALABS,Lyka Labs Limited,Nehal Gandhi,Promoter,2026-06-25,BUY,33122.0,2341493.0,70.6929835154882,1162371,3.26%,1195493,3.35%,24-06-2026,25-06-2026,Market Purchase,26-Jun-2026 17:21:16,https://nsearchives.nseindia.com/corporate/ixbrl/IT_1127_20260626_172116631_WEB.html
LYKALABS,Lyka Labs Limited,Kunal N Gandhi,Promoter,2026-06-29,BUY,12914.0,936398.0,72.51029890041815,3500162,9.81%,3513076,9.84%,29-06-2026,29-06-2026,Market Purchase,30-Jun-2026 12:07:10,https://nsearchives.nseindia.com/corporate/ixbrl/IT_1127_20260630_120710182_WEB.html
LYKALABS,Lyka Labs Limited,Kunal N Gandhi,Promoter,2026-06-29,BUY,1262.0,92015.0,72.91204437400951,3513076,9.84%,3514338,9.85%,29-06-2026,29-06-2026,Market Purchase,30-Jun-2026 12:07:10,https://nsearchives.nseindia.com/corporate/ixbrl/IT_1127_20260630_120710182_WEB.html
LYKALABS,Lyka Labs Limited,Kunal N Gandhi,Promoter,2026-06-29,BUY,12914.0,936398.0,72.51029890041815,3500162,9.81%,3513076,9.84%,29-06-2026,29-06-2026,Market Purchase,30-Jun-2026 13:07:29,https://nsearchives.nseindia.com/corporate/ixbrl/IT_1127_20260630_130729816_WEB.html
LYKALABS,Lyka Labs Limited,Kunal N Gandhi,Promoter,2026-06-29,BUY,1262.0,92015.0,72.91204437400951,3513076,9.84%,3514338,9.85%,29-06-2026,29-06-2026,Market Purchase,30-Jun-2026 13:07:29,https://nsearchives.nseindia.com/corporate/ixbrl/IT_1127_20260630_130729816_WEB.html
MANINFRA,MAN INFRACONSTRUCTION LIMITED,Parag K. Shah,Promoter and Director,2026-06-25,BUY,250000.0,26297500.0,105.19,119746405,29.66%,119996405,29.72%,25-06-2026,25-06-2026,Market Purchase,29-Jun-2026 09:19:14,https://nsearchives.nseindia.com/corporate/ixbrl/IT_3094_20260629_091914135_WEB.html
MANINFRA,MAN INFRACONSTRUCTION LIMITED,Parag K. Shah,Promoter and Director,2026-06-25,BUY,250000.0,26297500.0,105.19,119746405,29.66%,119996405,29.72%,25-06-2026,25-06-2026,Market Purchase,29-Jun-2026 09:18:47,https://nsearchives.nseindia.com/corporate/ixbrl/IT_3094_20260629_091847271_WEB.html
MANINFRA,MAN INFRACONSTRUCTION LIMITED,Parag K. Shah,Promoter and Director,2026-06-25,BUY,250000.0,26297500.0,105.19,119746405,29.66%,119996405,29.72%,25-06-2026,25-06-2026,Market Purchase,29-Jun-2026 10:03:32,https://nsearchives.nseindia.com/corporate/ixbrl/IT_3094_20260629_100332585_WEB.html
MBEL,M & B Engineering Limited,Chirag Hasmukhbhai Patel,Promoter and Director,2026-06-11,BUY,12000.0,3396671.0,283.0559166666667,14126884,24.72%,14138884,24.74%,11-06-2026,11-06-2026,Market Purchase,12-Jun-2026 08:57:04,https://nsearchives.nseindia.com/corporate/ixbrl/IT_20260612_085704163_WEB.html
MBEL,M & B Engineering Limited,Girishbhai Manibhai Patel,Promoter and Director,2026-06-11,BUY,12000.0,3302122.0,275.1768333333333,15506881,27.13%,15518881,27.16%,11-06-2026,11-06-2026,Market Purchase,12-Jun-2026 08:57:04,https://nsearchives.nseindia.com/corporate/ixbrl/IT_20260612_085704163_WEB.html
MBEL,M & B Engineering Limited,Birva Chirag Patel,Promoter and Director,2026-06-16,BUY,10000.0,3065597.0,306.5597,4007500,7.01%,4017500,7.03%,16-06-2026,16-06-2026,Market Purchase,17-Jun-2026 09:01:24,https://nsearchives.nseindia.com/corporate/ixbrl/IT_24557_20260617_090124455_WEB.html
MBEL,M & B Engineering Limited,Birva Chirag Patel,Promoter and Director,2026-06-16,BUY,10000.0,3065597.0,306.5597,4007500,7.01%,4017500,7.03%,16-06-2026,16-06-2026,Market Purchase,17-Jun-2026 08:55:47,https://nsearchives.nseindia.com/corporate/ixbrl/IT_24557_20260617_085547709_WEB.html
MBEL,M & B Engineering Limited,Umaben Girishbhai Patel,Promoter Group,2026-06-16,BUY,10000.0,3095979.0,309.5979,1610000,2.82%,1620000,2.83%,16-06-2026,16-06-2026,Market Purchase,17-Jun-2026 09:01:24,https://nsearchives.nseindia.com/corporate/ixbrl/IT_24557_20260617_090124455_WEB.html
MBEL,M & B Engineering Limited,Umaben Girishbhai Patel,Promoter and Director,2026-06-16,BUY,10000.0,3095979.0,309.5979,1610000,2.82%,1620000,2.83%,16-06-2026,16-06-2026,Market Purchase,17-Jun-2026 08:55:47,https://nsearchives.nseindia.com/corporate/ixbrl/IT_24557_20260617_085547709_WEB.html
MOTOGENFIN,THE MOTOR & GENERAL FINANCE LIMITED,RAM PRAKASH & CO.(P) LTD,Promoter Group,2026-06-12,BUY,25000.0,748584.0,29.94336,2867055,7.40%,2892055,7.47%,12-06-2026,12-06-2026,Market Purchase,12-Jun-2026 15:48:35,https://nsearchives.nseindia.com/corporate/ixbrl/IT_20260612_154834988_WEB.html
MOTOGENFIN,THE MOTOR & GENERAL FINANCE LIMITED,RAM PRAKASH & CO.(P) LTD,Promoter Group,2026-06-16,BUY,22826.0,659216.0,28.880049066853587,2892055,7.47%,2914881,7.53%,16-06-2026,16-06-2026,Market Purchase,16-Jun-2026 16:53:00,https://nsearchives.nseindia.com/corporate/ixbrl/IT_279_20260616_165300075_WEB.html
MOTOGENFIN,THE MOTOR & GENERAL FINANCE LIMITED,RAM PRAKASH & CO.(P) LTD,Promoter Group,2026-06-16,BUY,22826.0,659216.0,28.880049066853587,2892055,7.47%,2914881,7.53%,16-06-2026,16-06-2026,Market Purchase,16-Jun-2026 17:04:36,https://nsearchives.nseindia.com/corporate/ixbrl/IT_279_20260616_170436158_WEB.html
MOTOGENFIN,THE MOTOR & GENERAL FINANCE LIMITED,RAM PRAKASH & CO.(P) LTD,Promoter Group,2026-06-17,BUY,40000.0,1197485.0,29.937125,2914881,7.53%,2954881,7.63%,17-06-2026,17-06-2026,Market Purchase,17-Jun-2026 15:46:46,https://nsearchives.nseindia.com/corporate/ixbrl/IT_279_20260617_154646606_WEB.html
MOTOGENFIN,THE MOTOR & GENERAL FINANCE LIMITED,RAM PRAKASH & CO.(P) LTD,Promoter Group,2026-06-18,BUY,8161.0,244278.0,29.93236123024139,2954881,7.63%,2963042,7.65%,18-06-2026,18-06-2026,Market Purchase,18-Jun-2026 17:04:22,https://nsearchives.nseindia.com/corporate/ixbrl/IT_279_20260618_170422280_WEB.html
MOTOGENFIN,THE MOTOR & GENERAL FINANCE LIMITED,RAM PRAKASH & CO.(P) LTD,Promoter Group,2026-06-19,BUY,14959.0,448770.0,30.0,2963042,7.65%,2978001,7.69%,19-06-2026,19-06-2026,Market Purchase,19-Jun-2026 15:55:52,https://nsearchives.nseindia.com/corporate/ixbrl/IT_279_20260619_155552507_WEB.html
MOTOGENFIN,THE MOTOR & GENERAL FINANCE LIMITED,RAM PRAKASH & CO.(P) LTD,Promoter Group,2026-06-22,BUY,7574.0,227205.0,29.998019540533402,2978001,7.69%,2985575,7.71%,22-06-2026,22-06-2026,Market Purchase,22-Jun-2026 16:48:14,https://nsearchives.nseindia.com/corporate/ixbrl/IT_279_20260622_164814441_WEB.html
MOTOGENFIN,THE MOTOR & GENERAL FINANCE LIMITED,RAM PRAKASH & CO.(P) LTD,Promoter Group,2026-06-24,BUY,19550.0,588027.0,30.078107416879796,2985575,7.71%,3005125,7.76%,24-06-2026,24-06-2026,Market Purchase,24-Jun-2026 17:34:45,https://nsearchives.nseindia.com/corporate/ixbrl/IT_279_20260624_173445009_WEB.html
MOTOGENFIN,THE MOTOR & GENERAL FINANCE LIMITED,RAM PRAKASH & CO.(P) LTD,Promoter Group,2026-06-24,BUY,19550.0,588027.0,30.078107416879796,2985575,7.71%,3005125,7.76%,24-06-2026,24-06-2026,Market Purchase,24-Jun-2026 16:59:18,https://nsearchives.nseindia.com/corporate/ixbrl/IT_279_20260624_165918760_WEB.html
MOTOGENFIN,THE MOTOR & GENERAL FINANCE LIMITED,RAM PRAKASH & CO.(P) LTD,Promoter Group,2026-06-25,BUY,5916.0,177480.0,30.0,3005125,7.76%,3011041,7.78%,25-06-2026,25-06-2026,Market Purchase,25-Jun-2026 17:50:18,https://nsearchives.nseindia.com/corporate/ixbrl/IT_279_20260625_175018102_WEB.html
MOTOGENFIN,THE MOTOR & GENERAL FINANCE LIMITED,RAM PRAKASH & CO.(P) LTD,Promoter Group,2026-06-25,BUY,5916.0,177480.0,30.0,3005125,7.76%,3011041,7.78%,25-06-2026,25-06-2026,Market Purchase,25-Jun-2026 17:21:57,https://nsearchives.nseindia.com/corporate/ixbrl/IT_279_20260625_172157616_WEB.html
MSPL,MSP STEEL & POWER LIMITED,Ilex Private Limited,Promoter Group,2026-06-09,BUY,1340000.0,54480782.0,40.6573,15178500,2.68%,16518500,2.92%,09-06-2026,09-06-2026,Market Purchase,15-Jun-2026 16:49:20,https://nsearchives.nseindia.com/corporate/ixbrl/IT_2306_20260615_164920793_WEB.html
MSPL,MSP STEEL & POWER LIMITED,M A Hire Purchase Private Limited,Promoter Group,2026-06-09,BUY,765000.0,31359569.0,40.99290065359477,12965000,2.29%,13730000,2.42%,09-06-2026,09-06-2026,Market Purchase,15-Jun-2026 16:49:20,https://nsearchives.nseindia.com/corporate/ixbrl/IT_2306_20260615_164920793_WEB.html
MSPL,MSP STEEL & POWER LIMITED,M A Hire Purchase Private Limited,Promoter Group,2026-06-10,BUY,1050000.0,42950775.0,40.9055,13730000,2.42%,14780000,2.61%,10-06-2026,10-06-2026,Market Purchase,15-Jun-2026 16:49:20,https://nsearchives.nseindia.com/corporate/ixbrl/IT_2306_20260615_164920793_WEB.html
MSPL,MSP STEEL & POWER LIMITED,Ginny Traders Pvt Ltd,Promoter Group,2026-06-11,BUY,900000.0,36573750.0,40.6375,10793819,1.90%,11693819,2.06%,11-06-2026,11-06-2026,Market Purchase,15-Jun-2026 16:49:20,https://nsearchives.nseindia.com/corporate/ixbrl/IT_2306_20260615_164920793_WEB.html
MSPL,MSP STEEL & POWER LIMITED,Shree Vinay Finvest P Ltd.,Promoter Group,2026-06-11,BUY,2050000.0,83172570.0,40.571985365853656,19686843,3.47%,21736843,3.84%,10-06-2026,11-06-2026,Market Purchase,15-Jun-2026 16:49:20,https://nsearchives.nseindia.com/corporate/ixbrl/IT_2306_20260615_164920793_WEB.html
MSPL,MSP STEEL & POWER LIMITED,Shree Vinay Finvest P Ltd.,Promoter Group,2026-06-12,BUY,400000.0,16587600.0,41.469,21736843,3.84%,22136843,3.91%,12-06-2026,12-06-2026,Market Purchase,18-Jun-2026 17:18:27,https://nsearchives.nseindia.com/corporate/ixbrl/IT_2306_20260618_171827641_WEB.html
MSPL,MSP STEEL & POWER LIMITED,Shree Vinay Finvest P Ltd.,Promoter Group,2026-06-12,BUY,400000.0,16587600.0,41.469,21736843,3.84%,22136843,3.91%,12-06-2026,12-06-2026,Market Purchase,18-Jun-2026 17:17:56,https://nsearchives.nseindia.com/corporate/ixbrl/IT_2306_20260618_171756029_WEB.html
MSPL,MSP STEEL & POWER LIMITED,Ilex Private Limited,Promoter Group,2026-06-15,BUY,645000.0,27250992.0,42.2496,16518500,2.92%,17163500,3.03%,15-06-2026,15-06-2026,Market Purchase,20-Jun-2026 14:29:25,https://nsearchives.nseindia.com/corporate/ixbrl/IT_2306_20260620_142925421_WEB.html
MSPL,MSP STEEL & POWER LIMITED,Ilex Private Limited,Promoter Group,2026-06-15,BUY,645000.0,27250992.0,42.2496,16518500,2.92%,17163500,3.03%,15-06-2026,15-06-2026,Market Purchase,20-Jun-2026 14:48:24,https://nsearchives.nseindia.com/corporate/ixbrl/IT_2306_20260620_144824342_WEB.html
MSPL,MSP STEEL & POWER LIMITED,Ilex Private Limited,Promoter Group,2026-06-15,BUY,645000.0,27250992.0,42.2496,16518500,2.92%,17163500,3.03%,15-06-2026,15-06-2026,Market Purchase,20-Jun-2026 14:27:48,https://nsearchives.nseindia.com/corporate/ixbrl/IT_2306_20260620_142748451_WEB.html
MSPL,MSP STEEL & POWER LIMITED,M A Hire Purchase Private Limited,Promoter Group,2026-06-15,BUY,2400000.0,100796400.0,41.9985,14780000,2.61%,17180000,3.03%,12-06-2026,15-06-2026,Market Purchase,18-Jun-2026 17:18:27,https://nsearchives.nseindia.com/corporate/ixbrl/IT_2306_20260618_171827641_WEB.html
MSPL,MSP STEEL & POWER LIMITED,M A Hire Purchase Private Limited,Promoter Group,2026-06-15,BUY,2400000.0,100796400.0,41.9985,14780000,2.61%,17180000,3.03%,12-06-2026,15-06-2026,Market Purchase,18-Jun-2026 17:17:56,https://nsearchives.nseindia.com/corporate/ixbrl/IT_2306_20260618_171756029_WEB.html
MSPL,MSP STEEL & POWER LIMITED,Sampat Marketing Company Pvt Ltd,Promoter Group,2026-06-15,BUY,1025000.0,42828848.0,41.784241951219514,11981642,2.12%,13006642,2.30%,12-06-2026,15-06-2026,Market Purchase,18-Jun-2026 17:18:27,https://nsearchives.nseindia.com/corporate/ixbrl/IT_2306_20260618_171827641_WEB.html
MSPL,MSP STEEL & POWER LIMITED,Sampat Marketing Company Pvt Ltd,Promoter Group,2026-06-15,BUY,1025000.0,42828848.0,41.784241951219514,11981642,2.12%,13006642,2.30%,12-06-2026,15-06-2026,Market Purchase,18-Jun-2026 17:17:56,https://nsearchives.nseindia.com/corporate/ixbrl/IT_2306_20260618_171756029_WEB.html
MSPL,MSP STEEL & POWER LIMITED,Ginny Traders Pvt Ltd,Promoter Group,2026-06-16,BUY,530000.0,22755497.0,42.9349,11693819,2.06%,12223819,2.16%,16-06-2026,16-06-2026,Market Purchase,22-Jun-2026 17:33:26,https://nsearchives.nseindia.com/corporate/ixbrl/IT_2306_20260622_173326406_WEB.html
MSPL,MSP STEEL & POWER LIMITED,Ginny Traders Pvt Ltd,Promoter Group,2026-06-16,BUY,530000.0,22755497.0,42.9349,11693819,2.06%,12223819,2.16%,16-06-2026,16-06-2026,Market Purchase,22-Jun-2026 17:31:23,https://nsearchives.nseindia.com/corporate/ixbrl/IT_2306_20260622_173123687_WEB.html
MSPL,MSP STEEL & POWER LIMITED,Sampat Marketing Company Pvt Ltd,Promoter Group,2026-06-16,BUY,890000.0,38831857.0,43.6313,13006642,2.30%,13896642,2.46%,16-06-2026,16-06-2026,Market Purchase,22-Jun-2026 17:33:26,https://nsearchives.nseindia.com/corporate/ixbrl/IT_2306_20260622_173326406_WEB.html
MSPL,MSP STEEL & POWER LIMITED,Sampat Marketing Company Pvt Ltd,Promoter Group,2026-06-16,BUY,890000.0,38831857.0,43.6313,13006642,2.30%,13896642,2.46%,16-06-2026,16-06-2026,Market Purchase,22-Jun-2026 17:31:23,https://nsearchives.nseindia.com/corporate/ixbrl/IT_2306_20260622_173123687_WEB.html
MSPL,MSP STEEL & POWER LIMITED,Shree Vinay Finvest P Ltd.,Promoter Group,2026-06-16,BUY,730000.0,31466285.0,43.1045,22136843,3.91%,22866843,4.03%,16-06-2026,16-06-2026,Market Purchase,22-Jun-2026 17:33:26,https://nsearchives.nseindia.com/corporate/ixbrl/IT_2306_20260622_173326406_WEB.html
MSPL,MSP STEEL & POWER LIMITED,Shree Vinay Finvest P Ltd.,Promoter Group,2026-06-16,BUY,730000.0,31466285.0,43.1045,22136843,3.91%,22866843,4.03%,16-06-2026,16-06-2026,Market Purchase,22-Jun-2026 17:31:23,https://nsearchives.nseindia.com/corporate/ixbrl/IT_2306_20260622_173123687_WEB.html
MSPL,MSP STEEL & POWER LIMITED,Sampat Marketing Company Pvt Ltd,Promoter Group,2026-06-17,BUY,1100000.0,46406030.0,42.1873,13896642,2.46%,14996642,2.65%,17-06-2026,17-06-2026,Market Purchase,22-Jun-2026 17:33:26,https://nsearchives.nseindia.com/corporate/ixbrl/IT_2306_20260622_173326406_WEB.html
MSPL,MSP STEEL & POWER LIMITED,Sampat Marketing Company Pvt Ltd,Promoter Group,2026-06-17,BUY,1100000.0,46406030.0,42.1873,13896642,2.46%,14996642,2.65%,17-06-2026,17-06-2026,Market Purchase,22-Jun-2026 17:31:23,https://nsearchives.nseindia.com/corporate/ixbrl/IT_2306_20260622_173123687_WEB.html
MSPL,MSP STEEL & POWER LIMITED,Ginny Traders Pvt Ltd,Promoter Group,2026-06-18,BUY,1250000.0,52696485.0,42.157188,12223819,2.16%,13473819,2.38%,17-06-2026,18-06-2026,Market Purchase,22-Jun-2026 17:33:26,https://nsearchives.nseindia.com/corporate/ixbrl/IT_2306_20260622_173326406_WEB.html
MSPL,MSP STEEL & POWER LIMITED,Ginny Traders Pvt Ltd,Promoter Group,2026-06-18,BUY,1250000.0,52696485.0,42.157188,12223819,2.16%,13473819,2.38%,17-06-2026,18-06-2026,Market Purchase,22-Jun-2026 17:31:23,https://nsearchives.nseindia.com/corporate/ixbrl/IT_2306_20260622_173123687_WEB.html
MSPL,MSP STEEL & POWER LIMITED,Ilex Private Limited,Promoter Group,2026-06-18,BUY,1000000.0,42397025.0,42.397025,17163500,3.03%,18163500,3.21%,17-06-2026,18-06-2026,Market Purchase,22-Jun-2026 17:33:26,https://nsearchives.nseindia.com/corporate/ixbrl/IT_2306_20260622_173326406_WEB.html
MSPL,MSP STEEL & POWER LIMITED,Ilex Private Limited,Promoter Group,2026-06-18,BUY,1000000.0,42397025.0,42.397025,17163500,3.03%,18163500,3.21%,17-06-2026,18-06-2026,Market Purchase,22-Jun-2026 17:31:23,https://nsearchives.nseindia.com/corporate/ixbrl/IT_2306_20260622_173123687_WEB.html
MSPL,MSP STEEL & POWER LIMITED,M A Hire Purchase Private Limited,Promoter Group,2026-06-18,BUY,950000.0,40069290.0,42.1782,17180000,3.03%,18130000,3.20%,18-06-2026,18-06-2026,Market Purchase,22-Jun-2026 17:33:26,https://nsearchives.nseindia.com/corporate/ixbrl/IT_2306_20260622_173326406_WEB.html
MSPL,MSP STEEL & POWER LIMITED,M A Hire Purchase Private Limited,Promoter Group,2026-06-18,BUY,950000.0,40069290.0,42.1782,17180000,3.03%,18130000,3.20%,18-06-2026,18-06-2026,Market Purchase,22-Jun-2026 17:31:23,https://nsearchives.nseindia.com/corporate/ixbrl/IT_2306_20260622_173123687_WEB.html
MSPL,MSP STEEL & POWER LIMITED,Ginny Traders Private Limited,Promoter Group,2026-06-19,BUY,730000.0,32224828.0,44.1436,13473819,2.38%,14203819,2.51%,19-06-2026,19-06-2026,Market Purchase,25-Jun-2026 17:05:32,https://nsearchives.nseindia.com/corporate/ixbrl/IT_2306_20260625_170531913_WEB.html
MSPL,MSP STEEL & POWER LTD,Ginny Traders Private Limited,Promoter Group,2026-06-19,BUY,730000.0,32224828.0,44.1436,13473819,2.38%,14203819,2.51%,19-06-2026,19-06-2026,Market Purchase,25-Jun-2026 17:44:39,https://nsearchives.nseindia.com/corporate/ixbrl/IT_2306_20260625_174439623_WEB.html
MSPL,MSP STEEL & POWER LIMITED,Ilex Private Limited,Promoter Group,2026-06-22,BUY,166849.0,7461287.0,44.71879963320128,18163500,3.21%,18330349,3.24%,22-06-2026,22-06-2026,Market Purchase,25-Jun-2026 17:05:32,https://nsearchives.nseindia.com/corporate/ixbrl/IT_2306_20260625_170531913_WEB.html
MSPL,MSP STEEL & POWER LTD,Ilex Private Limited,Promoter Group,2026-06-22,BUY,166849.0,7461287.0,44.71879963320128,18163500,3.21%,18330349,3.24%,22-06-2026,22-06-2026,Market Purchase,25-Jun-2026 17:44:39,https://nsearchives.nseindia.com/corporate/ixbrl/IT_2306_20260625_174439623_WEB.html
MSPL,MSP STEEL & POWER LIMITED,Sampat Marketing Company Pvt Ltd,Promoter Group,2026-06-22,BUY,1204000.0,53872193.0,44.74434634551495,14996642,2.65%,16200642,2.86%,19-06-2026,22-06-2026,Market Purchase,25-Jun-2026 17:05:32,https://nsearchives.nseindia.com/corporate/ixbrl/IT_2306_20260625_170531913_WEB.html
MSPL,MSP STEEL & POWER LTD,Sampat Marketing Company Pvt Ltd,Promoter Group,2026-06-22,BUY,1204000.0,53872193.0,44.74434634551495,14996642,2.65%,16200642,2.86%,19-06-2026,22-06-2026,Market Purchase,25-Jun-2026 17:44:39,https://nsearchives.nseindia.com/corporate/ixbrl/IT_2306_20260625_174439623_WEB.html
NAVA,NAVA LIMITED,A9 Homes Private Limited,Promoter Group,2026-08-25,BUY,42000.0,23671379.0,563.6042619047619,5296200,1.87%,5338200,1.88%,25-08-2026,25-08-2026,Market Purchase,27-Aug-2026 15:06:30,https://nsearchives.nseindia.com/corporate/ixbrl/IT_1264_20260827_150630537_WEB.html
NAVA,NAVA LIMITED,Devineni Ramaa,Promoter Group,2026-08-26,BUY,46000.0,26249791.0,570.6476304347826,8017884,2.83%,8063884,2.85%,25-08-2026,26-08-2026,Market Purchase,27-Aug-2026 15:06:30,https://nsearchives.nseindia.com/corporate/ixbrl/IT_1264_20260827_150630537_WEB.html
NAVA,NAVA LIMITED,ASHOK DEVINENI,Promoter,2026-09-02,OTHER,5483220.0,0.0,0.0,4652000,1.64%,10135220,3.58%,01-09-2026,02-09-2026,Inheritance,04-Sep-2026 17:07:14,https://nsearchives.nseindia.com/corporate/ixbrl/IT_1264_20260904_170714064_WEB.html
NAVA,NAVA LIMITED,Late D BHAKATA PRIYA,Promoter Group,2026-09-02,OTHER,5483220.0,0.0,0.0,5483220,1.94%,0,0.00%,01-09-2026,02-09-2026,Inheritance,04-Sep-2026 17:07:14,https://nsearchives.nseindia.com/corporate/ixbrl/IT_1264_20260904_170714064_WEB.html
NAVA,NAVA LIMITED,AV Dwellings Private Limited,Promoter Group,2026-09-03,BUY,10000.0,5605844.0,560.5844,4910000,1.73%,4920000,1.74%,01-09-2026,03-09-2026,Market Purchase,04-Sep-2026 17:05:17,https://nsearchives.nseindia.com/corporate/ixbrl/IT_1264_20260904_170517555_WEB.html
NAVA,NAVA LIMITED,AV Dwellings Private Limited,Promoter Group,2026-09-07,BUY,5000.0,2780886.0,556.1772,4920000,1.74%,4925000,1.74%,07-09-2026,07-09-2026,Market Purchase,09-Sep-2026 17:35:20,https://nsearchives.nseindia.com/corporate/ixbrl/IT_1264_20260909_173520715_WEB.html
NAVA,NAVA LIMITED,Ashok Devineni,Promoter,2026-09-10,OTHER,4797810.0,0.0,0.0,10135220,3.58%,5337410,1.88%,10-09-2026,10-09-2026,Inheritance,11-Sep-2026 16:14:36,https://nsearchives.nseindia.com/corporate/ixbrl/IT_1264_20260911_161436348_WEB.html
NAVA,NAVA LIMITED,Nikhil Devineni,Promoter Group,2026-09-10,OTHER,685410.0,0.0,0.0,5100000,1.80%,5785410,2.04%,10-09-2026,10-09-2026,Inheritance,11-Sep-2026 16:14:36,https://nsearchives.nseindia.com/corporate/ixbrl/IT_1264_20260911_161436348_WEB.html
NAVA,NAVA LIMITED,Nilima Alluri,Promoter Group,2026-09-10,OTHER,1370800.0,0.0,0.0,2100000,0.74%,3470800,1.23%,10-09-2026,10-09-2026,Inheritance,11-Sep-2026 16:14:36,https://nsearchives.nseindia.com/corporate/ixbrl/IT_1264_20260911_161436348_WEB.html
NAVA,NAVA LIMITED,Rajasekhar Devineni,Promoter Group,2026-09-10,OTHER,1370800.0,0.0,0.0,31260,0.01%,1402060,0.49%,10-09-2026,10-09-2026,Inheritance,11-Sep-2026 16:14:36,https://nsearchives.nseindia.com/corporate/ixbrl/IT_1264_20260911_161436348_WEB.html
NAVA,NAVA LIMITED,Rajashree Pinnamaneni,Promoter Group,2026-09-10,OTHER,1370800.0,0.0,0.0,14000000,4.94%,15370800,5.43%,10-09-2026,10-09-2026,Inheritance,11-Sep-2026 16:14:36,https://nsearchives.nseindia.com/corporate/ixbrl/IT_1264_20260911_161436348_WEB.html
NCLIND,NCL INDUSTRIES LIMITED,Kalidindi Ravi,Promoter and Director,2026-06-11,BUY,7000.0,1261470.0,180.21,3156703,6.98%,3163703,6.99%,11-06-2026,11-06-2026,Market Purchase,12-Jun-2026 16:17:52,https://nsearchives.nseindia.com/corporate/ixbrl/IT_20260612_161752503_WEB.html
NCLIND,NCL INDUSTRIES LIMITED,VIKRAM CHEMICALS PRIVATE LIMITED,Promoter Group,2026-06-11,BUY,1000.0,180000.0,180.0,0,0.00%,1000,0.00%,11-06-2026,11-06-2026,Market Purchase,12-Jun-2026 16:17:52,https://nsearchives.nseindia.com/corporate/ixbrl/IT_20260612_161752503_WEB.html
NCLIND,NCL INDUSTRIES LIMITED,Kakatiya Industries Pvt.Ltd,Promoter Group,2026-06-25,BUY,3000.0,579510.0,193.17,619233,1.37%,622233,1.38%,25-06-2026,25-06-2026,Market Purchase,26-Jun-2026 15:25:53,https://nsearchives.nseindia.com/corporate/ixbrl/IT_2568_20260626_152553487_WEB.html
NCLIND,NCL INDUSTRIES LIMITED,Kalidindi Ravi,Promoter and Director,2026-06-25,BUY,1000.0,193000.0,193.0,3163703,6.99%,3164703,7.00%,25-06-2026,25-06-2026,Market Purchase,26-Jun-2026 15:25:53,https://nsearchives.nseindia.com/corporate/ixbrl/IT_2568_20260626_152553487_WEB.html
NCLIND,NCL INDUSTRIES LIMITED,VIKRAM CHEMICALS PRIVATE LIMITED,Promoter Group,2026-06-25,BUY,3700.0,714618.0,193.14,1000,0.00%,4700,0.01%,25-06-2026,25-06-2026,Market Purchase,26-Jun-2026 15:25:53,https://nsearchives.nseindia.com/corporate/ixbrl/IT_2568_20260626_152553487_WEB.html
NCLIND,NCL INDUSTRIES LIMITED,BLUE VALLEY DEVELOPERS PRIVATE LIMITED,Promoter Group,2026-06-30,OTHER,7000.0,1550000.0,221.42857142857142,219485,0.49%,226485,0.50%,30-06-2026,30-06-2026,Inter-se-Transfer,02-Jul-2026 17:41:58,https://nsearchives.nseindia.com/corporate/ixbrl/IT_2568_20260702_174158545_WEB.html
NCLIND,NCL INDUSTRIES LIMITED,G.T.SANDEEP,Promoter Group,2026-06-30,OTHER,17000.0,3495800.0,205.63529411764705,61722,0.14%,44722,0.10%,30-06-2026,30-06-2026,Inter-se-Transfer,02-Jul-2026 17:41:58,https://nsearchives.nseindia.com/corporate/ixbrl/IT_2568_20260702_174158545_WEB.html
NCLIND,NCL INDUSTRIES LIMITED,Kakatiya Industries Pvt.Ltd,Promoter Group,2026-06-30,BUY,4270.0,826750.0,193.61826697892272,622233,1.38%,626503,1.39%,29-06-2026,30-06-2026,Market Purchase,01-Jul-2026 20:21:52,https://nsearchives.nseindia.com/corporate/ixbrl/IT_2568_20260701_202152620_WEB.html
NCLIND,NCL INDUSTRIES LIMITED,Kalidindi Ravi,Promoter and Director,2026-06-30,BUY,6189.0,1194381.0,192.9844886088221,3164703,7.00%,3170892,7.01%,29-06-2026,30-06-2026,Market Purchase,01-Jul-2026 20:21:52,https://nsearchives.nseindia.com/corporate/ixbrl/IT_2568_20260701_202152620_WEB.html
NCLIND,NCL INDUSTRIES LIMITED,NCL HOLDINGS (A&S) LTD,Promoter Group,2026-06-30,OTHER,10000.0,1945800.0,194.58,300000,0.66%,310000,0.68%,30-06-2026,30-06-2026,Inter-se-Transfer,02-Jul-2026 17:41:58,https://nsearchives.nseindia.com/corporate/ixbrl/IT_2568_20260702_174158545_WEB.html
NCLIND,NCL INDUSTRIES LIMITED,VIKRAM CHEMICALS PRIVATE LIMITED,Promoter Group,2026-06-30,BUY,8911.0,1724554.0,193.5309168443497,4700,0.01%,13611,0.03%,29-06-2026,30-06-2026,Market Purchase,01-Jul-2026 20:21:52,https://nsearchives.nseindia.com/corporate/ixbrl/IT_2568_20260701_202152620_WEB.html
NCLIND,NCL INDUSTRIES LIMITED,Kakatiya Industries Pvt.Ltd,Promoter Group,2026-08-11,BUY,7261.0,1268058.0,174.6395813248864,626503,1.39%,633764,1.40%,10-08-2026,11-08-2026,Market Purchase,12-Aug-2026 17:49:32,https://nsearchives.nseindia.com/corporate/ixbrl/IT_2568_20260812_174931963_WEB.html
NCLIND,NCL INDUSTRIES LIMITED,Kalidindi Ravi,Promoter and Director,2026-08-11,BUY,79419.0,13900341.0,175.02538435386998,3170892,7.01%,3250311,7.19%,10-08-2026,11-08-2026,Market Purchase,12-Aug-2026 17:49:32,https://nsearchives.nseindia.com/corporate/ixbrl/IT_2568_20260812_174931963_WEB.html
NCLIND,NCL INDUSTRIES LIMITED,VIKRAM CHEMICALS PRIVATE LIMITED,Promoter Group,2026-08-11,BUY,3800.0,662208.0,174.26526315789474,13611,0.03%,17411,0.04%,10-08-2026,11-08-2026,Market Purchase,12-Aug-2026 17:49:32,https://nsearchives.nseindia.com/corporate/ixbrl/IT_2568_20260812_174931963_WEB.html
NCLIND,NCL INDUSTRIES LIMITED,Kakatiya Industries Pvt.Ltd,Promoter Group,2026-08-12,BUY,1500.0,260505.0,173.67,633764,1.40%,635264,1.40%,12-08-2026,12-08-2026,Market Purchase,13-Aug-2026 11:04:43,https://nsearchives.nseindia.com/corporate/ixbrl/IT_2568_20260813_110442973_WEB.html
NCLIND,NCL INDUSTRIES LIMITED,Kalidindi Ravi,Promoter and Director,2026-08-12,BUY,7394.0,1283377.0,173.5700568028131,3250311,7.19%,3257705,7.20%,12-08-2026,12-08-2026,Market Purchase,13-Aug-2026 11:04:43,https://nsearchives.nseindia.com/corporate/ixbrl/IT_2568_20260813_110442973_WEB.html
NCLIND,NCL INDUSTRIES LIMITED,VIKRAM CHEMICALS PRIVATE LIMITED,Promoter Group,2026-08-12,BUY,200.0,34700.0,173.5,17411,0.04%,17611,0.04%,12-08-2026,12-08-2026,Market Purchase,13-Aug-2026 11:04:43,https://nsearchives.nseindia.com/corporate/ixbrl/IT_2568_20260813_110442973_WEB.html
NCLIND,NCL INDUSTRIES LIMITED,Kalidindi Ravi,Promoter and Director,2026-08-13,BUY,1698.0,294552.0,173.46996466431096,3257705,7.20%,3259403,7.20%,13-08-2026,13-08-2026,Market Purchase,14-Aug-2026 10:34:10,https://nsearchives.nseindia.com/corporate/ixbrl/IT_2568_20260814_103410499_WEB.html
NCLIND,NCL INDUSTRIES LIMITED,Kalidindi Ravi,Promoter and Director,2026-08-14,BUY,570.0,98610.0,173.0,3259403,7.20%,3259973,7.20%,14-08-2026,14-08-2026,Market Purchase,17-Aug-2026 22:13:32,https://nsearchives.nseindia.com/corporate/ixbrl/IT_2568_20260817_221332402_WEB.html
NCLIND,NCL INDUSTRIES LIMITED,KALIDINDI RAVI,Promoter and Director,2026-08-18,BUY,2950.0,507489.0,172.0301694915254,3259973,7.20%,3262923,7.21%,18-08-2026,18-08-2026,Market Purchase,19-Aug-2026 12:57:59,https://nsearchives.nseindia.com/corporate/ixbrl/IT_2568_20260819_125759462_WEB.html
NCLIND,NCL INDUSTRIES LIMITED,NCL HOLDINGS (A&S) LTD,Promoter Group,2026-08-18,BUY,64311.0,11056896.0,171.9285347763213,310000,0.68%,374311,0.82%,17-08-2026,18-08-2026,Market Purchase,19-Aug-2026 12:57:59,https://nsearchives.nseindia.com/corporate/ixbrl/IT_2568_20260819_125759462_WEB.html
NCLIND,NCL INDUSTRIES LIMITED,Kakatiya Industries Pvt.Ltd,Promoter Group,2026-08-19,BUY,5003.0,864019.0,172.70017989206477,635264,1.40%,640267,1.41%,19-08-2026,19-08-2026,Market Purchase,21-Aug-2026 13:13:07,https://nsearchives.nseindia.com/corporate/ixbrl/IT_2568_20260821_131307729_WEB.html
NCLIND,NCL INDUSTRIES LIMITED,NCL HOLDINGS (A&S) LTD,Promoter Group,2026-08-19,BUY,13000.0,2243930.0,172.61,374311,0.82%,387311,0.85%,19-08-2026,19-08-2026,Market Purchase,21-Aug-2026 13:13:07,https://nsearchives.nseindia.com/corporate/ixbrl/IT_2568_20260821_131307729_WEB.html
NCLIND,NCL INDUSTRIES LIMITED,NCL HOLDINGS (A&S) LTD,Promoter Group,2026-08-20,BUY,7272.0,1269255.0,174.54001650165017,387311,0.85%,394583,0.87%,20-08-2026,20-08-2026,Market Purchase,21-Aug-2026 13:13:07,https://nsearchives.nseindia.com/corporate/ixbrl/IT_2568_20260821_131307729_WEB.html
NCLIND,NCL INDUSTRIES LIMITED,NCL HOLDINGS (A&S) LTD,Promoter Group,2026-08-21,BUY,6955.0,1201963.0,172.81998562185478,394583,0.87%,401538,0.89%,21-08-2026,21-08-2026,Market Purchase,24-Aug-2026 19:29:58,https://nsearchives.nseindia.com/corporate/ixbrl/IT_2568_20260824_192958578_WEB.html
NCLIND,NCL INDUSTRIES LIMITED,Kakatiya Industries Pvt.Ltd,Promoter Group,2026-08-24,BUY,1150.0,199468.0,173.4504347826087,640267,1.41%,641417,1.41%,24-08-2026,24-08-2026,Market Purchase,25-Aug-2026 17:49:09,https://nsearchives.nseindia.com/corporate/ixbrl/IT_2568_20260825_174909840_WEB.html
NCLIND,NCL INDUSTRIES LIMITED,NCL HOLDINGS (A&S) LTD,Promoter Group,2026-08-24,BUY,13580.0,2339834.0,172.3,401538,0.89%,415118,0.92%,24-08-2026,24-08-2026,Market Purchase,25-Aug-2026 17:49:09,https://nsearchives.nseindia.com/corporate/ixbrl/IT_2568_20260825_174909840_WEB.html
NCLIND,NCL INDUSTRIES LIMITED,NCL HOLDINGS (A&S) LTD,Promoter Group,2026-08-25,BUY,154.0,26534.0,172.2987012987013,415118,0.92%,415272,0.92%,25-08-2026,25-08-2026,Market Purchase,27-Aug-2026 15:19:02,https://nsearchives.nseindia.com/corporate/ixbrl/IT_2568_20260827_151902774_WEB.html
NCLIND,NCL INDUSTRIES LIMITED,Kalidindi Ravi,Promoter and Director,2026-08-31,BUY,1000.0,174250.0,174.25,3262923,7.21%,3263923,7.21%,31-08-2026,31-08-2026,Market Purchase,01-Sep-2026 18:18:53,https://nsearchives.nseindia.com/corporate/ixbrl/IT_2568_20260901_181853550_WEB.html
NCLIND,NCL INDUSTRIES LIMITED,NCL HOLDINGS (A&S) LTD,Promoter Group,2026-08-31,BUY,5724.0,995232.0,173.87002096436058,415272,0.92%,420996,0.93%,31-08-2026,31-08-2026,Market Purchase,01-Sep-2026 18:18:53,https://nsearchives.nseindia.com/corporate/ixbrl/IT_2568_20260901_181853550_WEB.html
NCLIND,NCL INDUSTRIES LIMITED,G.T.SANDEEP,Promoter Group,2026-09-01,OTHER,15000.0,2662500.0,177.5,44722,0.10%,29722,0.07%,01-09-2026,01-09-2026,Inter-se-Transfer,02-Sep-2026 19:51:55,https://nsearchives.nseindia.com/corporate/ixbrl/IT_2568_20260902_195155464_WEB.html
NCLIND,NCL INDUSTRIES LIMITED,NCL HOLDINGS (A&S) LTD,Promoter Group,2026-09-01,BUY,6903.0,1197671.0,173.50007243227583,420996,0.93%,427899,0.95%,01-09-2026,01-09-2026,Market Purchase,02-Sep-2026 19:51:55,https://nsearchives.nseindia.com/corporate/ixbrl/IT_2568_20260902_195155464_WEB.html
NCLIND,NCL INDUSTRIES LIMITED,NCL HOLDINGS (A&S) LTD,Promoter Group,2026-09-01,OTHER,15000.0,2662500.0,177.5,427899,0.95%,442899,0.98%,01-09-2026,01-09-2026,Inter-se-Transfer,02-Sep-2026 19:51:55,https://nsearchives.nseindia.com/corporate/ixbrl/IT_2568_20260902_195155464_WEB.html
NCLIND,NCL INDUSTRIES LIMITED,VIKRAM CHEMICALS PRIVATE LIMITED,Promoter Group,2026-09-02,BUY,833.0,144109.0,173.0,17611,0.04%,18444,0.04%,02-09-2026,02-09-2026,Market Purchase,04-Sep-2026 16:37:26,https://nsearchives.nseindia.com/corporate/ixbrl/IT_2568_20260904_163726559_WEB.html
NCLIND,NCL INDUSTRIES LIMITED,NCL HOLDINGS (A&S) LTD,Promoter Group,2026-09-04,BUY,2973.0,525210.0,176.65993945509587,442899,0.98%,445872,0.99%,04-09-2026,04-09-2026,Market Purchase,07-Sep-2026 14:24:56,https://nsearchives.nseindia.com/corporate/ixbrl/IT_2568_20260907_142456486_WEB.html
NCLIND,NCL INDUSTRIES LIMITED,G.T.SANDEEP,Promoter Group,2026-09-07,OTHER,6000.0,1050000.0,175.0,29722,0.06%,23722,0.05%,07-09-2026,07-09-2026,Inter-se-Transfer,08-Sep-2026 20:40:00,https://nsearchives.nseindia.com/corporate/ixbrl/IT_2568_20260908_204000487_WEB.html
NCLIND,NCL INDUSTRIES LIMITED,Kakatiya Industries Pvt.Ltd,Promoter Group,2026-09-07,BUY,1027.0,181255.0,176.48977604673806,641417,1.41%,642444,1.41%,07-09-2026,07-09-2026,Market Purchase,08-Sep-2026 20:40:00,https://nsearchives.nseindia.com/corporate/ixbrl/IT_2568_20260908_204000487_WEB.html
NCLIND,NCL INDUSTRIES LIMITED,Kakatiya Industries Pvt.Ltd,Promoter Group,2026-09-09,BUY,2097.0,370032.0,176.45779685264665,642444,1.42%,644541,1.42%,08-09-2026,09-09-2026,Market Purchase,10-Sep-2026 20:27:10,https://nsearchives.nseindia.com/corporate/ixbrl/IT_2568_20260910_202710436_WEB.html
NCLIND,NCL INDUSTRIES LIMITED,Kalidindi Ravi,Promoter and Director,2026-09-09,BUY,2000.0,354500.0,177.25,3263923,7.21%,3265923,7.22%,09-09-2026,09-09-2026,Market Purchase,10-Sep-2026 20:27:10,https://nsearchives.nseindia.com/corporate/ixbrl/IT_2568_20260910_202710436_WEB.html
NCLIND,NCL INDUSTRIES LIMITED,NCL HOLDINGS (A&S) LTD,Promoter Group,2026-09-09,BUY,6500.0,1167790.0,179.66,445872,0.99%,452372,1.00%,09-09-2026,09-09-2026,Market Purchase,10-Sep-2026 20:27:10,https://nsearchives.nseindia.com/corporate/ixbrl/IT_2568_20260910_202710436_WEB.html
NCLIND,NCL INDUSTRIES LIMITED,VIKRAM CHEMICALS PRIVATE LIMITED,Promoter Group,2026-09-09,BUY,60.0,10560.0,176.0,18444,0.04%,18504,0.04%,08-09-2026,09-09-2026,Market Purchase,10-Sep-2026 20:27:10,https://nsearchives.nseindia.com/corporate/ixbrl/IT_2568_20260910_202710436_WEB.html
NCLIND,NCL INDUSTRIES LIMITED,Kakatiya Industries Pvt.Ltd,Promoter Group,2026-09-10,BUY,830.0,146910.0,177.0,644541,1.42%,645371,1.42%,10-09-2026,10-09-2026,Market Purchase,11-Sep-2026 21:03:30,https://nsearchives.nseindia.com/corporate/ixbrl/IT_2568_20260911_210329996_WEB.html
NCLIND,NCL INDUSTRIES LIMITED,Kalidindi Ravi,Promoter and Director,2026-09-10,BUY,800.0,141200.0,176.5,3265923,7.22%,3266723,7.22%,10-09-2026,10-09-2026,Market Purchase,11-Sep-2026 21:03:30,https://nsearchives.nseindia.com/corporate/ixbrl/IT_2568_20260911_210329996_WEB.html
NCLIND,NCL INDUSTRIES LIMITED,VIKRAM CHEMICALS PRIVATE LIMITED,Promoter Group,2026-09-10,BUY,260.0,46020.0,177.0,18504,0.04%,18764,0.04%,10-09-2026,10-09-2026,Market Purchase,11-Sep-2026 21:03:30,https://nsearchives.nseindia.com/corporate/ixbrl/IT_2568_20260911_210329996_WEB.html
NIITLTD,NIIT Limited,Pawar Family Trust,Promoter Group,2026-08-24,BUY,47110.0,4420551.0,93.8346635533857,26923670,19.65%,26970780,19.69%,21-08-2026,24-08-2026,Market Purchase,27-Aug-2026 12:13:16,https://nsearchives.nseindia.com/corporate/ixbrl/IT_2209_20260827_121316584_WEB.html
NIITLTD,NIIT Limited,Thadani Family Trust,Promoter Group,2026-08-24,BUY,47110.0,4420419.0,93.83186160050944,27472254,20.05%,27519364,20.09%,21-08-2026,24-08-2026,Market Purchase,27-Aug-2026 12:13:16,https://nsearchives.nseindia.com/corporate/ixbrl/IT_2209_20260827_121316584_WEB.html
NIITLTD,NIIT Limited,Pawar Family Trust,Promoter Group,2026-08-26,BUY,240890.0,24647489.0,102.31843995184524,26970780,19.69%,27211670,19.86%,25-08-2026,26-08-2026,Market Purchase,31-Aug-2026 11:42:10,https://nsearchives.nseindia.com/corporate/ixbrl/IT_2209_20260831_114210660_WEB.html
NIITLTD,NIIT Limited,Thadani Family Trust,Promoter Group,2026-08-26,BUY,240890.0,24648549.0,102.32284030055212,27519364,20.09%,27760254,20.26%,25-08-2026,26-08-2026,Market Purchase,31-Aug-2026 11:42:10,https://nsearchives.nseindia.com/corporate/ixbrl/IT_2209_20260831_114210660_WEB.html
NIITLTD,NIIT Limited,Pawar Family Trust,Promoter Group,2026-08-28,BUY,294300.0,30751680.0,104.49092762487258,27211670,19.86%,27505970,20.08%,27-08-2026,28-08-2026,Market Purchase,02-Sep-2026 16:24:20,https://nsearchives.nseindia.com/corporate/ixbrl/IT_2209_20260902_162420192_WEB.html
NIITLTD,NIIT Limited,Thadani Family Trust,Promoter Group,2026-08-28,BUY,294300.0,30750983.0,104.4885592932382,27760254,20.26%,28054554,20.48%,27-08-2026,28-08-2026,Market Purchase,02-Sep-2026 16:24:20,https://nsearchives.nseindia.com/corporate/ixbrl/IT_2209_20260902_162420192_WEB.html
NIITLTD,NIIT Limited,Pawar Family Trust,Promoter Group,2026-08-31,BUY,108700.0,11605899.0,106.77,27505970,20.08%,27614670,20.16%,31-08-2026,31-08-2026,Market Purchase,02-Sep-2026 16:24:20,https://nsearchives.nseindia.com/corporate/ixbrl/IT_2209_20260902_162420192_WEB.html
NIITLTD,NIIT Limited,Thadani Family Trust,Promoter Group,2026-08-31,BUY,108700.0,11605899.0,106.77,28054554,20.48%,28163254,20.56%,31-08-2026,31-08-2026,Market Purchase,02-Sep-2026 16:24:20,https://nsearchives.nseindia.com/corporate/ixbrl/IT_2209_20260902_162420192_WEB.html
NINSYS,Nintec Systems Limited,Niraj Chhaganraj Gemawat,Promoter and Director,2026-06-19,BUY,1000.0,700662.0,700.662,3399366,18.30%,3400366,18.31%,19-06-2026,19-06-2026,Market Purchase,20-Jun-2026 14:48:19,https://nsearchives.nseindia.com/corporate/ixbrl/IT_21310_20260620_144819141_WEB.html
NINSYS,Nintec Systems Limited,Niraj Chhaganraj Gemawat,Promoter and Director,2026-06-19,BUY,1000.0,710907.0,710.907,3400366,18.31%,3401366,18.31%,19-06-2026,19-06-2026,Market Purchase,20-Jun-2026 14:48:19,https://nsearchives.nseindia.com/corporate/ixbrl/IT_21310_20260620_144819141_WEB.html
NINSYS,Nintec Systems Limited,Niraj Chhaganraj Gemawat,Promoter and Director,2026-06-19,BUY,500.0,359598.0,719.196,3401366,18.31%,3401866,18.31%,19-06-2026,19-06-2026,Market Purchase,20-Jun-2026 14:48:19,https://nsearchives.nseindia.com/corporate/ixbrl/IT_21310_20260620_144819141_WEB.html
NINSYS,Nintec Systems Limited,Niraj Chhaganraj Gemawat,Promoter and Director,2026-06-19,BUY,200.0,144000.0,720.0,3401866,18.31%,3402066,18.31%,19-06-2026,19-06-2026,Market Purchase,20-Jun-2026 14:48:19,https://nsearchives.nseindia.com/corporate/ixbrl/IT_21310_20260620_144819141_WEB.html
NINSYS,Nintec Systems Limited,Niraj Chhaganraj Gemawat,Promoter and Director,2026-06-19,BUY,1000.0,720000.0,720.0,3402066,18.31%,3403066,18.32%,19-06-2026,19-06-2026,Market Purchase,20-Jun-2026 14:48:19,https://nsearchives.nseindia.com/corporate/ixbrl/IT_21310_20260620_144819141_WEB.html
NINSYS,Nintec Systems Limited,Niraj Chhaganraj Gemawat,Promoter and Director,2026-06-19,BUY,300.0,216000.0,720.0,3403066,18.32%,3403366,18.32%,19-06-2026,19-06-2026,Market Purchase,20-Jun-2026 14:48:19,https://nsearchives.nseindia.com/corporate/ixbrl/IT_21310_20260620_144819141_WEB.html
NINSYS,Nintec Systems Limited,Niraj Chhaganraj Gemawat,Promoter and Director,2026-06-19,BUY,1000.0,700662.0,700.662,3399366,18.30%,3400366,18.31%,19-06-2026,19-06-2026,Market Purchase,20-Jun-2026 13:30:27,https://nsearchives.nseindia.com/corporate/ixbrl/IT_21310_20260620_133027293_WEB.html
NINSYS,Nintec Systems Limited,Niraj Chhaganraj Gemawat,Promoter and Director,2026-06-19,BUY,1000.0,710907.0,710.907,3400366,18.31%,3401366,18.31%,19-06-2026,19-06-2026,Market Purchase,20-Jun-2026 13:30:27,https://nsearchives.nseindia.com/corporate/ixbrl/IT_21310_20260620_133027293_WEB.html
NINSYS,Nintec Systems Limited,Niraj Chhaganraj Gemawat,Promoter and Director,2026-06-19,BUY,500.0,359598.0,719.196,3401366,18.31%,3401866,18.31%,19-06-2026,19-06-2026,Market Purchase,20-Jun-2026 13:30:27,https://nsearchives.nseindia.com/corporate/ixbrl/IT_21310_20260620_133027293_WEB.html
NINSYS,Nintec Systems Limited,Niraj Chhaganraj Gemawat,Promoter and Director,2026-06-19,BUY,200.0,144000.0,720.0,3401866,18.31%,3402066,18.31%,19-06-2026,19-06-2026,Market Purchase,20-Jun-2026 13:30:27,https://nsearchives.nseindia.com/corporate/ixbrl/IT_21310_20260620_133027293_WEB.html
NINSYS,Nintec Systems Limited,Niraj Chhaganraj Gemawat,Promoter and Director,2026-06-19,BUY,1000.0,720000.0,720.0,3402066,18.31%,3403066,18.32%,19-06-2026,19-06-2026,Market Purchase,20-Jun-2026 13:30:27,https://nsearchives.nseindia.com/corporate/ixbrl/IT_21310_20260620_133027293_WEB.html
NINSYS,Nintec Systems Limited,Niraj Chhaganraj Gemawat,Promoter and Director,2026-06-19,BUY,300.0,216000.0,720.0,3403066,18.32%,3403366,18.32%,19-06-2026,19-06-2026,Market Purchase,20-Jun-2026 13:30:27,https://nsearchives.nseindia.com/corporate/ixbrl/IT_21310_20260620_133027293_WEB.html
NINSYS,Nintec Systems Limited,Niraj Chhaganraj Gemawat,Promoter and Director,2026-06-19,BUY,1000.0,700662.0,700.662,3399366,18.30%,3400366,18.31%,19-06-2026,19-06-2026,Market Purchase,20-Jun-2026 13:28:58,https://nsearchives.nseindia.com/corporate/ixbrl/IT_21310_20260620_132858206_WEB.html
NINSYS,Nintec Systems Limited,Niraj Chhaganraj Gemawat,Promoter and Director,2026-06-19,BUY,1000.0,710907.0,710.907,3400366,18.31%,3401366,18.31%,19-06-2026,19-06-2026,Market Purchase,20-Jun-2026 13:28:58,https://nsearchives.nseindia.com/corporate/ixbrl/IT_21310_20260620_132858206_WEB.html
NINSYS,Nintec Systems Limited,Niraj Chhaganraj Gemawat,Promoter and Director,2026-06-19,BUY,500.0,359598.0,719.196,3401366,18.31%,3401866,18.31%,19-06-2026,19-06-2026,Market Purchase,20-Jun-2026 13:28:58,https://nsearchives.nseindia.com/corporate/ixbrl/IT_21310_20260620_132858206_WEB.html
NINSYS,Nintec Systems Limited,Niraj Chhaganraj Gemawat,Promoter and Director,2026-06-19,BUY,200.0,144000.0,720.0,3401866,18.31%,3402066,18.31%,19-06-2026,19-06-2026,Market Purchase,20-Jun-2026 13:28:58,https://nsearchives.nseindia.com/corporate/ixbrl/IT_21310_20260620_132858206_WEB.html
NINSYS,Nintec Systems Limited,Niraj Chhaganraj Gemawat,Promoter and Director,2026-06-19,BUY,1000.0,720000.0,720.0,3402066,18.31%,3403066,18.32%,19-06-2026,19-06-2026,Market Purchase,20-Jun-2026 13:28:58,https://nsearchives.nseindia.com/corporate/ixbrl/IT_21310_20260620_132858206_WEB.html
NINSYS,Nintec Systems Limited,Niraj Chhaganraj Gemawat,Promoter and Director,2026-06-19,BUY,300.0,216000.0,720.0,3403066,18.32%,3403366,18.32%,19-06-2026,19-06-2026,Market Purchase,20-Jun-2026 13:28:58,https://nsearchives.nseindia.com/corporate/ixbrl/IT_21310_20260620_132858206_WEB.html
NINSYS,Nintec Systems Limited,Niraj Chhaganraj Gemawat,Promoter and Director,2026-06-22,BUY,2000.0,1443534.0,721.767,3403366,18.32%,3405366,18.33%,22-06-2026,22-06-2026,Market Purchase,23-Jun-2026 19:31:35,https://nsearchives.nseindia.com/corporate/ixbrl/IT_21310_20260623_193135071_WEB.html
NINSYS,Nintec Systems Limited,Niraj Chhaganraj Gemawat,Promoter and Director,2026-06-22,BUY,1000.0,724494.0,724.494,3405366,18.33%,3406366,18.34%,22-06-2026,22-06-2026,Market Purchase,23-Jun-2026 19:31:35,https://nsearchives.nseindia.com/corporate/ixbrl/IT_21310_20260623_193135071_WEB.html
NINSYS,Nintec Systems Limited,Niraj Chhaganraj Gemawat,Promoter and Director,2026-06-22,BUY,2000.0,1508906.0,754.453,3406366,18.34%,3408366,18.35%,22-06-2026,22-06-2026,Market Purchase,23-Jun-2026 19:31:35,https://nsearchives.nseindia.com/corporate/ixbrl/IT_21310_20260623_193135071_WEB.html
NINSYS,Nintec Systems Limited,Niraj Chhaganraj Gemawat,Promoter and Director,2026-06-23,BUY,2500.0,1945278.0,778.1112,3408366,18.35%,3410866,18.36%,23-06-2026,23-06-2026,Market Purchase,23-Jun-2026 19:31:35,https://nsearchives.nseindia.com/corporate/ixbrl/IT_21310_20260623_193135071_WEB.html
NINSYS,Nintec Systems Limited,Niraj Chhaganraj Gemawat,Promoter and Director,2026-06-23,BUY,2500.0,1937917.0,775.1668,3410866,18.36%,3413366,18.38%,23-06-2026,23-06-2026,Market Purchase,23-Jun-2026 19:31:35,https://nsearchives.nseindia.com/corporate/ixbrl/IT_21310_20260623_193135071_WEB.html
NINSYS,Nintec Systems Limited,Niraj Chhaganraj Gemawat,Promoter and Director,2026-06-24,BUY,2500.0,1942198.0,776.8792,3413366,18.38%,3415866,18.39%,24-06-2026,24-06-2026,Market Purchase,25-Jun-2026 18:35:16,https://nsearchives.nseindia.com/corporate/ixbrl/IT_21310_20260625_183516410_WEB.html
NINSYS,Nintec Systems Limited,Niraj Chhaganraj Gemawat,Promoter and Director,2026-06-25,BUY,3000.0,2365904.0,788.6346666666667,3415866,18.39%,3418866,18.40%,25-06-2026,25-06-2026,Market Purchase,25-Jun-2026 18:35:16,https://nsearchives.nseindia.com/corporate/ixbrl/IT_21310_20260625_183516410_WEB.html
NINSYS,Nintec Systems Limited,Niraj Chhaganraj Gemawat,Promoter and Director,2026-06-29,BUY,2700.0,2182282.0,808.2525925925926,3418866,18.40%,3421566,18.42%,29-06-2026,29-06-2026,Market Purchase,01-Jul-2026 13:42:41,https://nsearchives.nseindia.com/corporate/ixbrl/IT_21310_20260701_134241086_WEB.html
NINSYS,Nintec Systems Limited,Niraj Chhaganraj Gemawat,Promoter and Director,2026-06-29,BUY,300.0,242700.0,809.0,3421566,18.42%,3421866,18.42%,29-06-2026,29-06-2026,Market Purchase,01-Jul-2026 13:42:41,https://nsearchives.nseindia.com/corporate/ixbrl/IT_21310_20260701_134241086_WEB.html
NINSYS,Nintec Systems Limited,Niraj Chhaganraj Gemawat,Promoter and Director,2026-06-29,BUY,2700.0,2182282.0,808.2525925925926,3418866,18.40%,3421566,18.42%,29-06-2026,29-06-2026,Market Purchase,01-Jul-2026 13:41:34,https://nsearchives.nseindia.com/corporate/ixbrl/IT_21310_20260701_134133946_WEB.html
NINSYS,Nintec Systems Limited,Niraj Chhaganraj Gemawat,Promoter and Director,2026-06-29,BUY,300.0,242700.0,809.0,3421566,18.42%,3421866,18.42%,29-06-2026,29-06-2026,Market Purchase,01-Jul-2026 13:41:34,https://nsearchives.nseindia.com/corporate/ixbrl/IT_21310_20260701_134133946_WEB.html
NINSYS,Nintec Systems Limited,Niraj Chhaganraj Gemawat,Promoter and Director,2026-06-30,BUY,500.0,411910.0,823.82,3421866,18.42%,3422366,18.42%,30-06-2026,30-06-2026,Market Purchase,01-Jul-2026 13:42:41,https://nsearchives.nseindia.com/corporate/ixbrl/IT_21310_20260701_134241086_WEB.html
NINSYS,Nintec Systems Limited,Niraj Chhaganraj Gemawat,Promoter and Director,2026-06-30,BUY,3000.0,2482834.0,827.6113333333333,3422366,18.42%,3425366,18.44%,30-06-2026,30-06-2026,Market Purchase,01-Jul-2026 13:42:41,https://nsearchives.nseindia.com/corporate/ixbrl/IT_21310_20260701_134241086_WEB.html
NINSYS,Nintec Systems Limited,Niraj Chhaganraj Gemawat,Promoter and Director,2026-06-30,BUY,500.0,411910.0,823.82,3421866,18.42%,3422366,18.42%,30-06-2026,30-06-2026,Market Purchase,01-Jul-2026 13:41:34,https://nsearchives.nseindia.com/corporate/ixbrl/IT_21310_20260701_134133946_WEB.html
NINSYS,Nintec Systems Limited,Niraj Chhaganraj Gemawat,Promoter and Director,2026-06-30,BUY,3000.0,2482834.0,827.6113333333333,3422366,18.42%,3425366,18.44%,30-06-2026,30-06-2026,Market Purchase,01-Jul-2026 13:41:34,https://nsearchives.nseindia.com/corporate/ixbrl/IT_21310_20260701_134133946_WEB.html
NRL,NUPUR RECYCLERS LIMITED,NUPUR GUPTA,Promoter Group,2026-06-24,BUY,50400.0,4186225.0,83.06001984126983,312580,0.45%,362980,0.52%,24-06-2026,24-06-2026,Market Purchase,26-Jun-2026 15:57:01,https://nsearchives.nseindia.com/corporate/ixbrl/IT_20108_20260626_155701561_WEB.html
NURECA,NURECA LIMITED,Aryan Goyal,Promoter Group,2026-07-02,OTHER,1159185.0,0.0,0.0,1159185,12.15%,0,0.00%,02-07-2026,02-07-2026,Off Market,03-Jul-2026 19:26:14,https://nsearchives.nseindia.com/corporate/ixbrl/IT_18918_20260703_192614683_WEB.html
NURECA,NURECA LIMITED,Aryan Goyal,Promoter Group,2026-07-02,OTHER,1159185.0,0.0,0.0,1159185,12.15%,0,0.00%,02-07-2026,02-07-2026,Off Market,03-Jul-2026 19:26:41,https://nsearchives.nseindia.com/corporate/ixbrl/IT_18918_20260703_192641581_WEB.html
NURECA,NURECA LIMITED,Payal Goyal,Promoter Group,2026-07-02,OTHER,2059928.0,0.0,0.0,2059928,21.59%,0,0.00%,02-07-2026,02-07-2026,Off Market,03-Jul-2026 19:26:14,https://nsearchives.nseindia.com/corporate/ixbrl/IT_18918_20260703_192614683_WEB.html
NURECA,NURECA LIMITED,Payal Goyal,Promoter Group,2026-07-02,OTHER,2059928.0,0.0,0.0,2059928,21.59%,0,0.00%,02-07-2026,02-07-2026,Off Market,03-Jul-2026 19:26:41,https://nsearchives.nseindia.com/corporate/ixbrl/IT_18918_20260703_192641581_WEB.html
NURECA,NURECA LIMITED,Saurabh Goyal,Promoter,2026-07-02,OTHER,3219113.0,0.0,0.0,3278056,34.35%,6497169,68.09%,02-07-2026,02-07-2026,Off Market,03-Jul-2026 19:26:14,https://nsearchives.nseindia.com/corporate/ixbrl/IT_18918_20260703_192614683_WEB.html
NURECA,NURECA LIMITED,Saurabh Goyal,Promoter,2026-07-02,OTHER,3219113.0,0.0,0.0,3278056,34.35%,6497169,68.09%,02-07-2026,02-07-2026,Off Market,03-Jul-2026 19:26:41,https://nsearchives.nseindia.com/corporate/ixbrl/IT_18918_20260703_192641581_WEB.html
NURECA,NURECA LIMITED,Smita Goyal,Promoter Group,2026-07-24,BUY,5975.0,1799371.0,301.14995815899584,7,0.00%,5982,0.06%,24-07-2026,24-07-2026,Market Purchase,11-Aug-2026 17:31:48,https://nsearchives.nseindia.com/corporate/ixbrl/IT_18918_20260811_173148073_WEB.html
NURECA,NURECA LIMITED,Smita Goyal,Promoter Group,2026-07-24,BUY,800.0,240280.0,300.35,5982,0.06%,6782,0.07%,24-07-2026,24-07-2026,Market Purchase,11-Aug-2026 17:31:48,https://nsearchives.nseindia.com/corporate/ixbrl/IT_18918_20260811_173148073_WEB.html
NURECA,NURECA LIMITED,Smita Goyal,Promoter Group,2026-07-27,BUY,20355.0,6327962.0,310.87998034880866,6782,0.07%,27137,0.28%,27-07-2026,27-07-2026,Market Purchase,11-Aug-2026 17:31:48,https://nsearchives.nseindia.com/corporate/ixbrl/IT_18918_20260811_173148073_WEB.html
NURECA,NURECA LIMITED,Smita Goyal,Promoter Group,2026-07-28,BUY,6500.0,2017990.0,310.46,27137,0.28%,33637,0.35%,28-07-2026,28-07-2026,Market Purchase,11-Aug-2026 17:31:48,https://nsearchives.nseindia.com/corporate/ixbrl/IT_18918_20260811_173148073_WEB.html
NURECA,NURECA LIMITED,Smita Goyal,Promoter Group,2026-07-29,BUY,8000.0,2545920.0,318.24,33637,0.35%,41637,0.44%,29-07-2026,29-07-2026,Market Purchase,11-Aug-2026 17:31:48,https://nsearchives.nseindia.com/corporate/ixbrl/IT_18918_20260811_173148073_WEB.html
NURECA,NURECA LIMITED,Smita Goyal,Promoter Group,2026-07-29,BUY,1000.0,323225.0,323.225,41637,0.44%,42637,0.45%,29-07-2026,29-07-2026,Market Purchase,11-Aug-2026 17:31:48,https://nsearchives.nseindia.com/corporate/ixbrl/IT_18918_20260811_173148073_WEB.html
NURECA,NURECA LIMITED,Smita Goyal,Promoter Group,2026-07-31,BUY,2683.0,868970.0,323.8799850913157,42637,0.45%,45320,0.47%,31-07-2026,31-07-2026,Market Purchase,11-Aug-2026 17:31:48,https://nsearchives.nseindia.com/corporate/ixbrl/IT_18918_20260811_173148073_WEB.html
NURECA,NURECA LIMITED,SMITA GOYAL,Promoter Group,2026-08-26,BUY,1035.0,313232.0,302.63961352657003,45320,0.47%,46355,0.49%,26-08-2026,26-08-2026,Market Purchase,29-Aug-2026 17:08:28,https://nsearchives.nseindia.com/corporate/ixbrl/IT_18918_20260829_170828470_WEB.html
NURECA,NURECA LIMITED,SMITA GOYAL,Promoter Group,2026-08-26,BUY,1035.0,313232.0,302.63961352657003,45320,0.47%,46355,0.49%,26-08-2026,26-08-2026,Market Purchase,29-Aug-2026 17:08:45,https://nsearchives.nseindia.com/corporate/ixbrl/IT_18918_20260829_170845743_WEB.html
NURECA,NURECA LIMITED,SMITA GOYAL,Promoter Group,2026-08-27,BUY,1657.0,510373.0,308.01025950512974,46355,0.49%,48012,0.50%,27-08-2026,27-08-2026,Market Purchase,29-Aug-2026 17:08:28,https://nsearchives.nseindia.com/corporate/ixbrl/IT_18918_20260829_170828470_WEB.html
NURECA,NURECA LIMITED,SMITA GOYAL,Promoter Group,2026-08-27,BUY,1657.0,510373.0,308.01025950512974,46355,0.49%,48012,0.50%,27-08-2026,27-08-2026,Market Purchase,29-Aug-2026 17:08:45,https://nsearchives.nseindia.com/corporate/ixbrl/IT_18918_20260829_170845743_WEB.html
NURECA,NURECA LIMITED,SMITA GOYAL,Promoter Group,2026-08-28,BUY,6682.0,2228982.0,333.5800658485483,48012,0.50%,54694,0.57%,28-08-2026,28-08-2026,Market Purchase,29-Aug-2026 17:08:28,https://nsearchives.nseindia.com/corporate/ixbrl/IT_18918_20260829_170828470_WEB.html
NURECA,NURECA LIMITED,SMITA GOYAL,Promoter Group,2026-08-28,BUY,600.0,201583.0,335.9716666666667,54694,0.57%,55294,0.58%,28-08-2026,28-08-2026,Market Purchase,29-Aug-2026 17:08:28,https://nsearchives.nseindia.com/corporate/ixbrl/IT_18918_20260829_170828470_WEB.html
NURECA,NURECA LIMITED,SMITA GOYAL,Promoter Group,2026-08-28,BUY,6682.0,2228982.0,333.5800658485483,48012,0.50%,54694,0.57%,28-08-2026,28-08-2026,Market Purchase,29-Aug-2026 17:08:45,https://nsearchives.nseindia.com/corporate/ixbrl/IT_18918_20260829_170845743_WEB.html
NURECA,NURECA LIMITED,SMITA GOYAL,Promoter Group,2026-08-28,BUY,600.0,201583.0,335.9716666666667,54694,0.57%,55294,0.58%,28-08-2026,28-08-2026,Market Purchase,29-Aug-2026 17:08:45,https://nsearchives.nseindia.com/corporate/ixbrl/IT_18918_20260829_170845743_WEB.html
NURECA,NURECA LIMITED,SMITA GOYAL,Promoter Group,2026-09-08,BUY,850.0,272400.0,320.47058823529414,55294,0.58%,56144,0.59%,08-09-2026,08-09-2026,Market Purchase,09-Sep-2026 12:45:50,https://nsearchives.nseindia.com/corporate/ixbrl/IT_18918_20260909_124550641_WEB.html
NURECA,NURECA LIMITED,SMITA GOYAL,Promoter Group,2026-09-08,BUY,200.0,64400.0,322.0,56144,0.59%,56344,0.59%,08-09-2026,08-09-2026,Market Purchase,09-Sep-2026 12:45:50,https://nsearchives.nseindia.com/corporate/ixbrl/IT_18918_20260909_124550641_WEB.html
NURECA,NURECA LIMITED,SMITA GOYAL,Promoter Group,2026-09-09,BUY,1000.0,334000.0,334.0,56344,0.59%,57344,0.60%,09-09-2026,09-09-2026,Market Purchase,10-Sep-2026 16:05:02,https://nsearchives.nseindia.com/corporate/ixbrl/IT_18918_20260910_160502422_WEB.html
OBCL,OBCL LIMITED,OBCL INFRASTRUCTURE PRIVATE LIMITED,Promoter Group,2026-08-05,BUY,232.0,12412.0,53.5,2000000,9.49%,2000232,9.49%,03-08-2026,05-08-2026,Market Purchase,06-Aug-2026 17:19:48,https://nsearchives.nseindia.com/corporate/ixbrl/IT_20443_20260806_171948390_WEB.html
OBCL,OBCL LIMITED,OBCL INFRASTRUCTURE PRIVATE LIMITED,Promoter Group,2026-08-05,BUY,66849.0,3546892.0,53.05826564346512,2000232,9.49%,2067081,9.80%,03-08-2026,05-08-2026,Market Purchase,06-Aug-2026 17:19:48,https://nsearchives.nseindia.com/corporate/ixbrl/IT_20443_20260806_171948390_WEB.html
OBCL,OBCL LIMITED,OBCL INFRASTRUCTURE PRIVATE LIMITED,Promoter Group,2026-08-10,BUY,7101.0,379842.0,53.49133924799324,2067081,9.80%,2074182,9.84%,06-08-2026,10-08-2026,Market Purchase,11-Aug-2026 15:56:52,https://nsearchives.nseindia.com/corporate/ixbrl/IT_20443_20260811_155652381_WEB.html
OBCL,OBCL LIMITED,OBCL INFRASTRUCTURE PRIVATE LIMITED,Promoter Group,2026-08-13,BUY,160579.0,8490131.0,52.87198824254728,2074182,9.84%,2234761,10.59%,11-08-2026,13-08-2026,Market Purchase,18-Aug-2026 10:27:46,https://nsearchives.nseindia.com/corporate/ixbrl/IT_20443_20260818_102746360_WEB.html
OBCL,OBCL LIMITED,OBCL INFRASTRUCTURE PRIVATE LIMITED,Promoter Group,2026-08-18,BUY,19181.0,1035518.0,53.986653459152286,2234761,10.59%,2253942,10.69%,14-08-2026,18-08-2026,Market Purchase,19-Aug-2026 09:56:56,https://nsearchives.nseindia.com/corporate/ixbrl/IT_20443_20260819_095656608_WEB.html
OBCL,OBCL LIMITED,OBCL INFRASTRUCTURE PRIVATE LIMITED,Promoter Group,2026-08-21,BUY,56675.0,3049556.0,53.807781208645785,2253942,10.69%,2310617,10.95%,19-08-2026,21-08-2026,Market Purchase,21-Aug-2026 22:29:06,https://nsearchives.nseindia.com/corporate/ixbrl/IT_20443_20260821_222906324_WEB.html
OBCL,OBCL LIMITED,OBCL INFRASTRUCTURE PRIVATE LIMITED,Promoter Group,2026-08-25,BUY,20629.0,1120264.0,54.30529836637743,2310617,10.95%,2331246,11.05%,24-08-2026,25-08-2026,Market Purchase,31-Aug-2026 17:27:10,https://nsearchives.nseindia.com/corporate/ixbrl/IT_20443_20260831_172710703_WEB.html
OBCL,OBCL LIMITED,OBCL INFRASTRUCTURE PRIVATE LIMITED,Promoter Group,2026-09-02,BUY,7489.0,409902.0,54.73387635198291,2331246,11.05%,2338735,11.09%,31-08-2026,02-09-2026,Market Purchase,02-Sep-2026 17:59:10,https://nsearchives.nseindia.com/corporate/ixbrl/IT_20443_20260902_175910303_WEB.html
OBCL,OBCL LIMITED,OBCL INFRASTRUCTURE PRIVATE LIMITED,Promoter Group,2026-09-07,BUY,6553.0,359742.0,54.897298947047155,2338735,11.09%,2345288,11.12%,03-09-2026,07-09-2026,Market Purchase,07-Sep-2026 18:10:24,https://nsearchives.nseindia.com/corporate/ixbrl/IT_20443_20260907_181024331_WEB.html
OBCL,OBCL LIMITED,OBCL INFRASTRUCTURE PRIVATE LIMITED,Promoter Group,2026-09-10,BUY,4750.0,264002.0,55.579368421052635,2345288,11.12%,2350038,11.14%,08-09-2026,10-09-2026,Market Purchase,11-Sep-2026 13:35:40,https://nsearchives.nseindia.com/corporate/ixbrl/IT_20443_20260911_133540302_WEB.html
OMPOWER,Om Power Transmission Limited,Kalpesh Dhanjibhai Patel,Promoter and Director,2026-06-24,BUY,14221.0,2601006.0,182.8989522537093,8260000,24.12%,8274221,24.16%,23-06-2026,24-06-2026,Market Purchase,27-Jun-2026 01:10:04,https://nsearchives.nseindia.com/corporate/ixbrl/IT_27090_20260627_011004700_WEB.html
OMPOWER,Om Power Transmission Limited,Kanubhai Patel,Promoter and Director,2026-06-24,BUY,14195.0,2600640.0,183.20817189151109,8260000,24.12%,8274195,24.16%,23-06-2026,24-06-2026,Market Purchase,27-Jun-2026 01:10:04,https://nsearchives.nseindia.com/corporate/ixbrl/IT_27090_20260627_011004700_WEB.html
OMPOWER,Om Power Transmission Limited,Vasantkumar Narayanbhai Patel,Promoter and Director,2026-06-24,BUY,12347.0,2245533.0,181.8687130477039,7080000,20.67%,7092347,20.71%,23-06-2026,24-06-2026,Market Purchase,27-Jun-2026 01:10:04,https://nsearchives.nseindia.com/corporate/ixbrl/IT_27090_20260627_011004700_WEB.html
PARADEEP,PARADEEP PHOSPHATES LIMITED,ZUARI MAROC PHOSPHATES PRIVATE LIMITED,Promoter,2026-06-18,BUY,80273.0,10671493.0,132.94000473384574,522826697,50.36%,522906970,50.37%,18-06-2026,18-06-2026,Market Purchase,23-Jun-2026 16:24:30,https://nsearchives.nseindia.com/corporate/ixbrl/IT_19922_20260623_162430288_WEB.html
PARADEEP,PARADEEP PHOSPHATES LIMITED,ZUARI MAROC PHOSPHATES PRIVATE LIMITED,Promoter,2026-06-18,BUY,80273.0,10671493.0,132.94000473384574,522826697,50.36%,522906970,50.37%,18-06-2026,18-06-2026,Market Purchase,23-Jun-2026 16:21:06,https://nsearchives.nseindia.com/corporate/ixbrl/IT_19922_20260623_162106528_WEB.html
PARADEEP,PARADEEP PHOSPHATES LIMITED,ZUARI MAROC PHOSPHATES PRIVATE LIMITED,Promoter,2026-06-19,BUY,65000.0,8871850.0,136.49,522906970,50.37%,522971970,50.37%,19-06-2026,19-06-2026,Market Purchase,23-Jun-2026 16:24:30,https://nsearchives.nseindia.com/corporate/ixbrl/IT_19922_20260623_162430288_WEB.html
PARADEEP,PARADEEP PHOSPHATES LIMITED,ZUARI MAROC PHOSPHATES PRIVATE LIMITED,Promoter,2026-06-19,BUY,65000.0,8871850.0,136.49,522906970,50.37%,522971970,50.37%,19-06-2026,19-06-2026,Market Purchase,23-Jun-2026 16:21:06,https://nsearchives.nseindia.com/corporate/ixbrl/IT_19922_20260623_162106528_WEB.html
PARADEEP,PARADEEP PHOSPHATES LIMITED,ZUARI MAROC PHOSPHATES PRIVATE LIMITED,Promoter,2026-08-19,BUY,100000.0,15060000.0,150.6,522971970,50.36%,523071970,50.36%,19-08-2026,19-08-2026,Market Purchase,21-Aug-2026 10:23:18,https://nsearchives.nseindia.com/corporate/ixbrl/IT_19922_20260821_102318702_WEB.html
PARADEEP,PARADEEP PHOSPHATES LIMITED,ZUARI MAROC PHOSPHATES PRIVATE LIMITED,Promoter,2026-08-19,OTHER,40000000.0,6036000000.0,150.9,522971970,50.36%,522971970,50.36%,19-08-2026,19-08-2026,Pledge Release,21-Aug-2026 10:22:56,https://nsearchives.nseindia.com/corporate/ixbrl/IT_19922_20260821_102256866_WEB.html
PARADEEP,PARADEEP PHOSPHATES LIMITED,ZUARI MAROC PHOSPHATES PRIVATE LIMITED,Promoter,2026-08-19,OTHER,24881500.0,3754618350.0,150.9,522971970,50.36%,522971970,50.36%,19-08-2026,19-08-2026,Pledge Release,21-Aug-2026 10:22:56,https://nsearchives.nseindia.com/corporate/ixbrl/IT_19922_20260821_102256866_WEB.html
PKTEA,THE PERIA KARAMALAI TEA & PRODUCE COMPANY LIMITED,KIRAN VYAPAR LIMITED,Promoter Group,2026-08-17,BUY,10455.0,7344674.0,702.5034911525586,470224,15.19%,480679,15.53%,17-08-2026,17-08-2026,Market Purchase,19-Aug-2026 17:58:23,https://nsearchives.nseindia.com/corporate/ixbrl/IT_12988_20260819_175823095_WEB.html
PKTEA,THE PERIA KARAMALAI TEA & PRODUCE COMPANY LIMITED,KIRAN VYAPAR LIMITED,Promoter Group,2026-08-17,BUY,10455.0,7344674.0,702.5034911525586,470224,15.19%,480679,15.53%,17-08-2026,17-08-2026,Market Purchase,19-Aug-2026 17:57:53,https://nsearchives.nseindia.com/corporate/ixbrl/IT_12988_20260819_175753329_WEB.html
PKTEA,THE PERIA KARAMALAI TEA & PRODUCE COMPANY LIMITED,KIRAN VYAPAR LIMITED,Promoter Group,2026-08-19,BUY,10556.0,7699314.0,729.3779840848806,480679,15.53%,491235,15.87%,19-08-2026,19-08-2026,Market Purchase,22-Aug-2026 16:56:01,https://nsearchives.nseindia.com/corporate/ixbrl/IT_12988_20260822_165601837_WEB.html
PKTEA,THE PERIA KARAMALAI TEA & PRODUCE COMPANY LIMITED,KIRAN VYAPAR LIMITED,Promoter Group,2026-08-20,BUY,1443.0,1072915.0,743.5308385308385,491235,15.87%,492678,15.91%,20-08-2026,20-08-2026,Market Purchase,25-Aug-2026 17:11:33,https://nsearchives.nseindia.com/corporate/ixbrl/IT_12988_20260825_171133852_WEB.html
PKTEA,THE PERIA KARAMALAI TEA & PRODUCE COMPANY LIMITED,KIRAN VYAPAR LIMITED,Promoter Group,2026-09-04,BUY,6547.0,5174686.0,790.3904078203758,492678,15.91%,499225,16.13%,21-08-2026,04-09-2026,Market Purchase,08-Sep-2026 16:56:12,https://nsearchives.nseindia.com/corporate/ixbrl/IT_12988_20260908_165612670_WEB.html
PNGSREVA,PNGS REVA DIAMOND JEWELLERY LIMITED,P. N. Gadgil & Sons Limited,Promoter,2026-06-18,BUY,45000.0,17424450.0,387.21,4367500,13.77%,4412500,13.91%,18-06-2026,18-06-2026,Market Purchase,18-Jun-2026 18:06:12,https://nsearchives.nseindia.com/corporate/ixbrl/IT_26347_20260618_180612524_WEB.html
PNGSREVA,PNGS REVA DIAMOND JEWELLERY LIMITED,P. N. Gadgil & Sons Limited,Promoter,2026-06-24,BUY,238.0,91630.0,385.0,4412500,13.92%,4412738,13.92%,24-06-2026,24-06-2026,Market Purchase,25-Jun-2026 17:44:58,https://nsearchives.nseindia.com/corporate/ixbrl/IT_26347_20260625_174458869_WEB.html
PNGSREVA,PNGS Reva Diamond Jewellery Limited,P. N. Gadgil & Sons Limited,Promoter,2026-06-25,BUY,5000.0,0.0,0.0,4412738,13.92%,4417738,13.94%,25-06-2026,25-06-2026,Market Purchase,25-Jun-2026 20:44:09,https://nsearchives.nseindia.com/corporate/ixbrl/IT_26347_20260625_204409718_WEB.html
PONNIERODE,PONNI SUGARS (ERODE) LIMITED,Seshasayee Paper and Boards Limited,Promoter,2026-08-17,BUY,290000.0,101498680.0,349.9954482758621,2781362,32.35%,3071362,35.72%,17-08-2026,17-08-2026,Market Purchase,17-Aug-2026 15:19:38,https://nsearchives.nseindia.com/corporate/ixbrl/IT_2008_20260817_151938834_WEB.html
PREMIERPOL,PREMIER POLYFILM LIMITED,D L MILLAR & CO LTD,Promoter Group,2026-06-12,BUY,202190.0,11322640.0,56.0,15540245,14.84%,15742435,15.03%,12-06-2026,12-06-2026,Market Purchase,12-Jun-2026 16:05:52,https://nsearchives.nseindia.com/corporate/ixbrl/IT_20260612_160552594_WEB.html
PREMIERPOL,PREMIER POLYFILM LIMITED,D L MILLAR & CO LTD,Promoter Group,2026-06-16,BUY,201500.0,11525800.0,57.2,15742435,15.03%,15943935,15.22%,16-06-2026,16-06-2026,Market Purchase,17-Jun-2026 10:28:54,https://nsearchives.nseindia.com/corporate/ixbrl/IT_91_20260617_102854114_WEB.html
PREMIERPOL,PREMIER POLYFILM LIMITED,D L MILLAR & CO LTD,Promoter Group,2026-06-17,BUY,95270.0,5525660.0,58.0,15943935,15.22%,16039205,15.31%,17-06-2026,17-06-2026,Market Purchase,18-Jun-2026 10:39:18,https://nsearchives.nseindia.com/corporate/ixbrl/IT_91_20260618_103918503_WEB.html
PREMIERPOL,PREMIER POLYFILM LIMITED,D L MILLAR & CO LTD,Promoter Group,2026-07-23,SELL,82001.0,5525660.0,67.38527578931964,16039205,15.31%,15957204,15.23%,23-07-2026,23-07-2026,Market Sale,24-Jul-2026 15:58:00,https://nsearchives.nseindia.com/corporate/ixbrl/IT_91_20260724_155800097_WEB.html
PREMIERPOL,PREMIER POLYFILM LIMITED,D L MILLAR & CO LTD,Promoter Group,2026-07-23,SELL,82001.0,5525660.0,67.38527578931964,16039205,15.31%,15957204,15.23%,23-07-2026,23-07-2026,Market Sale,24-Jul-2026 15:55:26,https://nsearchives.nseindia.com/corporate/ixbrl/IT_91_20260724_155525994_WEB.html
RSL,RAJPUTANA STAINLESS LIMITED,YASHKUMAR SHANKARLAL MEHTA,Promoter,2026-06-16,BUY,50000.0,6545735.0,130.9147,0,0.00%,50000,0.06%,16-06-2026,16-06-2026,Market Purchase,17-Jun-2026 17:50:43,https://nsearchives.nseindia.com/corporate/ixbrl/IT_25166_20260617_175043548_WEB.html
RSL,RAJPUTANA STAINLESS LIMITED,YASHKUMAR SHANKARLAL MEHTA,Promoter,2026-09-10,BUY,30000.0,5727877.0,190.92923333333334,50000,0.06%,80000,0.10%,09-09-2026,10-09-2026,Market Purchase,11-Sep-2026 14:05:10,https://nsearchives.nseindia.com/corporate/ixbrl/IT_25166_20260911_140510470_WEB.html
SENCO,SENCO GOLD LIMITED,Jai Hanuman Shri Siddhivinayak Trust (Trustee- Mr. Suvankar Sen & Mrs. Joita Sen),Promoter,2026-06-30,BUY,8920.0,2987130.0,334.88004484304935,67973586,41.49%,67982506,41.49%,30-06-2026,30-06-2026,Market Purchase,03-Jul-2026 19:48:34,https://nsearchives.nseindia.com/corporate/ixbrl/IT_20714_20260703_194833980_WEB.html
SENCO,SENCO GOLD LIMITED,Jai Hanuman Shri Siddhivinayak Trust (Trustee- Mr. Suvankar Sen & Mrs. Joita Sen),Promoter,2026-08-18,BUY,3250.0,1094828.0,336.87015384615387,67982506,41.48%,67985756,41.48%,18-08-2026,18-08-2026,Market Purchase,20-Aug-2026 19:24:14,https://nsearchives.nseindia.com/corporate/ixbrl/IT_20714_20260820_192414322_WEB.html
SESHAPAPER,SESHASAYEE PAPER AND BOARDS LIMITED,DHANASHREE INVESTMENTS PRIVATE LIMITED,Promoter Group,2026-06-25,BUY,78202.0,17557664.0,224.51681542671543,3040047,4.82%,3118249,4.94%,25-06-2026,25-06-2026,Market Purchase,26-Jun-2026 14:27:20,https://nsearchives.nseindia.com/corporate/ixbrl/IT_118_20260626_142720058_WEB.html
SESHAPAPER,SESHASAYEE PAPER AND BOARDS LIMITED,DHANASHREE INVESTMENTS PRIVATE LIMITED,Promoter Group,2026-06-25,BUY,78202.0,17557664.0,224.51681542671543,3040047,4.82%,3118249,4.94%,25-06-2026,25-06-2026,Market Purchase,25-Jun-2026 18:49:12,https://nsearchives.nseindia.com/corporate/ixbrl/IT_118_20260625_184912267_WEB.html
SESHAPAPER,SESHASAYEE PAPER AND BOARDS LIMITED,ULTRA INVESTMENTS AND LEASING COMPANY PRIVATE LIMITED,Promoter Group,2026-06-25,BUY,20000.0,4496498.0,224.8249,927280,1.47%,947280,1.50%,25-06-2026,25-06-2026,Market Purchase,26-Jun-2026 14:31:07,https://nsearchives.nseindia.com/corporate/ixbrl/IT_118_20260626_143107377_WEB.html
SESHAPAPER,SESHASAYEE PAPER AND BOARDS LIMITED,ULTRA INVESTMENTS AND LEASING COMPANY PRIVATE LIMITED,Promoter Group,2026-06-25,BUY,20000.0,4496498.0,224.8249,927280,1.47%,947280,1.50%,25-06-2026,25-06-2026,Market Purchase,25-Jun-2026 18:43:30,https://nsearchives.nseindia.com/corporate/ixbrl/IT_118_20260625_184330441_WEB.html
SESHAPAPER,SESHASAYEE PAPER AND BOARDS LIMITED,ULTRA INVESTMENTS AND LEASING COMPANY PRIVATE LIMITED,Promoter Group,2026-06-25,BUY,20000.0,4496498.0,224.8249,927280,1.47%,947280,1.50%,25-06-2026,25-06-2026,Market Purchase,25-Jun-2026 18:00:46,https://nsearchives.nseindia.com/corporate/ixbrl/IT_118_20260625_180046529_WEB.html
SESHAPAPER,SESHASAYEE PAPER AND BOARDS LIMITED,TIME SQUARE INVESTMENTS PRIVATE LIMITED,Promoter Group,2026-06-29,BUY,3767.0,848764.0,225.31563578444386,6442502,10.22%,6446269,10.22%,29-06-2026,29-06-2026,Market Purchase,29-Jun-2026 17:35:12,https://nsearchives.nseindia.com/corporate/ixbrl/IT_118_20260629_173512189_WEB.html
SESHAPAPER,SESHASAYEE PAPER AND BOARDS LIMITED,TIME SQUARE INVESTMENTS PRIVATE LIMITED,Promoter Group,2026-06-29,BUY,3767.0,848764.0,225.31563578444386,6442502,10.22%,6446269,10.22%,29-06-2026,29-06-2026,Market Purchase,29-Jun-2026 18:43:32,https://nsearchives.nseindia.com/corporate/ixbrl/IT_118_20260629_184332278_WEB.html
SESHAPAPER,SESHASAYEE PAPER AND BOARDS LIMITED,TIME SQUARE INVESTMENTS PRIVATE LIMITED,Promoter Group,2026-06-29,BUY,3767.0,848764.0,225.31563578444386,6442502,10.22%,6446269,10.22%,29-06-2026,29-06-2026,Market Purchase,29-Jun-2026 17:35:38,https://nsearchives.nseindia.com/corporate/ixbrl/IT_118_20260629_173538066_WEB.html
SESHAPAPER,SESHASAYEE PAPER AND BOARDS LIMITED,DHANASHREE INVESTMENTS PRIVATE LIMITED,Promoter Group,2026-07-30,BUY,20695.0,4850664.0,234.38820971249095,3118249,4.94%,3138944,4.98%,30-07-2026,30-07-2026,Market Purchase,30-Jul-2026 17:38:02,https://nsearchives.nseindia.com/corporate/ixbrl/IT_118_20260730_173802218_WEB.html
SESHAPAPER,SESHASAYEE PAPER AND BOARDS LIMITED,DHANASHREE INVESTMENTS PRIVATE LIMITED,Promoter Group,2026-07-30,BUY,20695.0,4850664.0,234.38820971249095,3118249,4.94%,3138944,4.98%,30-07-2026,30-07-2026,Market Purchase,30-Jul-2026 17:37:12,https://nsearchives.nseindia.com/corporate/ixbrl/IT_118_20260730_173712302_WEB.html
SGIL,SYNERGY GREEN INDUSTRIES LIMITED,TARINI SANAT SHIRGAOKAR,Promoter Group,2026-08-28,BUY,2000.0,1170000.0,585.0,82000,0.53%,84000,0.54%,27-08-2026,28-08-2026,Market Purchase,30-Aug-2026 17:41:52,https://nsearchives.nseindia.com/corporate/ixbrl/IT_19808_20260830_174152408_WEB.html
SGIL,SYNERGY GREEN INDUSTRIES LIMITED,PRABHAKAR SHIRGAOKAR ENTERPRISES LLP,Promoter Group,2026-09-07,BUY,1600.0,966192.0,603.87,13037,0.08%,14637,0.09%,07-09-2026,07-09-2026,Market Purchase,11-Sep-2026 11:12:04,https://nsearchives.nseindia.com/corporate/ixbrl/IT_19808_20260911_111204765_WEB.html
SHAKTIPUMP,SHAKTI PUMPS (INDIA) LIMITED,SHAKTI SONS TRUST,Promoter,2026-06-16,BUY,9000.0,4945348.0,549.4831111111112,22645600,18.35%,22654600,18.36%,16-06-2026,16-06-2026,Market Purchase,17-Jun-2026 12:23:53,https://nsearchives.nseindia.com/corporate/ixbrl/IT_5329_20260617_122353623_WEB.html
SHAKTIPUMP,SHAKTI PUMPS (INDIA) LIMITED,SHAKTI SONS TRUST,Promoter,2026-06-16,BUY,9000.0,4945348.0,549.4831111111112,22645600,18.35%,22654600,18.36%,16-06-2026,16-06-2026,Market Purchase,17-Jun-2026 12:10:54,https://nsearchives.nseindia.com/corporate/ixbrl/IT_5329_20260617_121054609_WEB.html
SHAKTIPUMP,SHAKTI PUMPS (INDIA) LIMITED,SHAKTI BROTHERS TRUST,Promoter,2026-09-08,BUY,11800.0,5598901.0,474.4831355932203,9385200,7.61%,9397000,7.62%,08-09-2026,08-09-2026,Market Purchase,09-Sep-2026 12:43:57,https://nsearchives.nseindia.com/corporate/ixbrl/IT_5329_20260909_124357287_WEB.html
SHYAMCENT,SHYAM CENTURY FERROUS LIMITED,Sri Ram Vanijya Private Limited,Promoter Group,2026-06-24,BUY,292374.0,1571736.0,5.375772127480555,8090772,3.81%,8383146,3.95%,23-06-2026,24-06-2026,Market Purchase,29-Jun-2026 18:59:54,https://nsearchives.nseindia.com/corporate/ixbrl/IT_12915_20260629_185954917_WEB.html
SHYAMCENT,SHYAM CENTURY FERROUS LIMITED,Sri Ram Vanijya Private Limited,Promoter Group,2026-06-25,BUY,137691.0,751029.0,5.454452360720745,8383146,3.95%,8520837,4.02%,25-06-2026,25-06-2026,Market Purchase,29-Jun-2026 18:59:01,https://nsearchives.nseindia.com/corporate/ixbrl/IT_12915_20260629_185901915_WEB.html
SHYAMCENT,SHYAM CENTURY FERROUS LIMITED,Sumangal International Private Limited,Promoter Group,2026-06-30,BUY,328159.0,1922713.0,5.859089648615457,7295814,3.44%,7623973,3.59%,29-06-2026,30-06-2026,Market Purchase,03-Jul-2026 11:50:26,https://nsearchives.nseindia.com/corporate/ixbrl/IT_12915_20260703_115026510_WEB.html
SIGIND,Signet Industries Limited,Mukesh Sangla,Promoter and Director,2026-08-17,BUY,13904.0,956643.0,68.80343785960875,1169885,3.97%,1183789,4.02%,17-08-2026,17-08-2026,Market Purchase,18-Aug-2026 13:42:31,https://nsearchives.nseindia.com/corporate/ixbrl/IT_16593_20260818_134231601_WEB.html
SIGIND,Signet Industries Limited,Mukesh Sangla,Promoter and Director,2026-08-18,BUY,20806.0,1407942.0,67.66999903873882,1183789,4.02%,1204595,4.09%,18-08-2026,18-08-2026,Market Purchase,19-Aug-2026 10:51:24,https://nsearchives.nseindia.com/corporate/ixbrl/IT_16593_20260819_105124536_WEB.html
SIGIND,Signet Industries Limited,Mukesh Sangla,Promoter and Director,2026-08-19,BUY,32187.0,2241595.0,69.64286823872992,1204595,4.09%,1236782,4.20%,19-08-2026,19-08-2026,Market Purchase,20-Aug-2026 16:08:19,https://nsearchives.nseindia.com/corporate/ixbrl/IT_16593_20260820_160818957_WEB.html
SIGIND,Signet Industries Limited,Mukesh Sangla,Promoter and Director,2026-08-20,BUY,30350.0,2222216.0,73.21963756177924,1236782,4.20%,1267132,4.30%,20-08-2026,20-08-2026,Market Purchase,24-Aug-2026 21:54:30,https://nsearchives.nseindia.com/corporate/ixbrl/IT_16593_20260824_215430244_WEB.html
SIGIND,Signet Industries Limited,Mukesh Sangla,Promoter and Director,2026-08-21,BUY,2716.0,196041.0,72.1800441826215,1267132,4.30%,1269848,4.31%,21-08-2026,21-08-2026,Market Purchase,24-Aug-2026 21:56:51,https://nsearchives.nseindia.com/corporate/ixbrl/IT_16593_20260824_215651526_WEB.html
SIGIND,Signet Industries Limited,Mukesh Sangla,Promoter and Director,2026-08-25,BUY,10179.0,694714.0,68.24972983593673,1269848,4.31%,1280027,4.34%,25-08-2026,25-08-2026,Market Purchase,29-Aug-2026 14:54:05,https://nsearchives.nseindia.com/corporate/ixbrl/IT_16593_20260829_145405541_WEB.html
SIGIND,Signet Industries Limited,Mukesh Sangla,Promoter and Director,2026-08-27,BUY,15961.0,1130760.0,70.84518513877576,1280027,4.34%,1295988,4.40%,27-08-2026,27-08-2026,Market Purchase,29-Aug-2026 15:06:50,https://nsearchives.nseindia.com/corporate/ixbrl/IT_16593_20260829_150650400_WEB.html
SIGIND,Signet Industries Limited,Mukesh Sangla,Promoter and Director,2026-08-28,BUY,17756.0,1269936.0,71.52151385447173,1299998,4.42%,1317754,4.48%,28-08-2026,28-08-2026,Market Purchase,31-Aug-2026 12:59:32,https://nsearchives.nseindia.com/corporate/ixbrl/IT_16593_20260831_125931999_WEB.html
SIGIND,Signet Industries Limited,Mukesh Sangla,Promoter and Director,2026-08-28,BUY,4010.0,282647.0,70.485536159601,1295988,4.40%,1299998,4.42%,28-08-2026,28-08-2026,Market Purchase,29-Aug-2026 15:07:09,https://nsearchives.nseindia.com/corporate/ixbrl/IT_16593_20260829_150709884_WEB.html
SIGIND,Signet Industries Limited,Mukesh Sangla,Promoter and Director,2026-09-04,BUY,10880.0,770287.0,70.7984375,1317754,4.48%,1328634,4.51%,04-09-2026,04-09-2026,Market Purchase,08-Sep-2026 15:52:21,https://nsearchives.nseindia.com/corporate/ixbrl/IT_16593_20260908_155221662_WEB.html
SIGIND,Signet Industries Limited,Mukesh Sangla,Promoter and Director,2026-09-07,BUY,28511.0,2026713.0,71.08530041036792,1328634,4.51%,1357145,4.61%,07-09-2026,07-09-2026,Market Purchase,08-Sep-2026 15:52:45,https://nsearchives.nseindia.com/corporate/ixbrl/IT_16593_20260908_155245428_WEB.html
SIGIND,Signet Industries Limited,Mukesh Sangla,Promoter and Director,2026-09-08,BUY,20841.0,1448160.0,69.48610911184684,1364787,4.64%,1385628,4.71%,08-09-2026,08-09-2026,Market Purchase,10-Sep-2026 20:31:30,https://nsearchives.nseindia.com/corporate/ixbrl/IT_16593_20260910_203129967_WEB.html
SIGIND,Signet Industries Limited,Mukesh Sangla,Promoter and Director,2026-09-08,BUY,7642.0,541402.0,70.84559015964408,1357145,4.61%,1364787,4.64%,08-09-2026,08-09-2026,Market Purchase,10-Sep-2026 20:30:39,https://nsearchives.nseindia.com/corporate/ixbrl/IT_16593_20260910_203039295_WEB.html
SIGIND,Signet Industries Limited,Mukesh Sangla,Promoter and Director,2026-09-09,BUY,5478.0,382198.0,69.76962395034684,1385628,4.71%,1391106,4.73%,09-09-2026,09-09-2026,Market Purchase,11-Sep-2026 12:10:10,https://nsearchives.nseindia.com/corporate/ixbrl/IT_16593_20260911_121010537_WEB.html
SILVERTUC,SILVER TOUCH TECHNOLOGIES LIMITED,Vipul Haridas Thakkar,Promoter and Director,2026-08-25,BUY,14000.0,2533675.0,180.9767857142857,26829760,21.16%,26843760,21.17%,25-08-2026,25-08-2026,Market Purchase,26-Aug-2026 16:34:21,https://nsearchives.nseindia.com/corporate/ixbrl/IT_15598_20260826_163421280_WEB.html
SILVERTUC,SILVER TOUCH TECHNOLOGIES LIMITED,Vipul Haridas Thakkar,Promoter and Director,2026-08-25,BUY,14000.0,2533675.0,180.9767857142857,26829760,21.16%,26843760,21.17%,25-08-2026,25-08-2026,Market Purchase,26-Aug-2026 16:32:12,https://nsearchives.nseindia.com/corporate/ixbrl/IT_15598_20260826_163212172_WEB.html
SILVERTUC,SILVER TOUCH TECHNOLOGIES LIMITED,Vipul Haridas Thakkar,Promoter and Director,2026-08-31,BUY,14000.0,2387180.0,170.51285714285714,26843760,21.17%,26857760,21.18%,31-08-2026,31-08-2026,Market Purchase,01-Sep-2026 16:12:20,https://nsearchives.nseindia.com/corporate/ixbrl/IT_15598_20260901_161220738_WEB.html
SILVERTUC,SILVER TOUCH TECHNOLOGIES LIMITED,Vipul Haridas Thakkar,Promoter and Director,2026-08-31,BUY,14000.0,2387180.0,170.51285714285714,26843760,21.17%,26857760,21.18%,31-08-2026,31-08-2026,Market Purchase,01-Sep-2026 16:10:37,https://nsearchives.nseindia.com/corporate/ixbrl/IT_15598_20260901_161037604_WEB.html
SILVERTUC,SILVER TOUCH TECHNOLOGIES LIMITED,Vipul Haridas Thakkar,Promoter and Director,2026-09-03,BUY,35000.0,5915209.0,169.00597142857143,26857760,21.18%,26892760,21.21%,03-09-2026,03-09-2026,Market Purchase,03-Sep-2026 18:38:53,https://nsearchives.nseindia.com/corporate/ixbrl/IT_15598_20260903_183852991_WEB.html
SILVERTUC,SILVER TOUCH TECHNOLOGIES LIMITED,Vipul Haridas Thakkar,Promoter and Director,2026-09-03,BUY,35000.0,5915209.0,169.00597142857143,26857760,21.18%,26892760,21.21%,03-09-2026,03-09-2026,Market Purchase,03-Sep-2026 18:30:53,https://nsearchives.nseindia.com/corporate/ixbrl/IT_15598_20260903_183053771_WEB.html
SILVERTUC,SILVER TOUCH TECHNOLOGIES LIMITED,Vipul Haridas Thakkar,Promoter and Director,2026-09-03,BUY,35000.0,5915209.0,169.00597142857143,26857760,21.18%,26892760,21.21%,03-09-2026,03-09-2026,Market Purchase,03-Sep-2026 18:36:03,https://nsearchives.nseindia.com/corporate/ixbrl/IT_15598_20260903_183603816_WEB.html
SILVERTUC,SILVER TOUCH TECHNOLOGIES LIMITED,Vipul Haridas Thakkar,Promoter and Director,2026-09-03,BUY,35000.0,5915209.0,169.00597142857143,26857760,21.18%,26892760,21.21%,03-09-2026,03-09-2026,Market Purchase,03-Sep-2026 18:32:34,https://nsearchives.nseindia.com/corporate/ixbrl/IT_15598_20260903_183234413_WEB.html
SILVERTUC,SILVER TOUCH TECHNOLOGIES LIMITED,Vipul Haridas Thakkar,Promoter and Director,2026-09-09,BUY,1000.0,161560.0,161.56,26892760,21.21%,26893760,21.21%,09-09-2026,09-09-2026,Market Purchase,11-Sep-2026 18:28:49,https://nsearchives.nseindia.com/corporate/ixbrl/IT_15598_20260911_182849199_WEB.html
SILVERTUC,SILVER TOUCH TECHNOLOGIES LIMITED,Vipul Haridas Thakkar,Promoter and Director,2026-09-09,BUY,1000.0,161560.0,161.56,26892760,21.21%,26893760,21.21%,09-09-2026,09-09-2026,Market Purchase,11-Sep-2026 18:28:31,https://nsearchives.nseindia.com/corporate/ixbrl/IT_15598_20260911_182831782_WEB.html
SILVERTUC,SILVER TOUCH TECHNOLOGIES LIMITED,Vipul Haridas Thakkar,Promoter and Director,2026-09-09,BUY,1000.0,161560.0,161.56,26892760,21.21%,26893760,21.21%,09-09-2026,09-09-2026,Market Purchase,11-Sep-2026 18:26:34,https://nsearchives.nseindia.com/corporate/ixbrl/IT_15598_20260911_182634489_WEB.html
SINCLAIR,SINCLAIRS HOTELS LIMITED,NAVIN CHAND SUCHANTI,Promoter,2026-06-11,BUY,21896.0,1681380.0,76.78936792108148,3543609,6.91%,3565505,6.95%,10-06-2026,11-06-2026,Market Purchase,12-Jun-2026 13:13:09,https://nsearchives.nseindia.com/corporate/ixbrl/IT_20260612_131309081_WEB.html
SINCLAIR,SINCLAIRS HOTELS LIMITED,NAVIN CHAND SUCHANTI,Promoter,2026-08-28,BUY,145991.0,11646625.0,79.77632182805789,3565505,6.95%,3711496,7.23%,27-08-2026,28-08-2026,Market Purchase,29-Aug-2026 13:39:28,https://nsearchives.nseindia.com/corporate/ixbrl/IT_22933_20260829_133928320_WEB.html
SINCLAIR,SINCLAIRS HOTELS LIMITED,NAVIN CHAND SUCHANTI,Promoter,2026-09-01,BUY,15518.0,1294817.0,83.4396829488336,3711496,7.23%,3727014,7.26%,31-08-2026,01-09-2026,Market Purchase,02-Sep-2026 13:04:31,https://nsearchives.nseindia.com/corporate/ixbrl/IT_22933_20260902_130431804_WEB.html
SINCLAIR,SINCLAIRS HOTELS LIMITED,NAVIN CHAND SUCHANTI,Promoter,2026-09-03,BUY,17860.0,1505524.0,84.29585666293393,3727014,7.26%,3744874,7.30%,02-09-2026,03-09-2026,Market Purchase,04-Sep-2026 15:12:10,https://nsearchives.nseindia.com/corporate/ixbrl/IT_22933_20260904_151210358_WEB.html
SINCLAIR,SINCLAIRS HOTELS LIMITED,NAVIN CHAND SUCHANTI,Promoter,2026-09-04,BUY,5993.0,504730.0,84.21992324378442,3744874,7.30%,3750867,7.31%,04-09-2026,04-09-2026,Market Purchase,07-Sep-2026 15:37:56,https://nsearchives.nseindia.com/corporate/ixbrl/IT_22933_20260907_153756689_WEB.html
SINCLAIR,SINCLAIRS HOTELS LIMITED,NAVIN CHAND SUCHANTI,Promoter,2026-09-08,BUY,19278.0,1650464.0,85.6138603589584,3750867,7.31%,3770145,7.35%,07-09-2026,08-09-2026,Market Purchase,09-Sep-2026 13:34:52,https://nsearchives.nseindia.com/corporate/ixbrl/IT_22933_20260909_133452281_WEB.html
SINCLAIR,SINCLAIRS HOTELS LIMITED,NAVIN CHAND SUCHANTI,Promoter,2026-09-09,BUY,6659.0,554715.0,83.30304850578165,3770145,7.35%,3776804,7.36%,09-09-2026,09-09-2026,Market Purchase,11-Sep-2026 13:48:46,https://nsearchives.nseindia.com/corporate/ixbrl/IT_22933_20260911_134846621_WEB.html
SRHHYPOLTD,Sree Rayalaseema Hi-Strength Hypo Limited,TGV Industries Private Limited,Promoter Group,2026-08-26,BUY,1000.0,473208.0,473.208,8000,0.05%,9000,0.05%,26-08-2026,26-08-2026,Market Purchase,27-Aug-2026 17:04:54,https://nsearchives.nseindia.com/corporate/ixbrl/IT_2588_20260827_170454525_WEB.html
SRHHYPOLTD,Sree Rayalaseema Hi-Strength Hypo Limited,TGV Industries Private Limited,Promoter Group,2026-08-27,BUY,5600.0,2639678.0,471.37107142857144,9000,0.05%,14600,0.09%,27-08-2026,27-08-2026,Market Purchase,27-Aug-2026 17:04:54,https://nsearchives.nseindia.com/corporate/ixbrl/IT_2588_20260827_170454525_WEB.html
SRHHYPOLTD,Sree Rayalaseema Hi-Strength Hypo Limited,TGV Industries Private Limited,Promoter Group,2026-08-28,BUY,2596.0,1226875.0,472.60208012326655,14600,0.09%,17196,0.10%,28-08-2026,28-08-2026,Market Purchase,28-Aug-2026 17:01:46,https://nsearchives.nseindia.com/corporate/ixbrl/IT_2588_20260828_170146433_WEB.html
SRHHYPOLTD,Sree Rayalaseema Hi-Strength Hypo Limited,TGV Industries Private Limited,Promoter Group,2026-08-31,BUY,2663.0,1314723.0,493.6999624483665,17196,0.10%,19859,0.12%,31-08-2026,31-08-2026,Market Purchase,31-Aug-2026 16:08:56,https://nsearchives.nseindia.com/corporate/ixbrl/IT_2588_20260831_160856411_WEB.html
SRHHYPOLTD,Sree Rayalaseema Hi-Strength Hypo Limited,TGV Industries Private Limited,Promoter Group,2026-09-01,BUY,2000.0,993490.0,496.745,19859,0.12%,21859,0.13%,01-09-2026,01-09-2026,Market Purchase,01-Sep-2026 18:29:34,https://nsearchives.nseindia.com/corporate/ixbrl/IT_2588_20260901_182934590_WEB.html
SRHHYPOLTD,Sree Rayalaseema Hi-Strength Hypo Limited,TGV Industries Private Limited,Promoter Group,2026-09-02,BUY,2500.0,1240668.0,496.2672,21859,0.13%,24359,0.14%,02-09-2026,02-09-2026,Market Purchase,02-Sep-2026 16:26:58,https://nsearchives.nseindia.com/corporate/ixbrl/IT_2588_20260902_162658365_WEB.html
SRHHYPOLTD,Sree Rayalaseema Hi-Strength Hypo Limited,TGV Industries Private Limited,Promoter Group,2026-09-03,BUY,148.0,73733.0,498.19594594594594,24359,0.14%,24507,0.14%,03-09-2026,03-09-2026,Market Purchase,08-Sep-2026 17:27:36,https://nsearchives.nseindia.com/corporate/ixbrl/IT_2588_20260908_172736432_WEB.html
SRHHYPOLTD,Sree Rayalaseema Hi-Strength Hypo Limited,TGV IndustriesPrivate Limited,Promoter Group,2026-09-07,BUY,1500.0,799433.0,532.9553333333333,24507,0.14%,26007,0.15%,07-09-2026,07-09-2026,Market Purchase,08-Sep-2026 17:27:36,https://nsearchives.nseindia.com/corporate/ixbrl/IT_2588_20260908_172736432_WEB.html
SRHHYPOLTD,Sree Rayalaseema Hi-Strength Hypo Limited,TGV IndustriesPrivate Limited,Promoter Group,2026-09-08,BUY,4500.0,2388874.0,530.8608888888889,26007,0.15%,30507,0.18%,08-09-2026,08-09-2026,Market Purchase,08-Sep-2026 17:27:36,https://nsearchives.nseindia.com/corporate/ixbrl/IT_2588_20260908_172736432_WEB.html
SRHHYPOLTD,Sree Rayalaseema Hi-Strength Hypo Limited,TGV IndustriesPrivate Limited,Promoter Group,2026-09-09,BUY,2573.0,1371806.0,533.1542945977458,30507,0.18%,33080,0.19%,09-09-2026,09-09-2026,Market Purchase,10-Sep-2026 16:50:24,https://nsearchives.nseindia.com/corporate/ixbrl/IT_2588_20260910_165024316_WEB.html
SRHHYPOLTD,Sree Rayalaseema Hi-Strength Hypo Limited,TGV IndustriesPrivate Limited,Promoter Group,2026-09-10,BUY,5493.0,2869345.0,522.3639177134535,33080,0.19%,38573,0.22%,10-09-2026,10-09-2026,Market Purchase,10-Sep-2026 16:50:52,https://nsearchives.nseindia.com/corporate/ixbrl/IT_2588_20260910_165052307_WEB.html
SRHHYPOLTD,Sree Rayalaseema Hi-Strength Hypo Limited,TGV IndustriesPrivate Limited,Promoter Group,2026-09-11,BUY,3680.0,1918555.0,521.3464673913044,38573,0.22%,42253,0.25%,11-09-2026,11-09-2026,Market Purchase,11-Sep-2026 16:34:30,https://nsearchives.nseindia.com/corporate/ixbrl/IT_2588_20260911_163430650_WEB.html
STEL,STEL HOLDINGS LIMITED,LEBNITZE REAL ESTATES PVT LTD,Promoter Group,2026-06-10,BUY,4287.0,2288298.0,533.776067179846,536832,2.91%,541119,2.93%,10-06-2026,10-06-2026,Market Purchase,12-Jun-2026 17:34:28,https://nsearchives.nseindia.com/corporate/ixbrl/IT_20260612_173428796_WEB.html
STEL,STEL HOLDINGS LIMITED,LEBNITZE REAL ESTATES PVT LTD,Promoter Group,2026-06-11,BUY,350.0,189105.0,540.3,541119,2.93%,541469,2.93%,11-06-2026,11-06-2026,Market Purchase,12-Jun-2026 17:38:01,https://nsearchives.nseindia.com/corporate/ixbrl/IT_20260612_173801264_WEB.html
STEL,STEL HOLDINGS LIMITED,LEBNITZE REAL ESTATES PVT LTD,Promoter Group,2026-06-11,BUY,8011.0,4328405.0,540.3077019098739,541469,2.93%,549480,2.98%,11-06-2026,11-06-2026,Market Purchase,12-Jun-2026 17:38:01,https://nsearchives.nseindia.com/corporate/ixbrl/IT_20260612_173801264_WEB.html
STEL,STEL HOLDINGS LIMITED,LEBNITZE REAL ESTATES PVT LTD,Promoter Group,2026-06-12,BUY,2074.0,1149599.0,554.2907425265188,549480,2.98%,551554,2.99%,12-06-2026,12-06-2026,Market Purchase,15-Jun-2026 10:54:22,https://nsearchives.nseindia.com/corporate/ixbrl/IT_4020_20260615_105422832_WEB.html
STEL,STEL HOLDINGS LIMITED,LEBNITZE REAL ESTATES PVT LTD,Promoter Group,2026-06-12,BUY,173.0,95892.0,554.2890173410404,551554,2.99%,551727,2.99%,12-06-2026,12-06-2026,Market Purchase,15-Jun-2026 10:54:22,https://nsearchives.nseindia.com/corporate/ixbrl/IT_4020_20260615_105422832_WEB.html
STEL,STEL HOLDINGS LIMITED,SOFREAL MERCANTRADE PRIVATE LTD,Promoter Group,2026-06-15,BUY,3619.0,2091964.0,578.0502901353965,201010,1.09%,204629,1.11%,15-06-2026,15-06-2026,Market Purchase,18-Jun-2026 11:15:17,https://nsearchives.nseindia.com/corporate/ixbrl/IT_4020_20260618_111516908_WEB.html
STEL,STEL HOLDINGS LIMITED,SOFREAL MERCANTRADE PRIVATE LTD,Promoter Group,2026-06-17,BUY,1921.0,1113057.0,579.4154086413326,204629,1.11%,206550,1.12%,17-06-2026,17-06-2026,Market Purchase,19-Jun-2026 23:09:12,https://nsearchives.nseindia.com/corporate/ixbrl/IT_4020_20260619_230912585_WEB.html
STEL,STEL HOLDINGS LIMITED,SOFREAL MERCANTRADE PRIVATE LTD,Promoter Group,2026-06-18,BUY,13544.0,8115025.0,599.1601447135263,206550,1.12%,220094,1.19%,18-06-2026,18-06-2026,Market Purchase,19-Jun-2026 23:09:12,https://nsearchives.nseindia.com/corporate/ixbrl/IT_4020_20260619_230912585_WEB.html
STEL,STEL HOLDINGS LIMITED,SOFREAL MERCANTRADE PRIVATE LTD,Promoter Group,2026-06-19,BUY,4338.0,2596309.0,598.5036883356386,220094,1.19%,224432,1.22%,19-06-2026,19-06-2026,Market Purchase,24-Jun-2026 11:34:04,https://nsearchives.nseindia.com/corporate/ixbrl/IT_4020_20260624_113404785_WEB.html
STEL,INE577L01016,SOFREAL MERCANTRADE PRIVATE LTD,Promoter Group,2026-06-23,BUY,2750.0,1673700.0,608.6181818181818,224432,1.22%,227182,1.23%,23-06-2026,23-06-2026,Market Purchase,26-Jun-2026 10:33:57,https://nsearchives.nseindia.com/corporate/ixbrl/IT_4020_20260626_103357905_WEB.html
STEL,STEL HOLDINGS LIMITED,SOFREAL MERCANTRADE PRIVATE LTD,Promoter Group,2026-06-24,BUY,6061.0,3702340.0,610.846394984326,227182,1.23%,233243,1.26%,24-06-2026,24-06-2026,Market Purchase,26-Jun-2026 10:34:03,https://nsearchives.nseindia.com/corporate/ixbrl/IT_4020_20260626_103402978_WEB.html
STEL,STEL HOLDINGS LIMITED,SOFREAL MERCANTRADE PRIVATE LTD,Promoter Group,2026-06-25,BUY,4767.0,2909040.0,610.2454373820012,233243,1.26%,238010,1.29%,25-06-2026,25-06-2026,Market Purchase,29-Jun-2026 20:45:20,https://nsearchives.nseindia.com/corporate/ixbrl/IT_4020_20260629_204519955_WEB.html
STEL,STEL HOLDINGS LIMITED,SOFREAL MERCANTRADE PRIVATE LTD,Promoter Group,2026-08-14,BUY,595.0,342016.0,574.8168067226891,238010,1.29%,238605,1.29%,14-08-2026,14-08-2026,Market Purchase,20-Aug-2026 23:58:57,https://nsearchives.nseindia.com/corporate/ixbrl/IT_4020_20260820_235857704_WEB.html
STEL,STEL HOLDINGS LIMITED,SOFREAL MERCANTRADE PRIVATE LTD,Promoter Group,2026-08-17,BUY,814.0,473110.0,581.2162162162163,238605,1.29%,239419,1.30%,17-08-2026,17-08-2026,Market Purchase,20-Aug-2026 23:58:57,https://nsearchives.nseindia.com/corporate/ixbrl/IT_4020_20260820_235857704_WEB.html
STEL,STEL HOLDINGS LIMITED,SOFREAL MERCANTRADE PRIVATE LTD,Promoter Group,2026-08-18,BUY,3317.0,1925522.0,580.5010551703347,239419,1.30%,242736,1.32%,18-08-2026,18-08-2026,Market Purchase,20-Aug-2026 23:58:57,https://nsearchives.nseindia.com/corporate/ixbrl/IT_4020_20260820_235857704_WEB.html
STEL,STEL HOLDINGS LIMITED,SOFREAL MERCANTRADE PRIVATE LTD,Promoter Group,2026-08-18,BUY,1.0,581.0,581.0,242736,1.32%,242737,1.32%,18-08-2026,18-08-2026,Market Purchase,20-Aug-2026 23:58:57,https://nsearchives.nseindia.com/corporate/ixbrl/IT_4020_20260820_235857704_WEB.html
STEL,STEL HOLDINGS LIMITED,SOFREAL MERCANTRADE PRIVATE LTD,Promoter Group,2026-08-19,BUY,2321.0,1347086.0,580.3903489875054,242737,1.32%,245058,1.33%,19-08-2026,19-08-2026,Market Purchase,20-Aug-2026 23:58:57,https://nsearchives.nseindia.com/corporate/ixbrl/IT_4020_20260820_235857704_WEB.html
STEL,STEL HOLDINGS LIMITED,SOFREAL MERCANTRADE PRIVATE LTD,Promoter Group,2026-08-19,BUY,164.0,95134.0,580.0853658536586,245058,1.33%,245222,1.33%,19-08-2026,19-08-2026,Market Purchase,20-Aug-2026 23:58:57,https://nsearchives.nseindia.com/corporate/ixbrl/IT_4020_20260820_235857704_WEB.html
STEL,STEL HOLDINGS LIMITED,SOFREAL MERCANTRADE PRIVATE LTD,Promoter Group,2026-08-20,BUY,1266.0,741145.0,585.4225908372828,245222,1.33%,246488,1.34%,20-08-2026,20-08-2026,Market Purchase,25-Aug-2026 20:51:44,https://nsearchives.nseindia.com/corporate/ixbrl/IT_4020_20260825_205144388_WEB.html
STEL,STEL HOLDINGS LIMITED,SOFREAL MERCANTRADE PRIVATE LTD,Promoter Group,2026-08-20,BUY,50.0,29275.0,585.5,246488,1.34%,246538,1.34%,20-08-2026,20-08-2026,Market Purchase,25-Aug-2026 20:51:44,https://nsearchives.nseindia.com/corporate/ixbrl/IT_4020_20260825_205144388_WEB.html
STEL,STEL HOLDINGS LIMITED,SOFREAL MERCANTRADE PRIVATE LTD,Promoter Group,2026-08-21,BUY,2249.0,1353958.0,602.0266785237884,246538,1.34%,248787,1.35%,21-08-2026,21-08-2026,Market Purchase,25-Aug-2026 20:51:44,https://nsearchives.nseindia.com/corporate/ixbrl/IT_4020_20260825_205144388_WEB.html
STEL,STEL HOLDINGS LIMITED,SOFREAL MERCANTRADE PRIVATE LTD,Promoter Group,2026-08-21,BUY,1.0,580.0,580.0,248787,1.35%,248788,1.35%,21-08-2026,21-08-2026,Market Purchase,25-Aug-2026 20:51:44,https://nsearchives.nseindia.com/corporate/ixbrl/IT_4020_20260825_205144388_WEB.html
STEL,STEL HOLDINGS LIMITED,SOFREAL MERCANTRADE PRIVATE LTD,Promoter Group,2026-08-24,BUY,10724.0,6659825.0,621.0206079820962,248788,1.35%,259512,1.41%,24-08-2026,24-08-2026,Market Purchase,27-Aug-2026 15:59:08,https://nsearchives.nseindia.com/corporate/ixbrl/IT_4020_20260827_155908916_WEB.html
STEL,STEL HOLDINGS LIMITED,SOFREAL MERCANTRADE PRIVATE LTD,Promoter Group,2026-08-24,BUY,145.0,89465.0,617.0,259512,1.41%,259657,1.41%,24-08-2026,24-08-2026,Market Purchase,27-Aug-2026 15:59:08,https://nsearchives.nseindia.com/corporate/ixbrl/IT_4020_20260827_155908916_WEB.html
STEL,STEL HOLDINGS LIMITED,SOFREAL MERCANTRADE PRIVATE LTD,Promoter Group,2026-08-25,BUY,704.0,430673.0,611.7514204545455,259657,1.41%,260361,1.41%,25-08-2026,25-08-2026,Market Purchase,27-Aug-2026 15:59:08,https://nsearchives.nseindia.com/corporate/ixbrl/IT_4020_20260827_155908916_WEB.html
STEL,STEL HOLDINGS LIMITED,SOFREAL MERCANTRADE PRIVATE LTD,Promoter Group,2026-08-25,BUY,12.0,7332.0,611.0,260361,1.41%,260373,1.41%,25-08-2026,25-08-2026,Market Purchase,27-Aug-2026 15:59:08,https://nsearchives.nseindia.com/corporate/ixbrl/IT_4020_20260827_155908916_WEB.html
STEL,STEL HOLDINGS LIMITED,SOFREAL MERCANTRADE PRIVATE LTD,Promoter Group,2026-08-26,BUY,1353.0,839768.0,620.6711012564671,260373,1.41%,261726,1.42%,26-08-2026,26-08-2026,Market Purchase,31-Aug-2026 23:39:52,https://nsearchives.nseindia.com/corporate/ixbrl/IT_4020_20260831_233952436_WEB.html
STEL,STEL HOLDINGS LIMITED,SOFREAL MERCANTRADE PRIVATE LTD,Promoter Group,2026-08-27,BUY,2543.0,2423421.0,952.9771922925678,261726,1.42%,264269,1.43%,27-08-2026,27-08-2026,Market Purchase,31-Aug-2026 23:39:52,https://nsearchives.nseindia.com/corporate/ixbrl/IT_4020_20260831_233952436_WEB.html
STEL,STEL HOLDINGS LIMITED,SOFREAL MERCANTRADE PRIVATE LTD,Promoter Group,2026-08-27,BUY,8.0,4935.0,616.875,264269,1.43%,264277,1.43%,27-08-2026,27-08-2026,Market Purchase,31-Aug-2026 23:39:52,https://nsearchives.nseindia.com/corporate/ixbrl/IT_4020_20260831_233952436_WEB.html
STEL,STEL HOLDINGS LIMITED,SOFREAL MERCANTRADE PRIVATE LTD,Promoter Group,2026-08-28,BUY,359.0,224299.0,624.7883008356546,264277,1.43%,264636,1.43%,28-08-2026,28-08-2026,Market Purchase,02-Sep-2026 15:04:18,https://nsearchives.nseindia.com/corporate/ixbrl/IT_4020_20260902_150418353_WEB.html
STEL,STEL HOLDINGS LIMITED,SOFREAL MERCANTRADE PRIVATE LTD,Promoter Group,2026-08-28,BUY,103.0,64375.0,625.0,264636,1.43%,264739,1.43%,28-08-2026,28-08-2026,Market Purchase,02-Sep-2026 15:04:18,https://nsearchives.nseindia.com/corporate/ixbrl/IT_4020_20260902_150418353_WEB.html
STEL,STEL HOLDINGS LIMITED,SOFREAL MERCANTRADE PRIVATE LTD,Promoter Group,2026-08-31,BUY,2961.0,1958329.0,661.3741979061128,264739,1.43%,267700,1.45%,31-08-2026,31-08-2026,Market Purchase,02-Sep-2026 15:04:18,https://nsearchives.nseindia.com/corporate/ixbrl/IT_4020_20260902_150418353_WEB.html
STEL,STEL HOLDINGS LIMITED,SOFREAL MERCANTRADE PRIVATE LTD,Promoter Group,2026-08-31,BUY,310.0,201765.0,650.8548387096774,267700,1.45%,268010,1.45%,31-08-2026,31-08-2026,Market Purchase,02-Sep-2026 15:04:18,https://nsearchives.nseindia.com/corporate/ixbrl/IT_4020_20260902_150418353_WEB.html
SUMEETINDS,SUMEET INDUSTRIES LIMITED,Eagle  Fibres Limited,Promoter Group,2026-08-12,BUY,3700000.0,54834000.0,14.82,25000000,3.60%,28700000,4.13%,12-08-2026,12-08-2026,Market Purchase,13-Aug-2026 11:56:24,https://nsearchives.nseindia.com/corporate/ixbrl/IT_3809_20260813_115624406_WEB.html
SUMEETINDS,SUMEET INDUSTRIES LIMITED,JPB FIBRES,Promoter Group,2026-08-12,BUY,3700000.0,54834000.0,14.82,38050000,5.48%,41750000,6.00%,12-08-2026,12-08-2026,Market Purchase,13-Aug-2026 11:56:24,https://nsearchives.nseindia.com/corporate/ixbrl/IT_3809_20260813_115624406_WEB.html
SUMEETINDS,SUMEET INDUSTRIES LIMITED,ROHAN D MODH,Promoter Group,2026-08-12,BUY,3950000.0,58539000.0,14.82,100000000,14.39%,103950000,14.96%,12-08-2026,12-08-2026,Market Purchase,13-Aug-2026 11:56:24,https://nsearchives.nseindia.com/corporate/ixbrl/IT_3809_20260813_115624406_WEB.html
SUMEETINDS,SUMEET INDUSTRIES LIMITED,SUPREME( INDIA ) IMPEX LIMITED,Promoter Group,2026-08-12,BUY,3550000.0,52611000.0,14.82,9250000,1.33%,12800000,1.84%,12-08-2026,12-08-2026,Market Purchase,13-Aug-2026 11:56:24,https://nsearchives.nseindia.com/corporate/ixbrl/IT_3809_20260813_115624406_WEB.html
SUMEETINDS,SUMEET INDUSTRIES LIMITED,Eagle  Fibres Limited,Promoter Group,2026-08-14,BUY,1000000.0,14640000.0,14.64,28700000,4.13%,29700000,4.27%,14-08-2026,14-08-2026,Market Purchase,17-Aug-2026 16:35:26,https://nsearchives.nseindia.com/corporate/ixbrl/IT_3809_20260817_163526266_WEB.html
SUPERSPIN,SUPER SPINNING MILLS LIMITED,SUMANTH RAMAMURTHI,Promoter,2026-06-23,BUY,254811.0,1351921.0,5.305583353936839,9440530,17.16%,9695341,17.63%,23-06-2026,23-06-2026,Market Purchase,25-Jun-2026 17:06:46,https://nsearchives.nseindia.com/corporate/ixbrl/IT_122_20260625_170646140_WEB.html
SUPERSPIN,SUPER SPINNING MILLS LIMITED,SUMANTH RAMAMURTHI,Promoter,2026-06-24,BUY,25646.0,140186.0,5.46619355844966,9695341,17.63%,9720987,17.67%,24-06-2026,24-06-2026,Market Purchase,25-Jun-2026 17:06:46,https://nsearchives.nseindia.com/corporate/ixbrl/IT_122_20260625_170646140_WEB.html
SUPERSPIN,SUPER SPINNING MILLS LIMITED,SUPER SARA TEXTILES LIMITED,Promoter Group,2026-08-31,BUY,153055.0,939764.0,6.140041161673908,122077,0.22%,275132,0.50%,17-08-2026,31-08-2026,Market Purchase,02-Sep-2026 18:56:47,https://nsearchives.nseindia.com/corporate/ixbrl/IT_122_20260902_185647901_WEB.html
SUPERSPIN,SUPER SPINNING MILLS LIMITED,SUPER SARA TEXTILES LIMITED,Promoter Group,2026-08-31,BUY,26144.0,154275.0,5.900971542227662,275132,0.50%,301276,0.55%,17-08-2026,31-08-2026,Market Purchase,02-Sep-2026 18:56:47,https://nsearchives.nseindia.com/corporate/ixbrl/IT_122_20260902_185647901_WEB.html
SUPERSPIN,SUPER SPINNING MILLS LIMITED,SUPER SARA TEXTILES LIMITED,Promoter Group,2026-09-07,BUY,129316.0,885849.0,6.850266015032942,301276,0.55%,430592,0.78%,01-09-2026,07-09-2026,Market Purchase,09-Sep-2026 17:58:40,https://nsearchives.nseindia.com/corporate/ixbrl/IT_122_20260909_175840867_WEB.html
SUPERSPIN,SUPER SPINNING MILLS LIMITED,SUPER SARA TEXTILES LIMITED,Promoter Group,2026-09-07,BUY,18260.0,130437.0,7.143318729463307,430592,0.78%,448852,0.82%,01-09-2026,07-09-2026,Market Purchase,09-Sep-2026 17:58:40,https://nsearchives.nseindia.com/corporate/ixbrl/IT_122_20260909_175840867_WEB.html
SUPERSPIN,SUPER SPINNING MILLS LIMITED,SUPER SARA TEXTILES LIMITED,Promoter Group,2026-09-07,BUY,129316.0,885849.0,6.850266015032942,301276,0.55%,430592,0.78%,01-09-2026,07-09-2026,Market Purchase,09-Sep-2026 17:52:16,https://nsearchives.nseindia.com/corporate/ixbrl/IT_122_20260909_175216734_WEB.html
SUPERSPIN,SUPER SPINNING MILLS LIMITED,SUPER SARA TEXTILES LIMITED,Promoter Group,2026-09-07,BUY,18260.0,130437.0,7.143318729463307,430592,0.78%,448852,0.82%,01-09-2026,07-09-2026,Market Purchase,09-Sep-2026 17:52:16,https://nsearchives.nseindia.com/corporate/ixbrl/IT_122_20260909_175216734_WEB.html
TAINWALCHM,TAINWALA CHEMICALS AND PLASTICS (INDIA) LIMITED,Periwinkle Fashions Private Limited,Promoter Group,2026-06-09,OTHER,25000.0,4831250.0,193.25,8844,0.09%,33844,0.36%,09-06-2026,09-06-2026,Off Market,31-Aug-2026 12:10:46,https://nsearchives.nseindia.com/corporate/ixbrl/IT_481_20260831_121046633_WEB.html
TAINWALCHM,TAINWALA CHEMICALS AND PLASTICS (INDIA) LIMITED,PERIWINKLE FASHIONS PRIVATE LIMITED,Promoter Group,2026-08-18,BUY,9473.0,1967586.0,207.70463422358281,33844,0.36%,43317,0.46%,10-08-2026,18-08-2026,Market Purchase,19-Aug-2026 16:42:48,https://nsearchives.nseindia.com/corporate/ixbrl/IT_481_20260819_164248373_WEB.html
TAINWALCHM,TAINWALA CHEMICALS AND PLASTICS (INDIA) LIMITED,PERIWINKLE FASHIONS PRIVATE LIMITED,Promoter Group,2026-08-19,BUY,1000.0,214000.0,214.0,43317,0.46%,44317,0.47%,19-08-2026,19-08-2026,Market Purchase,22-Aug-2026 13:04:06,https://nsearchives.nseindia.com/corporate/ixbrl/IT_481_20260822_130406340_WEB.html
TAINWALCHM,TAINWALA CHEMICALS AND PLASTICS (INDIA) LIMITED,PERIWINKLE FASHIONS PRIVATE LIMITED,Promoter Group,2026-08-25,BUY,1140.0,249925.0,219.23245614035088,44317,0.47%,45457,0.48%,24-08-2026,25-08-2026,Market Purchase,26-Aug-2026 15:08:32,https://nsearchives.nseindia.com/corporate/ixbrl/IT_481_20260826_150832299_WEB.html
TAINWALCHM,TAINWALA CHEMICALS AND PLASTICS (INDIA) LIMITED,PERIWINKLE FASHIONS PRIVATE LIMITED,Promoter Group,2026-08-26,BUY,1000.0,216990.0,216.99,45457,0.48%,46457,0.49%,26-08-2026,26-08-2026,Market Purchase,27-Aug-2026 15:34:23,https://nsearchives.nseindia.com/corporate/ixbrl/IT_481_20260827_153423148_WEB.html
TAINWALCHM,TAINWALA CHEMICALS AND PLASTICS (INDIA) LIMITED,PERIWINKLE FASHIONS PRIVATE LIMITED,Promoter Group,2026-08-27,BUY,1000.0,215000.0,215.0,46457,0.49%,47457,0.50%,27-08-2026,27-08-2026,Market Purchase,01-Sep-2026 13:52:46,https://nsearchives.nseindia.com/corporate/ixbrl/IT_481_20260901_135246310_WEB.html
TAINWALCHM,TAINWALA CHEMICALS AND PLASTICS (INDIA) LIMITED,PERIWINKLE FASHIONS PRIVATE LIMITED,Promoter Group,2026-09-01,BUY,168.0,34776.0,207.0,47457,0.50%,47625,0.51%,01-09-2026,01-09-2026,Market Purchase,02-Sep-2026 15:58:08,https://nsearchives.nseindia.com/corporate/ixbrl/IT_481_20260902_155808250_WEB.html
TAINWALCHM,TAINWALA CHEMICALS AND PLASTICS (INDIA) LIMITED,PERIWINKLE FASHIONS PRIVATE LIMITED,Promoter Group,2026-09-07,BUY,1168.0,248707.0,212.93407534246575,47625,0.51%,48793,0.52%,04-09-2026,07-09-2026,Market Purchase,08-Sep-2026 14:11:26,https://nsearchives.nseindia.com/corporate/ixbrl/IT_481_20260908_141126695_WEB.html
TAINWALCHM,TAINWALA CHEMICALS AND PLASTICS (INDIA) LIMITED,PERIWINKLE FASHIONS PRIVATE LIMITED,Promoter Group,2026-09-09,BUY,2349.0,502360.0,213.86121753937846,48793,0.52%,51142,0.54%,08-09-2026,09-09-2026,Market Purchase,10-Sep-2026 14:04:40,https://nsearchives.nseindia.com/corporate/ixbrl/IT_481_20260910_140440149_WEB.html
TAINWALCHM,TAINWALA CHEMICALS AND PLASTICS (INDIA) LIMITED,PERIWINKLE FASHIONS PRIVATE LIMITED,Promoter Group,2026-09-10,BUY,2787.0,585437.0,210.05992106207393,51142,0.54%,53929,0.57%,10-09-2026,10-09-2026,Market Purchase,11-Sep-2026 11:54:10,https://nsearchives.nseindia.com/corporate/ixbrl/IT_481_20260911_115410478_WEB.html
THANGAMAYL,THANGAMYAYIL JEWELLERY LIMITED,THANGAMAYIL GOLD AND DIAMOND PRIVATE LIMITED,Promoter Group,2026-08-04,BUY,3600.0,17318295.0,4810.6375,1698513,5.46%,1702113,5.48%,04-08-2026,04-08-2026,Market Purchase,06-Aug-2026 10:49:08,https://nsearchives.nseindia.com/corporate/ixbrl/IT_3067_20260806_104908492_WEB.html
THANGAMAYL,THANGAMAYIL JEWELLERY LIMITED,BALUSAMY SILVEARS JEWELLERY PRIVATE LIMITED,Promoter Group,2026-08-06,BUY,1080.0,5476270.0,5070.62037037037,545756,1.76%,546836,1.76%,06-08-2026,06-08-2026,Market Purchase,07-Aug-2026 17:39:45,https://nsearchives.nseindia.com/corporate/ixbrl/IT_3067_20260807_173945153_WEB.html
THANGAMAYL,THANGAMAIYL JEWELLERY LIMITED,BALUSAMY SILVEARS JEWELLERY PRIVATE LIMITED,Promoter Group,2026-08-07,BUY,1330.0,6982391.0,5249.918045112782,546836,1.76%,548166,1.76%,07-08-2026,07-08-2026,Market Purchase,11-Aug-2026 12:22:42,https://nsearchives.nseindia.com/corporate/ixbrl/IT_3067_20260811_122242812_WEB.html
THANGAMAYL,THANGAMAYIL JEWELLERY LIMITED,THANGAMAYIL GOLD AND DIAMOND PRIVATE LIMITED,Promoter Group,2026-08-07,BUY,4250.0,22398800.0,5270.305882352941,1702113,5.48%,1706363,5.49%,07-08-2026,07-08-2026,Market Purchase,11-Aug-2026 12:49:29,https://nsearchives.nseindia.com/corporate/ixbrl/IT_3067_20260811_124929643_WEB.html
THANGAMAYL,THANGAMAYIL JEWELLERY LIMITED,NARAYANAN BALUSAMY KUMAR,Promoter,2026-08-24,BUY,2675.0,14921891.0,5578.277009345795,5453497,17.55%,5456172,17.55%,24-08-2026,24-08-2026,Market Purchase,25-Aug-2026 14:43:56,https://nsearchives.nseindia.com/corporate/ixbrl/IT_3067_20260825_144356651_WEB.html
THANGAMAYL,THANGAMAYIL JEWELLERY LIMITED,NARAYANAN BALUSAMY KUMAR,Promoter,2026-08-31,BUY,925.0,4957111.0,5359.038918918919,5456172,17.55%,5457097,17.56%,31-08-2026,31-08-2026,Market Purchase,01-Sep-2026 17:23:46,https://nsearchives.nseindia.com/corporate/ixbrl/IT_3067_20260901_172346316_WEB.html
THOMASCOOK,THOMAS COOK (INDIA) LIMITED,FAIRBRIDGE CAPITAL MAURITIUS LIMITED,Promoter,2026-06-08,BUY,1360664.0,141178551.0,103.75710020989752,300258798,63.83%,301619462,64.12%,08-06-2026,08-06-2026,Market Purchase,12-Jun-2026 10:34:56,https://nsearchives.nseindia.com/corporate/ixbrl/IT_20260612_103456089_WEB.html
THOMASCOOK,THOMAS COOK (INDIA) LIMITED,FAIRBRIDGE CAPITAL MAURITIUS LIMITED,Promoter,2026-06-09,BUY,1383156.0,150683919.0,108.94209980652941,301619462,64.12%,303002618,64.42%,09-06-2026,09-06-2026,Market Purchase,12-Jun-2026 10:34:56,https://nsearchives.nseindia.com/corporate/ixbrl/IT_20260612_103456089_WEB.html
THOMASCOOK,THOMAS COOK (INDIA) LIMITED,FAIRBRIDGE CAPITAL MAURITIUS LIMITED,Promoter,2026-06-10,BUY,1606456.0,183763305.0,114.3904999576708,303002618,64.42%,304609074,64.76%,10-06-2026,10-06-2026,Market Purchase,12-Jun-2026 17:38:16,https://nsearchives.nseindia.com/corporate/ixbrl/IT_20260612_173816029_WEB.html
THOMASCOOK,THOMAS COOK (INDIA) LIMITED,FAIRBRIDGE CAPITAL MAURITIUS LIMITED,Promoter,2026-06-11,BUY,77341.0,8348760.0,107.94740176620421,304609074,64.76%,304686415,64.77%,11-06-2026,11-06-2026,Market Purchase,12-Jun-2026 17:38:16,https://nsearchives.nseindia.com/corporate/ixbrl/IT_20260612_173816029_WEB.html
TIGERLOGS,Tiger Logistics (India) Limited,Brahma Suppliers Private Limited,Promoter Group,2026-06-15,BUY,20000.0,705928.0,35.2964,35050000,33.15%,35070000,33.17%,15-06-2026,15-06-2026,Market Purchase,16-Jun-2026 18:10:40,https://nsearchives.nseindia.com/corporate/ixbrl/IT_26474_20260616_181040558_WEB.html
TIGERLOGS,Tiger Logistics (India) Limited,Brahma Suppliers Private Limited,Promoter Group,2026-06-23,BUY,20000.0,774000.0,38.7,35070000,33.17%,35090000,33.19%,23-06-2026,23-06-2026,Market Purchase,24-Jun-2026 18:38:22,https://nsearchives.nseindia.com/corporate/ixbrl/IT_26474_20260624_183822530_WEB.html
TIGERLOGS,Tiger Logistics (India) Limited,Brahma Suppliers Private Limited,Promoter Group,2026-06-24,BUY,19000.0,727320.0,38.28,35090000,33.19%,35109000,33.21%,24-06-2026,24-06-2026,Market Purchase,25-Jun-2026 17:54:39,https://nsearchives.nseindia.com/corporate/ixbrl/IT_26474_20260625_175439702_WEB.html
TIGERLOGS,Tiger Logistics (India) Limited,Brahma Suppliers Private Limited,Promoter Group,2026-06-25,BUY,20000.0,760800.0,38.04,35109000,33.21%,35129000,33.23%,25-06-2026,25-06-2026,Market Purchase,26-Jun-2026 16:33:07,https://nsearchives.nseindia.com/corporate/ixbrl/IT_26474_20260626_163307897_WEB.html
TIGERLOGS,Tiger Logistics (India) Limited,Brahma Suppliers Private Limited,Promoter Group,2026-06-29,BUY,25000.0,934500.0,37.38,35129000,33.23%,35154000,33.25%,29-06-2026,29-06-2026,Market Purchase,30-Jun-2026 20:08:13,https://nsearchives.nseindia.com/corporate/ixbrl/IT_26474_20260630_200813429_WEB.html
TIGERLOGS,Tiger Logistics (India) Limited,Brahma Suppliers Private Limited,Promoter Group,2026-06-30,BUY,25000.0,930750.0,37.23,35154000,33.25%,35179000,33.27%,30-06-2026,30-06-2026,Market Purchase,30-Jun-2026 20:08:13,https://nsearchives.nseindia.com/corporate/ixbrl/IT_26474_20260630_200813429_WEB.html
TIGERLOGS,Tiger Logistics (India) Limited,Brahma Suppliers Private Limited,Promoter Group,2026-08-19,BUY,25000.0,728000.0,29.12,35179000,33.27%,35204000,33.30%,19-08-2026,19-08-2026,Market Purchase,20-Aug-2026 20:20:08,https://nsearchives.nseindia.com/corporate/ixbrl/IT_26474_20260820_202008480_WEB.html
TIGERLOGS,Tiger Logistics (India) Limited,Brahma Suppliers Private Limited,Promoter Group,2026-08-20,BUY,25000.0,731000.0,29.24,35204000,33.30%,35229000,33.32%,20-08-2026,20-08-2026,Market Purchase,20-Aug-2026 20:20:08,https://nsearchives.nseindia.com/corporate/ixbrl/IT_26474_20260820_202008480_WEB.html
TIGERLOGS,Tiger Logistics (India) Limited,Brahma Suppliers Private Limited,Promoter Group,2026-08-24,BUY,25000.0,743750.0,29.75,35229000,33.32%,35254000,33.34%,24-08-2026,24-08-2026,Market Purchase,25-Aug-2026 19:19:21,https://nsearchives.nseindia.com/corporate/ixbrl/IT_26474_20260825_191921374_WEB.html
TRUALT,TRUALT BIOENERGY LIMITED,NIRANI HOLDINGS PRIVATE LIMITED,Promoter Group,2026-08-05,BUY,21600.0,10000363.0,462.97976851851854,1223830,1.43%,1245430,1.45%,05-08-2026,05-08-2026,Market Purchase,07-Aug-2026 15:32:53,https://nsearchives.nseindia.com/corporate/ixbrl/IT_24291_20260807_153253079_WEB.html
TRUALT,TRUALT BIOENERGY LIMITED,NIRANI HOLDINGS PRIVATE LIMITED,Promoter Group,2026-08-05,BUY,21600.0,10000363.0,462.97976851851854,1223830,1.43%,1245430,1.45%,05-08-2026,05-08-2026,Market Purchase,07-Aug-2026 15:32:32,https://nsearchives.nseindia.com/corporate/ixbrl/IT_24291_20260807_153232932_WEB.html
TRUALT,TRUALT BIOENERGY LIMITED,NIRANI HOLDINGS PRIVATE LIMITED,Promoter Group,2026-08-07,BUY,91705.0,43664418.0,476.13999236682844,1245430,1.45%,1337135,1.56%,07-08-2026,07-08-2026,Market Purchase,07-Aug-2026 20:34:49,https://nsearchives.nseindia.com/corporate/ixbrl/IT_24291_20260807_203449321_WEB.html
TRUALT,TRUALT BIOENERGY LIMITED,NIRANI HOLDINGS PRIVATE LIMITED,Promoter Group,2026-08-07,BUY,91705.0,43664418.0,476.13999236682844,1245430,1.45%,1337135,1.56%,07-08-2026,07-08-2026,Market Purchase,07-Aug-2026 20:26:38,https://nsearchives.nseindia.com/corporate/ixbrl/IT_24291_20260807_202638399_WEB.html
TRUALT,TRUALT BIOENERGY LIMITED,NIRANI HOLDINGS PRIVATE LIMITED,Promoter Group,2026-08-10,BUY,57801.0,27638126.0,478.1599972318818,1337135,1.56%,1394936,1.63%,10-08-2026,10-08-2026,Market Purchase,10-Aug-2026 19:07:20,https://nsearchives.nseindia.com/corporate/ixbrl/IT_24291_20260810_190720578_WEB.html
TRUALT,TRUALT BIOENERGY LIMITED,NIRANI HOLDINGS PRIVATE LIMITED,Promoter Group,2026-08-10,BUY,57801.0,27638126.0,478.1599972318818,1337135,1.56%,1394936,1.63%,10-08-2026,10-08-2026,Market Purchase,10-Aug-2026 19:03:48,https://nsearchives.nseindia.com/corporate/ixbrl/IT_24291_20260810_190347981_WEB.html
TRUALT,TRUALT BIOENERGY LIMITED,NIRANI HOLDINGS PRIVATE LIMITED,Promoter Group,2026-08-11,BUY,24200.0,11576796.0,478.38,1394936,1.63%,1419136,1.65%,11-08-2026,11-08-2026,Market Purchase,12-Aug-2026 14:55:22,https://nsearchives.nseindia.com/corporate/ixbrl/IT_24291_20260812_145522890_WEB.html
TRUALT,TRUALT BIOENERGY LIMITED,NIRANI HOLDINGS PRIVATE LIMITED,Promoter Group,2026-08-12,BUY,20000.0,9351200.0,467.56,1419136,1.65%,1439136,1.68%,12-08-2026,12-08-2026,Market Purchase,13-Aug-2026 14:39:22,https://nsearchives.nseindia.com/corporate/ixbrl/IT_24291_20260813_143922650_WEB.html
TTL,T T LIMITED,SANJAY KUMAR JAIN,Promoter Group,2026-06-18,BUY,54300.0,376638.0,6.936243093922652,5988795,2.31%,6043095,2.33%,17-06-2026,18-06-2026,Market Purchase,19-Jun-2026 17:54:32,https://nsearchives.nseindia.com/corporate/ixbrl/IT_2534_20260619_175432581_WEB.html
TTL,T T LIMITED,SANJAY KUMAR JAIN,Promoter Group,2026-06-29,BUY,34251.0,236674.0,6.909988029546582,6043095,2.33%,6077346,2.35%,24-06-2026,29-06-2026,Market Purchase,30-Jun-2026 19:06:47,https://nsearchives.nseindia.com/corporate/ixbrl/IT_2534_20260630_190647041_WEB.html
TTL,T T LIMITED,SANJAY KUMAR JAIN,Promoter Group,2026-08-12,BUY,14202.0,83648.0,5.889874665540065,6077346,2.35%,6091548,2.36%,12-08-2026,12-08-2026,Market Purchase,13-Aug-2026 18:37:09,https://nsearchives.nseindia.com/corporate/ixbrl/IT_2534_20260813_183709639_WEB.html
TTL,T T LIMITED,T. T. BRANDS LIMITED,Promoter Group,2026-08-13,BUY,77385.0,466963.0,6.034283129805518,88961322,34.44%,89038707,34.47%,12-08-2026,13-08-2026,Market Purchase,13-Aug-2026 18:53:52,https://nsearchives.nseindia.com/corporate/ixbrl/IT_2534_20260813_185352320_WEB.html
TTL,T T LIMITED,T. T. BRANDS LIMITED,Promoter Group,2026-08-18,BUY,127200.0,804339.0,6.323419811320755,89038707,34.47%,89165907,34.52%,17-08-2026,18-08-2026,Market Purchase,18-Aug-2026 18:49:34,https://nsearchives.nseindia.com/corporate/ixbrl/IT_2534_20260818_184934159_WEB.html
TTL,T T LIMITED,T. T. BRANDS LIMITED,Promoter Group,2026-08-20,BUY,67775.0,437467.0,6.454695684249354,89165907,34.52%,89233682,34.55%,19-08-2026,20-08-2026,Market Purchase,20-Aug-2026 19:02:46,https://nsearchives.nseindia.com/corporate/ixbrl/IT_2534_20260820_190246785_WEB.html
TTL,T T LIMITED,T. T. BRANDS LIMITED,Promoter Group,2026-08-21,BUY,85474.0,557102.0,6.5177948849942675,89233682,34.55%,89319156,34.58%,21-08-2026,21-08-2026,Market Purchase,22-Aug-2026 16:34:11,https://nsearchives.nseindia.com/corporate/ixbrl/IT_2534_20260822_163411819_WEB.html
TTL,T T LIMITED,T. T. BRANDS LIMITED,Promoter Group,2026-08-25,BUY,93044.0,601368.0,6.46326469197369,89319156,34.58%,89412200,34.61%,24-08-2026,25-08-2026,Market Purchase,25-Aug-2026 17:52:12,https://nsearchives.nseindia.com/corporate/ixbrl/IT_2534_20260825_175212686_WEB.html
TTL,T T LIMITED,T. T. BRANDS LIMITED,Promoter Group,2026-08-27,BUY,166620.0,1097839.0,6.5888788860881045,89412200,34.61%,89578820,34.67%,26-08-2026,27-08-2026,Market Purchase,27-Aug-2026 18:36:36,https://nsearchives.nseindia.com/corporate/ixbrl/IT_2534_20260827_183636348_WEB.html
TTL,T T LIMITED,T. T. BRANDS LIMITED,Promoter Group,2026-08-28,BUY,40600.0,269797.0,6.645246305418719,89578820,34.67%,89619420,34.69%,28-08-2026,28-08-2026,Market Purchase,29-Aug-2026 18:49:09,https://nsearchives.nseindia.com/corporate/ixbrl/IT_2534_20260829_184909376_WEB.html
TTL,T T LIMITED,T. T. BRANDS LIMITED,Promoter Group,2026-09-01,BUY,160741.0,1070092.0,6.657243640390441,89619420,34.69%,89780161,34.75%,31-08-2026,01-09-2026,Market Purchase,01-Sep-2026 18:43:02,https://nsearchives.nseindia.com/corporate/ixbrl/IT_2534_20260901_184302399_WEB.html
TTL,T T LIMITED,T. T. BRANDS LIMITED,Promoter Group,2026-09-03,BUY,212896.0,1444877.0,6.786773823838869,89780161,34.76%,89993057,34.84%,02-09-2026,03-09-2026,Market Purchase,03-Sep-2026 18:55:32,https://nsearchives.nseindia.com/corporate/ixbrl/IT_2534_20260903_185532381_WEB.html
TTL,T T LIMITED,T. T. BRANDS LIMITED,Promoter Group,2026-09-04,BUY,32005.0,219801.0,6.867708170598344,89993057,34.83%,90025062,34.85%,04-09-2026,04-09-2026,Market Purchase,05-Sep-2026 16:41:34,https://nsearchives.nseindia.com/corporate/ixbrl/IT_2534_20260905_164134530_WEB.html
TTL,T T LIMITED,T. T. BRANDS LIMITED,Promoter Group,2026-09-08,BUY,210755.0,1429557.0,6.783027686175892,90025062,34.85%,90235817,34.93%,07-09-2026,08-09-2026,Market Purchase,08-Sep-2026 18:13:20,https://nsearchives.nseindia.com/corporate/ixbrl/IT_2534_20260908_181320336_WEB.html
TTL,T T LIMITED,T. T. BRANDS LIMITED,Promoter Group,2026-09-10,BUY,222964.0,1512954.0,6.785642525250713,90235817,34.93%,90458781,35.02%,09-09-2026,10-09-2026,Market Purchase,10-Sep-2026 17:36:58,https://nsearchives.nseindia.com/corporate/ixbrl/IT_2534_20260910_173658324_WEB.html
UYFINCORP,U. Y. Fincorp Limited,Dipti Deepak Kothari,Promoter Group,2026-08-17,BUY,36123.0,768438.0,21.272817872269744,3689002,1.94%,3725125,1.96%,17-08-2026,17-08-2026,Market Purchase,20-Aug-2026 17:49:28,https://nsearchives.nseindia.com/corporate/ixbrl/IT_21090_20260820_174928450_WEB.html
UYFINCORP,U. Y. Fincorp Limited,Dipti Deepak Kothari,Promoter Group,2026-08-19,BUY,50000.0,1036722.0,20.73444,3725125,1.96%,3775125,1.98%,19-08-2026,19-08-2026,Market Purchase,20-Aug-2026 17:49:28,https://nsearchives.nseindia.com/corporate/ixbrl/IT_21090_20260820_174928450_WEB.html
UYFINCORP,U. Y. Fincorp Limited,Dipti Deepak Kothari,Promoter Group,2026-08-19,BUY,150000.0,3155173.0,21.034486666666666,3775125,1.98%,3925125,2.06%,19-08-2026,19-08-2026,Market Purchase,20-Aug-2026 17:49:28,https://nsearchives.nseindia.com/corporate/ixbrl/IT_21090_20260820_174928450_WEB.html
VISAKAIND,Visaka Industries Limited,VIGILANCE SECURITY SERVICES PRIVATE LIMITED,Promoter Group,2026-06-15,BUY,38400.0,2945151.0,76.696640625,4265276,4.94%,4303676,4.98%,15-06-2026,15-06-2026,Market Purchase,16-Jun-2026 11:48:14,https://nsearchives.nseindia.com/corporate/ixbrl/IT_1388_20260616_114814658_WEB.html
VISAKAIND,Visaka Industries Limited,VIGILANCE SECURITY SERVICES PRIVATE LIMITED,Promoter Group,2026-06-16,BUY,450.0,34403.0,76.45111111111112,4303676,4.98%,4304126,4.98%,16-06-2026,16-06-2026,Market Purchase,17-Jun-2026 12:50:26,https://nsearchives.nseindia.com/corporate/ixbrl/IT_1388_20260617_125026635_WEB.html
VISAKAIND,Visaka Industries Limited,VIGILANCE SECURITY SERVICES PRIVATE LIMITED,Promoter Group,2026-06-18,BUY,43.0,3323.0,77.27906976744185,4304126,4.98%,4304169,4.98%,18-06-2026,18-06-2026,Market Purchase,19-Jun-2026 13:54:16,https://nsearchives.nseindia.com/corporate/ixbrl/IT_1388_20260619_135416577_WEB.html
VISAKAIND,Visaka Industries Limited,VIGILANCE SECURITY SERVICES PRIVATE LIMITED,Promoter Group,2026-09-08,BUY,2085.0,194989.0,93.51990407673861,4304169,4.98%,4306254,4.98%,08-09-2026,08-09-2026,Market Purchase,09-Sep-2026 16:41:11,https://nsearchives.nseindia.com/corporate/ixbrl/IT_1388_20260909_164111403_WEB.html
VISAKAIND,Visaka Industries Limited,VIGILANCE SECURITY SERVICES PRIVATE LIMITED,Promoter Group,2026-09-09,BUY,15000.0,1383962.0,92.26413333333333,4306254,4.98%,4321254,5.00%,09-09-2026,09-09-2026,Market Purchase,10-Sep-2026 16:49:59,https://nsearchives.nseindia.com/corporate/ixbrl/IT_1388_20260910_164959354_WEB.html
VISAKAIND,Visaka Industries Limited,VIGILANCE SECURITY SERVICES PRIVATE LIMITED,Promoter Group,2026-09-10,BUY,7500.0,691743.0,92.2324,4321254,5.00%,4328754,5.01%,10-09-2026,10-09-2026,Market Purchase,11-Sep-2026 11:37:50,https://nsearchives.nseindia.com/corporate/ixbrl/IT_1388_20260911_113750533_WEB.html
VIVIANA,VIVIANA POWER TECH LIMITED,Priyanka Richi Choksi,Promoter and Director,2026-06-19,BUY,8742.0,7120272.0,814.4900480439259,198600,1.96%,207342,2.05%,19-06-2026,19-06-2026,Market Purchase,20-Jun-2026 16:08:22,https://nsearchives.nseindia.com/corporate/ixbrl/IT_20783_20260620_160822581_WEB.html
VIVIANA,VIVIANA POWER TECH LIMITED,Richi Nikeshbhai Choksi,Promoter and Director,2026-06-19,BUY,2101.0,1664245.0,792.1204188481676,198400,1.96%,200501,1.98%,19-06-2026,19-06-2026,Market Purchase,20-Jun-2026 16:08:22,https://nsearchives.nseindia.com/corporate/ixbrl/IT_20783_20260620_160822581_WEB.html
VIVIANA,VIVIANA POWER TECH LIMITED,Priyanka Richi Choksi,Promoter and Director,2026-06-29,BUY,4379.0,3623803.0,827.541219456497,207420,2.05%,211799,2.09%,25-06-2026,29-06-2026,Market Purchase,30-Jun-2026 10:58:27,https://nsearchives.nseindia.com/corporate/ixbrl/IT_20783_20260630_105827892_WEB.html
VSTL,VIBHOR STEEL TUBES LIMITED,VIJAY KUMAR KAUSHIK,Promoter and Director,2026-06-11,BUY,4200.0,496796.0,118.28476190476191,4164100,21.96%,4168300,21.98%,11-06-2026,11-06-2026,Market Purchase,12-Jun-2026 10:58:46,https://nsearchives.nseindia.com/corporate/ixbrl/IT_20260612_105846244_WEB.html
VSTL,VIBHOR STEEL TUBES LIMITED,VIJAY KUMAR KAUSHIK,Promoter and Director,2026-06-12,BUY,2100.0,251022.0,119.53428571428572,4168300,21.98%,4170400,21.99%,12-06-2026,12-06-2026,Market Purchase,13-Jun-2026 15:40:10,https://nsearchives.nseindia.com/corporate/ixbrl/IT_20260613_154010870_WEB.html
VSTL,VIBHOR STEEL TUBES LIMITED,VIJAY KUMAR KAUSHIK,Promoter and Director,2026-08-17,BUY,5000.0,534796.0,106.9592,4170400,21.99%,4175400,22.02%,14-08-2026,17-08-2026,Market Purchase,18-Aug-2026 10:51:14,https://nsearchives.nseindia.com/corporate/ixbrl/IT_22607_20260818_105114099_WEB.html
VSTL,VIBHOR STEEL TUBES LIMITED,VIJAY KUMAR KAUSHIK,Promoter and Director,2026-08-18,BUY,2000.0,213642.0,106.821,4175400,22.02%,4177400,22.03%,18-08-2026,18-08-2026,Market Purchase,19-Aug-2026 10:35:57,https://nsearchives.nseindia.com/corporate/ixbrl/IT_22607_20260819_103557390_WEB.html
VSTL,VIBHOR STEEL TUBES LIMITED,VIJAY KUMAR KAUSHIK,Promoter and Director,2026-08-19,BUY,2000.0,214322.0,107.161,4177400,22.03%,4179400,22.04%,19-08-2026,19-08-2026,Market Purchase,20-Aug-2026 12:43:06,https://nsearchives.nseindia.com/corporate/ixbrl/IT_22607_20260820_124306685_WEB.html
VSTL,VIBHOR STEEL TUBES LIMITED,VIJAY KUMAR KAUSHIK,Promoter and Director,2026-08-24,BUY,5600.0,621635.0,111.00625,4179400,22.04%,4185000,22.07%,24-08-2026,24-08-2026,Market Purchase,25-Aug-2026 12:15:11,https://nsearchives.nseindia.com/corporate/ixbrl/IT_22607_20260825_121511740_WEB.html
VSTL,VIBHOR STEEL TUBES LIMITED,VIJAY KUMAR KAUSHIK,Promoter and Director,2026-08-31,BUY,15000.0,1674120.0,111.608,4185000,22.07%,4200000,22.15%,31-08-2026,31-08-2026,Market Purchase,01-Sep-2026 10:30:35,https://nsearchives.nseindia.com/corporate/ixbrl/IT_22607_20260901_103035441_WEB.html
VSTL,VIBHOR STEEL TUBES LIMITED,VIJAY KUMAR KAUSHIK,Promoter and Director,2026-09-01,BUY,5000.0,563113.0,112.6226,4200000,22.15%,4205000,22.18%,01-09-2026,01-09-2026,Market Purchase,02-Sep-2026 10:48:47,https://nsearchives.nseindia.com/corporate/ixbrl/IT_22607_20260902_104847229_WEB.html
VSTL,VIBHOR STEEL TUBES LIMITED,VIJAY KUMAR KAUSHIK,Promoter and Director,2026-09-02,BUY,4000.0,455892.0,113.973,4205000,22.18%,4209000,22.20%,02-09-2026,02-09-2026,Market Purchase,03-Sep-2026 16:29:58,https://nsearchives.nseindia.com/corporate/ixbrl/IT_22607_20260903_162958633_WEB.html
VSTL,VIBHOR STEEL TUBES LIMITED,VIJAY KUMAR KAUSHIK,Promoter and Director,2026-09-03,BUY,1800.0,207193.0,115.10722222222222,4209000,22.20%,4210800,22.21%,03-09-2026,03-09-2026,Market Purchase,04-Sep-2026 19:21:01,https://nsearchives.nseindia.com/corporate/ixbrl/IT_22607_20260904_192101609_WEB.html
VSTL,VIBHOR STEEL TUBES LIMITED,VIJAY KUMAR KAUSHIK,Promoter and Director,2026-09-03,BUY,1800.0,207193.0,115.10722222222222,4209000,22.20%,4210800,22.21%,03-09-2026,03-09-2026,Market Purchase,04-Sep-2026 19:37:09,https://nsearchives.nseindia.com/corporate/ixbrl/IT_22607_20260904_193709123_WEB.html
VSTL,VIBHOR STEEL TUBES LIMITED,VIJAY KUMAR KAUSHIK,Promoter and Director,2026-09-03,BUY,1800.0,207193.0,115.10722222222222,4209000,22.20%,4210800,22.21%,03-09-2026,03-09-2026,Market Purchase,04-Sep-2026 19:19:25,https://nsearchives.nseindia.com/corporate/ixbrl/IT_22607_20260904_191925838_WEB.html
WCIL,WESTERN CARRIERS (INDIA) LIMITED,RAJENDRA SETHIA,Promoter and Director,2026-06-16,BUY,20000.0,1993600.0,99.68,74207605,72.78%,74227605,72.80%,16-06-2026,16-06-2026,Market Purchase,17-Jun-2026 18:26:12,https://nsearchives.nseindia.com/corporate/ixbrl/IT_22116_20260617_182612844_WEB.html
WCIL,WESTERN CARRIERS (INDIA) LIMITED,RAJENDRA SETHIA,Promoter and Director,2026-06-24,BUY,20000.0,2099200.0,104.96,74227605,72.80%,74247605,72.82%,24-06-2026,24-06-2026,Market Purchase,25-Jun-2026 20:47:06,https://nsearchives.nseindia.com/corporate/ixbrl/IT_22116_20260625_204706001_WEB.html
WCIL,WESTERN CARRIERS (INDIA) LIMITED,RAJENDRA SETHIA,Promoter and Director,2026-06-29,BUY,1106.0,110379.0,99.8001808318264,74247605,72.82%,74248711,72.82%,29-06-2026,29-06-2026,Market Purchase,30-Jun-2026 20:27:08,https://nsearchives.nseindia.com/corporate/ixbrl/IT_22116_20260630_202708536_WEB.html
WCIL,WESTERN CARRIERS (INDIA) LIMITED,RAJENDRA SETHIA,Promoter and Director,2026-06-30,BUY,5000.0,503500.0,100.7,74248711,72.82%,74253711,72.83%,30-06-2026,30-06-2026,Market Purchase,30-Jun-2026 20:27:08,https://nsearchives.nseindia.com/corporate/ixbrl/IT_22116_20260630_202708536_WEB.html
