Date,Symbol,PromoterWeightedAvgBuyPrice
2025-08-29,AEROENTER,
2025-09-01,AEROENTER,
2025-09-02,AEROENTER,
2025-09-03,AEROENTER,
2025-09-04,AEROENTER,
2025-09-05,AEROENTER,
2025-09-08,AEROENTER,
2025-09-09,AEROENTER,
2025-09-10,AEROENTER,
2025-09-11,AEROENTER,
2025-09-12,AEROENTER,
2025-09-15,AEROENTER,
2025-09-16,AEROENTER,
2025-09-17,AEROENTER,
2025-09-18,AEROENTER,
2025-09-19,AEROENTER,
2025-09-22,AEROENTER,
2025-09-23,AEROENTER,
2025-09-24,AEROENTER,
2025-09-25,AEROENTER,
2025-09-26,AEROENTER,
2025-09-29,AEROENTER,
2025-09-30,AEROENTER,
2025-10-01,AEROENTER,
2025-10-03,AEROENTER,
2025-10-06,AEROENTER,
2025-10-07,AEROENTER,
2025-10-08,AEROENTER,
2025-10-09,AEROENTER,
2025-10-10,AEROENTER,
2025-10-13,AEROENTER,
2025-10-14,AEROENTER,
2025-10-15,AEROENTER,
2025-10-16,AEROENTER,
2025-10-17,AEROENTER,
2025-10-20,AEROENTER,
2025-10-21,AEROENTER,
2025-10-23,AEROENTER,
2025-10-24,AEROENTER,
2025-10-27,AEROENTER,
2025-10-28,AEROENTER,
2025-10-29,AEROENTER,
2025-10-30,AEROENTER,
2025-10-31,AEROENTER,
2025-11-03,AEROENTER,
2025-11-04,AEROENTER,
2025-11-06,AEROENTER,
2025-11-07,AEROENTER,
2025-11-10,AEROENTER,
2025-11-11,AEROENTER,
2025-11-12,AEROENTER,
2025-11-13,AEROENTER,
2025-11-14,AEROENTER,
2025-11-17,AEROENTER,
2025-11-18,AEROENTER,
2025-11-19,AEROENTER,
2025-11-20,AEROENTER,
2025-11-21,AEROENTER,
2025-11-24,AEROENTER,
2025-11-25,AEROENTER,
2025-11-26,AEROENTER,
2025-11-27,AEROENTER,
2025-11-28,AEROENTER,
2025-12-01,AEROENTER,
2025-12-02,AEROENTER,
2025-12-03,AEROENTER,
2025-12-04,AEROENTER,
2025-12-05,AEROENTER,
2025-12-08,AEROENTER,
2025-12-09,AEROENTER,
2025-12-10,AEROENTER,
2025-12-11,AEROENTER,
2025-12-12,AEROENTER,
2025-12-15,AEROENTER,
2025-12-16,AEROENTER,
2025-12-17,AEROENTER,
2025-12-18,AEROENTER,
2025-12-19,AEROENTER,
2025-12-22,AEROENTER,
2025-12-23,AEROENTER,
2025-12-24,AEROENTER,
2025-12-26,AEROENTER,
2025-12-29,AEROENTER,
2025-12-30,AEROENTER,
2025-12-31,AEROENTER,
2026-01-01,AEROENTER,
2026-01-02,AEROENTER,
2026-01-05,AEROENTER,
2026-01-06,AEROENTER,
2026-01-07,AEROENTER,
2026-01-08,AEROENTER,
2026-01-09,AEROENTER,
2026-01-12,AEROENTER,
2026-01-13,AEROENTER,
2026-01-14,AEROENTER,
2026-01-16,AEROENTER,
2026-01-19,AEROENTER,
2026-01-20,AEROENTER,
2026-01-21,AEROENTER,
2026-01-22,AEROENTER,
2026-01-23,AEROENTER,
2026-01-27,AEROENTER,
2026-01-28,AEROENTER,
2026-01-29,AEROENTER,
2026-01-30,AEROENTER,
2026-02-02,AEROENTER,
2026-02-03,AEROENTER,
2026-02-04,AEROENTER,
2026-02-05,AEROENTER,
2026-02-06,AEROENTER,
2026-02-09,AEROENTER,
2026-02-10,AEROENTER,
2026-02-11,AEROENTER,
2026-02-12,AEROENTER,
2026-02-13,AEROENTER,
2026-02-16,AEROENTER,
2026-02-17,AEROENTER,
2026-02-18,AEROENTER,
2026-02-19,AEROENTER,
2026-02-20,AEROENTER,
2026-02-23,AEROENTER,
2026-02-24,AEROENTER,
2026-02-25,AEROENTER,
2026-02-26,AEROENTER,
2026-02-27,AEROENTER,
2026-03-02,AEROENTER,
2026-03-04,AEROENTER,
2026-03-05,AEROENTER,
2026-03-06,AEROENTER,
2026-03-09,AEROENTER,
2026-03-10,AEROENTER,
2026-03-11,AEROENTER,
2026-03-12,AEROENTER,
2026-03-13,AEROENTER,
2026-03-16,AEROENTER,
2026-03-17,AEROENTER,
2026-03-18,AEROENTER,
2026-03-19,AEROENTER,
2026-03-20,AEROENTER,
2026-03-23,AEROENTER,
2026-03-24,AEROENTER,
2026-03-25,AEROENTER,
2026-03-27,AEROENTER,
2026-03-30,AEROENTER,
2026-04-01,AEROENTER,
2026-04-02,AEROENTER,
2026-04-06,AEROENTER,
2026-04-07,AEROENTER,
2026-04-08,AEROENTER,
2026-04-09,AEROENTER,
2026-04-10,AEROENTER,
2026-04-13,AEROENTER,
2026-04-15,AEROENTER,
2026-04-16,AEROENTER,
2026-04-17,AEROENTER,
2026-04-20,AEROENTER,
2026-04-21,AEROENTER,
2026-04-22,AEROENTER,
2026-04-23,AEROENTER,
2026-04-24,AEROENTER,
2026-04-27,AEROENTER,
2026-04-28,AEROENTER,
2026-04-29,AEROENTER,
2026-04-30,AEROENTER,
2026-05-04,AEROENTER,
2026-05-05,AEROENTER,
2026-05-06,AEROENTER,
2026-05-07,AEROENTER,
2026-05-08,AEROENTER,
2026-05-11,AEROENTER,
2026-05-12,AEROENTER,
2026-05-13,AEROENTER,
2026-05-14,AEROENTER,
2026-05-15,AEROENTER,
2026-05-18,AEROENTER,
2026-05-19,AEROENTER,
2026-05-20,AEROENTER,
2026-05-21,AEROENTER,
2026-05-22,AEROENTER,
2026-05-25,AEROENTER,
2026-05-26,AEROENTER,
2026-05-27,AEROENTER,
2026-05-29,AEROENTER,
2026-06-01,AEROENTER,
2026-06-02,AEROENTER,
2026-06-03,AEROENTER,
2026-06-04,AEROENTER,
2026-06-05,AEROENTER,
2026-06-08,AEROENTER,
2026-06-09,AEROENTER,
2026-06-10,AEROENTER,
2026-06-11,AEROENTER,
2026-06-12,AEROENTER,
2026-06-15,AEROENTER,
2026-06-16,AEROENTER,109.6
2026-06-17,AEROENTER,110.8759
2026-06-18,AEROENTER,110.8759
2026-06-19,AEROENTER,110.8759
2026-06-22,AEROENTER,110.8759
2026-06-23,AEROENTER,110.8759
2026-06-24,AEROENTER,110.8759
2026-06-25,AEROENTER,110.8759
2026-06-29,AEROENTER,110.8759
2026-06-30,AEROENTER,110.8759
2026-07-01,AEROENTER,110.8759
2026-07-02,AEROENTER,110.8759
2026-07-03,AEROENTER,110.8759
2026-07-06,AEROENTER,110.8759
2026-07-07,AEROENTER,110.8759
2026-07-08,AEROENTER,110.8759
2026-07-09,AEROENTER,110.8759
2026-07-10,AEROENTER,110.8759
2026-07-13,AEROENTER,110.8759
2026-07-14,AEROENTER,110.8759
2026-07-15,AEROENTER,110.8759
2026-07-16,AEROENTER,110.8759
2026-07-17,AEROENTER,110.8759
2026-07-20,AEROENTER,110.8759
2026-07-21,AEROENTER,110.8759
2026-07-22,AEROENTER,110.8759
2026-07-23,AEROENTER,110.8759
2026-07-24,AEROENTER,110.8759
2026-07-27,AEROENTER,110.8759
2026-07-28,AEROENTER,110.8759
2026-07-29,AEROENTER,110.8759
2026-07-30,AEROENTER,110.8759
2026-07-31,AEROENTER,110.8759
2026-08-03,AEROENTER,110.8759
2026-08-04,AEROENTER,110.8759
2026-08-05,AEROENTER,110.8759
2026-08-06,AEROENTER,110.8759
2026-08-07,AEROENTER,110.8759
2026-08-10,AEROENTER,110.8759
2026-08-11,AEROENTER,110.8759
2026-08-12,AEROENTER,110.8759
2026-08-13,AEROENTER,110.8759
2026-08-14,AEROENTER,110.8759
2026-08-17,AEROENTER,110.8759
2026-08-18,AEROENTER,110.8759
2026-08-19,AEROENTER,110.8759
2026-08-20,AEROENTER,110.8759
2026-08-21,AEROENTER,110.8759
2026-08-24,AEROENTER,110.8759
2026-08-25,AEROENTER,110.8759
2026-08-26,AEROENTER,110.8759
2026-08-27,AEROENTER,110.8759
2026-08-28,AEROENTER,110.8759
2026-08-31,AEROENTER,110.8759
2026-09-01,AEROENTER,110.8759
2026-09-02,AEROENTER,110.8759
2026-09-03,AEROENTER,110.8759
2026-09-04,AEROENTER,110.8759
2026-09-07,AEROENTER,110.8759
2026-09-08,AEROENTER,110.8759
2026-09-09,AEROENTER,110.8759
2026-09-10,AEROENTER,110.8759
2026-09-11,AEROENTER,110.8759
2025-08-29,ALEMBICLTD,
2025-09-01,ALEMBICLTD,
2025-09-02,ALEMBICLTD,
2025-09-03,ALEMBICLTD,
2025-09-04,ALEMBICLTD,
2025-09-05,ALEMBICLTD,
2025-09-08,ALEMBICLTD,
2025-09-09,ALEMBICLTD,
2025-09-10,ALEMBICLTD,
2025-09-11,ALEMBICLTD,
2025-09-12,ALEMBICLTD,
2025-09-15,ALEMBICLTD,
2025-09-16,ALEMBICLTD,
2025-09-17,ALEMBICLTD,
2025-09-18,ALEMBICLTD,
2025-09-19,ALEMBICLTD,
2025-09-22,ALEMBICLTD,
2025-09-23,ALEMBICLTD,
2025-09-24,ALEMBICLTD,
2025-09-25,ALEMBICLTD,
2025-09-26,ALEMBICLTD,
2025-09-29,ALEMBICLTD,
2025-09-30,ALEMBICLTD,
2025-10-01,ALEMBICLTD,
2025-10-03,ALEMBICLTD,
2025-10-06,ALEMBICLTD,
2025-10-07,ALEMBICLTD,
2025-10-08,ALEMBICLTD,
2025-10-09,ALEMBICLTD,
2025-10-10,ALEMBICLTD,
2025-10-13,ALEMBICLTD,
2025-10-14,ALEMBICLTD,
2025-10-15,ALEMBICLTD,
2025-10-16,ALEMBICLTD,
2025-10-17,ALEMBICLTD,
2025-10-20,ALEMBICLTD,
2025-10-21,ALEMBICLTD,
2025-10-23,ALEMBICLTD,
2025-10-24,ALEMBICLTD,
2025-10-27,ALEMBICLTD,
2025-10-28,ALEMBICLTD,
2025-10-29,ALEMBICLTD,
2025-10-30,ALEMBICLTD,
2025-10-31,ALEMBICLTD,
2025-11-03,ALEMBICLTD,
2025-11-04,ALEMBICLTD,
2025-11-06,ALEMBICLTD,
2025-11-07,ALEMBICLTD,
2025-11-10,ALEMBICLTD,
2025-11-11,ALEMBICLTD,
2025-11-12,ALEMBICLTD,
2025-11-13,ALEMBICLTD,
2025-11-14,ALEMBICLTD,
2025-11-17,ALEMBICLTD,
2025-11-18,ALEMBICLTD,
2025-11-19,ALEMBICLTD,
2025-11-20,ALEMBICLTD,
2025-11-21,ALEMBICLTD,
2025-11-24,ALEMBICLTD,
2025-11-25,ALEMBICLTD,
2025-11-26,ALEMBICLTD,
2025-11-27,ALEMBICLTD,
2025-11-28,ALEMBICLTD,
2025-12-01,ALEMBICLTD,
2025-12-02,ALEMBICLTD,
2025-12-03,ALEMBICLTD,
2025-12-04,ALEMBICLTD,
2025-12-05,ALEMBICLTD,
2025-12-08,ALEMBICLTD,
2025-12-09,ALEMBICLTD,
2025-12-10,ALEMBICLTD,
2025-12-11,ALEMBICLTD,
2025-12-12,ALEMBICLTD,
2025-12-15,ALEMBICLTD,
2025-12-16,ALEMBICLTD,
2025-12-17,ALEMBICLTD,
2025-12-18,ALEMBICLTD,
2025-12-19,ALEMBICLTD,
2025-12-22,ALEMBICLTD,
2025-12-23,ALEMBICLTD,
2025-12-24,ALEMBICLTD,
2025-12-26,ALEMBICLTD,
2025-12-29,ALEMBICLTD,
2025-12-30,ALEMBICLTD,
2025-12-31,ALEMBICLTD,
2026-01-01,ALEMBICLTD,
2026-01-02,ALEMBICLTD,
2026-01-05,ALEMBICLTD,
2026-01-06,ALEMBICLTD,
2026-01-07,ALEMBICLTD,
2026-01-08,ALEMBICLTD,
2026-01-09,ALEMBICLTD,
2026-01-12,ALEMBICLTD,
2026-01-13,ALEMBICLTD,
2026-01-14,ALEMBICLTD,
2026-01-16,ALEMBICLTD,
2026-01-19,ALEMBICLTD,
2026-01-20,ALEMBICLTD,
2026-01-21,ALEMBICLTD,
2026-01-22,ALEMBICLTD,
2026-01-23,ALEMBICLTD,
2026-01-27,ALEMBICLTD,
2026-01-28,ALEMBICLTD,
2026-01-29,ALEMBICLTD,
2026-01-30,ALEMBICLTD,
2026-02-02,ALEMBICLTD,
2026-02-03,ALEMBICLTD,
2026-02-04,ALEMBICLTD,
2026-02-05,ALEMBICLTD,
2026-02-06,ALEMBICLTD,
2026-02-09,ALEMBICLTD,
2026-02-10,ALEMBICLTD,
2026-02-11,ALEMBICLTD,
2026-02-12,ALEMBICLTD,
2026-02-13,ALEMBICLTD,
2026-02-16,ALEMBICLTD,
2026-02-17,ALEMBICLTD,
2026-02-18,ALEMBICLTD,
2026-02-19,ALEMBICLTD,
2026-02-20,ALEMBICLTD,
2026-02-23,ALEMBICLTD,
2026-02-24,ALEMBICLTD,
2026-02-25,ALEMBICLTD,
2026-02-26,ALEMBICLTD,
2026-02-27,ALEMBICLTD,
2026-03-02,ALEMBICLTD,
2026-03-04,ALEMBICLTD,
2026-03-05,ALEMBICLTD,
2026-03-06,ALEMBICLTD,
2026-03-09,ALEMBICLTD,
2026-03-10,ALEMBICLTD,
2026-03-11,ALEMBICLTD,
2026-03-12,ALEMBICLTD,
2026-03-13,ALEMBICLTD,
2026-03-16,ALEMBICLTD,
2026-03-17,ALEMBICLTD,
2026-03-18,ALEMBICLTD,
2026-03-19,ALEMBICLTD,
2026-03-20,ALEMBICLTD,
2026-03-23,ALEMBICLTD,
2026-03-24,ALEMBICLTD,
2026-03-25,ALEMBICLTD,
2026-03-27,ALEMBICLTD,
2026-03-30,ALEMBICLTD,
2026-04-01,ALEMBICLTD,
2026-04-02,ALEMBICLTD,
2026-04-06,ALEMBICLTD,
2026-04-07,ALEMBICLTD,
2026-04-08,ALEMBICLTD,
2026-04-09,ALEMBICLTD,
2026-04-10,ALEMBICLTD,
2026-04-13,ALEMBICLTD,
2026-04-15,ALEMBICLTD,
2026-04-16,ALEMBICLTD,
2026-04-17,ALEMBICLTD,
2026-04-20,ALEMBICLTD,
2026-04-21,ALEMBICLTD,
2026-04-22,ALEMBICLTD,
2026-04-23,ALEMBICLTD,
2026-04-24,ALEMBICLTD,
2026-04-27,ALEMBICLTD,
2026-04-28,ALEMBICLTD,
2026-04-29,ALEMBICLTD,
2026-04-30,ALEMBICLTD,
2026-05-04,ALEMBICLTD,
2026-05-05,ALEMBICLTD,
2026-05-06,ALEMBICLTD,
2026-05-07,ALEMBICLTD,
2026-05-08,ALEMBICLTD,
2026-05-11,ALEMBICLTD,
2026-05-12,ALEMBICLTD,
2026-05-13,ALEMBICLTD,
2026-05-14,ALEMBICLTD,
2026-05-15,ALEMBICLTD,
2026-05-18,ALEMBICLTD,
2026-05-19,ALEMBICLTD,
2026-05-20,ALEMBICLTD,
2026-05-21,ALEMBICLTD,
2026-05-22,ALEMBICLTD,
2026-05-25,ALEMBICLTD,
2026-05-26,ALEMBICLTD,
2026-05-27,ALEMBICLTD,
2026-05-29,ALEMBICLTD,
2026-06-01,ALEMBICLTD,
2026-06-02,ALEMBICLTD,
2026-06-03,ALEMBICLTD,
2026-06-04,ALEMBICLTD,
2026-06-05,ALEMBICLTD,
2026-06-08,ALEMBICLTD,
2026-06-09,ALEMBICLTD,
2026-06-10,ALEMBICLTD,
2026-06-11,ALEMBICLTD,
2026-06-12,ALEMBICLTD,
2026-06-15,ALEMBICLTD,
2026-06-16,ALEMBICLTD,
2026-06-17,ALEMBICLTD,
2026-06-18,ALEMBICLTD,
2026-06-19,ALEMBICLTD,
2026-06-22,ALEMBICLTD,
2026-06-23,ALEMBICLTD,
2026-06-24,ALEMBICLTD,
2026-06-25,ALEMBICLTD,
2026-06-29,ALEMBICLTD,
2026-06-30,ALEMBICLTD,
2026-07-01,ALEMBICLTD,
2026-07-02,ALEMBICLTD,
2026-07-03,ALEMBICLTD,
2026-07-06,ALEMBICLTD,
2026-07-07,ALEMBICLTD,
2026-07-08,ALEMBICLTD,
2026-07-09,ALEMBICLTD,
2026-07-10,ALEMBICLTD,
2026-07-13,ALEMBICLTD,
2026-07-14,ALEMBICLTD,
2026-07-15,ALEMBICLTD,
2026-07-16,ALEMBICLTD,
2026-07-17,ALEMBICLTD,
2026-07-20,ALEMBICLTD,
2026-07-21,ALEMBICLTD,
2026-07-22,ALEMBICLTD,
2026-07-23,ALEMBICLTD,
2026-07-24,ALEMBICLTD,
2026-07-27,ALEMBICLTD,
2026-07-28,ALEMBICLTD,
2026-07-29,ALEMBICLTD,
2026-07-30,ALEMBICLTD,
2026-07-31,ALEMBICLTD,
2026-08-03,ALEMBICLTD,
2026-08-04,ALEMBICLTD,
2026-08-05,ALEMBICLTD,
2026-08-06,ALEMBICLTD,
2026-08-07,ALEMBICLTD,
2026-08-10,ALEMBICLTD,
2026-08-11,ALEMBICLTD,
2026-08-12,ALEMBICLTD,
2026-08-13,ALEMBICLTD,
2026-08-14,ALEMBICLTD,
2026-08-17,ALEMBICLTD,87.7467
2026-08-18,ALEMBICLTD,87.7467
2026-08-19,ALEMBICLTD,88.068
2026-08-20,ALEMBICLTD,88.068
2026-08-21,ALEMBICLTD,88.068
2026-08-24,ALEMBICLTD,88.068
2026-08-25,ALEMBICLTD,89.3396
2026-08-26,ALEMBICLTD,89.3396
2026-08-27,ALEMBICLTD,89.3396
2026-08-28,ALEMBICLTD,89.3396
2026-08-31,ALEMBICLTD,89.3396
2026-09-01,ALEMBICLTD,91.6224
2026-09-02,ALEMBICLTD,91.774
2026-09-03,ALEMBICLTD,91.774
2026-09-04,ALEMBICLTD,91.774
2026-09-07,ALEMBICLTD,91.774
2026-09-08,ALEMBICLTD,91.774
2026-09-09,ALEMBICLTD,91.774
2026-09-10,ALEMBICLTD,91.774
2026-09-11,ALEMBICLTD,91.774
2025-08-29,ALMONDZ,
2025-09-01,ALMONDZ,
2025-09-02,ALMONDZ,
2025-09-03,ALMONDZ,
2025-09-04,ALMONDZ,
2025-09-05,ALMONDZ,
2025-09-08,ALMONDZ,
2025-09-09,ALMONDZ,
2025-09-10,ALMONDZ,
2025-09-11,ALMONDZ,
2025-09-12,ALMONDZ,
2025-09-15,ALMONDZ,
2025-09-16,ALMONDZ,
2025-09-17,ALMONDZ,
2025-09-18,ALMONDZ,
2025-09-19,ALMONDZ,
2025-09-22,ALMONDZ,
2025-09-23,ALMONDZ,
2025-09-24,ALMONDZ,
2025-09-25,ALMONDZ,
2025-09-26,ALMONDZ,
2025-09-29,ALMONDZ,
2025-09-30,ALMONDZ,
2025-10-01,ALMONDZ,
2025-10-03,ALMONDZ,
2025-10-06,ALMONDZ,
2025-10-07,ALMONDZ,
2025-10-08,ALMONDZ,
2025-10-09,ALMONDZ,
2025-10-10,ALMONDZ,
2025-10-13,ALMONDZ,
2025-10-14,ALMONDZ,
2025-10-15,ALMONDZ,
2025-10-16,ALMONDZ,
2025-10-17,ALMONDZ,
2025-10-20,ALMONDZ,
2025-10-21,ALMONDZ,
2025-10-23,ALMONDZ,
2025-10-24,ALMONDZ,
2025-10-27,ALMONDZ,
2025-10-28,ALMONDZ,
2025-10-29,ALMONDZ,
2025-10-30,ALMONDZ,
2025-10-31,ALMONDZ,
2025-11-03,ALMONDZ,
2025-11-04,ALMONDZ,
2025-11-06,ALMONDZ,
2025-11-07,ALMONDZ,
2025-11-10,ALMONDZ,
2025-11-11,ALMONDZ,
2025-11-12,ALMONDZ,
2025-11-13,ALMONDZ,
2025-11-14,ALMONDZ,
2025-11-17,ALMONDZ,
2025-11-18,ALMONDZ,
2025-11-19,ALMONDZ,
2025-11-20,ALMONDZ,
2025-11-21,ALMONDZ,
2025-11-24,ALMONDZ,
2025-11-25,ALMONDZ,
2025-11-26,ALMONDZ,
2025-11-27,ALMONDZ,
2025-11-28,ALMONDZ,
2025-12-01,ALMONDZ,
2025-12-02,ALMONDZ,
2025-12-03,ALMONDZ,
2025-12-04,ALMONDZ,
2025-12-05,ALMONDZ,
2025-12-08,ALMONDZ,
2025-12-09,ALMONDZ,
2025-12-10,ALMONDZ,
2025-12-11,ALMONDZ,
2025-12-12,ALMONDZ,
2025-12-15,ALMONDZ,
2025-12-16,ALMONDZ,
2025-12-17,ALMONDZ,
2025-12-18,ALMONDZ,
2025-12-19,ALMONDZ,
2025-12-22,ALMONDZ,
2025-12-23,ALMONDZ,
2025-12-24,ALMONDZ,
2025-12-26,ALMONDZ,
2025-12-29,ALMONDZ,
2025-12-30,ALMONDZ,
2025-12-31,ALMONDZ,
2026-01-01,ALMONDZ,
2026-01-02,ALMONDZ,
2026-01-05,ALMONDZ,
2026-01-06,ALMONDZ,
2026-01-07,ALMONDZ,
2026-01-08,ALMONDZ,
2026-01-09,ALMONDZ,
2026-01-12,ALMONDZ,
2026-01-13,ALMONDZ,
2026-01-14,ALMONDZ,
2026-01-16,ALMONDZ,
2026-01-19,ALMONDZ,
2026-01-20,ALMONDZ,
2026-01-21,ALMONDZ,
2026-01-22,ALMONDZ,
2026-01-23,ALMONDZ,
2026-01-27,ALMONDZ,
2026-01-28,ALMONDZ,
2026-01-29,ALMONDZ,
2026-01-30,ALMONDZ,
2026-02-02,ALMONDZ,
2026-02-03,ALMONDZ,
2026-02-04,ALMONDZ,
2026-02-05,ALMONDZ,
2026-02-06,ALMONDZ,
2026-02-09,ALMONDZ,
2026-02-10,ALMONDZ,
2026-02-11,ALMONDZ,
2026-02-12,ALMONDZ,
2026-02-13,ALMONDZ,
2026-02-16,ALMONDZ,
2026-02-17,ALMONDZ,
2026-02-18,ALMONDZ,
2026-02-19,ALMONDZ,
2026-02-20,ALMONDZ,
2026-02-23,ALMONDZ,
2026-02-24,ALMONDZ,
2026-02-25,ALMONDZ,
2026-02-26,ALMONDZ,
2026-02-27,ALMONDZ,
2026-03-02,ALMONDZ,
2026-03-04,ALMONDZ,
2026-03-05,ALMONDZ,
2026-03-06,ALMONDZ,
2026-03-09,ALMONDZ,
2026-03-10,ALMONDZ,
2026-03-11,ALMONDZ,
2026-03-12,ALMONDZ,
2026-03-13,ALMONDZ,
2026-03-16,ALMONDZ,
2026-03-17,ALMONDZ,
2026-03-18,ALMONDZ,
2026-03-19,ALMONDZ,
2026-03-20,ALMONDZ,
2026-03-23,ALMONDZ,
2026-03-24,ALMONDZ,
2026-03-25,ALMONDZ,
2026-03-27,ALMONDZ,
2026-03-30,ALMONDZ,
2026-04-01,ALMONDZ,
2026-04-02,ALMONDZ,
2026-04-06,ALMONDZ,
2026-04-07,ALMONDZ,
2026-04-08,ALMONDZ,
2026-04-09,ALMONDZ,
2026-04-10,ALMONDZ,
2026-04-13,ALMONDZ,
2026-04-15,ALMONDZ,
2026-04-16,ALMONDZ,
2026-04-17,ALMONDZ,
2026-04-20,ALMONDZ,
2026-04-21,ALMONDZ,
2026-04-22,ALMONDZ,
2026-04-23,ALMONDZ,
2026-04-24,ALMONDZ,
2026-04-27,ALMONDZ,
2026-04-28,ALMONDZ,
2026-04-29,ALMONDZ,
2026-04-30,ALMONDZ,
2026-05-04,ALMONDZ,
2026-05-05,ALMONDZ,
2026-05-06,ALMONDZ,
2026-05-07,ALMONDZ,
2026-05-08,ALMONDZ,
2026-05-11,ALMONDZ,
2026-05-12,ALMONDZ,
2026-05-13,ALMONDZ,
2026-05-14,ALMONDZ,
2026-05-15,ALMONDZ,
2026-05-18,ALMONDZ,
2026-05-19,ALMONDZ,
2026-05-20,ALMONDZ,
2026-05-21,ALMONDZ,
2026-05-22,ALMONDZ,
2026-05-25,ALMONDZ,
2026-05-26,ALMONDZ,
2026-05-27,ALMONDZ,
2026-05-29,ALMONDZ,
2026-06-01,ALMONDZ,
2026-06-02,ALMONDZ,
2026-06-03,ALMONDZ,
2026-06-04,ALMONDZ,
2026-06-05,ALMONDZ,
2026-06-08,ALMONDZ,
2026-06-09,ALMONDZ,
2026-06-10,ALMONDZ,
2026-06-11,ALMONDZ,
2026-06-12,ALMONDZ,
2026-06-15,ALMONDZ,
2026-06-16,ALMONDZ,
2026-06-17,ALMONDZ,
2026-06-18,ALMONDZ,
2026-06-19,ALMONDZ,
2026-06-22,ALMONDZ,
2026-06-23,ALMONDZ,
2026-06-24,ALMONDZ,
2026-06-25,ALMONDZ,
2026-06-29,ALMONDZ,
2026-06-30,ALMONDZ,
2026-07-01,ALMONDZ,
2026-07-02,ALMONDZ,
2026-07-03,ALMONDZ,
2026-07-06,ALMONDZ,
2026-07-07,ALMONDZ,
2026-07-08,ALMONDZ,
2026-07-09,ALMONDZ,
2026-07-10,ALMONDZ,
2026-07-13,ALMONDZ,
2026-07-14,ALMONDZ,
2026-07-15,ALMONDZ,
2026-07-16,ALMONDZ,
2026-07-17,ALMONDZ,
2026-07-20,ALMONDZ,
2026-07-21,ALMONDZ,
2026-07-22,ALMONDZ,
2026-07-23,ALMONDZ,
2026-07-24,ALMONDZ,
2026-07-27,ALMONDZ,
2026-07-28,ALMONDZ,
2026-07-29,ALMONDZ,
2026-07-30,ALMONDZ,
2026-07-31,ALMONDZ,
2026-08-03,ALMONDZ,
2026-08-04,ALMONDZ,
2026-08-05,ALMONDZ,
2026-08-06,ALMONDZ,
2026-08-07,ALMONDZ,
2026-08-10,ALMONDZ,
2026-08-11,ALMONDZ,
2026-08-12,ALMONDZ,
2026-08-13,ALMONDZ,
2026-08-14,ALMONDZ,
2026-08-17,ALMONDZ,
2026-08-18,ALMONDZ,
2026-08-19,ALMONDZ,
2026-08-20,ALMONDZ,
2026-08-21,ALMONDZ,
2026-08-24,ALMONDZ,
2026-08-25,ALMONDZ,
2026-08-26,ALMONDZ,
2026-08-27,ALMONDZ,16.2749
2026-08-28,ALMONDZ,16.2723
2026-08-31,ALMONDZ,16.7482
2026-09-01,ALMONDZ,16.9775
2026-09-02,ALMONDZ,17.043
2026-09-03,ALMONDZ,17.043
2026-09-04,ALMONDZ,17.188
2026-09-07,ALMONDZ,17.188
2026-09-08,ALMONDZ,17.188
2026-09-09,ALMONDZ,17.188
2026-09-10,ALMONDZ,17.188
2026-09-11,ALMONDZ,17.188
2025-08-29,APLLTD,
2025-09-01,APLLTD,
2025-09-02,APLLTD,
2025-09-03,APLLTD,
2025-09-04,APLLTD,
2025-09-05,APLLTD,
2025-09-08,APLLTD,
2025-09-09,APLLTD,
2025-09-10,APLLTD,
2025-09-11,APLLTD,
2025-09-12,APLLTD,
2025-09-15,APLLTD,
2025-09-16,APLLTD,
2025-09-17,APLLTD,
2025-09-18,APLLTD,
2025-09-19,APLLTD,
2025-09-22,APLLTD,
2025-09-23,APLLTD,
2025-09-24,APLLTD,
2025-09-25,APLLTD,
2025-09-26,APLLTD,
2025-09-29,APLLTD,
2025-09-30,APLLTD,
2025-10-01,APLLTD,
2025-10-03,APLLTD,
2025-10-06,APLLTD,
2025-10-07,APLLTD,
2025-10-08,APLLTD,
2025-10-09,APLLTD,
2025-10-10,APLLTD,
2025-10-13,APLLTD,
2025-10-14,APLLTD,
2025-10-15,APLLTD,
2025-10-16,APLLTD,
2025-10-17,APLLTD,
2025-10-20,APLLTD,
2025-10-21,APLLTD,
2025-10-23,APLLTD,
2025-10-24,APLLTD,
2025-10-27,APLLTD,
2025-10-28,APLLTD,
2025-10-29,APLLTD,
2025-10-30,APLLTD,
2025-10-31,APLLTD,
2025-11-03,APLLTD,
2025-11-04,APLLTD,
2025-11-06,APLLTD,
2025-11-07,APLLTD,
2025-11-10,APLLTD,
2025-11-11,APLLTD,
2025-11-12,APLLTD,
2025-11-13,APLLTD,
2025-11-14,APLLTD,
2025-11-17,APLLTD,
2025-11-18,APLLTD,
2025-11-19,APLLTD,
2025-11-20,APLLTD,
2025-11-21,APLLTD,
2025-11-24,APLLTD,
2025-11-25,APLLTD,
2025-11-26,APLLTD,
2025-11-27,APLLTD,
2025-11-28,APLLTD,
2025-12-01,APLLTD,
2025-12-02,APLLTD,
2025-12-03,APLLTD,
2025-12-04,APLLTD,
2025-12-05,APLLTD,
2025-12-08,APLLTD,
2025-12-09,APLLTD,
2025-12-10,APLLTD,
2025-12-11,APLLTD,
2025-12-12,APLLTD,
2025-12-15,APLLTD,
2025-12-16,APLLTD,
2025-12-17,APLLTD,
2025-12-18,APLLTD,
2025-12-19,APLLTD,
2025-12-22,APLLTD,
2025-12-23,APLLTD,
2025-12-24,APLLTD,
2025-12-26,APLLTD,
2025-12-29,APLLTD,
2025-12-30,APLLTD,
2025-12-31,APLLTD,
2026-01-01,APLLTD,
2026-01-02,APLLTD,
2026-01-05,APLLTD,
2026-01-06,APLLTD,
2026-01-07,APLLTD,
2026-01-08,APLLTD,
2026-01-09,APLLTD,
2026-01-12,APLLTD,
2026-01-13,APLLTD,
2026-01-14,APLLTD,
2026-01-16,APLLTD,
2026-01-19,APLLTD,
2026-01-20,APLLTD,
2026-01-21,APLLTD,
2026-01-22,APLLTD,
2026-01-23,APLLTD,
2026-01-27,APLLTD,
2026-01-28,APLLTD,
2026-01-29,APLLTD,
2026-01-30,APLLTD,
2026-02-02,APLLTD,
2026-02-03,APLLTD,
2026-02-04,APLLTD,
2026-02-05,APLLTD,
2026-02-06,APLLTD,
2026-02-09,APLLTD,
2026-02-10,APLLTD,
2026-02-11,APLLTD,
2026-02-12,APLLTD,
2026-02-13,APLLTD,
2026-02-16,APLLTD,
2026-02-17,APLLTD,
2026-02-18,APLLTD,
2026-02-19,APLLTD,
2026-02-20,APLLTD,
2026-02-23,APLLTD,
2026-02-24,APLLTD,
2026-02-25,APLLTD,
2026-02-26,APLLTD,
2026-02-27,APLLTD,
2026-03-02,APLLTD,
2026-03-04,APLLTD,
2026-03-05,APLLTD,
2026-03-06,APLLTD,
2026-03-09,APLLTD,
2026-03-10,APLLTD,
2026-03-11,APLLTD,
2026-03-12,APLLTD,
2026-03-13,APLLTD,
2026-03-16,APLLTD,
2026-03-17,APLLTD,
2026-03-18,APLLTD,
2026-03-19,APLLTD,
2026-03-20,APLLTD,
2026-03-23,APLLTD,
2026-03-24,APLLTD,
2026-03-25,APLLTD,
2026-03-27,APLLTD,
2026-03-30,APLLTD,
2026-04-01,APLLTD,
2026-04-02,APLLTD,
2026-04-06,APLLTD,
2026-04-07,APLLTD,
2026-04-08,APLLTD,
2026-04-09,APLLTD,
2026-04-10,APLLTD,
2026-04-13,APLLTD,
2026-04-15,APLLTD,
2026-04-16,APLLTD,
2026-04-17,APLLTD,
2026-04-20,APLLTD,
2026-04-21,APLLTD,
2026-04-22,APLLTD,
2026-04-23,APLLTD,
2026-04-24,APLLTD,
2026-04-27,APLLTD,
2026-04-28,APLLTD,
2026-04-29,APLLTD,
2026-04-30,APLLTD,
2026-05-04,APLLTD,
2026-05-05,APLLTD,
2026-05-06,APLLTD,
2026-05-07,APLLTD,
2026-05-08,APLLTD,
2026-05-11,APLLTD,
2026-05-12,APLLTD,
2026-05-13,APLLTD,
2026-05-14,APLLTD,
2026-05-15,APLLTD,
2026-05-18,APLLTD,
2026-05-19,APLLTD,
2026-05-20,APLLTD,
2026-05-21,APLLTD,
2026-05-22,APLLTD,
2026-05-25,APLLTD,
2026-05-26,APLLTD,
2026-05-27,APLLTD,
2026-05-29,APLLTD,
2026-06-01,APLLTD,
2026-06-02,APLLTD,
2026-06-03,APLLTD,
2026-06-04,APLLTD,
2026-06-05,APLLTD,
2026-06-08,APLLTD,
2026-06-09,APLLTD,
2026-06-10,APLLTD,
2026-06-11,APLLTD,746.025
2026-06-12,APLLTD,746.025
2026-06-15,APLLTD,746.025
2026-06-16,APLLTD,746.025
2026-06-17,APLLTD,746.1029
2026-06-18,APLLTD,746.0199
2026-06-19,APLLTD,746.0199
2026-06-22,APLLTD,746.0199
2026-06-23,APLLTD,746.0199
2026-06-24,APLLTD,746.0199
2026-06-25,APLLTD,746.0199
2026-06-29,APLLTD,746.0199
2026-06-30,APLLTD,746.0199
2026-07-01,APLLTD,746.0199
2026-07-02,APLLTD,746.0199
2026-07-03,APLLTD,746.0199
2026-07-06,APLLTD,746.0199
2026-07-07,APLLTD,746.0199
2026-07-08,APLLTD,746.0199
2026-07-09,APLLTD,746.0199
2026-07-10,APLLTD,746.0199
2026-07-13,APLLTD,746.0199
2026-07-14,APLLTD,746.0199
2026-07-15,APLLTD,746.0199
2026-07-16,APLLTD,746.0199
2026-07-17,APLLTD,746.0199
2026-07-20,APLLTD,746.0199
2026-07-21,APLLTD,746.0199
2026-07-22,APLLTD,746.0199
2026-07-23,APLLTD,746.0199
2026-07-24,APLLTD,746.0199
2026-07-27,APLLTD,746.0199
2026-07-28,APLLTD,746.0199
2026-07-29,APLLTD,746.0199
2026-07-30,APLLTD,746.0199
2026-07-31,APLLTD,746.0199
2026-08-03,APLLTD,746.0199
2026-08-04,APLLTD,746.0199
2026-08-05,APLLTD,746.0199
2026-08-06,APLLTD,746.0199
2026-08-07,APLLTD,746.0199
2026-08-10,APLLTD,746.0199
2026-08-11,APLLTD,746.0199
2026-08-12,APLLTD,746.0199
2026-08-13,APLLTD,746.0199
2026-08-14,APLLTD,746.0199
2026-08-17,APLLTD,746.0199
2026-08-18,APLLTD,746.0199
2026-08-19,APLLTD,746.0199
2026-08-20,APLLTD,746.0199
2026-08-21,APLLTD,746.0199
2026-08-24,APLLTD,746.0199
2026-08-25,APLLTD,746.0199
2026-08-26,APLLTD,746.0199
2026-08-27,APLLTD,746.0199
2026-08-28,APLLTD,746.0199
2026-08-31,APLLTD,746.0199
2026-09-01,APLLTD,746.0199
2026-09-02,APLLTD,746.0199
2026-09-03,APLLTD,746.0199
2026-09-04,APLLTD,746.0199
2026-09-07,APLLTD,746.0199
2026-09-08,APLLTD,746.0199
2026-09-09,APLLTD,746.0199
2026-09-10,APLLTD,746.0199
2026-09-11,APLLTD,746.0199
2025-09-30,ARSSBL,
2025-10-01,ARSSBL,
2025-10-03,ARSSBL,
2025-10-06,ARSSBL,
2025-10-07,ARSSBL,
2025-10-08,ARSSBL,
2025-10-09,ARSSBL,
2025-10-10,ARSSBL,
2025-10-13,ARSSBL,
2025-10-14,ARSSBL,
2025-10-15,ARSSBL,
2025-10-16,ARSSBL,
2025-10-17,ARSSBL,
2025-10-20,ARSSBL,
2025-10-21,ARSSBL,
2025-10-23,ARSSBL,
2025-10-24,ARSSBL,
2025-10-27,ARSSBL,
2025-10-28,ARSSBL,
2025-10-29,ARSSBL,
2025-10-30,ARSSBL,
2025-10-31,ARSSBL,
2025-11-03,ARSSBL,
2025-11-04,ARSSBL,
2025-11-06,ARSSBL,
2025-11-07,ARSSBL,
2025-11-10,ARSSBL,
2025-11-11,ARSSBL,
2025-11-12,ARSSBL,
2025-11-13,ARSSBL,
2025-11-14,ARSSBL,
2025-11-17,ARSSBL,
2025-11-18,ARSSBL,
2025-11-19,ARSSBL,
2025-11-20,ARSSBL,
2025-11-21,ARSSBL,
2025-11-24,ARSSBL,
2025-11-25,ARSSBL,
2025-11-26,ARSSBL,
2025-11-27,ARSSBL,
2025-11-28,ARSSBL,
2025-12-01,ARSSBL,
2025-12-02,ARSSBL,
2025-12-03,ARSSBL,
2025-12-04,ARSSBL,
2025-12-05,ARSSBL,
2025-12-08,ARSSBL,
2025-12-09,ARSSBL,
2025-12-10,ARSSBL,
2025-12-11,ARSSBL,
2025-12-12,ARSSBL,
2025-12-15,ARSSBL,
2025-12-16,ARSSBL,
2025-12-17,ARSSBL,
2025-12-18,ARSSBL,
2025-12-19,ARSSBL,
2025-12-22,ARSSBL,
2025-12-23,ARSSBL,
2025-12-24,ARSSBL,
2025-12-26,ARSSBL,
2025-12-29,ARSSBL,
2025-12-30,ARSSBL,
2025-12-31,ARSSBL,
2026-01-01,ARSSBL,
2026-01-02,ARSSBL,
2026-01-05,ARSSBL,
2026-01-06,ARSSBL,
2026-01-07,ARSSBL,
2026-01-08,ARSSBL,
2026-01-09,ARSSBL,
2026-01-12,ARSSBL,
2026-01-13,ARSSBL,
2026-01-14,ARSSBL,
2026-01-16,ARSSBL,
2026-01-19,ARSSBL,
2026-01-20,ARSSBL,
2026-01-21,ARSSBL,
2026-01-22,ARSSBL,
2026-01-23,ARSSBL,
2026-01-27,ARSSBL,
2026-01-28,ARSSBL,
2026-01-29,ARSSBL,
2026-01-30,ARSSBL,
2026-02-02,ARSSBL,
2026-02-03,ARSSBL,
2026-02-04,ARSSBL,
2026-02-05,ARSSBL,
2026-02-06,ARSSBL,
2026-02-09,ARSSBL,
2026-02-10,ARSSBL,
2026-02-11,ARSSBL,
2026-02-12,ARSSBL,
2026-02-13,ARSSBL,
2026-02-16,ARSSBL,
2026-02-17,ARSSBL,
2026-02-18,ARSSBL,
2026-02-19,ARSSBL,
2026-02-20,ARSSBL,
2026-02-23,ARSSBL,
2026-02-24,ARSSBL,
2026-02-25,ARSSBL,
2026-02-26,ARSSBL,
2026-02-27,ARSSBL,
2026-03-02,ARSSBL,
2026-03-04,ARSSBL,
2026-03-05,ARSSBL,
2026-03-06,ARSSBL,
2026-03-09,ARSSBL,
2026-03-10,ARSSBL,
2026-03-11,ARSSBL,
2026-03-12,ARSSBL,
2026-03-13,ARSSBL,
2026-03-16,ARSSBL,
2026-03-17,ARSSBL,
2026-03-18,ARSSBL,
2026-03-19,ARSSBL,
2026-03-20,ARSSBL,
2026-03-23,ARSSBL,
2026-03-24,ARSSBL,
2026-03-25,ARSSBL,
2026-03-27,ARSSBL,
2026-03-30,ARSSBL,
2026-04-01,ARSSBL,
2026-04-02,ARSSBL,
2026-04-06,ARSSBL,
2026-04-07,ARSSBL,
2026-04-08,ARSSBL,
2026-04-09,ARSSBL,
2026-04-10,ARSSBL,
2026-04-13,ARSSBL,
2026-04-15,ARSSBL,
2026-04-16,ARSSBL,
2026-04-17,ARSSBL,
2026-04-20,ARSSBL,
2026-04-21,ARSSBL,
2026-04-22,ARSSBL,
2026-04-23,ARSSBL,
2026-04-24,ARSSBL,
2026-04-27,ARSSBL,
2026-04-28,ARSSBL,
2026-04-29,ARSSBL,
2026-04-30,ARSSBL,
2026-05-04,ARSSBL,
2026-05-05,ARSSBL,
2026-05-06,ARSSBL,
2026-05-07,ARSSBL,
2026-05-08,ARSSBL,
2026-05-11,ARSSBL,
2026-05-12,ARSSBL,
2026-05-13,ARSSBL,
2026-05-14,ARSSBL,
2026-05-15,ARSSBL,
2026-05-18,ARSSBL,
2026-05-19,ARSSBL,
2026-05-20,ARSSBL,
2026-05-21,ARSSBL,
2026-05-22,ARSSBL,
2026-05-25,ARSSBL,
2026-05-26,ARSSBL,
2026-05-27,ARSSBL,
2026-05-29,ARSSBL,
2026-06-01,ARSSBL,
2026-06-02,ARSSBL,
2026-06-03,ARSSBL,
2026-06-04,ARSSBL,
2026-06-05,ARSSBL,
2026-06-08,ARSSBL,
2026-06-09,ARSSBL,
2026-06-10,ARSSBL,
2026-06-11,ARSSBL,
2026-06-12,ARSSBL,
2026-06-15,ARSSBL,
2026-06-16,ARSSBL,545.0345
2026-06-17,ARSSBL,545.0345
2026-06-18,ARSSBL,545.0345
2026-06-19,ARSSBL,545.0345
2026-06-22,ARSSBL,545.0345
2026-06-23,ARSSBL,545.0345
2026-06-24,ARSSBL,545.0345
2026-06-25,ARSSBL,545.0345
2026-06-29,ARSSBL,545.0345
2026-06-30,ARSSBL,545.0345
2026-07-01,ARSSBL,545.0345
2026-07-02,ARSSBL,545.0345
2026-07-03,ARSSBL,545.0345
2026-07-06,ARSSBL,545.0345
2026-07-07,ARSSBL,545.0345
2026-07-08,ARSSBL,545.0345
2026-07-09,ARSSBL,545.0345
2026-07-10,ARSSBL,545.0345
2026-07-13,ARSSBL,545.0345
2026-07-14,ARSSBL,545.0345
2026-07-15,ARSSBL,545.0345
2026-07-16,ARSSBL,545.0345
2026-07-17,ARSSBL,545.0345
2026-07-20,ARSSBL,545.0345
2026-07-21,ARSSBL,545.0345
2026-07-22,ARSSBL,545.0345
2026-07-23,ARSSBL,545.0345
2026-07-24,ARSSBL,545.0345
2026-07-27,ARSSBL,545.0345
2026-07-28,ARSSBL,545.0345
2026-07-29,ARSSBL,545.0345
2026-07-30,ARSSBL,545.0345
2026-07-31,ARSSBL,545.0345
2026-08-03,ARSSBL,545.0345
2026-08-04,ARSSBL,545.0345
2026-08-05,ARSSBL,545.0345
2026-08-06,ARSSBL,545.0345
2026-08-07,ARSSBL,545.0345
2026-08-10,ARSSBL,545.0345
2026-08-11,ARSSBL,545.0345
2026-08-12,ARSSBL,545.0345
2026-08-13,ARSSBL,545.0345
2026-08-14,ARSSBL,545.0345
2026-08-17,ARSSBL,545.0345
2026-08-18,ARSSBL,545.0345
2026-08-19,ARSSBL,545.0345
2026-08-20,ARSSBL,545.0345
2026-08-21,ARSSBL,545.0345
2026-08-24,ARSSBL,545.0345
2026-08-25,ARSSBL,545.0345
2026-08-26,ARSSBL,545.0345
2026-08-27,ARSSBL,545.0345
2026-08-28,ARSSBL,545.0345
2026-08-31,ARSSBL,545.0345
2026-09-01,ARSSBL,545.0345
2026-09-02,ARSSBL,545.0345
2026-09-03,ARSSBL,545.0345
2026-09-04,ARSSBL,545.0345
2026-09-07,ARSSBL,545.0345
2026-09-08,ARSSBL,545.0345
2026-09-09,ARSSBL,545.0345
2026-09-10,ARSSBL,545.0345
2026-09-11,ARSSBL,545.0345
2025-08-29,ASAHIINDIA,
2025-09-01,ASAHIINDIA,
2025-09-02,ASAHIINDIA,
2025-09-03,ASAHIINDIA,
2025-09-04,ASAHIINDIA,
2025-09-05,ASAHIINDIA,
2025-09-08,ASAHIINDIA,
2025-09-09,ASAHIINDIA,
2025-09-10,ASAHIINDIA,
2025-09-11,ASAHIINDIA,
2025-09-12,ASAHIINDIA,
2025-09-15,ASAHIINDIA,
2025-09-16,ASAHIINDIA,
2025-09-17,ASAHIINDIA,
2025-09-18,ASAHIINDIA,
2025-09-19,ASAHIINDIA,
2025-09-22,ASAHIINDIA,
2025-09-23,ASAHIINDIA,
2025-09-24,ASAHIINDIA,
2025-09-25,ASAHIINDIA,
2025-09-26,ASAHIINDIA,
2025-09-29,ASAHIINDIA,
2025-09-30,ASAHIINDIA,
2025-10-01,ASAHIINDIA,
2025-10-03,ASAHIINDIA,
2025-10-06,ASAHIINDIA,
2025-10-07,ASAHIINDIA,
2025-10-08,ASAHIINDIA,
2025-10-09,ASAHIINDIA,
2025-10-10,ASAHIINDIA,
2025-10-13,ASAHIINDIA,
2025-10-14,ASAHIINDIA,
2025-10-15,ASAHIINDIA,
2025-10-16,ASAHIINDIA,
2025-10-17,ASAHIINDIA,
2025-10-20,ASAHIINDIA,
2025-10-21,ASAHIINDIA,
2025-10-23,ASAHIINDIA,
2025-10-24,ASAHIINDIA,
2025-10-27,ASAHIINDIA,
2025-10-28,ASAHIINDIA,
2025-10-29,ASAHIINDIA,
2025-10-30,ASAHIINDIA,
2025-10-31,ASAHIINDIA,
2025-11-03,ASAHIINDIA,
2025-11-04,ASAHIINDIA,
2025-11-06,ASAHIINDIA,
2025-11-07,ASAHIINDIA,
2025-11-10,ASAHIINDIA,
2025-11-11,ASAHIINDIA,
2025-11-12,ASAHIINDIA,
2025-11-13,ASAHIINDIA,
2025-11-14,ASAHIINDIA,
2025-11-17,ASAHIINDIA,
2025-11-18,ASAHIINDIA,
2025-11-19,ASAHIINDIA,
2025-11-20,ASAHIINDIA,
2025-11-21,ASAHIINDIA,
2025-11-24,ASAHIINDIA,
2025-11-25,ASAHIINDIA,
2025-11-26,ASAHIINDIA,
2025-11-27,ASAHIINDIA,
2025-11-28,ASAHIINDIA,
2025-12-01,ASAHIINDIA,
2025-12-02,ASAHIINDIA,
2025-12-03,ASAHIINDIA,
2025-12-04,ASAHIINDIA,
2025-12-05,ASAHIINDIA,
2025-12-08,ASAHIINDIA,
2025-12-09,ASAHIINDIA,
2025-12-10,ASAHIINDIA,
2025-12-11,ASAHIINDIA,
2025-12-12,ASAHIINDIA,
2025-12-15,ASAHIINDIA,
2025-12-16,ASAHIINDIA,
2025-12-17,ASAHIINDIA,
2025-12-18,ASAHIINDIA,
2025-12-19,ASAHIINDIA,
2025-12-22,ASAHIINDIA,
2025-12-23,ASAHIINDIA,
2025-12-24,ASAHIINDIA,
2025-12-26,ASAHIINDIA,
2025-12-29,ASAHIINDIA,
2025-12-30,ASAHIINDIA,
2025-12-31,ASAHIINDIA,
2026-01-01,ASAHIINDIA,
2026-01-02,ASAHIINDIA,
2026-01-05,ASAHIINDIA,
2026-01-06,ASAHIINDIA,
2026-01-07,ASAHIINDIA,
2026-01-08,ASAHIINDIA,
2026-01-09,ASAHIINDIA,
2026-01-12,ASAHIINDIA,
2026-01-13,ASAHIINDIA,
2026-01-14,ASAHIINDIA,
2026-01-16,ASAHIINDIA,
2026-01-19,ASAHIINDIA,
2026-01-20,ASAHIINDIA,
2026-01-21,ASAHIINDIA,
2026-01-22,ASAHIINDIA,
2026-01-23,ASAHIINDIA,
2026-01-27,ASAHIINDIA,
2026-01-28,ASAHIINDIA,
2026-01-29,ASAHIINDIA,
2026-01-30,ASAHIINDIA,
2026-02-02,ASAHIINDIA,
2026-02-03,ASAHIINDIA,
2026-02-04,ASAHIINDIA,
2026-02-05,ASAHIINDIA,
2026-02-06,ASAHIINDIA,
2026-02-09,ASAHIINDIA,
2026-02-10,ASAHIINDIA,
2026-02-11,ASAHIINDIA,
2026-02-12,ASAHIINDIA,
2026-02-13,ASAHIINDIA,
2026-02-16,ASAHIINDIA,
2026-02-17,ASAHIINDIA,
2026-02-18,ASAHIINDIA,
2026-02-19,ASAHIINDIA,
2026-02-20,ASAHIINDIA,
2026-02-23,ASAHIINDIA,
2026-02-24,ASAHIINDIA,
2026-02-25,ASAHIINDIA,
2026-02-26,ASAHIINDIA,
2026-02-27,ASAHIINDIA,
2026-03-02,ASAHIINDIA,
2026-03-04,ASAHIINDIA,
2026-03-05,ASAHIINDIA,
2026-03-06,ASAHIINDIA,
2026-03-09,ASAHIINDIA,
2026-03-10,ASAHIINDIA,
2026-03-11,ASAHIINDIA,
2026-03-12,ASAHIINDIA,
2026-03-13,ASAHIINDIA,
2026-03-16,ASAHIINDIA,
2026-03-17,ASAHIINDIA,
2026-03-18,ASAHIINDIA,
2026-03-19,ASAHIINDIA,
2026-03-20,ASAHIINDIA,
2026-03-23,ASAHIINDIA,
2026-03-24,ASAHIINDIA,
2026-03-25,ASAHIINDIA,
2026-03-27,ASAHIINDIA,
2026-03-30,ASAHIINDIA,
2026-04-01,ASAHIINDIA,
2026-04-02,ASAHIINDIA,
2026-04-06,ASAHIINDIA,
2026-04-07,ASAHIINDIA,
2026-04-08,ASAHIINDIA,
2026-04-09,ASAHIINDIA,
2026-04-10,ASAHIINDIA,
2026-04-13,ASAHIINDIA,
2026-04-15,ASAHIINDIA,
2026-04-16,ASAHIINDIA,
2026-04-17,ASAHIINDIA,
2026-04-20,ASAHIINDIA,
2026-04-21,ASAHIINDIA,
2026-04-22,ASAHIINDIA,
2026-04-23,ASAHIINDIA,
2026-04-24,ASAHIINDIA,
2026-04-27,ASAHIINDIA,
2026-04-28,ASAHIINDIA,
2026-04-29,ASAHIINDIA,
2026-04-30,ASAHIINDIA,
2026-05-04,ASAHIINDIA,
2026-05-05,ASAHIINDIA,
2026-05-06,ASAHIINDIA,
2026-05-07,ASAHIINDIA,
2026-05-08,ASAHIINDIA,
2026-05-11,ASAHIINDIA,
2026-05-12,ASAHIINDIA,
2026-05-13,ASAHIINDIA,
2026-05-14,ASAHIINDIA,
2026-05-15,ASAHIINDIA,
2026-05-18,ASAHIINDIA,
2026-05-19,ASAHIINDIA,
2026-05-20,ASAHIINDIA,
2026-05-21,ASAHIINDIA,
2026-05-22,ASAHIINDIA,
2026-05-25,ASAHIINDIA,
2026-05-26,ASAHIINDIA,
2026-05-27,ASAHIINDIA,
2026-05-29,ASAHIINDIA,
2026-06-01,ASAHIINDIA,
2026-06-02,ASAHIINDIA,
2026-06-03,ASAHIINDIA,
2026-06-04,ASAHIINDIA,
2026-06-05,ASAHIINDIA,
2026-06-08,ASAHIINDIA,
2026-06-09,ASAHIINDIA,
2026-06-10,ASAHIINDIA,
2026-06-11,ASAHIINDIA,
2026-06-12,ASAHIINDIA,
2026-06-15,ASAHIINDIA,
2026-06-16,ASAHIINDIA,
2026-06-17,ASAHIINDIA,
2026-06-18,ASAHIINDIA,
2026-06-19,ASAHIINDIA,
2026-06-22,ASAHIINDIA,
2026-06-23,ASAHIINDIA,
2026-06-24,ASAHIINDIA,
2026-06-25,ASAHIINDIA,
2026-06-29,ASAHIINDIA,850.25
2026-06-30,ASAHIINDIA,850.25
2026-07-01,ASAHIINDIA,850.25
2026-07-02,ASAHIINDIA,850.25
2026-07-03,ASAHIINDIA,850.25
2026-07-06,ASAHIINDIA,850.25
2026-07-07,ASAHIINDIA,850.25
2026-07-08,ASAHIINDIA,850.25
2026-07-09,ASAHIINDIA,850.25
2026-07-10,ASAHIINDIA,850.25
2026-07-13,ASAHIINDIA,850.25
2026-07-14,ASAHIINDIA,850.25
2026-07-15,ASAHIINDIA,850.25
2026-07-16,ASAHIINDIA,850.25
2026-07-17,ASAHIINDIA,850.25
2026-07-20,ASAHIINDIA,850.25
2026-07-21,ASAHIINDIA,850.25
2026-07-22,ASAHIINDIA,850.25
2026-07-23,ASAHIINDIA,850.25
2026-07-24,ASAHIINDIA,850.25
2026-07-27,ASAHIINDIA,850.25
2026-07-28,ASAHIINDIA,850.25
2026-07-29,ASAHIINDIA,850.25
2026-07-30,ASAHIINDIA,850.25
2026-07-31,ASAHIINDIA,850.25
2026-08-03,ASAHIINDIA,850.25
2026-08-04,ASAHIINDIA,850.25
2026-08-05,ASAHIINDIA,850.25
2026-08-06,ASAHIINDIA,850.25
2026-08-07,ASAHIINDIA,850.25
2026-08-10,ASAHIINDIA,850.25
2026-08-11,ASAHIINDIA,850.25
2026-08-12,ASAHIINDIA,850.25
2026-08-13,ASAHIINDIA,850.25
2026-08-14,ASAHIINDIA,850.25
2026-08-17,ASAHIINDIA,850.25
2026-08-18,ASAHIINDIA,850.25
2026-08-19,ASAHIINDIA,850.25
2026-08-20,ASAHIINDIA,850.25
2026-08-21,ASAHIINDIA,850.25
2026-08-24,ASAHIINDIA,850.25
2026-08-25,ASAHIINDIA,850.25
2026-08-26,ASAHIINDIA,850.25
2026-08-27,ASAHIINDIA,850.25
2026-08-28,ASAHIINDIA,850.25
2026-08-31,ASAHIINDIA,850.25
2026-09-01,ASAHIINDIA,850.25
2026-09-02,ASAHIINDIA,850.25
2026-09-03,ASAHIINDIA,850.25
2026-09-04,ASAHIINDIA,850.25
2026-09-07,ASAHIINDIA,850.25
2026-09-08,ASAHIINDIA,850.25
2026-09-09,ASAHIINDIA,850.25
2026-09-10,ASAHIINDIA,850.25
2026-09-11,ASAHIINDIA,850.25
2025-08-29,ASAHISONG,
2025-09-01,ASAHISONG,
2025-09-02,ASAHISONG,
2025-09-03,ASAHISONG,
2025-09-04,ASAHISONG,
2025-09-05,ASAHISONG,
2025-09-08,ASAHISONG,
2025-09-09,ASAHISONG,
2025-09-10,ASAHISONG,
2025-09-11,ASAHISONG,
2025-09-12,ASAHISONG,
2025-09-15,ASAHISONG,
2025-09-16,ASAHISONG,
2025-09-17,ASAHISONG,
2025-09-18,ASAHISONG,
2025-09-19,ASAHISONG,
2025-09-22,ASAHISONG,
2025-09-23,ASAHISONG,
2025-09-24,ASAHISONG,
2025-09-25,ASAHISONG,
2025-09-26,ASAHISONG,
2025-09-29,ASAHISONG,
2025-09-30,ASAHISONG,
2025-10-01,ASAHISONG,
2025-10-03,ASAHISONG,
2025-10-06,ASAHISONG,
2025-10-07,ASAHISONG,
2025-10-08,ASAHISONG,
2025-10-09,ASAHISONG,
2025-10-10,ASAHISONG,
2025-10-13,ASAHISONG,
2025-10-14,ASAHISONG,
2025-10-15,ASAHISONG,
2025-10-16,ASAHISONG,
2025-10-17,ASAHISONG,
2025-10-20,ASAHISONG,
2025-10-21,ASAHISONG,
2025-10-23,ASAHISONG,
2025-10-24,ASAHISONG,
2025-10-27,ASAHISONG,
2025-10-28,ASAHISONG,
2025-10-29,ASAHISONG,
2025-10-30,ASAHISONG,
2025-10-31,ASAHISONG,
2025-11-03,ASAHISONG,
2025-11-04,ASAHISONG,
2025-11-06,ASAHISONG,
2025-11-07,ASAHISONG,
2025-11-10,ASAHISONG,
2025-11-11,ASAHISONG,
2025-11-12,ASAHISONG,
2025-11-13,ASAHISONG,
2025-11-14,ASAHISONG,
2025-11-17,ASAHISONG,
2025-11-18,ASAHISONG,
2025-11-19,ASAHISONG,
2025-11-20,ASAHISONG,
2025-11-21,ASAHISONG,
2025-11-24,ASAHISONG,
2025-11-25,ASAHISONG,
2025-11-26,ASAHISONG,
2025-11-27,ASAHISONG,
2025-11-28,ASAHISONG,
2025-12-01,ASAHISONG,
2025-12-02,ASAHISONG,
2025-12-03,ASAHISONG,
2025-12-04,ASAHISONG,
2025-12-05,ASAHISONG,
2025-12-08,ASAHISONG,
2025-12-09,ASAHISONG,
2025-12-10,ASAHISONG,
2025-12-11,ASAHISONG,
2025-12-12,ASAHISONG,
2025-12-15,ASAHISONG,
2025-12-16,ASAHISONG,
2025-12-17,ASAHISONG,
2025-12-18,ASAHISONG,
2025-12-19,ASAHISONG,
2025-12-22,ASAHISONG,
2025-12-23,ASAHISONG,
2025-12-24,ASAHISONG,
2025-12-26,ASAHISONG,
2025-12-29,ASAHISONG,
2025-12-30,ASAHISONG,
2025-12-31,ASAHISONG,
2026-01-01,ASAHISONG,
2026-01-02,ASAHISONG,
2026-01-05,ASAHISONG,
2026-01-06,ASAHISONG,
2026-01-07,ASAHISONG,
2026-01-08,ASAHISONG,
2026-01-09,ASAHISONG,
2026-01-12,ASAHISONG,
2026-01-13,ASAHISONG,
2026-01-14,ASAHISONG,
2026-01-16,ASAHISONG,
2026-01-19,ASAHISONG,
2026-01-20,ASAHISONG,
2026-01-21,ASAHISONG,
2026-01-22,ASAHISONG,
2026-01-23,ASAHISONG,
2026-01-27,ASAHISONG,
2026-01-28,ASAHISONG,
2026-01-29,ASAHISONG,
2026-01-30,ASAHISONG,
2026-02-02,ASAHISONG,
2026-02-03,ASAHISONG,
2026-02-04,ASAHISONG,
2026-02-05,ASAHISONG,
2026-02-06,ASAHISONG,
2026-02-09,ASAHISONG,
2026-02-10,ASAHISONG,
2026-02-11,ASAHISONG,
2026-02-12,ASAHISONG,
2026-02-13,ASAHISONG,
2026-02-16,ASAHISONG,
2026-02-17,ASAHISONG,
2026-02-18,ASAHISONG,
2026-02-19,ASAHISONG,
2026-02-20,ASAHISONG,
2026-02-23,ASAHISONG,
2026-02-24,ASAHISONG,
2026-02-25,ASAHISONG,
2026-02-26,ASAHISONG,
2026-02-27,ASAHISONG,
2026-03-02,ASAHISONG,
2026-03-04,ASAHISONG,
2026-03-05,ASAHISONG,
2026-03-06,ASAHISONG,
2026-03-09,ASAHISONG,
2026-03-10,ASAHISONG,
2026-03-11,ASAHISONG,
2026-03-12,ASAHISONG,
2026-03-13,ASAHISONG,
2026-03-16,ASAHISONG,
2026-03-17,ASAHISONG,
2026-03-18,ASAHISONG,
2026-03-19,ASAHISONG,
2026-03-20,ASAHISONG,
2026-03-23,ASAHISONG,
2026-03-24,ASAHISONG,
2026-03-25,ASAHISONG,
2026-03-27,ASAHISONG,
2026-03-30,ASAHISONG,
2026-04-01,ASAHISONG,
2026-04-02,ASAHISONG,
2026-04-06,ASAHISONG,
2026-04-07,ASAHISONG,
2026-04-08,ASAHISONG,
2026-04-09,ASAHISONG,
2026-04-10,ASAHISONG,
2026-04-13,ASAHISONG,
2026-04-15,ASAHISONG,
2026-04-16,ASAHISONG,
2026-04-17,ASAHISONG,
2026-04-20,ASAHISONG,
2026-04-21,ASAHISONG,
2026-04-22,ASAHISONG,
2026-04-23,ASAHISONG,
2026-04-24,ASAHISONG,
2026-04-27,ASAHISONG,
2026-04-28,ASAHISONG,
2026-04-29,ASAHISONG,
2026-04-30,ASAHISONG,
2026-05-04,ASAHISONG,
2026-05-05,ASAHISONG,
2026-05-06,ASAHISONG,
2026-05-07,ASAHISONG,
2026-05-08,ASAHISONG,
2026-05-11,ASAHISONG,
2026-05-12,ASAHISONG,
2026-05-13,ASAHISONG,
2026-05-14,ASAHISONG,
2026-05-15,ASAHISONG,
2026-05-18,ASAHISONG,
2026-05-19,ASAHISONG,
2026-05-20,ASAHISONG,
2026-05-21,ASAHISONG,
2026-05-22,ASAHISONG,
2026-05-25,ASAHISONG,
2026-05-26,ASAHISONG,
2026-05-27,ASAHISONG,
2026-05-29,ASAHISONG,
2026-06-01,ASAHISONG,
2026-06-02,ASAHISONG,
2026-06-03,ASAHISONG,
2026-06-04,ASAHISONG,
2026-06-05,ASAHISONG,
2026-06-08,ASAHISONG,
2026-06-09,ASAHISONG,
2026-06-10,ASAHISONG,
2026-06-11,ASAHISONG,
2026-06-12,ASAHISONG,
2026-06-15,ASAHISONG,
2026-06-16,ASAHISONG,
2026-06-17,ASAHISONG,
2026-06-18,ASAHISONG,
2026-06-19,ASAHISONG,
2026-06-22,ASAHISONG,
2026-06-23,ASAHISONG,
2026-06-24,ASAHISONG,
2026-06-25,ASAHISONG,
2026-06-29,ASAHISONG,
2026-06-30,ASAHISONG,
2026-07-01,ASAHISONG,
2026-07-02,ASAHISONG,
2026-07-03,ASAHISONG,
2026-07-06,ASAHISONG,
2026-07-07,ASAHISONG,
2026-07-08,ASAHISONG,
2026-07-09,ASAHISONG,
2026-07-10,ASAHISONG,
2026-07-13,ASAHISONG,
2026-07-14,ASAHISONG,
2026-07-15,ASAHISONG,
2026-07-16,ASAHISONG,
2026-07-17,ASAHISONG,
2026-07-20,ASAHISONG,
2026-07-21,ASAHISONG,
2026-07-22,ASAHISONG,
2026-07-23,ASAHISONG,
2026-07-24,ASAHISONG,
2026-07-27,ASAHISONG,
2026-07-28,ASAHISONG,
2026-07-29,ASAHISONG,
2026-07-30,ASAHISONG,
2026-07-31,ASAHISONG,
2026-08-03,ASAHISONG,
2026-08-04,ASAHISONG,
2026-08-05,ASAHISONG,
2026-08-06,ASAHISONG,
2026-08-07,ASAHISONG,
2026-08-10,ASAHISONG,
2026-08-11,ASAHISONG,338.1
2026-08-12,ASAHISONG,338.1
2026-08-13,ASAHISONG,338.1
2026-08-14,ASAHISONG,338.1
2026-08-17,ASAHISONG,338.1
2026-08-18,ASAHISONG,338.1
2026-08-19,ASAHISONG,338.1
2026-08-20,ASAHISONG,338.1
2026-08-21,ASAHISONG,338.1
2026-08-24,ASAHISONG,338.1
2026-08-25,ASAHISONG,338.1
2026-08-26,ASAHISONG,338.1
2026-08-27,ASAHISONG,338.1
2026-08-28,ASAHISONG,338.1
2026-08-31,ASAHISONG,338.1
2026-09-01,ASAHISONG,338.1
2026-09-02,ASAHISONG,338.1
2026-09-03,ASAHISONG,338.1
2026-09-04,ASAHISONG,338.1
2026-09-07,ASAHISONG,338.1
2026-09-08,ASAHISONG,338.1
2026-09-09,ASAHISONG,338.1
2026-09-10,ASAHISONG,338.1
2026-09-11,ASAHISONG,338.1
2025-08-29,ASHAPURMIN,
2025-09-01,ASHAPURMIN,
2025-09-02,ASHAPURMIN,
2025-09-03,ASHAPURMIN,
2025-09-04,ASHAPURMIN,
2025-09-05,ASHAPURMIN,
2025-09-08,ASHAPURMIN,
2025-09-09,ASHAPURMIN,
2025-09-10,ASHAPURMIN,
2025-09-11,ASHAPURMIN,
2025-09-12,ASHAPURMIN,
2025-09-15,ASHAPURMIN,
2025-09-16,ASHAPURMIN,
2025-09-17,ASHAPURMIN,
2025-09-18,ASHAPURMIN,
2025-09-19,ASHAPURMIN,
2025-09-22,ASHAPURMIN,
2025-09-23,ASHAPURMIN,
2025-09-24,ASHAPURMIN,
2025-09-25,ASHAPURMIN,
2025-09-26,ASHAPURMIN,
2025-09-29,ASHAPURMIN,
2025-09-30,ASHAPURMIN,
2025-10-01,ASHAPURMIN,
2025-10-03,ASHAPURMIN,
2025-10-06,ASHAPURMIN,
2025-10-07,ASHAPURMIN,
2025-10-08,ASHAPURMIN,
2025-10-09,ASHAPURMIN,
2025-10-10,ASHAPURMIN,
2025-10-13,ASHAPURMIN,
2025-10-14,ASHAPURMIN,
2025-10-15,ASHAPURMIN,
2025-10-16,ASHAPURMIN,
2025-10-17,ASHAPURMIN,
2025-10-20,ASHAPURMIN,
2025-10-21,ASHAPURMIN,
2025-10-23,ASHAPURMIN,
2025-10-24,ASHAPURMIN,
2025-10-27,ASHAPURMIN,
2025-10-28,ASHAPURMIN,
2025-10-29,ASHAPURMIN,
2025-10-30,ASHAPURMIN,
2025-10-31,ASHAPURMIN,
2025-11-03,ASHAPURMIN,
2025-11-04,ASHAPURMIN,
2025-11-06,ASHAPURMIN,
2025-11-07,ASHAPURMIN,
2025-11-10,ASHAPURMIN,
2025-11-11,ASHAPURMIN,
2025-11-12,ASHAPURMIN,
2025-11-13,ASHAPURMIN,
2025-11-14,ASHAPURMIN,
2025-11-17,ASHAPURMIN,
2025-11-18,ASHAPURMIN,
2025-11-19,ASHAPURMIN,
2025-11-20,ASHAPURMIN,
2025-11-21,ASHAPURMIN,
2025-11-24,ASHAPURMIN,
2025-11-25,ASHAPURMIN,
2025-11-26,ASHAPURMIN,
2025-11-27,ASHAPURMIN,
2025-11-28,ASHAPURMIN,
2025-12-01,ASHAPURMIN,
2025-12-02,ASHAPURMIN,
2025-12-03,ASHAPURMIN,
2025-12-04,ASHAPURMIN,
2025-12-05,ASHAPURMIN,
2025-12-08,ASHAPURMIN,
2025-12-09,ASHAPURMIN,
2025-12-10,ASHAPURMIN,
2025-12-11,ASHAPURMIN,
2025-12-12,ASHAPURMIN,
2025-12-15,ASHAPURMIN,
2025-12-16,ASHAPURMIN,
2025-12-17,ASHAPURMIN,
2025-12-18,ASHAPURMIN,
2025-12-19,ASHAPURMIN,
2025-12-22,ASHAPURMIN,
2025-12-23,ASHAPURMIN,
2025-12-24,ASHAPURMIN,
2025-12-26,ASHAPURMIN,
2025-12-29,ASHAPURMIN,
2025-12-30,ASHAPURMIN,
2025-12-31,ASHAPURMIN,
2026-01-01,ASHAPURMIN,
2026-01-02,ASHAPURMIN,
2026-01-05,ASHAPURMIN,
2026-01-06,ASHAPURMIN,
2026-01-07,ASHAPURMIN,
2026-01-08,ASHAPURMIN,
2026-01-09,ASHAPURMIN,
2026-01-12,ASHAPURMIN,
2026-01-13,ASHAPURMIN,
2026-01-14,ASHAPURMIN,
2026-01-16,ASHAPURMIN,
2026-01-19,ASHAPURMIN,
2026-01-20,ASHAPURMIN,
2026-01-21,ASHAPURMIN,
2026-01-22,ASHAPURMIN,
2026-01-23,ASHAPURMIN,
2026-01-27,ASHAPURMIN,
2026-01-28,ASHAPURMIN,
2026-01-29,ASHAPURMIN,
2026-01-30,ASHAPURMIN,
2026-02-02,ASHAPURMIN,
2026-02-03,ASHAPURMIN,
2026-02-04,ASHAPURMIN,
2026-02-05,ASHAPURMIN,
2026-02-06,ASHAPURMIN,
2026-02-09,ASHAPURMIN,
2026-02-10,ASHAPURMIN,
2026-02-11,ASHAPURMIN,
2026-02-12,ASHAPURMIN,
2026-02-13,ASHAPURMIN,
2026-02-16,ASHAPURMIN,
2026-02-17,ASHAPURMIN,
2026-02-18,ASHAPURMIN,
2026-02-19,ASHAPURMIN,
2026-02-20,ASHAPURMIN,
2026-02-23,ASHAPURMIN,
2026-02-24,ASHAPURMIN,
2026-02-25,ASHAPURMIN,
2026-02-26,ASHAPURMIN,
2026-02-27,ASHAPURMIN,
2026-03-02,ASHAPURMIN,
2026-03-04,ASHAPURMIN,
2026-03-05,ASHAPURMIN,
2026-03-06,ASHAPURMIN,
2026-03-09,ASHAPURMIN,
2026-03-10,ASHAPURMIN,
2026-03-11,ASHAPURMIN,
2026-03-12,ASHAPURMIN,
2026-03-13,ASHAPURMIN,
2026-03-16,ASHAPURMIN,
2026-03-17,ASHAPURMIN,
2026-03-18,ASHAPURMIN,
2026-03-19,ASHAPURMIN,
2026-03-20,ASHAPURMIN,
2026-03-23,ASHAPURMIN,
2026-03-24,ASHAPURMIN,
2026-03-25,ASHAPURMIN,
2026-03-27,ASHAPURMIN,
2026-03-30,ASHAPURMIN,
2026-04-01,ASHAPURMIN,
2026-04-02,ASHAPURMIN,
2026-04-06,ASHAPURMIN,
2026-04-07,ASHAPURMIN,
2026-04-08,ASHAPURMIN,
2026-04-09,ASHAPURMIN,
2026-04-10,ASHAPURMIN,
2026-04-13,ASHAPURMIN,
2026-04-15,ASHAPURMIN,
2026-04-16,ASHAPURMIN,
2026-04-17,ASHAPURMIN,
2026-04-20,ASHAPURMIN,
2026-04-21,ASHAPURMIN,
2026-04-22,ASHAPURMIN,
2026-04-23,ASHAPURMIN,
2026-04-24,ASHAPURMIN,
2026-04-27,ASHAPURMIN,
2026-04-28,ASHAPURMIN,
2026-04-29,ASHAPURMIN,
2026-04-30,ASHAPURMIN,
2026-05-04,ASHAPURMIN,
2026-05-05,ASHAPURMIN,
2026-05-06,ASHAPURMIN,
2026-05-07,ASHAPURMIN,
2026-05-08,ASHAPURMIN,
2026-05-11,ASHAPURMIN,
2026-05-12,ASHAPURMIN,
2026-05-13,ASHAPURMIN,
2026-05-14,ASHAPURMIN,
2026-05-15,ASHAPURMIN,
2026-05-18,ASHAPURMIN,
2026-05-19,ASHAPURMIN,
2026-05-20,ASHAPURMIN,
2026-05-21,ASHAPURMIN,
2026-05-22,ASHAPURMIN,
2026-05-25,ASHAPURMIN,
2026-05-26,ASHAPURMIN,
2026-05-27,ASHAPURMIN,
2026-05-29,ASHAPURMIN,
2026-06-01,ASHAPURMIN,
2026-06-02,ASHAPURMIN,
2026-06-03,ASHAPURMIN,
2026-06-04,ASHAPURMIN,
2026-06-05,ASHAPURMIN,
2026-06-08,ASHAPURMIN,
2026-06-09,ASHAPURMIN,
2026-06-10,ASHAPURMIN,
2026-06-11,ASHAPURMIN,
2026-06-12,ASHAPURMIN,
2026-06-15,ASHAPURMIN,
2026-06-16,ASHAPURMIN,
2026-06-17,ASHAPURMIN,
2026-06-18,ASHAPURMIN,
2026-06-19,ASHAPURMIN,
2026-06-22,ASHAPURMIN,
2026-06-23,ASHAPURMIN,
2026-06-24,ASHAPURMIN,
2026-06-25,ASHAPURMIN,
2026-06-29,ASHAPURMIN,
2026-06-30,ASHAPURMIN,
2026-07-01,ASHAPURMIN,
2026-07-02,ASHAPURMIN,
2026-07-03,ASHAPURMIN,
2026-07-06,ASHAPURMIN,
2026-07-07,ASHAPURMIN,
2026-07-08,ASHAPURMIN,
2026-07-09,ASHAPURMIN,
2026-07-10,ASHAPURMIN,
2026-07-13,ASHAPURMIN,
2026-07-14,ASHAPURMIN,
2026-07-15,ASHAPURMIN,
2026-07-16,ASHAPURMIN,
2026-07-17,ASHAPURMIN,
2026-07-20,ASHAPURMIN,
2026-07-21,ASHAPURMIN,
2026-07-22,ASHAPURMIN,
2026-07-23,ASHAPURMIN,
2026-07-24,ASHAPURMIN,
2026-07-27,ASHAPURMIN,
2026-07-28,ASHAPURMIN,
2026-07-29,ASHAPURMIN,
2026-07-30,ASHAPURMIN,
2026-07-31,ASHAPURMIN,
2026-08-03,ASHAPURMIN,
2026-08-04,ASHAPURMIN,
2026-08-05,ASHAPURMIN,
2026-08-06,ASHAPURMIN,
2026-08-07,ASHAPURMIN,
2026-08-10,ASHAPURMIN,
2026-08-11,ASHAPURMIN,
2026-08-12,ASHAPURMIN,
2026-08-13,ASHAPURMIN,
2026-08-14,ASHAPURMIN,
2026-08-17,ASHAPURMIN,
2026-08-18,ASHAPURMIN,
2026-08-19,ASHAPURMIN,
2026-08-20,ASHAPURMIN,
2026-08-21,ASHAPURMIN,
2026-08-24,ASHAPURMIN,
2026-08-25,ASHAPURMIN,
2026-08-26,ASHAPURMIN,584.3105
2026-08-27,ASHAPURMIN,584.0111
2026-08-28,ASHAPURMIN,584.0111
2026-08-31,ASHAPURMIN,584.0111
2026-09-01,ASHAPURMIN,584.0111
2026-09-02,ASHAPURMIN,584.0111
2026-09-03,ASHAPURMIN,584.0111
2026-09-04,ASHAPURMIN,584.0111
2026-09-07,ASHAPURMIN,584.0111
2026-09-08,ASHAPURMIN,584.0111
2026-09-09,ASHAPURMIN,584.0111
2026-09-10,ASHAPURMIN,584.0111
2026-09-11,ASHAPURMIN,584.0111
2025-08-29,ASTERDM,
2025-09-01,ASTERDM,
2025-09-02,ASTERDM,
2025-09-03,ASTERDM,
2025-09-04,ASTERDM,
2025-09-05,ASTERDM,
2025-09-08,ASTERDM,
2025-09-09,ASTERDM,
2025-09-10,ASTERDM,
2025-09-11,ASTERDM,
2025-09-12,ASTERDM,
2025-09-15,ASTERDM,
2025-09-16,ASTERDM,
2025-09-17,ASTERDM,
2025-09-18,ASTERDM,
2025-09-19,ASTERDM,
2025-09-22,ASTERDM,
2025-09-23,ASTERDM,
2025-09-24,ASTERDM,
2025-09-25,ASTERDM,
2025-09-26,ASTERDM,
2025-09-29,ASTERDM,
2025-09-30,ASTERDM,
2025-10-01,ASTERDM,
2025-10-03,ASTERDM,
2025-10-06,ASTERDM,
2025-10-07,ASTERDM,
2025-10-08,ASTERDM,
2025-10-09,ASTERDM,
2025-10-10,ASTERDM,
2025-10-13,ASTERDM,
2025-10-14,ASTERDM,
2025-10-15,ASTERDM,
2025-10-16,ASTERDM,
2025-10-17,ASTERDM,
2025-10-20,ASTERDM,
2025-10-21,ASTERDM,
2025-10-23,ASTERDM,
2025-10-24,ASTERDM,
2025-10-27,ASTERDM,
2025-10-28,ASTERDM,
2025-10-29,ASTERDM,
2025-10-30,ASTERDM,
2025-10-31,ASTERDM,
2025-11-03,ASTERDM,
2025-11-04,ASTERDM,
2025-11-06,ASTERDM,
2025-11-07,ASTERDM,
2025-11-10,ASTERDM,
2025-11-11,ASTERDM,
2025-11-12,ASTERDM,
2025-11-13,ASTERDM,
2025-11-14,ASTERDM,
2025-11-17,ASTERDM,
2025-11-18,ASTERDM,
2025-11-19,ASTERDM,
2025-11-20,ASTERDM,
2025-11-21,ASTERDM,
2025-11-24,ASTERDM,
2025-11-25,ASTERDM,
2025-11-26,ASTERDM,
2025-11-27,ASTERDM,
2025-11-28,ASTERDM,
2025-12-01,ASTERDM,
2025-12-02,ASTERDM,
2025-12-03,ASTERDM,
2025-12-04,ASTERDM,
2025-12-05,ASTERDM,
2025-12-08,ASTERDM,
2025-12-09,ASTERDM,
2025-12-10,ASTERDM,
2025-12-11,ASTERDM,
2025-12-12,ASTERDM,
2025-12-15,ASTERDM,
2025-12-16,ASTERDM,
2025-12-17,ASTERDM,
2025-12-18,ASTERDM,
2025-12-19,ASTERDM,
2025-12-22,ASTERDM,
2025-12-23,ASTERDM,
2025-12-24,ASTERDM,
2025-12-26,ASTERDM,
2025-12-29,ASTERDM,
2025-12-30,ASTERDM,
2025-12-31,ASTERDM,
2026-01-01,ASTERDM,
2026-01-02,ASTERDM,
2026-01-05,ASTERDM,
2026-01-06,ASTERDM,
2026-01-07,ASTERDM,
2026-01-08,ASTERDM,
2026-01-09,ASTERDM,
2026-01-12,ASTERDM,
2026-01-13,ASTERDM,
2026-01-14,ASTERDM,
2026-01-16,ASTERDM,
2026-01-19,ASTERDM,
2026-01-20,ASTERDM,
2026-01-21,ASTERDM,
2026-01-22,ASTERDM,
2026-01-23,ASTERDM,
2026-01-27,ASTERDM,
2026-01-28,ASTERDM,
2026-01-29,ASTERDM,
2026-01-30,ASTERDM,
2026-02-02,ASTERDM,
2026-02-03,ASTERDM,
2026-02-04,ASTERDM,
2026-02-05,ASTERDM,
2026-02-06,ASTERDM,
2026-02-09,ASTERDM,
2026-02-10,ASTERDM,
2026-02-11,ASTERDM,
2026-02-12,ASTERDM,
2026-02-13,ASTERDM,
2026-02-16,ASTERDM,
2026-02-17,ASTERDM,
2026-02-18,ASTERDM,
2026-02-19,ASTERDM,
2026-02-20,ASTERDM,
2026-02-23,ASTERDM,
2026-02-24,ASTERDM,
2026-02-25,ASTERDM,
2026-02-26,ASTERDM,
2026-02-27,ASTERDM,
2026-03-02,ASTERDM,
2026-03-04,ASTERDM,
2026-03-05,ASTERDM,
2026-03-06,ASTERDM,
2026-03-09,ASTERDM,
2026-03-10,ASTERDM,
2026-03-11,ASTERDM,
2026-03-12,ASTERDM,
2026-03-13,ASTERDM,
2026-03-16,ASTERDM,
2026-03-17,ASTERDM,
2026-03-18,ASTERDM,
2026-03-19,ASTERDM,
2026-03-20,ASTERDM,
2026-03-23,ASTERDM,
2026-03-24,ASTERDM,
2026-03-25,ASTERDM,
2026-03-27,ASTERDM,
2026-03-30,ASTERDM,
2026-04-01,ASTERDM,
2026-04-02,ASTERDM,
2026-04-06,ASTERDM,
2026-04-07,ASTERDM,
2026-04-08,ASTERDM,
2026-04-09,ASTERDM,
2026-04-10,ASTERDM,
2026-04-13,ASTERDM,
2026-04-15,ASTERDM,
2026-04-16,ASTERDM,
2026-04-17,ASTERDM,
2026-04-20,ASTERDM,
2026-04-21,ASTERDM,
2026-04-22,ASTERDM,
2026-04-23,ASTERDM,
2026-04-24,ASTERDM,
2026-04-27,ASTERDM,
2026-04-28,ASTERDM,
2026-04-29,ASTERDM,
2026-04-30,ASTERDM,
2026-05-04,ASTERDM,
2026-05-05,ASTERDM,
2026-05-06,ASTERDM,
2026-05-07,ASTERDM,
2026-05-08,ASTERDM,
2026-05-11,ASTERDM,
2026-05-12,ASTERDM,
2026-05-13,ASTERDM,
2026-05-14,ASTERDM,
2026-05-15,ASTERDM,
2026-05-18,ASTERDM,
2026-05-19,ASTERDM,
2026-05-20,ASTERDM,
2026-05-21,ASTERDM,
2026-05-22,ASTERDM,
2026-05-25,ASTERDM,
2026-05-26,ASTERDM,
2026-05-27,ASTERDM,
2026-05-29,ASTERDM,
2026-06-01,ASTERDM,
2026-06-02,ASTERDM,
2026-06-03,ASTERDM,
2026-06-04,ASTERDM,
2026-06-05,ASTERDM,
2026-06-08,ASTERDM,
2026-06-09,ASTERDM,
2026-06-10,ASTERDM,
2026-06-11,ASTERDM,
2026-06-12,ASTERDM,
2026-06-15,ASTERDM,
2026-06-16,ASTERDM,
2026-06-17,ASTERDM,
2026-06-18,ASTERDM,
2026-06-19,ASTERDM,
2026-06-22,ASTERDM,
2026-06-23,ASTERDM,
2026-06-24,ASTERDM,
2026-06-25,ASTERDM,
2026-06-29,ASTERDM,
2026-06-30,ASTERDM,
2026-07-01,ASTERDM,
2026-07-02,ASTERDM,
2026-07-03,ASTERDM,
2026-07-06,ASTERDM,
2026-07-07,ASTERDM,
2026-07-08,ASTERDM,
2026-07-09,ASTERDM,
2026-07-10,ASTERDM,
2026-07-13,ASTERDM,
2026-07-14,ASTERDM,
2026-07-15,ASTERDM,
2026-07-16,ASTERDM,
2026-07-17,ASTERDM,
2026-07-20,ASTERDM,
2026-07-21,ASTERDM,
2026-07-22,ASTERDM,
2026-07-23,ASTERDM,
2026-07-24,ASTERDM,
2026-07-27,ASTERDM,
2026-07-28,ASTERDM,
2026-07-29,ASTERDM,
2026-07-30,ASTERDM,
2026-07-31,ASTERDM,
2026-08-03,ASTERDM,
2026-08-04,ASTERDM,
2026-08-05,ASTERDM,
2026-08-06,ASTERDM,
2026-08-07,ASTERDM,
2026-08-10,ASTERDM,
2026-08-11,ASTERDM,
2026-08-12,ASTERDM,
2026-08-13,ASTERDM,
2026-08-14,ASTERDM,
2026-08-17,ASTERDM,
2026-08-18,ASTERDM,
2026-08-19,ASTERDM,
2026-08-20,ASTERDM,
2026-08-21,ASTERDM,
2026-08-24,ASTERDM,
2026-08-25,ASTERDM,
2026-08-26,ASTERDM,
2026-08-27,ASTERDM,
2026-08-28,ASTERDM,
2026-08-31,ASTERDM,752.1588
2026-09-01,ASTERDM,755.3949
2026-09-02,ASTERDM,759.6433
2026-09-03,ASTERDM,759.6433
2026-09-04,ASTERDM,759.6433
2026-09-07,ASTERDM,759.6433
2026-09-08,ASTERDM,759.6433
2026-09-09,ASTERDM,759.6433
2026-09-10,ASTERDM,759.6433
2026-09-11,ASTERDM,759.6433
2025-08-29,AURUM,
2025-09-01,AURUM,
2025-09-02,AURUM,
2025-09-03,AURUM,
2025-09-04,AURUM,
2025-09-05,AURUM,
2025-09-08,AURUM,
2025-09-09,AURUM,
2025-09-10,AURUM,
2025-09-11,AURUM,
2025-09-12,AURUM,
2025-09-15,AURUM,
2025-09-16,AURUM,
2025-09-17,AURUM,
2025-09-18,AURUM,
2025-09-19,AURUM,
2025-09-22,AURUM,
2025-09-23,AURUM,
2025-09-24,AURUM,
2025-09-25,AURUM,
2025-09-26,AURUM,
2025-09-29,AURUM,
2025-09-30,AURUM,
2025-10-01,AURUM,
2025-10-03,AURUM,
2025-10-06,AURUM,
2025-10-07,AURUM,
2025-10-08,AURUM,
2025-10-09,AURUM,
2025-10-10,AURUM,
2025-10-13,AURUM,
2025-10-14,AURUM,
2025-10-15,AURUM,
2025-10-16,AURUM,
2025-10-17,AURUM,
2025-10-20,AURUM,
2025-10-21,AURUM,
2025-10-23,AURUM,
2025-10-24,AURUM,
2025-10-27,AURUM,
2025-10-28,AURUM,
2025-10-29,AURUM,
2025-10-30,AURUM,
2025-10-31,AURUM,
2025-11-03,AURUM,
2025-11-04,AURUM,
2025-11-06,AURUM,
2025-11-07,AURUM,
2025-11-10,AURUM,
2025-11-11,AURUM,
2025-11-12,AURUM,
2025-11-13,AURUM,
2025-11-14,AURUM,
2025-11-17,AURUM,
2025-11-18,AURUM,
2025-11-19,AURUM,
2025-11-20,AURUM,
2025-11-21,AURUM,
2025-11-24,AURUM,
2025-11-25,AURUM,
2025-11-26,AURUM,
2025-11-27,AURUM,
2025-11-28,AURUM,
2025-12-01,AURUM,
2025-12-02,AURUM,
2025-12-03,AURUM,
2025-12-04,AURUM,
2025-12-05,AURUM,
2025-12-08,AURUM,
2025-12-09,AURUM,
2025-12-10,AURUM,
2025-12-11,AURUM,
2025-12-12,AURUM,
2025-12-15,AURUM,
2025-12-16,AURUM,
2025-12-17,AURUM,
2025-12-18,AURUM,
2025-12-19,AURUM,
2025-12-22,AURUM,
2025-12-23,AURUM,
2025-12-24,AURUM,
2025-12-26,AURUM,
2025-12-29,AURUM,
2025-12-30,AURUM,
2025-12-31,AURUM,
2026-01-01,AURUM,
2026-01-02,AURUM,
2026-01-05,AURUM,
2026-01-06,AURUM,
2026-01-07,AURUM,
2026-01-08,AURUM,
2026-01-09,AURUM,
2026-01-12,AURUM,
2026-01-13,AURUM,
2026-01-14,AURUM,
2026-01-16,AURUM,
2026-01-19,AURUM,
2026-01-20,AURUM,
2026-01-21,AURUM,
2026-01-22,AURUM,
2026-01-23,AURUM,
2026-01-27,AURUM,
2026-01-28,AURUM,
2026-01-29,AURUM,
2026-01-30,AURUM,
2026-02-02,AURUM,
2026-02-03,AURUM,
2026-02-04,AURUM,
2026-02-05,AURUM,
2026-02-06,AURUM,
2026-02-09,AURUM,
2026-02-10,AURUM,
2026-02-11,AURUM,
2026-02-12,AURUM,
2026-02-13,AURUM,
2026-02-16,AURUM,
2026-02-17,AURUM,
2026-02-18,AURUM,
2026-02-19,AURUM,
2026-02-20,AURUM,
2026-02-23,AURUM,
2026-02-24,AURUM,
2026-02-25,AURUM,
2026-02-26,AURUM,
2026-02-27,AURUM,
2026-03-02,AURUM,
2026-03-04,AURUM,
2026-03-05,AURUM,
2026-03-06,AURUM,
2026-03-09,AURUM,
2026-03-10,AURUM,
2026-03-11,AURUM,
2026-03-12,AURUM,
2026-03-13,AURUM,
2026-03-16,AURUM,
2026-03-17,AURUM,
2026-03-18,AURUM,
2026-03-19,AURUM,
2026-03-20,AURUM,
2026-03-23,AURUM,
2026-03-24,AURUM,
2026-03-25,AURUM,
2026-03-27,AURUM,
2026-03-30,AURUM,
2026-04-01,AURUM,
2026-04-02,AURUM,
2026-04-06,AURUM,
2026-04-07,AURUM,
2026-04-08,AURUM,
2026-04-09,AURUM,
2026-04-10,AURUM,
2026-04-13,AURUM,
2026-04-15,AURUM,
2026-04-16,AURUM,
2026-04-17,AURUM,
2026-04-20,AURUM,
2026-04-21,AURUM,
2026-04-22,AURUM,
2026-04-23,AURUM,
2026-04-24,AURUM,
2026-04-27,AURUM,
2026-04-28,AURUM,
2026-04-29,AURUM,
2026-04-30,AURUM,
2026-05-04,AURUM,
2026-05-05,AURUM,
2026-05-06,AURUM,
2026-05-07,AURUM,
2026-05-08,AURUM,
2026-05-11,AURUM,
2026-05-12,AURUM,
2026-05-13,AURUM,
2026-05-14,AURUM,
2026-05-15,AURUM,
2026-05-18,AURUM,
2026-05-19,AURUM,
2026-05-20,AURUM,
2026-05-21,AURUM,
2026-05-22,AURUM,
2026-05-25,AURUM,
2026-05-26,AURUM,
2026-05-27,AURUM,
2026-05-29,AURUM,
2026-06-01,AURUM,
2026-06-02,AURUM,
2026-06-03,AURUM,
2026-06-04,AURUM,
2026-06-05,AURUM,
2026-06-08,AURUM,
2026-06-09,AURUM,
2026-06-10,AURUM,
2026-06-11,AURUM,
2026-06-12,AURUM,
2026-06-15,AURUM,192.5563
2026-06-16,AURUM,192.5563
2026-06-17,AURUM,192.5563
2026-06-18,AURUM,195.9833
2026-06-19,AURUM,198.8142
2026-06-22,AURUM,201.5218
2026-06-23,AURUM,201.5218
2026-06-24,AURUM,202.4205
2026-06-25,AURUM,202.4205
2026-06-29,AURUM,203.7385
2026-06-30,AURUM,203.7385
2026-07-01,AURUM,203.7385
2026-07-02,AURUM,203.7385
2026-07-03,AURUM,203.7385
2026-07-06,AURUM,203.7385
2026-07-07,AURUM,203.7385
2026-07-08,AURUM,203.7385
2026-07-09,AURUM,203.7385
2026-07-10,AURUM,203.7385
2026-07-13,AURUM,203.7385
2026-07-14,AURUM,203.7385
2026-07-15,AURUM,203.7385
2026-07-16,AURUM,203.7385
2026-07-17,AURUM,203.7385
2026-07-20,AURUM,203.7385
2026-07-21,AURUM,203.7385
2026-07-22,AURUM,203.7385
2026-07-23,AURUM,203.7385
2026-07-24,AURUM,203.7385
2026-07-27,AURUM,203.7385
2026-07-28,AURUM,203.7385
2026-07-29,AURUM,203.7385
2026-07-30,AURUM,203.7385
2026-07-31,AURUM,203.7385
2026-08-03,AURUM,203.7385
2026-08-04,AURUM,203.7385
2026-08-05,AURUM,203.7385
2026-08-06,AURUM,203.7385
2026-08-07,AURUM,203.7385
2026-08-10,AURUM,203.7385
2026-08-11,AURUM,203.7385
2026-08-12,AURUM,203.7385
2026-08-13,AURUM,203.7385
2026-08-14,AURUM,203.7385
2026-08-17,AURUM,203.7385
2026-08-18,AURUM,203.7385
2026-08-19,AURUM,203.7385
2026-08-20,AURUM,203.7385
2026-08-21,AURUM,203.7385
2026-08-24,AURUM,203.7385
2026-08-25,AURUM,203.7385
2026-08-26,AURUM,203.7385
2026-08-27,AURUM,203.7385
2026-08-28,AURUM,203.7385
2026-08-31,AURUM,203.7385
2026-09-01,AURUM,203.7385
2026-09-02,AURUM,203.7385
2026-09-03,AURUM,203.7385
2026-09-04,AURUM,203.7385
2026-09-07,AURUM,203.7385
2026-09-08,AURUM,203.7385
2026-09-09,AURUM,203.7385
2026-09-10,AURUM,203.7385
2026-09-11,AURUM,203.7385
2025-08-29,AVONMORE,
2025-09-01,AVONMORE,
2025-09-02,AVONMORE,
2025-09-03,AVONMORE,
2025-09-04,AVONMORE,
2025-09-05,AVONMORE,
2025-09-08,AVONMORE,
2025-09-09,AVONMORE,
2025-09-10,AVONMORE,
2025-09-11,AVONMORE,
2025-09-12,AVONMORE,
2025-09-15,AVONMORE,
2025-09-16,AVONMORE,
2025-09-17,AVONMORE,
2025-09-18,AVONMORE,
2025-09-19,AVONMORE,
2025-09-22,AVONMORE,
2025-09-23,AVONMORE,
2025-09-24,AVONMORE,
2025-09-25,AVONMORE,
2025-09-26,AVONMORE,
2025-09-29,AVONMORE,
2025-09-30,AVONMORE,
2025-10-01,AVONMORE,
2025-10-03,AVONMORE,
2025-10-06,AVONMORE,
2025-10-07,AVONMORE,
2025-10-08,AVONMORE,
2025-10-09,AVONMORE,
2025-10-10,AVONMORE,
2025-10-13,AVONMORE,
2025-10-14,AVONMORE,
2025-10-15,AVONMORE,
2025-10-16,AVONMORE,
2025-10-17,AVONMORE,
2025-10-20,AVONMORE,
2025-10-21,AVONMORE,
2025-10-23,AVONMORE,
2025-10-24,AVONMORE,
2025-10-27,AVONMORE,
2025-10-28,AVONMORE,
2025-10-29,AVONMORE,
2025-10-30,AVONMORE,
2025-10-31,AVONMORE,
2025-11-03,AVONMORE,
2025-11-04,AVONMORE,
2025-11-06,AVONMORE,
2025-11-07,AVONMORE,
2025-11-10,AVONMORE,
2025-11-11,AVONMORE,
2025-11-12,AVONMORE,
2025-11-13,AVONMORE,
2025-11-14,AVONMORE,
2025-11-17,AVONMORE,
2025-11-18,AVONMORE,
2025-11-19,AVONMORE,
2025-11-20,AVONMORE,
2025-11-21,AVONMORE,
2025-11-24,AVONMORE,
2025-11-25,AVONMORE,
2025-11-26,AVONMORE,
2025-11-27,AVONMORE,
2025-11-28,AVONMORE,
2025-12-01,AVONMORE,
2025-12-02,AVONMORE,
2025-12-03,AVONMORE,
2025-12-04,AVONMORE,
2025-12-05,AVONMORE,
2025-12-08,AVONMORE,
2025-12-09,AVONMORE,
2025-12-10,AVONMORE,
2025-12-11,AVONMORE,
2025-12-12,AVONMORE,
2025-12-15,AVONMORE,
2025-12-16,AVONMORE,
2025-12-17,AVONMORE,
2025-12-18,AVONMORE,
2025-12-19,AVONMORE,
2025-12-22,AVONMORE,
2025-12-23,AVONMORE,
2025-12-24,AVONMORE,
2025-12-26,AVONMORE,
2025-12-29,AVONMORE,
2025-12-30,AVONMORE,
2025-12-31,AVONMORE,
2026-01-01,AVONMORE,
2026-01-02,AVONMORE,
2026-01-05,AVONMORE,
2026-01-06,AVONMORE,
2026-01-07,AVONMORE,
2026-01-08,AVONMORE,
2026-01-09,AVONMORE,
2026-01-12,AVONMORE,
2026-01-13,AVONMORE,
2026-01-14,AVONMORE,
2026-01-16,AVONMORE,
2026-01-19,AVONMORE,
2026-01-20,AVONMORE,
2026-01-21,AVONMORE,
2026-01-22,AVONMORE,
2026-01-23,AVONMORE,
2026-01-27,AVONMORE,
2026-01-28,AVONMORE,
2026-01-29,AVONMORE,
2026-01-30,AVONMORE,
2026-02-02,AVONMORE,
2026-02-03,AVONMORE,
2026-02-04,AVONMORE,
2026-02-05,AVONMORE,
2026-02-06,AVONMORE,
2026-02-09,AVONMORE,
2026-02-10,AVONMORE,
2026-02-11,AVONMORE,
2026-02-12,AVONMORE,
2026-02-13,AVONMORE,
2026-02-16,AVONMORE,
2026-02-17,AVONMORE,
2026-02-18,AVONMORE,
2026-02-19,AVONMORE,
2026-02-20,AVONMORE,
2026-02-23,AVONMORE,
2026-02-24,AVONMORE,
2026-02-25,AVONMORE,
2026-02-26,AVONMORE,
2026-02-27,AVONMORE,
2026-03-02,AVONMORE,
2026-03-04,AVONMORE,
2026-03-05,AVONMORE,
2026-03-06,AVONMORE,
2026-03-09,AVONMORE,
2026-03-10,AVONMORE,
2026-03-11,AVONMORE,
2026-03-12,AVONMORE,
2026-03-13,AVONMORE,
2026-03-16,AVONMORE,
2026-03-17,AVONMORE,
2026-03-18,AVONMORE,
2026-03-19,AVONMORE,
2026-03-20,AVONMORE,
2026-03-23,AVONMORE,
2026-03-24,AVONMORE,
2026-03-25,AVONMORE,
2026-03-27,AVONMORE,
2026-03-30,AVONMORE,
2026-04-01,AVONMORE,
2026-04-02,AVONMORE,
2026-04-06,AVONMORE,
2026-04-07,AVONMORE,
2026-04-08,AVONMORE,
2026-04-09,AVONMORE,
2026-04-10,AVONMORE,
2026-04-13,AVONMORE,
2026-04-15,AVONMORE,
2026-04-16,AVONMORE,
2026-04-17,AVONMORE,
2026-04-20,AVONMORE,
2026-04-21,AVONMORE,
2026-04-22,AVONMORE,
2026-04-23,AVONMORE,
2026-04-24,AVONMORE,
2026-04-27,AVONMORE,
2026-04-28,AVONMORE,
2026-04-29,AVONMORE,
2026-04-30,AVONMORE,
2026-05-04,AVONMORE,
2026-05-05,AVONMORE,
2026-05-06,AVONMORE,
2026-05-07,AVONMORE,
2026-05-08,AVONMORE,
2026-05-11,AVONMORE,
2026-05-12,AVONMORE,
2026-05-13,AVONMORE,
2026-05-14,AVONMORE,
2026-05-15,AVONMORE,
2026-05-18,AVONMORE,
2026-05-19,AVONMORE,
2026-05-20,AVONMORE,
2026-05-21,AVONMORE,
2026-05-22,AVONMORE,
2026-05-25,AVONMORE,
2026-05-26,AVONMORE,
2026-05-27,AVONMORE,
2026-05-29,AVONMORE,
2026-06-01,AVONMORE,
2026-06-02,AVONMORE,
2026-06-03,AVONMORE,
2026-06-04,AVONMORE,
2026-06-05,AVONMORE,
2026-06-08,AVONMORE,
2026-06-09,AVONMORE,
2026-06-10,AVONMORE,
2026-06-11,AVONMORE,
2026-06-12,AVONMORE,
2026-06-15,AVONMORE,
2026-06-16,AVONMORE,
2026-06-17,AVONMORE,
2026-06-18,AVONMORE,
2026-06-19,AVONMORE,
2026-06-22,AVONMORE,
2026-06-23,AVONMORE,
2026-06-24,AVONMORE,
2026-06-25,AVONMORE,
2026-06-29,AVONMORE,
2026-06-30,AVONMORE,
2026-07-01,AVONMORE,
2026-07-02,AVONMORE,
2026-07-03,AVONMORE,
2026-07-06,AVONMORE,
2026-07-07,AVONMORE,
2026-07-08,AVONMORE,
2026-07-09,AVONMORE,
2026-07-10,AVONMORE,
2026-07-13,AVONMORE,
2026-07-14,AVONMORE,
2026-07-15,AVONMORE,
2026-07-16,AVONMORE,
2026-07-17,AVONMORE,
2026-07-20,AVONMORE,
2026-07-21,AVONMORE,
2026-07-22,AVONMORE,
2026-07-23,AVONMORE,
2026-07-24,AVONMORE,
2026-07-27,AVONMORE,
2026-07-28,AVONMORE,
2026-07-29,AVONMORE,
2026-07-30,AVONMORE,
2026-07-31,AVONMORE,
2026-08-03,AVONMORE,
2026-08-04,AVONMORE,
2026-08-05,AVONMORE,
2026-08-06,AVONMORE,
2026-08-07,AVONMORE,
2026-08-10,AVONMORE,11.2871
2026-08-11,AVONMORE,11.3387
2026-08-12,AVONMORE,11.3491
2026-08-13,AVONMORE,11.3491
2026-08-14,AVONMORE,11.3491
2026-08-17,AVONMORE,11.3491
2026-08-18,AVONMORE,11.6103
2026-08-19,AVONMORE,11.736
2026-08-20,AVONMORE,11.844
2026-08-21,AVONMORE,11.9436
2026-08-24,AVONMORE,12.0491
2026-08-25,AVONMORE,12.096
2026-08-26,AVONMORE,12.2412
2026-08-27,AVONMORE,12.2686
2026-08-28,AVONMORE,12.2967
2026-08-31,AVONMORE,12.3607
2026-09-01,AVONMORE,12.3685
2026-09-02,AVONMORE,12.3685
2026-09-03,AVONMORE,12.3984
2026-09-04,AVONMORE,12.4344
2026-09-07,AVONMORE,12.4771
2026-09-08,AVONMORE,12.5366
2026-09-09,AVONMORE,12.5723
2026-09-10,AVONMORE,12.6445
2026-09-11,AVONMORE,12.6445
2025-08-29,BAJAJHCARE,
2025-09-01,BAJAJHCARE,
2025-09-02,BAJAJHCARE,
2025-09-03,BAJAJHCARE,
2025-09-04,BAJAJHCARE,
2025-09-05,BAJAJHCARE,
2025-09-08,BAJAJHCARE,
2025-09-09,BAJAJHCARE,
2025-09-10,BAJAJHCARE,
2025-09-11,BAJAJHCARE,
2025-09-12,BAJAJHCARE,
2025-09-15,BAJAJHCARE,
2025-09-16,BAJAJHCARE,
2025-09-17,BAJAJHCARE,
2025-09-18,BAJAJHCARE,
2025-09-19,BAJAJHCARE,
2025-09-22,BAJAJHCARE,
2025-09-23,BAJAJHCARE,
2025-09-24,BAJAJHCARE,
2025-09-25,BAJAJHCARE,
2025-09-26,BAJAJHCARE,
2025-09-29,BAJAJHCARE,
2025-09-30,BAJAJHCARE,
2025-10-01,BAJAJHCARE,
2025-10-03,BAJAJHCARE,
2025-10-06,BAJAJHCARE,
2025-10-07,BAJAJHCARE,
2025-10-08,BAJAJHCARE,
2025-10-09,BAJAJHCARE,
2025-10-10,BAJAJHCARE,
2025-10-13,BAJAJHCARE,
2025-10-14,BAJAJHCARE,
2025-10-15,BAJAJHCARE,
2025-10-16,BAJAJHCARE,
2025-10-17,BAJAJHCARE,
2025-10-20,BAJAJHCARE,
2025-10-21,BAJAJHCARE,
2025-10-23,BAJAJHCARE,
2025-10-24,BAJAJHCARE,
2025-10-27,BAJAJHCARE,
2025-10-28,BAJAJHCARE,
2025-10-29,BAJAJHCARE,
2025-10-30,BAJAJHCARE,
2025-10-31,BAJAJHCARE,
2025-11-03,BAJAJHCARE,
2025-11-04,BAJAJHCARE,
2025-11-06,BAJAJHCARE,
2025-11-07,BAJAJHCARE,
2025-11-10,BAJAJHCARE,
2025-11-11,BAJAJHCARE,
2025-11-12,BAJAJHCARE,
2025-11-13,BAJAJHCARE,
2025-11-14,BAJAJHCARE,
2025-11-17,BAJAJHCARE,
2025-11-18,BAJAJHCARE,
2025-11-19,BAJAJHCARE,
2025-11-20,BAJAJHCARE,
2025-11-21,BAJAJHCARE,
2025-11-24,BAJAJHCARE,
2025-11-25,BAJAJHCARE,
2025-11-26,BAJAJHCARE,
2025-11-27,BAJAJHCARE,
2025-11-28,BAJAJHCARE,
2025-12-01,BAJAJHCARE,
2025-12-02,BAJAJHCARE,
2025-12-03,BAJAJHCARE,
2025-12-04,BAJAJHCARE,
2025-12-05,BAJAJHCARE,
2025-12-08,BAJAJHCARE,
2025-12-09,BAJAJHCARE,
2025-12-10,BAJAJHCARE,
2025-12-11,BAJAJHCARE,
2025-12-12,BAJAJHCARE,
2025-12-15,BAJAJHCARE,
2025-12-16,BAJAJHCARE,
2025-12-17,BAJAJHCARE,
2025-12-18,BAJAJHCARE,
2025-12-19,BAJAJHCARE,
2025-12-22,BAJAJHCARE,
2025-12-23,BAJAJHCARE,
2025-12-24,BAJAJHCARE,
2025-12-26,BAJAJHCARE,
2025-12-29,BAJAJHCARE,
2025-12-30,BAJAJHCARE,
2025-12-31,BAJAJHCARE,
2026-01-01,BAJAJHCARE,
2026-01-02,BAJAJHCARE,
2026-01-05,BAJAJHCARE,
2026-01-06,BAJAJHCARE,
2026-01-07,BAJAJHCARE,
2026-01-08,BAJAJHCARE,
2026-01-09,BAJAJHCARE,
2026-01-12,BAJAJHCARE,
2026-01-13,BAJAJHCARE,
2026-01-14,BAJAJHCARE,
2026-01-16,BAJAJHCARE,
2026-01-19,BAJAJHCARE,
2026-01-20,BAJAJHCARE,
2026-01-21,BAJAJHCARE,
2026-01-22,BAJAJHCARE,
2026-01-23,BAJAJHCARE,
2026-01-27,BAJAJHCARE,
2026-01-28,BAJAJHCARE,
2026-01-29,BAJAJHCARE,
2026-01-30,BAJAJHCARE,
2026-02-02,BAJAJHCARE,
2026-02-03,BAJAJHCARE,
2026-02-04,BAJAJHCARE,
2026-02-05,BAJAJHCARE,
2026-02-06,BAJAJHCARE,
2026-02-09,BAJAJHCARE,
2026-02-10,BAJAJHCARE,
2026-02-11,BAJAJHCARE,
2026-02-12,BAJAJHCARE,
2026-02-13,BAJAJHCARE,
2026-02-16,BAJAJHCARE,
2026-02-17,BAJAJHCARE,
2026-02-18,BAJAJHCARE,
2026-02-19,BAJAJHCARE,
2026-02-20,BAJAJHCARE,
2026-02-23,BAJAJHCARE,
2026-02-24,BAJAJHCARE,
2026-02-25,BAJAJHCARE,
2026-02-26,BAJAJHCARE,
2026-02-27,BAJAJHCARE,
2026-03-02,BAJAJHCARE,
2026-03-04,BAJAJHCARE,
2026-03-05,BAJAJHCARE,
2026-03-06,BAJAJHCARE,
2026-03-09,BAJAJHCARE,
2026-03-10,BAJAJHCARE,
2026-03-11,BAJAJHCARE,
2026-03-12,BAJAJHCARE,
2026-03-13,BAJAJHCARE,
2026-03-16,BAJAJHCARE,
2026-03-17,BAJAJHCARE,
2026-03-18,BAJAJHCARE,
2026-03-19,BAJAJHCARE,
2026-03-20,BAJAJHCARE,
2026-03-23,BAJAJHCARE,
2026-03-24,BAJAJHCARE,
2026-03-25,BAJAJHCARE,
2026-03-27,BAJAJHCARE,
2026-03-30,BAJAJHCARE,
2026-04-01,BAJAJHCARE,
2026-04-02,BAJAJHCARE,
2026-04-06,BAJAJHCARE,
2026-04-07,BAJAJHCARE,
2026-04-08,BAJAJHCARE,
2026-04-09,BAJAJHCARE,
2026-04-10,BAJAJHCARE,
2026-04-13,BAJAJHCARE,
2026-04-15,BAJAJHCARE,
2026-04-16,BAJAJHCARE,
2026-04-17,BAJAJHCARE,
2026-04-20,BAJAJHCARE,
2026-04-21,BAJAJHCARE,
2026-04-22,BAJAJHCARE,
2026-04-23,BAJAJHCARE,
2026-04-24,BAJAJHCARE,
2026-04-27,BAJAJHCARE,
2026-04-28,BAJAJHCARE,
2026-04-29,BAJAJHCARE,
2026-04-30,BAJAJHCARE,
2026-05-04,BAJAJHCARE,
2026-05-05,BAJAJHCARE,
2026-05-06,BAJAJHCARE,
2026-05-07,BAJAJHCARE,
2026-05-08,BAJAJHCARE,
2026-05-11,BAJAJHCARE,
2026-05-12,BAJAJHCARE,
2026-05-13,BAJAJHCARE,
2026-05-14,BAJAJHCARE,
2026-05-15,BAJAJHCARE,
2026-05-18,BAJAJHCARE,
2026-05-19,BAJAJHCARE,
2026-05-20,BAJAJHCARE,
2026-05-21,BAJAJHCARE,
2026-05-22,BAJAJHCARE,
2026-05-25,BAJAJHCARE,
2026-05-26,BAJAJHCARE,
2026-05-27,BAJAJHCARE,
2026-05-29,BAJAJHCARE,
2026-06-01,BAJAJHCARE,
2026-06-02,BAJAJHCARE,
2026-06-03,BAJAJHCARE,
2026-06-04,BAJAJHCARE,
2026-06-05,BAJAJHCARE,
2026-06-08,BAJAJHCARE,
2026-06-09,BAJAJHCARE,
2026-06-10,BAJAJHCARE,
2026-06-11,BAJAJHCARE,
2026-06-12,BAJAJHCARE,297.3015
2026-06-15,BAJAJHCARE,297.3015
2026-06-16,BAJAJHCARE,297.3015
2026-06-17,BAJAJHCARE,297.3015
2026-06-18,BAJAJHCARE,297.3015
2026-06-19,BAJAJHCARE,297.3015
2026-06-22,BAJAJHCARE,297.3015
2026-06-23,BAJAJHCARE,297.3015
2026-06-24,BAJAJHCARE,297.3015
2026-06-25,BAJAJHCARE,297.3015
2026-06-29,BAJAJHCARE,297.3015
2026-06-30,BAJAJHCARE,297.3015
2026-07-01,BAJAJHCARE,297.3015
2026-07-02,BAJAJHCARE,297.3015
2026-07-03,BAJAJHCARE,297.3015
2026-07-06,BAJAJHCARE,297.3015
2026-07-07,BAJAJHCARE,297.3015
2026-07-08,BAJAJHCARE,297.3015
2026-07-09,BAJAJHCARE,297.3015
2026-07-10,BAJAJHCARE,297.3015
2026-07-13,BAJAJHCARE,297.3015
2026-07-14,BAJAJHCARE,297.3015
2026-07-15,BAJAJHCARE,297.3015
2026-07-16,BAJAJHCARE,297.3015
2026-07-17,BAJAJHCARE,297.3015
2026-07-20,BAJAJHCARE,297.3015
2026-07-21,BAJAJHCARE,297.3015
2026-07-22,BAJAJHCARE,297.3015
2026-07-23,BAJAJHCARE,297.3015
2026-07-24,BAJAJHCARE,297.3015
2026-07-27,BAJAJHCARE,297.3015
2026-07-28,BAJAJHCARE,297.3015
2026-07-29,BAJAJHCARE,297.3015
2026-07-30,BAJAJHCARE,297.3015
2026-07-31,BAJAJHCARE,297.3015
2026-08-03,BAJAJHCARE,297.3015
2026-08-04,BAJAJHCARE,297.3015
2026-08-05,BAJAJHCARE,297.3015
2026-08-06,BAJAJHCARE,297.3015
2026-08-07,BAJAJHCARE,297.3015
2026-08-10,BAJAJHCARE,297.3015
2026-08-11,BAJAJHCARE,297.3015
2026-08-12,BAJAJHCARE,297.3015
2026-08-13,BAJAJHCARE,297.3015
2026-08-14,BAJAJHCARE,297.3015
2026-08-17,BAJAJHCARE,297.3015
2026-08-18,BAJAJHCARE,297.3015
2026-08-19,BAJAJHCARE,297.3015
2026-08-20,BAJAJHCARE,297.3015
2026-08-21,BAJAJHCARE,297.3015
2026-08-24,BAJAJHCARE,297.3015
2026-08-25,BAJAJHCARE,297.3015
2026-08-26,BAJAJHCARE,297.3015
2026-08-27,BAJAJHCARE,297.3015
2026-08-28,BAJAJHCARE,297.3015
2026-08-31,BAJAJHCARE,297.3015
2026-09-01,BAJAJHCARE,297.3015
2026-09-02,BAJAJHCARE,297.3015
2026-09-03,BAJAJHCARE,297.3015
2026-09-04,BAJAJHCARE,297.3015
2026-09-07,BAJAJHCARE,297.3015
2026-09-08,BAJAJHCARE,297.3015
2026-09-09,BAJAJHCARE,297.3015
2026-09-10,BAJAJHCARE,297.3015
2026-09-11,BAJAJHCARE,297.3015
2025-08-29,BERGEPAINT,
2025-09-01,BERGEPAINT,
2025-09-02,BERGEPAINT,
2025-09-03,BERGEPAINT,
2025-09-04,BERGEPAINT,
2025-09-05,BERGEPAINT,
2025-09-08,BERGEPAINT,
2025-09-09,BERGEPAINT,
2025-09-10,BERGEPAINT,
2025-09-11,BERGEPAINT,
2025-09-12,BERGEPAINT,
2025-09-15,BERGEPAINT,
2025-09-16,BERGEPAINT,
2025-09-17,BERGEPAINT,
2025-09-18,BERGEPAINT,
2025-09-19,BERGEPAINT,
2025-09-22,BERGEPAINT,
2025-09-23,BERGEPAINT,
2025-09-24,BERGEPAINT,
2025-09-25,BERGEPAINT,
2025-09-26,BERGEPAINT,
2025-09-29,BERGEPAINT,
2025-09-30,BERGEPAINT,
2025-10-01,BERGEPAINT,
2025-10-03,BERGEPAINT,
2025-10-06,BERGEPAINT,
2025-10-07,BERGEPAINT,
2025-10-08,BERGEPAINT,
2025-10-09,BERGEPAINT,
2025-10-10,BERGEPAINT,
2025-10-13,BERGEPAINT,
2025-10-14,BERGEPAINT,
2025-10-15,BERGEPAINT,
2025-10-16,BERGEPAINT,
2025-10-17,BERGEPAINT,
2025-10-20,BERGEPAINT,
2025-10-21,BERGEPAINT,
2025-10-23,BERGEPAINT,
2025-10-24,BERGEPAINT,
2025-10-27,BERGEPAINT,
2025-10-28,BERGEPAINT,
2025-10-29,BERGEPAINT,
2025-10-30,BERGEPAINT,
2025-10-31,BERGEPAINT,
2025-11-03,BERGEPAINT,
2025-11-04,BERGEPAINT,
2025-11-06,BERGEPAINT,
2025-11-07,BERGEPAINT,
2025-11-10,BERGEPAINT,
2025-11-11,BERGEPAINT,
2025-11-12,BERGEPAINT,
2025-11-13,BERGEPAINT,
2025-11-14,BERGEPAINT,
2025-11-17,BERGEPAINT,
2025-11-18,BERGEPAINT,
2025-11-19,BERGEPAINT,
2025-11-20,BERGEPAINT,
2025-11-21,BERGEPAINT,
2025-11-24,BERGEPAINT,
2025-11-25,BERGEPAINT,
2025-11-26,BERGEPAINT,
2025-11-27,BERGEPAINT,
2025-11-28,BERGEPAINT,
2025-12-01,BERGEPAINT,
2025-12-02,BERGEPAINT,
2025-12-03,BERGEPAINT,
2025-12-04,BERGEPAINT,
2025-12-05,BERGEPAINT,
2025-12-08,BERGEPAINT,
2025-12-09,BERGEPAINT,
2025-12-10,BERGEPAINT,
2025-12-11,BERGEPAINT,
2025-12-12,BERGEPAINT,
2025-12-15,BERGEPAINT,
2025-12-16,BERGEPAINT,
2025-12-17,BERGEPAINT,
2025-12-18,BERGEPAINT,
2025-12-19,BERGEPAINT,
2025-12-22,BERGEPAINT,
2025-12-23,BERGEPAINT,
2025-12-24,BERGEPAINT,
2025-12-26,BERGEPAINT,
2025-12-29,BERGEPAINT,
2025-12-30,BERGEPAINT,
2025-12-31,BERGEPAINT,
2026-01-01,BERGEPAINT,
2026-01-02,BERGEPAINT,
2026-01-05,BERGEPAINT,
2026-01-06,BERGEPAINT,
2026-01-07,BERGEPAINT,
2026-01-08,BERGEPAINT,
2026-01-09,BERGEPAINT,
2026-01-12,BERGEPAINT,
2026-01-13,BERGEPAINT,
2026-01-14,BERGEPAINT,
2026-01-16,BERGEPAINT,
2026-01-19,BERGEPAINT,
2026-01-20,BERGEPAINT,
2026-01-21,BERGEPAINT,
2026-01-22,BERGEPAINT,
2026-01-23,BERGEPAINT,
2026-01-27,BERGEPAINT,
2026-01-28,BERGEPAINT,
2026-01-29,BERGEPAINT,
2026-01-30,BERGEPAINT,
2026-02-02,BERGEPAINT,
2026-02-03,BERGEPAINT,
2026-02-04,BERGEPAINT,
2026-02-05,BERGEPAINT,
2026-02-06,BERGEPAINT,
2026-02-09,BERGEPAINT,
2026-02-10,BERGEPAINT,
2026-02-11,BERGEPAINT,
2026-02-12,BERGEPAINT,
2026-02-13,BERGEPAINT,
2026-02-16,BERGEPAINT,
2026-02-17,BERGEPAINT,
2026-02-18,BERGEPAINT,
2026-02-19,BERGEPAINT,
2026-02-20,BERGEPAINT,
2026-02-23,BERGEPAINT,
2026-02-24,BERGEPAINT,
2026-02-25,BERGEPAINT,
2026-02-26,BERGEPAINT,
2026-02-27,BERGEPAINT,
2026-03-02,BERGEPAINT,
2026-03-04,BERGEPAINT,
2026-03-05,BERGEPAINT,
2026-03-06,BERGEPAINT,
2026-03-09,BERGEPAINT,
2026-03-10,BERGEPAINT,
2026-03-11,BERGEPAINT,
2026-03-12,BERGEPAINT,
2026-03-13,BERGEPAINT,
2026-03-16,BERGEPAINT,
2026-03-17,BERGEPAINT,
2026-03-18,BERGEPAINT,
2026-03-19,BERGEPAINT,
2026-03-20,BERGEPAINT,
2026-03-23,BERGEPAINT,
2026-03-24,BERGEPAINT,
2026-03-25,BERGEPAINT,
2026-03-27,BERGEPAINT,
2026-03-30,BERGEPAINT,
2026-04-01,BERGEPAINT,
2026-04-02,BERGEPAINT,
2026-04-06,BERGEPAINT,
2026-04-07,BERGEPAINT,
2026-04-08,BERGEPAINT,
2026-04-09,BERGEPAINT,
2026-04-10,BERGEPAINT,
2026-04-13,BERGEPAINT,
2026-04-15,BERGEPAINT,
2026-04-16,BERGEPAINT,
2026-04-17,BERGEPAINT,
2026-04-20,BERGEPAINT,
2026-04-21,BERGEPAINT,
2026-04-22,BERGEPAINT,
2026-04-23,BERGEPAINT,
2026-04-24,BERGEPAINT,
2026-04-27,BERGEPAINT,
2026-04-28,BERGEPAINT,
2026-04-29,BERGEPAINT,
2026-04-30,BERGEPAINT,
2026-05-04,BERGEPAINT,
2026-05-05,BERGEPAINT,
2026-05-06,BERGEPAINT,
2026-05-07,BERGEPAINT,
2026-05-08,BERGEPAINT,
2026-05-11,BERGEPAINT,
2026-05-12,BERGEPAINT,
2026-05-13,BERGEPAINT,
2026-05-14,BERGEPAINT,
2026-05-15,BERGEPAINT,
2026-05-18,BERGEPAINT,
2026-05-19,BERGEPAINT,
2026-05-20,BERGEPAINT,
2026-05-21,BERGEPAINT,
2026-05-22,BERGEPAINT,
2026-05-25,BERGEPAINT,
2026-05-26,BERGEPAINT,
2026-05-27,BERGEPAINT,
2026-05-29,BERGEPAINT,
2026-06-01,BERGEPAINT,
2026-06-02,BERGEPAINT,
2026-06-03,BERGEPAINT,
2026-06-04,BERGEPAINT,
2026-06-05,BERGEPAINT,
2026-06-08,BERGEPAINT,
2026-06-09,BERGEPAINT,
2026-06-10,BERGEPAINT,
2026-06-11,BERGEPAINT,
2026-06-12,BERGEPAINT,
2026-06-15,BERGEPAINT,
2026-06-16,BERGEPAINT,
2026-06-17,BERGEPAINT,
2026-06-18,BERGEPAINT,
2026-06-19,BERGEPAINT,
2026-06-22,BERGEPAINT,
2026-06-23,BERGEPAINT,
2026-06-24,BERGEPAINT,
2026-06-25,BERGEPAINT,
2026-06-29,BERGEPAINT,
2026-06-30,BERGEPAINT,
2026-07-01,BERGEPAINT,
2026-07-02,BERGEPAINT,
2026-07-03,BERGEPAINT,
2026-07-06,BERGEPAINT,
2026-07-07,BERGEPAINT,
2026-07-08,BERGEPAINT,
2026-07-09,BERGEPAINT,
2026-07-10,BERGEPAINT,
2026-07-13,BERGEPAINT,
2026-07-14,BERGEPAINT,
2026-07-15,BERGEPAINT,
2026-07-16,BERGEPAINT,
2026-07-17,BERGEPAINT,
2026-07-20,BERGEPAINT,
2026-07-21,BERGEPAINT,
2026-07-22,BERGEPAINT,
2026-07-23,BERGEPAINT,
2026-07-24,BERGEPAINT,
2026-07-27,BERGEPAINT,
2026-07-28,BERGEPAINT,
2026-07-29,BERGEPAINT,
2026-07-30,BERGEPAINT,
2026-07-31,BERGEPAINT,
2026-08-03,BERGEPAINT,
2026-08-04,BERGEPAINT,
2026-08-05,BERGEPAINT,
2026-08-06,BERGEPAINT,
2026-08-07,BERGEPAINT,
2026-08-10,BERGEPAINT,
2026-08-11,BERGEPAINT,
2026-08-12,BERGEPAINT,
2026-08-13,BERGEPAINT,
2026-08-14,BERGEPAINT,
2026-08-17,BERGEPAINT,
2026-08-18,BERGEPAINT,
2026-08-19,BERGEPAINT,
2026-08-20,BERGEPAINT,
2026-08-21,BERGEPAINT,
2026-08-24,BERGEPAINT,
2026-08-25,BERGEPAINT,
2026-08-26,BERGEPAINT,
2026-08-27,BERGEPAINT,
2026-08-28,BERGEPAINT,
2026-08-31,BERGEPAINT,
2026-09-01,BERGEPAINT,
2026-09-02,BERGEPAINT,
2026-09-03,BERGEPAINT,
2026-09-04,BERGEPAINT,
2026-09-07,BERGEPAINT,489.5623
2026-09-08,BERGEPAINT,489.5623
2026-09-09,BERGEPAINT,489.5623
2026-09-10,BERGEPAINT,489.5623
2026-09-11,BERGEPAINT,489.5623
2025-08-29,BHAGERIA,
2025-09-01,BHAGERIA,
2025-09-02,BHAGERIA,
2025-09-03,BHAGERIA,
2025-09-04,BHAGERIA,
2025-09-05,BHAGERIA,
2025-09-08,BHAGERIA,
2025-09-09,BHAGERIA,
2025-09-10,BHAGERIA,
2025-09-11,BHAGERIA,
2025-09-12,BHAGERIA,
2025-09-15,BHAGERIA,
2025-09-16,BHAGERIA,
2025-09-17,BHAGERIA,
2025-09-18,BHAGERIA,
2025-09-19,BHAGERIA,
2025-09-22,BHAGERIA,
2025-09-23,BHAGERIA,
2025-09-24,BHAGERIA,
2025-09-25,BHAGERIA,
2025-09-26,BHAGERIA,
2025-09-29,BHAGERIA,
2025-09-30,BHAGERIA,
2025-10-01,BHAGERIA,
2025-10-03,BHAGERIA,
2025-10-06,BHAGERIA,
2025-10-07,BHAGERIA,
2025-10-08,BHAGERIA,
2025-10-09,BHAGERIA,
2025-10-10,BHAGERIA,
2025-10-13,BHAGERIA,
2025-10-14,BHAGERIA,
2025-10-15,BHAGERIA,
2025-10-16,BHAGERIA,
2025-10-17,BHAGERIA,
2025-10-20,BHAGERIA,
2025-10-21,BHAGERIA,
2025-10-23,BHAGERIA,
2025-10-24,BHAGERIA,
2025-10-27,BHAGERIA,
2025-10-28,BHAGERIA,
2025-10-29,BHAGERIA,
2025-10-30,BHAGERIA,
2025-10-31,BHAGERIA,
2025-11-03,BHAGERIA,
2025-11-04,BHAGERIA,
2025-11-06,BHAGERIA,
2025-11-07,BHAGERIA,
2025-11-10,BHAGERIA,
2025-11-11,BHAGERIA,
2025-11-12,BHAGERIA,
2025-11-13,BHAGERIA,
2025-11-14,BHAGERIA,
2025-11-17,BHAGERIA,
2025-11-18,BHAGERIA,
2025-11-19,BHAGERIA,
2025-11-20,BHAGERIA,
2025-11-21,BHAGERIA,
2025-11-24,BHAGERIA,
2025-11-25,BHAGERIA,
2025-11-26,BHAGERIA,
2025-11-27,BHAGERIA,
2025-11-28,BHAGERIA,
2025-12-01,BHAGERIA,
2025-12-02,BHAGERIA,
2025-12-03,BHAGERIA,
2025-12-04,BHAGERIA,
2025-12-05,BHAGERIA,
2025-12-08,BHAGERIA,
2025-12-09,BHAGERIA,
2025-12-10,BHAGERIA,
2025-12-11,BHAGERIA,
2025-12-12,BHAGERIA,
2025-12-15,BHAGERIA,
2025-12-16,BHAGERIA,
2025-12-17,BHAGERIA,
2025-12-18,BHAGERIA,
2025-12-19,BHAGERIA,
2025-12-22,BHAGERIA,
2025-12-23,BHAGERIA,
2025-12-24,BHAGERIA,
2025-12-26,BHAGERIA,
2025-12-29,BHAGERIA,
2025-12-30,BHAGERIA,
2025-12-31,BHAGERIA,
2026-01-01,BHAGERIA,
2026-01-02,BHAGERIA,
2026-01-05,BHAGERIA,
2026-01-06,BHAGERIA,
2026-01-07,BHAGERIA,
2026-01-08,BHAGERIA,
2026-01-09,BHAGERIA,
2026-01-12,BHAGERIA,
2026-01-13,BHAGERIA,
2026-01-14,BHAGERIA,
2026-01-16,BHAGERIA,
2026-01-19,BHAGERIA,
2026-01-20,BHAGERIA,
2026-01-21,BHAGERIA,
2026-01-22,BHAGERIA,
2026-01-23,BHAGERIA,
2026-01-27,BHAGERIA,
2026-01-28,BHAGERIA,
2026-01-29,BHAGERIA,
2026-01-30,BHAGERIA,
2026-02-02,BHAGERIA,
2026-02-03,BHAGERIA,
2026-02-04,BHAGERIA,
2026-02-05,BHAGERIA,
2026-02-06,BHAGERIA,
2026-02-09,BHAGERIA,
2026-02-10,BHAGERIA,
2026-02-11,BHAGERIA,
2026-02-12,BHAGERIA,
2026-02-13,BHAGERIA,
2026-02-16,BHAGERIA,
2026-02-17,BHAGERIA,
2026-02-18,BHAGERIA,
2026-02-19,BHAGERIA,
2026-02-20,BHAGERIA,
2026-02-23,BHAGERIA,
2026-02-24,BHAGERIA,
2026-02-25,BHAGERIA,
2026-02-26,BHAGERIA,
2026-02-27,BHAGERIA,
2026-03-02,BHAGERIA,
2026-03-04,BHAGERIA,
2026-03-05,BHAGERIA,
2026-03-06,BHAGERIA,
2026-03-09,BHAGERIA,
2026-03-10,BHAGERIA,
2026-03-11,BHAGERIA,
2026-03-12,BHAGERIA,
2026-03-13,BHAGERIA,
2026-03-16,BHAGERIA,
2026-03-17,BHAGERIA,
2026-03-18,BHAGERIA,
2026-03-19,BHAGERIA,
2026-03-20,BHAGERIA,
2026-03-23,BHAGERIA,
2026-03-24,BHAGERIA,
2026-03-25,BHAGERIA,
2026-03-27,BHAGERIA,
2026-03-30,BHAGERIA,
2026-04-01,BHAGERIA,
2026-04-02,BHAGERIA,
2026-04-06,BHAGERIA,
2026-04-07,BHAGERIA,
2026-04-08,BHAGERIA,
2026-04-09,BHAGERIA,
2026-04-10,BHAGERIA,
2026-04-13,BHAGERIA,
2026-04-15,BHAGERIA,
2026-04-16,BHAGERIA,
2026-04-17,BHAGERIA,
2026-04-20,BHAGERIA,
2026-04-21,BHAGERIA,
2026-04-22,BHAGERIA,
2026-04-23,BHAGERIA,
2026-04-24,BHAGERIA,
2026-04-27,BHAGERIA,
2026-04-28,BHAGERIA,
2026-04-29,BHAGERIA,
2026-04-30,BHAGERIA,
2026-05-04,BHAGERIA,
2026-05-05,BHAGERIA,
2026-05-06,BHAGERIA,
2026-05-07,BHAGERIA,
2026-05-08,BHAGERIA,
2026-05-11,BHAGERIA,
2026-05-12,BHAGERIA,
2026-05-13,BHAGERIA,
2026-05-14,BHAGERIA,
2026-05-15,BHAGERIA,
2026-05-18,BHAGERIA,
2026-05-19,BHAGERIA,
2026-05-20,BHAGERIA,
2026-05-21,BHAGERIA,
2026-05-22,BHAGERIA,
2026-05-25,BHAGERIA,
2026-05-26,BHAGERIA,
2026-05-27,BHAGERIA,
2026-05-29,BHAGERIA,
2026-06-01,BHAGERIA,
2026-06-02,BHAGERIA,
2026-06-03,BHAGERIA,
2026-06-04,BHAGERIA,
2026-06-05,BHAGERIA,
2026-06-08,BHAGERIA,
2026-06-09,BHAGERIA,
2026-06-10,BHAGERIA,
2026-06-11,BHAGERIA,
2026-06-12,BHAGERIA,
2026-06-15,BHAGERIA,
2026-06-16,BHAGERIA,
2026-06-17,BHAGERIA,
2026-06-18,BHAGERIA,
2026-06-19,BHAGERIA,
2026-06-22,BHAGERIA,
2026-06-23,BHAGERIA,
2026-06-24,BHAGERIA,
2026-06-25,BHAGERIA,
2026-06-29,BHAGERIA,
2026-06-30,BHAGERIA,
2026-07-01,BHAGERIA,
2026-07-02,BHAGERIA,
2026-07-03,BHAGERIA,
2026-07-06,BHAGERIA,
2026-07-07,BHAGERIA,
2026-07-08,BHAGERIA,
2026-07-09,BHAGERIA,
2026-07-10,BHAGERIA,
2026-07-13,BHAGERIA,
2026-07-14,BHAGERIA,
2026-07-15,BHAGERIA,
2026-07-16,BHAGERIA,
2026-07-17,BHAGERIA,
2026-07-20,BHAGERIA,
2026-07-21,BHAGERIA,
2026-07-22,BHAGERIA,
2026-07-23,BHAGERIA,
2026-07-24,BHAGERIA,
2026-07-27,BHAGERIA,
2026-07-28,BHAGERIA,
2026-07-29,BHAGERIA,
2026-07-30,BHAGERIA,
2026-07-31,BHAGERIA,
2026-08-03,BHAGERIA,
2026-08-04,BHAGERIA,
2026-08-05,BHAGERIA,
2026-08-06,BHAGERIA,
2026-08-07,BHAGERIA,
2026-08-10,BHAGERIA,
2026-08-11,BHAGERIA,
2026-08-12,BHAGERIA,
2026-08-13,BHAGERIA,
2026-08-14,BHAGERIA,
2026-08-17,BHAGERIA,
2026-08-18,BHAGERIA,
2026-08-19,BHAGERIA,
2026-08-20,BHAGERIA,204.6433
2026-08-21,BHAGERIA,205.3266
2026-08-24,BHAGERIA,209.0115
2026-08-25,BHAGERIA,213.9264
2026-08-26,BHAGERIA,215.9639
2026-08-27,BHAGERIA,215.9639
2026-08-28,BHAGERIA,215.9639
2026-08-31,BHAGERIA,215.9639
2026-09-01,BHAGERIA,215.9639
2026-09-02,BHAGERIA,215.9639
2026-09-03,BHAGERIA,215.9639
2026-09-04,BHAGERIA,215.9639
2026-09-07,BHAGERIA,215.9639
2026-09-08,BHAGERIA,215.9639
2026-09-09,BHAGERIA,215.9639
2026-09-10,BHAGERIA,215.9639
2026-09-11,BHAGERIA,215.9639
2025-08-29,BLBLIMITED,
2025-09-01,BLBLIMITED,
2025-09-02,BLBLIMITED,
2025-09-03,BLBLIMITED,
2025-09-04,BLBLIMITED,
2025-09-05,BLBLIMITED,
2025-09-08,BLBLIMITED,
2025-09-09,BLBLIMITED,
2025-09-10,BLBLIMITED,
2025-09-11,BLBLIMITED,
2025-09-12,BLBLIMITED,
2025-09-15,BLBLIMITED,
2025-09-16,BLBLIMITED,
2025-09-17,BLBLIMITED,
2025-09-18,BLBLIMITED,
2025-09-19,BLBLIMITED,
2025-09-22,BLBLIMITED,
2025-09-23,BLBLIMITED,
2025-09-24,BLBLIMITED,
2025-09-25,BLBLIMITED,
2025-09-26,BLBLIMITED,
2025-09-29,BLBLIMITED,
2025-09-30,BLBLIMITED,
2025-10-01,BLBLIMITED,
2025-10-03,BLBLIMITED,
2025-10-06,BLBLIMITED,
2025-10-07,BLBLIMITED,
2025-10-08,BLBLIMITED,
2025-10-09,BLBLIMITED,
2025-10-10,BLBLIMITED,
2025-10-13,BLBLIMITED,
2025-10-14,BLBLIMITED,
2025-10-15,BLBLIMITED,
2025-10-16,BLBLIMITED,
2025-10-17,BLBLIMITED,
2025-10-20,BLBLIMITED,
2025-10-21,BLBLIMITED,
2025-10-23,BLBLIMITED,
2025-10-24,BLBLIMITED,
2025-10-27,BLBLIMITED,
2025-10-28,BLBLIMITED,
2025-10-29,BLBLIMITED,
2025-10-30,BLBLIMITED,
2025-10-31,BLBLIMITED,
2025-11-03,BLBLIMITED,
2025-11-04,BLBLIMITED,
2025-11-06,BLBLIMITED,
2025-11-07,BLBLIMITED,
2025-11-10,BLBLIMITED,
2025-11-11,BLBLIMITED,
2025-11-12,BLBLIMITED,
2025-11-13,BLBLIMITED,
2025-11-14,BLBLIMITED,
2025-11-17,BLBLIMITED,
2025-11-18,BLBLIMITED,
2025-11-19,BLBLIMITED,
2025-11-20,BLBLIMITED,
2025-11-21,BLBLIMITED,
2025-11-24,BLBLIMITED,
2025-11-25,BLBLIMITED,
2025-11-26,BLBLIMITED,
2025-11-27,BLBLIMITED,
2025-11-28,BLBLIMITED,
2025-12-01,BLBLIMITED,
2025-12-02,BLBLIMITED,
2025-12-03,BLBLIMITED,
2025-12-04,BLBLIMITED,
2025-12-05,BLBLIMITED,
2025-12-08,BLBLIMITED,
2025-12-09,BLBLIMITED,
2025-12-10,BLBLIMITED,
2025-12-11,BLBLIMITED,
2025-12-12,BLBLIMITED,
2025-12-15,BLBLIMITED,
2025-12-16,BLBLIMITED,
2025-12-17,BLBLIMITED,
2025-12-18,BLBLIMITED,
2025-12-19,BLBLIMITED,
2025-12-22,BLBLIMITED,
2025-12-23,BLBLIMITED,
2025-12-24,BLBLIMITED,
2025-12-26,BLBLIMITED,
2025-12-29,BLBLIMITED,
2025-12-30,BLBLIMITED,
2025-12-31,BLBLIMITED,
2026-01-01,BLBLIMITED,
2026-01-02,BLBLIMITED,
2026-01-05,BLBLIMITED,
2026-01-06,BLBLIMITED,
2026-01-07,BLBLIMITED,
2026-01-08,BLBLIMITED,
2026-01-09,BLBLIMITED,
2026-01-12,BLBLIMITED,
2026-01-13,BLBLIMITED,
2026-01-14,BLBLIMITED,
2026-01-16,BLBLIMITED,
2026-01-19,BLBLIMITED,
2026-01-20,BLBLIMITED,
2026-01-21,BLBLIMITED,
2026-01-22,BLBLIMITED,
2026-01-23,BLBLIMITED,
2026-01-27,BLBLIMITED,
2026-01-28,BLBLIMITED,
2026-01-29,BLBLIMITED,
2026-01-30,BLBLIMITED,
2026-02-02,BLBLIMITED,
2026-02-03,BLBLIMITED,
2026-02-04,BLBLIMITED,
2026-02-05,BLBLIMITED,
2026-02-06,BLBLIMITED,
2026-02-09,BLBLIMITED,
2026-02-10,BLBLIMITED,
2026-02-11,BLBLIMITED,
2026-02-12,BLBLIMITED,
2026-02-13,BLBLIMITED,
2026-02-16,BLBLIMITED,
2026-02-17,BLBLIMITED,
2026-02-18,BLBLIMITED,
2026-02-19,BLBLIMITED,
2026-02-20,BLBLIMITED,
2026-02-23,BLBLIMITED,
2026-02-24,BLBLIMITED,
2026-02-25,BLBLIMITED,
2026-02-26,BLBLIMITED,
2026-02-27,BLBLIMITED,
2026-03-02,BLBLIMITED,
2026-03-04,BLBLIMITED,
2026-03-05,BLBLIMITED,
2026-03-06,BLBLIMITED,
2026-03-09,BLBLIMITED,
2026-03-10,BLBLIMITED,
2026-03-11,BLBLIMITED,
2026-03-12,BLBLIMITED,
2026-03-13,BLBLIMITED,
2026-03-16,BLBLIMITED,
2026-03-17,BLBLIMITED,
2026-03-18,BLBLIMITED,
2026-03-19,BLBLIMITED,
2026-03-20,BLBLIMITED,
2026-03-23,BLBLIMITED,
2026-03-24,BLBLIMITED,
2026-03-25,BLBLIMITED,
2026-03-27,BLBLIMITED,
2026-03-30,BLBLIMITED,
2026-04-01,BLBLIMITED,
2026-04-02,BLBLIMITED,
2026-04-06,BLBLIMITED,
2026-04-07,BLBLIMITED,
2026-04-08,BLBLIMITED,
2026-04-09,BLBLIMITED,
2026-04-10,BLBLIMITED,
2026-04-13,BLBLIMITED,
2026-04-15,BLBLIMITED,
2026-04-16,BLBLIMITED,
2026-04-17,BLBLIMITED,
2026-04-20,BLBLIMITED,
2026-04-21,BLBLIMITED,
2026-04-22,BLBLIMITED,
2026-04-23,BLBLIMITED,
2026-04-24,BLBLIMITED,
2026-04-27,BLBLIMITED,
2026-04-28,BLBLIMITED,
2026-04-29,BLBLIMITED,
2026-04-30,BLBLIMITED,
2026-05-04,BLBLIMITED,
2026-05-05,BLBLIMITED,
2026-05-06,BLBLIMITED,
2026-05-07,BLBLIMITED,
2026-05-08,BLBLIMITED,
2026-05-11,BLBLIMITED,
2026-05-12,BLBLIMITED,
2026-05-13,BLBLIMITED,
2026-05-14,BLBLIMITED,
2026-05-15,BLBLIMITED,
2026-05-18,BLBLIMITED,
2026-05-19,BLBLIMITED,
2026-05-20,BLBLIMITED,
2026-05-21,BLBLIMITED,
2026-05-22,BLBLIMITED,
2026-05-25,BLBLIMITED,
2026-05-26,BLBLIMITED,
2026-05-27,BLBLIMITED,
2026-05-29,BLBLIMITED,
2026-06-01,BLBLIMITED,
2026-06-02,BLBLIMITED,
2026-06-03,BLBLIMITED,
2026-06-04,BLBLIMITED,
2026-06-05,BLBLIMITED,
2026-06-08,BLBLIMITED,
2026-06-09,BLBLIMITED,
2026-06-10,BLBLIMITED,
2026-06-11,BLBLIMITED,
2026-06-12,BLBLIMITED,
2026-06-15,BLBLIMITED,
2026-06-16,BLBLIMITED,
2026-06-17,BLBLIMITED,
2026-06-18,BLBLIMITED,
2026-06-19,BLBLIMITED,
2026-06-22,BLBLIMITED,
2026-06-23,BLBLIMITED,
2026-06-24,BLBLIMITED,
2026-06-25,BLBLIMITED,
2026-06-29,BLBLIMITED,
2026-06-30,BLBLIMITED,
2026-07-01,BLBLIMITED,
2026-07-02,BLBLIMITED,
2026-07-03,BLBLIMITED,
2026-07-06,BLBLIMITED,
2026-07-07,BLBLIMITED,
2026-07-08,BLBLIMITED,
2026-07-09,BLBLIMITED,
2026-07-10,BLBLIMITED,
2026-07-13,BLBLIMITED,
2026-07-14,BLBLIMITED,
2026-07-15,BLBLIMITED,
2026-07-16,BLBLIMITED,
2026-07-17,BLBLIMITED,
2026-07-20,BLBLIMITED,
2026-07-21,BLBLIMITED,
2026-07-22,BLBLIMITED,
2026-07-23,BLBLIMITED,
2026-07-24,BLBLIMITED,
2026-07-27,BLBLIMITED,
2026-07-28,BLBLIMITED,
2026-07-29,BLBLIMITED,
2026-07-30,BLBLIMITED,
2026-07-31,BLBLIMITED,
2026-08-03,BLBLIMITED,
2026-08-04,BLBLIMITED,
2026-08-05,BLBLIMITED,
2026-08-06,BLBLIMITED,
2026-08-07,BLBLIMITED,
2026-08-10,BLBLIMITED,
2026-08-11,BLBLIMITED,
2026-08-12,BLBLIMITED,
2026-08-13,BLBLIMITED,
2026-08-14,BLBLIMITED,
2026-08-17,BLBLIMITED,
2026-08-18,BLBLIMITED,
2026-08-19,BLBLIMITED,
2026-08-20,BLBLIMITED,
2026-08-21,BLBLIMITED,
2026-08-24,BLBLIMITED,
2026-08-25,BLBLIMITED,16.02
2026-08-26,BLBLIMITED,16.02
2026-08-27,BLBLIMITED,16.0218
2026-08-28,BLBLIMITED,16.0196
2026-08-31,BLBLIMITED,16.0258
2026-09-01,BLBLIMITED,16.0264
2026-09-02,BLBLIMITED,16.0289
2026-09-03,BLBLIMITED,16.0289
2026-09-04,BLBLIMITED,16.0563
2026-09-07,BLBLIMITED,16.0806
2026-09-08,BLBLIMITED,16.1132
2026-09-09,BLBLIMITED,16.1132
2026-09-10,BLBLIMITED,16.1209
2026-09-11,BLBLIMITED,16.1209
2025-10-01,BMWVENTLTD,
2025-10-03,BMWVENTLTD,
2025-10-06,BMWVENTLTD,
2025-10-07,BMWVENTLTD,
2025-10-08,BMWVENTLTD,
2025-10-09,BMWVENTLTD,
2025-10-10,BMWVENTLTD,
2025-10-13,BMWVENTLTD,
2025-10-14,BMWVENTLTD,
2025-10-15,BMWVENTLTD,
2025-10-16,BMWVENTLTD,
2025-10-17,BMWVENTLTD,
2025-10-20,BMWVENTLTD,
2025-10-21,BMWVENTLTD,
2025-10-23,BMWVENTLTD,
2025-10-24,BMWVENTLTD,
2025-10-27,BMWVENTLTD,
2025-10-28,BMWVENTLTD,
2025-10-29,BMWVENTLTD,
2025-10-30,BMWVENTLTD,
2025-10-31,BMWVENTLTD,
2025-11-03,BMWVENTLTD,
2025-11-04,BMWVENTLTD,
2025-11-06,BMWVENTLTD,
2025-11-07,BMWVENTLTD,
2025-11-10,BMWVENTLTD,
2025-11-11,BMWVENTLTD,
2025-11-12,BMWVENTLTD,
2025-11-13,BMWVENTLTD,
2025-11-14,BMWVENTLTD,
2025-11-17,BMWVENTLTD,
2025-11-18,BMWVENTLTD,
2025-11-19,BMWVENTLTD,
2025-11-20,BMWVENTLTD,
2025-11-21,BMWVENTLTD,
2025-11-24,BMWVENTLTD,
2025-11-25,BMWVENTLTD,
2025-11-26,BMWVENTLTD,
2025-11-27,BMWVENTLTD,
2025-11-28,BMWVENTLTD,
2025-12-01,BMWVENTLTD,
2025-12-02,BMWVENTLTD,
2025-12-03,BMWVENTLTD,
2025-12-04,BMWVENTLTD,
2025-12-05,BMWVENTLTD,
2025-12-08,BMWVENTLTD,
2025-12-09,BMWVENTLTD,
2025-12-10,BMWVENTLTD,
2025-12-11,BMWVENTLTD,
2025-12-12,BMWVENTLTD,
2025-12-15,BMWVENTLTD,
2025-12-16,BMWVENTLTD,
2025-12-17,BMWVENTLTD,
2025-12-18,BMWVENTLTD,
2025-12-19,BMWVENTLTD,
2025-12-22,BMWVENTLTD,
2025-12-23,BMWVENTLTD,
2025-12-24,BMWVENTLTD,
2025-12-26,BMWVENTLTD,
2025-12-29,BMWVENTLTD,
2025-12-30,BMWVENTLTD,
2025-12-31,BMWVENTLTD,
2026-01-01,BMWVENTLTD,
2026-01-02,BMWVENTLTD,
2026-01-05,BMWVENTLTD,
2026-01-06,BMWVENTLTD,
2026-01-07,BMWVENTLTD,
2026-01-08,BMWVENTLTD,
2026-01-09,BMWVENTLTD,
2026-01-12,BMWVENTLTD,
2026-01-13,BMWVENTLTD,
2026-01-14,BMWVENTLTD,
2026-01-16,BMWVENTLTD,
2026-01-19,BMWVENTLTD,
2026-01-20,BMWVENTLTD,
2026-01-21,BMWVENTLTD,
2026-01-22,BMWVENTLTD,
2026-01-23,BMWVENTLTD,
2026-01-27,BMWVENTLTD,
2026-01-28,BMWVENTLTD,
2026-01-29,BMWVENTLTD,
2026-01-30,BMWVENTLTD,
2026-02-02,BMWVENTLTD,
2026-02-03,BMWVENTLTD,
2026-02-04,BMWVENTLTD,
2026-02-05,BMWVENTLTD,
2026-02-06,BMWVENTLTD,
2026-02-09,BMWVENTLTD,
2026-02-10,BMWVENTLTD,
2026-02-11,BMWVENTLTD,
2026-02-12,BMWVENTLTD,
2026-02-13,BMWVENTLTD,
2026-02-16,BMWVENTLTD,
2026-02-17,BMWVENTLTD,
2026-02-18,BMWVENTLTD,
2026-02-19,BMWVENTLTD,
2026-02-20,BMWVENTLTD,
2026-02-23,BMWVENTLTD,
2026-02-24,BMWVENTLTD,
2026-02-25,BMWVENTLTD,
2026-02-26,BMWVENTLTD,
2026-02-27,BMWVENTLTD,
2026-03-02,BMWVENTLTD,
2026-03-04,BMWVENTLTD,
2026-03-05,BMWVENTLTD,
2026-03-06,BMWVENTLTD,
2026-03-09,BMWVENTLTD,
2026-03-10,BMWVENTLTD,
2026-03-11,BMWVENTLTD,
2026-03-12,BMWVENTLTD,
2026-03-13,BMWVENTLTD,
2026-03-16,BMWVENTLTD,
2026-03-17,BMWVENTLTD,
2026-03-18,BMWVENTLTD,
2026-03-19,BMWVENTLTD,
2026-03-20,BMWVENTLTD,
2026-03-23,BMWVENTLTD,
2026-03-24,BMWVENTLTD,
2026-03-25,BMWVENTLTD,
2026-03-27,BMWVENTLTD,
2026-03-30,BMWVENTLTD,
2026-04-01,BMWVENTLTD,
2026-04-02,BMWVENTLTD,
2026-04-06,BMWVENTLTD,
2026-04-07,BMWVENTLTD,
2026-04-08,BMWVENTLTD,
2026-04-09,BMWVENTLTD,
2026-04-10,BMWVENTLTD,
2026-04-13,BMWVENTLTD,
2026-04-15,BMWVENTLTD,
2026-04-16,BMWVENTLTD,
2026-04-17,BMWVENTLTD,
2026-04-20,BMWVENTLTD,
2026-04-21,BMWVENTLTD,
2026-04-22,BMWVENTLTD,
2026-04-23,BMWVENTLTD,
2026-04-24,BMWVENTLTD,
2026-04-27,BMWVENTLTD,
2026-04-28,BMWVENTLTD,
2026-04-29,BMWVENTLTD,
2026-04-30,BMWVENTLTD,
2026-05-04,BMWVENTLTD,
2026-05-05,BMWVENTLTD,
2026-05-06,BMWVENTLTD,
2026-05-07,BMWVENTLTD,
2026-05-08,BMWVENTLTD,
2026-05-11,BMWVENTLTD,
2026-05-12,BMWVENTLTD,
2026-05-13,BMWVENTLTD,
2026-05-14,BMWVENTLTD,
2026-05-15,BMWVENTLTD,
2026-05-18,BMWVENTLTD,
2026-05-19,BMWVENTLTD,
2026-05-20,BMWVENTLTD,
2026-05-21,BMWVENTLTD,
2026-05-22,BMWVENTLTD,
2026-05-25,BMWVENTLTD,
2026-05-26,BMWVENTLTD,
2026-05-27,BMWVENTLTD,
2026-05-29,BMWVENTLTD,
2026-06-01,BMWVENTLTD,
2026-06-02,BMWVENTLTD,
2026-06-03,BMWVENTLTD,
2026-06-04,BMWVENTLTD,
2026-06-05,BMWVENTLTD,
2026-06-08,BMWVENTLTD,
2026-06-09,BMWVENTLTD,
2026-06-10,BMWVENTLTD,
2026-06-11,BMWVENTLTD,
2026-06-12,BMWVENTLTD,
2026-06-15,BMWVENTLTD,
2026-06-16,BMWVENTLTD,
2026-06-17,BMWVENTLTD,
2026-06-18,BMWVENTLTD,
2026-06-19,BMWVENTLTD,
2026-06-22,BMWVENTLTD,
2026-06-23,BMWVENTLTD,
2026-06-24,BMWVENTLTD,
2026-06-25,BMWVENTLTD,
2026-06-29,BMWVENTLTD,
2026-06-30,BMWVENTLTD,
2026-07-01,BMWVENTLTD,
2026-07-02,BMWVENTLTD,
2026-07-03,BMWVENTLTD,
2026-07-06,BMWVENTLTD,
2026-07-07,BMWVENTLTD,
2026-07-08,BMWVENTLTD,
2026-07-09,BMWVENTLTD,
2026-07-10,BMWVENTLTD,
2026-07-13,BMWVENTLTD,
2026-07-14,BMWVENTLTD,
2026-07-15,BMWVENTLTD,
2026-07-16,BMWVENTLTD,
2026-07-17,BMWVENTLTD,
2026-07-20,BMWVENTLTD,
2026-07-21,BMWVENTLTD,
2026-07-22,BMWVENTLTD,
2026-07-23,BMWVENTLTD,
2026-07-24,BMWVENTLTD,
2026-07-27,BMWVENTLTD,
2026-07-28,BMWVENTLTD,
2026-07-29,BMWVENTLTD,
2026-07-30,BMWVENTLTD,
2026-07-31,BMWVENTLTD,
2026-08-03,BMWVENTLTD,
2026-08-04,BMWVENTLTD,
2026-08-05,BMWVENTLTD,60.0933
2026-08-06,BMWVENTLTD,60.1322
2026-08-07,BMWVENTLTD,60.1322
2026-08-10,BMWVENTLTD,60.1322
2026-08-11,BMWVENTLTD,60.1322
2026-08-12,BMWVENTLTD,60.1322
2026-08-13,BMWVENTLTD,60.1322
2026-08-14,BMWVENTLTD,60.1322
2026-08-17,BMWVENTLTD,60.1322
2026-08-18,BMWVENTLTD,60.1322
2026-08-19,BMWVENTLTD,60.1322
2026-08-20,BMWVENTLTD,60.1322
2026-08-21,BMWVENTLTD,60.1322
2026-08-24,BMWVENTLTD,60.1322
2026-08-25,BMWVENTLTD,60.1322
2026-08-26,BMWVENTLTD,60.1322
2026-08-27,BMWVENTLTD,60.1322
2026-08-28,BMWVENTLTD,60.1322
2026-08-31,BMWVENTLTD,60.1322
2026-09-01,BMWVENTLTD,60.1322
2026-09-02,BMWVENTLTD,60.1322
2026-09-03,BMWVENTLTD,60.1322
2026-09-04,BMWVENTLTD,60.1322
2026-09-07,BMWVENTLTD,60.1322
2026-09-08,BMWVENTLTD,60.1322
2026-09-09,BMWVENTLTD,60.1322
2026-09-10,BMWVENTLTD,60.1322
2026-09-11,BMWVENTLTD,60.1322
2025-08-29,CHEMBOND,
2025-09-01,CHEMBOND,
2025-09-02,CHEMBOND,
2025-09-03,CHEMBOND,
2025-09-04,CHEMBOND,
2025-09-05,CHEMBOND,
2025-09-08,CHEMBOND,
2025-09-09,CHEMBOND,
2025-09-10,CHEMBOND,
2025-09-11,CHEMBOND,
2025-09-12,CHEMBOND,
2025-09-15,CHEMBOND,
2025-09-16,CHEMBOND,
2025-09-17,CHEMBOND,
2025-09-18,CHEMBOND,
2025-09-19,CHEMBOND,
2025-09-22,CHEMBOND,
2025-09-23,CHEMBOND,
2025-09-24,CHEMBOND,
2025-09-25,CHEMBOND,
2025-09-26,CHEMBOND,
2025-09-29,CHEMBOND,
2025-09-30,CHEMBOND,
2025-10-01,CHEMBOND,
2025-10-03,CHEMBOND,
2025-10-06,CHEMBOND,
2025-10-07,CHEMBOND,
2025-10-08,CHEMBOND,
2025-10-09,CHEMBOND,
2025-10-10,CHEMBOND,
2025-10-13,CHEMBOND,
2025-10-14,CHEMBOND,
2025-10-15,CHEMBOND,
2025-10-16,CHEMBOND,
2025-10-17,CHEMBOND,
2025-10-20,CHEMBOND,
2025-10-21,CHEMBOND,
2025-10-23,CHEMBOND,
2025-10-24,CHEMBOND,
2025-10-27,CHEMBOND,
2025-10-28,CHEMBOND,
2025-10-29,CHEMBOND,
2025-10-30,CHEMBOND,
2025-10-31,CHEMBOND,
2025-11-03,CHEMBOND,
2025-11-04,CHEMBOND,
2025-11-06,CHEMBOND,
2025-11-07,CHEMBOND,
2025-11-10,CHEMBOND,
2025-11-11,CHEMBOND,
2025-11-12,CHEMBOND,
2025-11-13,CHEMBOND,
2025-11-14,CHEMBOND,
2025-11-17,CHEMBOND,
2025-11-18,CHEMBOND,
2025-11-19,CHEMBOND,
2025-11-20,CHEMBOND,
2025-11-21,CHEMBOND,
2025-11-24,CHEMBOND,
2025-11-25,CHEMBOND,
2025-11-26,CHEMBOND,
2025-11-27,CHEMBOND,
2025-11-28,CHEMBOND,
2025-12-01,CHEMBOND,
2025-12-02,CHEMBOND,
2025-12-03,CHEMBOND,
2025-12-04,CHEMBOND,
2025-12-05,CHEMBOND,
2025-12-08,CHEMBOND,
2025-12-09,CHEMBOND,
2025-12-10,CHEMBOND,
2025-12-11,CHEMBOND,
2025-12-12,CHEMBOND,
2025-12-15,CHEMBOND,
2025-12-16,CHEMBOND,
2025-12-17,CHEMBOND,
2025-12-18,CHEMBOND,
2025-12-19,CHEMBOND,
2025-12-22,CHEMBOND,
2025-12-23,CHEMBOND,
2025-12-24,CHEMBOND,
2025-12-26,CHEMBOND,
2025-12-29,CHEMBOND,
2025-12-30,CHEMBOND,
2025-12-31,CHEMBOND,
2026-01-01,CHEMBOND,
2026-01-02,CHEMBOND,
2026-01-05,CHEMBOND,
2026-01-06,CHEMBOND,
2026-01-07,CHEMBOND,
2026-01-08,CHEMBOND,
2026-01-09,CHEMBOND,
2026-01-12,CHEMBOND,
2026-01-13,CHEMBOND,
2026-01-14,CHEMBOND,
2026-01-16,CHEMBOND,
2026-01-19,CHEMBOND,
2026-01-20,CHEMBOND,
2026-01-21,CHEMBOND,
2026-01-22,CHEMBOND,
2026-01-23,CHEMBOND,
2026-01-27,CHEMBOND,
2026-01-28,CHEMBOND,
2026-01-29,CHEMBOND,
2026-01-30,CHEMBOND,
2026-02-02,CHEMBOND,
2026-02-03,CHEMBOND,
2026-02-04,CHEMBOND,
2026-02-05,CHEMBOND,
2026-02-06,CHEMBOND,
2026-02-09,CHEMBOND,
2026-02-10,CHEMBOND,
2026-02-11,CHEMBOND,
2026-02-12,CHEMBOND,
2026-02-13,CHEMBOND,
2026-02-16,CHEMBOND,
2026-02-17,CHEMBOND,
2026-02-18,CHEMBOND,
2026-02-19,CHEMBOND,
2026-02-20,CHEMBOND,
2026-02-23,CHEMBOND,
2026-02-24,CHEMBOND,
2026-02-25,CHEMBOND,
2026-02-26,CHEMBOND,
2026-02-27,CHEMBOND,
2026-03-02,CHEMBOND,
2026-03-04,CHEMBOND,
2026-03-05,CHEMBOND,
2026-03-06,CHEMBOND,
2026-03-09,CHEMBOND,
2026-03-10,CHEMBOND,
2026-03-11,CHEMBOND,
2026-03-12,CHEMBOND,
2026-03-13,CHEMBOND,
2026-03-16,CHEMBOND,
2026-03-17,CHEMBOND,
2026-03-18,CHEMBOND,
2026-03-19,CHEMBOND,
2026-03-20,CHEMBOND,
2026-03-23,CHEMBOND,
2026-03-24,CHEMBOND,
2026-03-25,CHEMBOND,
2026-03-27,CHEMBOND,
2026-03-30,CHEMBOND,
2026-04-01,CHEMBOND,
2026-04-02,CHEMBOND,
2026-04-06,CHEMBOND,
2026-04-07,CHEMBOND,
2026-04-08,CHEMBOND,
2026-04-09,CHEMBOND,
2026-04-10,CHEMBOND,
2026-04-13,CHEMBOND,
2026-04-15,CHEMBOND,
2026-04-16,CHEMBOND,
2026-04-17,CHEMBOND,
2026-04-20,CHEMBOND,
2026-04-21,CHEMBOND,
2026-04-22,CHEMBOND,
2026-04-23,CHEMBOND,
2026-04-24,CHEMBOND,
2026-04-27,CHEMBOND,
2026-04-28,CHEMBOND,
2026-04-29,CHEMBOND,
2026-04-30,CHEMBOND,
2026-05-04,CHEMBOND,
2026-05-05,CHEMBOND,
2026-05-06,CHEMBOND,
2026-05-07,CHEMBOND,
2026-05-08,CHEMBOND,
2026-05-11,CHEMBOND,
2026-05-12,CHEMBOND,
2026-05-13,CHEMBOND,
2026-05-14,CHEMBOND,
2026-05-15,CHEMBOND,
2026-05-18,CHEMBOND,
2026-05-19,CHEMBOND,
2026-05-20,CHEMBOND,
2026-05-21,CHEMBOND,
2026-05-22,CHEMBOND,
2026-05-25,CHEMBOND,
2026-05-26,CHEMBOND,
2026-05-27,CHEMBOND,
2026-05-29,CHEMBOND,
2026-06-01,CHEMBOND,
2026-06-02,CHEMBOND,
2026-06-03,CHEMBOND,
2026-06-04,CHEMBOND,
2026-06-05,CHEMBOND,
2026-06-08,CHEMBOND,
2026-06-09,CHEMBOND,
2026-06-10,CHEMBOND,
2026-06-11,CHEMBOND,
2026-06-12,CHEMBOND,
2026-06-15,CHEMBOND,
2026-06-16,CHEMBOND,
2026-06-17,CHEMBOND,
2026-06-18,CHEMBOND,
2026-06-19,CHEMBOND,
2026-06-22,CHEMBOND,
2026-06-23,CHEMBOND,
2026-06-24,CHEMBOND,
2026-06-25,CHEMBOND,
2026-06-29,CHEMBOND,
2026-06-30,CHEMBOND,
2026-07-01,CHEMBOND,
2026-07-02,CHEMBOND,
2026-07-03,CHEMBOND,
2026-07-06,CHEMBOND,
2026-07-07,CHEMBOND,
2026-07-08,CHEMBOND,
2026-07-09,CHEMBOND,
2026-07-10,CHEMBOND,
2026-07-13,CHEMBOND,
2026-07-14,CHEMBOND,
2026-07-15,CHEMBOND,
2026-07-16,CHEMBOND,
2026-07-17,CHEMBOND,
2026-07-20,CHEMBOND,
2026-07-21,CHEMBOND,
2026-07-22,CHEMBOND,
2026-07-23,CHEMBOND,
2026-07-24,CHEMBOND,
2026-07-27,CHEMBOND,
2026-07-28,CHEMBOND,
2026-07-29,CHEMBOND,
2026-07-30,CHEMBOND,
2026-07-31,CHEMBOND,
2026-08-03,CHEMBOND,
2026-08-04,CHEMBOND,
2026-08-05,CHEMBOND,
2026-08-06,CHEMBOND,
2026-08-07,CHEMBOND,
2026-08-10,CHEMBOND,
2026-08-11,CHEMBOND,
2026-08-12,CHEMBOND,
2026-08-13,CHEMBOND,
2026-08-14,CHEMBOND,
2026-08-17,CHEMBOND,
2026-08-18,CHEMBOND,
2026-08-19,CHEMBOND,
2026-08-20,CHEMBOND,
2026-08-21,CHEMBOND,
2026-08-24,CHEMBOND,
2026-08-25,CHEMBOND,
2026-08-26,CHEMBOND,
2026-08-27,CHEMBOND,
2026-08-28,CHEMBOND,
2026-08-31,CHEMBOND,
2026-09-01,CHEMBOND,
2026-09-02,CHEMBOND,
2026-09-03,CHEMBOND,170.4519
2026-09-04,CHEMBOND,170.4519
2026-09-07,CHEMBOND,170.4519
2026-09-08,CHEMBOND,170.4519
2026-09-09,CHEMBOND,170.4519
2026-09-10,CHEMBOND,170.4519
2026-09-11,CHEMBOND,170.4519
2025-08-29,CHEMBONDCH,
2025-09-01,CHEMBONDCH,
2025-09-02,CHEMBONDCH,
2025-09-03,CHEMBONDCH,
2025-09-04,CHEMBONDCH,
2025-09-05,CHEMBONDCH,
2025-09-08,CHEMBONDCH,
2025-09-09,CHEMBONDCH,
2025-09-10,CHEMBONDCH,
2025-09-11,CHEMBONDCH,
2025-09-12,CHEMBONDCH,
2025-09-15,CHEMBONDCH,
2025-09-16,CHEMBONDCH,
2025-09-17,CHEMBONDCH,
2025-09-18,CHEMBONDCH,
2025-09-19,CHEMBONDCH,
2025-09-22,CHEMBONDCH,
2025-09-23,CHEMBONDCH,
2025-09-24,CHEMBONDCH,
2025-09-25,CHEMBONDCH,
2025-09-26,CHEMBONDCH,
2025-09-29,CHEMBONDCH,
2025-09-30,CHEMBONDCH,
2025-10-01,CHEMBONDCH,
2025-10-03,CHEMBONDCH,
2025-10-06,CHEMBONDCH,
2025-10-07,CHEMBONDCH,
2025-10-08,CHEMBONDCH,
2025-10-09,CHEMBONDCH,
2025-10-10,CHEMBONDCH,
2025-10-13,CHEMBONDCH,
2025-10-14,CHEMBONDCH,
2025-10-15,CHEMBONDCH,
2025-10-16,CHEMBONDCH,
2025-10-17,CHEMBONDCH,
2025-10-20,CHEMBONDCH,
2025-10-21,CHEMBONDCH,
2025-10-23,CHEMBONDCH,
2025-10-24,CHEMBONDCH,
2025-10-27,CHEMBONDCH,
2025-10-28,CHEMBONDCH,
2025-10-29,CHEMBONDCH,
2025-10-30,CHEMBONDCH,
2025-10-31,CHEMBONDCH,
2025-11-03,CHEMBONDCH,
2025-11-04,CHEMBONDCH,
2025-11-06,CHEMBONDCH,
2025-11-07,CHEMBONDCH,
2025-11-10,CHEMBONDCH,
2025-11-11,CHEMBONDCH,
2025-11-12,CHEMBONDCH,
2025-11-13,CHEMBONDCH,
2025-11-14,CHEMBONDCH,
2025-11-17,CHEMBONDCH,
2025-11-18,CHEMBONDCH,
2025-11-19,CHEMBONDCH,
2025-11-20,CHEMBONDCH,
2025-11-21,CHEMBONDCH,
2025-11-24,CHEMBONDCH,
2025-11-25,CHEMBONDCH,
2025-11-26,CHEMBONDCH,
2025-11-27,CHEMBONDCH,
2025-11-28,CHEMBONDCH,
2025-12-01,CHEMBONDCH,
2025-12-02,CHEMBONDCH,
2025-12-03,CHEMBONDCH,
2025-12-04,CHEMBONDCH,
2025-12-05,CHEMBONDCH,
2025-12-08,CHEMBONDCH,
2025-12-09,CHEMBONDCH,
2025-12-10,CHEMBONDCH,
2025-12-11,CHEMBONDCH,
2025-12-12,CHEMBONDCH,
2025-12-15,CHEMBONDCH,
2025-12-16,CHEMBONDCH,
2025-12-17,CHEMBONDCH,
2025-12-18,CHEMBONDCH,
2025-12-19,CHEMBONDCH,
2025-12-22,CHEMBONDCH,
2025-12-23,CHEMBONDCH,
2025-12-24,CHEMBONDCH,
2025-12-26,CHEMBONDCH,
2025-12-29,CHEMBONDCH,
2025-12-30,CHEMBONDCH,
2025-12-31,CHEMBONDCH,
2026-01-01,CHEMBONDCH,
2026-01-02,CHEMBONDCH,
2026-01-05,CHEMBONDCH,
2026-01-06,CHEMBONDCH,
2026-01-07,CHEMBONDCH,
2026-01-08,CHEMBONDCH,
2026-01-09,CHEMBONDCH,
2026-01-12,CHEMBONDCH,
2026-01-13,CHEMBONDCH,
2026-01-14,CHEMBONDCH,
2026-01-16,CHEMBONDCH,
2026-01-19,CHEMBONDCH,
2026-01-20,CHEMBONDCH,
2026-01-21,CHEMBONDCH,
2026-01-22,CHEMBONDCH,
2026-01-23,CHEMBONDCH,
2026-01-27,CHEMBONDCH,
2026-01-28,CHEMBONDCH,
2026-01-29,CHEMBONDCH,
2026-01-30,CHEMBONDCH,
2026-02-02,CHEMBONDCH,
2026-02-03,CHEMBONDCH,
2026-02-04,CHEMBONDCH,
2026-02-05,CHEMBONDCH,
2026-02-06,CHEMBONDCH,
2026-02-09,CHEMBONDCH,
2026-02-10,CHEMBONDCH,
2026-02-11,CHEMBONDCH,
2026-02-12,CHEMBONDCH,
2026-02-13,CHEMBONDCH,
2026-02-16,CHEMBONDCH,
2026-02-17,CHEMBONDCH,
2026-02-18,CHEMBONDCH,
2026-02-19,CHEMBONDCH,
2026-02-20,CHEMBONDCH,
2026-02-23,CHEMBONDCH,
2026-02-24,CHEMBONDCH,
2026-02-25,CHEMBONDCH,
2026-02-26,CHEMBONDCH,
2026-02-27,CHEMBONDCH,
2026-03-02,CHEMBONDCH,
2026-03-04,CHEMBONDCH,
2026-03-05,CHEMBONDCH,
2026-03-06,CHEMBONDCH,
2026-03-09,CHEMBONDCH,
2026-03-10,CHEMBONDCH,
2026-03-11,CHEMBONDCH,
2026-03-12,CHEMBONDCH,
2026-03-13,CHEMBONDCH,
2026-03-16,CHEMBONDCH,
2026-03-17,CHEMBONDCH,
2026-03-18,CHEMBONDCH,
2026-03-19,CHEMBONDCH,
2026-03-20,CHEMBONDCH,
2026-03-23,CHEMBONDCH,
2026-03-24,CHEMBONDCH,
2026-03-25,CHEMBONDCH,
2026-03-27,CHEMBONDCH,
2026-03-30,CHEMBONDCH,
2026-04-01,CHEMBONDCH,
2026-04-02,CHEMBONDCH,
2026-04-06,CHEMBONDCH,
2026-04-07,CHEMBONDCH,
2026-04-08,CHEMBONDCH,
2026-04-09,CHEMBONDCH,
2026-04-10,CHEMBONDCH,
2026-04-13,CHEMBONDCH,
2026-04-15,CHEMBONDCH,
2026-04-16,CHEMBONDCH,
2026-04-17,CHEMBONDCH,
2026-04-20,CHEMBONDCH,
2026-04-21,CHEMBONDCH,
2026-04-22,CHEMBONDCH,
2026-04-23,CHEMBONDCH,
2026-04-24,CHEMBONDCH,
2026-04-27,CHEMBONDCH,
2026-04-28,CHEMBONDCH,
2026-04-29,CHEMBONDCH,
2026-04-30,CHEMBONDCH,
2026-05-04,CHEMBONDCH,
2026-05-05,CHEMBONDCH,
2026-05-06,CHEMBONDCH,
2026-05-07,CHEMBONDCH,
2026-05-08,CHEMBONDCH,
2026-05-11,CHEMBONDCH,
2026-05-12,CHEMBONDCH,
2026-05-13,CHEMBONDCH,
2026-05-14,CHEMBONDCH,
2026-05-15,CHEMBONDCH,
2026-05-18,CHEMBONDCH,
2026-05-19,CHEMBONDCH,
2026-05-20,CHEMBONDCH,
2026-05-21,CHEMBONDCH,
2026-05-22,CHEMBONDCH,
2026-05-25,CHEMBONDCH,
2026-05-26,CHEMBONDCH,
2026-05-27,CHEMBONDCH,
2026-05-29,CHEMBONDCH,
2026-06-01,CHEMBONDCH,
2026-06-02,CHEMBONDCH,
2026-06-03,CHEMBONDCH,
2026-06-04,CHEMBONDCH,
2026-06-05,CHEMBONDCH,
2026-06-08,CHEMBONDCH,
2026-06-09,CHEMBONDCH,
2026-06-10,CHEMBONDCH,
2026-06-11,CHEMBONDCH,
2026-06-12,CHEMBONDCH,
2026-06-15,CHEMBONDCH,
2026-06-16,CHEMBONDCH,
2026-06-17,CHEMBONDCH,
2026-06-18,CHEMBONDCH,
2026-06-19,CHEMBONDCH,
2026-06-22,CHEMBONDCH,
2026-06-23,CHEMBONDCH,
2026-06-24,CHEMBONDCH,
2026-06-25,CHEMBONDCH,
2026-06-29,CHEMBONDCH,
2026-06-30,CHEMBONDCH,
2026-07-01,CHEMBONDCH,
2026-07-02,CHEMBONDCH,
2026-07-03,CHEMBONDCH,
2026-07-06,CHEMBONDCH,
2026-07-07,CHEMBONDCH,
2026-07-08,CHEMBONDCH,
2026-07-09,CHEMBONDCH,
2026-07-10,CHEMBONDCH,
2026-07-13,CHEMBONDCH,
2026-07-14,CHEMBONDCH,
2026-07-15,CHEMBONDCH,
2026-07-16,CHEMBONDCH,
2026-07-17,CHEMBONDCH,
2026-07-20,CHEMBONDCH,
2026-07-21,CHEMBONDCH,
2026-07-22,CHEMBONDCH,
2026-07-23,CHEMBONDCH,
2026-07-24,CHEMBONDCH,
2026-07-27,CHEMBONDCH,
2026-07-28,CHEMBONDCH,
2026-07-29,CHEMBONDCH,
2026-07-30,CHEMBONDCH,
2026-07-31,CHEMBONDCH,
2026-08-03,CHEMBONDCH,
2026-08-04,CHEMBONDCH,
2026-08-05,CHEMBONDCH,
2026-08-06,CHEMBONDCH,230.0
2026-08-07,CHEMBONDCH,230.0
2026-08-10,CHEMBONDCH,230.0
2026-08-11,CHEMBONDCH,230.0
2026-08-12,CHEMBONDCH,230.0
2026-08-13,CHEMBONDCH,230.0
2026-08-14,CHEMBONDCH,230.0
2026-08-17,CHEMBONDCH,230.0
2026-08-18,CHEMBONDCH,230.0
2026-08-19,CHEMBONDCH,230.0
2026-08-20,CHEMBONDCH,230.0
2026-08-21,CHEMBONDCH,230.0
2026-08-24,CHEMBONDCH,230.0
2026-08-25,CHEMBONDCH,238.0921
2026-08-26,CHEMBONDCH,238.0921
2026-08-27,CHEMBONDCH,238.0921
2026-08-28,CHEMBONDCH,238.0921
2026-08-31,CHEMBONDCH,238.0921
2026-09-01,CHEMBONDCH,238.0921
2026-09-02,CHEMBONDCH,238.0921
2026-09-03,CHEMBONDCH,238.0921
2026-09-04,CHEMBONDCH,238.0921
2026-09-07,CHEMBONDCH,238.0921
2026-09-08,CHEMBONDCH,238.0921
2026-09-09,CHEMBONDCH,238.0921
2026-09-10,CHEMBONDCH,238.0921
2026-09-11,CHEMBONDCH,238.0921
2025-08-29,CONFIPET,
2025-09-01,CONFIPET,
2025-09-02,CONFIPET,
2025-09-03,CONFIPET,
2025-09-04,CONFIPET,
2025-09-05,CONFIPET,
2025-09-08,CONFIPET,
2025-09-09,CONFIPET,
2025-09-10,CONFIPET,
2025-09-11,CONFIPET,
2025-09-12,CONFIPET,
2025-09-15,CONFIPET,
2025-09-16,CONFIPET,
2025-09-17,CONFIPET,
2025-09-18,CONFIPET,
2025-09-19,CONFIPET,
2025-09-22,CONFIPET,
2025-09-23,CONFIPET,
2025-09-24,CONFIPET,
2025-09-25,CONFIPET,
2025-09-26,CONFIPET,
2025-09-29,CONFIPET,
2025-09-30,CONFIPET,
2025-10-01,CONFIPET,
2025-10-03,CONFIPET,
2025-10-06,CONFIPET,
2025-10-07,CONFIPET,
2025-10-08,CONFIPET,
2025-10-09,CONFIPET,
2025-10-10,CONFIPET,
2025-10-13,CONFIPET,
2025-10-14,CONFIPET,
2025-10-15,CONFIPET,
2025-10-16,CONFIPET,
2025-10-17,CONFIPET,
2025-10-20,CONFIPET,
2025-10-21,CONFIPET,
2025-10-23,CONFIPET,
2025-10-24,CONFIPET,
2025-10-27,CONFIPET,
2025-10-28,CONFIPET,
2025-10-29,CONFIPET,
2025-10-30,CONFIPET,
2025-10-31,CONFIPET,
2025-11-03,CONFIPET,
2025-11-04,CONFIPET,
2025-11-06,CONFIPET,
2025-11-07,CONFIPET,
2025-11-10,CONFIPET,
2025-11-11,CONFIPET,
2025-11-12,CONFIPET,
2025-11-13,CONFIPET,
2025-11-14,CONFIPET,
2025-11-17,CONFIPET,
2025-11-18,CONFIPET,
2025-11-19,CONFIPET,
2025-11-20,CONFIPET,
2025-11-21,CONFIPET,
2025-11-24,CONFIPET,
2025-11-25,CONFIPET,
2025-11-26,CONFIPET,
2025-11-27,CONFIPET,
2025-11-28,CONFIPET,
2025-12-01,CONFIPET,
2025-12-02,CONFIPET,
2025-12-03,CONFIPET,
2025-12-04,CONFIPET,
2025-12-05,CONFIPET,
2025-12-08,CONFIPET,
2025-12-09,CONFIPET,
2025-12-10,CONFIPET,
2025-12-11,CONFIPET,
2025-12-12,CONFIPET,
2025-12-15,CONFIPET,
2025-12-16,CONFIPET,
2025-12-17,CONFIPET,
2025-12-18,CONFIPET,
2025-12-19,CONFIPET,
2025-12-22,CONFIPET,
2025-12-23,CONFIPET,
2025-12-24,CONFIPET,
2025-12-26,CONFIPET,
2025-12-29,CONFIPET,
2025-12-30,CONFIPET,
2025-12-31,CONFIPET,
2026-01-01,CONFIPET,
2026-01-02,CONFIPET,
2026-01-05,CONFIPET,
2026-01-06,CONFIPET,
2026-01-07,CONFIPET,
2026-01-08,CONFIPET,
2026-01-09,CONFIPET,
2026-01-12,CONFIPET,
2026-01-13,CONFIPET,
2026-01-14,CONFIPET,
2026-01-16,CONFIPET,
2026-01-19,CONFIPET,
2026-01-20,CONFIPET,
2026-01-21,CONFIPET,
2026-01-22,CONFIPET,
2026-01-23,CONFIPET,
2026-01-27,CONFIPET,
2026-01-28,CONFIPET,
2026-01-29,CONFIPET,
2026-01-30,CONFIPET,
2026-02-02,CONFIPET,
2026-02-03,CONFIPET,
2026-02-04,CONFIPET,
2026-02-05,CONFIPET,
2026-02-06,CONFIPET,
2026-02-09,CONFIPET,
2026-02-10,CONFIPET,
2026-02-11,CONFIPET,
2026-02-12,CONFIPET,
2026-02-13,CONFIPET,
2026-02-16,CONFIPET,
2026-02-17,CONFIPET,
2026-02-18,CONFIPET,
2026-02-19,CONFIPET,
2026-02-20,CONFIPET,
2026-02-23,CONFIPET,
2026-02-24,CONFIPET,
2026-02-25,CONFIPET,
2026-02-26,CONFIPET,
2026-02-27,CONFIPET,
2026-03-02,CONFIPET,
2026-03-04,CONFIPET,
2026-03-05,CONFIPET,
2026-03-06,CONFIPET,
2026-03-09,CONFIPET,
2026-03-10,CONFIPET,
2026-03-11,CONFIPET,
2026-03-12,CONFIPET,
2026-03-13,CONFIPET,
2026-03-16,CONFIPET,
2026-03-17,CONFIPET,
2026-03-18,CONFIPET,
2026-03-19,CONFIPET,
2026-03-20,CONFIPET,
2026-03-23,CONFIPET,
2026-03-24,CONFIPET,
2026-03-25,CONFIPET,
2026-03-27,CONFIPET,
2026-03-30,CONFIPET,
2026-04-01,CONFIPET,
2026-04-02,CONFIPET,
2026-04-06,CONFIPET,
2026-04-07,CONFIPET,
2026-04-08,CONFIPET,
2026-04-09,CONFIPET,
2026-04-10,CONFIPET,
2026-04-13,CONFIPET,
2026-04-15,CONFIPET,
2026-04-16,CONFIPET,
2026-04-17,CONFIPET,
2026-04-20,CONFIPET,
2026-04-21,CONFIPET,
2026-04-22,CONFIPET,
2026-04-23,CONFIPET,
2026-04-24,CONFIPET,
2026-04-27,CONFIPET,
2026-04-28,CONFIPET,
2026-04-29,CONFIPET,
2026-04-30,CONFIPET,
2026-05-04,CONFIPET,
2026-05-05,CONFIPET,
2026-05-06,CONFIPET,
2026-05-07,CONFIPET,
2026-05-08,CONFIPET,
2026-05-11,CONFIPET,
2026-05-12,CONFIPET,
2026-05-13,CONFIPET,
2026-05-14,CONFIPET,
2026-05-15,CONFIPET,
2026-05-18,CONFIPET,
2026-05-19,CONFIPET,
2026-05-20,CONFIPET,
2026-05-21,CONFIPET,
2026-05-22,CONFIPET,
2026-05-25,CONFIPET,
2026-05-26,CONFIPET,
2026-05-27,CONFIPET,
2026-05-29,CONFIPET,
2026-06-01,CONFIPET,
2026-06-02,CONFIPET,
2026-06-03,CONFIPET,
2026-06-04,CONFIPET,
2026-06-05,CONFIPET,
2026-06-08,CONFIPET,
2026-06-09,CONFIPET,
2026-06-10,CONFIPET,
2026-06-11,CONFIPET,
2026-06-12,CONFIPET,
2026-06-15,CONFIPET,
2026-06-16,CONFIPET,
2026-06-17,CONFIPET,
2026-06-18,CONFIPET,
2026-06-19,CONFIPET,70.67
2026-06-22,CONFIPET,70.67
2026-06-23,CONFIPET,70.67
2026-06-24,CONFIPET,70.8301
2026-06-25,CONFIPET,71.0583
2026-06-29,CONFIPET,71.1201
2026-06-30,CONFIPET,71.6132
2026-07-01,CONFIPET,71.6132
2026-07-02,CONFIPET,71.6132
2026-07-03,CONFIPET,71.6132
2026-07-06,CONFIPET,71.6132
2026-07-07,CONFIPET,71.6132
2026-07-08,CONFIPET,71.6132
2026-07-09,CONFIPET,71.6132
2026-07-10,CONFIPET,71.6132
2026-07-13,CONFIPET,71.6132
2026-07-14,CONFIPET,71.6132
2026-07-15,CONFIPET,71.6132
2026-07-16,CONFIPET,71.6132
2026-07-17,CONFIPET,71.6132
2026-07-20,CONFIPET,71.6132
2026-07-21,CONFIPET,71.6132
2026-07-22,CONFIPET,71.6132
2026-07-23,CONFIPET,71.6132
2026-07-24,CONFIPET,71.6132
2026-07-27,CONFIPET,71.6132
2026-07-28,CONFIPET,71.6132
2026-07-29,CONFIPET,71.6132
2026-07-30,CONFIPET,71.6132
2026-07-31,CONFIPET,71.6132
2026-08-03,CONFIPET,71.6132
2026-08-04,CONFIPET,71.6132
2026-08-05,CONFIPET,71.6132
2026-08-06,CONFIPET,71.6132
2026-08-07,CONFIPET,71.6132
2026-08-10,CONFIPET,71.6132
2026-08-11,CONFIPET,71.6132
2026-08-12,CONFIPET,71.6132
2026-08-13,CONFIPET,71.6132
2026-08-14,CONFIPET,71.6132
2026-08-17,CONFIPET,71.6132
2026-08-18,CONFIPET,71.6132
2026-08-19,CONFIPET,71.6132
2026-08-20,CONFIPET,71.6132
2026-08-21,CONFIPET,72.1564
2026-08-24,CONFIPET,72.1573
2026-08-25,CONFIPET,72.1573
2026-08-26,CONFIPET,72.5427
2026-08-27,CONFIPET,72.5427
2026-08-28,CONFIPET,72.5427
2026-08-31,CONFIPET,72.5427
2026-09-01,CONFIPET,72.5427
2026-09-02,CONFIPET,72.5427
2026-09-03,CONFIPET,72.5427
2026-09-04,CONFIPET,72.5427
2026-09-07,CONFIPET,72.5427
2026-09-08,CONFIPET,72.5427
2026-09-09,CONFIPET,74.111
2026-09-10,CONFIPET,74.111
2026-09-11,CONFIPET,74.111
2025-08-29,CSLFINANCE,
2025-09-01,CSLFINANCE,
2025-09-02,CSLFINANCE,
2025-09-03,CSLFINANCE,
2025-09-04,CSLFINANCE,
2025-09-05,CSLFINANCE,
2025-09-08,CSLFINANCE,
2025-09-09,CSLFINANCE,
2025-09-10,CSLFINANCE,
2025-09-11,CSLFINANCE,
2025-09-12,CSLFINANCE,
2025-09-15,CSLFINANCE,
2025-09-16,CSLFINANCE,
2025-09-17,CSLFINANCE,
2025-09-18,CSLFINANCE,
2025-09-19,CSLFINANCE,
2025-09-22,CSLFINANCE,
2025-09-23,CSLFINANCE,
2025-09-24,CSLFINANCE,
2025-09-25,CSLFINANCE,
2025-09-26,CSLFINANCE,
2025-09-29,CSLFINANCE,
2025-09-30,CSLFINANCE,
2025-10-01,CSLFINANCE,
2025-10-03,CSLFINANCE,
2025-10-06,CSLFINANCE,
2025-10-07,CSLFINANCE,
2025-10-08,CSLFINANCE,
2025-10-09,CSLFINANCE,
2025-10-10,CSLFINANCE,
2025-10-13,CSLFINANCE,
2025-10-14,CSLFINANCE,
2025-10-15,CSLFINANCE,
2025-10-16,CSLFINANCE,
2025-10-17,CSLFINANCE,
2025-10-20,CSLFINANCE,
2025-10-21,CSLFINANCE,
2025-10-23,CSLFINANCE,
2025-10-24,CSLFINANCE,
2025-10-27,CSLFINANCE,
2025-10-28,CSLFINANCE,
2025-10-29,CSLFINANCE,
2025-10-30,CSLFINANCE,
2025-10-31,CSLFINANCE,
2025-11-03,CSLFINANCE,
2025-11-04,CSLFINANCE,
2025-11-06,CSLFINANCE,
2025-11-07,CSLFINANCE,
2025-11-10,CSLFINANCE,
2025-11-11,CSLFINANCE,
2025-11-12,CSLFINANCE,
2025-11-13,CSLFINANCE,
2025-11-14,CSLFINANCE,
2025-11-17,CSLFINANCE,
2025-11-18,CSLFINANCE,
2025-11-19,CSLFINANCE,
2025-11-20,CSLFINANCE,
2025-11-21,CSLFINANCE,
2025-11-24,CSLFINANCE,
2025-11-25,CSLFINANCE,
2025-11-26,CSLFINANCE,
2025-11-27,CSLFINANCE,
2025-11-28,CSLFINANCE,
2025-12-01,CSLFINANCE,
2025-12-02,CSLFINANCE,
2025-12-03,CSLFINANCE,
2025-12-04,CSLFINANCE,
2025-12-05,CSLFINANCE,
2025-12-08,CSLFINANCE,
2025-12-09,CSLFINANCE,
2025-12-10,CSLFINANCE,
2025-12-11,CSLFINANCE,
2025-12-12,CSLFINANCE,
2025-12-15,CSLFINANCE,
2025-12-16,CSLFINANCE,
2025-12-17,CSLFINANCE,
2025-12-18,CSLFINANCE,
2025-12-19,CSLFINANCE,
2025-12-22,CSLFINANCE,
2025-12-23,CSLFINANCE,
2025-12-24,CSLFINANCE,
2025-12-26,CSLFINANCE,
2025-12-29,CSLFINANCE,
2025-12-30,CSLFINANCE,
2025-12-31,CSLFINANCE,
2026-01-01,CSLFINANCE,
2026-01-02,CSLFINANCE,
2026-01-05,CSLFINANCE,
2026-01-06,CSLFINANCE,
2026-01-07,CSLFINANCE,
2026-01-08,CSLFINANCE,
2026-01-09,CSLFINANCE,
2026-01-12,CSLFINANCE,
2026-01-13,CSLFINANCE,
2026-01-14,CSLFINANCE,
2026-01-16,CSLFINANCE,
2026-01-19,CSLFINANCE,
2026-01-20,CSLFINANCE,
2026-01-21,CSLFINANCE,
2026-01-22,CSLFINANCE,
2026-01-23,CSLFINANCE,
2026-01-27,CSLFINANCE,
2026-01-28,CSLFINANCE,
2026-01-29,CSLFINANCE,
2026-01-30,CSLFINANCE,
2026-02-02,CSLFINANCE,
2026-02-03,CSLFINANCE,
2026-02-04,CSLFINANCE,
2026-02-05,CSLFINANCE,
2026-02-06,CSLFINANCE,
2026-02-09,CSLFINANCE,
2026-02-10,CSLFINANCE,
2026-02-11,CSLFINANCE,
2026-02-12,CSLFINANCE,
2026-02-13,CSLFINANCE,
2026-02-16,CSLFINANCE,
2026-02-17,CSLFINANCE,
2026-02-18,CSLFINANCE,
2026-02-19,CSLFINANCE,
2026-02-20,CSLFINANCE,
2026-02-23,CSLFINANCE,
2026-02-24,CSLFINANCE,
2026-02-25,CSLFINANCE,
2026-02-26,CSLFINANCE,
2026-02-27,CSLFINANCE,
2026-03-02,CSLFINANCE,
2026-03-04,CSLFINANCE,
2026-03-05,CSLFINANCE,
2026-03-06,CSLFINANCE,
2026-03-09,CSLFINANCE,
2026-03-10,CSLFINANCE,
2026-03-11,CSLFINANCE,
2026-03-12,CSLFINANCE,
2026-03-13,CSLFINANCE,
2026-03-16,CSLFINANCE,
2026-03-17,CSLFINANCE,
2026-03-18,CSLFINANCE,
2026-03-19,CSLFINANCE,
2026-03-20,CSLFINANCE,
2026-03-23,CSLFINANCE,
2026-03-24,CSLFINANCE,
2026-03-25,CSLFINANCE,
2026-03-27,CSLFINANCE,
2026-03-30,CSLFINANCE,
2026-04-01,CSLFINANCE,
2026-04-02,CSLFINANCE,
2026-04-06,CSLFINANCE,
2026-04-07,CSLFINANCE,
2026-04-08,CSLFINANCE,
2026-04-09,CSLFINANCE,
2026-04-10,CSLFINANCE,
2026-04-13,CSLFINANCE,
2026-04-15,CSLFINANCE,
2026-04-16,CSLFINANCE,
2026-04-17,CSLFINANCE,
2026-04-20,CSLFINANCE,
2026-04-21,CSLFINANCE,
2026-04-22,CSLFINANCE,
2026-04-23,CSLFINANCE,
2026-04-24,CSLFINANCE,
2026-04-27,CSLFINANCE,
2026-04-28,CSLFINANCE,
2026-04-29,CSLFINANCE,
2026-04-30,CSLFINANCE,
2026-05-04,CSLFINANCE,
2026-05-05,CSLFINANCE,
2026-05-06,CSLFINANCE,
2026-05-07,CSLFINANCE,
2026-05-08,CSLFINANCE,
2026-05-11,CSLFINANCE,
2026-05-12,CSLFINANCE,
2026-05-13,CSLFINANCE,
2026-05-14,CSLFINANCE,
2026-05-15,CSLFINANCE,
2026-05-18,CSLFINANCE,
2026-05-19,CSLFINANCE,
2026-05-20,CSLFINANCE,
2026-05-21,CSLFINANCE,
2026-05-22,CSLFINANCE,
2026-05-25,CSLFINANCE,
2026-05-26,CSLFINANCE,
2026-05-27,CSLFINANCE,
2026-05-29,CSLFINANCE,
2026-06-01,CSLFINANCE,
2026-06-02,CSLFINANCE,
2026-06-03,CSLFINANCE,
2026-06-04,CSLFINANCE,
2026-06-05,CSLFINANCE,
2026-06-08,CSLFINANCE,
2026-06-09,CSLFINANCE,
2026-06-10,CSLFINANCE,
2026-06-11,CSLFINANCE,
2026-06-12,CSLFINANCE,
2026-06-15,CSLFINANCE,
2026-06-16,CSLFINANCE,
2026-06-17,CSLFINANCE,
2026-06-18,CSLFINANCE,
2026-06-19,CSLFINANCE,
2026-06-22,CSLFINANCE,
2026-06-23,CSLFINANCE,
2026-06-24,CSLFINANCE,
2026-06-25,CSLFINANCE,
2026-06-29,CSLFINANCE,
2026-06-30,CSLFINANCE,
2026-07-01,CSLFINANCE,
2026-07-02,CSLFINANCE,
2026-07-03,CSLFINANCE,
2026-07-06,CSLFINANCE,
2026-07-07,CSLFINANCE,
2026-07-08,CSLFINANCE,
2026-07-09,CSLFINANCE,
2026-07-10,CSLFINANCE,
2026-07-13,CSLFINANCE,
2026-07-14,CSLFINANCE,
2026-07-15,CSLFINANCE,
2026-07-16,CSLFINANCE,
2026-07-17,CSLFINANCE,
2026-07-20,CSLFINANCE,
2026-07-21,CSLFINANCE,
2026-07-22,CSLFINANCE,
2026-07-23,CSLFINANCE,
2026-07-24,CSLFINANCE,
2026-07-27,CSLFINANCE,
2026-07-28,CSLFINANCE,
2026-07-29,CSLFINANCE,
2026-07-30,CSLFINANCE,
2026-07-31,CSLFINANCE,
2026-08-03,CSLFINANCE,
2026-08-04,CSLFINANCE,
2026-08-05,CSLFINANCE,
2026-08-06,CSLFINANCE,
2026-08-07,CSLFINANCE,
2026-08-10,CSLFINANCE,
2026-08-11,CSLFINANCE,
2026-08-12,CSLFINANCE,
2026-08-13,CSLFINANCE,
2026-08-14,CSLFINANCE,
2026-08-17,CSLFINANCE,0.0
2026-08-18,CSLFINANCE,0.0
2026-08-19,CSLFINANCE,0.0
2026-08-20,CSLFINANCE,0.0
2026-08-21,CSLFINANCE,0.0
2026-08-24,CSLFINANCE,27.6899
2026-08-25,CSLFINANCE,38.9433
2026-08-26,CSLFINANCE,81.1479
2026-08-27,CSLFINANCE,91.3567
2026-08-28,CSLFINANCE,105.3059
2026-08-31,CSLFINANCE,105.3059
2026-09-01,CSLFINANCE,109.3294
2026-09-02,CSLFINANCE,109.3294
2026-09-03,CSLFINANCE,109.3294
2026-09-04,CSLFINANCE,109.3294
2026-09-07,CSLFINANCE,109.3294
2026-09-08,CSLFINANCE,109.3294
2026-09-09,CSLFINANCE,109.3294
2026-09-10,CSLFINANCE,109.3294
2026-09-11,CSLFINANCE,109.3294
2025-08-29,DBOL,
2025-09-01,DBOL,
2025-09-02,DBOL,
2025-09-03,DBOL,
2025-09-04,DBOL,
2025-09-05,DBOL,
2025-09-08,DBOL,
2025-09-09,DBOL,
2025-09-10,DBOL,
2025-09-11,DBOL,
2025-09-12,DBOL,
2025-09-15,DBOL,
2025-09-16,DBOL,
2025-09-17,DBOL,
2025-09-18,DBOL,
2025-09-19,DBOL,
2025-09-22,DBOL,
2025-09-23,DBOL,
2025-09-24,DBOL,
2025-09-25,DBOL,
2025-09-26,DBOL,
2025-09-29,DBOL,
2025-09-30,DBOL,
2025-10-01,DBOL,
2025-10-03,DBOL,
2025-10-06,DBOL,
2025-10-07,DBOL,
2025-10-08,DBOL,
2025-10-09,DBOL,
2025-10-10,DBOL,
2025-10-13,DBOL,
2025-10-14,DBOL,
2025-10-15,DBOL,
2025-10-16,DBOL,
2025-10-17,DBOL,
2025-10-20,DBOL,
2025-10-21,DBOL,
2025-10-23,DBOL,
2025-10-24,DBOL,
2025-10-27,DBOL,
2025-10-28,DBOL,
2025-10-29,DBOL,
2025-10-30,DBOL,
2025-10-31,DBOL,
2025-11-03,DBOL,
2025-11-04,DBOL,
2025-11-06,DBOL,
2025-11-07,DBOL,
2025-11-10,DBOL,
2025-11-11,DBOL,
2025-11-12,DBOL,
2025-11-13,DBOL,
2025-11-14,DBOL,
2025-11-17,DBOL,
2025-11-18,DBOL,
2025-11-19,DBOL,
2025-11-20,DBOL,
2025-11-21,DBOL,
2025-11-24,DBOL,
2025-11-25,DBOL,
2025-11-26,DBOL,
2025-11-27,DBOL,
2025-11-28,DBOL,
2025-12-01,DBOL,
2025-12-02,DBOL,
2025-12-03,DBOL,
2025-12-04,DBOL,
2025-12-05,DBOL,
2025-12-08,DBOL,
2025-12-09,DBOL,
2025-12-10,DBOL,
2025-12-11,DBOL,
2025-12-12,DBOL,
2025-12-15,DBOL,
2025-12-16,DBOL,
2025-12-17,DBOL,
2025-12-18,DBOL,
2025-12-19,DBOL,
2025-12-22,DBOL,
2025-12-23,DBOL,
2025-12-24,DBOL,
2025-12-26,DBOL,
2025-12-29,DBOL,
2025-12-30,DBOL,
2025-12-31,DBOL,
2026-01-01,DBOL,
2026-01-02,DBOL,
2026-01-05,DBOL,
2026-01-06,DBOL,
2026-01-07,DBOL,
2026-01-08,DBOL,
2026-01-09,DBOL,
2026-01-12,DBOL,
2026-01-13,DBOL,
2026-01-14,DBOL,
2026-01-16,DBOL,
2026-01-19,DBOL,
2026-01-20,DBOL,
2026-01-21,DBOL,
2026-01-22,DBOL,
2026-01-23,DBOL,
2026-01-27,DBOL,
2026-01-28,DBOL,
2026-01-29,DBOL,
2026-01-30,DBOL,
2026-02-02,DBOL,
2026-02-03,DBOL,
2026-02-04,DBOL,
2026-02-05,DBOL,
2026-02-06,DBOL,
2026-02-09,DBOL,
2026-02-10,DBOL,
2026-02-11,DBOL,
2026-02-12,DBOL,
2026-02-13,DBOL,
2026-02-16,DBOL,
2026-02-17,DBOL,
2026-02-18,DBOL,
2026-02-19,DBOL,
2026-02-20,DBOL,
2026-02-23,DBOL,
2026-02-24,DBOL,
2026-02-25,DBOL,
2026-02-26,DBOL,
2026-02-27,DBOL,
2026-03-02,DBOL,
2026-03-04,DBOL,
2026-03-05,DBOL,
2026-03-06,DBOL,
2026-03-09,DBOL,
2026-03-10,DBOL,
2026-03-11,DBOL,
2026-03-12,DBOL,
2026-03-13,DBOL,
2026-03-16,DBOL,
2026-03-17,DBOL,
2026-03-18,DBOL,
2026-03-19,DBOL,
2026-03-20,DBOL,
2026-03-23,DBOL,
2026-03-24,DBOL,
2026-03-25,DBOL,
2026-03-27,DBOL,
2026-03-30,DBOL,
2026-04-01,DBOL,
2026-04-02,DBOL,
2026-04-06,DBOL,
2026-04-07,DBOL,
2026-04-08,DBOL,
2026-04-09,DBOL,
2026-04-10,DBOL,
2026-04-13,DBOL,
2026-04-15,DBOL,
2026-04-16,DBOL,
2026-04-17,DBOL,
2026-04-20,DBOL,
2026-04-21,DBOL,
2026-04-22,DBOL,
2026-04-23,DBOL,
2026-04-24,DBOL,
2026-04-27,DBOL,
2026-04-28,DBOL,
2026-04-29,DBOL,
2026-04-30,DBOL,
2026-05-04,DBOL,
2026-05-05,DBOL,
2026-05-06,DBOL,
2026-05-07,DBOL,
2026-05-08,DBOL,
2026-05-11,DBOL,
2026-05-12,DBOL,
2026-05-13,DBOL,
2026-05-14,DBOL,
2026-05-15,DBOL,
2026-05-18,DBOL,
2026-05-19,DBOL,
2026-05-20,DBOL,
2026-05-21,DBOL,
2026-05-22,DBOL,
2026-05-25,DBOL,
2026-05-26,DBOL,
2026-05-27,DBOL,
2026-05-29,DBOL,
2026-06-01,DBOL,
2026-06-02,DBOL,
2026-06-03,DBOL,
2026-06-04,DBOL,
2026-06-05,DBOL,
2026-06-08,DBOL,
2026-06-09,DBOL,
2026-06-10,DBOL,
2026-06-11,DBOL,
2026-06-12,DBOL,
2026-06-15,DBOL,
2026-06-16,DBOL,
2026-06-17,DBOL,
2026-06-18,DBOL,
2026-06-19,DBOL,
2026-06-22,DBOL,
2026-06-23,DBOL,
2026-06-24,DBOL,
2026-06-25,DBOL,111.72
2026-06-29,DBOL,110.5905
2026-06-30,DBOL,110.5905
2026-07-01,DBOL,110.5905
2026-07-02,DBOL,110.5905
2026-07-03,DBOL,110.5905
2026-07-06,DBOL,110.5905
2026-07-07,DBOL,110.5905
2026-07-08,DBOL,110.5905
2026-07-09,DBOL,110.5905
2026-07-10,DBOL,110.5905
2026-07-13,DBOL,110.5905
2026-07-14,DBOL,110.5905
2026-07-15,DBOL,110.5905
2026-07-16,DBOL,110.5905
2026-07-17,DBOL,110.5905
2026-07-20,DBOL,110.5905
2026-07-21,DBOL,110.5905
2026-07-22,DBOL,110.5905
2026-07-23,DBOL,110.5905
2026-07-24,DBOL,110.2421
2026-07-27,DBOL,109.7719
2026-07-28,DBOL,109.7719
2026-07-29,DBOL,109.7719
2026-07-30,DBOL,109.7719
2026-07-31,DBOL,109.7719
2026-08-03,DBOL,109.7719
2026-08-04,DBOL,109.7719
2026-08-05,DBOL,110.352
2026-08-06,DBOL,110.4217
2026-08-07,DBOL,110.4217
2026-08-10,DBOL,110.4217
2026-08-11,DBOL,110.4217
2026-08-12,DBOL,110.4217
2026-08-13,DBOL,110.4217
2026-08-14,DBOL,110.4217
2026-08-17,DBOL,110.4217
2026-08-18,DBOL,110.4217
2026-08-19,DBOL,110.4217
2026-08-20,DBOL,110.4217
2026-08-21,DBOL,110.4217
2026-08-24,DBOL,110.4217
2026-08-25,DBOL,110.4217
2026-08-26,DBOL,110.4217
2026-08-27,DBOL,110.4217
2026-08-28,DBOL,110.4217
2026-08-31,DBOL,110.4217
2026-09-01,DBOL,110.4217
2026-09-02,DBOL,110.4217
2026-09-03,DBOL,110.4217
2026-09-04,DBOL,110.4217
2026-09-07,DBOL,110.4217
2026-09-08,DBOL,110.4217
2026-09-09,DBOL,110.4217
2026-09-10,DBOL,110.4217
2026-09-11,DBOL,110.4217
2025-08-29,DIAMINESQ,
2025-09-01,DIAMINESQ,
2025-09-02,DIAMINESQ,
2025-09-03,DIAMINESQ,
2025-09-04,DIAMINESQ,
2025-09-05,DIAMINESQ,
2025-09-08,DIAMINESQ,
2025-09-09,DIAMINESQ,
2025-09-10,DIAMINESQ,
2025-09-11,DIAMINESQ,
2025-09-12,DIAMINESQ,
2025-09-15,DIAMINESQ,
2025-09-16,DIAMINESQ,
2025-09-17,DIAMINESQ,
2025-09-18,DIAMINESQ,
2025-09-19,DIAMINESQ,
2025-09-22,DIAMINESQ,
2025-09-23,DIAMINESQ,
2025-09-24,DIAMINESQ,
2025-09-25,DIAMINESQ,
2025-09-26,DIAMINESQ,
2025-09-29,DIAMINESQ,
2025-09-30,DIAMINESQ,
2025-10-01,DIAMINESQ,
2025-10-03,DIAMINESQ,
2025-10-06,DIAMINESQ,
2025-10-07,DIAMINESQ,
2025-10-08,DIAMINESQ,
2025-10-09,DIAMINESQ,
2025-10-10,DIAMINESQ,
2025-10-13,DIAMINESQ,
2025-10-14,DIAMINESQ,
2025-10-15,DIAMINESQ,
2025-10-16,DIAMINESQ,
2025-10-17,DIAMINESQ,
2025-10-20,DIAMINESQ,
2025-10-21,DIAMINESQ,
2025-10-23,DIAMINESQ,
2025-10-24,DIAMINESQ,
2025-10-27,DIAMINESQ,
2025-10-28,DIAMINESQ,
2025-10-29,DIAMINESQ,
2025-10-30,DIAMINESQ,
2025-10-31,DIAMINESQ,
2025-11-03,DIAMINESQ,
2025-11-04,DIAMINESQ,
2025-11-06,DIAMINESQ,
2025-11-07,DIAMINESQ,
2025-11-10,DIAMINESQ,
2025-11-11,DIAMINESQ,
2025-11-12,DIAMINESQ,
2025-11-13,DIAMINESQ,
2025-11-14,DIAMINESQ,
2025-11-17,DIAMINESQ,
2025-11-18,DIAMINESQ,
2025-11-19,DIAMINESQ,
2025-11-20,DIAMINESQ,
2025-11-21,DIAMINESQ,
2025-11-24,DIAMINESQ,
2025-11-25,DIAMINESQ,
2025-11-26,DIAMINESQ,
2025-11-27,DIAMINESQ,
2025-11-28,DIAMINESQ,
2025-12-01,DIAMINESQ,
2025-12-02,DIAMINESQ,
2025-12-03,DIAMINESQ,
2025-12-04,DIAMINESQ,
2025-12-05,DIAMINESQ,
2025-12-08,DIAMINESQ,
2025-12-09,DIAMINESQ,
2025-12-10,DIAMINESQ,
2025-12-11,DIAMINESQ,
2025-12-12,DIAMINESQ,
2025-12-15,DIAMINESQ,
2025-12-16,DIAMINESQ,
2025-12-17,DIAMINESQ,
2025-12-18,DIAMINESQ,
2025-12-19,DIAMINESQ,
2025-12-22,DIAMINESQ,
2025-12-23,DIAMINESQ,
2025-12-24,DIAMINESQ,
2025-12-26,DIAMINESQ,
2025-12-29,DIAMINESQ,
2025-12-30,DIAMINESQ,
2025-12-31,DIAMINESQ,
2026-01-01,DIAMINESQ,
2026-01-02,DIAMINESQ,
2026-01-05,DIAMINESQ,
2026-01-06,DIAMINESQ,
2026-01-07,DIAMINESQ,
2026-01-08,DIAMINESQ,
2026-01-09,DIAMINESQ,
2026-01-12,DIAMINESQ,
2026-01-13,DIAMINESQ,
2026-01-14,DIAMINESQ,
2026-01-16,DIAMINESQ,
2026-01-19,DIAMINESQ,
2026-01-20,DIAMINESQ,
2026-01-21,DIAMINESQ,
2026-01-22,DIAMINESQ,
2026-01-23,DIAMINESQ,
2026-01-27,DIAMINESQ,
2026-01-28,DIAMINESQ,
2026-01-29,DIAMINESQ,
2026-01-30,DIAMINESQ,
2026-02-02,DIAMINESQ,
2026-02-03,DIAMINESQ,
2026-02-04,DIAMINESQ,
2026-02-05,DIAMINESQ,
2026-02-06,DIAMINESQ,
2026-02-09,DIAMINESQ,
2026-02-10,DIAMINESQ,
2026-02-11,DIAMINESQ,
2026-02-12,DIAMINESQ,
2026-02-13,DIAMINESQ,
2026-02-16,DIAMINESQ,
2026-02-17,DIAMINESQ,
2026-02-18,DIAMINESQ,
2026-02-19,DIAMINESQ,
2026-02-20,DIAMINESQ,
2026-02-23,DIAMINESQ,
2026-02-24,DIAMINESQ,
2026-02-25,DIAMINESQ,
2026-02-26,DIAMINESQ,
2026-02-27,DIAMINESQ,
2026-03-02,DIAMINESQ,
2026-03-04,DIAMINESQ,
2026-03-05,DIAMINESQ,
2026-03-06,DIAMINESQ,
2026-03-09,DIAMINESQ,
2026-03-10,DIAMINESQ,
2026-03-11,DIAMINESQ,
2026-03-12,DIAMINESQ,
2026-03-13,DIAMINESQ,
2026-03-16,DIAMINESQ,
2026-03-17,DIAMINESQ,
2026-03-18,DIAMINESQ,
2026-03-19,DIAMINESQ,
2026-03-20,DIAMINESQ,
2026-03-23,DIAMINESQ,
2026-03-24,DIAMINESQ,
2026-03-25,DIAMINESQ,
2026-03-27,DIAMINESQ,
2026-03-30,DIAMINESQ,
2026-04-01,DIAMINESQ,
2026-04-02,DIAMINESQ,
2026-04-06,DIAMINESQ,
2026-04-07,DIAMINESQ,
2026-04-08,DIAMINESQ,
2026-04-09,DIAMINESQ,
2026-04-10,DIAMINESQ,
2026-04-13,DIAMINESQ,
2026-04-15,DIAMINESQ,
2026-04-16,DIAMINESQ,
2026-04-17,DIAMINESQ,
2026-04-20,DIAMINESQ,
2026-04-21,DIAMINESQ,
2026-04-22,DIAMINESQ,
2026-04-23,DIAMINESQ,
2026-04-24,DIAMINESQ,
2026-04-27,DIAMINESQ,
2026-04-28,DIAMINESQ,
2026-04-29,DIAMINESQ,
2026-04-30,DIAMINESQ,
2026-05-04,DIAMINESQ,
2026-05-05,DIAMINESQ,
2026-05-06,DIAMINESQ,
2026-05-07,DIAMINESQ,
2026-05-08,DIAMINESQ,
2026-05-11,DIAMINESQ,
2026-05-12,DIAMINESQ,
2026-05-13,DIAMINESQ,
2026-05-14,DIAMINESQ,
2026-05-15,DIAMINESQ,
2026-05-18,DIAMINESQ,
2026-05-19,DIAMINESQ,
2026-05-20,DIAMINESQ,
2026-05-21,DIAMINESQ,
2026-05-22,DIAMINESQ,
2026-05-25,DIAMINESQ,
2026-05-26,DIAMINESQ,
2026-05-27,DIAMINESQ,
2026-05-29,DIAMINESQ,
2026-06-01,DIAMINESQ,
2026-06-02,DIAMINESQ,
2026-06-03,DIAMINESQ,
2026-06-04,DIAMINESQ,
2026-06-05,DIAMINESQ,
2026-06-08,DIAMINESQ,
2026-06-09,DIAMINESQ,
2026-06-10,DIAMINESQ,
2026-06-11,DIAMINESQ,
2026-06-12,DIAMINESQ,
2026-06-15,DIAMINESQ,
2026-06-16,DIAMINESQ,
2026-06-17,DIAMINESQ,
2026-06-18,DIAMINESQ,
2026-06-19,DIAMINESQ,
2026-06-22,DIAMINESQ,
2026-06-23,DIAMINESQ,
2026-06-24,DIAMINESQ,
2026-06-25,DIAMINESQ,
2026-06-29,DIAMINESQ,
2026-06-30,DIAMINESQ,
2026-07-01,DIAMINESQ,
2026-07-02,DIAMINESQ,
2026-07-03,DIAMINESQ,
2026-07-06,DIAMINESQ,
2026-07-07,DIAMINESQ,
2026-07-08,DIAMINESQ,
2026-07-09,DIAMINESQ,
2026-07-10,DIAMINESQ,
2026-07-13,DIAMINESQ,
2026-07-14,DIAMINESQ,
2026-07-15,DIAMINESQ,
2026-07-16,DIAMINESQ,
2026-07-17,DIAMINESQ,
2026-07-20,DIAMINESQ,
2026-07-21,DIAMINESQ,
2026-07-22,DIAMINESQ,
2026-07-23,DIAMINESQ,
2026-07-24,DIAMINESQ,
2026-07-27,DIAMINESQ,
2026-07-28,DIAMINESQ,
2026-07-29,DIAMINESQ,
2026-07-30,DIAMINESQ,
2026-07-31,DIAMINESQ,
2026-08-03,DIAMINESQ,
2026-08-04,DIAMINESQ,
2026-08-05,DIAMINESQ,
2026-08-06,DIAMINESQ,
2026-08-07,DIAMINESQ,
2026-08-10,DIAMINESQ,
2026-08-11,DIAMINESQ,
2026-08-12,DIAMINESQ,
2026-08-13,DIAMINESQ,
2026-08-14,DIAMINESQ,
2026-08-17,DIAMINESQ,
2026-08-18,DIAMINESQ,
2026-08-19,DIAMINESQ,
2026-08-20,DIAMINESQ,
2026-08-21,DIAMINESQ,
2026-08-24,DIAMINESQ,
2026-08-25,DIAMINESQ,
2026-08-26,DIAMINESQ,
2026-08-27,DIAMINESQ,
2026-08-28,DIAMINESQ,
2026-08-31,DIAMINESQ,
2026-09-01,DIAMINESQ,
2026-09-02,DIAMINESQ,
2026-09-03,DIAMINESQ,
2026-09-04,DIAMINESQ,
2026-09-07,DIAMINESQ,
2026-09-08,DIAMINESQ,244.7649
2026-09-09,DIAMINESQ,247.0912
2026-09-10,DIAMINESQ,247.0912
2026-09-11,DIAMINESQ,247.0912
2025-08-29,DIAMONDYD,
2025-09-01,DIAMONDYD,
2025-09-02,DIAMONDYD,
2025-09-03,DIAMONDYD,
2025-09-04,DIAMONDYD,
2025-09-05,DIAMONDYD,
2025-09-08,DIAMONDYD,
2025-09-09,DIAMONDYD,
2025-09-10,DIAMONDYD,
2025-09-11,DIAMONDYD,
2025-09-12,DIAMONDYD,
2025-09-15,DIAMONDYD,
2025-09-16,DIAMONDYD,
2025-09-17,DIAMONDYD,
2025-09-18,DIAMONDYD,
2025-09-19,DIAMONDYD,
2025-09-22,DIAMONDYD,
2025-09-23,DIAMONDYD,
2025-09-24,DIAMONDYD,
2025-09-25,DIAMONDYD,
2025-09-26,DIAMONDYD,
2025-09-29,DIAMONDYD,
2025-09-30,DIAMONDYD,
2025-10-01,DIAMONDYD,
2025-10-03,DIAMONDYD,
2025-10-06,DIAMONDYD,
2025-10-07,DIAMONDYD,
2025-10-08,DIAMONDYD,
2025-10-09,DIAMONDYD,
2025-10-10,DIAMONDYD,
2025-10-13,DIAMONDYD,
2025-10-14,DIAMONDYD,
2025-10-15,DIAMONDYD,
2025-10-16,DIAMONDYD,
2025-10-17,DIAMONDYD,
2025-10-20,DIAMONDYD,
2025-10-21,DIAMONDYD,
2025-10-23,DIAMONDYD,
2025-10-24,DIAMONDYD,
2025-10-27,DIAMONDYD,
2025-10-28,DIAMONDYD,
2025-10-29,DIAMONDYD,
2025-10-30,DIAMONDYD,
2025-10-31,DIAMONDYD,
2025-11-03,DIAMONDYD,
2025-11-04,DIAMONDYD,
2025-11-06,DIAMONDYD,
2025-11-07,DIAMONDYD,
2025-11-10,DIAMONDYD,
2025-11-11,DIAMONDYD,
2025-11-12,DIAMONDYD,
2025-11-13,DIAMONDYD,
2025-11-14,DIAMONDYD,
2025-11-17,DIAMONDYD,
2025-11-18,DIAMONDYD,
2025-11-19,DIAMONDYD,
2025-11-20,DIAMONDYD,
2025-11-21,DIAMONDYD,
2025-11-24,DIAMONDYD,
2025-11-25,DIAMONDYD,
2025-11-26,DIAMONDYD,
2025-11-27,DIAMONDYD,
2025-11-28,DIAMONDYD,
2025-12-01,DIAMONDYD,
2025-12-02,DIAMONDYD,
2025-12-03,DIAMONDYD,
2025-12-04,DIAMONDYD,
2025-12-05,DIAMONDYD,
2025-12-08,DIAMONDYD,
2025-12-09,DIAMONDYD,
2025-12-10,DIAMONDYD,
2025-12-11,DIAMONDYD,
2025-12-12,DIAMONDYD,
2025-12-15,DIAMONDYD,
2025-12-16,DIAMONDYD,
2025-12-17,DIAMONDYD,
2025-12-18,DIAMONDYD,
2025-12-19,DIAMONDYD,
2025-12-22,DIAMONDYD,
2025-12-23,DIAMONDYD,
2025-12-24,DIAMONDYD,
2025-12-26,DIAMONDYD,
2025-12-29,DIAMONDYD,
2025-12-30,DIAMONDYD,
2025-12-31,DIAMONDYD,
2026-01-01,DIAMONDYD,
2026-01-02,DIAMONDYD,
2026-01-05,DIAMONDYD,
2026-01-06,DIAMONDYD,
2026-01-07,DIAMONDYD,
2026-01-08,DIAMONDYD,
2026-01-09,DIAMONDYD,
2026-01-12,DIAMONDYD,
2026-01-13,DIAMONDYD,
2026-01-14,DIAMONDYD,
2026-01-16,DIAMONDYD,
2026-01-19,DIAMONDYD,
2026-01-20,DIAMONDYD,
2026-01-21,DIAMONDYD,
2026-01-22,DIAMONDYD,
2026-01-23,DIAMONDYD,
2026-01-27,DIAMONDYD,
2026-01-28,DIAMONDYD,
2026-01-29,DIAMONDYD,
2026-01-30,DIAMONDYD,
2026-02-02,DIAMONDYD,
2026-02-03,DIAMONDYD,
2026-02-04,DIAMONDYD,
2026-02-05,DIAMONDYD,
2026-02-06,DIAMONDYD,
2026-02-09,DIAMONDYD,
2026-02-10,DIAMONDYD,
2026-02-11,DIAMONDYD,
2026-02-12,DIAMONDYD,
2026-02-13,DIAMONDYD,
2026-02-16,DIAMONDYD,
2026-02-17,DIAMONDYD,
2026-02-18,DIAMONDYD,
2026-02-19,DIAMONDYD,
2026-02-20,DIAMONDYD,
2026-02-23,DIAMONDYD,
2026-02-24,DIAMONDYD,
2026-02-25,DIAMONDYD,
2026-02-26,DIAMONDYD,
2026-02-27,DIAMONDYD,
2026-03-02,DIAMONDYD,
2026-03-04,DIAMONDYD,
2026-03-05,DIAMONDYD,
2026-03-06,DIAMONDYD,
2026-03-09,DIAMONDYD,
2026-03-10,DIAMONDYD,
2026-03-11,DIAMONDYD,
2026-03-12,DIAMONDYD,
2026-03-13,DIAMONDYD,
2026-03-16,DIAMONDYD,
2026-03-17,DIAMONDYD,
2026-03-18,DIAMONDYD,
2026-03-19,DIAMONDYD,
2026-03-20,DIAMONDYD,
2026-03-23,DIAMONDYD,
2026-03-24,DIAMONDYD,
2026-03-25,DIAMONDYD,
2026-03-27,DIAMONDYD,
2026-03-30,DIAMONDYD,
2026-04-01,DIAMONDYD,
2026-04-02,DIAMONDYD,
2026-04-06,DIAMONDYD,
2026-04-07,DIAMONDYD,
2026-04-08,DIAMONDYD,
2026-04-09,DIAMONDYD,
2026-04-10,DIAMONDYD,
2026-04-13,DIAMONDYD,
2026-04-15,DIAMONDYD,
2026-04-16,DIAMONDYD,
2026-04-17,DIAMONDYD,
2026-04-20,DIAMONDYD,
2026-04-21,DIAMONDYD,
2026-04-22,DIAMONDYD,
2026-04-23,DIAMONDYD,
2026-04-24,DIAMONDYD,
2026-04-27,DIAMONDYD,
2026-04-28,DIAMONDYD,
2026-04-29,DIAMONDYD,
2026-04-30,DIAMONDYD,
2026-05-04,DIAMONDYD,
2026-05-05,DIAMONDYD,
2026-05-06,DIAMONDYD,
2026-05-07,DIAMONDYD,
2026-05-08,DIAMONDYD,
2026-05-11,DIAMONDYD,
2026-05-12,DIAMONDYD,
2026-05-13,DIAMONDYD,
2026-05-14,DIAMONDYD,
2026-05-15,DIAMONDYD,
2026-05-18,DIAMONDYD,
2026-05-19,DIAMONDYD,
2026-05-20,DIAMONDYD,
2026-05-21,DIAMONDYD,
2026-05-22,DIAMONDYD,
2026-05-25,DIAMONDYD,
2026-05-26,DIAMONDYD,
2026-05-27,DIAMONDYD,
2026-05-29,DIAMONDYD,
2026-06-01,DIAMONDYD,
2026-06-02,DIAMONDYD,
2026-06-03,DIAMONDYD,
2026-06-04,DIAMONDYD,
2026-06-05,DIAMONDYD,
2026-06-08,DIAMONDYD,
2026-06-09,DIAMONDYD,
2026-06-10,DIAMONDYD,
2026-06-11,DIAMONDYD,
2026-06-12,DIAMONDYD,
2026-06-15,DIAMONDYD,
2026-06-16,DIAMONDYD,
2026-06-17,DIAMONDYD,
2026-06-18,DIAMONDYD,
2026-06-19,DIAMONDYD,
2026-06-22,DIAMONDYD,
2026-06-23,DIAMONDYD,
2026-06-24,DIAMONDYD,
2026-06-25,DIAMONDYD,1090.0
2026-06-29,DIAMONDYD,1090.0
2026-06-30,DIAMONDYD,1090.0
2026-07-01,DIAMONDYD,1090.0
2026-07-02,DIAMONDYD,1090.0
2026-07-03,DIAMONDYD,1090.0
2026-07-06,DIAMONDYD,1090.0
2026-07-07,DIAMONDYD,1090.0
2026-07-08,DIAMONDYD,1090.0
2026-07-09,DIAMONDYD,1090.0
2026-07-10,DIAMONDYD,1090.0
2026-07-13,DIAMONDYD,1090.0
2026-07-14,DIAMONDYD,1090.0
2026-07-15,DIAMONDYD,1090.0
2026-07-16,DIAMONDYD,1090.0
2026-07-17,DIAMONDYD,1090.0
2026-07-20,DIAMONDYD,1090.0
2026-07-21,DIAMONDYD,1090.0
2026-07-22,DIAMONDYD,1090.0
2026-07-23,DIAMONDYD,1090.0
2026-07-24,DIAMONDYD,1090.0
2026-07-27,DIAMONDYD,1090.0
2026-07-28,DIAMONDYD,1090.0
2026-07-29,DIAMONDYD,1090.0
2026-07-30,DIAMONDYD,1090.0
2026-07-31,DIAMONDYD,1090.0
2026-08-03,DIAMONDYD,1090.0
2026-08-04,DIAMONDYD,1090.0
2026-08-05,DIAMONDYD,1167.1196
2026-08-06,DIAMONDYD,1167.0484
2026-08-07,DIAMONDYD,1173.9645
2026-08-10,DIAMONDYD,1173.9645
2026-08-11,DIAMONDYD,1173.9645
2026-08-12,DIAMONDYD,1173.9645
2026-08-13,DIAMONDYD,1173.9645
2026-08-14,DIAMONDYD,1173.9645
2026-08-17,DIAMONDYD,1173.9645
2026-08-18,DIAMONDYD,1173.9645
2026-08-19,DIAMONDYD,1173.9645
2026-08-20,DIAMONDYD,1173.9645
2026-08-21,DIAMONDYD,1173.9645
2026-08-24,DIAMONDYD,1173.9645
2026-08-25,DIAMONDYD,1173.9645
2026-08-26,DIAMONDYD,1173.9645
2026-08-27,DIAMONDYD,1173.9645
2026-08-28,DIAMONDYD,1173.9645
2026-08-31,DIAMONDYD,1173.9645
2026-09-01,DIAMONDYD,1173.9645
2026-09-02,DIAMONDYD,1173.9645
2026-09-03,DIAMONDYD,1173.9645
2026-09-04,DIAMONDYD,1173.9645
2026-09-07,DIAMONDYD,1173.9645
2026-09-08,DIAMONDYD,1173.9645
2026-09-09,DIAMONDYD,1173.9645
2026-09-10,DIAMONDYD,1173.9645
2026-09-11,DIAMONDYD,1173.9645
2025-08-29,DOLLAR,
2025-09-01,DOLLAR,
2025-09-02,DOLLAR,
2025-09-03,DOLLAR,
2025-09-04,DOLLAR,
2025-09-05,DOLLAR,
2025-09-08,DOLLAR,
2025-09-09,DOLLAR,
2025-09-10,DOLLAR,
2025-09-11,DOLLAR,
2025-09-12,DOLLAR,
2025-09-15,DOLLAR,
2025-09-16,DOLLAR,
2025-09-17,DOLLAR,
2025-09-18,DOLLAR,
2025-09-19,DOLLAR,
2025-09-22,DOLLAR,
2025-09-23,DOLLAR,
2025-09-24,DOLLAR,
2025-09-25,DOLLAR,
2025-09-26,DOLLAR,
2025-09-29,DOLLAR,
2025-09-30,DOLLAR,
2025-10-01,DOLLAR,
2025-10-03,DOLLAR,
2025-10-06,DOLLAR,
2025-10-07,DOLLAR,
2025-10-08,DOLLAR,
2025-10-09,DOLLAR,
2025-10-10,DOLLAR,
2025-10-13,DOLLAR,
2025-10-14,DOLLAR,
2025-10-15,DOLLAR,
2025-10-16,DOLLAR,
2025-10-17,DOLLAR,
2025-10-20,DOLLAR,
2025-10-21,DOLLAR,
2025-10-23,DOLLAR,
2025-10-24,DOLLAR,
2025-10-27,DOLLAR,
2025-10-28,DOLLAR,
2025-10-29,DOLLAR,
2025-10-30,DOLLAR,
2025-10-31,DOLLAR,
2025-11-03,DOLLAR,
2025-11-04,DOLLAR,
2025-11-06,DOLLAR,
2025-11-07,DOLLAR,
2025-11-10,DOLLAR,
2025-11-11,DOLLAR,
2025-11-12,DOLLAR,
2025-11-13,DOLLAR,
2025-11-14,DOLLAR,
2025-11-17,DOLLAR,
2025-11-18,DOLLAR,
2025-11-19,DOLLAR,
2025-11-20,DOLLAR,
2025-11-21,DOLLAR,
2025-11-24,DOLLAR,
2025-11-25,DOLLAR,
2025-11-26,DOLLAR,
2025-11-27,DOLLAR,
2025-11-28,DOLLAR,
2025-12-01,DOLLAR,
2025-12-02,DOLLAR,
2025-12-03,DOLLAR,
2025-12-04,DOLLAR,
2025-12-05,DOLLAR,
2025-12-08,DOLLAR,
2025-12-09,DOLLAR,
2025-12-10,DOLLAR,
2025-12-11,DOLLAR,
2025-12-12,DOLLAR,
2025-12-15,DOLLAR,
2025-12-16,DOLLAR,
2025-12-17,DOLLAR,
2025-12-18,DOLLAR,
2025-12-19,DOLLAR,
2025-12-22,DOLLAR,
2025-12-23,DOLLAR,
2025-12-24,DOLLAR,
2025-12-26,DOLLAR,
2025-12-29,DOLLAR,
2025-12-30,DOLLAR,
2025-12-31,DOLLAR,
2026-01-01,DOLLAR,
2026-01-02,DOLLAR,
2026-01-05,DOLLAR,
2026-01-06,DOLLAR,
2026-01-07,DOLLAR,
2026-01-08,DOLLAR,
2026-01-09,DOLLAR,
2026-01-12,DOLLAR,
2026-01-13,DOLLAR,
2026-01-14,DOLLAR,
2026-01-16,DOLLAR,
2026-01-19,DOLLAR,
2026-01-20,DOLLAR,
2026-01-21,DOLLAR,
2026-01-22,DOLLAR,
2026-01-23,DOLLAR,
2026-01-27,DOLLAR,
2026-01-28,DOLLAR,
2026-01-29,DOLLAR,
2026-01-30,DOLLAR,
2026-02-02,DOLLAR,
2026-02-03,DOLLAR,
2026-02-04,DOLLAR,
2026-02-05,DOLLAR,
2026-02-06,DOLLAR,
2026-02-09,DOLLAR,
2026-02-10,DOLLAR,
2026-02-11,DOLLAR,
2026-02-12,DOLLAR,
2026-02-13,DOLLAR,
2026-02-16,DOLLAR,
2026-02-17,DOLLAR,
2026-02-18,DOLLAR,
2026-02-19,DOLLAR,
2026-02-20,DOLLAR,
2026-02-23,DOLLAR,
2026-02-24,DOLLAR,
2026-02-25,DOLLAR,
2026-02-26,DOLLAR,
2026-02-27,DOLLAR,
2026-03-02,DOLLAR,
2026-03-04,DOLLAR,
2026-03-05,DOLLAR,
2026-03-06,DOLLAR,
2026-03-09,DOLLAR,
2026-03-10,DOLLAR,
2026-03-11,DOLLAR,
2026-03-12,DOLLAR,
2026-03-13,DOLLAR,
2026-03-16,DOLLAR,
2026-03-17,DOLLAR,
2026-03-18,DOLLAR,
2026-03-19,DOLLAR,
2026-03-20,DOLLAR,
2026-03-23,DOLLAR,
2026-03-24,DOLLAR,
2026-03-25,DOLLAR,
2026-03-27,DOLLAR,
2026-03-30,DOLLAR,
2026-04-01,DOLLAR,
2026-04-02,DOLLAR,
2026-04-06,DOLLAR,
2026-04-07,DOLLAR,
2026-04-08,DOLLAR,
2026-04-09,DOLLAR,
2026-04-10,DOLLAR,
2026-04-13,DOLLAR,
2026-04-15,DOLLAR,
2026-04-16,DOLLAR,
2026-04-17,DOLLAR,
2026-04-20,DOLLAR,
2026-04-21,DOLLAR,
2026-04-22,DOLLAR,
2026-04-23,DOLLAR,
2026-04-24,DOLLAR,
2026-04-27,DOLLAR,
2026-04-28,DOLLAR,
2026-04-29,DOLLAR,
2026-04-30,DOLLAR,
2026-05-04,DOLLAR,
2026-05-05,DOLLAR,
2026-05-06,DOLLAR,
2026-05-07,DOLLAR,
2026-05-08,DOLLAR,
2026-05-11,DOLLAR,
2026-05-12,DOLLAR,
2026-05-13,DOLLAR,
2026-05-14,DOLLAR,
2026-05-15,DOLLAR,
2026-05-18,DOLLAR,
2026-05-19,DOLLAR,
2026-05-20,DOLLAR,
2026-05-21,DOLLAR,
2026-05-22,DOLLAR,
2026-05-25,DOLLAR,
2026-05-26,DOLLAR,
2026-05-27,DOLLAR,
2026-05-29,DOLLAR,
2026-06-01,DOLLAR,
2026-06-02,DOLLAR,
2026-06-03,DOLLAR,
2026-06-04,DOLLAR,
2026-06-05,DOLLAR,
2026-06-08,DOLLAR,
2026-06-09,DOLLAR,
2026-06-10,DOLLAR,
2026-06-11,DOLLAR,
2026-06-12,DOLLAR,
2026-06-15,DOLLAR,
2026-06-16,DOLLAR,
2026-06-17,DOLLAR,
2026-06-18,DOLLAR,
2026-06-19,DOLLAR,
2026-06-22,DOLLAR,
2026-06-23,DOLLAR,
2026-06-24,DOLLAR,269.7
2026-06-25,DOLLAR,269.7
2026-06-29,DOLLAR,269.7
2026-06-30,DOLLAR,269.7
2026-07-01,DOLLAR,269.7
2026-07-02,DOLLAR,269.7
2026-07-03,DOLLAR,269.7
2026-07-06,DOLLAR,269.7
2026-07-07,DOLLAR,269.7
2026-07-08,DOLLAR,269.7
2026-07-09,DOLLAR,269.7
2026-07-10,DOLLAR,269.7
2026-07-13,DOLLAR,269.7
2026-07-14,DOLLAR,269.7
2026-07-15,DOLLAR,269.7
2026-07-16,DOLLAR,269.7
2026-07-17,DOLLAR,269.7
2026-07-20,DOLLAR,269.7
2026-07-21,DOLLAR,269.7
2026-07-22,DOLLAR,269.7
2026-07-23,DOLLAR,269.7
2026-07-24,DOLLAR,269.7
2026-07-27,DOLLAR,269.7
2026-07-28,DOLLAR,269.7
2026-07-29,DOLLAR,269.7
2026-07-30,DOLLAR,269.7
2026-07-31,DOLLAR,269.7
2026-08-03,DOLLAR,269.7
2026-08-04,DOLLAR,269.7
2026-08-05,DOLLAR,269.7
2026-08-06,DOLLAR,269.7
2026-08-07,DOLLAR,269.7
2026-08-10,DOLLAR,269.7
2026-08-11,DOLLAR,269.7
2026-08-12,DOLLAR,269.7
2026-08-13,DOLLAR,269.7
2026-08-14,DOLLAR,269.7
2026-08-17,DOLLAR,269.7
2026-08-18,DOLLAR,269.7
2026-08-19,DOLLAR,269.7
2026-08-20,DOLLAR,269.7
2026-08-21,DOLLAR,269.7
2026-08-24,DOLLAR,269.7
2026-08-25,DOLLAR,269.7
2026-08-26,DOLLAR,269.7
2026-08-27,DOLLAR,269.7
2026-08-28,DOLLAR,269.7
2026-08-31,DOLLAR,269.7
2026-09-01,DOLLAR,269.7
2026-09-02,DOLLAR,269.7
2026-09-03,DOLLAR,269.7
2026-09-04,DOLLAR,269.7
2026-09-07,DOLLAR,269.7
2026-09-08,DOLLAR,269.7
2026-09-09,DOLLAR,269.7
2026-09-10,DOLLAR,269.7
2026-09-11,DOLLAR,269.7
2025-08-29,EIEL,
2025-09-01,EIEL,
2025-09-02,EIEL,
2025-09-03,EIEL,
2025-09-04,EIEL,
2025-09-05,EIEL,
2025-09-08,EIEL,
2025-09-09,EIEL,
2025-09-10,EIEL,
2025-09-11,EIEL,
2025-09-12,EIEL,
2025-09-15,EIEL,
2025-09-16,EIEL,
2025-09-17,EIEL,
2025-09-18,EIEL,
2025-09-19,EIEL,
2025-09-22,EIEL,
2025-09-23,EIEL,
2025-09-24,EIEL,
2025-09-25,EIEL,
2025-09-26,EIEL,
2025-09-29,EIEL,
2025-09-30,EIEL,
2025-10-01,EIEL,
2025-10-03,EIEL,
2025-10-06,EIEL,
2025-10-07,EIEL,
2025-10-08,EIEL,
2025-10-09,EIEL,
2025-10-10,EIEL,
2025-10-13,EIEL,
2025-10-14,EIEL,
2025-10-15,EIEL,
2025-10-16,EIEL,
2025-10-17,EIEL,
2025-10-20,EIEL,
2025-10-21,EIEL,
2025-10-23,EIEL,
2025-10-24,EIEL,
2025-10-27,EIEL,
2025-10-28,EIEL,
2025-10-29,EIEL,
2025-10-30,EIEL,
2025-10-31,EIEL,
2025-11-03,EIEL,
2025-11-04,EIEL,
2025-11-06,EIEL,
2025-11-07,EIEL,
2025-11-10,EIEL,
2025-11-11,EIEL,
2025-11-12,EIEL,
2025-11-13,EIEL,
2025-11-14,EIEL,
2025-11-17,EIEL,
2025-11-18,EIEL,
2025-11-19,EIEL,
2025-11-20,EIEL,
2025-11-21,EIEL,
2025-11-24,EIEL,
2025-11-25,EIEL,
2025-11-26,EIEL,
2025-11-27,EIEL,
2025-11-28,EIEL,
2025-12-01,EIEL,
2025-12-02,EIEL,
2025-12-03,EIEL,
2025-12-04,EIEL,
2025-12-05,EIEL,
2025-12-08,EIEL,
2025-12-09,EIEL,
2025-12-10,EIEL,
2025-12-11,EIEL,
2025-12-12,EIEL,
2025-12-15,EIEL,
2025-12-16,EIEL,
2025-12-17,EIEL,
2025-12-18,EIEL,
2025-12-19,EIEL,
2025-12-22,EIEL,
2025-12-23,EIEL,
2025-12-24,EIEL,
2025-12-26,EIEL,
2025-12-29,EIEL,
2025-12-30,EIEL,
2025-12-31,EIEL,
2026-01-01,EIEL,
2026-01-02,EIEL,
2026-01-05,EIEL,
2026-01-06,EIEL,
2026-01-07,EIEL,
2026-01-08,EIEL,
2026-01-09,EIEL,
2026-01-12,EIEL,
2026-01-13,EIEL,
2026-01-14,EIEL,
2026-01-16,EIEL,
2026-01-19,EIEL,
2026-01-20,EIEL,
2026-01-21,EIEL,
2026-01-22,EIEL,
2026-01-23,EIEL,
2026-01-27,EIEL,
2026-01-28,EIEL,
2026-01-29,EIEL,
2026-01-30,EIEL,
2026-02-02,EIEL,
2026-02-03,EIEL,
2026-02-04,EIEL,
2026-02-05,EIEL,
2026-02-06,EIEL,
2026-02-09,EIEL,
2026-02-10,EIEL,
2026-02-11,EIEL,
2026-02-12,EIEL,
2026-02-13,EIEL,
2026-02-16,EIEL,
2026-02-17,EIEL,
2026-02-18,EIEL,
2026-02-19,EIEL,
2026-02-20,EIEL,
2026-02-23,EIEL,
2026-02-24,EIEL,
2026-02-25,EIEL,
2026-02-26,EIEL,
2026-02-27,EIEL,
2026-03-02,EIEL,
2026-03-04,EIEL,
2026-03-05,EIEL,
2026-03-06,EIEL,
2026-03-09,EIEL,
2026-03-10,EIEL,
2026-03-11,EIEL,
2026-03-12,EIEL,
2026-03-13,EIEL,
2026-03-16,EIEL,
2026-03-17,EIEL,
2026-03-18,EIEL,
2026-03-19,EIEL,
2026-03-20,EIEL,
2026-03-23,EIEL,
2026-03-24,EIEL,
2026-03-25,EIEL,
2026-03-27,EIEL,
2026-03-30,EIEL,
2026-04-01,EIEL,
2026-04-02,EIEL,
2026-04-06,EIEL,
2026-04-07,EIEL,
2026-04-08,EIEL,
2026-04-09,EIEL,
2026-04-10,EIEL,
2026-04-13,EIEL,
2026-04-15,EIEL,
2026-04-16,EIEL,
2026-04-17,EIEL,
2026-04-20,EIEL,
2026-04-21,EIEL,
2026-04-22,EIEL,
2026-04-23,EIEL,
2026-04-24,EIEL,
2026-04-27,EIEL,
2026-04-28,EIEL,
2026-04-29,EIEL,
2026-04-30,EIEL,
2026-05-04,EIEL,
2026-05-05,EIEL,
2026-05-06,EIEL,
2026-05-07,EIEL,
2026-05-08,EIEL,
2026-05-11,EIEL,
2026-05-12,EIEL,
2026-05-13,EIEL,
2026-05-14,EIEL,
2026-05-15,EIEL,
2026-05-18,EIEL,
2026-05-19,EIEL,
2026-05-20,EIEL,
2026-05-21,EIEL,
2026-05-22,EIEL,
2026-05-25,EIEL,
2026-05-26,EIEL,
2026-05-27,EIEL,
2026-05-29,EIEL,
2026-06-01,EIEL,
2026-06-02,EIEL,
2026-06-03,EIEL,
2026-06-04,EIEL,
2026-06-05,EIEL,
2026-06-08,EIEL,
2026-06-09,EIEL,
2026-06-10,EIEL,
2026-06-11,EIEL,
2026-06-12,EIEL,
2026-06-15,EIEL,
2026-06-16,EIEL,
2026-06-17,EIEL,
2026-06-18,EIEL,
2026-06-19,EIEL,
2026-06-22,EIEL,
2026-06-23,EIEL,
2026-06-24,EIEL,
2026-06-25,EIEL,
2026-06-29,EIEL,
2026-06-30,EIEL,
2026-07-01,EIEL,
2026-07-02,EIEL,
2026-07-03,EIEL,
2026-07-06,EIEL,
2026-07-07,EIEL,
2026-07-08,EIEL,
2026-07-09,EIEL,
2026-07-10,EIEL,
2026-07-13,EIEL,
2026-07-14,EIEL,
2026-07-15,EIEL,
2026-07-16,EIEL,
2026-07-17,EIEL,
2026-07-20,EIEL,
2026-07-21,EIEL,
2026-07-22,EIEL,
2026-07-23,EIEL,
2026-07-24,EIEL,
2026-07-27,EIEL,
2026-07-28,EIEL,
2026-07-29,EIEL,
2026-07-30,EIEL,
2026-07-31,EIEL,
2026-08-03,EIEL,
2026-08-04,EIEL,
2026-08-05,EIEL,
2026-08-06,EIEL,
2026-08-07,EIEL,
2026-08-10,EIEL,
2026-08-11,EIEL,
2026-08-12,EIEL,
2026-08-13,EIEL,
2026-08-14,EIEL,
2026-08-17,EIEL,
2026-08-18,EIEL,
2026-08-19,EIEL,
2026-08-20,EIEL,
2026-08-21,EIEL,
2026-08-24,EIEL,
2026-08-25,EIEL,
2026-08-26,EIEL,
2026-08-27,EIEL,
2026-08-28,EIEL,
2026-08-31,EIEL,196.0
2026-09-01,EIEL,192.8739
2026-09-02,EIEL,191.8685
2026-09-03,EIEL,191.8685
2026-09-04,EIEL,191.8685
2026-09-07,EIEL,191.8685
2026-09-08,EIEL,191.8685
2026-09-09,EIEL,191.8685
2026-09-10,EIEL,191.8685
2026-09-11,EIEL,191.8685
2025-11-26,EXCELSOFT,
2025-11-27,EXCELSOFT,
2025-11-28,EXCELSOFT,
2025-12-01,EXCELSOFT,
2025-12-02,EXCELSOFT,
2025-12-03,EXCELSOFT,
2025-12-04,EXCELSOFT,
2025-12-05,EXCELSOFT,
2025-12-08,EXCELSOFT,
2025-12-09,EXCELSOFT,
2025-12-10,EXCELSOFT,
2025-12-11,EXCELSOFT,
2025-12-12,EXCELSOFT,
2025-12-15,EXCELSOFT,
2025-12-16,EXCELSOFT,
2025-12-17,EXCELSOFT,
2025-12-18,EXCELSOFT,
2025-12-19,EXCELSOFT,
2025-12-22,EXCELSOFT,
2025-12-23,EXCELSOFT,
2025-12-24,EXCELSOFT,
2025-12-26,EXCELSOFT,
2025-12-29,EXCELSOFT,
2025-12-30,EXCELSOFT,
2025-12-31,EXCELSOFT,
2026-01-01,EXCELSOFT,
2026-01-02,EXCELSOFT,
2026-01-05,EXCELSOFT,
2026-01-06,EXCELSOFT,
2026-01-07,EXCELSOFT,
2026-01-08,EXCELSOFT,
2026-01-09,EXCELSOFT,
2026-01-12,EXCELSOFT,
2026-01-13,EXCELSOFT,
2026-01-14,EXCELSOFT,
2026-01-16,EXCELSOFT,
2026-01-19,EXCELSOFT,
2026-01-20,EXCELSOFT,
2026-01-21,EXCELSOFT,
2026-01-22,EXCELSOFT,
2026-01-23,EXCELSOFT,
2026-01-27,EXCELSOFT,
2026-01-28,EXCELSOFT,
2026-01-29,EXCELSOFT,
2026-01-30,EXCELSOFT,
2026-02-02,EXCELSOFT,
2026-02-03,EXCELSOFT,
2026-02-04,EXCELSOFT,
2026-02-05,EXCELSOFT,
2026-02-06,EXCELSOFT,
2026-02-09,EXCELSOFT,
2026-02-10,EXCELSOFT,
2026-02-11,EXCELSOFT,
2026-02-12,EXCELSOFT,
2026-02-13,EXCELSOFT,
2026-02-16,EXCELSOFT,
2026-02-17,EXCELSOFT,
2026-02-18,EXCELSOFT,
2026-02-19,EXCELSOFT,
2026-02-20,EXCELSOFT,
2026-02-23,EXCELSOFT,
2026-02-24,EXCELSOFT,
2026-02-25,EXCELSOFT,
2026-02-26,EXCELSOFT,
2026-02-27,EXCELSOFT,
2026-03-02,EXCELSOFT,
2026-03-04,EXCELSOFT,
2026-03-05,EXCELSOFT,
2026-03-06,EXCELSOFT,
2026-03-09,EXCELSOFT,
2026-03-10,EXCELSOFT,
2026-03-11,EXCELSOFT,
2026-03-12,EXCELSOFT,
2026-03-13,EXCELSOFT,
2026-03-16,EXCELSOFT,
2026-03-17,EXCELSOFT,
2026-03-18,EXCELSOFT,
2026-03-19,EXCELSOFT,
2026-03-20,EXCELSOFT,
2026-03-23,EXCELSOFT,
2026-03-24,EXCELSOFT,
2026-03-25,EXCELSOFT,
2026-03-27,EXCELSOFT,
2026-03-30,EXCELSOFT,
2026-04-01,EXCELSOFT,
2026-04-02,EXCELSOFT,
2026-04-06,EXCELSOFT,
2026-04-07,EXCELSOFT,
2026-04-08,EXCELSOFT,
2026-04-09,EXCELSOFT,
2026-04-10,EXCELSOFT,
2026-04-13,EXCELSOFT,
2026-04-15,EXCELSOFT,
2026-04-16,EXCELSOFT,
2026-04-17,EXCELSOFT,
2026-04-20,EXCELSOFT,
2026-04-21,EXCELSOFT,
2026-04-22,EXCELSOFT,
2026-04-23,EXCELSOFT,
2026-04-24,EXCELSOFT,
2026-04-27,EXCELSOFT,
2026-04-28,EXCELSOFT,
2026-04-29,EXCELSOFT,
2026-04-30,EXCELSOFT,
2026-05-04,EXCELSOFT,
2026-05-05,EXCELSOFT,
2026-05-06,EXCELSOFT,
2026-05-07,EXCELSOFT,
2026-05-08,EXCELSOFT,
2026-05-11,EXCELSOFT,
2026-05-12,EXCELSOFT,
2026-05-13,EXCELSOFT,
2026-05-14,EXCELSOFT,
2026-05-15,EXCELSOFT,
2026-05-18,EXCELSOFT,
2026-05-19,EXCELSOFT,
2026-05-20,EXCELSOFT,
2026-05-21,EXCELSOFT,
2026-05-22,EXCELSOFT,
2026-05-25,EXCELSOFT,
2026-05-26,EXCELSOFT,
2026-05-27,EXCELSOFT,
2026-05-29,EXCELSOFT,
2026-06-01,EXCELSOFT,
2026-06-02,EXCELSOFT,
2026-06-03,EXCELSOFT,
2026-06-04,EXCELSOFT,
2026-06-05,EXCELSOFT,
2026-06-08,EXCELSOFT,
2026-06-09,EXCELSOFT,
2026-06-10,EXCELSOFT,
2026-06-11,EXCELSOFT,
2026-06-12,EXCELSOFT,
2026-06-15,EXCELSOFT,
2026-06-16,EXCELSOFT,
2026-06-17,EXCELSOFT,
2026-06-18,EXCELSOFT,
2026-06-19,EXCELSOFT,
2026-06-22,EXCELSOFT,
2026-06-23,EXCELSOFT,
2026-06-24,EXCELSOFT,
2026-06-25,EXCELSOFT,
2026-06-29,EXCELSOFT,
2026-06-30,EXCELSOFT,
2026-07-01,EXCELSOFT,
2026-07-02,EXCELSOFT,
2026-07-03,EXCELSOFT,
2026-07-06,EXCELSOFT,
2026-07-07,EXCELSOFT,
2026-07-08,EXCELSOFT,
2026-07-09,EXCELSOFT,
2026-07-10,EXCELSOFT,
2026-07-13,EXCELSOFT,
2026-07-14,EXCELSOFT,
2026-07-15,EXCELSOFT,
2026-07-16,EXCELSOFT,
2026-07-17,EXCELSOFT,
2026-07-20,EXCELSOFT,
2026-07-21,EXCELSOFT,
2026-07-22,EXCELSOFT,
2026-07-23,EXCELSOFT,
2026-07-24,EXCELSOFT,
2026-07-27,EXCELSOFT,
2026-07-28,EXCELSOFT,
2026-07-29,EXCELSOFT,
2026-07-30,EXCELSOFT,
2026-07-31,EXCELSOFT,
2026-08-03,EXCELSOFT,
2026-08-04,EXCELSOFT,
2026-08-05,EXCELSOFT,
2026-08-06,EXCELSOFT,
2026-08-07,EXCELSOFT,
2026-08-10,EXCELSOFT,
2026-08-11,EXCELSOFT,
2026-08-12,EXCELSOFT,
2026-08-13,EXCELSOFT,
2026-08-14,EXCELSOFT,74.89
2026-08-17,EXCELSOFT,74.89
2026-08-18,EXCELSOFT,74.89
2026-08-19,EXCELSOFT,74.89
2026-08-20,EXCELSOFT,74.89
2026-08-21,EXCELSOFT,74.89
2026-08-24,EXCELSOFT,74.89
2026-08-25,EXCELSOFT,74.89
2026-08-26,EXCELSOFT,74.89
2026-08-27,EXCELSOFT,74.89
2026-08-28,EXCELSOFT,74.89
2026-08-31,EXCELSOFT,74.89
2026-09-01,EXCELSOFT,74.89
2026-09-02,EXCELSOFT,74.89
2026-09-03,EXCELSOFT,74.89
2026-09-04,EXCELSOFT,73.514
2026-09-07,EXCELSOFT,73.514
2026-09-08,EXCELSOFT,73.514
2026-09-09,EXCELSOFT,73.514
2026-09-10,EXCELSOFT,73.514
2026-09-11,EXCELSOFT,73.514
2025-08-29,FOCUS,
2025-09-01,FOCUS,
2025-09-02,FOCUS,
2025-09-03,FOCUS,
2025-09-04,FOCUS,
2025-09-05,FOCUS,
2025-09-08,FOCUS,
2025-09-09,FOCUS,
2025-09-10,FOCUS,
2025-09-11,FOCUS,
2025-09-12,FOCUS,
2025-09-15,FOCUS,
2025-09-16,FOCUS,
2025-09-17,FOCUS,
2025-09-18,FOCUS,
2025-09-19,FOCUS,
2025-09-22,FOCUS,
2025-09-23,FOCUS,
2025-09-24,FOCUS,
2025-09-25,FOCUS,
2025-09-26,FOCUS,
2025-09-29,FOCUS,
2025-09-30,FOCUS,
2025-10-01,FOCUS,
2025-10-03,FOCUS,
2025-10-06,FOCUS,
2025-10-07,FOCUS,
2025-10-08,FOCUS,
2025-10-09,FOCUS,
2025-10-10,FOCUS,
2025-10-13,FOCUS,
2025-10-14,FOCUS,
2025-10-15,FOCUS,
2025-10-16,FOCUS,
2025-10-17,FOCUS,
2025-10-20,FOCUS,
2025-10-21,FOCUS,
2025-10-23,FOCUS,
2025-10-24,FOCUS,
2025-10-27,FOCUS,
2025-10-28,FOCUS,
2025-10-29,FOCUS,
2025-10-30,FOCUS,
2025-10-31,FOCUS,
2025-11-03,FOCUS,
2025-11-04,FOCUS,
2025-11-06,FOCUS,
2025-11-07,FOCUS,
2025-11-10,FOCUS,
2025-11-11,FOCUS,
2025-11-12,FOCUS,
2025-11-13,FOCUS,
2025-11-14,FOCUS,
2025-11-17,FOCUS,
2025-11-18,FOCUS,
2025-11-19,FOCUS,
2025-11-20,FOCUS,
2025-11-21,FOCUS,
2025-11-24,FOCUS,
2025-11-25,FOCUS,
2025-11-26,FOCUS,
2025-11-27,FOCUS,
2025-11-28,FOCUS,
2025-12-01,FOCUS,
2025-12-02,FOCUS,
2025-12-03,FOCUS,
2025-12-04,FOCUS,
2025-12-05,FOCUS,
2025-12-08,FOCUS,
2025-12-09,FOCUS,
2025-12-10,FOCUS,
2025-12-11,FOCUS,
2025-12-12,FOCUS,
2025-12-15,FOCUS,
2025-12-16,FOCUS,
2025-12-17,FOCUS,
2025-12-18,FOCUS,
2025-12-19,FOCUS,
2025-12-22,FOCUS,
2025-12-23,FOCUS,
2025-12-24,FOCUS,
2025-12-26,FOCUS,
2025-12-29,FOCUS,
2025-12-30,FOCUS,
2025-12-31,FOCUS,
2026-01-01,FOCUS,
2026-01-02,FOCUS,
2026-01-05,FOCUS,
2026-01-06,FOCUS,
2026-01-07,FOCUS,
2026-01-08,FOCUS,
2026-01-09,FOCUS,
2026-01-12,FOCUS,
2026-01-13,FOCUS,
2026-01-14,FOCUS,
2026-01-16,FOCUS,
2026-01-19,FOCUS,
2026-01-20,FOCUS,
2026-01-21,FOCUS,
2026-01-22,FOCUS,
2026-01-23,FOCUS,
2026-01-27,FOCUS,
2026-01-28,FOCUS,
2026-01-29,FOCUS,
2026-01-30,FOCUS,
2026-02-02,FOCUS,
2026-02-03,FOCUS,
2026-02-04,FOCUS,
2026-02-05,FOCUS,
2026-02-06,FOCUS,
2026-02-09,FOCUS,
2026-02-10,FOCUS,
2026-02-11,FOCUS,
2026-02-12,FOCUS,
2026-02-13,FOCUS,
2026-02-16,FOCUS,
2026-02-17,FOCUS,
2026-02-18,FOCUS,
2026-02-19,FOCUS,
2026-02-20,FOCUS,
2026-02-23,FOCUS,
2026-02-24,FOCUS,
2026-02-25,FOCUS,
2026-02-26,FOCUS,
2026-02-27,FOCUS,
2026-03-02,FOCUS,
2026-03-04,FOCUS,
2026-03-05,FOCUS,
2026-03-06,FOCUS,
2026-03-09,FOCUS,
2026-03-10,FOCUS,
2026-03-11,FOCUS,
2026-03-12,FOCUS,
2026-03-13,FOCUS,
2026-03-16,FOCUS,
2026-03-17,FOCUS,
2026-03-18,FOCUS,
2026-03-19,FOCUS,
2026-03-20,FOCUS,
2026-03-23,FOCUS,
2026-03-24,FOCUS,
2026-03-25,FOCUS,
2026-03-27,FOCUS,
2026-03-30,FOCUS,
2026-04-01,FOCUS,
2026-04-02,FOCUS,
2026-04-06,FOCUS,
2026-04-07,FOCUS,
2026-04-08,FOCUS,
2026-04-09,FOCUS,
2026-04-10,FOCUS,
2026-04-13,FOCUS,
2026-04-15,FOCUS,
2026-04-16,FOCUS,
2026-04-17,FOCUS,
2026-04-20,FOCUS,
2026-04-21,FOCUS,
2026-04-22,FOCUS,
2026-04-23,FOCUS,
2026-04-24,FOCUS,
2026-04-27,FOCUS,
2026-04-28,FOCUS,
2026-04-29,FOCUS,
2026-04-30,FOCUS,
2026-05-04,FOCUS,
2026-05-05,FOCUS,
2026-05-06,FOCUS,
2026-05-07,FOCUS,
2026-05-08,FOCUS,
2026-05-11,FOCUS,
2026-05-12,FOCUS,
2026-05-13,FOCUS,
2026-05-14,FOCUS,
2026-05-15,FOCUS,
2026-05-18,FOCUS,
2026-05-19,FOCUS,
2026-05-20,FOCUS,
2026-05-21,FOCUS,
2026-05-22,FOCUS,
2026-05-25,FOCUS,
2026-05-26,FOCUS,
2026-05-27,FOCUS,
2026-05-29,FOCUS,
2026-06-01,FOCUS,
2026-06-02,FOCUS,
2026-06-03,FOCUS,
2026-06-04,FOCUS,
2026-06-05,FOCUS,
2026-06-08,FOCUS,
2026-06-09,FOCUS,
2026-06-10,FOCUS,
2026-06-11,FOCUS,
2026-06-12,FOCUS,
2026-06-15,FOCUS,
2026-06-16,FOCUS,
2026-06-17,FOCUS,
2026-06-18,FOCUS,
2026-06-19,FOCUS,
2026-06-22,FOCUS,
2026-06-23,FOCUS,
2026-06-24,FOCUS,
2026-06-25,FOCUS,
2026-06-29,FOCUS,
2026-06-30,FOCUS,
2026-07-01,FOCUS,
2026-07-02,FOCUS,
2026-07-03,FOCUS,
2026-07-06,FOCUS,
2026-07-07,FOCUS,
2026-07-08,FOCUS,
2026-07-09,FOCUS,
2026-07-10,FOCUS,
2026-07-13,FOCUS,
2026-07-14,FOCUS,
2026-07-15,FOCUS,
2026-07-16,FOCUS,
2026-07-17,FOCUS,
2026-07-20,FOCUS,
2026-07-21,FOCUS,
2026-07-22,FOCUS,
2026-07-23,FOCUS,
2026-07-24,FOCUS,
2026-07-27,FOCUS,
2026-07-28,FOCUS,
2026-07-29,FOCUS,
2026-07-30,FOCUS,
2026-07-31,FOCUS,
2026-08-03,FOCUS,
2026-08-04,FOCUS,
2026-08-05,FOCUS,
2026-08-06,FOCUS,
2026-08-07,FOCUS,
2026-08-10,FOCUS,
2026-08-11,FOCUS,
2026-08-12,FOCUS,
2026-08-13,FOCUS,
2026-08-14,FOCUS,
2026-08-17,FOCUS,
2026-08-18,FOCUS,
2026-08-19,FOCUS,
2026-08-20,FOCUS,
2026-08-21,FOCUS,
2026-08-24,FOCUS,
2026-08-25,FOCUS,
2026-08-26,FOCUS,
2026-08-27,FOCUS,66.51
2026-08-28,FOCUS,66.51
2026-08-31,FOCUS,66.51
2026-09-01,FOCUS,66.51
2026-09-02,FOCUS,66.51
2026-09-03,FOCUS,66.51
2026-09-04,FOCUS,65.9857
2026-09-07,FOCUS,65.88
2026-09-08,FOCUS,65.88
2026-09-09,FOCUS,65.88
2026-09-10,FOCUS,65.88
2026-09-11,FOCUS,65.88
2025-08-29,GANDHAR,
2025-09-01,GANDHAR,
2025-09-02,GANDHAR,
2025-09-03,GANDHAR,
2025-09-04,GANDHAR,
2025-09-05,GANDHAR,
2025-09-08,GANDHAR,
2025-09-09,GANDHAR,
2025-09-10,GANDHAR,
2025-09-11,GANDHAR,
2025-09-12,GANDHAR,
2025-09-15,GANDHAR,
2025-09-16,GANDHAR,
2025-09-17,GANDHAR,
2025-09-18,GANDHAR,
2025-09-19,GANDHAR,
2025-09-22,GANDHAR,
2025-09-23,GANDHAR,
2025-09-24,GANDHAR,
2025-09-25,GANDHAR,
2025-09-26,GANDHAR,
2025-09-29,GANDHAR,
2025-09-30,GANDHAR,
2025-10-01,GANDHAR,
2025-10-03,GANDHAR,
2025-10-06,GANDHAR,
2025-10-07,GANDHAR,
2025-10-08,GANDHAR,
2025-10-09,GANDHAR,
2025-10-10,GANDHAR,
2025-10-13,GANDHAR,
2025-10-14,GANDHAR,
2025-10-15,GANDHAR,
2025-10-16,GANDHAR,
2025-10-17,GANDHAR,
2025-10-20,GANDHAR,
2025-10-21,GANDHAR,
2025-10-23,GANDHAR,
2025-10-24,GANDHAR,
2025-10-27,GANDHAR,
2025-10-28,GANDHAR,
2025-10-29,GANDHAR,
2025-10-30,GANDHAR,
2025-10-31,GANDHAR,
2025-11-03,GANDHAR,
2025-11-04,GANDHAR,
2025-11-06,GANDHAR,
2025-11-07,GANDHAR,
2025-11-10,GANDHAR,
2025-11-11,GANDHAR,
2025-11-12,GANDHAR,
2025-11-13,GANDHAR,
2025-11-14,GANDHAR,
2025-11-17,GANDHAR,
2025-11-18,GANDHAR,
2025-11-19,GANDHAR,
2025-11-20,GANDHAR,
2025-11-21,GANDHAR,
2025-11-24,GANDHAR,
2025-11-25,GANDHAR,
2025-11-26,GANDHAR,
2025-11-27,GANDHAR,
2025-11-28,GANDHAR,
2025-12-01,GANDHAR,
2025-12-02,GANDHAR,
2025-12-03,GANDHAR,
2025-12-04,GANDHAR,
2025-12-05,GANDHAR,
2025-12-08,GANDHAR,
2025-12-09,GANDHAR,
2025-12-10,GANDHAR,
2025-12-11,GANDHAR,
2025-12-12,GANDHAR,
2025-12-15,GANDHAR,
2025-12-16,GANDHAR,
2025-12-17,GANDHAR,
2025-12-18,GANDHAR,
2025-12-19,GANDHAR,
2025-12-22,GANDHAR,
2025-12-23,GANDHAR,
2025-12-24,GANDHAR,
2025-12-26,GANDHAR,
2025-12-29,GANDHAR,
2025-12-30,GANDHAR,
2025-12-31,GANDHAR,
2026-01-01,GANDHAR,
2026-01-02,GANDHAR,
2026-01-05,GANDHAR,
2026-01-06,GANDHAR,
2026-01-07,GANDHAR,
2026-01-08,GANDHAR,
2026-01-09,GANDHAR,
2026-01-12,GANDHAR,
2026-01-13,GANDHAR,
2026-01-14,GANDHAR,
2026-01-16,GANDHAR,
2026-01-19,GANDHAR,
2026-01-20,GANDHAR,
2026-01-21,GANDHAR,
2026-01-22,GANDHAR,
2026-01-23,GANDHAR,
2026-01-27,GANDHAR,
2026-01-28,GANDHAR,
2026-01-29,GANDHAR,
2026-01-30,GANDHAR,
2026-02-02,GANDHAR,
2026-02-03,GANDHAR,
2026-02-04,GANDHAR,
2026-02-05,GANDHAR,
2026-02-06,GANDHAR,
2026-02-09,GANDHAR,
2026-02-10,GANDHAR,
2026-02-11,GANDHAR,
2026-02-12,GANDHAR,
2026-02-13,GANDHAR,
2026-02-16,GANDHAR,
2026-02-17,GANDHAR,
2026-02-18,GANDHAR,
2026-02-19,GANDHAR,
2026-02-20,GANDHAR,
2026-02-23,GANDHAR,
2026-02-24,GANDHAR,
2026-02-25,GANDHAR,
2026-02-26,GANDHAR,
2026-02-27,GANDHAR,
2026-03-02,GANDHAR,
2026-03-04,GANDHAR,
2026-03-05,GANDHAR,
2026-03-06,GANDHAR,
2026-03-09,GANDHAR,
2026-03-10,GANDHAR,
2026-03-11,GANDHAR,
2026-03-12,GANDHAR,
2026-03-13,GANDHAR,
2026-03-16,GANDHAR,
2026-03-17,GANDHAR,
2026-03-18,GANDHAR,
2026-03-19,GANDHAR,
2026-03-20,GANDHAR,
2026-03-23,GANDHAR,
2026-03-24,GANDHAR,
2026-03-25,GANDHAR,
2026-03-27,GANDHAR,
2026-03-30,GANDHAR,
2026-04-01,GANDHAR,
2026-04-02,GANDHAR,
2026-04-06,GANDHAR,
2026-04-07,GANDHAR,
2026-04-08,GANDHAR,
2026-04-09,GANDHAR,
2026-04-10,GANDHAR,
2026-04-13,GANDHAR,
2026-04-15,GANDHAR,
2026-04-16,GANDHAR,
2026-04-17,GANDHAR,
2026-04-20,GANDHAR,
2026-04-21,GANDHAR,
2026-04-22,GANDHAR,
2026-04-23,GANDHAR,
2026-04-24,GANDHAR,
2026-04-27,GANDHAR,
2026-04-28,GANDHAR,
2026-04-29,GANDHAR,
2026-04-30,GANDHAR,
2026-05-04,GANDHAR,
2026-05-05,GANDHAR,
2026-05-06,GANDHAR,
2026-05-07,GANDHAR,
2026-05-08,GANDHAR,
2026-05-11,GANDHAR,
2026-05-12,GANDHAR,
2026-05-13,GANDHAR,
2026-05-14,GANDHAR,
2026-05-15,GANDHAR,
2026-05-18,GANDHAR,
2026-05-19,GANDHAR,
2026-05-20,GANDHAR,
2026-05-21,GANDHAR,
2026-05-22,GANDHAR,
2026-05-25,GANDHAR,
2026-05-26,GANDHAR,
2026-05-27,GANDHAR,
2026-05-29,GANDHAR,
2026-06-01,GANDHAR,
2026-06-02,GANDHAR,
2026-06-03,GANDHAR,
2026-06-04,GANDHAR,
2026-06-05,GANDHAR,
2026-06-08,GANDHAR,
2026-06-09,GANDHAR,
2026-06-10,GANDHAR,
2026-06-11,GANDHAR,
2026-06-12,GANDHAR,
2026-06-15,GANDHAR,
2026-06-16,GANDHAR,159.5321
2026-06-17,GANDHAR,159.5321
2026-06-18,GANDHAR,159.5321
2026-06-19,GANDHAR,159.5321
2026-06-22,GANDHAR,159.5321
2026-06-23,GANDHAR,159.5321
2026-06-24,GANDHAR,159.5321
2026-06-25,GANDHAR,159.5321
2026-06-29,GANDHAR,159.5321
2026-06-30,GANDHAR,159.5321
2026-07-01,GANDHAR,159.5321
2026-07-02,GANDHAR,159.5321
2026-07-03,GANDHAR,159.5321
2026-07-06,GANDHAR,159.5321
2026-07-07,GANDHAR,159.5321
2026-07-08,GANDHAR,159.5321
2026-07-09,GANDHAR,159.5321
2026-07-10,GANDHAR,159.5321
2026-07-13,GANDHAR,159.5321
2026-07-14,GANDHAR,159.5321
2026-07-15,GANDHAR,159.5321
2026-07-16,GANDHAR,159.5321
2026-07-17,GANDHAR,159.5321
2026-07-20,GANDHAR,159.5321
2026-07-21,GANDHAR,159.5321
2026-07-22,GANDHAR,159.5321
2026-07-23,GANDHAR,159.5321
2026-07-24,GANDHAR,159.5321
2026-07-27,GANDHAR,159.5321
2026-07-28,GANDHAR,159.5321
2026-07-29,GANDHAR,159.5321
2026-07-30,GANDHAR,159.5321
2026-07-31,GANDHAR,159.5321
2026-08-03,GANDHAR,159.5321
2026-08-04,GANDHAR,159.5321
2026-08-05,GANDHAR,159.5321
2026-08-06,GANDHAR,159.5321
2026-08-07,GANDHAR,159.5321
2026-08-10,GANDHAR,159.5321
2026-08-11,GANDHAR,159.5321
2026-08-12,GANDHAR,159.5321
2026-08-13,GANDHAR,159.5321
2026-08-14,GANDHAR,159.5321
2026-08-17,GANDHAR,159.5321
2026-08-18,GANDHAR,159.5321
2026-08-19,GANDHAR,159.5321
2026-08-20,GANDHAR,159.5321
2026-08-21,GANDHAR,159.5321
2026-08-24,GANDHAR,159.5321
2026-08-25,GANDHAR,159.5321
2026-08-26,GANDHAR,159.5321
2026-08-27,GANDHAR,159.5321
2026-08-28,GANDHAR,159.5321
2026-08-31,GANDHAR,159.5321
2026-09-01,GANDHAR,159.5321
2026-09-02,GANDHAR,159.5321
2026-09-03,GANDHAR,159.5321
2026-09-04,GANDHAR,159.5321
2026-09-07,GANDHAR,189.2131
2026-09-08,GANDHAR,212.5461
2026-09-09,GANDHAR,212.5461
2026-09-10,GANDHAR,212.5461
2026-09-11,GANDHAR,212.5461
2025-09-29,GANESHCP,
2025-09-30,GANESHCP,
2025-10-01,GANESHCP,
2025-10-03,GANESHCP,
2025-10-06,GANESHCP,
2025-10-07,GANESHCP,
2025-10-08,GANESHCP,
2025-10-09,GANESHCP,
2025-10-10,GANESHCP,
2025-10-13,GANESHCP,
2025-10-14,GANESHCP,
2025-10-15,GANESHCP,
2025-10-16,GANESHCP,
2025-10-17,GANESHCP,
2025-10-20,GANESHCP,
2025-10-21,GANESHCP,
2025-10-23,GANESHCP,
2025-10-24,GANESHCP,
2025-10-27,GANESHCP,
2025-10-28,GANESHCP,
2025-10-29,GANESHCP,
2025-10-30,GANESHCP,
2025-10-31,GANESHCP,
2025-11-03,GANESHCP,
2025-11-04,GANESHCP,
2025-11-06,GANESHCP,
2025-11-07,GANESHCP,
2025-11-10,GANESHCP,
2025-11-11,GANESHCP,
2025-11-12,GANESHCP,
2025-11-13,GANESHCP,
2025-11-14,GANESHCP,
2025-11-17,GANESHCP,
2025-11-18,GANESHCP,
2025-11-19,GANESHCP,
2025-11-20,GANESHCP,
2025-11-21,GANESHCP,
2025-11-24,GANESHCP,
2025-11-25,GANESHCP,
2025-11-26,GANESHCP,
2025-11-27,GANESHCP,
2025-11-28,GANESHCP,
2025-12-01,GANESHCP,
2025-12-02,GANESHCP,
2025-12-03,GANESHCP,
2025-12-04,GANESHCP,
2025-12-05,GANESHCP,
2025-12-08,GANESHCP,
2025-12-09,GANESHCP,
2025-12-10,GANESHCP,
2025-12-11,GANESHCP,
2025-12-12,GANESHCP,
2025-12-15,GANESHCP,
2025-12-16,GANESHCP,
2025-12-17,GANESHCP,
2025-12-18,GANESHCP,
2025-12-19,GANESHCP,
2025-12-22,GANESHCP,
2025-12-23,GANESHCP,
2025-12-24,GANESHCP,
2025-12-26,GANESHCP,
2025-12-29,GANESHCP,
2025-12-30,GANESHCP,
2025-12-31,GANESHCP,
2026-01-01,GANESHCP,
2026-01-02,GANESHCP,
2026-01-05,GANESHCP,
2026-01-06,GANESHCP,
2026-01-07,GANESHCP,
2026-01-08,GANESHCP,
2026-01-09,GANESHCP,
2026-01-12,GANESHCP,
2026-01-13,GANESHCP,
2026-01-14,GANESHCP,
2026-01-16,GANESHCP,
2026-01-19,GANESHCP,
2026-01-20,GANESHCP,
2026-01-21,GANESHCP,
2026-01-22,GANESHCP,
2026-01-23,GANESHCP,
2026-01-27,GANESHCP,
2026-01-28,GANESHCP,
2026-01-29,GANESHCP,
2026-01-30,GANESHCP,
2026-02-02,GANESHCP,
2026-02-03,GANESHCP,
2026-02-04,GANESHCP,
2026-02-05,GANESHCP,
2026-02-06,GANESHCP,
2026-02-09,GANESHCP,
2026-02-10,GANESHCP,
2026-02-11,GANESHCP,
2026-02-12,GANESHCP,
2026-02-13,GANESHCP,
2026-02-16,GANESHCP,
2026-02-17,GANESHCP,
2026-02-18,GANESHCP,
2026-02-19,GANESHCP,
2026-02-20,GANESHCP,
2026-02-23,GANESHCP,
2026-02-24,GANESHCP,
2026-02-25,GANESHCP,
2026-02-26,GANESHCP,
2026-02-27,GANESHCP,
2026-03-02,GANESHCP,
2026-03-04,GANESHCP,
2026-03-05,GANESHCP,
2026-03-06,GANESHCP,
2026-03-09,GANESHCP,
2026-03-10,GANESHCP,
2026-03-11,GANESHCP,
2026-03-12,GANESHCP,
2026-03-13,GANESHCP,
2026-03-16,GANESHCP,
2026-03-17,GANESHCP,
2026-03-18,GANESHCP,
2026-03-19,GANESHCP,
2026-03-20,GANESHCP,
2026-03-23,GANESHCP,
2026-03-24,GANESHCP,
2026-03-25,GANESHCP,
2026-03-27,GANESHCP,
2026-03-30,GANESHCP,
2026-04-01,GANESHCP,
2026-04-02,GANESHCP,
2026-04-06,GANESHCP,
2026-04-07,GANESHCP,
2026-04-08,GANESHCP,
2026-04-09,GANESHCP,
2026-04-10,GANESHCP,
2026-04-13,GANESHCP,
2026-04-15,GANESHCP,
2026-04-16,GANESHCP,
2026-04-17,GANESHCP,
2026-04-20,GANESHCP,
2026-04-21,GANESHCP,
2026-04-22,GANESHCP,
2026-04-23,GANESHCP,
2026-04-24,GANESHCP,
2026-04-27,GANESHCP,
2026-04-28,GANESHCP,
2026-04-29,GANESHCP,
2026-04-30,GANESHCP,
2026-05-04,GANESHCP,
2026-05-05,GANESHCP,
2026-05-06,GANESHCP,
2026-05-07,GANESHCP,
2026-05-08,GANESHCP,
2026-05-11,GANESHCP,
2026-05-12,GANESHCP,
2026-05-13,GANESHCP,
2026-05-14,GANESHCP,
2026-05-15,GANESHCP,
2026-05-18,GANESHCP,
2026-05-19,GANESHCP,
2026-05-20,GANESHCP,
2026-05-21,GANESHCP,
2026-05-22,GANESHCP,
2026-05-25,GANESHCP,
2026-05-26,GANESHCP,
2026-05-27,GANESHCP,
2026-05-29,GANESHCP,
2026-06-01,GANESHCP,
2026-06-02,GANESHCP,
2026-06-03,GANESHCP,
2026-06-04,GANESHCP,
2026-06-05,GANESHCP,
2026-06-08,GANESHCP,
2026-06-09,GANESHCP,
2026-06-10,GANESHCP,
2026-06-11,GANESHCP,
2026-06-12,GANESHCP,
2026-06-15,GANESHCP,
2026-06-16,GANESHCP,
2026-06-17,GANESHCP,
2026-06-18,GANESHCP,
2026-06-19,GANESHCP,199.3987
2026-06-22,GANESHCP,199.3987
2026-06-23,GANESHCP,199.7041
2026-06-24,GANESHCP,199.7041
2026-06-25,GANESHCP,199.7041
2026-06-29,GANESHCP,199.7041
2026-06-30,GANESHCP,198.0769
2026-07-01,GANESHCP,198.0769
2026-07-02,GANESHCP,198.0769
2026-07-03,GANESHCP,198.0769
2026-07-06,GANESHCP,198.0769
2026-07-07,GANESHCP,198.0769
2026-07-08,GANESHCP,198.0769
2026-07-09,GANESHCP,198.0769
2026-07-10,GANESHCP,198.0769
2026-07-13,GANESHCP,198.0769
2026-07-14,GANESHCP,198.0769
2026-07-15,GANESHCP,198.0769
2026-07-16,GANESHCP,198.0769
2026-07-17,GANESHCP,198.0769
2026-07-20,GANESHCP,198.0769
2026-07-21,GANESHCP,198.0769
2026-07-22,GANESHCP,198.0769
2026-07-23,GANESHCP,198.0769
2026-07-24,GANESHCP,198.0769
2026-07-27,GANESHCP,198.0769
2026-07-28,GANESHCP,198.0769
2026-07-29,GANESHCP,198.0769
2026-07-30,GANESHCP,198.0769
2026-07-31,GANESHCP,198.0769
2026-08-03,GANESHCP,198.0769
2026-08-04,GANESHCP,198.0769
2026-08-05,GANESHCP,198.0769
2026-08-06,GANESHCP,198.0769
2026-08-07,GANESHCP,198.0769
2026-08-10,GANESHCP,198.0769
2026-08-11,GANESHCP,198.0769
2026-08-12,GANESHCP,198.0769
2026-08-13,GANESHCP,198.0769
2026-08-14,GANESHCP,198.0769
2026-08-17,GANESHCP,198.0769
2026-08-18,GANESHCP,198.0769
2026-08-19,GANESHCP,198.0769
2026-08-20,GANESHCP,198.0769
2026-08-21,GANESHCP,198.0769
2026-08-24,GANESHCP,198.0769
2026-08-25,GANESHCP,191.9338
2026-08-26,GANESHCP,191.9338
2026-08-27,GANESHCP,191.9338
2026-08-28,GANESHCP,191.9338
2026-08-31,GANESHCP,191.9338
2026-09-01,GANESHCP,191.9338
2026-09-02,GANESHCP,189.4528
2026-09-03,GANESHCP,189.4528
2026-09-04,GANESHCP,189.4528
2026-09-07,GANESHCP,189.4528
2026-09-08,GANESHCP,189.4528
2026-09-09,GANESHCP,189.4528
2026-09-10,GANESHCP,189.4528
2026-09-11,GANESHCP,189.4528
2025-08-29,GOKUL,
2025-09-01,GOKUL,
2025-09-02,GOKUL,
2025-09-03,GOKUL,
2025-09-04,GOKUL,
2025-09-05,GOKUL,
2025-09-08,GOKUL,
2025-09-09,GOKUL,
2025-09-10,GOKUL,
2025-09-11,GOKUL,
2025-09-12,GOKUL,
2025-09-15,GOKUL,
2025-09-16,GOKUL,
2025-09-17,GOKUL,
2025-09-18,GOKUL,
2025-09-19,GOKUL,
2025-09-22,GOKUL,
2025-09-23,GOKUL,
2025-09-24,GOKUL,
2025-09-25,GOKUL,
2025-09-26,GOKUL,
2025-09-29,GOKUL,
2025-09-30,GOKUL,
2025-10-01,GOKUL,
2025-10-03,GOKUL,
2025-10-06,GOKUL,
2025-10-07,GOKUL,
2025-10-08,GOKUL,
2025-10-09,GOKUL,
2025-10-10,GOKUL,
2025-10-13,GOKUL,
2025-10-14,GOKUL,
2025-10-15,GOKUL,
2025-10-16,GOKUL,
2025-10-17,GOKUL,
2025-10-20,GOKUL,
2025-10-21,GOKUL,
2025-10-23,GOKUL,
2025-10-24,GOKUL,
2025-10-27,GOKUL,
2025-10-28,GOKUL,
2025-10-29,GOKUL,
2025-10-30,GOKUL,
2025-10-31,GOKUL,
2025-11-03,GOKUL,
2025-11-04,GOKUL,
2025-11-06,GOKUL,
2025-11-07,GOKUL,
2025-11-10,GOKUL,
2025-11-11,GOKUL,
2025-11-12,GOKUL,
2025-11-13,GOKUL,
2025-11-14,GOKUL,
2025-11-17,GOKUL,
2025-11-18,GOKUL,
2025-11-19,GOKUL,
2025-11-20,GOKUL,
2025-11-21,GOKUL,
2025-11-24,GOKUL,
2025-11-25,GOKUL,
2025-11-26,GOKUL,
2025-11-27,GOKUL,
2025-11-28,GOKUL,
2025-12-01,GOKUL,
2025-12-02,GOKUL,
2025-12-03,GOKUL,
2025-12-04,GOKUL,
2025-12-05,GOKUL,
2025-12-08,GOKUL,
2025-12-09,GOKUL,
2025-12-10,GOKUL,
2025-12-11,GOKUL,
2025-12-12,GOKUL,
2025-12-15,GOKUL,
2025-12-16,GOKUL,
2025-12-17,GOKUL,
2025-12-18,GOKUL,
2025-12-19,GOKUL,
2025-12-22,GOKUL,
2025-12-23,GOKUL,
2025-12-24,GOKUL,
2025-12-26,GOKUL,
2025-12-29,GOKUL,
2025-12-30,GOKUL,
2025-12-31,GOKUL,
2026-01-01,GOKUL,
2026-01-02,GOKUL,
2026-01-05,GOKUL,
2026-01-06,GOKUL,
2026-01-07,GOKUL,
2026-01-08,GOKUL,
2026-01-09,GOKUL,
2026-01-12,GOKUL,
2026-01-13,GOKUL,
2026-01-14,GOKUL,
2026-01-16,GOKUL,
2026-01-19,GOKUL,
2026-01-20,GOKUL,
2026-01-21,GOKUL,
2026-01-22,GOKUL,
2026-01-23,GOKUL,
2026-01-27,GOKUL,
2026-01-28,GOKUL,
2026-01-29,GOKUL,
2026-01-30,GOKUL,
2026-02-02,GOKUL,
2026-02-03,GOKUL,
2026-02-04,GOKUL,
2026-02-05,GOKUL,
2026-02-06,GOKUL,
2026-02-09,GOKUL,
2026-02-10,GOKUL,
2026-02-11,GOKUL,
2026-02-12,GOKUL,
2026-02-13,GOKUL,
2026-02-16,GOKUL,
2026-02-17,GOKUL,
2026-02-18,GOKUL,
2026-02-19,GOKUL,
2026-02-20,GOKUL,
2026-02-23,GOKUL,
2026-02-24,GOKUL,
2026-02-25,GOKUL,
2026-02-26,GOKUL,
2026-02-27,GOKUL,
2026-03-02,GOKUL,
2026-03-04,GOKUL,
2026-03-05,GOKUL,
2026-03-06,GOKUL,
2026-03-09,GOKUL,
2026-03-10,GOKUL,
2026-03-11,GOKUL,
2026-03-12,GOKUL,
2026-03-13,GOKUL,
2026-03-16,GOKUL,
2026-03-17,GOKUL,
2026-03-18,GOKUL,
2026-03-19,GOKUL,
2026-03-20,GOKUL,
2026-03-23,GOKUL,
2026-03-24,GOKUL,
2026-03-25,GOKUL,
2026-03-27,GOKUL,
2026-03-30,GOKUL,
2026-04-01,GOKUL,
2026-04-02,GOKUL,
2026-04-06,GOKUL,
2026-04-07,GOKUL,
2026-04-08,GOKUL,
2026-04-09,GOKUL,
2026-04-10,GOKUL,
2026-04-13,GOKUL,
2026-04-15,GOKUL,
2026-04-16,GOKUL,
2026-04-17,GOKUL,
2026-04-20,GOKUL,
2026-04-21,GOKUL,
2026-04-22,GOKUL,
2026-04-23,GOKUL,
2026-04-24,GOKUL,
2026-04-27,GOKUL,
2026-04-28,GOKUL,
2026-04-29,GOKUL,
2026-04-30,GOKUL,
2026-05-04,GOKUL,
2026-05-05,GOKUL,
2026-05-06,GOKUL,
2026-05-07,GOKUL,
2026-05-08,GOKUL,
2026-05-11,GOKUL,
2026-05-12,GOKUL,
2026-05-13,GOKUL,
2026-05-14,GOKUL,
2026-05-15,GOKUL,
2026-05-18,GOKUL,
2026-05-19,GOKUL,
2026-05-20,GOKUL,
2026-05-21,GOKUL,
2026-05-22,GOKUL,
2026-05-25,GOKUL,
2026-05-26,GOKUL,
2026-05-27,GOKUL,
2026-05-29,GOKUL,
2026-06-01,GOKUL,
2026-06-02,GOKUL,
2026-06-03,GOKUL,
2026-06-04,GOKUL,
2026-06-05,GOKUL,
2026-06-08,GOKUL,
2026-06-09,GOKUL,
2026-06-10,GOKUL,
2026-06-11,GOKUL,41.0176
2026-06-12,GOKUL,41.7946
2026-06-15,GOKUL,41.6293
2026-06-16,GOKUL,41.5918
2026-06-17,GOKUL,41.8616
2026-06-18,GOKUL,41.8616
2026-06-19,GOKUL,41.8616
2026-06-22,GOKUL,41.8616
2026-06-23,GOKUL,41.8616
2026-06-24,GOKUL,41.8616
2026-06-25,GOKUL,41.8616
2026-06-29,GOKUL,41.8616
2026-06-30,GOKUL,41.8616
2026-07-01,GOKUL,41.8616
2026-07-02,GOKUL,41.8616
2026-07-03,GOKUL,41.8616
2026-07-06,GOKUL,41.8616
2026-07-07,GOKUL,41.8616
2026-07-08,GOKUL,41.8616
2026-07-09,GOKUL,41.8616
2026-07-10,GOKUL,41.8616
2026-07-13,GOKUL,41.8616
2026-07-14,GOKUL,41.8616
2026-07-15,GOKUL,41.8616
2026-07-16,GOKUL,41.8616
2026-07-17,GOKUL,41.8616
2026-07-20,GOKUL,41.8616
2026-07-21,GOKUL,41.8616
2026-07-22,GOKUL,41.8616
2026-07-23,GOKUL,41.8616
2026-07-24,GOKUL,41.8616
2026-07-27,GOKUL,41.8616
2026-07-28,GOKUL,41.8616
2026-07-29,GOKUL,41.8616
2026-07-30,GOKUL,41.8616
2026-07-31,GOKUL,41.8616
2026-08-03,GOKUL,41.8616
2026-08-04,GOKUL,41.8616
2026-08-05,GOKUL,41.8616
2026-08-06,GOKUL,41.8616
2026-08-07,GOKUL,41.8616
2026-08-10,GOKUL,41.8616
2026-08-11,GOKUL,41.8616
2026-08-12,GOKUL,41.8616
2026-08-13,GOKUL,41.8616
2026-08-14,GOKUL,41.8616
2026-08-17,GOKUL,41.8616
2026-08-18,GOKUL,41.8616
2026-08-19,GOKUL,41.8616
2026-08-20,GOKUL,41.6579
2026-08-21,GOKUL,41.9668
2026-08-24,GOKUL,43.0879
2026-08-25,GOKUL,43.0911
2026-08-26,GOKUL,43.1151
2026-08-27,GOKUL,43.1151
2026-08-28,GOKUL,43.1151
2026-08-31,GOKUL,43.1151
2026-09-01,GOKUL,42.6854
2026-09-02,GOKUL,42.0662
2026-09-03,GOKUL,42.0662
2026-09-04,GOKUL,42.0662
2026-09-07,GOKUL,42.0662
2026-09-08,GOKUL,42.0662
2026-09-09,GOKUL,42.0662
2026-09-10,GOKUL,42.0662
2026-09-11,GOKUL,42.0662
2025-08-29,GOLDTECH,
2025-09-01,GOLDTECH,
2025-09-02,GOLDTECH,
2025-09-03,GOLDTECH,
2025-09-04,GOLDTECH,
2025-09-05,GOLDTECH,
2025-09-08,GOLDTECH,
2025-09-09,GOLDTECH,
2025-09-10,GOLDTECH,
2025-09-11,GOLDTECH,
2025-09-12,GOLDTECH,
2025-09-15,GOLDTECH,
2025-09-16,GOLDTECH,
2025-09-17,GOLDTECH,
2025-09-18,GOLDTECH,
2025-09-19,GOLDTECH,
2025-09-22,GOLDTECH,
2025-09-23,GOLDTECH,
2025-09-24,GOLDTECH,
2025-09-25,GOLDTECH,
2025-09-26,GOLDTECH,
2025-09-29,GOLDTECH,
2025-09-30,GOLDTECH,
2025-10-01,GOLDTECH,
2025-10-03,GOLDTECH,
2025-10-06,GOLDTECH,
2025-10-07,GOLDTECH,
2025-10-08,GOLDTECH,
2025-10-09,GOLDTECH,
2025-10-10,GOLDTECH,
2025-10-13,GOLDTECH,
2025-10-14,GOLDTECH,
2025-10-15,GOLDTECH,
2025-10-16,GOLDTECH,
2025-10-17,GOLDTECH,
2025-10-20,GOLDTECH,
2025-10-21,GOLDTECH,
2025-10-23,GOLDTECH,
2025-10-24,GOLDTECH,
2025-10-27,GOLDTECH,
2025-10-28,GOLDTECH,
2025-10-29,GOLDTECH,
2025-10-30,GOLDTECH,
2025-10-31,GOLDTECH,
2025-11-03,GOLDTECH,
2025-11-04,GOLDTECH,
2025-11-06,GOLDTECH,
2025-11-07,GOLDTECH,
2025-11-10,GOLDTECH,
2025-11-11,GOLDTECH,
2025-11-12,GOLDTECH,
2025-11-13,GOLDTECH,
2025-11-14,GOLDTECH,
2025-11-17,GOLDTECH,
2025-11-18,GOLDTECH,
2025-11-19,GOLDTECH,
2025-11-20,GOLDTECH,
2025-11-21,GOLDTECH,
2025-11-24,GOLDTECH,
2025-11-25,GOLDTECH,
2025-11-26,GOLDTECH,
2025-11-27,GOLDTECH,
2025-11-28,GOLDTECH,
2025-12-01,GOLDTECH,
2025-12-02,GOLDTECH,
2025-12-03,GOLDTECH,
2025-12-04,GOLDTECH,
2025-12-05,GOLDTECH,
2025-12-08,GOLDTECH,
2025-12-09,GOLDTECH,
2025-12-10,GOLDTECH,
2025-12-11,GOLDTECH,
2025-12-12,GOLDTECH,
2025-12-15,GOLDTECH,
2025-12-16,GOLDTECH,
2025-12-17,GOLDTECH,
2025-12-18,GOLDTECH,
2025-12-19,GOLDTECH,
2025-12-22,GOLDTECH,
2025-12-23,GOLDTECH,
2025-12-24,GOLDTECH,
2025-12-26,GOLDTECH,
2025-12-29,GOLDTECH,
2025-12-30,GOLDTECH,
2025-12-31,GOLDTECH,
2026-01-01,GOLDTECH,
2026-01-02,GOLDTECH,
2026-01-05,GOLDTECH,
2026-01-06,GOLDTECH,
2026-01-07,GOLDTECH,
2026-01-08,GOLDTECH,
2026-01-09,GOLDTECH,
2026-01-12,GOLDTECH,
2026-01-13,GOLDTECH,
2026-01-14,GOLDTECH,
2026-01-16,GOLDTECH,
2026-01-19,GOLDTECH,
2026-01-20,GOLDTECH,
2026-01-21,GOLDTECH,
2026-01-22,GOLDTECH,
2026-01-23,GOLDTECH,
2026-01-27,GOLDTECH,
2026-01-28,GOLDTECH,
2026-01-29,GOLDTECH,
2026-01-30,GOLDTECH,
2026-02-02,GOLDTECH,
2026-02-03,GOLDTECH,
2026-02-04,GOLDTECH,
2026-02-05,GOLDTECH,
2026-02-06,GOLDTECH,
2026-02-09,GOLDTECH,
2026-02-10,GOLDTECH,
2026-02-11,GOLDTECH,
2026-02-12,GOLDTECH,
2026-02-13,GOLDTECH,
2026-02-16,GOLDTECH,
2026-02-17,GOLDTECH,
2026-02-18,GOLDTECH,
2026-02-19,GOLDTECH,
2026-02-20,GOLDTECH,
2026-02-23,GOLDTECH,
2026-02-24,GOLDTECH,
2026-02-25,GOLDTECH,
2026-02-26,GOLDTECH,
2026-02-27,GOLDTECH,
2026-03-02,GOLDTECH,
2026-03-04,GOLDTECH,
2026-03-05,GOLDTECH,
2026-03-06,GOLDTECH,
2026-03-09,GOLDTECH,
2026-03-10,GOLDTECH,
2026-03-11,GOLDTECH,
2026-03-12,GOLDTECH,
2026-03-13,GOLDTECH,
2026-03-16,GOLDTECH,
2026-03-17,GOLDTECH,
2026-03-18,GOLDTECH,
2026-03-19,GOLDTECH,
2026-03-20,GOLDTECH,
2026-03-23,GOLDTECH,
2026-03-24,GOLDTECH,
2026-03-25,GOLDTECH,
2026-03-27,GOLDTECH,
2026-03-30,GOLDTECH,
2026-04-01,GOLDTECH,
2026-04-02,GOLDTECH,
2026-04-06,GOLDTECH,
2026-04-07,GOLDTECH,
2026-04-08,GOLDTECH,
2026-04-09,GOLDTECH,
2026-04-10,GOLDTECH,
2026-04-13,GOLDTECH,
2026-04-15,GOLDTECH,
2026-04-16,GOLDTECH,
2026-04-17,GOLDTECH,
2026-04-20,GOLDTECH,
2026-04-21,GOLDTECH,
2026-04-22,GOLDTECH,
2026-04-23,GOLDTECH,
2026-04-24,GOLDTECH,
2026-04-27,GOLDTECH,
2026-04-28,GOLDTECH,
2026-04-29,GOLDTECH,
2026-04-30,GOLDTECH,
2026-05-04,GOLDTECH,
2026-05-05,GOLDTECH,
2026-05-06,GOLDTECH,
2026-05-07,GOLDTECH,
2026-05-08,GOLDTECH,
2026-05-11,GOLDTECH,
2026-05-12,GOLDTECH,
2026-05-13,GOLDTECH,
2026-05-14,GOLDTECH,
2026-05-15,GOLDTECH,
2026-05-18,GOLDTECH,
2026-05-19,GOLDTECH,
2026-05-20,GOLDTECH,
2026-05-21,GOLDTECH,
2026-05-22,GOLDTECH,
2026-05-25,GOLDTECH,
2026-05-26,GOLDTECH,
2026-05-27,GOLDTECH,
2026-05-29,GOLDTECH,
2026-06-01,GOLDTECH,
2026-06-02,GOLDTECH,
2026-06-03,GOLDTECH,
2026-06-04,GOLDTECH,
2026-06-05,GOLDTECH,
2026-06-08,GOLDTECH,
2026-06-09,GOLDTECH,
2026-06-10,GOLDTECH,
2026-06-11,GOLDTECH,
2026-06-12,GOLDTECH,42.46
2026-06-15,GOLDTECH,42.46
2026-06-16,GOLDTECH,42.46
2026-06-17,GOLDTECH,42.46
2026-06-18,GOLDTECH,42.46
2026-06-19,GOLDTECH,42.46
2026-06-22,GOLDTECH,42.46
2026-06-23,GOLDTECH,42.46
2026-06-24,GOLDTECH,42.46
2026-06-25,GOLDTECH,42.46
2026-06-29,GOLDTECH,42.46
2026-06-30,GOLDTECH,42.46
2026-07-01,GOLDTECH,42.46
2026-07-02,GOLDTECH,42.46
2026-07-03,GOLDTECH,42.46
2026-07-06,GOLDTECH,42.46
2026-07-07,GOLDTECH,42.46
2026-07-08,GOLDTECH,42.46
2026-07-09,GOLDTECH,42.46
2026-07-10,GOLDTECH,42.46
2026-07-13,GOLDTECH,42.46
2026-07-14,GOLDTECH,42.46
2026-07-15,GOLDTECH,42.46
2026-07-16,GOLDTECH,42.46
2026-07-17,GOLDTECH,42.46
2026-07-20,GOLDTECH,42.46
2026-07-21,GOLDTECH,42.46
2026-07-22,GOLDTECH,42.46
2026-07-23,GOLDTECH,42.46
2026-07-24,GOLDTECH,42.46
2026-07-27,GOLDTECH,42.46
2026-07-28,GOLDTECH,42.46
2026-07-29,GOLDTECH,42.46
2026-07-30,GOLDTECH,42.46
2026-07-31,GOLDTECH,42.46
2026-08-03,GOLDTECH,42.46
2026-08-04,GOLDTECH,42.46
2026-08-05,GOLDTECH,42.46
2026-08-06,GOLDTECH,42.46
2026-08-07,GOLDTECH,42.46
2026-08-10,GOLDTECH,42.46
2026-08-11,GOLDTECH,42.46
2026-08-12,GOLDTECH,42.46
2026-08-13,GOLDTECH,42.46
2026-08-14,GOLDTECH,42.46
2026-08-17,GOLDTECH,42.46
2026-08-18,GOLDTECH,42.46
2026-08-19,GOLDTECH,42.46
2026-08-20,GOLDTECH,42.46
2026-08-21,GOLDTECH,42.46
2026-08-24,GOLDTECH,42.46
2026-08-25,GOLDTECH,42.46
2026-08-26,GOLDTECH,42.46
2026-08-27,GOLDTECH,42.46
2026-08-28,GOLDTECH,42.46
2026-08-31,GOLDTECH,42.46
2026-09-01,GOLDTECH,42.46
2026-09-02,GOLDTECH,42.46
2026-09-03,GOLDTECH,42.46
2026-09-04,GOLDTECH,42.46
2026-09-07,GOLDTECH,42.46
2026-09-08,GOLDTECH,42.46
2026-09-09,GOLDTECH,42.46
2026-09-10,GOLDTECH,42.46
2026-09-11,GOLDTECH,42.46
2025-08-29,GREENPANEL,
2025-09-01,GREENPANEL,
2025-09-02,GREENPANEL,
2025-09-03,GREENPANEL,
2025-09-04,GREENPANEL,
2025-09-05,GREENPANEL,
2025-09-08,GREENPANEL,
2025-09-09,GREENPANEL,
2025-09-10,GREENPANEL,
2025-09-11,GREENPANEL,
2025-09-12,GREENPANEL,
2025-09-15,GREENPANEL,
2025-09-16,GREENPANEL,
2025-09-17,GREENPANEL,
2025-09-18,GREENPANEL,
2025-09-19,GREENPANEL,
2025-09-22,GREENPANEL,
2025-09-23,GREENPANEL,
2025-09-24,GREENPANEL,
2025-09-25,GREENPANEL,
2025-09-26,GREENPANEL,
2025-09-29,GREENPANEL,
2025-09-30,GREENPANEL,
2025-10-01,GREENPANEL,
2025-10-03,GREENPANEL,
2025-10-06,GREENPANEL,
2025-10-07,GREENPANEL,
2025-10-08,GREENPANEL,
2025-10-09,GREENPANEL,
2025-10-10,GREENPANEL,
2025-10-13,GREENPANEL,
2025-10-14,GREENPANEL,
2025-10-15,GREENPANEL,
2025-10-16,GREENPANEL,
2025-10-17,GREENPANEL,
2025-10-20,GREENPANEL,
2025-10-21,GREENPANEL,
2025-10-23,GREENPANEL,
2025-10-24,GREENPANEL,
2025-10-27,GREENPANEL,
2025-10-28,GREENPANEL,
2025-10-29,GREENPANEL,
2025-10-30,GREENPANEL,
2025-10-31,GREENPANEL,
2025-11-03,GREENPANEL,
2025-11-04,GREENPANEL,
2025-11-06,GREENPANEL,
2025-11-07,GREENPANEL,
2025-11-10,GREENPANEL,
2025-11-11,GREENPANEL,
2025-11-12,GREENPANEL,
2025-11-13,GREENPANEL,
2025-11-14,GREENPANEL,
2025-11-17,GREENPANEL,
2025-11-18,GREENPANEL,
2025-11-19,GREENPANEL,
2025-11-20,GREENPANEL,
2025-11-21,GREENPANEL,
2025-11-24,GREENPANEL,
2025-11-25,GREENPANEL,
2025-11-26,GREENPANEL,
2025-11-27,GREENPANEL,
2025-11-28,GREENPANEL,
2025-12-01,GREENPANEL,
2025-12-02,GREENPANEL,
2025-12-03,GREENPANEL,
2025-12-04,GREENPANEL,
2025-12-05,GREENPANEL,
2025-12-08,GREENPANEL,
2025-12-09,GREENPANEL,
2025-12-10,GREENPANEL,
2025-12-11,GREENPANEL,
2025-12-12,GREENPANEL,
2025-12-15,GREENPANEL,
2025-12-16,GREENPANEL,
2025-12-17,GREENPANEL,
2025-12-18,GREENPANEL,
2025-12-19,GREENPANEL,
2025-12-22,GREENPANEL,
2025-12-23,GREENPANEL,
2025-12-24,GREENPANEL,
2025-12-26,GREENPANEL,
2025-12-29,GREENPANEL,
2025-12-30,GREENPANEL,
2025-12-31,GREENPANEL,
2026-01-01,GREENPANEL,
2026-01-02,GREENPANEL,
2026-01-05,GREENPANEL,
2026-01-06,GREENPANEL,
2026-01-07,GREENPANEL,
2026-01-08,GREENPANEL,
2026-01-09,GREENPANEL,
2026-01-12,GREENPANEL,
2026-01-13,GREENPANEL,
2026-01-14,GREENPANEL,
2026-01-16,GREENPANEL,
2026-01-19,GREENPANEL,
2026-01-20,GREENPANEL,
2026-01-21,GREENPANEL,
2026-01-22,GREENPANEL,
2026-01-23,GREENPANEL,
2026-01-27,GREENPANEL,
2026-01-28,GREENPANEL,
2026-01-29,GREENPANEL,
2026-01-30,GREENPANEL,
2026-02-02,GREENPANEL,
2026-02-03,GREENPANEL,
2026-02-04,GREENPANEL,
2026-02-05,GREENPANEL,
2026-02-06,GREENPANEL,
2026-02-09,GREENPANEL,
2026-02-10,GREENPANEL,
2026-02-11,GREENPANEL,
2026-02-12,GREENPANEL,
2026-02-13,GREENPANEL,
2026-02-16,GREENPANEL,
2026-02-17,GREENPANEL,
2026-02-18,GREENPANEL,
2026-02-19,GREENPANEL,
2026-02-20,GREENPANEL,
2026-02-23,GREENPANEL,
2026-02-24,GREENPANEL,
2026-02-25,GREENPANEL,
2026-02-26,GREENPANEL,
2026-02-27,GREENPANEL,
2026-03-02,GREENPANEL,
2026-03-04,GREENPANEL,
2026-03-05,GREENPANEL,
2026-03-06,GREENPANEL,
2026-03-09,GREENPANEL,
2026-03-10,GREENPANEL,
2026-03-11,GREENPANEL,
2026-03-12,GREENPANEL,
2026-03-13,GREENPANEL,
2026-03-16,GREENPANEL,
2026-03-17,GREENPANEL,
2026-03-18,GREENPANEL,
2026-03-19,GREENPANEL,
2026-03-20,GREENPANEL,
2026-03-23,GREENPANEL,
2026-03-24,GREENPANEL,
2026-03-25,GREENPANEL,
2026-03-27,GREENPANEL,
2026-03-30,GREENPANEL,
2026-04-01,GREENPANEL,
2026-04-02,GREENPANEL,
2026-04-06,GREENPANEL,
2026-04-07,GREENPANEL,
2026-04-08,GREENPANEL,
2026-04-09,GREENPANEL,
2026-04-10,GREENPANEL,
2026-04-13,GREENPANEL,
2026-04-15,GREENPANEL,
2026-04-16,GREENPANEL,
2026-04-17,GREENPANEL,
2026-04-20,GREENPANEL,
2026-04-21,GREENPANEL,
2026-04-22,GREENPANEL,
2026-04-23,GREENPANEL,
2026-04-24,GREENPANEL,
2026-04-27,GREENPANEL,
2026-04-28,GREENPANEL,
2026-04-29,GREENPANEL,
2026-04-30,GREENPANEL,
2026-05-04,GREENPANEL,
2026-05-05,GREENPANEL,
2026-05-06,GREENPANEL,
2026-05-07,GREENPANEL,
2026-05-08,GREENPANEL,
2026-05-11,GREENPANEL,
2026-05-12,GREENPANEL,
2026-05-13,GREENPANEL,
2026-05-14,GREENPANEL,
2026-05-15,GREENPANEL,
2026-05-18,GREENPANEL,
2026-05-19,GREENPANEL,
2026-05-20,GREENPANEL,
2026-05-21,GREENPANEL,
2026-05-22,GREENPANEL,
2026-05-25,GREENPANEL,
2026-05-26,GREENPANEL,
2026-05-27,GREENPANEL,
2026-05-29,GREENPANEL,
2026-06-01,GREENPANEL,
2026-06-02,GREENPANEL,
2026-06-03,GREENPANEL,
2026-06-04,GREENPANEL,
2026-06-05,GREENPANEL,
2026-06-08,GREENPANEL,
2026-06-09,GREENPANEL,
2026-06-10,GREENPANEL,
2026-06-11,GREENPANEL,
2026-06-12,GREENPANEL,
2026-06-15,GREENPANEL,
2026-06-16,GREENPANEL,
2026-06-17,GREENPANEL,
2026-06-18,GREENPANEL,
2026-06-19,GREENPANEL,
2026-06-22,GREENPANEL,
2026-06-23,GREENPANEL,
2026-06-24,GREENPANEL,
2026-06-25,GREENPANEL,
2026-06-29,GREENPANEL,
2026-06-30,GREENPANEL,
2026-07-01,GREENPANEL,
2026-07-02,GREENPANEL,
2026-07-03,GREENPANEL,
2026-07-06,GREENPANEL,
2026-07-07,GREENPANEL,
2026-07-08,GREENPANEL,
2026-07-09,GREENPANEL,
2026-07-10,GREENPANEL,
2026-07-13,GREENPANEL,
2026-07-14,GREENPANEL,
2026-07-15,GREENPANEL,
2026-07-16,GREENPANEL,
2026-07-17,GREENPANEL,
2026-07-20,GREENPANEL,
2026-07-21,GREENPANEL,
2026-07-22,GREENPANEL,
2026-07-23,GREENPANEL,
2026-07-24,GREENPANEL,
2026-07-27,GREENPANEL,
2026-07-28,GREENPANEL,
2026-07-29,GREENPANEL,
2026-07-30,GREENPANEL,
2026-07-31,GREENPANEL,
2026-08-03,GREENPANEL,
2026-08-04,GREENPANEL,
2026-08-05,GREENPANEL,
2026-08-06,GREENPANEL,
2026-08-07,GREENPANEL,
2026-08-10,GREENPANEL,
2026-08-11,GREENPANEL,
2026-08-12,GREENPANEL,
2026-08-13,GREENPANEL,
2026-08-14,GREENPANEL,
2026-08-17,GREENPANEL,
2026-08-18,GREENPANEL,
2026-08-19,GREENPANEL,
2026-08-20,GREENPANEL,
2026-08-21,GREENPANEL,
2026-08-24,GREENPANEL,
2026-08-25,GREENPANEL,
2026-08-26,GREENPANEL,
2026-08-27,GREENPANEL,
2026-08-28,GREENPANEL,161.0431
2026-08-31,GREENPANEL,161.0431
2026-09-01,GREENPANEL,161.0431
2026-09-02,GREENPANEL,161.0431
2026-09-03,GREENPANEL,161.0431
2026-09-04,GREENPANEL,161.0431
2026-09-07,GREENPANEL,161.0431
2026-09-08,GREENPANEL,161.0431
2026-09-09,GREENPANEL,161.0431
2026-09-10,GREENPANEL,161.0431
2026-09-11,GREENPANEL,161.0431
2025-08-29,GRMOVER,
2025-09-01,GRMOVER,
2025-09-02,GRMOVER,
2025-09-03,GRMOVER,
2025-09-04,GRMOVER,
2025-09-05,GRMOVER,
2025-09-08,GRMOVER,
2025-09-09,GRMOVER,
2025-09-10,GRMOVER,
2025-09-11,GRMOVER,
2025-09-12,GRMOVER,
2025-09-15,GRMOVER,
2025-09-16,GRMOVER,
2025-09-17,GRMOVER,
2025-09-18,GRMOVER,
2025-09-19,GRMOVER,
2025-09-22,GRMOVER,
2025-09-23,GRMOVER,
2025-09-24,GRMOVER,
2025-09-25,GRMOVER,
2025-09-26,GRMOVER,
2025-09-29,GRMOVER,
2025-09-30,GRMOVER,
2025-10-01,GRMOVER,
2025-10-03,GRMOVER,
2025-10-06,GRMOVER,
2025-10-07,GRMOVER,
2025-10-08,GRMOVER,
2025-10-09,GRMOVER,
2025-10-10,GRMOVER,
2025-10-13,GRMOVER,
2025-10-14,GRMOVER,
2025-10-15,GRMOVER,
2025-10-16,GRMOVER,
2025-10-17,GRMOVER,
2025-10-20,GRMOVER,
2025-10-21,GRMOVER,
2025-10-23,GRMOVER,
2025-10-24,GRMOVER,
2025-10-27,GRMOVER,
2025-10-28,GRMOVER,
2025-10-29,GRMOVER,
2025-10-30,GRMOVER,
2025-10-31,GRMOVER,
2025-11-03,GRMOVER,
2025-11-04,GRMOVER,
2025-11-06,GRMOVER,
2025-11-07,GRMOVER,
2025-11-10,GRMOVER,
2025-11-11,GRMOVER,
2025-11-12,GRMOVER,
2025-11-13,GRMOVER,
2025-11-14,GRMOVER,
2025-11-17,GRMOVER,
2025-11-18,GRMOVER,
2025-11-19,GRMOVER,
2025-11-20,GRMOVER,
2025-11-21,GRMOVER,
2025-11-24,GRMOVER,
2025-11-25,GRMOVER,
2025-11-26,GRMOVER,
2025-11-27,GRMOVER,
2025-11-28,GRMOVER,
2025-12-01,GRMOVER,
2025-12-02,GRMOVER,
2025-12-03,GRMOVER,
2025-12-04,GRMOVER,
2025-12-05,GRMOVER,
2025-12-08,GRMOVER,
2025-12-09,GRMOVER,
2025-12-10,GRMOVER,
2025-12-11,GRMOVER,
2025-12-12,GRMOVER,
2025-12-15,GRMOVER,
2025-12-16,GRMOVER,
2025-12-17,GRMOVER,
2025-12-18,GRMOVER,
2025-12-19,GRMOVER,
2025-12-22,GRMOVER,
2025-12-23,GRMOVER,
2025-12-24,GRMOVER,
2025-12-26,GRMOVER,
2025-12-29,GRMOVER,
2025-12-30,GRMOVER,
2025-12-31,GRMOVER,
2026-01-01,GRMOVER,
2026-01-02,GRMOVER,
2026-01-05,GRMOVER,
2026-01-06,GRMOVER,
2026-01-07,GRMOVER,
2026-01-08,GRMOVER,
2026-01-09,GRMOVER,
2026-01-12,GRMOVER,
2026-01-13,GRMOVER,
2026-01-14,GRMOVER,
2026-01-16,GRMOVER,
2026-01-19,GRMOVER,
2026-01-20,GRMOVER,
2026-01-21,GRMOVER,
2026-01-22,GRMOVER,
2026-01-23,GRMOVER,
2026-01-27,GRMOVER,
2026-01-28,GRMOVER,
2026-01-29,GRMOVER,
2026-01-30,GRMOVER,
2026-02-02,GRMOVER,
2026-02-03,GRMOVER,
2026-02-04,GRMOVER,
2026-02-05,GRMOVER,
2026-02-06,GRMOVER,
2026-02-09,GRMOVER,
2026-02-10,GRMOVER,
2026-02-11,GRMOVER,
2026-02-12,GRMOVER,
2026-02-13,GRMOVER,
2026-02-16,GRMOVER,
2026-02-17,GRMOVER,
2026-02-18,GRMOVER,
2026-02-19,GRMOVER,
2026-02-20,GRMOVER,
2026-02-23,GRMOVER,
2026-02-24,GRMOVER,
2026-02-25,GRMOVER,
2026-02-26,GRMOVER,
2026-02-27,GRMOVER,
2026-03-02,GRMOVER,
2026-03-04,GRMOVER,
2026-03-05,GRMOVER,
2026-03-06,GRMOVER,
2026-03-09,GRMOVER,
2026-03-10,GRMOVER,
2026-03-11,GRMOVER,
2026-03-12,GRMOVER,
2026-03-13,GRMOVER,
2026-03-16,GRMOVER,
2026-03-17,GRMOVER,
2026-03-18,GRMOVER,
2026-03-19,GRMOVER,
2026-03-20,GRMOVER,
2026-03-23,GRMOVER,
2026-03-24,GRMOVER,
2026-03-25,GRMOVER,
2026-03-27,GRMOVER,
2026-03-30,GRMOVER,
2026-04-01,GRMOVER,
2026-04-02,GRMOVER,
2026-04-06,GRMOVER,
2026-04-07,GRMOVER,
2026-04-08,GRMOVER,
2026-04-09,GRMOVER,
2026-04-10,GRMOVER,
2026-04-13,GRMOVER,
2026-04-15,GRMOVER,
2026-04-16,GRMOVER,
2026-04-17,GRMOVER,
2026-04-20,GRMOVER,
2026-04-21,GRMOVER,
2026-04-22,GRMOVER,
2026-04-23,GRMOVER,
2026-04-24,GRMOVER,
2026-04-27,GRMOVER,
2026-04-28,GRMOVER,
2026-04-29,GRMOVER,
2026-04-30,GRMOVER,
2026-05-04,GRMOVER,
2026-05-05,GRMOVER,
2026-05-06,GRMOVER,
2026-05-07,GRMOVER,
2026-05-08,GRMOVER,
2026-05-11,GRMOVER,
2026-05-12,GRMOVER,
2026-05-13,GRMOVER,
2026-05-14,GRMOVER,
2026-05-15,GRMOVER,
2026-05-18,GRMOVER,
2026-05-19,GRMOVER,
2026-05-20,GRMOVER,
2026-05-21,GRMOVER,
2026-05-22,GRMOVER,
2026-05-25,GRMOVER,
2026-05-26,GRMOVER,
2026-05-27,GRMOVER,
2026-05-29,GRMOVER,
2026-06-01,GRMOVER,
2026-06-02,GRMOVER,
2026-06-03,GRMOVER,
2026-06-04,GRMOVER,
2026-06-05,GRMOVER,
2026-06-08,GRMOVER,
2026-06-09,GRMOVER,
2026-06-10,GRMOVER,
2026-06-11,GRMOVER,87.0908
2026-06-12,GRMOVER,91.346
2026-06-15,GRMOVER,91.346
2026-06-16,GRMOVER,91.346
2026-06-17,GRMOVER,91.579
2026-06-18,GRMOVER,91.579
2026-06-19,GRMOVER,91.579
2026-06-22,GRMOVER,91.579
2026-06-23,GRMOVER,91.579
2026-06-24,GRMOVER,91.4843
2026-06-25,GRMOVER,91.4843
2026-06-29,GRMOVER,91.4843
2026-06-30,GRMOVER,91.4843
2026-07-01,GRMOVER,91.4843
2026-07-02,GRMOVER,91.4843
2026-07-03,GRMOVER,91.4843
2026-07-06,GRMOVER,91.4843
2026-07-07,GRMOVER,91.4843
2026-07-08,GRMOVER,91.4843
2026-07-09,GRMOVER,91.4843
2026-07-10,GRMOVER,91.4843
2026-07-13,GRMOVER,91.4843
2026-07-14,GRMOVER,91.4843
2026-07-15,GRMOVER,91.4843
2026-07-16,GRMOVER,91.4843
2026-07-17,GRMOVER,91.4843
2026-07-20,GRMOVER,91.4843
2026-07-21,GRMOVER,91.4843
2026-07-22,GRMOVER,91.4843
2026-07-23,GRMOVER,91.4843
2026-07-24,GRMOVER,91.4843
2026-07-27,GRMOVER,91.4843
2026-07-28,GRMOVER,91.4843
2026-07-29,GRMOVER,91.4843
2026-07-30,GRMOVER,91.4843
2026-07-31,GRMOVER,91.4843
2026-08-03,GRMOVER,91.4843
2026-08-04,GRMOVER,91.4843
2026-08-05,GRMOVER,91.4843
2026-08-06,GRMOVER,91.4843
2026-08-07,GRMOVER,91.4843
2026-08-10,GRMOVER,91.4843
2026-08-11,GRMOVER,91.4843
2026-08-12,GRMOVER,91.4843
2026-08-13,GRMOVER,91.4843
2026-08-14,GRMOVER,91.4843
2026-08-17,GRMOVER,91.4843
2026-08-18,GRMOVER,91.4843
2026-08-19,GRMOVER,91.4843
2026-08-20,GRMOVER,91.4843
2026-08-21,GRMOVER,91.4843
2026-08-24,GRMOVER,91.4843
2026-08-25,GRMOVER,91.4843
2026-08-26,GRMOVER,91.4843
2026-08-27,GRMOVER,91.4843
2026-08-28,GRMOVER,91.4843
2026-08-31,GRMOVER,91.4843
2026-09-01,GRMOVER,91.4843
2026-09-02,GRMOVER,91.4843
2026-09-03,GRMOVER,91.4843
2026-09-04,GRMOVER,91.4843
2026-09-07,GRMOVER,91.4843
2026-09-08,GRMOVER,91.4843
2026-09-09,GRMOVER,91.4843
2026-09-10,GRMOVER,91.4843
2026-09-11,GRMOVER,91.4843
2025-08-29,HCLTECH,
2025-09-01,HCLTECH,
2025-09-02,HCLTECH,
2025-09-03,HCLTECH,
2025-09-04,HCLTECH,
2025-09-05,HCLTECH,
2025-09-08,HCLTECH,
2025-09-09,HCLTECH,
2025-09-10,HCLTECH,
2025-09-11,HCLTECH,
2025-09-12,HCLTECH,
2025-09-15,HCLTECH,
2025-09-16,HCLTECH,
2025-09-17,HCLTECH,
2025-09-18,HCLTECH,
2025-09-19,HCLTECH,
2025-09-22,HCLTECH,
2025-09-23,HCLTECH,
2025-09-24,HCLTECH,
2025-09-25,HCLTECH,
2025-09-26,HCLTECH,
2025-09-29,HCLTECH,
2025-09-30,HCLTECH,
2025-10-01,HCLTECH,
2025-10-03,HCLTECH,
2025-10-06,HCLTECH,
2025-10-07,HCLTECH,
2025-10-08,HCLTECH,
2025-10-09,HCLTECH,
2025-10-10,HCLTECH,
2025-10-13,HCLTECH,
2025-10-14,HCLTECH,
2025-10-15,HCLTECH,
2025-10-16,HCLTECH,
2025-10-17,HCLTECH,
2025-10-20,HCLTECH,
2025-10-21,HCLTECH,
2025-10-23,HCLTECH,
2025-10-24,HCLTECH,
2025-10-27,HCLTECH,
2025-10-28,HCLTECH,
2025-10-29,HCLTECH,
2025-10-30,HCLTECH,
2025-10-31,HCLTECH,
2025-11-03,HCLTECH,
2025-11-04,HCLTECH,
2025-11-06,HCLTECH,
2025-11-07,HCLTECH,
2025-11-10,HCLTECH,
2025-11-11,HCLTECH,
2025-11-12,HCLTECH,
2025-11-13,HCLTECH,
2025-11-14,HCLTECH,
2025-11-17,HCLTECH,
2025-11-18,HCLTECH,
2025-11-19,HCLTECH,
2025-11-20,HCLTECH,
2025-11-21,HCLTECH,
2025-11-24,HCLTECH,
2025-11-25,HCLTECH,
2025-11-26,HCLTECH,
2025-11-27,HCLTECH,
2025-11-28,HCLTECH,
2025-12-01,HCLTECH,
2025-12-02,HCLTECH,
2025-12-03,HCLTECH,
2025-12-04,HCLTECH,
2025-12-05,HCLTECH,
2025-12-08,HCLTECH,
2025-12-09,HCLTECH,
2025-12-10,HCLTECH,
2025-12-11,HCLTECH,
2025-12-12,HCLTECH,
2025-12-15,HCLTECH,
2025-12-16,HCLTECH,
2025-12-17,HCLTECH,
2025-12-18,HCLTECH,
2025-12-19,HCLTECH,
2025-12-22,HCLTECH,
2025-12-23,HCLTECH,
2025-12-24,HCLTECH,
2025-12-26,HCLTECH,
2025-12-29,HCLTECH,
2025-12-30,HCLTECH,
2025-12-31,HCLTECH,
2026-01-01,HCLTECH,
2026-01-02,HCLTECH,
2026-01-05,HCLTECH,
2026-01-06,HCLTECH,
2026-01-07,HCLTECH,
2026-01-08,HCLTECH,
2026-01-09,HCLTECH,
2026-01-12,HCLTECH,
2026-01-13,HCLTECH,
2026-01-14,HCLTECH,
2026-01-16,HCLTECH,
2026-01-19,HCLTECH,
2026-01-20,HCLTECH,
2026-01-21,HCLTECH,
2026-01-22,HCLTECH,
2026-01-23,HCLTECH,
2026-01-27,HCLTECH,
2026-01-28,HCLTECH,
2026-01-29,HCLTECH,
2026-01-30,HCLTECH,
2026-02-02,HCLTECH,
2026-02-03,HCLTECH,
2026-02-04,HCLTECH,
2026-02-05,HCLTECH,
2026-02-06,HCLTECH,
2026-02-09,HCLTECH,
2026-02-10,HCLTECH,
2026-02-11,HCLTECH,
2026-02-12,HCLTECH,
2026-02-13,HCLTECH,
2026-02-16,HCLTECH,
2026-02-17,HCLTECH,
2026-02-18,HCLTECH,
2026-02-19,HCLTECH,
2026-02-20,HCLTECH,
2026-02-23,HCLTECH,
2026-02-24,HCLTECH,
2026-02-25,HCLTECH,
2026-02-26,HCLTECH,
2026-02-27,HCLTECH,
2026-03-02,HCLTECH,
2026-03-04,HCLTECH,
2026-03-05,HCLTECH,
2026-03-06,HCLTECH,
2026-03-09,HCLTECH,
2026-03-10,HCLTECH,
2026-03-11,HCLTECH,
2026-03-12,HCLTECH,
2026-03-13,HCLTECH,
2026-03-16,HCLTECH,
2026-03-17,HCLTECH,
2026-03-18,HCLTECH,
2026-03-19,HCLTECH,
2026-03-20,HCLTECH,
2026-03-23,HCLTECH,
2026-03-24,HCLTECH,
2026-03-25,HCLTECH,
2026-03-27,HCLTECH,
2026-03-30,HCLTECH,
2026-04-01,HCLTECH,
2026-04-02,HCLTECH,
2026-04-06,HCLTECH,
2026-04-07,HCLTECH,
2026-04-08,HCLTECH,
2026-04-09,HCLTECH,
2026-04-10,HCLTECH,
2026-04-13,HCLTECH,
2026-04-15,HCLTECH,
2026-04-16,HCLTECH,
2026-04-17,HCLTECH,
2026-04-20,HCLTECH,
2026-04-21,HCLTECH,
2026-04-22,HCLTECH,
2026-04-23,HCLTECH,
2026-04-24,HCLTECH,
2026-04-27,HCLTECH,
2026-04-28,HCLTECH,
2026-04-29,HCLTECH,
2026-04-30,HCLTECH,
2026-05-04,HCLTECH,
2026-05-05,HCLTECH,
2026-05-06,HCLTECH,
2026-05-07,HCLTECH,
2026-05-08,HCLTECH,
2026-05-11,HCLTECH,
2026-05-12,HCLTECH,
2026-05-13,HCLTECH,
2026-05-14,HCLTECH,
2026-05-15,HCLTECH,
2026-05-18,HCLTECH,
2026-05-19,HCLTECH,
2026-05-20,HCLTECH,
2026-05-21,HCLTECH,
2026-05-22,HCLTECH,
2026-05-25,HCLTECH,
2026-05-26,HCLTECH,
2026-05-27,HCLTECH,
2026-05-29,HCLTECH,
2026-06-01,HCLTECH,
2026-06-02,HCLTECH,
2026-06-03,HCLTECH,
2026-06-04,HCLTECH,
2026-06-05,HCLTECH,
2026-06-08,HCLTECH,
2026-06-09,HCLTECH,
2026-06-10,HCLTECH,
2026-06-11,HCLTECH,
2026-06-12,HCLTECH,1104.3379
2026-06-15,HCLTECH,1104.3379
2026-06-16,HCLTECH,1104.3379
2026-06-17,HCLTECH,1104.3379
2026-06-18,HCLTECH,1104.3379
2026-06-19,HCLTECH,1104.3379
2026-06-22,HCLTECH,1104.3379
2026-06-23,HCLTECH,1104.3379
2026-06-24,HCLTECH,1104.3379
2026-06-25,HCLTECH,1104.3379
2026-06-29,HCLTECH,1104.3379
2026-06-30,HCLTECH,1104.3379
2026-07-01,HCLTECH,1104.3379
2026-07-02,HCLTECH,1104.3379
2026-07-03,HCLTECH,1104.3379
2026-07-06,HCLTECH,1104.3379
2026-07-07,HCLTECH,1104.3379
2026-07-08,HCLTECH,1104.3379
2026-07-09,HCLTECH,1104.3379
2026-07-10,HCLTECH,1104.3379
2026-07-13,HCLTECH,1104.3379
2026-07-14,HCLTECH,1104.3379
2026-07-15,HCLTECH,1104.3379
2026-07-16,HCLTECH,1104.3379
2026-07-17,HCLTECH,1104.3379
2026-07-20,HCLTECH,1104.3379
2026-07-21,HCLTECH,1104.3379
2026-07-22,HCLTECH,1104.3379
2026-07-23,HCLTECH,1104.3379
2026-07-24,HCLTECH,1104.3379
2026-07-27,HCLTECH,1104.3379
2026-07-28,HCLTECH,1104.3379
2026-07-29,HCLTECH,1104.3379
2026-07-30,HCLTECH,1104.3379
2026-07-31,HCLTECH,1104.3379
2026-08-03,HCLTECH,1104.3379
2026-08-04,HCLTECH,1104.3379
2026-08-05,HCLTECH,1104.3379
2026-08-06,HCLTECH,1104.3379
2026-08-07,HCLTECH,1104.3379
2026-08-10,HCLTECH,1104.3379
2026-08-11,HCLTECH,1104.3379
2026-08-12,HCLTECH,1104.3379
2026-08-13,HCLTECH,1104.3379
2026-08-14,HCLTECH,1104.3379
2026-08-17,HCLTECH,1104.3379
2026-08-18,HCLTECH,1104.3379
2026-08-19,HCLTECH,1104.3379
2026-08-20,HCLTECH,1104.3379
2026-08-21,HCLTECH,1104.3379
2026-08-24,HCLTECH,1104.3379
2026-08-25,HCLTECH,1104.3379
2026-08-26,HCLTECH,1104.3379
2026-08-27,HCLTECH,1104.3379
2026-08-28,HCLTECH,1104.3379
2026-08-31,HCLTECH,1104.3379
2026-09-01,HCLTECH,1104.3379
2026-09-02,HCLTECH,1104.3379
2026-09-03,HCLTECH,1104.3379
2026-09-04,HCLTECH,1104.3379
2026-09-07,HCLTECH,1104.3379
2026-09-08,HCLTECH,1104.3379
2026-09-09,HCLTECH,1104.3379
2026-09-10,HCLTECH,1104.3379
2026-09-11,HCLTECH,1104.3379
2026-06-12,HEXAGON,
2026-06-15,HEXAGON,
2026-06-16,HEXAGON,
2026-06-17,HEXAGON,
2026-06-18,HEXAGON,
2026-06-19,HEXAGON,
2026-06-22,HEXAGON,
2026-06-23,HEXAGON,
2026-06-24,HEXAGON,
2026-06-25,HEXAGON,
2026-06-29,HEXAGON,
2026-06-30,HEXAGON,
2026-07-01,HEXAGON,
2026-07-02,HEXAGON,
2026-07-03,HEXAGON,
2026-07-06,HEXAGON,
2026-07-07,HEXAGON,
2026-07-08,HEXAGON,
2026-07-09,HEXAGON,
2026-07-10,HEXAGON,
2026-07-13,HEXAGON,
2026-07-14,HEXAGON,
2026-07-15,HEXAGON,
2026-07-16,HEXAGON,
2026-07-17,HEXAGON,
2026-07-20,HEXAGON,
2026-07-21,HEXAGON,
2026-07-22,HEXAGON,
2026-07-23,HEXAGON,
2026-07-24,HEXAGON,
2026-07-27,HEXAGON,
2026-07-28,HEXAGON,
2026-07-29,HEXAGON,
2026-07-30,HEXAGON,
2026-07-31,HEXAGON,
2026-08-03,HEXAGON,
2026-08-04,HEXAGON,
2026-08-05,HEXAGON,
2026-08-06,HEXAGON,
2026-08-07,HEXAGON,
2026-08-10,HEXAGON,
2026-08-11,HEXAGON,
2026-08-12,HEXAGON,
2026-08-13,HEXAGON,
2026-08-14,HEXAGON,
2026-08-17,HEXAGON,64.0444
2026-08-18,HEXAGON,64.0444
2026-08-19,HEXAGON,64.0444
2026-08-20,HEXAGON,64.0444
2026-08-21,HEXAGON,64.0444
2026-08-24,HEXAGON,64.0444
2026-08-25,HEXAGON,64.0444
2026-08-26,HEXAGON,64.0444
2026-08-27,HEXAGON,64.0444
2026-08-28,HEXAGON,64.0444
2026-08-31,HEXAGON,64.0444
2026-09-01,HEXAGON,64.0444
2026-09-02,HEXAGON,64.0444
2026-09-03,HEXAGON,64.0444
2026-09-04,HEXAGON,64.0444
2026-09-07,HEXAGON,64.0444
2026-09-08,HEXAGON,64.0444
2026-09-09,HEXAGON,64.0444
2026-09-10,HEXAGON,64.0444
2026-09-11,HEXAGON,64.0444
2025-08-29,INDIQUBE,
2025-09-01,INDIQUBE,
2025-09-02,INDIQUBE,
2025-09-03,INDIQUBE,
2025-09-04,INDIQUBE,
2025-09-05,INDIQUBE,
2025-09-08,INDIQUBE,
2025-09-09,INDIQUBE,
2025-09-10,INDIQUBE,
2025-09-11,INDIQUBE,
2025-09-12,INDIQUBE,
2025-09-15,INDIQUBE,
2025-09-16,INDIQUBE,
2025-09-17,INDIQUBE,
2025-09-18,INDIQUBE,
2025-09-19,INDIQUBE,
2025-09-22,INDIQUBE,
2025-09-23,INDIQUBE,
2025-09-24,INDIQUBE,
2025-09-25,INDIQUBE,
2025-09-26,INDIQUBE,
2025-09-29,INDIQUBE,
2025-09-30,INDIQUBE,
2025-10-01,INDIQUBE,
2025-10-03,INDIQUBE,
2025-10-06,INDIQUBE,
2025-10-07,INDIQUBE,
2025-10-08,INDIQUBE,
2025-10-09,INDIQUBE,
2025-10-10,INDIQUBE,
2025-10-13,INDIQUBE,
2025-10-14,INDIQUBE,
2025-10-15,INDIQUBE,
2025-10-16,INDIQUBE,
2025-10-17,INDIQUBE,
2025-10-20,INDIQUBE,
2025-10-21,INDIQUBE,
2025-10-23,INDIQUBE,
2025-10-24,INDIQUBE,
2025-10-27,INDIQUBE,
2025-10-28,INDIQUBE,
2025-10-29,INDIQUBE,
2025-10-30,INDIQUBE,
2025-10-31,INDIQUBE,
2025-11-03,INDIQUBE,
2025-11-04,INDIQUBE,
2025-11-06,INDIQUBE,
2025-11-07,INDIQUBE,
2025-11-10,INDIQUBE,
2025-11-11,INDIQUBE,
2025-11-12,INDIQUBE,
2025-11-13,INDIQUBE,
2025-11-14,INDIQUBE,
2025-11-17,INDIQUBE,
2025-11-18,INDIQUBE,
2025-11-19,INDIQUBE,
2025-11-20,INDIQUBE,
2025-11-21,INDIQUBE,
2025-11-24,INDIQUBE,
2025-11-25,INDIQUBE,
2025-11-26,INDIQUBE,
2025-11-27,INDIQUBE,
2025-11-28,INDIQUBE,
2025-12-01,INDIQUBE,
2025-12-02,INDIQUBE,
2025-12-03,INDIQUBE,
2025-12-04,INDIQUBE,
2025-12-05,INDIQUBE,
2025-12-08,INDIQUBE,
2025-12-09,INDIQUBE,
2025-12-10,INDIQUBE,
2025-12-11,INDIQUBE,
2025-12-12,INDIQUBE,
2025-12-15,INDIQUBE,
2025-12-16,INDIQUBE,
2025-12-17,INDIQUBE,
2025-12-18,INDIQUBE,
2025-12-19,INDIQUBE,
2025-12-22,INDIQUBE,
2025-12-23,INDIQUBE,
2025-12-24,INDIQUBE,
2025-12-26,INDIQUBE,
2025-12-29,INDIQUBE,
2025-12-30,INDIQUBE,
2025-12-31,INDIQUBE,
2026-01-01,INDIQUBE,
2026-01-02,INDIQUBE,
2026-01-05,INDIQUBE,
2026-01-06,INDIQUBE,
2026-01-07,INDIQUBE,
2026-01-08,INDIQUBE,
2026-01-09,INDIQUBE,
2026-01-12,INDIQUBE,
2026-01-13,INDIQUBE,
2026-01-14,INDIQUBE,
2026-01-16,INDIQUBE,
2026-01-19,INDIQUBE,
2026-01-20,INDIQUBE,
2026-01-21,INDIQUBE,
2026-01-22,INDIQUBE,
2026-01-23,INDIQUBE,
2026-01-27,INDIQUBE,
2026-01-28,INDIQUBE,
2026-01-29,INDIQUBE,
2026-01-30,INDIQUBE,
2026-02-02,INDIQUBE,
2026-02-03,INDIQUBE,
2026-02-04,INDIQUBE,
2026-02-05,INDIQUBE,
2026-02-06,INDIQUBE,
2026-02-09,INDIQUBE,
2026-02-10,INDIQUBE,
2026-02-11,INDIQUBE,
2026-02-12,INDIQUBE,
2026-02-13,INDIQUBE,
2026-02-16,INDIQUBE,
2026-02-17,INDIQUBE,
2026-02-18,INDIQUBE,
2026-02-19,INDIQUBE,
2026-02-20,INDIQUBE,
2026-02-23,INDIQUBE,
2026-02-24,INDIQUBE,
2026-02-25,INDIQUBE,
2026-02-26,INDIQUBE,
2026-02-27,INDIQUBE,
2026-03-02,INDIQUBE,
2026-03-04,INDIQUBE,
2026-03-05,INDIQUBE,
2026-03-06,INDIQUBE,
2026-03-09,INDIQUBE,
2026-03-10,INDIQUBE,
2026-03-11,INDIQUBE,
2026-03-12,INDIQUBE,
2026-03-13,INDIQUBE,
2026-03-16,INDIQUBE,
2026-03-17,INDIQUBE,
2026-03-18,INDIQUBE,
2026-03-19,INDIQUBE,
2026-03-20,INDIQUBE,
2026-03-23,INDIQUBE,
2026-03-24,INDIQUBE,
2026-03-25,INDIQUBE,
2026-03-27,INDIQUBE,
2026-03-30,INDIQUBE,
2026-04-01,INDIQUBE,
2026-04-02,INDIQUBE,
2026-04-06,INDIQUBE,
2026-04-07,INDIQUBE,
2026-04-08,INDIQUBE,
2026-04-09,INDIQUBE,
2026-04-10,INDIQUBE,
2026-04-13,INDIQUBE,
2026-04-15,INDIQUBE,
2026-04-16,INDIQUBE,
2026-04-17,INDIQUBE,
2026-04-20,INDIQUBE,
2026-04-21,INDIQUBE,
2026-04-22,INDIQUBE,
2026-04-23,INDIQUBE,
2026-04-24,INDIQUBE,
2026-04-27,INDIQUBE,
2026-04-28,INDIQUBE,
2026-04-29,INDIQUBE,
2026-04-30,INDIQUBE,
2026-05-04,INDIQUBE,
2026-05-05,INDIQUBE,
2026-05-06,INDIQUBE,
2026-05-07,INDIQUBE,
2026-05-08,INDIQUBE,
2026-05-11,INDIQUBE,
2026-05-12,INDIQUBE,
2026-05-13,INDIQUBE,
2026-05-14,INDIQUBE,
2026-05-15,INDIQUBE,
2026-05-18,INDIQUBE,
2026-05-19,INDIQUBE,
2026-05-20,INDIQUBE,
2026-05-21,INDIQUBE,
2026-05-22,INDIQUBE,
2026-05-25,INDIQUBE,
2026-05-26,INDIQUBE,
2026-05-27,INDIQUBE,
2026-05-29,INDIQUBE,
2026-06-01,INDIQUBE,
2026-06-02,INDIQUBE,
2026-06-03,INDIQUBE,
2026-06-04,INDIQUBE,
2026-06-05,INDIQUBE,
2026-06-08,INDIQUBE,
2026-06-09,INDIQUBE,159.8096
2026-06-10,INDIQUBE,159.8096
2026-06-11,INDIQUBE,159.8096
2026-06-12,INDIQUBE,158.034
2026-06-15,INDIQUBE,158.034
2026-06-16,INDIQUBE,158.034
2026-06-17,INDIQUBE,158.034
2026-06-18,INDIQUBE,158.034
2026-06-19,INDIQUBE,158.034
2026-06-22,INDIQUBE,161.9315
2026-06-23,INDIQUBE,161.9315
2026-06-24,INDIQUBE,164.1048
2026-06-25,INDIQUBE,164.1048
2026-06-29,INDIQUBE,164.1048
2026-06-30,INDIQUBE,164.1048
2026-07-01,INDIQUBE,164.1048
2026-07-02,INDIQUBE,164.1048
2026-07-03,INDIQUBE,164.1048
2026-07-06,INDIQUBE,164.1048
2026-07-07,INDIQUBE,164.1048
2026-07-08,INDIQUBE,164.1048
2026-07-09,INDIQUBE,164.1048
2026-07-10,INDIQUBE,164.1048
2026-07-13,INDIQUBE,164.1048
2026-07-14,INDIQUBE,164.1048
2026-07-15,INDIQUBE,164.1048
2026-07-16,INDIQUBE,164.1048
2026-07-17,INDIQUBE,164.1048
2026-07-20,INDIQUBE,164.1048
2026-07-21,INDIQUBE,164.1048
2026-07-22,INDIQUBE,164.1048
2026-07-23,INDIQUBE,164.1048
2026-07-24,INDIQUBE,164.1048
2026-07-27,INDIQUBE,164.1048
2026-07-28,INDIQUBE,164.1048
2026-07-29,INDIQUBE,164.1048
2026-07-30,INDIQUBE,164.1048
2026-07-31,INDIQUBE,164.1048
2026-08-03,INDIQUBE,164.1048
2026-08-04,INDIQUBE,164.1048
2026-08-05,INDIQUBE,164.1048
2026-08-06,INDIQUBE,164.1048
2026-08-07,INDIQUBE,164.1048
2026-08-10,INDIQUBE,164.1048
2026-08-11,INDIQUBE,164.1048
2026-08-12,INDIQUBE,164.1048
2026-08-13,INDIQUBE,164.1048
2026-08-14,INDIQUBE,164.1048
2026-08-17,INDIQUBE,164.1048
2026-08-18,INDIQUBE,164.1048
2026-08-19,INDIQUBE,164.1048
2026-08-20,INDIQUBE,164.1048
2026-08-21,INDIQUBE,164.1048
2026-08-24,INDIQUBE,164.1048
2026-08-25,INDIQUBE,164.1048
2026-08-26,INDIQUBE,164.1048
2026-08-27,INDIQUBE,164.1048
2026-08-28,INDIQUBE,164.1048
2026-08-31,INDIQUBE,164.1048
2026-09-01,INDIQUBE,164.1048
2026-09-02,INDIQUBE,164.1048
2026-09-03,INDIQUBE,164.1048
2026-09-04,INDIQUBE,164.1048
2026-09-07,INDIQUBE,164.1048
2026-09-08,INDIQUBE,164.1048
2026-09-09,INDIQUBE,164.1048
2026-09-10,INDIQUBE,164.1048
2026-09-11,INDIQUBE,164.1048
2025-08-29,INDOCO,
2025-09-01,INDOCO,
2025-09-02,INDOCO,
2025-09-03,INDOCO,
2025-09-04,INDOCO,
2025-09-05,INDOCO,
2025-09-08,INDOCO,
2025-09-09,INDOCO,
2025-09-10,INDOCO,
2025-09-11,INDOCO,
2025-09-12,INDOCO,
2025-09-15,INDOCO,
2025-09-16,INDOCO,
2025-09-17,INDOCO,
2025-09-18,INDOCO,
2025-09-19,INDOCO,
2025-09-22,INDOCO,
2025-09-23,INDOCO,
2025-09-24,INDOCO,
2025-09-25,INDOCO,
2025-09-26,INDOCO,
2025-09-29,INDOCO,
2025-09-30,INDOCO,
2025-10-01,INDOCO,
2025-10-03,INDOCO,
2025-10-06,INDOCO,
2025-10-07,INDOCO,
2025-10-08,INDOCO,
2025-10-09,INDOCO,
2025-10-10,INDOCO,
2025-10-13,INDOCO,
2025-10-14,INDOCO,
2025-10-15,INDOCO,
2025-10-16,INDOCO,
2025-10-17,INDOCO,
2025-10-20,INDOCO,
2025-10-21,INDOCO,
2025-10-23,INDOCO,
2025-10-24,INDOCO,
2025-10-27,INDOCO,
2025-10-28,INDOCO,
2025-10-29,INDOCO,
2025-10-30,INDOCO,
2025-10-31,INDOCO,
2025-11-03,INDOCO,
2025-11-04,INDOCO,
2025-11-06,INDOCO,
2025-11-07,INDOCO,
2025-11-10,INDOCO,
2025-11-11,INDOCO,
2025-11-12,INDOCO,
2025-11-13,INDOCO,
2025-11-14,INDOCO,
2025-11-17,INDOCO,
2025-11-18,INDOCO,
2025-11-19,INDOCO,
2025-11-20,INDOCO,
2025-11-21,INDOCO,
2025-11-24,INDOCO,
2025-11-25,INDOCO,
2025-11-26,INDOCO,
2025-11-27,INDOCO,
2025-11-28,INDOCO,
2025-12-01,INDOCO,
2025-12-02,INDOCO,
2025-12-03,INDOCO,
2025-12-04,INDOCO,
2025-12-05,INDOCO,
2025-12-08,INDOCO,
2025-12-09,INDOCO,
2025-12-10,INDOCO,
2025-12-11,INDOCO,
2025-12-12,INDOCO,
2025-12-15,INDOCO,
2025-12-16,INDOCO,
2025-12-17,INDOCO,
2025-12-18,INDOCO,
2025-12-19,INDOCO,
2025-12-22,INDOCO,
2025-12-23,INDOCO,
2025-12-24,INDOCO,
2025-12-26,INDOCO,
2025-12-29,INDOCO,
2025-12-30,INDOCO,
2025-12-31,INDOCO,
2026-01-01,INDOCO,
2026-01-02,INDOCO,
2026-01-05,INDOCO,
2026-01-06,INDOCO,
2026-01-07,INDOCO,
2026-01-08,INDOCO,
2026-01-09,INDOCO,
2026-01-12,INDOCO,
2026-01-13,INDOCO,
2026-01-14,INDOCO,
2026-01-16,INDOCO,
2026-01-19,INDOCO,
2026-01-20,INDOCO,
2026-01-21,INDOCO,
2026-01-22,INDOCO,
2026-01-23,INDOCO,
2026-01-27,INDOCO,
2026-01-28,INDOCO,
2026-01-29,INDOCO,
2026-01-30,INDOCO,
2026-02-02,INDOCO,
2026-02-03,INDOCO,
2026-02-04,INDOCO,
2026-02-05,INDOCO,
2026-02-06,INDOCO,
2026-02-09,INDOCO,
2026-02-10,INDOCO,
2026-02-11,INDOCO,
2026-02-12,INDOCO,
2026-02-13,INDOCO,
2026-02-16,INDOCO,
2026-02-17,INDOCO,
2026-02-18,INDOCO,
2026-02-19,INDOCO,
2026-02-20,INDOCO,
2026-02-23,INDOCO,
2026-02-24,INDOCO,
2026-02-25,INDOCO,
2026-02-26,INDOCO,
2026-02-27,INDOCO,
2026-03-02,INDOCO,
2026-03-04,INDOCO,
2026-03-05,INDOCO,
2026-03-06,INDOCO,
2026-03-09,INDOCO,
2026-03-10,INDOCO,
2026-03-11,INDOCO,
2026-03-12,INDOCO,
2026-03-13,INDOCO,
2026-03-16,INDOCO,
2026-03-17,INDOCO,
2026-03-18,INDOCO,
2026-03-19,INDOCO,
2026-03-20,INDOCO,
2026-03-23,INDOCO,
2026-03-24,INDOCO,
2026-03-25,INDOCO,
2026-03-27,INDOCO,
2026-03-30,INDOCO,
2026-04-01,INDOCO,
2026-04-02,INDOCO,
2026-04-06,INDOCO,
2026-04-07,INDOCO,
2026-04-08,INDOCO,
2026-04-09,INDOCO,
2026-04-10,INDOCO,
2026-04-13,INDOCO,
2026-04-15,INDOCO,
2026-04-16,INDOCO,
2026-04-17,INDOCO,
2026-04-20,INDOCO,
2026-04-21,INDOCO,
2026-04-22,INDOCO,
2026-04-23,INDOCO,
2026-04-24,INDOCO,
2026-04-27,INDOCO,
2026-04-28,INDOCO,
2026-04-29,INDOCO,
2026-04-30,INDOCO,
2026-05-04,INDOCO,
2026-05-05,INDOCO,
2026-05-06,INDOCO,
2026-05-07,INDOCO,
2026-05-08,INDOCO,
2026-05-11,INDOCO,
2026-05-12,INDOCO,
2026-05-13,INDOCO,
2026-05-14,INDOCO,
2026-05-15,INDOCO,
2026-05-18,INDOCO,
2026-05-19,INDOCO,
2026-05-20,INDOCO,
2026-05-21,INDOCO,
2026-05-22,INDOCO,
2026-05-25,INDOCO,
2026-05-26,INDOCO,
2026-05-27,INDOCO,
2026-05-29,INDOCO,
2026-06-01,INDOCO,
2026-06-02,INDOCO,
2026-06-03,INDOCO,
2026-06-04,INDOCO,
2026-06-05,INDOCO,
2026-06-08,INDOCO,
2026-06-09,INDOCO,
2026-06-10,INDOCO,
2026-06-11,INDOCO,
2026-06-12,INDOCO,
2026-06-15,INDOCO,
2026-06-16,INDOCO,
2026-06-17,INDOCO,
2026-06-18,INDOCO,
2026-06-19,INDOCO,
2026-06-22,INDOCO,
2026-06-23,INDOCO,
2026-06-24,INDOCO,
2026-06-25,INDOCO,
2026-06-29,INDOCO,
2026-06-30,INDOCO,
2026-07-01,INDOCO,
2026-07-02,INDOCO,
2026-07-03,INDOCO,
2026-07-06,INDOCO,
2026-07-07,INDOCO,
2026-07-08,INDOCO,
2026-07-09,INDOCO,
2026-07-10,INDOCO,
2026-07-13,INDOCO,
2026-07-14,INDOCO,
2026-07-15,INDOCO,
2026-07-16,INDOCO,
2026-07-17,INDOCO,
2026-07-20,INDOCO,
2026-07-21,INDOCO,
2026-07-22,INDOCO,
2026-07-23,INDOCO,
2026-07-24,INDOCO,
2026-07-27,INDOCO,
2026-07-28,INDOCO,
2026-07-29,INDOCO,
2026-07-30,INDOCO,
2026-07-31,INDOCO,
2026-08-03,INDOCO,
2026-08-04,INDOCO,
2026-08-05,INDOCO,
2026-08-06,INDOCO,
2026-08-07,INDOCO,
2026-08-10,INDOCO,
2026-08-11,INDOCO,
2026-08-12,INDOCO,
2026-08-13,INDOCO,
2026-08-14,INDOCO,
2026-08-17,INDOCO,
2026-08-18,INDOCO,
2026-08-19,INDOCO,
2026-08-20,INDOCO,
2026-08-21,INDOCO,
2026-08-24,INDOCO,
2026-08-25,INDOCO,
2026-08-26,INDOCO,
2026-08-27,INDOCO,
2026-08-28,INDOCO,
2026-08-31,INDOCO,244.846
2026-09-01,INDOCO,243.7471
2026-09-02,INDOCO,243.7471
2026-09-03,INDOCO,243.7471
2026-09-04,INDOCO,243.7471
2026-09-07,INDOCO,243.7471
2026-09-08,INDOCO,243.7471
2026-09-09,INDOCO,239.1284
2026-09-10,INDOCO,239.1284
2026-09-11,INDOCO,239.1284
2025-08-29,INDORAMA,
2025-09-01,INDORAMA,
2025-09-02,INDORAMA,
2025-09-03,INDORAMA,
2025-09-04,INDORAMA,
2025-09-05,INDORAMA,
2025-09-08,INDORAMA,
2025-09-09,INDORAMA,
2025-09-10,INDORAMA,
2025-09-11,INDORAMA,
2025-09-12,INDORAMA,
2025-09-15,INDORAMA,
2025-09-16,INDORAMA,
2025-09-17,INDORAMA,
2025-09-18,INDORAMA,
2025-09-19,INDORAMA,
2025-09-22,INDORAMA,
2025-09-23,INDORAMA,
2025-09-24,INDORAMA,
2025-09-25,INDORAMA,
2025-09-26,INDORAMA,
2025-09-29,INDORAMA,
2025-09-30,INDORAMA,
2025-10-01,INDORAMA,
2025-10-03,INDORAMA,
2025-10-06,INDORAMA,
2025-10-07,INDORAMA,
2025-10-08,INDORAMA,
2025-10-09,INDORAMA,
2025-10-10,INDORAMA,
2025-10-13,INDORAMA,
2025-10-14,INDORAMA,
2025-10-15,INDORAMA,
2025-10-16,INDORAMA,
2025-10-17,INDORAMA,
2025-10-20,INDORAMA,
2025-10-21,INDORAMA,
2025-10-23,INDORAMA,
2025-10-24,INDORAMA,
2025-10-27,INDORAMA,
2025-10-28,INDORAMA,
2025-10-29,INDORAMA,
2025-10-30,INDORAMA,
2025-10-31,INDORAMA,
2025-11-03,INDORAMA,
2025-11-04,INDORAMA,
2025-11-06,INDORAMA,
2025-11-07,INDORAMA,
2025-11-10,INDORAMA,
2025-11-11,INDORAMA,
2025-11-12,INDORAMA,
2025-11-13,INDORAMA,
2025-11-14,INDORAMA,
2025-11-17,INDORAMA,
2025-11-18,INDORAMA,
2025-11-19,INDORAMA,
2025-11-20,INDORAMA,
2025-11-21,INDORAMA,
2025-11-24,INDORAMA,
2025-11-25,INDORAMA,
2025-11-26,INDORAMA,
2025-11-27,INDORAMA,
2025-11-28,INDORAMA,
2025-12-01,INDORAMA,
2025-12-02,INDORAMA,
2025-12-03,INDORAMA,
2025-12-04,INDORAMA,
2025-12-05,INDORAMA,
2025-12-08,INDORAMA,
2025-12-09,INDORAMA,
2025-12-10,INDORAMA,
2025-12-11,INDORAMA,
2025-12-12,INDORAMA,
2025-12-15,INDORAMA,
2025-12-16,INDORAMA,
2025-12-17,INDORAMA,
2025-12-18,INDORAMA,
2025-12-19,INDORAMA,
2025-12-22,INDORAMA,
2025-12-23,INDORAMA,
2025-12-24,INDORAMA,
2025-12-26,INDORAMA,
2025-12-29,INDORAMA,
2025-12-30,INDORAMA,
2025-12-31,INDORAMA,
2026-01-01,INDORAMA,
2026-01-02,INDORAMA,
2026-01-05,INDORAMA,
2026-01-06,INDORAMA,
2026-01-07,INDORAMA,
2026-01-08,INDORAMA,
2026-01-09,INDORAMA,
2026-01-12,INDORAMA,
2026-01-13,INDORAMA,
2026-01-14,INDORAMA,
2026-01-16,INDORAMA,
2026-01-19,INDORAMA,
2026-01-20,INDORAMA,
2026-01-21,INDORAMA,
2026-01-22,INDORAMA,
2026-01-23,INDORAMA,
2026-01-27,INDORAMA,
2026-01-28,INDORAMA,
2026-01-29,INDORAMA,
2026-01-30,INDORAMA,
2026-02-02,INDORAMA,
2026-02-03,INDORAMA,
2026-02-04,INDORAMA,
2026-02-05,INDORAMA,
2026-02-06,INDORAMA,
2026-02-09,INDORAMA,
2026-02-10,INDORAMA,
2026-02-11,INDORAMA,
2026-02-12,INDORAMA,
2026-02-13,INDORAMA,
2026-02-16,INDORAMA,
2026-02-17,INDORAMA,
2026-02-18,INDORAMA,
2026-02-19,INDORAMA,
2026-02-20,INDORAMA,
2026-02-23,INDORAMA,
2026-02-24,INDORAMA,
2026-02-25,INDORAMA,
2026-02-26,INDORAMA,
2026-02-27,INDORAMA,
2026-03-02,INDORAMA,
2026-03-04,INDORAMA,
2026-03-05,INDORAMA,
2026-03-06,INDORAMA,
2026-03-09,INDORAMA,
2026-03-10,INDORAMA,
2026-03-11,INDORAMA,
2026-03-12,INDORAMA,
2026-03-13,INDORAMA,
2026-03-16,INDORAMA,
2026-03-17,INDORAMA,
2026-03-18,INDORAMA,
2026-03-19,INDORAMA,
2026-03-20,INDORAMA,
2026-03-23,INDORAMA,
2026-03-24,INDORAMA,
2026-03-25,INDORAMA,
2026-03-27,INDORAMA,
2026-03-30,INDORAMA,
2026-04-01,INDORAMA,
2026-04-02,INDORAMA,
2026-04-06,INDORAMA,
2026-04-07,INDORAMA,
2026-04-08,INDORAMA,
2026-04-09,INDORAMA,
2026-04-10,INDORAMA,
2026-04-13,INDORAMA,
2026-04-15,INDORAMA,
2026-04-16,INDORAMA,
2026-04-17,INDORAMA,
2026-04-20,INDORAMA,
2026-04-21,INDORAMA,
2026-04-22,INDORAMA,
2026-04-23,INDORAMA,
2026-04-24,INDORAMA,
2026-04-27,INDORAMA,
2026-04-28,INDORAMA,
2026-04-29,INDORAMA,
2026-04-30,INDORAMA,
2026-05-04,INDORAMA,
2026-05-05,INDORAMA,
2026-05-06,INDORAMA,
2026-05-07,INDORAMA,
2026-05-08,INDORAMA,
2026-05-11,INDORAMA,
2026-05-12,INDORAMA,
2026-05-13,INDORAMA,
2026-05-14,INDORAMA,
2026-05-15,INDORAMA,
2026-05-18,INDORAMA,
2026-05-19,INDORAMA,
2026-05-20,INDORAMA,
2026-05-21,INDORAMA,
2026-05-22,INDORAMA,
2026-05-25,INDORAMA,
2026-05-26,INDORAMA,
2026-05-27,INDORAMA,
2026-05-29,INDORAMA,
2026-06-01,INDORAMA,
2026-06-02,INDORAMA,
2026-06-03,INDORAMA,
2026-06-04,INDORAMA,
2026-06-05,INDORAMA,
2026-06-08,INDORAMA,
2026-06-09,INDORAMA,
2026-06-10,INDORAMA,
2026-06-11,INDORAMA,
2026-06-12,INDORAMA,
2026-06-15,INDORAMA,
2026-06-16,INDORAMA,
2026-06-17,INDORAMA,
2026-06-18,INDORAMA,
2026-06-19,INDORAMA,
2026-06-22,INDORAMA,
2026-06-23,INDORAMA,
2026-06-24,INDORAMA,
2026-06-25,INDORAMA,
2026-06-29,INDORAMA,
2026-06-30,INDORAMA,
2026-07-01,INDORAMA,
2026-07-02,INDORAMA,
2026-07-03,INDORAMA,
2026-07-06,INDORAMA,
2026-07-07,INDORAMA,
2026-07-08,INDORAMA,
2026-07-09,INDORAMA,
2026-07-10,INDORAMA,
2026-07-13,INDORAMA,
2026-07-14,INDORAMA,
2026-07-15,INDORAMA,
2026-07-16,INDORAMA,
2026-07-17,INDORAMA,
2026-07-20,INDORAMA,
2026-07-21,INDORAMA,
2026-07-22,INDORAMA,
2026-07-23,INDORAMA,
2026-07-24,INDORAMA,
2026-07-27,INDORAMA,
2026-07-28,INDORAMA,
2026-07-29,INDORAMA,
2026-07-30,INDORAMA,
2026-07-31,INDORAMA,
2026-08-03,INDORAMA,
2026-08-04,INDORAMA,
2026-08-05,INDORAMA,
2026-08-06,INDORAMA,
2026-08-07,INDORAMA,
2026-08-10,INDORAMA,
2026-08-11,INDORAMA,
2026-08-12,INDORAMA,
2026-08-13,INDORAMA,
2026-08-14,INDORAMA,
2026-08-17,INDORAMA,
2026-08-18,INDORAMA,
2026-08-19,INDORAMA,
2026-08-20,INDORAMA,
2026-08-21,INDORAMA,
2026-08-24,INDORAMA,
2026-08-25,INDORAMA,
2026-08-26,INDORAMA,
2026-08-27,INDORAMA,
2026-08-28,INDORAMA,
2026-08-31,INDORAMA,
2026-09-01,INDORAMA,
2026-09-02,INDORAMA,
2026-09-03,INDORAMA,
2026-09-04,INDORAMA,
2026-09-07,INDORAMA,
2026-09-08,INDORAMA,74.1302
2026-09-09,INDORAMA,75.6844
2026-09-10,INDORAMA,75.6844
2026-09-11,INDORAMA,75.6844
2025-08-29,IRB,
2025-09-01,IRB,
2025-09-02,IRB,
2025-09-03,IRB,
2025-09-04,IRB,
2025-09-05,IRB,
2025-09-08,IRB,
2025-09-09,IRB,
2025-09-10,IRB,
2025-09-11,IRB,
2025-09-12,IRB,
2025-09-15,IRB,
2025-09-16,IRB,
2025-09-17,IRB,
2025-09-18,IRB,
2025-09-19,IRB,
2025-09-22,IRB,
2025-09-23,IRB,
2025-09-24,IRB,
2025-09-25,IRB,
2025-09-26,IRB,
2025-09-29,IRB,
2025-09-30,IRB,
2025-10-01,IRB,
2025-10-03,IRB,
2025-10-06,IRB,
2025-10-07,IRB,
2025-10-08,IRB,
2025-10-09,IRB,
2025-10-10,IRB,
2025-10-13,IRB,
2025-10-14,IRB,
2025-10-15,IRB,
2025-10-16,IRB,
2025-10-17,IRB,
2025-10-20,IRB,
2025-10-21,IRB,
2025-10-23,IRB,
2025-10-24,IRB,
2025-10-27,IRB,
2025-10-28,IRB,
2025-10-29,IRB,
2025-10-30,IRB,
2025-10-31,IRB,
2025-11-03,IRB,
2025-11-04,IRB,
2025-11-06,IRB,
2025-11-07,IRB,
2025-11-10,IRB,
2025-11-11,IRB,
2025-11-12,IRB,
2025-11-13,IRB,
2025-11-14,IRB,
2025-11-17,IRB,
2025-11-18,IRB,
2025-11-19,IRB,
2025-11-20,IRB,
2025-11-21,IRB,
2025-11-24,IRB,
2025-11-25,IRB,
2025-11-26,IRB,
2025-11-27,IRB,
2025-11-28,IRB,
2025-12-01,IRB,
2025-12-02,IRB,
2025-12-03,IRB,
2025-12-04,IRB,
2025-12-05,IRB,
2025-12-08,IRB,
2025-12-09,IRB,
2025-12-10,IRB,
2025-12-11,IRB,
2025-12-12,IRB,
2025-12-15,IRB,
2025-12-16,IRB,
2025-12-17,IRB,
2025-12-18,IRB,
2025-12-19,IRB,
2025-12-22,IRB,
2025-12-23,IRB,
2025-12-24,IRB,
2025-12-26,IRB,
2025-12-29,IRB,
2025-12-30,IRB,
2025-12-31,IRB,
2026-01-01,IRB,
2026-01-02,IRB,
2026-01-05,IRB,
2026-01-06,IRB,
2026-01-07,IRB,
2026-01-08,IRB,
2026-01-09,IRB,
2026-01-12,IRB,
2026-01-13,IRB,
2026-01-14,IRB,
2026-01-16,IRB,
2026-01-19,IRB,
2026-01-20,IRB,
2026-01-21,IRB,
2026-01-22,IRB,
2026-01-23,IRB,
2026-01-27,IRB,
2026-01-28,IRB,
2026-01-29,IRB,
2026-01-30,IRB,
2026-02-02,IRB,
2026-02-03,IRB,
2026-02-04,IRB,
2026-02-05,IRB,
2026-02-06,IRB,
2026-02-09,IRB,
2026-02-10,IRB,
2026-02-11,IRB,
2026-02-12,IRB,
2026-02-13,IRB,
2026-02-16,IRB,
2026-02-17,IRB,
2026-02-18,IRB,
2026-02-19,IRB,
2026-02-20,IRB,
2026-02-23,IRB,
2026-02-24,IRB,
2026-02-25,IRB,
2026-02-26,IRB,
2026-02-27,IRB,
2026-03-02,IRB,
2026-03-04,IRB,
2026-03-05,IRB,
2026-03-06,IRB,
2026-03-09,IRB,
2026-03-10,IRB,
2026-03-11,IRB,
2026-03-12,IRB,
2026-03-13,IRB,
2026-03-16,IRB,
2026-03-17,IRB,
2026-03-18,IRB,
2026-03-19,IRB,
2026-03-20,IRB,
2026-03-23,IRB,
2026-03-24,IRB,
2026-03-25,IRB,
2026-03-27,IRB,
2026-03-30,IRB,
2026-04-01,IRB,
2026-04-02,IRB,
2026-04-06,IRB,
2026-04-07,IRB,
2026-04-08,IRB,
2026-04-09,IRB,
2026-04-10,IRB,
2026-04-13,IRB,
2026-04-15,IRB,
2026-04-16,IRB,
2026-04-17,IRB,
2026-04-20,IRB,
2026-04-21,IRB,
2026-04-22,IRB,
2026-04-23,IRB,
2026-04-24,IRB,
2026-04-27,IRB,
2026-04-28,IRB,
2026-04-29,IRB,
2026-04-30,IRB,
2026-05-04,IRB,
2026-05-05,IRB,
2026-05-06,IRB,
2026-05-07,IRB,
2026-05-08,IRB,
2026-05-11,IRB,
2026-05-12,IRB,
2026-05-13,IRB,
2026-05-14,IRB,
2026-05-15,IRB,
2026-05-18,IRB,
2026-05-19,IRB,
2026-05-20,IRB,
2026-05-21,IRB,
2026-05-22,IRB,
2026-05-25,IRB,
2026-05-26,IRB,
2026-05-27,IRB,
2026-05-29,IRB,
2026-06-01,IRB,
2026-06-02,IRB,
2026-06-03,IRB,
2026-06-04,IRB,
2026-06-05,IRB,
2026-06-08,IRB,
2026-06-09,IRB,
2026-06-10,IRB,
2026-06-11,IRB,
2026-06-12,IRB,
2026-06-15,IRB,
2026-06-16,IRB,
2026-06-17,IRB,
2026-06-18,IRB,
2026-06-19,IRB,
2026-06-22,IRB,
2026-06-23,IRB,
2026-06-24,IRB,
2026-06-25,IRB,
2026-06-29,IRB,
2026-06-30,IRB,
2026-07-01,IRB,
2026-07-02,IRB,
2026-07-03,IRB,
2026-07-06,IRB,
2026-07-07,IRB,
2026-07-08,IRB,
2026-07-09,IRB,
2026-07-10,IRB,
2026-07-13,IRB,
2026-07-14,IRB,
2026-07-15,IRB,
2026-07-16,IRB,
2026-07-17,IRB,
2026-07-20,IRB,
2026-07-21,IRB,
2026-07-22,IRB,
2026-07-23,IRB,
2026-07-24,IRB,
2026-07-27,IRB,
2026-07-28,IRB,
2026-07-29,IRB,
2026-07-30,IRB,
2026-07-31,IRB,
2026-08-03,IRB,
2026-08-04,IRB,
2026-08-05,IRB,
2026-08-06,IRB,
2026-08-07,IRB,
2026-08-10,IRB,
2026-08-11,IRB,
2026-08-12,IRB,
2026-08-13,IRB,
2026-08-14,IRB,
2026-08-17,IRB,
2026-08-18,IRB,
2026-08-19,IRB,
2026-08-20,IRB,
2026-08-21,IRB,
2026-08-24,IRB,
2026-08-25,IRB,
2026-08-26,IRB,
2026-08-27,IRB,
2026-08-28,IRB,
2026-08-31,IRB,19.4366
2026-09-01,IRB,19.3565
2026-09-02,IRB,19.3465
2026-09-03,IRB,19.485
2026-09-04,IRB,19.485
2026-09-07,IRB,19.485
2026-09-08,IRB,19.485
2026-09-09,IRB,19.485
2026-09-10,IRB,19.485
2026-09-11,IRB,19.485
2025-09-30,JARO,
2025-10-01,JARO,
2025-10-03,JARO,
2025-10-06,JARO,
2025-10-07,JARO,
2025-10-08,JARO,
2025-10-09,JARO,
2025-10-10,JARO,
2025-10-13,JARO,
2025-10-14,JARO,
2025-10-15,JARO,
2025-10-16,JARO,
2025-10-17,JARO,
2025-10-20,JARO,
2025-10-21,JARO,
2025-10-23,JARO,
2025-10-24,JARO,
2025-10-27,JARO,
2025-10-28,JARO,
2025-10-29,JARO,
2025-10-30,JARO,
2025-10-31,JARO,
2025-11-03,JARO,
2025-11-04,JARO,
2025-11-06,JARO,
2025-11-07,JARO,
2025-11-10,JARO,
2025-11-11,JARO,
2025-11-12,JARO,
2025-11-13,JARO,
2025-11-14,JARO,
2025-11-17,JARO,
2025-11-18,JARO,
2025-11-19,JARO,
2025-11-20,JARO,
2025-11-21,JARO,
2025-11-24,JARO,
2025-11-25,JARO,
2025-11-26,JARO,
2025-11-27,JARO,
2025-11-28,JARO,
2025-12-01,JARO,
2025-12-02,JARO,
2025-12-03,JARO,
2025-12-04,JARO,
2025-12-05,JARO,
2025-12-08,JARO,
2025-12-09,JARO,
2025-12-10,JARO,
2025-12-11,JARO,
2025-12-12,JARO,
2025-12-15,JARO,
2025-12-16,JARO,
2025-12-17,JARO,
2025-12-18,JARO,
2025-12-19,JARO,
2025-12-22,JARO,
2025-12-23,JARO,
2025-12-24,JARO,
2025-12-26,JARO,
2025-12-29,JARO,
2025-12-30,JARO,
2025-12-31,JARO,
2026-01-01,JARO,
2026-01-02,JARO,
2026-01-05,JARO,
2026-01-06,JARO,
2026-01-07,JARO,
2026-01-08,JARO,
2026-01-09,JARO,
2026-01-12,JARO,
2026-01-13,JARO,
2026-01-14,JARO,
2026-01-16,JARO,
2026-01-19,JARO,
2026-01-20,JARO,
2026-01-21,JARO,
2026-01-22,JARO,
2026-01-23,JARO,
2026-01-27,JARO,
2026-01-28,JARO,
2026-01-29,JARO,
2026-01-30,JARO,
2026-02-02,JARO,
2026-02-03,JARO,
2026-02-04,JARO,
2026-02-05,JARO,
2026-02-06,JARO,
2026-02-09,JARO,
2026-02-10,JARO,
2026-02-11,JARO,
2026-02-12,JARO,
2026-02-13,JARO,
2026-02-16,JARO,
2026-02-17,JARO,
2026-02-18,JARO,
2026-02-19,JARO,
2026-02-20,JARO,
2026-02-23,JARO,
2026-02-24,JARO,
2026-02-25,JARO,
2026-02-26,JARO,
2026-02-27,JARO,
2026-03-02,JARO,
2026-03-04,JARO,
2026-03-05,JARO,
2026-03-06,JARO,
2026-03-09,JARO,
2026-03-10,JARO,
2026-03-11,JARO,
2026-03-12,JARO,
2026-03-13,JARO,
2026-03-16,JARO,
2026-03-17,JARO,
2026-03-18,JARO,
2026-03-19,JARO,
2026-03-20,JARO,
2026-03-23,JARO,
2026-03-24,JARO,
2026-03-25,JARO,
2026-03-27,JARO,
2026-03-30,JARO,
2026-04-01,JARO,
2026-04-02,JARO,
2026-04-06,JARO,
2026-04-07,JARO,
2026-04-08,JARO,
2026-04-09,JARO,
2026-04-10,JARO,
2026-04-13,JARO,
2026-04-15,JARO,
2026-04-16,JARO,
2026-04-17,JARO,
2026-04-20,JARO,
2026-04-21,JARO,
2026-04-22,JARO,
2026-04-23,JARO,
2026-04-24,JARO,
2026-04-27,JARO,
2026-04-28,JARO,
2026-04-29,JARO,
2026-04-30,JARO,
2026-05-04,JARO,
2026-05-05,JARO,
2026-05-06,JARO,
2026-05-07,JARO,
2026-05-08,JARO,
2026-05-11,JARO,
2026-05-12,JARO,
2026-05-13,JARO,
2026-05-14,JARO,
2026-05-15,JARO,
2026-05-18,JARO,
2026-05-19,JARO,
2026-05-20,JARO,
2026-05-21,JARO,
2026-05-22,JARO,
2026-05-25,JARO,
2026-05-26,JARO,
2026-05-27,JARO,
2026-05-29,JARO,
2026-06-01,JARO,
2026-06-02,JARO,
2026-06-03,JARO,
2026-06-04,JARO,
2026-06-05,JARO,
2026-06-08,JARO,
2026-06-09,JARO,
2026-06-10,JARO,
2026-06-11,JARO,547.2546
2026-06-12,JARO,554.1033
2026-06-15,JARO,554.1033
2026-06-16,JARO,554.1033
2026-06-17,JARO,554.1033
2026-06-18,JARO,554.1033
2026-06-19,JARO,554.1033
2026-06-22,JARO,554.1033
2026-06-23,JARO,554.1033
2026-06-24,JARO,554.1033
2026-06-25,JARO,554.1033
2026-06-29,JARO,554.1033
2026-06-30,JARO,554.1033
2026-07-01,JARO,554.1033
2026-07-02,JARO,554.1033
2026-07-03,JARO,554.1033
2026-07-06,JARO,554.1033
2026-07-07,JARO,554.1033
2026-07-08,JARO,554.1033
2026-07-09,JARO,554.1033
2026-07-10,JARO,554.1033
2026-07-13,JARO,554.1033
2026-07-14,JARO,554.1033
2026-07-15,JARO,554.1033
2026-07-16,JARO,554.1033
2026-07-17,JARO,554.1033
2026-07-20,JARO,554.1033
2026-07-21,JARO,554.1033
2026-07-22,JARO,554.1033
2026-07-23,JARO,554.1033
2026-07-24,JARO,554.1033
2026-07-27,JARO,554.1033
2026-07-28,JARO,554.1033
2026-07-29,JARO,554.1033
2026-07-30,JARO,554.1033
2026-07-31,JARO,554.1033
2026-08-03,JARO,554.1033
2026-08-04,JARO,554.1033
2026-08-05,JARO,554.1033
2026-08-06,JARO,554.1033
2026-08-07,JARO,554.1033
2026-08-10,JARO,554.1033
2026-08-11,JARO,554.1033
2026-08-12,JARO,554.1033
2026-08-13,JARO,554.1033
2026-08-14,JARO,554.1033
2026-08-17,JARO,517.5623
2026-08-18,JARO,517.5623
2026-08-19,JARO,515.7539
2026-08-20,JARO,515.3969
2026-08-21,JARO,507.6344
2026-08-24,JARO,507.6344
2026-08-25,JARO,507.6344
2026-08-26,JARO,497.6308
2026-08-27,JARO,497.6308
2026-08-28,JARO,497.6308
2026-08-31,JARO,497.6308
2026-09-01,JARO,497.6308
2026-09-02,JARO,497.6308
2026-09-03,JARO,497.6308
2026-09-04,JARO,497.6308
2026-09-07,JARO,497.6308
2026-09-08,JARO,497.6308
2026-09-09,JARO,497.6308
2026-09-10,JARO,491.9162
2026-09-11,JARO,491.9162
2025-08-29,JAYSREETEA,
2025-09-01,JAYSREETEA,
2025-09-02,JAYSREETEA,
2025-09-03,JAYSREETEA,
2025-09-04,JAYSREETEA,
2025-09-05,JAYSREETEA,
2025-09-08,JAYSREETEA,
2025-09-09,JAYSREETEA,
2025-09-10,JAYSREETEA,
2025-09-11,JAYSREETEA,
2025-09-12,JAYSREETEA,
2025-09-15,JAYSREETEA,
2025-09-16,JAYSREETEA,
2025-09-17,JAYSREETEA,
2025-09-18,JAYSREETEA,
2025-09-19,JAYSREETEA,
2025-09-22,JAYSREETEA,
2025-09-23,JAYSREETEA,
2025-09-24,JAYSREETEA,
2025-09-25,JAYSREETEA,
2025-09-26,JAYSREETEA,
2025-09-29,JAYSREETEA,
2025-09-30,JAYSREETEA,
2025-10-01,JAYSREETEA,
2025-10-03,JAYSREETEA,
2025-10-06,JAYSREETEA,
2025-10-07,JAYSREETEA,
2025-10-08,JAYSREETEA,
2025-10-09,JAYSREETEA,
2025-10-10,JAYSREETEA,
2025-10-13,JAYSREETEA,
2025-10-14,JAYSREETEA,
2025-10-15,JAYSREETEA,
2025-10-16,JAYSREETEA,
2025-10-17,JAYSREETEA,
2025-10-20,JAYSREETEA,
2025-10-21,JAYSREETEA,
2025-10-23,JAYSREETEA,
2025-10-24,JAYSREETEA,
2025-10-27,JAYSREETEA,
2025-10-28,JAYSREETEA,
2025-10-29,JAYSREETEA,
2025-10-30,JAYSREETEA,
2025-10-31,JAYSREETEA,
2025-11-03,JAYSREETEA,
2025-11-04,JAYSREETEA,
2025-11-06,JAYSREETEA,
2025-11-07,JAYSREETEA,
2025-11-10,JAYSREETEA,
2025-11-11,JAYSREETEA,
2025-11-12,JAYSREETEA,
2025-11-13,JAYSREETEA,
2025-11-14,JAYSREETEA,
2025-11-17,JAYSREETEA,
2025-11-18,JAYSREETEA,
2025-11-19,JAYSREETEA,
2025-11-20,JAYSREETEA,
2025-11-21,JAYSREETEA,
2025-11-24,JAYSREETEA,
2025-11-25,JAYSREETEA,
2025-11-26,JAYSREETEA,
2025-11-27,JAYSREETEA,
2025-11-28,JAYSREETEA,
2025-12-01,JAYSREETEA,
2025-12-02,JAYSREETEA,
2025-12-03,JAYSREETEA,
2025-12-04,JAYSREETEA,
2025-12-05,JAYSREETEA,
2025-12-08,JAYSREETEA,
2025-12-09,JAYSREETEA,
2025-12-10,JAYSREETEA,
2025-12-11,JAYSREETEA,
2025-12-12,JAYSREETEA,
2025-12-15,JAYSREETEA,
2025-12-16,JAYSREETEA,
2025-12-17,JAYSREETEA,
2025-12-18,JAYSREETEA,
2025-12-19,JAYSREETEA,
2025-12-22,JAYSREETEA,
2025-12-23,JAYSREETEA,
2025-12-24,JAYSREETEA,
2025-12-26,JAYSREETEA,
2025-12-29,JAYSREETEA,
2025-12-30,JAYSREETEA,
2025-12-31,JAYSREETEA,
2026-01-01,JAYSREETEA,
2026-01-02,JAYSREETEA,
2026-01-05,JAYSREETEA,
2026-01-06,JAYSREETEA,
2026-01-07,JAYSREETEA,
2026-01-08,JAYSREETEA,
2026-01-09,JAYSREETEA,
2026-01-12,JAYSREETEA,
2026-01-13,JAYSREETEA,
2026-01-14,JAYSREETEA,
2026-01-16,JAYSREETEA,
2026-01-19,JAYSREETEA,
2026-01-20,JAYSREETEA,
2026-01-21,JAYSREETEA,
2026-01-22,JAYSREETEA,
2026-01-23,JAYSREETEA,
2026-01-27,JAYSREETEA,
2026-01-28,JAYSREETEA,
2026-01-29,JAYSREETEA,
2026-01-30,JAYSREETEA,
2026-02-02,JAYSREETEA,
2026-02-03,JAYSREETEA,
2026-02-04,JAYSREETEA,
2026-02-05,JAYSREETEA,
2026-02-06,JAYSREETEA,
2026-02-09,JAYSREETEA,
2026-02-10,JAYSREETEA,
2026-02-11,JAYSREETEA,
2026-02-12,JAYSREETEA,
2026-02-13,JAYSREETEA,
2026-02-16,JAYSREETEA,
2026-02-17,JAYSREETEA,
2026-02-18,JAYSREETEA,
2026-02-19,JAYSREETEA,
2026-02-20,JAYSREETEA,
2026-02-23,JAYSREETEA,
2026-02-24,JAYSREETEA,
2026-02-25,JAYSREETEA,
2026-02-26,JAYSREETEA,
2026-02-27,JAYSREETEA,
2026-03-02,JAYSREETEA,
2026-03-04,JAYSREETEA,
2026-03-05,JAYSREETEA,
2026-03-06,JAYSREETEA,
2026-03-09,JAYSREETEA,
2026-03-10,JAYSREETEA,
2026-03-11,JAYSREETEA,
2026-03-12,JAYSREETEA,
2026-03-13,JAYSREETEA,
2026-03-16,JAYSREETEA,
2026-03-17,JAYSREETEA,
2026-03-18,JAYSREETEA,
2026-03-19,JAYSREETEA,
2026-03-20,JAYSREETEA,
2026-03-23,JAYSREETEA,
2026-03-24,JAYSREETEA,
2026-03-25,JAYSREETEA,
2026-03-27,JAYSREETEA,
2026-03-30,JAYSREETEA,
2026-04-01,JAYSREETEA,
2026-04-02,JAYSREETEA,
2026-04-06,JAYSREETEA,
2026-04-07,JAYSREETEA,
2026-04-08,JAYSREETEA,
2026-04-09,JAYSREETEA,
2026-04-10,JAYSREETEA,
2026-04-13,JAYSREETEA,
2026-04-15,JAYSREETEA,
2026-04-16,JAYSREETEA,
2026-04-17,JAYSREETEA,
2026-04-20,JAYSREETEA,
2026-04-21,JAYSREETEA,
2026-04-22,JAYSREETEA,
2026-04-23,JAYSREETEA,
2026-04-24,JAYSREETEA,
2026-04-27,JAYSREETEA,
2026-04-28,JAYSREETEA,
2026-04-29,JAYSREETEA,
2026-04-30,JAYSREETEA,
2026-05-04,JAYSREETEA,
2026-05-05,JAYSREETEA,
2026-05-06,JAYSREETEA,
2026-05-07,JAYSREETEA,
2026-05-08,JAYSREETEA,
2026-05-11,JAYSREETEA,
2026-05-12,JAYSREETEA,
2026-05-13,JAYSREETEA,
2026-05-14,JAYSREETEA,
2026-05-15,JAYSREETEA,
2026-05-18,JAYSREETEA,
2026-05-19,JAYSREETEA,
2026-05-20,JAYSREETEA,
2026-05-21,JAYSREETEA,
2026-05-22,JAYSREETEA,
2026-05-25,JAYSREETEA,
2026-05-26,JAYSREETEA,
2026-05-27,JAYSREETEA,
2026-05-29,JAYSREETEA,
2026-06-01,JAYSREETEA,
2026-06-02,JAYSREETEA,
2026-06-03,JAYSREETEA,
2026-06-04,JAYSREETEA,
2026-06-05,JAYSREETEA,
2026-06-08,JAYSREETEA,
2026-06-09,JAYSREETEA,
2026-06-10,JAYSREETEA,
2026-06-11,JAYSREETEA,
2026-06-12,JAYSREETEA,
2026-06-15,JAYSREETEA,
2026-06-16,JAYSREETEA,
2026-06-17,JAYSREETEA,
2026-06-18,JAYSREETEA,
2026-06-19,JAYSREETEA,
2026-06-22,JAYSREETEA,
2026-06-23,JAYSREETEA,
2026-06-24,JAYSREETEA,
2026-06-25,JAYSREETEA,
2026-06-29,JAYSREETEA,
2026-06-30,JAYSREETEA,
2026-07-01,JAYSREETEA,
2026-07-02,JAYSREETEA,
2026-07-03,JAYSREETEA,
2026-07-06,JAYSREETEA,
2026-07-07,JAYSREETEA,
2026-07-08,JAYSREETEA,
2026-07-09,JAYSREETEA,
2026-07-10,JAYSREETEA,
2026-07-13,JAYSREETEA,
2026-07-14,JAYSREETEA,
2026-07-15,JAYSREETEA,
2026-07-16,JAYSREETEA,
2026-07-17,JAYSREETEA,
2026-07-20,JAYSREETEA,
2026-07-21,JAYSREETEA,
2026-07-22,JAYSREETEA,
2026-07-23,JAYSREETEA,
2026-07-24,JAYSREETEA,
2026-07-27,JAYSREETEA,
2026-07-28,JAYSREETEA,
2026-07-29,JAYSREETEA,
2026-07-30,JAYSREETEA,
2026-07-31,JAYSREETEA,
2026-08-03,JAYSREETEA,
2026-08-04,JAYSREETEA,
2026-08-05,JAYSREETEA,
2026-08-06,JAYSREETEA,
2026-08-07,JAYSREETEA,
2026-08-10,JAYSREETEA,
2026-08-11,JAYSREETEA,
2026-08-12,JAYSREETEA,
2026-08-13,JAYSREETEA,
2026-08-14,JAYSREETEA,
2026-08-17,JAYSREETEA,88.4824
2026-08-18,JAYSREETEA,88.4824
2026-08-19,JAYSREETEA,88.4824
2026-08-20,JAYSREETEA,88.4824
2026-08-21,JAYSREETEA,88.4824
2026-08-24,JAYSREETEA,88.4824
2026-08-25,JAYSREETEA,88.4824
2026-08-26,JAYSREETEA,88.4824
2026-08-27,JAYSREETEA,88.4824
2026-08-28,JAYSREETEA,88.4824
2026-08-31,JAYSREETEA,88.4824
2026-09-01,JAYSREETEA,88.4824
2026-09-02,JAYSREETEA,88.4824
2026-09-03,JAYSREETEA,88.4824
2026-09-04,JAYSREETEA,88.4824
2026-09-07,JAYSREETEA,88.4824
2026-09-08,JAYSREETEA,88.4824
2026-09-09,JAYSREETEA,88.4824
2026-09-10,JAYSREETEA,88.4824
2026-09-11,JAYSREETEA,88.4824
2025-08-29,JSL,
2025-09-01,JSL,
2025-09-02,JSL,
2025-09-03,JSL,
2025-09-04,JSL,
2025-09-05,JSL,
2025-09-08,JSL,
2025-09-09,JSL,
2025-09-10,JSL,
2025-09-11,JSL,
2025-09-12,JSL,
2025-09-15,JSL,
2025-09-16,JSL,
2025-09-17,JSL,
2025-09-18,JSL,
2025-09-19,JSL,
2025-09-22,JSL,
2025-09-23,JSL,
2025-09-24,JSL,
2025-09-25,JSL,
2025-09-26,JSL,
2025-09-29,JSL,
2025-09-30,JSL,
2025-10-01,JSL,
2025-10-03,JSL,
2025-10-06,JSL,
2025-10-07,JSL,
2025-10-08,JSL,
2025-10-09,JSL,
2025-10-10,JSL,
2025-10-13,JSL,
2025-10-14,JSL,
2025-10-15,JSL,
2025-10-16,JSL,
2025-10-17,JSL,
2025-10-20,JSL,
2025-10-21,JSL,
2025-10-23,JSL,
2025-10-24,JSL,
2025-10-27,JSL,
2025-10-28,JSL,
2025-10-29,JSL,
2025-10-30,JSL,
2025-10-31,JSL,
2025-11-03,JSL,
2025-11-04,JSL,
2025-11-06,JSL,
2025-11-07,JSL,
2025-11-10,JSL,
2025-11-11,JSL,
2025-11-12,JSL,
2025-11-13,JSL,
2025-11-14,JSL,
2025-11-17,JSL,
2025-11-18,JSL,
2025-11-19,JSL,
2025-11-20,JSL,
2025-11-21,JSL,
2025-11-24,JSL,
2025-11-25,JSL,
2025-11-26,JSL,
2025-11-27,JSL,
2025-11-28,JSL,
2025-12-01,JSL,
2025-12-02,JSL,
2025-12-03,JSL,
2025-12-04,JSL,
2025-12-05,JSL,
2025-12-08,JSL,
2025-12-09,JSL,
2025-12-10,JSL,
2025-12-11,JSL,
2025-12-12,JSL,
2025-12-15,JSL,
2025-12-16,JSL,
2025-12-17,JSL,
2025-12-18,JSL,
2025-12-19,JSL,
2025-12-22,JSL,
2025-12-23,JSL,
2025-12-24,JSL,
2025-12-26,JSL,
2025-12-29,JSL,
2025-12-30,JSL,
2025-12-31,JSL,
2026-01-01,JSL,
2026-01-02,JSL,
2026-01-05,JSL,
2026-01-06,JSL,
2026-01-07,JSL,
2026-01-08,JSL,
2026-01-09,JSL,
2026-01-12,JSL,
2026-01-13,JSL,
2026-01-14,JSL,
2026-01-16,JSL,
2026-01-19,JSL,
2026-01-20,JSL,
2026-01-21,JSL,
2026-01-22,JSL,
2026-01-23,JSL,
2026-01-27,JSL,
2026-01-28,JSL,
2026-01-29,JSL,
2026-01-30,JSL,
2026-02-02,JSL,
2026-02-03,JSL,
2026-02-04,JSL,
2026-02-05,JSL,
2026-02-06,JSL,
2026-02-09,JSL,
2026-02-10,JSL,
2026-02-11,JSL,
2026-02-12,JSL,
2026-02-13,JSL,
2026-02-16,JSL,
2026-02-17,JSL,
2026-02-18,JSL,
2026-02-19,JSL,
2026-02-20,JSL,
2026-02-23,JSL,
2026-02-24,JSL,
2026-02-25,JSL,
2026-02-26,JSL,
2026-02-27,JSL,
2026-03-02,JSL,
2026-03-04,JSL,
2026-03-05,JSL,
2026-03-06,JSL,
2026-03-09,JSL,
2026-03-10,JSL,
2026-03-11,JSL,
2026-03-12,JSL,
2026-03-13,JSL,
2026-03-16,JSL,
2026-03-17,JSL,
2026-03-18,JSL,
2026-03-19,JSL,
2026-03-20,JSL,
2026-03-23,JSL,
2026-03-24,JSL,
2026-03-25,JSL,
2026-03-27,JSL,
2026-03-30,JSL,
2026-04-01,JSL,
2026-04-02,JSL,
2026-04-06,JSL,
2026-04-07,JSL,
2026-04-08,JSL,
2026-04-09,JSL,
2026-04-10,JSL,
2026-04-13,JSL,
2026-04-15,JSL,
2026-04-16,JSL,
2026-04-17,JSL,
2026-04-20,JSL,
2026-04-21,JSL,
2026-04-22,JSL,
2026-04-23,JSL,
2026-04-24,JSL,
2026-04-27,JSL,
2026-04-28,JSL,
2026-04-29,JSL,
2026-04-30,JSL,
2026-05-04,JSL,
2026-05-05,JSL,
2026-05-06,JSL,
2026-05-07,JSL,
2026-05-08,JSL,
2026-05-11,JSL,
2026-05-12,JSL,
2026-05-13,JSL,
2026-05-14,JSL,
2026-05-15,JSL,
2026-05-18,JSL,
2026-05-19,JSL,
2026-05-20,JSL,
2026-05-21,JSL,
2026-05-22,JSL,
2026-05-25,JSL,
2026-05-26,JSL,
2026-05-27,JSL,
2026-05-29,JSL,
2026-06-01,JSL,
2026-06-02,JSL,
2026-06-03,JSL,
2026-06-04,JSL,
2026-06-05,JSL,
2026-06-08,JSL,
2026-06-09,JSL,
2026-06-10,JSL,
2026-06-11,JSL,
2026-06-12,JSL,
2026-06-15,JSL,
2026-06-16,JSL,
2026-06-17,JSL,
2026-06-18,JSL,
2026-06-19,JSL,
2026-06-22,JSL,
2026-06-23,JSL,
2026-06-24,JSL,
2026-06-25,JSL,
2026-06-29,JSL,
2026-06-30,JSL,
2026-07-01,JSL,
2026-07-02,JSL,
2026-07-03,JSL,
2026-07-06,JSL,
2026-07-07,JSL,
2026-07-08,JSL,
2026-07-09,JSL,
2026-07-10,JSL,
2026-07-13,JSL,
2026-07-14,JSL,
2026-07-15,JSL,
2026-07-16,JSL,
2026-07-17,JSL,
2026-07-20,JSL,
2026-07-21,JSL,
2026-07-22,JSL,
2026-07-23,JSL,
2026-07-24,JSL,
2026-07-27,JSL,
2026-07-28,JSL,
2026-07-29,JSL,
2026-07-30,JSL,
2026-07-31,JSL,
2026-08-03,JSL,
2026-08-04,JSL,
2026-08-05,JSL,
2026-08-06,JSL,
2026-08-07,JSL,
2026-08-10,JSL,
2026-08-11,JSL,
2026-08-12,JSL,
2026-08-13,JSL,
2026-08-14,JSL,
2026-08-17,JSL,
2026-08-18,JSL,
2026-08-19,JSL,
2026-08-20,JSL,
2026-08-21,JSL,
2026-08-24,JSL,
2026-08-25,JSL,
2026-08-26,JSL,
2026-08-27,JSL,
2026-08-28,JSL,
2026-08-31,JSL,
2026-09-01,JSL,
2026-09-02,JSL,
2026-09-03,JSL,
2026-09-04,JSL,739.3428
2026-09-07,JSL,739.3428
2026-09-08,JSL,739.3428
2026-09-09,JSL,739.3428
2026-09-10,JSL,739.3428
2026-09-11,JSL,739.3428
2025-08-29,LIBAS,
2025-09-01,LIBAS,
2025-09-02,LIBAS,
2025-09-03,LIBAS,
2025-09-04,LIBAS,
2025-09-05,LIBAS,
2025-09-08,LIBAS,
2025-09-09,LIBAS,
2025-09-10,LIBAS,
2025-09-11,LIBAS,
2025-09-12,LIBAS,
2025-09-15,LIBAS,
2025-09-16,LIBAS,
2025-09-17,LIBAS,
2025-09-18,LIBAS,
2025-09-19,LIBAS,
2025-09-22,LIBAS,
2025-09-23,LIBAS,
2025-09-24,LIBAS,
2025-09-25,LIBAS,
2025-09-26,LIBAS,
2025-09-29,LIBAS,
2025-09-30,LIBAS,
2025-10-01,LIBAS,
2025-10-03,LIBAS,
2025-10-06,LIBAS,
2025-10-07,LIBAS,
2025-10-08,LIBAS,
2025-10-09,LIBAS,
2025-10-10,LIBAS,
2025-10-13,LIBAS,
2025-10-14,LIBAS,
2025-10-15,LIBAS,
2025-10-16,LIBAS,
2025-10-17,LIBAS,
2025-10-20,LIBAS,
2025-10-21,LIBAS,
2025-10-23,LIBAS,
2025-10-24,LIBAS,
2025-10-27,LIBAS,
2025-10-28,LIBAS,
2025-10-29,LIBAS,
2025-10-30,LIBAS,
2025-10-31,LIBAS,
2025-11-03,LIBAS,
2025-11-04,LIBAS,
2025-11-06,LIBAS,
2025-11-07,LIBAS,
2025-11-10,LIBAS,
2025-11-11,LIBAS,
2025-11-12,LIBAS,
2025-11-13,LIBAS,
2025-11-14,LIBAS,
2025-11-17,LIBAS,
2025-11-18,LIBAS,
2025-11-19,LIBAS,
2025-11-20,LIBAS,
2025-11-21,LIBAS,
2025-11-24,LIBAS,
2025-11-25,LIBAS,
2025-11-26,LIBAS,
2025-11-27,LIBAS,
2025-11-28,LIBAS,
2025-12-01,LIBAS,
2025-12-02,LIBAS,
2025-12-03,LIBAS,
2025-12-04,LIBAS,
2025-12-05,LIBAS,
2025-12-08,LIBAS,
2025-12-09,LIBAS,
2025-12-10,LIBAS,
2025-12-11,LIBAS,
2025-12-12,LIBAS,
2025-12-15,LIBAS,
2025-12-16,LIBAS,
2025-12-17,LIBAS,
2025-12-18,LIBAS,
2025-12-19,LIBAS,
2025-12-22,LIBAS,
2025-12-23,LIBAS,
2025-12-24,LIBAS,
2025-12-26,LIBAS,
2025-12-29,LIBAS,
2025-12-30,LIBAS,
2025-12-31,LIBAS,
2026-01-01,LIBAS,
2026-01-02,LIBAS,
2026-01-05,LIBAS,
2026-01-06,LIBAS,
2026-01-07,LIBAS,
2026-01-08,LIBAS,
2026-01-09,LIBAS,
2026-01-12,LIBAS,
2026-01-13,LIBAS,
2026-01-14,LIBAS,
2026-01-16,LIBAS,
2026-01-19,LIBAS,
2026-01-20,LIBAS,
2026-01-21,LIBAS,
2026-01-22,LIBAS,
2026-01-23,LIBAS,
2026-01-27,LIBAS,
2026-01-28,LIBAS,
2026-01-29,LIBAS,
2026-01-30,LIBAS,
2026-02-02,LIBAS,
2026-02-03,LIBAS,
2026-02-04,LIBAS,
2026-02-05,LIBAS,
2026-02-06,LIBAS,
2026-02-09,LIBAS,
2026-02-10,LIBAS,
2026-02-11,LIBAS,
2026-02-12,LIBAS,
2026-02-13,LIBAS,
2026-02-16,LIBAS,
2026-02-17,LIBAS,
2026-02-18,LIBAS,
2026-02-19,LIBAS,
2026-02-20,LIBAS,
2026-02-23,LIBAS,
2026-02-24,LIBAS,
2026-02-25,LIBAS,
2026-02-26,LIBAS,
2026-02-27,LIBAS,
2026-03-02,LIBAS,
2026-03-04,LIBAS,
2026-03-05,LIBAS,
2026-03-06,LIBAS,
2026-03-09,LIBAS,
2026-03-10,LIBAS,
2026-03-11,LIBAS,
2026-03-12,LIBAS,
2026-03-13,LIBAS,
2026-03-16,LIBAS,
2026-03-17,LIBAS,
2026-03-18,LIBAS,
2026-03-19,LIBAS,
2026-03-20,LIBAS,
2026-03-23,LIBAS,
2026-03-24,LIBAS,
2026-03-25,LIBAS,
2026-03-27,LIBAS,
2026-03-30,LIBAS,
2026-04-01,LIBAS,
2026-04-02,LIBAS,
2026-04-06,LIBAS,
2026-04-07,LIBAS,
2026-04-08,LIBAS,
2026-04-09,LIBAS,
2026-04-10,LIBAS,
2026-04-13,LIBAS,
2026-04-15,LIBAS,
2026-04-16,LIBAS,
2026-04-17,LIBAS,
2026-04-20,LIBAS,
2026-04-21,LIBAS,
2026-04-22,LIBAS,
2026-04-23,LIBAS,
2026-04-24,LIBAS,
2026-04-27,LIBAS,
2026-04-28,LIBAS,
2026-04-29,LIBAS,
2026-04-30,LIBAS,
2026-05-04,LIBAS,
2026-05-05,LIBAS,
2026-05-06,LIBAS,
2026-05-07,LIBAS,
2026-05-08,LIBAS,
2026-05-11,LIBAS,
2026-05-12,LIBAS,
2026-05-13,LIBAS,
2026-05-14,LIBAS,
2026-05-15,LIBAS,
2026-05-18,LIBAS,
2026-05-19,LIBAS,
2026-05-20,LIBAS,
2026-05-21,LIBAS,
2026-05-22,LIBAS,
2026-05-25,LIBAS,
2026-05-26,LIBAS,
2026-05-27,LIBAS,
2026-05-29,LIBAS,
2026-06-01,LIBAS,
2026-06-02,LIBAS,
2026-06-03,LIBAS,
2026-06-04,LIBAS,
2026-06-05,LIBAS,
2026-06-08,LIBAS,
2026-06-09,LIBAS,
2026-06-10,LIBAS,
2026-06-11,LIBAS,
2026-06-12,LIBAS,
2026-06-15,LIBAS,
2026-06-16,LIBAS,
2026-06-17,LIBAS,
2026-06-18,LIBAS,
2026-06-19,LIBAS,
2026-06-22,LIBAS,
2026-06-23,LIBAS,
2026-06-24,LIBAS,
2026-06-25,LIBAS,
2026-06-29,LIBAS,
2026-06-30,LIBAS,
2026-07-01,LIBAS,
2026-07-02,LIBAS,
2026-07-03,LIBAS,
2026-07-06,LIBAS,
2026-07-07,LIBAS,
2026-07-08,LIBAS,
2026-07-09,LIBAS,
2026-07-10,LIBAS,
2026-07-13,LIBAS,
2026-07-14,LIBAS,
2026-07-15,LIBAS,
2026-07-16,LIBAS,
2026-07-17,LIBAS,
2026-07-20,LIBAS,
2026-07-21,LIBAS,
2026-07-22,LIBAS,
2026-07-23,LIBAS,
2026-07-24,LIBAS,
2026-07-27,LIBAS,
2026-07-28,LIBAS,
2026-07-29,LIBAS,
2026-07-30,LIBAS,
2026-07-31,LIBAS,
2026-08-03,LIBAS,
2026-08-04,LIBAS,
2026-08-05,LIBAS,
2026-08-06,LIBAS,
2026-08-07,LIBAS,
2026-08-10,LIBAS,
2026-08-11,LIBAS,
2026-08-12,LIBAS,
2026-08-13,LIBAS,
2026-08-14,LIBAS,
2026-08-17,LIBAS,
2026-08-18,LIBAS,
2026-08-19,LIBAS,
2026-08-20,LIBAS,
2026-08-21,LIBAS,10.0197
2026-08-24,LIBAS,10.043
2026-08-25,LIBAS,10.043
2026-08-26,LIBAS,10.043
2026-08-27,LIBAS,10.6144
2026-08-28,LIBAS,10.6144
2026-08-31,LIBAS,10.7267
2026-09-01,LIBAS,10.7267
2026-09-02,LIBAS,10.7231
2026-09-03,LIBAS,10.7231
2026-09-04,LIBAS,10.7231
2026-09-07,LIBAS,10.7231
2026-09-08,LIBAS,10.7231
2026-09-09,LIBAS,10.7231
2026-09-10,LIBAS,10.7231
2026-09-11,LIBAS,10.7231
2025-08-29,LIBERTSHOE,
2025-09-01,LIBERTSHOE,
2025-09-02,LIBERTSHOE,
2025-09-03,LIBERTSHOE,
2025-09-04,LIBERTSHOE,
2025-09-05,LIBERTSHOE,
2025-09-08,LIBERTSHOE,
2025-09-09,LIBERTSHOE,
2025-09-10,LIBERTSHOE,
2025-09-11,LIBERTSHOE,
2025-09-12,LIBERTSHOE,
2025-09-15,LIBERTSHOE,
2025-09-16,LIBERTSHOE,
2025-09-17,LIBERTSHOE,
2025-09-18,LIBERTSHOE,
2025-09-19,LIBERTSHOE,
2025-09-22,LIBERTSHOE,
2025-09-23,LIBERTSHOE,
2025-09-24,LIBERTSHOE,
2025-09-25,LIBERTSHOE,
2025-09-26,LIBERTSHOE,
2025-09-29,LIBERTSHOE,
2025-09-30,LIBERTSHOE,
2025-10-01,LIBERTSHOE,
2025-10-03,LIBERTSHOE,
2025-10-06,LIBERTSHOE,
2025-10-07,LIBERTSHOE,
2025-10-08,LIBERTSHOE,
2025-10-09,LIBERTSHOE,
2025-10-10,LIBERTSHOE,
2025-10-13,LIBERTSHOE,
2025-10-14,LIBERTSHOE,
2025-10-15,LIBERTSHOE,
2025-10-16,LIBERTSHOE,
2025-10-17,LIBERTSHOE,
2025-10-20,LIBERTSHOE,
2025-10-21,LIBERTSHOE,
2025-10-23,LIBERTSHOE,
2025-10-24,LIBERTSHOE,
2025-10-27,LIBERTSHOE,
2025-10-28,LIBERTSHOE,
2025-10-29,LIBERTSHOE,
2025-10-30,LIBERTSHOE,
2025-10-31,LIBERTSHOE,
2025-11-03,LIBERTSHOE,
2025-11-04,LIBERTSHOE,
2025-11-06,LIBERTSHOE,
2025-11-07,LIBERTSHOE,
2025-11-10,LIBERTSHOE,
2025-11-11,LIBERTSHOE,
2025-11-12,LIBERTSHOE,
2025-11-13,LIBERTSHOE,
2025-11-14,LIBERTSHOE,
2025-11-17,LIBERTSHOE,
2025-11-18,LIBERTSHOE,
2025-11-19,LIBERTSHOE,
2025-11-20,LIBERTSHOE,
2025-11-21,LIBERTSHOE,
2025-11-24,LIBERTSHOE,
2025-11-25,LIBERTSHOE,
2025-11-26,LIBERTSHOE,
2025-11-27,LIBERTSHOE,
2025-11-28,LIBERTSHOE,
2025-12-01,LIBERTSHOE,
2025-12-02,LIBERTSHOE,
2025-12-03,LIBERTSHOE,
2025-12-04,LIBERTSHOE,
2025-12-05,LIBERTSHOE,
2025-12-08,LIBERTSHOE,
2025-12-09,LIBERTSHOE,
2025-12-10,LIBERTSHOE,
2025-12-11,LIBERTSHOE,
2025-12-12,LIBERTSHOE,
2025-12-15,LIBERTSHOE,
2025-12-16,LIBERTSHOE,
2025-12-17,LIBERTSHOE,
2025-12-18,LIBERTSHOE,
2025-12-19,LIBERTSHOE,
2025-12-22,LIBERTSHOE,
2025-12-23,LIBERTSHOE,
2025-12-24,LIBERTSHOE,
2025-12-26,LIBERTSHOE,
2025-12-29,LIBERTSHOE,
2025-12-30,LIBERTSHOE,
2025-12-31,LIBERTSHOE,
2026-01-01,LIBERTSHOE,
2026-01-02,LIBERTSHOE,
2026-01-05,LIBERTSHOE,
2026-01-06,LIBERTSHOE,
2026-01-07,LIBERTSHOE,
2026-01-08,LIBERTSHOE,
2026-01-09,LIBERTSHOE,
2026-01-12,LIBERTSHOE,
2026-01-13,LIBERTSHOE,
2026-01-14,LIBERTSHOE,
2026-01-16,LIBERTSHOE,
2026-01-19,LIBERTSHOE,
2026-01-20,LIBERTSHOE,
2026-01-21,LIBERTSHOE,
2026-01-22,LIBERTSHOE,
2026-01-23,LIBERTSHOE,
2026-01-27,LIBERTSHOE,
2026-01-28,LIBERTSHOE,
2026-01-29,LIBERTSHOE,
2026-01-30,LIBERTSHOE,
2026-02-02,LIBERTSHOE,
2026-02-03,LIBERTSHOE,
2026-02-04,LIBERTSHOE,
2026-02-05,LIBERTSHOE,
2026-02-06,LIBERTSHOE,
2026-02-09,LIBERTSHOE,
2026-02-10,LIBERTSHOE,
2026-02-11,LIBERTSHOE,
2026-02-12,LIBERTSHOE,
2026-02-13,LIBERTSHOE,
2026-02-16,LIBERTSHOE,
2026-02-17,LIBERTSHOE,
2026-02-18,LIBERTSHOE,
2026-02-19,LIBERTSHOE,
2026-02-20,LIBERTSHOE,
2026-02-23,LIBERTSHOE,
2026-02-24,LIBERTSHOE,
2026-02-25,LIBERTSHOE,
2026-02-26,LIBERTSHOE,
2026-02-27,LIBERTSHOE,
2026-03-02,LIBERTSHOE,
2026-03-04,LIBERTSHOE,
2026-03-05,LIBERTSHOE,
2026-03-06,LIBERTSHOE,
2026-03-09,LIBERTSHOE,
2026-03-10,LIBERTSHOE,
2026-03-11,LIBERTSHOE,
2026-03-12,LIBERTSHOE,
2026-03-13,LIBERTSHOE,
2026-03-16,LIBERTSHOE,
2026-03-17,LIBERTSHOE,
2026-03-18,LIBERTSHOE,
2026-03-19,LIBERTSHOE,
2026-03-20,LIBERTSHOE,
2026-03-23,LIBERTSHOE,
2026-03-24,LIBERTSHOE,
2026-03-25,LIBERTSHOE,
2026-03-27,LIBERTSHOE,
2026-03-30,LIBERTSHOE,
2026-04-01,LIBERTSHOE,
2026-04-02,LIBERTSHOE,
2026-04-06,LIBERTSHOE,
2026-04-07,LIBERTSHOE,
2026-04-08,LIBERTSHOE,
2026-04-09,LIBERTSHOE,
2026-04-10,LIBERTSHOE,
2026-04-13,LIBERTSHOE,
2026-04-15,LIBERTSHOE,
2026-04-16,LIBERTSHOE,
2026-04-17,LIBERTSHOE,
2026-04-20,LIBERTSHOE,
2026-04-21,LIBERTSHOE,
2026-04-22,LIBERTSHOE,
2026-04-23,LIBERTSHOE,
2026-04-24,LIBERTSHOE,
2026-04-27,LIBERTSHOE,
2026-04-28,LIBERTSHOE,
2026-04-29,LIBERTSHOE,
2026-04-30,LIBERTSHOE,
2026-05-04,LIBERTSHOE,
2026-05-05,LIBERTSHOE,
2026-05-06,LIBERTSHOE,
2026-05-07,LIBERTSHOE,
2026-05-08,LIBERTSHOE,
2026-05-11,LIBERTSHOE,
2026-05-12,LIBERTSHOE,
2026-05-13,LIBERTSHOE,
2026-05-14,LIBERTSHOE,
2026-05-15,LIBERTSHOE,
2026-05-18,LIBERTSHOE,
2026-05-19,LIBERTSHOE,
2026-05-20,LIBERTSHOE,
2026-05-21,LIBERTSHOE,
2026-05-22,LIBERTSHOE,
2026-05-25,LIBERTSHOE,
2026-05-26,LIBERTSHOE,
2026-05-27,LIBERTSHOE,
2026-05-29,LIBERTSHOE,
2026-06-01,LIBERTSHOE,
2026-06-02,LIBERTSHOE,
2026-06-03,LIBERTSHOE,
2026-06-04,LIBERTSHOE,
2026-06-05,LIBERTSHOE,
2026-06-08,LIBERTSHOE,
2026-06-09,LIBERTSHOE,
2026-06-10,LIBERTSHOE,
2026-06-11,LIBERTSHOE,
2026-06-12,LIBERTSHOE,
2026-06-15,LIBERTSHOE,
2026-06-16,LIBERTSHOE,
2026-06-17,LIBERTSHOE,
2026-06-18,LIBERTSHOE,
2026-06-19,LIBERTSHOE,
2026-06-22,LIBERTSHOE,
2026-06-23,LIBERTSHOE,
2026-06-24,LIBERTSHOE,
2026-06-25,LIBERTSHOE,
2026-06-29,LIBERTSHOE,
2026-06-30,LIBERTSHOE,269.9299
2026-07-01,LIBERTSHOE,269.9299
2026-07-02,LIBERTSHOE,269.9299
2026-07-03,LIBERTSHOE,269.9299
2026-07-06,LIBERTSHOE,269.9299
2026-07-07,LIBERTSHOE,269.9299
2026-07-08,LIBERTSHOE,269.9299
2026-07-09,LIBERTSHOE,269.9299
2026-07-10,LIBERTSHOE,269.9299
2026-07-13,LIBERTSHOE,269.9299
2026-07-14,LIBERTSHOE,269.9299
2026-07-15,LIBERTSHOE,269.9299
2026-07-16,LIBERTSHOE,269.9299
2026-07-17,LIBERTSHOE,269.9299
2026-07-20,LIBERTSHOE,269.9299
2026-07-21,LIBERTSHOE,269.9299
2026-07-22,LIBERTSHOE,269.9299
2026-07-23,LIBERTSHOE,269.9299
2026-07-24,LIBERTSHOE,269.9299
2026-07-27,LIBERTSHOE,269.9299
2026-07-28,LIBERTSHOE,269.9299
2026-07-29,LIBERTSHOE,269.9299
2026-07-30,LIBERTSHOE,269.9299
2026-07-31,LIBERTSHOE,269.9299
2026-08-03,LIBERTSHOE,269.9299
2026-08-04,LIBERTSHOE,269.9299
2026-08-05,LIBERTSHOE,269.9299
2026-08-06,LIBERTSHOE,269.9299
2026-08-07,LIBERTSHOE,269.9299
2026-08-10,LIBERTSHOE,269.9299
2026-08-11,LIBERTSHOE,269.9299
2026-08-12,LIBERTSHOE,269.9299
2026-08-13,LIBERTSHOE,269.9299
2026-08-14,LIBERTSHOE,269.9299
2026-08-17,LIBERTSHOE,258.6578
2026-08-18,LIBERTSHOE,257.0504
2026-08-19,LIBERTSHOE,256.6107
2026-08-20,LIBERTSHOE,256.6107
2026-08-21,LIBERTSHOE,256.6107
2026-08-24,LIBERTSHOE,256.6107
2026-08-25,LIBERTSHOE,256.6107
2026-08-26,LIBERTSHOE,256.6107
2026-08-27,LIBERTSHOE,256.6107
2026-08-28,LIBERTSHOE,256.6107
2026-08-31,LIBERTSHOE,256.6107
2026-09-01,LIBERTSHOE,256.6107
2026-09-02,LIBERTSHOE,256.6107
2026-09-03,LIBERTSHOE,256.6107
2026-09-04,LIBERTSHOE,256.6107
2026-09-07,LIBERTSHOE,256.6107
2026-09-08,LIBERTSHOE,256.6107
2026-09-09,LIBERTSHOE,256.6107
2026-09-10,LIBERTSHOE,256.6107
2026-09-11,LIBERTSHOE,256.6107
2025-08-29,LYKALABS,
2025-09-01,LYKALABS,
2025-09-02,LYKALABS,
2025-09-03,LYKALABS,
2025-09-04,LYKALABS,
2025-09-05,LYKALABS,
2025-09-08,LYKALABS,
2025-09-09,LYKALABS,
2025-09-10,LYKALABS,
2025-09-11,LYKALABS,
2025-09-12,LYKALABS,
2025-09-15,LYKALABS,
2025-09-16,LYKALABS,
2025-09-17,LYKALABS,
2025-09-18,LYKALABS,
2025-09-19,LYKALABS,
2025-09-22,LYKALABS,
2025-09-23,LYKALABS,
2025-09-24,LYKALABS,
2025-09-25,LYKALABS,
2025-09-26,LYKALABS,
2025-09-29,LYKALABS,
2025-09-30,LYKALABS,
2025-10-01,LYKALABS,
2025-10-03,LYKALABS,
2025-10-06,LYKALABS,
2025-10-07,LYKALABS,
2025-10-08,LYKALABS,
2025-10-09,LYKALABS,
2025-10-10,LYKALABS,
2025-10-13,LYKALABS,
2025-10-14,LYKALABS,
2025-10-15,LYKALABS,
2025-10-16,LYKALABS,
2025-10-17,LYKALABS,
2025-10-20,LYKALABS,
2025-10-21,LYKALABS,
2025-10-23,LYKALABS,
2025-10-24,LYKALABS,
2025-10-27,LYKALABS,
2025-10-28,LYKALABS,
2025-10-29,LYKALABS,
2025-10-30,LYKALABS,
2025-10-31,LYKALABS,
2025-11-03,LYKALABS,
2025-11-04,LYKALABS,
2025-11-06,LYKALABS,
2025-11-07,LYKALABS,
2025-11-10,LYKALABS,
2025-11-11,LYKALABS,
2025-11-12,LYKALABS,
2025-11-13,LYKALABS,
2025-11-14,LYKALABS,
2025-11-17,LYKALABS,
2025-11-18,LYKALABS,
2025-11-19,LYKALABS,
2025-11-20,LYKALABS,
2025-11-21,LYKALABS,
2025-11-24,LYKALABS,
2025-11-25,LYKALABS,
2025-11-26,LYKALABS,
2025-11-27,LYKALABS,
2025-11-28,LYKALABS,
2025-12-01,LYKALABS,
2025-12-02,LYKALABS,
2025-12-03,LYKALABS,
2025-12-04,LYKALABS,
2025-12-05,LYKALABS,
2025-12-08,LYKALABS,
2025-12-09,LYKALABS,
2025-12-10,LYKALABS,
2025-12-11,LYKALABS,
2025-12-12,LYKALABS,
2025-12-15,LYKALABS,
2025-12-16,LYKALABS,
2025-12-17,LYKALABS,
2025-12-18,LYKALABS,
2025-12-19,LYKALABS,
2025-12-22,LYKALABS,
2025-12-23,LYKALABS,
2025-12-24,LYKALABS,
2025-12-26,LYKALABS,
2025-12-29,LYKALABS,
2025-12-30,LYKALABS,
2025-12-31,LYKALABS,
2026-01-01,LYKALABS,
2026-01-02,LYKALABS,
2026-01-05,LYKALABS,
2026-01-06,LYKALABS,
2026-01-07,LYKALABS,
2026-01-08,LYKALABS,
2026-01-09,LYKALABS,
2026-01-12,LYKALABS,
2026-01-13,LYKALABS,
2026-01-14,LYKALABS,
2026-01-16,LYKALABS,
2026-01-19,LYKALABS,
2026-01-20,LYKALABS,
2026-01-21,LYKALABS,
2026-01-22,LYKALABS,
2026-01-23,LYKALABS,
2026-01-27,LYKALABS,
2026-01-28,LYKALABS,
2026-01-29,LYKALABS,
2026-01-30,LYKALABS,
2026-02-02,LYKALABS,
2026-02-03,LYKALABS,
2026-02-04,LYKALABS,
2026-02-05,LYKALABS,
2026-02-06,LYKALABS,
2026-02-09,LYKALABS,
2026-02-10,LYKALABS,
2026-02-11,LYKALABS,
2026-02-12,LYKALABS,
2026-02-13,LYKALABS,
2026-02-16,LYKALABS,
2026-02-17,LYKALABS,
2026-02-18,LYKALABS,
2026-02-19,LYKALABS,
2026-02-20,LYKALABS,
2026-02-23,LYKALABS,
2026-02-24,LYKALABS,
2026-02-25,LYKALABS,
2026-02-26,LYKALABS,
2026-02-27,LYKALABS,
2026-03-02,LYKALABS,
2026-03-04,LYKALABS,
2026-03-05,LYKALABS,
2026-03-06,LYKALABS,
2026-03-09,LYKALABS,
2026-03-10,LYKALABS,
2026-03-11,LYKALABS,
2026-03-12,LYKALABS,
2026-03-13,LYKALABS,
2026-03-16,LYKALABS,
2026-03-17,LYKALABS,
2026-03-18,LYKALABS,
2026-03-19,LYKALABS,
2026-03-20,LYKALABS,
2026-03-23,LYKALABS,
2026-03-24,LYKALABS,
2026-03-25,LYKALABS,
2026-03-27,LYKALABS,
2026-03-30,LYKALABS,
2026-04-01,LYKALABS,
2026-04-02,LYKALABS,
2026-04-06,LYKALABS,
2026-04-07,LYKALABS,
2026-04-08,LYKALABS,
2026-04-09,LYKALABS,
2026-04-10,LYKALABS,
2026-04-13,LYKALABS,
2026-04-15,LYKALABS,
2026-04-16,LYKALABS,
2026-04-17,LYKALABS,
2026-04-20,LYKALABS,
2026-04-21,LYKALABS,
2026-04-22,LYKALABS,
2026-04-23,LYKALABS,
2026-04-24,LYKALABS,
2026-04-27,LYKALABS,
2026-04-28,LYKALABS,
2026-04-29,LYKALABS,
2026-04-30,LYKALABS,
2026-05-04,LYKALABS,
2026-05-05,LYKALABS,
2026-05-06,LYKALABS,
2026-05-07,LYKALABS,
2026-05-08,LYKALABS,
2026-05-11,LYKALABS,
2026-05-12,LYKALABS,
2026-05-13,LYKALABS,
2026-05-14,LYKALABS,
2026-05-15,LYKALABS,
2026-05-18,LYKALABS,
2026-05-19,LYKALABS,
2026-05-20,LYKALABS,
2026-05-21,LYKALABS,
2026-05-22,LYKALABS,
2026-05-25,LYKALABS,
2026-05-26,LYKALABS,
2026-05-27,LYKALABS,
2026-05-29,LYKALABS,
2026-06-01,LYKALABS,
2026-06-02,LYKALABS,
2026-06-03,LYKALABS,
2026-06-04,LYKALABS,
2026-06-05,LYKALABS,
2026-06-08,LYKALABS,
2026-06-09,LYKALABS,
2026-06-10,LYKALABS,
2026-06-11,LYKALABS,
2026-06-12,LYKALABS,
2026-06-15,LYKALABS,
2026-06-16,LYKALABS,
2026-06-17,LYKALABS,
2026-06-18,LYKALABS,
2026-06-19,LYKALABS,
2026-06-22,LYKALABS,
2026-06-23,LYKALABS,
2026-06-24,LYKALABS,70.1871
2026-06-25,LYKALABS,70.5213
2026-06-29,LYKALABS,70.8138
2026-06-30,LYKALABS,70.8138
2026-07-01,LYKALABS,70.8138
2026-07-02,LYKALABS,70.8138
2026-07-03,LYKALABS,70.8138
2026-07-06,LYKALABS,70.8138
2026-07-07,LYKALABS,70.8138
2026-07-08,LYKALABS,70.8138
2026-07-09,LYKALABS,70.8138
2026-07-10,LYKALABS,70.8138
2026-07-13,LYKALABS,70.8138
2026-07-14,LYKALABS,70.8138
2026-07-15,LYKALABS,70.8138
2026-07-16,LYKALABS,70.8138
2026-07-17,LYKALABS,70.8138
2026-07-20,LYKALABS,70.8138
2026-07-21,LYKALABS,70.8138
2026-07-22,LYKALABS,70.8138
2026-07-23,LYKALABS,70.8138
2026-07-24,LYKALABS,70.8138
2026-07-27,LYKALABS,70.8138
2026-07-28,LYKALABS,70.8138
2026-07-29,LYKALABS,70.8138
2026-07-30,LYKALABS,70.8138
2026-07-31,LYKALABS,70.8138
2026-08-03,LYKALABS,70.8138
2026-08-04,LYKALABS,70.8138
2026-08-05,LYKALABS,70.8138
2026-08-06,LYKALABS,70.8138
2026-08-07,LYKALABS,70.8138
2026-08-10,LYKALABS,70.8138
2026-08-11,LYKALABS,70.8138
2026-08-12,LYKALABS,70.8138
2026-08-13,LYKALABS,70.8138
2026-08-14,LYKALABS,70.8138
2026-08-17,LYKALABS,70.8138
2026-08-18,LYKALABS,70.8138
2026-08-19,LYKALABS,70.8138
2026-08-20,LYKALABS,70.8138
2026-08-21,LYKALABS,70.8138
2026-08-24,LYKALABS,70.8138
2026-08-25,LYKALABS,70.8138
2026-08-26,LYKALABS,70.8138
2026-08-27,LYKALABS,70.8138
2026-08-28,LYKALABS,70.8138
2026-08-31,LYKALABS,70.8138
2026-09-01,LYKALABS,70.8138
2026-09-02,LYKALABS,70.8138
2026-09-03,LYKALABS,70.8138
2026-09-04,LYKALABS,70.8138
2026-09-07,LYKALABS,70.8138
2026-09-08,LYKALABS,70.8138
2026-09-09,LYKALABS,70.8138
2026-09-10,LYKALABS,70.8138
2026-09-11,LYKALABS,70.8138
2025-08-29,MANINFRA,
2025-09-01,MANINFRA,
2025-09-02,MANINFRA,
2025-09-03,MANINFRA,
2025-09-04,MANINFRA,
2025-09-05,MANINFRA,
2025-09-08,MANINFRA,
2025-09-09,MANINFRA,
2025-09-10,MANINFRA,
2025-09-11,MANINFRA,
2025-09-12,MANINFRA,
2025-09-15,MANINFRA,
2025-09-16,MANINFRA,
2025-09-17,MANINFRA,
2025-09-18,MANINFRA,
2025-09-19,MANINFRA,
2025-09-22,MANINFRA,
2025-09-23,MANINFRA,
2025-09-24,MANINFRA,
2025-09-25,MANINFRA,
2025-09-26,MANINFRA,
2025-09-29,MANINFRA,
2025-09-30,MANINFRA,
2025-10-01,MANINFRA,
2025-10-03,MANINFRA,
2025-10-06,MANINFRA,
2025-10-07,MANINFRA,
2025-10-08,MANINFRA,
2025-10-09,MANINFRA,
2025-10-10,MANINFRA,
2025-10-13,MANINFRA,
2025-10-14,MANINFRA,
2025-10-15,MANINFRA,
2025-10-16,MANINFRA,
2025-10-17,MANINFRA,
2025-10-20,MANINFRA,
2025-10-21,MANINFRA,
2025-10-23,MANINFRA,
2025-10-24,MANINFRA,
2025-10-27,MANINFRA,
2025-10-28,MANINFRA,
2025-10-29,MANINFRA,
2025-10-30,MANINFRA,
2025-10-31,MANINFRA,
2025-11-03,MANINFRA,
2025-11-04,MANINFRA,
2025-11-06,MANINFRA,
2025-11-07,MANINFRA,
2025-11-10,MANINFRA,
2025-11-11,MANINFRA,
2025-11-12,MANINFRA,
2025-11-13,MANINFRA,
2025-11-14,MANINFRA,
2025-11-17,MANINFRA,
2025-11-18,MANINFRA,
2025-11-19,MANINFRA,
2025-11-20,MANINFRA,
2025-11-21,MANINFRA,
2025-11-24,MANINFRA,
2025-11-25,MANINFRA,
2025-11-26,MANINFRA,
2025-11-27,MANINFRA,
2025-11-28,MANINFRA,
2025-12-01,MANINFRA,
2025-12-02,MANINFRA,
2025-12-03,MANINFRA,
2025-12-04,MANINFRA,
2025-12-05,MANINFRA,
2025-12-08,MANINFRA,
2025-12-09,MANINFRA,
2025-12-10,MANINFRA,
2025-12-11,MANINFRA,
2025-12-12,MANINFRA,
2025-12-15,MANINFRA,
2025-12-16,MANINFRA,
2025-12-17,MANINFRA,
2025-12-18,MANINFRA,
2025-12-19,MANINFRA,
2025-12-22,MANINFRA,
2025-12-23,MANINFRA,
2025-12-24,MANINFRA,
2025-12-26,MANINFRA,
2025-12-29,MANINFRA,
2025-12-30,MANINFRA,
2025-12-31,MANINFRA,
2026-01-01,MANINFRA,
2026-01-02,MANINFRA,
2026-01-05,MANINFRA,
2026-01-06,MANINFRA,
2026-01-07,MANINFRA,
2026-01-08,MANINFRA,
2026-01-09,MANINFRA,
2026-01-12,MANINFRA,
2026-01-13,MANINFRA,
2026-01-14,MANINFRA,
2026-01-16,MANINFRA,
2026-01-19,MANINFRA,
2026-01-20,MANINFRA,
2026-01-21,MANINFRA,
2026-01-22,MANINFRA,
2026-01-23,MANINFRA,
2026-01-27,MANINFRA,
2026-01-28,MANINFRA,
2026-01-29,MANINFRA,
2026-01-30,MANINFRA,
2026-02-02,MANINFRA,
2026-02-03,MANINFRA,
2026-02-04,MANINFRA,
2026-02-05,MANINFRA,
2026-02-06,MANINFRA,
2026-02-09,MANINFRA,
2026-02-10,MANINFRA,
2026-02-11,MANINFRA,
2026-02-12,MANINFRA,
2026-02-13,MANINFRA,
2026-02-16,MANINFRA,
2026-02-17,MANINFRA,
2026-02-18,MANINFRA,
2026-02-19,MANINFRA,
2026-02-20,MANINFRA,
2026-02-23,MANINFRA,
2026-02-24,MANINFRA,
2026-02-25,MANINFRA,
2026-02-26,MANINFRA,
2026-02-27,MANINFRA,
2026-03-02,MANINFRA,
2026-03-04,MANINFRA,
2026-03-05,MANINFRA,
2026-03-06,MANINFRA,
2026-03-09,MANINFRA,
2026-03-10,MANINFRA,
2026-03-11,MANINFRA,
2026-03-12,MANINFRA,
2026-03-13,MANINFRA,
2026-03-16,MANINFRA,
2026-03-17,MANINFRA,
2026-03-18,MANINFRA,
2026-03-19,MANINFRA,
2026-03-20,MANINFRA,
2026-03-23,MANINFRA,
2026-03-24,MANINFRA,
2026-03-25,MANINFRA,
2026-03-27,MANINFRA,
2026-03-30,MANINFRA,
2026-04-01,MANINFRA,
2026-04-02,MANINFRA,
2026-04-06,MANINFRA,
2026-04-07,MANINFRA,
2026-04-08,MANINFRA,
2026-04-09,MANINFRA,
2026-04-10,MANINFRA,
2026-04-13,MANINFRA,
2026-04-15,MANINFRA,
2026-04-16,MANINFRA,
2026-04-17,MANINFRA,
2026-04-20,MANINFRA,
2026-04-21,MANINFRA,
2026-04-22,MANINFRA,
2026-04-23,MANINFRA,
2026-04-24,MANINFRA,
2026-04-27,MANINFRA,
2026-04-28,MANINFRA,
2026-04-29,MANINFRA,
2026-04-30,MANINFRA,
2026-05-04,MANINFRA,
2026-05-05,MANINFRA,
2026-05-06,MANINFRA,
2026-05-07,MANINFRA,
2026-05-08,MANINFRA,
2026-05-11,MANINFRA,
2026-05-12,MANINFRA,
2026-05-13,MANINFRA,
2026-05-14,MANINFRA,
2026-05-15,MANINFRA,
2026-05-18,MANINFRA,
2026-05-19,MANINFRA,
2026-05-20,MANINFRA,
2026-05-21,MANINFRA,
2026-05-22,MANINFRA,
2026-05-25,MANINFRA,
2026-05-26,MANINFRA,
2026-05-27,MANINFRA,
2026-05-29,MANINFRA,
2026-06-01,MANINFRA,
2026-06-02,MANINFRA,
2026-06-03,MANINFRA,
2026-06-04,MANINFRA,
2026-06-05,MANINFRA,
2026-06-08,MANINFRA,
2026-06-09,MANINFRA,
2026-06-10,MANINFRA,
2026-06-11,MANINFRA,
2026-06-12,MANINFRA,
2026-06-15,MANINFRA,
2026-06-16,MANINFRA,
2026-06-17,MANINFRA,
2026-06-18,MANINFRA,
2026-06-19,MANINFRA,
2026-06-22,MANINFRA,
2026-06-23,MANINFRA,
2026-06-24,MANINFRA,
2026-06-25,MANINFRA,105.19
2026-06-29,MANINFRA,105.19
2026-06-30,MANINFRA,105.19
2026-07-01,MANINFRA,105.19
2026-07-02,MANINFRA,105.19
2026-07-03,MANINFRA,105.19
2026-07-06,MANINFRA,105.19
2026-07-07,MANINFRA,105.19
2026-07-08,MANINFRA,105.19
2026-07-09,MANINFRA,105.19
2026-07-10,MANINFRA,105.19
2026-07-13,MANINFRA,105.19
2026-07-14,MANINFRA,105.19
2026-07-15,MANINFRA,105.19
2026-07-16,MANINFRA,105.19
2026-07-17,MANINFRA,105.19
2026-07-20,MANINFRA,105.19
2026-07-21,MANINFRA,105.19
2026-07-22,MANINFRA,105.19
2026-07-23,MANINFRA,105.19
2026-07-24,MANINFRA,105.19
2026-07-27,MANINFRA,105.19
2026-07-28,MANINFRA,105.19
2026-07-29,MANINFRA,105.19
2026-07-30,MANINFRA,105.19
2026-07-31,MANINFRA,105.19
2026-08-03,MANINFRA,105.19
2026-08-04,MANINFRA,105.19
2026-08-05,MANINFRA,105.19
2026-08-06,MANINFRA,105.19
2026-08-07,MANINFRA,105.19
2026-08-10,MANINFRA,105.19
2026-08-11,MANINFRA,105.19
2026-08-12,MANINFRA,105.19
2026-08-13,MANINFRA,105.19
2026-08-14,MANINFRA,105.19
2026-08-17,MANINFRA,105.19
2026-08-18,MANINFRA,105.19
2026-08-19,MANINFRA,105.19
2026-08-20,MANINFRA,105.19
2026-08-21,MANINFRA,105.19
2026-08-24,MANINFRA,105.19
2026-08-25,MANINFRA,105.19
2026-08-26,MANINFRA,105.19
2026-08-27,MANINFRA,105.19
2026-08-28,MANINFRA,105.19
2026-08-31,MANINFRA,105.19
2026-09-01,MANINFRA,105.19
2026-09-02,MANINFRA,105.19
2026-09-03,MANINFRA,105.19
2026-09-04,MANINFRA,105.19
2026-09-07,MANINFRA,105.19
2026-09-08,MANINFRA,105.19
2026-09-09,MANINFRA,105.19
2026-09-10,MANINFRA,105.19
2026-09-11,MANINFRA,105.19
2025-08-29,MBEL,
2025-09-01,MBEL,
2025-09-02,MBEL,
2025-09-03,MBEL,
2025-09-04,MBEL,
2025-09-05,MBEL,
2025-09-08,MBEL,
2025-09-09,MBEL,
2025-09-10,MBEL,
2025-09-11,MBEL,
2025-09-12,MBEL,
2025-09-15,MBEL,
2025-09-16,MBEL,
2025-09-17,MBEL,
2025-09-18,MBEL,
2025-09-19,MBEL,
2025-09-22,MBEL,
2025-09-23,MBEL,
2025-09-24,MBEL,
2025-09-25,MBEL,
2025-09-26,MBEL,
2025-09-29,MBEL,
2025-09-30,MBEL,
2025-10-01,MBEL,
2025-10-03,MBEL,
2025-10-06,MBEL,
2025-10-07,MBEL,
2025-10-08,MBEL,
2025-10-09,MBEL,
2025-10-10,MBEL,
2025-10-13,MBEL,
2025-10-14,MBEL,
2025-10-15,MBEL,
2025-10-16,MBEL,
2025-10-17,MBEL,
2025-10-20,MBEL,
2025-10-21,MBEL,
2025-10-23,MBEL,
2025-10-24,MBEL,
2025-10-27,MBEL,
2025-10-28,MBEL,
2025-10-29,MBEL,
2025-10-30,MBEL,
2025-10-31,MBEL,
2025-11-03,MBEL,
2025-11-04,MBEL,
2025-11-06,MBEL,
2025-11-07,MBEL,
2025-11-10,MBEL,
2025-11-11,MBEL,
2025-11-12,MBEL,
2025-11-13,MBEL,
2025-11-14,MBEL,
2025-11-17,MBEL,
2025-11-18,MBEL,
2025-11-19,MBEL,
2025-11-20,MBEL,
2025-11-21,MBEL,
2025-11-24,MBEL,
2025-11-25,MBEL,
2025-11-26,MBEL,
2025-11-27,MBEL,
2025-11-28,MBEL,
2025-12-01,MBEL,
2025-12-02,MBEL,
2025-12-03,MBEL,
2025-12-04,MBEL,
2025-12-05,MBEL,
2025-12-08,MBEL,
2025-12-09,MBEL,
2025-12-10,MBEL,
2025-12-11,MBEL,
2025-12-12,MBEL,
2025-12-15,MBEL,
2025-12-16,MBEL,
2025-12-17,MBEL,
2025-12-18,MBEL,
2025-12-19,MBEL,
2025-12-22,MBEL,
2025-12-23,MBEL,
2025-12-24,MBEL,
2025-12-26,MBEL,
2025-12-29,MBEL,
2025-12-30,MBEL,
2025-12-31,MBEL,
2026-01-01,MBEL,
2026-01-02,MBEL,
2026-01-05,MBEL,
2026-01-06,MBEL,
2026-01-07,MBEL,
2026-01-08,MBEL,
2026-01-09,MBEL,
2026-01-12,MBEL,
2026-01-13,MBEL,
2026-01-14,MBEL,
2026-01-16,MBEL,
2026-01-19,MBEL,
2026-01-20,MBEL,
2026-01-21,MBEL,
2026-01-22,MBEL,
2026-01-23,MBEL,
2026-01-27,MBEL,
2026-01-28,MBEL,
2026-01-29,MBEL,
2026-01-30,MBEL,
2026-02-02,MBEL,
2026-02-03,MBEL,
2026-02-04,MBEL,
2026-02-05,MBEL,
2026-02-06,MBEL,
2026-02-09,MBEL,
2026-02-10,MBEL,
2026-02-11,MBEL,
2026-02-12,MBEL,
2026-02-13,MBEL,
2026-02-16,MBEL,
2026-02-17,MBEL,
2026-02-18,MBEL,
2026-02-19,MBEL,
2026-02-20,MBEL,
2026-02-23,MBEL,
2026-02-24,MBEL,
2026-02-25,MBEL,
2026-02-26,MBEL,
2026-02-27,MBEL,
2026-03-02,MBEL,
2026-03-04,MBEL,
2026-03-05,MBEL,
2026-03-06,MBEL,
2026-03-09,MBEL,
2026-03-10,MBEL,
2026-03-11,MBEL,
2026-03-12,MBEL,
2026-03-13,MBEL,
2026-03-16,MBEL,
2026-03-17,MBEL,
2026-03-18,MBEL,
2026-03-19,MBEL,
2026-03-20,MBEL,
2026-03-23,MBEL,
2026-03-24,MBEL,
2026-03-25,MBEL,
2026-03-27,MBEL,
2026-03-30,MBEL,
2026-04-01,MBEL,
2026-04-02,MBEL,
2026-04-06,MBEL,
2026-04-07,MBEL,
2026-04-08,MBEL,
2026-04-09,MBEL,
2026-04-10,MBEL,
2026-04-13,MBEL,
2026-04-15,MBEL,
2026-04-16,MBEL,
2026-04-17,MBEL,
2026-04-20,MBEL,
2026-04-21,MBEL,
2026-04-22,MBEL,
2026-04-23,MBEL,
2026-04-24,MBEL,
2026-04-27,MBEL,
2026-04-28,MBEL,
2026-04-29,MBEL,
2026-04-30,MBEL,
2026-05-04,MBEL,
2026-05-05,MBEL,
2026-05-06,MBEL,
2026-05-07,MBEL,
2026-05-08,MBEL,
2026-05-11,MBEL,
2026-05-12,MBEL,
2026-05-13,MBEL,
2026-05-14,MBEL,
2026-05-15,MBEL,
2026-05-18,MBEL,
2026-05-19,MBEL,
2026-05-20,MBEL,
2026-05-21,MBEL,
2026-05-22,MBEL,
2026-05-25,MBEL,
2026-05-26,MBEL,
2026-05-27,MBEL,
2026-05-29,MBEL,
2026-06-01,MBEL,
2026-06-02,MBEL,
2026-06-03,MBEL,
2026-06-04,MBEL,
2026-06-05,MBEL,
2026-06-08,MBEL,
2026-06-09,MBEL,
2026-06-10,MBEL,
2026-06-11,MBEL,279.1164
2026-06-12,MBEL,279.1164
2026-06-15,MBEL,279.1164
2026-06-16,MBEL,297.2179
2026-06-17,MBEL,297.2179
2026-06-18,MBEL,297.2179
2026-06-19,MBEL,297.2179
2026-06-22,MBEL,297.2179
2026-06-23,MBEL,297.2179
2026-06-24,MBEL,297.2179
2026-06-25,MBEL,297.2179
2026-06-29,MBEL,297.2179
2026-06-30,MBEL,297.2179
2026-07-01,MBEL,297.2179
2026-07-02,MBEL,297.2179
2026-07-03,MBEL,297.2179
2026-07-06,MBEL,297.2179
2026-07-07,MBEL,297.2179
2026-07-08,MBEL,297.2179
2026-07-09,MBEL,297.2179
2026-07-10,MBEL,297.2179
2026-07-13,MBEL,297.2179
2026-07-14,MBEL,297.2179
2026-07-15,MBEL,297.2179
2026-07-16,MBEL,297.2179
2026-07-17,MBEL,297.2179
2026-07-20,MBEL,297.2179
2026-07-21,MBEL,297.2179
2026-07-22,MBEL,297.2179
2026-07-23,MBEL,297.2179
2026-07-24,MBEL,297.2179
2026-07-27,MBEL,297.2179
2026-07-28,MBEL,297.2179
2026-07-29,MBEL,297.2179
2026-07-30,MBEL,297.2179
2026-07-31,MBEL,297.2179
2026-08-03,MBEL,297.2179
2026-08-04,MBEL,297.2179
2026-08-05,MBEL,297.2179
2026-08-06,MBEL,297.2179
2026-08-07,MBEL,297.2179
2026-08-10,MBEL,297.2179
2026-08-11,MBEL,297.2179
2026-08-12,MBEL,297.2179
2026-08-13,MBEL,297.2179
2026-08-14,MBEL,297.2179
2026-08-17,MBEL,297.2179
2026-08-18,MBEL,297.2179
2026-08-19,MBEL,297.2179
2026-08-20,MBEL,297.2179
2026-08-21,MBEL,297.2179
2026-08-24,MBEL,297.2179
2026-08-25,MBEL,297.2179
2026-08-26,MBEL,297.2179
2026-08-27,MBEL,297.2179
2026-08-28,MBEL,297.2179
2026-08-31,MBEL,297.2179
2026-09-01,MBEL,297.2179
2026-09-02,MBEL,297.2179
2026-09-03,MBEL,297.2179
2026-09-04,MBEL,297.2179
2026-09-07,MBEL,297.2179
2026-09-08,MBEL,297.2179
2026-09-09,MBEL,297.2179
2026-09-10,MBEL,297.2179
2026-09-11,MBEL,297.2179
2025-08-29,MOTOGENFIN,
2025-09-01,MOTOGENFIN,
2025-09-02,MOTOGENFIN,
2025-09-03,MOTOGENFIN,
2025-09-04,MOTOGENFIN,
2025-09-05,MOTOGENFIN,
2025-09-08,MOTOGENFIN,
2025-09-09,MOTOGENFIN,
2025-09-10,MOTOGENFIN,
2025-09-11,MOTOGENFIN,
2025-09-12,MOTOGENFIN,
2025-09-15,MOTOGENFIN,
2025-09-16,MOTOGENFIN,
2025-09-17,MOTOGENFIN,
2025-09-18,MOTOGENFIN,
2025-09-19,MOTOGENFIN,
2025-09-22,MOTOGENFIN,
2025-09-23,MOTOGENFIN,
2025-09-24,MOTOGENFIN,
2025-09-25,MOTOGENFIN,
2025-09-26,MOTOGENFIN,
2025-09-29,MOTOGENFIN,
2025-09-30,MOTOGENFIN,
2025-10-01,MOTOGENFIN,
2025-10-03,MOTOGENFIN,
2025-10-06,MOTOGENFIN,
2025-10-07,MOTOGENFIN,
2025-10-08,MOTOGENFIN,
2025-10-09,MOTOGENFIN,
2025-10-10,MOTOGENFIN,
2025-10-13,MOTOGENFIN,
2025-10-14,MOTOGENFIN,
2025-10-15,MOTOGENFIN,
2025-10-16,MOTOGENFIN,
2025-10-17,MOTOGENFIN,
2025-10-20,MOTOGENFIN,
2025-10-21,MOTOGENFIN,
2025-10-23,MOTOGENFIN,
2025-10-24,MOTOGENFIN,
2025-10-27,MOTOGENFIN,
2025-10-28,MOTOGENFIN,
2025-10-29,MOTOGENFIN,
2025-10-30,MOTOGENFIN,
2025-10-31,MOTOGENFIN,
2025-11-03,MOTOGENFIN,
2025-11-04,MOTOGENFIN,
2025-11-06,MOTOGENFIN,
2025-11-07,MOTOGENFIN,
2025-11-10,MOTOGENFIN,
2025-11-11,MOTOGENFIN,
2025-11-12,MOTOGENFIN,
2025-11-13,MOTOGENFIN,
2025-11-14,MOTOGENFIN,
2025-11-17,MOTOGENFIN,
2025-11-18,MOTOGENFIN,
2025-11-19,MOTOGENFIN,
2025-11-20,MOTOGENFIN,
2025-11-21,MOTOGENFIN,
2025-11-24,MOTOGENFIN,
2025-11-25,MOTOGENFIN,
2025-11-26,MOTOGENFIN,
2025-11-27,MOTOGENFIN,
2025-11-28,MOTOGENFIN,
2025-12-01,MOTOGENFIN,
2025-12-02,MOTOGENFIN,
2025-12-03,MOTOGENFIN,
2025-12-04,MOTOGENFIN,
2025-12-05,MOTOGENFIN,
2025-12-08,MOTOGENFIN,
2025-12-09,MOTOGENFIN,
2025-12-10,MOTOGENFIN,
2025-12-11,MOTOGENFIN,
2025-12-12,MOTOGENFIN,
2025-12-15,MOTOGENFIN,
2025-12-16,MOTOGENFIN,
2025-12-17,MOTOGENFIN,
2025-12-18,MOTOGENFIN,
2025-12-19,MOTOGENFIN,
2025-12-22,MOTOGENFIN,
2025-12-23,MOTOGENFIN,
2025-12-24,MOTOGENFIN,
2025-12-26,MOTOGENFIN,
2025-12-29,MOTOGENFIN,
2025-12-30,MOTOGENFIN,
2025-12-31,MOTOGENFIN,
2026-01-01,MOTOGENFIN,
2026-01-02,MOTOGENFIN,
2026-01-05,MOTOGENFIN,
2026-01-06,MOTOGENFIN,
2026-01-07,MOTOGENFIN,
2026-01-08,MOTOGENFIN,
2026-01-09,MOTOGENFIN,
2026-01-12,MOTOGENFIN,
2026-01-13,MOTOGENFIN,
2026-01-14,MOTOGENFIN,
2026-01-16,MOTOGENFIN,
2026-01-19,MOTOGENFIN,
2026-01-20,MOTOGENFIN,
2026-01-21,MOTOGENFIN,
2026-01-22,MOTOGENFIN,
2026-01-23,MOTOGENFIN,
2026-01-27,MOTOGENFIN,
2026-01-28,MOTOGENFIN,
2026-01-29,MOTOGENFIN,
2026-01-30,MOTOGENFIN,
2026-02-02,MOTOGENFIN,
2026-02-03,MOTOGENFIN,
2026-02-04,MOTOGENFIN,
2026-02-05,MOTOGENFIN,
2026-02-06,MOTOGENFIN,
2026-02-09,MOTOGENFIN,
2026-02-10,MOTOGENFIN,
2026-02-11,MOTOGENFIN,
2026-02-12,MOTOGENFIN,
2026-02-13,MOTOGENFIN,
2026-02-16,MOTOGENFIN,
2026-02-17,MOTOGENFIN,
2026-02-18,MOTOGENFIN,
2026-02-19,MOTOGENFIN,
2026-02-20,MOTOGENFIN,
2026-02-23,MOTOGENFIN,
2026-02-24,MOTOGENFIN,
2026-02-25,MOTOGENFIN,
2026-02-26,MOTOGENFIN,
2026-02-27,MOTOGENFIN,
2026-03-02,MOTOGENFIN,
2026-03-04,MOTOGENFIN,
2026-03-05,MOTOGENFIN,
2026-03-06,MOTOGENFIN,
2026-03-09,MOTOGENFIN,
2026-03-10,MOTOGENFIN,
2026-03-11,MOTOGENFIN,
2026-03-12,MOTOGENFIN,
2026-03-13,MOTOGENFIN,
2026-03-16,MOTOGENFIN,
2026-03-17,MOTOGENFIN,
2026-03-18,MOTOGENFIN,
2026-03-19,MOTOGENFIN,
2026-03-20,MOTOGENFIN,
2026-03-23,MOTOGENFIN,
2026-03-24,MOTOGENFIN,
2026-03-25,MOTOGENFIN,
2026-03-27,MOTOGENFIN,
2026-03-30,MOTOGENFIN,
2026-04-01,MOTOGENFIN,
2026-04-02,MOTOGENFIN,
2026-04-06,MOTOGENFIN,
2026-04-07,MOTOGENFIN,
2026-04-08,MOTOGENFIN,
2026-04-09,MOTOGENFIN,
2026-04-10,MOTOGENFIN,
2026-04-13,MOTOGENFIN,
2026-04-15,MOTOGENFIN,
2026-04-16,MOTOGENFIN,
2026-04-17,MOTOGENFIN,
2026-04-20,MOTOGENFIN,
2026-04-21,MOTOGENFIN,
2026-04-22,MOTOGENFIN,
2026-04-23,MOTOGENFIN,
2026-04-24,MOTOGENFIN,
2026-04-27,MOTOGENFIN,
2026-04-28,MOTOGENFIN,
2026-04-29,MOTOGENFIN,
2026-04-30,MOTOGENFIN,
2026-05-04,MOTOGENFIN,
2026-05-05,MOTOGENFIN,
2026-05-06,MOTOGENFIN,
2026-05-07,MOTOGENFIN,
2026-05-08,MOTOGENFIN,
2026-05-11,MOTOGENFIN,
2026-05-12,MOTOGENFIN,
2026-05-13,MOTOGENFIN,
2026-05-14,MOTOGENFIN,
2026-05-15,MOTOGENFIN,
2026-05-18,MOTOGENFIN,
2026-05-19,MOTOGENFIN,
2026-05-20,MOTOGENFIN,
2026-05-21,MOTOGENFIN,
2026-05-22,MOTOGENFIN,
2026-05-25,MOTOGENFIN,
2026-05-26,MOTOGENFIN,
2026-05-27,MOTOGENFIN,
2026-05-29,MOTOGENFIN,
2026-06-01,MOTOGENFIN,
2026-06-02,MOTOGENFIN,
2026-06-03,MOTOGENFIN,
2026-06-04,MOTOGENFIN,
2026-06-05,MOTOGENFIN,
2026-06-08,MOTOGENFIN,
2026-06-09,MOTOGENFIN,
2026-06-10,MOTOGENFIN,
2026-06-11,MOTOGENFIN,
2026-06-12,MOTOGENFIN,29.9434
2026-06-15,MOTOGENFIN,29.9434
2026-06-16,MOTOGENFIN,29.2563
2026-06-17,MOTOGENFIN,29.5024
2026-06-18,MOTOGENFIN,29.5319
2026-06-19,MOTOGENFIN,29.5843
2026-06-22,MOTOGENFIN,29.6065
2026-06-23,MOTOGENFIN,29.6065
2026-06-24,MOTOGENFIN,29.7087
2026-06-25,MOTOGENFIN,29.7266
2026-06-29,MOTOGENFIN,29.7266
2026-06-30,MOTOGENFIN,29.7266
2026-07-01,MOTOGENFIN,29.7266
2026-07-02,MOTOGENFIN,29.7266
2026-07-03,MOTOGENFIN,29.7266
2026-07-06,MOTOGENFIN,29.7266
2026-07-07,MOTOGENFIN,29.7266
2026-07-08,MOTOGENFIN,29.7266
2026-07-09,MOTOGENFIN,29.7266
2026-07-10,MOTOGENFIN,29.7266
2026-07-13,MOTOGENFIN,29.7266
2026-07-14,MOTOGENFIN,29.7266
2026-07-15,MOTOGENFIN,29.7266
2026-07-16,MOTOGENFIN,29.7266
2026-07-17,MOTOGENFIN,29.7266
2026-07-20,MOTOGENFIN,29.7266
2026-07-21,MOTOGENFIN,29.7266
2026-07-22,MOTOGENFIN,29.7266
2026-07-23,MOTOGENFIN,29.7266
2026-07-24,MOTOGENFIN,29.7266
2026-07-27,MOTOGENFIN,29.7266
2026-07-28,MOTOGENFIN,29.7266
2026-07-29,MOTOGENFIN,29.7266
2026-07-30,MOTOGENFIN,29.7266
2026-07-31,MOTOGENFIN,29.7266
2026-08-03,MOTOGENFIN,29.7266
2026-08-04,MOTOGENFIN,29.7266
2026-08-05,MOTOGENFIN,29.7266
2026-08-06,MOTOGENFIN,29.7266
2026-08-07,MOTOGENFIN,29.7266
2026-08-10,MOTOGENFIN,29.7266
2026-08-11,MOTOGENFIN,29.7266
2026-08-12,MOTOGENFIN,29.7266
2026-08-13,MOTOGENFIN,29.7266
2026-08-14,MOTOGENFIN,29.7266
2026-08-17,MOTOGENFIN,29.7266
2026-08-18,MOTOGENFIN,29.7266
2026-08-19,MOTOGENFIN,29.7266
2026-08-20,MOTOGENFIN,29.7266
2026-08-21,MOTOGENFIN,29.7266
2026-08-24,MOTOGENFIN,29.7266
2026-08-25,MOTOGENFIN,29.7266
2026-08-26,MOTOGENFIN,29.7266
2026-08-27,MOTOGENFIN,29.7266
2026-08-28,MOTOGENFIN,29.7266
2026-08-31,MOTOGENFIN,29.7266
2026-09-01,MOTOGENFIN,29.7266
2026-09-02,MOTOGENFIN,29.7266
2026-09-03,MOTOGENFIN,29.7266
2026-09-04,MOTOGENFIN,29.7266
2026-09-07,MOTOGENFIN,29.7266
2026-09-08,MOTOGENFIN,29.7266
2026-09-09,MOTOGENFIN,29.7266
2026-09-10,MOTOGENFIN,29.7266
2026-09-11,MOTOGENFIN,29.7266
2025-08-29,MSPL,
2025-09-01,MSPL,
2025-09-02,MSPL,
2025-09-03,MSPL,
2025-09-04,MSPL,
2025-09-05,MSPL,
2025-09-08,MSPL,
2025-09-09,MSPL,
2025-09-10,MSPL,
2025-09-11,MSPL,
2025-09-12,MSPL,
2025-09-15,MSPL,
2025-09-16,MSPL,
2025-09-17,MSPL,
2025-09-18,MSPL,
2025-09-19,MSPL,
2025-09-22,MSPL,
2025-09-23,MSPL,
2025-09-24,MSPL,
2025-09-25,MSPL,
2025-09-26,MSPL,
2025-09-29,MSPL,
2025-09-30,MSPL,
2025-10-01,MSPL,
2025-10-03,MSPL,
2025-10-06,MSPL,
2025-10-07,MSPL,
2025-10-08,MSPL,
2025-10-09,MSPL,
2025-10-10,MSPL,
2025-10-13,MSPL,
2025-10-14,MSPL,
2025-10-15,MSPL,
2025-10-16,MSPL,
2025-10-17,MSPL,
2025-10-20,MSPL,
2025-10-21,MSPL,
2025-10-23,MSPL,
2025-10-24,MSPL,
2025-10-27,MSPL,
2025-10-28,MSPL,
2025-10-29,MSPL,
2025-10-30,MSPL,
2025-10-31,MSPL,
2025-11-03,MSPL,
2025-11-04,MSPL,
2025-11-06,MSPL,
2025-11-07,MSPL,
2025-11-10,MSPL,
2025-11-11,MSPL,
2025-11-12,MSPL,
2025-11-13,MSPL,
2025-11-14,MSPL,
2025-11-17,MSPL,
2025-11-18,MSPL,
2025-11-19,MSPL,
2025-11-20,MSPL,
2025-11-21,MSPL,
2025-11-24,MSPL,
2025-11-25,MSPL,
2025-11-26,MSPL,
2025-11-27,MSPL,
2025-11-28,MSPL,
2025-12-01,MSPL,
2025-12-02,MSPL,
2025-12-03,MSPL,
2025-12-04,MSPL,
2025-12-05,MSPL,
2025-12-08,MSPL,
2025-12-09,MSPL,
2025-12-10,MSPL,
2025-12-11,MSPL,
2025-12-12,MSPL,
2025-12-15,MSPL,
2025-12-16,MSPL,
2025-12-17,MSPL,
2025-12-18,MSPL,
2025-12-19,MSPL,
2025-12-22,MSPL,
2025-12-23,MSPL,
2025-12-24,MSPL,
2025-12-26,MSPL,
2025-12-29,MSPL,
2025-12-30,MSPL,
2025-12-31,MSPL,
2026-01-01,MSPL,
2026-01-02,MSPL,
2026-01-05,MSPL,
2026-01-06,MSPL,
2026-01-07,MSPL,
2026-01-08,MSPL,
2026-01-09,MSPL,
2026-01-12,MSPL,
2026-01-13,MSPL,
2026-01-14,MSPL,
2026-01-16,MSPL,
2026-01-19,MSPL,
2026-01-20,MSPL,
2026-01-21,MSPL,
2026-01-22,MSPL,
2026-01-23,MSPL,
2026-01-27,MSPL,
2026-01-28,MSPL,
2026-01-29,MSPL,
2026-01-30,MSPL,
2026-02-02,MSPL,
2026-02-03,MSPL,
2026-02-04,MSPL,
2026-02-05,MSPL,
2026-02-06,MSPL,
2026-02-09,MSPL,
2026-02-10,MSPL,
2026-02-11,MSPL,
2026-02-12,MSPL,
2026-02-13,MSPL,
2026-02-16,MSPL,
2026-02-17,MSPL,
2026-02-18,MSPL,
2026-02-19,MSPL,
2026-02-20,MSPL,
2026-02-23,MSPL,
2026-02-24,MSPL,
2026-02-25,MSPL,
2026-02-26,MSPL,
2026-02-27,MSPL,
2026-03-02,MSPL,
2026-03-04,MSPL,
2026-03-05,MSPL,
2026-03-06,MSPL,
2026-03-09,MSPL,
2026-03-10,MSPL,
2026-03-11,MSPL,
2026-03-12,MSPL,
2026-03-13,MSPL,
2026-03-16,MSPL,
2026-03-17,MSPL,
2026-03-18,MSPL,
2026-03-19,MSPL,
2026-03-20,MSPL,
2026-03-23,MSPL,
2026-03-24,MSPL,
2026-03-25,MSPL,
2026-03-27,MSPL,
2026-03-30,MSPL,
2026-04-01,MSPL,
2026-04-02,MSPL,
2026-04-06,MSPL,
2026-04-07,MSPL,
2026-04-08,MSPL,
2026-04-09,MSPL,
2026-04-10,MSPL,
2026-04-13,MSPL,
2026-04-15,MSPL,
2026-04-16,MSPL,
2026-04-17,MSPL,
2026-04-20,MSPL,
2026-04-21,MSPL,
2026-04-22,MSPL,
2026-04-23,MSPL,
2026-04-24,MSPL,
2026-04-27,MSPL,
2026-04-28,MSPL,
2026-04-29,MSPL,
2026-04-30,MSPL,
2026-05-04,MSPL,
2026-05-05,MSPL,
2026-05-06,MSPL,
2026-05-07,MSPL,
2026-05-08,MSPL,
2026-05-11,MSPL,
2026-05-12,MSPL,
2026-05-13,MSPL,
2026-05-14,MSPL,
2026-05-15,MSPL,
2026-05-18,MSPL,
2026-05-19,MSPL,
2026-05-20,MSPL,
2026-05-21,MSPL,
2026-05-22,MSPL,
2026-05-25,MSPL,
2026-05-26,MSPL,
2026-05-27,MSPL,
2026-05-29,MSPL,
2026-06-01,MSPL,
2026-06-02,MSPL,
2026-06-03,MSPL,
2026-06-04,MSPL,
2026-06-05,MSPL,
2026-06-08,MSPL,
2026-06-09,MSPL,40.7793
2026-06-10,MSPL,40.8213
2026-06-11,MSPL,40.7105
2026-06-12,MSPL,40.7984
2026-06-15,MSPL,41.4733
2026-06-16,MSPL,41.8621
2026-06-17,MSPL,41.8943
2026-06-18,MSPL,41.9714
2026-06-19,MSPL,42.0769
2026-06-22,MSPL,42.2997
2026-06-23,MSPL,42.2997
2026-06-24,MSPL,42.2997
2026-06-25,MSPL,42.2997
2026-06-29,MSPL,42.2997
2026-06-30,MSPL,42.2997
2026-07-01,MSPL,42.2997
2026-07-02,MSPL,42.2997
2026-07-03,MSPL,42.2997
2026-07-06,MSPL,42.2997
2026-07-07,MSPL,42.2997
2026-07-08,MSPL,42.2997
2026-07-09,MSPL,42.2997
2026-07-10,MSPL,42.2997
2026-07-13,MSPL,42.2997
2026-07-14,MSPL,42.2997
2026-07-15,MSPL,42.2997
2026-07-16,MSPL,42.2997
2026-07-17,MSPL,42.2997
2026-07-20,MSPL,42.2997
2026-07-21,MSPL,42.2997
2026-07-22,MSPL,42.2997
2026-07-23,MSPL,42.2997
2026-07-24,MSPL,42.2997
2026-07-27,MSPL,42.2997
2026-07-28,MSPL,42.2997
2026-07-29,MSPL,42.2997
2026-07-30,MSPL,42.2997
2026-07-31,MSPL,42.2997
2026-08-03,MSPL,42.2997
2026-08-04,MSPL,42.2997
2026-08-05,MSPL,42.2997
2026-08-06,MSPL,42.2997
2026-08-07,MSPL,42.2997
2026-08-10,MSPL,42.2997
2026-08-11,MSPL,42.2997
2026-08-12,MSPL,42.2997
2026-08-13,MSPL,42.2997
2026-08-14,MSPL,42.2997
2026-08-17,MSPL,42.2997
2026-08-18,MSPL,42.2997
2026-08-19,MSPL,42.2997
2026-08-20,MSPL,42.2997
2026-08-21,MSPL,42.2997
2026-08-24,MSPL,42.2997
2026-08-25,MSPL,42.2997
2026-08-26,MSPL,42.2997
2026-08-27,MSPL,42.2997
2026-08-28,MSPL,42.2997
2026-08-31,MSPL,42.2997
2026-09-01,MSPL,42.2997
2026-09-02,MSPL,42.2997
2026-09-03,MSPL,42.2997
2026-09-04,MSPL,42.2997
2026-09-07,MSPL,42.2997
2026-09-08,MSPL,42.2997
2026-09-09,MSPL,42.2997
2026-09-10,MSPL,42.2997
2026-09-11,MSPL,42.2997
2025-08-29,NAVA,
2025-09-01,NAVA,
2025-09-02,NAVA,
2025-09-03,NAVA,
2025-09-04,NAVA,
2025-09-05,NAVA,
2025-09-08,NAVA,
2025-09-09,NAVA,
2025-09-10,NAVA,
2025-09-11,NAVA,
2025-09-12,NAVA,
2025-09-15,NAVA,
2025-09-16,NAVA,
2025-09-17,NAVA,
2025-09-18,NAVA,
2025-09-19,NAVA,
2025-09-22,NAVA,
2025-09-23,NAVA,
2025-09-24,NAVA,
2025-09-25,NAVA,
2025-09-26,NAVA,
2025-09-29,NAVA,
2025-09-30,NAVA,
2025-10-01,NAVA,
2025-10-03,NAVA,
2025-10-06,NAVA,
2025-10-07,NAVA,
2025-10-08,NAVA,
2025-10-09,NAVA,
2025-10-10,NAVA,
2025-10-13,NAVA,
2025-10-14,NAVA,
2025-10-15,NAVA,
2025-10-16,NAVA,
2025-10-17,NAVA,
2025-10-20,NAVA,
2025-10-21,NAVA,
2025-10-23,NAVA,
2025-10-24,NAVA,
2025-10-27,NAVA,
2025-10-28,NAVA,
2025-10-29,NAVA,
2025-10-30,NAVA,
2025-10-31,NAVA,
2025-11-03,NAVA,
2025-11-04,NAVA,
2025-11-06,NAVA,
2025-11-07,NAVA,
2025-11-10,NAVA,
2025-11-11,NAVA,
2025-11-12,NAVA,
2025-11-13,NAVA,
2025-11-14,NAVA,
2025-11-17,NAVA,
2025-11-18,NAVA,
2025-11-19,NAVA,
2025-11-20,NAVA,
2025-11-21,NAVA,
2025-11-24,NAVA,
2025-11-25,NAVA,
2025-11-26,NAVA,
2025-11-27,NAVA,
2025-11-28,NAVA,
2025-12-01,NAVA,
2025-12-02,NAVA,
2025-12-03,NAVA,
2025-12-04,NAVA,
2025-12-05,NAVA,
2025-12-08,NAVA,
2025-12-09,NAVA,
2025-12-10,NAVA,
2025-12-11,NAVA,
2025-12-12,NAVA,
2025-12-15,NAVA,
2025-12-16,NAVA,
2025-12-17,NAVA,
2025-12-18,NAVA,
2025-12-19,NAVA,
2025-12-22,NAVA,
2025-12-23,NAVA,
2025-12-24,NAVA,
2025-12-26,NAVA,
2025-12-29,NAVA,
2025-12-30,NAVA,
2025-12-31,NAVA,
2026-01-01,NAVA,
2026-01-02,NAVA,
2026-01-05,NAVA,
2026-01-06,NAVA,
2026-01-07,NAVA,
2026-01-08,NAVA,
2026-01-09,NAVA,
2026-01-12,NAVA,
2026-01-13,NAVA,
2026-01-14,NAVA,
2026-01-16,NAVA,
2026-01-19,NAVA,
2026-01-20,NAVA,
2026-01-21,NAVA,
2026-01-22,NAVA,
2026-01-23,NAVA,
2026-01-27,NAVA,
2026-01-28,NAVA,
2026-01-29,NAVA,
2026-01-30,NAVA,
2026-02-02,NAVA,
2026-02-03,NAVA,
2026-02-04,NAVA,
2026-02-05,NAVA,
2026-02-06,NAVA,
2026-02-09,NAVA,
2026-02-10,NAVA,
2026-02-11,NAVA,
2026-02-12,NAVA,
2026-02-13,NAVA,
2026-02-16,NAVA,
2026-02-17,NAVA,
2026-02-18,NAVA,
2026-02-19,NAVA,
2026-02-20,NAVA,
2026-02-23,NAVA,
2026-02-24,NAVA,
2026-02-25,NAVA,
2026-02-26,NAVA,
2026-02-27,NAVA,
2026-03-02,NAVA,
2026-03-04,NAVA,
2026-03-05,NAVA,
2026-03-06,NAVA,
2026-03-09,NAVA,
2026-03-10,NAVA,
2026-03-11,NAVA,
2026-03-12,NAVA,
2026-03-13,NAVA,
2026-03-16,NAVA,
2026-03-17,NAVA,
2026-03-18,NAVA,
2026-03-19,NAVA,
2026-03-20,NAVA,
2026-03-23,NAVA,
2026-03-24,NAVA,
2026-03-25,NAVA,
2026-03-27,NAVA,
2026-03-30,NAVA,
2026-04-01,NAVA,
2026-04-02,NAVA,
2026-04-06,NAVA,
2026-04-07,NAVA,
2026-04-08,NAVA,
2026-04-09,NAVA,
2026-04-10,NAVA,
2026-04-13,NAVA,
2026-04-15,NAVA,
2026-04-16,NAVA,
2026-04-17,NAVA,
2026-04-20,NAVA,
2026-04-21,NAVA,
2026-04-22,NAVA,
2026-04-23,NAVA,
2026-04-24,NAVA,
2026-04-27,NAVA,
2026-04-28,NAVA,
2026-04-29,NAVA,
2026-04-30,NAVA,
2026-05-04,NAVA,
2026-05-05,NAVA,
2026-05-06,NAVA,
2026-05-07,NAVA,
2026-05-08,NAVA,
2026-05-11,NAVA,
2026-05-12,NAVA,
2026-05-13,NAVA,
2026-05-14,NAVA,
2026-05-15,NAVA,
2026-05-18,NAVA,
2026-05-19,NAVA,
2026-05-20,NAVA,
2026-05-21,NAVA,
2026-05-22,NAVA,
2026-05-25,NAVA,
2026-05-26,NAVA,
2026-05-27,NAVA,
2026-05-29,NAVA,
2026-06-01,NAVA,
2026-06-02,NAVA,
2026-06-03,NAVA,
2026-06-04,NAVA,
2026-06-05,NAVA,
2026-06-08,NAVA,
2026-06-09,NAVA,
2026-06-10,NAVA,
2026-06-11,NAVA,
2026-06-12,NAVA,
2026-06-15,NAVA,
2026-06-16,NAVA,
2026-06-17,NAVA,
2026-06-18,NAVA,
2026-06-19,NAVA,
2026-06-22,NAVA,
2026-06-23,NAVA,
2026-06-24,NAVA,
2026-06-25,NAVA,
2026-06-29,NAVA,
2026-06-30,NAVA,
2026-07-01,NAVA,
2026-07-02,NAVA,
2026-07-03,NAVA,
2026-07-06,NAVA,
2026-07-07,NAVA,
2026-07-08,NAVA,
2026-07-09,NAVA,
2026-07-10,NAVA,
2026-07-13,NAVA,
2026-07-14,NAVA,
2026-07-15,NAVA,
2026-07-16,NAVA,
2026-07-17,NAVA,
2026-07-20,NAVA,
2026-07-21,NAVA,
2026-07-22,NAVA,
2026-07-23,NAVA,
2026-07-24,NAVA,
2026-07-27,NAVA,
2026-07-28,NAVA,
2026-07-29,NAVA,
2026-07-30,NAVA,
2026-07-31,NAVA,
2026-08-03,NAVA,
2026-08-04,NAVA,
2026-08-05,NAVA,
2026-08-06,NAVA,
2026-08-07,NAVA,
2026-08-10,NAVA,
2026-08-11,NAVA,
2026-08-12,NAVA,
2026-08-13,NAVA,
2026-08-14,NAVA,
2026-08-17,NAVA,
2026-08-18,NAVA,
2026-08-19,NAVA,
2026-08-20,NAVA,
2026-08-21,NAVA,
2026-08-24,NAVA,
2026-08-25,NAVA,563.6043
2026-08-26,NAVA,567.286
2026-08-27,NAVA,567.286
2026-08-28,NAVA,567.286
2026-08-31,NAVA,567.286
2026-09-01,NAVA,567.286
2026-09-02,NAVA,567.286
2026-09-03,NAVA,566.6022
2026-09-04,NAVA,566.6022
2026-09-07,NAVA,566.0961
2026-09-08,NAVA,566.0961
2026-09-09,NAVA,566.0961
2026-09-10,NAVA,566.0961
2026-09-11,NAVA,566.0961
2025-08-29,NCLIND,
2025-09-01,NCLIND,
2025-09-02,NCLIND,
2025-09-03,NCLIND,
2025-09-04,NCLIND,
2025-09-05,NCLIND,
2025-09-08,NCLIND,
2025-09-09,NCLIND,
2025-09-10,NCLIND,
2025-09-11,NCLIND,
2025-09-12,NCLIND,
2025-09-15,NCLIND,
2025-09-16,NCLIND,
2025-09-17,NCLIND,
2025-09-18,NCLIND,
2025-09-19,NCLIND,
2025-09-22,NCLIND,
2025-09-23,NCLIND,
2025-09-24,NCLIND,
2025-09-25,NCLIND,
2025-09-26,NCLIND,
2025-09-29,NCLIND,
2025-09-30,NCLIND,
2025-10-01,NCLIND,
2025-10-03,NCLIND,
2025-10-06,NCLIND,
2025-10-07,NCLIND,
2025-10-08,NCLIND,
2025-10-09,NCLIND,
2025-10-10,NCLIND,
2025-10-13,NCLIND,
2025-10-14,NCLIND,
2025-10-15,NCLIND,
2025-10-16,NCLIND,
2025-10-17,NCLIND,
2025-10-20,NCLIND,
2025-10-21,NCLIND,
2025-10-23,NCLIND,
2025-10-24,NCLIND,
2025-10-27,NCLIND,
2025-10-28,NCLIND,
2025-10-29,NCLIND,
2025-10-30,NCLIND,
2025-10-31,NCLIND,
2025-11-03,NCLIND,
2025-11-04,NCLIND,
2025-11-06,NCLIND,
2025-11-07,NCLIND,
2025-11-10,NCLIND,
2025-11-11,NCLIND,
2025-11-12,NCLIND,
2025-11-13,NCLIND,
2025-11-14,NCLIND,
2025-11-17,NCLIND,
2025-11-18,NCLIND,
2025-11-19,NCLIND,
2025-11-20,NCLIND,
2025-11-21,NCLIND,
2025-11-24,NCLIND,
2025-11-25,NCLIND,
2025-11-26,NCLIND,
2025-11-27,NCLIND,
2025-11-28,NCLIND,
2025-12-01,NCLIND,
2025-12-02,NCLIND,
2025-12-03,NCLIND,
2025-12-04,NCLIND,
2025-12-05,NCLIND,
2025-12-08,NCLIND,
2025-12-09,NCLIND,
2025-12-10,NCLIND,
2025-12-11,NCLIND,
2025-12-12,NCLIND,
2025-12-15,NCLIND,
2025-12-16,NCLIND,
2025-12-17,NCLIND,
2025-12-18,NCLIND,
2025-12-19,NCLIND,
2025-12-22,NCLIND,
2025-12-23,NCLIND,
2025-12-24,NCLIND,
2025-12-26,NCLIND,
2025-12-29,NCLIND,
2025-12-30,NCLIND,
2025-12-31,NCLIND,
2026-01-01,NCLIND,
2026-01-02,NCLIND,
2026-01-05,NCLIND,
2026-01-06,NCLIND,
2026-01-07,NCLIND,
2026-01-08,NCLIND,
2026-01-09,NCLIND,
2026-01-12,NCLIND,
2026-01-13,NCLIND,
2026-01-14,NCLIND,
2026-01-16,NCLIND,
2026-01-19,NCLIND,
2026-01-20,NCLIND,
2026-01-21,NCLIND,
2026-01-22,NCLIND,
2026-01-23,NCLIND,
2026-01-27,NCLIND,
2026-01-28,NCLIND,
2026-01-29,NCLIND,
2026-01-30,NCLIND,
2026-02-02,NCLIND,
2026-02-03,NCLIND,
2026-02-04,NCLIND,
2026-02-05,NCLIND,
2026-02-06,NCLIND,
2026-02-09,NCLIND,
2026-02-10,NCLIND,
2026-02-11,NCLIND,
2026-02-12,NCLIND,
2026-02-13,NCLIND,
2026-02-16,NCLIND,
2026-02-17,NCLIND,
2026-02-18,NCLIND,
2026-02-19,NCLIND,
2026-02-20,NCLIND,
2026-02-23,NCLIND,
2026-02-24,NCLIND,
2026-02-25,NCLIND,
2026-02-26,NCLIND,
2026-02-27,NCLIND,
2026-03-02,NCLIND,
2026-03-04,NCLIND,
2026-03-05,NCLIND,
2026-03-06,NCLIND,
2026-03-09,NCLIND,
2026-03-10,NCLIND,
2026-03-11,NCLIND,
2026-03-12,NCLIND,
2026-03-13,NCLIND,
2026-03-16,NCLIND,
2026-03-17,NCLIND,
2026-03-18,NCLIND,
2026-03-19,NCLIND,
2026-03-20,NCLIND,
2026-03-23,NCLIND,
2026-03-24,NCLIND,
2026-03-25,NCLIND,
2026-03-27,NCLIND,
2026-03-30,NCLIND,
2026-04-01,NCLIND,
2026-04-02,NCLIND,
2026-04-06,NCLIND,
2026-04-07,NCLIND,
2026-04-08,NCLIND,
2026-04-09,NCLIND,
2026-04-10,NCLIND,
2026-04-13,NCLIND,
2026-04-15,NCLIND,
2026-04-16,NCLIND,
2026-04-17,NCLIND,
2026-04-20,NCLIND,
2026-04-21,NCLIND,
2026-04-22,NCLIND,
2026-04-23,NCLIND,
2026-04-24,NCLIND,
2026-04-27,NCLIND,
2026-04-28,NCLIND,
2026-04-29,NCLIND,
2026-04-30,NCLIND,
2026-05-04,NCLIND,
2026-05-05,NCLIND,
2026-05-06,NCLIND,
2026-05-07,NCLIND,
2026-05-08,NCLIND,
2026-05-11,NCLIND,
2026-05-12,NCLIND,
2026-05-13,NCLIND,
2026-05-14,NCLIND,
2026-05-15,NCLIND,
2026-05-18,NCLIND,
2026-05-19,NCLIND,
2026-05-20,NCLIND,
2026-05-21,NCLIND,
2026-05-22,NCLIND,
2026-05-25,NCLIND,
2026-05-26,NCLIND,
2026-05-27,NCLIND,
2026-05-29,NCLIND,
2026-06-01,NCLIND,
2026-06-02,NCLIND,
2026-06-03,NCLIND,
2026-06-04,NCLIND,
2026-06-05,NCLIND,
2026-06-08,NCLIND,
2026-06-09,NCLIND,
2026-06-10,NCLIND,
2026-06-11,NCLIND,180.1838
2026-06-12,NCLIND,180.1838
2026-06-15,NCLIND,180.1838
2026-06-16,NCLIND,180.1838
2026-06-17,NCLIND,180.1838
2026-06-18,NCLIND,180.1838
2026-06-19,NCLIND,180.1838
2026-06-22,NCLIND,180.1838
2026-06-23,NCLIND,180.1838
2026-06-24,NCLIND,180.1838
2026-06-25,NCLIND,186.5349
2026-06-29,NCLIND,186.5349
2026-06-30,NCLIND,190.3132
2026-07-01,NCLIND,190.3132
2026-07-02,NCLIND,190.3132
2026-07-03,NCLIND,190.3132
2026-07-06,NCLIND,190.3132
2026-07-07,NCLIND,190.3132
2026-07-08,NCLIND,190.3132
2026-07-09,NCLIND,190.3132
2026-07-10,NCLIND,190.3132
2026-07-13,NCLIND,190.3132
2026-07-14,NCLIND,190.3132
2026-07-15,NCLIND,190.3132
2026-07-16,NCLIND,190.3132
2026-07-17,NCLIND,190.3132
2026-07-20,NCLIND,190.3132
2026-07-21,NCLIND,190.3132
2026-07-22,NCLIND,190.3132
2026-07-23,NCLIND,190.3132
2026-07-24,NCLIND,190.3132
2026-07-27,NCLIND,190.3132
2026-07-28,NCLIND,190.3132
2026-07-29,NCLIND,190.3132
2026-07-30,NCLIND,190.3132
2026-07-31,NCLIND,190.3132
2026-08-03,NCLIND,190.3132
2026-08-04,NCLIND,190.3132
2026-08-05,NCLIND,190.3132
2026-08-06,NCLIND,190.3132
2026-08-07,NCLIND,190.3132
2026-08-10,NCLIND,190.3132
2026-08-11,NCLIND,179.2504
2026-08-12,NCLIND,178.8678
2026-08-13,NCLIND,178.8005
2026-08-14,NCLIND,178.7764
2026-08-17,NCLIND,178.7764
2026-08-18,NCLIND,176.522
2026-08-19,NCLIND,176.207
2026-08-20,NCLIND,176.1542
2026-08-21,NCLIND,176.0561
2026-08-24,NCLIND,175.841
2026-08-25,NCLIND,175.8389
2026-08-26,NCLIND,175.8389
2026-08-27,NCLIND,175.8389
2026-08-28,NCLIND,175.8389
2026-08-31,NCLIND,175.789
2026-09-01,NCLIND,175.7294
2026-09-02,NCLIND,175.7208
2026-09-03,NCLIND,175.7208
2026-09-04,NCLIND,175.7312
2026-09-07,NCLIND,175.7341
2026-09-08,NCLIND,175.7341
2026-09-09,NCLIND,175.8414
2026-09-10,NCLIND,175.8477
2026-09-11,NCLIND,175.8477
2025-08-29,NIITLTD,
2025-09-01,NIITLTD,
2025-09-02,NIITLTD,
2025-09-03,NIITLTD,
2025-09-04,NIITLTD,
2025-09-05,NIITLTD,
2025-09-08,NIITLTD,
2025-09-09,NIITLTD,
2025-09-10,NIITLTD,
2025-09-11,NIITLTD,
2025-09-12,NIITLTD,
2025-09-15,NIITLTD,
2025-09-16,NIITLTD,
2025-09-17,NIITLTD,
2025-09-18,NIITLTD,
2025-09-19,NIITLTD,
2025-09-22,NIITLTD,
2025-09-23,NIITLTD,
2025-09-24,NIITLTD,
2025-09-25,NIITLTD,
2025-09-26,NIITLTD,
2025-09-29,NIITLTD,
2025-09-30,NIITLTD,
2025-10-01,NIITLTD,
2025-10-03,NIITLTD,
2025-10-06,NIITLTD,
2025-10-07,NIITLTD,
2025-10-08,NIITLTD,
2025-10-09,NIITLTD,
2025-10-10,NIITLTD,
2025-10-13,NIITLTD,
2025-10-14,NIITLTD,
2025-10-15,NIITLTD,
2025-10-16,NIITLTD,
2025-10-17,NIITLTD,
2025-10-20,NIITLTD,
2025-10-21,NIITLTD,
2025-10-23,NIITLTD,
2025-10-24,NIITLTD,
2025-10-27,NIITLTD,
2025-10-28,NIITLTD,
2025-10-29,NIITLTD,
2025-10-30,NIITLTD,
2025-10-31,NIITLTD,
2025-11-03,NIITLTD,
2025-11-04,NIITLTD,
2025-11-06,NIITLTD,
2025-11-07,NIITLTD,
2025-11-10,NIITLTD,
2025-11-11,NIITLTD,
2025-11-12,NIITLTD,
2025-11-13,NIITLTD,
2025-11-14,NIITLTD,
2025-11-17,NIITLTD,
2025-11-18,NIITLTD,
2025-11-19,NIITLTD,
2025-11-20,NIITLTD,
2025-11-21,NIITLTD,
2025-11-24,NIITLTD,
2025-11-25,NIITLTD,
2025-11-26,NIITLTD,
2025-11-27,NIITLTD,
2025-11-28,NIITLTD,
2025-12-01,NIITLTD,
2025-12-02,NIITLTD,
2025-12-03,NIITLTD,
2025-12-04,NIITLTD,
2025-12-05,NIITLTD,
2025-12-08,NIITLTD,
2025-12-09,NIITLTD,
2025-12-10,NIITLTD,
2025-12-11,NIITLTD,
2025-12-12,NIITLTD,
2025-12-15,NIITLTD,
2025-12-16,NIITLTD,
2025-12-17,NIITLTD,
2025-12-18,NIITLTD,
2025-12-19,NIITLTD,
2025-12-22,NIITLTD,
2025-12-23,NIITLTD,
2025-12-24,NIITLTD,
2025-12-26,NIITLTD,
2025-12-29,NIITLTD,
2025-12-30,NIITLTD,
2025-12-31,NIITLTD,
2026-01-01,NIITLTD,
2026-01-02,NIITLTD,
2026-01-05,NIITLTD,
2026-01-06,NIITLTD,
2026-01-07,NIITLTD,
2026-01-08,NIITLTD,
2026-01-09,NIITLTD,
2026-01-12,NIITLTD,
2026-01-13,NIITLTD,
2026-01-14,NIITLTD,
2026-01-16,NIITLTD,
2026-01-19,NIITLTD,
2026-01-20,NIITLTD,
2026-01-21,NIITLTD,
2026-01-22,NIITLTD,
2026-01-23,NIITLTD,
2026-01-27,NIITLTD,
2026-01-28,NIITLTD,
2026-01-29,NIITLTD,
2026-01-30,NIITLTD,
2026-02-02,NIITLTD,
2026-02-03,NIITLTD,
2026-02-04,NIITLTD,
2026-02-05,NIITLTD,
2026-02-06,NIITLTD,
2026-02-09,NIITLTD,
2026-02-10,NIITLTD,
2026-02-11,NIITLTD,
2026-02-12,NIITLTD,
2026-02-13,NIITLTD,
2026-02-16,NIITLTD,
2026-02-17,NIITLTD,
2026-02-18,NIITLTD,
2026-02-19,NIITLTD,
2026-02-20,NIITLTD,
2026-02-23,NIITLTD,
2026-02-24,NIITLTD,
2026-02-25,NIITLTD,
2026-02-26,NIITLTD,
2026-02-27,NIITLTD,
2026-03-02,NIITLTD,
2026-03-04,NIITLTD,
2026-03-05,NIITLTD,
2026-03-06,NIITLTD,
2026-03-09,NIITLTD,
2026-03-10,NIITLTD,
2026-03-11,NIITLTD,
2026-03-12,NIITLTD,
2026-03-13,NIITLTD,
2026-03-16,NIITLTD,
2026-03-17,NIITLTD,
2026-03-18,NIITLTD,
2026-03-19,NIITLTD,
2026-03-20,NIITLTD,
2026-03-23,NIITLTD,
2026-03-24,NIITLTD,
2026-03-25,NIITLTD,
2026-03-27,NIITLTD,
2026-03-30,NIITLTD,
2026-04-01,NIITLTD,
2026-04-02,NIITLTD,
2026-04-06,NIITLTD,
2026-04-07,NIITLTD,
2026-04-08,NIITLTD,
2026-04-09,NIITLTD,
2026-04-10,NIITLTD,
2026-04-13,NIITLTD,
2026-04-15,NIITLTD,
2026-04-16,NIITLTD,
2026-04-17,NIITLTD,
2026-04-20,NIITLTD,
2026-04-21,NIITLTD,
2026-04-22,NIITLTD,
2026-04-23,NIITLTD,
2026-04-24,NIITLTD,
2026-04-27,NIITLTD,
2026-04-28,NIITLTD,
2026-04-29,NIITLTD,
2026-04-30,NIITLTD,
2026-05-04,NIITLTD,
2026-05-05,NIITLTD,
2026-05-06,NIITLTD,
2026-05-07,NIITLTD,
2026-05-08,NIITLTD,
2026-05-11,NIITLTD,
2026-05-12,NIITLTD,
2026-05-13,NIITLTD,
2026-05-14,NIITLTD,
2026-05-15,NIITLTD,
2026-05-18,NIITLTD,
2026-05-19,NIITLTD,
2026-05-20,NIITLTD,
2026-05-21,NIITLTD,
2026-05-22,NIITLTD,
2026-05-25,NIITLTD,
2026-05-26,NIITLTD,
2026-05-27,NIITLTD,
2026-05-29,NIITLTD,
2026-06-01,NIITLTD,
2026-06-02,NIITLTD,
2026-06-03,NIITLTD,
2026-06-04,NIITLTD,
2026-06-05,NIITLTD,
2026-06-08,NIITLTD,
2026-06-09,NIITLTD,
2026-06-10,NIITLTD,
2026-06-11,NIITLTD,
2026-06-12,NIITLTD,
2026-06-15,NIITLTD,
2026-06-16,NIITLTD,
2026-06-17,NIITLTD,
2026-06-18,NIITLTD,
2026-06-19,NIITLTD,
2026-06-22,NIITLTD,
2026-06-23,NIITLTD,
2026-06-24,NIITLTD,
2026-06-25,NIITLTD,
2026-06-29,NIITLTD,
2026-06-30,NIITLTD,
2026-07-01,NIITLTD,
2026-07-02,NIITLTD,
2026-07-03,NIITLTD,
2026-07-06,NIITLTD,
2026-07-07,NIITLTD,
2026-07-08,NIITLTD,
2026-07-09,NIITLTD,
2026-07-10,NIITLTD,
2026-07-13,NIITLTD,
2026-07-14,NIITLTD,
2026-07-15,NIITLTD,
2026-07-16,NIITLTD,
2026-07-17,NIITLTD,
2026-07-20,NIITLTD,
2026-07-21,NIITLTD,
2026-07-22,NIITLTD,
2026-07-23,NIITLTD,
2026-07-24,NIITLTD,
2026-07-27,NIITLTD,
2026-07-28,NIITLTD,
2026-07-29,NIITLTD,
2026-07-30,NIITLTD,
2026-07-31,NIITLTD,
2026-08-03,NIITLTD,
2026-08-04,NIITLTD,
2026-08-05,NIITLTD,
2026-08-06,NIITLTD,
2026-08-07,NIITLTD,
2026-08-10,NIITLTD,
2026-08-11,NIITLTD,
2026-08-12,NIITLTD,
2026-08-13,NIITLTD,
2026-08-14,NIITLTD,
2026-08-17,NIITLTD,
2026-08-18,NIITLTD,
2026-08-19,NIITLTD,
2026-08-20,NIITLTD,
2026-08-21,NIITLTD,
2026-08-24,NIITLTD,93.8333
2026-08-25,NIITLTD,93.8333
2026-08-26,NIITLTD,100.9323
2026-08-27,NIITLTD,100.9323
2026-08-28,NIITLTD,102.7303
2026-08-31,NIITLTD,103.3658
2026-09-01,NIITLTD,103.3658
2026-09-02,NIITLTD,103.3658
2026-09-03,NIITLTD,103.3658
2026-09-04,NIITLTD,103.3658
2026-09-07,NIITLTD,103.3658
2026-09-08,NIITLTD,103.3658
2026-09-09,NIITLTD,103.3658
2026-09-10,NIITLTD,103.3658
2026-09-11,NIITLTD,103.3658
2025-08-29,NINSYS,
2025-09-01,NINSYS,
2025-09-02,NINSYS,
2025-09-03,NINSYS,
2025-09-04,NINSYS,
2025-09-05,NINSYS,
2025-09-08,NINSYS,
2025-09-09,NINSYS,
2025-09-10,NINSYS,
2025-09-11,NINSYS,
2025-09-12,NINSYS,
2025-09-15,NINSYS,
2025-09-16,NINSYS,
2025-09-17,NINSYS,
2025-09-18,NINSYS,
2025-09-19,NINSYS,
2025-09-22,NINSYS,
2025-09-23,NINSYS,
2025-09-24,NINSYS,
2025-09-25,NINSYS,
2025-09-26,NINSYS,
2025-09-29,NINSYS,
2025-09-30,NINSYS,
2025-10-01,NINSYS,
2025-10-03,NINSYS,
2025-10-06,NINSYS,
2025-10-07,NINSYS,
2025-10-08,NINSYS,
2025-10-09,NINSYS,
2025-10-10,NINSYS,
2025-10-13,NINSYS,
2025-10-14,NINSYS,
2025-10-15,NINSYS,
2025-10-16,NINSYS,
2025-10-17,NINSYS,
2025-10-20,NINSYS,
2025-10-21,NINSYS,
2025-10-23,NINSYS,
2025-10-24,NINSYS,
2025-10-27,NINSYS,
2025-10-28,NINSYS,
2025-10-29,NINSYS,
2025-10-30,NINSYS,
2025-10-31,NINSYS,
2025-11-03,NINSYS,
2025-11-04,NINSYS,
2025-11-06,NINSYS,
2025-11-07,NINSYS,
2025-11-10,NINSYS,
2025-11-11,NINSYS,
2025-11-12,NINSYS,
2025-11-13,NINSYS,
2025-11-14,NINSYS,
2025-11-17,NINSYS,
2025-11-18,NINSYS,
2025-11-19,NINSYS,
2025-11-20,NINSYS,
2025-11-21,NINSYS,
2025-11-24,NINSYS,
2025-11-25,NINSYS,
2025-11-26,NINSYS,
2025-11-27,NINSYS,
2025-11-28,NINSYS,
2025-12-01,NINSYS,
2025-12-02,NINSYS,
2025-12-03,NINSYS,
2025-12-04,NINSYS,
2025-12-05,NINSYS,
2025-12-08,NINSYS,
2025-12-09,NINSYS,
2025-12-10,NINSYS,
2025-12-11,NINSYS,
2025-12-12,NINSYS,
2025-12-15,NINSYS,
2025-12-16,NINSYS,
2025-12-17,NINSYS,
2025-12-18,NINSYS,
2025-12-19,NINSYS,
2025-12-22,NINSYS,
2025-12-23,NINSYS,
2025-12-24,NINSYS,
2025-12-26,NINSYS,
2025-12-29,NINSYS,
2025-12-30,NINSYS,
2025-12-31,NINSYS,
2026-01-01,NINSYS,
2026-01-02,NINSYS,
2026-01-05,NINSYS,
2026-01-06,NINSYS,
2026-01-07,NINSYS,
2026-01-08,NINSYS,
2026-01-09,NINSYS,
2026-01-12,NINSYS,
2026-01-13,NINSYS,
2026-01-14,NINSYS,
2026-01-16,NINSYS,
2026-01-19,NINSYS,
2026-01-20,NINSYS,
2026-01-21,NINSYS,
2026-01-22,NINSYS,
2026-01-23,NINSYS,
2026-01-27,NINSYS,
2026-01-28,NINSYS,
2026-01-29,NINSYS,
2026-01-30,NINSYS,
2026-02-02,NINSYS,
2026-02-03,NINSYS,
2026-02-04,NINSYS,
2026-02-05,NINSYS,
2026-02-06,NINSYS,
2026-02-09,NINSYS,
2026-02-10,NINSYS,
2026-02-11,NINSYS,
2026-02-12,NINSYS,
2026-02-13,NINSYS,
2026-02-16,NINSYS,
2026-02-17,NINSYS,
2026-02-18,NINSYS,
2026-02-19,NINSYS,
2026-02-20,NINSYS,
2026-02-23,NINSYS,
2026-02-24,NINSYS,
2026-02-25,NINSYS,
2026-02-26,NINSYS,
2026-02-27,NINSYS,
2026-03-02,NINSYS,
2026-03-04,NINSYS,
2026-03-05,NINSYS,
2026-03-06,NINSYS,
2026-03-09,NINSYS,
2026-03-10,NINSYS,
2026-03-11,NINSYS,
2026-03-12,NINSYS,
2026-03-13,NINSYS,
2026-03-16,NINSYS,
2026-03-17,NINSYS,
2026-03-18,NINSYS,
2026-03-19,NINSYS,
2026-03-20,NINSYS,
2026-03-23,NINSYS,
2026-03-24,NINSYS,
2026-03-25,NINSYS,
2026-03-27,NINSYS,
2026-03-30,NINSYS,
2026-04-01,NINSYS,
2026-04-02,NINSYS,
2026-04-06,NINSYS,
2026-04-07,NINSYS,
2026-04-08,NINSYS,
2026-04-09,NINSYS,
2026-04-10,NINSYS,
2026-04-13,NINSYS,
2026-04-15,NINSYS,
2026-04-16,NINSYS,
2026-04-17,NINSYS,
2026-04-20,NINSYS,
2026-04-21,NINSYS,
2026-04-22,NINSYS,
2026-04-23,NINSYS,
2026-04-24,NINSYS,
2026-04-27,NINSYS,
2026-04-28,NINSYS,
2026-04-29,NINSYS,
2026-04-30,NINSYS,
2026-05-04,NINSYS,
2026-05-05,NINSYS,
2026-05-06,NINSYS,
2026-05-07,NINSYS,
2026-05-08,NINSYS,
2026-05-11,NINSYS,
2026-05-12,NINSYS,
2026-05-13,NINSYS,
2026-05-14,NINSYS,
2026-05-15,NINSYS,
2026-05-18,NINSYS,
2026-05-19,NINSYS,
2026-05-20,NINSYS,
2026-05-21,NINSYS,
2026-05-22,NINSYS,
2026-05-25,NINSYS,
2026-05-26,NINSYS,
2026-05-27,NINSYS,
2026-05-29,NINSYS,
2026-06-01,NINSYS,
2026-06-02,NINSYS,
2026-06-03,NINSYS,
2026-06-04,NINSYS,
2026-06-05,NINSYS,
2026-06-08,NINSYS,
2026-06-09,NINSYS,
2026-06-10,NINSYS,
2026-06-11,NINSYS,
2026-06-12,NINSYS,
2026-06-15,NINSYS,
2026-06-16,NINSYS,
2026-06-17,NINSYS,
2026-06-18,NINSYS,
2026-06-19,NINSYS,712.7917
2026-06-22,NINSYS,719.4374
2026-06-23,NINSYS,732.4377
2026-06-24,NINSYS,736.9726
2026-06-25,NINSYS,742.6084
2026-06-29,NINSYS,754.379
2026-06-30,NINSYS,766.9428
2026-07-01,NINSYS,766.9428
2026-07-02,NINSYS,766.9428
2026-07-03,NINSYS,766.9428
2026-07-06,NINSYS,766.9428
2026-07-07,NINSYS,766.9428
2026-07-08,NINSYS,766.9428
2026-07-09,NINSYS,766.9428
2026-07-10,NINSYS,766.9428
2026-07-13,NINSYS,766.9428
2026-07-14,NINSYS,766.9428
2026-07-15,NINSYS,766.9428
2026-07-16,NINSYS,766.9428
2026-07-17,NINSYS,766.9428
2026-07-20,NINSYS,766.9428
2026-07-21,NINSYS,766.9428
2026-07-22,NINSYS,766.9428
2026-07-23,NINSYS,766.9428
2026-07-24,NINSYS,766.9428
2026-07-27,NINSYS,766.9428
2026-07-28,NINSYS,766.9428
2026-07-29,NINSYS,766.9428
2026-07-30,NINSYS,766.9428
2026-07-31,NINSYS,766.9428
2026-08-03,NINSYS,766.9428
2026-08-04,NINSYS,766.9428
2026-08-05,NINSYS,766.9428
2026-08-06,NINSYS,766.9428
2026-08-07,NINSYS,766.9428
2026-08-10,NINSYS,766.9428
2026-08-11,NINSYS,766.9428
2026-08-12,NINSYS,766.9428
2026-08-13,NINSYS,766.9428
2026-08-14,NINSYS,766.9428
2026-08-17,NINSYS,766.9428
2026-08-18,NINSYS,766.9428
2026-08-19,NINSYS,766.9428
2026-08-20,NINSYS,766.9428
2026-08-21,NINSYS,766.9428
2026-08-24,NINSYS,766.9428
2026-08-25,NINSYS,766.9428
2026-08-26,NINSYS,766.9428
2026-08-27,NINSYS,766.9428
2026-08-28,NINSYS,766.9428
2026-08-31,NINSYS,766.9428
2026-09-01,NINSYS,766.9428
2026-09-02,NINSYS,766.9428
2026-09-03,NINSYS,766.9428
2026-09-04,NINSYS,766.9428
2026-09-07,NINSYS,766.9428
2026-09-08,NINSYS,766.9428
2026-09-09,NINSYS,766.9428
2026-09-10,NINSYS,766.9428
2026-09-11,NINSYS,766.9428
2025-08-29,NRL,
2025-09-01,NRL,
2025-09-02,NRL,
2025-09-03,NRL,
2025-09-04,NRL,
2025-09-05,NRL,
2025-09-08,NRL,
2025-09-09,NRL,
2025-09-10,NRL,
2025-09-11,NRL,
2025-09-12,NRL,
2025-09-15,NRL,
2025-09-16,NRL,
2025-09-17,NRL,
2025-09-18,NRL,
2025-09-19,NRL,
2025-09-22,NRL,
2025-09-23,NRL,
2025-09-24,NRL,
2025-09-25,NRL,
2025-09-26,NRL,
2025-09-29,NRL,
2025-09-30,NRL,
2025-10-01,NRL,
2025-10-03,NRL,
2025-10-06,NRL,
2025-10-07,NRL,
2025-10-08,NRL,
2025-10-09,NRL,
2025-10-10,NRL,
2025-10-13,NRL,
2025-10-14,NRL,
2025-10-15,NRL,
2025-10-16,NRL,
2025-10-17,NRL,
2025-10-20,NRL,
2025-10-21,NRL,
2025-10-23,NRL,
2025-10-24,NRL,
2025-10-27,NRL,
2025-10-28,NRL,
2025-10-29,NRL,
2025-10-30,NRL,
2025-10-31,NRL,
2025-11-03,NRL,
2025-11-04,NRL,
2025-11-06,NRL,
2025-11-07,NRL,
2025-11-10,NRL,
2025-11-11,NRL,
2025-11-12,NRL,
2025-11-13,NRL,
2025-11-14,NRL,
2025-11-17,NRL,
2025-11-18,NRL,
2025-11-19,NRL,
2025-11-20,NRL,
2025-11-21,NRL,
2025-11-24,NRL,
2025-11-25,NRL,
2025-11-26,NRL,
2025-11-27,NRL,
2025-11-28,NRL,
2025-12-01,NRL,
2025-12-02,NRL,
2025-12-03,NRL,
2025-12-04,NRL,
2025-12-05,NRL,
2025-12-08,NRL,
2025-12-09,NRL,
2025-12-10,NRL,
2025-12-11,NRL,
2025-12-12,NRL,
2025-12-15,NRL,
2025-12-16,NRL,
2025-12-17,NRL,
2025-12-18,NRL,
2025-12-19,NRL,
2025-12-22,NRL,
2025-12-23,NRL,
2025-12-24,NRL,
2025-12-26,NRL,
2025-12-29,NRL,
2025-12-30,NRL,
2025-12-31,NRL,
2026-01-01,NRL,
2026-01-02,NRL,
2026-01-05,NRL,
2026-01-06,NRL,
2026-01-07,NRL,
2026-01-08,NRL,
2026-01-09,NRL,
2026-01-12,NRL,
2026-01-13,NRL,
2026-01-14,NRL,
2026-01-16,NRL,
2026-01-19,NRL,
2026-01-20,NRL,
2026-01-21,NRL,
2026-01-22,NRL,
2026-01-23,NRL,
2026-01-27,NRL,
2026-01-28,NRL,
2026-01-29,NRL,
2026-01-30,NRL,
2026-02-02,NRL,
2026-02-03,NRL,
2026-02-04,NRL,
2026-02-05,NRL,
2026-02-06,NRL,
2026-02-09,NRL,
2026-02-10,NRL,
2026-02-11,NRL,
2026-02-12,NRL,
2026-02-13,NRL,
2026-02-16,NRL,
2026-02-17,NRL,
2026-02-18,NRL,
2026-02-19,NRL,
2026-02-20,NRL,
2026-02-23,NRL,
2026-02-24,NRL,
2026-02-25,NRL,
2026-02-26,NRL,
2026-02-27,NRL,
2026-03-02,NRL,
2026-03-04,NRL,
2026-03-05,NRL,
2026-03-06,NRL,
2026-03-09,NRL,
2026-03-10,NRL,
2026-03-11,NRL,
2026-03-12,NRL,
2026-03-13,NRL,
2026-03-16,NRL,
2026-03-17,NRL,
2026-03-18,NRL,
2026-03-19,NRL,
2026-03-20,NRL,
2026-03-23,NRL,
2026-03-24,NRL,
2026-03-25,NRL,
2026-03-27,NRL,
2026-03-30,NRL,
2026-04-01,NRL,
2026-04-02,NRL,
2026-04-06,NRL,
2026-04-07,NRL,
2026-04-08,NRL,
2026-04-09,NRL,
2026-04-10,NRL,
2026-04-13,NRL,
2026-04-15,NRL,
2026-04-16,NRL,
2026-04-17,NRL,
2026-04-20,NRL,
2026-04-21,NRL,
2026-04-22,NRL,
2026-04-23,NRL,
2026-04-24,NRL,
2026-04-27,NRL,
2026-04-28,NRL,
2026-04-29,NRL,
2026-04-30,NRL,
2026-05-04,NRL,
2026-05-05,NRL,
2026-05-06,NRL,
2026-05-07,NRL,
2026-05-08,NRL,
2026-05-11,NRL,
2026-05-12,NRL,
2026-05-13,NRL,
2026-05-14,NRL,
2026-05-15,NRL,
2026-05-18,NRL,
2026-05-19,NRL,
2026-05-20,NRL,
2026-05-21,NRL,
2026-05-22,NRL,
2026-05-25,NRL,
2026-05-26,NRL,
2026-05-27,NRL,
2026-05-29,NRL,
2026-06-01,NRL,
2026-06-02,NRL,
2026-06-03,NRL,
2026-06-04,NRL,
2026-06-05,NRL,
2026-06-08,NRL,
2026-06-09,NRL,
2026-06-10,NRL,
2026-06-11,NRL,
2026-06-12,NRL,
2026-06-15,NRL,
2026-06-16,NRL,
2026-06-17,NRL,
2026-06-18,NRL,
2026-06-19,NRL,
2026-06-22,NRL,
2026-06-23,NRL,
2026-06-24,NRL,83.06
2026-06-25,NRL,83.06
2026-06-29,NRL,83.06
2026-06-30,NRL,83.06
2026-07-01,NRL,83.06
2026-07-02,NRL,83.06
2026-07-03,NRL,83.06
2026-07-06,NRL,83.06
2026-07-07,NRL,83.06
2026-07-08,NRL,83.06
2026-07-09,NRL,83.06
2026-07-10,NRL,83.06
2026-07-13,NRL,83.06
2026-07-14,NRL,83.06
2026-07-15,NRL,83.06
2026-07-16,NRL,83.06
2026-07-17,NRL,83.06
2026-07-20,NRL,83.06
2026-07-21,NRL,83.06
2026-07-22,NRL,83.06
2026-07-23,NRL,83.06
2026-07-24,NRL,83.06
2026-07-27,NRL,83.06
2026-07-28,NRL,83.06
2026-07-29,NRL,83.06
2026-07-30,NRL,83.06
2026-07-31,NRL,83.06
2026-08-03,NRL,83.06
2026-08-04,NRL,83.06
2026-08-05,NRL,83.06
2026-08-06,NRL,83.06
2026-08-07,NRL,83.06
2026-08-10,NRL,83.06
2026-08-11,NRL,83.06
2026-08-12,NRL,83.06
2026-08-13,NRL,83.06
2026-08-14,NRL,83.06
2026-08-17,NRL,83.06
2026-08-18,NRL,83.06
2026-08-19,NRL,83.06
2026-08-20,NRL,83.06
2026-08-21,NRL,83.06
2026-08-24,NRL,83.06
2026-08-25,NRL,83.06
2026-08-26,NRL,83.06
2026-08-27,NRL,83.06
2026-08-28,NRL,83.06
2026-08-31,NRL,83.06
2026-09-01,NRL,83.06
2026-09-02,NRL,83.06
2026-09-03,NRL,83.06
2026-09-04,NRL,83.06
2026-09-07,NRL,83.06
2026-09-08,NRL,83.06
2026-09-09,NRL,83.06
2026-09-10,NRL,83.06
2026-09-11,NRL,83.06
2025-08-29,NURECA,
2025-09-01,NURECA,
2025-09-02,NURECA,
2025-09-03,NURECA,
2025-09-04,NURECA,
2025-09-05,NURECA,
2025-09-08,NURECA,
2025-09-09,NURECA,
2025-09-10,NURECA,
2025-09-11,NURECA,
2025-09-12,NURECA,
2025-09-15,NURECA,
2025-09-16,NURECA,
2025-09-17,NURECA,
2025-09-18,NURECA,
2025-09-19,NURECA,
2025-09-22,NURECA,
2025-09-23,NURECA,
2025-09-24,NURECA,
2025-09-25,NURECA,
2025-09-26,NURECA,
2025-09-29,NURECA,
2025-09-30,NURECA,
2025-10-01,NURECA,
2025-10-03,NURECA,
2025-10-06,NURECA,
2025-10-07,NURECA,
2025-10-08,NURECA,
2025-10-09,NURECA,
2025-10-10,NURECA,
2025-10-13,NURECA,
2025-10-14,NURECA,
2025-10-15,NURECA,
2025-10-16,NURECA,
2025-10-17,NURECA,
2025-10-20,NURECA,
2025-10-21,NURECA,
2025-10-23,NURECA,
2025-10-24,NURECA,
2025-10-27,NURECA,
2025-10-28,NURECA,
2025-10-29,NURECA,
2025-10-30,NURECA,
2025-10-31,NURECA,
2025-11-03,NURECA,
2025-11-04,NURECA,
2025-11-06,NURECA,
2025-11-07,NURECA,
2025-11-10,NURECA,
2025-11-11,NURECA,
2025-11-12,NURECA,
2025-11-13,NURECA,
2025-11-14,NURECA,
2025-11-17,NURECA,
2025-11-18,NURECA,
2025-11-19,NURECA,
2025-11-20,NURECA,
2025-11-21,NURECA,
2025-11-24,NURECA,
2025-11-25,NURECA,
2025-11-26,NURECA,
2025-11-27,NURECA,
2025-11-28,NURECA,
2025-12-01,NURECA,
2025-12-02,NURECA,
2025-12-03,NURECA,
2025-12-04,NURECA,
2025-12-05,NURECA,
2025-12-08,NURECA,
2025-12-09,NURECA,
2025-12-10,NURECA,
2025-12-11,NURECA,
2025-12-12,NURECA,
2025-12-15,NURECA,
2025-12-16,NURECA,
2025-12-17,NURECA,
2025-12-18,NURECA,
2025-12-19,NURECA,
2025-12-22,NURECA,
2025-12-23,NURECA,
2025-12-24,NURECA,
2025-12-26,NURECA,
2025-12-29,NURECA,
2025-12-30,NURECA,
2025-12-31,NURECA,
2026-01-01,NURECA,
2026-01-02,NURECA,
2026-01-05,NURECA,
2026-01-06,NURECA,
2026-01-07,NURECA,
2026-01-08,NURECA,
2026-01-09,NURECA,
2026-01-12,NURECA,
2026-01-13,NURECA,
2026-01-14,NURECA,
2026-01-16,NURECA,
2026-01-19,NURECA,
2026-01-20,NURECA,
2026-01-21,NURECA,
2026-01-22,NURECA,
2026-01-23,NURECA,
2026-01-27,NURECA,
2026-01-28,NURECA,
2026-01-29,NURECA,
2026-01-30,NURECA,
2026-02-02,NURECA,
2026-02-03,NURECA,
2026-02-04,NURECA,
2026-02-05,NURECA,
2026-02-06,NURECA,
2026-02-09,NURECA,
2026-02-10,NURECA,
2026-02-11,NURECA,
2026-02-12,NURECA,
2026-02-13,NURECA,
2026-02-16,NURECA,
2026-02-17,NURECA,
2026-02-18,NURECA,
2026-02-19,NURECA,
2026-02-20,NURECA,
2026-02-23,NURECA,
2026-02-24,NURECA,
2026-02-25,NURECA,
2026-02-26,NURECA,
2026-02-27,NURECA,
2026-03-02,NURECA,
2026-03-04,NURECA,
2026-03-05,NURECA,
2026-03-06,NURECA,
2026-03-09,NURECA,
2026-03-10,NURECA,
2026-03-11,NURECA,
2026-03-12,NURECA,
2026-03-13,NURECA,
2026-03-16,NURECA,
2026-03-17,NURECA,
2026-03-18,NURECA,
2026-03-19,NURECA,
2026-03-20,NURECA,
2026-03-23,NURECA,
2026-03-24,NURECA,
2026-03-25,NURECA,
2026-03-27,NURECA,
2026-03-30,NURECA,
2026-04-01,NURECA,
2026-04-02,NURECA,
2026-04-06,NURECA,
2026-04-07,NURECA,
2026-04-08,NURECA,
2026-04-09,NURECA,
2026-04-10,NURECA,
2026-04-13,NURECA,
2026-04-15,NURECA,
2026-04-16,NURECA,
2026-04-17,NURECA,
2026-04-20,NURECA,
2026-04-21,NURECA,
2026-04-22,NURECA,
2026-04-23,NURECA,
2026-04-24,NURECA,
2026-04-27,NURECA,
2026-04-28,NURECA,
2026-04-29,NURECA,
2026-04-30,NURECA,
2026-05-04,NURECA,
2026-05-05,NURECA,
2026-05-06,NURECA,
2026-05-07,NURECA,
2026-05-08,NURECA,
2026-05-11,NURECA,
2026-05-12,NURECA,
2026-05-13,NURECA,
2026-05-14,NURECA,
2026-05-15,NURECA,
2026-05-18,NURECA,
2026-05-19,NURECA,
2026-05-20,NURECA,
2026-05-21,NURECA,
2026-05-22,NURECA,
2026-05-25,NURECA,
2026-05-26,NURECA,
2026-05-27,NURECA,
2026-05-29,NURECA,
2026-06-01,NURECA,
2026-06-02,NURECA,
2026-06-03,NURECA,
2026-06-04,NURECA,
2026-06-05,NURECA,
2026-06-08,NURECA,
2026-06-09,NURECA,
2026-06-10,NURECA,
2026-06-11,NURECA,
2026-06-12,NURECA,
2026-06-15,NURECA,
2026-06-16,NURECA,
2026-06-17,NURECA,
2026-06-18,NURECA,
2026-06-19,NURECA,
2026-06-22,NURECA,
2026-06-23,NURECA,
2026-06-24,NURECA,
2026-06-25,NURECA,
2026-06-29,NURECA,
2026-06-30,NURECA,
2026-07-01,NURECA,
2026-07-02,NURECA,
2026-07-03,NURECA,
2026-07-06,NURECA,
2026-07-07,NURECA,
2026-07-08,NURECA,
2026-07-09,NURECA,
2026-07-10,NURECA,
2026-07-13,NURECA,
2026-07-14,NURECA,
2026-07-15,NURECA,
2026-07-16,NURECA,
2026-07-17,NURECA,
2026-07-20,NURECA,
2026-07-21,NURECA,
2026-07-22,NURECA,
2026-07-23,NURECA,
2026-07-24,NURECA,301.0555
2026-07-27,NURECA,308.4266
2026-07-28,NURECA,308.8196
2026-07-29,NURECA,310.9254
2026-07-30,NURECA,310.9254
2026-07-31,NURECA,311.6924
2026-08-03,NURECA,311.6924
2026-08-04,NURECA,311.6924
2026-08-05,NURECA,311.6924
2026-08-06,NURECA,311.6924
2026-08-07,NURECA,311.6924
2026-08-10,NURECA,311.6924
2026-08-11,NURECA,311.6924
2026-08-12,NURECA,311.6924
2026-08-13,NURECA,311.6924
2026-08-14,NURECA,311.6924
2026-08-17,NURECA,311.6924
2026-08-18,NURECA,311.6924
2026-08-19,NURECA,311.6924
2026-08-20,NURECA,311.6924
2026-08-21,NURECA,311.6924
2026-08-24,NURECA,311.6924
2026-08-25,NURECA,311.6924
2026-08-26,NURECA,311.2969
2026-08-27,NURECA,311.0821
2026-08-28,NURECA,316.1468
2026-08-31,NURECA,316.1468
2026-09-01,NURECA,316.1468
2026-09-02,NURECA,316.1468
2026-09-03,NURECA,316.1468
2026-09-04,NURECA,316.1468
2026-09-07,NURECA,316.1468
2026-09-08,NURECA,316.2199
2026-09-09,NURECA,316.4841
2026-09-10,NURECA,316.4841
2026-09-11,NURECA,316.4841
2025-08-29,OBCL,
2025-09-01,OBCL,
2025-09-02,OBCL,
2025-09-03,OBCL,
2025-09-04,OBCL,
2025-09-05,OBCL,
2025-09-08,OBCL,
2025-09-09,OBCL,
2025-09-10,OBCL,
2025-09-11,OBCL,
2025-09-12,OBCL,
2025-09-15,OBCL,
2025-09-16,OBCL,
2025-09-17,OBCL,
2025-09-18,OBCL,
2025-09-19,OBCL,
2025-09-22,OBCL,
2025-09-23,OBCL,
2025-09-24,OBCL,
2025-09-25,OBCL,
2025-09-26,OBCL,
2025-09-29,OBCL,
2025-09-30,OBCL,
2025-10-01,OBCL,
2025-10-03,OBCL,
2025-10-06,OBCL,
2025-10-07,OBCL,
2025-10-08,OBCL,
2025-10-09,OBCL,
2025-10-10,OBCL,
2025-10-13,OBCL,
2025-10-14,OBCL,
2025-10-15,OBCL,
2025-10-16,OBCL,
2025-10-17,OBCL,
2025-10-20,OBCL,
2025-10-21,OBCL,
2025-10-23,OBCL,
2025-10-24,OBCL,
2025-10-27,OBCL,
2025-10-28,OBCL,
2025-10-29,OBCL,
2025-10-30,OBCL,
2025-10-31,OBCL,
2025-11-03,OBCL,
2025-11-04,OBCL,
2025-11-06,OBCL,
2025-11-07,OBCL,
2025-11-10,OBCL,
2025-11-11,OBCL,
2025-11-12,OBCL,
2025-11-13,OBCL,
2025-11-14,OBCL,
2025-11-17,OBCL,
2025-11-18,OBCL,
2025-11-19,OBCL,
2025-11-20,OBCL,
2025-11-21,OBCL,
2025-11-24,OBCL,
2025-11-25,OBCL,
2025-11-26,OBCL,
2025-11-27,OBCL,
2025-11-28,OBCL,
2025-12-01,OBCL,
2025-12-02,OBCL,
2025-12-03,OBCL,
2025-12-04,OBCL,
2025-12-05,OBCL,
2025-12-08,OBCL,
2025-12-09,OBCL,
2025-12-10,OBCL,
2025-12-11,OBCL,
2025-12-12,OBCL,
2025-12-15,OBCL,
2025-12-16,OBCL,
2025-12-17,OBCL,
2025-12-18,OBCL,
2025-12-19,OBCL,
2025-12-22,OBCL,
2025-12-23,OBCL,
2025-12-24,OBCL,
2025-12-26,OBCL,
2025-12-29,OBCL,
2025-12-30,OBCL,
2025-12-31,OBCL,
2026-01-01,OBCL,
2026-01-02,OBCL,
2026-01-05,OBCL,
2026-01-06,OBCL,
2026-01-07,OBCL,
2026-01-08,OBCL,
2026-01-09,OBCL,
2026-01-12,OBCL,
2026-01-13,OBCL,
2026-01-14,OBCL,
2026-01-16,OBCL,
2026-01-19,OBCL,
2026-01-20,OBCL,
2026-01-21,OBCL,
2026-01-22,OBCL,
2026-01-23,OBCL,
2026-01-27,OBCL,
2026-01-28,OBCL,
2026-01-29,OBCL,
2026-01-30,OBCL,
2026-02-02,OBCL,
2026-02-03,OBCL,
2026-02-04,OBCL,
2026-02-05,OBCL,
2026-02-06,OBCL,
2026-02-09,OBCL,
2026-02-10,OBCL,
2026-02-11,OBCL,
2026-02-12,OBCL,
2026-02-13,OBCL,
2026-02-16,OBCL,
2026-02-17,OBCL,
2026-02-18,OBCL,
2026-02-19,OBCL,
2026-02-20,OBCL,
2026-02-23,OBCL,
2026-02-24,OBCL,
2026-02-25,OBCL,
2026-02-26,OBCL,
2026-02-27,OBCL,
2026-03-02,OBCL,
2026-03-04,OBCL,
2026-03-05,OBCL,
2026-03-06,OBCL,
2026-03-09,OBCL,
2026-03-10,OBCL,
2026-03-11,OBCL,
2026-03-12,OBCL,
2026-03-13,OBCL,
2026-03-16,OBCL,
2026-03-17,OBCL,
2026-03-18,OBCL,
2026-03-19,OBCL,
2026-03-20,OBCL,
2026-03-23,OBCL,
2026-03-24,OBCL,
2026-03-25,OBCL,
2026-03-27,OBCL,
2026-03-30,OBCL,
2026-04-01,OBCL,
2026-04-02,OBCL,
2026-04-06,OBCL,
2026-04-07,OBCL,
2026-04-08,OBCL,
2026-04-09,OBCL,
2026-04-10,OBCL,
2026-04-13,OBCL,
2026-04-15,OBCL,
2026-04-16,OBCL,
2026-04-17,OBCL,
2026-04-20,OBCL,
2026-04-21,OBCL,
2026-04-22,OBCL,
2026-04-23,OBCL,
2026-04-24,OBCL,
2026-04-27,OBCL,
2026-04-28,OBCL,
2026-04-29,OBCL,
2026-04-30,OBCL,
2026-05-04,OBCL,
2026-05-05,OBCL,
2026-05-06,OBCL,
2026-05-07,OBCL,
2026-05-08,OBCL,
2026-05-11,OBCL,
2026-05-12,OBCL,
2026-05-13,OBCL,
2026-05-14,OBCL,
2026-05-15,OBCL,
2026-05-18,OBCL,
2026-05-19,OBCL,
2026-05-20,OBCL,
2026-05-21,OBCL,
2026-05-22,OBCL,
2026-05-25,OBCL,
2026-05-26,OBCL,
2026-05-27,OBCL,
2026-05-29,OBCL,
2026-06-01,OBCL,
2026-06-02,OBCL,
2026-06-03,OBCL,
2026-06-04,OBCL,
2026-06-05,OBCL,
2026-06-08,OBCL,
2026-06-09,OBCL,
2026-06-10,OBCL,
2026-06-11,OBCL,
2026-06-12,OBCL,
2026-06-15,OBCL,
2026-06-16,OBCL,
2026-06-17,OBCL,
2026-06-18,OBCL,
2026-06-19,OBCL,
2026-06-22,OBCL,
2026-06-23,OBCL,
2026-06-24,OBCL,
2026-06-25,OBCL,
2026-06-29,OBCL,
2026-06-30,OBCL,
2026-07-01,OBCL,
2026-07-02,OBCL,
2026-07-03,OBCL,
2026-07-06,OBCL,
2026-07-07,OBCL,
2026-07-08,OBCL,
2026-07-09,OBCL,
2026-07-10,OBCL,
2026-07-13,OBCL,
2026-07-14,OBCL,
2026-07-15,OBCL,
2026-07-16,OBCL,
2026-07-17,OBCL,
2026-07-20,OBCL,
2026-07-21,OBCL,
2026-07-22,OBCL,
2026-07-23,OBCL,
2026-07-24,OBCL,
2026-07-27,OBCL,
2026-07-28,OBCL,
2026-07-29,OBCL,
2026-07-30,OBCL,
2026-07-31,OBCL,
2026-08-03,OBCL,
2026-08-04,OBCL,
2026-08-05,OBCL,53.0598
2026-08-06,OBCL,53.0598
2026-08-07,OBCL,53.0598
2026-08-10,OBCL,53.1011
2026-08-11,OBCL,53.1011
2026-08-12,OBCL,53.1011
2026-08-13,OBCL,52.9444
2026-08-14,OBCL,52.9444
2026-08-17,OBCL,52.9444
2026-08-18,OBCL,53.0231
2026-08-19,OBCL,53.0231
2026-08-20,OBCL,53.0231
2026-08-21,OBCL,53.1663
2026-08-24,OBCL,53.1663
2026-08-25,OBCL,53.2372
2026-08-26,OBCL,53.2372
2026-08-27,OBCL,53.2372
2026-08-28,OBCL,53.2372
2026-08-31,OBCL,53.2372
2026-09-01,OBCL,53.2372
2026-09-02,OBCL,53.2703
2026-09-03,OBCL,53.2703
2026-09-04,OBCL,53.2703
2026-09-07,OBCL,53.3012
2026-09-08,OBCL,53.3012
2026-09-09,OBCL,53.3012
2026-09-10,OBCL,53.3321
2026-09-11,OBCL,53.3321
2026-04-17,OMPOWER,
2026-04-20,OMPOWER,
2026-04-21,OMPOWER,
2026-04-22,OMPOWER,
2026-04-23,OMPOWER,
2026-04-24,OMPOWER,
2026-04-27,OMPOWER,
2026-04-28,OMPOWER,
2026-04-29,OMPOWER,
2026-04-30,OMPOWER,
2026-05-04,OMPOWER,
2026-05-05,OMPOWER,
2026-05-06,OMPOWER,
2026-05-07,OMPOWER,
2026-05-08,OMPOWER,
2026-05-11,OMPOWER,
2026-05-12,OMPOWER,
2026-05-13,OMPOWER,
2026-05-14,OMPOWER,
2026-05-15,OMPOWER,
2026-05-18,OMPOWER,
2026-05-19,OMPOWER,
2026-05-20,OMPOWER,
2026-05-21,OMPOWER,
2026-05-22,OMPOWER,
2026-05-25,OMPOWER,
2026-05-26,OMPOWER,
2026-05-27,OMPOWER,
2026-05-29,OMPOWER,
2026-06-01,OMPOWER,
2026-06-02,OMPOWER,
2026-06-03,OMPOWER,
2026-06-04,OMPOWER,
2026-06-05,OMPOWER,
2026-06-08,OMPOWER,
2026-06-09,OMPOWER,
2026-06-10,OMPOWER,
2026-06-11,OMPOWER,
2026-06-12,OMPOWER,
2026-06-15,OMPOWER,
2026-06-16,OMPOWER,
2026-06-17,OMPOWER,
2026-06-18,OMPOWER,
2026-06-19,OMPOWER,
2026-06-22,OMPOWER,
2026-06-23,OMPOWER,
2026-06-24,OMPOWER,182.6946
2026-06-25,OMPOWER,182.6946
2026-06-29,OMPOWER,182.6946
2026-06-30,OMPOWER,182.6946
2026-07-01,OMPOWER,182.6946
2026-07-02,OMPOWER,182.6946
2026-07-03,OMPOWER,182.6946
2026-07-06,OMPOWER,182.6946
2026-07-07,OMPOWER,182.6946
2026-07-08,OMPOWER,182.6946
2026-07-09,OMPOWER,182.6946
2026-07-10,OMPOWER,182.6946
2026-07-13,OMPOWER,182.6946
2026-07-14,OMPOWER,182.6946
2026-07-15,OMPOWER,182.6946
2026-07-16,OMPOWER,182.6946
2026-07-17,OMPOWER,182.6946
2026-07-20,OMPOWER,182.6946
2026-07-21,OMPOWER,182.6946
2026-07-22,OMPOWER,182.6946
2026-07-23,OMPOWER,182.6946
2026-07-24,OMPOWER,182.6946
2026-07-27,OMPOWER,182.6946
2026-07-28,OMPOWER,182.6946
2026-07-29,OMPOWER,182.6946
2026-07-30,OMPOWER,182.6946
2026-07-31,OMPOWER,182.6946
2026-08-03,OMPOWER,182.6946
2026-08-04,OMPOWER,182.6946
2026-08-05,OMPOWER,182.6946
2026-08-06,OMPOWER,182.6946
2026-08-07,OMPOWER,182.6946
2026-08-10,OMPOWER,182.6946
2026-08-11,OMPOWER,182.6946
2026-08-12,OMPOWER,182.6946
2026-08-13,OMPOWER,182.6946
2026-08-14,OMPOWER,182.6946
2026-08-17,OMPOWER,182.6946
2026-08-18,OMPOWER,182.6946
2026-08-19,OMPOWER,182.6946
2026-08-20,OMPOWER,182.6946
2026-08-21,OMPOWER,182.6946
2026-08-24,OMPOWER,182.6946
2026-08-25,OMPOWER,182.6946
2026-08-26,OMPOWER,182.6946
2026-08-27,OMPOWER,182.6946
2026-08-28,OMPOWER,182.6946
2026-08-31,OMPOWER,182.6946
2026-09-01,OMPOWER,182.6946
2026-09-02,OMPOWER,182.6946
2026-09-03,OMPOWER,182.6946
2026-09-04,OMPOWER,182.6946
2026-09-07,OMPOWER,182.6946
2026-09-08,OMPOWER,182.6946
2026-09-09,OMPOWER,182.6946
2026-09-10,OMPOWER,182.6946
2026-09-11,OMPOWER,182.6946
2025-08-29,PARADEEP,
2025-09-01,PARADEEP,
2025-09-02,PARADEEP,
2025-09-03,PARADEEP,
2025-09-04,PARADEEP,
2025-09-05,PARADEEP,
2025-09-08,PARADEEP,
2025-09-09,PARADEEP,
2025-09-10,PARADEEP,
2025-09-11,PARADEEP,
2025-09-12,PARADEEP,
2025-09-15,PARADEEP,
2025-09-16,PARADEEP,
2025-09-17,PARADEEP,
2025-09-18,PARADEEP,
2025-09-19,PARADEEP,
2025-09-22,PARADEEP,
2025-09-23,PARADEEP,
2025-09-24,PARADEEP,
2025-09-25,PARADEEP,
2025-09-26,PARADEEP,
2025-09-29,PARADEEP,
2025-09-30,PARADEEP,
2025-10-01,PARADEEP,
2025-10-03,PARADEEP,
2025-10-06,PARADEEP,
2025-10-07,PARADEEP,
2025-10-08,PARADEEP,
2025-10-09,PARADEEP,
2025-10-10,PARADEEP,
2025-10-13,PARADEEP,
2025-10-14,PARADEEP,
2025-10-15,PARADEEP,
2025-10-16,PARADEEP,
2025-10-17,PARADEEP,
2025-10-20,PARADEEP,
2025-10-21,PARADEEP,
2025-10-23,PARADEEP,
2025-10-24,PARADEEP,
2025-10-27,PARADEEP,
2025-10-28,PARADEEP,
2025-10-29,PARADEEP,
2025-10-30,PARADEEP,
2025-10-31,PARADEEP,
2025-11-03,PARADEEP,
2025-11-04,PARADEEP,
2025-11-06,PARADEEP,
2025-11-07,PARADEEP,
2025-11-10,PARADEEP,
2025-11-11,PARADEEP,
2025-11-12,PARADEEP,
2025-11-13,PARADEEP,
2025-11-14,PARADEEP,
2025-11-17,PARADEEP,
2025-11-18,PARADEEP,
2025-11-19,PARADEEP,
2025-11-20,PARADEEP,
2025-11-21,PARADEEP,
2025-11-24,PARADEEP,
2025-11-25,PARADEEP,
2025-11-26,PARADEEP,
2025-11-27,PARADEEP,
2025-11-28,PARADEEP,
2025-12-01,PARADEEP,
2025-12-02,PARADEEP,
2025-12-03,PARADEEP,
2025-12-04,PARADEEP,
2025-12-05,PARADEEP,
2025-12-08,PARADEEP,
2025-12-09,PARADEEP,
2025-12-10,PARADEEP,
2025-12-11,PARADEEP,
2025-12-12,PARADEEP,
2025-12-15,PARADEEP,
2025-12-16,PARADEEP,
2025-12-17,PARADEEP,
2025-12-18,PARADEEP,
2025-12-19,PARADEEP,
2025-12-22,PARADEEP,
2025-12-23,PARADEEP,
2025-12-24,PARADEEP,
2025-12-26,PARADEEP,
2025-12-29,PARADEEP,
2025-12-30,PARADEEP,
2025-12-31,PARADEEP,
2026-01-01,PARADEEP,
2026-01-02,PARADEEP,
2026-01-05,PARADEEP,
2026-01-06,PARADEEP,
2026-01-07,PARADEEP,
2026-01-08,PARADEEP,
2026-01-09,PARADEEP,
2026-01-12,PARADEEP,
2026-01-13,PARADEEP,
2026-01-14,PARADEEP,
2026-01-16,PARADEEP,
2026-01-19,PARADEEP,
2026-01-20,PARADEEP,
2026-01-21,PARADEEP,
2026-01-22,PARADEEP,
2026-01-23,PARADEEP,
2026-01-27,PARADEEP,
2026-01-28,PARADEEP,
2026-01-29,PARADEEP,
2026-01-30,PARADEEP,
2026-02-02,PARADEEP,
2026-02-03,PARADEEP,
2026-02-04,PARADEEP,
2026-02-05,PARADEEP,
2026-02-06,PARADEEP,
2026-02-09,PARADEEP,
2026-02-10,PARADEEP,
2026-02-11,PARADEEP,
2026-02-12,PARADEEP,
2026-02-13,PARADEEP,
2026-02-16,PARADEEP,
2026-02-17,PARADEEP,
2026-02-18,PARADEEP,
2026-02-19,PARADEEP,
2026-02-20,PARADEEP,
2026-02-23,PARADEEP,
2026-02-24,PARADEEP,
2026-02-25,PARADEEP,
2026-02-26,PARADEEP,
2026-02-27,PARADEEP,
2026-03-02,PARADEEP,
2026-03-04,PARADEEP,
2026-03-05,PARADEEP,
2026-03-06,PARADEEP,
2026-03-09,PARADEEP,
2026-03-10,PARADEEP,
2026-03-11,PARADEEP,
2026-03-12,PARADEEP,
2026-03-13,PARADEEP,
2026-03-16,PARADEEP,
2026-03-17,PARADEEP,
2026-03-18,PARADEEP,
2026-03-19,PARADEEP,
2026-03-20,PARADEEP,
2026-03-23,PARADEEP,
2026-03-24,PARADEEP,
2026-03-25,PARADEEP,
2026-03-27,PARADEEP,
2026-03-30,PARADEEP,
2026-04-01,PARADEEP,
2026-04-02,PARADEEP,
2026-04-06,PARADEEP,
2026-04-07,PARADEEP,
2026-04-08,PARADEEP,
2026-04-09,PARADEEP,
2026-04-10,PARADEEP,
2026-04-13,PARADEEP,
2026-04-15,PARADEEP,
2026-04-16,PARADEEP,
2026-04-17,PARADEEP,
2026-04-20,PARADEEP,
2026-04-21,PARADEEP,
2026-04-22,PARADEEP,
2026-04-23,PARADEEP,
2026-04-24,PARADEEP,
2026-04-27,PARADEEP,
2026-04-28,PARADEEP,
2026-04-29,PARADEEP,
2026-04-30,PARADEEP,
2026-05-04,PARADEEP,
2026-05-05,PARADEEP,
2026-05-06,PARADEEP,
2026-05-07,PARADEEP,
2026-05-08,PARADEEP,
2026-05-11,PARADEEP,
2026-05-12,PARADEEP,
2026-05-13,PARADEEP,
2026-05-14,PARADEEP,
2026-05-15,PARADEEP,
2026-05-18,PARADEEP,
2026-05-19,PARADEEP,
2026-05-20,PARADEEP,
2026-05-21,PARADEEP,
2026-05-22,PARADEEP,
2026-05-25,PARADEEP,
2026-05-26,PARADEEP,
2026-05-27,PARADEEP,
2026-05-29,PARADEEP,
2026-06-01,PARADEEP,
2026-06-02,PARADEEP,
2026-06-03,PARADEEP,
2026-06-04,PARADEEP,
2026-06-05,PARADEEP,
2026-06-08,PARADEEP,
2026-06-09,PARADEEP,
2026-06-10,PARADEEP,
2026-06-11,PARADEEP,
2026-06-12,PARADEEP,
2026-06-15,PARADEEP,
2026-06-16,PARADEEP,
2026-06-17,PARADEEP,
2026-06-18,PARADEEP,132.94
2026-06-19,PARADEEP,134.5284
2026-06-22,PARADEEP,134.5284
2026-06-23,PARADEEP,134.5284
2026-06-24,PARADEEP,134.5284
2026-06-25,PARADEEP,134.5284
2026-06-29,PARADEEP,134.5284
2026-06-30,PARADEEP,134.5284
2026-07-01,PARADEEP,134.5284
2026-07-02,PARADEEP,134.5284
2026-07-03,PARADEEP,134.5284
2026-07-06,PARADEEP,134.5284
2026-07-07,PARADEEP,134.5284
2026-07-08,PARADEEP,134.5284
2026-07-09,PARADEEP,134.5284
2026-07-10,PARADEEP,134.5284
2026-07-13,PARADEEP,134.5284
2026-07-14,PARADEEP,134.5284
2026-07-15,PARADEEP,134.5284
2026-07-16,PARADEEP,134.5284
2026-07-17,PARADEEP,134.5284
2026-07-20,PARADEEP,134.5284
2026-07-21,PARADEEP,134.5284
2026-07-22,PARADEEP,134.5284
2026-07-23,PARADEEP,134.5284
2026-07-24,PARADEEP,134.5284
2026-07-27,PARADEEP,134.5284
2026-07-28,PARADEEP,134.5284
2026-07-29,PARADEEP,134.5284
2026-07-30,PARADEEP,134.5284
2026-07-31,PARADEEP,134.5284
2026-08-03,PARADEEP,134.5284
2026-08-04,PARADEEP,134.5284
2026-08-05,PARADEEP,134.5284
2026-08-06,PARADEEP,134.5284
2026-08-07,PARADEEP,134.5284
2026-08-10,PARADEEP,134.5284
2026-08-11,PARADEEP,134.5284
2026-08-12,PARADEEP,134.5284
2026-08-13,PARADEEP,134.5284
2026-08-14,PARADEEP,134.5284
2026-08-17,PARADEEP,134.5284
2026-08-18,PARADEEP,134.5284
2026-08-19,PARADEEP,138.6436
2026-08-20,PARADEEP,138.6436
2026-08-21,PARADEEP,138.6436
2026-08-24,PARADEEP,138.6436
2026-08-25,PARADEEP,138.6436
2026-08-26,PARADEEP,138.6436
2026-08-27,PARADEEP,138.6436
2026-08-28,PARADEEP,138.6436
2026-08-31,PARADEEP,138.6436
2026-09-01,PARADEEP,138.6436
2026-09-02,PARADEEP,138.6436
2026-09-03,PARADEEP,138.6436
2026-09-04,PARADEEP,138.6436
2026-09-07,PARADEEP,138.6436
2026-09-08,PARADEEP,138.6436
2026-09-09,PARADEEP,138.6436
2026-09-10,PARADEEP,138.6436
2026-09-11,PARADEEP,138.6436
2025-08-29,PKTEA,
2025-09-01,PKTEA,
2025-09-02,PKTEA,
2025-09-03,PKTEA,
2025-09-04,PKTEA,
2025-09-05,PKTEA,
2025-09-08,PKTEA,
2025-09-09,PKTEA,
2025-09-10,PKTEA,
2025-09-11,PKTEA,
2025-09-12,PKTEA,
2025-09-15,PKTEA,
2025-09-16,PKTEA,
2025-09-17,PKTEA,
2025-09-18,PKTEA,
2025-09-19,PKTEA,
2025-09-22,PKTEA,
2025-09-23,PKTEA,
2025-09-24,PKTEA,
2025-09-25,PKTEA,
2025-09-26,PKTEA,
2025-09-29,PKTEA,
2025-09-30,PKTEA,
2025-10-01,PKTEA,
2025-10-03,PKTEA,
2025-10-06,PKTEA,
2025-10-07,PKTEA,
2025-10-08,PKTEA,
2025-10-09,PKTEA,
2025-10-10,PKTEA,
2025-10-13,PKTEA,
2025-10-14,PKTEA,
2025-10-15,PKTEA,
2025-10-16,PKTEA,
2025-10-17,PKTEA,
2025-10-20,PKTEA,
2025-10-21,PKTEA,
2025-10-23,PKTEA,
2025-10-24,PKTEA,
2025-10-27,PKTEA,
2025-10-28,PKTEA,
2025-10-29,PKTEA,
2025-10-30,PKTEA,
2025-10-31,PKTEA,
2025-11-03,PKTEA,
2025-11-04,PKTEA,
2025-11-06,PKTEA,
2025-11-07,PKTEA,
2025-11-10,PKTEA,
2025-11-11,PKTEA,
2025-11-12,PKTEA,
2025-11-13,PKTEA,
2025-11-14,PKTEA,
2025-11-17,PKTEA,
2025-11-18,PKTEA,
2025-11-19,PKTEA,
2025-11-20,PKTEA,
2025-11-21,PKTEA,
2025-11-24,PKTEA,
2025-11-25,PKTEA,
2025-11-26,PKTEA,
2025-11-27,PKTEA,
2025-11-28,PKTEA,
2025-12-01,PKTEA,
2025-12-02,PKTEA,
2025-12-03,PKTEA,
2025-12-04,PKTEA,
2025-12-05,PKTEA,
2025-12-08,PKTEA,
2025-12-09,PKTEA,
2025-12-10,PKTEA,
2025-12-11,PKTEA,
2025-12-12,PKTEA,
2025-12-15,PKTEA,
2025-12-16,PKTEA,
2025-12-17,PKTEA,
2025-12-18,PKTEA,
2025-12-19,PKTEA,
2025-12-22,PKTEA,
2025-12-23,PKTEA,
2025-12-24,PKTEA,
2025-12-26,PKTEA,
2025-12-29,PKTEA,
2025-12-30,PKTEA,
2025-12-31,PKTEA,
2026-01-01,PKTEA,
2026-01-02,PKTEA,
2026-01-05,PKTEA,
2026-01-06,PKTEA,
2026-01-07,PKTEA,
2026-01-08,PKTEA,
2026-01-09,PKTEA,
2026-01-12,PKTEA,
2026-01-13,PKTEA,
2026-01-14,PKTEA,
2026-01-16,PKTEA,
2026-01-19,PKTEA,
2026-01-20,PKTEA,
2026-01-21,PKTEA,
2026-01-22,PKTEA,
2026-01-23,PKTEA,
2026-01-27,PKTEA,
2026-01-28,PKTEA,
2026-01-29,PKTEA,
2026-01-30,PKTEA,
2026-02-02,PKTEA,
2026-02-03,PKTEA,
2026-02-04,PKTEA,
2026-02-05,PKTEA,
2026-02-06,PKTEA,
2026-02-09,PKTEA,
2026-02-10,PKTEA,
2026-02-11,PKTEA,
2026-02-12,PKTEA,
2026-02-13,PKTEA,
2026-02-16,PKTEA,
2026-02-17,PKTEA,
2026-02-18,PKTEA,
2026-02-19,PKTEA,
2026-02-20,PKTEA,
2026-02-23,PKTEA,
2026-02-24,PKTEA,
2026-02-25,PKTEA,
2026-02-26,PKTEA,
2026-02-27,PKTEA,
2026-03-02,PKTEA,
2026-03-04,PKTEA,
2026-03-05,PKTEA,
2026-03-06,PKTEA,
2026-03-09,PKTEA,
2026-03-10,PKTEA,
2026-03-11,PKTEA,
2026-03-12,PKTEA,
2026-03-16,PKTEA,
2026-03-17,PKTEA,
2026-03-18,PKTEA,
2026-03-19,PKTEA,
2026-03-20,PKTEA,
2026-03-23,PKTEA,
2026-03-24,PKTEA,
2026-03-25,PKTEA,
2026-03-27,PKTEA,
2026-03-30,PKTEA,
2026-04-01,PKTEA,
2026-04-02,PKTEA,
2026-04-06,PKTEA,
2026-04-07,PKTEA,
2026-04-08,PKTEA,
2026-04-09,PKTEA,
2026-04-13,PKTEA,
2026-04-15,PKTEA,
2026-04-16,PKTEA,
2026-04-20,PKTEA,
2026-04-21,PKTEA,
2026-04-22,PKTEA,
2026-04-23,PKTEA,
2026-04-24,PKTEA,
2026-04-27,PKTEA,
2026-04-28,PKTEA,
2026-04-29,PKTEA,
2026-04-30,PKTEA,
2026-05-04,PKTEA,
2026-05-05,PKTEA,
2026-05-06,PKTEA,
2026-05-07,PKTEA,
2026-05-08,PKTEA,
2026-05-11,PKTEA,
2026-05-12,PKTEA,
2026-05-14,PKTEA,
2026-05-15,PKTEA,
2026-05-18,PKTEA,
2026-05-19,PKTEA,
2026-05-20,PKTEA,
2026-05-21,PKTEA,
2026-05-22,PKTEA,
2026-05-25,PKTEA,
2026-05-26,PKTEA,
2026-05-27,PKTEA,
2026-05-29,PKTEA,
2026-06-01,PKTEA,
2026-06-02,PKTEA,
2026-06-03,PKTEA,
2026-06-04,PKTEA,
2026-06-05,PKTEA,
2026-06-08,PKTEA,
2026-06-09,PKTEA,
2026-06-10,PKTEA,
2026-06-11,PKTEA,
2026-06-12,PKTEA,
2026-06-15,PKTEA,
2026-06-16,PKTEA,
2026-06-17,PKTEA,
2026-06-18,PKTEA,
2026-06-19,PKTEA,
2026-06-22,PKTEA,
2026-06-23,PKTEA,
2026-06-24,PKTEA,
2026-06-25,PKTEA,
2026-06-29,PKTEA,
2026-06-30,PKTEA,
2026-07-01,PKTEA,
2026-07-02,PKTEA,
2026-07-03,PKTEA,
2026-07-06,PKTEA,
2026-07-08,PKTEA,
2026-07-09,PKTEA,
2026-07-10,PKTEA,
2026-07-13,PKTEA,
2026-07-14,PKTEA,
2026-07-15,PKTEA,
2026-07-16,PKTEA,
2026-07-17,PKTEA,
2026-07-20,PKTEA,
2026-07-21,PKTEA,
2026-07-22,PKTEA,
2026-07-24,PKTEA,
2026-07-27,PKTEA,
2026-07-28,PKTEA,
2026-07-29,PKTEA,
2026-07-30,PKTEA,
2026-07-31,PKTEA,
2026-08-03,PKTEA,
2026-08-04,PKTEA,
2026-08-05,PKTEA,
2026-08-07,PKTEA,
2026-08-10,PKTEA,
2026-08-11,PKTEA,
2026-08-12,PKTEA,
2026-08-13,PKTEA,
2026-08-14,PKTEA,
2026-08-17,PKTEA,702.5035
2026-08-18,PKTEA,702.5035
2026-08-19,PKTEA,711.5192
2026-08-20,PKTEA,712.9228
2026-08-21,PKTEA,712.9228
2026-08-24,PKTEA,712.9228
2026-08-25,PKTEA,712.9228
2026-08-26,PKTEA,712.9228
2026-08-27,PKTEA,712.9228
2026-08-28,PKTEA,712.9228
2026-08-31,PKTEA,712.9228
2026-09-01,PKTEA,712.9228
2026-09-02,PKTEA,712.9228
2026-09-03,PKTEA,712.9228
2026-09-04,PKTEA,725.7771
2026-09-07,PKTEA,725.7771
2026-09-08,PKTEA,725.7771
2026-09-09,PKTEA,725.7771
2026-09-10,PKTEA,725.7771
2026-09-11,PKTEA,725.7771
2026-03-04,PNGSREVA,
2026-03-05,PNGSREVA,
2026-03-06,PNGSREVA,
2026-03-09,PNGSREVA,
2026-03-10,PNGSREVA,
2026-03-11,PNGSREVA,
2026-03-12,PNGSREVA,
2026-03-13,PNGSREVA,
2026-03-16,PNGSREVA,
2026-03-17,PNGSREVA,
2026-03-18,PNGSREVA,
2026-03-19,PNGSREVA,
2026-03-20,PNGSREVA,
2026-03-23,PNGSREVA,
2026-03-24,PNGSREVA,
2026-03-25,PNGSREVA,
2026-03-27,PNGSREVA,
2026-03-30,PNGSREVA,
2026-04-01,PNGSREVA,
2026-04-02,PNGSREVA,
2026-04-06,PNGSREVA,
2026-04-07,PNGSREVA,
2026-04-08,PNGSREVA,
2026-04-09,PNGSREVA,
2026-04-10,PNGSREVA,
2026-04-13,PNGSREVA,
2026-04-15,PNGSREVA,
2026-04-16,PNGSREVA,
2026-04-17,PNGSREVA,
2026-04-20,PNGSREVA,
2026-04-21,PNGSREVA,
2026-04-22,PNGSREVA,
2026-04-23,PNGSREVA,
2026-04-24,PNGSREVA,
2026-04-27,PNGSREVA,
2026-04-28,PNGSREVA,
2026-04-29,PNGSREVA,
2026-04-30,PNGSREVA,
2026-05-04,PNGSREVA,
2026-05-05,PNGSREVA,
2026-05-06,PNGSREVA,
2026-05-07,PNGSREVA,
2026-05-08,PNGSREVA,
2026-05-11,PNGSREVA,
2026-05-12,PNGSREVA,
2026-05-13,PNGSREVA,
2026-05-14,PNGSREVA,
2026-05-15,PNGSREVA,
2026-05-18,PNGSREVA,
2026-05-19,PNGSREVA,
2026-05-20,PNGSREVA,
2026-05-21,PNGSREVA,
2026-05-22,PNGSREVA,
2026-05-25,PNGSREVA,
2026-05-26,PNGSREVA,
2026-05-27,PNGSREVA,
2026-05-29,PNGSREVA,
2026-06-01,PNGSREVA,
2026-06-02,PNGSREVA,
2026-06-03,PNGSREVA,
2026-06-04,PNGSREVA,
2026-06-05,PNGSREVA,
2026-06-08,PNGSREVA,
2026-06-09,PNGSREVA,
2026-06-10,PNGSREVA,
2026-06-11,PNGSREVA,
2026-06-12,PNGSREVA,
2026-06-15,PNGSREVA,
2026-06-16,PNGSREVA,
2026-06-17,PNGSREVA,
2026-06-18,PNGSREVA,387.21
2026-06-19,PNGSREVA,387.21
2026-06-22,PNGSREVA,387.21
2026-06-23,PNGSREVA,387.21
2026-06-24,PNGSREVA,387.1984
2026-06-25,PNGSREVA,348.662
2026-06-29,PNGSREVA,348.662
2026-06-30,PNGSREVA,348.662
2026-07-01,PNGSREVA,348.662
2026-07-02,PNGSREVA,348.662
2026-07-03,PNGSREVA,348.662
2026-07-06,PNGSREVA,348.662
2026-07-07,PNGSREVA,348.662
2026-07-08,PNGSREVA,348.662
2026-07-09,PNGSREVA,348.662
2026-07-10,PNGSREVA,348.662
2026-07-13,PNGSREVA,348.662
2026-07-14,PNGSREVA,348.662
2026-07-15,PNGSREVA,348.662
2026-07-16,PNGSREVA,348.662
2026-07-17,PNGSREVA,348.662
2026-07-20,PNGSREVA,348.662
2026-07-21,PNGSREVA,348.662
2026-07-22,PNGSREVA,348.662
2026-07-23,PNGSREVA,348.662
2026-07-24,PNGSREVA,348.662
2026-07-27,PNGSREVA,348.662
2026-07-28,PNGSREVA,348.662
2026-07-29,PNGSREVA,348.662
2026-07-30,PNGSREVA,348.662
2026-07-31,PNGSREVA,348.662
2026-08-03,PNGSREVA,348.662
2026-08-04,PNGSREVA,348.662
2026-08-05,PNGSREVA,348.662
2026-08-06,PNGSREVA,348.662
2026-08-07,PNGSREVA,348.662
2026-08-10,PNGSREVA,348.662
2026-08-11,PNGSREVA,348.662
2026-08-12,PNGSREVA,348.662
2026-08-13,PNGSREVA,348.662
2026-08-14,PNGSREVA,348.662
2026-08-17,PNGSREVA,348.662
2026-08-18,PNGSREVA,348.662
2026-08-19,PNGSREVA,348.662
2026-08-20,PNGSREVA,348.662
2026-08-21,PNGSREVA,348.662
2026-08-24,PNGSREVA,348.662
2026-08-25,PNGSREVA,348.662
2026-08-26,PNGSREVA,348.662
2026-08-27,PNGSREVA,348.662
2026-08-28,PNGSREVA,348.662
2026-08-31,PNGSREVA,348.662
2026-09-01,PNGSREVA,348.662
2026-09-02,PNGSREVA,348.662
2026-09-03,PNGSREVA,348.662
2026-09-04,PNGSREVA,348.662
2026-09-07,PNGSREVA,348.662
2026-09-08,PNGSREVA,348.662
2026-09-09,PNGSREVA,348.662
2026-09-10,PNGSREVA,348.662
2026-09-11,PNGSREVA,348.662
2025-08-29,PONNIERODE,
2025-09-01,PONNIERODE,
2025-09-02,PONNIERODE,
2025-09-03,PONNIERODE,
2025-09-04,PONNIERODE,
2025-09-05,PONNIERODE,
2025-09-08,PONNIERODE,
2025-09-09,PONNIERODE,
2025-09-10,PONNIERODE,
2025-09-11,PONNIERODE,
2025-09-12,PONNIERODE,
2025-09-15,PONNIERODE,
2025-09-16,PONNIERODE,
2025-09-17,PONNIERODE,
2025-09-18,PONNIERODE,
2025-09-19,PONNIERODE,
2025-09-22,PONNIERODE,
2025-09-23,PONNIERODE,
2025-09-24,PONNIERODE,
2025-09-25,PONNIERODE,
2025-09-26,PONNIERODE,
2025-09-29,PONNIERODE,
2025-09-30,PONNIERODE,
2025-10-01,PONNIERODE,
2025-10-03,PONNIERODE,
2025-10-06,PONNIERODE,
2025-10-07,PONNIERODE,
2025-10-08,PONNIERODE,
2025-10-09,PONNIERODE,
2025-10-10,PONNIERODE,
2025-10-13,PONNIERODE,
2025-10-14,PONNIERODE,
2025-10-15,PONNIERODE,
2025-10-16,PONNIERODE,
2025-10-17,PONNIERODE,
2025-10-20,PONNIERODE,
2025-10-21,PONNIERODE,
2025-10-23,PONNIERODE,
2025-10-24,PONNIERODE,
2025-10-27,PONNIERODE,
2025-10-28,PONNIERODE,
2025-10-29,PONNIERODE,
2025-10-30,PONNIERODE,
2025-10-31,PONNIERODE,
2025-11-03,PONNIERODE,
2025-11-04,PONNIERODE,
2025-11-06,PONNIERODE,
2025-11-07,PONNIERODE,
2025-11-10,PONNIERODE,
2025-11-11,PONNIERODE,
2025-11-12,PONNIERODE,
2025-11-13,PONNIERODE,
2025-11-14,PONNIERODE,
2025-11-17,PONNIERODE,
2025-11-18,PONNIERODE,
2025-11-19,PONNIERODE,
2025-11-20,PONNIERODE,
2025-11-21,PONNIERODE,
2025-11-24,PONNIERODE,
2025-11-25,PONNIERODE,
2025-11-26,PONNIERODE,
2025-11-27,PONNIERODE,
2025-11-28,PONNIERODE,
2025-12-01,PONNIERODE,
2025-12-02,PONNIERODE,
2025-12-03,PONNIERODE,
2025-12-04,PONNIERODE,
2025-12-05,PONNIERODE,
2025-12-08,PONNIERODE,
2025-12-09,PONNIERODE,
2025-12-10,PONNIERODE,
2025-12-11,PONNIERODE,
2025-12-12,PONNIERODE,
2025-12-15,PONNIERODE,
2025-12-16,PONNIERODE,
2025-12-17,PONNIERODE,
2025-12-18,PONNIERODE,
2025-12-19,PONNIERODE,
2025-12-22,PONNIERODE,
2025-12-23,PONNIERODE,
2025-12-24,PONNIERODE,
2025-12-26,PONNIERODE,
2025-12-29,PONNIERODE,
2025-12-30,PONNIERODE,
2025-12-31,PONNIERODE,
2026-01-01,PONNIERODE,
2026-01-02,PONNIERODE,
2026-01-05,PONNIERODE,
2026-01-06,PONNIERODE,
2026-01-07,PONNIERODE,
2026-01-08,PONNIERODE,
2026-01-09,PONNIERODE,
2026-01-12,PONNIERODE,
2026-01-13,PONNIERODE,
2026-01-14,PONNIERODE,
2026-01-16,PONNIERODE,
2026-01-19,PONNIERODE,
2026-01-20,PONNIERODE,
2026-01-21,PONNIERODE,
2026-01-22,PONNIERODE,
2026-01-23,PONNIERODE,
2026-01-27,PONNIERODE,
2026-01-28,PONNIERODE,
2026-01-29,PONNIERODE,
2026-01-30,PONNIERODE,
2026-02-02,PONNIERODE,
2026-02-03,PONNIERODE,
2026-02-04,PONNIERODE,
2026-02-05,PONNIERODE,
2026-02-06,PONNIERODE,
2026-02-09,PONNIERODE,
2026-02-10,PONNIERODE,
2026-02-11,PONNIERODE,
2026-02-12,PONNIERODE,
2026-02-13,PONNIERODE,
2026-02-16,PONNIERODE,
2026-02-17,PONNIERODE,
2026-02-18,PONNIERODE,
2026-02-19,PONNIERODE,
2026-02-20,PONNIERODE,
2026-02-23,PONNIERODE,
2026-02-24,PONNIERODE,
2026-02-25,PONNIERODE,
2026-02-26,PONNIERODE,
2026-02-27,PONNIERODE,
2026-03-02,PONNIERODE,
2026-03-04,PONNIERODE,
2026-03-05,PONNIERODE,
2026-03-06,PONNIERODE,
2026-03-09,PONNIERODE,
2026-03-10,PONNIERODE,
2026-03-11,PONNIERODE,
2026-03-12,PONNIERODE,
2026-03-13,PONNIERODE,
2026-03-16,PONNIERODE,
2026-03-17,PONNIERODE,
2026-03-18,PONNIERODE,
2026-03-19,PONNIERODE,
2026-03-20,PONNIERODE,
2026-03-23,PONNIERODE,
2026-03-24,PONNIERODE,
2026-03-25,PONNIERODE,
2026-03-27,PONNIERODE,
2026-03-30,PONNIERODE,
2026-04-01,PONNIERODE,
2026-04-02,PONNIERODE,
2026-04-06,PONNIERODE,
2026-04-07,PONNIERODE,
2026-04-08,PONNIERODE,
2026-04-09,PONNIERODE,
2026-04-10,PONNIERODE,
2026-04-13,PONNIERODE,
2026-04-15,PONNIERODE,
2026-04-16,PONNIERODE,
2026-04-17,PONNIERODE,
2026-04-20,PONNIERODE,
2026-04-21,PONNIERODE,
2026-04-22,PONNIERODE,
2026-04-23,PONNIERODE,
2026-04-24,PONNIERODE,
2026-04-27,PONNIERODE,
2026-04-28,PONNIERODE,
2026-04-29,PONNIERODE,
2026-04-30,PONNIERODE,
2026-05-04,PONNIERODE,
2026-05-05,PONNIERODE,
2026-05-06,PONNIERODE,
2026-05-07,PONNIERODE,
2026-05-08,PONNIERODE,
2026-05-11,PONNIERODE,
2026-05-12,PONNIERODE,
2026-05-13,PONNIERODE,
2026-05-14,PONNIERODE,
2026-05-15,PONNIERODE,
2026-05-18,PONNIERODE,
2026-05-19,PONNIERODE,
2026-05-20,PONNIERODE,
2026-05-21,PONNIERODE,
2026-05-22,PONNIERODE,
2026-05-25,PONNIERODE,
2026-05-26,PONNIERODE,
2026-05-27,PONNIERODE,
2026-05-29,PONNIERODE,
2026-06-01,PONNIERODE,
2026-06-02,PONNIERODE,
2026-06-03,PONNIERODE,
2026-06-04,PONNIERODE,
2026-06-05,PONNIERODE,
2026-06-08,PONNIERODE,
2026-06-09,PONNIERODE,
2026-06-10,PONNIERODE,
2026-06-11,PONNIERODE,
2026-06-12,PONNIERODE,
2026-06-15,PONNIERODE,
2026-06-16,PONNIERODE,
2026-06-17,PONNIERODE,
2026-06-18,PONNIERODE,
2026-06-19,PONNIERODE,
2026-06-22,PONNIERODE,
2026-06-23,PONNIERODE,
2026-06-24,PONNIERODE,
2026-06-25,PONNIERODE,
2026-06-29,PONNIERODE,
2026-06-30,PONNIERODE,
2026-07-01,PONNIERODE,
2026-07-02,PONNIERODE,
2026-07-03,PONNIERODE,
2026-07-06,PONNIERODE,
2026-07-07,PONNIERODE,
2026-07-08,PONNIERODE,
2026-07-09,PONNIERODE,
2026-07-10,PONNIERODE,
2026-07-13,PONNIERODE,
2026-07-14,PONNIERODE,
2026-07-15,PONNIERODE,
2026-07-16,PONNIERODE,
2026-07-17,PONNIERODE,
2026-07-20,PONNIERODE,
2026-07-21,PONNIERODE,
2026-07-22,PONNIERODE,
2026-07-23,PONNIERODE,
2026-07-24,PONNIERODE,
2026-07-27,PONNIERODE,
2026-07-28,PONNIERODE,
2026-07-29,PONNIERODE,
2026-07-30,PONNIERODE,
2026-07-31,PONNIERODE,
2026-08-03,PONNIERODE,
2026-08-04,PONNIERODE,
2026-08-05,PONNIERODE,
2026-08-06,PONNIERODE,
2026-08-07,PONNIERODE,
2026-08-10,PONNIERODE,
2026-08-11,PONNIERODE,
2026-08-12,PONNIERODE,
2026-08-13,PONNIERODE,
2026-08-14,PONNIERODE,
2026-08-17,PONNIERODE,349.9954
2026-08-18,PONNIERODE,349.9954
2026-08-19,PONNIERODE,349.9954
2026-08-20,PONNIERODE,349.9954
2026-08-21,PONNIERODE,349.9954
2026-08-24,PONNIERODE,349.9954
2026-08-25,PONNIERODE,349.9954
2026-08-26,PONNIERODE,349.9954
2026-08-27,PONNIERODE,349.9954
2026-08-28,PONNIERODE,349.9954
2026-08-31,PONNIERODE,349.9954
2026-09-01,PONNIERODE,349.9954
2026-09-02,PONNIERODE,349.9954
2026-09-03,PONNIERODE,349.9954
2026-09-04,PONNIERODE,349.9954
2026-09-07,PONNIERODE,349.9954
2026-09-08,PONNIERODE,349.9954
2026-09-09,PONNIERODE,349.9954
2026-09-10,PONNIERODE,349.9954
2026-09-11,PONNIERODE,349.9954
2025-08-29,PREMIERPOL,
2025-09-01,PREMIERPOL,
2025-09-02,PREMIERPOL,
2025-09-03,PREMIERPOL,
2025-09-04,PREMIERPOL,
2025-09-05,PREMIERPOL,
2025-09-08,PREMIERPOL,
2025-09-09,PREMIERPOL,
2025-09-10,PREMIERPOL,
2025-09-11,PREMIERPOL,
2025-09-12,PREMIERPOL,
2025-09-15,PREMIERPOL,
2025-09-16,PREMIERPOL,
2025-09-17,PREMIERPOL,
2025-09-18,PREMIERPOL,
2025-09-19,PREMIERPOL,
2025-09-22,PREMIERPOL,
2025-09-23,PREMIERPOL,
2025-09-24,PREMIERPOL,
2025-09-25,PREMIERPOL,
2025-09-26,PREMIERPOL,
2025-09-29,PREMIERPOL,
2025-09-30,PREMIERPOL,
2025-10-01,PREMIERPOL,
2025-10-03,PREMIERPOL,
2025-10-06,PREMIERPOL,
2025-10-07,PREMIERPOL,
2025-10-08,PREMIERPOL,
2025-10-09,PREMIERPOL,
2025-10-10,PREMIERPOL,
2025-10-13,PREMIERPOL,
2025-10-14,PREMIERPOL,
2025-10-15,PREMIERPOL,
2025-10-16,PREMIERPOL,
2025-10-17,PREMIERPOL,
2025-10-20,PREMIERPOL,
2025-10-21,PREMIERPOL,
2025-10-23,PREMIERPOL,
2025-10-24,PREMIERPOL,
2025-10-27,PREMIERPOL,
2025-10-28,PREMIERPOL,
2025-10-29,PREMIERPOL,
2025-10-30,PREMIERPOL,
2025-10-31,PREMIERPOL,
2025-11-03,PREMIERPOL,
2025-11-04,PREMIERPOL,
2025-11-06,PREMIERPOL,
2025-11-07,PREMIERPOL,
2025-11-10,PREMIERPOL,
2025-11-11,PREMIERPOL,
2025-11-12,PREMIERPOL,
2025-11-13,PREMIERPOL,
2025-11-14,PREMIERPOL,
2025-11-17,PREMIERPOL,
2025-11-18,PREMIERPOL,
2025-11-19,PREMIERPOL,
2025-11-20,PREMIERPOL,
2025-11-21,PREMIERPOL,
2025-11-24,PREMIERPOL,
2025-11-25,PREMIERPOL,
2025-11-26,PREMIERPOL,
2025-11-27,PREMIERPOL,
2025-11-28,PREMIERPOL,
2025-12-01,PREMIERPOL,
2025-12-02,PREMIERPOL,
2025-12-03,PREMIERPOL,
2025-12-04,PREMIERPOL,
2025-12-05,PREMIERPOL,
2025-12-08,PREMIERPOL,
2025-12-09,PREMIERPOL,
2025-12-10,PREMIERPOL,
2025-12-11,PREMIERPOL,
2025-12-12,PREMIERPOL,
2025-12-15,PREMIERPOL,
2025-12-16,PREMIERPOL,
2025-12-17,PREMIERPOL,
2025-12-18,PREMIERPOL,
2025-12-19,PREMIERPOL,
2025-12-22,PREMIERPOL,
2025-12-23,PREMIERPOL,
2025-12-24,PREMIERPOL,
2025-12-26,PREMIERPOL,
2025-12-29,PREMIERPOL,
2025-12-30,PREMIERPOL,
2025-12-31,PREMIERPOL,
2026-01-01,PREMIERPOL,
2026-01-02,PREMIERPOL,
2026-01-05,PREMIERPOL,
2026-01-06,PREMIERPOL,
2026-01-07,PREMIERPOL,
2026-01-08,PREMIERPOL,
2026-01-09,PREMIERPOL,
2026-01-12,PREMIERPOL,
2026-01-13,PREMIERPOL,
2026-01-14,PREMIERPOL,
2026-01-16,PREMIERPOL,
2026-01-19,PREMIERPOL,
2026-01-20,PREMIERPOL,
2026-01-21,PREMIERPOL,
2026-01-22,PREMIERPOL,
2026-01-23,PREMIERPOL,
2026-01-27,PREMIERPOL,
2026-01-28,PREMIERPOL,
2026-01-29,PREMIERPOL,
2026-01-30,PREMIERPOL,
2026-02-02,PREMIERPOL,
2026-02-03,PREMIERPOL,
2026-02-04,PREMIERPOL,
2026-02-05,PREMIERPOL,
2026-02-06,PREMIERPOL,
2026-02-09,PREMIERPOL,
2026-02-10,PREMIERPOL,
2026-02-11,PREMIERPOL,
2026-02-12,PREMIERPOL,
2026-02-13,PREMIERPOL,
2026-02-16,PREMIERPOL,
2026-02-17,PREMIERPOL,
2026-02-18,PREMIERPOL,
2026-02-19,PREMIERPOL,
2026-02-20,PREMIERPOL,
2026-02-23,PREMIERPOL,
2026-02-24,PREMIERPOL,
2026-02-25,PREMIERPOL,
2026-02-26,PREMIERPOL,
2026-02-27,PREMIERPOL,
2026-03-02,PREMIERPOL,
2026-03-04,PREMIERPOL,
2026-03-05,PREMIERPOL,
2026-03-06,PREMIERPOL,
2026-03-09,PREMIERPOL,
2026-03-10,PREMIERPOL,
2026-03-11,PREMIERPOL,
2026-03-12,PREMIERPOL,
2026-03-13,PREMIERPOL,
2026-03-16,PREMIERPOL,
2026-03-17,PREMIERPOL,
2026-03-18,PREMIERPOL,
2026-03-19,PREMIERPOL,
2026-03-20,PREMIERPOL,
2026-03-23,PREMIERPOL,
2026-03-24,PREMIERPOL,
2026-03-25,PREMIERPOL,
2026-03-27,PREMIERPOL,
2026-03-30,PREMIERPOL,
2026-04-01,PREMIERPOL,
2026-04-02,PREMIERPOL,
2026-04-06,PREMIERPOL,
2026-04-07,PREMIERPOL,
2026-04-08,PREMIERPOL,
2026-04-09,PREMIERPOL,
2026-04-10,PREMIERPOL,
2026-04-13,PREMIERPOL,
2026-04-15,PREMIERPOL,
2026-04-16,PREMIERPOL,
2026-04-17,PREMIERPOL,
2026-04-20,PREMIERPOL,
2026-04-21,PREMIERPOL,
2026-04-22,PREMIERPOL,
2026-04-23,PREMIERPOL,
2026-04-24,PREMIERPOL,
2026-04-27,PREMIERPOL,
2026-04-28,PREMIERPOL,
2026-04-29,PREMIERPOL,
2026-04-30,PREMIERPOL,
2026-05-04,PREMIERPOL,
2026-05-05,PREMIERPOL,
2026-05-06,PREMIERPOL,
2026-05-07,PREMIERPOL,
2026-05-08,PREMIERPOL,
2026-05-11,PREMIERPOL,
2026-05-12,PREMIERPOL,
2026-05-13,PREMIERPOL,
2026-05-14,PREMIERPOL,
2026-05-15,PREMIERPOL,
2026-05-18,PREMIERPOL,
2026-05-19,PREMIERPOL,
2026-05-20,PREMIERPOL,
2026-05-21,PREMIERPOL,
2026-05-22,PREMIERPOL,
2026-05-25,PREMIERPOL,
2026-05-26,PREMIERPOL,
2026-05-27,PREMIERPOL,
2026-05-29,PREMIERPOL,
2026-06-01,PREMIERPOL,
2026-06-02,PREMIERPOL,
2026-06-03,PREMIERPOL,
2026-06-04,PREMIERPOL,
2026-06-05,PREMIERPOL,
2026-06-08,PREMIERPOL,
2026-06-09,PREMIERPOL,
2026-06-10,PREMIERPOL,
2026-06-11,PREMIERPOL,
2026-06-12,PREMIERPOL,56.0
2026-06-15,PREMIERPOL,56.0
2026-06-16,PREMIERPOL,56.599
2026-06-17,PREMIERPOL,56.8665
2026-06-18,PREMIERPOL,56.8665
2026-06-19,PREMIERPOL,56.8665
2026-06-22,PREMIERPOL,56.8665
2026-06-23,PREMIERPOL,56.8665
2026-06-24,PREMIERPOL,56.8665
2026-06-25,PREMIERPOL,56.8665
2026-06-29,PREMIERPOL,56.8665
2026-06-30,PREMIERPOL,56.8665
2026-07-01,PREMIERPOL,56.8665
2026-07-02,PREMIERPOL,56.8665
2026-07-03,PREMIERPOL,56.8665
2026-07-06,PREMIERPOL,56.8665
2026-07-07,PREMIERPOL,56.8665
2026-07-08,PREMIERPOL,56.8665
2026-07-09,PREMIERPOL,56.8665
2026-07-10,PREMIERPOL,56.8665
2026-07-13,PREMIERPOL,56.8665
2026-07-14,PREMIERPOL,56.8665
2026-07-15,PREMIERPOL,56.8665
2026-07-16,PREMIERPOL,56.8665
2026-07-17,PREMIERPOL,56.8665
2026-07-20,PREMIERPOL,56.8665
2026-07-21,PREMIERPOL,56.8665
2026-07-22,PREMIERPOL,56.8665
2026-07-23,PREMIERPOL,56.8665
2026-07-24,PREMIERPOL,56.8665
2026-07-27,PREMIERPOL,56.8665
2026-07-28,PREMIERPOL,56.8665
2026-07-29,PREMIERPOL,56.8665
2026-07-30,PREMIERPOL,56.8665
2026-07-31,PREMIERPOL,56.8665
2026-08-03,PREMIERPOL,56.8665
2026-08-04,PREMIERPOL,56.8665
2026-08-05,PREMIERPOL,56.8665
2026-08-06,PREMIERPOL,56.8665
2026-08-07,PREMIERPOL,56.8665
2026-08-10,PREMIERPOL,56.8665
2026-08-11,PREMIERPOL,56.8665
2026-08-12,PREMIERPOL,56.8665
2026-08-13,PREMIERPOL,56.8665
2026-08-14,PREMIERPOL,56.8665
2026-08-17,PREMIERPOL,56.8665
2026-08-18,PREMIERPOL,56.8665
2026-08-19,PREMIERPOL,56.8665
2026-08-20,PREMIERPOL,56.8665
2026-08-21,PREMIERPOL,56.8665
2026-08-24,PREMIERPOL,56.8665
2026-08-25,PREMIERPOL,56.8665
2026-08-26,PREMIERPOL,56.8665
2026-08-27,PREMIERPOL,56.8665
2026-08-28,PREMIERPOL,56.8665
2026-08-31,PREMIERPOL,56.8665
2026-09-01,PREMIERPOL,56.8665
2026-09-02,PREMIERPOL,56.8665
2026-09-03,PREMIERPOL,56.8665
2026-09-04,PREMIERPOL,56.8665
2026-09-07,PREMIERPOL,56.8665
2026-09-08,PREMIERPOL,56.8665
2026-09-09,PREMIERPOL,56.8665
2026-09-10,PREMIERPOL,56.8665
2026-09-11,PREMIERPOL,56.8665
2026-03-19,RSL,
2026-03-20,RSL,
2026-03-23,RSL,
2026-03-24,RSL,
2026-03-25,RSL,
2026-03-27,RSL,
2026-03-30,RSL,
2026-04-01,RSL,
2026-04-02,RSL,
2026-04-06,RSL,
2026-04-07,RSL,
2026-04-08,RSL,
2026-04-09,RSL,
2026-04-10,RSL,
2026-04-13,RSL,
2026-04-15,RSL,
2026-04-16,RSL,
2026-04-17,RSL,
2026-04-20,RSL,
2026-04-21,RSL,
2026-04-22,RSL,
2026-04-23,RSL,
2026-04-24,RSL,
2026-04-27,RSL,
2026-04-28,RSL,
2026-04-29,RSL,
2026-04-30,RSL,
2026-05-04,RSL,
2026-05-05,RSL,
2026-05-06,RSL,
2026-05-07,RSL,
2026-05-08,RSL,
2026-05-11,RSL,
2026-05-12,RSL,
2026-05-13,RSL,
2026-05-14,RSL,
2026-05-15,RSL,
2026-05-18,RSL,
2026-05-19,RSL,
2026-05-20,RSL,
2026-05-21,RSL,
2026-05-22,RSL,
2026-05-25,RSL,
2026-05-26,RSL,
2026-05-27,RSL,
2026-05-29,RSL,
2026-06-01,RSL,
2026-06-02,RSL,
2026-06-03,RSL,
2026-06-04,RSL,
2026-06-05,RSL,
2026-06-08,RSL,
2026-06-09,RSL,
2026-06-10,RSL,
2026-06-11,RSL,
2026-06-12,RSL,
2026-06-15,RSL,
2026-06-16,RSL,130.9147
2026-06-17,RSL,130.9147
2026-06-18,RSL,130.9147
2026-06-19,RSL,130.9147
2026-06-22,RSL,130.9147
2026-06-23,RSL,130.9147
2026-06-24,RSL,130.9147
2026-06-25,RSL,130.9147
2026-06-29,RSL,130.9147
2026-06-30,RSL,130.9147
2026-07-01,RSL,130.9147
2026-07-02,RSL,130.9147
2026-07-03,RSL,130.9147
2026-07-06,RSL,130.9147
2026-07-07,RSL,130.9147
2026-07-08,RSL,130.9147
2026-07-09,RSL,130.9147
2026-07-10,RSL,130.9147
2026-07-13,RSL,130.9147
2026-07-14,RSL,130.9147
2026-07-15,RSL,130.9147
2026-07-16,RSL,130.9147
2026-07-17,RSL,130.9147
2026-07-20,RSL,130.9147
2026-07-21,RSL,130.9147
2026-07-22,RSL,130.9147
2026-07-23,RSL,130.9147
2026-07-24,RSL,130.9147
2026-07-27,RSL,130.9147
2026-07-28,RSL,130.9147
2026-07-29,RSL,130.9147
2026-07-30,RSL,130.9147
2026-07-31,RSL,130.9147
2026-08-03,RSL,130.9147
2026-08-04,RSL,130.9147
2026-08-05,RSL,130.9147
2026-08-06,RSL,130.9147
2026-08-07,RSL,130.9147
2026-08-10,RSL,130.9147
2026-08-11,RSL,130.9147
2026-08-12,RSL,130.9147
2026-08-13,RSL,130.9147
2026-08-14,RSL,130.9147
2026-08-17,RSL,130.9147
2026-08-18,RSL,130.9147
2026-08-19,RSL,130.9147
2026-08-20,RSL,130.9147
2026-08-21,RSL,130.9147
2026-08-24,RSL,130.9147
2026-08-25,RSL,130.9147
2026-08-26,RSL,130.9147
2026-08-27,RSL,130.9147
2026-08-28,RSL,130.9147
2026-08-31,RSL,130.9147
2026-09-01,RSL,130.9147
2026-09-02,RSL,130.9147
2026-09-03,RSL,130.9147
2026-09-04,RSL,130.9147
2026-09-07,RSL,130.9147
2026-09-08,RSL,130.9147
2026-09-09,RSL,130.9147
2026-09-10,RSL,153.4202
2026-09-11,RSL,153.4202
2025-08-29,SENCO,
2025-09-01,SENCO,
2025-09-02,SENCO,
2025-09-03,SENCO,
2025-09-04,SENCO,
2025-09-05,SENCO,
2025-09-08,SENCO,
2025-09-09,SENCO,
2025-09-10,SENCO,
2025-09-11,SENCO,
2025-09-12,SENCO,
2025-09-15,SENCO,
2025-09-16,SENCO,
2025-09-17,SENCO,
2025-09-18,SENCO,
2025-09-19,SENCO,
2025-09-22,SENCO,
2025-09-23,SENCO,
2025-09-24,SENCO,
2025-09-25,SENCO,
2025-09-26,SENCO,
2025-09-29,SENCO,
2025-09-30,SENCO,
2025-10-01,SENCO,
2025-10-03,SENCO,
2025-10-06,SENCO,
2025-10-07,SENCO,
2025-10-08,SENCO,
2025-10-09,SENCO,
2025-10-10,SENCO,
2025-10-13,SENCO,
2025-10-14,SENCO,
2025-10-15,SENCO,
2025-10-16,SENCO,
2025-10-17,SENCO,
2025-10-20,SENCO,
2025-10-21,SENCO,
2025-10-23,SENCO,
2025-10-24,SENCO,
2025-10-27,SENCO,
2025-10-28,SENCO,
2025-10-29,SENCO,
2025-10-30,SENCO,
2025-10-31,SENCO,
2025-11-03,SENCO,
2025-11-04,SENCO,
2025-11-06,SENCO,
2025-11-07,SENCO,
2025-11-10,SENCO,
2025-11-11,SENCO,
2025-11-12,SENCO,
2025-11-13,SENCO,
2025-11-14,SENCO,
2025-11-17,SENCO,
2025-11-18,SENCO,
2025-11-19,SENCO,
2025-11-20,SENCO,
2025-11-21,SENCO,
2025-11-24,SENCO,
2025-11-25,SENCO,
2025-11-26,SENCO,
2025-11-27,SENCO,
2025-11-28,SENCO,
2025-12-01,SENCO,
2025-12-02,SENCO,
2025-12-03,SENCO,
2025-12-04,SENCO,
2025-12-05,SENCO,
2025-12-08,SENCO,
2025-12-09,SENCO,
2025-12-10,SENCO,
2025-12-11,SENCO,
2025-12-12,SENCO,
2025-12-15,SENCO,
2025-12-16,SENCO,
2025-12-17,SENCO,
2025-12-18,SENCO,
2025-12-19,SENCO,
2025-12-22,SENCO,
2025-12-23,SENCO,
2025-12-24,SENCO,
2025-12-26,SENCO,
2025-12-29,SENCO,
2025-12-30,SENCO,
2025-12-31,SENCO,
2026-01-01,SENCO,
2026-01-02,SENCO,
2026-01-05,SENCO,
2026-01-06,SENCO,
2026-01-07,SENCO,
2026-01-08,SENCO,
2026-01-09,SENCO,
2026-01-12,SENCO,
2026-01-13,SENCO,
2026-01-14,SENCO,
2026-01-16,SENCO,
2026-01-19,SENCO,
2026-01-20,SENCO,
2026-01-21,SENCO,
2026-01-22,SENCO,
2026-01-23,SENCO,
2026-01-27,SENCO,
2026-01-28,SENCO,
2026-01-29,SENCO,
2026-01-30,SENCO,
2026-02-02,SENCO,
2026-02-03,SENCO,
2026-02-04,SENCO,
2026-02-05,SENCO,
2026-02-06,SENCO,
2026-02-09,SENCO,
2026-02-10,SENCO,
2026-02-11,SENCO,
2026-02-12,SENCO,
2026-02-13,SENCO,
2026-02-16,SENCO,
2026-02-17,SENCO,
2026-02-18,SENCO,
2026-02-19,SENCO,
2026-02-20,SENCO,
2026-02-23,SENCO,
2026-02-24,SENCO,
2026-02-25,SENCO,
2026-02-26,SENCO,
2026-02-27,SENCO,
2026-03-02,SENCO,
2026-03-04,SENCO,
2026-03-05,SENCO,
2026-03-06,SENCO,
2026-03-09,SENCO,
2026-03-10,SENCO,
2026-03-11,SENCO,
2026-03-12,SENCO,
2026-03-13,SENCO,
2026-03-16,SENCO,
2026-03-17,SENCO,
2026-03-18,SENCO,
2026-03-19,SENCO,
2026-03-20,SENCO,
2026-03-23,SENCO,
2026-03-24,SENCO,
2026-03-25,SENCO,
2026-03-27,SENCO,
2026-03-30,SENCO,
2026-04-01,SENCO,
2026-04-02,SENCO,
2026-04-06,SENCO,
2026-04-07,SENCO,
2026-04-08,SENCO,
2026-04-09,SENCO,
2026-04-10,SENCO,
2026-04-13,SENCO,
2026-04-15,SENCO,
2026-04-16,SENCO,
2026-04-17,SENCO,
2026-04-20,SENCO,
2026-04-21,SENCO,
2026-04-22,SENCO,
2026-04-23,SENCO,
2026-04-24,SENCO,
2026-04-27,SENCO,
2026-04-28,SENCO,
2026-04-29,SENCO,
2026-04-30,SENCO,
2026-05-04,SENCO,
2026-05-05,SENCO,
2026-05-06,SENCO,
2026-05-07,SENCO,
2026-05-08,SENCO,
2026-05-11,SENCO,
2026-05-12,SENCO,
2026-05-13,SENCO,
2026-05-14,SENCO,
2026-05-15,SENCO,
2026-05-18,SENCO,
2026-05-19,SENCO,
2026-05-20,SENCO,
2026-05-21,SENCO,
2026-05-22,SENCO,
2026-05-25,SENCO,
2026-05-26,SENCO,
2026-05-27,SENCO,
2026-05-29,SENCO,
2026-06-01,SENCO,
2026-06-02,SENCO,
2026-06-03,SENCO,
2026-06-04,SENCO,
2026-06-05,SENCO,
2026-06-08,SENCO,
2026-06-09,SENCO,
2026-06-10,SENCO,
2026-06-11,SENCO,
2026-06-12,SENCO,
2026-06-15,SENCO,
2026-06-16,SENCO,
2026-06-17,SENCO,
2026-06-18,SENCO,
2026-06-19,SENCO,
2026-06-22,SENCO,
2026-06-23,SENCO,
2026-06-24,SENCO,
2026-06-25,SENCO,
2026-06-29,SENCO,
2026-06-30,SENCO,334.88
2026-07-01,SENCO,334.88
2026-07-02,SENCO,334.88
2026-07-03,SENCO,334.88
2026-07-06,SENCO,334.88
2026-07-07,SENCO,334.88
2026-07-08,SENCO,334.88
2026-07-09,SENCO,334.88
2026-07-10,SENCO,334.88
2026-07-13,SENCO,334.88
2026-07-14,SENCO,334.88
2026-07-15,SENCO,334.88
2026-07-16,SENCO,334.88
2026-07-17,SENCO,334.88
2026-07-20,SENCO,334.88
2026-07-21,SENCO,334.88
2026-07-22,SENCO,334.88
2026-07-23,SENCO,334.88
2026-07-24,SENCO,334.88
2026-07-27,SENCO,334.88
2026-07-28,SENCO,334.88
2026-07-29,SENCO,334.88
2026-07-30,SENCO,334.88
2026-07-31,SENCO,334.88
2026-08-03,SENCO,334.88
2026-08-04,SENCO,334.88
2026-08-05,SENCO,334.88
2026-08-06,SENCO,334.88
2026-08-07,SENCO,334.88
2026-08-10,SENCO,334.88
2026-08-11,SENCO,334.88
2026-08-12,SENCO,334.88
2026-08-13,SENCO,334.88
2026-08-14,SENCO,334.88
2026-08-17,SENCO,334.88
2026-08-18,SENCO,335.4115
2026-08-19,SENCO,335.4115
2026-08-20,SENCO,335.4115
2026-08-21,SENCO,335.4115
2026-08-24,SENCO,335.4115
2026-08-25,SENCO,335.4115
2026-08-26,SENCO,335.4115
2026-08-27,SENCO,335.4115
2026-08-28,SENCO,335.4115
2026-08-31,SENCO,335.4115
2026-09-01,SENCO,335.4115
2026-09-02,SENCO,335.4115
2026-09-03,SENCO,335.4115
2026-09-04,SENCO,335.4115
2026-09-07,SENCO,335.4115
2026-09-08,SENCO,335.4115
2026-09-09,SENCO,335.4115
2026-09-10,SENCO,335.4115
2026-09-11,SENCO,335.4115
2025-08-29,SESHAPAPER,
2025-09-01,SESHAPAPER,
2025-09-02,SESHAPAPER,
2025-09-03,SESHAPAPER,
2025-09-04,SESHAPAPER,
2025-09-05,SESHAPAPER,
2025-09-08,SESHAPAPER,
2025-09-09,SESHAPAPER,
2025-09-10,SESHAPAPER,
2025-09-11,SESHAPAPER,
2025-09-12,SESHAPAPER,
2025-09-15,SESHAPAPER,
2025-09-16,SESHAPAPER,
2025-09-17,SESHAPAPER,
2025-09-18,SESHAPAPER,
2025-09-19,SESHAPAPER,
2025-09-22,SESHAPAPER,
2025-09-23,SESHAPAPER,
2025-09-24,SESHAPAPER,
2025-09-25,SESHAPAPER,
2025-09-26,SESHAPAPER,
2025-09-29,SESHAPAPER,
2025-09-30,SESHAPAPER,
2025-10-01,SESHAPAPER,
2025-10-03,SESHAPAPER,
2025-10-06,SESHAPAPER,
2025-10-07,SESHAPAPER,
2025-10-08,SESHAPAPER,
2025-10-09,SESHAPAPER,
2025-10-10,SESHAPAPER,
2025-10-13,SESHAPAPER,
2025-10-14,SESHAPAPER,
2025-10-15,SESHAPAPER,
2025-10-16,SESHAPAPER,
2025-10-17,SESHAPAPER,
2025-10-20,SESHAPAPER,
2025-10-21,SESHAPAPER,
2025-10-23,SESHAPAPER,
2025-10-24,SESHAPAPER,
2025-10-27,SESHAPAPER,
2025-10-28,SESHAPAPER,
2025-10-29,SESHAPAPER,
2025-10-30,SESHAPAPER,
2025-10-31,SESHAPAPER,
2025-11-03,SESHAPAPER,
2025-11-04,SESHAPAPER,
2025-11-06,SESHAPAPER,
2025-11-07,SESHAPAPER,
2025-11-10,SESHAPAPER,
2025-11-11,SESHAPAPER,
2025-11-12,SESHAPAPER,
2025-11-13,SESHAPAPER,
2025-11-14,SESHAPAPER,
2025-11-17,SESHAPAPER,
2025-11-18,SESHAPAPER,
2025-11-19,SESHAPAPER,
2025-11-20,SESHAPAPER,
2025-11-21,SESHAPAPER,
2025-11-24,SESHAPAPER,
2025-11-25,SESHAPAPER,
2025-11-26,SESHAPAPER,
2025-11-27,SESHAPAPER,
2025-11-28,SESHAPAPER,
2025-12-01,SESHAPAPER,
2025-12-02,SESHAPAPER,
2025-12-03,SESHAPAPER,
2025-12-04,SESHAPAPER,
2025-12-05,SESHAPAPER,
2025-12-08,SESHAPAPER,
2025-12-09,SESHAPAPER,
2025-12-10,SESHAPAPER,
2025-12-11,SESHAPAPER,
2025-12-12,SESHAPAPER,
2025-12-15,SESHAPAPER,
2025-12-16,SESHAPAPER,
2025-12-17,SESHAPAPER,
2025-12-18,SESHAPAPER,
2025-12-19,SESHAPAPER,
2025-12-22,SESHAPAPER,
2025-12-23,SESHAPAPER,
2025-12-24,SESHAPAPER,
2025-12-26,SESHAPAPER,
2025-12-29,SESHAPAPER,
2025-12-30,SESHAPAPER,
2025-12-31,SESHAPAPER,
2026-01-01,SESHAPAPER,
2026-01-02,SESHAPAPER,
2026-01-05,SESHAPAPER,
2026-01-06,SESHAPAPER,
2026-01-07,SESHAPAPER,
2026-01-08,SESHAPAPER,
2026-01-09,SESHAPAPER,
2026-01-12,SESHAPAPER,
2026-01-13,SESHAPAPER,
2026-01-14,SESHAPAPER,
2026-01-16,SESHAPAPER,
2026-01-19,SESHAPAPER,
2026-01-20,SESHAPAPER,
2026-01-21,SESHAPAPER,
2026-01-22,SESHAPAPER,
2026-01-23,SESHAPAPER,
2026-01-27,SESHAPAPER,
2026-01-28,SESHAPAPER,
2026-01-29,SESHAPAPER,
2026-01-30,SESHAPAPER,
2026-02-02,SESHAPAPER,
2026-02-03,SESHAPAPER,
2026-02-04,SESHAPAPER,
2026-02-05,SESHAPAPER,
2026-02-06,SESHAPAPER,
2026-02-09,SESHAPAPER,
2026-02-10,SESHAPAPER,
2026-02-11,SESHAPAPER,
2026-02-12,SESHAPAPER,
2026-02-13,SESHAPAPER,
2026-02-16,SESHAPAPER,
2026-02-17,SESHAPAPER,
2026-02-18,SESHAPAPER,
2026-02-19,SESHAPAPER,
2026-02-20,SESHAPAPER,
2026-02-23,SESHAPAPER,
2026-02-24,SESHAPAPER,
2026-02-25,SESHAPAPER,
2026-02-26,SESHAPAPER,
2026-02-27,SESHAPAPER,
2026-03-02,SESHAPAPER,
2026-03-04,SESHAPAPER,
2026-03-05,SESHAPAPER,
2026-03-06,SESHAPAPER,
2026-03-09,SESHAPAPER,
2026-03-10,SESHAPAPER,
2026-03-11,SESHAPAPER,
2026-03-12,SESHAPAPER,
2026-03-13,SESHAPAPER,
2026-03-16,SESHAPAPER,
2026-03-17,SESHAPAPER,
2026-03-18,SESHAPAPER,
2026-03-19,SESHAPAPER,
2026-03-20,SESHAPAPER,
2026-03-23,SESHAPAPER,
2026-03-24,SESHAPAPER,
2026-03-25,SESHAPAPER,
2026-03-27,SESHAPAPER,
2026-03-30,SESHAPAPER,
2026-04-01,SESHAPAPER,
2026-04-02,SESHAPAPER,
2026-04-06,SESHAPAPER,
2026-04-07,SESHAPAPER,
2026-04-08,SESHAPAPER,
2026-04-09,SESHAPAPER,
2026-04-10,SESHAPAPER,
2026-04-13,SESHAPAPER,
2026-04-15,SESHAPAPER,
2026-04-16,SESHAPAPER,
2026-04-17,SESHAPAPER,
2026-04-20,SESHAPAPER,
2026-04-21,SESHAPAPER,
2026-04-22,SESHAPAPER,
2026-04-23,SESHAPAPER,
2026-04-24,SESHAPAPER,
2026-04-27,SESHAPAPER,
2026-04-28,SESHAPAPER,
2026-04-29,SESHAPAPER,
2026-04-30,SESHAPAPER,
2026-05-04,SESHAPAPER,
2026-05-05,SESHAPAPER,
2026-05-06,SESHAPAPER,
2026-05-07,SESHAPAPER,
2026-05-08,SESHAPAPER,
2026-05-11,SESHAPAPER,
2026-05-12,SESHAPAPER,
2026-05-13,SESHAPAPER,
2026-05-14,SESHAPAPER,
2026-05-15,SESHAPAPER,
2026-05-18,SESHAPAPER,
2026-05-19,SESHAPAPER,
2026-05-20,SESHAPAPER,
2026-05-21,SESHAPAPER,
2026-05-22,SESHAPAPER,
2026-05-25,SESHAPAPER,
2026-05-26,SESHAPAPER,
2026-05-27,SESHAPAPER,
2026-05-29,SESHAPAPER,
2026-06-01,SESHAPAPER,
2026-06-02,SESHAPAPER,
2026-06-03,SESHAPAPER,
2026-06-04,SESHAPAPER,
2026-06-05,SESHAPAPER,
2026-06-08,SESHAPAPER,
2026-06-09,SESHAPAPER,
2026-06-10,SESHAPAPER,
2026-06-11,SESHAPAPER,
2026-06-12,SESHAPAPER,
2026-06-15,SESHAPAPER,
2026-06-16,SESHAPAPER,
2026-06-17,SESHAPAPER,
2026-06-18,SESHAPAPER,
2026-06-19,SESHAPAPER,
2026-06-22,SESHAPAPER,
2026-06-23,SESHAPAPER,
2026-06-24,SESHAPAPER,
2026-06-25,SESHAPAPER,224.6022
2026-06-29,SESHAPAPER,224.6376
2026-06-30,SESHAPAPER,224.6376
2026-07-01,SESHAPAPER,224.6376
2026-07-02,SESHAPAPER,224.6376
2026-07-03,SESHAPAPER,224.6376
2026-07-06,SESHAPAPER,224.6376
2026-07-07,SESHAPAPER,224.6376
2026-07-08,SESHAPAPER,224.6376
2026-07-09,SESHAPAPER,224.6376
2026-07-10,SESHAPAPER,224.6376
2026-07-13,SESHAPAPER,224.6376
2026-07-14,SESHAPAPER,224.6376
2026-07-15,SESHAPAPER,224.6376
2026-07-16,SESHAPAPER,224.6376
2026-07-17,SESHAPAPER,224.6376
2026-07-20,SESHAPAPER,224.6376
2026-07-21,SESHAPAPER,224.6376
2026-07-22,SESHAPAPER,224.6376
2026-07-23,SESHAPAPER,224.6376
2026-07-24,SESHAPAPER,224.6376
2026-07-27,SESHAPAPER,224.6376
2026-07-28,SESHAPAPER,224.6376
2026-07-29,SESHAPAPER,224.6376
2026-07-30,SESHAPAPER,226.1374
2026-07-31,SESHAPAPER,226.1374
2026-08-03,SESHAPAPER,226.1374
2026-08-04,SESHAPAPER,226.1374
2026-08-05,SESHAPAPER,226.1374
2026-08-06,SESHAPAPER,226.1374
2026-08-07,SESHAPAPER,226.1374
2026-08-10,SESHAPAPER,226.1374
2026-08-11,SESHAPAPER,226.1374
2026-08-12,SESHAPAPER,226.1374
2026-08-13,SESHAPAPER,226.1374
2026-08-14,SESHAPAPER,226.1374
2026-08-17,SESHAPAPER,226.1374
2026-08-18,SESHAPAPER,226.1374
2026-08-19,SESHAPAPER,226.1374
2026-08-20,SESHAPAPER,226.1374
2026-08-21,SESHAPAPER,226.1374
2026-08-24,SESHAPAPER,226.1374
2026-08-25,SESHAPAPER,226.1374
2026-08-26,SESHAPAPER,226.1374
2026-08-27,SESHAPAPER,226.1374
2026-08-28,SESHAPAPER,226.1374
2026-08-31,SESHAPAPER,226.1374
2026-09-01,SESHAPAPER,226.1374
2026-09-02,SESHAPAPER,226.1374
2026-09-03,SESHAPAPER,226.1374
2026-09-04,SESHAPAPER,226.1374
2026-09-07,SESHAPAPER,226.1374
2026-09-08,SESHAPAPER,226.1374
2026-09-09,SESHAPAPER,226.1374
2026-09-10,SESHAPAPER,226.1374
2026-09-11,SESHAPAPER,226.1374
2025-08-29,SGIL,
2025-09-01,SGIL,
2025-09-02,SGIL,
2025-09-03,SGIL,
2025-09-04,SGIL,
2025-09-05,SGIL,
2025-09-08,SGIL,
2025-09-09,SGIL,
2025-09-10,SGIL,
2025-09-11,SGIL,
2025-09-12,SGIL,
2025-09-15,SGIL,
2025-09-16,SGIL,
2025-09-17,SGIL,
2025-09-18,SGIL,
2025-09-19,SGIL,
2025-09-22,SGIL,
2025-09-23,SGIL,
2025-09-24,SGIL,
2025-09-25,SGIL,
2025-09-26,SGIL,
2025-09-29,SGIL,
2025-09-30,SGIL,
2025-10-01,SGIL,
2025-10-03,SGIL,
2025-10-06,SGIL,
2025-10-07,SGIL,
2025-10-08,SGIL,
2025-10-09,SGIL,
2025-10-10,SGIL,
2025-10-13,SGIL,
2025-10-14,SGIL,
2025-10-15,SGIL,
2025-10-16,SGIL,
2025-10-17,SGIL,
2025-10-20,SGIL,
2025-10-21,SGIL,
2025-10-23,SGIL,
2025-10-24,SGIL,
2025-10-27,SGIL,
2025-10-28,SGIL,
2025-10-29,SGIL,
2025-10-30,SGIL,
2025-10-31,SGIL,
2025-11-03,SGIL,
2025-11-04,SGIL,
2025-11-06,SGIL,
2025-11-07,SGIL,
2025-11-10,SGIL,
2025-11-11,SGIL,
2025-11-12,SGIL,
2025-11-13,SGIL,
2025-11-14,SGIL,
2025-11-17,SGIL,
2025-11-18,SGIL,
2025-11-19,SGIL,
2025-11-20,SGIL,
2025-11-21,SGIL,
2025-11-24,SGIL,
2025-11-25,SGIL,
2025-11-26,SGIL,
2025-11-27,SGIL,
2025-11-28,SGIL,
2025-12-01,SGIL,
2025-12-02,SGIL,
2025-12-03,SGIL,
2025-12-04,SGIL,
2025-12-05,SGIL,
2025-12-08,SGIL,
2025-12-09,SGIL,
2025-12-10,SGIL,
2025-12-11,SGIL,
2025-12-12,SGIL,
2025-12-15,SGIL,
2025-12-16,SGIL,
2025-12-17,SGIL,
2025-12-18,SGIL,
2025-12-19,SGIL,
2025-12-22,SGIL,
2025-12-23,SGIL,
2025-12-24,SGIL,
2025-12-26,SGIL,
2025-12-29,SGIL,
2025-12-30,SGIL,
2025-12-31,SGIL,
2026-01-01,SGIL,
2026-01-02,SGIL,
2026-01-05,SGIL,
2026-01-06,SGIL,
2026-01-07,SGIL,
2026-01-08,SGIL,
2026-01-09,SGIL,
2026-01-12,SGIL,
2026-01-13,SGIL,
2026-01-14,SGIL,
2026-01-16,SGIL,
2026-01-19,SGIL,
2026-01-20,SGIL,
2026-01-21,SGIL,
2026-01-22,SGIL,
2026-01-23,SGIL,
2026-01-27,SGIL,
2026-01-28,SGIL,
2026-01-29,SGIL,
2026-01-30,SGIL,
2026-02-02,SGIL,
2026-02-03,SGIL,
2026-02-04,SGIL,
2026-02-05,SGIL,
2026-02-06,SGIL,
2026-02-09,SGIL,
2026-02-10,SGIL,
2026-02-11,SGIL,
2026-02-12,SGIL,
2026-02-13,SGIL,
2026-02-16,SGIL,
2026-02-17,SGIL,
2026-02-18,SGIL,
2026-02-19,SGIL,
2026-02-20,SGIL,
2026-02-23,SGIL,
2026-02-24,SGIL,
2026-02-25,SGIL,
2026-02-26,SGIL,
2026-02-27,SGIL,
2026-03-02,SGIL,
2026-03-04,SGIL,
2026-03-05,SGIL,
2026-03-06,SGIL,
2026-03-09,SGIL,
2026-03-10,SGIL,
2026-03-11,SGIL,
2026-03-12,SGIL,
2026-03-13,SGIL,
2026-03-16,SGIL,
2026-03-17,SGIL,
2026-03-18,SGIL,
2026-03-19,SGIL,
2026-03-20,SGIL,
2026-03-23,SGIL,
2026-03-24,SGIL,
2026-03-25,SGIL,
2026-03-27,SGIL,
2026-03-30,SGIL,
2026-04-01,SGIL,
2026-04-02,SGIL,
2026-04-06,SGIL,
2026-04-07,SGIL,
2026-04-08,SGIL,
2026-04-09,SGIL,
2026-04-10,SGIL,
2026-04-13,SGIL,
2026-04-15,SGIL,
2026-04-16,SGIL,
2026-04-17,SGIL,
2026-04-20,SGIL,
2026-04-21,SGIL,
2026-04-22,SGIL,
2026-04-23,SGIL,
2026-04-24,SGIL,
2026-04-27,SGIL,
2026-04-28,SGIL,
2026-04-29,SGIL,
2026-04-30,SGIL,
2026-05-04,SGIL,
2026-05-05,SGIL,
2026-05-06,SGIL,
2026-05-07,SGIL,
2026-05-08,SGIL,
2026-05-11,SGIL,
2026-05-12,SGIL,
2026-05-13,SGIL,
2026-05-14,SGIL,
2026-05-15,SGIL,
2026-05-18,SGIL,
2026-05-19,SGIL,
2026-05-20,SGIL,
2026-05-21,SGIL,
2026-05-22,SGIL,
2026-05-25,SGIL,
2026-05-26,SGIL,
2026-05-27,SGIL,
2026-05-29,SGIL,
2026-06-01,SGIL,
2026-06-02,SGIL,
2026-06-03,SGIL,
2026-06-04,SGIL,
2026-06-05,SGIL,
2026-06-08,SGIL,
2026-06-09,SGIL,
2026-06-10,SGIL,
2026-06-11,SGIL,
2026-06-12,SGIL,
2026-06-15,SGIL,
2026-06-16,SGIL,
2026-06-17,SGIL,
2026-06-18,SGIL,
2026-06-19,SGIL,
2026-06-22,SGIL,
2026-06-23,SGIL,
2026-06-24,SGIL,
2026-06-25,SGIL,
2026-06-29,SGIL,
2026-06-30,SGIL,
2026-07-01,SGIL,
2026-07-02,SGIL,
2026-07-03,SGIL,
2026-07-06,SGIL,
2026-07-07,SGIL,
2026-07-08,SGIL,
2026-07-09,SGIL,
2026-07-10,SGIL,
2026-07-13,SGIL,
2026-07-14,SGIL,
2026-07-15,SGIL,
2026-07-16,SGIL,
2026-07-17,SGIL,
2026-07-20,SGIL,
2026-07-21,SGIL,
2026-07-22,SGIL,
2026-07-23,SGIL,
2026-07-24,SGIL,
2026-07-27,SGIL,
2026-07-28,SGIL,
2026-07-29,SGIL,
2026-07-30,SGIL,
2026-07-31,SGIL,
2026-08-03,SGIL,
2026-08-04,SGIL,
2026-08-05,SGIL,
2026-08-06,SGIL,
2026-08-07,SGIL,
2026-08-10,SGIL,
2026-08-11,SGIL,
2026-08-12,SGIL,
2026-08-13,SGIL,
2026-08-14,SGIL,
2026-08-17,SGIL,
2026-08-18,SGIL,
2026-08-19,SGIL,
2026-08-20,SGIL,
2026-08-21,SGIL,
2026-08-24,SGIL,
2026-08-25,SGIL,
2026-08-26,SGIL,
2026-08-27,SGIL,
2026-08-28,SGIL,585.0
2026-08-31,SGIL,585.0
2026-09-01,SGIL,585.0
2026-09-02,SGIL,585.0
2026-09-03,SGIL,585.0
2026-09-04,SGIL,585.0
2026-09-07,SGIL,593.3867
2026-09-08,SGIL,593.3867
2026-09-09,SGIL,593.3867
2026-09-10,SGIL,593.3867
2026-09-11,SGIL,593.3867
2025-08-29,SHAKTIPUMP,
2025-09-01,SHAKTIPUMP,
2025-09-02,SHAKTIPUMP,
2025-09-03,SHAKTIPUMP,
2025-09-04,SHAKTIPUMP,
2025-09-05,SHAKTIPUMP,
2025-09-08,SHAKTIPUMP,
2025-09-09,SHAKTIPUMP,
2025-09-10,SHAKTIPUMP,
2025-09-11,SHAKTIPUMP,
2025-09-12,SHAKTIPUMP,
2025-09-15,SHAKTIPUMP,
2025-09-16,SHAKTIPUMP,
2025-09-17,SHAKTIPUMP,
2025-09-18,SHAKTIPUMP,
2025-09-19,SHAKTIPUMP,
2025-09-22,SHAKTIPUMP,
2025-09-23,SHAKTIPUMP,
2025-09-24,SHAKTIPUMP,
2025-09-25,SHAKTIPUMP,
2025-09-26,SHAKTIPUMP,
2025-09-29,SHAKTIPUMP,
2025-09-30,SHAKTIPUMP,
2025-10-01,SHAKTIPUMP,
2025-10-03,SHAKTIPUMP,
2025-10-06,SHAKTIPUMP,
2025-10-07,SHAKTIPUMP,
2025-10-08,SHAKTIPUMP,
2025-10-09,SHAKTIPUMP,
2025-10-10,SHAKTIPUMP,
2025-10-13,SHAKTIPUMP,
2025-10-14,SHAKTIPUMP,
2025-10-15,SHAKTIPUMP,
2025-10-16,SHAKTIPUMP,
2025-10-17,SHAKTIPUMP,
2025-10-20,SHAKTIPUMP,
2025-10-21,SHAKTIPUMP,
2025-10-23,SHAKTIPUMP,
2025-10-24,SHAKTIPUMP,
2025-10-27,SHAKTIPUMP,
2025-10-28,SHAKTIPUMP,
2025-10-29,SHAKTIPUMP,
2025-10-30,SHAKTIPUMP,
2025-10-31,SHAKTIPUMP,
2025-11-03,SHAKTIPUMP,
2025-11-04,SHAKTIPUMP,
2025-11-06,SHAKTIPUMP,
2025-11-07,SHAKTIPUMP,
2025-11-10,SHAKTIPUMP,
2025-11-11,SHAKTIPUMP,
2025-11-12,SHAKTIPUMP,
2025-11-13,SHAKTIPUMP,
2025-11-14,SHAKTIPUMP,
2025-11-17,SHAKTIPUMP,
2025-11-18,SHAKTIPUMP,
2025-11-19,SHAKTIPUMP,
2025-11-20,SHAKTIPUMP,
2025-11-21,SHAKTIPUMP,
2025-11-24,SHAKTIPUMP,
2025-11-25,SHAKTIPUMP,
2025-11-26,SHAKTIPUMP,
2025-11-27,SHAKTIPUMP,
2025-11-28,SHAKTIPUMP,
2025-12-01,SHAKTIPUMP,
2025-12-02,SHAKTIPUMP,
2025-12-03,SHAKTIPUMP,
2025-12-04,SHAKTIPUMP,
2025-12-05,SHAKTIPUMP,
2025-12-08,SHAKTIPUMP,
2025-12-09,SHAKTIPUMP,
2025-12-10,SHAKTIPUMP,
2025-12-11,SHAKTIPUMP,
2025-12-12,SHAKTIPUMP,
2025-12-15,SHAKTIPUMP,
2025-12-16,SHAKTIPUMP,
2025-12-17,SHAKTIPUMP,
2025-12-18,SHAKTIPUMP,
2025-12-19,SHAKTIPUMP,
2025-12-22,SHAKTIPUMP,
2025-12-23,SHAKTIPUMP,
2025-12-24,SHAKTIPUMP,
2025-12-26,SHAKTIPUMP,
2025-12-29,SHAKTIPUMP,
2025-12-30,SHAKTIPUMP,
2025-12-31,SHAKTIPUMP,
2026-01-01,SHAKTIPUMP,
2026-01-02,SHAKTIPUMP,
2026-01-05,SHAKTIPUMP,
2026-01-06,SHAKTIPUMP,
2026-01-07,SHAKTIPUMP,
2026-01-08,SHAKTIPUMP,
2026-01-09,SHAKTIPUMP,
2026-01-12,SHAKTIPUMP,
2026-01-13,SHAKTIPUMP,
2026-01-14,SHAKTIPUMP,
2026-01-16,SHAKTIPUMP,
2026-01-19,SHAKTIPUMP,
2026-01-20,SHAKTIPUMP,
2026-01-21,SHAKTIPUMP,
2026-01-22,SHAKTIPUMP,
2026-01-23,SHAKTIPUMP,
2026-01-27,SHAKTIPUMP,
2026-01-28,SHAKTIPUMP,
2026-01-29,SHAKTIPUMP,
2026-01-30,SHAKTIPUMP,
2026-02-02,SHAKTIPUMP,
2026-02-03,SHAKTIPUMP,
2026-02-04,SHAKTIPUMP,
2026-02-05,SHAKTIPUMP,
2026-02-06,SHAKTIPUMP,
2026-02-09,SHAKTIPUMP,
2026-02-10,SHAKTIPUMP,
2026-02-11,SHAKTIPUMP,
2026-02-12,SHAKTIPUMP,
2026-02-13,SHAKTIPUMP,
2026-02-16,SHAKTIPUMP,
2026-02-17,SHAKTIPUMP,
2026-02-18,SHAKTIPUMP,
2026-02-19,SHAKTIPUMP,
2026-02-20,SHAKTIPUMP,
2026-02-23,SHAKTIPUMP,
2026-02-24,SHAKTIPUMP,
2026-02-25,SHAKTIPUMP,
2026-02-26,SHAKTIPUMP,
2026-02-27,SHAKTIPUMP,
2026-03-02,SHAKTIPUMP,
2026-03-04,SHAKTIPUMP,
2026-03-05,SHAKTIPUMP,
2026-03-06,SHAKTIPUMP,
2026-03-09,SHAKTIPUMP,
2026-03-10,SHAKTIPUMP,
2026-03-11,SHAKTIPUMP,
2026-03-12,SHAKTIPUMP,
2026-03-13,SHAKTIPUMP,
2026-03-16,SHAKTIPUMP,
2026-03-17,SHAKTIPUMP,
2026-03-18,SHAKTIPUMP,
2026-03-19,SHAKTIPUMP,
2026-03-20,SHAKTIPUMP,
2026-03-23,SHAKTIPUMP,
2026-03-24,SHAKTIPUMP,
2026-03-25,SHAKTIPUMP,
2026-03-27,SHAKTIPUMP,
2026-03-30,SHAKTIPUMP,
2026-04-01,SHAKTIPUMP,
2026-04-02,SHAKTIPUMP,
2026-04-06,SHAKTIPUMP,
2026-04-07,SHAKTIPUMP,
2026-04-08,SHAKTIPUMP,
2026-04-09,SHAKTIPUMP,
2026-04-10,SHAKTIPUMP,
2026-04-13,SHAKTIPUMP,
2026-04-15,SHAKTIPUMP,
2026-04-16,SHAKTIPUMP,
2026-04-17,SHAKTIPUMP,
2026-04-20,SHAKTIPUMP,
2026-04-21,SHAKTIPUMP,
2026-04-22,SHAKTIPUMP,
2026-04-23,SHAKTIPUMP,
2026-04-24,SHAKTIPUMP,
2026-04-27,SHAKTIPUMP,
2026-04-28,SHAKTIPUMP,
2026-04-29,SHAKTIPUMP,
2026-04-30,SHAKTIPUMP,
2026-05-04,SHAKTIPUMP,
2026-05-05,SHAKTIPUMP,
2026-05-06,SHAKTIPUMP,
2026-05-07,SHAKTIPUMP,
2026-05-08,SHAKTIPUMP,
2026-05-11,SHAKTIPUMP,
2026-05-12,SHAKTIPUMP,
2026-05-13,SHAKTIPUMP,
2026-05-14,SHAKTIPUMP,
2026-05-15,SHAKTIPUMP,
2026-05-18,SHAKTIPUMP,
2026-05-19,SHAKTIPUMP,
2026-05-20,SHAKTIPUMP,
2026-05-21,SHAKTIPUMP,
2026-05-22,SHAKTIPUMP,
2026-05-25,SHAKTIPUMP,
2026-05-26,SHAKTIPUMP,
2026-05-27,SHAKTIPUMP,
2026-05-29,SHAKTIPUMP,
2026-06-01,SHAKTIPUMP,
2026-06-02,SHAKTIPUMP,
2026-06-03,SHAKTIPUMP,
2026-06-04,SHAKTIPUMP,
2026-06-05,SHAKTIPUMP,
2026-06-08,SHAKTIPUMP,
2026-06-09,SHAKTIPUMP,
2026-06-10,SHAKTIPUMP,
2026-06-11,SHAKTIPUMP,
2026-06-12,SHAKTIPUMP,
2026-06-15,SHAKTIPUMP,
2026-06-16,SHAKTIPUMP,549.4831
2026-06-17,SHAKTIPUMP,549.4831
2026-06-18,SHAKTIPUMP,549.4831
2026-06-19,SHAKTIPUMP,549.4831
2026-06-22,SHAKTIPUMP,549.4831
2026-06-23,SHAKTIPUMP,549.4831
2026-06-24,SHAKTIPUMP,549.4831
2026-06-25,SHAKTIPUMP,549.4831
2026-06-29,SHAKTIPUMP,549.4831
2026-06-30,SHAKTIPUMP,549.4831
2026-07-01,SHAKTIPUMP,549.4831
2026-07-02,SHAKTIPUMP,549.4831
2026-07-03,SHAKTIPUMP,549.4831
2026-07-06,SHAKTIPUMP,549.4831
2026-07-07,SHAKTIPUMP,549.4831
2026-07-08,SHAKTIPUMP,549.4831
2026-07-09,SHAKTIPUMP,549.4831
2026-07-10,SHAKTIPUMP,549.4831
2026-07-13,SHAKTIPUMP,549.4831
2026-07-14,SHAKTIPUMP,549.4831
2026-07-15,SHAKTIPUMP,549.4831
2026-07-16,SHAKTIPUMP,549.4831
2026-07-17,SHAKTIPUMP,549.4831
2026-07-20,SHAKTIPUMP,549.4831
2026-07-21,SHAKTIPUMP,549.4831
2026-07-22,SHAKTIPUMP,549.4831
2026-07-23,SHAKTIPUMP,549.4831
2026-07-24,SHAKTIPUMP,549.4831
2026-07-27,SHAKTIPUMP,549.4831
2026-07-28,SHAKTIPUMP,549.4831
2026-07-29,SHAKTIPUMP,549.4831
2026-07-30,SHAKTIPUMP,549.4831
2026-07-31,SHAKTIPUMP,549.4831
2026-08-03,SHAKTIPUMP,549.4831
2026-08-04,SHAKTIPUMP,549.4831
2026-08-05,SHAKTIPUMP,549.4831
2026-08-06,SHAKTIPUMP,549.4831
2026-08-07,SHAKTIPUMP,549.4831
2026-08-10,SHAKTIPUMP,549.4831
2026-08-11,SHAKTIPUMP,549.4831
2026-08-12,SHAKTIPUMP,549.4831
2026-08-13,SHAKTIPUMP,549.4831
2026-08-14,SHAKTIPUMP,549.4831
2026-08-17,SHAKTIPUMP,549.4831
2026-08-18,SHAKTIPUMP,549.4831
2026-08-19,SHAKTIPUMP,549.4831
2026-08-20,SHAKTIPUMP,549.4831
2026-08-21,SHAKTIPUMP,549.4831
2026-08-24,SHAKTIPUMP,549.4831
2026-08-25,SHAKTIPUMP,549.4831
2026-08-26,SHAKTIPUMP,549.4831
2026-08-27,SHAKTIPUMP,549.4831
2026-08-28,SHAKTIPUMP,549.4831
2026-08-31,SHAKTIPUMP,549.4831
2026-09-01,SHAKTIPUMP,549.4831
2026-09-02,SHAKTIPUMP,549.4831
2026-09-03,SHAKTIPUMP,549.4831
2026-09-04,SHAKTIPUMP,549.4831
2026-09-07,SHAKTIPUMP,549.4831
2026-09-08,SHAKTIPUMP,519.7851
2026-09-09,SHAKTIPUMP,519.7851
2026-09-10,SHAKTIPUMP,519.7851
2026-09-11,SHAKTIPUMP,519.7851
2025-08-29,SHYAMCENT,
2025-09-01,SHYAMCENT,
2025-09-02,SHYAMCENT,
2025-09-03,SHYAMCENT,
2025-09-04,SHYAMCENT,
2025-09-05,SHYAMCENT,
2025-09-08,SHYAMCENT,
2025-09-09,SHYAMCENT,
2025-09-10,SHYAMCENT,
2025-09-11,SHYAMCENT,
2025-09-12,SHYAMCENT,
2025-09-15,SHYAMCENT,
2025-09-16,SHYAMCENT,
2025-09-17,SHYAMCENT,
2025-09-18,SHYAMCENT,
2025-09-19,SHYAMCENT,
2025-09-22,SHYAMCENT,
2025-09-23,SHYAMCENT,
2025-09-24,SHYAMCENT,
2025-09-25,SHYAMCENT,
2025-09-26,SHYAMCENT,
2025-09-29,SHYAMCENT,
2025-09-30,SHYAMCENT,
2025-10-01,SHYAMCENT,
2025-10-03,SHYAMCENT,
2025-10-06,SHYAMCENT,
2025-10-07,SHYAMCENT,
2025-10-08,SHYAMCENT,
2025-10-09,SHYAMCENT,
2025-10-10,SHYAMCENT,
2025-10-13,SHYAMCENT,
2025-10-14,SHYAMCENT,
2025-10-15,SHYAMCENT,
2025-10-16,SHYAMCENT,
2025-10-17,SHYAMCENT,
2025-10-20,SHYAMCENT,
2025-10-21,SHYAMCENT,
2025-10-23,SHYAMCENT,
2025-10-24,SHYAMCENT,
2025-10-27,SHYAMCENT,
2025-10-28,SHYAMCENT,
2025-10-29,SHYAMCENT,
2025-10-30,SHYAMCENT,
2025-10-31,SHYAMCENT,
2025-11-03,SHYAMCENT,
2025-11-04,SHYAMCENT,
2025-11-06,SHYAMCENT,
2025-11-07,SHYAMCENT,
2025-11-10,SHYAMCENT,
2025-11-11,SHYAMCENT,
2025-11-12,SHYAMCENT,
2025-11-13,SHYAMCENT,
2025-11-14,SHYAMCENT,
2025-11-17,SHYAMCENT,
2025-11-18,SHYAMCENT,
2025-11-19,SHYAMCENT,
2025-11-20,SHYAMCENT,
2025-11-21,SHYAMCENT,
2025-11-24,SHYAMCENT,
2025-11-25,SHYAMCENT,
2025-11-26,SHYAMCENT,
2025-11-27,SHYAMCENT,
2025-11-28,SHYAMCENT,
2025-12-01,SHYAMCENT,
2025-12-02,SHYAMCENT,
2025-12-03,SHYAMCENT,
2025-12-04,SHYAMCENT,
2025-12-05,SHYAMCENT,
2025-12-08,SHYAMCENT,
2025-12-09,SHYAMCENT,
2025-12-10,SHYAMCENT,
2025-12-11,SHYAMCENT,
2025-12-12,SHYAMCENT,
2025-12-15,SHYAMCENT,
2025-12-16,SHYAMCENT,
2025-12-17,SHYAMCENT,
2025-12-18,SHYAMCENT,
2025-12-19,SHYAMCENT,
2025-12-22,SHYAMCENT,
2025-12-23,SHYAMCENT,
2025-12-24,SHYAMCENT,
2025-12-26,SHYAMCENT,
2025-12-29,SHYAMCENT,
2025-12-30,SHYAMCENT,
2025-12-31,SHYAMCENT,
2026-01-01,SHYAMCENT,
2026-01-02,SHYAMCENT,
2026-01-05,SHYAMCENT,
2026-01-06,SHYAMCENT,
2026-01-07,SHYAMCENT,
2026-01-08,SHYAMCENT,
2026-01-09,SHYAMCENT,
2026-01-12,SHYAMCENT,
2026-01-13,SHYAMCENT,
2026-01-14,SHYAMCENT,
2026-01-16,SHYAMCENT,
2026-01-19,SHYAMCENT,
2026-01-20,SHYAMCENT,
2026-01-21,SHYAMCENT,
2026-01-22,SHYAMCENT,
2026-01-23,SHYAMCENT,
2026-01-27,SHYAMCENT,
2026-01-28,SHYAMCENT,
2026-01-29,SHYAMCENT,
2026-01-30,SHYAMCENT,
2026-02-02,SHYAMCENT,
2026-02-03,SHYAMCENT,
2026-02-04,SHYAMCENT,
2026-02-05,SHYAMCENT,
2026-02-06,SHYAMCENT,
2026-02-09,SHYAMCENT,
2026-02-10,SHYAMCENT,
2026-02-11,SHYAMCENT,
2026-02-12,SHYAMCENT,
2026-02-13,SHYAMCENT,
2026-02-16,SHYAMCENT,
2026-02-17,SHYAMCENT,
2026-02-18,SHYAMCENT,
2026-02-19,SHYAMCENT,
2026-02-20,SHYAMCENT,
2026-02-23,SHYAMCENT,
2026-02-24,SHYAMCENT,
2026-02-25,SHYAMCENT,
2026-02-26,SHYAMCENT,
2026-02-27,SHYAMCENT,
2026-03-02,SHYAMCENT,
2026-03-04,SHYAMCENT,
2026-03-05,SHYAMCENT,
2026-03-06,SHYAMCENT,
2026-03-09,SHYAMCENT,
2026-03-10,SHYAMCENT,
2026-03-11,SHYAMCENT,
2026-03-12,SHYAMCENT,
2026-03-13,SHYAMCENT,
2026-03-16,SHYAMCENT,
2026-03-17,SHYAMCENT,
2026-03-18,SHYAMCENT,
2026-03-19,SHYAMCENT,
2026-03-20,SHYAMCENT,
2026-03-23,SHYAMCENT,
2026-03-24,SHYAMCENT,
2026-03-25,SHYAMCENT,
2026-03-27,SHYAMCENT,
2026-03-30,SHYAMCENT,
2026-04-01,SHYAMCENT,
2026-04-02,SHYAMCENT,
2026-04-06,SHYAMCENT,
2026-04-07,SHYAMCENT,
2026-04-08,SHYAMCENT,
2026-04-09,SHYAMCENT,
2026-04-10,SHYAMCENT,
2026-04-13,SHYAMCENT,
2026-04-15,SHYAMCENT,
2026-04-16,SHYAMCENT,
2026-04-17,SHYAMCENT,
2026-04-20,SHYAMCENT,
2026-04-21,SHYAMCENT,
2026-04-22,SHYAMCENT,
2026-04-23,SHYAMCENT,
2026-04-24,SHYAMCENT,
2026-04-27,SHYAMCENT,
2026-04-28,SHYAMCENT,
2026-04-29,SHYAMCENT,
2026-04-30,SHYAMCENT,
2026-05-04,SHYAMCENT,
2026-05-05,SHYAMCENT,
2026-05-06,SHYAMCENT,
2026-05-07,SHYAMCENT,
2026-05-08,SHYAMCENT,
2026-05-11,SHYAMCENT,
2026-05-12,SHYAMCENT,
2026-05-13,SHYAMCENT,
2026-05-14,SHYAMCENT,
2026-05-15,SHYAMCENT,
2026-05-18,SHYAMCENT,
2026-05-19,SHYAMCENT,
2026-05-20,SHYAMCENT,
2026-05-21,SHYAMCENT,
2026-05-22,SHYAMCENT,
2026-05-25,SHYAMCENT,
2026-05-26,SHYAMCENT,
2026-05-27,SHYAMCENT,
2026-05-29,SHYAMCENT,
2026-06-01,SHYAMCENT,
2026-06-02,SHYAMCENT,
2026-06-03,SHYAMCENT,
2026-06-04,SHYAMCENT,
2026-06-05,SHYAMCENT,
2026-06-08,SHYAMCENT,
2026-06-09,SHYAMCENT,
2026-06-10,SHYAMCENT,
2026-06-11,SHYAMCENT,
2026-06-12,SHYAMCENT,
2026-06-15,SHYAMCENT,
2026-06-16,SHYAMCENT,
2026-06-17,SHYAMCENT,
2026-06-18,SHYAMCENT,
2026-06-19,SHYAMCENT,
2026-06-22,SHYAMCENT,
2026-06-23,SHYAMCENT,
2026-06-24,SHYAMCENT,5.3758
2026-06-25,SHYAMCENT,5.401
2026-06-29,SHYAMCENT,5.401
2026-06-30,SHYAMCENT,5.5992
2026-07-01,SHYAMCENT,5.5992
2026-07-02,SHYAMCENT,5.5992
2026-07-03,SHYAMCENT,5.5992
2026-07-06,SHYAMCENT,5.5992
2026-07-07,SHYAMCENT,5.5992
2026-07-08,SHYAMCENT,5.5992
2026-07-09,SHYAMCENT,5.5992
2026-07-10,SHYAMCENT,5.5992
2026-07-13,SHYAMCENT,5.5992
2026-07-14,SHYAMCENT,5.5992
2026-07-15,SHYAMCENT,5.5992
2026-07-16,SHYAMCENT,5.5992
2026-07-17,SHYAMCENT,5.5992
2026-07-20,SHYAMCENT,5.5992
2026-07-21,SHYAMCENT,5.5992
2026-07-22,SHYAMCENT,5.5992
2026-07-23,SHYAMCENT,5.5992
2026-07-24,SHYAMCENT,5.5992
2026-07-27,SHYAMCENT,5.5992
2026-07-28,SHYAMCENT,5.5992
2026-07-29,SHYAMCENT,5.5992
2026-07-30,SHYAMCENT,5.5992
2026-07-31,SHYAMCENT,5.5992
2026-08-03,SHYAMCENT,5.5992
2026-08-04,SHYAMCENT,5.5992
2026-08-05,SHYAMCENT,5.5992
2026-08-06,SHYAMCENT,5.5992
2026-08-07,SHYAMCENT,5.5992
2026-08-10,SHYAMCENT,5.5992
2026-08-11,SHYAMCENT,5.5992
2026-08-12,SHYAMCENT,5.5992
2026-08-13,SHYAMCENT,5.5992
2026-08-14,SHYAMCENT,5.5992
2026-08-17,SHYAMCENT,5.5992
2026-08-18,SHYAMCENT,5.5992
2026-08-19,SHYAMCENT,5.5992
2026-08-20,SHYAMCENT,5.5992
2026-08-21,SHYAMCENT,5.5992
2026-08-24,SHYAMCENT,5.5992
2026-08-25,SHYAMCENT,5.5992
2026-08-26,SHYAMCENT,5.5992
2026-08-27,SHYAMCENT,5.5992
2026-08-28,SHYAMCENT,5.5992
2026-08-31,SHYAMCENT,5.5992
2026-09-01,SHYAMCENT,5.5992
2026-09-02,SHYAMCENT,5.5992
2026-09-03,SHYAMCENT,5.5992
2026-09-04,SHYAMCENT,5.5992
2026-09-07,SHYAMCENT,5.5992
2026-09-08,SHYAMCENT,5.5992
2026-09-09,SHYAMCENT,5.5992
2026-09-10,SHYAMCENT,5.5992
2026-09-11,SHYAMCENT,5.5992
2025-08-29,SIGIND,
2025-09-01,SIGIND,
2025-09-02,SIGIND,
2025-09-03,SIGIND,
2025-09-04,SIGIND,
2025-09-05,SIGIND,
2025-09-08,SIGIND,
2025-09-09,SIGIND,
2025-09-10,SIGIND,
2025-09-11,SIGIND,
2025-09-12,SIGIND,
2025-09-15,SIGIND,
2025-09-16,SIGIND,
2025-09-17,SIGIND,
2025-09-18,SIGIND,
2025-09-19,SIGIND,
2025-09-22,SIGIND,
2025-09-23,SIGIND,
2025-09-24,SIGIND,
2025-09-25,SIGIND,
2025-09-26,SIGIND,
2025-09-29,SIGIND,
2025-09-30,SIGIND,
2025-10-01,SIGIND,
2025-10-03,SIGIND,
2025-10-06,SIGIND,
2025-10-07,SIGIND,
2025-10-08,SIGIND,
2025-10-09,SIGIND,
2025-10-10,SIGIND,
2025-10-13,SIGIND,
2025-10-14,SIGIND,
2025-10-15,SIGIND,
2025-10-16,SIGIND,
2025-10-17,SIGIND,
2025-10-20,SIGIND,
2025-10-21,SIGIND,
2025-10-23,SIGIND,
2025-10-24,SIGIND,
2025-10-27,SIGIND,
2025-10-28,SIGIND,
2025-10-29,SIGIND,
2025-10-30,SIGIND,
2025-10-31,SIGIND,
2025-11-03,SIGIND,
2025-11-04,SIGIND,
2025-11-06,SIGIND,
2025-11-07,SIGIND,
2025-11-10,SIGIND,
2025-11-11,SIGIND,
2025-11-12,SIGIND,
2025-11-13,SIGIND,
2025-11-14,SIGIND,
2025-11-17,SIGIND,
2025-11-18,SIGIND,
2025-11-19,SIGIND,
2025-11-20,SIGIND,
2025-11-21,SIGIND,
2025-11-24,SIGIND,
2025-11-25,SIGIND,
2025-11-26,SIGIND,
2025-11-27,SIGIND,
2025-11-28,SIGIND,
2025-12-01,SIGIND,
2025-12-02,SIGIND,
2025-12-03,SIGIND,
2025-12-04,SIGIND,
2025-12-05,SIGIND,
2025-12-08,SIGIND,
2025-12-09,SIGIND,
2025-12-10,SIGIND,
2025-12-11,SIGIND,
2025-12-12,SIGIND,
2025-12-15,SIGIND,
2025-12-16,SIGIND,
2025-12-17,SIGIND,
2025-12-18,SIGIND,
2025-12-19,SIGIND,
2025-12-22,SIGIND,
2025-12-23,SIGIND,
2025-12-24,SIGIND,
2025-12-26,SIGIND,
2025-12-29,SIGIND,
2025-12-30,SIGIND,
2025-12-31,SIGIND,
2026-01-01,SIGIND,
2026-01-02,SIGIND,
2026-01-05,SIGIND,
2026-01-06,SIGIND,
2026-01-07,SIGIND,
2026-01-08,SIGIND,
2026-01-09,SIGIND,
2026-01-12,SIGIND,
2026-01-13,SIGIND,
2026-01-14,SIGIND,
2026-01-16,SIGIND,
2026-01-19,SIGIND,
2026-01-20,SIGIND,
2026-01-21,SIGIND,
2026-01-22,SIGIND,
2026-01-23,SIGIND,
2026-01-27,SIGIND,
2026-01-28,SIGIND,
2026-01-29,SIGIND,
2026-01-30,SIGIND,
2026-02-02,SIGIND,
2026-02-03,SIGIND,
2026-02-04,SIGIND,
2026-02-05,SIGIND,
2026-02-06,SIGIND,
2026-02-09,SIGIND,
2026-02-10,SIGIND,
2026-02-11,SIGIND,
2026-02-12,SIGIND,
2026-02-13,SIGIND,
2026-02-16,SIGIND,
2026-02-17,SIGIND,
2026-02-18,SIGIND,
2026-02-19,SIGIND,
2026-02-20,SIGIND,
2026-02-23,SIGIND,
2026-02-24,SIGIND,
2026-02-25,SIGIND,
2026-02-26,SIGIND,
2026-02-27,SIGIND,
2026-03-02,SIGIND,
2026-03-04,SIGIND,
2026-03-05,SIGIND,
2026-03-06,SIGIND,
2026-03-09,SIGIND,
2026-03-10,SIGIND,
2026-03-11,SIGIND,
2026-03-12,SIGIND,
2026-03-13,SIGIND,
2026-03-16,SIGIND,
2026-03-17,SIGIND,
2026-03-18,SIGIND,
2026-03-19,SIGIND,
2026-03-20,SIGIND,
2026-03-23,SIGIND,
2026-03-24,SIGIND,
2026-03-25,SIGIND,
2026-03-27,SIGIND,
2026-03-30,SIGIND,
2026-04-01,SIGIND,
2026-04-02,SIGIND,
2026-04-06,SIGIND,
2026-04-07,SIGIND,
2026-04-08,SIGIND,
2026-04-09,SIGIND,
2026-04-10,SIGIND,
2026-04-13,SIGIND,
2026-04-15,SIGIND,
2026-04-16,SIGIND,
2026-04-17,SIGIND,
2026-04-20,SIGIND,
2026-04-21,SIGIND,
2026-04-22,SIGIND,
2026-04-23,SIGIND,
2026-04-24,SIGIND,
2026-04-27,SIGIND,
2026-04-28,SIGIND,
2026-04-29,SIGIND,
2026-04-30,SIGIND,
2026-05-04,SIGIND,
2026-05-05,SIGIND,
2026-05-06,SIGIND,
2026-05-07,SIGIND,
2026-05-08,SIGIND,
2026-05-11,SIGIND,
2026-05-12,SIGIND,
2026-05-13,SIGIND,
2026-05-14,SIGIND,
2026-05-15,SIGIND,
2026-05-18,SIGIND,
2026-05-19,SIGIND,
2026-05-20,SIGIND,
2026-05-21,SIGIND,
2026-05-22,SIGIND,
2026-05-25,SIGIND,
2026-05-26,SIGIND,
2026-05-27,SIGIND,
2026-05-29,SIGIND,
2026-06-01,SIGIND,
2026-06-02,SIGIND,
2026-06-03,SIGIND,
2026-06-04,SIGIND,
2026-06-05,SIGIND,
2026-06-08,SIGIND,
2026-06-09,SIGIND,
2026-06-10,SIGIND,
2026-06-11,SIGIND,
2026-06-12,SIGIND,
2026-06-15,SIGIND,
2026-06-16,SIGIND,
2026-06-17,SIGIND,
2026-06-18,SIGIND,
2026-06-19,SIGIND,
2026-06-22,SIGIND,
2026-06-23,SIGIND,
2026-06-24,SIGIND,
2026-06-25,SIGIND,
2026-06-29,SIGIND,
2026-06-30,SIGIND,
2026-07-01,SIGIND,
2026-07-02,SIGIND,
2026-07-03,SIGIND,
2026-07-06,SIGIND,
2026-07-07,SIGIND,
2026-07-08,SIGIND,
2026-07-09,SIGIND,
2026-07-10,SIGIND,
2026-07-13,SIGIND,
2026-07-14,SIGIND,
2026-07-15,SIGIND,
2026-07-16,SIGIND,
2026-07-17,SIGIND,
2026-07-20,SIGIND,
2026-07-21,SIGIND,
2026-07-22,SIGIND,
2026-07-23,SIGIND,
2026-07-24,SIGIND,
2026-07-27,SIGIND,
2026-07-28,SIGIND,
2026-07-29,SIGIND,
2026-07-30,SIGIND,
2026-07-31,SIGIND,
2026-08-03,SIGIND,
2026-08-04,SIGIND,
2026-08-05,SIGIND,
2026-08-06,SIGIND,
2026-08-07,SIGIND,
2026-08-10,SIGIND,
2026-08-11,SIGIND,
2026-08-12,SIGIND,
2026-08-13,SIGIND,
2026-08-14,SIGIND,
2026-08-17,SIGIND,68.8034
2026-08-18,SIGIND,68.124
2026-08-19,SIGIND,68.8548
2026-08-20,SIGIND,70.217
2026-08-21,SIGIND,70.2704
2026-08-24,SIGIND,70.2704
2026-08-25,SIGIND,70.0836
2026-08-26,SIGIND,70.0836
2026-08-27,SIGIND,70.18
2026-08-28,SIGIND,70.3494
2026-08-31,SIGIND,70.3494
2026-09-01,SIGIND,70.3494
2026-09-02,SIGIND,70.3494
2026-09-03,SIGIND,70.3494
2026-09-04,SIGIND,70.3802
2026-09-07,SIGIND,70.4875
2026-09-08,SIGIND,70.4035
2026-09-09,SIGIND,70.3878
2026-09-10,SIGIND,70.3878
2026-09-11,SIGIND,70.3878
2025-08-29,SILVERTUC,
2025-09-01,SILVERTUC,
2025-09-02,SILVERTUC,
2025-09-03,SILVERTUC,
2025-09-04,SILVERTUC,
2025-09-05,SILVERTUC,
2025-09-08,SILVERTUC,
2025-09-09,SILVERTUC,
2025-09-10,SILVERTUC,
2025-09-11,SILVERTUC,
2025-09-12,SILVERTUC,
2025-09-15,SILVERTUC,
2025-09-16,SILVERTUC,
2025-09-17,SILVERTUC,
2025-09-18,SILVERTUC,
2025-09-19,SILVERTUC,
2025-09-22,SILVERTUC,
2025-09-23,SILVERTUC,
2025-09-24,SILVERTUC,
2025-09-25,SILVERTUC,
2025-09-26,SILVERTUC,
2025-09-29,SILVERTUC,
2025-09-30,SILVERTUC,
2025-10-01,SILVERTUC,
2025-10-03,SILVERTUC,
2025-10-06,SILVERTUC,
2025-10-07,SILVERTUC,
2025-10-08,SILVERTUC,
2025-10-09,SILVERTUC,
2025-10-10,SILVERTUC,
2025-10-13,SILVERTUC,
2025-10-14,SILVERTUC,
2025-10-15,SILVERTUC,
2025-10-16,SILVERTUC,
2025-10-17,SILVERTUC,
2025-10-20,SILVERTUC,
2025-10-21,SILVERTUC,
2025-10-23,SILVERTUC,
2025-10-24,SILVERTUC,
2025-10-27,SILVERTUC,
2025-10-28,SILVERTUC,
2025-10-29,SILVERTUC,
2025-10-30,SILVERTUC,
2025-10-31,SILVERTUC,
2025-11-03,SILVERTUC,
2025-11-04,SILVERTUC,
2025-11-06,SILVERTUC,
2025-11-07,SILVERTUC,
2025-11-10,SILVERTUC,
2025-11-11,SILVERTUC,
2025-11-12,SILVERTUC,
2025-11-13,SILVERTUC,
2025-11-14,SILVERTUC,
2025-11-17,SILVERTUC,
2025-11-18,SILVERTUC,
2025-11-19,SILVERTUC,
2025-11-20,SILVERTUC,
2025-11-21,SILVERTUC,
2025-11-24,SILVERTUC,
2025-11-25,SILVERTUC,
2025-11-26,SILVERTUC,
2025-11-27,SILVERTUC,
2025-11-28,SILVERTUC,
2025-12-01,SILVERTUC,
2025-12-02,SILVERTUC,
2025-12-03,SILVERTUC,
2025-12-04,SILVERTUC,
2025-12-05,SILVERTUC,
2025-12-08,SILVERTUC,
2025-12-09,SILVERTUC,
2025-12-10,SILVERTUC,
2025-12-11,SILVERTUC,
2025-12-12,SILVERTUC,
2025-12-15,SILVERTUC,
2025-12-16,SILVERTUC,
2025-12-17,SILVERTUC,
2025-12-18,SILVERTUC,
2025-12-19,SILVERTUC,
2025-12-22,SILVERTUC,
2025-12-23,SILVERTUC,
2025-12-24,SILVERTUC,
2025-12-26,SILVERTUC,
2025-12-29,SILVERTUC,
2025-12-30,SILVERTUC,
2025-12-31,SILVERTUC,
2026-01-01,SILVERTUC,
2026-01-02,SILVERTUC,
2026-01-05,SILVERTUC,
2026-01-06,SILVERTUC,
2026-01-07,SILVERTUC,
2026-01-08,SILVERTUC,
2026-01-09,SILVERTUC,
2026-01-12,SILVERTUC,
2026-01-13,SILVERTUC,
2026-01-14,SILVERTUC,
2026-01-16,SILVERTUC,
2026-01-19,SILVERTUC,
2026-01-20,SILVERTUC,
2026-01-21,SILVERTUC,
2026-01-22,SILVERTUC,
2026-01-23,SILVERTUC,
2026-01-27,SILVERTUC,
2026-01-28,SILVERTUC,
2026-01-29,SILVERTUC,
2026-01-30,SILVERTUC,
2026-02-02,SILVERTUC,
2026-02-03,SILVERTUC,
2026-02-04,SILVERTUC,
2026-02-05,SILVERTUC,
2026-02-06,SILVERTUC,
2026-02-09,SILVERTUC,
2026-02-10,SILVERTUC,
2026-02-11,SILVERTUC,
2026-02-12,SILVERTUC,
2026-02-13,SILVERTUC,
2026-02-16,SILVERTUC,
2026-02-17,SILVERTUC,
2026-02-18,SILVERTUC,
2026-02-19,SILVERTUC,
2026-02-20,SILVERTUC,
2026-02-23,SILVERTUC,
2026-02-24,SILVERTUC,
2026-02-25,SILVERTUC,
2026-02-26,SILVERTUC,
2026-02-27,SILVERTUC,
2026-03-02,SILVERTUC,
2026-03-04,SILVERTUC,
2026-03-05,SILVERTUC,
2026-03-06,SILVERTUC,
2026-03-09,SILVERTUC,
2026-03-10,SILVERTUC,
2026-03-11,SILVERTUC,
2026-03-12,SILVERTUC,
2026-03-13,SILVERTUC,
2026-03-16,SILVERTUC,
2026-03-17,SILVERTUC,
2026-03-18,SILVERTUC,
2026-03-19,SILVERTUC,
2026-03-20,SILVERTUC,
2026-03-23,SILVERTUC,
2026-03-24,SILVERTUC,
2026-03-25,SILVERTUC,
2026-03-27,SILVERTUC,
2026-03-30,SILVERTUC,
2026-04-01,SILVERTUC,
2026-04-02,SILVERTUC,
2026-04-06,SILVERTUC,
2026-04-07,SILVERTUC,
2026-04-08,SILVERTUC,
2026-04-09,SILVERTUC,
2026-04-10,SILVERTUC,
2026-04-13,SILVERTUC,
2026-04-15,SILVERTUC,
2026-04-16,SILVERTUC,
2026-04-17,SILVERTUC,
2026-04-20,SILVERTUC,
2026-04-21,SILVERTUC,
2026-04-22,SILVERTUC,
2026-04-23,SILVERTUC,
2026-04-24,SILVERTUC,
2026-04-27,SILVERTUC,
2026-04-28,SILVERTUC,
2026-04-29,SILVERTUC,
2026-04-30,SILVERTUC,
2026-05-04,SILVERTUC,
2026-05-05,SILVERTUC,
2026-05-06,SILVERTUC,
2026-05-07,SILVERTUC,
2026-05-08,SILVERTUC,
2026-05-11,SILVERTUC,
2026-05-12,SILVERTUC,
2026-05-13,SILVERTUC,
2026-05-14,SILVERTUC,
2026-05-15,SILVERTUC,
2026-05-18,SILVERTUC,
2026-05-19,SILVERTUC,
2026-05-20,SILVERTUC,
2026-05-21,SILVERTUC,
2026-05-22,SILVERTUC,
2026-05-25,SILVERTUC,
2026-05-26,SILVERTUC,
2026-05-27,SILVERTUC,
2026-05-29,SILVERTUC,
2026-06-01,SILVERTUC,
2026-06-02,SILVERTUC,
2026-06-03,SILVERTUC,
2026-06-04,SILVERTUC,
2026-06-05,SILVERTUC,
2026-06-08,SILVERTUC,
2026-06-09,SILVERTUC,
2026-06-10,SILVERTUC,
2026-06-11,SILVERTUC,
2026-06-12,SILVERTUC,
2026-06-15,SILVERTUC,
2026-06-16,SILVERTUC,
2026-06-17,SILVERTUC,
2026-06-18,SILVERTUC,
2026-06-19,SILVERTUC,
2026-06-22,SILVERTUC,
2026-06-23,SILVERTUC,
2026-06-24,SILVERTUC,
2026-06-25,SILVERTUC,
2026-06-29,SILVERTUC,
2026-06-30,SILVERTUC,
2026-07-01,SILVERTUC,
2026-07-02,SILVERTUC,
2026-07-03,SILVERTUC,
2026-07-06,SILVERTUC,
2026-07-07,SILVERTUC,
2026-07-08,SILVERTUC,
2026-07-09,SILVERTUC,
2026-07-10,SILVERTUC,
2026-07-13,SILVERTUC,
2026-07-14,SILVERTUC,
2026-07-15,SILVERTUC,
2026-07-16,SILVERTUC,
2026-07-17,SILVERTUC,
2026-07-20,SILVERTUC,
2026-07-21,SILVERTUC,
2026-07-22,SILVERTUC,
2026-07-23,SILVERTUC,
2026-07-24,SILVERTUC,
2026-07-27,SILVERTUC,
2026-07-28,SILVERTUC,
2026-07-29,SILVERTUC,
2026-07-30,SILVERTUC,
2026-07-31,SILVERTUC,
2026-08-03,SILVERTUC,
2026-08-04,SILVERTUC,
2026-08-05,SILVERTUC,
2026-08-06,SILVERTUC,
2026-08-07,SILVERTUC,
2026-08-10,SILVERTUC,
2026-08-11,SILVERTUC,
2026-08-12,SILVERTUC,
2026-08-13,SILVERTUC,
2026-08-14,SILVERTUC,
2026-08-17,SILVERTUC,
2026-08-18,SILVERTUC,
2026-08-19,SILVERTUC,
2026-08-20,SILVERTUC,
2026-08-21,SILVERTUC,
2026-08-24,SILVERTUC,
2026-08-25,SILVERTUC,180.9768
2026-08-26,SILVERTUC,180.9768
2026-08-27,SILVERTUC,180.9768
2026-08-28,SILVERTUC,180.9768
2026-08-31,SILVERTUC,175.7448
2026-09-01,SILVERTUC,175.7448
2026-09-02,SILVERTUC,175.7448
2026-09-03,SILVERTUC,170.9314
2026-09-04,SILVERTUC,170.9314
2026-09-07,SILVERTUC,170.9314
2026-09-08,SILVERTUC,170.9314
2026-09-09,SILVERTUC,170.7901
2026-09-10,SILVERTUC,170.7901
2026-09-11,SILVERTUC,170.7901
2025-08-29,SINCLAIR,
2025-09-01,SINCLAIR,
2025-09-02,SINCLAIR,
2025-09-03,SINCLAIR,
2025-09-04,SINCLAIR,
2025-09-05,SINCLAIR,
2025-09-08,SINCLAIR,
2025-09-09,SINCLAIR,
2025-09-10,SINCLAIR,
2025-09-11,SINCLAIR,
2025-09-12,SINCLAIR,
2025-09-15,SINCLAIR,
2025-09-16,SINCLAIR,
2025-09-17,SINCLAIR,
2025-09-18,SINCLAIR,
2025-09-19,SINCLAIR,
2025-09-22,SINCLAIR,
2025-09-23,SINCLAIR,
2025-09-24,SINCLAIR,
2025-09-25,SINCLAIR,
2025-09-26,SINCLAIR,
2025-09-29,SINCLAIR,
2025-09-30,SINCLAIR,
2025-10-01,SINCLAIR,
2025-10-03,SINCLAIR,
2025-10-06,SINCLAIR,
2025-10-07,SINCLAIR,
2025-10-08,SINCLAIR,
2025-10-09,SINCLAIR,
2025-10-10,SINCLAIR,
2025-10-13,SINCLAIR,
2025-10-14,SINCLAIR,
2025-10-15,SINCLAIR,
2025-10-16,SINCLAIR,
2025-10-17,SINCLAIR,
2025-10-20,SINCLAIR,
2025-10-21,SINCLAIR,
2025-10-23,SINCLAIR,
2025-10-24,SINCLAIR,
2025-10-27,SINCLAIR,
2025-10-28,SINCLAIR,
2025-10-29,SINCLAIR,
2025-10-30,SINCLAIR,
2025-10-31,SINCLAIR,
2025-11-03,SINCLAIR,
2025-11-04,SINCLAIR,
2025-11-06,SINCLAIR,
2025-11-07,SINCLAIR,
2025-11-10,SINCLAIR,
2025-11-11,SINCLAIR,
2025-11-12,SINCLAIR,
2025-11-13,SINCLAIR,
2025-11-14,SINCLAIR,
2025-11-17,SINCLAIR,
2025-11-18,SINCLAIR,
2025-11-19,SINCLAIR,
2025-11-20,SINCLAIR,
2025-11-21,SINCLAIR,
2025-11-24,SINCLAIR,
2025-11-25,SINCLAIR,
2025-11-26,SINCLAIR,
2025-11-27,SINCLAIR,
2025-11-28,SINCLAIR,
2025-12-01,SINCLAIR,
2025-12-02,SINCLAIR,
2025-12-03,SINCLAIR,
2025-12-04,SINCLAIR,
2025-12-05,SINCLAIR,
2025-12-08,SINCLAIR,
2025-12-09,SINCLAIR,
2025-12-10,SINCLAIR,
2025-12-11,SINCLAIR,
2025-12-12,SINCLAIR,
2025-12-15,SINCLAIR,
2025-12-16,SINCLAIR,
2025-12-17,SINCLAIR,
2025-12-18,SINCLAIR,
2025-12-19,SINCLAIR,
2025-12-22,SINCLAIR,
2025-12-23,SINCLAIR,
2025-12-24,SINCLAIR,
2025-12-26,SINCLAIR,
2025-12-29,SINCLAIR,
2025-12-30,SINCLAIR,
2025-12-31,SINCLAIR,
2026-01-01,SINCLAIR,
2026-01-02,SINCLAIR,
2026-01-05,SINCLAIR,
2026-01-06,SINCLAIR,
2026-01-07,SINCLAIR,
2026-01-08,SINCLAIR,
2026-01-09,SINCLAIR,
2026-01-12,SINCLAIR,
2026-01-13,SINCLAIR,
2026-01-14,SINCLAIR,
2026-01-16,SINCLAIR,
2026-01-19,SINCLAIR,
2026-01-20,SINCLAIR,
2026-01-21,SINCLAIR,
2026-01-22,SINCLAIR,
2026-01-23,SINCLAIR,
2026-01-27,SINCLAIR,
2026-01-28,SINCLAIR,
2026-01-29,SINCLAIR,
2026-01-30,SINCLAIR,
2026-02-02,SINCLAIR,
2026-02-03,SINCLAIR,
2026-02-04,SINCLAIR,
2026-02-05,SINCLAIR,
2026-02-06,SINCLAIR,
2026-02-09,SINCLAIR,
2026-02-10,SINCLAIR,
2026-02-11,SINCLAIR,
2026-02-12,SINCLAIR,
2026-02-13,SINCLAIR,
2026-02-16,SINCLAIR,
2026-02-17,SINCLAIR,
2026-02-18,SINCLAIR,
2026-02-19,SINCLAIR,
2026-02-20,SINCLAIR,
2026-02-23,SINCLAIR,
2026-02-24,SINCLAIR,
2026-02-25,SINCLAIR,
2026-02-26,SINCLAIR,
2026-02-27,SINCLAIR,
2026-03-02,SINCLAIR,
2026-03-04,SINCLAIR,
2026-03-05,SINCLAIR,
2026-03-06,SINCLAIR,
2026-03-09,SINCLAIR,
2026-03-10,SINCLAIR,
2026-03-11,SINCLAIR,
2026-03-12,SINCLAIR,
2026-03-13,SINCLAIR,
2026-03-16,SINCLAIR,
2026-03-17,SINCLAIR,
2026-03-18,SINCLAIR,
2026-03-19,SINCLAIR,
2026-03-20,SINCLAIR,
2026-03-23,SINCLAIR,
2026-03-24,SINCLAIR,
2026-03-25,SINCLAIR,
2026-03-27,SINCLAIR,
2026-03-30,SINCLAIR,
2026-04-01,SINCLAIR,
2026-04-02,SINCLAIR,
2026-04-06,SINCLAIR,
2026-04-07,SINCLAIR,
2026-04-08,SINCLAIR,
2026-04-09,SINCLAIR,
2026-04-10,SINCLAIR,
2026-04-13,SINCLAIR,
2026-04-15,SINCLAIR,
2026-04-16,SINCLAIR,
2026-04-17,SINCLAIR,
2026-04-20,SINCLAIR,
2026-04-21,SINCLAIR,
2026-04-22,SINCLAIR,
2026-04-23,SINCLAIR,
2026-04-24,SINCLAIR,
2026-04-27,SINCLAIR,
2026-04-28,SINCLAIR,
2026-04-29,SINCLAIR,
2026-04-30,SINCLAIR,
2026-05-04,SINCLAIR,
2026-05-05,SINCLAIR,
2026-05-06,SINCLAIR,
2026-05-07,SINCLAIR,
2026-05-08,SINCLAIR,
2026-05-11,SINCLAIR,
2026-05-12,SINCLAIR,
2026-05-13,SINCLAIR,
2026-05-14,SINCLAIR,
2026-05-15,SINCLAIR,
2026-05-18,SINCLAIR,
2026-05-19,SINCLAIR,
2026-05-20,SINCLAIR,
2026-05-21,SINCLAIR,
2026-05-22,SINCLAIR,
2026-05-25,SINCLAIR,
2026-05-26,SINCLAIR,
2026-05-27,SINCLAIR,
2026-05-29,SINCLAIR,
2026-06-01,SINCLAIR,
2026-06-02,SINCLAIR,
2026-06-03,SINCLAIR,
2026-06-04,SINCLAIR,
2026-06-05,SINCLAIR,
2026-06-08,SINCLAIR,
2026-06-09,SINCLAIR,
2026-06-10,SINCLAIR,
2026-06-11,SINCLAIR,76.7894
2026-06-12,SINCLAIR,76.7894
2026-06-15,SINCLAIR,76.7894
2026-06-16,SINCLAIR,76.7894
2026-06-17,SINCLAIR,76.7894
2026-06-18,SINCLAIR,76.7894
2026-06-19,SINCLAIR,76.7894
2026-06-22,SINCLAIR,76.7894
2026-06-23,SINCLAIR,76.7894
2026-06-24,SINCLAIR,76.7894
2026-06-25,SINCLAIR,76.7894
2026-06-29,SINCLAIR,76.7894
2026-06-30,SINCLAIR,76.7894
2026-07-01,SINCLAIR,76.7894
2026-07-02,SINCLAIR,76.7894
2026-07-03,SINCLAIR,76.7894
2026-07-06,SINCLAIR,76.7894
2026-07-07,SINCLAIR,76.7894
2026-07-08,SINCLAIR,76.7894
2026-07-09,SINCLAIR,76.7894
2026-07-10,SINCLAIR,76.7894
2026-07-13,SINCLAIR,76.7894
2026-07-14,SINCLAIR,76.7894
2026-07-15,SINCLAIR,76.7894
2026-07-16,SINCLAIR,76.7894
2026-07-17,SINCLAIR,76.7894
2026-07-20,SINCLAIR,76.7894
2026-07-21,SINCLAIR,76.7894
2026-07-22,SINCLAIR,76.7894
2026-07-23,SINCLAIR,76.7894
2026-07-24,SINCLAIR,76.7894
2026-07-27,SINCLAIR,76.7894
2026-07-28,SINCLAIR,76.7894
2026-07-29,SINCLAIR,76.7894
2026-07-30,SINCLAIR,76.7894
2026-07-31,SINCLAIR,76.7894
2026-08-03,SINCLAIR,76.7894
2026-08-04,SINCLAIR,76.7894
2026-08-05,SINCLAIR,76.7894
2026-08-06,SINCLAIR,76.7894
2026-08-07,SINCLAIR,76.7894
2026-08-10,SINCLAIR,76.7894
2026-08-11,SINCLAIR,76.7894
2026-08-12,SINCLAIR,76.7894
2026-08-13,SINCLAIR,76.7894
2026-08-14,SINCLAIR,76.7894
2026-08-17,SINCLAIR,76.7894
2026-08-18,SINCLAIR,76.7894
2026-08-19,SINCLAIR,76.7894
2026-08-20,SINCLAIR,76.7894
2026-08-21,SINCLAIR,76.7894
2026-08-24,SINCLAIR,76.7894
2026-08-25,SINCLAIR,76.7894
2026-08-26,SINCLAIR,76.7894
2026-08-27,SINCLAIR,76.7894
2026-08-28,SINCLAIR,79.3868
2026-08-31,SINCLAIR,79.3868
2026-09-01,SINCLAIR,79.7297
2026-09-02,SINCLAIR,79.7297
2026-09-03,SINCLAIR,80.1349
2026-09-04,SINCLAIR,80.253
2026-09-07,SINCLAIR,80.253
2026-09-08,SINCLAIR,80.7092
2026-09-09,SINCLAIR,80.7833
2026-09-10,SINCLAIR,80.7833
2026-09-11,SINCLAIR,80.7833
2025-08-29,SRHHYPOLTD,
2025-09-01,SRHHYPOLTD,
2025-09-02,SRHHYPOLTD,
2025-09-03,SRHHYPOLTD,
2025-09-04,SRHHYPOLTD,
2025-09-05,SRHHYPOLTD,
2025-09-08,SRHHYPOLTD,
2025-09-09,SRHHYPOLTD,
2025-09-10,SRHHYPOLTD,
2025-09-11,SRHHYPOLTD,
2025-09-12,SRHHYPOLTD,
2025-09-15,SRHHYPOLTD,
2025-09-16,SRHHYPOLTD,
2025-09-17,SRHHYPOLTD,
2025-09-18,SRHHYPOLTD,
2025-09-19,SRHHYPOLTD,
2025-09-22,SRHHYPOLTD,
2025-09-23,SRHHYPOLTD,
2025-09-24,SRHHYPOLTD,
2025-09-25,SRHHYPOLTD,
2025-09-26,SRHHYPOLTD,
2025-09-29,SRHHYPOLTD,
2025-09-30,SRHHYPOLTD,
2025-10-01,SRHHYPOLTD,
2025-10-03,SRHHYPOLTD,
2025-10-06,SRHHYPOLTD,
2025-10-07,SRHHYPOLTD,
2025-10-08,SRHHYPOLTD,
2025-10-09,SRHHYPOLTD,
2025-10-10,SRHHYPOLTD,
2025-10-13,SRHHYPOLTD,
2025-10-14,SRHHYPOLTD,
2025-10-15,SRHHYPOLTD,
2025-10-16,SRHHYPOLTD,
2025-10-17,SRHHYPOLTD,
2025-10-20,SRHHYPOLTD,
2025-10-21,SRHHYPOLTD,
2025-10-23,SRHHYPOLTD,
2025-10-24,SRHHYPOLTD,
2025-10-27,SRHHYPOLTD,
2025-10-28,SRHHYPOLTD,
2025-10-29,SRHHYPOLTD,
2025-10-30,SRHHYPOLTD,
2025-10-31,SRHHYPOLTD,
2025-11-03,SRHHYPOLTD,
2025-11-04,SRHHYPOLTD,
2025-11-06,SRHHYPOLTD,
2025-11-07,SRHHYPOLTD,
2025-11-10,SRHHYPOLTD,
2025-11-11,SRHHYPOLTD,
2025-11-12,SRHHYPOLTD,
2025-11-13,SRHHYPOLTD,
2025-11-14,SRHHYPOLTD,
2025-11-17,SRHHYPOLTD,
2025-11-18,SRHHYPOLTD,
2025-11-19,SRHHYPOLTD,
2025-11-20,SRHHYPOLTD,
2025-11-21,SRHHYPOLTD,
2025-11-24,SRHHYPOLTD,
2025-11-25,SRHHYPOLTD,
2025-11-26,SRHHYPOLTD,
2025-11-27,SRHHYPOLTD,
2025-11-28,SRHHYPOLTD,
2025-12-01,SRHHYPOLTD,
2025-12-02,SRHHYPOLTD,
2025-12-03,SRHHYPOLTD,
2025-12-04,SRHHYPOLTD,
2025-12-05,SRHHYPOLTD,
2025-12-08,SRHHYPOLTD,
2025-12-09,SRHHYPOLTD,
2025-12-10,SRHHYPOLTD,
2025-12-11,SRHHYPOLTD,
2025-12-12,SRHHYPOLTD,
2025-12-15,SRHHYPOLTD,
2025-12-16,SRHHYPOLTD,
2025-12-17,SRHHYPOLTD,
2025-12-18,SRHHYPOLTD,
2025-12-19,SRHHYPOLTD,
2025-12-22,SRHHYPOLTD,
2025-12-23,SRHHYPOLTD,
2025-12-24,SRHHYPOLTD,
2025-12-26,SRHHYPOLTD,
2025-12-29,SRHHYPOLTD,
2025-12-30,SRHHYPOLTD,
2025-12-31,SRHHYPOLTD,
2026-01-01,SRHHYPOLTD,
2026-01-02,SRHHYPOLTD,
2026-01-05,SRHHYPOLTD,
2026-01-06,SRHHYPOLTD,
2026-01-07,SRHHYPOLTD,
2026-01-08,SRHHYPOLTD,
2026-01-09,SRHHYPOLTD,
2026-01-12,SRHHYPOLTD,
2026-01-13,SRHHYPOLTD,
2026-01-14,SRHHYPOLTD,
2026-01-16,SRHHYPOLTD,
2026-01-19,SRHHYPOLTD,
2026-01-20,SRHHYPOLTD,
2026-01-21,SRHHYPOLTD,
2026-01-22,SRHHYPOLTD,
2026-01-23,SRHHYPOLTD,
2026-01-27,SRHHYPOLTD,
2026-01-28,SRHHYPOLTD,
2026-01-29,SRHHYPOLTD,
2026-01-30,SRHHYPOLTD,
2026-02-02,SRHHYPOLTD,
2026-02-03,SRHHYPOLTD,
2026-02-04,SRHHYPOLTD,
2026-02-05,SRHHYPOLTD,
2026-02-06,SRHHYPOLTD,
2026-02-09,SRHHYPOLTD,
2026-02-10,SRHHYPOLTD,
2026-02-11,SRHHYPOLTD,
2026-02-12,SRHHYPOLTD,
2026-02-13,SRHHYPOLTD,
2026-02-16,SRHHYPOLTD,
2026-02-17,SRHHYPOLTD,
2026-02-18,SRHHYPOLTD,
2026-02-19,SRHHYPOLTD,
2026-02-20,SRHHYPOLTD,
2026-02-23,SRHHYPOLTD,
2026-02-24,SRHHYPOLTD,
2026-02-25,SRHHYPOLTD,
2026-02-26,SRHHYPOLTD,
2026-02-27,SRHHYPOLTD,
2026-03-02,SRHHYPOLTD,
2026-03-04,SRHHYPOLTD,
2026-03-05,SRHHYPOLTD,
2026-03-06,SRHHYPOLTD,
2026-03-09,SRHHYPOLTD,
2026-03-10,SRHHYPOLTD,
2026-03-11,SRHHYPOLTD,
2026-03-12,SRHHYPOLTD,
2026-03-13,SRHHYPOLTD,
2026-03-16,SRHHYPOLTD,
2026-03-17,SRHHYPOLTD,
2026-03-18,SRHHYPOLTD,
2026-03-19,SRHHYPOLTD,
2026-03-20,SRHHYPOLTD,
2026-03-23,SRHHYPOLTD,
2026-03-24,SRHHYPOLTD,
2026-03-25,SRHHYPOLTD,
2026-03-27,SRHHYPOLTD,
2026-03-30,SRHHYPOLTD,
2026-04-01,SRHHYPOLTD,
2026-04-02,SRHHYPOLTD,
2026-04-06,SRHHYPOLTD,
2026-04-07,SRHHYPOLTD,
2026-04-08,SRHHYPOLTD,
2026-04-09,SRHHYPOLTD,
2026-04-10,SRHHYPOLTD,
2026-04-13,SRHHYPOLTD,
2026-04-15,SRHHYPOLTD,
2026-04-16,SRHHYPOLTD,
2026-04-17,SRHHYPOLTD,
2026-04-20,SRHHYPOLTD,
2026-04-21,SRHHYPOLTD,
2026-04-22,SRHHYPOLTD,
2026-04-23,SRHHYPOLTD,
2026-04-24,SRHHYPOLTD,
2026-04-27,SRHHYPOLTD,
2026-04-28,SRHHYPOLTD,
2026-04-29,SRHHYPOLTD,
2026-04-30,SRHHYPOLTD,
2026-05-04,SRHHYPOLTD,
2026-05-05,SRHHYPOLTD,
2026-05-06,SRHHYPOLTD,
2026-05-07,SRHHYPOLTD,
2026-05-08,SRHHYPOLTD,
2026-05-11,SRHHYPOLTD,
2026-05-12,SRHHYPOLTD,
2026-05-13,SRHHYPOLTD,
2026-05-14,SRHHYPOLTD,
2026-05-15,SRHHYPOLTD,
2026-05-18,SRHHYPOLTD,
2026-05-19,SRHHYPOLTD,
2026-05-20,SRHHYPOLTD,
2026-05-21,SRHHYPOLTD,
2026-05-22,SRHHYPOLTD,
2026-05-25,SRHHYPOLTD,
2026-05-26,SRHHYPOLTD,
2026-05-27,SRHHYPOLTD,
2026-05-29,SRHHYPOLTD,
2026-06-01,SRHHYPOLTD,
2026-06-02,SRHHYPOLTD,
2026-06-03,SRHHYPOLTD,
2026-06-04,SRHHYPOLTD,
2026-06-05,SRHHYPOLTD,
2026-06-08,SRHHYPOLTD,
2026-06-09,SRHHYPOLTD,
2026-06-10,SRHHYPOLTD,
2026-06-11,SRHHYPOLTD,
2026-06-12,SRHHYPOLTD,
2026-06-15,SRHHYPOLTD,
2026-06-16,SRHHYPOLTD,
2026-06-17,SRHHYPOLTD,
2026-06-18,SRHHYPOLTD,
2026-06-19,SRHHYPOLTD,
2026-06-22,SRHHYPOLTD,
2026-06-23,SRHHYPOLTD,
2026-06-24,SRHHYPOLTD,
2026-06-25,SRHHYPOLTD,
2026-06-29,SRHHYPOLTD,
2026-06-30,SRHHYPOLTD,
2026-07-01,SRHHYPOLTD,
2026-07-02,SRHHYPOLTD,
2026-07-03,SRHHYPOLTD,
2026-07-06,SRHHYPOLTD,
2026-07-07,SRHHYPOLTD,
2026-07-08,SRHHYPOLTD,
2026-07-09,SRHHYPOLTD,
2026-07-10,SRHHYPOLTD,
2026-07-13,SRHHYPOLTD,
2026-07-14,SRHHYPOLTD,
2026-07-15,SRHHYPOLTD,
2026-07-16,SRHHYPOLTD,
2026-07-17,SRHHYPOLTD,
2026-07-20,SRHHYPOLTD,
2026-07-21,SRHHYPOLTD,
2026-07-22,SRHHYPOLTD,
2026-07-23,SRHHYPOLTD,
2026-07-24,SRHHYPOLTD,
2026-07-27,SRHHYPOLTD,
2026-07-28,SRHHYPOLTD,
2026-07-29,SRHHYPOLTD,
2026-07-30,SRHHYPOLTD,
2026-07-31,SRHHYPOLTD,
2026-08-03,SRHHYPOLTD,
2026-08-04,SRHHYPOLTD,
2026-08-05,SRHHYPOLTD,
2026-08-06,SRHHYPOLTD,
2026-08-07,SRHHYPOLTD,
2026-08-10,SRHHYPOLTD,
2026-08-11,SRHHYPOLTD,
2026-08-12,SRHHYPOLTD,
2026-08-13,SRHHYPOLTD,
2026-08-14,SRHHYPOLTD,
2026-08-17,SRHHYPOLTD,
2026-08-18,SRHHYPOLTD,
2026-08-19,SRHHYPOLTD,
2026-08-20,SRHHYPOLTD,
2026-08-21,SRHHYPOLTD,
2026-08-24,SRHHYPOLTD,
2026-08-25,SRHHYPOLTD,
2026-08-26,SRHHYPOLTD,473.208
2026-08-27,SRHHYPOLTD,471.6494
2026-08-28,SRHHYPOLTD,471.9183
2026-08-31,SRHHYPOLTD,476.8095
2026-09-01,SRHHYPOLTD,479.6864
2026-09-02,SRHHYPOLTD,482.2203
2026-09-03,SRHHYPOLTD,482.3635
2026-09-04,SRHHYPOLTD,482.3635
2026-09-07,SRHHYPOLTD,486.5779
2026-09-08,SRHHYPOLTD,495.4317
2026-09-09,SRHHYPOLTD,499.3018
2026-09-10,SRHHYPOLTD,503.4453
2026-09-11,SRHHYPOLTD,505.3685
2025-08-29,STEL,
2025-09-01,STEL,
2025-09-02,STEL,
2025-09-03,STEL,
2025-09-04,STEL,
2025-09-05,STEL,
2025-09-08,STEL,
2025-09-09,STEL,
2025-09-10,STEL,
2025-09-11,STEL,
2025-09-12,STEL,
2025-09-15,STEL,
2025-09-16,STEL,
2025-09-17,STEL,
2025-09-18,STEL,
2025-09-19,STEL,
2025-09-22,STEL,
2025-09-23,STEL,
2025-09-24,STEL,
2025-09-25,STEL,
2025-09-26,STEL,
2025-09-29,STEL,
2025-09-30,STEL,
2025-10-01,STEL,
2025-10-03,STEL,
2025-10-06,STEL,
2025-10-07,STEL,
2025-10-08,STEL,
2025-10-09,STEL,
2025-10-10,STEL,
2025-10-13,STEL,
2025-10-14,STEL,
2025-10-15,STEL,
2025-10-16,STEL,
2025-10-17,STEL,
2025-10-20,STEL,
2025-10-21,STEL,
2025-10-23,STEL,
2025-10-24,STEL,
2025-10-27,STEL,
2025-10-28,STEL,
2025-10-29,STEL,
2025-10-30,STEL,
2025-10-31,STEL,
2025-11-03,STEL,
2025-11-04,STEL,
2025-11-06,STEL,
2025-11-07,STEL,
2025-11-10,STEL,
2025-11-11,STEL,
2025-11-12,STEL,
2025-11-13,STEL,
2025-11-14,STEL,
2025-11-17,STEL,
2025-11-18,STEL,
2025-11-19,STEL,
2025-11-20,STEL,
2025-11-21,STEL,
2025-11-24,STEL,
2025-11-25,STEL,
2025-11-26,STEL,
2025-11-27,STEL,
2025-11-28,STEL,
2025-12-01,STEL,
2025-12-02,STEL,
2025-12-03,STEL,
2025-12-04,STEL,
2025-12-05,STEL,
2025-12-08,STEL,
2025-12-09,STEL,
2025-12-10,STEL,
2025-12-11,STEL,
2025-12-12,STEL,
2025-12-15,STEL,
2025-12-16,STEL,
2025-12-17,STEL,
2025-12-18,STEL,
2025-12-19,STEL,
2025-12-22,STEL,
2025-12-23,STEL,
2025-12-24,STEL,
2025-12-26,STEL,
2025-12-29,STEL,
2025-12-30,STEL,
2025-12-31,STEL,
2026-01-01,STEL,
2026-01-02,STEL,
2026-01-05,STEL,
2026-01-06,STEL,
2026-01-07,STEL,
2026-01-08,STEL,
2026-01-09,STEL,
2026-01-12,STEL,
2026-01-13,STEL,
2026-01-14,STEL,
2026-01-16,STEL,
2026-01-19,STEL,
2026-01-20,STEL,
2026-01-21,STEL,
2026-01-22,STEL,
2026-01-23,STEL,
2026-01-27,STEL,
2026-01-28,STEL,
2026-01-29,STEL,
2026-01-30,STEL,
2026-02-02,STEL,
2026-02-03,STEL,
2026-02-04,STEL,
2026-02-05,STEL,
2026-02-06,STEL,
2026-02-09,STEL,
2026-02-10,STEL,
2026-02-11,STEL,
2026-02-12,STEL,
2026-02-13,STEL,
2026-02-16,STEL,
2026-02-17,STEL,
2026-02-18,STEL,
2026-02-19,STEL,
2026-02-20,STEL,
2026-02-23,STEL,
2026-02-24,STEL,
2026-02-25,STEL,
2026-02-26,STEL,
2026-02-27,STEL,
2026-03-02,STEL,
2026-03-04,STEL,
2026-03-05,STEL,
2026-03-06,STEL,
2026-03-09,STEL,
2026-03-10,STEL,
2026-03-11,STEL,
2026-03-12,STEL,
2026-03-13,STEL,
2026-03-16,STEL,
2026-03-17,STEL,
2026-03-18,STEL,
2026-03-19,STEL,
2026-03-20,STEL,
2026-03-23,STEL,
2026-03-24,STEL,
2026-03-25,STEL,
2026-03-27,STEL,
2026-03-30,STEL,
2026-04-01,STEL,
2026-04-02,STEL,
2026-04-06,STEL,
2026-04-07,STEL,
2026-04-08,STEL,
2026-04-09,STEL,
2026-04-10,STEL,
2026-04-13,STEL,
2026-04-15,STEL,
2026-04-16,STEL,
2026-04-17,STEL,
2026-04-20,STEL,
2026-04-21,STEL,
2026-04-22,STEL,
2026-04-23,STEL,
2026-04-24,STEL,
2026-04-27,STEL,
2026-04-28,STEL,
2026-04-29,STEL,
2026-04-30,STEL,
2026-05-04,STEL,
2026-05-05,STEL,
2026-05-06,STEL,
2026-05-07,STEL,
2026-05-08,STEL,
2026-05-11,STEL,
2026-05-12,STEL,
2026-05-13,STEL,
2026-05-14,STEL,
2026-05-15,STEL,
2026-05-18,STEL,
2026-05-19,STEL,
2026-05-20,STEL,
2026-05-21,STEL,
2026-05-22,STEL,
2026-05-25,STEL,
2026-05-26,STEL,
2026-05-27,STEL,
2026-05-29,STEL,
2026-06-01,STEL,
2026-06-02,STEL,
2026-06-03,STEL,
2026-06-04,STEL,
2026-06-05,STEL,
2026-06-08,STEL,
2026-06-09,STEL,
2026-06-10,STEL,533.7761
2026-06-11,STEL,538.0936
2026-06-12,STEL,540.537
2026-06-15,STEL,547.8699
2026-06-16,STEL,547.8699
2026-06-17,STEL,550.8353
2026-06-18,STEL,570.0976
2026-06-19,STEL,573.3135
2026-06-22,STEL,573.3135
2026-06-23,STEL,575.6776
2026-06-24,STEL,580.2006
2026-06-25,STEL,582.9605
2026-06-29,STEL,582.9605
2026-06-30,STEL,582.9605
2026-07-01,STEL,582.9605
2026-07-02,STEL,582.9605
2026-07-03,STEL,582.9605
2026-07-06,STEL,582.9605
2026-07-07,STEL,582.9605
2026-07-08,STEL,582.9605
2026-07-09,STEL,582.9605
2026-07-10,STEL,582.9605
2026-07-13,STEL,582.9605
2026-07-14,STEL,582.9605
2026-07-15,STEL,582.9605
2026-07-16,STEL,582.9605
2026-07-17,STEL,582.9605
2026-07-20,STEL,582.9605
2026-07-21,STEL,582.9605
2026-07-22,STEL,582.9605
2026-07-23,STEL,582.9605
2026-07-24,STEL,582.9605
2026-07-27,STEL,582.9605
2026-07-28,STEL,582.9605
2026-07-29,STEL,582.9605
2026-07-30,STEL,582.9605
2026-07-31,STEL,582.9605
2026-08-03,STEL,582.9605
2026-08-04,STEL,582.9605
2026-08-05,STEL,582.9605
2026-08-06,STEL,582.9605
2026-08-07,STEL,582.9605
2026-08-10,STEL,582.9605
2026-08-11,STEL,582.9605
2026-08-12,STEL,582.9605
2026-08-13,STEL,582.9605
2026-08-14,STEL,582.8682
2026-08-17,STEL,582.8429
2026-08-18,STEL,582.7057
2026-08-19,STEL,582.6075
2026-08-20,STEL,582.6689
2026-08-21,STEL,583.3635
2026-08-24,STEL,588.921
2026-08-25,STEL,589.141
2026-08-26,STEL,589.7053
2026-08-27,STEL,601.5271
2026-08-28,STEL,601.664
2026-08-31,STEL,604.0091
2026-09-01,STEL,604.0091
2026-09-02,STEL,604.0091
2026-09-03,STEL,604.0091
2026-09-04,STEL,604.0091
2026-09-07,STEL,604.0091
2026-09-08,STEL,604.0091
2026-09-09,STEL,604.0091
2026-09-10,STEL,604.0091
2026-09-11,STEL,604.0091
2025-08-29,SUMEETINDS,
2025-09-01,SUMEETINDS,
2025-09-02,SUMEETINDS,
2025-09-03,SUMEETINDS,
2025-09-04,SUMEETINDS,
2025-09-05,SUMEETINDS,
2025-09-08,SUMEETINDS,
2025-09-09,SUMEETINDS,
2025-09-10,SUMEETINDS,
2025-09-11,SUMEETINDS,
2025-09-12,SUMEETINDS,
2025-09-15,SUMEETINDS,
2025-09-16,SUMEETINDS,
2025-09-17,SUMEETINDS,
2025-09-18,SUMEETINDS,
2025-09-19,SUMEETINDS,
2025-09-22,SUMEETINDS,
2025-09-23,SUMEETINDS,
2025-09-24,SUMEETINDS,
2025-09-25,SUMEETINDS,
2025-09-26,SUMEETINDS,
2025-09-29,SUMEETINDS,
2025-09-30,SUMEETINDS,
2025-10-01,SUMEETINDS,
2025-10-03,SUMEETINDS,
2025-10-06,SUMEETINDS,
2025-10-07,SUMEETINDS,
2025-10-08,SUMEETINDS,
2025-10-09,SUMEETINDS,
2025-10-10,SUMEETINDS,
2025-10-13,SUMEETINDS,
2025-10-14,SUMEETINDS,
2025-10-15,SUMEETINDS,
2025-10-16,SUMEETINDS,
2025-10-17,SUMEETINDS,
2025-10-20,SUMEETINDS,
2025-10-21,SUMEETINDS,
2025-10-23,SUMEETINDS,
2025-10-24,SUMEETINDS,
2025-10-27,SUMEETINDS,
2025-10-28,SUMEETINDS,
2025-10-29,SUMEETINDS,
2025-10-30,SUMEETINDS,
2025-10-31,SUMEETINDS,
2025-11-03,SUMEETINDS,
2025-11-04,SUMEETINDS,
2025-11-06,SUMEETINDS,
2025-11-07,SUMEETINDS,
2025-11-10,SUMEETINDS,
2025-11-11,SUMEETINDS,
2025-11-12,SUMEETINDS,
2025-11-13,SUMEETINDS,
2025-11-14,SUMEETINDS,
2025-11-17,SUMEETINDS,
2025-11-18,SUMEETINDS,
2025-11-19,SUMEETINDS,
2025-11-20,SUMEETINDS,
2025-11-21,SUMEETINDS,
2025-11-24,SUMEETINDS,
2025-11-25,SUMEETINDS,
2025-11-26,SUMEETINDS,
2025-11-27,SUMEETINDS,
2025-11-28,SUMEETINDS,
2025-12-01,SUMEETINDS,
2025-12-02,SUMEETINDS,
2025-12-03,SUMEETINDS,
2025-12-04,SUMEETINDS,
2025-12-05,SUMEETINDS,
2025-12-08,SUMEETINDS,
2025-12-09,SUMEETINDS,
2025-12-10,SUMEETINDS,
2025-12-11,SUMEETINDS,
2025-12-12,SUMEETINDS,
2025-12-15,SUMEETINDS,
2025-12-16,SUMEETINDS,
2025-12-17,SUMEETINDS,
2025-12-18,SUMEETINDS,
2025-12-19,SUMEETINDS,
2025-12-22,SUMEETINDS,
2025-12-23,SUMEETINDS,
2025-12-24,SUMEETINDS,
2025-12-26,SUMEETINDS,
2025-12-29,SUMEETINDS,
2025-12-30,SUMEETINDS,
2025-12-31,SUMEETINDS,
2026-01-01,SUMEETINDS,
2026-01-02,SUMEETINDS,
2026-01-05,SUMEETINDS,
2026-01-06,SUMEETINDS,
2026-01-07,SUMEETINDS,
2026-01-08,SUMEETINDS,
2026-01-09,SUMEETINDS,
2026-01-12,SUMEETINDS,
2026-01-13,SUMEETINDS,
2026-01-14,SUMEETINDS,
2026-01-16,SUMEETINDS,
2026-01-19,SUMEETINDS,
2026-01-20,SUMEETINDS,
2026-01-21,SUMEETINDS,
2026-01-22,SUMEETINDS,
2026-01-23,SUMEETINDS,
2026-01-27,SUMEETINDS,
2026-01-28,SUMEETINDS,
2026-01-29,SUMEETINDS,
2026-01-30,SUMEETINDS,
2026-02-02,SUMEETINDS,
2026-02-03,SUMEETINDS,
2026-02-04,SUMEETINDS,
2026-02-05,SUMEETINDS,
2026-02-06,SUMEETINDS,
2026-02-09,SUMEETINDS,
2026-02-10,SUMEETINDS,
2026-02-11,SUMEETINDS,
2026-02-12,SUMEETINDS,
2026-02-13,SUMEETINDS,
2026-02-16,SUMEETINDS,
2026-02-17,SUMEETINDS,
2026-02-18,SUMEETINDS,
2026-02-19,SUMEETINDS,
2026-02-20,SUMEETINDS,
2026-02-23,SUMEETINDS,
2026-02-24,SUMEETINDS,
2026-02-25,SUMEETINDS,
2026-02-26,SUMEETINDS,
2026-02-27,SUMEETINDS,
2026-03-02,SUMEETINDS,
2026-03-04,SUMEETINDS,
2026-03-05,SUMEETINDS,
2026-03-06,SUMEETINDS,
2026-03-09,SUMEETINDS,
2026-03-10,SUMEETINDS,
2026-03-11,SUMEETINDS,
2026-03-12,SUMEETINDS,
2026-03-13,SUMEETINDS,
2026-03-16,SUMEETINDS,
2026-03-17,SUMEETINDS,
2026-03-18,SUMEETINDS,
2026-03-19,SUMEETINDS,
2026-03-20,SUMEETINDS,
2026-03-23,SUMEETINDS,
2026-03-24,SUMEETINDS,
2026-03-25,SUMEETINDS,
2026-03-27,SUMEETINDS,
2026-03-30,SUMEETINDS,
2026-04-01,SUMEETINDS,
2026-04-02,SUMEETINDS,
2026-04-06,SUMEETINDS,
2026-04-07,SUMEETINDS,
2026-04-08,SUMEETINDS,
2026-04-09,SUMEETINDS,
2026-04-10,SUMEETINDS,
2026-04-13,SUMEETINDS,
2026-04-15,SUMEETINDS,
2026-04-16,SUMEETINDS,
2026-04-17,SUMEETINDS,
2026-04-20,SUMEETINDS,
2026-04-21,SUMEETINDS,
2026-04-22,SUMEETINDS,
2026-04-23,SUMEETINDS,
2026-04-24,SUMEETINDS,
2026-04-27,SUMEETINDS,
2026-04-28,SUMEETINDS,
2026-04-29,SUMEETINDS,
2026-04-30,SUMEETINDS,
2026-05-04,SUMEETINDS,
2026-05-05,SUMEETINDS,
2026-05-06,SUMEETINDS,
2026-05-07,SUMEETINDS,
2026-05-08,SUMEETINDS,
2026-05-11,SUMEETINDS,
2026-05-12,SUMEETINDS,
2026-05-13,SUMEETINDS,
2026-05-14,SUMEETINDS,
2026-05-15,SUMEETINDS,
2026-05-18,SUMEETINDS,
2026-05-19,SUMEETINDS,
2026-05-20,SUMEETINDS,
2026-05-21,SUMEETINDS,
2026-05-22,SUMEETINDS,
2026-05-25,SUMEETINDS,
2026-05-26,SUMEETINDS,
2026-05-27,SUMEETINDS,
2026-05-29,SUMEETINDS,
2026-06-01,SUMEETINDS,
2026-06-02,SUMEETINDS,
2026-06-03,SUMEETINDS,
2026-06-04,SUMEETINDS,
2026-06-05,SUMEETINDS,
2026-06-08,SUMEETINDS,
2026-06-09,SUMEETINDS,
2026-06-10,SUMEETINDS,
2026-06-11,SUMEETINDS,
2026-06-12,SUMEETINDS,
2026-06-15,SUMEETINDS,
2026-06-16,SUMEETINDS,
2026-06-17,SUMEETINDS,
2026-06-18,SUMEETINDS,
2026-06-19,SUMEETINDS,
2026-06-22,SUMEETINDS,
2026-06-23,SUMEETINDS,
2026-06-24,SUMEETINDS,
2026-06-25,SUMEETINDS,
2026-06-29,SUMEETINDS,
2026-06-30,SUMEETINDS,
2026-07-01,SUMEETINDS,
2026-07-02,SUMEETINDS,
2026-07-03,SUMEETINDS,
2026-07-06,SUMEETINDS,
2026-07-07,SUMEETINDS,
2026-07-08,SUMEETINDS,
2026-07-09,SUMEETINDS,
2026-07-10,SUMEETINDS,
2026-07-13,SUMEETINDS,
2026-07-14,SUMEETINDS,
2026-07-15,SUMEETINDS,
2026-07-16,SUMEETINDS,
2026-07-17,SUMEETINDS,
2026-07-20,SUMEETINDS,
2026-07-21,SUMEETINDS,
2026-07-22,SUMEETINDS,
2026-07-23,SUMEETINDS,
2026-07-24,SUMEETINDS,
2026-07-27,SUMEETINDS,
2026-07-28,SUMEETINDS,
2026-07-29,SUMEETINDS,
2026-07-30,SUMEETINDS,
2026-07-31,SUMEETINDS,
2026-08-03,SUMEETINDS,
2026-08-04,SUMEETINDS,
2026-08-05,SUMEETINDS,
2026-08-06,SUMEETINDS,
2026-08-07,SUMEETINDS,
2026-08-10,SUMEETINDS,
2026-08-11,SUMEETINDS,
2026-08-12,SUMEETINDS,14.82
2026-08-13,SUMEETINDS,14.82
2026-08-14,SUMEETINDS,14.8087
2026-08-17,SUMEETINDS,14.8087
2026-08-18,SUMEETINDS,14.8087
2026-08-19,SUMEETINDS,14.8087
2026-08-20,SUMEETINDS,14.8087
2026-08-21,SUMEETINDS,14.8087
2026-08-24,SUMEETINDS,14.8087
2026-08-25,SUMEETINDS,14.8087
2026-08-26,SUMEETINDS,14.8087
2026-08-27,SUMEETINDS,14.8087
2026-08-28,SUMEETINDS,14.8087
2026-08-31,SUMEETINDS,14.8087
2026-09-01,SUMEETINDS,14.8087
2026-09-02,SUMEETINDS,14.8087
2026-09-03,SUMEETINDS,14.8087
2026-09-04,SUMEETINDS,14.8087
2026-09-07,SUMEETINDS,14.8087
2026-09-08,SUMEETINDS,14.8087
2026-09-09,SUMEETINDS,14.8087
2026-09-10,SUMEETINDS,14.8087
2026-09-11,SUMEETINDS,14.8087
2025-08-29,SUPERSPIN,
2025-09-01,SUPERSPIN,
2025-09-02,SUPERSPIN,
2025-09-03,SUPERSPIN,
2025-09-04,SUPERSPIN,
2025-09-05,SUPERSPIN,
2025-09-08,SUPERSPIN,
2025-09-09,SUPERSPIN,
2025-09-10,SUPERSPIN,
2025-09-11,SUPERSPIN,
2025-09-12,SUPERSPIN,
2025-09-15,SUPERSPIN,
2025-09-16,SUPERSPIN,
2025-09-17,SUPERSPIN,
2025-09-18,SUPERSPIN,
2025-09-19,SUPERSPIN,
2025-09-22,SUPERSPIN,
2025-09-23,SUPERSPIN,
2025-09-24,SUPERSPIN,
2025-09-25,SUPERSPIN,
2025-09-26,SUPERSPIN,
2025-09-29,SUPERSPIN,
2025-09-30,SUPERSPIN,
2025-10-01,SUPERSPIN,
2025-10-03,SUPERSPIN,
2025-10-06,SUPERSPIN,
2025-10-07,SUPERSPIN,
2025-10-08,SUPERSPIN,
2025-10-09,SUPERSPIN,
2025-10-10,SUPERSPIN,
2025-10-13,SUPERSPIN,
2025-10-14,SUPERSPIN,
2025-10-15,SUPERSPIN,
2025-10-16,SUPERSPIN,
2025-10-17,SUPERSPIN,
2025-10-20,SUPERSPIN,
2025-10-21,SUPERSPIN,
2025-10-23,SUPERSPIN,
2025-10-24,SUPERSPIN,
2025-10-27,SUPERSPIN,
2025-10-28,SUPERSPIN,
2025-10-29,SUPERSPIN,
2025-10-30,SUPERSPIN,
2025-10-31,SUPERSPIN,
2025-11-03,SUPERSPIN,
2025-11-04,SUPERSPIN,
2025-11-06,SUPERSPIN,
2025-11-07,SUPERSPIN,
2025-11-10,SUPERSPIN,
2025-11-11,SUPERSPIN,
2025-11-12,SUPERSPIN,
2025-11-13,SUPERSPIN,
2025-11-14,SUPERSPIN,
2025-11-17,SUPERSPIN,
2025-11-18,SUPERSPIN,
2025-11-19,SUPERSPIN,
2025-11-20,SUPERSPIN,
2025-11-21,SUPERSPIN,
2025-11-24,SUPERSPIN,
2025-11-25,SUPERSPIN,
2025-11-26,SUPERSPIN,
2025-11-27,SUPERSPIN,
2025-11-28,SUPERSPIN,
2025-12-01,SUPERSPIN,
2025-12-02,SUPERSPIN,
2025-12-03,SUPERSPIN,
2025-12-04,SUPERSPIN,
2025-12-05,SUPERSPIN,
2025-12-08,SUPERSPIN,
2025-12-09,SUPERSPIN,
2025-12-10,SUPERSPIN,
2025-12-11,SUPERSPIN,
2025-12-12,SUPERSPIN,
2025-12-15,SUPERSPIN,
2025-12-16,SUPERSPIN,
2025-12-17,SUPERSPIN,
2025-12-18,SUPERSPIN,
2025-12-19,SUPERSPIN,
2025-12-22,SUPERSPIN,
2025-12-23,SUPERSPIN,
2025-12-24,SUPERSPIN,
2025-12-26,SUPERSPIN,
2025-12-29,SUPERSPIN,
2025-12-30,SUPERSPIN,
2025-12-31,SUPERSPIN,
2026-01-01,SUPERSPIN,
2026-01-02,SUPERSPIN,
2026-01-05,SUPERSPIN,
2026-01-06,SUPERSPIN,
2026-01-07,SUPERSPIN,
2026-01-08,SUPERSPIN,
2026-01-09,SUPERSPIN,
2026-01-12,SUPERSPIN,
2026-01-13,SUPERSPIN,
2026-01-14,SUPERSPIN,
2026-01-16,SUPERSPIN,
2026-01-19,SUPERSPIN,
2026-01-20,SUPERSPIN,
2026-01-21,SUPERSPIN,
2026-01-22,SUPERSPIN,
2026-01-23,SUPERSPIN,
2026-01-27,SUPERSPIN,
2026-01-28,SUPERSPIN,
2026-01-29,SUPERSPIN,
2026-01-30,SUPERSPIN,
2026-02-02,SUPERSPIN,
2026-02-03,SUPERSPIN,
2026-02-04,SUPERSPIN,
2026-02-05,SUPERSPIN,
2026-02-06,SUPERSPIN,
2026-02-09,SUPERSPIN,
2026-02-10,SUPERSPIN,
2026-02-11,SUPERSPIN,
2026-02-12,SUPERSPIN,
2026-02-13,SUPERSPIN,
2026-02-16,SUPERSPIN,
2026-02-17,SUPERSPIN,
2026-02-18,SUPERSPIN,
2026-02-19,SUPERSPIN,
2026-02-20,SUPERSPIN,
2026-02-23,SUPERSPIN,
2026-02-24,SUPERSPIN,
2026-02-25,SUPERSPIN,
2026-02-26,SUPERSPIN,
2026-02-27,SUPERSPIN,
2026-03-02,SUPERSPIN,
2026-03-04,SUPERSPIN,
2026-03-05,SUPERSPIN,
2026-03-06,SUPERSPIN,
2026-03-09,SUPERSPIN,
2026-03-10,SUPERSPIN,
2026-03-11,SUPERSPIN,
2026-03-12,SUPERSPIN,
2026-03-13,SUPERSPIN,
2026-03-16,SUPERSPIN,
2026-03-17,SUPERSPIN,
2026-03-18,SUPERSPIN,
2026-03-19,SUPERSPIN,
2026-03-20,SUPERSPIN,
2026-03-23,SUPERSPIN,
2026-03-24,SUPERSPIN,
2026-03-25,SUPERSPIN,
2026-03-27,SUPERSPIN,
2026-03-30,SUPERSPIN,
2026-04-01,SUPERSPIN,
2026-04-02,SUPERSPIN,
2026-04-06,SUPERSPIN,
2026-04-07,SUPERSPIN,
2026-04-08,SUPERSPIN,
2026-04-09,SUPERSPIN,
2026-04-10,SUPERSPIN,
2026-04-13,SUPERSPIN,
2026-04-15,SUPERSPIN,
2026-04-16,SUPERSPIN,
2026-04-17,SUPERSPIN,
2026-04-20,SUPERSPIN,
2026-04-21,SUPERSPIN,
2026-04-22,SUPERSPIN,
2026-04-23,SUPERSPIN,
2026-04-24,SUPERSPIN,
2026-04-27,SUPERSPIN,
2026-04-28,SUPERSPIN,
2026-04-29,SUPERSPIN,
2026-04-30,SUPERSPIN,
2026-05-04,SUPERSPIN,
2026-05-05,SUPERSPIN,
2026-05-06,SUPERSPIN,
2026-05-07,SUPERSPIN,
2026-05-08,SUPERSPIN,
2026-05-11,SUPERSPIN,
2026-05-12,SUPERSPIN,
2026-05-13,SUPERSPIN,
2026-05-14,SUPERSPIN,
2026-05-15,SUPERSPIN,
2026-05-18,SUPERSPIN,
2026-05-19,SUPERSPIN,
2026-05-20,SUPERSPIN,
2026-05-21,SUPERSPIN,
2026-05-22,SUPERSPIN,
2026-05-25,SUPERSPIN,
2026-05-26,SUPERSPIN,
2026-05-27,SUPERSPIN,
2026-05-29,SUPERSPIN,
2026-06-01,SUPERSPIN,
2026-06-02,SUPERSPIN,
2026-06-03,SUPERSPIN,
2026-06-04,SUPERSPIN,
2026-06-05,SUPERSPIN,
2026-06-08,SUPERSPIN,
2026-06-09,SUPERSPIN,
2026-06-10,SUPERSPIN,
2026-06-11,SUPERSPIN,
2026-06-12,SUPERSPIN,
2026-06-15,SUPERSPIN,
2026-06-16,SUPERSPIN,
2026-06-17,SUPERSPIN,
2026-06-18,SUPERSPIN,
2026-06-19,SUPERSPIN,
2026-06-22,SUPERSPIN,
2026-06-23,SUPERSPIN,5.3056
2026-06-24,SUPERSPIN,5.3203
2026-06-25,SUPERSPIN,5.3203
2026-06-29,SUPERSPIN,5.3203
2026-06-30,SUPERSPIN,5.3203
2026-07-01,SUPERSPIN,5.3203
2026-07-02,SUPERSPIN,5.3203
2026-07-03,SUPERSPIN,5.3203
2026-07-06,SUPERSPIN,5.3203
2026-07-07,SUPERSPIN,5.3203
2026-07-08,SUPERSPIN,5.3203
2026-07-09,SUPERSPIN,5.3203
2026-07-10,SUPERSPIN,5.3203
2026-07-13,SUPERSPIN,5.3203
2026-07-14,SUPERSPIN,5.3203
2026-07-15,SUPERSPIN,5.3203
2026-07-16,SUPERSPIN,5.3203
2026-07-17,SUPERSPIN,5.3203
2026-07-20,SUPERSPIN,5.3203
2026-07-21,SUPERSPIN,5.3203
2026-07-22,SUPERSPIN,5.3203
2026-07-23,SUPERSPIN,5.3203
2026-07-24,SUPERSPIN,5.3203
2026-07-27,SUPERSPIN,5.3203
2026-07-28,SUPERSPIN,5.3203
2026-07-29,SUPERSPIN,5.3203
2026-07-30,SUPERSPIN,5.3203
2026-07-31,SUPERSPIN,5.3203
2026-08-03,SUPERSPIN,5.3203
2026-08-04,SUPERSPIN,5.3203
2026-08-05,SUPERSPIN,5.3203
2026-08-06,SUPERSPIN,5.3203
2026-08-07,SUPERSPIN,5.3203
2026-08-10,SUPERSPIN,5.3203
2026-08-11,SUPERSPIN,5.3203
2026-08-12,SUPERSPIN,5.3203
2026-08-13,SUPERSPIN,5.3203
2026-08-14,SUPERSPIN,5.3203
2026-08-17,SUPERSPIN,5.3203
2026-08-18,SUPERSPIN,5.3203
2026-08-19,SUPERSPIN,5.3203
2026-08-20,SUPERSPIN,5.3203
2026-08-21,SUPERSPIN,5.3203
2026-08-24,SUPERSPIN,5.3203
2026-08-25,SUPERSPIN,5.3203
2026-08-26,SUPERSPIN,5.3203
2026-08-27,SUPERSPIN,5.3203
2026-08-28,SUPERSPIN,5.3203
2026-08-31,SUPERSPIN,5.6263
2026-09-01,SUPERSPIN,5.6263
2026-09-02,SUPERSPIN,5.6263
2026-09-03,SUPERSPIN,5.6263
2026-09-04,SUPERSPIN,5.6263
2026-09-07,SUPERSPIN,6.1191
2026-09-08,SUPERSPIN,6.1191
2026-09-09,SUPERSPIN,6.1191
2026-09-10,SUPERSPIN,6.1191
2026-09-11,SUPERSPIN,6.1191
2025-08-29,TAINWALCHM,
2025-09-01,TAINWALCHM,
2025-09-02,TAINWALCHM,
2025-09-03,TAINWALCHM,
2025-09-04,TAINWALCHM,
2025-09-05,TAINWALCHM,
2025-09-08,TAINWALCHM,
2025-09-09,TAINWALCHM,
2025-09-10,TAINWALCHM,
2025-09-11,TAINWALCHM,
2025-09-12,TAINWALCHM,
2025-09-15,TAINWALCHM,
2025-09-16,TAINWALCHM,
2025-09-17,TAINWALCHM,
2025-09-18,TAINWALCHM,
2025-09-19,TAINWALCHM,
2025-09-22,TAINWALCHM,
2025-09-23,TAINWALCHM,
2025-09-24,TAINWALCHM,
2025-09-25,TAINWALCHM,
2025-09-26,TAINWALCHM,
2025-09-29,TAINWALCHM,
2025-09-30,TAINWALCHM,
2025-10-01,TAINWALCHM,
2025-10-03,TAINWALCHM,
2025-10-06,TAINWALCHM,
2025-10-07,TAINWALCHM,
2025-10-08,TAINWALCHM,
2025-10-09,TAINWALCHM,
2025-10-10,TAINWALCHM,
2025-10-13,TAINWALCHM,
2025-10-14,TAINWALCHM,
2025-10-15,TAINWALCHM,
2025-10-16,TAINWALCHM,
2025-10-17,TAINWALCHM,
2025-10-20,TAINWALCHM,
2025-10-21,TAINWALCHM,
2025-10-23,TAINWALCHM,
2025-10-24,TAINWALCHM,
2025-10-27,TAINWALCHM,
2025-10-28,TAINWALCHM,
2025-10-29,TAINWALCHM,
2025-10-30,TAINWALCHM,
2025-10-31,TAINWALCHM,
2025-11-03,TAINWALCHM,
2025-11-04,TAINWALCHM,
2025-11-06,TAINWALCHM,
2025-11-07,TAINWALCHM,
2025-11-10,TAINWALCHM,
2025-11-11,TAINWALCHM,
2025-11-12,TAINWALCHM,
2025-11-13,TAINWALCHM,
2025-11-14,TAINWALCHM,
2025-11-17,TAINWALCHM,
2025-11-18,TAINWALCHM,
2025-11-19,TAINWALCHM,
2025-11-20,TAINWALCHM,
2025-11-21,TAINWALCHM,
2025-11-24,TAINWALCHM,
2025-11-25,TAINWALCHM,
2025-11-26,TAINWALCHM,
2025-11-27,TAINWALCHM,
2025-11-28,TAINWALCHM,
2025-12-01,TAINWALCHM,
2025-12-02,TAINWALCHM,
2025-12-03,TAINWALCHM,
2025-12-04,TAINWALCHM,
2025-12-05,TAINWALCHM,
2025-12-08,TAINWALCHM,
2025-12-09,TAINWALCHM,
2025-12-10,TAINWALCHM,
2025-12-11,TAINWALCHM,
2025-12-12,TAINWALCHM,
2025-12-15,TAINWALCHM,
2025-12-16,TAINWALCHM,
2025-12-17,TAINWALCHM,
2025-12-18,TAINWALCHM,
2025-12-19,TAINWALCHM,
2025-12-22,TAINWALCHM,
2025-12-23,TAINWALCHM,
2025-12-24,TAINWALCHM,
2025-12-26,TAINWALCHM,
2025-12-29,TAINWALCHM,
2025-12-30,TAINWALCHM,
2025-12-31,TAINWALCHM,
2026-01-01,TAINWALCHM,
2026-01-02,TAINWALCHM,
2026-01-05,TAINWALCHM,
2026-01-06,TAINWALCHM,
2026-01-07,TAINWALCHM,
2026-01-08,TAINWALCHM,
2026-01-09,TAINWALCHM,
2026-01-12,TAINWALCHM,
2026-01-13,TAINWALCHM,
2026-01-14,TAINWALCHM,
2026-01-16,TAINWALCHM,
2026-01-19,TAINWALCHM,
2026-01-20,TAINWALCHM,
2026-01-21,TAINWALCHM,
2026-01-22,TAINWALCHM,
2026-01-23,TAINWALCHM,
2026-01-27,TAINWALCHM,
2026-01-28,TAINWALCHM,
2026-01-29,TAINWALCHM,
2026-01-30,TAINWALCHM,
2026-02-02,TAINWALCHM,
2026-02-03,TAINWALCHM,
2026-02-04,TAINWALCHM,
2026-02-05,TAINWALCHM,
2026-02-06,TAINWALCHM,
2026-02-09,TAINWALCHM,
2026-02-10,TAINWALCHM,
2026-02-11,TAINWALCHM,
2026-02-12,TAINWALCHM,
2026-02-13,TAINWALCHM,
2026-02-16,TAINWALCHM,
2026-02-17,TAINWALCHM,
2026-02-18,TAINWALCHM,
2026-02-19,TAINWALCHM,
2026-02-20,TAINWALCHM,
2026-02-23,TAINWALCHM,
2026-02-24,TAINWALCHM,
2026-02-25,TAINWALCHM,
2026-02-26,TAINWALCHM,
2026-02-27,TAINWALCHM,
2026-03-02,TAINWALCHM,
2026-03-04,TAINWALCHM,
2026-03-05,TAINWALCHM,
2026-03-06,TAINWALCHM,
2026-03-09,TAINWALCHM,
2026-03-10,TAINWALCHM,
2026-03-11,TAINWALCHM,
2026-03-12,TAINWALCHM,
2026-03-13,TAINWALCHM,
2026-03-16,TAINWALCHM,
2026-03-17,TAINWALCHM,
2026-03-18,TAINWALCHM,
2026-03-19,TAINWALCHM,
2026-03-20,TAINWALCHM,
2026-03-23,TAINWALCHM,
2026-03-24,TAINWALCHM,
2026-03-25,TAINWALCHM,
2026-03-27,TAINWALCHM,
2026-03-30,TAINWALCHM,
2026-04-01,TAINWALCHM,
2026-04-02,TAINWALCHM,
2026-04-06,TAINWALCHM,
2026-04-07,TAINWALCHM,
2026-04-08,TAINWALCHM,
2026-04-09,TAINWALCHM,
2026-04-10,TAINWALCHM,
2026-04-13,TAINWALCHM,
2026-04-15,TAINWALCHM,
2026-04-16,TAINWALCHM,
2026-04-17,TAINWALCHM,
2026-04-20,TAINWALCHM,
2026-04-21,TAINWALCHM,
2026-04-22,TAINWALCHM,
2026-04-23,TAINWALCHM,
2026-04-24,TAINWALCHM,
2026-04-27,TAINWALCHM,
2026-04-28,TAINWALCHM,
2026-04-29,TAINWALCHM,
2026-04-30,TAINWALCHM,
2026-05-04,TAINWALCHM,
2026-05-05,TAINWALCHM,
2026-05-06,TAINWALCHM,
2026-05-07,TAINWALCHM,
2026-05-08,TAINWALCHM,
2026-05-11,TAINWALCHM,
2026-05-12,TAINWALCHM,
2026-05-13,TAINWALCHM,
2026-05-14,TAINWALCHM,
2026-05-15,TAINWALCHM,
2026-05-18,TAINWALCHM,
2026-05-19,TAINWALCHM,
2026-05-20,TAINWALCHM,
2026-05-21,TAINWALCHM,
2026-05-22,TAINWALCHM,
2026-05-25,TAINWALCHM,
2026-05-26,TAINWALCHM,
2026-05-27,TAINWALCHM,
2026-05-29,TAINWALCHM,
2026-06-01,TAINWALCHM,
2026-06-02,TAINWALCHM,
2026-06-03,TAINWALCHM,
2026-06-04,TAINWALCHM,
2026-06-05,TAINWALCHM,
2026-06-08,TAINWALCHM,
2026-06-09,TAINWALCHM,
2026-06-10,TAINWALCHM,
2026-06-11,TAINWALCHM,
2026-06-12,TAINWALCHM,
2026-06-15,TAINWALCHM,
2026-06-16,TAINWALCHM,
2026-06-17,TAINWALCHM,
2026-06-18,TAINWALCHM,
2026-06-19,TAINWALCHM,
2026-06-22,TAINWALCHM,
2026-06-23,TAINWALCHM,
2026-06-24,TAINWALCHM,
2026-06-25,TAINWALCHM,
2026-06-29,TAINWALCHM,
2026-06-30,TAINWALCHM,
2026-07-01,TAINWALCHM,
2026-07-02,TAINWALCHM,
2026-07-03,TAINWALCHM,
2026-07-06,TAINWALCHM,
2026-07-07,TAINWALCHM,
2026-07-08,TAINWALCHM,
2026-07-09,TAINWALCHM,
2026-07-10,TAINWALCHM,
2026-07-13,TAINWALCHM,
2026-07-14,TAINWALCHM,
2026-07-15,TAINWALCHM,
2026-07-16,TAINWALCHM,
2026-07-17,TAINWALCHM,
2026-07-20,TAINWALCHM,
2026-07-21,TAINWALCHM,
2026-07-22,TAINWALCHM,
2026-07-23,TAINWALCHM,
2026-07-24,TAINWALCHM,
2026-07-27,TAINWALCHM,
2026-07-28,TAINWALCHM,
2026-07-29,TAINWALCHM,
2026-07-30,TAINWALCHM,
2026-07-31,TAINWALCHM,
2026-08-03,TAINWALCHM,
2026-08-04,TAINWALCHM,
2026-08-05,TAINWALCHM,
2026-08-06,TAINWALCHM,
2026-08-07,TAINWALCHM,
2026-08-10,TAINWALCHM,
2026-08-11,TAINWALCHM,
2026-08-12,TAINWALCHM,
2026-08-13,TAINWALCHM,
2026-08-14,TAINWALCHM,
2026-08-17,TAINWALCHM,
2026-08-18,TAINWALCHM,207.7046
2026-08-19,TAINWALCHM,208.3057
2026-08-20,TAINWALCHM,208.3057
2026-08-21,TAINWALCHM,208.3057
2026-08-24,TAINWALCHM,208.3057
2026-08-25,TAINWALCHM,209.3784
2026-08-26,TAINWALCHM,209.9818
2026-08-27,TAINWALCHM,210.3505
2026-08-28,TAINWALCHM,210.3505
2026-08-31,TAINWALCHM,210.3505
2026-09-01,TAINWALCHM,210.3096
2026-09-02,TAINWALCHM,210.3096
2026-09-03,TAINWALCHM,210.3096
2026-09-04,TAINWALCHM,210.3096
2026-09-07,TAINWALCHM,210.5147
2026-09-08,TAINWALCHM,210.5147
2026-09-09,TAINWALCHM,210.9691
2026-09-10,TAINWALCHM,210.843
2026-09-11,TAINWALCHM,210.843
2025-08-29,THANGAMAYL,
2025-09-01,THANGAMAYL,
2025-09-02,THANGAMAYL,
2025-09-03,THANGAMAYL,
2025-09-04,THANGAMAYL,
2025-09-05,THANGAMAYL,
2025-09-08,THANGAMAYL,
2025-09-09,THANGAMAYL,
2025-09-10,THANGAMAYL,
2025-09-11,THANGAMAYL,
2025-09-12,THANGAMAYL,
2025-09-15,THANGAMAYL,
2025-09-16,THANGAMAYL,
2025-09-17,THANGAMAYL,
2025-09-18,THANGAMAYL,
2025-09-19,THANGAMAYL,
2025-09-22,THANGAMAYL,
2025-09-23,THANGAMAYL,
2025-09-24,THANGAMAYL,
2025-09-25,THANGAMAYL,
2025-09-26,THANGAMAYL,
2025-09-29,THANGAMAYL,
2025-09-30,THANGAMAYL,
2025-10-01,THANGAMAYL,
2025-10-03,THANGAMAYL,
2025-10-06,THANGAMAYL,
2025-10-07,THANGAMAYL,
2025-10-08,THANGAMAYL,
2025-10-09,THANGAMAYL,
2025-10-10,THANGAMAYL,
2025-10-13,THANGAMAYL,
2025-10-14,THANGAMAYL,
2025-10-15,THANGAMAYL,
2025-10-16,THANGAMAYL,
2025-10-17,THANGAMAYL,
2025-10-20,THANGAMAYL,
2025-10-21,THANGAMAYL,
2025-10-23,THANGAMAYL,
2025-10-24,THANGAMAYL,
2025-10-27,THANGAMAYL,
2025-10-28,THANGAMAYL,
2025-10-29,THANGAMAYL,
2025-10-30,THANGAMAYL,
2025-10-31,THANGAMAYL,
2025-11-03,THANGAMAYL,
2025-11-04,THANGAMAYL,
2025-11-06,THANGAMAYL,
2025-11-07,THANGAMAYL,
2025-11-10,THANGAMAYL,
2025-11-11,THANGAMAYL,
2025-11-12,THANGAMAYL,
2025-11-13,THANGAMAYL,
2025-11-14,THANGAMAYL,
2025-11-17,THANGAMAYL,
2025-11-18,THANGAMAYL,
2025-11-19,THANGAMAYL,
2025-11-20,THANGAMAYL,
2025-11-21,THANGAMAYL,
2025-11-24,THANGAMAYL,
2025-11-25,THANGAMAYL,
2025-11-26,THANGAMAYL,
2025-11-27,THANGAMAYL,
2025-11-28,THANGAMAYL,
2025-12-01,THANGAMAYL,
2025-12-02,THANGAMAYL,
2025-12-03,THANGAMAYL,
2025-12-04,THANGAMAYL,
2025-12-05,THANGAMAYL,
2025-12-08,THANGAMAYL,
2025-12-09,THANGAMAYL,
2025-12-10,THANGAMAYL,
2025-12-11,THANGAMAYL,
2025-12-12,THANGAMAYL,
2025-12-15,THANGAMAYL,
2025-12-16,THANGAMAYL,
2025-12-17,THANGAMAYL,
2025-12-18,THANGAMAYL,
2025-12-19,THANGAMAYL,
2025-12-22,THANGAMAYL,
2025-12-23,THANGAMAYL,
2025-12-24,THANGAMAYL,
2025-12-26,THANGAMAYL,
2025-12-29,THANGAMAYL,
2025-12-30,THANGAMAYL,
2025-12-31,THANGAMAYL,
2026-01-01,THANGAMAYL,
2026-01-02,THANGAMAYL,
2026-01-05,THANGAMAYL,
2026-01-06,THANGAMAYL,
2026-01-07,THANGAMAYL,
2026-01-08,THANGAMAYL,
2026-01-09,THANGAMAYL,
2026-01-12,THANGAMAYL,
2026-01-13,THANGAMAYL,
2026-01-14,THANGAMAYL,
2026-01-16,THANGAMAYL,
2026-01-19,THANGAMAYL,
2026-01-20,THANGAMAYL,
2026-01-21,THANGAMAYL,
2026-01-22,THANGAMAYL,
2026-01-23,THANGAMAYL,
2026-01-27,THANGAMAYL,
2026-01-28,THANGAMAYL,
2026-01-29,THANGAMAYL,
2026-01-30,THANGAMAYL,
2026-02-02,THANGAMAYL,
2026-02-03,THANGAMAYL,
2026-02-04,THANGAMAYL,
2026-02-05,THANGAMAYL,
2026-02-06,THANGAMAYL,
2026-02-09,THANGAMAYL,
2026-02-10,THANGAMAYL,
2026-02-11,THANGAMAYL,
2026-02-12,THANGAMAYL,
2026-02-13,THANGAMAYL,
2026-02-16,THANGAMAYL,
2026-02-17,THANGAMAYL,
2026-02-18,THANGAMAYL,
2026-02-19,THANGAMAYL,
2026-02-20,THANGAMAYL,
2026-02-23,THANGAMAYL,
2026-02-24,THANGAMAYL,
2026-02-25,THANGAMAYL,
2026-02-26,THANGAMAYL,
2026-02-27,THANGAMAYL,
2026-03-02,THANGAMAYL,
2026-03-04,THANGAMAYL,
2026-03-05,THANGAMAYL,
2026-03-06,THANGAMAYL,
2026-03-09,THANGAMAYL,
2026-03-10,THANGAMAYL,
2026-03-11,THANGAMAYL,
2026-03-12,THANGAMAYL,
2026-03-13,THANGAMAYL,
2026-03-16,THANGAMAYL,
2026-03-17,THANGAMAYL,
2026-03-18,THANGAMAYL,
2026-03-19,THANGAMAYL,
2026-03-20,THANGAMAYL,
2026-03-23,THANGAMAYL,
2026-03-24,THANGAMAYL,
2026-03-25,THANGAMAYL,
2026-03-27,THANGAMAYL,
2026-03-30,THANGAMAYL,
2026-04-01,THANGAMAYL,
2026-04-02,THANGAMAYL,
2026-04-06,THANGAMAYL,
2026-04-07,THANGAMAYL,
2026-04-08,THANGAMAYL,
2026-04-09,THANGAMAYL,
2026-04-10,THANGAMAYL,
2026-04-13,THANGAMAYL,
2026-04-15,THANGAMAYL,
2026-04-16,THANGAMAYL,
2026-04-17,THANGAMAYL,
2026-04-20,THANGAMAYL,
2026-04-21,THANGAMAYL,
2026-04-22,THANGAMAYL,
2026-04-23,THANGAMAYL,
2026-04-24,THANGAMAYL,
2026-04-27,THANGAMAYL,
2026-04-28,THANGAMAYL,
2026-04-29,THANGAMAYL,
2026-04-30,THANGAMAYL,
2026-05-04,THANGAMAYL,
2026-05-05,THANGAMAYL,
2026-05-06,THANGAMAYL,
2026-05-07,THANGAMAYL,
2026-05-08,THANGAMAYL,
2026-05-11,THANGAMAYL,
2026-05-12,THANGAMAYL,
2026-05-13,THANGAMAYL,
2026-05-14,THANGAMAYL,
2026-05-15,THANGAMAYL,
2026-05-18,THANGAMAYL,
2026-05-19,THANGAMAYL,
2026-05-20,THANGAMAYL,
2026-05-21,THANGAMAYL,
2026-05-22,THANGAMAYL,
2026-05-25,THANGAMAYL,
2026-05-26,THANGAMAYL,
2026-05-27,THANGAMAYL,
2026-05-29,THANGAMAYL,
2026-06-01,THANGAMAYL,
2026-06-02,THANGAMAYL,
2026-06-03,THANGAMAYL,
2026-06-04,THANGAMAYL,
2026-06-05,THANGAMAYL,
2026-06-08,THANGAMAYL,
2026-06-09,THANGAMAYL,
2026-06-10,THANGAMAYL,
2026-06-11,THANGAMAYL,
2026-06-12,THANGAMAYL,
2026-06-15,THANGAMAYL,
2026-06-16,THANGAMAYL,
2026-06-17,THANGAMAYL,
2026-06-18,THANGAMAYL,
2026-06-19,THANGAMAYL,
2026-06-22,THANGAMAYL,
2026-06-23,THANGAMAYL,
2026-06-24,THANGAMAYL,
2026-06-25,THANGAMAYL,
2026-06-29,THANGAMAYL,
2026-06-30,THANGAMAYL,
2026-07-01,THANGAMAYL,
2026-07-02,THANGAMAYL,
2026-07-03,THANGAMAYL,
2026-07-06,THANGAMAYL,
2026-07-07,THANGAMAYL,
2026-07-08,THANGAMAYL,
2026-07-09,THANGAMAYL,
2026-07-10,THANGAMAYL,
2026-07-13,THANGAMAYL,
2026-07-14,THANGAMAYL,
2026-07-15,THANGAMAYL,
2026-07-16,THANGAMAYL,
2026-07-17,THANGAMAYL,
2026-07-20,THANGAMAYL,
2026-07-21,THANGAMAYL,
2026-07-22,THANGAMAYL,
2026-07-23,THANGAMAYL,
2026-07-24,THANGAMAYL,
2026-07-27,THANGAMAYL,
2026-07-28,THANGAMAYL,
2026-07-29,THANGAMAYL,
2026-07-30,THANGAMAYL,
2026-07-31,THANGAMAYL,
2026-08-03,THANGAMAYL,
2026-08-04,THANGAMAYL,4810.6375
2026-08-05,THANGAMAYL,4810.6375
2026-08-06,THANGAMAYL,4870.6335
2026-08-07,THANGAMAYL,5085.3563
2026-08-10,THANGAMAYL,5085.3563
2026-08-11,THANGAMAYL,5085.3563
2026-08-12,THANGAMAYL,5085.3563
2026-08-13,THANGAMAYL,5085.3563
2026-08-14,THANGAMAYL,5085.3563
2026-08-17,THANGAMAYL,5085.3563
2026-08-18,THANGAMAYL,5085.3563
2026-08-19,THANGAMAYL,5085.3563
2026-08-20,THANGAMAYL,5085.3563
2026-08-21,THANGAMAYL,5085.3563
2026-08-24,THANGAMAYL,5187.2939
2026-08-25,THANGAMAYL,5187.2939
2026-08-26,THANGAMAYL,5187.2939
2026-08-27,THANGAMAYL,5187.2939
2026-08-28,THANGAMAYL,5187.2939
2026-08-31,THANGAMAYL,5198.756
2026-09-01,THANGAMAYL,5198.756
2026-09-02,THANGAMAYL,5198.756
2026-09-03,THANGAMAYL,5198.756
2026-09-04,THANGAMAYL,5198.756
2026-09-07,THANGAMAYL,5198.756
2026-09-08,THANGAMAYL,5198.756
2026-09-09,THANGAMAYL,5198.756
2026-09-10,THANGAMAYL,5198.756
2026-09-11,THANGAMAYL,5198.756
2025-08-29,THOMASCOOK,
2025-09-01,THOMASCOOK,
2025-09-02,THOMASCOOK,
2025-09-03,THOMASCOOK,
2025-09-04,THOMASCOOK,
2025-09-05,THOMASCOOK,
2025-09-08,THOMASCOOK,
2025-09-09,THOMASCOOK,
2025-09-10,THOMASCOOK,
2025-09-11,THOMASCOOK,
2025-09-12,THOMASCOOK,
2025-09-15,THOMASCOOK,
2025-09-16,THOMASCOOK,
2025-09-17,THOMASCOOK,
2025-09-18,THOMASCOOK,
2025-09-19,THOMASCOOK,
2025-09-22,THOMASCOOK,
2025-09-23,THOMASCOOK,
2025-09-24,THOMASCOOK,
2025-09-25,THOMASCOOK,
2025-09-26,THOMASCOOK,
2025-09-29,THOMASCOOK,
2025-09-30,THOMASCOOK,
2025-10-01,THOMASCOOK,
2025-10-03,THOMASCOOK,
2025-10-06,THOMASCOOK,
2025-10-07,THOMASCOOK,
2025-10-08,THOMASCOOK,
2025-10-09,THOMASCOOK,
2025-10-10,THOMASCOOK,
2025-10-13,THOMASCOOK,
2025-10-14,THOMASCOOK,
2025-10-15,THOMASCOOK,
2025-10-16,THOMASCOOK,
2025-10-17,THOMASCOOK,
2025-10-20,THOMASCOOK,
2025-10-21,THOMASCOOK,
2025-10-23,THOMASCOOK,
2025-10-24,THOMASCOOK,
2025-10-27,THOMASCOOK,
2025-10-28,THOMASCOOK,
2025-10-29,THOMASCOOK,
2025-10-30,THOMASCOOK,
2025-10-31,THOMASCOOK,
2025-11-03,THOMASCOOK,
2025-11-04,THOMASCOOK,
2025-11-06,THOMASCOOK,
2025-11-07,THOMASCOOK,
2025-11-10,THOMASCOOK,
2025-11-11,THOMASCOOK,
2025-11-12,THOMASCOOK,
2025-11-13,THOMASCOOK,
2025-11-14,THOMASCOOK,
2025-11-17,THOMASCOOK,
2025-11-18,THOMASCOOK,
2025-11-19,THOMASCOOK,
2025-11-20,THOMASCOOK,
2025-11-21,THOMASCOOK,
2025-11-24,THOMASCOOK,
2025-11-25,THOMASCOOK,
2025-11-26,THOMASCOOK,
2025-11-27,THOMASCOOK,
2025-11-28,THOMASCOOK,
2025-12-01,THOMASCOOK,
2025-12-02,THOMASCOOK,
2025-12-03,THOMASCOOK,
2025-12-04,THOMASCOOK,
2025-12-05,THOMASCOOK,
2025-12-08,THOMASCOOK,
2025-12-09,THOMASCOOK,
2025-12-10,THOMASCOOK,
2025-12-11,THOMASCOOK,
2025-12-12,THOMASCOOK,
2025-12-15,THOMASCOOK,
2025-12-16,THOMASCOOK,
2025-12-17,THOMASCOOK,
2025-12-18,THOMASCOOK,
2025-12-19,THOMASCOOK,
2025-12-22,THOMASCOOK,
2025-12-23,THOMASCOOK,
2025-12-24,THOMASCOOK,
2025-12-26,THOMASCOOK,
2025-12-29,THOMASCOOK,
2025-12-30,THOMASCOOK,
2025-12-31,THOMASCOOK,
2026-01-01,THOMASCOOK,
2026-01-02,THOMASCOOK,
2026-01-05,THOMASCOOK,
2026-01-06,THOMASCOOK,
2026-01-07,THOMASCOOK,
2026-01-08,THOMASCOOK,
2026-01-09,THOMASCOOK,
2026-01-12,THOMASCOOK,
2026-01-13,THOMASCOOK,
2026-01-14,THOMASCOOK,
2026-01-16,THOMASCOOK,
2026-01-19,THOMASCOOK,
2026-01-20,THOMASCOOK,
2026-01-21,THOMASCOOK,
2026-01-22,THOMASCOOK,
2026-01-23,THOMASCOOK,
2026-01-27,THOMASCOOK,
2026-01-28,THOMASCOOK,
2026-01-29,THOMASCOOK,
2026-01-30,THOMASCOOK,
2026-02-02,THOMASCOOK,
2026-02-03,THOMASCOOK,
2026-02-04,THOMASCOOK,
2026-02-05,THOMASCOOK,
2026-02-06,THOMASCOOK,
2026-02-09,THOMASCOOK,
2026-02-10,THOMASCOOK,
2026-02-11,THOMASCOOK,
2026-02-12,THOMASCOOK,
2026-02-13,THOMASCOOK,
2026-02-16,THOMASCOOK,
2026-02-17,THOMASCOOK,
2026-02-18,THOMASCOOK,
2026-02-19,THOMASCOOK,
2026-02-20,THOMASCOOK,
2026-02-23,THOMASCOOK,
2026-02-24,THOMASCOOK,
2026-02-25,THOMASCOOK,
2026-02-26,THOMASCOOK,
2026-02-27,THOMASCOOK,
2026-03-02,THOMASCOOK,
2026-03-04,THOMASCOOK,
2026-03-05,THOMASCOOK,
2026-03-06,THOMASCOOK,
2026-03-09,THOMASCOOK,
2026-03-10,THOMASCOOK,
2026-03-11,THOMASCOOK,
2026-03-12,THOMASCOOK,
2026-03-13,THOMASCOOK,
2026-03-16,THOMASCOOK,
2026-03-17,THOMASCOOK,
2026-03-18,THOMASCOOK,
2026-03-19,THOMASCOOK,
2026-03-20,THOMASCOOK,
2026-03-23,THOMASCOOK,
2026-03-24,THOMASCOOK,
2026-03-25,THOMASCOOK,
2026-03-27,THOMASCOOK,
2026-03-30,THOMASCOOK,
2026-04-01,THOMASCOOK,
2026-04-02,THOMASCOOK,
2026-04-06,THOMASCOOK,
2026-04-07,THOMASCOOK,
2026-04-08,THOMASCOOK,
2026-04-09,THOMASCOOK,
2026-04-10,THOMASCOOK,
2026-04-13,THOMASCOOK,
2026-04-15,THOMASCOOK,
2026-04-16,THOMASCOOK,
2026-04-17,THOMASCOOK,
2026-04-20,THOMASCOOK,
2026-04-21,THOMASCOOK,
2026-04-22,THOMASCOOK,
2026-04-23,THOMASCOOK,
2026-04-24,THOMASCOOK,
2026-04-27,THOMASCOOK,
2026-04-28,THOMASCOOK,
2026-04-29,THOMASCOOK,
2026-04-30,THOMASCOOK,
2026-05-04,THOMASCOOK,
2026-05-05,THOMASCOOK,
2026-05-06,THOMASCOOK,
2026-05-07,THOMASCOOK,
2026-05-08,THOMASCOOK,
2026-05-11,THOMASCOOK,
2026-05-12,THOMASCOOK,
2026-05-13,THOMASCOOK,
2026-05-14,THOMASCOOK,
2026-05-15,THOMASCOOK,
2026-05-18,THOMASCOOK,
2026-05-19,THOMASCOOK,
2026-05-20,THOMASCOOK,
2026-05-21,THOMASCOOK,
2026-05-22,THOMASCOOK,
2026-05-25,THOMASCOOK,
2026-05-26,THOMASCOOK,
2026-05-27,THOMASCOOK,
2026-05-29,THOMASCOOK,
2026-06-01,THOMASCOOK,
2026-06-02,THOMASCOOK,
2026-06-03,THOMASCOOK,
2026-06-04,THOMASCOOK,
2026-06-05,THOMASCOOK,
2026-06-08,THOMASCOOK,103.7571
2026-06-09,THOMASCOOK,106.3709
2026-06-10,THOMASCOOK,109.3323
2026-06-11,THOMASCOOK,109.3081
2026-06-12,THOMASCOOK,109.3081
2026-06-15,THOMASCOOK,109.3081
2026-06-16,THOMASCOOK,109.3081
2026-06-17,THOMASCOOK,109.3081
2026-06-18,THOMASCOOK,109.3081
2026-06-19,THOMASCOOK,109.3081
2026-06-22,THOMASCOOK,109.3081
2026-06-23,THOMASCOOK,109.3081
2026-06-24,THOMASCOOK,109.3081
2026-06-25,THOMASCOOK,109.3081
2026-06-29,THOMASCOOK,109.3081
2026-06-30,THOMASCOOK,109.3081
2026-07-01,THOMASCOOK,109.3081
2026-07-02,THOMASCOOK,109.3081
2026-07-03,THOMASCOOK,109.3081
2026-07-06,THOMASCOOK,109.3081
2026-07-07,THOMASCOOK,109.3081
2026-07-08,THOMASCOOK,109.3081
2026-07-09,THOMASCOOK,109.3081
2026-07-10,THOMASCOOK,109.3081
2026-07-13,THOMASCOOK,109.3081
2026-07-14,THOMASCOOK,109.3081
2026-07-15,THOMASCOOK,109.3081
2026-07-16,THOMASCOOK,109.3081
2026-07-17,THOMASCOOK,109.3081
2026-07-20,THOMASCOOK,109.3081
2026-07-21,THOMASCOOK,109.3081
2026-07-22,THOMASCOOK,109.3081
2026-07-23,THOMASCOOK,109.3081
2026-07-24,THOMASCOOK,109.3081
2026-07-27,THOMASCOOK,109.3081
2026-07-28,THOMASCOOK,109.3081
2026-07-29,THOMASCOOK,109.3081
2026-07-30,THOMASCOOK,109.3081
2026-07-31,THOMASCOOK,109.3081
2026-08-03,THOMASCOOK,109.3081
2026-08-04,THOMASCOOK,109.3081
2026-08-05,THOMASCOOK,109.3081
2026-08-06,THOMASCOOK,109.3081
2026-08-07,THOMASCOOK,109.3081
2026-08-10,THOMASCOOK,109.3081
2026-08-11,THOMASCOOK,109.3081
2026-08-12,THOMASCOOK,109.3081
2026-08-13,THOMASCOOK,109.3081
2026-08-14,THOMASCOOK,109.3081
2026-08-17,THOMASCOOK,109.3081
2026-08-18,THOMASCOOK,109.3081
2026-08-19,THOMASCOOK,109.3081
2026-08-20,THOMASCOOK,109.3081
2026-08-21,THOMASCOOK,109.3081
2026-08-24,THOMASCOOK,109.3081
2026-08-25,THOMASCOOK,109.3081
2026-08-26,THOMASCOOK,109.3081
2026-08-27,THOMASCOOK,109.3081
2026-08-28,THOMASCOOK,109.3081
2026-08-31,THOMASCOOK,109.3081
2026-09-01,THOMASCOOK,109.3081
2026-09-02,THOMASCOOK,109.3081
2026-09-03,THOMASCOOK,109.3081
2026-09-04,THOMASCOOK,109.3081
2026-09-07,THOMASCOOK,109.3081
2026-09-08,THOMASCOOK,109.3081
2026-09-09,THOMASCOOK,109.3081
2026-09-10,THOMASCOOK,109.3081
2026-09-11,THOMASCOOK,109.3081
2025-09-18,TIGERLOGS,
2025-09-19,TIGERLOGS,
2025-09-22,TIGERLOGS,
2025-09-23,TIGERLOGS,
2025-09-24,TIGERLOGS,
2025-09-25,TIGERLOGS,
2025-09-26,TIGERLOGS,
2025-09-29,TIGERLOGS,
2025-09-30,TIGERLOGS,
2025-10-01,TIGERLOGS,
2025-10-03,TIGERLOGS,
2025-10-06,TIGERLOGS,
2025-10-07,TIGERLOGS,
2025-10-08,TIGERLOGS,
2025-10-09,TIGERLOGS,
2025-10-10,TIGERLOGS,
2025-10-13,TIGERLOGS,
2025-10-14,TIGERLOGS,
2025-10-15,TIGERLOGS,
2025-10-16,TIGERLOGS,
2025-10-17,TIGERLOGS,
2025-10-20,TIGERLOGS,
2025-10-21,TIGERLOGS,
2025-10-23,TIGERLOGS,
2025-10-24,TIGERLOGS,
2025-10-27,TIGERLOGS,
2025-10-28,TIGERLOGS,
2025-10-29,TIGERLOGS,
2025-10-30,TIGERLOGS,
2025-10-31,TIGERLOGS,
2025-11-03,TIGERLOGS,
2025-11-04,TIGERLOGS,
2025-11-06,TIGERLOGS,
2025-11-07,TIGERLOGS,
2025-11-10,TIGERLOGS,
2025-11-11,TIGERLOGS,
2025-11-12,TIGERLOGS,
2025-11-13,TIGERLOGS,
2025-11-14,TIGERLOGS,
2025-11-17,TIGERLOGS,
2025-11-18,TIGERLOGS,
2025-11-19,TIGERLOGS,
2025-11-20,TIGERLOGS,
2025-11-21,TIGERLOGS,
2025-11-24,TIGERLOGS,
2025-11-25,TIGERLOGS,
2025-11-26,TIGERLOGS,
2025-11-27,TIGERLOGS,
2025-11-28,TIGERLOGS,
2025-12-01,TIGERLOGS,
2025-12-02,TIGERLOGS,
2025-12-03,TIGERLOGS,
2025-12-04,TIGERLOGS,
2025-12-05,TIGERLOGS,
2025-12-08,TIGERLOGS,
2025-12-09,TIGERLOGS,
2025-12-10,TIGERLOGS,
2025-12-11,TIGERLOGS,
2025-12-12,TIGERLOGS,
2025-12-15,TIGERLOGS,
2025-12-16,TIGERLOGS,
2025-12-17,TIGERLOGS,
2025-12-18,TIGERLOGS,
2025-12-19,TIGERLOGS,
2025-12-22,TIGERLOGS,
2025-12-23,TIGERLOGS,
2025-12-24,TIGERLOGS,
2025-12-26,TIGERLOGS,
2025-12-29,TIGERLOGS,
2025-12-30,TIGERLOGS,
2025-12-31,TIGERLOGS,
2026-01-01,TIGERLOGS,
2026-01-02,TIGERLOGS,
2026-01-05,TIGERLOGS,
2026-01-06,TIGERLOGS,
2026-01-07,TIGERLOGS,
2026-01-08,TIGERLOGS,
2026-01-09,TIGERLOGS,
2026-01-12,TIGERLOGS,
2026-01-13,TIGERLOGS,
2026-01-14,TIGERLOGS,
2026-01-16,TIGERLOGS,
2026-01-19,TIGERLOGS,
2026-01-20,TIGERLOGS,
2026-01-21,TIGERLOGS,
2026-01-22,TIGERLOGS,
2026-01-23,TIGERLOGS,
2026-01-27,TIGERLOGS,
2026-01-28,TIGERLOGS,
2026-01-29,TIGERLOGS,
2026-01-30,TIGERLOGS,
2026-02-02,TIGERLOGS,
2026-02-03,TIGERLOGS,
2026-02-04,TIGERLOGS,
2026-02-05,TIGERLOGS,
2026-02-06,TIGERLOGS,
2026-02-09,TIGERLOGS,
2026-02-10,TIGERLOGS,
2026-02-11,TIGERLOGS,
2026-02-12,TIGERLOGS,
2026-02-13,TIGERLOGS,
2026-02-16,TIGERLOGS,
2026-02-17,TIGERLOGS,
2026-02-18,TIGERLOGS,
2026-02-19,TIGERLOGS,
2026-02-20,TIGERLOGS,
2026-02-23,TIGERLOGS,
2026-02-24,TIGERLOGS,
2026-02-25,TIGERLOGS,
2026-02-26,TIGERLOGS,
2026-02-27,TIGERLOGS,
2026-03-02,TIGERLOGS,
2026-03-04,TIGERLOGS,
2026-03-05,TIGERLOGS,
2026-03-06,TIGERLOGS,
2026-03-09,TIGERLOGS,
2026-03-10,TIGERLOGS,
2026-03-11,TIGERLOGS,
2026-03-12,TIGERLOGS,
2026-03-13,TIGERLOGS,
2026-03-16,TIGERLOGS,
2026-03-17,TIGERLOGS,
2026-03-18,TIGERLOGS,
2026-03-19,TIGERLOGS,
2026-03-20,TIGERLOGS,
2026-03-23,TIGERLOGS,
2026-03-24,TIGERLOGS,
2026-03-25,TIGERLOGS,
2026-03-27,TIGERLOGS,
2026-03-30,TIGERLOGS,
2026-04-01,TIGERLOGS,
2026-04-02,TIGERLOGS,
2026-04-06,TIGERLOGS,
2026-04-07,TIGERLOGS,
2026-04-08,TIGERLOGS,
2026-04-09,TIGERLOGS,
2026-04-10,TIGERLOGS,
2026-04-13,TIGERLOGS,
2026-04-15,TIGERLOGS,
2026-04-16,TIGERLOGS,
2026-04-17,TIGERLOGS,
2026-04-20,TIGERLOGS,
2026-04-21,TIGERLOGS,
2026-04-22,TIGERLOGS,
2026-04-23,TIGERLOGS,
2026-04-24,TIGERLOGS,
2026-04-27,TIGERLOGS,
2026-04-28,TIGERLOGS,
2026-04-29,TIGERLOGS,
2026-04-30,TIGERLOGS,
2026-05-04,TIGERLOGS,
2026-05-05,TIGERLOGS,
2026-05-06,TIGERLOGS,
2026-05-07,TIGERLOGS,
2026-05-08,TIGERLOGS,
2026-05-11,TIGERLOGS,
2026-05-12,TIGERLOGS,
2026-05-13,TIGERLOGS,
2026-05-14,TIGERLOGS,
2026-05-15,TIGERLOGS,
2026-05-18,TIGERLOGS,
2026-05-19,TIGERLOGS,
2026-05-20,TIGERLOGS,
2026-05-21,TIGERLOGS,
2026-05-22,TIGERLOGS,
2026-05-25,TIGERLOGS,
2026-05-26,TIGERLOGS,
2026-05-27,TIGERLOGS,
2026-05-29,TIGERLOGS,
2026-06-01,TIGERLOGS,
2026-06-02,TIGERLOGS,
2026-06-03,TIGERLOGS,
2026-06-04,TIGERLOGS,
2026-06-05,TIGERLOGS,
2026-06-08,TIGERLOGS,
2026-06-09,TIGERLOGS,
2026-06-10,TIGERLOGS,
2026-06-11,TIGERLOGS,
2026-06-12,TIGERLOGS,
2026-06-15,TIGERLOGS,35.2964
2026-06-16,TIGERLOGS,35.2964
2026-06-17,TIGERLOGS,35.2964
2026-06-18,TIGERLOGS,35.2964
2026-06-19,TIGERLOGS,35.2964
2026-06-22,TIGERLOGS,35.2964
2026-06-23,TIGERLOGS,36.9982
2026-06-24,TIGERLOGS,37.411
2026-06-25,TIGERLOGS,37.5702
2026-06-29,TIGERLOGS,37.5245
2026-06-30,TIGERLOGS,37.4674
2026-07-01,TIGERLOGS,37.4674
2026-07-02,TIGERLOGS,37.4674
2026-07-03,TIGERLOGS,37.4674
2026-07-06,TIGERLOGS,37.4674
2026-07-07,TIGERLOGS,37.4674
2026-07-08,TIGERLOGS,37.4674
2026-07-09,TIGERLOGS,37.4674
2026-07-10,TIGERLOGS,37.4674
2026-07-13,TIGERLOGS,37.4674
2026-07-14,TIGERLOGS,37.4674
2026-07-15,TIGERLOGS,37.4674
2026-07-16,TIGERLOGS,37.4674
2026-07-17,TIGERLOGS,37.4674
2026-07-20,TIGERLOGS,37.4674
2026-07-21,TIGERLOGS,37.4674
2026-07-22,TIGERLOGS,37.4674
2026-07-23,TIGERLOGS,37.4674
2026-07-24,TIGERLOGS,37.4674
2026-07-27,TIGERLOGS,37.4674
2026-07-28,TIGERLOGS,37.4674
2026-07-29,TIGERLOGS,37.4674
2026-07-30,TIGERLOGS,37.4674
2026-07-31,TIGERLOGS,37.4674
2026-08-03,TIGERLOGS,37.4674
2026-08-04,TIGERLOGS,37.4674
2026-08-05,TIGERLOGS,37.4674
2026-08-06,TIGERLOGS,37.4674
2026-08-07,TIGERLOGS,37.4674
2026-08-10,TIGERLOGS,37.4674
2026-08-11,TIGERLOGS,37.4674
2026-08-12,TIGERLOGS,37.4674
2026-08-13,TIGERLOGS,37.4674
2026-08-14,TIGERLOGS,37.4674
2026-08-17,TIGERLOGS,37.4674
2026-08-18,TIGERLOGS,37.4674
2026-08-19,TIGERLOGS,36.1123
2026-08-20,TIGERLOGS,35.1525
2026-08-21,TIGERLOGS,35.1525
2026-08-24,TIGERLOGS,34.4904
2026-08-25,TIGERLOGS,34.4904
2026-08-26,TIGERLOGS,34.4904
2026-08-27,TIGERLOGS,34.4904
2026-08-28,TIGERLOGS,34.4904
2026-08-31,TIGERLOGS,34.4904
2026-09-01,TIGERLOGS,34.4904
2026-09-02,TIGERLOGS,34.4904
2026-09-03,TIGERLOGS,34.4904
2026-09-04,TIGERLOGS,34.4904
2026-09-07,TIGERLOGS,34.4904
2026-09-08,TIGERLOGS,34.4904
2026-09-09,TIGERLOGS,34.4904
2026-09-10,TIGERLOGS,34.4904
2026-09-11,TIGERLOGS,34.4904
2025-10-03,TRUALT,
2025-10-06,TRUALT,
2025-10-07,TRUALT,
2025-10-08,TRUALT,
2025-10-09,TRUALT,
2025-10-10,TRUALT,
2025-10-13,TRUALT,
2025-10-14,TRUALT,
2025-10-15,TRUALT,
2025-10-16,TRUALT,
2025-10-17,TRUALT,
2025-10-20,TRUALT,
2025-10-21,TRUALT,
2025-10-23,TRUALT,
2025-10-24,TRUALT,
2025-10-27,TRUALT,
2025-10-28,TRUALT,
2025-10-29,TRUALT,
2025-10-30,TRUALT,
2025-10-31,TRUALT,
2025-11-03,TRUALT,
2025-11-04,TRUALT,
2025-11-06,TRUALT,
2025-11-07,TRUALT,
2025-11-10,TRUALT,
2025-11-11,TRUALT,
2025-11-12,TRUALT,
2025-11-13,TRUALT,
2025-11-14,TRUALT,
2025-11-17,TRUALT,
2025-11-18,TRUALT,
2025-11-19,TRUALT,
2025-11-20,TRUALT,
2025-11-21,TRUALT,
2025-11-24,TRUALT,
2025-11-25,TRUALT,
2025-11-26,TRUALT,
2025-11-27,TRUALT,
2025-11-28,TRUALT,
2025-12-01,TRUALT,
2025-12-02,TRUALT,
2025-12-03,TRUALT,
2025-12-04,TRUALT,
2025-12-05,TRUALT,
2025-12-08,TRUALT,
2025-12-09,TRUALT,
2025-12-10,TRUALT,
2025-12-11,TRUALT,
2025-12-12,TRUALT,
2025-12-15,TRUALT,
2025-12-16,TRUALT,
2025-12-17,TRUALT,
2025-12-18,TRUALT,
2025-12-19,TRUALT,
2025-12-22,TRUALT,
2025-12-23,TRUALT,
2025-12-24,TRUALT,
2025-12-26,TRUALT,
2025-12-29,TRUALT,
2025-12-30,TRUALT,
2025-12-31,TRUALT,
2026-01-01,TRUALT,
2026-01-02,TRUALT,
2026-01-05,TRUALT,
2026-01-06,TRUALT,
2026-01-07,TRUALT,
2026-01-08,TRUALT,
2026-01-09,TRUALT,
2026-01-12,TRUALT,
2026-01-13,TRUALT,
2026-01-14,TRUALT,
2026-01-16,TRUALT,
2026-01-19,TRUALT,
2026-01-20,TRUALT,
2026-01-21,TRUALT,
2026-01-22,TRUALT,
2026-01-23,TRUALT,
2026-01-27,TRUALT,
2026-01-28,TRUALT,
2026-01-29,TRUALT,
2026-01-30,TRUALT,
2026-02-02,TRUALT,
2026-02-03,TRUALT,
2026-02-04,TRUALT,
2026-02-05,TRUALT,
2026-02-06,TRUALT,
2026-02-09,TRUALT,
2026-02-10,TRUALT,
2026-02-11,TRUALT,
2026-02-12,TRUALT,
2026-02-13,TRUALT,
2026-02-16,TRUALT,
2026-02-17,TRUALT,
2026-02-18,TRUALT,
2026-02-19,TRUALT,
2026-02-20,TRUALT,
2026-02-23,TRUALT,
2026-02-24,TRUALT,
2026-02-25,TRUALT,
2026-02-26,TRUALT,
2026-02-27,TRUALT,
2026-03-02,TRUALT,
2026-03-04,TRUALT,
2026-03-05,TRUALT,
2026-03-06,TRUALT,
2026-03-09,TRUALT,
2026-03-10,TRUALT,
2026-03-11,TRUALT,
2026-03-12,TRUALT,
2026-03-13,TRUALT,
2026-03-16,TRUALT,
2026-03-17,TRUALT,
2026-03-18,TRUALT,
2026-03-19,TRUALT,
2026-03-20,TRUALT,
2026-03-23,TRUALT,
2026-03-24,TRUALT,
2026-03-25,TRUALT,
2026-03-27,TRUALT,
2026-03-30,TRUALT,
2026-04-01,TRUALT,
2026-04-02,TRUALT,
2026-04-06,TRUALT,
2026-04-07,TRUALT,
2026-04-08,TRUALT,
2026-04-09,TRUALT,
2026-04-10,TRUALT,
2026-04-13,TRUALT,
2026-04-15,TRUALT,
2026-04-16,TRUALT,
2026-04-17,TRUALT,
2026-04-20,TRUALT,
2026-04-21,TRUALT,
2026-04-22,TRUALT,
2026-04-23,TRUALT,
2026-04-24,TRUALT,
2026-04-27,TRUALT,
2026-04-28,TRUALT,
2026-04-29,TRUALT,
2026-04-30,TRUALT,
2026-05-04,TRUALT,
2026-05-05,TRUALT,
2026-05-06,TRUALT,
2026-05-07,TRUALT,
2026-05-08,TRUALT,
2026-05-11,TRUALT,
2026-05-12,TRUALT,
2026-05-13,TRUALT,
2026-05-14,TRUALT,
2026-05-15,TRUALT,
2026-05-18,TRUALT,
2026-05-19,TRUALT,
2026-05-20,TRUALT,
2026-05-21,TRUALT,
2026-05-22,TRUALT,
2026-05-25,TRUALT,
2026-05-26,TRUALT,
2026-05-27,TRUALT,
2026-05-29,TRUALT,
2026-06-01,TRUALT,
2026-06-02,TRUALT,
2026-06-03,TRUALT,
2026-06-04,TRUALT,
2026-06-05,TRUALT,
2026-06-08,TRUALT,
2026-06-09,TRUALT,
2026-06-10,TRUALT,
2026-06-11,TRUALT,
2026-06-12,TRUALT,
2026-06-15,TRUALT,
2026-06-16,TRUALT,
2026-06-17,TRUALT,
2026-06-18,TRUALT,
2026-06-19,TRUALT,
2026-06-22,TRUALT,
2026-06-23,TRUALT,
2026-06-24,TRUALT,
2026-06-25,TRUALT,
2026-06-29,TRUALT,
2026-06-30,TRUALT,
2026-07-01,TRUALT,
2026-07-02,TRUALT,
2026-07-03,TRUALT,
2026-07-06,TRUALT,
2026-07-07,TRUALT,
2026-07-08,TRUALT,
2026-07-09,TRUALT,
2026-07-10,TRUALT,
2026-07-13,TRUALT,
2026-07-14,TRUALT,
2026-07-15,TRUALT,
2026-07-16,TRUALT,
2026-07-17,TRUALT,
2026-07-20,TRUALT,
2026-07-21,TRUALT,
2026-07-22,TRUALT,
2026-07-23,TRUALT,
2026-07-24,TRUALT,
2026-07-27,TRUALT,
2026-07-28,TRUALT,
2026-07-29,TRUALT,
2026-07-30,TRUALT,
2026-07-31,TRUALT,
2026-08-03,TRUALT,
2026-08-04,TRUALT,
2026-08-05,TRUALT,462.9798
2026-08-06,TRUALT,462.9798
2026-08-07,TRUALT,473.6312
2026-08-10,TRUALT,475.1611
2026-08-11,TRUALT,475.3737
2026-08-12,TRUALT,474.9692
2026-08-13,TRUALT,474.9692
2026-08-14,TRUALT,474.9692
2026-08-17,TRUALT,474.9692
2026-08-18,TRUALT,474.9692
2026-08-19,TRUALT,474.9692
2026-08-20,TRUALT,474.9692
2026-08-21,TRUALT,474.9692
2026-08-24,TRUALT,474.9692
2026-08-25,TRUALT,474.9692
2026-08-26,TRUALT,474.9692
2026-08-27,TRUALT,474.9692
2026-08-28,TRUALT,474.9692
2026-08-31,TRUALT,474.9692
2026-09-01,TRUALT,474.9692
2026-09-02,TRUALT,474.9692
2026-09-03,TRUALT,474.9692
2026-09-04,TRUALT,474.9692
2026-09-07,TRUALT,474.9692
2026-09-08,TRUALT,474.9692
2026-09-09,TRUALT,474.9692
2026-09-10,TRUALT,474.9692
2026-09-11,TRUALT,474.9692
2025-08-29,TTL,
2025-09-01,TTL,
2025-09-02,TTL,
2025-09-03,TTL,
2025-09-04,TTL,
2025-09-05,TTL,
2025-09-08,TTL,
2025-09-09,TTL,
2025-09-10,TTL,
2025-09-11,TTL,
2025-09-12,TTL,
2025-09-15,TTL,
2025-09-16,TTL,
2025-09-17,TTL,
2025-09-18,TTL,
2025-09-19,TTL,
2025-09-22,TTL,
2025-09-23,TTL,
2025-09-24,TTL,
2025-09-25,TTL,
2025-09-26,TTL,
2025-09-29,TTL,
2025-09-30,TTL,
2025-10-01,TTL,
2025-10-03,TTL,
2025-10-06,TTL,
2025-10-07,TTL,
2025-10-08,TTL,
2025-10-09,TTL,
2025-10-10,TTL,
2025-10-13,TTL,
2025-10-14,TTL,
2025-10-15,TTL,
2025-10-16,TTL,
2025-10-17,TTL,
2025-10-20,TTL,
2025-10-21,TTL,
2025-10-23,TTL,
2025-10-24,TTL,
2025-10-27,TTL,
2025-10-28,TTL,
2025-10-29,TTL,
2025-10-30,TTL,
2025-10-31,TTL,
2025-11-03,TTL,
2025-11-04,TTL,
2025-11-06,TTL,
2025-11-07,TTL,
2025-11-10,TTL,
2025-11-11,TTL,
2025-11-12,TTL,
2025-11-13,TTL,
2025-11-14,TTL,
2025-11-17,TTL,
2025-11-18,TTL,
2025-11-19,TTL,
2025-11-20,TTL,
2025-11-21,TTL,
2025-11-24,TTL,
2025-11-25,TTL,
2025-11-26,TTL,
2025-11-27,TTL,
2025-11-28,TTL,
2025-12-01,TTL,
2025-12-02,TTL,
2025-12-03,TTL,
2025-12-04,TTL,
2025-12-05,TTL,
2025-12-08,TTL,
2025-12-09,TTL,
2025-12-10,TTL,
2025-12-11,TTL,
2025-12-12,TTL,
2025-12-15,TTL,
2025-12-16,TTL,
2025-12-17,TTL,
2025-12-18,TTL,
2025-12-19,TTL,
2025-12-22,TTL,
2025-12-23,TTL,
2025-12-24,TTL,
2025-12-26,TTL,
2025-12-29,TTL,
2025-12-30,TTL,
2025-12-31,TTL,
2026-01-01,TTL,
2026-01-02,TTL,
2026-01-05,TTL,
2026-01-06,TTL,
2026-01-07,TTL,
2026-01-08,TTL,
2026-01-09,TTL,
2026-01-12,TTL,
2026-01-13,TTL,
2026-01-14,TTL,
2026-01-16,TTL,
2026-01-19,TTL,
2026-01-20,TTL,
2026-01-21,TTL,
2026-01-22,TTL,
2026-01-23,TTL,
2026-01-27,TTL,
2026-01-28,TTL,
2026-01-29,TTL,
2026-01-30,TTL,
2026-02-02,TTL,
2026-02-03,TTL,
2026-02-04,TTL,
2026-02-05,TTL,
2026-02-06,TTL,
2026-02-09,TTL,
2026-02-10,TTL,
2026-02-11,TTL,
2026-02-12,TTL,
2026-02-13,TTL,
2026-02-16,TTL,
2026-02-17,TTL,
2026-02-18,TTL,
2026-02-19,TTL,
2026-02-20,TTL,
2026-02-23,TTL,
2026-02-24,TTL,
2026-02-25,TTL,
2026-02-26,TTL,
2026-02-27,TTL,
2026-03-02,TTL,
2026-03-04,TTL,
2026-03-05,TTL,
2026-03-06,TTL,
2026-03-09,TTL,
2026-03-10,TTL,
2026-03-11,TTL,
2026-03-12,TTL,
2026-03-13,TTL,
2026-03-16,TTL,
2026-03-17,TTL,
2026-03-18,TTL,
2026-03-19,TTL,
2026-03-20,TTL,
2026-03-23,TTL,
2026-03-24,TTL,
2026-03-25,TTL,
2026-03-27,TTL,
2026-03-30,TTL,
2026-04-01,TTL,
2026-04-02,TTL,
2026-04-06,TTL,
2026-04-07,TTL,
2026-04-08,TTL,
2026-04-09,TTL,
2026-04-10,TTL,
2026-04-13,TTL,
2026-04-15,TTL,
2026-04-16,TTL,
2026-04-17,TTL,
2026-04-20,TTL,
2026-04-21,TTL,
2026-04-22,TTL,
2026-04-23,TTL,
2026-04-24,TTL,
2026-04-27,TTL,
2026-04-28,TTL,
2026-04-29,TTL,
2026-04-30,TTL,
2026-05-04,TTL,
2026-05-05,TTL,
2026-05-06,TTL,
2026-05-07,TTL,
2026-05-08,TTL,
2026-05-11,TTL,
2026-05-12,TTL,
2026-05-13,TTL,
2026-05-14,TTL,
2026-05-15,TTL,
2026-05-18,TTL,
2026-05-19,TTL,
2026-05-20,TTL,
2026-05-21,TTL,
2026-05-22,TTL,
2026-05-25,TTL,
2026-05-26,TTL,
2026-05-27,TTL,
2026-05-29,TTL,
2026-06-01,TTL,
2026-06-02,TTL,
2026-06-03,TTL,
2026-06-04,TTL,
2026-06-05,TTL,
2026-06-08,TTL,
2026-06-09,TTL,
2026-06-10,TTL,
2026-06-11,TTL,
2026-06-12,TTL,
2026-06-15,TTL,
2026-06-16,TTL,
2026-06-17,TTL,
2026-06-18,TTL,6.9362
2026-06-19,TTL,6.9362
2026-06-22,TTL,6.9362
2026-06-23,TTL,6.9362
2026-06-24,TTL,6.9362
2026-06-25,TTL,6.9362
2026-06-29,TTL,6.9261
2026-06-30,TTL,6.9261
2026-07-01,TTL,6.9261
2026-07-02,TTL,6.9261
2026-07-03,TTL,6.9261
2026-07-06,TTL,6.9261
2026-07-07,TTL,6.9261
2026-07-08,TTL,6.9261
2026-07-09,TTL,6.9261
2026-07-10,TTL,6.9261
2026-07-13,TTL,6.9261
2026-07-14,TTL,6.9261
2026-07-15,TTL,6.9261
2026-07-16,TTL,6.9261
2026-07-17,TTL,6.9261
2026-07-20,TTL,6.9261
2026-07-21,TTL,6.9261
2026-07-22,TTL,6.9261
2026-07-23,TTL,6.9261
2026-07-24,TTL,6.9261
2026-07-27,TTL,6.9261
2026-07-28,TTL,6.9261
2026-07-29,TTL,6.9261
2026-07-30,TTL,6.9261
2026-07-31,TTL,6.9261
2026-08-03,TTL,6.9261
2026-08-04,TTL,6.9261
2026-08-05,TTL,6.9261
2026-08-06,TTL,6.9261
2026-08-07,TTL,6.9261
2026-08-10,TTL,6.9261
2026-08-11,TTL,6.9261
2026-08-12,TTL,6.7829
2026-08-13,TTL,6.4613
2026-08-14,TTL,6.4613
2026-08-17,TTL,6.4613
2026-08-18,TTL,6.4042
2026-08-19,TTL,6.4042
2026-08-20,TTL,6.4133
2026-08-21,TTL,6.4327
2026-08-24,TTL,6.4327
2026-08-25,TTL,6.4379
2026-08-26,TTL,6.4379
2026-08-27,TTL,6.4728
2026-08-28,TTL,6.482
2026-08-31,TTL,6.482
2026-09-01,TTL,6.5126
2026-09-02,TTL,6.5126
2026-09-03,TTL,6.564
2026-09-04,TTL,6.5724
2026-09-07,TTL,6.5724
2026-09-08,TTL,6.6046
2026-09-09,TTL,6.6046
2026-09-10,TTL,6.6298
2026-09-11,TTL,6.6298
2025-08-29,UYFINCORP,
2025-09-01,UYFINCORP,
2025-09-02,UYFINCORP,
2025-09-03,UYFINCORP,
2025-09-04,UYFINCORP,
2025-09-05,UYFINCORP,
2025-09-08,UYFINCORP,
2025-09-09,UYFINCORP,
2025-09-10,UYFINCORP,
2025-09-11,UYFINCORP,
2025-09-12,UYFINCORP,
2025-09-15,UYFINCORP,
2025-09-16,UYFINCORP,
2025-09-17,UYFINCORP,
2025-09-18,UYFINCORP,
2025-09-19,UYFINCORP,
2025-09-22,UYFINCORP,
2025-09-23,UYFINCORP,
2025-09-24,UYFINCORP,
2025-09-25,UYFINCORP,
2025-09-26,UYFINCORP,
2025-09-29,UYFINCORP,
2025-09-30,UYFINCORP,
2025-10-01,UYFINCORP,
2025-10-03,UYFINCORP,
2025-10-06,UYFINCORP,
2025-10-07,UYFINCORP,
2025-10-08,UYFINCORP,
2025-10-09,UYFINCORP,
2025-10-10,UYFINCORP,
2025-10-13,UYFINCORP,
2025-10-14,UYFINCORP,
2025-10-15,UYFINCORP,
2025-10-16,UYFINCORP,
2025-10-17,UYFINCORP,
2025-10-20,UYFINCORP,
2025-10-21,UYFINCORP,
2025-10-23,UYFINCORP,
2025-10-24,UYFINCORP,
2025-10-27,UYFINCORP,
2025-10-28,UYFINCORP,
2025-10-29,UYFINCORP,
2025-10-30,UYFINCORP,
2025-10-31,UYFINCORP,
2025-11-03,UYFINCORP,
2025-11-04,UYFINCORP,
2025-11-06,UYFINCORP,
2025-11-07,UYFINCORP,
2025-11-10,UYFINCORP,
2025-11-11,UYFINCORP,
2025-11-12,UYFINCORP,
2025-11-13,UYFINCORP,
2025-11-14,UYFINCORP,
2025-11-17,UYFINCORP,
2025-11-18,UYFINCORP,
2025-11-19,UYFINCORP,
2025-11-20,UYFINCORP,
2025-11-21,UYFINCORP,
2025-11-24,UYFINCORP,
2025-11-25,UYFINCORP,
2025-11-26,UYFINCORP,
2025-11-27,UYFINCORP,
2025-11-28,UYFINCORP,
2025-12-01,UYFINCORP,
2025-12-02,UYFINCORP,
2025-12-03,UYFINCORP,
2025-12-04,UYFINCORP,
2025-12-05,UYFINCORP,
2025-12-08,UYFINCORP,
2025-12-09,UYFINCORP,
2025-12-10,UYFINCORP,
2025-12-11,UYFINCORP,
2025-12-12,UYFINCORP,
2025-12-15,UYFINCORP,
2025-12-16,UYFINCORP,
2025-12-17,UYFINCORP,
2025-12-18,UYFINCORP,
2025-12-19,UYFINCORP,
2025-12-22,UYFINCORP,
2025-12-23,UYFINCORP,
2025-12-24,UYFINCORP,
2025-12-26,UYFINCORP,
2025-12-29,UYFINCORP,
2025-12-30,UYFINCORP,
2025-12-31,UYFINCORP,
2026-01-01,UYFINCORP,
2026-01-02,UYFINCORP,
2026-01-05,UYFINCORP,
2026-01-06,UYFINCORP,
2026-01-07,UYFINCORP,
2026-01-08,UYFINCORP,
2026-01-09,UYFINCORP,
2026-01-12,UYFINCORP,
2026-01-13,UYFINCORP,
2026-01-14,UYFINCORP,
2026-01-16,UYFINCORP,
2026-01-19,UYFINCORP,
2026-01-20,UYFINCORP,
2026-01-21,UYFINCORP,
2026-01-22,UYFINCORP,
2026-01-23,UYFINCORP,
2026-01-27,UYFINCORP,
2026-01-28,UYFINCORP,
2026-01-29,UYFINCORP,
2026-01-30,UYFINCORP,
2026-02-02,UYFINCORP,
2026-02-03,UYFINCORP,
2026-02-04,UYFINCORP,
2026-02-05,UYFINCORP,
2026-02-06,UYFINCORP,
2026-02-09,UYFINCORP,
2026-02-10,UYFINCORP,
2026-02-11,UYFINCORP,
2026-02-12,UYFINCORP,
2026-02-13,UYFINCORP,
2026-02-16,UYFINCORP,
2026-02-17,UYFINCORP,
2026-02-18,UYFINCORP,
2026-02-19,UYFINCORP,
2026-02-20,UYFINCORP,
2026-02-23,UYFINCORP,
2026-02-24,UYFINCORP,
2026-02-25,UYFINCORP,
2026-02-26,UYFINCORP,
2026-02-27,UYFINCORP,
2026-03-02,UYFINCORP,
2026-03-04,UYFINCORP,
2026-03-05,UYFINCORP,
2026-03-06,UYFINCORP,
2026-03-09,UYFINCORP,
2026-03-10,UYFINCORP,
2026-03-11,UYFINCORP,
2026-03-12,UYFINCORP,
2026-03-13,UYFINCORP,
2026-03-16,UYFINCORP,
2026-03-17,UYFINCORP,
2026-03-18,UYFINCORP,
2026-03-19,UYFINCORP,
2026-03-20,UYFINCORP,
2026-03-23,UYFINCORP,
2026-03-24,UYFINCORP,
2026-03-25,UYFINCORP,
2026-03-27,UYFINCORP,
2026-03-30,UYFINCORP,
2026-04-01,UYFINCORP,
2026-04-02,UYFINCORP,
2026-04-06,UYFINCORP,
2026-04-07,UYFINCORP,
2026-04-08,UYFINCORP,
2026-04-09,UYFINCORP,
2026-04-10,UYFINCORP,
2026-04-13,UYFINCORP,
2026-04-15,UYFINCORP,
2026-04-16,UYFINCORP,
2026-04-17,UYFINCORP,
2026-04-20,UYFINCORP,
2026-04-21,UYFINCORP,
2026-04-22,UYFINCORP,
2026-04-23,UYFINCORP,
2026-04-24,UYFINCORP,
2026-04-27,UYFINCORP,
2026-04-28,UYFINCORP,
2026-04-29,UYFINCORP,
2026-04-30,UYFINCORP,
2026-05-04,UYFINCORP,
2026-05-05,UYFINCORP,
2026-05-06,UYFINCORP,
2026-05-07,UYFINCORP,
2026-05-08,UYFINCORP,
2026-05-11,UYFINCORP,
2026-05-12,UYFINCORP,
2026-05-13,UYFINCORP,
2026-05-14,UYFINCORP,
2026-05-15,UYFINCORP,
2026-05-18,UYFINCORP,
2026-05-19,UYFINCORP,
2026-05-20,UYFINCORP,
2026-05-21,UYFINCORP,
2026-05-22,UYFINCORP,
2026-05-25,UYFINCORP,
2026-05-26,UYFINCORP,
2026-05-27,UYFINCORP,
2026-05-29,UYFINCORP,
2026-06-01,UYFINCORP,
2026-06-02,UYFINCORP,
2026-06-03,UYFINCORP,
2026-06-04,UYFINCORP,
2026-06-05,UYFINCORP,
2026-06-08,UYFINCORP,
2026-06-09,UYFINCORP,
2026-06-10,UYFINCORP,
2026-06-11,UYFINCORP,
2026-06-12,UYFINCORP,
2026-06-15,UYFINCORP,
2026-06-16,UYFINCORP,
2026-06-17,UYFINCORP,
2026-06-18,UYFINCORP,
2026-06-19,UYFINCORP,
2026-06-22,UYFINCORP,
2026-06-23,UYFINCORP,
2026-06-24,UYFINCORP,
2026-06-25,UYFINCORP,
2026-06-29,UYFINCORP,
2026-06-30,UYFINCORP,
2026-07-01,UYFINCORP,
2026-07-02,UYFINCORP,
2026-07-03,UYFINCORP,
2026-07-06,UYFINCORP,
2026-07-07,UYFINCORP,
2026-07-08,UYFINCORP,
2026-07-09,UYFINCORP,
2026-07-10,UYFINCORP,
2026-07-13,UYFINCORP,
2026-07-14,UYFINCORP,
2026-07-15,UYFINCORP,
2026-07-16,UYFINCORP,
2026-07-17,UYFINCORP,
2026-07-20,UYFINCORP,
2026-07-21,UYFINCORP,
2026-07-22,UYFINCORP,
2026-07-23,UYFINCORP,
2026-07-24,UYFINCORP,
2026-07-27,UYFINCORP,
2026-07-28,UYFINCORP,
2026-07-29,UYFINCORP,
2026-07-30,UYFINCORP,
2026-07-31,UYFINCORP,
2026-08-03,UYFINCORP,
2026-08-04,UYFINCORP,
2026-08-05,UYFINCORP,
2026-08-06,UYFINCORP,
2026-08-07,UYFINCORP,
2026-08-10,UYFINCORP,
2026-08-11,UYFINCORP,
2026-08-12,UYFINCORP,
2026-08-13,UYFINCORP,
2026-08-14,UYFINCORP,
2026-08-17,UYFINCORP,21.2728
2026-08-18,UYFINCORP,21.2728
2026-08-19,UYFINCORP,21.0074
2026-08-20,UYFINCORP,21.0074
2026-08-21,UYFINCORP,21.0074
2026-08-24,UYFINCORP,21.0074
2026-08-25,UYFINCORP,21.0074
2026-08-26,UYFINCORP,21.0074
2026-08-27,UYFINCORP,21.0074
2026-08-28,UYFINCORP,21.0074
2026-08-31,UYFINCORP,21.0074
2026-09-01,UYFINCORP,21.0074
2026-09-02,UYFINCORP,21.0074
2026-09-03,UYFINCORP,21.0074
2026-09-04,UYFINCORP,21.0074
2026-09-07,UYFINCORP,21.0074
2026-09-08,UYFINCORP,21.0074
2026-09-09,UYFINCORP,21.0074
2026-09-10,UYFINCORP,21.0074
2026-09-11,UYFINCORP,21.0074
2025-08-29,VISAKAIND,
2025-09-01,VISAKAIND,
2025-09-02,VISAKAIND,
2025-09-03,VISAKAIND,
2025-09-04,VISAKAIND,
2025-09-05,VISAKAIND,
2025-09-08,VISAKAIND,
2025-09-09,VISAKAIND,
2025-09-10,VISAKAIND,
2025-09-11,VISAKAIND,
2025-09-12,VISAKAIND,
2025-09-15,VISAKAIND,
2025-09-16,VISAKAIND,
2025-09-17,VISAKAIND,
2025-09-18,VISAKAIND,
2025-09-19,VISAKAIND,
2025-09-22,VISAKAIND,
2025-09-23,VISAKAIND,
2025-09-24,VISAKAIND,
2025-09-25,VISAKAIND,
2025-09-26,VISAKAIND,
2025-09-29,VISAKAIND,
2025-09-30,VISAKAIND,
2025-10-01,VISAKAIND,
2025-10-03,VISAKAIND,
2025-10-06,VISAKAIND,
2025-10-07,VISAKAIND,
2025-10-08,VISAKAIND,
2025-10-09,VISAKAIND,
2025-10-10,VISAKAIND,
2025-10-13,VISAKAIND,
2025-10-14,VISAKAIND,
2025-10-15,VISAKAIND,
2025-10-16,VISAKAIND,
2025-10-17,VISAKAIND,
2025-10-20,VISAKAIND,
2025-10-21,VISAKAIND,
2025-10-23,VISAKAIND,
2025-10-24,VISAKAIND,
2025-10-27,VISAKAIND,
2025-10-28,VISAKAIND,
2025-10-29,VISAKAIND,
2025-10-30,VISAKAIND,
2025-10-31,VISAKAIND,
2025-11-03,VISAKAIND,
2025-11-04,VISAKAIND,
2025-11-06,VISAKAIND,
2025-11-07,VISAKAIND,
2025-11-10,VISAKAIND,
2025-11-11,VISAKAIND,
2025-11-12,VISAKAIND,
2025-11-13,VISAKAIND,
2025-11-14,VISAKAIND,
2025-11-17,VISAKAIND,
2025-11-18,VISAKAIND,
2025-11-19,VISAKAIND,
2025-11-20,VISAKAIND,
2025-11-21,VISAKAIND,
2025-11-24,VISAKAIND,
2025-11-25,VISAKAIND,
2025-11-26,VISAKAIND,
2025-11-27,VISAKAIND,
2025-11-28,VISAKAIND,
2025-12-01,VISAKAIND,
2025-12-02,VISAKAIND,
2025-12-03,VISAKAIND,
2025-12-04,VISAKAIND,
2025-12-05,VISAKAIND,
2025-12-08,VISAKAIND,
2025-12-09,VISAKAIND,
2025-12-10,VISAKAIND,
2025-12-11,VISAKAIND,
2025-12-12,VISAKAIND,
2025-12-15,VISAKAIND,
2025-12-16,VISAKAIND,
2025-12-17,VISAKAIND,
2025-12-18,VISAKAIND,
2025-12-19,VISAKAIND,
2025-12-22,VISAKAIND,
2025-12-23,VISAKAIND,
2025-12-24,VISAKAIND,
2025-12-26,VISAKAIND,
2025-12-29,VISAKAIND,
2025-12-30,VISAKAIND,
2025-12-31,VISAKAIND,
2026-01-01,VISAKAIND,
2026-01-02,VISAKAIND,
2026-01-05,VISAKAIND,
2026-01-06,VISAKAIND,
2026-01-07,VISAKAIND,
2026-01-08,VISAKAIND,
2026-01-09,VISAKAIND,
2026-01-12,VISAKAIND,
2026-01-13,VISAKAIND,
2026-01-14,VISAKAIND,
2026-01-16,VISAKAIND,
2026-01-19,VISAKAIND,
2026-01-20,VISAKAIND,
2026-01-21,VISAKAIND,
2026-01-22,VISAKAIND,
2026-01-23,VISAKAIND,
2026-01-27,VISAKAIND,
2026-01-28,VISAKAIND,
2026-01-29,VISAKAIND,
2026-01-30,VISAKAIND,
2026-02-02,VISAKAIND,
2026-02-03,VISAKAIND,
2026-02-04,VISAKAIND,
2026-02-05,VISAKAIND,
2026-02-06,VISAKAIND,
2026-02-09,VISAKAIND,
2026-02-10,VISAKAIND,
2026-02-11,VISAKAIND,
2026-02-12,VISAKAIND,
2026-02-13,VISAKAIND,
2026-02-16,VISAKAIND,
2026-02-17,VISAKAIND,
2026-02-18,VISAKAIND,
2026-02-19,VISAKAIND,
2026-02-20,VISAKAIND,
2026-02-23,VISAKAIND,
2026-02-24,VISAKAIND,
2026-02-25,VISAKAIND,
2026-02-26,VISAKAIND,
2026-02-27,VISAKAIND,
2026-03-02,VISAKAIND,
2026-03-04,VISAKAIND,
2026-03-05,VISAKAIND,
2026-03-06,VISAKAIND,
2026-03-09,VISAKAIND,
2026-03-10,VISAKAIND,
2026-03-11,VISAKAIND,
2026-03-12,VISAKAIND,
2026-03-13,VISAKAIND,
2026-03-16,VISAKAIND,
2026-03-17,VISAKAIND,
2026-03-18,VISAKAIND,
2026-03-19,VISAKAIND,
2026-03-20,VISAKAIND,
2026-03-23,VISAKAIND,
2026-03-24,VISAKAIND,
2026-03-25,VISAKAIND,
2026-03-27,VISAKAIND,
2026-03-30,VISAKAIND,
2026-04-01,VISAKAIND,
2026-04-02,VISAKAIND,
2026-04-06,VISAKAIND,
2026-04-07,VISAKAIND,
2026-04-08,VISAKAIND,
2026-04-09,VISAKAIND,
2026-04-10,VISAKAIND,
2026-04-13,VISAKAIND,
2026-04-15,VISAKAIND,
2026-04-16,VISAKAIND,
2026-04-17,VISAKAIND,
2026-04-20,VISAKAIND,
2026-04-21,VISAKAIND,
2026-04-22,VISAKAIND,
2026-04-23,VISAKAIND,
2026-04-24,VISAKAIND,
2026-04-27,VISAKAIND,
2026-04-28,VISAKAIND,
2026-04-29,VISAKAIND,
2026-04-30,VISAKAIND,
2026-05-04,VISAKAIND,
2026-05-05,VISAKAIND,
2026-05-06,VISAKAIND,
2026-05-07,VISAKAIND,
2026-05-08,VISAKAIND,
2026-05-11,VISAKAIND,
2026-05-12,VISAKAIND,
2026-05-13,VISAKAIND,
2026-05-14,VISAKAIND,
2026-05-15,VISAKAIND,
2026-05-18,VISAKAIND,
2026-05-19,VISAKAIND,
2026-05-20,VISAKAIND,
2026-05-21,VISAKAIND,
2026-05-22,VISAKAIND,
2026-05-25,VISAKAIND,
2026-05-26,VISAKAIND,
2026-05-27,VISAKAIND,
2026-05-29,VISAKAIND,
2026-06-01,VISAKAIND,
2026-06-02,VISAKAIND,
2026-06-03,VISAKAIND,
2026-06-04,VISAKAIND,
2026-06-05,VISAKAIND,
2026-06-08,VISAKAIND,
2026-06-09,VISAKAIND,
2026-06-10,VISAKAIND,
2026-06-11,VISAKAIND,
2026-06-12,VISAKAIND,
2026-06-15,VISAKAIND,76.6966
2026-06-16,VISAKAIND,76.6938
2026-06-17,VISAKAIND,76.6938
2026-06-18,VISAKAIND,76.6944
2026-06-19,VISAKAIND,76.6944
2026-06-22,VISAKAIND,76.6944
2026-06-23,VISAKAIND,76.6944
2026-06-24,VISAKAIND,76.6944
2026-06-25,VISAKAIND,76.6944
2026-06-29,VISAKAIND,76.6944
2026-06-30,VISAKAIND,76.6944
2026-07-01,VISAKAIND,76.6944
2026-07-02,VISAKAIND,76.6944
2026-07-03,VISAKAIND,76.6944
2026-07-06,VISAKAIND,76.6944
2026-07-07,VISAKAIND,76.6944
2026-07-08,VISAKAIND,76.6944
2026-07-09,VISAKAIND,76.6944
2026-07-10,VISAKAIND,76.6944
2026-07-13,VISAKAIND,76.6944
2026-07-14,VISAKAIND,76.6944
2026-07-15,VISAKAIND,76.6944
2026-07-16,VISAKAIND,76.6944
2026-07-17,VISAKAIND,76.6944
2026-07-20,VISAKAIND,76.6944
2026-07-21,VISAKAIND,76.6944
2026-07-22,VISAKAIND,76.6944
2026-07-23,VISAKAIND,76.6944
2026-07-24,VISAKAIND,76.6944
2026-07-27,VISAKAIND,76.6944
2026-07-28,VISAKAIND,76.6944
2026-07-29,VISAKAIND,76.6944
2026-07-30,VISAKAIND,76.6944
2026-07-31,VISAKAIND,76.6944
2026-08-03,VISAKAIND,76.6944
2026-08-04,VISAKAIND,76.6944
2026-08-05,VISAKAIND,76.6944
2026-08-06,VISAKAIND,76.6944
2026-08-07,VISAKAIND,76.6944
2026-08-10,VISAKAIND,76.6944
2026-08-11,VISAKAIND,76.6944
2026-08-12,VISAKAIND,76.6944
2026-08-13,VISAKAIND,76.6944
2026-08-14,VISAKAIND,76.6944
2026-08-17,VISAKAIND,76.6944
2026-08-18,VISAKAIND,76.6944
2026-08-19,VISAKAIND,76.6944
2026-08-20,VISAKAIND,76.6944
2026-08-21,VISAKAIND,76.6944
2026-08-24,VISAKAIND,76.6944
2026-08-25,VISAKAIND,76.6944
2026-08-26,VISAKAIND,76.6944
2026-08-27,VISAKAIND,76.6944
2026-08-28,VISAKAIND,76.6944
2026-08-31,VISAKAIND,76.6944
2026-09-01,VISAKAIND,76.6944
2026-09-02,VISAKAIND,76.6944
2026-09-03,VISAKAIND,76.6944
2026-09-04,VISAKAIND,76.6944
2026-09-07,VISAKAIND,76.6944
2026-09-08,VISAKAIND,77.5505
2026-09-09,VISAKAIND,81.4932
2026-09-10,VISAKAIND,82.7621
2026-09-11,VISAKAIND,82.7621
2026-06-02,VIVIANA,
2026-06-03,VIVIANA,
2026-06-04,VIVIANA,
2026-06-05,VIVIANA,
2026-06-08,VIVIANA,
2026-06-09,VIVIANA,
2026-06-10,VIVIANA,
2026-06-11,VIVIANA,
2026-06-12,VIVIANA,
2026-06-15,VIVIANA,
2026-06-16,VIVIANA,
2026-06-17,VIVIANA,
2026-06-18,VIVIANA,
2026-06-19,VIVIANA,810.1556
2026-06-22,VIVIANA,810.1556
2026-06-23,VIVIANA,810.1556
2026-06-24,VIVIANA,810.1556
2026-06-25,VIVIANA,810.1556
2026-06-29,VIVIANA,815.157
2026-06-30,VIVIANA,815.157
2026-07-01,VIVIANA,815.157
2026-07-02,VIVIANA,815.157
2026-07-03,VIVIANA,815.157
2026-07-06,VIVIANA,815.157
2026-07-07,VIVIANA,815.157
2026-07-08,VIVIANA,815.157
2026-07-09,VIVIANA,815.157
2026-07-10,VIVIANA,815.157
2026-07-13,VIVIANA,815.157
2026-07-14,VIVIANA,815.157
2026-07-15,VIVIANA,815.157
2026-07-16,VIVIANA,815.157
2026-07-17,VIVIANA,815.157
2026-07-20,VIVIANA,815.157
2026-07-21,VIVIANA,815.157
2026-07-22,VIVIANA,815.157
2026-07-23,VIVIANA,815.157
2026-07-24,VIVIANA,815.157
2026-07-27,VIVIANA,815.157
2026-07-28,VIVIANA,815.157
2026-07-29,VIVIANA,815.157
2026-07-30,VIVIANA,815.157
2026-07-31,VIVIANA,815.157
2026-08-03,VIVIANA,815.157
2026-08-04,VIVIANA,815.157
2026-08-05,VIVIANA,815.157
2026-08-06,VIVIANA,815.157
2026-08-07,VIVIANA,815.157
2026-08-10,VIVIANA,815.157
2026-08-11,VIVIANA,815.157
2026-08-12,VIVIANA,815.157
2026-08-13,VIVIANA,815.157
2026-08-14,VIVIANA,815.157
2026-08-17,VIVIANA,815.157
2026-08-18,VIVIANA,815.157
2026-08-19,VIVIANA,815.157
2026-08-20,VIVIANA,815.157
2026-08-21,VIVIANA,815.157
2026-08-24,VIVIANA,815.157
2026-08-25,VIVIANA,815.157
2026-08-26,VIVIANA,815.157
2026-08-27,VIVIANA,815.157
2026-08-28,VIVIANA,815.157
2026-08-31,VIVIANA,815.157
2026-09-01,VIVIANA,815.157
2026-09-02,VIVIANA,815.157
2026-09-03,VIVIANA,815.157
2026-09-04,VIVIANA,815.157
2026-09-07,VIVIANA,815.157
2026-09-08,VIVIANA,815.157
2026-09-09,VIVIANA,815.157
2026-09-10,VIVIANA,815.157
2026-09-11,VIVIANA,815.157
2025-08-29,VSTL,
2025-09-01,VSTL,
2025-09-02,VSTL,
2025-09-03,VSTL,
2025-09-04,VSTL,
2025-09-05,VSTL,
2025-09-08,VSTL,
2025-09-09,VSTL,
2025-09-10,VSTL,
2025-09-11,VSTL,
2025-09-12,VSTL,
2025-09-15,VSTL,
2025-09-16,VSTL,
2025-09-17,VSTL,
2025-09-18,VSTL,
2025-09-19,VSTL,
2025-09-22,VSTL,
2025-09-23,VSTL,
2025-09-24,VSTL,
2025-09-25,VSTL,
2025-09-26,VSTL,
2025-09-29,VSTL,
2025-09-30,VSTL,
2025-10-01,VSTL,
2025-10-03,VSTL,
2025-10-06,VSTL,
2025-10-07,VSTL,
2025-10-08,VSTL,
2025-10-09,VSTL,
2025-10-10,VSTL,
2025-10-13,VSTL,
2025-10-14,VSTL,
2025-10-15,VSTL,
2025-10-16,VSTL,
2025-10-17,VSTL,
2025-10-20,VSTL,
2025-10-21,VSTL,
2025-10-23,VSTL,
2025-10-24,VSTL,
2025-10-27,VSTL,
2025-10-28,VSTL,
2025-10-29,VSTL,
2025-10-30,VSTL,
2025-10-31,VSTL,
2025-11-03,VSTL,
2025-11-04,VSTL,
2025-11-06,VSTL,
2025-11-07,VSTL,
2025-11-10,VSTL,
2025-11-11,VSTL,
2025-11-12,VSTL,
2025-11-13,VSTL,
2025-11-14,VSTL,
2025-11-17,VSTL,
2025-11-18,VSTL,
2025-11-19,VSTL,
2025-11-20,VSTL,
2025-11-21,VSTL,
2025-11-24,VSTL,
2025-11-25,VSTL,
2025-11-26,VSTL,
2025-11-27,VSTL,
2025-11-28,VSTL,
2025-12-01,VSTL,
2025-12-02,VSTL,
2025-12-03,VSTL,
2025-12-04,VSTL,
2025-12-05,VSTL,
2025-12-08,VSTL,
2025-12-09,VSTL,
2025-12-10,VSTL,
2025-12-11,VSTL,
2025-12-12,VSTL,
2025-12-15,VSTL,
2025-12-16,VSTL,
2025-12-17,VSTL,
2025-12-18,VSTL,
2025-12-19,VSTL,
2025-12-22,VSTL,
2025-12-23,VSTL,
2025-12-24,VSTL,
2025-12-26,VSTL,
2025-12-29,VSTL,
2025-12-30,VSTL,
2025-12-31,VSTL,
2026-01-01,VSTL,
2026-01-02,VSTL,
2026-01-05,VSTL,
2026-01-06,VSTL,
2026-01-07,VSTL,
2026-01-08,VSTL,
2026-01-09,VSTL,
2026-01-12,VSTL,
2026-01-13,VSTL,
2026-01-14,VSTL,
2026-01-16,VSTL,
2026-01-19,VSTL,
2026-01-20,VSTL,
2026-01-21,VSTL,
2026-01-22,VSTL,
2026-01-23,VSTL,
2026-01-27,VSTL,
2026-01-28,VSTL,
2026-01-29,VSTL,
2026-01-30,VSTL,
2026-02-02,VSTL,
2026-02-03,VSTL,
2026-02-04,VSTL,
2026-02-05,VSTL,
2026-02-06,VSTL,
2026-02-09,VSTL,
2026-02-10,VSTL,
2026-02-11,VSTL,
2026-02-12,VSTL,
2026-02-13,VSTL,
2026-02-16,VSTL,
2026-02-17,VSTL,
2026-02-18,VSTL,
2026-02-19,VSTL,
2026-02-20,VSTL,
2026-02-23,VSTL,
2026-02-24,VSTL,
2026-02-25,VSTL,
2026-02-26,VSTL,
2026-02-27,VSTL,
2026-03-02,VSTL,
2026-03-04,VSTL,
2026-03-05,VSTL,
2026-03-06,VSTL,
2026-03-09,VSTL,
2026-03-10,VSTL,
2026-03-11,VSTL,
2026-03-12,VSTL,
2026-03-13,VSTL,
2026-03-16,VSTL,
2026-03-17,VSTL,
2026-03-18,VSTL,
2026-03-19,VSTL,
2026-03-20,VSTL,
2026-03-23,VSTL,
2026-03-24,VSTL,
2026-03-25,VSTL,
2026-03-27,VSTL,
2026-03-30,VSTL,
2026-04-01,VSTL,
2026-04-02,VSTL,
2026-04-06,VSTL,
2026-04-07,VSTL,
2026-04-08,VSTL,
2026-04-09,VSTL,
2026-04-10,VSTL,
2026-04-13,VSTL,
2026-04-15,VSTL,
2026-04-16,VSTL,
2026-04-17,VSTL,
2026-04-20,VSTL,
2026-04-21,VSTL,
2026-04-22,VSTL,
2026-04-23,VSTL,
2026-04-24,VSTL,
2026-04-27,VSTL,
2026-04-28,VSTL,
2026-04-29,VSTL,
2026-04-30,VSTL,
2026-05-04,VSTL,
2026-05-05,VSTL,
2026-05-06,VSTL,
2026-05-07,VSTL,
2026-05-08,VSTL,
2026-05-11,VSTL,
2026-05-12,VSTL,
2026-05-13,VSTL,
2026-05-14,VSTL,
2026-05-15,VSTL,
2026-05-18,VSTL,
2026-05-19,VSTL,
2026-05-20,VSTL,
2026-05-21,VSTL,
2026-05-22,VSTL,
2026-05-25,VSTL,
2026-05-26,VSTL,
2026-05-27,VSTL,
2026-05-29,VSTL,
2026-06-01,VSTL,
2026-06-02,VSTL,
2026-06-03,VSTL,
2026-06-04,VSTL,
2026-06-05,VSTL,
2026-06-08,VSTL,
2026-06-09,VSTL,
2026-06-10,VSTL,
2026-06-11,VSTL,118.2848
2026-06-12,VSTL,118.7013
2026-06-15,VSTL,118.7013
2026-06-16,VSTL,118.7013
2026-06-17,VSTL,118.7013
2026-06-18,VSTL,118.7013
2026-06-19,VSTL,118.7013
2026-06-22,VSTL,118.7013
2026-06-23,VSTL,118.7013
2026-06-24,VSTL,118.7013
2026-06-25,VSTL,118.7013
2026-06-29,VSTL,118.7013
2026-06-30,VSTL,118.7013
2026-07-01,VSTL,118.7013
2026-07-02,VSTL,118.7013
2026-07-03,VSTL,118.7013
2026-07-06,VSTL,118.7013
2026-07-07,VSTL,118.7013
2026-07-08,VSTL,118.7013
2026-07-09,VSTL,118.7013
2026-07-10,VSTL,118.7013
2026-07-13,VSTL,118.7013
2026-07-14,VSTL,118.7013
2026-07-15,VSTL,118.7013
2026-07-16,VSTL,118.7013
2026-07-17,VSTL,118.7013
2026-07-20,VSTL,118.7013
2026-07-21,VSTL,118.7013
2026-07-22,VSTL,118.7013
2026-07-23,VSTL,118.7013
2026-07-24,VSTL,118.7013
2026-07-27,VSTL,118.7013
2026-07-28,VSTL,118.7013
2026-07-29,VSTL,118.7013
2026-07-30,VSTL,118.7013
2026-07-31,VSTL,118.7013
2026-08-03,VSTL,118.7013
2026-08-04,VSTL,118.7013
2026-08-05,VSTL,118.7013
2026-08-06,VSTL,118.7013
2026-08-07,VSTL,118.7013
2026-08-10,VSTL,118.7013
2026-08-11,VSTL,118.7013
2026-08-12,VSTL,118.7013
2026-08-13,VSTL,118.7013
2026-08-14,VSTL,118.7013
2026-08-17,VSTL,113.5057
2026-08-18,VSTL,112.5005
2026-08-19,VSTL,111.8025
2026-08-20,VSTL,111.8025
2026-08-21,VSTL,111.8025
2026-08-24,VSTL,111.5891
2026-08-25,VSTL,111.5891
2026-08-26,VSTL,111.5891
2026-08-27,VSTL,111.5891
2026-08-28,VSTL,111.5891
2026-08-31,VSTL,111.597
2026-09-01,VSTL,111.7224
2026-09-02,VSTL,111.9229
2026-09-03,VSTL,112.2648
2026-09-04,VSTL,112.2648
2026-09-07,VSTL,112.2648
2026-09-08,VSTL,112.2648
2026-09-09,VSTL,112.2648
2026-09-10,VSTL,112.2648
2026-09-11,VSTL,112.2648
2025-08-29,WCIL,
2025-09-01,WCIL,
2025-09-02,WCIL,
2025-09-03,WCIL,
2025-09-04,WCIL,
2025-09-05,WCIL,
2025-09-08,WCIL,
2025-09-09,WCIL,
2025-09-10,WCIL,
2025-09-11,WCIL,
2025-09-12,WCIL,
2025-09-15,WCIL,
2025-09-16,WCIL,
2025-09-17,WCIL,
2025-09-18,WCIL,
2025-09-19,WCIL,
2025-09-22,WCIL,
2025-09-23,WCIL,
2025-09-24,WCIL,
2025-09-25,WCIL,
2025-09-26,WCIL,
2025-09-29,WCIL,
2025-09-30,WCIL,
2025-10-01,WCIL,
2025-10-03,WCIL,
2025-10-06,WCIL,
2025-10-07,WCIL,
2025-10-08,WCIL,
2025-10-09,WCIL,
2025-10-10,WCIL,
2025-10-13,WCIL,
2025-10-14,WCIL,
2025-10-15,WCIL,
2025-10-16,WCIL,
2025-10-17,WCIL,
2025-10-20,WCIL,
2025-10-21,WCIL,
2025-10-23,WCIL,
2025-10-24,WCIL,
2025-10-27,WCIL,
2025-10-28,WCIL,
2025-10-29,WCIL,
2025-10-30,WCIL,
2025-10-31,WCIL,
2025-11-03,WCIL,
2025-11-04,WCIL,
2025-11-06,WCIL,
2025-11-07,WCIL,
2025-11-10,WCIL,
2025-11-11,WCIL,
2025-11-12,WCIL,
2025-11-13,WCIL,
2025-11-14,WCIL,
2025-11-17,WCIL,
2025-11-18,WCIL,
2025-11-19,WCIL,
2025-11-20,WCIL,
2025-11-21,WCIL,
2025-11-24,WCIL,
2025-11-25,WCIL,
2025-11-26,WCIL,
2025-11-27,WCIL,
2025-11-28,WCIL,
2025-12-01,WCIL,
2025-12-02,WCIL,
2025-12-03,WCIL,
2025-12-04,WCIL,
2025-12-05,WCIL,
2025-12-08,WCIL,
2025-12-09,WCIL,
2025-12-10,WCIL,
2025-12-11,WCIL,
2025-12-12,WCIL,
2025-12-15,WCIL,
2025-12-16,WCIL,
2025-12-17,WCIL,
2025-12-18,WCIL,
2025-12-19,WCIL,
2025-12-22,WCIL,
2025-12-23,WCIL,
2025-12-24,WCIL,
2025-12-26,WCIL,
2025-12-29,WCIL,
2025-12-30,WCIL,
2025-12-31,WCIL,
2026-01-01,WCIL,
2026-01-02,WCIL,
2026-01-05,WCIL,
2026-01-06,WCIL,
2026-01-07,WCIL,
2026-01-08,WCIL,
2026-01-09,WCIL,
2026-01-12,WCIL,
2026-01-13,WCIL,
2026-01-14,WCIL,
2026-01-16,WCIL,
2026-01-19,WCIL,
2026-01-20,WCIL,
2026-01-21,WCIL,
2026-01-22,WCIL,
2026-01-23,WCIL,
2026-01-27,WCIL,
2026-01-28,WCIL,
2026-01-29,WCIL,
2026-01-30,WCIL,
2026-02-02,WCIL,
2026-02-03,WCIL,
2026-02-04,WCIL,
2026-02-05,WCIL,
2026-02-06,WCIL,
2026-02-09,WCIL,
2026-02-10,WCIL,
2026-02-11,WCIL,
2026-02-12,WCIL,
2026-02-13,WCIL,
2026-02-16,WCIL,
2026-02-17,WCIL,
2026-02-18,WCIL,
2026-02-19,WCIL,
2026-02-20,WCIL,
2026-02-23,WCIL,
2026-02-24,WCIL,
2026-02-25,WCIL,
2026-02-26,WCIL,
2026-02-27,WCIL,
2026-03-02,WCIL,
2026-03-04,WCIL,
2026-03-05,WCIL,
2026-03-06,WCIL,
2026-03-09,WCIL,
2026-03-10,WCIL,
2026-03-11,WCIL,
2026-03-12,WCIL,
2026-03-13,WCIL,
2026-03-16,WCIL,
2026-03-17,WCIL,
2026-03-18,WCIL,
2026-03-19,WCIL,
2026-03-20,WCIL,
2026-03-23,WCIL,
2026-03-24,WCIL,
2026-03-25,WCIL,
2026-03-27,WCIL,
2026-03-30,WCIL,
2026-04-01,WCIL,
2026-04-02,WCIL,
2026-04-06,WCIL,
2026-04-07,WCIL,
2026-04-08,WCIL,
2026-04-09,WCIL,
2026-04-10,WCIL,
2026-04-13,WCIL,
2026-04-15,WCIL,
2026-04-16,WCIL,
2026-04-17,WCIL,
2026-04-20,WCIL,
2026-04-21,WCIL,
2026-04-22,WCIL,
2026-04-23,WCIL,
2026-04-24,WCIL,
2026-04-27,WCIL,
2026-04-28,WCIL,
2026-04-29,WCIL,
2026-04-30,WCIL,
2026-05-04,WCIL,
2026-05-05,WCIL,
2026-05-06,WCIL,
2026-05-07,WCIL,
2026-05-08,WCIL,
2026-05-11,WCIL,
2026-05-12,WCIL,
2026-05-13,WCIL,
2026-05-14,WCIL,
2026-05-15,WCIL,
2026-05-18,WCIL,
2026-05-19,WCIL,
2026-05-20,WCIL,
2026-05-21,WCIL,
2026-05-22,WCIL,
2026-05-25,WCIL,
2026-05-26,WCIL,
2026-05-27,WCIL,
2026-05-29,WCIL,
2026-06-01,WCIL,
2026-06-02,WCIL,
2026-06-03,WCIL,
2026-06-04,WCIL,
2026-06-05,WCIL,
2026-06-08,WCIL,
2026-06-09,WCIL,
2026-06-10,WCIL,
2026-06-11,WCIL,
2026-06-12,WCIL,
2026-06-15,WCIL,
2026-06-16,WCIL,99.68
2026-06-17,WCIL,99.68
2026-06-18,WCIL,99.68
2026-06-19,WCIL,99.68
2026-06-22,WCIL,99.68
2026-06-23,WCIL,99.68
2026-06-24,WCIL,102.32
2026-06-25,WCIL,102.32
2026-06-29,WCIL,102.2522
2026-06-30,WCIL,102.0839
2026-07-01,WCIL,102.0839
2026-07-02,WCIL,102.0839
2026-07-03,WCIL,102.0839
2026-07-06,WCIL,102.0839
2026-07-07,WCIL,102.0839
2026-07-08,WCIL,102.0839
2026-07-09,WCIL,102.0839
2026-07-10,WCIL,102.0839
2026-07-13,WCIL,102.0839
2026-07-14,WCIL,102.0839
2026-07-15,WCIL,102.0839
2026-07-16,WCIL,102.0839
2026-07-17,WCIL,102.0839
2026-07-20,WCIL,102.0839
2026-07-21,WCIL,102.0839
2026-07-22,WCIL,102.0839
2026-07-23,WCIL,102.0839
2026-07-24,WCIL,102.0839
2026-07-27,WCIL,102.0839
2026-07-28,WCIL,102.0839
2026-07-29,WCIL,102.0839
2026-07-30,WCIL,102.0839
2026-07-31,WCIL,102.0839
2026-08-03,WCIL,102.0839
2026-08-04,WCIL,102.0839
2026-08-05,WCIL,102.0839
2026-08-06,WCIL,102.0839
2026-08-07,WCIL,102.0839
2026-08-10,WCIL,102.0839
2026-08-11,WCIL,102.0839
2026-08-12,WCIL,102.0839
2026-08-13,WCIL,102.0839
2026-08-14,WCIL,102.0839
2026-08-17,WCIL,102.0839
2026-08-18,WCIL,102.0839
2026-08-19,WCIL,102.0839
2026-08-20,WCIL,102.0839
2026-08-21,WCIL,102.0839
2026-08-24,WCIL,102.0839
2026-08-25,WCIL,102.0839
2026-08-26,WCIL,102.0839
2026-08-27,WCIL,102.0839
2026-08-28,WCIL,102.0839
2026-08-31,WCIL,102.0839
2026-09-01,WCIL,102.0839
2026-09-02,WCIL,102.0839
2026-09-03,WCIL,102.0839
2026-09-04,WCIL,102.0839
2026-09-07,WCIL,102.0839
2026-09-08,WCIL,102.0839
2026-09-09,WCIL,102.0839
2026-09-10,WCIL,102.0839
2026-09-11,WCIL,102.0839
