Date,Symbol,PromoterWeightedAvgBuyPrice
2025-09-01,AJMERA,
2025-09-02,AJMERA,
2025-09-03,AJMERA,
2025-09-04,AJMERA,
2025-09-05,AJMERA,
2025-09-08,AJMERA,
2025-09-09,AJMERA,
2025-09-10,AJMERA,
2025-09-11,AJMERA,
2025-09-12,AJMERA,
2025-09-15,AJMERA,
2025-09-16,AJMERA,
2025-09-17,AJMERA,
2025-09-18,AJMERA,
2025-09-19,AJMERA,
2025-09-22,AJMERA,
2025-09-23,AJMERA,
2025-09-24,AJMERA,
2025-09-25,AJMERA,
2025-09-26,AJMERA,
2025-09-29,AJMERA,
2025-09-30,AJMERA,
2025-10-01,AJMERA,
2025-10-03,AJMERA,
2025-10-06,AJMERA,
2025-10-07,AJMERA,
2025-10-08,AJMERA,
2025-10-09,AJMERA,
2025-10-10,AJMERA,
2025-10-13,AJMERA,
2025-10-14,AJMERA,
2025-10-15,AJMERA,
2025-10-16,AJMERA,
2025-10-17,AJMERA,
2025-10-20,AJMERA,
2025-10-21,AJMERA,
2025-10-23,AJMERA,
2025-10-24,AJMERA,
2025-10-27,AJMERA,
2025-10-28,AJMERA,
2025-10-29,AJMERA,
2025-10-30,AJMERA,
2025-10-31,AJMERA,
2025-11-03,AJMERA,
2025-11-04,AJMERA,
2025-11-06,AJMERA,
2025-11-07,AJMERA,
2025-11-10,AJMERA,
2025-11-11,AJMERA,
2025-11-12,AJMERA,
2025-11-13,AJMERA,
2025-11-14,AJMERA,
2025-11-17,AJMERA,
2025-11-18,AJMERA,
2025-11-19,AJMERA,
2025-11-20,AJMERA,
2025-11-21,AJMERA,
2025-11-24,AJMERA,
2025-11-25,AJMERA,
2025-11-26,AJMERA,
2025-11-27,AJMERA,
2025-11-28,AJMERA,
2025-12-01,AJMERA,
2025-12-02,AJMERA,
2025-12-03,AJMERA,
2025-12-04,AJMERA,
2025-12-05,AJMERA,
2025-12-08,AJMERA,
2025-12-09,AJMERA,
2025-12-10,AJMERA,
2025-12-11,AJMERA,
2025-12-12,AJMERA,
2025-12-15,AJMERA,
2025-12-16,AJMERA,
2025-12-17,AJMERA,
2025-12-18,AJMERA,
2025-12-19,AJMERA,
2025-12-22,AJMERA,
2025-12-23,AJMERA,
2025-12-24,AJMERA,
2025-12-26,AJMERA,
2025-12-29,AJMERA,
2025-12-30,AJMERA,
2025-12-31,AJMERA,
2026-01-01,AJMERA,
2026-01-02,AJMERA,
2026-01-05,AJMERA,
2026-01-06,AJMERA,
2026-01-07,AJMERA,
2026-01-08,AJMERA,
2026-01-09,AJMERA,
2026-01-12,AJMERA,
2026-01-13,AJMERA,
2026-01-14,AJMERA,
2026-01-16,AJMERA,
2026-01-19,AJMERA,
2026-01-20,AJMERA,
2026-01-21,AJMERA,
2026-01-22,AJMERA,
2026-01-23,AJMERA,
2026-01-27,AJMERA,
2026-01-28,AJMERA,
2026-01-29,AJMERA,
2026-01-30,AJMERA,
2026-02-02,AJMERA,
2026-02-03,AJMERA,
2026-02-04,AJMERA,
2026-02-05,AJMERA,
2026-02-06,AJMERA,
2026-02-09,AJMERA,
2026-02-10,AJMERA,
2026-02-11,AJMERA,
2026-02-12,AJMERA,
2026-02-13,AJMERA,
2026-02-16,AJMERA,
2026-02-17,AJMERA,
2026-02-18,AJMERA,
2026-02-19,AJMERA,
2026-02-20,AJMERA,
2026-02-23,AJMERA,
2026-02-24,AJMERA,
2026-02-25,AJMERA,
2026-02-26,AJMERA,
2026-02-27,AJMERA,
2026-03-02,AJMERA,
2026-03-04,AJMERA,
2026-03-05,AJMERA,
2026-03-06,AJMERA,
2026-03-09,AJMERA,
2026-03-10,AJMERA,
2026-03-11,AJMERA,
2026-03-12,AJMERA,
2026-03-13,AJMERA,
2026-03-16,AJMERA,
2026-03-17,AJMERA,
2026-03-18,AJMERA,
2026-03-19,AJMERA,
2026-03-20,AJMERA,
2026-03-23,AJMERA,
2026-03-24,AJMERA,
2026-03-25,AJMERA,
2026-03-27,AJMERA,
2026-03-30,AJMERA,
2026-04-01,AJMERA,
2026-04-02,AJMERA,
2026-04-06,AJMERA,
2026-04-07,AJMERA,
2026-04-08,AJMERA,
2026-04-09,AJMERA,
2026-04-10,AJMERA,
2026-04-13,AJMERA,
2026-04-15,AJMERA,
2026-04-16,AJMERA,
2026-04-17,AJMERA,
2026-04-20,AJMERA,
2026-04-21,AJMERA,
2026-04-22,AJMERA,
2026-04-23,AJMERA,
2026-04-24,AJMERA,
2026-04-27,AJMERA,
2026-04-28,AJMERA,
2026-04-29,AJMERA,
2026-04-30,AJMERA,
2026-05-04,AJMERA,
2026-05-05,AJMERA,
2026-05-06,AJMERA,
2026-05-07,AJMERA,
2026-05-08,AJMERA,
2026-05-11,AJMERA,
2026-05-12,AJMERA,
2026-05-13,AJMERA,
2026-05-14,AJMERA,
2026-05-15,AJMERA,
2026-05-18,AJMERA,
2026-05-19,AJMERA,
2026-05-20,AJMERA,
2026-05-21,AJMERA,
2026-05-22,AJMERA,
2026-05-25,AJMERA,
2026-05-26,AJMERA,
2026-05-27,AJMERA,
2026-05-29,AJMERA,
2026-06-01,AJMERA,
2026-06-02,AJMERA,
2026-06-03,AJMERA,
2026-06-04,AJMERA,114.8572
2026-06-05,AJMERA,114.8572
2026-06-08,AJMERA,114.8572
2026-06-09,AJMERA,114.8572
2026-06-10,AJMERA,114.8572
2026-06-11,AJMERA,114.8572
2026-06-12,AJMERA,114.8572
2026-06-15,AJMERA,114.8572
2026-06-16,AJMERA,114.8572
2026-06-17,AJMERA,114.8572
2026-06-18,AJMERA,114.8572
2026-06-19,AJMERA,114.8572
2026-06-22,AJMERA,114.8572
2026-06-23,AJMERA,114.8572
2026-06-24,AJMERA,114.8572
2026-06-25,AJMERA,114.8572
2026-06-29,AJMERA,114.8572
2026-06-30,AJMERA,114.8572
2026-07-01,AJMERA,114.8572
2026-07-02,AJMERA,114.8572
2026-07-03,AJMERA,114.8572
2026-07-06,AJMERA,114.8572
2026-07-07,AJMERA,114.8572
2026-07-08,AJMERA,114.8572
2026-07-09,AJMERA,114.8572
2026-07-10,AJMERA,114.8572
2026-07-13,AJMERA,114.8572
2026-07-14,AJMERA,114.8572
2026-07-15,AJMERA,114.8572
2026-07-16,AJMERA,114.8572
2026-07-17,AJMERA,114.8572
2026-07-20,AJMERA,114.8572
2026-07-21,AJMERA,114.8572
2026-07-22,AJMERA,114.8572
2026-07-23,AJMERA,114.8572
2026-07-24,AJMERA,114.8572
2026-07-27,AJMERA,114.8572
2026-07-28,AJMERA,114.8572
2026-07-29,AJMERA,114.8572
2026-07-30,AJMERA,114.8572
2026-07-31,AJMERA,114.8572
2026-08-03,AJMERA,114.8572
2026-08-04,AJMERA,114.8572
2026-08-05,AJMERA,114.8572
2026-08-06,AJMERA,114.8572
2026-08-07,AJMERA,114.8572
2026-08-10,AJMERA,114.8572
2026-08-11,AJMERA,114.8572
2026-08-12,AJMERA,114.8572
2026-08-13,AJMERA,114.8572
2026-08-14,AJMERA,114.8572
2026-08-17,AJMERA,114.8572
2026-08-18,AJMERA,114.8572
2026-08-19,AJMERA,114.8572
2026-08-20,AJMERA,114.8572
2026-08-21,AJMERA,114.8572
2026-08-24,AJMERA,114.8572
2026-08-25,AJMERA,114.8572
2026-08-26,AJMERA,114.8572
2026-08-27,AJMERA,114.8572
2026-08-28,AJMERA,114.8572
2026-08-31,AJMERA,114.8572
2026-09-01,AJMERA,114.8572
2026-09-02,AJMERA,114.8572
2026-09-03,AJMERA,114.8572
2026-09-04,AJMERA,114.8572
2026-09-07,AJMERA,114.8572
2026-09-08,AJMERA,114.8572
2026-09-09,AJMERA,114.8572
2026-09-10,AJMERA,114.8572
2026-09-11,AJMERA,114.8572
2025-09-01,ALEMBICLTD,
2025-09-02,ALEMBICLTD,
2025-09-03,ALEMBICLTD,
2025-09-04,ALEMBICLTD,
2025-09-05,ALEMBICLTD,
2025-09-08,ALEMBICLTD,
2025-09-09,ALEMBICLTD,
2025-09-10,ALEMBICLTD,
2025-09-11,ALEMBICLTD,
2025-09-12,ALEMBICLTD,
2025-09-15,ALEMBICLTD,
2025-09-16,ALEMBICLTD,
2025-09-17,ALEMBICLTD,
2025-09-18,ALEMBICLTD,
2025-09-19,ALEMBICLTD,
2025-09-22,ALEMBICLTD,
2025-09-23,ALEMBICLTD,
2025-09-24,ALEMBICLTD,
2025-09-25,ALEMBICLTD,
2025-09-26,ALEMBICLTD,
2025-09-29,ALEMBICLTD,
2025-09-30,ALEMBICLTD,
2025-10-01,ALEMBICLTD,
2025-10-03,ALEMBICLTD,
2025-10-06,ALEMBICLTD,
2025-10-07,ALEMBICLTD,
2025-10-08,ALEMBICLTD,
2025-10-09,ALEMBICLTD,
2025-10-10,ALEMBICLTD,
2025-10-13,ALEMBICLTD,
2025-10-14,ALEMBICLTD,
2025-10-15,ALEMBICLTD,
2025-10-16,ALEMBICLTD,
2025-10-17,ALEMBICLTD,
2025-10-20,ALEMBICLTD,
2025-10-21,ALEMBICLTD,
2025-10-23,ALEMBICLTD,
2025-10-24,ALEMBICLTD,
2025-10-27,ALEMBICLTD,
2025-10-28,ALEMBICLTD,
2025-10-29,ALEMBICLTD,
2025-10-30,ALEMBICLTD,
2025-10-31,ALEMBICLTD,
2025-11-03,ALEMBICLTD,
2025-11-04,ALEMBICLTD,
2025-11-06,ALEMBICLTD,
2025-11-07,ALEMBICLTD,
2025-11-10,ALEMBICLTD,
2025-11-11,ALEMBICLTD,
2025-11-12,ALEMBICLTD,
2025-11-13,ALEMBICLTD,
2025-11-14,ALEMBICLTD,
2025-11-17,ALEMBICLTD,
2025-11-18,ALEMBICLTD,
2025-11-19,ALEMBICLTD,
2025-11-20,ALEMBICLTD,
2025-11-21,ALEMBICLTD,
2025-11-24,ALEMBICLTD,
2025-11-25,ALEMBICLTD,
2025-11-26,ALEMBICLTD,
2025-11-27,ALEMBICLTD,
2025-11-28,ALEMBICLTD,
2025-12-01,ALEMBICLTD,
2025-12-02,ALEMBICLTD,
2025-12-03,ALEMBICLTD,
2025-12-04,ALEMBICLTD,
2025-12-05,ALEMBICLTD,
2025-12-08,ALEMBICLTD,
2025-12-09,ALEMBICLTD,
2025-12-10,ALEMBICLTD,
2025-12-11,ALEMBICLTD,
2025-12-12,ALEMBICLTD,
2025-12-15,ALEMBICLTD,
2025-12-16,ALEMBICLTD,
2025-12-17,ALEMBICLTD,
2025-12-18,ALEMBICLTD,
2025-12-19,ALEMBICLTD,
2025-12-22,ALEMBICLTD,
2025-12-23,ALEMBICLTD,
2025-12-24,ALEMBICLTD,
2025-12-26,ALEMBICLTD,
2025-12-29,ALEMBICLTD,
2025-12-30,ALEMBICLTD,
2025-12-31,ALEMBICLTD,
2026-01-01,ALEMBICLTD,
2026-01-02,ALEMBICLTD,
2026-01-05,ALEMBICLTD,
2026-01-06,ALEMBICLTD,
2026-01-07,ALEMBICLTD,
2026-01-08,ALEMBICLTD,
2026-01-09,ALEMBICLTD,
2026-01-12,ALEMBICLTD,
2026-01-13,ALEMBICLTD,
2026-01-14,ALEMBICLTD,
2026-01-16,ALEMBICLTD,
2026-01-19,ALEMBICLTD,
2026-01-20,ALEMBICLTD,
2026-01-21,ALEMBICLTD,
2026-01-22,ALEMBICLTD,
2026-01-23,ALEMBICLTD,
2026-01-27,ALEMBICLTD,
2026-01-28,ALEMBICLTD,
2026-01-29,ALEMBICLTD,
2026-01-30,ALEMBICLTD,
2026-02-02,ALEMBICLTD,
2026-02-03,ALEMBICLTD,
2026-02-04,ALEMBICLTD,
2026-02-05,ALEMBICLTD,
2026-02-06,ALEMBICLTD,
2026-02-09,ALEMBICLTD,
2026-02-10,ALEMBICLTD,
2026-02-11,ALEMBICLTD,
2026-02-12,ALEMBICLTD,
2026-02-13,ALEMBICLTD,
2026-02-16,ALEMBICLTD,
2026-02-17,ALEMBICLTD,
2026-02-18,ALEMBICLTD,
2026-02-19,ALEMBICLTD,
2026-02-20,ALEMBICLTD,
2026-02-23,ALEMBICLTD,
2026-02-24,ALEMBICLTD,
2026-02-25,ALEMBICLTD,
2026-02-26,ALEMBICLTD,
2026-02-27,ALEMBICLTD,
2026-03-02,ALEMBICLTD,
2026-03-04,ALEMBICLTD,
2026-03-05,ALEMBICLTD,
2026-03-06,ALEMBICLTD,
2026-03-09,ALEMBICLTD,
2026-03-10,ALEMBICLTD,
2026-03-11,ALEMBICLTD,
2026-03-12,ALEMBICLTD,
2026-03-13,ALEMBICLTD,
2026-03-16,ALEMBICLTD,
2026-03-17,ALEMBICLTD,
2026-03-18,ALEMBICLTD,
2026-03-19,ALEMBICLTD,
2026-03-20,ALEMBICLTD,
2026-03-23,ALEMBICLTD,
2026-03-24,ALEMBICLTD,
2026-03-25,ALEMBICLTD,
2026-03-27,ALEMBICLTD,
2026-03-30,ALEMBICLTD,
2026-04-01,ALEMBICLTD,
2026-04-02,ALEMBICLTD,
2026-04-06,ALEMBICLTD,
2026-04-07,ALEMBICLTD,
2026-04-08,ALEMBICLTD,
2026-04-09,ALEMBICLTD,
2026-04-10,ALEMBICLTD,
2026-04-13,ALEMBICLTD,
2026-04-15,ALEMBICLTD,
2026-04-16,ALEMBICLTD,
2026-04-17,ALEMBICLTD,
2026-04-20,ALEMBICLTD,
2026-04-21,ALEMBICLTD,
2026-04-22,ALEMBICLTD,
2026-04-23,ALEMBICLTD,
2026-04-24,ALEMBICLTD,
2026-04-27,ALEMBICLTD,
2026-04-28,ALEMBICLTD,
2026-04-29,ALEMBICLTD,
2026-04-30,ALEMBICLTD,
2026-05-04,ALEMBICLTD,
2026-05-05,ALEMBICLTD,
2026-05-06,ALEMBICLTD,
2026-05-07,ALEMBICLTD,
2026-05-08,ALEMBICLTD,
2026-05-11,ALEMBICLTD,
2026-05-12,ALEMBICLTD,
2026-05-13,ALEMBICLTD,
2026-05-14,ALEMBICLTD,
2026-05-15,ALEMBICLTD,
2026-05-18,ALEMBICLTD,
2026-05-19,ALEMBICLTD,
2026-05-20,ALEMBICLTD,
2026-05-21,ALEMBICLTD,
2026-05-22,ALEMBICLTD,
2026-05-25,ALEMBICLTD,
2026-05-26,ALEMBICLTD,
2026-05-27,ALEMBICLTD,
2026-05-29,ALEMBICLTD,
2026-06-01,ALEMBICLTD,
2026-06-02,ALEMBICLTD,
2026-06-03,ALEMBICLTD,
2026-06-04,ALEMBICLTD,
2026-06-05,ALEMBICLTD,
2026-06-08,ALEMBICLTD,
2026-06-09,ALEMBICLTD,
2026-06-10,ALEMBICLTD,
2026-06-11,ALEMBICLTD,
2026-06-12,ALEMBICLTD,
2026-06-15,ALEMBICLTD,
2026-06-16,ALEMBICLTD,
2026-06-17,ALEMBICLTD,
2026-06-18,ALEMBICLTD,
2026-06-19,ALEMBICLTD,
2026-06-22,ALEMBICLTD,
2026-06-23,ALEMBICLTD,
2026-06-24,ALEMBICLTD,
2026-06-25,ALEMBICLTD,
2026-06-29,ALEMBICLTD,
2026-06-30,ALEMBICLTD,
2026-07-01,ALEMBICLTD,
2026-07-02,ALEMBICLTD,
2026-07-03,ALEMBICLTD,
2026-07-06,ALEMBICLTD,
2026-07-07,ALEMBICLTD,
2026-07-08,ALEMBICLTD,
2026-07-09,ALEMBICLTD,
2026-07-10,ALEMBICLTD,
2026-07-13,ALEMBICLTD,
2026-07-14,ALEMBICLTD,
2026-07-15,ALEMBICLTD,
2026-07-16,ALEMBICLTD,
2026-07-17,ALEMBICLTD,
2026-07-20,ALEMBICLTD,
2026-07-21,ALEMBICLTD,
2026-07-22,ALEMBICLTD,
2026-07-23,ALEMBICLTD,
2026-07-24,ALEMBICLTD,
2026-07-27,ALEMBICLTD,
2026-07-28,ALEMBICLTD,
2026-07-29,ALEMBICLTD,
2026-07-30,ALEMBICLTD,
2026-07-31,ALEMBICLTD,
2026-08-03,ALEMBICLTD,
2026-08-04,ALEMBICLTD,
2026-08-05,ALEMBICLTD,
2026-08-06,ALEMBICLTD,
2026-08-07,ALEMBICLTD,
2026-08-10,ALEMBICLTD,
2026-08-11,ALEMBICLTD,
2026-08-12,ALEMBICLTD,
2026-08-13,ALEMBICLTD,
2026-08-14,ALEMBICLTD,
2026-08-17,ALEMBICLTD,87.7467
2026-08-18,ALEMBICLTD,87.7467
2026-08-19,ALEMBICLTD,88.068
2026-08-20,ALEMBICLTD,88.068
2026-08-21,ALEMBICLTD,88.068
2026-08-24,ALEMBICLTD,88.068
2026-08-25,ALEMBICLTD,89.3396
2026-08-26,ALEMBICLTD,89.3396
2026-08-27,ALEMBICLTD,89.3396
2026-08-28,ALEMBICLTD,89.3396
2026-08-31,ALEMBICLTD,89.3396
2026-09-01,ALEMBICLTD,91.6224
2026-09-02,ALEMBICLTD,91.774
2026-09-03,ALEMBICLTD,91.774
2026-09-04,ALEMBICLTD,91.774
2026-09-07,ALEMBICLTD,91.774
2026-09-08,ALEMBICLTD,91.774
2026-09-09,ALEMBICLTD,91.774
2026-09-10,ALEMBICLTD,91.774
2026-09-11,ALEMBICLTD,91.774
2025-09-09,AMANTA,
2025-09-10,AMANTA,
2025-09-11,AMANTA,
2025-09-12,AMANTA,
2025-09-15,AMANTA,
2025-09-16,AMANTA,
2025-09-17,AMANTA,
2025-09-18,AMANTA,
2025-09-19,AMANTA,
2025-09-22,AMANTA,
2025-09-23,AMANTA,
2025-09-24,AMANTA,
2025-09-25,AMANTA,
2025-09-26,AMANTA,
2025-09-29,AMANTA,
2025-09-30,AMANTA,
2025-10-01,AMANTA,
2025-10-03,AMANTA,
2025-10-06,AMANTA,
2025-10-07,AMANTA,
2025-10-08,AMANTA,
2025-10-09,AMANTA,
2025-10-10,AMANTA,
2025-10-13,AMANTA,
2025-10-14,AMANTA,
2025-10-15,AMANTA,
2025-10-16,AMANTA,
2025-10-17,AMANTA,
2025-10-20,AMANTA,
2025-10-21,AMANTA,
2025-10-23,AMANTA,
2025-10-24,AMANTA,
2025-10-27,AMANTA,
2025-10-28,AMANTA,
2025-10-29,AMANTA,
2025-10-30,AMANTA,
2025-10-31,AMANTA,
2025-11-03,AMANTA,
2025-11-04,AMANTA,
2025-11-06,AMANTA,
2025-11-07,AMANTA,
2025-11-10,AMANTA,
2025-11-11,AMANTA,
2025-11-12,AMANTA,
2025-11-13,AMANTA,
2025-11-14,AMANTA,
2025-11-17,AMANTA,
2025-11-18,AMANTA,
2025-11-19,AMANTA,
2025-11-20,AMANTA,
2025-11-21,AMANTA,
2025-11-24,AMANTA,
2025-11-25,AMANTA,
2025-11-26,AMANTA,
2025-11-27,AMANTA,
2025-11-28,AMANTA,
2025-12-01,AMANTA,
2025-12-02,AMANTA,
2025-12-03,AMANTA,
2025-12-04,AMANTA,
2025-12-05,AMANTA,
2025-12-08,AMANTA,
2025-12-09,AMANTA,
2025-12-10,AMANTA,
2025-12-11,AMANTA,
2025-12-12,AMANTA,
2025-12-15,AMANTA,
2025-12-16,AMANTA,
2025-12-17,AMANTA,
2025-12-18,AMANTA,
2025-12-19,AMANTA,
2025-12-22,AMANTA,
2025-12-23,AMANTA,
2025-12-24,AMANTA,
2025-12-26,AMANTA,
2025-12-29,AMANTA,
2025-12-30,AMANTA,
2025-12-31,AMANTA,
2026-01-01,AMANTA,
2026-01-02,AMANTA,
2026-01-05,AMANTA,
2026-01-06,AMANTA,
2026-01-07,AMANTA,
2026-01-08,AMANTA,
2026-01-09,AMANTA,
2026-01-12,AMANTA,
2026-01-13,AMANTA,
2026-01-14,AMANTA,
2026-01-16,AMANTA,
2026-01-19,AMANTA,
2026-01-20,AMANTA,
2026-01-21,AMANTA,
2026-01-22,AMANTA,
2026-01-23,AMANTA,
2026-01-27,AMANTA,
2026-01-28,AMANTA,
2026-01-29,AMANTA,
2026-01-30,AMANTA,
2026-02-02,AMANTA,
2026-02-03,AMANTA,
2026-02-04,AMANTA,
2026-02-05,AMANTA,
2026-02-06,AMANTA,
2026-02-09,AMANTA,
2026-02-10,AMANTA,
2026-02-11,AMANTA,
2026-02-12,AMANTA,
2026-02-13,AMANTA,
2026-02-16,AMANTA,
2026-02-17,AMANTA,
2026-02-18,AMANTA,
2026-02-19,AMANTA,
2026-02-20,AMANTA,
2026-02-23,AMANTA,
2026-02-24,AMANTA,
2026-02-25,AMANTA,
2026-02-26,AMANTA,
2026-02-27,AMANTA,
2026-03-02,AMANTA,
2026-03-04,AMANTA,
2026-03-05,AMANTA,
2026-03-06,AMANTA,
2026-03-09,AMANTA,
2026-03-10,AMANTA,
2026-03-11,AMANTA,
2026-03-12,AMANTA,
2026-03-13,AMANTA,
2026-03-16,AMANTA,
2026-03-17,AMANTA,
2026-03-18,AMANTA,
2026-03-19,AMANTA,
2026-03-20,AMANTA,
2026-03-23,AMANTA,
2026-03-24,AMANTA,
2026-03-25,AMANTA,
2026-03-27,AMANTA,
2026-03-30,AMANTA,
2026-04-01,AMANTA,
2026-04-02,AMANTA,
2026-04-06,AMANTA,
2026-04-07,AMANTA,
2026-04-08,AMANTA,
2026-04-09,AMANTA,
2026-04-10,AMANTA,
2026-04-13,AMANTA,
2026-04-15,AMANTA,
2026-04-16,AMANTA,
2026-04-17,AMANTA,
2026-04-20,AMANTA,
2026-04-21,AMANTA,
2026-04-22,AMANTA,
2026-04-23,AMANTA,
2026-04-24,AMANTA,
2026-04-27,AMANTA,
2026-04-28,AMANTA,
2026-04-29,AMANTA,
2026-04-30,AMANTA,
2026-05-04,AMANTA,
2026-05-05,AMANTA,
2026-05-06,AMANTA,
2026-05-07,AMANTA,
2026-05-08,AMANTA,
2026-05-11,AMANTA,
2026-05-12,AMANTA,
2026-05-13,AMANTA,
2026-05-14,AMANTA,
2026-05-15,AMANTA,
2026-05-18,AMANTA,
2026-05-19,AMANTA,
2026-05-20,AMANTA,
2026-05-21,AMANTA,
2026-05-22,AMANTA,
2026-05-25,AMANTA,
2026-05-26,AMANTA,
2026-05-27,AMANTA,
2026-05-29,AMANTA,
2026-06-01,AMANTA,
2026-06-02,AMANTA,
2026-06-03,AMANTA,
2026-06-04,AMANTA,
2026-06-05,AMANTA,
2026-06-08,AMANTA,
2026-06-09,AMANTA,
2026-06-10,AMANTA,
2026-06-11,AMANTA,
2026-06-12,AMANTA,
2026-06-15,AMANTA,
2026-06-16,AMANTA,
2026-06-17,AMANTA,150.3193
2026-06-18,AMANTA,150.0557
2026-06-19,AMANTA,150.0557
2026-06-22,AMANTA,150.0557
2026-06-23,AMANTA,150.0557
2026-06-24,AMANTA,150.0557
2026-06-25,AMANTA,150.0557
2026-06-29,AMANTA,150.0557
2026-06-30,AMANTA,150.0557
2026-07-01,AMANTA,150.0557
2026-07-02,AMANTA,150.0557
2026-07-03,AMANTA,150.0557
2026-07-06,AMANTA,150.0557
2026-07-07,AMANTA,150.0557
2026-07-08,AMANTA,150.0557
2026-07-09,AMANTA,150.0557
2026-07-10,AMANTA,150.0557
2026-07-13,AMANTA,150.0557
2026-07-14,AMANTA,150.0557
2026-07-15,AMANTA,150.0557
2026-07-16,AMANTA,150.0557
2026-07-17,AMANTA,150.0557
2026-07-20,AMANTA,150.0557
2026-07-21,AMANTA,150.0557
2026-07-22,AMANTA,150.0557
2026-07-23,AMANTA,150.0557
2026-07-24,AMANTA,150.0557
2026-07-27,AMANTA,150.0557
2026-07-28,AMANTA,150.0557
2026-07-29,AMANTA,150.0557
2026-07-30,AMANTA,150.0557
2026-07-31,AMANTA,150.0557
2026-08-03,AMANTA,150.0557
2026-08-04,AMANTA,150.0557
2026-08-05,AMANTA,150.0557
2026-08-06,AMANTA,150.0557
2026-08-07,AMANTA,150.0557
2026-08-10,AMANTA,150.0557
2026-08-11,AMANTA,150.0557
2026-08-12,AMANTA,150.0557
2026-08-13,AMANTA,150.0557
2026-08-14,AMANTA,150.0557
2026-08-17,AMANTA,150.0557
2026-08-18,AMANTA,150.0557
2026-08-19,AMANTA,150.0557
2026-08-20,AMANTA,150.0557
2026-08-21,AMANTA,150.0557
2026-08-24,AMANTA,150.0557
2026-08-25,AMANTA,150.0557
2026-08-26,AMANTA,150.0557
2026-08-27,AMANTA,150.0557
2026-08-28,AMANTA,150.0557
2026-08-31,AMANTA,150.0557
2026-09-01,AMANTA,150.0557
2026-09-02,AMANTA,150.0557
2026-09-03,AMANTA,150.0557
2026-09-04,AMANTA,150.0557
2026-09-07,AMANTA,150.0557
2026-09-08,AMANTA,150.0557
2026-09-09,AMANTA,150.0557
2026-09-10,AMANTA,150.0557
2026-09-11,AMANTA,150.0557
2025-09-01,APLLTD,
2025-09-02,APLLTD,
2025-09-03,APLLTD,
2025-09-04,APLLTD,
2025-09-05,APLLTD,
2025-09-08,APLLTD,
2025-09-09,APLLTD,
2025-09-10,APLLTD,
2025-09-11,APLLTD,
2025-09-12,APLLTD,
2025-09-15,APLLTD,
2025-09-16,APLLTD,
2025-09-17,APLLTD,
2025-09-18,APLLTD,
2025-09-19,APLLTD,
2025-09-22,APLLTD,
2025-09-23,APLLTD,
2025-09-24,APLLTD,
2025-09-25,APLLTD,
2025-09-26,APLLTD,
2025-09-29,APLLTD,
2025-09-30,APLLTD,
2025-10-01,APLLTD,
2025-10-03,APLLTD,
2025-10-06,APLLTD,
2025-10-07,APLLTD,
2025-10-08,APLLTD,
2025-10-09,APLLTD,
2025-10-10,APLLTD,
2025-10-13,APLLTD,
2025-10-14,APLLTD,
2025-10-15,APLLTD,
2025-10-16,APLLTD,
2025-10-17,APLLTD,
2025-10-20,APLLTD,
2025-10-21,APLLTD,
2025-10-23,APLLTD,
2025-10-24,APLLTD,
2025-10-27,APLLTD,
2025-10-28,APLLTD,
2025-10-29,APLLTD,
2025-10-30,APLLTD,
2025-10-31,APLLTD,
2025-11-03,APLLTD,
2025-11-04,APLLTD,
2025-11-06,APLLTD,
2025-11-07,APLLTD,
2025-11-10,APLLTD,
2025-11-11,APLLTD,
2025-11-12,APLLTD,
2025-11-13,APLLTD,
2025-11-14,APLLTD,
2025-11-17,APLLTD,
2025-11-18,APLLTD,
2025-11-19,APLLTD,
2025-11-20,APLLTD,
2025-11-21,APLLTD,
2025-11-24,APLLTD,
2025-11-25,APLLTD,
2025-11-26,APLLTD,
2025-11-27,APLLTD,
2025-11-28,APLLTD,
2025-12-01,APLLTD,
2025-12-02,APLLTD,
2025-12-03,APLLTD,
2025-12-04,APLLTD,
2025-12-05,APLLTD,
2025-12-08,APLLTD,
2025-12-09,APLLTD,
2025-12-10,APLLTD,
2025-12-11,APLLTD,
2025-12-12,APLLTD,
2025-12-15,APLLTD,
2025-12-16,APLLTD,
2025-12-17,APLLTD,
2025-12-18,APLLTD,
2025-12-19,APLLTD,
2025-12-22,APLLTD,
2025-12-23,APLLTD,
2025-12-24,APLLTD,
2025-12-26,APLLTD,
2025-12-29,APLLTD,
2025-12-30,APLLTD,
2025-12-31,APLLTD,
2026-01-01,APLLTD,
2026-01-02,APLLTD,
2026-01-05,APLLTD,
2026-01-06,APLLTD,
2026-01-07,APLLTD,
2026-01-08,APLLTD,
2026-01-09,APLLTD,
2026-01-12,APLLTD,
2026-01-13,APLLTD,
2026-01-14,APLLTD,
2026-01-16,APLLTD,
2026-01-19,APLLTD,
2026-01-20,APLLTD,
2026-01-21,APLLTD,
2026-01-22,APLLTD,
2026-01-23,APLLTD,
2026-01-27,APLLTD,
2026-01-28,APLLTD,
2026-01-29,APLLTD,
2026-01-30,APLLTD,
2026-02-02,APLLTD,
2026-02-03,APLLTD,
2026-02-04,APLLTD,
2026-02-05,APLLTD,
2026-02-06,APLLTD,
2026-02-09,APLLTD,
2026-02-10,APLLTD,
2026-02-11,APLLTD,
2026-02-12,APLLTD,
2026-02-13,APLLTD,
2026-02-16,APLLTD,
2026-02-17,APLLTD,
2026-02-18,APLLTD,
2026-02-19,APLLTD,
2026-02-20,APLLTD,
2026-02-23,APLLTD,
2026-02-24,APLLTD,
2026-02-25,APLLTD,
2026-02-26,APLLTD,
2026-02-27,APLLTD,
2026-03-02,APLLTD,
2026-03-04,APLLTD,
2026-03-05,APLLTD,
2026-03-06,APLLTD,
2026-03-09,APLLTD,
2026-03-10,APLLTD,
2026-03-11,APLLTD,
2026-03-12,APLLTD,
2026-03-13,APLLTD,
2026-03-16,APLLTD,
2026-03-17,APLLTD,
2026-03-18,APLLTD,
2026-03-19,APLLTD,
2026-03-20,APLLTD,
2026-03-23,APLLTD,
2026-03-24,APLLTD,
2026-03-25,APLLTD,
2026-03-27,APLLTD,
2026-03-30,APLLTD,
2026-04-01,APLLTD,
2026-04-02,APLLTD,
2026-04-06,APLLTD,
2026-04-07,APLLTD,
2026-04-08,APLLTD,
2026-04-09,APLLTD,
2026-04-10,APLLTD,
2026-04-13,APLLTD,
2026-04-15,APLLTD,
2026-04-16,APLLTD,
2026-04-17,APLLTD,
2026-04-20,APLLTD,
2026-04-21,APLLTD,
2026-04-22,APLLTD,
2026-04-23,APLLTD,
2026-04-24,APLLTD,
2026-04-27,APLLTD,
2026-04-28,APLLTD,
2026-04-29,APLLTD,
2026-04-30,APLLTD,
2026-05-04,APLLTD,
2026-05-05,APLLTD,
2026-05-06,APLLTD,
2026-05-07,APLLTD,
2026-05-08,APLLTD,
2026-05-11,APLLTD,
2026-05-12,APLLTD,
2026-05-13,APLLTD,
2026-05-14,APLLTD,
2026-05-15,APLLTD,
2026-05-18,APLLTD,
2026-05-19,APLLTD,
2026-05-20,APLLTD,
2026-05-21,APLLTD,
2026-05-22,APLLTD,
2026-05-25,APLLTD,757.9725
2026-05-26,APLLTD,757.9725
2026-05-27,APLLTD,759.7728
2026-05-29,APLLTD,758.3257
2026-06-01,APLLTD,758.3257
2026-06-02,APLLTD,758.3257
2026-06-03,APLLTD,758.3257
2026-06-04,APLLTD,758.3257
2026-06-05,APLLTD,758.3257
2026-06-08,APLLTD,758.3257
2026-06-09,APLLTD,758.3257
2026-06-10,APLLTD,758.3257
2026-06-11,APLLTD,755.1771
2026-06-12,APLLTD,755.1771
2026-06-15,APLLTD,755.1771
2026-06-16,APLLTD,755.1771
2026-06-17,APLLTD,754.4865
2026-06-18,APLLTD,754.3743
2026-06-19,APLLTD,754.3743
2026-06-22,APLLTD,754.3743
2026-06-23,APLLTD,754.3743
2026-06-24,APLLTD,754.3743
2026-06-25,APLLTD,754.3743
2026-06-29,APLLTD,754.3743
2026-06-30,APLLTD,754.3743
2026-07-01,APLLTD,754.3743
2026-07-02,APLLTD,754.3743
2026-07-03,APLLTD,754.3743
2026-07-06,APLLTD,754.3743
2026-07-07,APLLTD,754.3743
2026-07-08,APLLTD,754.3743
2026-07-09,APLLTD,754.3743
2026-07-10,APLLTD,754.3743
2026-07-13,APLLTD,754.3743
2026-07-14,APLLTD,754.3743
2026-07-15,APLLTD,754.3743
2026-07-16,APLLTD,754.3743
2026-07-17,APLLTD,754.3743
2026-07-20,APLLTD,754.3743
2026-07-21,APLLTD,754.3743
2026-07-22,APLLTD,754.3743
2026-07-23,APLLTD,754.3743
2026-07-24,APLLTD,754.3743
2026-07-27,APLLTD,754.3743
2026-07-28,APLLTD,754.3743
2026-07-29,APLLTD,754.3743
2026-07-30,APLLTD,754.3743
2026-07-31,APLLTD,754.3743
2026-08-03,APLLTD,754.3743
2026-08-04,APLLTD,754.3743
2026-08-05,APLLTD,754.3743
2026-08-06,APLLTD,754.3743
2026-08-07,APLLTD,754.3743
2026-08-10,APLLTD,754.3743
2026-08-11,APLLTD,754.3743
2026-08-12,APLLTD,754.3743
2026-08-13,APLLTD,754.3743
2026-08-14,APLLTD,754.3743
2026-08-17,APLLTD,754.3743
2026-08-18,APLLTD,754.3743
2026-08-19,APLLTD,754.3743
2026-08-20,APLLTD,754.3743
2026-08-21,APLLTD,754.3743
2026-08-24,APLLTD,754.3743
2026-08-25,APLLTD,754.3743
2026-08-26,APLLTD,754.3743
2026-08-27,APLLTD,754.3743
2026-08-28,APLLTD,754.3743
2026-08-31,APLLTD,754.3743
2026-09-01,APLLTD,754.3743
2026-09-02,APLLTD,754.3743
2026-09-03,APLLTD,754.3743
2026-09-04,APLLTD,754.3743
2026-09-07,APLLTD,754.3743
2026-09-08,APLLTD,754.3743
2026-09-09,APLLTD,754.3743
2026-09-10,APLLTD,754.3743
2026-09-11,APLLTD,754.3743
2025-09-30,ARSSBL,
2025-10-01,ARSSBL,
2025-10-03,ARSSBL,
2025-10-06,ARSSBL,
2025-10-07,ARSSBL,
2025-10-08,ARSSBL,
2025-10-09,ARSSBL,
2025-10-10,ARSSBL,
2025-10-13,ARSSBL,
2025-10-14,ARSSBL,
2025-10-15,ARSSBL,
2025-10-16,ARSSBL,
2025-10-17,ARSSBL,
2025-10-20,ARSSBL,
2025-10-21,ARSSBL,
2025-10-23,ARSSBL,
2025-10-24,ARSSBL,
2025-10-27,ARSSBL,
2025-10-28,ARSSBL,
2025-10-29,ARSSBL,
2025-10-30,ARSSBL,
2025-10-31,ARSSBL,
2025-11-03,ARSSBL,
2025-11-04,ARSSBL,
2025-11-06,ARSSBL,
2025-11-07,ARSSBL,
2025-11-10,ARSSBL,
2025-11-11,ARSSBL,
2025-11-12,ARSSBL,
2025-11-13,ARSSBL,
2025-11-14,ARSSBL,
2025-11-17,ARSSBL,
2025-11-18,ARSSBL,
2025-11-19,ARSSBL,
2025-11-20,ARSSBL,
2025-11-21,ARSSBL,
2025-11-24,ARSSBL,
2025-11-25,ARSSBL,
2025-11-26,ARSSBL,
2025-11-27,ARSSBL,
2025-11-28,ARSSBL,
2025-12-01,ARSSBL,
2025-12-02,ARSSBL,
2025-12-03,ARSSBL,
2025-12-04,ARSSBL,
2025-12-05,ARSSBL,
2025-12-08,ARSSBL,
2025-12-09,ARSSBL,
2025-12-10,ARSSBL,
2025-12-11,ARSSBL,
2025-12-12,ARSSBL,
2025-12-15,ARSSBL,
2025-12-16,ARSSBL,
2025-12-17,ARSSBL,
2025-12-18,ARSSBL,
2025-12-19,ARSSBL,
2025-12-22,ARSSBL,
2025-12-23,ARSSBL,
2025-12-24,ARSSBL,
2025-12-26,ARSSBL,
2025-12-29,ARSSBL,
2025-12-30,ARSSBL,
2025-12-31,ARSSBL,
2026-01-01,ARSSBL,
2026-01-02,ARSSBL,
2026-01-05,ARSSBL,
2026-01-06,ARSSBL,
2026-01-07,ARSSBL,
2026-01-08,ARSSBL,
2026-01-09,ARSSBL,
2026-01-12,ARSSBL,
2026-01-13,ARSSBL,
2026-01-14,ARSSBL,
2026-01-16,ARSSBL,
2026-01-19,ARSSBL,
2026-01-20,ARSSBL,
2026-01-21,ARSSBL,
2026-01-22,ARSSBL,
2026-01-23,ARSSBL,
2026-01-27,ARSSBL,
2026-01-28,ARSSBL,
2026-01-29,ARSSBL,
2026-01-30,ARSSBL,
2026-02-02,ARSSBL,
2026-02-03,ARSSBL,
2026-02-04,ARSSBL,
2026-02-05,ARSSBL,
2026-02-06,ARSSBL,
2026-02-09,ARSSBL,
2026-02-10,ARSSBL,
2026-02-11,ARSSBL,
2026-02-12,ARSSBL,
2026-02-13,ARSSBL,
2026-02-16,ARSSBL,
2026-02-17,ARSSBL,
2026-02-18,ARSSBL,
2026-02-19,ARSSBL,
2026-02-20,ARSSBL,
2026-02-23,ARSSBL,
2026-02-24,ARSSBL,
2026-02-25,ARSSBL,
2026-02-26,ARSSBL,
2026-02-27,ARSSBL,
2026-03-02,ARSSBL,
2026-03-04,ARSSBL,
2026-03-05,ARSSBL,
2026-03-06,ARSSBL,
2026-03-09,ARSSBL,
2026-03-10,ARSSBL,
2026-03-11,ARSSBL,
2026-03-12,ARSSBL,
2026-03-13,ARSSBL,
2026-03-16,ARSSBL,
2026-03-17,ARSSBL,
2026-03-18,ARSSBL,
2026-03-19,ARSSBL,
2026-03-20,ARSSBL,
2026-03-23,ARSSBL,
2026-03-24,ARSSBL,
2026-03-25,ARSSBL,
2026-03-27,ARSSBL,
2026-03-30,ARSSBL,
2026-04-01,ARSSBL,
2026-04-02,ARSSBL,
2026-04-06,ARSSBL,
2026-04-07,ARSSBL,
2026-04-08,ARSSBL,
2026-04-09,ARSSBL,
2026-04-10,ARSSBL,
2026-04-13,ARSSBL,
2026-04-15,ARSSBL,
2026-04-16,ARSSBL,
2026-04-17,ARSSBL,
2026-04-20,ARSSBL,
2026-04-21,ARSSBL,
2026-04-22,ARSSBL,
2026-04-23,ARSSBL,
2026-04-24,ARSSBL,
2026-04-27,ARSSBL,
2026-04-28,ARSSBL,
2026-04-29,ARSSBL,
2026-04-30,ARSSBL,
2026-05-04,ARSSBL,
2026-05-05,ARSSBL,
2026-05-06,ARSSBL,
2026-05-07,ARSSBL,
2026-05-08,ARSSBL,
2026-05-11,ARSSBL,
2026-05-12,ARSSBL,
2026-05-13,ARSSBL,
2026-05-14,ARSSBL,
2026-05-15,ARSSBL,
2026-05-18,ARSSBL,
2026-05-19,ARSSBL,
2026-05-20,ARSSBL,
2026-05-21,ARSSBL,
2026-05-22,ARSSBL,
2026-05-25,ARSSBL,
2026-05-26,ARSSBL,
2026-05-27,ARSSBL,
2026-05-29,ARSSBL,
2026-06-01,ARSSBL,
2026-06-02,ARSSBL,
2026-06-03,ARSSBL,
2026-06-04,ARSSBL,
2026-06-05,ARSSBL,
2026-06-08,ARSSBL,
2026-06-09,ARSSBL,
2026-06-10,ARSSBL,
2026-06-11,ARSSBL,
2026-06-12,ARSSBL,
2026-06-15,ARSSBL,
2026-06-16,ARSSBL,545.0345
2026-06-17,ARSSBL,545.0345
2026-06-18,ARSSBL,545.0345
2026-06-19,ARSSBL,545.0345
2026-06-22,ARSSBL,545.0345
2026-06-23,ARSSBL,545.0345
2026-06-24,ARSSBL,545.0345
2026-06-25,ARSSBL,545.0345
2026-06-29,ARSSBL,545.0345
2026-06-30,ARSSBL,545.0345
2026-07-01,ARSSBL,545.0345
2026-07-02,ARSSBL,545.0345
2026-07-03,ARSSBL,545.0345
2026-07-06,ARSSBL,545.0345
2026-07-07,ARSSBL,545.0345
2026-07-08,ARSSBL,545.0345
2026-07-09,ARSSBL,545.0345
2026-07-10,ARSSBL,545.0345
2026-07-13,ARSSBL,545.0345
2026-07-14,ARSSBL,545.0345
2026-07-15,ARSSBL,545.0345
2026-07-16,ARSSBL,545.0345
2026-07-17,ARSSBL,545.0345
2026-07-20,ARSSBL,545.0345
2026-07-21,ARSSBL,545.0345
2026-07-22,ARSSBL,545.0345
2026-07-23,ARSSBL,545.0345
2026-07-24,ARSSBL,545.0345
2026-07-27,ARSSBL,545.0345
2026-07-28,ARSSBL,545.0345
2026-07-29,ARSSBL,545.0345
2026-07-30,ARSSBL,545.0345
2026-07-31,ARSSBL,545.0345
2026-08-03,ARSSBL,545.0345
2026-08-04,ARSSBL,545.0345
2026-08-05,ARSSBL,545.0345
2026-08-06,ARSSBL,545.0345
2026-08-07,ARSSBL,545.0345
2026-08-10,ARSSBL,545.0345
2026-08-11,ARSSBL,545.0345
2026-08-12,ARSSBL,545.0345
2026-08-13,ARSSBL,545.0345
2026-08-14,ARSSBL,545.0345
2026-08-17,ARSSBL,545.0345
2026-08-18,ARSSBL,545.0345
2026-08-19,ARSSBL,545.0345
2026-08-20,ARSSBL,545.0345
2026-08-21,ARSSBL,545.0345
2026-08-24,ARSSBL,545.0345
2026-08-25,ARSSBL,545.0345
2026-08-26,ARSSBL,545.0345
2026-08-27,ARSSBL,545.0345
2026-08-28,ARSSBL,545.0345
2026-08-31,ARSSBL,545.0345
2026-09-01,ARSSBL,545.0345
2026-09-02,ARSSBL,545.0345
2026-09-03,ARSSBL,545.0345
2026-09-04,ARSSBL,545.0345
2026-09-07,ARSSBL,545.0345
2026-09-08,ARSSBL,545.0345
2026-09-09,ARSSBL,545.0345
2026-09-10,ARSSBL,545.0345
2026-09-11,ARSSBL,545.0345
2025-09-01,ASAHISONG,
2025-09-02,ASAHISONG,
2025-09-03,ASAHISONG,
2025-09-04,ASAHISONG,
2025-09-05,ASAHISONG,
2025-09-08,ASAHISONG,
2025-09-09,ASAHISONG,
2025-09-10,ASAHISONG,
2025-09-11,ASAHISONG,
2025-09-12,ASAHISONG,
2025-09-15,ASAHISONG,
2025-09-16,ASAHISONG,
2025-09-17,ASAHISONG,
2025-09-18,ASAHISONG,
2025-09-19,ASAHISONG,
2025-09-22,ASAHISONG,
2025-09-23,ASAHISONG,
2025-09-24,ASAHISONG,
2025-09-25,ASAHISONG,
2025-09-26,ASAHISONG,
2025-09-29,ASAHISONG,
2025-09-30,ASAHISONG,
2025-10-01,ASAHISONG,
2025-10-03,ASAHISONG,
2025-10-06,ASAHISONG,
2025-10-07,ASAHISONG,
2025-10-08,ASAHISONG,
2025-10-09,ASAHISONG,
2025-10-10,ASAHISONG,
2025-10-13,ASAHISONG,
2025-10-14,ASAHISONG,
2025-10-15,ASAHISONG,
2025-10-16,ASAHISONG,
2025-10-17,ASAHISONG,
2025-10-20,ASAHISONG,
2025-10-21,ASAHISONG,
2025-10-23,ASAHISONG,
2025-10-24,ASAHISONG,
2025-10-27,ASAHISONG,
2025-10-28,ASAHISONG,
2025-10-29,ASAHISONG,
2025-10-30,ASAHISONG,
2025-10-31,ASAHISONG,
2025-11-03,ASAHISONG,
2025-11-04,ASAHISONG,
2025-11-06,ASAHISONG,
2025-11-07,ASAHISONG,
2025-11-10,ASAHISONG,
2025-11-11,ASAHISONG,
2025-11-12,ASAHISONG,
2025-11-13,ASAHISONG,
2025-11-14,ASAHISONG,
2025-11-17,ASAHISONG,
2025-11-18,ASAHISONG,
2025-11-19,ASAHISONG,
2025-11-20,ASAHISONG,
2025-11-21,ASAHISONG,
2025-11-24,ASAHISONG,
2025-11-25,ASAHISONG,
2025-11-26,ASAHISONG,
2025-11-27,ASAHISONG,
2025-11-28,ASAHISONG,
2025-12-01,ASAHISONG,
2025-12-02,ASAHISONG,
2025-12-03,ASAHISONG,
2025-12-04,ASAHISONG,
2025-12-05,ASAHISONG,
2025-12-08,ASAHISONG,
2025-12-09,ASAHISONG,
2025-12-10,ASAHISONG,
2025-12-11,ASAHISONG,
2025-12-12,ASAHISONG,
2025-12-15,ASAHISONG,
2025-12-16,ASAHISONG,
2025-12-17,ASAHISONG,
2025-12-18,ASAHISONG,
2025-12-19,ASAHISONG,
2025-12-22,ASAHISONG,
2025-12-23,ASAHISONG,
2025-12-24,ASAHISONG,
2025-12-26,ASAHISONG,
2025-12-29,ASAHISONG,
2025-12-30,ASAHISONG,
2025-12-31,ASAHISONG,
2026-01-01,ASAHISONG,
2026-01-02,ASAHISONG,
2026-01-05,ASAHISONG,
2026-01-06,ASAHISONG,
2026-01-07,ASAHISONG,
2026-01-08,ASAHISONG,
2026-01-09,ASAHISONG,
2026-01-12,ASAHISONG,
2026-01-13,ASAHISONG,
2026-01-14,ASAHISONG,
2026-01-16,ASAHISONG,
2026-01-19,ASAHISONG,
2026-01-20,ASAHISONG,
2026-01-21,ASAHISONG,
2026-01-22,ASAHISONG,
2026-01-23,ASAHISONG,
2026-01-27,ASAHISONG,
2026-01-28,ASAHISONG,
2026-01-29,ASAHISONG,
2026-01-30,ASAHISONG,
2026-02-02,ASAHISONG,
2026-02-03,ASAHISONG,
2026-02-04,ASAHISONG,
2026-02-05,ASAHISONG,
2026-02-06,ASAHISONG,
2026-02-09,ASAHISONG,
2026-02-10,ASAHISONG,
2026-02-11,ASAHISONG,
2026-02-12,ASAHISONG,
2026-02-13,ASAHISONG,
2026-02-16,ASAHISONG,
2026-02-17,ASAHISONG,
2026-02-18,ASAHISONG,
2026-02-19,ASAHISONG,
2026-02-20,ASAHISONG,
2026-02-23,ASAHISONG,
2026-02-24,ASAHISONG,
2026-02-25,ASAHISONG,
2026-02-26,ASAHISONG,
2026-02-27,ASAHISONG,
2026-03-02,ASAHISONG,
2026-03-04,ASAHISONG,
2026-03-05,ASAHISONG,
2026-03-06,ASAHISONG,
2026-03-09,ASAHISONG,
2026-03-10,ASAHISONG,
2026-03-11,ASAHISONG,
2026-03-12,ASAHISONG,
2026-03-13,ASAHISONG,
2026-03-16,ASAHISONG,
2026-03-17,ASAHISONG,
2026-03-18,ASAHISONG,
2026-03-19,ASAHISONG,
2026-03-20,ASAHISONG,
2026-03-23,ASAHISONG,
2026-03-24,ASAHISONG,
2026-03-25,ASAHISONG,
2026-03-27,ASAHISONG,
2026-03-30,ASAHISONG,
2026-04-01,ASAHISONG,
2026-04-02,ASAHISONG,
2026-04-06,ASAHISONG,
2026-04-07,ASAHISONG,
2026-04-08,ASAHISONG,
2026-04-09,ASAHISONG,
2026-04-10,ASAHISONG,
2026-04-13,ASAHISONG,
2026-04-15,ASAHISONG,
2026-04-16,ASAHISONG,
2026-04-17,ASAHISONG,
2026-04-20,ASAHISONG,
2026-04-21,ASAHISONG,
2026-04-22,ASAHISONG,
2026-04-23,ASAHISONG,
2026-04-24,ASAHISONG,
2026-04-27,ASAHISONG,
2026-04-28,ASAHISONG,
2026-04-29,ASAHISONG,
2026-04-30,ASAHISONG,
2026-05-04,ASAHISONG,
2026-05-05,ASAHISONG,
2026-05-06,ASAHISONG,
2026-05-07,ASAHISONG,
2026-05-08,ASAHISONG,
2026-05-11,ASAHISONG,
2026-05-12,ASAHISONG,
2026-05-13,ASAHISONG,
2026-05-14,ASAHISONG,
2026-05-15,ASAHISONG,
2026-05-18,ASAHISONG,
2026-05-19,ASAHISONG,
2026-05-20,ASAHISONG,
2026-05-21,ASAHISONG,
2026-05-22,ASAHISONG,
2026-05-25,ASAHISONG,
2026-05-26,ASAHISONG,
2026-05-27,ASAHISONG,
2026-05-29,ASAHISONG,
2026-06-01,ASAHISONG,
2026-06-02,ASAHISONG,
2026-06-03,ASAHISONG,
2026-06-04,ASAHISONG,
2026-06-05,ASAHISONG,
2026-06-08,ASAHISONG,
2026-06-09,ASAHISONG,
2026-06-10,ASAHISONG,
2026-06-11,ASAHISONG,
2026-06-12,ASAHISONG,
2026-06-15,ASAHISONG,
2026-06-16,ASAHISONG,
2026-06-17,ASAHISONG,
2026-06-18,ASAHISONG,
2026-06-19,ASAHISONG,
2026-06-22,ASAHISONG,
2026-06-23,ASAHISONG,
2026-06-24,ASAHISONG,
2026-06-25,ASAHISONG,
2026-06-29,ASAHISONG,
2026-06-30,ASAHISONG,
2026-07-01,ASAHISONG,
2026-07-02,ASAHISONG,
2026-07-03,ASAHISONG,
2026-07-06,ASAHISONG,
2026-07-07,ASAHISONG,
2026-07-08,ASAHISONG,
2026-07-09,ASAHISONG,
2026-07-10,ASAHISONG,
2026-07-13,ASAHISONG,
2026-07-14,ASAHISONG,
2026-07-15,ASAHISONG,
2026-07-16,ASAHISONG,
2026-07-17,ASAHISONG,
2026-07-20,ASAHISONG,
2026-07-21,ASAHISONG,
2026-07-22,ASAHISONG,
2026-07-23,ASAHISONG,
2026-07-24,ASAHISONG,
2026-07-27,ASAHISONG,
2026-07-28,ASAHISONG,
2026-07-29,ASAHISONG,
2026-07-30,ASAHISONG,
2026-07-31,ASAHISONG,
2026-08-03,ASAHISONG,
2026-08-04,ASAHISONG,
2026-08-05,ASAHISONG,
2026-08-06,ASAHISONG,
2026-08-07,ASAHISONG,
2026-08-10,ASAHISONG,
2026-08-11,ASAHISONG,338.1
2026-08-12,ASAHISONG,338.1
2026-08-13,ASAHISONG,338.1
2026-08-14,ASAHISONG,338.1
2026-08-17,ASAHISONG,338.1
2026-08-18,ASAHISONG,338.1
2026-08-19,ASAHISONG,338.1
2026-08-20,ASAHISONG,338.1
2026-08-21,ASAHISONG,338.1
2026-08-24,ASAHISONG,338.1
2026-08-25,ASAHISONG,338.1
2026-08-26,ASAHISONG,338.1
2026-08-27,ASAHISONG,338.1
2026-08-28,ASAHISONG,338.1
2026-08-31,ASAHISONG,338.1
2026-09-01,ASAHISONG,338.1
2026-09-02,ASAHISONG,338.1
2026-09-03,ASAHISONG,338.1
2026-09-04,ASAHISONG,338.1
2026-09-07,ASAHISONG,338.1
2026-09-08,ASAHISONG,338.1
2026-09-09,ASAHISONG,338.1
2026-09-10,ASAHISONG,338.1
2026-09-11,ASAHISONG,338.1
2025-09-01,AVONMORE,
2025-09-02,AVONMORE,
2025-09-03,AVONMORE,
2025-09-04,AVONMORE,
2025-09-05,AVONMORE,
2025-09-08,AVONMORE,
2025-09-09,AVONMORE,
2025-09-10,AVONMORE,
2025-09-11,AVONMORE,
2025-09-12,AVONMORE,
2025-09-15,AVONMORE,
2025-09-16,AVONMORE,
2025-09-17,AVONMORE,
2025-09-18,AVONMORE,
2025-09-19,AVONMORE,
2025-09-22,AVONMORE,
2025-09-23,AVONMORE,
2025-09-24,AVONMORE,
2025-09-25,AVONMORE,
2025-09-26,AVONMORE,
2025-09-29,AVONMORE,
2025-09-30,AVONMORE,
2025-10-01,AVONMORE,
2025-10-03,AVONMORE,
2025-10-06,AVONMORE,
2025-10-07,AVONMORE,
2025-10-08,AVONMORE,
2025-10-09,AVONMORE,
2025-10-10,AVONMORE,
2025-10-13,AVONMORE,
2025-10-14,AVONMORE,
2025-10-15,AVONMORE,
2025-10-16,AVONMORE,
2025-10-17,AVONMORE,
2025-10-20,AVONMORE,
2025-10-21,AVONMORE,
2025-10-23,AVONMORE,
2025-10-24,AVONMORE,
2025-10-27,AVONMORE,
2025-10-28,AVONMORE,
2025-10-29,AVONMORE,
2025-10-30,AVONMORE,
2025-10-31,AVONMORE,
2025-11-03,AVONMORE,
2025-11-04,AVONMORE,
2025-11-06,AVONMORE,
2025-11-07,AVONMORE,
2025-11-10,AVONMORE,
2025-11-11,AVONMORE,
2025-11-12,AVONMORE,
2025-11-13,AVONMORE,
2025-11-14,AVONMORE,
2025-11-17,AVONMORE,
2025-11-18,AVONMORE,
2025-11-19,AVONMORE,
2025-11-20,AVONMORE,
2025-11-21,AVONMORE,
2025-11-24,AVONMORE,
2025-11-25,AVONMORE,
2025-11-26,AVONMORE,
2025-11-27,AVONMORE,
2025-11-28,AVONMORE,
2025-12-01,AVONMORE,
2025-12-02,AVONMORE,
2025-12-03,AVONMORE,
2025-12-04,AVONMORE,
2025-12-05,AVONMORE,
2025-12-08,AVONMORE,
2025-12-09,AVONMORE,
2025-12-10,AVONMORE,
2025-12-11,AVONMORE,
2025-12-12,AVONMORE,
2025-12-15,AVONMORE,
2025-12-16,AVONMORE,
2025-12-17,AVONMORE,
2025-12-18,AVONMORE,
2025-12-19,AVONMORE,
2025-12-22,AVONMORE,
2025-12-23,AVONMORE,
2025-12-24,AVONMORE,
2025-12-26,AVONMORE,
2025-12-29,AVONMORE,
2025-12-30,AVONMORE,
2025-12-31,AVONMORE,
2026-01-01,AVONMORE,
2026-01-02,AVONMORE,
2026-01-05,AVONMORE,
2026-01-06,AVONMORE,
2026-01-07,AVONMORE,
2026-01-08,AVONMORE,
2026-01-09,AVONMORE,
2026-01-12,AVONMORE,
2026-01-13,AVONMORE,
2026-01-14,AVONMORE,
2026-01-16,AVONMORE,
2026-01-19,AVONMORE,
2026-01-20,AVONMORE,
2026-01-21,AVONMORE,
2026-01-22,AVONMORE,
2026-01-23,AVONMORE,
2026-01-27,AVONMORE,
2026-01-28,AVONMORE,
2026-01-29,AVONMORE,
2026-01-30,AVONMORE,
2026-02-02,AVONMORE,
2026-02-03,AVONMORE,
2026-02-04,AVONMORE,
2026-02-05,AVONMORE,
2026-02-06,AVONMORE,
2026-02-09,AVONMORE,
2026-02-10,AVONMORE,
2026-02-11,AVONMORE,
2026-02-12,AVONMORE,
2026-02-13,AVONMORE,
2026-02-16,AVONMORE,
2026-02-17,AVONMORE,
2026-02-18,AVONMORE,
2026-02-19,AVONMORE,
2026-02-20,AVONMORE,
2026-02-23,AVONMORE,
2026-02-24,AVONMORE,
2026-02-25,AVONMORE,
2026-02-26,AVONMORE,
2026-02-27,AVONMORE,
2026-03-02,AVONMORE,
2026-03-04,AVONMORE,
2026-03-05,AVONMORE,
2026-03-06,AVONMORE,
2026-03-09,AVONMORE,
2026-03-10,AVONMORE,
2026-03-11,AVONMORE,
2026-03-12,AVONMORE,
2026-03-13,AVONMORE,
2026-03-16,AVONMORE,
2026-03-17,AVONMORE,
2026-03-18,AVONMORE,
2026-03-19,AVONMORE,
2026-03-20,AVONMORE,
2026-03-23,AVONMORE,
2026-03-24,AVONMORE,
2026-03-25,AVONMORE,
2026-03-27,AVONMORE,
2026-03-30,AVONMORE,
2026-04-01,AVONMORE,
2026-04-02,AVONMORE,
2026-04-06,AVONMORE,
2026-04-07,AVONMORE,
2026-04-08,AVONMORE,
2026-04-09,AVONMORE,
2026-04-10,AVONMORE,
2026-04-13,AVONMORE,
2026-04-15,AVONMORE,
2026-04-16,AVONMORE,
2026-04-17,AVONMORE,
2026-04-20,AVONMORE,
2026-04-21,AVONMORE,
2026-04-22,AVONMORE,
2026-04-23,AVONMORE,
2026-04-24,AVONMORE,
2026-04-27,AVONMORE,
2026-04-28,AVONMORE,
2026-04-29,AVONMORE,
2026-04-30,AVONMORE,
2026-05-04,AVONMORE,
2026-05-05,AVONMORE,
2026-05-06,AVONMORE,
2026-05-07,AVONMORE,
2026-05-08,AVONMORE,
2026-05-11,AVONMORE,
2026-05-12,AVONMORE,
2026-05-13,AVONMORE,
2026-05-14,AVONMORE,
2026-05-15,AVONMORE,
2026-05-18,AVONMORE,
2026-05-19,AVONMORE,
2026-05-20,AVONMORE,
2026-05-21,AVONMORE,
2026-05-22,AVONMORE,
2026-05-25,AVONMORE,
2026-05-26,AVONMORE,
2026-05-27,AVONMORE,
2026-05-29,AVONMORE,
2026-06-01,AVONMORE,
2026-06-02,AVONMORE,
2026-06-03,AVONMORE,
2026-06-04,AVONMORE,
2026-06-05,AVONMORE,
2026-06-08,AVONMORE,
2026-06-09,AVONMORE,
2026-06-10,AVONMORE,
2026-06-11,AVONMORE,
2026-06-12,AVONMORE,
2026-06-15,AVONMORE,
2026-06-16,AVONMORE,
2026-06-17,AVONMORE,
2026-06-18,AVONMORE,
2026-06-19,AVONMORE,
2026-06-22,AVONMORE,
2026-06-23,AVONMORE,
2026-06-24,AVONMORE,
2026-06-25,AVONMORE,
2026-06-29,AVONMORE,
2026-06-30,AVONMORE,
2026-07-01,AVONMORE,
2026-07-02,AVONMORE,
2026-07-03,AVONMORE,
2026-07-06,AVONMORE,
2026-07-07,AVONMORE,
2026-07-08,AVONMORE,
2026-07-09,AVONMORE,
2026-07-10,AVONMORE,
2026-07-13,AVONMORE,
2026-07-14,AVONMORE,
2026-07-15,AVONMORE,
2026-07-16,AVONMORE,
2026-07-17,AVONMORE,
2026-07-20,AVONMORE,
2026-07-21,AVONMORE,
2026-07-22,AVONMORE,
2026-07-23,AVONMORE,
2026-07-24,AVONMORE,
2026-07-27,AVONMORE,
2026-07-28,AVONMORE,
2026-07-29,AVONMORE,
2026-07-30,AVONMORE,
2026-07-31,AVONMORE,
2026-08-03,AVONMORE,
2026-08-04,AVONMORE,
2026-08-05,AVONMORE,
2026-08-06,AVONMORE,
2026-08-07,AVONMORE,
2026-08-10,AVONMORE,11.2871
2026-08-11,AVONMORE,11.3387
2026-08-12,AVONMORE,11.3491
2026-08-13,AVONMORE,11.3491
2026-08-14,AVONMORE,11.3491
2026-08-17,AVONMORE,11.3491
2026-08-18,AVONMORE,11.6103
2026-08-19,AVONMORE,11.736
2026-08-20,AVONMORE,11.844
2026-08-21,AVONMORE,11.9436
2026-08-24,AVONMORE,12.0491
2026-08-25,AVONMORE,12.096
2026-08-26,AVONMORE,12.2412
2026-08-27,AVONMORE,12.2686
2026-08-28,AVONMORE,12.2967
2026-08-31,AVONMORE,12.3607
2026-09-01,AVONMORE,12.3685
2026-09-02,AVONMORE,12.3685
2026-09-03,AVONMORE,12.3984
2026-09-04,AVONMORE,12.4344
2026-09-07,AVONMORE,12.4771
2026-09-08,AVONMORE,12.5366
2026-09-09,AVONMORE,12.5723
2026-09-10,AVONMORE,12.6445
2026-09-11,AVONMORE,12.7491
2025-09-01,BAJAJELEC,
2025-09-02,BAJAJELEC,
2025-09-03,BAJAJELEC,
2025-09-04,BAJAJELEC,
2025-09-05,BAJAJELEC,
2025-09-08,BAJAJELEC,
2025-09-09,BAJAJELEC,
2025-09-10,BAJAJELEC,
2025-09-11,BAJAJELEC,
2025-09-12,BAJAJELEC,
2025-09-15,BAJAJELEC,
2025-09-16,BAJAJELEC,
2025-09-17,BAJAJELEC,
2025-09-18,BAJAJELEC,
2025-09-19,BAJAJELEC,
2025-09-22,BAJAJELEC,
2025-09-23,BAJAJELEC,
2025-09-24,BAJAJELEC,
2025-09-25,BAJAJELEC,
2025-09-26,BAJAJELEC,
2025-09-29,BAJAJELEC,
2025-09-30,BAJAJELEC,
2025-10-01,BAJAJELEC,
2025-10-03,BAJAJELEC,
2025-10-06,BAJAJELEC,
2025-10-07,BAJAJELEC,
2025-10-08,BAJAJELEC,
2025-10-09,BAJAJELEC,
2025-10-10,BAJAJELEC,
2025-10-13,BAJAJELEC,
2025-10-14,BAJAJELEC,
2025-10-15,BAJAJELEC,
2025-10-16,BAJAJELEC,
2025-10-17,BAJAJELEC,
2025-10-20,BAJAJELEC,
2025-10-21,BAJAJELEC,
2025-10-23,BAJAJELEC,
2025-10-24,BAJAJELEC,
2025-10-27,BAJAJELEC,
2025-10-28,BAJAJELEC,
2025-10-29,BAJAJELEC,
2025-10-30,BAJAJELEC,
2025-10-31,BAJAJELEC,
2025-11-03,BAJAJELEC,
2025-11-04,BAJAJELEC,
2025-11-06,BAJAJELEC,
2025-11-07,BAJAJELEC,
2025-11-10,BAJAJELEC,
2025-11-11,BAJAJELEC,
2025-11-12,BAJAJELEC,
2025-11-13,BAJAJELEC,
2025-11-14,BAJAJELEC,
2025-11-17,BAJAJELEC,
2025-11-18,BAJAJELEC,
2025-11-19,BAJAJELEC,
2025-11-20,BAJAJELEC,
2025-11-21,BAJAJELEC,
2025-11-24,BAJAJELEC,
2025-11-25,BAJAJELEC,
2025-11-26,BAJAJELEC,
2025-11-27,BAJAJELEC,
2025-11-28,BAJAJELEC,
2025-12-01,BAJAJELEC,
2025-12-02,BAJAJELEC,
2025-12-03,BAJAJELEC,
2025-12-04,BAJAJELEC,
2025-12-05,BAJAJELEC,
2025-12-08,BAJAJELEC,
2025-12-09,BAJAJELEC,
2025-12-10,BAJAJELEC,
2025-12-11,BAJAJELEC,
2025-12-12,BAJAJELEC,
2025-12-15,BAJAJELEC,
2025-12-16,BAJAJELEC,
2025-12-17,BAJAJELEC,
2025-12-18,BAJAJELEC,
2025-12-19,BAJAJELEC,
2025-12-22,BAJAJELEC,
2025-12-23,BAJAJELEC,
2025-12-24,BAJAJELEC,
2025-12-26,BAJAJELEC,
2025-12-29,BAJAJELEC,
2025-12-30,BAJAJELEC,
2025-12-31,BAJAJELEC,
2026-01-01,BAJAJELEC,
2026-01-02,BAJAJELEC,
2026-01-05,BAJAJELEC,
2026-01-06,BAJAJELEC,
2026-01-07,BAJAJELEC,
2026-01-08,BAJAJELEC,
2026-01-09,BAJAJELEC,
2026-01-12,BAJAJELEC,
2026-01-13,BAJAJELEC,
2026-01-14,BAJAJELEC,
2026-01-16,BAJAJELEC,
2026-01-19,BAJAJELEC,
2026-01-20,BAJAJELEC,
2026-01-21,BAJAJELEC,
2026-01-22,BAJAJELEC,
2026-01-23,BAJAJELEC,
2026-01-27,BAJAJELEC,
2026-01-28,BAJAJELEC,
2026-01-29,BAJAJELEC,
2026-01-30,BAJAJELEC,
2026-02-02,BAJAJELEC,
2026-02-03,BAJAJELEC,
2026-02-04,BAJAJELEC,
2026-02-05,BAJAJELEC,
2026-02-06,BAJAJELEC,
2026-02-09,BAJAJELEC,
2026-02-10,BAJAJELEC,
2026-02-11,BAJAJELEC,
2026-02-12,BAJAJELEC,
2026-02-13,BAJAJELEC,
2026-02-16,BAJAJELEC,
2026-02-17,BAJAJELEC,
2026-02-18,BAJAJELEC,
2026-02-19,BAJAJELEC,
2026-02-20,BAJAJELEC,
2026-02-23,BAJAJELEC,
2026-02-24,BAJAJELEC,
2026-02-25,BAJAJELEC,
2026-02-26,BAJAJELEC,
2026-02-27,BAJAJELEC,
2026-03-02,BAJAJELEC,
2026-03-04,BAJAJELEC,
2026-03-05,BAJAJELEC,
2026-03-06,BAJAJELEC,
2026-03-09,BAJAJELEC,
2026-03-10,BAJAJELEC,
2026-03-11,BAJAJELEC,
2026-03-12,BAJAJELEC,
2026-03-13,BAJAJELEC,
2026-03-16,BAJAJELEC,
2026-03-17,BAJAJELEC,
2026-03-18,BAJAJELEC,
2026-03-19,BAJAJELEC,
2026-03-20,BAJAJELEC,
2026-03-23,BAJAJELEC,
2026-03-24,BAJAJELEC,
2026-03-25,BAJAJELEC,
2026-03-27,BAJAJELEC,
2026-03-30,BAJAJELEC,
2026-04-01,BAJAJELEC,
2026-04-02,BAJAJELEC,
2026-04-06,BAJAJELEC,
2026-04-07,BAJAJELEC,
2026-04-08,BAJAJELEC,
2026-04-09,BAJAJELEC,
2026-04-10,BAJAJELEC,
2026-04-13,BAJAJELEC,
2026-04-15,BAJAJELEC,
2026-04-16,BAJAJELEC,
2026-04-17,BAJAJELEC,
2026-04-20,BAJAJELEC,
2026-04-21,BAJAJELEC,
2026-04-22,BAJAJELEC,
2026-04-23,BAJAJELEC,
2026-04-24,BAJAJELEC,
2026-04-27,BAJAJELEC,
2026-04-28,BAJAJELEC,
2026-04-29,BAJAJELEC,
2026-04-30,BAJAJELEC,
2026-05-04,BAJAJELEC,
2026-05-05,BAJAJELEC,
2026-05-06,BAJAJELEC,
2026-05-07,BAJAJELEC,
2026-05-08,BAJAJELEC,
2026-05-11,BAJAJELEC,
2026-05-12,BAJAJELEC,
2026-05-13,BAJAJELEC,
2026-05-14,BAJAJELEC,
2026-05-15,BAJAJELEC,
2026-05-18,BAJAJELEC,
2026-05-19,BAJAJELEC,
2026-05-20,BAJAJELEC,
2026-05-21,BAJAJELEC,
2026-05-22,BAJAJELEC,
2026-05-25,BAJAJELEC,
2026-05-26,BAJAJELEC,
2026-05-27,BAJAJELEC,
2026-05-29,BAJAJELEC,
2026-06-01,BAJAJELEC,
2026-06-02,BAJAJELEC,320.475
2026-06-03,BAJAJELEC,320.475
2026-06-04,BAJAJELEC,320.475
2026-06-05,BAJAJELEC,320.475
2026-06-08,BAJAJELEC,320.475
2026-06-09,BAJAJELEC,320.475
2026-06-10,BAJAJELEC,320.475
2026-06-11,BAJAJELEC,320.475
2026-06-12,BAJAJELEC,320.475
2026-06-15,BAJAJELEC,320.475
2026-06-16,BAJAJELEC,320.475
2026-06-17,BAJAJELEC,320.475
2026-06-18,BAJAJELEC,320.475
2026-06-19,BAJAJELEC,320.475
2026-06-22,BAJAJELEC,320.475
2026-06-23,BAJAJELEC,320.475
2026-06-24,BAJAJELEC,320.475
2026-06-25,BAJAJELEC,320.475
2026-06-29,BAJAJELEC,320.475
2026-06-30,BAJAJELEC,320.475
2026-07-01,BAJAJELEC,320.475
2026-07-02,BAJAJELEC,320.475
2026-07-03,BAJAJELEC,320.475
2026-07-06,BAJAJELEC,320.475
2026-07-07,BAJAJELEC,320.475
2026-07-08,BAJAJELEC,320.475
2026-07-09,BAJAJELEC,320.475
2026-07-10,BAJAJELEC,320.475
2026-07-13,BAJAJELEC,320.475
2026-07-14,BAJAJELEC,320.475
2026-07-15,BAJAJELEC,320.475
2026-07-16,BAJAJELEC,320.475
2026-07-17,BAJAJELEC,320.475
2026-07-20,BAJAJELEC,320.475
2026-07-21,BAJAJELEC,320.475
2026-07-22,BAJAJELEC,320.475
2026-07-23,BAJAJELEC,320.475
2026-07-24,BAJAJELEC,320.475
2026-07-27,BAJAJELEC,320.475
2026-07-28,BAJAJELEC,320.475
2026-07-29,BAJAJELEC,320.475
2026-07-30,BAJAJELEC,320.475
2026-07-31,BAJAJELEC,320.475
2026-08-03,BAJAJELEC,320.475
2026-08-04,BAJAJELEC,320.475
2026-08-05,BAJAJELEC,320.475
2026-08-06,BAJAJELEC,320.475
2026-08-07,BAJAJELEC,320.475
2026-08-10,BAJAJELEC,320.475
2026-08-11,BAJAJELEC,320.475
2026-08-12,BAJAJELEC,320.475
2026-08-13,BAJAJELEC,320.475
2026-08-14,BAJAJELEC,320.475
2026-08-17,BAJAJELEC,320.475
2026-08-18,BAJAJELEC,320.475
2026-08-19,BAJAJELEC,320.475
2026-08-20,BAJAJELEC,320.475
2026-08-21,BAJAJELEC,320.475
2026-08-24,BAJAJELEC,320.475
2026-08-25,BAJAJELEC,320.475
2026-08-26,BAJAJELEC,320.475
2026-08-27,BAJAJELEC,320.475
2026-08-28,BAJAJELEC,320.475
2026-08-31,BAJAJELEC,320.475
2026-09-01,BAJAJELEC,320.475
2026-09-02,BAJAJELEC,320.475
2026-09-03,BAJAJELEC,320.475
2026-09-04,BAJAJELEC,320.475
2026-09-07,BAJAJELEC,320.475
2026-09-08,BAJAJELEC,320.475
2026-09-09,BAJAJELEC,320.475
2026-09-10,BAJAJELEC,320.475
2026-09-11,BAJAJELEC,320.475
2025-09-01,BAJAJHCARE,
2025-09-02,BAJAJHCARE,
2025-09-03,BAJAJHCARE,
2025-09-04,BAJAJHCARE,
2025-09-05,BAJAJHCARE,
2025-09-08,BAJAJHCARE,
2025-09-09,BAJAJHCARE,
2025-09-10,BAJAJHCARE,
2025-09-11,BAJAJHCARE,
2025-09-12,BAJAJHCARE,
2025-09-15,BAJAJHCARE,
2025-09-16,BAJAJHCARE,
2025-09-17,BAJAJHCARE,
2025-09-18,BAJAJHCARE,
2025-09-19,BAJAJHCARE,
2025-09-22,BAJAJHCARE,
2025-09-23,BAJAJHCARE,
2025-09-24,BAJAJHCARE,
2025-09-25,BAJAJHCARE,
2025-09-26,BAJAJHCARE,
2025-09-29,BAJAJHCARE,
2025-09-30,BAJAJHCARE,
2025-10-01,BAJAJHCARE,
2025-10-03,BAJAJHCARE,
2025-10-06,BAJAJHCARE,
2025-10-07,BAJAJHCARE,
2025-10-08,BAJAJHCARE,
2025-10-09,BAJAJHCARE,
2025-10-10,BAJAJHCARE,
2025-10-13,BAJAJHCARE,
2025-10-14,BAJAJHCARE,
2025-10-15,BAJAJHCARE,
2025-10-16,BAJAJHCARE,
2025-10-17,BAJAJHCARE,
2025-10-20,BAJAJHCARE,
2025-10-21,BAJAJHCARE,
2025-10-23,BAJAJHCARE,
2025-10-24,BAJAJHCARE,
2025-10-27,BAJAJHCARE,
2025-10-28,BAJAJHCARE,
2025-10-29,BAJAJHCARE,
2025-10-30,BAJAJHCARE,
2025-10-31,BAJAJHCARE,
2025-11-03,BAJAJHCARE,
2025-11-04,BAJAJHCARE,
2025-11-06,BAJAJHCARE,
2025-11-07,BAJAJHCARE,
2025-11-10,BAJAJHCARE,
2025-11-11,BAJAJHCARE,
2025-11-12,BAJAJHCARE,
2025-11-13,BAJAJHCARE,
2025-11-14,BAJAJHCARE,
2025-11-17,BAJAJHCARE,
2025-11-18,BAJAJHCARE,
2025-11-19,BAJAJHCARE,
2025-11-20,BAJAJHCARE,
2025-11-21,BAJAJHCARE,
2025-11-24,BAJAJHCARE,
2025-11-25,BAJAJHCARE,
2025-11-26,BAJAJHCARE,
2025-11-27,BAJAJHCARE,
2025-11-28,BAJAJHCARE,
2025-12-01,BAJAJHCARE,
2025-12-02,BAJAJHCARE,
2025-12-03,BAJAJHCARE,
2025-12-04,BAJAJHCARE,
2025-12-05,BAJAJHCARE,
2025-12-08,BAJAJHCARE,
2025-12-09,BAJAJHCARE,
2025-12-10,BAJAJHCARE,
2025-12-11,BAJAJHCARE,
2025-12-12,BAJAJHCARE,
2025-12-15,BAJAJHCARE,
2025-12-16,BAJAJHCARE,
2025-12-17,BAJAJHCARE,
2025-12-18,BAJAJHCARE,
2025-12-19,BAJAJHCARE,
2025-12-22,BAJAJHCARE,
2025-12-23,BAJAJHCARE,
2025-12-24,BAJAJHCARE,
2025-12-26,BAJAJHCARE,
2025-12-29,BAJAJHCARE,
2025-12-30,BAJAJHCARE,
2025-12-31,BAJAJHCARE,
2026-01-01,BAJAJHCARE,
2026-01-02,BAJAJHCARE,
2026-01-05,BAJAJHCARE,
2026-01-06,BAJAJHCARE,
2026-01-07,BAJAJHCARE,
2026-01-08,BAJAJHCARE,
2026-01-09,BAJAJHCARE,
2026-01-12,BAJAJHCARE,
2026-01-13,BAJAJHCARE,
2026-01-14,BAJAJHCARE,
2026-01-16,BAJAJHCARE,
2026-01-19,BAJAJHCARE,
2026-01-20,BAJAJHCARE,
2026-01-21,BAJAJHCARE,
2026-01-22,BAJAJHCARE,
2026-01-23,BAJAJHCARE,
2026-01-27,BAJAJHCARE,
2026-01-28,BAJAJHCARE,
2026-01-29,BAJAJHCARE,
2026-01-30,BAJAJHCARE,
2026-02-02,BAJAJHCARE,
2026-02-03,BAJAJHCARE,
2026-02-04,BAJAJHCARE,
2026-02-05,BAJAJHCARE,
2026-02-06,BAJAJHCARE,
2026-02-09,BAJAJHCARE,
2026-02-10,BAJAJHCARE,
2026-02-11,BAJAJHCARE,
2026-02-12,BAJAJHCARE,
2026-02-13,BAJAJHCARE,
2026-02-16,BAJAJHCARE,
2026-02-17,BAJAJHCARE,
2026-02-18,BAJAJHCARE,
2026-02-19,BAJAJHCARE,
2026-02-20,BAJAJHCARE,
2026-02-23,BAJAJHCARE,
2026-02-24,BAJAJHCARE,
2026-02-25,BAJAJHCARE,
2026-02-26,BAJAJHCARE,
2026-02-27,BAJAJHCARE,
2026-03-02,BAJAJHCARE,
2026-03-04,BAJAJHCARE,
2026-03-05,BAJAJHCARE,
2026-03-06,BAJAJHCARE,
2026-03-09,BAJAJHCARE,
2026-03-10,BAJAJHCARE,
2026-03-11,BAJAJHCARE,
2026-03-12,BAJAJHCARE,
2026-03-13,BAJAJHCARE,
2026-03-16,BAJAJHCARE,
2026-03-17,BAJAJHCARE,
2026-03-18,BAJAJHCARE,
2026-03-19,BAJAJHCARE,
2026-03-20,BAJAJHCARE,
2026-03-23,BAJAJHCARE,
2026-03-24,BAJAJHCARE,
2026-03-25,BAJAJHCARE,
2026-03-27,BAJAJHCARE,
2026-03-30,BAJAJHCARE,
2026-04-01,BAJAJHCARE,
2026-04-02,BAJAJHCARE,
2026-04-06,BAJAJHCARE,
2026-04-07,BAJAJHCARE,
2026-04-08,BAJAJHCARE,
2026-04-09,BAJAJHCARE,
2026-04-10,BAJAJHCARE,
2026-04-13,BAJAJHCARE,
2026-04-15,BAJAJHCARE,
2026-04-16,BAJAJHCARE,
2026-04-17,BAJAJHCARE,
2026-04-20,BAJAJHCARE,
2026-04-21,BAJAJHCARE,
2026-04-22,BAJAJHCARE,
2026-04-23,BAJAJHCARE,
2026-04-24,BAJAJHCARE,
2026-04-27,BAJAJHCARE,
2026-04-28,BAJAJHCARE,
2026-04-29,BAJAJHCARE,
2026-04-30,BAJAJHCARE,
2026-05-04,BAJAJHCARE,
2026-05-05,BAJAJHCARE,
2026-05-06,BAJAJHCARE,
2026-05-07,BAJAJHCARE,
2026-05-08,BAJAJHCARE,
2026-05-11,BAJAJHCARE,
2026-05-12,BAJAJHCARE,
2026-05-13,BAJAJHCARE,
2026-05-14,BAJAJHCARE,
2026-05-15,BAJAJHCARE,
2026-05-18,BAJAJHCARE,
2026-05-19,BAJAJHCARE,
2026-05-20,BAJAJHCARE,
2026-05-21,BAJAJHCARE,
2026-05-22,BAJAJHCARE,
2026-05-25,BAJAJHCARE,
2026-05-26,BAJAJHCARE,
2026-05-27,BAJAJHCARE,
2026-05-29,BAJAJHCARE,
2026-06-01,BAJAJHCARE,
2026-06-02,BAJAJHCARE,
2026-06-03,BAJAJHCARE,
2026-06-04,BAJAJHCARE,
2026-06-05,BAJAJHCARE,
2026-06-08,BAJAJHCARE,
2026-06-09,BAJAJHCARE,
2026-06-10,BAJAJHCARE,
2026-06-11,BAJAJHCARE,
2026-06-12,BAJAJHCARE,297.3015
2026-06-15,BAJAJHCARE,297.3015
2026-06-16,BAJAJHCARE,297.3015
2026-06-17,BAJAJHCARE,297.3015
2026-06-18,BAJAJHCARE,297.3015
2026-06-19,BAJAJHCARE,297.3015
2026-06-22,BAJAJHCARE,297.3015
2026-06-23,BAJAJHCARE,297.3015
2026-06-24,BAJAJHCARE,297.3015
2026-06-25,BAJAJHCARE,297.3015
2026-06-29,BAJAJHCARE,297.3015
2026-06-30,BAJAJHCARE,297.3015
2026-07-01,BAJAJHCARE,297.3015
2026-07-02,BAJAJHCARE,297.3015
2026-07-03,BAJAJHCARE,297.3015
2026-07-06,BAJAJHCARE,297.3015
2026-07-07,BAJAJHCARE,297.3015
2026-07-08,BAJAJHCARE,297.3015
2026-07-09,BAJAJHCARE,297.3015
2026-07-10,BAJAJHCARE,297.3015
2026-07-13,BAJAJHCARE,297.3015
2026-07-14,BAJAJHCARE,297.3015
2026-07-15,BAJAJHCARE,297.3015
2026-07-16,BAJAJHCARE,297.3015
2026-07-17,BAJAJHCARE,297.3015
2026-07-20,BAJAJHCARE,297.3015
2026-07-21,BAJAJHCARE,297.3015
2026-07-22,BAJAJHCARE,297.3015
2026-07-23,BAJAJHCARE,297.3015
2026-07-24,BAJAJHCARE,297.3015
2026-07-27,BAJAJHCARE,297.3015
2026-07-28,BAJAJHCARE,297.3015
2026-07-29,BAJAJHCARE,297.3015
2026-07-30,BAJAJHCARE,297.3015
2026-07-31,BAJAJHCARE,297.3015
2026-08-03,BAJAJHCARE,297.3015
2026-08-04,BAJAJHCARE,297.3015
2026-08-05,BAJAJHCARE,297.3015
2026-08-06,BAJAJHCARE,297.3015
2026-08-07,BAJAJHCARE,297.3015
2026-08-10,BAJAJHCARE,297.3015
2026-08-11,BAJAJHCARE,297.3015
2026-08-12,BAJAJHCARE,297.3015
2026-08-13,BAJAJHCARE,297.3015
2026-08-14,BAJAJHCARE,297.3015
2026-08-17,BAJAJHCARE,297.3015
2026-08-18,BAJAJHCARE,297.3015
2026-08-19,BAJAJHCARE,297.3015
2026-08-20,BAJAJHCARE,297.3015
2026-08-21,BAJAJHCARE,297.3015
2026-08-24,BAJAJHCARE,297.3015
2026-08-25,BAJAJHCARE,297.3015
2026-08-26,BAJAJHCARE,297.3015
2026-08-27,BAJAJHCARE,297.3015
2026-08-28,BAJAJHCARE,297.3015
2026-08-31,BAJAJHCARE,297.3015
2026-09-01,BAJAJHCARE,297.3015
2026-09-02,BAJAJHCARE,297.3015
2026-09-03,BAJAJHCARE,297.3015
2026-09-04,BAJAJHCARE,297.3015
2026-09-07,BAJAJHCARE,297.3015
2026-09-08,BAJAJHCARE,297.3015
2026-09-09,BAJAJHCARE,297.3015
2026-09-10,BAJAJHCARE,297.3015
2026-09-11,BAJAJHCARE,297.3015
2025-09-01,BERGEPAINT,
2025-09-02,BERGEPAINT,
2025-09-03,BERGEPAINT,
2025-09-04,BERGEPAINT,
2025-09-05,BERGEPAINT,
2025-09-08,BERGEPAINT,
2025-09-09,BERGEPAINT,
2025-09-10,BERGEPAINT,
2025-09-11,BERGEPAINT,
2025-09-12,BERGEPAINT,
2025-09-15,BERGEPAINT,
2025-09-16,BERGEPAINT,
2025-09-17,BERGEPAINT,
2025-09-18,BERGEPAINT,
2025-09-19,BERGEPAINT,
2025-09-22,BERGEPAINT,
2025-09-23,BERGEPAINT,
2025-09-24,BERGEPAINT,
2025-09-25,BERGEPAINT,
2025-09-26,BERGEPAINT,
2025-09-29,BERGEPAINT,
2025-09-30,BERGEPAINT,
2025-10-01,BERGEPAINT,
2025-10-03,BERGEPAINT,
2025-10-06,BERGEPAINT,
2025-10-07,BERGEPAINT,
2025-10-08,BERGEPAINT,
2025-10-09,BERGEPAINT,
2025-10-10,BERGEPAINT,
2025-10-13,BERGEPAINT,
2025-10-14,BERGEPAINT,
2025-10-15,BERGEPAINT,
2025-10-16,BERGEPAINT,
2025-10-17,BERGEPAINT,
2025-10-20,BERGEPAINT,
2025-10-21,BERGEPAINT,
2025-10-23,BERGEPAINT,
2025-10-24,BERGEPAINT,
2025-10-27,BERGEPAINT,
2025-10-28,BERGEPAINT,
2025-10-29,BERGEPAINT,
2025-10-30,BERGEPAINT,
2025-10-31,BERGEPAINT,
2025-11-03,BERGEPAINT,
2025-11-04,BERGEPAINT,
2025-11-06,BERGEPAINT,
2025-11-07,BERGEPAINT,
2025-11-10,BERGEPAINT,
2025-11-11,BERGEPAINT,
2025-11-12,BERGEPAINT,
2025-11-13,BERGEPAINT,
2025-11-14,BERGEPAINT,
2025-11-17,BERGEPAINT,
2025-11-18,BERGEPAINT,
2025-11-19,BERGEPAINT,
2025-11-20,BERGEPAINT,
2025-11-21,BERGEPAINT,
2025-11-24,BERGEPAINT,
2025-11-25,BERGEPAINT,
2025-11-26,BERGEPAINT,
2025-11-27,BERGEPAINT,
2025-11-28,BERGEPAINT,
2025-12-01,BERGEPAINT,
2025-12-02,BERGEPAINT,
2025-12-03,BERGEPAINT,
2025-12-04,BERGEPAINT,
2025-12-05,BERGEPAINT,
2025-12-08,BERGEPAINT,
2025-12-09,BERGEPAINT,
2025-12-10,BERGEPAINT,
2025-12-11,BERGEPAINT,
2025-12-12,BERGEPAINT,
2025-12-15,BERGEPAINT,
2025-12-16,BERGEPAINT,
2025-12-17,BERGEPAINT,
2025-12-18,BERGEPAINT,
2025-12-19,BERGEPAINT,
2025-12-22,BERGEPAINT,
2025-12-23,BERGEPAINT,
2025-12-24,BERGEPAINT,
2025-12-26,BERGEPAINT,
2025-12-29,BERGEPAINT,
2025-12-30,BERGEPAINT,
2025-12-31,BERGEPAINT,
2026-01-01,BERGEPAINT,
2026-01-02,BERGEPAINT,
2026-01-05,BERGEPAINT,
2026-01-06,BERGEPAINT,
2026-01-07,BERGEPAINT,
2026-01-08,BERGEPAINT,
2026-01-09,BERGEPAINT,
2026-01-12,BERGEPAINT,
2026-01-13,BERGEPAINT,
2026-01-14,BERGEPAINT,
2026-01-16,BERGEPAINT,
2026-01-19,BERGEPAINT,
2026-01-20,BERGEPAINT,
2026-01-21,BERGEPAINT,
2026-01-22,BERGEPAINT,
2026-01-23,BERGEPAINT,
2026-01-27,BERGEPAINT,
2026-01-28,BERGEPAINT,
2026-01-29,BERGEPAINT,
2026-01-30,BERGEPAINT,
2026-02-02,BERGEPAINT,
2026-02-03,BERGEPAINT,
2026-02-04,BERGEPAINT,
2026-02-05,BERGEPAINT,
2026-02-06,BERGEPAINT,
2026-02-09,BERGEPAINT,
2026-02-10,BERGEPAINT,
2026-02-11,BERGEPAINT,
2026-02-12,BERGEPAINT,
2026-02-13,BERGEPAINT,
2026-02-16,BERGEPAINT,
2026-02-17,BERGEPAINT,
2026-02-18,BERGEPAINT,
2026-02-19,BERGEPAINT,
2026-02-20,BERGEPAINT,
2026-02-23,BERGEPAINT,
2026-02-24,BERGEPAINT,
2026-02-25,BERGEPAINT,
2026-02-26,BERGEPAINT,
2026-02-27,BERGEPAINT,
2026-03-02,BERGEPAINT,
2026-03-04,BERGEPAINT,
2026-03-05,BERGEPAINT,
2026-03-06,BERGEPAINT,
2026-03-09,BERGEPAINT,
2026-03-10,BERGEPAINT,
2026-03-11,BERGEPAINT,
2026-03-12,BERGEPAINT,
2026-03-13,BERGEPAINT,
2026-03-16,BERGEPAINT,
2026-03-17,BERGEPAINT,
2026-03-18,BERGEPAINT,
2026-03-19,BERGEPAINT,
2026-03-20,BERGEPAINT,
2026-03-23,BERGEPAINT,
2026-03-24,BERGEPAINT,
2026-03-25,BERGEPAINT,
2026-03-27,BERGEPAINT,
2026-03-30,BERGEPAINT,
2026-04-01,BERGEPAINT,
2026-04-02,BERGEPAINT,
2026-04-06,BERGEPAINT,
2026-04-07,BERGEPAINT,
2026-04-08,BERGEPAINT,
2026-04-09,BERGEPAINT,
2026-04-10,BERGEPAINT,
2026-04-13,BERGEPAINT,
2026-04-15,BERGEPAINT,
2026-04-16,BERGEPAINT,
2026-04-17,BERGEPAINT,
2026-04-20,BERGEPAINT,
2026-04-21,BERGEPAINT,
2026-04-22,BERGEPAINT,
2026-04-23,BERGEPAINT,
2026-04-24,BERGEPAINT,
2026-04-27,BERGEPAINT,
2026-04-28,BERGEPAINT,
2026-04-29,BERGEPAINT,
2026-04-30,BERGEPAINT,
2026-05-04,BERGEPAINT,
2026-05-05,BERGEPAINT,
2026-05-06,BERGEPAINT,
2026-05-07,BERGEPAINT,
2026-05-08,BERGEPAINT,
2026-05-11,BERGEPAINT,
2026-05-12,BERGEPAINT,
2026-05-13,BERGEPAINT,
2026-05-14,BERGEPAINT,
2026-05-15,BERGEPAINT,
2026-05-18,BERGEPAINT,
2026-05-19,BERGEPAINT,
2026-05-20,BERGEPAINT,
2026-05-21,BERGEPAINT,
2026-05-22,BERGEPAINT,
2026-05-25,BERGEPAINT,
2026-05-26,BERGEPAINT,
2026-05-27,BERGEPAINT,
2026-05-29,BERGEPAINT,
2026-06-01,BERGEPAINT,
2026-06-02,BERGEPAINT,
2026-06-03,BERGEPAINT,
2026-06-04,BERGEPAINT,
2026-06-05,BERGEPAINT,
2026-06-08,BERGEPAINT,
2026-06-09,BERGEPAINT,
2026-06-10,BERGEPAINT,
2026-06-11,BERGEPAINT,
2026-06-12,BERGEPAINT,
2026-06-15,BERGEPAINT,
2026-06-16,BERGEPAINT,
2026-06-17,BERGEPAINT,
2026-06-18,BERGEPAINT,
2026-06-19,BERGEPAINT,
2026-06-22,BERGEPAINT,
2026-06-23,BERGEPAINT,
2026-06-24,BERGEPAINT,
2026-06-25,BERGEPAINT,
2026-06-29,BERGEPAINT,
2026-06-30,BERGEPAINT,
2026-07-01,BERGEPAINT,
2026-07-02,BERGEPAINT,
2026-07-03,BERGEPAINT,
2026-07-06,BERGEPAINT,
2026-07-07,BERGEPAINT,
2026-07-08,BERGEPAINT,
2026-07-09,BERGEPAINT,
2026-07-10,BERGEPAINT,
2026-07-13,BERGEPAINT,
2026-07-14,BERGEPAINT,
2026-07-15,BERGEPAINT,
2026-07-16,BERGEPAINT,
2026-07-17,BERGEPAINT,
2026-07-20,BERGEPAINT,
2026-07-21,BERGEPAINT,
2026-07-22,BERGEPAINT,
2026-07-23,BERGEPAINT,
2026-07-24,BERGEPAINT,
2026-07-27,BERGEPAINT,
2026-07-28,BERGEPAINT,
2026-07-29,BERGEPAINT,
2026-07-30,BERGEPAINT,
2026-07-31,BERGEPAINT,
2026-08-03,BERGEPAINT,
2026-08-04,BERGEPAINT,
2026-08-05,BERGEPAINT,
2026-08-06,BERGEPAINT,
2026-08-07,BERGEPAINT,
2026-08-10,BERGEPAINT,
2026-08-11,BERGEPAINT,
2026-08-12,BERGEPAINT,
2026-08-13,BERGEPAINT,
2026-08-14,BERGEPAINT,
2026-08-17,BERGEPAINT,
2026-08-18,BERGEPAINT,
2026-08-19,BERGEPAINT,
2026-08-20,BERGEPAINT,
2026-08-21,BERGEPAINT,
2026-08-24,BERGEPAINT,
2026-08-25,BERGEPAINT,
2026-08-26,BERGEPAINT,
2026-08-27,BERGEPAINT,
2026-08-28,BERGEPAINT,
2026-08-31,BERGEPAINT,
2026-09-01,BERGEPAINT,
2026-09-02,BERGEPAINT,
2026-09-03,BERGEPAINT,
2026-09-04,BERGEPAINT,
2026-09-07,BERGEPAINT,489.5623
2026-09-08,BERGEPAINT,489.5623
2026-09-09,BERGEPAINT,489.5623
2026-09-10,BERGEPAINT,489.5623
2026-09-11,BERGEPAINT,489.5623
2025-09-01,BHAGERIA,
2025-09-02,BHAGERIA,
2025-09-03,BHAGERIA,
2025-09-04,BHAGERIA,
2025-09-05,BHAGERIA,
2025-09-08,BHAGERIA,
2025-09-09,BHAGERIA,
2025-09-10,BHAGERIA,
2025-09-11,BHAGERIA,
2025-09-12,BHAGERIA,
2025-09-15,BHAGERIA,
2025-09-16,BHAGERIA,
2025-09-17,BHAGERIA,
2025-09-18,BHAGERIA,
2025-09-19,BHAGERIA,
2025-09-22,BHAGERIA,
2025-09-23,BHAGERIA,
2025-09-24,BHAGERIA,
2025-09-25,BHAGERIA,
2025-09-26,BHAGERIA,
2025-09-29,BHAGERIA,
2025-09-30,BHAGERIA,
2025-10-01,BHAGERIA,
2025-10-03,BHAGERIA,
2025-10-06,BHAGERIA,
2025-10-07,BHAGERIA,
2025-10-08,BHAGERIA,
2025-10-09,BHAGERIA,
2025-10-10,BHAGERIA,
2025-10-13,BHAGERIA,
2025-10-14,BHAGERIA,
2025-10-15,BHAGERIA,
2025-10-16,BHAGERIA,
2025-10-17,BHAGERIA,
2025-10-20,BHAGERIA,
2025-10-21,BHAGERIA,
2025-10-23,BHAGERIA,
2025-10-24,BHAGERIA,
2025-10-27,BHAGERIA,
2025-10-28,BHAGERIA,
2025-10-29,BHAGERIA,
2025-10-30,BHAGERIA,
2025-10-31,BHAGERIA,
2025-11-03,BHAGERIA,
2025-11-04,BHAGERIA,
2025-11-06,BHAGERIA,
2025-11-07,BHAGERIA,
2025-11-10,BHAGERIA,
2025-11-11,BHAGERIA,
2025-11-12,BHAGERIA,
2025-11-13,BHAGERIA,
2025-11-14,BHAGERIA,
2025-11-17,BHAGERIA,
2025-11-18,BHAGERIA,
2025-11-19,BHAGERIA,
2025-11-20,BHAGERIA,
2025-11-21,BHAGERIA,
2025-11-24,BHAGERIA,
2025-11-25,BHAGERIA,
2025-11-26,BHAGERIA,
2025-11-27,BHAGERIA,
2025-11-28,BHAGERIA,
2025-12-01,BHAGERIA,
2025-12-02,BHAGERIA,
2025-12-03,BHAGERIA,
2025-12-04,BHAGERIA,
2025-12-05,BHAGERIA,
2025-12-08,BHAGERIA,
2025-12-09,BHAGERIA,
2025-12-10,BHAGERIA,
2025-12-11,BHAGERIA,
2025-12-12,BHAGERIA,
2025-12-15,BHAGERIA,
2025-12-16,BHAGERIA,
2025-12-17,BHAGERIA,
2025-12-18,BHAGERIA,
2025-12-19,BHAGERIA,
2025-12-22,BHAGERIA,
2025-12-23,BHAGERIA,
2025-12-24,BHAGERIA,
2025-12-26,BHAGERIA,
2025-12-29,BHAGERIA,
2025-12-30,BHAGERIA,
2025-12-31,BHAGERIA,
2026-01-01,BHAGERIA,
2026-01-02,BHAGERIA,
2026-01-05,BHAGERIA,
2026-01-06,BHAGERIA,
2026-01-07,BHAGERIA,
2026-01-08,BHAGERIA,
2026-01-09,BHAGERIA,
2026-01-12,BHAGERIA,
2026-01-13,BHAGERIA,
2026-01-14,BHAGERIA,
2026-01-16,BHAGERIA,
2026-01-19,BHAGERIA,
2026-01-20,BHAGERIA,
2026-01-21,BHAGERIA,
2026-01-22,BHAGERIA,
2026-01-23,BHAGERIA,
2026-01-27,BHAGERIA,
2026-01-28,BHAGERIA,
2026-01-29,BHAGERIA,
2026-01-30,BHAGERIA,
2026-02-02,BHAGERIA,
2026-02-03,BHAGERIA,
2026-02-04,BHAGERIA,
2026-02-05,BHAGERIA,
2026-02-06,BHAGERIA,
2026-02-09,BHAGERIA,
2026-02-10,BHAGERIA,
2026-02-11,BHAGERIA,
2026-02-12,BHAGERIA,
2026-02-13,BHAGERIA,
2026-02-16,BHAGERIA,
2026-02-17,BHAGERIA,
2026-02-18,BHAGERIA,
2026-02-19,BHAGERIA,
2026-02-20,BHAGERIA,
2026-02-23,BHAGERIA,
2026-02-24,BHAGERIA,
2026-02-25,BHAGERIA,
2026-02-26,BHAGERIA,
2026-02-27,BHAGERIA,
2026-03-02,BHAGERIA,
2026-03-04,BHAGERIA,
2026-03-05,BHAGERIA,
2026-03-06,BHAGERIA,
2026-03-09,BHAGERIA,
2026-03-10,BHAGERIA,
2026-03-11,BHAGERIA,
2026-03-12,BHAGERIA,
2026-03-13,BHAGERIA,
2026-03-16,BHAGERIA,
2026-03-17,BHAGERIA,
2026-03-18,BHAGERIA,
2026-03-19,BHAGERIA,
2026-03-20,BHAGERIA,
2026-03-23,BHAGERIA,
2026-03-24,BHAGERIA,
2026-03-25,BHAGERIA,
2026-03-27,BHAGERIA,
2026-03-30,BHAGERIA,
2026-04-01,BHAGERIA,
2026-04-02,BHAGERIA,
2026-04-06,BHAGERIA,
2026-04-07,BHAGERIA,
2026-04-08,BHAGERIA,
2026-04-09,BHAGERIA,
2026-04-10,BHAGERIA,
2026-04-13,BHAGERIA,
2026-04-15,BHAGERIA,
2026-04-16,BHAGERIA,
2026-04-17,BHAGERIA,
2026-04-20,BHAGERIA,
2026-04-21,BHAGERIA,
2026-04-22,BHAGERIA,
2026-04-23,BHAGERIA,
2026-04-24,BHAGERIA,
2026-04-27,BHAGERIA,
2026-04-28,BHAGERIA,
2026-04-29,BHAGERIA,
2026-04-30,BHAGERIA,
2026-05-04,BHAGERIA,
2026-05-05,BHAGERIA,
2026-05-06,BHAGERIA,
2026-05-07,BHAGERIA,
2026-05-08,BHAGERIA,
2026-05-11,BHAGERIA,
2026-05-12,BHAGERIA,
2026-05-13,BHAGERIA,
2026-05-14,BHAGERIA,
2026-05-15,BHAGERIA,
2026-05-18,BHAGERIA,
2026-05-19,BHAGERIA,
2026-05-20,BHAGERIA,
2026-05-21,BHAGERIA,
2026-05-22,BHAGERIA,
2026-05-25,BHAGERIA,
2026-05-26,BHAGERIA,
2026-05-27,BHAGERIA,
2026-05-29,BHAGERIA,
2026-06-01,BHAGERIA,
2026-06-02,BHAGERIA,
2026-06-03,BHAGERIA,
2026-06-04,BHAGERIA,
2026-06-05,BHAGERIA,
2026-06-08,BHAGERIA,
2026-06-09,BHAGERIA,
2026-06-10,BHAGERIA,
2026-06-11,BHAGERIA,
2026-06-12,BHAGERIA,
2026-06-15,BHAGERIA,
2026-06-16,BHAGERIA,
2026-06-17,BHAGERIA,
2026-06-18,BHAGERIA,
2026-06-19,BHAGERIA,
2026-06-22,BHAGERIA,
2026-06-23,BHAGERIA,
2026-06-24,BHAGERIA,
2026-06-25,BHAGERIA,
2026-06-29,BHAGERIA,
2026-06-30,BHAGERIA,
2026-07-01,BHAGERIA,
2026-07-02,BHAGERIA,
2026-07-03,BHAGERIA,
2026-07-06,BHAGERIA,
2026-07-07,BHAGERIA,
2026-07-08,BHAGERIA,
2026-07-09,BHAGERIA,
2026-07-10,BHAGERIA,
2026-07-13,BHAGERIA,
2026-07-14,BHAGERIA,
2026-07-15,BHAGERIA,
2026-07-16,BHAGERIA,
2026-07-17,BHAGERIA,
2026-07-20,BHAGERIA,
2026-07-21,BHAGERIA,
2026-07-22,BHAGERIA,
2026-07-23,BHAGERIA,
2026-07-24,BHAGERIA,
2026-07-27,BHAGERIA,
2026-07-28,BHAGERIA,
2026-07-29,BHAGERIA,
2026-07-30,BHAGERIA,
2026-07-31,BHAGERIA,
2026-08-03,BHAGERIA,
2026-08-04,BHAGERIA,
2026-08-05,BHAGERIA,
2026-08-06,BHAGERIA,
2026-08-07,BHAGERIA,
2026-08-10,BHAGERIA,
2026-08-11,BHAGERIA,
2026-08-12,BHAGERIA,
2026-08-13,BHAGERIA,
2026-08-14,BHAGERIA,
2026-08-17,BHAGERIA,
2026-08-18,BHAGERIA,
2026-08-19,BHAGERIA,
2026-08-20,BHAGERIA,204.6433
2026-08-21,BHAGERIA,205.3266
2026-08-24,BHAGERIA,209.0115
2026-08-25,BHAGERIA,213.9264
2026-08-26,BHAGERIA,215.9639
2026-08-27,BHAGERIA,215.9639
2026-08-28,BHAGERIA,215.9639
2026-08-31,BHAGERIA,215.9639
2026-09-01,BHAGERIA,215.9639
2026-09-02,BHAGERIA,215.9639
2026-09-03,BHAGERIA,215.9639
2026-09-04,BHAGERIA,215.9639
2026-09-07,BHAGERIA,215.9639
2026-09-08,BHAGERIA,215.9639
2026-09-09,BHAGERIA,215.9639
2026-09-10,BHAGERIA,215.9639
2026-09-11,BHAGERIA,215.9639
2025-10-01,BMWVENTLTD,
2025-10-03,BMWVENTLTD,
2025-10-06,BMWVENTLTD,
2025-10-07,BMWVENTLTD,
2025-10-08,BMWVENTLTD,
2025-10-09,BMWVENTLTD,
2025-10-10,BMWVENTLTD,
2025-10-13,BMWVENTLTD,
2025-10-14,BMWVENTLTD,
2025-10-15,BMWVENTLTD,
2025-10-16,BMWVENTLTD,
2025-10-17,BMWVENTLTD,
2025-10-20,BMWVENTLTD,
2025-10-21,BMWVENTLTD,
2025-10-23,BMWVENTLTD,
2025-10-24,BMWVENTLTD,
2025-10-27,BMWVENTLTD,
2025-10-28,BMWVENTLTD,
2025-10-29,BMWVENTLTD,
2025-10-30,BMWVENTLTD,
2025-10-31,BMWVENTLTD,
2025-11-03,BMWVENTLTD,
2025-11-04,BMWVENTLTD,
2025-11-06,BMWVENTLTD,
2025-11-07,BMWVENTLTD,
2025-11-10,BMWVENTLTD,
2025-11-11,BMWVENTLTD,
2025-11-12,BMWVENTLTD,
2025-11-13,BMWVENTLTD,
2025-11-14,BMWVENTLTD,
2025-11-17,BMWVENTLTD,
2025-11-18,BMWVENTLTD,
2025-11-19,BMWVENTLTD,
2025-11-20,BMWVENTLTD,
2025-11-21,BMWVENTLTD,
2025-11-24,BMWVENTLTD,
2025-11-25,BMWVENTLTD,
2025-11-26,BMWVENTLTD,
2025-11-27,BMWVENTLTD,
2025-11-28,BMWVENTLTD,
2025-12-01,BMWVENTLTD,
2025-12-02,BMWVENTLTD,
2025-12-03,BMWVENTLTD,
2025-12-04,BMWVENTLTD,
2025-12-05,BMWVENTLTD,
2025-12-08,BMWVENTLTD,
2025-12-09,BMWVENTLTD,
2025-12-10,BMWVENTLTD,
2025-12-11,BMWVENTLTD,
2025-12-12,BMWVENTLTD,
2025-12-15,BMWVENTLTD,
2025-12-16,BMWVENTLTD,
2025-12-17,BMWVENTLTD,
2025-12-18,BMWVENTLTD,
2025-12-19,BMWVENTLTD,
2025-12-22,BMWVENTLTD,
2025-12-23,BMWVENTLTD,
2025-12-24,BMWVENTLTD,
2025-12-26,BMWVENTLTD,
2025-12-29,BMWVENTLTD,
2025-12-30,BMWVENTLTD,
2025-12-31,BMWVENTLTD,
2026-01-01,BMWVENTLTD,
2026-01-02,BMWVENTLTD,
2026-01-05,BMWVENTLTD,
2026-01-06,BMWVENTLTD,
2026-01-07,BMWVENTLTD,
2026-01-08,BMWVENTLTD,
2026-01-09,BMWVENTLTD,
2026-01-12,BMWVENTLTD,
2026-01-13,BMWVENTLTD,
2026-01-14,BMWVENTLTD,
2026-01-16,BMWVENTLTD,
2026-01-19,BMWVENTLTD,
2026-01-20,BMWVENTLTD,
2026-01-21,BMWVENTLTD,
2026-01-22,BMWVENTLTD,
2026-01-23,BMWVENTLTD,
2026-01-27,BMWVENTLTD,
2026-01-28,BMWVENTLTD,
2026-01-29,BMWVENTLTD,
2026-01-30,BMWVENTLTD,
2026-02-02,BMWVENTLTD,
2026-02-03,BMWVENTLTD,
2026-02-04,BMWVENTLTD,
2026-02-05,BMWVENTLTD,
2026-02-06,BMWVENTLTD,
2026-02-09,BMWVENTLTD,
2026-02-10,BMWVENTLTD,
2026-02-11,BMWVENTLTD,
2026-02-12,BMWVENTLTD,
2026-02-13,BMWVENTLTD,
2026-02-16,BMWVENTLTD,
2026-02-17,BMWVENTLTD,
2026-02-18,BMWVENTLTD,
2026-02-19,BMWVENTLTD,
2026-02-20,BMWVENTLTD,
2026-02-23,BMWVENTLTD,
2026-02-24,BMWVENTLTD,
2026-02-25,BMWVENTLTD,
2026-02-26,BMWVENTLTD,
2026-02-27,BMWVENTLTD,
2026-03-02,BMWVENTLTD,
2026-03-04,BMWVENTLTD,
2026-03-05,BMWVENTLTD,
2026-03-06,BMWVENTLTD,
2026-03-09,BMWVENTLTD,
2026-03-10,BMWVENTLTD,
2026-03-11,BMWVENTLTD,
2026-03-12,BMWVENTLTD,
2026-03-13,BMWVENTLTD,
2026-03-16,BMWVENTLTD,
2026-03-17,BMWVENTLTD,
2026-03-18,BMWVENTLTD,
2026-03-19,BMWVENTLTD,
2026-03-20,BMWVENTLTD,
2026-03-23,BMWVENTLTD,
2026-03-24,BMWVENTLTD,
2026-03-25,BMWVENTLTD,
2026-03-27,BMWVENTLTD,
2026-03-30,BMWVENTLTD,
2026-04-01,BMWVENTLTD,
2026-04-02,BMWVENTLTD,
2026-04-06,BMWVENTLTD,
2026-04-07,BMWVENTLTD,
2026-04-08,BMWVENTLTD,
2026-04-09,BMWVENTLTD,
2026-04-10,BMWVENTLTD,
2026-04-13,BMWVENTLTD,
2026-04-15,BMWVENTLTD,
2026-04-16,BMWVENTLTD,
2026-04-17,BMWVENTLTD,
2026-04-20,BMWVENTLTD,
2026-04-21,BMWVENTLTD,
2026-04-22,BMWVENTLTD,
2026-04-23,BMWVENTLTD,
2026-04-24,BMWVENTLTD,
2026-04-27,BMWVENTLTD,
2026-04-28,BMWVENTLTD,
2026-04-29,BMWVENTLTD,
2026-04-30,BMWVENTLTD,
2026-05-04,BMWVENTLTD,
2026-05-05,BMWVENTLTD,
2026-05-06,BMWVENTLTD,
2026-05-07,BMWVENTLTD,
2026-05-08,BMWVENTLTD,
2026-05-11,BMWVENTLTD,
2026-05-12,BMWVENTLTD,
2026-05-13,BMWVENTLTD,
2026-05-14,BMWVENTLTD,
2026-05-15,BMWVENTLTD,
2026-05-18,BMWVENTLTD,
2026-05-19,BMWVENTLTD,
2026-05-20,BMWVENTLTD,
2026-05-21,BMWVENTLTD,
2026-05-22,BMWVENTLTD,
2026-05-25,BMWVENTLTD,
2026-05-26,BMWVENTLTD,
2026-05-27,BMWVENTLTD,
2026-05-29,BMWVENTLTD,
2026-06-01,BMWVENTLTD,
2026-06-02,BMWVENTLTD,
2026-06-03,BMWVENTLTD,
2026-06-04,BMWVENTLTD,
2026-06-05,BMWVENTLTD,
2026-06-08,BMWVENTLTD,
2026-06-09,BMWVENTLTD,
2026-06-10,BMWVENTLTD,
2026-06-11,BMWVENTLTD,
2026-06-12,BMWVENTLTD,
2026-06-15,BMWVENTLTD,
2026-06-16,BMWVENTLTD,
2026-06-17,BMWVENTLTD,
2026-06-18,BMWVENTLTD,
2026-06-19,BMWVENTLTD,
2026-06-22,BMWVENTLTD,
2026-06-23,BMWVENTLTD,
2026-06-24,BMWVENTLTD,
2026-06-25,BMWVENTLTD,
2026-06-29,BMWVENTLTD,
2026-06-30,BMWVENTLTD,
2026-07-01,BMWVENTLTD,
2026-07-02,BMWVENTLTD,
2026-07-03,BMWVENTLTD,
2026-07-06,BMWVENTLTD,
2026-07-07,BMWVENTLTD,
2026-07-08,BMWVENTLTD,
2026-07-09,BMWVENTLTD,
2026-07-10,BMWVENTLTD,
2026-07-13,BMWVENTLTD,
2026-07-14,BMWVENTLTD,
2026-07-15,BMWVENTLTD,
2026-07-16,BMWVENTLTD,
2026-07-17,BMWVENTLTD,
2026-07-20,BMWVENTLTD,
2026-07-21,BMWVENTLTD,
2026-07-22,BMWVENTLTD,
2026-07-23,BMWVENTLTD,
2026-07-24,BMWVENTLTD,
2026-07-27,BMWVENTLTD,
2026-07-28,BMWVENTLTD,
2026-07-29,BMWVENTLTD,
2026-07-30,BMWVENTLTD,
2026-07-31,BMWVENTLTD,
2026-08-03,BMWVENTLTD,
2026-08-04,BMWVENTLTD,
2026-08-05,BMWVENTLTD,60.0933
2026-08-06,BMWVENTLTD,60.1322
2026-08-07,BMWVENTLTD,60.1322
2026-08-10,BMWVENTLTD,60.1322
2026-08-11,BMWVENTLTD,60.1322
2026-08-12,BMWVENTLTD,60.1322
2026-08-13,BMWVENTLTD,60.1322
2026-08-14,BMWVENTLTD,60.1322
2026-08-17,BMWVENTLTD,60.1322
2026-08-18,BMWVENTLTD,60.1322
2026-08-19,BMWVENTLTD,60.1322
2026-08-20,BMWVENTLTD,60.1322
2026-08-21,BMWVENTLTD,60.1322
2026-08-24,BMWVENTLTD,60.1322
2026-08-25,BMWVENTLTD,60.1322
2026-08-26,BMWVENTLTD,60.1322
2026-08-27,BMWVENTLTD,60.1322
2026-08-28,BMWVENTLTD,60.1322
2026-08-31,BMWVENTLTD,60.1322
2026-09-01,BMWVENTLTD,60.1322
2026-09-02,BMWVENTLTD,60.1322
2026-09-03,BMWVENTLTD,60.1322
2026-09-04,BMWVENTLTD,60.1322
2026-09-07,BMWVENTLTD,60.1322
2026-09-08,BMWVENTLTD,60.1322
2026-09-09,BMWVENTLTD,60.1322
2026-09-10,BMWVENTLTD,60.1322
2026-09-11,BMWVENTLTD,60.1322
2025-09-01,CHEMBOND,
2025-09-02,CHEMBOND,
2025-09-03,CHEMBOND,
2025-09-04,CHEMBOND,
2025-09-05,CHEMBOND,
2025-09-08,CHEMBOND,
2025-09-09,CHEMBOND,
2025-09-10,CHEMBOND,
2025-09-11,CHEMBOND,
2025-09-12,CHEMBOND,
2025-09-15,CHEMBOND,
2025-09-16,CHEMBOND,
2025-09-17,CHEMBOND,
2025-09-18,CHEMBOND,
2025-09-19,CHEMBOND,
2025-09-22,CHEMBOND,
2025-09-23,CHEMBOND,
2025-09-24,CHEMBOND,
2025-09-25,CHEMBOND,
2025-09-26,CHEMBOND,
2025-09-29,CHEMBOND,
2025-09-30,CHEMBOND,
2025-10-01,CHEMBOND,
2025-10-03,CHEMBOND,
2025-10-06,CHEMBOND,
2025-10-07,CHEMBOND,
2025-10-08,CHEMBOND,
2025-10-09,CHEMBOND,
2025-10-10,CHEMBOND,
2025-10-13,CHEMBOND,
2025-10-14,CHEMBOND,
2025-10-15,CHEMBOND,
2025-10-16,CHEMBOND,
2025-10-17,CHEMBOND,
2025-10-20,CHEMBOND,
2025-10-21,CHEMBOND,
2025-10-23,CHEMBOND,
2025-10-24,CHEMBOND,
2025-10-27,CHEMBOND,
2025-10-28,CHEMBOND,
2025-10-29,CHEMBOND,
2025-10-30,CHEMBOND,
2025-10-31,CHEMBOND,
2025-11-03,CHEMBOND,
2025-11-04,CHEMBOND,
2025-11-06,CHEMBOND,
2025-11-07,CHEMBOND,
2025-11-10,CHEMBOND,
2025-11-11,CHEMBOND,
2025-11-12,CHEMBOND,
2025-11-13,CHEMBOND,
2025-11-14,CHEMBOND,
2025-11-17,CHEMBOND,
2025-11-18,CHEMBOND,
2025-11-19,CHEMBOND,
2025-11-20,CHEMBOND,
2025-11-21,CHEMBOND,
2025-11-24,CHEMBOND,
2025-11-25,CHEMBOND,
2025-11-26,CHEMBOND,
2025-11-27,CHEMBOND,
2025-11-28,CHEMBOND,
2025-12-01,CHEMBOND,
2025-12-02,CHEMBOND,
2025-12-03,CHEMBOND,
2025-12-04,CHEMBOND,
2025-12-05,CHEMBOND,
2025-12-08,CHEMBOND,
2025-12-09,CHEMBOND,
2025-12-10,CHEMBOND,
2025-12-11,CHEMBOND,
2025-12-12,CHEMBOND,
2025-12-15,CHEMBOND,
2025-12-16,CHEMBOND,
2025-12-17,CHEMBOND,
2025-12-18,CHEMBOND,
2025-12-19,CHEMBOND,
2025-12-22,CHEMBOND,
2025-12-23,CHEMBOND,
2025-12-24,CHEMBOND,
2025-12-26,CHEMBOND,
2025-12-29,CHEMBOND,
2025-12-30,CHEMBOND,
2025-12-31,CHEMBOND,
2026-01-01,CHEMBOND,
2026-01-02,CHEMBOND,
2026-01-05,CHEMBOND,
2026-01-06,CHEMBOND,
2026-01-07,CHEMBOND,
2026-01-08,CHEMBOND,
2026-01-09,CHEMBOND,
2026-01-12,CHEMBOND,
2026-01-13,CHEMBOND,
2026-01-14,CHEMBOND,
2026-01-16,CHEMBOND,
2026-01-19,CHEMBOND,
2026-01-20,CHEMBOND,
2026-01-21,CHEMBOND,
2026-01-22,CHEMBOND,
2026-01-23,CHEMBOND,
2026-01-27,CHEMBOND,
2026-01-28,CHEMBOND,
2026-01-29,CHEMBOND,
2026-01-30,CHEMBOND,
2026-02-02,CHEMBOND,
2026-02-03,CHEMBOND,
2026-02-04,CHEMBOND,
2026-02-05,CHEMBOND,
2026-02-06,CHEMBOND,
2026-02-09,CHEMBOND,
2026-02-10,CHEMBOND,
2026-02-11,CHEMBOND,
2026-02-12,CHEMBOND,
2026-02-13,CHEMBOND,
2026-02-16,CHEMBOND,
2026-02-17,CHEMBOND,
2026-02-18,CHEMBOND,
2026-02-19,CHEMBOND,
2026-02-20,CHEMBOND,
2026-02-23,CHEMBOND,
2026-02-24,CHEMBOND,
2026-02-25,CHEMBOND,
2026-02-26,CHEMBOND,
2026-02-27,CHEMBOND,
2026-03-02,CHEMBOND,
2026-03-04,CHEMBOND,
2026-03-05,CHEMBOND,
2026-03-06,CHEMBOND,
2026-03-09,CHEMBOND,
2026-03-10,CHEMBOND,
2026-03-11,CHEMBOND,
2026-03-12,CHEMBOND,
2026-03-13,CHEMBOND,
2026-03-16,CHEMBOND,
2026-03-17,CHEMBOND,
2026-03-18,CHEMBOND,
2026-03-19,CHEMBOND,
2026-03-20,CHEMBOND,
2026-03-23,CHEMBOND,
2026-03-24,CHEMBOND,
2026-03-25,CHEMBOND,
2026-03-27,CHEMBOND,
2026-03-30,CHEMBOND,
2026-04-01,CHEMBOND,
2026-04-02,CHEMBOND,
2026-04-06,CHEMBOND,
2026-04-07,CHEMBOND,
2026-04-08,CHEMBOND,
2026-04-09,CHEMBOND,
2026-04-10,CHEMBOND,
2026-04-13,CHEMBOND,
2026-04-15,CHEMBOND,
2026-04-16,CHEMBOND,
2026-04-17,CHEMBOND,
2026-04-20,CHEMBOND,
2026-04-21,CHEMBOND,
2026-04-22,CHEMBOND,
2026-04-23,CHEMBOND,
2026-04-24,CHEMBOND,
2026-04-27,CHEMBOND,
2026-04-28,CHEMBOND,
2026-04-29,CHEMBOND,
2026-04-30,CHEMBOND,
2026-05-04,CHEMBOND,
2026-05-05,CHEMBOND,
2026-05-06,CHEMBOND,
2026-05-07,CHEMBOND,
2026-05-08,CHEMBOND,
2026-05-11,CHEMBOND,
2026-05-12,CHEMBOND,
2026-05-13,CHEMBOND,
2026-05-14,CHEMBOND,
2026-05-15,CHEMBOND,
2026-05-18,CHEMBOND,
2026-05-19,CHEMBOND,
2026-05-20,CHEMBOND,
2026-05-21,CHEMBOND,
2026-05-22,CHEMBOND,
2026-05-25,CHEMBOND,
2026-05-26,CHEMBOND,
2026-05-27,CHEMBOND,
2026-05-29,CHEMBOND,
2026-06-01,CHEMBOND,
2026-06-02,CHEMBOND,
2026-06-03,CHEMBOND,
2026-06-04,CHEMBOND,
2026-06-05,CHEMBOND,
2026-06-08,CHEMBOND,
2026-06-09,CHEMBOND,
2026-06-10,CHEMBOND,
2026-06-11,CHEMBOND,
2026-06-12,CHEMBOND,
2026-06-15,CHEMBOND,
2026-06-16,CHEMBOND,
2026-06-17,CHEMBOND,
2026-06-18,CHEMBOND,
2026-06-19,CHEMBOND,
2026-06-22,CHEMBOND,
2026-06-23,CHEMBOND,
2026-06-24,CHEMBOND,
2026-06-25,CHEMBOND,
2026-06-29,CHEMBOND,
2026-06-30,CHEMBOND,
2026-07-01,CHEMBOND,
2026-07-02,CHEMBOND,
2026-07-03,CHEMBOND,
2026-07-06,CHEMBOND,
2026-07-07,CHEMBOND,
2026-07-08,CHEMBOND,
2026-07-09,CHEMBOND,
2026-07-10,CHEMBOND,
2026-07-13,CHEMBOND,
2026-07-14,CHEMBOND,
2026-07-15,CHEMBOND,
2026-07-16,CHEMBOND,
2026-07-17,CHEMBOND,
2026-07-20,CHEMBOND,
2026-07-21,CHEMBOND,
2026-07-22,CHEMBOND,
2026-07-23,CHEMBOND,
2026-07-24,CHEMBOND,
2026-07-27,CHEMBOND,
2026-07-28,CHEMBOND,
2026-07-29,CHEMBOND,
2026-07-30,CHEMBOND,
2026-07-31,CHEMBOND,
2026-08-03,CHEMBOND,
2026-08-04,CHEMBOND,
2026-08-05,CHEMBOND,
2026-08-06,CHEMBOND,
2026-08-07,CHEMBOND,
2026-08-10,CHEMBOND,
2026-08-11,CHEMBOND,
2026-08-12,CHEMBOND,
2026-08-13,CHEMBOND,
2026-08-14,CHEMBOND,
2026-08-17,CHEMBOND,
2026-08-18,CHEMBOND,
2026-08-19,CHEMBOND,
2026-08-20,CHEMBOND,
2026-08-21,CHEMBOND,
2026-08-24,CHEMBOND,
2026-08-25,CHEMBOND,
2026-08-26,CHEMBOND,
2026-08-27,CHEMBOND,
2026-08-28,CHEMBOND,
2026-08-31,CHEMBOND,
2026-09-01,CHEMBOND,
2026-09-02,CHEMBOND,
2026-09-03,CHEMBOND,170.4519
2026-09-04,CHEMBOND,170.4519
2026-09-07,CHEMBOND,170.4519
2026-09-08,CHEMBOND,170.4519
2026-09-09,CHEMBOND,170.4519
2026-09-10,CHEMBOND,170.4519
2026-09-11,CHEMBOND,170.4519
2025-09-01,CHEMBONDCH,
2025-09-02,CHEMBONDCH,
2025-09-03,CHEMBONDCH,
2025-09-04,CHEMBONDCH,
2025-09-05,CHEMBONDCH,
2025-09-08,CHEMBONDCH,
2025-09-09,CHEMBONDCH,
2025-09-10,CHEMBONDCH,
2025-09-11,CHEMBONDCH,
2025-09-12,CHEMBONDCH,
2025-09-15,CHEMBONDCH,
2025-09-16,CHEMBONDCH,
2025-09-17,CHEMBONDCH,
2025-09-18,CHEMBONDCH,
2025-09-19,CHEMBONDCH,
2025-09-22,CHEMBONDCH,
2025-09-23,CHEMBONDCH,
2025-09-24,CHEMBONDCH,
2025-09-25,CHEMBONDCH,
2025-09-26,CHEMBONDCH,
2025-09-29,CHEMBONDCH,
2025-09-30,CHEMBONDCH,
2025-10-01,CHEMBONDCH,
2025-10-03,CHEMBONDCH,
2025-10-06,CHEMBONDCH,
2025-10-07,CHEMBONDCH,
2025-10-08,CHEMBONDCH,
2025-10-09,CHEMBONDCH,
2025-10-10,CHEMBONDCH,
2025-10-13,CHEMBONDCH,
2025-10-14,CHEMBONDCH,
2025-10-15,CHEMBONDCH,
2025-10-16,CHEMBONDCH,
2025-10-17,CHEMBONDCH,
2025-10-20,CHEMBONDCH,
2025-10-21,CHEMBONDCH,
2025-10-23,CHEMBONDCH,
2025-10-24,CHEMBONDCH,
2025-10-27,CHEMBONDCH,
2025-10-28,CHEMBONDCH,
2025-10-29,CHEMBONDCH,
2025-10-30,CHEMBONDCH,
2025-10-31,CHEMBONDCH,
2025-11-03,CHEMBONDCH,
2025-11-04,CHEMBONDCH,
2025-11-06,CHEMBONDCH,
2025-11-07,CHEMBONDCH,
2025-11-10,CHEMBONDCH,
2025-11-11,CHEMBONDCH,
2025-11-12,CHEMBONDCH,
2025-11-13,CHEMBONDCH,
2025-11-14,CHEMBONDCH,
2025-11-17,CHEMBONDCH,
2025-11-18,CHEMBONDCH,
2025-11-19,CHEMBONDCH,
2025-11-20,CHEMBONDCH,
2025-11-21,CHEMBONDCH,
2025-11-24,CHEMBONDCH,
2025-11-25,CHEMBONDCH,
2025-11-26,CHEMBONDCH,
2025-11-27,CHEMBONDCH,
2025-11-28,CHEMBONDCH,
2025-12-01,CHEMBONDCH,
2025-12-02,CHEMBONDCH,
2025-12-03,CHEMBONDCH,
2025-12-04,CHEMBONDCH,
2025-12-05,CHEMBONDCH,
2025-12-08,CHEMBONDCH,
2025-12-09,CHEMBONDCH,
2025-12-10,CHEMBONDCH,
2025-12-11,CHEMBONDCH,
2025-12-12,CHEMBONDCH,
2025-12-15,CHEMBONDCH,
2025-12-16,CHEMBONDCH,
2025-12-17,CHEMBONDCH,
2025-12-18,CHEMBONDCH,
2025-12-19,CHEMBONDCH,
2025-12-22,CHEMBONDCH,
2025-12-23,CHEMBONDCH,
2025-12-24,CHEMBONDCH,
2025-12-26,CHEMBONDCH,
2025-12-29,CHEMBONDCH,
2025-12-30,CHEMBONDCH,
2025-12-31,CHEMBONDCH,
2026-01-01,CHEMBONDCH,
2026-01-02,CHEMBONDCH,
2026-01-05,CHEMBONDCH,
2026-01-06,CHEMBONDCH,
2026-01-07,CHEMBONDCH,
2026-01-08,CHEMBONDCH,
2026-01-09,CHEMBONDCH,
2026-01-12,CHEMBONDCH,
2026-01-13,CHEMBONDCH,
2026-01-14,CHEMBONDCH,
2026-01-16,CHEMBONDCH,
2026-01-19,CHEMBONDCH,
2026-01-20,CHEMBONDCH,
2026-01-21,CHEMBONDCH,
2026-01-22,CHEMBONDCH,
2026-01-23,CHEMBONDCH,
2026-01-27,CHEMBONDCH,
2026-01-28,CHEMBONDCH,
2026-01-29,CHEMBONDCH,
2026-01-30,CHEMBONDCH,
2026-02-02,CHEMBONDCH,
2026-02-03,CHEMBONDCH,
2026-02-04,CHEMBONDCH,
2026-02-05,CHEMBONDCH,
2026-02-06,CHEMBONDCH,
2026-02-09,CHEMBONDCH,
2026-02-10,CHEMBONDCH,
2026-02-11,CHEMBONDCH,
2026-02-12,CHEMBONDCH,
2026-02-13,CHEMBONDCH,
2026-02-16,CHEMBONDCH,
2026-02-17,CHEMBONDCH,
2026-02-18,CHEMBONDCH,
2026-02-19,CHEMBONDCH,
2026-02-20,CHEMBONDCH,
2026-02-23,CHEMBONDCH,
2026-02-24,CHEMBONDCH,
2026-02-25,CHEMBONDCH,
2026-02-26,CHEMBONDCH,
2026-02-27,CHEMBONDCH,
2026-03-02,CHEMBONDCH,
2026-03-04,CHEMBONDCH,
2026-03-05,CHEMBONDCH,
2026-03-06,CHEMBONDCH,
2026-03-09,CHEMBONDCH,
2026-03-10,CHEMBONDCH,
2026-03-11,CHEMBONDCH,
2026-03-12,CHEMBONDCH,
2026-03-13,CHEMBONDCH,
2026-03-16,CHEMBONDCH,
2026-03-17,CHEMBONDCH,
2026-03-18,CHEMBONDCH,
2026-03-19,CHEMBONDCH,
2026-03-20,CHEMBONDCH,
2026-03-23,CHEMBONDCH,
2026-03-24,CHEMBONDCH,
2026-03-25,CHEMBONDCH,
2026-03-27,CHEMBONDCH,
2026-03-30,CHEMBONDCH,
2026-04-01,CHEMBONDCH,
2026-04-02,CHEMBONDCH,
2026-04-06,CHEMBONDCH,
2026-04-07,CHEMBONDCH,
2026-04-08,CHEMBONDCH,
2026-04-09,CHEMBONDCH,
2026-04-10,CHEMBONDCH,
2026-04-13,CHEMBONDCH,
2026-04-15,CHEMBONDCH,
2026-04-16,CHEMBONDCH,
2026-04-17,CHEMBONDCH,
2026-04-20,CHEMBONDCH,
2026-04-21,CHEMBONDCH,
2026-04-22,CHEMBONDCH,
2026-04-23,CHEMBONDCH,
2026-04-24,CHEMBONDCH,
2026-04-27,CHEMBONDCH,
2026-04-28,CHEMBONDCH,
2026-04-29,CHEMBONDCH,
2026-04-30,CHEMBONDCH,
2026-05-04,CHEMBONDCH,
2026-05-05,CHEMBONDCH,
2026-05-06,CHEMBONDCH,
2026-05-07,CHEMBONDCH,
2026-05-08,CHEMBONDCH,
2026-05-11,CHEMBONDCH,
2026-05-12,CHEMBONDCH,
2026-05-13,CHEMBONDCH,
2026-05-14,CHEMBONDCH,
2026-05-15,CHEMBONDCH,
2026-05-18,CHEMBONDCH,
2026-05-19,CHEMBONDCH,
2026-05-20,CHEMBONDCH,
2026-05-21,CHEMBONDCH,
2026-05-22,CHEMBONDCH,
2026-05-25,CHEMBONDCH,
2026-05-26,CHEMBONDCH,
2026-05-27,CHEMBONDCH,
2026-05-29,CHEMBONDCH,
2026-06-01,CHEMBONDCH,
2026-06-02,CHEMBONDCH,
2026-06-03,CHEMBONDCH,
2026-06-04,CHEMBONDCH,
2026-06-05,CHEMBONDCH,
2026-06-08,CHEMBONDCH,
2026-06-09,CHEMBONDCH,
2026-06-10,CHEMBONDCH,
2026-06-11,CHEMBONDCH,
2026-06-12,CHEMBONDCH,
2026-06-15,CHEMBONDCH,
2026-06-16,CHEMBONDCH,
2026-06-17,CHEMBONDCH,
2026-06-18,CHEMBONDCH,
2026-06-19,CHEMBONDCH,
2026-06-22,CHEMBONDCH,
2026-06-23,CHEMBONDCH,
2026-06-24,CHEMBONDCH,
2026-06-25,CHEMBONDCH,
2026-06-29,CHEMBONDCH,
2026-06-30,CHEMBONDCH,
2026-07-01,CHEMBONDCH,
2026-07-02,CHEMBONDCH,
2026-07-03,CHEMBONDCH,
2026-07-06,CHEMBONDCH,
2026-07-07,CHEMBONDCH,
2026-07-08,CHEMBONDCH,
2026-07-09,CHEMBONDCH,
2026-07-10,CHEMBONDCH,
2026-07-13,CHEMBONDCH,
2026-07-14,CHEMBONDCH,
2026-07-15,CHEMBONDCH,
2026-07-16,CHEMBONDCH,
2026-07-17,CHEMBONDCH,
2026-07-20,CHEMBONDCH,
2026-07-21,CHEMBONDCH,
2026-07-22,CHEMBONDCH,
2026-07-23,CHEMBONDCH,
2026-07-24,CHEMBONDCH,
2026-07-27,CHEMBONDCH,
2026-07-28,CHEMBONDCH,
2026-07-29,CHEMBONDCH,
2026-07-30,CHEMBONDCH,
2026-07-31,CHEMBONDCH,
2026-08-03,CHEMBONDCH,
2026-08-04,CHEMBONDCH,
2026-08-05,CHEMBONDCH,
2026-08-06,CHEMBONDCH,230.0
2026-08-07,CHEMBONDCH,230.0
2026-08-10,CHEMBONDCH,230.0
2026-08-11,CHEMBONDCH,230.0
2026-08-12,CHEMBONDCH,230.0
2026-08-13,CHEMBONDCH,230.0
2026-08-14,CHEMBONDCH,230.0
2026-08-17,CHEMBONDCH,230.0
2026-08-18,CHEMBONDCH,230.0
2026-08-19,CHEMBONDCH,230.0
2026-08-20,CHEMBONDCH,230.0
2026-08-21,CHEMBONDCH,230.0
2026-08-24,CHEMBONDCH,230.0
2026-08-25,CHEMBONDCH,238.0921
2026-08-26,CHEMBONDCH,238.0921
2026-08-27,CHEMBONDCH,238.0921
2026-08-28,CHEMBONDCH,238.0921
2026-08-31,CHEMBONDCH,238.0921
2026-09-01,CHEMBONDCH,238.0921
2026-09-02,CHEMBONDCH,238.0921
2026-09-03,CHEMBONDCH,238.0921
2026-09-04,CHEMBONDCH,238.0921
2026-09-07,CHEMBONDCH,238.0921
2026-09-08,CHEMBONDCH,238.0921
2026-09-09,CHEMBONDCH,238.0921
2026-09-10,CHEMBONDCH,238.0921
2026-09-11,CHEMBONDCH,238.0921
2025-09-01,CONFIPET,
2025-09-02,CONFIPET,
2025-09-03,CONFIPET,
2025-09-04,CONFIPET,
2025-09-05,CONFIPET,
2025-09-08,CONFIPET,
2025-09-09,CONFIPET,
2025-09-10,CONFIPET,
2025-09-11,CONFIPET,
2025-09-12,CONFIPET,
2025-09-15,CONFIPET,
2025-09-16,CONFIPET,
2025-09-17,CONFIPET,
2025-09-18,CONFIPET,
2025-09-19,CONFIPET,
2025-09-22,CONFIPET,
2025-09-23,CONFIPET,
2025-09-24,CONFIPET,
2025-09-25,CONFIPET,
2025-09-26,CONFIPET,
2025-09-29,CONFIPET,
2025-09-30,CONFIPET,
2025-10-01,CONFIPET,
2025-10-03,CONFIPET,
2025-10-06,CONFIPET,
2025-10-07,CONFIPET,
2025-10-08,CONFIPET,
2025-10-09,CONFIPET,
2025-10-10,CONFIPET,
2025-10-13,CONFIPET,
2025-10-14,CONFIPET,
2025-10-15,CONFIPET,
2025-10-16,CONFIPET,
2025-10-17,CONFIPET,
2025-10-20,CONFIPET,
2025-10-21,CONFIPET,
2025-10-23,CONFIPET,
2025-10-24,CONFIPET,
2025-10-27,CONFIPET,
2025-10-28,CONFIPET,
2025-10-29,CONFIPET,
2025-10-30,CONFIPET,
2025-10-31,CONFIPET,
2025-11-03,CONFIPET,
2025-11-04,CONFIPET,
2025-11-06,CONFIPET,
2025-11-07,CONFIPET,
2025-11-10,CONFIPET,
2025-11-11,CONFIPET,
2025-11-12,CONFIPET,
2025-11-13,CONFIPET,
2025-11-14,CONFIPET,
2025-11-17,CONFIPET,
2025-11-18,CONFIPET,
2025-11-19,CONFIPET,
2025-11-20,CONFIPET,
2025-11-21,CONFIPET,
2025-11-24,CONFIPET,
2025-11-25,CONFIPET,
2025-11-26,CONFIPET,
2025-11-27,CONFIPET,
2025-11-28,CONFIPET,
2025-12-01,CONFIPET,
2025-12-02,CONFIPET,
2025-12-03,CONFIPET,
2025-12-04,CONFIPET,
2025-12-05,CONFIPET,
2025-12-08,CONFIPET,
2025-12-09,CONFIPET,
2025-12-10,CONFIPET,
2025-12-11,CONFIPET,
2025-12-12,CONFIPET,
2025-12-15,CONFIPET,
2025-12-16,CONFIPET,
2025-12-17,CONFIPET,
2025-12-18,CONFIPET,
2025-12-19,CONFIPET,
2025-12-22,CONFIPET,
2025-12-23,CONFIPET,
2025-12-24,CONFIPET,
2025-12-26,CONFIPET,
2025-12-29,CONFIPET,
2025-12-30,CONFIPET,
2025-12-31,CONFIPET,
2026-01-01,CONFIPET,
2026-01-02,CONFIPET,
2026-01-05,CONFIPET,
2026-01-06,CONFIPET,
2026-01-07,CONFIPET,
2026-01-08,CONFIPET,
2026-01-09,CONFIPET,
2026-01-12,CONFIPET,
2026-01-13,CONFIPET,
2026-01-14,CONFIPET,
2026-01-16,CONFIPET,
2026-01-19,CONFIPET,
2026-01-20,CONFIPET,
2026-01-21,CONFIPET,
2026-01-22,CONFIPET,
2026-01-23,CONFIPET,
2026-01-27,CONFIPET,
2026-01-28,CONFIPET,
2026-01-29,CONFIPET,
2026-01-30,CONFIPET,
2026-02-02,CONFIPET,
2026-02-03,CONFIPET,
2026-02-04,CONFIPET,
2026-02-05,CONFIPET,
2026-02-06,CONFIPET,
2026-02-09,CONFIPET,
2026-02-10,CONFIPET,
2026-02-11,CONFIPET,
2026-02-12,CONFIPET,
2026-02-13,CONFIPET,
2026-02-16,CONFIPET,
2026-02-17,CONFIPET,
2026-02-18,CONFIPET,
2026-02-19,CONFIPET,
2026-02-20,CONFIPET,
2026-02-23,CONFIPET,
2026-02-24,CONFIPET,
2026-02-25,CONFIPET,
2026-02-26,CONFIPET,
2026-02-27,CONFIPET,
2026-03-02,CONFIPET,
2026-03-04,CONFIPET,
2026-03-05,CONFIPET,
2026-03-06,CONFIPET,
2026-03-09,CONFIPET,
2026-03-10,CONFIPET,
2026-03-11,CONFIPET,
2026-03-12,CONFIPET,
2026-03-13,CONFIPET,
2026-03-16,CONFIPET,
2026-03-17,CONFIPET,
2026-03-18,CONFIPET,
2026-03-19,CONFIPET,
2026-03-20,CONFIPET,
2026-03-23,CONFIPET,
2026-03-24,CONFIPET,
2026-03-25,CONFIPET,
2026-03-27,CONFIPET,
2026-03-30,CONFIPET,
2026-04-01,CONFIPET,
2026-04-02,CONFIPET,
2026-04-06,CONFIPET,
2026-04-07,CONFIPET,
2026-04-08,CONFIPET,
2026-04-09,CONFIPET,
2026-04-10,CONFIPET,
2026-04-13,CONFIPET,
2026-04-15,CONFIPET,
2026-04-16,CONFIPET,
2026-04-17,CONFIPET,
2026-04-20,CONFIPET,
2026-04-21,CONFIPET,
2026-04-22,CONFIPET,
2026-04-23,CONFIPET,
2026-04-24,CONFIPET,
2026-04-27,CONFIPET,
2026-04-28,CONFIPET,
2026-04-29,CONFIPET,
2026-04-30,CONFIPET,
2026-05-04,CONFIPET,
2026-05-05,CONFIPET,
2026-05-06,CONFIPET,
2026-05-07,CONFIPET,
2026-05-08,CONFIPET,
2026-05-11,CONFIPET,
2026-05-12,CONFIPET,
2026-05-13,CONFIPET,
2026-05-14,CONFIPET,
2026-05-15,CONFIPET,
2026-05-18,CONFIPET,
2026-05-19,CONFIPET,
2026-05-20,CONFIPET,
2026-05-21,CONFIPET,
2026-05-22,CONFIPET,
2026-05-25,CONFIPET,
2026-05-26,CONFIPET,
2026-05-27,CONFIPET,
2026-05-29,CONFIPET,
2026-06-01,CONFIPET,
2026-06-02,CONFIPET,
2026-06-03,CONFIPET,
2026-06-04,CONFIPET,
2026-06-05,CONFIPET,
2026-06-08,CONFIPET,
2026-06-09,CONFIPET,
2026-06-10,CONFIPET,
2026-06-11,CONFIPET,
2026-06-12,CONFIPET,
2026-06-15,CONFIPET,
2026-06-16,CONFIPET,
2026-06-17,CONFIPET,
2026-06-18,CONFIPET,
2026-06-19,CONFIPET,70.67
2026-06-22,CONFIPET,70.67
2026-06-23,CONFIPET,70.67
2026-06-24,CONFIPET,70.8301
2026-06-25,CONFIPET,71.0583
2026-06-29,CONFIPET,71.1201
2026-06-30,CONFIPET,71.6132
2026-07-01,CONFIPET,71.6132
2026-07-02,CONFIPET,71.6132
2026-07-03,CONFIPET,71.6132
2026-07-06,CONFIPET,71.6132
2026-07-07,CONFIPET,71.6132
2026-07-08,CONFIPET,71.6132
2026-07-09,CONFIPET,71.6132
2026-07-10,CONFIPET,71.6132
2026-07-13,CONFIPET,71.6132
2026-07-14,CONFIPET,71.6132
2026-07-15,CONFIPET,71.6132
2026-07-16,CONFIPET,71.6132
2026-07-17,CONFIPET,71.6132
2026-07-20,CONFIPET,71.6132
2026-07-21,CONFIPET,71.6132
2026-07-22,CONFIPET,71.6132
2026-07-23,CONFIPET,71.6132
2026-07-24,CONFIPET,71.6132
2026-07-27,CONFIPET,71.6132
2026-07-28,CONFIPET,71.6132
2026-07-29,CONFIPET,71.6132
2026-07-30,CONFIPET,71.6132
2026-07-31,CONFIPET,71.6132
2026-08-03,CONFIPET,71.6132
2026-08-04,CONFIPET,71.6132
2026-08-05,CONFIPET,71.6132
2026-08-06,CONFIPET,71.6132
2026-08-07,CONFIPET,71.6132
2026-08-10,CONFIPET,71.6132
2026-08-11,CONFIPET,71.6132
2026-08-12,CONFIPET,71.6132
2026-08-13,CONFIPET,71.6132
2026-08-14,CONFIPET,71.6132
2026-08-17,CONFIPET,71.6132
2026-08-18,CONFIPET,71.6132
2026-08-19,CONFIPET,71.6132
2026-08-20,CONFIPET,71.6132
2026-08-21,CONFIPET,72.1564
2026-08-24,CONFIPET,72.1573
2026-08-25,CONFIPET,72.1573
2026-08-26,CONFIPET,72.5427
2026-08-27,CONFIPET,72.5427
2026-08-28,CONFIPET,72.5427
2026-08-31,CONFIPET,72.5427
2026-09-01,CONFIPET,72.5427
2026-09-02,CONFIPET,72.5427
2026-09-03,CONFIPET,72.5427
2026-09-04,CONFIPET,72.5427
2026-09-07,CONFIPET,72.5427
2026-09-08,CONFIPET,72.5427
2026-09-09,CONFIPET,74.111
2026-09-10,CONFIPET,74.111
2026-09-11,CONFIPET,74.111
2025-09-01,DIAMONDYD,
2025-09-02,DIAMONDYD,
2025-09-03,DIAMONDYD,
2025-09-04,DIAMONDYD,
2025-09-05,DIAMONDYD,
2025-09-08,DIAMONDYD,
2025-09-09,DIAMONDYD,
2025-09-10,DIAMONDYD,
2025-09-11,DIAMONDYD,
2025-09-12,DIAMONDYD,
2025-09-15,DIAMONDYD,
2025-09-16,DIAMONDYD,
2025-09-17,DIAMONDYD,
2025-09-18,DIAMONDYD,
2025-09-19,DIAMONDYD,
2025-09-22,DIAMONDYD,
2025-09-23,DIAMONDYD,
2025-09-24,DIAMONDYD,
2025-09-25,DIAMONDYD,
2025-09-26,DIAMONDYD,
2025-09-29,DIAMONDYD,
2025-09-30,DIAMONDYD,
2025-10-01,DIAMONDYD,
2025-10-03,DIAMONDYD,
2025-10-06,DIAMONDYD,
2025-10-07,DIAMONDYD,
2025-10-08,DIAMONDYD,
2025-10-09,DIAMONDYD,
2025-10-10,DIAMONDYD,
2025-10-13,DIAMONDYD,
2025-10-14,DIAMONDYD,
2025-10-15,DIAMONDYD,
2025-10-16,DIAMONDYD,
2025-10-17,DIAMONDYD,
2025-10-20,DIAMONDYD,
2025-10-21,DIAMONDYD,
2025-10-23,DIAMONDYD,
2025-10-24,DIAMONDYD,
2025-10-27,DIAMONDYD,
2025-10-28,DIAMONDYD,
2025-10-29,DIAMONDYD,
2025-10-30,DIAMONDYD,
2025-10-31,DIAMONDYD,
2025-11-03,DIAMONDYD,
2025-11-04,DIAMONDYD,
2025-11-06,DIAMONDYD,
2025-11-07,DIAMONDYD,
2025-11-10,DIAMONDYD,
2025-11-11,DIAMONDYD,
2025-11-12,DIAMONDYD,
2025-11-13,DIAMONDYD,
2025-11-14,DIAMONDYD,
2025-11-17,DIAMONDYD,
2025-11-18,DIAMONDYD,
2025-11-19,DIAMONDYD,
2025-11-20,DIAMONDYD,
2025-11-21,DIAMONDYD,
2025-11-24,DIAMONDYD,
2025-11-25,DIAMONDYD,
2025-11-26,DIAMONDYD,
2025-11-27,DIAMONDYD,
2025-11-28,DIAMONDYD,
2025-12-01,DIAMONDYD,
2025-12-02,DIAMONDYD,
2025-12-03,DIAMONDYD,
2025-12-04,DIAMONDYD,
2025-12-05,DIAMONDYD,
2025-12-08,DIAMONDYD,
2025-12-09,DIAMONDYD,
2025-12-10,DIAMONDYD,
2025-12-11,DIAMONDYD,
2025-12-12,DIAMONDYD,
2025-12-15,DIAMONDYD,
2025-12-16,DIAMONDYD,
2025-12-17,DIAMONDYD,
2025-12-18,DIAMONDYD,
2025-12-19,DIAMONDYD,
2025-12-22,DIAMONDYD,
2025-12-23,DIAMONDYD,
2025-12-24,DIAMONDYD,
2025-12-26,DIAMONDYD,
2025-12-29,DIAMONDYD,
2025-12-30,DIAMONDYD,
2025-12-31,DIAMONDYD,
2026-01-01,DIAMONDYD,
2026-01-02,DIAMONDYD,
2026-01-05,DIAMONDYD,
2026-01-06,DIAMONDYD,
2026-01-07,DIAMONDYD,
2026-01-08,DIAMONDYD,
2026-01-09,DIAMONDYD,
2026-01-12,DIAMONDYD,
2026-01-13,DIAMONDYD,
2026-01-14,DIAMONDYD,
2026-01-16,DIAMONDYD,
2026-01-19,DIAMONDYD,
2026-01-20,DIAMONDYD,
2026-01-21,DIAMONDYD,
2026-01-22,DIAMONDYD,
2026-01-23,DIAMONDYD,
2026-01-27,DIAMONDYD,
2026-01-28,DIAMONDYD,
2026-01-29,DIAMONDYD,
2026-01-30,DIAMONDYD,
2026-02-02,DIAMONDYD,
2026-02-03,DIAMONDYD,
2026-02-04,DIAMONDYD,
2026-02-05,DIAMONDYD,
2026-02-06,DIAMONDYD,
2026-02-09,DIAMONDYD,
2026-02-10,DIAMONDYD,
2026-02-11,DIAMONDYD,
2026-02-12,DIAMONDYD,
2026-02-13,DIAMONDYD,
2026-02-16,DIAMONDYD,
2026-02-17,DIAMONDYD,
2026-02-18,DIAMONDYD,
2026-02-19,DIAMONDYD,
2026-02-20,DIAMONDYD,
2026-02-23,DIAMONDYD,
2026-02-24,DIAMONDYD,
2026-02-25,DIAMONDYD,
2026-02-26,DIAMONDYD,
2026-02-27,DIAMONDYD,
2026-03-02,DIAMONDYD,
2026-03-04,DIAMONDYD,
2026-03-05,DIAMONDYD,
2026-03-06,DIAMONDYD,
2026-03-09,DIAMONDYD,
2026-03-10,DIAMONDYD,
2026-03-11,DIAMONDYD,
2026-03-12,DIAMONDYD,
2026-03-13,DIAMONDYD,
2026-03-16,DIAMONDYD,
2026-03-17,DIAMONDYD,
2026-03-18,DIAMONDYD,
2026-03-19,DIAMONDYD,
2026-03-20,DIAMONDYD,
2026-03-23,DIAMONDYD,
2026-03-24,DIAMONDYD,
2026-03-25,DIAMONDYD,
2026-03-27,DIAMONDYD,
2026-03-30,DIAMONDYD,
2026-04-01,DIAMONDYD,
2026-04-02,DIAMONDYD,
2026-04-06,DIAMONDYD,
2026-04-07,DIAMONDYD,
2026-04-08,DIAMONDYD,
2026-04-09,DIAMONDYD,
2026-04-10,DIAMONDYD,
2026-04-13,DIAMONDYD,
2026-04-15,DIAMONDYD,
2026-04-16,DIAMONDYD,
2026-04-17,DIAMONDYD,
2026-04-20,DIAMONDYD,
2026-04-21,DIAMONDYD,
2026-04-22,DIAMONDYD,
2026-04-23,DIAMONDYD,
2026-04-24,DIAMONDYD,
2026-04-27,DIAMONDYD,
2026-04-28,DIAMONDYD,
2026-04-29,DIAMONDYD,
2026-04-30,DIAMONDYD,
2026-05-04,DIAMONDYD,
2026-05-05,DIAMONDYD,
2026-05-06,DIAMONDYD,
2026-05-07,DIAMONDYD,
2026-05-08,DIAMONDYD,
2026-05-11,DIAMONDYD,
2026-05-12,DIAMONDYD,
2026-05-13,DIAMONDYD,
2026-05-14,DIAMONDYD,
2026-05-15,DIAMONDYD,
2026-05-18,DIAMONDYD,
2026-05-19,DIAMONDYD,
2026-05-20,DIAMONDYD,
2026-05-21,DIAMONDYD,
2026-05-22,DIAMONDYD,
2026-05-25,DIAMONDYD,
2026-05-26,DIAMONDYD,1004.38
2026-05-27,DIAMONDYD,1004.38
2026-05-29,DIAMONDYD,1040.365
2026-06-01,DIAMONDYD,1040.365
2026-06-02,DIAMONDYD,1040.365
2026-06-03,DIAMONDYD,1065.887
2026-06-04,DIAMONDYD,1065.887
2026-06-05,DIAMONDYD,1065.887
2026-06-08,DIAMONDYD,1065.887
2026-06-09,DIAMONDYD,1065.887
2026-06-10,DIAMONDYD,1065.887
2026-06-11,DIAMONDYD,1065.887
2026-06-12,DIAMONDYD,1065.887
2026-06-15,DIAMONDYD,1065.887
2026-06-16,DIAMONDYD,1065.887
2026-06-17,DIAMONDYD,1065.887
2026-06-18,DIAMONDYD,1065.887
2026-06-19,DIAMONDYD,1065.887
2026-06-22,DIAMONDYD,1065.887
2026-06-23,DIAMONDYD,1065.887
2026-06-24,DIAMONDYD,1065.887
2026-06-25,DIAMONDYD,1066.237
2026-06-29,DIAMONDYD,1066.237
2026-06-30,DIAMONDYD,1066.237
2026-07-01,DIAMONDYD,1066.237
2026-07-02,DIAMONDYD,1066.237
2026-07-03,DIAMONDYD,1066.237
2026-07-06,DIAMONDYD,1066.237
2026-07-07,DIAMONDYD,1066.237
2026-07-08,DIAMONDYD,1066.237
2026-07-09,DIAMONDYD,1066.237
2026-07-10,DIAMONDYD,1066.237
2026-07-13,DIAMONDYD,1066.237
2026-07-14,DIAMONDYD,1066.237
2026-07-15,DIAMONDYD,1066.237
2026-07-16,DIAMONDYD,1066.237
2026-07-17,DIAMONDYD,1066.237
2026-07-20,DIAMONDYD,1066.237
2026-07-21,DIAMONDYD,1066.237
2026-07-22,DIAMONDYD,1066.237
2026-07-23,DIAMONDYD,1066.237
2026-07-24,DIAMONDYD,1066.237
2026-07-27,DIAMONDYD,1066.237
2026-07-28,DIAMONDYD,1066.237
2026-07-29,DIAMONDYD,1066.237
2026-07-30,DIAMONDYD,1066.237
2026-07-31,DIAMONDYD,1066.237
2026-08-03,DIAMONDYD,1066.237
2026-08-04,DIAMONDYD,1066.237
2026-08-05,DIAMONDYD,1095.3522
2026-08-06,DIAMONDYD,1096.0494
2026-08-07,DIAMONDYD,1117.7679
2026-08-10,DIAMONDYD,1117.7679
2026-08-11,DIAMONDYD,1117.7679
2026-08-12,DIAMONDYD,1117.7679
2026-08-13,DIAMONDYD,1117.7679
2026-08-14,DIAMONDYD,1117.7679
2026-08-17,DIAMONDYD,1117.7679
2026-08-18,DIAMONDYD,1117.7679
2026-08-19,DIAMONDYD,1117.7679
2026-08-20,DIAMONDYD,1117.7679
2026-08-21,DIAMONDYD,1117.7679
2026-08-24,DIAMONDYD,1117.7679
2026-08-25,DIAMONDYD,1117.7679
2026-08-26,DIAMONDYD,1117.7679
2026-08-27,DIAMONDYD,1117.7679
2026-08-28,DIAMONDYD,1117.7679
2026-08-31,DIAMONDYD,1117.7679
2026-09-01,DIAMONDYD,1117.7679
2026-09-02,DIAMONDYD,1117.7679
2026-09-03,DIAMONDYD,1117.7679
2026-09-04,DIAMONDYD,1117.7679
2026-09-07,DIAMONDYD,1117.7679
2026-09-08,DIAMONDYD,1117.7679
2026-09-09,DIAMONDYD,1117.7679
2026-09-10,DIAMONDYD,1117.7679
2026-09-11,DIAMONDYD,1117.7679
2025-09-01,DOLLAR,
2025-09-02,DOLLAR,
2025-09-03,DOLLAR,
2025-09-04,DOLLAR,
2025-09-05,DOLLAR,
2025-09-08,DOLLAR,
2025-09-09,DOLLAR,
2025-09-10,DOLLAR,
2025-09-11,DOLLAR,
2025-09-12,DOLLAR,
2025-09-15,DOLLAR,
2025-09-16,DOLLAR,
2025-09-17,DOLLAR,
2025-09-18,DOLLAR,
2025-09-19,DOLLAR,
2025-09-22,DOLLAR,
2025-09-23,DOLLAR,
2025-09-24,DOLLAR,
2025-09-25,DOLLAR,
2025-09-26,DOLLAR,
2025-09-29,DOLLAR,
2025-09-30,DOLLAR,
2025-10-01,DOLLAR,
2025-10-03,DOLLAR,
2025-10-06,DOLLAR,
2025-10-07,DOLLAR,
2025-10-08,DOLLAR,
2025-10-09,DOLLAR,
2025-10-10,DOLLAR,
2025-10-13,DOLLAR,
2025-10-14,DOLLAR,
2025-10-15,DOLLAR,
2025-10-16,DOLLAR,
2025-10-17,DOLLAR,
2025-10-20,DOLLAR,
2025-10-21,DOLLAR,
2025-10-23,DOLLAR,
2025-10-24,DOLLAR,
2025-10-27,DOLLAR,
2025-10-28,DOLLAR,
2025-10-29,DOLLAR,
2025-10-30,DOLLAR,
2025-10-31,DOLLAR,
2025-11-03,DOLLAR,
2025-11-04,DOLLAR,
2025-11-06,DOLLAR,
2025-11-07,DOLLAR,
2025-11-10,DOLLAR,
2025-11-11,DOLLAR,
2025-11-12,DOLLAR,
2025-11-13,DOLLAR,
2025-11-14,DOLLAR,
2025-11-17,DOLLAR,
2025-11-18,DOLLAR,
2025-11-19,DOLLAR,
2025-11-20,DOLLAR,
2025-11-21,DOLLAR,
2025-11-24,DOLLAR,
2025-11-25,DOLLAR,
2025-11-26,DOLLAR,
2025-11-27,DOLLAR,
2025-11-28,DOLLAR,
2025-12-01,DOLLAR,
2025-12-02,DOLLAR,
2025-12-03,DOLLAR,
2025-12-04,DOLLAR,
2025-12-05,DOLLAR,
2025-12-08,DOLLAR,
2025-12-09,DOLLAR,
2025-12-10,DOLLAR,
2025-12-11,DOLLAR,
2025-12-12,DOLLAR,
2025-12-15,DOLLAR,
2025-12-16,DOLLAR,
2025-12-17,DOLLAR,
2025-12-18,DOLLAR,
2025-12-19,DOLLAR,
2025-12-22,DOLLAR,
2025-12-23,DOLLAR,
2025-12-24,DOLLAR,
2025-12-26,DOLLAR,
2025-12-29,DOLLAR,
2025-12-30,DOLLAR,
2025-12-31,DOLLAR,
2026-01-01,DOLLAR,
2026-01-02,DOLLAR,
2026-01-05,DOLLAR,
2026-01-06,DOLLAR,
2026-01-07,DOLLAR,
2026-01-08,DOLLAR,
2026-01-09,DOLLAR,
2026-01-12,DOLLAR,
2026-01-13,DOLLAR,
2026-01-14,DOLLAR,
2026-01-16,DOLLAR,
2026-01-19,DOLLAR,
2026-01-20,DOLLAR,
2026-01-21,DOLLAR,
2026-01-22,DOLLAR,
2026-01-23,DOLLAR,
2026-01-27,DOLLAR,
2026-01-28,DOLLAR,
2026-01-29,DOLLAR,
2026-01-30,DOLLAR,
2026-02-02,DOLLAR,
2026-02-03,DOLLAR,
2026-02-04,DOLLAR,
2026-02-05,DOLLAR,
2026-02-06,DOLLAR,
2026-02-09,DOLLAR,
2026-02-10,DOLLAR,
2026-02-11,DOLLAR,
2026-02-12,DOLLAR,
2026-02-13,DOLLAR,
2026-02-16,DOLLAR,
2026-02-17,DOLLAR,
2026-02-18,DOLLAR,
2026-02-19,DOLLAR,
2026-02-20,DOLLAR,
2026-02-23,DOLLAR,
2026-02-24,DOLLAR,
2026-02-25,DOLLAR,
2026-02-26,DOLLAR,
2026-02-27,DOLLAR,
2026-03-02,DOLLAR,
2026-03-04,DOLLAR,
2026-03-05,DOLLAR,
2026-03-06,DOLLAR,
2026-03-09,DOLLAR,
2026-03-10,DOLLAR,
2026-03-11,DOLLAR,
2026-03-12,DOLLAR,
2026-03-13,DOLLAR,
2026-03-16,DOLLAR,
2026-03-17,DOLLAR,
2026-03-18,DOLLAR,
2026-03-19,DOLLAR,
2026-03-20,DOLLAR,
2026-03-23,DOLLAR,
2026-03-24,DOLLAR,
2026-03-25,DOLLAR,
2026-03-27,DOLLAR,
2026-03-30,DOLLAR,
2026-04-01,DOLLAR,
2026-04-02,DOLLAR,
2026-04-06,DOLLAR,
2026-04-07,DOLLAR,
2026-04-08,DOLLAR,
2026-04-09,DOLLAR,
2026-04-10,DOLLAR,
2026-04-13,DOLLAR,
2026-04-15,DOLLAR,
2026-04-16,DOLLAR,
2026-04-17,DOLLAR,
2026-04-20,DOLLAR,
2026-04-21,DOLLAR,
2026-04-22,DOLLAR,
2026-04-23,DOLLAR,
2026-04-24,DOLLAR,
2026-04-27,DOLLAR,
2026-04-28,DOLLAR,
2026-04-29,DOLLAR,
2026-04-30,DOLLAR,
2026-05-04,DOLLAR,
2026-05-05,DOLLAR,
2026-05-06,DOLLAR,
2026-05-07,DOLLAR,
2026-05-08,DOLLAR,
2026-05-11,DOLLAR,
2026-05-12,DOLLAR,
2026-05-13,DOLLAR,
2026-05-14,DOLLAR,
2026-05-15,DOLLAR,
2026-05-18,DOLLAR,
2026-05-19,DOLLAR,
2026-05-20,DOLLAR,
2026-05-21,DOLLAR,
2026-05-22,DOLLAR,
2026-05-25,DOLLAR,
2026-05-26,DOLLAR,
2026-05-27,DOLLAR,
2026-05-29,DOLLAR,
2026-06-01,DOLLAR,
2026-06-02,DOLLAR,
2026-06-03,DOLLAR,
2026-06-04,DOLLAR,
2026-06-05,DOLLAR,
2026-06-08,DOLLAR,
2026-06-09,DOLLAR,
2026-06-10,DOLLAR,
2026-06-11,DOLLAR,
2026-06-12,DOLLAR,
2026-06-15,DOLLAR,
2026-06-16,DOLLAR,
2026-06-17,DOLLAR,
2026-06-18,DOLLAR,
2026-06-19,DOLLAR,
2026-06-22,DOLLAR,
2026-06-23,DOLLAR,
2026-06-24,DOLLAR,269.7
2026-06-25,DOLLAR,269.7
2026-06-29,DOLLAR,269.7
2026-06-30,DOLLAR,269.7
2026-07-01,DOLLAR,269.7
2026-07-02,DOLLAR,269.7
2026-07-03,DOLLAR,269.7
2026-07-06,DOLLAR,269.7
2026-07-07,DOLLAR,269.7
2026-07-08,DOLLAR,269.7
2026-07-09,DOLLAR,269.7
2026-07-10,DOLLAR,269.7
2026-07-13,DOLLAR,269.7
2026-07-14,DOLLAR,269.7
2026-07-15,DOLLAR,269.7
2026-07-16,DOLLAR,269.7
2026-07-17,DOLLAR,269.7
2026-07-20,DOLLAR,269.7
2026-07-21,DOLLAR,269.7
2026-07-22,DOLLAR,269.7
2026-07-23,DOLLAR,269.7
2026-07-24,DOLLAR,269.7
2026-07-27,DOLLAR,269.7
2026-07-28,DOLLAR,269.7
2026-07-29,DOLLAR,269.7
2026-07-30,DOLLAR,269.7
2026-07-31,DOLLAR,269.7
2026-08-03,DOLLAR,269.7
2026-08-04,DOLLAR,269.7
2026-08-05,DOLLAR,269.7
2026-08-06,DOLLAR,269.7
2026-08-07,DOLLAR,269.7
2026-08-10,DOLLAR,269.7
2026-08-11,DOLLAR,269.7
2026-08-12,DOLLAR,269.7
2026-08-13,DOLLAR,269.7
2026-08-14,DOLLAR,269.7
2026-08-17,DOLLAR,269.7
2026-08-18,DOLLAR,269.7
2026-08-19,DOLLAR,269.7
2026-08-20,DOLLAR,269.7
2026-08-21,DOLLAR,269.7
2026-08-24,DOLLAR,269.7
2026-08-25,DOLLAR,269.7
2026-08-26,DOLLAR,269.7
2026-08-27,DOLLAR,269.7
2026-08-28,DOLLAR,269.7
2026-08-31,DOLLAR,269.7
2026-09-01,DOLLAR,269.7
2026-09-02,DOLLAR,269.7
2026-09-03,DOLLAR,269.7
2026-09-04,DOLLAR,269.7
2026-09-07,DOLLAR,269.7
2026-09-08,DOLLAR,269.7
2026-09-09,DOLLAR,269.7
2026-09-10,DOLLAR,269.7
2026-09-11,DOLLAR,269.7
2025-09-01,EIEL,
2025-09-02,EIEL,
2025-09-03,EIEL,
2025-09-04,EIEL,
2025-09-05,EIEL,
2025-09-08,EIEL,
2025-09-09,EIEL,
2025-09-10,EIEL,
2025-09-11,EIEL,
2025-09-12,EIEL,
2025-09-15,EIEL,
2025-09-16,EIEL,
2025-09-17,EIEL,
2025-09-18,EIEL,
2025-09-19,EIEL,
2025-09-22,EIEL,
2025-09-23,EIEL,
2025-09-24,EIEL,
2025-09-25,EIEL,
2025-09-26,EIEL,
2025-09-29,EIEL,
2025-09-30,EIEL,
2025-10-01,EIEL,
2025-10-03,EIEL,
2025-10-06,EIEL,
2025-10-07,EIEL,
2025-10-08,EIEL,
2025-10-09,EIEL,
2025-10-10,EIEL,
2025-10-13,EIEL,
2025-10-14,EIEL,
2025-10-15,EIEL,
2025-10-16,EIEL,
2025-10-17,EIEL,
2025-10-20,EIEL,
2025-10-21,EIEL,
2025-10-23,EIEL,
2025-10-24,EIEL,
2025-10-27,EIEL,
2025-10-28,EIEL,
2025-10-29,EIEL,
2025-10-30,EIEL,
2025-10-31,EIEL,
2025-11-03,EIEL,
2025-11-04,EIEL,
2025-11-06,EIEL,
2025-11-07,EIEL,
2025-11-10,EIEL,
2025-11-11,EIEL,
2025-11-12,EIEL,
2025-11-13,EIEL,
2025-11-14,EIEL,
2025-11-17,EIEL,
2025-11-18,EIEL,
2025-11-19,EIEL,
2025-11-20,EIEL,
2025-11-21,EIEL,
2025-11-24,EIEL,
2025-11-25,EIEL,
2025-11-26,EIEL,
2025-11-27,EIEL,
2025-11-28,EIEL,
2025-12-01,EIEL,
2025-12-02,EIEL,
2025-12-03,EIEL,
2025-12-04,EIEL,
2025-12-05,EIEL,
2025-12-08,EIEL,
2025-12-09,EIEL,
2025-12-10,EIEL,
2025-12-11,EIEL,
2025-12-12,EIEL,
2025-12-15,EIEL,
2025-12-16,EIEL,
2025-12-17,EIEL,
2025-12-18,EIEL,
2025-12-19,EIEL,
2025-12-22,EIEL,
2025-12-23,EIEL,
2025-12-24,EIEL,
2025-12-26,EIEL,
2025-12-29,EIEL,
2025-12-30,EIEL,
2025-12-31,EIEL,
2026-01-01,EIEL,
2026-01-02,EIEL,
2026-01-05,EIEL,
2026-01-06,EIEL,
2026-01-07,EIEL,
2026-01-08,EIEL,
2026-01-09,EIEL,
2026-01-12,EIEL,
2026-01-13,EIEL,
2026-01-14,EIEL,
2026-01-16,EIEL,
2026-01-19,EIEL,
2026-01-20,EIEL,
2026-01-21,EIEL,
2026-01-22,EIEL,
2026-01-23,EIEL,
2026-01-27,EIEL,
2026-01-28,EIEL,
2026-01-29,EIEL,
2026-01-30,EIEL,
2026-02-02,EIEL,
2026-02-03,EIEL,
2026-02-04,EIEL,
2026-02-05,EIEL,
2026-02-06,EIEL,
2026-02-09,EIEL,
2026-02-10,EIEL,
2026-02-11,EIEL,
2026-02-12,EIEL,
2026-02-13,EIEL,
2026-02-16,EIEL,
2026-02-17,EIEL,
2026-02-18,EIEL,
2026-02-19,EIEL,
2026-02-20,EIEL,
2026-02-23,EIEL,
2026-02-24,EIEL,
2026-02-25,EIEL,
2026-02-26,EIEL,
2026-02-27,EIEL,
2026-03-02,EIEL,
2026-03-04,EIEL,
2026-03-05,EIEL,
2026-03-06,EIEL,
2026-03-09,EIEL,
2026-03-10,EIEL,
2026-03-11,EIEL,
2026-03-12,EIEL,
2026-03-13,EIEL,
2026-03-16,EIEL,
2026-03-17,EIEL,
2026-03-18,EIEL,
2026-03-19,EIEL,
2026-03-20,EIEL,
2026-03-23,EIEL,
2026-03-24,EIEL,
2026-03-25,EIEL,
2026-03-27,EIEL,
2026-03-30,EIEL,
2026-04-01,EIEL,
2026-04-02,EIEL,
2026-04-06,EIEL,
2026-04-07,EIEL,
2026-04-08,EIEL,
2026-04-09,EIEL,
2026-04-10,EIEL,
2026-04-13,EIEL,
2026-04-15,EIEL,
2026-04-16,EIEL,
2026-04-17,EIEL,
2026-04-20,EIEL,
2026-04-21,EIEL,
2026-04-22,EIEL,
2026-04-23,EIEL,
2026-04-24,EIEL,
2026-04-27,EIEL,
2026-04-28,EIEL,
2026-04-29,EIEL,
2026-04-30,EIEL,
2026-05-04,EIEL,
2026-05-05,EIEL,
2026-05-06,EIEL,
2026-05-07,EIEL,
2026-05-08,EIEL,
2026-05-11,EIEL,
2026-05-12,EIEL,
2026-05-13,EIEL,
2026-05-14,EIEL,
2026-05-15,EIEL,
2026-05-18,EIEL,
2026-05-19,EIEL,
2026-05-20,EIEL,
2026-05-21,EIEL,
2026-05-22,EIEL,
2026-05-25,EIEL,
2026-05-26,EIEL,
2026-05-27,EIEL,
2026-05-29,EIEL,
2026-06-01,EIEL,
2026-06-02,EIEL,
2026-06-03,EIEL,
2026-06-04,EIEL,
2026-06-05,EIEL,
2026-06-08,EIEL,
2026-06-09,EIEL,
2026-06-10,EIEL,
2026-06-11,EIEL,
2026-06-12,EIEL,
2026-06-15,EIEL,
2026-06-16,EIEL,
2026-06-17,EIEL,
2026-06-18,EIEL,
2026-06-19,EIEL,
2026-06-22,EIEL,
2026-06-23,EIEL,
2026-06-24,EIEL,
2026-06-25,EIEL,
2026-06-29,EIEL,
2026-06-30,EIEL,
2026-07-01,EIEL,
2026-07-02,EIEL,
2026-07-03,EIEL,
2026-07-06,EIEL,
2026-07-07,EIEL,
2026-07-08,EIEL,
2026-07-09,EIEL,
2026-07-10,EIEL,
2026-07-13,EIEL,
2026-07-14,EIEL,
2026-07-15,EIEL,
2026-07-16,EIEL,
2026-07-17,EIEL,
2026-07-20,EIEL,
2026-07-21,EIEL,
2026-07-22,EIEL,
2026-07-23,EIEL,
2026-07-24,EIEL,
2026-07-27,EIEL,
2026-07-28,EIEL,
2026-07-29,EIEL,
2026-07-30,EIEL,
2026-07-31,EIEL,
2026-08-03,EIEL,
2026-08-04,EIEL,
2026-08-05,EIEL,
2026-08-06,EIEL,
2026-08-07,EIEL,
2026-08-10,EIEL,
2026-08-11,EIEL,
2026-08-12,EIEL,
2026-08-13,EIEL,
2026-08-14,EIEL,
2026-08-17,EIEL,
2026-08-18,EIEL,
2026-08-19,EIEL,
2026-08-20,EIEL,
2026-08-21,EIEL,
2026-08-24,EIEL,
2026-08-25,EIEL,
2026-08-26,EIEL,
2026-08-27,EIEL,
2026-08-28,EIEL,
2026-08-31,EIEL,196.0
2026-09-01,EIEL,192.8739
2026-09-02,EIEL,191.8685
2026-09-03,EIEL,191.8685
2026-09-04,EIEL,191.8685
2026-09-07,EIEL,191.8685
2026-09-08,EIEL,191.8685
2026-09-09,EIEL,191.8685
2026-09-10,EIEL,191.8685
2026-09-11,EIEL,191.8685
2025-09-23,EUROPRATIK,
2025-09-24,EUROPRATIK,
2025-09-25,EUROPRATIK,
2025-09-26,EUROPRATIK,
2025-09-29,EUROPRATIK,
2025-09-30,EUROPRATIK,
2025-10-01,EUROPRATIK,
2025-10-03,EUROPRATIK,
2025-10-06,EUROPRATIK,
2025-10-07,EUROPRATIK,
2025-10-08,EUROPRATIK,
2025-10-09,EUROPRATIK,
2025-10-10,EUROPRATIK,
2025-10-13,EUROPRATIK,
2025-10-14,EUROPRATIK,
2025-10-15,EUROPRATIK,
2025-10-16,EUROPRATIK,
2025-10-17,EUROPRATIK,
2025-10-20,EUROPRATIK,
2025-10-21,EUROPRATIK,
2025-10-23,EUROPRATIK,
2025-10-24,EUROPRATIK,
2025-10-27,EUROPRATIK,
2025-10-28,EUROPRATIK,
2025-10-29,EUROPRATIK,
2025-10-30,EUROPRATIK,
2025-10-31,EUROPRATIK,
2025-11-03,EUROPRATIK,
2025-11-04,EUROPRATIK,
2025-11-06,EUROPRATIK,
2025-11-07,EUROPRATIK,
2025-11-10,EUROPRATIK,
2025-11-11,EUROPRATIK,
2025-11-12,EUROPRATIK,
2025-11-13,EUROPRATIK,
2025-11-14,EUROPRATIK,
2025-11-17,EUROPRATIK,
2025-11-18,EUROPRATIK,
2025-11-19,EUROPRATIK,
2025-11-20,EUROPRATIK,
2025-11-21,EUROPRATIK,
2025-11-24,EUROPRATIK,
2025-11-25,EUROPRATIK,
2025-11-26,EUROPRATIK,
2025-11-27,EUROPRATIK,
2025-11-28,EUROPRATIK,
2025-12-01,EUROPRATIK,
2025-12-02,EUROPRATIK,
2025-12-03,EUROPRATIK,
2025-12-04,EUROPRATIK,
2025-12-05,EUROPRATIK,
2025-12-08,EUROPRATIK,
2025-12-09,EUROPRATIK,
2025-12-10,EUROPRATIK,
2025-12-11,EUROPRATIK,
2025-12-12,EUROPRATIK,
2025-12-15,EUROPRATIK,
2025-12-16,EUROPRATIK,
2025-12-17,EUROPRATIK,
2025-12-18,EUROPRATIK,
2025-12-19,EUROPRATIK,
2025-12-22,EUROPRATIK,
2025-12-23,EUROPRATIK,
2025-12-24,EUROPRATIK,
2025-12-26,EUROPRATIK,
2025-12-29,EUROPRATIK,
2025-12-30,EUROPRATIK,
2025-12-31,EUROPRATIK,
2026-01-01,EUROPRATIK,
2026-01-02,EUROPRATIK,
2026-01-05,EUROPRATIK,
2026-01-06,EUROPRATIK,
2026-01-07,EUROPRATIK,
2026-01-08,EUROPRATIK,
2026-01-09,EUROPRATIK,
2026-01-12,EUROPRATIK,
2026-01-13,EUROPRATIK,
2026-01-14,EUROPRATIK,
2026-01-16,EUROPRATIK,
2026-01-19,EUROPRATIK,
2026-01-20,EUROPRATIK,
2026-01-21,EUROPRATIK,
2026-01-22,EUROPRATIK,
2026-01-23,EUROPRATIK,
2026-01-27,EUROPRATIK,
2026-01-28,EUROPRATIK,
2026-01-29,EUROPRATIK,
2026-01-30,EUROPRATIK,
2026-02-02,EUROPRATIK,
2026-02-03,EUROPRATIK,
2026-02-04,EUROPRATIK,
2026-02-05,EUROPRATIK,
2026-02-06,EUROPRATIK,
2026-02-09,EUROPRATIK,
2026-02-10,EUROPRATIK,
2026-02-11,EUROPRATIK,
2026-02-12,EUROPRATIK,
2026-02-13,EUROPRATIK,
2026-02-16,EUROPRATIK,
2026-02-17,EUROPRATIK,
2026-02-18,EUROPRATIK,
2026-02-19,EUROPRATIK,
2026-02-20,EUROPRATIK,
2026-02-23,EUROPRATIK,
2026-02-24,EUROPRATIK,
2026-02-25,EUROPRATIK,
2026-02-26,EUROPRATIK,
2026-02-27,EUROPRATIK,
2026-03-02,EUROPRATIK,
2026-03-04,EUROPRATIK,
2026-03-05,EUROPRATIK,
2026-03-06,EUROPRATIK,
2026-03-09,EUROPRATIK,
2026-03-10,EUROPRATIK,
2026-03-11,EUROPRATIK,
2026-03-12,EUROPRATIK,
2026-03-13,EUROPRATIK,
2026-03-16,EUROPRATIK,
2026-03-17,EUROPRATIK,
2026-03-18,EUROPRATIK,
2026-03-19,EUROPRATIK,
2026-03-20,EUROPRATIK,
2026-03-23,EUROPRATIK,
2026-03-24,EUROPRATIK,
2026-03-25,EUROPRATIK,
2026-03-27,EUROPRATIK,
2026-03-30,EUROPRATIK,
2026-04-01,EUROPRATIK,
2026-04-02,EUROPRATIK,
2026-04-06,EUROPRATIK,
2026-04-07,EUROPRATIK,
2026-04-08,EUROPRATIK,
2026-04-09,EUROPRATIK,
2026-04-10,EUROPRATIK,
2026-04-13,EUROPRATIK,
2026-04-15,EUROPRATIK,
2026-04-16,EUROPRATIK,
2026-04-17,EUROPRATIK,
2026-04-20,EUROPRATIK,
2026-04-21,EUROPRATIK,
2026-04-22,EUROPRATIK,
2026-04-23,EUROPRATIK,
2026-04-24,EUROPRATIK,
2026-04-27,EUROPRATIK,
2026-04-28,EUROPRATIK,
2026-04-29,EUROPRATIK,
2026-04-30,EUROPRATIK,
2026-05-04,EUROPRATIK,
2026-05-05,EUROPRATIK,
2026-05-06,EUROPRATIK,
2026-05-07,EUROPRATIK,
2026-05-08,EUROPRATIK,
2026-05-11,EUROPRATIK,
2026-05-12,EUROPRATIK,
2026-05-13,EUROPRATIK,
2026-05-14,EUROPRATIK,
2026-05-15,EUROPRATIK,
2026-05-18,EUROPRATIK,
2026-05-19,EUROPRATIK,
2026-05-20,EUROPRATIK,
2026-05-21,EUROPRATIK,267.6721
2026-05-22,EUROPRATIK,267.5755
2026-05-25,EUROPRATIK,267.5755
2026-05-26,EUROPRATIK,266.0922
2026-05-27,EUROPRATIK,266.0922
2026-05-29,EUROPRATIK,265.999
2026-06-01,EUROPRATIK,265.999
2026-06-02,EUROPRATIK,265.999
2026-06-03,EUROPRATIK,265.999
2026-06-04,EUROPRATIK,265.999
2026-06-05,EUROPRATIK,265.999
2026-06-08,EUROPRATIK,265.999
2026-06-09,EUROPRATIK,265.999
2026-06-10,EUROPRATIK,265.999
2026-06-11,EUROPRATIK,265.999
2026-06-12,EUROPRATIK,265.999
2026-06-15,EUROPRATIK,265.999
2026-06-16,EUROPRATIK,265.999
2026-06-17,EUROPRATIK,265.999
2026-06-18,EUROPRATIK,265.999
2026-06-19,EUROPRATIK,265.999
2026-06-22,EUROPRATIK,265.999
2026-06-23,EUROPRATIK,265.999
2026-06-24,EUROPRATIK,265.999
2026-06-25,EUROPRATIK,265.999
2026-06-29,EUROPRATIK,265.999
2026-06-30,EUROPRATIK,265.999
2026-07-01,EUROPRATIK,265.999
2026-07-02,EUROPRATIK,265.999
2026-07-03,EUROPRATIK,265.999
2026-07-06,EUROPRATIK,265.999
2026-07-07,EUROPRATIK,265.999
2026-07-08,EUROPRATIK,265.999
2026-07-09,EUROPRATIK,265.999
2026-07-10,EUROPRATIK,265.999
2026-07-13,EUROPRATIK,265.999
2026-07-14,EUROPRATIK,265.999
2026-07-15,EUROPRATIK,265.999
2026-07-16,EUROPRATIK,265.999
2026-07-17,EUROPRATIK,265.999
2026-07-20,EUROPRATIK,265.999
2026-07-21,EUROPRATIK,265.999
2026-07-22,EUROPRATIK,265.999
2026-07-23,EUROPRATIK,265.999
2026-07-24,EUROPRATIK,265.999
2026-07-27,EUROPRATIK,265.999
2026-07-28,EUROPRATIK,265.999
2026-07-29,EUROPRATIK,265.999
2026-07-30,EUROPRATIK,265.999
2026-07-31,EUROPRATIK,265.999
2026-08-03,EUROPRATIK,265.999
2026-08-04,EUROPRATIK,265.999
2026-08-05,EUROPRATIK,265.999
2026-08-06,EUROPRATIK,265.999
2026-08-07,EUROPRATIK,265.999
2026-08-10,EUROPRATIK,265.999
2026-08-11,EUROPRATIK,265.999
2026-08-12,EUROPRATIK,265.999
2026-08-13,EUROPRATIK,265.999
2026-08-14,EUROPRATIK,265.999
2026-08-17,EUROPRATIK,265.999
2026-08-18,EUROPRATIK,265.999
2026-08-19,EUROPRATIK,265.999
2026-08-20,EUROPRATIK,265.999
2026-08-21,EUROPRATIK,265.999
2026-08-24,EUROPRATIK,265.999
2026-08-25,EUROPRATIK,265.999
2026-08-26,EUROPRATIK,265.999
2026-08-27,EUROPRATIK,265.999
2026-08-28,EUROPRATIK,265.999
2026-08-31,EUROPRATIK,265.999
2026-09-01,EUROPRATIK,265.999
2026-09-02,EUROPRATIK,265.999
2026-09-03,EUROPRATIK,265.999
2026-09-04,EUROPRATIK,265.999
2026-09-07,EUROPRATIK,265.999
2026-09-08,EUROPRATIK,265.999
2026-09-09,EUROPRATIK,265.999
2026-09-10,EUROPRATIK,265.999
2026-09-11,EUROPRATIK,265.999
2025-09-01,GANDHAR,
2025-09-02,GANDHAR,
2025-09-03,GANDHAR,
2025-09-04,GANDHAR,
2025-09-05,GANDHAR,
2025-09-08,GANDHAR,
2025-09-09,GANDHAR,
2025-09-10,GANDHAR,
2025-09-11,GANDHAR,
2025-09-12,GANDHAR,
2025-09-15,GANDHAR,
2025-09-16,GANDHAR,
2025-09-17,GANDHAR,
2025-09-18,GANDHAR,
2025-09-19,GANDHAR,
2025-09-22,GANDHAR,
2025-09-23,GANDHAR,
2025-09-24,GANDHAR,
2025-09-25,GANDHAR,
2025-09-26,GANDHAR,
2025-09-29,GANDHAR,
2025-09-30,GANDHAR,
2025-10-01,GANDHAR,
2025-10-03,GANDHAR,
2025-10-06,GANDHAR,
2025-10-07,GANDHAR,
2025-10-08,GANDHAR,
2025-10-09,GANDHAR,
2025-10-10,GANDHAR,
2025-10-13,GANDHAR,
2025-10-14,GANDHAR,
2025-10-15,GANDHAR,
2025-10-16,GANDHAR,
2025-10-17,GANDHAR,
2025-10-20,GANDHAR,
2025-10-21,GANDHAR,
2025-10-23,GANDHAR,
2025-10-24,GANDHAR,
2025-10-27,GANDHAR,
2025-10-28,GANDHAR,
2025-10-29,GANDHAR,
2025-10-30,GANDHAR,
2025-10-31,GANDHAR,
2025-11-03,GANDHAR,
2025-11-04,GANDHAR,
2025-11-06,GANDHAR,
2025-11-07,GANDHAR,
2025-11-10,GANDHAR,
2025-11-11,GANDHAR,
2025-11-12,GANDHAR,
2025-11-13,GANDHAR,
2025-11-14,GANDHAR,
2025-11-17,GANDHAR,
2025-11-18,GANDHAR,
2025-11-19,GANDHAR,
2025-11-20,GANDHAR,
2025-11-21,GANDHAR,
2025-11-24,GANDHAR,
2025-11-25,GANDHAR,
2025-11-26,GANDHAR,
2025-11-27,GANDHAR,
2025-11-28,GANDHAR,
2025-12-01,GANDHAR,
2025-12-02,GANDHAR,
2025-12-03,GANDHAR,
2025-12-04,GANDHAR,
2025-12-05,GANDHAR,
2025-12-08,GANDHAR,
2025-12-09,GANDHAR,
2025-12-10,GANDHAR,
2025-12-11,GANDHAR,
2025-12-12,GANDHAR,
2025-12-15,GANDHAR,
2025-12-16,GANDHAR,
2025-12-17,GANDHAR,
2025-12-18,GANDHAR,
2025-12-19,GANDHAR,
2025-12-22,GANDHAR,
2025-12-23,GANDHAR,
2025-12-24,GANDHAR,
2025-12-26,GANDHAR,
2025-12-29,GANDHAR,
2025-12-30,GANDHAR,
2025-12-31,GANDHAR,
2026-01-01,GANDHAR,
2026-01-02,GANDHAR,
2026-01-05,GANDHAR,
2026-01-06,GANDHAR,
2026-01-07,GANDHAR,
2026-01-08,GANDHAR,
2026-01-09,GANDHAR,
2026-01-12,GANDHAR,
2026-01-13,GANDHAR,
2026-01-14,GANDHAR,
2026-01-16,GANDHAR,
2026-01-19,GANDHAR,
2026-01-20,GANDHAR,
2026-01-21,GANDHAR,
2026-01-22,GANDHAR,
2026-01-23,GANDHAR,
2026-01-27,GANDHAR,
2026-01-28,GANDHAR,
2026-01-29,GANDHAR,
2026-01-30,GANDHAR,
2026-02-02,GANDHAR,
2026-02-03,GANDHAR,
2026-02-04,GANDHAR,
2026-02-05,GANDHAR,
2026-02-06,GANDHAR,
2026-02-09,GANDHAR,
2026-02-10,GANDHAR,
2026-02-11,GANDHAR,
2026-02-12,GANDHAR,
2026-02-13,GANDHAR,
2026-02-16,GANDHAR,
2026-02-17,GANDHAR,
2026-02-18,GANDHAR,
2026-02-19,GANDHAR,
2026-02-20,GANDHAR,
2026-02-23,GANDHAR,
2026-02-24,GANDHAR,
2026-02-25,GANDHAR,
2026-02-26,GANDHAR,
2026-02-27,GANDHAR,
2026-03-02,GANDHAR,
2026-03-04,GANDHAR,
2026-03-05,GANDHAR,
2026-03-06,GANDHAR,
2026-03-09,GANDHAR,
2026-03-10,GANDHAR,
2026-03-11,GANDHAR,
2026-03-12,GANDHAR,
2026-03-13,GANDHAR,
2026-03-16,GANDHAR,
2026-03-17,GANDHAR,
2026-03-18,GANDHAR,
2026-03-19,GANDHAR,
2026-03-20,GANDHAR,
2026-03-23,GANDHAR,
2026-03-24,GANDHAR,
2026-03-25,GANDHAR,
2026-03-27,GANDHAR,
2026-03-30,GANDHAR,
2026-04-01,GANDHAR,
2026-04-02,GANDHAR,
2026-04-06,GANDHAR,
2026-04-07,GANDHAR,
2026-04-08,GANDHAR,
2026-04-09,GANDHAR,
2026-04-10,GANDHAR,
2026-04-13,GANDHAR,
2026-04-15,GANDHAR,
2026-04-16,GANDHAR,
2026-04-17,GANDHAR,
2026-04-20,GANDHAR,
2026-04-21,GANDHAR,
2026-04-22,GANDHAR,
2026-04-23,GANDHAR,
2026-04-24,GANDHAR,
2026-04-27,GANDHAR,
2026-04-28,GANDHAR,
2026-04-29,GANDHAR,
2026-04-30,GANDHAR,
2026-05-04,GANDHAR,
2026-05-05,GANDHAR,
2026-05-06,GANDHAR,
2026-05-07,GANDHAR,
2026-05-08,GANDHAR,
2026-05-11,GANDHAR,
2026-05-12,GANDHAR,
2026-05-13,GANDHAR,
2026-05-14,GANDHAR,
2026-05-15,GANDHAR,
2026-05-18,GANDHAR,
2026-05-19,GANDHAR,
2026-05-20,GANDHAR,
2026-05-21,GANDHAR,
2026-05-22,GANDHAR,
2026-05-25,GANDHAR,
2026-05-26,GANDHAR,
2026-05-27,GANDHAR,
2026-05-29,GANDHAR,
2026-06-01,GANDHAR,
2026-06-02,GANDHAR,
2026-06-03,GANDHAR,
2026-06-04,GANDHAR,
2026-06-05,GANDHAR,
2026-06-08,GANDHAR,157.532
2026-06-09,GANDHAR,157.9829
2026-06-10,GANDHAR,157.9829
2026-06-11,GANDHAR,157.9829
2026-06-12,GANDHAR,157.9829
2026-06-15,GANDHAR,157.9829
2026-06-16,GANDHAR,158.5989
2026-06-17,GANDHAR,158.5989
2026-06-18,GANDHAR,158.5989
2026-06-19,GANDHAR,158.5989
2026-06-22,GANDHAR,158.5989
2026-06-23,GANDHAR,158.5989
2026-06-24,GANDHAR,158.5989
2026-06-25,GANDHAR,158.5989
2026-06-29,GANDHAR,158.5989
2026-06-30,GANDHAR,158.5989
2026-07-01,GANDHAR,158.5989
2026-07-02,GANDHAR,158.5989
2026-07-03,GANDHAR,158.5989
2026-07-06,GANDHAR,158.5989
2026-07-07,GANDHAR,158.5989
2026-07-08,GANDHAR,158.5989
2026-07-09,GANDHAR,158.5989
2026-07-10,GANDHAR,158.5989
2026-07-13,GANDHAR,158.5989
2026-07-14,GANDHAR,158.5989
2026-07-15,GANDHAR,158.5989
2026-07-16,GANDHAR,158.5989
2026-07-17,GANDHAR,158.5989
2026-07-20,GANDHAR,158.5989
2026-07-21,GANDHAR,158.5989
2026-07-22,GANDHAR,158.5989
2026-07-23,GANDHAR,158.5989
2026-07-24,GANDHAR,158.5989
2026-07-27,GANDHAR,158.5989
2026-07-28,GANDHAR,158.5989
2026-07-29,GANDHAR,158.5989
2026-07-30,GANDHAR,158.5989
2026-07-31,GANDHAR,158.5989
2026-08-03,GANDHAR,158.5989
2026-08-04,GANDHAR,158.5989
2026-08-05,GANDHAR,158.5989
2026-08-06,GANDHAR,158.5989
2026-08-07,GANDHAR,158.5989
2026-08-10,GANDHAR,158.5989
2026-08-11,GANDHAR,158.5989
2026-08-12,GANDHAR,158.5989
2026-08-13,GANDHAR,158.5989
2026-08-14,GANDHAR,158.5989
2026-08-17,GANDHAR,158.5989
2026-08-18,GANDHAR,158.5989
2026-08-19,GANDHAR,158.5989
2026-08-20,GANDHAR,158.5989
2026-08-21,GANDHAR,158.5989
2026-08-24,GANDHAR,158.5989
2026-08-25,GANDHAR,158.5989
2026-08-26,GANDHAR,158.5989
2026-08-27,GANDHAR,158.5989
2026-08-28,GANDHAR,158.5989
2026-08-31,GANDHAR,158.5989
2026-09-01,GANDHAR,158.5989
2026-09-02,GANDHAR,158.5989
2026-09-03,GANDHAR,158.5989
2026-09-04,GANDHAR,158.5989
2026-09-07,GANDHAR,172.8711
2026-09-08,GANDHAR,189.0309
2026-09-09,GANDHAR,189.0309
2026-09-10,GANDHAR,189.0309
2026-09-11,GANDHAR,189.0309
2025-09-29,GANESHCP,
2025-09-30,GANESHCP,
2025-10-01,GANESHCP,
2025-10-03,GANESHCP,
2025-10-06,GANESHCP,
2025-10-07,GANESHCP,
2025-10-08,GANESHCP,
2025-10-09,GANESHCP,
2025-10-10,GANESHCP,
2025-10-13,GANESHCP,
2025-10-14,GANESHCP,
2025-10-15,GANESHCP,
2025-10-16,GANESHCP,
2025-10-17,GANESHCP,
2025-10-20,GANESHCP,
2025-10-21,GANESHCP,
2025-10-23,GANESHCP,
2025-10-24,GANESHCP,
2025-10-27,GANESHCP,
2025-10-28,GANESHCP,
2025-10-29,GANESHCP,
2025-10-30,GANESHCP,
2025-10-31,GANESHCP,
2025-11-03,GANESHCP,
2025-11-04,GANESHCP,
2025-11-06,GANESHCP,
2025-11-07,GANESHCP,
2025-11-10,GANESHCP,
2025-11-11,GANESHCP,
2025-11-12,GANESHCP,
2025-11-13,GANESHCP,
2025-11-14,GANESHCP,
2025-11-17,GANESHCP,
2025-11-18,GANESHCP,
2025-11-19,GANESHCP,
2025-11-20,GANESHCP,
2025-11-21,GANESHCP,
2025-11-24,GANESHCP,
2025-11-25,GANESHCP,
2025-11-26,GANESHCP,
2025-11-27,GANESHCP,
2025-11-28,GANESHCP,
2025-12-01,GANESHCP,
2025-12-02,GANESHCP,
2025-12-03,GANESHCP,
2025-12-04,GANESHCP,
2025-12-05,GANESHCP,
2025-12-08,GANESHCP,
2025-12-09,GANESHCP,
2025-12-10,GANESHCP,
2025-12-11,GANESHCP,
2025-12-12,GANESHCP,
2025-12-15,GANESHCP,
2025-12-16,GANESHCP,
2025-12-17,GANESHCP,
2025-12-18,GANESHCP,
2025-12-19,GANESHCP,
2025-12-22,GANESHCP,
2025-12-23,GANESHCP,
2025-12-24,GANESHCP,
2025-12-26,GANESHCP,
2025-12-29,GANESHCP,
2025-12-30,GANESHCP,
2025-12-31,GANESHCP,
2026-01-01,GANESHCP,
2026-01-02,GANESHCP,
2026-01-05,GANESHCP,
2026-01-06,GANESHCP,
2026-01-07,GANESHCP,
2026-01-08,GANESHCP,
2026-01-09,GANESHCP,
2026-01-12,GANESHCP,
2026-01-13,GANESHCP,
2026-01-14,GANESHCP,
2026-01-16,GANESHCP,
2026-01-19,GANESHCP,
2026-01-20,GANESHCP,
2026-01-21,GANESHCP,
2026-01-22,GANESHCP,
2026-01-23,GANESHCP,
2026-01-27,GANESHCP,
2026-01-28,GANESHCP,
2026-01-29,GANESHCP,
2026-01-30,GANESHCP,
2026-02-02,GANESHCP,
2026-02-03,GANESHCP,
2026-02-04,GANESHCP,
2026-02-05,GANESHCP,
2026-02-06,GANESHCP,
2026-02-09,GANESHCP,
2026-02-10,GANESHCP,
2026-02-11,GANESHCP,
2026-02-12,GANESHCP,
2026-02-13,GANESHCP,
2026-02-16,GANESHCP,
2026-02-17,GANESHCP,
2026-02-18,GANESHCP,
2026-02-19,GANESHCP,
2026-02-20,GANESHCP,
2026-02-23,GANESHCP,
2026-02-24,GANESHCP,
2026-02-25,GANESHCP,
2026-02-26,GANESHCP,
2026-02-27,GANESHCP,
2026-03-02,GANESHCP,
2026-03-04,GANESHCP,
2026-03-05,GANESHCP,
2026-03-06,GANESHCP,
2026-03-09,GANESHCP,
2026-03-10,GANESHCP,
2026-03-11,GANESHCP,
2026-03-12,GANESHCP,
2026-03-13,GANESHCP,
2026-03-16,GANESHCP,
2026-03-17,GANESHCP,
2026-03-18,GANESHCP,
2026-03-19,GANESHCP,
2026-03-20,GANESHCP,
2026-03-23,GANESHCP,
2026-03-24,GANESHCP,
2026-03-25,GANESHCP,
2026-03-27,GANESHCP,
2026-03-30,GANESHCP,
2026-04-01,GANESHCP,
2026-04-02,GANESHCP,
2026-04-06,GANESHCP,
2026-04-07,GANESHCP,
2026-04-08,GANESHCP,
2026-04-09,GANESHCP,
2026-04-10,GANESHCP,
2026-04-13,GANESHCP,
2026-04-15,GANESHCP,
2026-04-16,GANESHCP,
2026-04-17,GANESHCP,
2026-04-20,GANESHCP,
2026-04-21,GANESHCP,
2026-04-22,GANESHCP,
2026-04-23,GANESHCP,
2026-04-24,GANESHCP,
2026-04-27,GANESHCP,
2026-04-28,GANESHCP,
2026-04-29,GANESHCP,
2026-04-30,GANESHCP,
2026-05-04,GANESHCP,
2026-05-05,GANESHCP,
2026-05-06,GANESHCP,
2026-05-07,GANESHCP,
2026-05-08,GANESHCP,
2026-05-11,GANESHCP,
2026-05-12,GANESHCP,
2026-05-13,GANESHCP,
2026-05-14,GANESHCP,
2026-05-15,GANESHCP,
2026-05-18,GANESHCP,
2026-05-19,GANESHCP,
2026-05-20,GANESHCP,
2026-05-21,GANESHCP,
2026-05-22,GANESHCP,
2026-05-25,GANESHCP,
2026-05-26,GANESHCP,
2026-05-27,GANESHCP,
2026-05-29,GANESHCP,
2026-06-01,GANESHCP,203.9906
2026-06-02,GANESHCP,207.4452
2026-06-03,GANESHCP,207.4452
2026-06-04,GANESHCP,207.4452
2026-06-05,GANESHCP,207.4452
2026-06-08,GANESHCP,207.4452
2026-06-09,GANESHCP,207.4452
2026-06-10,GANESHCP,207.4452
2026-06-11,GANESHCP,207.4452
2026-06-12,GANESHCP,207.4452
2026-06-15,GANESHCP,207.4452
2026-06-16,GANESHCP,207.4452
2026-06-17,GANESHCP,207.4452
2026-06-18,GANESHCP,207.4452
2026-06-19,GANESHCP,206.0574
2026-06-22,GANESHCP,206.0574
2026-06-23,GANESHCP,205.1678
2026-06-24,GANESHCP,205.1678
2026-06-25,GANESHCP,205.1678
2026-06-29,GANESHCP,205.1678
2026-06-30,GANESHCP,204.1347
2026-07-01,GANESHCP,204.1347
2026-07-02,GANESHCP,204.1347
2026-07-03,GANESHCP,204.1347
2026-07-06,GANESHCP,204.1347
2026-07-07,GANESHCP,204.1347
2026-07-08,GANESHCP,204.1347
2026-07-09,GANESHCP,204.1347
2026-07-10,GANESHCP,204.1347
2026-07-13,GANESHCP,204.1347
2026-07-14,GANESHCP,204.1347
2026-07-15,GANESHCP,204.1347
2026-07-16,GANESHCP,204.1347
2026-07-17,GANESHCP,204.1347
2026-07-20,GANESHCP,204.1347
2026-07-21,GANESHCP,204.1347
2026-07-22,GANESHCP,204.1347
2026-07-23,GANESHCP,204.1347
2026-07-24,GANESHCP,204.1347
2026-07-27,GANESHCP,204.1347
2026-07-28,GANESHCP,204.1347
2026-07-29,GANESHCP,204.1347
2026-07-30,GANESHCP,204.1347
2026-07-31,GANESHCP,204.1347
2026-08-03,GANESHCP,204.1347
2026-08-04,GANESHCP,204.1347
2026-08-05,GANESHCP,204.1347
2026-08-06,GANESHCP,204.1347
2026-08-07,GANESHCP,204.1347
2026-08-10,GANESHCP,204.1347
2026-08-11,GANESHCP,204.1347
2026-08-12,GANESHCP,204.1347
2026-08-13,GANESHCP,204.1347
2026-08-14,GANESHCP,204.1347
2026-08-17,GANESHCP,204.1347
2026-08-18,GANESHCP,204.1347
2026-08-19,GANESHCP,204.1347
2026-08-20,GANESHCP,204.1347
2026-08-21,GANESHCP,204.1347
2026-08-24,GANESHCP,204.1347
2026-08-25,GANESHCP,201.209
2026-08-26,GANESHCP,201.209
2026-08-27,GANESHCP,201.209
2026-08-28,GANESHCP,201.209
2026-08-31,GANESHCP,201.209
2026-09-01,GANESHCP,201.209
2026-09-02,GANESHCP,199.7495
2026-09-03,GANESHCP,199.7495
2026-09-04,GANESHCP,199.7495
2026-09-07,GANESHCP,199.7495
2026-09-08,GANESHCP,199.7495
2026-09-09,GANESHCP,199.7495
2026-09-10,GANESHCP,199.7495
2026-09-11,GANESHCP,199.7495
2025-09-01,GOKUL,
2025-09-02,GOKUL,
2025-09-03,GOKUL,
2025-09-04,GOKUL,
2025-09-05,GOKUL,
2025-09-08,GOKUL,
2025-09-09,GOKUL,
2025-09-10,GOKUL,
2025-09-11,GOKUL,
2025-09-12,GOKUL,
2025-09-15,GOKUL,
2025-09-16,GOKUL,
2025-09-17,GOKUL,
2025-09-18,GOKUL,
2025-09-19,GOKUL,
2025-09-22,GOKUL,
2025-09-23,GOKUL,
2025-09-24,GOKUL,
2025-09-25,GOKUL,
2025-09-26,GOKUL,
2025-09-29,GOKUL,
2025-09-30,GOKUL,
2025-10-01,GOKUL,
2025-10-03,GOKUL,
2025-10-06,GOKUL,
2025-10-07,GOKUL,
2025-10-08,GOKUL,
2025-10-09,GOKUL,
2025-10-10,GOKUL,
2025-10-13,GOKUL,
2025-10-14,GOKUL,
2025-10-15,GOKUL,
2025-10-16,GOKUL,
2025-10-17,GOKUL,
2025-10-20,GOKUL,
2025-10-21,GOKUL,
2025-10-23,GOKUL,
2025-10-24,GOKUL,
2025-10-27,GOKUL,
2025-10-28,GOKUL,
2025-10-29,GOKUL,
2025-10-30,GOKUL,
2025-10-31,GOKUL,
2025-11-03,GOKUL,
2025-11-04,GOKUL,
2025-11-06,GOKUL,
2025-11-07,GOKUL,
2025-11-10,GOKUL,
2025-11-11,GOKUL,
2025-11-12,GOKUL,
2025-11-13,GOKUL,
2025-11-14,GOKUL,
2025-11-17,GOKUL,
2025-11-18,GOKUL,
2025-11-19,GOKUL,
2025-11-20,GOKUL,
2025-11-21,GOKUL,
2025-11-24,GOKUL,
2025-11-25,GOKUL,
2025-11-26,GOKUL,
2025-11-27,GOKUL,
2025-11-28,GOKUL,
2025-12-01,GOKUL,
2025-12-02,GOKUL,
2025-12-03,GOKUL,
2025-12-04,GOKUL,
2025-12-05,GOKUL,
2025-12-08,GOKUL,
2025-12-09,GOKUL,
2025-12-10,GOKUL,
2025-12-11,GOKUL,
2025-12-12,GOKUL,
2025-12-15,GOKUL,
2025-12-16,GOKUL,
2025-12-17,GOKUL,
2025-12-18,GOKUL,
2025-12-19,GOKUL,
2025-12-22,GOKUL,
2025-12-23,GOKUL,
2025-12-24,GOKUL,
2025-12-26,GOKUL,
2025-12-29,GOKUL,
2025-12-30,GOKUL,
2025-12-31,GOKUL,
2026-01-01,GOKUL,
2026-01-02,GOKUL,
2026-01-05,GOKUL,
2026-01-06,GOKUL,
2026-01-07,GOKUL,
2026-01-08,GOKUL,
2026-01-09,GOKUL,
2026-01-12,GOKUL,
2026-01-13,GOKUL,
2026-01-14,GOKUL,
2026-01-16,GOKUL,
2026-01-19,GOKUL,
2026-01-20,GOKUL,
2026-01-21,GOKUL,
2026-01-22,GOKUL,
2026-01-23,GOKUL,
2026-01-27,GOKUL,
2026-01-28,GOKUL,
2026-01-29,GOKUL,
2026-01-30,GOKUL,
2026-02-02,GOKUL,
2026-02-03,GOKUL,
2026-02-04,GOKUL,
2026-02-05,GOKUL,
2026-02-06,GOKUL,
2026-02-09,GOKUL,
2026-02-10,GOKUL,
2026-02-11,GOKUL,
2026-02-12,GOKUL,
2026-02-13,GOKUL,
2026-02-16,GOKUL,
2026-02-17,GOKUL,
2026-02-18,GOKUL,
2026-02-19,GOKUL,
2026-02-20,GOKUL,
2026-02-23,GOKUL,
2026-02-24,GOKUL,
2026-02-25,GOKUL,
2026-02-26,GOKUL,
2026-02-27,GOKUL,
2026-03-02,GOKUL,
2026-03-04,GOKUL,
2026-03-05,GOKUL,
2026-03-06,GOKUL,
2026-03-09,GOKUL,
2026-03-10,GOKUL,
2026-03-11,GOKUL,
2026-03-12,GOKUL,
2026-03-13,GOKUL,
2026-03-16,GOKUL,
2026-03-17,GOKUL,
2026-03-18,GOKUL,
2026-03-19,GOKUL,
2026-03-20,GOKUL,
2026-03-23,GOKUL,
2026-03-24,GOKUL,
2026-03-25,GOKUL,
2026-03-27,GOKUL,
2026-03-30,GOKUL,
2026-04-01,GOKUL,
2026-04-02,GOKUL,
2026-04-06,GOKUL,
2026-04-07,GOKUL,
2026-04-08,GOKUL,
2026-04-09,GOKUL,
2026-04-10,GOKUL,
2026-04-13,GOKUL,
2026-04-15,GOKUL,
2026-04-16,GOKUL,
2026-04-17,GOKUL,
2026-04-20,GOKUL,
2026-04-21,GOKUL,
2026-04-22,GOKUL,
2026-04-23,GOKUL,
2026-04-24,GOKUL,
2026-04-27,GOKUL,
2026-04-28,GOKUL,
2026-04-29,GOKUL,
2026-04-30,GOKUL,
2026-05-04,GOKUL,
2026-05-05,GOKUL,
2026-05-06,GOKUL,
2026-05-07,GOKUL,
2026-05-08,GOKUL,
2026-05-11,GOKUL,
2026-05-12,GOKUL,
2026-05-13,GOKUL,
2026-05-14,GOKUL,
2026-05-15,GOKUL,
2026-05-18,GOKUL,
2026-05-19,GOKUL,
2026-05-20,GOKUL,
2026-05-21,GOKUL,
2026-05-22,GOKUL,
2026-05-25,GOKUL,
2026-05-26,GOKUL,
2026-05-27,GOKUL,
2026-05-29,GOKUL,
2026-06-01,GOKUL,
2026-06-02,GOKUL,
2026-06-03,GOKUL,
2026-06-04,GOKUL,
2026-06-05,GOKUL,
2026-06-08,GOKUL,
2026-06-09,GOKUL,40.9174
2026-06-10,GOKUL,40.9773
2026-06-11,GOKUL,40.995
2026-06-12,GOKUL,41.5995
2026-06-15,GOKUL,41.5037
2026-06-16,GOKUL,41.4789
2026-06-17,GOKUL,41.748
2026-06-18,GOKUL,41.748
2026-06-19,GOKUL,41.748
2026-06-22,GOKUL,41.748
2026-06-23,GOKUL,41.748
2026-06-24,GOKUL,41.748
2026-06-25,GOKUL,41.748
2026-06-29,GOKUL,41.748
2026-06-30,GOKUL,41.748
2026-07-01,GOKUL,41.748
2026-07-02,GOKUL,41.748
2026-07-03,GOKUL,41.748
2026-07-06,GOKUL,41.748
2026-07-07,GOKUL,41.748
2026-07-08,GOKUL,41.748
2026-07-09,GOKUL,41.748
2026-07-10,GOKUL,41.748
2026-07-13,GOKUL,41.748
2026-07-14,GOKUL,41.748
2026-07-15,GOKUL,41.748
2026-07-16,GOKUL,41.748
2026-07-17,GOKUL,41.748
2026-07-20,GOKUL,41.748
2026-07-21,GOKUL,41.748
2026-07-22,GOKUL,41.748
2026-07-23,GOKUL,41.748
2026-07-24,GOKUL,41.748
2026-07-27,GOKUL,41.748
2026-07-28,GOKUL,41.748
2026-07-29,GOKUL,41.748
2026-07-30,GOKUL,41.748
2026-07-31,GOKUL,41.748
2026-08-03,GOKUL,41.748
2026-08-04,GOKUL,41.748
2026-08-05,GOKUL,41.748
2026-08-06,GOKUL,41.748
2026-08-07,GOKUL,41.748
2026-08-10,GOKUL,41.748
2026-08-11,GOKUL,41.748
2026-08-12,GOKUL,41.748
2026-08-13,GOKUL,41.748
2026-08-14,GOKUL,41.748
2026-08-17,GOKUL,41.748
2026-08-18,GOKUL,41.748
2026-08-19,GOKUL,41.748
2026-08-20,GOKUL,41.5824
2026-08-21,GOKUL,41.916
2026-08-24,GOKUL,43.0165
2026-08-25,GOKUL,43.0198
2026-08-26,GOKUL,43.0442
2026-08-27,GOKUL,43.0442
2026-08-28,GOKUL,43.0442
2026-08-31,GOKUL,43.0442
2026-09-01,GOKUL,42.6457
2026-09-02,GOKUL,42.0516
2026-09-03,GOKUL,42.0516
2026-09-04,GOKUL,42.0516
2026-09-07,GOKUL,42.0516
2026-09-08,GOKUL,42.0516
2026-09-09,GOKUL,42.0516
2026-09-10,GOKUL,42.0516
2026-09-11,GOKUL,42.0516
2025-09-01,GRMOVER,
2025-09-02,GRMOVER,
2025-09-03,GRMOVER,
2025-09-04,GRMOVER,
2025-09-05,GRMOVER,
2025-09-08,GRMOVER,
2025-09-09,GRMOVER,
2025-09-10,GRMOVER,
2025-09-11,GRMOVER,
2025-09-12,GRMOVER,
2025-09-15,GRMOVER,
2025-09-16,GRMOVER,
2025-09-17,GRMOVER,
2025-09-18,GRMOVER,
2025-09-19,GRMOVER,
2025-09-22,GRMOVER,
2025-09-23,GRMOVER,
2025-09-24,GRMOVER,
2025-09-25,GRMOVER,
2025-09-26,GRMOVER,
2025-09-29,GRMOVER,
2025-09-30,GRMOVER,
2025-10-01,GRMOVER,
2025-10-03,GRMOVER,
2025-10-06,GRMOVER,
2025-10-07,GRMOVER,
2025-10-08,GRMOVER,
2025-10-09,GRMOVER,
2025-10-10,GRMOVER,
2025-10-13,GRMOVER,
2025-10-14,GRMOVER,
2025-10-15,GRMOVER,
2025-10-16,GRMOVER,
2025-10-17,GRMOVER,
2025-10-20,GRMOVER,
2025-10-21,GRMOVER,
2025-10-23,GRMOVER,
2025-10-24,GRMOVER,
2025-10-27,GRMOVER,
2025-10-28,GRMOVER,
2025-10-29,GRMOVER,
2025-10-30,GRMOVER,
2025-10-31,GRMOVER,
2025-11-03,GRMOVER,
2025-11-04,GRMOVER,
2025-11-06,GRMOVER,
2025-11-07,GRMOVER,
2025-11-10,GRMOVER,
2025-11-11,GRMOVER,
2025-11-12,GRMOVER,
2025-11-13,GRMOVER,
2025-11-14,GRMOVER,
2025-11-17,GRMOVER,
2025-11-18,GRMOVER,
2025-11-19,GRMOVER,
2025-11-20,GRMOVER,
2025-11-21,GRMOVER,
2025-11-24,GRMOVER,
2025-11-25,GRMOVER,
2025-11-26,GRMOVER,
2025-11-27,GRMOVER,
2025-11-28,GRMOVER,
2025-12-01,GRMOVER,
2025-12-02,GRMOVER,
2025-12-03,GRMOVER,
2025-12-04,GRMOVER,
2025-12-05,GRMOVER,
2025-12-08,GRMOVER,
2025-12-09,GRMOVER,
2025-12-10,GRMOVER,
2025-12-11,GRMOVER,
2025-12-12,GRMOVER,
2025-12-15,GRMOVER,
2025-12-16,GRMOVER,
2025-12-17,GRMOVER,
2025-12-18,GRMOVER,
2025-12-19,GRMOVER,
2025-12-22,GRMOVER,
2025-12-23,GRMOVER,
2025-12-24,GRMOVER,
2025-12-26,GRMOVER,
2025-12-29,GRMOVER,
2025-12-30,GRMOVER,
2025-12-31,GRMOVER,
2026-01-01,GRMOVER,
2026-01-02,GRMOVER,
2026-01-05,GRMOVER,
2026-01-06,GRMOVER,
2026-01-07,GRMOVER,
2026-01-08,GRMOVER,
2026-01-09,GRMOVER,
2026-01-12,GRMOVER,
2026-01-13,GRMOVER,
2026-01-14,GRMOVER,
2026-01-16,GRMOVER,
2026-01-19,GRMOVER,
2026-01-20,GRMOVER,
2026-01-21,GRMOVER,
2026-01-22,GRMOVER,
2026-01-23,GRMOVER,
2026-01-27,GRMOVER,
2026-01-28,GRMOVER,
2026-01-29,GRMOVER,
2026-01-30,GRMOVER,
2026-02-02,GRMOVER,
2026-02-03,GRMOVER,
2026-02-04,GRMOVER,
2026-02-05,GRMOVER,
2026-02-06,GRMOVER,
2026-02-09,GRMOVER,
2026-02-10,GRMOVER,
2026-02-11,GRMOVER,
2026-02-12,GRMOVER,
2026-02-13,GRMOVER,
2026-02-16,GRMOVER,
2026-02-17,GRMOVER,
2026-02-18,GRMOVER,
2026-02-19,GRMOVER,
2026-02-20,GRMOVER,
2026-02-23,GRMOVER,
2026-02-24,GRMOVER,
2026-02-25,GRMOVER,
2026-02-26,GRMOVER,
2026-02-27,GRMOVER,
2026-03-02,GRMOVER,
2026-03-04,GRMOVER,
2026-03-05,GRMOVER,
2026-03-06,GRMOVER,
2026-03-09,GRMOVER,
2026-03-10,GRMOVER,
2026-03-11,GRMOVER,
2026-03-12,GRMOVER,
2026-03-13,GRMOVER,
2026-03-16,GRMOVER,
2026-03-17,GRMOVER,
2026-03-18,GRMOVER,
2026-03-19,GRMOVER,
2026-03-20,GRMOVER,
2026-03-23,GRMOVER,
2026-03-24,GRMOVER,
2026-03-25,GRMOVER,
2026-03-27,GRMOVER,
2026-03-30,GRMOVER,
2026-04-01,GRMOVER,
2026-04-02,GRMOVER,
2026-04-06,GRMOVER,
2026-04-07,GRMOVER,
2026-04-08,GRMOVER,
2026-04-09,GRMOVER,
2026-04-10,GRMOVER,
2026-04-13,GRMOVER,
2026-04-15,GRMOVER,
2026-04-16,GRMOVER,
2026-04-17,GRMOVER,
2026-04-20,GRMOVER,
2026-04-21,GRMOVER,
2026-04-22,GRMOVER,
2026-04-23,GRMOVER,
2026-04-24,GRMOVER,
2026-04-27,GRMOVER,
2026-04-28,GRMOVER,
2026-04-29,GRMOVER,
2026-04-30,GRMOVER,
2026-05-04,GRMOVER,
2026-05-05,GRMOVER,
2026-05-06,GRMOVER,
2026-05-07,GRMOVER,
2026-05-08,GRMOVER,
2026-05-11,GRMOVER,
2026-05-12,GRMOVER,
2026-05-13,GRMOVER,
2026-05-14,GRMOVER,
2026-05-15,GRMOVER,
2026-05-18,GRMOVER,
2026-05-19,GRMOVER,
2026-05-20,GRMOVER,
2026-05-21,GRMOVER,
2026-05-22,GRMOVER,
2026-05-25,GRMOVER,
2026-05-26,GRMOVER,
2026-05-27,GRMOVER,
2026-05-29,GRMOVER,
2026-06-01,GRMOVER,
2026-06-02,GRMOVER,
2026-06-03,GRMOVER,
2026-06-04,GRMOVER,
2026-06-05,GRMOVER,
2026-06-08,GRMOVER,121.9935
2026-06-09,GRMOVER,121.9935
2026-06-10,GRMOVER,121.9935
2026-06-11,GRMOVER,108.3648
2026-06-12,GRMOVER,102.9522
2026-06-15,GRMOVER,102.9522
2026-06-16,GRMOVER,102.9522
2026-06-17,GRMOVER,102.2066
2026-06-18,GRMOVER,102.2066
2026-06-19,GRMOVER,102.2066
2026-06-22,GRMOVER,102.2066
2026-06-23,GRMOVER,102.2066
2026-06-24,GRMOVER,100.1308
2026-06-25,GRMOVER,100.1308
2026-06-29,GRMOVER,100.1308
2026-06-30,GRMOVER,100.1308
2026-07-01,GRMOVER,100.1308
2026-07-02,GRMOVER,100.1308
2026-07-03,GRMOVER,100.1308
2026-07-06,GRMOVER,100.1308
2026-07-07,GRMOVER,100.1308
2026-07-08,GRMOVER,100.1308
2026-07-09,GRMOVER,100.1308
2026-07-10,GRMOVER,100.1308
2026-07-13,GRMOVER,100.1308
2026-07-14,GRMOVER,100.1308
2026-07-15,GRMOVER,100.1308
2026-07-16,GRMOVER,100.1308
2026-07-17,GRMOVER,100.1308
2026-07-20,GRMOVER,100.1308
2026-07-21,GRMOVER,100.1308
2026-07-22,GRMOVER,100.1308
2026-07-23,GRMOVER,100.1308
2026-07-24,GRMOVER,100.1308
2026-07-27,GRMOVER,100.1308
2026-07-28,GRMOVER,100.1308
2026-07-29,GRMOVER,100.1308
2026-07-30,GRMOVER,100.1308
2026-07-31,GRMOVER,100.1308
2026-08-03,GRMOVER,100.1308
2026-08-04,GRMOVER,100.1308
2026-08-05,GRMOVER,100.1308
2026-08-06,GRMOVER,100.1308
2026-08-07,GRMOVER,100.1308
2026-08-10,GRMOVER,100.1308
2026-08-11,GRMOVER,100.1308
2026-08-12,GRMOVER,100.1308
2026-08-13,GRMOVER,100.1308
2026-08-14,GRMOVER,100.1308
2026-08-17,GRMOVER,100.1308
2026-08-18,GRMOVER,100.1308
2026-08-19,GRMOVER,100.1308
2026-08-20,GRMOVER,100.1308
2026-08-21,GRMOVER,100.1308
2026-08-24,GRMOVER,100.1308
2026-08-25,GRMOVER,100.1308
2026-08-26,GRMOVER,100.1308
2026-08-27,GRMOVER,100.1308
2026-08-28,GRMOVER,100.1308
2026-08-31,GRMOVER,100.1308
2026-09-01,GRMOVER,100.1308
2026-09-02,GRMOVER,100.1308
2026-09-03,GRMOVER,100.1308
2026-09-04,GRMOVER,100.1308
2026-09-07,GRMOVER,100.1308
2026-09-08,GRMOVER,100.1308
2026-09-09,GRMOVER,100.1308
2026-09-10,GRMOVER,100.1308
2026-09-11,GRMOVER,100.1308
2025-09-01,HCLTECH,
2025-09-02,HCLTECH,
2025-09-03,HCLTECH,
2025-09-04,HCLTECH,
2025-09-05,HCLTECH,
2025-09-08,HCLTECH,
2025-09-09,HCLTECH,
2025-09-10,HCLTECH,
2025-09-11,HCLTECH,
2025-09-12,HCLTECH,
2025-09-15,HCLTECH,
2025-09-16,HCLTECH,
2025-09-17,HCLTECH,
2025-09-18,HCLTECH,
2025-09-19,HCLTECH,
2025-09-22,HCLTECH,
2025-09-23,HCLTECH,
2025-09-24,HCLTECH,
2025-09-25,HCLTECH,
2025-09-26,HCLTECH,
2025-09-29,HCLTECH,
2025-09-30,HCLTECH,
2025-10-01,HCLTECH,
2025-10-03,HCLTECH,
2025-10-06,HCLTECH,
2025-10-07,HCLTECH,
2025-10-08,HCLTECH,
2025-10-09,HCLTECH,
2025-10-10,HCLTECH,
2025-10-13,HCLTECH,
2025-10-14,HCLTECH,
2025-10-15,HCLTECH,
2025-10-16,HCLTECH,
2025-10-17,HCLTECH,
2025-10-20,HCLTECH,
2025-10-21,HCLTECH,
2025-10-23,HCLTECH,
2025-10-24,HCLTECH,
2025-10-27,HCLTECH,
2025-10-28,HCLTECH,
2025-10-29,HCLTECH,
2025-10-30,HCLTECH,
2025-10-31,HCLTECH,
2025-11-03,HCLTECH,
2025-11-04,HCLTECH,
2025-11-06,HCLTECH,
2025-11-07,HCLTECH,
2025-11-10,HCLTECH,
2025-11-11,HCLTECH,
2025-11-12,HCLTECH,
2025-11-13,HCLTECH,
2025-11-14,HCLTECH,
2025-11-17,HCLTECH,
2025-11-18,HCLTECH,
2025-11-19,HCLTECH,
2025-11-20,HCLTECH,
2025-11-21,HCLTECH,
2025-11-24,HCLTECH,
2025-11-25,HCLTECH,
2025-11-26,HCLTECH,
2025-11-27,HCLTECH,
2025-11-28,HCLTECH,
2025-12-01,HCLTECH,
2025-12-02,HCLTECH,
2025-12-03,HCLTECH,
2025-12-04,HCLTECH,
2025-12-05,HCLTECH,
2025-12-08,HCLTECH,
2025-12-09,HCLTECH,
2025-12-10,HCLTECH,
2025-12-11,HCLTECH,
2025-12-12,HCLTECH,
2025-12-15,HCLTECH,
2025-12-16,HCLTECH,
2025-12-17,HCLTECH,
2025-12-18,HCLTECH,
2025-12-19,HCLTECH,
2025-12-22,HCLTECH,
2025-12-23,HCLTECH,
2025-12-24,HCLTECH,
2025-12-26,HCLTECH,
2025-12-29,HCLTECH,
2025-12-30,HCLTECH,
2025-12-31,HCLTECH,
2026-01-01,HCLTECH,
2026-01-02,HCLTECH,
2026-01-05,HCLTECH,
2026-01-06,HCLTECH,
2026-01-07,HCLTECH,
2026-01-08,HCLTECH,
2026-01-09,HCLTECH,
2026-01-12,HCLTECH,
2026-01-13,HCLTECH,
2026-01-14,HCLTECH,
2026-01-16,HCLTECH,
2026-01-19,HCLTECH,
2026-01-20,HCLTECH,
2026-01-21,HCLTECH,
2026-01-22,HCLTECH,
2026-01-23,HCLTECH,
2026-01-27,HCLTECH,
2026-01-28,HCLTECH,
2026-01-29,HCLTECH,
2026-01-30,HCLTECH,
2026-02-02,HCLTECH,
2026-02-03,HCLTECH,
2026-02-04,HCLTECH,
2026-02-05,HCLTECH,
2026-02-06,HCLTECH,
2026-02-09,HCLTECH,
2026-02-10,HCLTECH,
2026-02-11,HCLTECH,
2026-02-12,HCLTECH,
2026-02-13,HCLTECH,
2026-02-16,HCLTECH,
2026-02-17,HCLTECH,
2026-02-18,HCLTECH,
2026-02-19,HCLTECH,
2026-02-20,HCLTECH,
2026-02-23,HCLTECH,
2026-02-24,HCLTECH,
2026-02-25,HCLTECH,
2026-02-26,HCLTECH,
2026-02-27,HCLTECH,
2026-03-02,HCLTECH,
2026-03-04,HCLTECH,
2026-03-05,HCLTECH,
2026-03-06,HCLTECH,
2026-03-09,HCLTECH,
2026-03-10,HCLTECH,
2026-03-11,HCLTECH,
2026-03-12,HCLTECH,
2026-03-13,HCLTECH,
2026-03-16,HCLTECH,
2026-03-17,HCLTECH,
2026-03-18,HCLTECH,
2026-03-19,HCLTECH,
2026-03-20,HCLTECH,
2026-03-23,HCLTECH,
2026-03-24,HCLTECH,
2026-03-25,HCLTECH,
2026-03-27,HCLTECH,
2026-03-30,HCLTECH,
2026-04-01,HCLTECH,
2026-04-02,HCLTECH,
2026-04-06,HCLTECH,
2026-04-07,HCLTECH,
2026-04-08,HCLTECH,
2026-04-09,HCLTECH,
2026-04-10,HCLTECH,
2026-04-13,HCLTECH,
2026-04-15,HCLTECH,
2026-04-16,HCLTECH,
2026-04-17,HCLTECH,
2026-04-20,HCLTECH,
2026-04-21,HCLTECH,
2026-04-22,HCLTECH,
2026-04-23,HCLTECH,
2026-04-24,HCLTECH,1213.7333
2026-04-27,HCLTECH,1213.7333
2026-04-28,HCLTECH,1213.7333
2026-04-29,HCLTECH,1204.4161
2026-04-30,HCLTECH,1204.4161
2026-05-04,HCLTECH,1203.1606
2026-05-05,HCLTECH,1203.1606
2026-05-06,HCLTECH,1200.8663
2026-05-07,HCLTECH,1198.9531
2026-05-08,HCLTECH,1198.9531
2026-05-11,HCLTECH,1198.9531
2026-05-12,HCLTECH,1198.9531
2026-05-13,HCLTECH,1198.9531
2026-05-14,HCLTECH,1181.8643
2026-05-15,HCLTECH,1181.8643
2026-05-18,HCLTECH,1181.8643
2026-05-19,HCLTECH,1181.8643
2026-05-20,HCLTECH,1181.8643
2026-05-21,HCLTECH,1181.8643
2026-05-22,HCLTECH,1181.8643
2026-05-25,HCLTECH,1181.8643
2026-05-26,HCLTECH,1181.8643
2026-05-27,HCLTECH,1181.8643
2026-05-29,HCLTECH,1181.8643
2026-06-01,HCLTECH,1181.8643
2026-06-02,HCLTECH,1181.8643
2026-06-03,HCLTECH,1181.8643
2026-06-04,HCLTECH,1181.8643
2026-06-05,HCLTECH,1181.8643
2026-06-08,HCLTECH,1181.8643
2026-06-09,HCLTECH,1181.8643
2026-06-10,HCLTECH,1181.8643
2026-06-11,HCLTECH,1181.8643
2026-06-12,HCLTECH,1176.6013
2026-06-15,HCLTECH,1176.6013
2026-06-16,HCLTECH,1176.6013
2026-06-17,HCLTECH,1176.6013
2026-06-18,HCLTECH,1176.6013
2026-06-19,HCLTECH,1176.6013
2026-06-22,HCLTECH,1176.6013
2026-06-23,HCLTECH,1176.6013
2026-06-24,HCLTECH,1176.6013
2026-06-25,HCLTECH,1176.6013
2026-06-29,HCLTECH,1176.6013
2026-06-30,HCLTECH,1176.6013
2026-07-01,HCLTECH,1176.6013
2026-07-02,HCLTECH,1176.6013
2026-07-03,HCLTECH,1176.6013
2026-07-06,HCLTECH,1176.6013
2026-07-07,HCLTECH,1176.6013
2026-07-08,HCLTECH,1176.6013
2026-07-09,HCLTECH,1176.6013
2026-07-10,HCLTECH,1176.6013
2026-07-13,HCLTECH,1176.6013
2026-07-14,HCLTECH,1176.6013
2026-07-15,HCLTECH,1176.6013
2026-07-16,HCLTECH,1176.6013
2026-07-17,HCLTECH,1176.6013
2026-07-20,HCLTECH,1176.6013
2026-07-21,HCLTECH,1176.6013
2026-07-22,HCLTECH,1176.6013
2026-07-23,HCLTECH,1176.6013
2026-07-24,HCLTECH,1176.6013
2026-07-27,HCLTECH,1176.6013
2026-07-28,HCLTECH,1176.6013
2026-07-29,HCLTECH,1176.6013
2026-07-30,HCLTECH,1176.6013
2026-07-31,HCLTECH,1176.6013
2026-08-03,HCLTECH,1176.6013
2026-08-04,HCLTECH,1176.6013
2026-08-05,HCLTECH,1176.6013
2026-08-06,HCLTECH,1176.6013
2026-08-07,HCLTECH,1176.6013
2026-08-10,HCLTECH,1176.6013
2026-08-11,HCLTECH,1176.6013
2026-08-12,HCLTECH,1176.6013
2026-08-13,HCLTECH,1176.6013
2026-08-14,HCLTECH,1176.6013
2026-08-17,HCLTECH,1176.6013
2026-08-18,HCLTECH,1176.6013
2026-08-19,HCLTECH,1176.6013
2026-08-20,HCLTECH,1176.6013
2026-08-21,HCLTECH,1176.6013
2026-08-24,HCLTECH,1176.6013
2026-08-25,HCLTECH,1176.6013
2026-08-26,HCLTECH,1176.6013
2026-08-27,HCLTECH,1176.6013
2026-08-28,HCLTECH,1176.6013
2026-08-31,HCLTECH,1176.6013
2026-09-01,HCLTECH,1176.6013
2026-09-02,HCLTECH,1176.6013
2026-09-03,HCLTECH,1176.6013
2026-09-04,HCLTECH,1176.6013
2026-09-07,HCLTECH,1176.6013
2026-09-08,HCLTECH,1176.6013
2026-09-09,HCLTECH,1176.6013
2026-09-10,HCLTECH,1176.6013
2026-09-11,HCLTECH,1176.6013
2026-06-12,HEXAGON,
2026-06-15,HEXAGON,
2026-06-16,HEXAGON,
2026-06-17,HEXAGON,
2026-06-18,HEXAGON,
2026-06-19,HEXAGON,
2026-06-22,HEXAGON,
2026-06-23,HEXAGON,
2026-06-24,HEXAGON,
2026-06-25,HEXAGON,
2026-06-29,HEXAGON,
2026-06-30,HEXAGON,
2026-07-01,HEXAGON,
2026-07-02,HEXAGON,
2026-07-03,HEXAGON,
2026-07-06,HEXAGON,
2026-07-07,HEXAGON,
2026-07-08,HEXAGON,
2026-07-09,HEXAGON,
2026-07-10,HEXAGON,
2026-07-13,HEXAGON,
2026-07-14,HEXAGON,
2026-07-15,HEXAGON,
2026-07-16,HEXAGON,
2026-07-17,HEXAGON,
2026-07-20,HEXAGON,
2026-07-21,HEXAGON,
2026-07-22,HEXAGON,
2026-07-23,HEXAGON,
2026-07-24,HEXAGON,
2026-07-27,HEXAGON,
2026-07-28,HEXAGON,
2026-07-29,HEXAGON,
2026-07-30,HEXAGON,
2026-07-31,HEXAGON,
2026-08-03,HEXAGON,
2026-08-04,HEXAGON,
2026-08-05,HEXAGON,
2026-08-06,HEXAGON,
2026-08-07,HEXAGON,
2026-08-10,HEXAGON,
2026-08-11,HEXAGON,
2026-08-12,HEXAGON,
2026-08-13,HEXAGON,
2026-08-14,HEXAGON,
2026-08-17,HEXAGON,64.0444
2026-08-18,HEXAGON,64.0444
2026-08-19,HEXAGON,64.0444
2026-08-20,HEXAGON,64.0444
2026-08-21,HEXAGON,64.0444
2026-08-24,HEXAGON,64.0444
2026-08-25,HEXAGON,64.0444
2026-08-26,HEXAGON,64.0444
2026-08-27,HEXAGON,64.0444
2026-08-28,HEXAGON,64.0444
2026-08-31,HEXAGON,64.0444
2026-09-01,HEXAGON,64.0444
2026-09-02,HEXAGON,64.0444
2026-09-03,HEXAGON,64.0444
2026-09-04,HEXAGON,64.0444
2026-09-07,HEXAGON,64.0444
2026-09-08,HEXAGON,64.0444
2026-09-09,HEXAGON,64.0444
2026-09-10,HEXAGON,64.0444
2026-09-11,HEXAGON,64.0444
2025-09-01,INDIQUBE,
2025-09-02,INDIQUBE,
2025-09-03,INDIQUBE,
2025-09-04,INDIQUBE,
2025-09-05,INDIQUBE,
2025-09-08,INDIQUBE,
2025-09-09,INDIQUBE,
2025-09-10,INDIQUBE,
2025-09-11,INDIQUBE,
2025-09-12,INDIQUBE,
2025-09-15,INDIQUBE,
2025-09-16,INDIQUBE,
2025-09-17,INDIQUBE,
2025-09-18,INDIQUBE,
2025-09-19,INDIQUBE,
2025-09-22,INDIQUBE,
2025-09-23,INDIQUBE,
2025-09-24,INDIQUBE,
2025-09-25,INDIQUBE,
2025-09-26,INDIQUBE,
2025-09-29,INDIQUBE,
2025-09-30,INDIQUBE,
2025-10-01,INDIQUBE,
2025-10-03,INDIQUBE,
2025-10-06,INDIQUBE,
2025-10-07,INDIQUBE,
2025-10-08,INDIQUBE,
2025-10-09,INDIQUBE,
2025-10-10,INDIQUBE,
2025-10-13,INDIQUBE,
2025-10-14,INDIQUBE,
2025-10-15,INDIQUBE,
2025-10-16,INDIQUBE,
2025-10-17,INDIQUBE,
2025-10-20,INDIQUBE,
2025-10-21,INDIQUBE,
2025-10-23,INDIQUBE,
2025-10-24,INDIQUBE,
2025-10-27,INDIQUBE,
2025-10-28,INDIQUBE,
2025-10-29,INDIQUBE,
2025-10-30,INDIQUBE,
2025-10-31,INDIQUBE,
2025-11-03,INDIQUBE,
2025-11-04,INDIQUBE,
2025-11-06,INDIQUBE,
2025-11-07,INDIQUBE,
2025-11-10,INDIQUBE,
2025-11-11,INDIQUBE,
2025-11-12,INDIQUBE,
2025-11-13,INDIQUBE,
2025-11-14,INDIQUBE,
2025-11-17,INDIQUBE,
2025-11-18,INDIQUBE,
2025-11-19,INDIQUBE,
2025-11-20,INDIQUBE,
2025-11-21,INDIQUBE,
2025-11-24,INDIQUBE,
2025-11-25,INDIQUBE,
2025-11-26,INDIQUBE,
2025-11-27,INDIQUBE,
2025-11-28,INDIQUBE,
2025-12-01,INDIQUBE,
2025-12-02,INDIQUBE,
2025-12-03,INDIQUBE,
2025-12-04,INDIQUBE,
2025-12-05,INDIQUBE,
2025-12-08,INDIQUBE,
2025-12-09,INDIQUBE,
2025-12-10,INDIQUBE,
2025-12-11,INDIQUBE,
2025-12-12,INDIQUBE,
2025-12-15,INDIQUBE,
2025-12-16,INDIQUBE,
2025-12-17,INDIQUBE,
2025-12-18,INDIQUBE,
2025-12-19,INDIQUBE,
2025-12-22,INDIQUBE,
2025-12-23,INDIQUBE,
2025-12-24,INDIQUBE,
2025-12-26,INDIQUBE,
2025-12-29,INDIQUBE,
2025-12-30,INDIQUBE,
2025-12-31,INDIQUBE,
2026-01-01,INDIQUBE,
2026-01-02,INDIQUBE,
2026-01-05,INDIQUBE,
2026-01-06,INDIQUBE,
2026-01-07,INDIQUBE,
2026-01-08,INDIQUBE,
2026-01-09,INDIQUBE,
2026-01-12,INDIQUBE,
2026-01-13,INDIQUBE,
2026-01-14,INDIQUBE,
2026-01-16,INDIQUBE,
2026-01-19,INDIQUBE,
2026-01-20,INDIQUBE,
2026-01-21,INDIQUBE,
2026-01-22,INDIQUBE,
2026-01-23,INDIQUBE,
2026-01-27,INDIQUBE,
2026-01-28,INDIQUBE,
2026-01-29,INDIQUBE,
2026-01-30,INDIQUBE,
2026-02-02,INDIQUBE,
2026-02-03,INDIQUBE,
2026-02-04,INDIQUBE,
2026-02-05,INDIQUBE,
2026-02-06,INDIQUBE,
2026-02-09,INDIQUBE,
2026-02-10,INDIQUBE,
2026-02-11,INDIQUBE,
2026-02-12,INDIQUBE,
2026-02-13,INDIQUBE,
2026-02-16,INDIQUBE,
2026-02-17,INDIQUBE,
2026-02-18,INDIQUBE,
2026-02-19,INDIQUBE,
2026-02-20,INDIQUBE,
2026-02-23,INDIQUBE,
2026-02-24,INDIQUBE,
2026-02-25,INDIQUBE,
2026-02-26,INDIQUBE,
2026-02-27,INDIQUBE,
2026-03-02,INDIQUBE,
2026-03-04,INDIQUBE,
2026-03-05,INDIQUBE,
2026-03-06,INDIQUBE,
2026-03-09,INDIQUBE,
2026-03-10,INDIQUBE,
2026-03-11,INDIQUBE,
2026-03-12,INDIQUBE,
2026-03-13,INDIQUBE,
2026-03-16,INDIQUBE,
2026-03-17,INDIQUBE,
2026-03-18,INDIQUBE,
2026-03-19,INDIQUBE,
2026-03-20,INDIQUBE,
2026-03-23,INDIQUBE,
2026-03-24,INDIQUBE,
2026-03-25,INDIQUBE,
2026-03-27,INDIQUBE,
2026-03-30,INDIQUBE,
2026-04-01,INDIQUBE,
2026-04-02,INDIQUBE,
2026-04-06,INDIQUBE,
2026-04-07,INDIQUBE,
2026-04-08,INDIQUBE,
2026-04-09,INDIQUBE,
2026-04-10,INDIQUBE,
2026-04-13,INDIQUBE,
2026-04-15,INDIQUBE,
2026-04-16,INDIQUBE,
2026-04-17,INDIQUBE,
2026-04-20,INDIQUBE,
2026-04-21,INDIQUBE,
2026-04-22,INDIQUBE,
2026-04-23,INDIQUBE,
2026-04-24,INDIQUBE,
2026-04-27,INDIQUBE,
2026-04-28,INDIQUBE,
2026-04-29,INDIQUBE,
2026-04-30,INDIQUBE,
2026-05-04,INDIQUBE,
2026-05-05,INDIQUBE,
2026-05-06,INDIQUBE,
2026-05-07,INDIQUBE,
2026-05-08,INDIQUBE,
2026-05-11,INDIQUBE,
2026-05-12,INDIQUBE,
2026-05-13,INDIQUBE,
2026-05-14,INDIQUBE,
2026-05-15,INDIQUBE,
2026-05-18,INDIQUBE,
2026-05-19,INDIQUBE,
2026-05-20,INDIQUBE,
2026-05-21,INDIQUBE,
2026-05-22,INDIQUBE,
2026-05-25,INDIQUBE,
2026-05-26,INDIQUBE,
2026-05-27,INDIQUBE,
2026-05-29,INDIQUBE,
2026-06-01,INDIQUBE,
2026-06-02,INDIQUBE,
2026-06-03,INDIQUBE,
2026-06-04,INDIQUBE,
2026-06-05,INDIQUBE,
2026-06-08,INDIQUBE,
2026-06-09,INDIQUBE,159.8096
2026-06-10,INDIQUBE,159.8096
2026-06-11,INDIQUBE,159.8096
2026-06-12,INDIQUBE,158.034
2026-06-15,INDIQUBE,158.034
2026-06-16,INDIQUBE,158.034
2026-06-17,INDIQUBE,158.034
2026-06-18,INDIQUBE,158.034
2026-06-19,INDIQUBE,158.034
2026-06-22,INDIQUBE,161.9315
2026-06-23,INDIQUBE,161.9315
2026-06-24,INDIQUBE,164.1048
2026-06-25,INDIQUBE,164.1048
2026-06-29,INDIQUBE,164.1048
2026-06-30,INDIQUBE,164.1048
2026-07-01,INDIQUBE,164.1048
2026-07-02,INDIQUBE,164.1048
2026-07-03,INDIQUBE,164.1048
2026-07-06,INDIQUBE,164.1048
2026-07-07,INDIQUBE,164.1048
2026-07-08,INDIQUBE,164.1048
2026-07-09,INDIQUBE,164.1048
2026-07-10,INDIQUBE,164.1048
2026-07-13,INDIQUBE,164.1048
2026-07-14,INDIQUBE,164.1048
2026-07-15,INDIQUBE,164.1048
2026-07-16,INDIQUBE,164.1048
2026-07-17,INDIQUBE,164.1048
2026-07-20,INDIQUBE,164.1048
2026-07-21,INDIQUBE,164.1048
2026-07-22,INDIQUBE,164.1048
2026-07-23,INDIQUBE,164.1048
2026-07-24,INDIQUBE,164.1048
2026-07-27,INDIQUBE,164.1048
2026-07-28,INDIQUBE,164.1048
2026-07-29,INDIQUBE,164.1048
2026-07-30,INDIQUBE,164.1048
2026-07-31,INDIQUBE,164.1048
2026-08-03,INDIQUBE,164.1048
2026-08-04,INDIQUBE,164.1048
2026-08-05,INDIQUBE,164.1048
2026-08-06,INDIQUBE,164.1048
2026-08-07,INDIQUBE,164.1048
2026-08-10,INDIQUBE,164.1048
2026-08-11,INDIQUBE,164.1048
2026-08-12,INDIQUBE,164.1048
2026-08-13,INDIQUBE,164.1048
2026-08-14,INDIQUBE,164.1048
2026-08-17,INDIQUBE,164.1048
2026-08-18,INDIQUBE,164.1048
2026-08-19,INDIQUBE,164.1048
2026-08-20,INDIQUBE,164.1048
2026-08-21,INDIQUBE,164.1048
2026-08-24,INDIQUBE,164.1048
2026-08-25,INDIQUBE,164.1048
2026-08-26,INDIQUBE,164.1048
2026-08-27,INDIQUBE,164.1048
2026-08-28,INDIQUBE,164.1048
2026-08-31,INDIQUBE,164.1048
2026-09-01,INDIQUBE,164.1048
2026-09-02,INDIQUBE,164.1048
2026-09-03,INDIQUBE,164.1048
2026-09-04,INDIQUBE,164.1048
2026-09-07,INDIQUBE,164.1048
2026-09-08,INDIQUBE,164.1048
2026-09-09,INDIQUBE,164.1048
2026-09-10,INDIQUBE,164.1048
2026-09-11,INDIQUBE,164.1048
2025-09-01,INDORAMA,
2025-09-02,INDORAMA,
2025-09-03,INDORAMA,
2025-09-04,INDORAMA,
2025-09-05,INDORAMA,
2025-09-08,INDORAMA,
2025-09-09,INDORAMA,
2025-09-10,INDORAMA,
2025-09-11,INDORAMA,
2025-09-12,INDORAMA,
2025-09-15,INDORAMA,
2025-09-16,INDORAMA,
2025-09-17,INDORAMA,
2025-09-18,INDORAMA,
2025-09-19,INDORAMA,
2025-09-22,INDORAMA,
2025-09-23,INDORAMA,
2025-09-24,INDORAMA,
2025-09-25,INDORAMA,
2025-09-26,INDORAMA,
2025-09-29,INDORAMA,
2025-09-30,INDORAMA,
2025-10-01,INDORAMA,
2025-10-03,INDORAMA,
2025-10-06,INDORAMA,
2025-10-07,INDORAMA,
2025-10-08,INDORAMA,
2025-10-09,INDORAMA,
2025-10-10,INDORAMA,
2025-10-13,INDORAMA,
2025-10-14,INDORAMA,
2025-10-15,INDORAMA,
2025-10-16,INDORAMA,
2025-10-17,INDORAMA,
2025-10-20,INDORAMA,
2025-10-21,INDORAMA,
2025-10-23,INDORAMA,
2025-10-24,INDORAMA,
2025-10-27,INDORAMA,
2025-10-28,INDORAMA,
2025-10-29,INDORAMA,
2025-10-30,INDORAMA,
2025-10-31,INDORAMA,
2025-11-03,INDORAMA,
2025-11-04,INDORAMA,
2025-11-06,INDORAMA,
2025-11-07,INDORAMA,
2025-11-10,INDORAMA,
2025-11-11,INDORAMA,
2025-11-12,INDORAMA,
2025-11-13,INDORAMA,
2025-11-14,INDORAMA,
2025-11-17,INDORAMA,
2025-11-18,INDORAMA,
2025-11-19,INDORAMA,
2025-11-20,INDORAMA,
2025-11-21,INDORAMA,
2025-11-24,INDORAMA,
2025-11-25,INDORAMA,
2025-11-26,INDORAMA,
2025-11-27,INDORAMA,
2025-11-28,INDORAMA,
2025-12-01,INDORAMA,
2025-12-02,INDORAMA,
2025-12-03,INDORAMA,
2025-12-04,INDORAMA,
2025-12-05,INDORAMA,
2025-12-08,INDORAMA,
2025-12-09,INDORAMA,
2025-12-10,INDORAMA,
2025-12-11,INDORAMA,
2025-12-12,INDORAMA,
2025-12-15,INDORAMA,
2025-12-16,INDORAMA,
2025-12-17,INDORAMA,
2025-12-18,INDORAMA,
2025-12-19,INDORAMA,
2025-12-22,INDORAMA,
2025-12-23,INDORAMA,
2025-12-24,INDORAMA,
2025-12-26,INDORAMA,
2025-12-29,INDORAMA,
2025-12-30,INDORAMA,
2025-12-31,INDORAMA,
2026-01-01,INDORAMA,
2026-01-02,INDORAMA,
2026-01-05,INDORAMA,
2026-01-06,INDORAMA,
2026-01-07,INDORAMA,
2026-01-08,INDORAMA,
2026-01-09,INDORAMA,
2026-01-12,INDORAMA,
2026-01-13,INDORAMA,
2026-01-14,INDORAMA,
2026-01-16,INDORAMA,
2026-01-19,INDORAMA,
2026-01-20,INDORAMA,
2026-01-21,INDORAMA,
2026-01-22,INDORAMA,
2026-01-23,INDORAMA,
2026-01-27,INDORAMA,
2026-01-28,INDORAMA,
2026-01-29,INDORAMA,
2026-01-30,INDORAMA,
2026-02-02,INDORAMA,
2026-02-03,INDORAMA,
2026-02-04,INDORAMA,
2026-02-05,INDORAMA,
2026-02-06,INDORAMA,
2026-02-09,INDORAMA,
2026-02-10,INDORAMA,
2026-02-11,INDORAMA,
2026-02-12,INDORAMA,
2026-02-13,INDORAMA,
2026-02-16,INDORAMA,
2026-02-17,INDORAMA,
2026-02-18,INDORAMA,
2026-02-19,INDORAMA,
2026-02-20,INDORAMA,
2026-02-23,INDORAMA,
2026-02-24,INDORAMA,
2026-02-25,INDORAMA,
2026-02-26,INDORAMA,
2026-02-27,INDORAMA,
2026-03-02,INDORAMA,
2026-03-04,INDORAMA,
2026-03-05,INDORAMA,
2026-03-06,INDORAMA,
2026-03-09,INDORAMA,
2026-03-10,INDORAMA,
2026-03-11,INDORAMA,
2026-03-12,INDORAMA,
2026-03-13,INDORAMA,
2026-03-16,INDORAMA,
2026-03-17,INDORAMA,
2026-03-18,INDORAMA,
2026-03-19,INDORAMA,
2026-03-20,INDORAMA,
2026-03-23,INDORAMA,
2026-03-24,INDORAMA,
2026-03-25,INDORAMA,
2026-03-27,INDORAMA,
2026-03-30,INDORAMA,
2026-04-01,INDORAMA,
2026-04-02,INDORAMA,
2026-04-06,INDORAMA,
2026-04-07,INDORAMA,
2026-04-08,INDORAMA,
2026-04-09,INDORAMA,
2026-04-10,INDORAMA,
2026-04-13,INDORAMA,
2026-04-15,INDORAMA,
2026-04-16,INDORAMA,
2026-04-17,INDORAMA,
2026-04-20,INDORAMA,
2026-04-21,INDORAMA,
2026-04-22,INDORAMA,
2026-04-23,INDORAMA,
2026-04-24,INDORAMA,
2026-04-27,INDORAMA,
2026-04-28,INDORAMA,
2026-04-29,INDORAMA,
2026-04-30,INDORAMA,
2026-05-04,INDORAMA,
2026-05-05,INDORAMA,
2026-05-06,INDORAMA,
2026-05-07,INDORAMA,
2026-05-08,INDORAMA,
2026-05-11,INDORAMA,
2026-05-12,INDORAMA,
2026-05-13,INDORAMA,
2026-05-14,INDORAMA,
2026-05-15,INDORAMA,
2026-05-18,INDORAMA,
2026-05-19,INDORAMA,
2026-05-20,INDORAMA,
2026-05-21,INDORAMA,
2026-05-22,INDORAMA,
2026-05-25,INDORAMA,
2026-05-26,INDORAMA,
2026-05-27,INDORAMA,
2026-05-29,INDORAMA,
2026-06-01,INDORAMA,
2026-06-02,INDORAMA,
2026-06-03,INDORAMA,
2026-06-04,INDORAMA,
2026-06-05,INDORAMA,
2026-06-08,INDORAMA,
2026-06-09,INDORAMA,
2026-06-10,INDORAMA,
2026-06-11,INDORAMA,
2026-06-12,INDORAMA,
2026-06-15,INDORAMA,
2026-06-16,INDORAMA,
2026-06-17,INDORAMA,
2026-06-18,INDORAMA,
2026-06-19,INDORAMA,
2026-06-22,INDORAMA,
2026-06-23,INDORAMA,
2026-06-24,INDORAMA,
2026-06-25,INDORAMA,
2026-06-29,INDORAMA,
2026-06-30,INDORAMA,
2026-07-01,INDORAMA,
2026-07-02,INDORAMA,
2026-07-03,INDORAMA,
2026-07-06,INDORAMA,
2026-07-07,INDORAMA,
2026-07-08,INDORAMA,
2026-07-09,INDORAMA,
2026-07-10,INDORAMA,
2026-07-13,INDORAMA,
2026-07-14,INDORAMA,
2026-07-15,INDORAMA,
2026-07-16,INDORAMA,
2026-07-17,INDORAMA,
2026-07-20,INDORAMA,
2026-07-21,INDORAMA,
2026-07-22,INDORAMA,
2026-07-23,INDORAMA,
2026-07-24,INDORAMA,
2026-07-27,INDORAMA,
2026-07-28,INDORAMA,
2026-07-29,INDORAMA,
2026-07-30,INDORAMA,
2026-07-31,INDORAMA,
2026-08-03,INDORAMA,
2026-08-04,INDORAMA,
2026-08-05,INDORAMA,
2026-08-06,INDORAMA,
2026-08-07,INDORAMA,
2026-08-10,INDORAMA,
2026-08-11,INDORAMA,
2026-08-12,INDORAMA,
2026-08-13,INDORAMA,
2026-08-14,INDORAMA,
2026-08-17,INDORAMA,
2026-08-18,INDORAMA,
2026-08-19,INDORAMA,
2026-08-20,INDORAMA,
2026-08-21,INDORAMA,
2026-08-24,INDORAMA,
2026-08-25,INDORAMA,
2026-08-26,INDORAMA,
2026-08-27,INDORAMA,
2026-08-28,INDORAMA,
2026-08-31,INDORAMA,
2026-09-01,INDORAMA,
2026-09-02,INDORAMA,
2026-09-03,INDORAMA,
2026-09-04,INDORAMA,
2026-09-07,INDORAMA,
2026-09-08,INDORAMA,74.1302
2026-09-09,INDORAMA,75.6844
2026-09-10,INDORAMA,75.6844
2026-09-11,INDORAMA,75.6844
2025-09-01,JINDALSTEL,
2025-09-02,JINDALSTEL,
2025-09-03,JINDALSTEL,
2025-09-04,JINDALSTEL,
2025-09-05,JINDALSTEL,
2025-09-08,JINDALSTEL,
2025-09-09,JINDALSTEL,
2025-09-10,JINDALSTEL,
2025-09-11,JINDALSTEL,
2025-09-12,JINDALSTEL,
2025-09-15,JINDALSTEL,
2025-09-16,JINDALSTEL,
2025-09-17,JINDALSTEL,
2025-09-18,JINDALSTEL,
2025-09-19,JINDALSTEL,
2025-09-22,JINDALSTEL,
2025-09-23,JINDALSTEL,
2025-09-24,JINDALSTEL,
2025-09-25,JINDALSTEL,
2025-09-26,JINDALSTEL,
2025-09-29,JINDALSTEL,
2025-09-30,JINDALSTEL,
2025-10-01,JINDALSTEL,
2025-10-03,JINDALSTEL,
2025-10-06,JINDALSTEL,
2025-10-07,JINDALSTEL,
2025-10-08,JINDALSTEL,
2025-10-09,JINDALSTEL,
2025-10-10,JINDALSTEL,
2025-10-13,JINDALSTEL,
2025-10-14,JINDALSTEL,
2025-10-15,JINDALSTEL,
2025-10-16,JINDALSTEL,
2025-10-17,JINDALSTEL,
2025-10-20,JINDALSTEL,
2025-10-21,JINDALSTEL,
2025-10-23,JINDALSTEL,
2025-10-24,JINDALSTEL,
2025-10-27,JINDALSTEL,
2025-10-28,JINDALSTEL,
2025-10-29,JINDALSTEL,
2025-10-30,JINDALSTEL,
2025-10-31,JINDALSTEL,
2025-11-03,JINDALSTEL,
2025-11-04,JINDALSTEL,
2025-11-06,JINDALSTEL,
2025-11-07,JINDALSTEL,
2025-11-10,JINDALSTEL,
2025-11-11,JINDALSTEL,
2025-11-12,JINDALSTEL,
2025-11-13,JINDALSTEL,
2025-11-14,JINDALSTEL,
2025-11-17,JINDALSTEL,
2025-11-18,JINDALSTEL,
2025-11-19,JINDALSTEL,
2025-11-20,JINDALSTEL,
2025-11-21,JINDALSTEL,
2025-11-24,JINDALSTEL,
2025-11-25,JINDALSTEL,
2025-11-26,JINDALSTEL,
2025-11-27,JINDALSTEL,
2025-11-28,JINDALSTEL,
2025-12-01,JINDALSTEL,
2025-12-02,JINDALSTEL,
2025-12-03,JINDALSTEL,
2025-12-04,JINDALSTEL,
2025-12-05,JINDALSTEL,
2025-12-08,JINDALSTEL,
2025-12-09,JINDALSTEL,
2025-12-10,JINDALSTEL,
2025-12-11,JINDALSTEL,
2025-12-12,JINDALSTEL,
2025-12-15,JINDALSTEL,
2025-12-16,JINDALSTEL,
2025-12-17,JINDALSTEL,
2025-12-18,JINDALSTEL,
2025-12-19,JINDALSTEL,
2025-12-22,JINDALSTEL,
2025-12-23,JINDALSTEL,
2025-12-24,JINDALSTEL,
2025-12-26,JINDALSTEL,
2025-12-29,JINDALSTEL,
2025-12-30,JINDALSTEL,
2025-12-31,JINDALSTEL,
2026-01-01,JINDALSTEL,
2026-01-02,JINDALSTEL,
2026-01-05,JINDALSTEL,
2026-01-06,JINDALSTEL,
2026-01-07,JINDALSTEL,
2026-01-08,JINDALSTEL,
2026-01-09,JINDALSTEL,
2026-01-12,JINDALSTEL,
2026-01-13,JINDALSTEL,
2026-01-14,JINDALSTEL,
2026-01-16,JINDALSTEL,
2026-01-19,JINDALSTEL,
2026-01-20,JINDALSTEL,
2026-01-21,JINDALSTEL,
2026-01-22,JINDALSTEL,
2026-01-23,JINDALSTEL,
2026-01-27,JINDALSTEL,
2026-01-28,JINDALSTEL,
2026-01-29,JINDALSTEL,
2026-01-30,JINDALSTEL,
2026-02-02,JINDALSTEL,
2026-02-03,JINDALSTEL,
2026-02-04,JINDALSTEL,
2026-02-05,JINDALSTEL,
2026-02-06,JINDALSTEL,
2026-02-09,JINDALSTEL,
2026-02-10,JINDALSTEL,
2026-02-11,JINDALSTEL,
2026-02-12,JINDALSTEL,
2026-02-13,JINDALSTEL,
2026-02-16,JINDALSTEL,
2026-02-17,JINDALSTEL,
2026-02-18,JINDALSTEL,
2026-02-19,JINDALSTEL,
2026-02-20,JINDALSTEL,
2026-02-23,JINDALSTEL,
2026-02-24,JINDALSTEL,
2026-02-25,JINDALSTEL,
2026-02-26,JINDALSTEL,
2026-02-27,JINDALSTEL,
2026-03-02,JINDALSTEL,
2026-03-04,JINDALSTEL,
2026-03-05,JINDALSTEL,
2026-03-06,JINDALSTEL,
2026-03-09,JINDALSTEL,
2026-03-10,JINDALSTEL,
2026-03-11,JINDALSTEL,
2026-03-12,JINDALSTEL,
2026-03-13,JINDALSTEL,
2026-03-16,JINDALSTEL,
2026-03-17,JINDALSTEL,
2026-03-18,JINDALSTEL,
2026-03-19,JINDALSTEL,
2026-03-20,JINDALSTEL,
2026-03-23,JINDALSTEL,
2026-03-24,JINDALSTEL,
2026-03-25,JINDALSTEL,
2026-03-27,JINDALSTEL,
2026-03-30,JINDALSTEL,
2026-04-01,JINDALSTEL,
2026-04-02,JINDALSTEL,
2026-04-06,JINDALSTEL,
2026-04-07,JINDALSTEL,
2026-04-08,JINDALSTEL,
2026-04-09,JINDALSTEL,
2026-04-10,JINDALSTEL,
2026-04-13,JINDALSTEL,
2026-04-15,JINDALSTEL,
2026-04-16,JINDALSTEL,
2026-04-17,JINDALSTEL,
2026-04-20,JINDALSTEL,
2026-04-21,JINDALSTEL,
2026-04-22,JINDALSTEL,
2026-04-23,JINDALSTEL,
2026-04-24,JINDALSTEL,
2026-04-27,JINDALSTEL,
2026-04-28,JINDALSTEL,
2026-04-29,JINDALSTEL,
2026-04-30,JINDALSTEL,
2026-05-04,JINDALSTEL,
2026-05-05,JINDALSTEL,
2026-05-06,JINDALSTEL,
2026-05-07,JINDALSTEL,
2026-05-08,JINDALSTEL,
2026-05-11,JINDALSTEL,
2026-05-12,JINDALSTEL,
2026-05-13,JINDALSTEL,
2026-05-14,JINDALSTEL,
2026-05-15,JINDALSTEL,
2026-05-18,JINDALSTEL,
2026-05-19,JINDALSTEL,
2026-05-20,JINDALSTEL,
2026-05-21,JINDALSTEL,
2026-05-22,JINDALSTEL,
2026-05-25,JINDALSTEL,
2026-05-26,JINDALSTEL,
2026-05-27,JINDALSTEL,
2026-05-29,JINDALSTEL,
2026-06-01,JINDALSTEL,
2026-06-02,JINDALSTEL,
2026-06-03,JINDALSTEL,
2026-06-04,JINDALSTEL,
2026-06-05,JINDALSTEL,
2026-06-08,JINDALSTEL,
2026-06-09,JINDALSTEL,
2026-06-10,JINDALSTEL,
2026-06-11,JINDALSTEL,
2026-06-12,JINDALSTEL,
2026-06-15,JINDALSTEL,
2026-06-16,JINDALSTEL,
2026-06-17,JINDALSTEL,
2026-06-18,JINDALSTEL,
2026-06-19,JINDALSTEL,
2026-06-22,JINDALSTEL,
2026-06-23,JINDALSTEL,
2026-06-24,JINDALSTEL,
2026-06-25,JINDALSTEL,
2026-06-29,JINDALSTEL,
2026-06-30,JINDALSTEL,
2026-07-01,JINDALSTEL,
2026-07-02,JINDALSTEL,
2026-07-03,JINDALSTEL,
2026-07-06,JINDALSTEL,
2026-07-07,JINDALSTEL,
2026-07-08,JINDALSTEL,
2026-07-09,JINDALSTEL,
2026-07-10,JINDALSTEL,
2026-07-13,JINDALSTEL,
2026-07-14,JINDALSTEL,
2026-07-15,JINDALSTEL,
2026-07-16,JINDALSTEL,
2026-07-17,JINDALSTEL,
2026-07-20,JINDALSTEL,
2026-07-21,JINDALSTEL,
2026-07-22,JINDALSTEL,
2026-07-23,JINDALSTEL,
2026-07-24,JINDALSTEL,
2026-07-27,JINDALSTEL,
2026-07-28,JINDALSTEL,
2026-07-29,JINDALSTEL,
2026-07-30,JINDALSTEL,
2026-07-31,JINDALSTEL,
2026-08-03,JINDALSTEL,
2026-08-04,JINDALSTEL,
2026-08-05,JINDALSTEL,
2026-08-06,JINDALSTEL,
2026-08-07,JINDALSTEL,
2026-08-10,JINDALSTEL,
2026-08-11,JINDALSTEL,
2026-08-12,JINDALSTEL,
2026-08-13,JINDALSTEL,
2026-08-14,JINDALSTEL,
2026-08-17,JINDALSTEL,
2026-08-18,JINDALSTEL,
2026-08-19,JINDALSTEL,
2026-08-20,JINDALSTEL,
2026-08-21,JINDALSTEL,
2026-08-24,JINDALSTEL,
2026-08-25,JINDALSTEL,
2026-08-26,JINDALSTEL,
2026-08-27,JINDALSTEL,
2026-08-28,JINDALSTEL,
2026-08-31,JINDALSTEL,
2026-09-01,JINDALSTEL,
2026-09-02,JINDALSTEL,
2026-09-03,JINDALSTEL,1157.1775
2026-09-04,JINDALSTEL,1157.1775
2026-09-07,JINDALSTEL,1157.1775
2026-09-08,JINDALSTEL,1157.1775
2026-09-09,JINDALSTEL,1157.1775
2026-09-10,JINDALSTEL,1157.1775
2026-09-11,JINDALSTEL,1157.1775
2025-09-01,KABRAEXTRU,
2025-09-02,KABRAEXTRU,
2025-09-03,KABRAEXTRU,
2025-09-04,KABRAEXTRU,
2025-09-05,KABRAEXTRU,
2025-09-08,KABRAEXTRU,
2025-09-09,KABRAEXTRU,
2025-09-10,KABRAEXTRU,
2025-09-11,KABRAEXTRU,
2025-09-12,KABRAEXTRU,
2025-09-15,KABRAEXTRU,
2025-09-16,KABRAEXTRU,
2025-09-17,KABRAEXTRU,
2025-09-18,KABRAEXTRU,
2025-09-19,KABRAEXTRU,
2025-09-22,KABRAEXTRU,
2025-09-23,KABRAEXTRU,
2025-09-24,KABRAEXTRU,
2025-09-25,KABRAEXTRU,
2025-09-26,KABRAEXTRU,
2025-09-29,KABRAEXTRU,
2025-09-30,KABRAEXTRU,
2025-10-01,KABRAEXTRU,
2025-10-03,KABRAEXTRU,
2025-10-06,KABRAEXTRU,
2025-10-07,KABRAEXTRU,
2025-10-08,KABRAEXTRU,
2025-10-09,KABRAEXTRU,
2025-10-10,KABRAEXTRU,
2025-10-13,KABRAEXTRU,
2025-10-14,KABRAEXTRU,
2025-10-15,KABRAEXTRU,
2025-10-16,KABRAEXTRU,
2025-10-17,KABRAEXTRU,
2025-10-20,KABRAEXTRU,
2025-10-21,KABRAEXTRU,
2025-10-23,KABRAEXTRU,
2025-10-24,KABRAEXTRU,
2025-10-27,KABRAEXTRU,
2025-10-28,KABRAEXTRU,
2025-10-29,KABRAEXTRU,
2025-10-30,KABRAEXTRU,
2025-10-31,KABRAEXTRU,
2025-11-03,KABRAEXTRU,
2025-11-04,KABRAEXTRU,
2025-11-06,KABRAEXTRU,
2025-11-07,KABRAEXTRU,
2025-11-10,KABRAEXTRU,
2025-11-11,KABRAEXTRU,
2025-11-12,KABRAEXTRU,
2025-11-13,KABRAEXTRU,
2025-11-14,KABRAEXTRU,
2025-11-17,KABRAEXTRU,
2025-11-18,KABRAEXTRU,
2025-11-19,KABRAEXTRU,
2025-11-20,KABRAEXTRU,
2025-11-21,KABRAEXTRU,
2025-11-24,KABRAEXTRU,
2025-11-25,KABRAEXTRU,
2025-11-26,KABRAEXTRU,
2025-11-27,KABRAEXTRU,
2025-11-28,KABRAEXTRU,
2025-12-01,KABRAEXTRU,
2025-12-02,KABRAEXTRU,
2025-12-03,KABRAEXTRU,
2025-12-04,KABRAEXTRU,
2025-12-05,KABRAEXTRU,
2025-12-08,KABRAEXTRU,
2025-12-09,KABRAEXTRU,
2025-12-10,KABRAEXTRU,
2025-12-11,KABRAEXTRU,
2025-12-12,KABRAEXTRU,
2025-12-15,KABRAEXTRU,
2025-12-16,KABRAEXTRU,
2025-12-17,KABRAEXTRU,
2025-12-18,KABRAEXTRU,
2025-12-19,KABRAEXTRU,
2025-12-22,KABRAEXTRU,
2025-12-23,KABRAEXTRU,
2025-12-24,KABRAEXTRU,
2025-12-26,KABRAEXTRU,
2025-12-29,KABRAEXTRU,
2025-12-30,KABRAEXTRU,
2025-12-31,KABRAEXTRU,
2026-01-01,KABRAEXTRU,
2026-01-02,KABRAEXTRU,
2026-01-05,KABRAEXTRU,
2026-01-06,KABRAEXTRU,
2026-01-07,KABRAEXTRU,
2026-01-08,KABRAEXTRU,
2026-01-09,KABRAEXTRU,
2026-01-12,KABRAEXTRU,
2026-01-13,KABRAEXTRU,
2026-01-14,KABRAEXTRU,
2026-01-16,KABRAEXTRU,
2026-01-19,KABRAEXTRU,
2026-01-20,KABRAEXTRU,
2026-01-21,KABRAEXTRU,
2026-01-22,KABRAEXTRU,
2026-01-23,KABRAEXTRU,
2026-01-27,KABRAEXTRU,
2026-01-28,KABRAEXTRU,
2026-01-29,KABRAEXTRU,
2026-01-30,KABRAEXTRU,
2026-02-02,KABRAEXTRU,
2026-02-03,KABRAEXTRU,
2026-02-04,KABRAEXTRU,
2026-02-05,KABRAEXTRU,
2026-02-06,KABRAEXTRU,
2026-02-09,KABRAEXTRU,
2026-02-10,KABRAEXTRU,
2026-02-11,KABRAEXTRU,
2026-02-12,KABRAEXTRU,
2026-02-13,KABRAEXTRU,
2026-02-16,KABRAEXTRU,
2026-02-17,KABRAEXTRU,
2026-02-18,KABRAEXTRU,
2026-02-19,KABRAEXTRU,
2026-02-20,KABRAEXTRU,
2026-02-23,KABRAEXTRU,
2026-02-24,KABRAEXTRU,
2026-02-25,KABRAEXTRU,
2026-02-26,KABRAEXTRU,
2026-02-27,KABRAEXTRU,
2026-03-02,KABRAEXTRU,
2026-03-04,KABRAEXTRU,
2026-03-05,KABRAEXTRU,
2026-03-06,KABRAEXTRU,
2026-03-09,KABRAEXTRU,
2026-03-10,KABRAEXTRU,
2026-03-11,KABRAEXTRU,
2026-03-12,KABRAEXTRU,
2026-03-13,KABRAEXTRU,
2026-03-16,KABRAEXTRU,
2026-03-17,KABRAEXTRU,
2026-03-18,KABRAEXTRU,
2026-03-19,KABRAEXTRU,
2026-03-20,KABRAEXTRU,
2026-03-23,KABRAEXTRU,
2026-03-24,KABRAEXTRU,
2026-03-25,KABRAEXTRU,
2026-03-27,KABRAEXTRU,
2026-03-30,KABRAEXTRU,
2026-04-01,KABRAEXTRU,
2026-04-02,KABRAEXTRU,
2026-04-06,KABRAEXTRU,
2026-04-07,KABRAEXTRU,
2026-04-08,KABRAEXTRU,
2026-04-09,KABRAEXTRU,
2026-04-10,KABRAEXTRU,
2026-04-13,KABRAEXTRU,
2026-04-15,KABRAEXTRU,
2026-04-16,KABRAEXTRU,
2026-04-17,KABRAEXTRU,
2026-04-20,KABRAEXTRU,
2026-04-21,KABRAEXTRU,
2026-04-22,KABRAEXTRU,
2026-04-23,KABRAEXTRU,
2026-04-24,KABRAEXTRU,
2026-04-27,KABRAEXTRU,
2026-04-28,KABRAEXTRU,
2026-04-29,KABRAEXTRU,
2026-04-30,KABRAEXTRU,
2026-05-04,KABRAEXTRU,
2026-05-05,KABRAEXTRU,
2026-05-06,KABRAEXTRU,
2026-05-07,KABRAEXTRU,
2026-05-08,KABRAEXTRU,
2026-05-11,KABRAEXTRU,
2026-05-12,KABRAEXTRU,
2026-05-13,KABRAEXTRU,
2026-05-14,KABRAEXTRU,
2026-05-15,KABRAEXTRU,
2026-05-18,KABRAEXTRU,
2026-05-19,KABRAEXTRU,
2026-05-20,KABRAEXTRU,
2026-05-21,KABRAEXTRU,
2026-05-22,KABRAEXTRU,
2026-05-25,KABRAEXTRU,
2026-05-26,KABRAEXTRU,
2026-05-27,KABRAEXTRU,
2026-05-29,KABRAEXTRU,
2026-06-01,KABRAEXTRU,
2026-06-02,KABRAEXTRU,
2026-06-03,KABRAEXTRU,
2026-06-04,KABRAEXTRU,
2026-06-05,KABRAEXTRU,
2026-06-08,KABRAEXTRU,
2026-06-09,KABRAEXTRU,
2026-06-10,KABRAEXTRU,
2026-06-11,KABRAEXTRU,
2026-06-12,KABRAEXTRU,
2026-06-15,KABRAEXTRU,
2026-06-16,KABRAEXTRU,
2026-06-17,KABRAEXTRU,
2026-06-18,KABRAEXTRU,
2026-06-19,KABRAEXTRU,239.0011
2026-06-22,KABRAEXTRU,239.0011
2026-06-23,KABRAEXTRU,239.4155
2026-06-24,KABRAEXTRU,239.4155
2026-06-25,KABRAEXTRU,240.4691
2026-06-29,KABRAEXTRU,240.4691
2026-06-30,KABRAEXTRU,240.4691
2026-07-01,KABRAEXTRU,240.4691
2026-07-02,KABRAEXTRU,240.4691
2026-07-03,KABRAEXTRU,240.4691
2026-07-06,KABRAEXTRU,240.4691
2026-07-07,KABRAEXTRU,240.4691
2026-07-08,KABRAEXTRU,240.4691
2026-07-09,KABRAEXTRU,240.4691
2026-07-10,KABRAEXTRU,240.4691
2026-07-13,KABRAEXTRU,240.4691
2026-07-14,KABRAEXTRU,240.4691
2026-07-15,KABRAEXTRU,240.4691
2026-07-16,KABRAEXTRU,240.4691
2026-07-17,KABRAEXTRU,240.4691
2026-07-20,KABRAEXTRU,240.4691
2026-07-21,KABRAEXTRU,240.4691
2026-07-22,KABRAEXTRU,240.4691
2026-07-23,KABRAEXTRU,240.4691
2026-07-24,KABRAEXTRU,240.4691
2026-07-27,KABRAEXTRU,240.4691
2026-07-28,KABRAEXTRU,240.4691
2026-07-29,KABRAEXTRU,240.4691
2026-07-30,KABRAEXTRU,240.4691
2026-07-31,KABRAEXTRU,240.4691
2026-08-03,KABRAEXTRU,240.4691
2026-08-04,KABRAEXTRU,240.4691
2026-08-05,KABRAEXTRU,240.4691
2026-08-06,KABRAEXTRU,240.4691
2026-08-07,KABRAEXTRU,240.4691
2026-08-10,KABRAEXTRU,240.4691
2026-08-11,KABRAEXTRU,240.4691
2026-08-12,KABRAEXTRU,240.4691
2026-08-13,KABRAEXTRU,240.4691
2026-08-14,KABRAEXTRU,240.4691
2026-08-17,KABRAEXTRU,240.4691
2026-08-18,KABRAEXTRU,240.4691
2026-08-19,KABRAEXTRU,240.4691
2026-08-20,KABRAEXTRU,240.4691
2026-08-21,KABRAEXTRU,240.4691
2026-08-24,KABRAEXTRU,240.4691
2026-08-25,KABRAEXTRU,240.4691
2026-08-26,KABRAEXTRU,240.4691
2026-08-27,KABRAEXTRU,240.4691
2026-08-28,KABRAEXTRU,240.4691
2026-08-31,KABRAEXTRU,240.4691
2026-09-01,KABRAEXTRU,240.4691
2026-09-02,KABRAEXTRU,240.4691
2026-09-03,KABRAEXTRU,240.4691
2026-09-04,KABRAEXTRU,240.4691
2026-09-07,KABRAEXTRU,240.4691
2026-09-08,KABRAEXTRU,240.4691
2026-09-09,KABRAEXTRU,240.4691
2026-09-10,KABRAEXTRU,240.4691
2026-09-11,KABRAEXTRU,240.4691
2025-09-01,KMEW,
2025-09-02,KMEW,
2025-09-03,KMEW,
2025-09-04,KMEW,
2025-09-05,KMEW,
2025-09-08,KMEW,
2025-09-09,KMEW,
2025-09-10,KMEW,
2025-09-11,KMEW,
2025-09-12,KMEW,
2025-09-15,KMEW,
2025-09-16,KMEW,
2025-09-17,KMEW,
2025-09-18,KMEW,
2025-09-19,KMEW,
2025-09-22,KMEW,
2025-09-23,KMEW,
2025-09-24,KMEW,
2025-09-25,KMEW,
2025-09-26,KMEW,
2025-09-29,KMEW,
2025-09-30,KMEW,
2025-10-01,KMEW,
2025-10-03,KMEW,
2025-10-06,KMEW,
2025-10-07,KMEW,
2025-10-08,KMEW,
2025-10-09,KMEW,
2025-10-10,KMEW,
2025-10-13,KMEW,
2025-10-14,KMEW,
2025-10-15,KMEW,
2025-10-16,KMEW,
2025-10-17,KMEW,
2025-10-20,KMEW,
2025-10-21,KMEW,
2025-10-23,KMEW,
2025-10-24,KMEW,
2025-10-27,KMEW,
2025-10-28,KMEW,
2025-10-29,KMEW,
2025-10-30,KMEW,
2025-10-31,KMEW,
2025-11-03,KMEW,
2025-11-04,KMEW,
2025-11-06,KMEW,
2025-11-07,KMEW,
2025-11-10,KMEW,
2025-11-11,KMEW,
2025-11-12,KMEW,
2025-11-13,KMEW,
2025-11-14,KMEW,
2025-11-17,KMEW,
2025-11-18,KMEW,
2025-11-19,KMEW,
2025-11-20,KMEW,
2025-11-21,KMEW,
2025-11-24,KMEW,
2025-11-25,KMEW,
2025-11-26,KMEW,
2025-11-27,KMEW,
2025-11-28,KMEW,
2025-12-01,KMEW,
2025-12-02,KMEW,
2025-12-03,KMEW,
2025-12-04,KMEW,
2025-12-05,KMEW,
2025-12-08,KMEW,
2025-12-09,KMEW,
2025-12-10,KMEW,
2025-12-11,KMEW,
2025-12-12,KMEW,
2025-12-15,KMEW,
2025-12-16,KMEW,
2025-12-17,KMEW,
2025-12-18,KMEW,
2025-12-19,KMEW,
2025-12-22,KMEW,
2025-12-23,KMEW,
2025-12-24,KMEW,
2025-12-26,KMEW,
2025-12-29,KMEW,
2025-12-30,KMEW,
2025-12-31,KMEW,
2026-01-01,KMEW,
2026-01-02,KMEW,
2026-01-05,KMEW,
2026-01-06,KMEW,
2026-01-07,KMEW,
2026-01-08,KMEW,
2026-01-09,KMEW,
2026-01-12,KMEW,
2026-01-13,KMEW,
2026-01-14,KMEW,
2026-01-16,KMEW,
2026-01-19,KMEW,
2026-01-20,KMEW,
2026-01-21,KMEW,
2026-01-22,KMEW,
2026-01-23,KMEW,
2026-01-27,KMEW,
2026-01-28,KMEW,
2026-01-29,KMEW,
2026-01-30,KMEW,
2026-02-02,KMEW,
2026-02-03,KMEW,
2026-02-04,KMEW,
2026-02-05,KMEW,
2026-02-06,KMEW,
2026-02-09,KMEW,
2026-02-10,KMEW,
2026-02-11,KMEW,
2026-02-12,KMEW,
2026-02-13,KMEW,
2026-02-16,KMEW,
2026-02-17,KMEW,
2026-02-18,KMEW,
2026-02-19,KMEW,
2026-02-20,KMEW,
2026-02-23,KMEW,
2026-02-24,KMEW,
2026-02-25,KMEW,
2026-02-26,KMEW,
2026-02-27,KMEW,
2026-03-02,KMEW,
2026-03-04,KMEW,
2026-03-05,KMEW,
2026-03-06,KMEW,
2026-03-09,KMEW,
2026-03-10,KMEW,
2026-03-11,KMEW,
2026-03-12,KMEW,
2026-03-13,KMEW,
2026-03-16,KMEW,
2026-03-17,KMEW,
2026-03-18,KMEW,
2026-03-19,KMEW,
2026-03-20,KMEW,
2026-03-23,KMEW,
2026-03-24,KMEW,
2026-03-25,KMEW,
2026-03-27,KMEW,
2026-03-30,KMEW,
2026-04-01,KMEW,
2026-04-02,KMEW,
2026-04-06,KMEW,
2026-04-07,KMEW,
2026-04-08,KMEW,
2026-04-09,KMEW,
2026-04-10,KMEW,
2026-04-13,KMEW,
2026-04-15,KMEW,
2026-04-16,KMEW,
2026-04-17,KMEW,
2026-04-20,KMEW,
2026-04-21,KMEW,
2026-04-22,KMEW,
2026-04-23,KMEW,
2026-04-24,KMEW,
2026-04-27,KMEW,
2026-04-28,KMEW,
2026-04-29,KMEW,
2026-04-30,KMEW,
2026-05-04,KMEW,
2026-05-05,KMEW,
2026-05-06,KMEW,
2026-05-07,KMEW,
2026-05-08,KMEW,
2026-05-11,KMEW,
2026-05-12,KMEW,
2026-05-13,KMEW,
2026-05-14,KMEW,
2026-05-15,KMEW,
2026-05-18,KMEW,
2026-05-19,KMEW,
2026-05-20,KMEW,
2026-05-21,KMEW,
2026-05-22,KMEW,
2026-05-25,KMEW,
2026-05-26,KMEW,
2026-05-27,KMEW,
2026-05-29,KMEW,
2026-06-01,KMEW,1779.9814
2026-06-02,KMEW,1779.9814
2026-06-03,KMEW,1779.9814
2026-06-04,KMEW,1779.9814
2026-06-05,KMEW,1779.9814
2026-06-08,KMEW,1779.9814
2026-06-09,KMEW,1779.9814
2026-06-10,KMEW,1779.9814
2026-06-11,KMEW,1779.9814
2026-06-12,KMEW,1779.9814
2026-06-15,KMEW,1779.9814
2026-06-16,KMEW,1779.9814
2026-06-17,KMEW,1779.9814
2026-06-18,KMEW,1779.9814
2026-06-19,KMEW,1779.9814
2026-06-22,KMEW,1779.9814
2026-06-23,KMEW,1779.9814
2026-06-24,KMEW,1779.9814
2026-06-25,KMEW,1779.9814
2026-06-29,KMEW,1779.9814
2026-06-30,KMEW,1779.9814
2026-07-01,KMEW,1779.9814
2026-07-02,KMEW,1779.9814
2026-07-03,KMEW,1779.9814
2026-07-06,KMEW,1779.9814
2026-07-07,KMEW,1779.9814
2026-07-08,KMEW,1779.9814
2026-07-09,KMEW,1779.9814
2026-07-10,KMEW,1779.9814
2026-07-13,KMEW,1779.9814
2026-07-14,KMEW,1779.9814
2026-07-15,KMEW,1779.9814
2026-07-16,KMEW,1779.9814
2026-07-17,KMEW,1779.9814
2026-07-20,KMEW,1779.9814
2026-07-21,KMEW,1779.9814
2026-07-22,KMEW,1779.9814
2026-07-23,KMEW,1779.9814
2026-07-24,KMEW,1779.9814
2026-07-27,KMEW,1779.9814
2026-07-28,KMEW,1779.9814
2026-07-29,KMEW,1779.9814
2026-07-30,KMEW,1779.9814
2026-07-31,KMEW,1779.9814
2026-08-03,KMEW,1779.9814
2026-08-04,KMEW,1779.9814
2026-08-05,KMEW,1779.9814
2026-08-06,KMEW,1779.9814
2026-08-07,KMEW,1779.9814
2026-08-10,KMEW,1779.9814
2026-08-11,KMEW,1779.9814
2026-08-12,KMEW,1779.9814
2026-08-13,KMEW,1779.9814
2026-08-14,KMEW,1779.9814
2026-08-17,KMEW,1779.9814
2026-08-18,KMEW,1779.9814
2026-08-19,KMEW,1779.9814
2026-08-20,KMEW,1779.9814
2026-08-21,KMEW,1779.9814
2026-08-24,KMEW,1779.9814
2026-08-25,KMEW,1779.9814
2026-08-26,KMEW,1779.9814
2026-08-27,KMEW,1779.9814
2026-08-28,KMEW,1779.9814
2026-08-31,KMEW,1779.9814
2026-09-01,KMEW,1779.9814
2026-09-02,KMEW,1779.9814
2026-09-03,KMEW,1779.9814
2026-09-04,KMEW,1779.9814
2026-09-07,KMEW,1779.9814
2026-09-08,KMEW,1779.9814
2026-09-09,KMEW,1779.9814
2026-09-10,KMEW,1779.9814
2026-09-11,KMEW,1779.9814
2025-09-01,LAOPALA,
2025-09-02,LAOPALA,
2025-09-03,LAOPALA,
2025-09-04,LAOPALA,
2025-09-05,LAOPALA,
2025-09-08,LAOPALA,
2025-09-09,LAOPALA,
2025-09-10,LAOPALA,
2025-09-11,LAOPALA,
2025-09-12,LAOPALA,
2025-09-15,LAOPALA,
2025-09-16,LAOPALA,
2025-09-17,LAOPALA,
2025-09-18,LAOPALA,
2025-09-19,LAOPALA,
2025-09-22,LAOPALA,
2025-09-23,LAOPALA,
2025-09-24,LAOPALA,
2025-09-25,LAOPALA,
2025-09-26,LAOPALA,
2025-09-29,LAOPALA,
2025-09-30,LAOPALA,
2025-10-01,LAOPALA,
2025-10-03,LAOPALA,
2025-10-06,LAOPALA,
2025-10-07,LAOPALA,
2025-10-08,LAOPALA,
2025-10-09,LAOPALA,
2025-10-10,LAOPALA,
2025-10-13,LAOPALA,
2025-10-14,LAOPALA,
2025-10-15,LAOPALA,
2025-10-16,LAOPALA,
2025-10-17,LAOPALA,
2025-10-20,LAOPALA,
2025-10-21,LAOPALA,
2025-10-23,LAOPALA,
2025-10-24,LAOPALA,
2025-10-27,LAOPALA,
2025-10-28,LAOPALA,
2025-10-29,LAOPALA,
2025-10-30,LAOPALA,
2025-10-31,LAOPALA,
2025-11-03,LAOPALA,
2025-11-04,LAOPALA,
2025-11-06,LAOPALA,
2025-11-07,LAOPALA,
2025-11-10,LAOPALA,
2025-11-11,LAOPALA,
2025-11-12,LAOPALA,
2025-11-13,LAOPALA,
2025-11-14,LAOPALA,
2025-11-17,LAOPALA,
2025-11-18,LAOPALA,
2025-11-19,LAOPALA,
2025-11-20,LAOPALA,
2025-11-21,LAOPALA,
2025-11-24,LAOPALA,
2025-11-25,LAOPALA,
2025-11-26,LAOPALA,
2025-11-27,LAOPALA,
2025-11-28,LAOPALA,
2025-12-01,LAOPALA,
2025-12-02,LAOPALA,
2025-12-03,LAOPALA,
2025-12-04,LAOPALA,
2025-12-05,LAOPALA,
2025-12-08,LAOPALA,
2025-12-09,LAOPALA,
2025-12-10,LAOPALA,
2025-12-11,LAOPALA,
2025-12-12,LAOPALA,
2025-12-15,LAOPALA,
2025-12-16,LAOPALA,
2025-12-17,LAOPALA,
2025-12-18,LAOPALA,
2025-12-19,LAOPALA,
2025-12-22,LAOPALA,
2025-12-23,LAOPALA,
2025-12-24,LAOPALA,
2025-12-26,LAOPALA,
2025-12-29,LAOPALA,
2025-12-30,LAOPALA,
2025-12-31,LAOPALA,
2026-01-01,LAOPALA,
2026-01-02,LAOPALA,
2026-01-05,LAOPALA,
2026-01-06,LAOPALA,
2026-01-07,LAOPALA,
2026-01-08,LAOPALA,
2026-01-09,LAOPALA,
2026-01-12,LAOPALA,
2026-01-13,LAOPALA,
2026-01-14,LAOPALA,
2026-01-16,LAOPALA,
2026-01-19,LAOPALA,
2026-01-20,LAOPALA,
2026-01-21,LAOPALA,
2026-01-22,LAOPALA,
2026-01-23,LAOPALA,
2026-01-27,LAOPALA,
2026-01-28,LAOPALA,
2026-01-29,LAOPALA,
2026-01-30,LAOPALA,
2026-02-02,LAOPALA,
2026-02-03,LAOPALA,
2026-02-04,LAOPALA,
2026-02-05,LAOPALA,
2026-02-06,LAOPALA,
2026-02-09,LAOPALA,
2026-02-10,LAOPALA,
2026-02-11,LAOPALA,
2026-02-12,LAOPALA,
2026-02-13,LAOPALA,
2026-02-16,LAOPALA,
2026-02-17,LAOPALA,
2026-02-18,LAOPALA,
2026-02-19,LAOPALA,
2026-02-20,LAOPALA,
2026-02-23,LAOPALA,
2026-02-24,LAOPALA,
2026-02-25,LAOPALA,
2026-02-26,LAOPALA,
2026-02-27,LAOPALA,
2026-03-02,LAOPALA,
2026-03-04,LAOPALA,
2026-03-05,LAOPALA,
2026-03-06,LAOPALA,
2026-03-09,LAOPALA,
2026-03-10,LAOPALA,
2026-03-11,LAOPALA,
2026-03-12,LAOPALA,
2026-03-13,LAOPALA,
2026-03-16,LAOPALA,
2026-03-17,LAOPALA,
2026-03-18,LAOPALA,
2026-03-19,LAOPALA,
2026-03-20,LAOPALA,
2026-03-23,LAOPALA,
2026-03-24,LAOPALA,
2026-03-25,LAOPALA,
2026-03-27,LAOPALA,
2026-03-30,LAOPALA,
2026-04-01,LAOPALA,
2026-04-02,LAOPALA,
2026-04-06,LAOPALA,
2026-04-07,LAOPALA,
2026-04-08,LAOPALA,
2026-04-09,LAOPALA,
2026-04-10,LAOPALA,
2026-04-13,LAOPALA,
2026-04-15,LAOPALA,
2026-04-16,LAOPALA,
2026-04-17,LAOPALA,
2026-04-20,LAOPALA,
2026-04-21,LAOPALA,
2026-04-22,LAOPALA,
2026-04-23,LAOPALA,
2026-04-24,LAOPALA,
2026-04-27,LAOPALA,
2026-04-28,LAOPALA,
2026-04-29,LAOPALA,
2026-04-30,LAOPALA,
2026-05-04,LAOPALA,
2026-05-05,LAOPALA,
2026-05-06,LAOPALA,
2026-05-07,LAOPALA,
2026-05-08,LAOPALA,
2026-05-11,LAOPALA,
2026-05-12,LAOPALA,
2026-05-13,LAOPALA,
2026-05-14,LAOPALA,
2026-05-15,LAOPALA,
2026-05-18,LAOPALA,
2026-05-19,LAOPALA,
2026-05-20,LAOPALA,
2026-05-21,LAOPALA,
2026-05-22,LAOPALA,
2026-05-25,LAOPALA,
2026-05-26,LAOPALA,
2026-05-27,LAOPALA,
2026-05-29,LAOPALA,
2026-06-01,LAOPALA,
2026-06-02,LAOPALA,172.1624
2026-06-03,LAOPALA,172.1624
2026-06-04,LAOPALA,173.4502
2026-06-05,LAOPALA,173.4502
2026-06-08,LAOPALA,173.9111
2026-06-09,LAOPALA,173.9111
2026-06-10,LAOPALA,173.9111
2026-06-11,LAOPALA,173.9111
2026-06-12,LAOPALA,173.9111
2026-06-15,LAOPALA,173.9111
2026-06-16,LAOPALA,173.9111
2026-06-17,LAOPALA,173.9111
2026-06-18,LAOPALA,173.9111
2026-06-19,LAOPALA,173.9111
2026-06-22,LAOPALA,173.9111
2026-06-23,LAOPALA,173.9111
2026-06-24,LAOPALA,173.9111
2026-06-25,LAOPALA,173.9111
2026-06-29,LAOPALA,173.9111
2026-06-30,LAOPALA,173.9111
2026-07-01,LAOPALA,173.9111
2026-07-02,LAOPALA,173.9111
2026-07-03,LAOPALA,173.9111
2026-07-06,LAOPALA,173.9111
2026-07-07,LAOPALA,173.9111
2026-07-08,LAOPALA,173.9111
2026-07-09,LAOPALA,173.9111
2026-07-10,LAOPALA,173.9111
2026-07-13,LAOPALA,173.9111
2026-07-14,LAOPALA,173.9111
2026-07-15,LAOPALA,173.9111
2026-07-16,LAOPALA,173.9111
2026-07-17,LAOPALA,173.9111
2026-07-20,LAOPALA,173.9111
2026-07-21,LAOPALA,173.9111
2026-07-22,LAOPALA,173.9111
2026-07-23,LAOPALA,173.9111
2026-07-24,LAOPALA,173.9111
2026-07-27,LAOPALA,173.9111
2026-07-28,LAOPALA,173.9111
2026-07-29,LAOPALA,173.9111
2026-07-30,LAOPALA,173.9111
2026-07-31,LAOPALA,173.9111
2026-08-03,LAOPALA,173.9111
2026-08-04,LAOPALA,173.9111
2026-08-05,LAOPALA,173.9111
2026-08-06,LAOPALA,173.9111
2026-08-07,LAOPALA,173.9111
2026-08-10,LAOPALA,173.9111
2026-08-11,LAOPALA,173.9111
2026-08-12,LAOPALA,173.9111
2026-08-13,LAOPALA,173.9111
2026-08-14,LAOPALA,173.9111
2026-08-17,LAOPALA,173.9111
2026-08-18,LAOPALA,173.9111
2026-08-19,LAOPALA,173.9111
2026-08-20,LAOPALA,173.9111
2026-08-21,LAOPALA,173.9111
2026-08-24,LAOPALA,173.9111
2026-08-25,LAOPALA,173.9111
2026-08-26,LAOPALA,173.9111
2026-08-27,LAOPALA,173.9111
2026-08-28,LAOPALA,173.9111
2026-08-31,LAOPALA,173.9111
2026-09-01,LAOPALA,173.9111
2026-09-02,LAOPALA,173.9111
2026-09-03,LAOPALA,173.9111
2026-09-04,LAOPALA,173.9111
2026-09-07,LAOPALA,173.9111
2026-09-08,LAOPALA,173.9111
2026-09-09,LAOPALA,173.9111
2026-09-10,LAOPALA,173.9111
2026-09-11,LAOPALA,173.9111
2025-09-01,MACPOWER,
2025-09-02,MACPOWER,
2025-09-03,MACPOWER,
2025-09-04,MACPOWER,
2025-09-05,MACPOWER,
2025-09-08,MACPOWER,
2025-09-09,MACPOWER,
2025-09-10,MACPOWER,
2025-09-11,MACPOWER,
2025-09-12,MACPOWER,
2025-09-15,MACPOWER,
2025-09-16,MACPOWER,
2025-09-17,MACPOWER,
2025-09-18,MACPOWER,
2025-09-19,MACPOWER,
2025-09-22,MACPOWER,
2025-09-23,MACPOWER,
2025-09-24,MACPOWER,
2025-09-25,MACPOWER,
2025-09-26,MACPOWER,
2025-09-29,MACPOWER,
2025-09-30,MACPOWER,
2025-10-01,MACPOWER,
2025-10-03,MACPOWER,
2025-10-06,MACPOWER,
2025-10-07,MACPOWER,
2025-10-08,MACPOWER,
2025-10-09,MACPOWER,
2025-10-10,MACPOWER,
2025-10-13,MACPOWER,
2025-10-14,MACPOWER,
2025-10-15,MACPOWER,
2025-10-16,MACPOWER,
2025-10-17,MACPOWER,
2025-10-20,MACPOWER,
2025-10-21,MACPOWER,
2025-10-23,MACPOWER,
2025-10-24,MACPOWER,
2025-10-27,MACPOWER,
2025-10-28,MACPOWER,
2025-10-29,MACPOWER,
2025-10-30,MACPOWER,
2025-10-31,MACPOWER,
2025-11-03,MACPOWER,
2025-11-04,MACPOWER,
2025-11-06,MACPOWER,
2025-11-07,MACPOWER,
2025-11-10,MACPOWER,
2025-11-11,MACPOWER,
2025-11-12,MACPOWER,
2025-11-13,MACPOWER,
2025-11-14,MACPOWER,
2025-11-17,MACPOWER,
2025-11-18,MACPOWER,
2025-11-19,MACPOWER,
2025-11-20,MACPOWER,
2025-11-21,MACPOWER,
2025-11-24,MACPOWER,
2025-11-25,MACPOWER,
2025-11-26,MACPOWER,
2025-11-27,MACPOWER,
2025-11-28,MACPOWER,
2025-12-01,MACPOWER,
2025-12-02,MACPOWER,
2025-12-03,MACPOWER,
2025-12-04,MACPOWER,
2025-12-05,MACPOWER,
2025-12-08,MACPOWER,
2025-12-09,MACPOWER,
2025-12-10,MACPOWER,
2025-12-11,MACPOWER,
2025-12-12,MACPOWER,
2025-12-15,MACPOWER,
2025-12-16,MACPOWER,
2025-12-17,MACPOWER,
2025-12-18,MACPOWER,
2025-12-19,MACPOWER,
2025-12-22,MACPOWER,
2025-12-23,MACPOWER,
2025-12-24,MACPOWER,
2025-12-26,MACPOWER,
2025-12-29,MACPOWER,
2025-12-30,MACPOWER,
2025-12-31,MACPOWER,
2026-01-01,MACPOWER,
2026-01-02,MACPOWER,
2026-01-05,MACPOWER,
2026-01-06,MACPOWER,
2026-01-07,MACPOWER,
2026-01-08,MACPOWER,
2026-01-09,MACPOWER,
2026-01-12,MACPOWER,
2026-01-13,MACPOWER,
2026-01-14,MACPOWER,
2026-01-16,MACPOWER,
2026-01-19,MACPOWER,
2026-01-20,MACPOWER,
2026-01-21,MACPOWER,
2026-01-22,MACPOWER,
2026-01-23,MACPOWER,
2026-01-27,MACPOWER,
2026-01-28,MACPOWER,
2026-01-29,MACPOWER,
2026-01-30,MACPOWER,
2026-02-02,MACPOWER,
2026-02-03,MACPOWER,
2026-02-04,MACPOWER,
2026-02-05,MACPOWER,
2026-02-06,MACPOWER,
2026-02-09,MACPOWER,
2026-02-10,MACPOWER,
2026-02-11,MACPOWER,
2026-02-12,MACPOWER,
2026-02-13,MACPOWER,
2026-02-16,MACPOWER,
2026-02-17,MACPOWER,
2026-02-18,MACPOWER,
2026-02-19,MACPOWER,
2026-02-20,MACPOWER,
2026-02-23,MACPOWER,
2026-02-24,MACPOWER,
2026-02-25,MACPOWER,
2026-02-26,MACPOWER,
2026-02-27,MACPOWER,
2026-03-02,MACPOWER,
2026-03-04,MACPOWER,
2026-03-05,MACPOWER,
2026-03-06,MACPOWER,
2026-03-09,MACPOWER,
2026-03-10,MACPOWER,
2026-03-11,MACPOWER,
2026-03-12,MACPOWER,
2026-03-13,MACPOWER,
2026-03-16,MACPOWER,
2026-03-17,MACPOWER,
2026-03-18,MACPOWER,
2026-03-19,MACPOWER,
2026-03-20,MACPOWER,
2026-03-23,MACPOWER,
2026-03-24,MACPOWER,
2026-03-25,MACPOWER,
2026-03-27,MACPOWER,
2026-03-30,MACPOWER,
2026-04-01,MACPOWER,
2026-04-02,MACPOWER,
2026-04-06,MACPOWER,
2026-04-07,MACPOWER,
2026-04-08,MACPOWER,
2026-04-09,MACPOWER,
2026-04-10,MACPOWER,
2026-04-13,MACPOWER,
2026-04-15,MACPOWER,
2026-04-16,MACPOWER,
2026-04-17,MACPOWER,
2026-04-20,MACPOWER,
2026-04-21,MACPOWER,
2026-04-22,MACPOWER,
2026-04-23,MACPOWER,
2026-04-24,MACPOWER,
2026-04-27,MACPOWER,
2026-04-28,MACPOWER,
2026-04-29,MACPOWER,
2026-04-30,MACPOWER,
2026-05-04,MACPOWER,
2026-05-05,MACPOWER,
2026-05-06,MACPOWER,
2026-05-07,MACPOWER,
2026-05-08,MACPOWER,
2026-05-11,MACPOWER,
2026-05-12,MACPOWER,
2026-05-13,MACPOWER,
2026-05-14,MACPOWER,
2026-05-15,MACPOWER,
2026-05-18,MACPOWER,
2026-05-19,MACPOWER,
2026-05-20,MACPOWER,
2026-05-21,MACPOWER,
2026-05-22,MACPOWER,
2026-05-25,MACPOWER,
2026-05-26,MACPOWER,
2026-05-27,MACPOWER,
2026-05-29,MACPOWER,
2026-06-01,MACPOWER,918.3
2026-06-02,MACPOWER,918.3
2026-06-03,MACPOWER,918.3
2026-06-04,MACPOWER,920.5132
2026-06-05,MACPOWER,920.5132
2026-06-08,MACPOWER,920.5132
2026-06-09,MACPOWER,920.5132
2026-06-10,MACPOWER,920.5132
2026-06-11,MACPOWER,920.5132
2026-06-12,MACPOWER,920.5132
2026-06-15,MACPOWER,920.5132
2026-06-16,MACPOWER,920.5132
2026-06-17,MACPOWER,920.5132
2026-06-18,MACPOWER,920.5132
2026-06-19,MACPOWER,920.5132
2026-06-22,MACPOWER,920.5132
2026-06-23,MACPOWER,920.5132
2026-06-24,MACPOWER,920.5132
2026-06-25,MACPOWER,920.5132
2026-06-29,MACPOWER,920.5132
2026-06-30,MACPOWER,920.5132
2026-07-01,MACPOWER,920.5132
2026-07-02,MACPOWER,920.5132
2026-07-03,MACPOWER,920.5132
2026-07-06,MACPOWER,920.5132
2026-07-07,MACPOWER,920.5132
2026-07-08,MACPOWER,920.5132
2026-07-09,MACPOWER,920.5132
2026-07-10,MACPOWER,920.5132
2026-07-13,MACPOWER,920.5132
2026-07-14,MACPOWER,920.5132
2026-07-15,MACPOWER,920.5132
2026-07-16,MACPOWER,920.5132
2026-07-17,MACPOWER,920.5132
2026-07-20,MACPOWER,920.5132
2026-07-21,MACPOWER,920.5132
2026-07-22,MACPOWER,920.5132
2026-07-23,MACPOWER,920.5132
2026-07-24,MACPOWER,920.5132
2026-07-27,MACPOWER,920.5132
2026-07-28,MACPOWER,920.5132
2026-07-29,MACPOWER,920.5132
2026-07-30,MACPOWER,920.5132
2026-07-31,MACPOWER,920.5132
2026-08-03,MACPOWER,920.5132
2026-08-04,MACPOWER,920.5132
2026-08-05,MACPOWER,920.5132
2026-08-06,MACPOWER,920.5132
2026-08-07,MACPOWER,920.5132
2026-08-10,MACPOWER,920.5132
2026-08-11,MACPOWER,920.5132
2026-08-12,MACPOWER,920.5132
2026-08-13,MACPOWER,920.5132
2026-08-14,MACPOWER,920.5132
2026-08-17,MACPOWER,920.5132
2026-08-18,MACPOWER,920.5132
2026-08-19,MACPOWER,920.5132
2026-08-20,MACPOWER,920.5132
2026-08-21,MACPOWER,920.5132
2026-08-24,MACPOWER,920.5132
2026-08-25,MACPOWER,920.5132
2026-08-26,MACPOWER,920.5132
2026-08-27,MACPOWER,920.5132
2026-08-28,MACPOWER,920.5132
2026-08-31,MACPOWER,920.5132
2026-09-01,MACPOWER,920.5132
2026-09-02,MACPOWER,920.5132
2026-09-03,MACPOWER,920.5132
2026-09-04,MACPOWER,920.5132
2026-09-07,MACPOWER,920.5132
2026-09-08,MACPOWER,920.5132
2026-09-09,MACPOWER,920.5132
2026-09-10,MACPOWER,920.5132
2026-09-11,MACPOWER,920.5132
2025-09-01,MAHSEAMLES,
2025-09-02,MAHSEAMLES,
2025-09-03,MAHSEAMLES,
2025-09-04,MAHSEAMLES,
2025-09-05,MAHSEAMLES,
2025-09-08,MAHSEAMLES,
2025-09-09,MAHSEAMLES,
2025-09-10,MAHSEAMLES,
2025-09-11,MAHSEAMLES,
2025-09-12,MAHSEAMLES,
2025-09-15,MAHSEAMLES,
2025-09-16,MAHSEAMLES,
2025-09-17,MAHSEAMLES,
2025-09-18,MAHSEAMLES,
2025-09-19,MAHSEAMLES,
2025-09-22,MAHSEAMLES,
2025-09-23,MAHSEAMLES,
2025-09-24,MAHSEAMLES,
2025-09-25,MAHSEAMLES,
2025-09-26,MAHSEAMLES,
2025-09-29,MAHSEAMLES,
2025-09-30,MAHSEAMLES,
2025-10-01,MAHSEAMLES,
2025-10-03,MAHSEAMLES,
2025-10-06,MAHSEAMLES,
2025-10-07,MAHSEAMLES,
2025-10-08,MAHSEAMLES,
2025-10-09,MAHSEAMLES,
2025-10-10,MAHSEAMLES,
2025-10-13,MAHSEAMLES,
2025-10-14,MAHSEAMLES,
2025-10-15,MAHSEAMLES,
2025-10-16,MAHSEAMLES,
2025-10-17,MAHSEAMLES,
2025-10-20,MAHSEAMLES,
2025-10-21,MAHSEAMLES,
2025-10-23,MAHSEAMLES,
2025-10-24,MAHSEAMLES,
2025-10-27,MAHSEAMLES,
2025-10-28,MAHSEAMLES,
2025-10-29,MAHSEAMLES,
2025-10-30,MAHSEAMLES,
2025-10-31,MAHSEAMLES,
2025-11-03,MAHSEAMLES,
2025-11-04,MAHSEAMLES,
2025-11-06,MAHSEAMLES,
2025-11-07,MAHSEAMLES,
2025-11-10,MAHSEAMLES,
2025-11-11,MAHSEAMLES,
2025-11-12,MAHSEAMLES,
2025-11-13,MAHSEAMLES,
2025-11-14,MAHSEAMLES,
2025-11-17,MAHSEAMLES,
2025-11-18,MAHSEAMLES,
2025-11-19,MAHSEAMLES,
2025-11-20,MAHSEAMLES,
2025-11-21,MAHSEAMLES,
2025-11-24,MAHSEAMLES,
2025-11-25,MAHSEAMLES,
2025-11-26,MAHSEAMLES,
2025-11-27,MAHSEAMLES,
2025-11-28,MAHSEAMLES,
2025-12-01,MAHSEAMLES,
2025-12-02,MAHSEAMLES,
2025-12-03,MAHSEAMLES,
2025-12-04,MAHSEAMLES,
2025-12-05,MAHSEAMLES,
2025-12-08,MAHSEAMLES,
2025-12-09,MAHSEAMLES,
2025-12-10,MAHSEAMLES,
2025-12-11,MAHSEAMLES,
2025-12-12,MAHSEAMLES,
2025-12-15,MAHSEAMLES,
2025-12-16,MAHSEAMLES,
2025-12-17,MAHSEAMLES,
2025-12-18,MAHSEAMLES,
2025-12-19,MAHSEAMLES,
2025-12-22,MAHSEAMLES,
2025-12-23,MAHSEAMLES,
2025-12-24,MAHSEAMLES,
2025-12-26,MAHSEAMLES,
2025-12-29,MAHSEAMLES,
2025-12-30,MAHSEAMLES,
2025-12-31,MAHSEAMLES,
2026-01-01,MAHSEAMLES,
2026-01-02,MAHSEAMLES,
2026-01-05,MAHSEAMLES,
2026-01-06,MAHSEAMLES,
2026-01-07,MAHSEAMLES,
2026-01-08,MAHSEAMLES,
2026-01-09,MAHSEAMLES,
2026-01-12,MAHSEAMLES,
2026-01-13,MAHSEAMLES,
2026-01-14,MAHSEAMLES,
2026-01-16,MAHSEAMLES,
2026-01-19,MAHSEAMLES,
2026-01-20,MAHSEAMLES,
2026-01-21,MAHSEAMLES,
2026-01-22,MAHSEAMLES,
2026-01-23,MAHSEAMLES,
2026-01-27,MAHSEAMLES,
2026-01-28,MAHSEAMLES,
2026-01-29,MAHSEAMLES,
2026-01-30,MAHSEAMLES,
2026-02-02,MAHSEAMLES,
2026-02-03,MAHSEAMLES,
2026-02-04,MAHSEAMLES,
2026-02-05,MAHSEAMLES,
2026-02-06,MAHSEAMLES,
2026-02-09,MAHSEAMLES,
2026-02-10,MAHSEAMLES,
2026-02-11,MAHSEAMLES,
2026-02-12,MAHSEAMLES,
2026-02-13,MAHSEAMLES,
2026-02-16,MAHSEAMLES,
2026-02-17,MAHSEAMLES,
2026-02-18,MAHSEAMLES,
2026-02-19,MAHSEAMLES,
2026-02-20,MAHSEAMLES,
2026-02-23,MAHSEAMLES,
2026-02-24,MAHSEAMLES,
2026-02-25,MAHSEAMLES,
2026-02-26,MAHSEAMLES,
2026-02-27,MAHSEAMLES,
2026-03-02,MAHSEAMLES,
2026-03-04,MAHSEAMLES,
2026-03-05,MAHSEAMLES,
2026-03-06,MAHSEAMLES,
2026-03-09,MAHSEAMLES,
2026-03-10,MAHSEAMLES,
2026-03-11,MAHSEAMLES,
2026-03-12,MAHSEAMLES,
2026-03-13,MAHSEAMLES,
2026-03-16,MAHSEAMLES,
2026-03-17,MAHSEAMLES,
2026-03-18,MAHSEAMLES,
2026-03-19,MAHSEAMLES,
2026-03-20,MAHSEAMLES,
2026-03-23,MAHSEAMLES,
2026-03-24,MAHSEAMLES,
2026-03-25,MAHSEAMLES,
2026-03-27,MAHSEAMLES,
2026-03-30,MAHSEAMLES,
2026-04-01,MAHSEAMLES,
2026-04-02,MAHSEAMLES,
2026-04-06,MAHSEAMLES,
2026-04-07,MAHSEAMLES,
2026-04-08,MAHSEAMLES,
2026-04-09,MAHSEAMLES,
2026-04-10,MAHSEAMLES,
2026-04-13,MAHSEAMLES,
2026-04-15,MAHSEAMLES,
2026-04-16,MAHSEAMLES,
2026-04-17,MAHSEAMLES,
2026-04-20,MAHSEAMLES,
2026-04-21,MAHSEAMLES,
2026-04-22,MAHSEAMLES,
2026-04-23,MAHSEAMLES,
2026-04-24,MAHSEAMLES,
2026-04-27,MAHSEAMLES,
2026-04-28,MAHSEAMLES,
2026-04-29,MAHSEAMLES,
2026-04-30,MAHSEAMLES,
2026-05-04,MAHSEAMLES,
2026-05-05,MAHSEAMLES,
2026-05-06,MAHSEAMLES,
2026-05-07,MAHSEAMLES,
2026-05-08,MAHSEAMLES,
2026-05-11,MAHSEAMLES,
2026-05-12,MAHSEAMLES,
2026-05-13,MAHSEAMLES,
2026-05-14,MAHSEAMLES,
2026-05-15,MAHSEAMLES,
2026-05-18,MAHSEAMLES,
2026-05-19,MAHSEAMLES,
2026-05-20,MAHSEAMLES,
2026-05-21,MAHSEAMLES,
2026-05-22,MAHSEAMLES,
2026-05-25,MAHSEAMLES,
2026-05-26,MAHSEAMLES,
2026-05-27,MAHSEAMLES,
2026-05-29,MAHSEAMLES,
2026-06-01,MAHSEAMLES,
2026-06-02,MAHSEAMLES,
2026-06-03,MAHSEAMLES,
2026-06-04,MAHSEAMLES,
2026-06-05,MAHSEAMLES,
2026-06-08,MAHSEAMLES,
2026-06-09,MAHSEAMLES,
2026-06-10,MAHSEAMLES,
2026-06-11,MAHSEAMLES,
2026-06-12,MAHSEAMLES,
2026-06-15,MAHSEAMLES,
2026-06-16,MAHSEAMLES,
2026-06-17,MAHSEAMLES,
2026-06-18,MAHSEAMLES,
2026-06-19,MAHSEAMLES,
2026-06-22,MAHSEAMLES,
2026-06-23,MAHSEAMLES,
2026-06-24,MAHSEAMLES,
2026-06-25,MAHSEAMLES,
2026-06-29,MAHSEAMLES,
2026-06-30,MAHSEAMLES,618.7798
2026-07-01,MAHSEAMLES,618.7798
2026-07-02,MAHSEAMLES,618.7798
2026-07-03,MAHSEAMLES,618.7798
2026-07-06,MAHSEAMLES,618.7798
2026-07-07,MAHSEAMLES,618.7798
2026-07-08,MAHSEAMLES,618.7798
2026-07-09,MAHSEAMLES,618.7798
2026-07-10,MAHSEAMLES,618.7798
2026-07-13,MAHSEAMLES,618.7798
2026-07-14,MAHSEAMLES,618.7798
2026-07-15,MAHSEAMLES,618.7798
2026-07-16,MAHSEAMLES,618.7798
2026-07-17,MAHSEAMLES,618.7798
2026-07-20,MAHSEAMLES,618.7798
2026-07-21,MAHSEAMLES,618.7798
2026-07-22,MAHSEAMLES,618.7798
2026-07-23,MAHSEAMLES,618.7798
2026-07-24,MAHSEAMLES,618.7798
2026-07-27,MAHSEAMLES,618.7798
2026-07-28,MAHSEAMLES,618.7798
2026-07-29,MAHSEAMLES,618.7798
2026-07-30,MAHSEAMLES,618.7798
2026-07-31,MAHSEAMLES,618.7798
2026-08-03,MAHSEAMLES,618.7798
2026-08-04,MAHSEAMLES,618.7798
2026-08-05,MAHSEAMLES,618.7798
2026-08-06,MAHSEAMLES,618.7798
2026-08-07,MAHSEAMLES,618.7798
2026-08-10,MAHSEAMLES,618.7798
2026-08-11,MAHSEAMLES,618.7798
2026-08-12,MAHSEAMLES,618.7798
2026-08-13,MAHSEAMLES,618.7798
2026-08-14,MAHSEAMLES,618.7798
2026-08-17,MAHSEAMLES,618.7798
2026-08-18,MAHSEAMLES,618.7798
2026-08-19,MAHSEAMLES,618.7798
2026-08-20,MAHSEAMLES,618.7798
2026-08-21,MAHSEAMLES,618.7798
2026-08-24,MAHSEAMLES,618.7798
2026-08-25,MAHSEAMLES,618.7798
2026-08-26,MAHSEAMLES,618.7798
2026-08-27,MAHSEAMLES,618.7798
2026-08-28,MAHSEAMLES,618.7798
2026-08-31,MAHSEAMLES,618.7798
2026-09-01,MAHSEAMLES,618.7798
2026-09-02,MAHSEAMLES,618.7798
2026-09-03,MAHSEAMLES,618.7798
2026-09-04,MAHSEAMLES,618.7798
2026-09-07,MAHSEAMLES,618.7798
2026-09-08,MAHSEAMLES,618.7798
2026-09-09,MAHSEAMLES,618.7798
2026-09-10,MAHSEAMLES,618.7798
2026-09-11,MAHSEAMLES,618.7798
2025-09-01,MANINFRA,
2025-09-02,MANINFRA,
2025-09-03,MANINFRA,
2025-09-04,MANINFRA,
2025-09-05,MANINFRA,
2025-09-08,MANINFRA,
2025-09-09,MANINFRA,
2025-09-10,MANINFRA,
2025-09-11,MANINFRA,
2025-09-12,MANINFRA,
2025-09-15,MANINFRA,
2025-09-16,MANINFRA,
2025-09-17,MANINFRA,
2025-09-18,MANINFRA,
2025-09-19,MANINFRA,
2025-09-22,MANINFRA,
2025-09-23,MANINFRA,
2025-09-24,MANINFRA,
2025-09-25,MANINFRA,
2025-09-26,MANINFRA,
2025-09-29,MANINFRA,
2025-09-30,MANINFRA,
2025-10-01,MANINFRA,
2025-10-03,MANINFRA,
2025-10-06,MANINFRA,
2025-10-07,MANINFRA,
2025-10-08,MANINFRA,
2025-10-09,MANINFRA,
2025-10-10,MANINFRA,
2025-10-13,MANINFRA,
2025-10-14,MANINFRA,
2025-10-15,MANINFRA,
2025-10-16,MANINFRA,
2025-10-17,MANINFRA,
2025-10-20,MANINFRA,
2025-10-21,MANINFRA,
2025-10-23,MANINFRA,
2025-10-24,MANINFRA,
2025-10-27,MANINFRA,
2025-10-28,MANINFRA,
2025-10-29,MANINFRA,
2025-10-30,MANINFRA,
2025-10-31,MANINFRA,
2025-11-03,MANINFRA,
2025-11-04,MANINFRA,
2025-11-06,MANINFRA,
2025-11-07,MANINFRA,
2025-11-10,MANINFRA,
2025-11-11,MANINFRA,
2025-11-12,MANINFRA,
2025-11-13,MANINFRA,
2025-11-14,MANINFRA,
2025-11-17,MANINFRA,
2025-11-18,MANINFRA,
2025-11-19,MANINFRA,
2025-11-20,MANINFRA,
2025-11-21,MANINFRA,
2025-11-24,MANINFRA,
2025-11-25,MANINFRA,
2025-11-26,MANINFRA,
2025-11-27,MANINFRA,
2025-11-28,MANINFRA,
2025-12-01,MANINFRA,
2025-12-02,MANINFRA,
2025-12-03,MANINFRA,
2025-12-04,MANINFRA,
2025-12-05,MANINFRA,
2025-12-08,MANINFRA,
2025-12-09,MANINFRA,
2025-12-10,MANINFRA,
2025-12-11,MANINFRA,
2025-12-12,MANINFRA,
2025-12-15,MANINFRA,
2025-12-16,MANINFRA,
2025-12-17,MANINFRA,
2025-12-18,MANINFRA,
2025-12-19,MANINFRA,
2025-12-22,MANINFRA,
2025-12-23,MANINFRA,
2025-12-24,MANINFRA,
2025-12-26,MANINFRA,
2025-12-29,MANINFRA,
2025-12-30,MANINFRA,
2025-12-31,MANINFRA,
2026-01-01,MANINFRA,
2026-01-02,MANINFRA,
2026-01-05,MANINFRA,
2026-01-06,MANINFRA,
2026-01-07,MANINFRA,
2026-01-08,MANINFRA,
2026-01-09,MANINFRA,
2026-01-12,MANINFRA,
2026-01-13,MANINFRA,
2026-01-14,MANINFRA,
2026-01-16,MANINFRA,
2026-01-19,MANINFRA,
2026-01-20,MANINFRA,
2026-01-21,MANINFRA,
2026-01-22,MANINFRA,
2026-01-23,MANINFRA,
2026-01-27,MANINFRA,
2026-01-28,MANINFRA,
2026-01-29,MANINFRA,
2026-01-30,MANINFRA,
2026-02-02,MANINFRA,
2026-02-03,MANINFRA,
2026-02-04,MANINFRA,
2026-02-05,MANINFRA,
2026-02-06,MANINFRA,
2026-02-09,MANINFRA,
2026-02-10,MANINFRA,
2026-02-11,MANINFRA,
2026-02-12,MANINFRA,
2026-02-13,MANINFRA,
2026-02-16,MANINFRA,
2026-02-17,MANINFRA,
2026-02-18,MANINFRA,
2026-02-19,MANINFRA,
2026-02-20,MANINFRA,
2026-02-23,MANINFRA,
2026-02-24,MANINFRA,
2026-02-25,MANINFRA,
2026-02-26,MANINFRA,
2026-02-27,MANINFRA,
2026-03-02,MANINFRA,
2026-03-04,MANINFRA,
2026-03-05,MANINFRA,
2026-03-06,MANINFRA,
2026-03-09,MANINFRA,
2026-03-10,MANINFRA,
2026-03-11,MANINFRA,
2026-03-12,MANINFRA,
2026-03-13,MANINFRA,
2026-03-16,MANINFRA,
2026-03-17,MANINFRA,
2026-03-18,MANINFRA,
2026-03-19,MANINFRA,
2026-03-20,MANINFRA,
2026-03-23,MANINFRA,
2026-03-24,MANINFRA,
2026-03-25,MANINFRA,
2026-03-27,MANINFRA,
2026-03-30,MANINFRA,
2026-04-01,MANINFRA,
2026-04-02,MANINFRA,
2026-04-06,MANINFRA,
2026-04-07,MANINFRA,
2026-04-08,MANINFRA,
2026-04-09,MANINFRA,
2026-04-10,MANINFRA,
2026-04-13,MANINFRA,
2026-04-15,MANINFRA,
2026-04-16,MANINFRA,
2026-04-17,MANINFRA,
2026-04-20,MANINFRA,
2026-04-21,MANINFRA,
2026-04-22,MANINFRA,
2026-04-23,MANINFRA,
2026-04-24,MANINFRA,
2026-04-27,MANINFRA,
2026-04-28,MANINFRA,
2026-04-29,MANINFRA,
2026-04-30,MANINFRA,
2026-05-04,MANINFRA,
2026-05-05,MANINFRA,
2026-05-06,MANINFRA,
2026-05-07,MANINFRA,
2026-05-08,MANINFRA,
2026-05-11,MANINFRA,
2026-05-12,MANINFRA,
2026-05-13,MANINFRA,
2026-05-14,MANINFRA,
2026-05-15,MANINFRA,
2026-05-18,MANINFRA,
2026-05-19,MANINFRA,
2026-05-20,MANINFRA,
2026-05-21,MANINFRA,
2026-05-22,MANINFRA,
2026-05-25,MANINFRA,
2026-05-26,MANINFRA,
2026-05-27,MANINFRA,
2026-05-29,MANINFRA,
2026-06-01,MANINFRA,
2026-06-02,MANINFRA,
2026-06-03,MANINFRA,
2026-06-04,MANINFRA,
2026-06-05,MANINFRA,
2026-06-08,MANINFRA,
2026-06-09,MANINFRA,
2026-06-10,MANINFRA,
2026-06-11,MANINFRA,
2026-06-12,MANINFRA,
2026-06-15,MANINFRA,
2026-06-16,MANINFRA,
2026-06-17,MANINFRA,
2026-06-18,MANINFRA,
2026-06-19,MANINFRA,
2026-06-22,MANINFRA,
2026-06-23,MANINFRA,
2026-06-24,MANINFRA,
2026-06-25,MANINFRA,105.19
2026-06-29,MANINFRA,105.19
2026-06-30,MANINFRA,105.19
2026-07-01,MANINFRA,105.19
2026-07-02,MANINFRA,105.19
2026-07-03,MANINFRA,105.19
2026-07-06,MANINFRA,105.19
2026-07-07,MANINFRA,105.19
2026-07-08,MANINFRA,105.19
2026-07-09,MANINFRA,105.19
2026-07-10,MANINFRA,105.19
2026-07-13,MANINFRA,105.19
2026-07-14,MANINFRA,105.19
2026-07-15,MANINFRA,105.19
2026-07-16,MANINFRA,105.19
2026-07-17,MANINFRA,105.19
2026-07-20,MANINFRA,105.19
2026-07-21,MANINFRA,105.19
2026-07-22,MANINFRA,105.19
2026-07-23,MANINFRA,105.19
2026-07-24,MANINFRA,105.19
2026-07-27,MANINFRA,105.19
2026-07-28,MANINFRA,105.19
2026-07-29,MANINFRA,105.19
2026-07-30,MANINFRA,105.19
2026-07-31,MANINFRA,105.19
2026-08-03,MANINFRA,105.19
2026-08-04,MANINFRA,105.19
2026-08-05,MANINFRA,105.19
2026-08-06,MANINFRA,105.19
2026-08-07,MANINFRA,105.19
2026-08-10,MANINFRA,105.19
2026-08-11,MANINFRA,105.19
2026-08-12,MANINFRA,105.19
2026-08-13,MANINFRA,105.19
2026-08-14,MANINFRA,105.19
2026-08-17,MANINFRA,105.19
2026-08-18,MANINFRA,105.19
2026-08-19,MANINFRA,105.19
2026-08-20,MANINFRA,105.19
2026-08-21,MANINFRA,105.19
2026-08-24,MANINFRA,105.19
2026-08-25,MANINFRA,105.19
2026-08-26,MANINFRA,105.19
2026-08-27,MANINFRA,105.19
2026-08-28,MANINFRA,105.19
2026-08-31,MANINFRA,105.19
2026-09-01,MANINFRA,105.19
2026-09-02,MANINFRA,105.19
2026-09-03,MANINFRA,105.19
2026-09-04,MANINFRA,105.19
2026-09-07,MANINFRA,105.19
2026-09-08,MANINFRA,105.19
2026-09-09,MANINFRA,105.19
2026-09-10,MANINFRA,105.19
2026-09-11,MANINFRA,105.19
2025-09-01,MBEL,
2025-09-02,MBEL,
2025-09-03,MBEL,
2025-09-04,MBEL,
2025-09-05,MBEL,
2025-09-08,MBEL,
2025-09-09,MBEL,
2025-09-10,MBEL,
2025-09-11,MBEL,
2025-09-12,MBEL,
2025-09-15,MBEL,
2025-09-16,MBEL,
2025-09-17,MBEL,
2025-09-18,MBEL,
2025-09-19,MBEL,
2025-09-22,MBEL,
2025-09-23,MBEL,
2025-09-24,MBEL,
2025-09-25,MBEL,
2025-09-26,MBEL,
2025-09-29,MBEL,
2025-09-30,MBEL,
2025-10-01,MBEL,
2025-10-03,MBEL,
2025-10-06,MBEL,
2025-10-07,MBEL,
2025-10-08,MBEL,
2025-10-09,MBEL,
2025-10-10,MBEL,
2025-10-13,MBEL,
2025-10-14,MBEL,
2025-10-15,MBEL,
2025-10-16,MBEL,
2025-10-17,MBEL,
2025-10-20,MBEL,
2025-10-21,MBEL,
2025-10-23,MBEL,
2025-10-24,MBEL,
2025-10-27,MBEL,
2025-10-28,MBEL,
2025-10-29,MBEL,
2025-10-30,MBEL,
2025-10-31,MBEL,
2025-11-03,MBEL,
2025-11-04,MBEL,
2025-11-06,MBEL,
2025-11-07,MBEL,
2025-11-10,MBEL,
2025-11-11,MBEL,
2025-11-12,MBEL,
2025-11-13,MBEL,
2025-11-14,MBEL,
2025-11-17,MBEL,
2025-11-18,MBEL,
2025-11-19,MBEL,
2025-11-20,MBEL,
2025-11-21,MBEL,
2025-11-24,MBEL,
2025-11-25,MBEL,
2025-11-26,MBEL,
2025-11-27,MBEL,
2025-11-28,MBEL,
2025-12-01,MBEL,
2025-12-02,MBEL,
2025-12-03,MBEL,
2025-12-04,MBEL,
2025-12-05,MBEL,
2025-12-08,MBEL,
2025-12-09,MBEL,
2025-12-10,MBEL,
2025-12-11,MBEL,
2025-12-12,MBEL,
2025-12-15,MBEL,
2025-12-16,MBEL,
2025-12-17,MBEL,
2025-12-18,MBEL,
2025-12-19,MBEL,
2025-12-22,MBEL,
2025-12-23,MBEL,
2025-12-24,MBEL,
2025-12-26,MBEL,
2025-12-29,MBEL,
2025-12-30,MBEL,
2025-12-31,MBEL,
2026-01-01,MBEL,
2026-01-02,MBEL,
2026-01-05,MBEL,
2026-01-06,MBEL,
2026-01-07,MBEL,
2026-01-08,MBEL,
2026-01-09,MBEL,
2026-01-12,MBEL,
2026-01-13,MBEL,
2026-01-14,MBEL,
2026-01-16,MBEL,
2026-01-19,MBEL,
2026-01-20,MBEL,
2026-01-21,MBEL,
2026-01-22,MBEL,
2026-01-23,MBEL,
2026-01-27,MBEL,
2026-01-28,MBEL,
2026-01-29,MBEL,
2026-01-30,MBEL,
2026-02-02,MBEL,
2026-02-03,MBEL,
2026-02-04,MBEL,
2026-02-05,MBEL,
2026-02-06,MBEL,
2026-02-09,MBEL,
2026-02-10,MBEL,
2026-02-11,MBEL,
2026-02-12,MBEL,
2026-02-13,MBEL,
2026-02-16,MBEL,
2026-02-17,MBEL,
2026-02-18,MBEL,
2026-02-19,MBEL,
2026-02-20,MBEL,
2026-02-23,MBEL,
2026-02-24,MBEL,
2026-02-25,MBEL,
2026-02-26,MBEL,
2026-02-27,MBEL,
2026-03-02,MBEL,
2026-03-04,MBEL,
2026-03-05,MBEL,
2026-03-06,MBEL,
2026-03-09,MBEL,
2026-03-10,MBEL,
2026-03-11,MBEL,
2026-03-12,MBEL,
2026-03-13,MBEL,
2026-03-16,MBEL,
2026-03-17,MBEL,
2026-03-18,MBEL,
2026-03-19,MBEL,
2026-03-20,MBEL,
2026-03-23,MBEL,
2026-03-24,MBEL,
2026-03-25,MBEL,
2026-03-27,MBEL,
2026-03-30,MBEL,
2026-04-01,MBEL,
2026-04-02,MBEL,
2026-04-06,MBEL,
2026-04-07,MBEL,
2026-04-08,MBEL,
2026-04-09,MBEL,
2026-04-10,MBEL,
2026-04-13,MBEL,
2026-04-15,MBEL,
2026-04-16,MBEL,
2026-04-17,MBEL,
2026-04-20,MBEL,
2026-04-21,MBEL,
2026-04-22,MBEL,
2026-04-23,MBEL,
2026-04-24,MBEL,
2026-04-27,MBEL,
2026-04-28,MBEL,
2026-04-29,MBEL,
2026-04-30,MBEL,
2026-05-04,MBEL,
2026-05-05,MBEL,
2026-05-06,MBEL,
2026-05-07,MBEL,
2026-05-08,MBEL,
2026-05-11,MBEL,
2026-05-12,MBEL,
2026-05-13,MBEL,
2026-05-14,MBEL,
2026-05-15,MBEL,
2026-05-18,MBEL,
2026-05-19,MBEL,
2026-05-20,MBEL,
2026-05-21,MBEL,
2026-05-22,MBEL,
2026-05-25,MBEL,
2026-05-26,MBEL,
2026-05-27,MBEL,
2026-05-29,MBEL,
2026-06-01,MBEL,
2026-06-02,MBEL,
2026-06-03,MBEL,
2026-06-04,MBEL,
2026-06-05,MBEL,
2026-06-08,MBEL,
2026-06-09,MBEL,
2026-06-10,MBEL,
2026-06-11,MBEL,279.1164
2026-06-12,MBEL,279.1164
2026-06-15,MBEL,279.1164
2026-06-16,MBEL,297.2179
2026-06-17,MBEL,297.2179
2026-06-18,MBEL,297.2179
2026-06-19,MBEL,297.2179
2026-06-22,MBEL,297.2179
2026-06-23,MBEL,297.2179
2026-06-24,MBEL,297.2179
2026-06-25,MBEL,297.2179
2026-06-29,MBEL,297.2179
2026-06-30,MBEL,297.2179
2026-07-01,MBEL,297.2179
2026-07-02,MBEL,297.2179
2026-07-03,MBEL,297.2179
2026-07-06,MBEL,297.2179
2026-07-07,MBEL,297.2179
2026-07-08,MBEL,297.2179
2026-07-09,MBEL,297.2179
2026-07-10,MBEL,297.2179
2026-07-13,MBEL,297.2179
2026-07-14,MBEL,297.2179
2026-07-15,MBEL,297.2179
2026-07-16,MBEL,297.2179
2026-07-17,MBEL,297.2179
2026-07-20,MBEL,297.2179
2026-07-21,MBEL,297.2179
2026-07-22,MBEL,297.2179
2026-07-23,MBEL,297.2179
2026-07-24,MBEL,297.2179
2026-07-27,MBEL,297.2179
2026-07-28,MBEL,297.2179
2026-07-29,MBEL,297.2179
2026-07-30,MBEL,297.2179
2026-07-31,MBEL,297.2179
2026-08-03,MBEL,297.2179
2026-08-04,MBEL,297.2179
2026-08-05,MBEL,297.2179
2026-08-06,MBEL,297.2179
2026-08-07,MBEL,297.2179
2026-08-10,MBEL,297.2179
2026-08-11,MBEL,297.2179
2026-08-12,MBEL,297.2179
2026-08-13,MBEL,297.2179
2026-08-14,MBEL,297.2179
2026-08-17,MBEL,297.2179
2026-08-18,MBEL,297.2179
2026-08-19,MBEL,297.2179
2026-08-20,MBEL,297.2179
2026-08-21,MBEL,297.2179
2026-08-24,MBEL,297.2179
2026-08-25,MBEL,297.2179
2026-08-26,MBEL,297.2179
2026-08-27,MBEL,297.2179
2026-08-28,MBEL,297.2179
2026-08-31,MBEL,297.2179
2026-09-01,MBEL,297.2179
2026-09-02,MBEL,297.2179
2026-09-03,MBEL,297.2179
2026-09-04,MBEL,297.2179
2026-09-07,MBEL,297.2179
2026-09-08,MBEL,297.2179
2026-09-09,MBEL,297.2179
2026-09-10,MBEL,297.2179
2026-09-11,MBEL,297.2179
2025-09-01,MOTOGENFIN,
2025-09-02,MOTOGENFIN,
2025-09-03,MOTOGENFIN,
2025-09-04,MOTOGENFIN,
2025-09-05,MOTOGENFIN,
2025-09-08,MOTOGENFIN,
2025-09-09,MOTOGENFIN,
2025-09-10,MOTOGENFIN,
2025-09-11,MOTOGENFIN,
2025-09-12,MOTOGENFIN,
2025-09-15,MOTOGENFIN,
2025-09-16,MOTOGENFIN,
2025-09-17,MOTOGENFIN,
2025-09-18,MOTOGENFIN,
2025-09-19,MOTOGENFIN,
2025-09-22,MOTOGENFIN,
2025-09-23,MOTOGENFIN,
2025-09-24,MOTOGENFIN,
2025-09-25,MOTOGENFIN,
2025-09-26,MOTOGENFIN,
2025-09-29,MOTOGENFIN,
2025-09-30,MOTOGENFIN,
2025-10-01,MOTOGENFIN,
2025-10-03,MOTOGENFIN,
2025-10-06,MOTOGENFIN,
2025-10-07,MOTOGENFIN,
2025-10-08,MOTOGENFIN,
2025-10-09,MOTOGENFIN,
2025-10-10,MOTOGENFIN,
2025-10-13,MOTOGENFIN,
2025-10-14,MOTOGENFIN,
2025-10-15,MOTOGENFIN,
2025-10-16,MOTOGENFIN,
2025-10-17,MOTOGENFIN,
2025-10-20,MOTOGENFIN,
2025-10-21,MOTOGENFIN,
2025-10-23,MOTOGENFIN,
2025-10-24,MOTOGENFIN,
2025-10-27,MOTOGENFIN,
2025-10-28,MOTOGENFIN,
2025-10-29,MOTOGENFIN,
2025-10-30,MOTOGENFIN,
2025-10-31,MOTOGENFIN,
2025-11-03,MOTOGENFIN,
2025-11-04,MOTOGENFIN,
2025-11-06,MOTOGENFIN,
2025-11-07,MOTOGENFIN,
2025-11-10,MOTOGENFIN,
2025-11-11,MOTOGENFIN,
2025-11-12,MOTOGENFIN,
2025-11-13,MOTOGENFIN,
2025-11-14,MOTOGENFIN,
2025-11-17,MOTOGENFIN,
2025-11-18,MOTOGENFIN,
2025-11-19,MOTOGENFIN,
2025-11-20,MOTOGENFIN,
2025-11-21,MOTOGENFIN,
2025-11-24,MOTOGENFIN,
2025-11-25,MOTOGENFIN,
2025-11-26,MOTOGENFIN,
2025-11-27,MOTOGENFIN,
2025-11-28,MOTOGENFIN,
2025-12-01,MOTOGENFIN,
2025-12-02,MOTOGENFIN,
2025-12-03,MOTOGENFIN,
2025-12-04,MOTOGENFIN,
2025-12-05,MOTOGENFIN,
2025-12-08,MOTOGENFIN,
2025-12-09,MOTOGENFIN,
2025-12-10,MOTOGENFIN,
2025-12-11,MOTOGENFIN,
2025-12-12,MOTOGENFIN,
2025-12-15,MOTOGENFIN,
2025-12-16,MOTOGENFIN,
2025-12-17,MOTOGENFIN,
2025-12-18,MOTOGENFIN,
2025-12-19,MOTOGENFIN,
2025-12-22,MOTOGENFIN,
2025-12-23,MOTOGENFIN,
2025-12-24,MOTOGENFIN,
2025-12-26,MOTOGENFIN,
2025-12-29,MOTOGENFIN,
2025-12-30,MOTOGENFIN,
2025-12-31,MOTOGENFIN,
2026-01-01,MOTOGENFIN,
2026-01-02,MOTOGENFIN,
2026-01-05,MOTOGENFIN,
2026-01-06,MOTOGENFIN,
2026-01-07,MOTOGENFIN,
2026-01-08,MOTOGENFIN,
2026-01-09,MOTOGENFIN,
2026-01-12,MOTOGENFIN,
2026-01-13,MOTOGENFIN,
2026-01-14,MOTOGENFIN,
2026-01-16,MOTOGENFIN,
2026-01-19,MOTOGENFIN,
2026-01-20,MOTOGENFIN,
2026-01-21,MOTOGENFIN,
2026-01-22,MOTOGENFIN,
2026-01-23,MOTOGENFIN,
2026-01-27,MOTOGENFIN,
2026-01-28,MOTOGENFIN,
2026-01-29,MOTOGENFIN,
2026-01-30,MOTOGENFIN,
2026-02-02,MOTOGENFIN,
2026-02-03,MOTOGENFIN,
2026-02-04,MOTOGENFIN,
2026-02-05,MOTOGENFIN,
2026-02-06,MOTOGENFIN,
2026-02-09,MOTOGENFIN,
2026-02-10,MOTOGENFIN,
2026-02-11,MOTOGENFIN,
2026-02-12,MOTOGENFIN,
2026-02-13,MOTOGENFIN,
2026-02-16,MOTOGENFIN,
2026-02-17,MOTOGENFIN,
2026-02-18,MOTOGENFIN,
2026-02-19,MOTOGENFIN,
2026-02-20,MOTOGENFIN,
2026-02-23,MOTOGENFIN,
2026-02-24,MOTOGENFIN,
2026-02-25,MOTOGENFIN,
2026-02-26,MOTOGENFIN,
2026-02-27,MOTOGENFIN,
2026-03-02,MOTOGENFIN,
2026-03-04,MOTOGENFIN,
2026-03-05,MOTOGENFIN,
2026-03-06,MOTOGENFIN,
2026-03-09,MOTOGENFIN,
2026-03-10,MOTOGENFIN,
2026-03-11,MOTOGENFIN,
2026-03-12,MOTOGENFIN,
2026-03-13,MOTOGENFIN,
2026-03-16,MOTOGENFIN,
2026-03-17,MOTOGENFIN,
2026-03-18,MOTOGENFIN,
2026-03-19,MOTOGENFIN,
2026-03-20,MOTOGENFIN,
2026-03-23,MOTOGENFIN,
2026-03-24,MOTOGENFIN,
2026-03-25,MOTOGENFIN,
2026-03-27,MOTOGENFIN,
2026-03-30,MOTOGENFIN,
2026-04-01,MOTOGENFIN,
2026-04-02,MOTOGENFIN,
2026-04-06,MOTOGENFIN,
2026-04-07,MOTOGENFIN,
2026-04-08,MOTOGENFIN,
2026-04-09,MOTOGENFIN,
2026-04-10,MOTOGENFIN,
2026-04-13,MOTOGENFIN,
2026-04-15,MOTOGENFIN,
2026-04-16,MOTOGENFIN,
2026-04-17,MOTOGENFIN,
2026-04-20,MOTOGENFIN,
2026-04-21,MOTOGENFIN,
2026-04-22,MOTOGENFIN,
2026-04-23,MOTOGENFIN,
2026-04-24,MOTOGENFIN,
2026-04-27,MOTOGENFIN,
2026-04-28,MOTOGENFIN,
2026-04-29,MOTOGENFIN,
2026-04-30,MOTOGENFIN,
2026-05-04,MOTOGENFIN,
2026-05-05,MOTOGENFIN,
2026-05-06,MOTOGENFIN,
2026-05-07,MOTOGENFIN,
2026-05-08,MOTOGENFIN,
2026-05-11,MOTOGENFIN,
2026-05-12,MOTOGENFIN,
2026-05-13,MOTOGENFIN,
2026-05-14,MOTOGENFIN,
2026-05-15,MOTOGENFIN,
2026-05-18,MOTOGENFIN,
2026-05-19,MOTOGENFIN,
2026-05-20,MOTOGENFIN,
2026-05-21,MOTOGENFIN,
2026-05-22,MOTOGENFIN,
2026-05-25,MOTOGENFIN,
2026-05-26,MOTOGENFIN,
2026-05-27,MOTOGENFIN,
2026-05-29,MOTOGENFIN,
2026-06-01,MOTOGENFIN,
2026-06-02,MOTOGENFIN,
2026-06-03,MOTOGENFIN,26.6854
2026-06-04,MOTOGENFIN,27.0655
2026-06-05,MOTOGENFIN,27.9523
2026-06-08,MOTOGENFIN,28.0496
2026-06-09,MOTOGENFIN,28.7498
2026-06-10,MOTOGENFIN,28.8262
2026-06-11,MOTOGENFIN,28.8452
2026-06-12,MOTOGENFIN,28.9257
2026-06-15,MOTOGENFIN,28.9257
2026-06-16,MOTOGENFIN,28.9203
2026-06-17,MOTOGENFIN,29.0156
2026-06-18,MOTOGENFIN,29.0328
2026-06-19,MOTOGENFIN,29.0649
2026-06-22,MOTOGENFIN,29.0804
2026-06-23,MOTOGENFIN,29.0804
2026-06-24,MOTOGENFIN,29.1589
2026-06-25,MOTOGENFIN,29.1785
2026-06-29,MOTOGENFIN,29.1785
2026-06-30,MOTOGENFIN,29.1785
2026-07-01,MOTOGENFIN,29.1785
2026-07-02,MOTOGENFIN,29.1785
2026-07-03,MOTOGENFIN,29.1785
2026-07-06,MOTOGENFIN,29.1785
2026-07-07,MOTOGENFIN,29.1785
2026-07-08,MOTOGENFIN,29.1785
2026-07-09,MOTOGENFIN,29.1785
2026-07-10,MOTOGENFIN,29.1785
2026-07-13,MOTOGENFIN,29.1785
2026-07-14,MOTOGENFIN,29.1785
2026-07-15,MOTOGENFIN,29.1785
2026-07-16,MOTOGENFIN,29.1785
2026-07-17,MOTOGENFIN,29.1785
2026-07-20,MOTOGENFIN,29.1785
2026-07-21,MOTOGENFIN,29.1785
2026-07-22,MOTOGENFIN,29.1785
2026-07-23,MOTOGENFIN,29.1785
2026-07-24,MOTOGENFIN,29.1785
2026-07-27,MOTOGENFIN,29.1785
2026-07-28,MOTOGENFIN,29.1785
2026-07-29,MOTOGENFIN,29.1785
2026-07-30,MOTOGENFIN,29.1785
2026-07-31,MOTOGENFIN,29.1785
2026-08-03,MOTOGENFIN,29.1785
2026-08-04,MOTOGENFIN,29.1785
2026-08-05,MOTOGENFIN,29.1785
2026-08-06,MOTOGENFIN,29.1785
2026-08-07,MOTOGENFIN,29.1785
2026-08-10,MOTOGENFIN,29.1785
2026-08-11,MOTOGENFIN,29.1785
2026-08-12,MOTOGENFIN,29.1785
2026-08-13,MOTOGENFIN,29.1785
2026-08-14,MOTOGENFIN,29.1785
2026-08-17,MOTOGENFIN,29.1785
2026-08-18,MOTOGENFIN,29.1785
2026-08-19,MOTOGENFIN,29.1785
2026-08-20,MOTOGENFIN,29.1785
2026-08-21,MOTOGENFIN,29.1785
2026-08-24,MOTOGENFIN,29.1785
2026-08-25,MOTOGENFIN,29.1785
2026-08-26,MOTOGENFIN,29.1785
2026-08-27,MOTOGENFIN,29.1785
2026-08-28,MOTOGENFIN,29.1785
2026-08-31,MOTOGENFIN,29.1785
2026-09-01,MOTOGENFIN,29.1785
2026-09-02,MOTOGENFIN,29.1785
2026-09-03,MOTOGENFIN,29.1785
2026-09-04,MOTOGENFIN,29.1785
2026-09-07,MOTOGENFIN,29.1785
2026-09-08,MOTOGENFIN,29.1785
2026-09-09,MOTOGENFIN,29.1785
2026-09-10,MOTOGENFIN,29.1785
2026-09-11,MOTOGENFIN,29.1785
2025-09-01,NRL,
2025-09-02,NRL,
2025-09-03,NRL,
2025-09-04,NRL,
2025-09-05,NRL,
2025-09-08,NRL,
2025-09-09,NRL,
2025-09-10,NRL,
2025-09-11,NRL,
2025-09-12,NRL,
2025-09-15,NRL,
2025-09-16,NRL,
2025-09-17,NRL,
2025-09-18,NRL,
2025-09-19,NRL,
2025-09-22,NRL,
2025-09-23,NRL,
2025-09-24,NRL,
2025-09-25,NRL,
2025-09-26,NRL,
2025-09-29,NRL,
2025-09-30,NRL,
2025-10-01,NRL,
2025-10-03,NRL,
2025-10-06,NRL,
2025-10-07,NRL,
2025-10-08,NRL,
2025-10-09,NRL,
2025-10-10,NRL,
2025-10-13,NRL,
2025-10-14,NRL,
2025-10-15,NRL,
2025-10-16,NRL,
2025-10-17,NRL,
2025-10-20,NRL,
2025-10-21,NRL,
2025-10-23,NRL,
2025-10-24,NRL,
2025-10-27,NRL,
2025-10-28,NRL,
2025-10-29,NRL,
2025-10-30,NRL,
2025-10-31,NRL,
2025-11-03,NRL,
2025-11-04,NRL,
2025-11-06,NRL,
2025-11-07,NRL,
2025-11-10,NRL,
2025-11-11,NRL,
2025-11-12,NRL,
2025-11-13,NRL,
2025-11-14,NRL,
2025-11-17,NRL,
2025-11-18,NRL,
2025-11-19,NRL,
2025-11-20,NRL,
2025-11-21,NRL,
2025-11-24,NRL,
2025-11-25,NRL,
2025-11-26,NRL,
2025-11-27,NRL,
2025-11-28,NRL,
2025-12-01,NRL,
2025-12-02,NRL,
2025-12-03,NRL,
2025-12-04,NRL,
2025-12-05,NRL,
2025-12-08,NRL,
2025-12-09,NRL,
2025-12-10,NRL,
2025-12-11,NRL,
2025-12-12,NRL,
2025-12-15,NRL,
2025-12-16,NRL,
2025-12-17,NRL,
2025-12-18,NRL,
2025-12-19,NRL,
2025-12-22,NRL,
2025-12-23,NRL,
2025-12-24,NRL,
2025-12-26,NRL,
2025-12-29,NRL,
2025-12-30,NRL,
2025-12-31,NRL,
2026-01-01,NRL,
2026-01-02,NRL,
2026-01-05,NRL,
2026-01-06,NRL,
2026-01-07,NRL,
2026-01-08,NRL,
2026-01-09,NRL,
2026-01-12,NRL,
2026-01-13,NRL,
2026-01-14,NRL,
2026-01-16,NRL,
2026-01-19,NRL,
2026-01-20,NRL,
2026-01-21,NRL,
2026-01-22,NRL,
2026-01-23,NRL,
2026-01-27,NRL,
2026-01-28,NRL,
2026-01-29,NRL,
2026-01-30,NRL,
2026-02-02,NRL,
2026-02-03,NRL,
2026-02-04,NRL,
2026-02-05,NRL,
2026-02-06,NRL,
2026-02-09,NRL,
2026-02-10,NRL,
2026-02-11,NRL,
2026-02-12,NRL,
2026-02-13,NRL,
2026-02-16,NRL,
2026-02-17,NRL,
2026-02-18,NRL,
2026-02-19,NRL,
2026-02-20,NRL,
2026-02-23,NRL,
2026-02-24,NRL,
2026-02-25,NRL,
2026-02-26,NRL,
2026-02-27,NRL,
2026-03-02,NRL,
2026-03-04,NRL,
2026-03-05,NRL,
2026-03-06,NRL,
2026-03-09,NRL,
2026-03-10,NRL,
2026-03-11,NRL,
2026-03-12,NRL,
2026-03-13,NRL,
2026-03-16,NRL,
2026-03-17,NRL,
2026-03-18,NRL,
2026-03-19,NRL,
2026-03-20,NRL,
2026-03-23,NRL,
2026-03-24,NRL,
2026-03-25,NRL,
2026-03-27,NRL,
2026-03-30,NRL,
2026-04-01,NRL,
2026-04-02,NRL,
2026-04-06,NRL,
2026-04-07,NRL,
2026-04-08,NRL,
2026-04-09,NRL,
2026-04-10,NRL,
2026-04-13,NRL,
2026-04-15,NRL,
2026-04-16,NRL,
2026-04-17,NRL,
2026-04-20,NRL,
2026-04-21,NRL,
2026-04-22,NRL,
2026-04-23,NRL,
2026-04-24,NRL,
2026-04-27,NRL,
2026-04-28,NRL,
2026-04-29,NRL,
2026-04-30,NRL,
2026-05-04,NRL,
2026-05-05,NRL,
2026-05-06,NRL,
2026-05-07,NRL,
2026-05-08,NRL,
2026-05-11,NRL,
2026-05-12,NRL,
2026-05-13,NRL,
2026-05-14,NRL,
2026-05-15,NRL,
2026-05-18,NRL,
2026-05-19,NRL,
2026-05-20,NRL,
2026-05-21,NRL,
2026-05-22,NRL,
2026-05-25,NRL,
2026-05-26,NRL,
2026-05-27,NRL,62.7121
2026-05-29,NRL,62.7121
2026-06-01,NRL,62.7121
2026-06-02,NRL,62.7121
2026-06-03,NRL,62.7121
2026-06-04,NRL,62.7121
2026-06-05,NRL,62.7121
2026-06-08,NRL,62.7121
2026-06-09,NRL,62.7121
2026-06-10,NRL,62.7121
2026-06-11,NRL,62.7121
2026-06-12,NRL,62.7121
2026-06-15,NRL,62.7121
2026-06-16,NRL,62.7121
2026-06-17,NRL,62.7121
2026-06-18,NRL,62.7121
2026-06-19,NRL,62.7121
2026-06-22,NRL,62.7121
2026-06-23,NRL,62.7121
2026-06-24,NRL,82.9277
2026-06-25,NRL,82.9277
2026-06-29,NRL,82.9277
2026-06-30,NRL,82.9277
2026-07-01,NRL,82.9277
2026-07-02,NRL,82.9277
2026-07-03,NRL,82.9277
2026-07-06,NRL,82.9277
2026-07-07,NRL,82.9277
2026-07-08,NRL,82.9277
2026-07-09,NRL,82.9277
2026-07-10,NRL,82.9277
2026-07-13,NRL,82.9277
2026-07-14,NRL,82.9277
2026-07-15,NRL,82.9277
2026-07-16,NRL,82.9277
2026-07-17,NRL,82.9277
2026-07-20,NRL,82.9277
2026-07-21,NRL,82.9277
2026-07-22,NRL,82.9277
2026-07-23,NRL,82.9277
2026-07-24,NRL,82.9277
2026-07-27,NRL,82.9277
2026-07-28,NRL,82.9277
2026-07-29,NRL,82.9277
2026-07-30,NRL,82.9277
2026-07-31,NRL,82.9277
2026-08-03,NRL,82.9277
2026-08-04,NRL,82.9277
2026-08-05,NRL,82.9277
2026-08-06,NRL,82.9277
2026-08-07,NRL,82.9277
2026-08-10,NRL,82.9277
2026-08-11,NRL,82.9277
2026-08-12,NRL,82.9277
2026-08-13,NRL,82.9277
2026-08-14,NRL,82.9277
2026-08-17,NRL,82.9277
2026-08-18,NRL,82.9277
2026-08-19,NRL,82.9277
2026-08-20,NRL,82.9277
2026-08-21,NRL,82.9277
2026-08-24,NRL,82.9277
2026-08-25,NRL,82.9277
2026-08-26,NRL,82.9277
2026-08-27,NRL,82.9277
2026-08-28,NRL,82.9277
2026-08-31,NRL,82.9277
2026-09-01,NRL,82.9277
2026-09-02,NRL,82.9277
2026-09-03,NRL,82.9277
2026-09-04,NRL,82.9277
2026-09-07,NRL,82.9277
2026-09-08,NRL,82.9277
2026-09-09,NRL,82.9277
2026-09-10,NRL,82.9277
2026-09-11,NRL,82.9277
2025-09-01,NURECA,
2025-09-02,NURECA,
2025-09-03,NURECA,
2025-09-04,NURECA,
2025-09-05,NURECA,
2025-09-08,NURECA,
2025-09-09,NURECA,
2025-09-10,NURECA,
2025-09-11,NURECA,
2025-09-12,NURECA,
2025-09-15,NURECA,
2025-09-16,NURECA,
2025-09-17,NURECA,
2025-09-18,NURECA,
2025-09-19,NURECA,
2025-09-22,NURECA,
2025-09-23,NURECA,
2025-09-24,NURECA,
2025-09-25,NURECA,
2025-09-26,NURECA,
2025-09-29,NURECA,
2025-09-30,NURECA,
2025-10-01,NURECA,
2025-10-03,NURECA,
2025-10-06,NURECA,
2025-10-07,NURECA,
2025-10-08,NURECA,
2025-10-09,NURECA,
2025-10-10,NURECA,
2025-10-13,NURECA,
2025-10-14,NURECA,
2025-10-15,NURECA,
2025-10-16,NURECA,
2025-10-17,NURECA,
2025-10-20,NURECA,
2025-10-21,NURECA,
2025-10-23,NURECA,
2025-10-24,NURECA,
2025-10-27,NURECA,
2025-10-28,NURECA,
2025-10-29,NURECA,
2025-10-30,NURECA,
2025-10-31,NURECA,
2025-11-03,NURECA,
2025-11-04,NURECA,
2025-11-06,NURECA,
2025-11-07,NURECA,
2025-11-10,NURECA,
2025-11-11,NURECA,
2025-11-12,NURECA,
2025-11-13,NURECA,
2025-11-14,NURECA,
2025-11-17,NURECA,
2025-11-18,NURECA,
2025-11-19,NURECA,
2025-11-20,NURECA,
2025-11-21,NURECA,
2025-11-24,NURECA,
2025-11-25,NURECA,
2025-11-26,NURECA,
2025-11-27,NURECA,
2025-11-28,NURECA,
2025-12-01,NURECA,
2025-12-02,NURECA,
2025-12-03,NURECA,
2025-12-04,NURECA,
2025-12-05,NURECA,
2025-12-08,NURECA,
2025-12-09,NURECA,
2025-12-10,NURECA,
2025-12-11,NURECA,
2025-12-12,NURECA,
2025-12-15,NURECA,
2025-12-16,NURECA,
2025-12-17,NURECA,
2025-12-18,NURECA,
2025-12-19,NURECA,
2025-12-22,NURECA,
2025-12-23,NURECA,
2025-12-24,NURECA,
2025-12-26,NURECA,
2025-12-29,NURECA,
2025-12-30,NURECA,
2025-12-31,NURECA,
2026-01-01,NURECA,
2026-01-02,NURECA,
2026-01-05,NURECA,
2026-01-06,NURECA,
2026-01-07,NURECA,
2026-01-08,NURECA,
2026-01-09,NURECA,
2026-01-12,NURECA,
2026-01-13,NURECA,
2026-01-14,NURECA,
2026-01-16,NURECA,
2026-01-19,NURECA,
2026-01-20,NURECA,
2026-01-21,NURECA,
2026-01-22,NURECA,
2026-01-23,NURECA,
2026-01-27,NURECA,
2026-01-28,NURECA,
2026-01-29,NURECA,
2026-01-30,NURECA,
2026-02-02,NURECA,
2026-02-03,NURECA,
2026-02-04,NURECA,
2026-02-05,NURECA,
2026-02-06,NURECA,
2026-02-09,NURECA,
2026-02-10,NURECA,
2026-02-11,NURECA,
2026-02-12,NURECA,
2026-02-13,NURECA,
2026-02-16,NURECA,
2026-02-17,NURECA,
2026-02-18,NURECA,
2026-02-19,NURECA,
2026-02-20,NURECA,
2026-02-23,NURECA,
2026-02-24,NURECA,
2026-02-25,NURECA,
2026-02-26,NURECA,
2026-02-27,NURECA,
2026-03-02,NURECA,
2026-03-04,NURECA,
2026-03-05,NURECA,
2026-03-06,NURECA,
2026-03-09,NURECA,
2026-03-10,NURECA,
2026-03-11,NURECA,
2026-03-12,NURECA,
2026-03-13,NURECA,
2026-03-16,NURECA,
2026-03-17,NURECA,
2026-03-18,NURECA,
2026-03-19,NURECA,
2026-03-20,NURECA,
2026-03-23,NURECA,
2026-03-24,NURECA,
2026-03-25,NURECA,
2026-03-27,NURECA,
2026-03-30,NURECA,
2026-04-01,NURECA,
2026-04-02,NURECA,
2026-04-06,NURECA,
2026-04-07,NURECA,
2026-04-08,NURECA,
2026-04-09,NURECA,
2026-04-10,NURECA,
2026-04-13,NURECA,
2026-04-15,NURECA,
2026-04-16,NURECA,
2026-04-17,NURECA,
2026-04-20,NURECA,
2026-04-21,NURECA,
2026-04-22,NURECA,
2026-04-23,NURECA,
2026-04-24,NURECA,
2026-04-27,NURECA,
2026-04-28,NURECA,
2026-04-29,NURECA,
2026-04-30,NURECA,
2026-05-04,NURECA,
2026-05-05,NURECA,
2026-05-06,NURECA,
2026-05-07,NURECA,
2026-05-08,NURECA,
2026-05-11,NURECA,
2026-05-12,NURECA,
2026-05-13,NURECA,
2026-05-14,NURECA,
2026-05-15,NURECA,
2026-05-18,NURECA,
2026-05-19,NURECA,
2026-05-20,NURECA,
2026-05-21,NURECA,
2026-05-22,NURECA,
2026-05-25,NURECA,
2026-05-26,NURECA,
2026-05-27,NURECA,
2026-05-29,NURECA,
2026-06-01,NURECA,
2026-06-02,NURECA,
2026-06-03,NURECA,
2026-06-04,NURECA,
2026-06-05,NURECA,
2026-06-08,NURECA,
2026-06-09,NURECA,
2026-06-10,NURECA,
2026-06-11,NURECA,
2026-06-12,NURECA,
2026-06-15,NURECA,
2026-06-16,NURECA,
2026-06-17,NURECA,
2026-06-18,NURECA,
2026-06-19,NURECA,
2026-06-22,NURECA,
2026-06-23,NURECA,
2026-06-24,NURECA,
2026-06-25,NURECA,
2026-06-29,NURECA,
2026-06-30,NURECA,
2026-07-01,NURECA,
2026-07-02,NURECA,
2026-07-03,NURECA,
2026-07-06,NURECA,
2026-07-07,NURECA,
2026-07-08,NURECA,
2026-07-09,NURECA,
2026-07-10,NURECA,
2026-07-13,NURECA,
2026-07-14,NURECA,
2026-07-15,NURECA,
2026-07-16,NURECA,
2026-07-17,NURECA,
2026-07-20,NURECA,
2026-07-21,NURECA,
2026-07-22,NURECA,
2026-07-23,NURECA,
2026-07-24,NURECA,301.0555
2026-07-27,NURECA,308.4266
2026-07-28,NURECA,308.8196
2026-07-29,NURECA,310.9254
2026-07-30,NURECA,310.9254
2026-07-31,NURECA,311.6924
2026-08-03,NURECA,311.6924
2026-08-04,NURECA,311.6924
2026-08-05,NURECA,311.6924
2026-08-06,NURECA,311.6924
2026-08-07,NURECA,311.6924
2026-08-10,NURECA,311.6924
2026-08-11,NURECA,311.6924
2026-08-12,NURECA,311.6924
2026-08-13,NURECA,311.6924
2026-08-14,NURECA,311.6924
2026-08-17,NURECA,311.6924
2026-08-18,NURECA,311.6924
2026-08-19,NURECA,311.6924
2026-08-20,NURECA,311.6924
2026-08-21,NURECA,311.6924
2026-08-24,NURECA,311.6924
2026-08-25,NURECA,311.6924
2026-08-26,NURECA,311.2969
2026-08-27,NURECA,311.0821
2026-08-28,NURECA,316.1468
2026-08-31,NURECA,316.1468
2026-09-01,NURECA,316.1468
2026-09-02,NURECA,316.1468
2026-09-03,NURECA,316.1468
2026-09-04,NURECA,316.1468
2026-09-07,NURECA,316.1468
2026-09-08,NURECA,316.2199
2026-09-09,NURECA,316.4841
2026-09-10,NURECA,316.4841
2026-09-11,NURECA,316.4841
2025-09-01,OBCL,
2025-09-02,OBCL,
2025-09-03,OBCL,
2025-09-04,OBCL,
2025-09-05,OBCL,
2025-09-08,OBCL,
2025-09-09,OBCL,
2025-09-10,OBCL,
2025-09-11,OBCL,
2025-09-12,OBCL,
2025-09-15,OBCL,
2025-09-16,OBCL,
2025-09-17,OBCL,
2025-09-18,OBCL,
2025-09-19,OBCL,
2025-09-22,OBCL,
2025-09-23,OBCL,
2025-09-24,OBCL,
2025-09-25,OBCL,
2025-09-26,OBCL,
2025-09-29,OBCL,
2025-09-30,OBCL,
2025-10-01,OBCL,
2025-10-03,OBCL,
2025-10-06,OBCL,
2025-10-07,OBCL,
2025-10-08,OBCL,
2025-10-09,OBCL,
2025-10-10,OBCL,
2025-10-13,OBCL,
2025-10-14,OBCL,
2025-10-15,OBCL,
2025-10-16,OBCL,
2025-10-17,OBCL,
2025-10-20,OBCL,
2025-10-21,OBCL,
2025-10-23,OBCL,
2025-10-24,OBCL,
2025-10-27,OBCL,
2025-10-28,OBCL,
2025-10-29,OBCL,
2025-10-30,OBCL,
2025-10-31,OBCL,
2025-11-03,OBCL,
2025-11-04,OBCL,
2025-11-06,OBCL,
2025-11-07,OBCL,
2025-11-10,OBCL,
2025-11-11,OBCL,
2025-11-12,OBCL,
2025-11-13,OBCL,
2025-11-14,OBCL,
2025-11-17,OBCL,
2025-11-18,OBCL,
2025-11-19,OBCL,
2025-11-20,OBCL,
2025-11-21,OBCL,
2025-11-24,OBCL,
2025-11-25,OBCL,
2025-11-26,OBCL,
2025-11-27,OBCL,
2025-11-28,OBCL,
2025-12-01,OBCL,
2025-12-02,OBCL,
2025-12-03,OBCL,
2025-12-04,OBCL,
2025-12-05,OBCL,
2025-12-08,OBCL,
2025-12-09,OBCL,
2025-12-10,OBCL,
2025-12-11,OBCL,
2025-12-12,OBCL,
2025-12-15,OBCL,
2025-12-16,OBCL,
2025-12-17,OBCL,
2025-12-18,OBCL,
2025-12-19,OBCL,
2025-12-22,OBCL,
2025-12-23,OBCL,
2025-12-24,OBCL,
2025-12-26,OBCL,
2025-12-29,OBCL,
2025-12-30,OBCL,
2025-12-31,OBCL,
2026-01-01,OBCL,
2026-01-02,OBCL,
2026-01-05,OBCL,
2026-01-06,OBCL,
2026-01-07,OBCL,
2026-01-08,OBCL,
2026-01-09,OBCL,
2026-01-12,OBCL,
2026-01-13,OBCL,
2026-01-14,OBCL,
2026-01-16,OBCL,
2026-01-19,OBCL,
2026-01-20,OBCL,
2026-01-21,OBCL,
2026-01-22,OBCL,
2026-01-23,OBCL,
2026-01-27,OBCL,
2026-01-28,OBCL,
2026-01-29,OBCL,
2026-01-30,OBCL,
2026-02-02,OBCL,
2026-02-03,OBCL,
2026-02-04,OBCL,
2026-02-05,OBCL,
2026-02-06,OBCL,
2026-02-09,OBCL,
2026-02-10,OBCL,
2026-02-11,OBCL,
2026-02-12,OBCL,
2026-02-13,OBCL,
2026-02-16,OBCL,
2026-02-17,OBCL,
2026-02-18,OBCL,
2026-02-19,OBCL,
2026-02-20,OBCL,
2026-02-23,OBCL,
2026-02-24,OBCL,
2026-02-25,OBCL,
2026-02-26,OBCL,
2026-02-27,OBCL,
2026-03-02,OBCL,
2026-03-04,OBCL,
2026-03-05,OBCL,
2026-03-06,OBCL,
2026-03-09,OBCL,
2026-03-10,OBCL,
2026-03-11,OBCL,
2026-03-12,OBCL,
2026-03-13,OBCL,
2026-03-16,OBCL,
2026-03-17,OBCL,
2026-03-18,OBCL,
2026-03-19,OBCL,
2026-03-20,OBCL,
2026-03-23,OBCL,
2026-03-24,OBCL,
2026-03-25,OBCL,
2026-03-27,OBCL,
2026-03-30,OBCL,
2026-04-01,OBCL,
2026-04-02,OBCL,
2026-04-06,OBCL,
2026-04-07,OBCL,
2026-04-08,OBCL,
2026-04-09,OBCL,
2026-04-10,OBCL,
2026-04-13,OBCL,
2026-04-15,OBCL,
2026-04-16,OBCL,
2026-04-17,OBCL,
2026-04-20,OBCL,
2026-04-21,OBCL,
2026-04-22,OBCL,
2026-04-23,OBCL,
2026-04-24,OBCL,
2026-04-27,OBCL,
2026-04-28,OBCL,
2026-04-29,OBCL,
2026-04-30,OBCL,
2026-05-04,OBCL,
2026-05-05,OBCL,
2026-05-06,OBCL,
2026-05-07,OBCL,
2026-05-08,OBCL,
2026-05-11,OBCL,
2026-05-12,OBCL,
2026-05-13,OBCL,
2026-05-14,OBCL,
2026-05-15,OBCL,
2026-05-18,OBCL,
2026-05-19,OBCL,
2026-05-20,OBCL,
2026-05-21,OBCL,
2026-05-22,OBCL,
2026-05-25,OBCL,
2026-05-26,OBCL,
2026-05-27,OBCL,
2026-05-29,OBCL,
2026-06-01,OBCL,
2026-06-02,OBCL,
2026-06-03,OBCL,
2026-06-04,OBCL,
2026-06-05,OBCL,
2026-06-08,OBCL,
2026-06-09,OBCL,55.4959
2026-06-10,OBCL,55.4959
2026-06-11,OBCL,55.4959
2026-06-12,OBCL,55.4959
2026-06-15,OBCL,55.4959
2026-06-16,OBCL,55.4959
2026-06-17,OBCL,55.4959
2026-06-18,OBCL,55.4959
2026-06-19,OBCL,55.4959
2026-06-22,OBCL,55.4959
2026-06-23,OBCL,55.4959
2026-06-24,OBCL,55.4959
2026-06-25,OBCL,55.4959
2026-06-29,OBCL,55.4959
2026-06-30,OBCL,55.4959
2026-07-01,OBCL,55.4959
2026-07-02,OBCL,55.4959
2026-07-03,OBCL,55.4959
2026-07-06,OBCL,55.4959
2026-07-07,OBCL,55.4959
2026-07-08,OBCL,55.4959
2026-07-09,OBCL,55.4959
2026-07-10,OBCL,55.4959
2026-07-13,OBCL,55.4959
2026-07-14,OBCL,55.4959
2026-07-15,OBCL,55.4959
2026-07-16,OBCL,55.4959
2026-07-17,OBCL,55.4959
2026-07-20,OBCL,55.4959
2026-07-21,OBCL,55.4959
2026-07-22,OBCL,55.4959
2026-07-23,OBCL,55.4959
2026-07-24,OBCL,55.4959
2026-07-27,OBCL,55.4959
2026-07-28,OBCL,55.4959
2026-07-29,OBCL,55.4959
2026-07-30,OBCL,55.4959
2026-07-31,OBCL,55.4959
2026-08-03,OBCL,55.4959
2026-08-04,OBCL,55.4959
2026-08-05,OBCL,53.9882
2026-08-06,OBCL,53.9882
2026-08-07,OBCL,53.9882
2026-08-10,OBCL,53.9577
2026-08-11,OBCL,53.9577
2026-08-12,OBCL,53.9577
2026-08-13,OBCL,53.3262
2026-08-14,OBCL,53.3262
2026-08-17,OBCL,53.3262
2026-08-18,OBCL,53.3691
2026-08-19,OBCL,53.3691
2026-08-20,OBCL,53.3691
2026-08-21,OBCL,53.4397
2026-08-24,OBCL,53.4397
2026-08-25,OBCL,53.4877
2026-08-26,OBCL,53.4877
2026-08-27,OBCL,53.4877
2026-08-28,OBCL,53.4877
2026-08-31,OBCL,53.4877
2026-09-01,OBCL,53.4877
2026-09-02,OBCL,53.5122
2026-09-03,OBCL,53.5122
2026-09-04,OBCL,53.5122
2026-09-07,OBCL,53.5357
2026-09-08,OBCL,53.5357
2026-09-09,OBCL,53.5357
2026-09-10,OBCL,53.5605
2026-09-11,OBCL,53.5605
2026-04-17,OMPOWER,
2026-04-20,OMPOWER,
2026-04-21,OMPOWER,
2026-04-22,OMPOWER,
2026-04-23,OMPOWER,
2026-04-24,OMPOWER,
2026-04-27,OMPOWER,
2026-04-28,OMPOWER,
2026-04-29,OMPOWER,
2026-04-30,OMPOWER,
2026-05-04,OMPOWER,
2026-05-05,OMPOWER,
2026-05-06,OMPOWER,
2026-05-07,OMPOWER,
2026-05-08,OMPOWER,
2026-05-11,OMPOWER,
2026-05-12,OMPOWER,
2026-05-13,OMPOWER,
2026-05-14,OMPOWER,
2026-05-15,OMPOWER,
2026-05-18,OMPOWER,
2026-05-19,OMPOWER,
2026-05-20,OMPOWER,
2026-05-21,OMPOWER,
2026-05-22,OMPOWER,
2026-05-25,OMPOWER,
2026-05-26,OMPOWER,
2026-05-27,OMPOWER,
2026-05-29,OMPOWER,
2026-06-01,OMPOWER,
2026-06-02,OMPOWER,
2026-06-03,OMPOWER,
2026-06-04,OMPOWER,
2026-06-05,OMPOWER,
2026-06-08,OMPOWER,
2026-06-09,OMPOWER,
2026-06-10,OMPOWER,
2026-06-11,OMPOWER,
2026-06-12,OMPOWER,
2026-06-15,OMPOWER,
2026-06-16,OMPOWER,
2026-06-17,OMPOWER,
2026-06-18,OMPOWER,
2026-06-19,OMPOWER,
2026-06-22,OMPOWER,
2026-06-23,OMPOWER,
2026-06-24,OMPOWER,182.6946
2026-06-25,OMPOWER,182.6946
2026-06-29,OMPOWER,182.6946
2026-06-30,OMPOWER,182.6946
2026-07-01,OMPOWER,182.6946
2026-07-02,OMPOWER,182.6946
2026-07-03,OMPOWER,182.6946
2026-07-06,OMPOWER,182.6946
2026-07-07,OMPOWER,182.6946
2026-07-08,OMPOWER,182.6946
2026-07-09,OMPOWER,182.6946
2026-07-10,OMPOWER,182.6946
2026-07-13,OMPOWER,182.6946
2026-07-14,OMPOWER,182.6946
2026-07-15,OMPOWER,182.6946
2026-07-16,OMPOWER,182.6946
2026-07-17,OMPOWER,182.6946
2026-07-20,OMPOWER,182.6946
2026-07-21,OMPOWER,182.6946
2026-07-22,OMPOWER,182.6946
2026-07-23,OMPOWER,182.6946
2026-07-24,OMPOWER,182.6946
2026-07-27,OMPOWER,182.6946
2026-07-28,OMPOWER,182.6946
2026-07-29,OMPOWER,182.6946
2026-07-30,OMPOWER,182.6946
2026-07-31,OMPOWER,182.6946
2026-08-03,OMPOWER,182.6946
2026-08-04,OMPOWER,182.6946
2026-08-05,OMPOWER,182.6946
2026-08-06,OMPOWER,182.6946
2026-08-07,OMPOWER,182.6946
2026-08-10,OMPOWER,182.6946
2026-08-11,OMPOWER,182.6946
2026-08-12,OMPOWER,182.6946
2026-08-13,OMPOWER,182.6946
2026-08-14,OMPOWER,182.6946
2026-08-17,OMPOWER,182.6946
2026-08-18,OMPOWER,182.6946
2026-08-19,OMPOWER,182.6946
2026-08-20,OMPOWER,182.6946
2026-08-21,OMPOWER,182.6946
2026-08-24,OMPOWER,182.6946
2026-08-25,OMPOWER,182.6946
2026-08-26,OMPOWER,182.6946
2026-08-27,OMPOWER,182.6946
2026-08-28,OMPOWER,182.6946
2026-08-31,OMPOWER,182.6946
2026-09-01,OMPOWER,182.6946
2026-09-02,OMPOWER,182.6946
2026-09-03,OMPOWER,182.6946
2026-09-04,OMPOWER,182.6946
2026-09-07,OMPOWER,182.6946
2026-09-08,OMPOWER,182.6946
2026-09-09,OMPOWER,182.6946
2026-09-10,OMPOWER,182.6946
2026-09-11,OMPOWER,182.6946
2025-09-01,PGHH,
2025-09-02,PGHH,
2025-09-03,PGHH,
2025-09-04,PGHH,
2025-09-05,PGHH,
2025-09-08,PGHH,
2025-09-09,PGHH,
2025-09-10,PGHH,
2025-09-11,PGHH,
2025-09-12,PGHH,
2025-09-15,PGHH,
2025-09-16,PGHH,
2025-09-17,PGHH,
2025-09-18,PGHH,
2025-09-19,PGHH,
2025-09-22,PGHH,
2025-09-23,PGHH,
2025-09-24,PGHH,
2025-09-25,PGHH,
2025-09-26,PGHH,
2025-09-29,PGHH,
2025-09-30,PGHH,
2025-10-01,PGHH,
2025-10-03,PGHH,
2025-10-06,PGHH,
2025-10-07,PGHH,
2025-10-08,PGHH,
2025-10-09,PGHH,
2025-10-10,PGHH,
2025-10-13,PGHH,
2025-10-14,PGHH,
2025-10-15,PGHH,
2025-10-16,PGHH,
2025-10-17,PGHH,
2025-10-20,PGHH,
2025-10-21,PGHH,
2025-10-23,PGHH,
2025-10-24,PGHH,
2025-10-27,PGHH,
2025-10-28,PGHH,
2025-10-29,PGHH,
2025-10-30,PGHH,
2025-10-31,PGHH,
2025-11-03,PGHH,
2025-11-04,PGHH,
2025-11-06,PGHH,
2025-11-07,PGHH,
2025-11-10,PGHH,
2025-11-11,PGHH,
2025-11-12,PGHH,
2025-11-13,PGHH,
2025-11-14,PGHH,
2025-11-17,PGHH,
2025-11-18,PGHH,
2025-11-19,PGHH,
2025-11-20,PGHH,
2025-11-21,PGHH,
2025-11-24,PGHH,
2025-11-25,PGHH,
2025-11-26,PGHH,
2025-11-27,PGHH,
2025-11-28,PGHH,
2025-12-01,PGHH,
2025-12-02,PGHH,
2025-12-03,PGHH,
2025-12-04,PGHH,
2025-12-05,PGHH,
2025-12-08,PGHH,
2025-12-09,PGHH,
2025-12-10,PGHH,
2025-12-11,PGHH,
2025-12-12,PGHH,
2025-12-15,PGHH,
2025-12-16,PGHH,
2025-12-17,PGHH,
2025-12-18,PGHH,
2025-12-19,PGHH,
2025-12-22,PGHH,
2025-12-23,PGHH,
2025-12-24,PGHH,
2025-12-26,PGHH,
2025-12-29,PGHH,
2025-12-30,PGHH,
2025-12-31,PGHH,
2026-01-01,PGHH,
2026-01-02,PGHH,
2026-01-05,PGHH,
2026-01-06,PGHH,
2026-01-07,PGHH,
2026-01-08,PGHH,
2026-01-09,PGHH,
2026-01-12,PGHH,
2026-01-13,PGHH,
2026-01-14,PGHH,
2026-01-16,PGHH,
2026-01-19,PGHH,
2026-01-20,PGHH,
2026-01-21,PGHH,
2026-01-22,PGHH,
2026-01-23,PGHH,
2026-01-27,PGHH,
2026-01-28,PGHH,
2026-01-29,PGHH,
2026-01-30,PGHH,
2026-02-02,PGHH,
2026-02-03,PGHH,
2026-02-04,PGHH,
2026-02-05,PGHH,
2026-02-06,PGHH,
2026-02-09,PGHH,
2026-02-10,PGHH,
2026-02-11,PGHH,
2026-02-12,PGHH,
2026-02-13,PGHH,
2026-02-16,PGHH,
2026-02-17,PGHH,
2026-02-18,PGHH,
2026-02-19,PGHH,
2026-02-20,PGHH,
2026-02-23,PGHH,
2026-02-24,PGHH,
2026-02-25,PGHH,
2026-02-26,PGHH,
2026-02-27,PGHH,
2026-03-02,PGHH,
2026-03-04,PGHH,
2026-03-05,PGHH,
2026-03-06,PGHH,
2026-03-09,PGHH,
2026-03-10,PGHH,
2026-03-11,PGHH,
2026-03-12,PGHH,
2026-03-13,PGHH,
2026-03-16,PGHH,
2026-03-17,PGHH,
2026-03-18,PGHH,
2026-03-19,PGHH,
2026-03-20,PGHH,
2026-03-23,PGHH,
2026-03-24,PGHH,
2026-03-25,PGHH,
2026-03-27,PGHH,
2026-03-30,PGHH,
2026-04-01,PGHH,
2026-04-02,PGHH,
2026-04-06,PGHH,
2026-04-07,PGHH,
2026-04-08,PGHH,
2026-04-09,PGHH,
2026-04-10,PGHH,
2026-04-13,PGHH,
2026-04-15,PGHH,
2026-04-16,PGHH,
2026-04-17,PGHH,
2026-04-20,PGHH,
2026-04-21,PGHH,
2026-04-22,PGHH,
2026-04-23,PGHH,
2026-04-24,PGHH,
2026-04-27,PGHH,
2026-04-28,PGHH,
2026-04-29,PGHH,
2026-04-30,PGHH,
2026-05-04,PGHH,
2026-05-05,PGHH,
2026-05-06,PGHH,
2026-05-07,PGHH,
2026-05-08,PGHH,
2026-05-11,PGHH,
2026-05-12,PGHH,
2026-05-13,PGHH,
2026-05-14,PGHH,
2026-05-15,PGHH,
2026-05-18,PGHH,
2026-05-19,PGHH,
2026-05-20,PGHH,
2026-05-21,PGHH,
2026-05-22,PGHH,
2026-05-25,PGHH,
2026-05-26,PGHH,
2026-05-27,PGHH,
2026-05-29,PGHH,
2026-06-01,PGHH,
2026-06-02,PGHH,
2026-06-03,PGHH,
2026-06-04,PGHH,
2026-06-05,PGHH,
2026-06-08,PGHH,
2026-06-09,PGHH,
2026-06-10,PGHH,
2026-06-11,PGHH,
2026-06-12,PGHH,
2026-06-15,PGHH,
2026-06-16,PGHH,
2026-06-17,PGHH,
2026-06-18,PGHH,
2026-06-19,PGHH,8995.5
2026-06-22,PGHH,8995.5
2026-06-23,PGHH,8995.5
2026-06-24,PGHH,8995.5
2026-06-25,PGHH,8995.5
2026-06-29,PGHH,8995.5
2026-06-30,PGHH,8995.5
2026-07-01,PGHH,8995.5
2026-07-02,PGHH,8995.5
2026-07-03,PGHH,8995.5
2026-07-06,PGHH,8995.5
2026-07-07,PGHH,8995.5
2026-07-08,PGHH,8995.5
2026-07-09,PGHH,8995.5
2026-07-10,PGHH,8995.5
2026-07-13,PGHH,8995.5
2026-07-14,PGHH,8995.5
2026-07-15,PGHH,8995.5
2026-07-16,PGHH,8995.5
2026-07-17,PGHH,8995.5
2026-07-20,PGHH,8995.5
2026-07-21,PGHH,8995.5
2026-07-22,PGHH,8995.5
2026-07-23,PGHH,8995.5
2026-07-24,PGHH,8995.5
2026-07-27,PGHH,8995.5
2026-07-28,PGHH,8995.5
2026-07-29,PGHH,8995.5
2026-07-30,PGHH,8995.5
2026-07-31,PGHH,8995.5
2026-08-03,PGHH,8995.5
2026-08-04,PGHH,8995.5
2026-08-05,PGHH,8995.5
2026-08-06,PGHH,8995.5
2026-08-07,PGHH,8995.5
2026-08-10,PGHH,8995.5
2026-08-11,PGHH,8995.5
2026-08-12,PGHH,8995.5
2026-08-13,PGHH,8995.5
2026-08-14,PGHH,8995.5
2026-08-17,PGHH,8995.5
2026-08-18,PGHH,8995.5
2026-08-19,PGHH,8995.5
2026-08-20,PGHH,8995.5
2026-08-21,PGHH,8995.5
2026-08-24,PGHH,8995.5
2026-08-25,PGHH,8995.5
2026-08-26,PGHH,8995.5
2026-08-27,PGHH,8995.5
2026-08-28,PGHH,8995.5
2026-08-31,PGHH,8995.5
2026-09-01,PGHH,8995.5
2026-09-02,PGHH,8995.5
2026-09-03,PGHH,8995.5
2026-09-04,PGHH,8995.5
2026-09-07,PGHH,8995.5
2026-09-08,PGHH,8995.5
2026-09-09,PGHH,8995.5
2026-09-10,PGHH,8995.5
2026-09-11,PGHH,8995.5
2025-09-01,PKTEA,
2025-09-02,PKTEA,
2025-09-03,PKTEA,
2025-09-04,PKTEA,
2025-09-05,PKTEA,
2025-09-08,PKTEA,
2025-09-09,PKTEA,
2025-09-10,PKTEA,
2025-09-11,PKTEA,
2025-09-12,PKTEA,
2025-09-15,PKTEA,
2025-09-16,PKTEA,
2025-09-17,PKTEA,
2025-09-18,PKTEA,
2025-09-19,PKTEA,
2025-09-22,PKTEA,
2025-09-23,PKTEA,
2025-09-24,PKTEA,
2025-09-25,PKTEA,
2025-09-26,PKTEA,
2025-09-29,PKTEA,
2025-09-30,PKTEA,
2025-10-01,PKTEA,
2025-10-03,PKTEA,
2025-10-06,PKTEA,
2025-10-07,PKTEA,
2025-10-08,PKTEA,
2025-10-09,PKTEA,
2025-10-10,PKTEA,
2025-10-13,PKTEA,
2025-10-14,PKTEA,
2025-10-15,PKTEA,
2025-10-16,PKTEA,
2025-10-17,PKTEA,
2025-10-20,PKTEA,
2025-10-21,PKTEA,
2025-10-23,PKTEA,
2025-10-24,PKTEA,
2025-10-27,PKTEA,
2025-10-28,PKTEA,
2025-10-29,PKTEA,
2025-10-30,PKTEA,
2025-10-31,PKTEA,
2025-11-03,PKTEA,
2025-11-04,PKTEA,
2025-11-06,PKTEA,
2025-11-07,PKTEA,
2025-11-10,PKTEA,
2025-11-11,PKTEA,
2025-11-12,PKTEA,
2025-11-13,PKTEA,
2025-11-14,PKTEA,
2025-11-17,PKTEA,
2025-11-18,PKTEA,
2025-11-19,PKTEA,
2025-11-20,PKTEA,
2025-11-21,PKTEA,
2025-11-24,PKTEA,
2025-11-25,PKTEA,
2025-11-26,PKTEA,
2025-11-27,PKTEA,
2025-11-28,PKTEA,
2025-12-01,PKTEA,
2025-12-02,PKTEA,
2025-12-03,PKTEA,
2025-12-04,PKTEA,
2025-12-05,PKTEA,
2025-12-08,PKTEA,
2025-12-09,PKTEA,
2025-12-10,PKTEA,
2025-12-11,PKTEA,
2025-12-12,PKTEA,
2025-12-15,PKTEA,
2025-12-16,PKTEA,
2025-12-17,PKTEA,
2025-12-18,PKTEA,
2025-12-19,PKTEA,
2025-12-22,PKTEA,
2025-12-23,PKTEA,
2025-12-24,PKTEA,
2025-12-26,PKTEA,
2025-12-29,PKTEA,
2025-12-30,PKTEA,
2025-12-31,PKTEA,
2026-01-01,PKTEA,
2026-01-02,PKTEA,
2026-01-05,PKTEA,
2026-01-06,PKTEA,
2026-01-07,PKTEA,
2026-01-08,PKTEA,
2026-01-09,PKTEA,
2026-01-12,PKTEA,
2026-01-13,PKTEA,
2026-01-14,PKTEA,
2026-01-16,PKTEA,
2026-01-19,PKTEA,
2026-01-20,PKTEA,
2026-01-21,PKTEA,
2026-01-22,PKTEA,
2026-01-23,PKTEA,
2026-01-27,PKTEA,
2026-01-28,PKTEA,
2026-01-29,PKTEA,
2026-01-30,PKTEA,
2026-02-02,PKTEA,
2026-02-03,PKTEA,
2026-02-04,PKTEA,
2026-02-05,PKTEA,
2026-02-06,PKTEA,
2026-02-09,PKTEA,
2026-02-10,PKTEA,
2026-02-11,PKTEA,
2026-02-12,PKTEA,
2026-02-13,PKTEA,
2026-02-16,PKTEA,
2026-02-17,PKTEA,
2026-02-18,PKTEA,
2026-02-19,PKTEA,
2026-02-20,PKTEA,
2026-02-23,PKTEA,
2026-02-24,PKTEA,
2026-02-25,PKTEA,
2026-02-26,PKTEA,
2026-02-27,PKTEA,
2026-03-02,PKTEA,
2026-03-04,PKTEA,
2026-03-05,PKTEA,
2026-03-06,PKTEA,
2026-03-09,PKTEA,
2026-03-10,PKTEA,
2026-03-11,PKTEA,
2026-03-12,PKTEA,
2026-03-16,PKTEA,
2026-03-17,PKTEA,
2026-03-18,PKTEA,
2026-03-19,PKTEA,
2026-03-20,PKTEA,
2026-03-23,PKTEA,
2026-03-24,PKTEA,
2026-03-25,PKTEA,
2026-03-27,PKTEA,
2026-03-30,PKTEA,
2026-04-01,PKTEA,
2026-04-02,PKTEA,
2026-04-06,PKTEA,
2026-04-07,PKTEA,
2026-04-08,PKTEA,
2026-04-09,PKTEA,
2026-04-13,PKTEA,
2026-04-15,PKTEA,
2026-04-16,PKTEA,
2026-04-20,PKTEA,
2026-04-21,PKTEA,
2026-04-22,PKTEA,
2026-04-23,PKTEA,
2026-04-24,PKTEA,
2026-04-27,PKTEA,
2026-04-28,PKTEA,
2026-04-29,PKTEA,
2026-04-30,PKTEA,
2026-05-04,PKTEA,
2026-05-05,PKTEA,
2026-05-06,PKTEA,
2026-05-07,PKTEA,
2026-05-08,PKTEA,
2026-05-11,PKTEA,
2026-05-12,PKTEA,
2026-05-14,PKTEA,
2026-05-15,PKTEA,
2026-05-18,PKTEA,
2026-05-19,PKTEA,
2026-05-20,PKTEA,
2026-05-21,PKTEA,
2026-05-22,PKTEA,
2026-05-25,PKTEA,
2026-05-26,PKTEA,
2026-05-27,PKTEA,
2026-05-29,PKTEA,
2026-06-01,PKTEA,
2026-06-02,PKTEA,
2026-06-03,PKTEA,
2026-06-04,PKTEA,
2026-06-05,PKTEA,
2026-06-08,PKTEA,
2026-06-09,PKTEA,
2026-06-10,PKTEA,
2026-06-11,PKTEA,
2026-06-12,PKTEA,
2026-06-15,PKTEA,
2026-06-16,PKTEA,
2026-06-17,PKTEA,
2026-06-18,PKTEA,
2026-06-19,PKTEA,
2026-06-22,PKTEA,
2026-06-23,PKTEA,
2026-06-24,PKTEA,
2026-06-25,PKTEA,
2026-06-29,PKTEA,
2026-06-30,PKTEA,
2026-07-01,PKTEA,
2026-07-02,PKTEA,
2026-07-03,PKTEA,
2026-07-06,PKTEA,
2026-07-08,PKTEA,
2026-07-09,PKTEA,
2026-07-10,PKTEA,
2026-07-13,PKTEA,
2026-07-14,PKTEA,
2026-07-15,PKTEA,
2026-07-16,PKTEA,
2026-07-17,PKTEA,
2026-07-20,PKTEA,
2026-07-21,PKTEA,
2026-07-22,PKTEA,
2026-07-24,PKTEA,
2026-07-27,PKTEA,
2026-07-28,PKTEA,
2026-07-29,PKTEA,
2026-07-30,PKTEA,
2026-07-31,PKTEA,
2026-08-03,PKTEA,
2026-08-04,PKTEA,
2026-08-05,PKTEA,
2026-08-07,PKTEA,
2026-08-10,PKTEA,
2026-08-11,PKTEA,
2026-08-12,PKTEA,
2026-08-13,PKTEA,
2026-08-14,PKTEA,
2026-08-17,PKTEA,702.5035
2026-08-18,PKTEA,702.5035
2026-08-19,PKTEA,711.5192
2026-08-20,PKTEA,712.9228
2026-08-21,PKTEA,712.9228
2026-08-24,PKTEA,712.9228
2026-08-25,PKTEA,712.9228
2026-08-26,PKTEA,712.9228
2026-08-27,PKTEA,712.9228
2026-08-28,PKTEA,712.9228
2026-08-31,PKTEA,712.9228
2026-09-01,PKTEA,712.9228
2026-09-02,PKTEA,712.9228
2026-09-03,PKTEA,712.9228
2026-09-04,PKTEA,725.7771
2026-09-07,PKTEA,725.7771
2026-09-08,PKTEA,725.7771
2026-09-09,PKTEA,725.7771
2026-09-10,PKTEA,725.7771
2026-09-11,PKTEA,725.7771
2025-09-01,PLASTIBLEN,
2025-09-02,PLASTIBLEN,
2025-09-03,PLASTIBLEN,
2025-09-04,PLASTIBLEN,
2025-09-05,PLASTIBLEN,
2025-09-08,PLASTIBLEN,
2025-09-09,PLASTIBLEN,
2025-09-10,PLASTIBLEN,
2025-09-11,PLASTIBLEN,
2025-09-12,PLASTIBLEN,
2025-09-15,PLASTIBLEN,
2025-09-16,PLASTIBLEN,
2025-09-17,PLASTIBLEN,
2025-09-18,PLASTIBLEN,
2025-09-19,PLASTIBLEN,
2025-09-22,PLASTIBLEN,
2025-09-23,PLASTIBLEN,
2025-09-24,PLASTIBLEN,
2025-09-25,PLASTIBLEN,
2025-09-26,PLASTIBLEN,
2025-09-29,PLASTIBLEN,
2025-09-30,PLASTIBLEN,
2025-10-01,PLASTIBLEN,
2025-10-03,PLASTIBLEN,
2025-10-06,PLASTIBLEN,
2025-10-07,PLASTIBLEN,
2025-10-08,PLASTIBLEN,
2025-10-09,PLASTIBLEN,
2025-10-10,PLASTIBLEN,
2025-10-13,PLASTIBLEN,
2025-10-14,PLASTIBLEN,
2025-10-15,PLASTIBLEN,
2025-10-16,PLASTIBLEN,
2025-10-17,PLASTIBLEN,
2025-10-20,PLASTIBLEN,
2025-10-21,PLASTIBLEN,
2025-10-23,PLASTIBLEN,
2025-10-24,PLASTIBLEN,
2025-10-27,PLASTIBLEN,
2025-10-28,PLASTIBLEN,
2025-10-29,PLASTIBLEN,
2025-10-30,PLASTIBLEN,
2025-10-31,PLASTIBLEN,
2025-11-03,PLASTIBLEN,
2025-11-04,PLASTIBLEN,
2025-11-06,PLASTIBLEN,
2025-11-07,PLASTIBLEN,
2025-11-10,PLASTIBLEN,
2025-11-11,PLASTIBLEN,
2025-11-12,PLASTIBLEN,
2025-11-13,PLASTIBLEN,
2025-11-14,PLASTIBLEN,
2025-11-17,PLASTIBLEN,
2025-11-18,PLASTIBLEN,
2025-11-19,PLASTIBLEN,
2025-11-20,PLASTIBLEN,
2025-11-21,PLASTIBLEN,
2025-11-24,PLASTIBLEN,
2025-11-25,PLASTIBLEN,
2025-11-26,PLASTIBLEN,
2025-11-27,PLASTIBLEN,
2025-11-28,PLASTIBLEN,
2025-12-01,PLASTIBLEN,
2025-12-02,PLASTIBLEN,
2025-12-03,PLASTIBLEN,
2025-12-04,PLASTIBLEN,
2025-12-05,PLASTIBLEN,
2025-12-08,PLASTIBLEN,
2025-12-09,PLASTIBLEN,
2025-12-10,PLASTIBLEN,
2025-12-11,PLASTIBLEN,
2025-12-12,PLASTIBLEN,
2025-12-15,PLASTIBLEN,
2025-12-16,PLASTIBLEN,
2025-12-17,PLASTIBLEN,
2025-12-18,PLASTIBLEN,
2025-12-19,PLASTIBLEN,
2025-12-22,PLASTIBLEN,
2025-12-23,PLASTIBLEN,
2025-12-24,PLASTIBLEN,
2025-12-26,PLASTIBLEN,
2025-12-29,PLASTIBLEN,
2025-12-30,PLASTIBLEN,
2025-12-31,PLASTIBLEN,
2026-01-01,PLASTIBLEN,
2026-01-02,PLASTIBLEN,
2026-01-05,PLASTIBLEN,
2026-01-06,PLASTIBLEN,
2026-01-07,PLASTIBLEN,
2026-01-08,PLASTIBLEN,
2026-01-09,PLASTIBLEN,
2026-01-12,PLASTIBLEN,
2026-01-13,PLASTIBLEN,
2026-01-14,PLASTIBLEN,
2026-01-16,PLASTIBLEN,
2026-01-19,PLASTIBLEN,
2026-01-20,PLASTIBLEN,
2026-01-21,PLASTIBLEN,
2026-01-22,PLASTIBLEN,
2026-01-23,PLASTIBLEN,
2026-01-27,PLASTIBLEN,
2026-01-28,PLASTIBLEN,
2026-01-29,PLASTIBLEN,
2026-01-30,PLASTIBLEN,
2026-02-02,PLASTIBLEN,
2026-02-03,PLASTIBLEN,
2026-02-04,PLASTIBLEN,
2026-02-05,PLASTIBLEN,
2026-02-06,PLASTIBLEN,
2026-02-09,PLASTIBLEN,
2026-02-10,PLASTIBLEN,
2026-02-11,PLASTIBLEN,
2026-02-12,PLASTIBLEN,
2026-02-13,PLASTIBLEN,
2026-02-16,PLASTIBLEN,
2026-02-17,PLASTIBLEN,
2026-02-18,PLASTIBLEN,
2026-02-19,PLASTIBLEN,
2026-02-20,PLASTIBLEN,
2026-02-23,PLASTIBLEN,
2026-02-24,PLASTIBLEN,
2026-02-25,PLASTIBLEN,
2026-02-26,PLASTIBLEN,
2026-02-27,PLASTIBLEN,
2026-03-02,PLASTIBLEN,
2026-03-04,PLASTIBLEN,
2026-03-05,PLASTIBLEN,
2026-03-06,PLASTIBLEN,
2026-03-09,PLASTIBLEN,
2026-03-10,PLASTIBLEN,
2026-03-11,PLASTIBLEN,
2026-03-12,PLASTIBLEN,
2026-03-13,PLASTIBLEN,
2026-03-16,PLASTIBLEN,
2026-03-17,PLASTIBLEN,
2026-03-18,PLASTIBLEN,
2026-03-19,PLASTIBLEN,
2026-03-20,PLASTIBLEN,
2026-03-23,PLASTIBLEN,
2026-03-24,PLASTIBLEN,
2026-03-25,PLASTIBLEN,
2026-03-27,PLASTIBLEN,
2026-03-30,PLASTIBLEN,
2026-04-01,PLASTIBLEN,
2026-04-02,PLASTIBLEN,
2026-04-06,PLASTIBLEN,
2026-04-07,PLASTIBLEN,
2026-04-08,PLASTIBLEN,
2026-04-09,PLASTIBLEN,
2026-04-10,PLASTIBLEN,
2026-04-13,PLASTIBLEN,
2026-04-15,PLASTIBLEN,
2026-04-16,PLASTIBLEN,
2026-04-17,PLASTIBLEN,
2026-04-20,PLASTIBLEN,
2026-04-21,PLASTIBLEN,
2026-04-22,PLASTIBLEN,
2026-04-23,PLASTIBLEN,
2026-04-24,PLASTIBLEN,
2026-04-27,PLASTIBLEN,
2026-04-28,PLASTIBLEN,
2026-04-29,PLASTIBLEN,
2026-04-30,PLASTIBLEN,
2026-05-04,PLASTIBLEN,
2026-05-05,PLASTIBLEN,
2026-05-06,PLASTIBLEN,
2026-05-07,PLASTIBLEN,
2026-05-08,PLASTIBLEN,
2026-05-11,PLASTIBLEN,
2026-05-12,PLASTIBLEN,
2026-05-13,PLASTIBLEN,
2026-05-14,PLASTIBLEN,
2026-05-15,PLASTIBLEN,
2026-05-18,PLASTIBLEN,
2026-05-19,PLASTIBLEN,
2026-05-20,PLASTIBLEN,
2026-05-21,PLASTIBLEN,
2026-05-22,PLASTIBLEN,
2026-05-25,PLASTIBLEN,
2026-05-26,PLASTIBLEN,
2026-05-27,PLASTIBLEN,
2026-05-29,PLASTIBLEN,
2026-06-01,PLASTIBLEN,
2026-06-02,PLASTIBLEN,
2026-06-03,PLASTIBLEN,
2026-06-04,PLASTIBLEN,
2026-06-05,PLASTIBLEN,
2026-06-08,PLASTIBLEN,
2026-06-09,PLASTIBLEN,
2026-06-10,PLASTIBLEN,
2026-06-11,PLASTIBLEN,
2026-06-12,PLASTIBLEN,
2026-06-15,PLASTIBLEN,
2026-06-16,PLASTIBLEN,
2026-06-17,PLASTIBLEN,
2026-06-18,PLASTIBLEN,
2026-06-19,PLASTIBLEN,174.3152
2026-06-22,PLASTIBLEN,174.3152
2026-06-23,PLASTIBLEN,174.3152
2026-06-24,PLASTIBLEN,174.3152
2026-06-25,PLASTIBLEN,175.1819
2026-06-29,PLASTIBLEN,175.1819
2026-06-30,PLASTIBLEN,175.1819
2026-07-01,PLASTIBLEN,175.1819
2026-07-02,PLASTIBLEN,175.1819
2026-07-03,PLASTIBLEN,175.1819
2026-07-06,PLASTIBLEN,175.1819
2026-07-07,PLASTIBLEN,175.1819
2026-07-08,PLASTIBLEN,175.1819
2026-07-09,PLASTIBLEN,175.1819
2026-07-10,PLASTIBLEN,175.1819
2026-07-13,PLASTIBLEN,175.1819
2026-07-14,PLASTIBLEN,175.1819
2026-07-15,PLASTIBLEN,175.1819
2026-07-16,PLASTIBLEN,175.1819
2026-07-17,PLASTIBLEN,175.1819
2026-07-20,PLASTIBLEN,175.1819
2026-07-21,PLASTIBLEN,175.1819
2026-07-22,PLASTIBLEN,175.1819
2026-07-23,PLASTIBLEN,175.1819
2026-07-24,PLASTIBLEN,175.1819
2026-07-27,PLASTIBLEN,175.1819
2026-07-28,PLASTIBLEN,175.1819
2026-07-29,PLASTIBLEN,175.1819
2026-07-30,PLASTIBLEN,175.1819
2026-07-31,PLASTIBLEN,175.1819
2026-08-03,PLASTIBLEN,175.1819
2026-08-04,PLASTIBLEN,175.1819
2026-08-05,PLASTIBLEN,175.1819
2026-08-06,PLASTIBLEN,175.1819
2026-08-07,PLASTIBLEN,175.1819
2026-08-10,PLASTIBLEN,175.1819
2026-08-11,PLASTIBLEN,175.1819
2026-08-12,PLASTIBLEN,175.1819
2026-08-13,PLASTIBLEN,175.1819
2026-08-14,PLASTIBLEN,175.1819
2026-08-17,PLASTIBLEN,175.1819
2026-08-18,PLASTIBLEN,175.1819
2026-08-19,PLASTIBLEN,175.1819
2026-08-20,PLASTIBLEN,175.1819
2026-08-21,PLASTIBLEN,175.1819
2026-08-24,PLASTIBLEN,175.1819
2026-08-25,PLASTIBLEN,175.1819
2026-08-26,PLASTIBLEN,175.1819
2026-08-27,PLASTIBLEN,175.1819
2026-08-28,PLASTIBLEN,175.1819
2026-08-31,PLASTIBLEN,175.1819
2026-09-01,PLASTIBLEN,175.1819
2026-09-02,PLASTIBLEN,175.1819
2026-09-03,PLASTIBLEN,175.1819
2026-09-04,PLASTIBLEN,175.1819
2026-09-07,PLASTIBLEN,175.1819
2026-09-08,PLASTIBLEN,175.1819
2026-09-09,PLASTIBLEN,175.1819
2026-09-10,PLASTIBLEN,175.1819
2026-09-11,PLASTIBLEN,175.1819
2026-03-04,PNGSREVA,
2026-03-05,PNGSREVA,
2026-03-06,PNGSREVA,
2026-03-09,PNGSREVA,
2026-03-10,PNGSREVA,
2026-03-11,PNGSREVA,
2026-03-12,PNGSREVA,
2026-03-13,PNGSREVA,
2026-03-16,PNGSREVA,
2026-03-17,PNGSREVA,
2026-03-18,PNGSREVA,
2026-03-19,PNGSREVA,
2026-03-20,PNGSREVA,
2026-03-23,PNGSREVA,
2026-03-24,PNGSREVA,
2026-03-25,PNGSREVA,
2026-03-27,PNGSREVA,
2026-03-30,PNGSREVA,
2026-04-01,PNGSREVA,
2026-04-02,PNGSREVA,
2026-04-06,PNGSREVA,
2026-04-07,PNGSREVA,
2026-04-08,PNGSREVA,
2026-04-09,PNGSREVA,
2026-04-10,PNGSREVA,
2026-04-13,PNGSREVA,
2026-04-15,PNGSREVA,
2026-04-16,PNGSREVA,
2026-04-17,PNGSREVA,
2026-04-20,PNGSREVA,
2026-04-21,PNGSREVA,
2026-04-22,PNGSREVA,
2026-04-23,PNGSREVA,
2026-04-24,PNGSREVA,
2026-04-27,PNGSREVA,
2026-04-28,PNGSREVA,
2026-04-29,PNGSREVA,
2026-04-30,PNGSREVA,
2026-05-04,PNGSREVA,
2026-05-05,PNGSREVA,
2026-05-06,PNGSREVA,
2026-05-07,PNGSREVA,
2026-05-08,PNGSREVA,
2026-05-11,PNGSREVA,
2026-05-12,PNGSREVA,
2026-05-13,PNGSREVA,
2026-05-14,PNGSREVA,376.01
2026-05-15,PNGSREVA,376.01
2026-05-18,PNGSREVA,370.9268
2026-05-19,PNGSREVA,370.9268
2026-05-20,PNGSREVA,370.9268
2026-05-21,PNGSREVA,370.9268
2026-05-22,PNGSREVA,370.9268
2026-05-25,PNGSREVA,370.9268
2026-05-26,PNGSREVA,370.9268
2026-05-27,PNGSREVA,370.9268
2026-05-29,PNGSREVA,370.9268
2026-06-01,PNGSREVA,370.9268
2026-06-02,PNGSREVA,370.9268
2026-06-03,PNGSREVA,370.9268
2026-06-04,PNGSREVA,370.9268
2026-06-05,PNGSREVA,377.7826
2026-06-08,PNGSREVA,377.7826
2026-06-09,PNGSREVA,377.7826
2026-06-10,PNGSREVA,377.7826
2026-06-11,PNGSREVA,377.7826
2026-06-12,PNGSREVA,377.7826
2026-06-15,PNGSREVA,377.7826
2026-06-16,PNGSREVA,377.7826
2026-06-17,PNGSREVA,377.7826
2026-06-18,PNGSREVA,378.5876
2026-06-19,PNGSREVA,378.5876
2026-06-22,PNGSREVA,378.5876
2026-06-23,PNGSREVA,378.5876
2026-06-24,PNGSREVA,378.5905
2026-06-25,PNGSREVA,375.0339
2026-06-29,PNGSREVA,375.0339
2026-06-30,PNGSREVA,375.0339
2026-07-01,PNGSREVA,375.0339
2026-07-02,PNGSREVA,375.0339
2026-07-03,PNGSREVA,375.0339
2026-07-06,PNGSREVA,375.0339
2026-07-07,PNGSREVA,375.0339
2026-07-08,PNGSREVA,375.0339
2026-07-09,PNGSREVA,375.0339
2026-07-10,PNGSREVA,375.0339
2026-07-13,PNGSREVA,375.0339
2026-07-14,PNGSREVA,375.0339
2026-07-15,PNGSREVA,375.0339
2026-07-16,PNGSREVA,375.0339
2026-07-17,PNGSREVA,375.0339
2026-07-20,PNGSREVA,375.0339
2026-07-21,PNGSREVA,375.0339
2026-07-22,PNGSREVA,375.0339
2026-07-23,PNGSREVA,375.0339
2026-07-24,PNGSREVA,375.0339
2026-07-27,PNGSREVA,375.0339
2026-07-28,PNGSREVA,375.0339
2026-07-29,PNGSREVA,375.0339
2026-07-30,PNGSREVA,375.0339
2026-07-31,PNGSREVA,375.0339
2026-08-03,PNGSREVA,375.0339
2026-08-04,PNGSREVA,375.0339
2026-08-05,PNGSREVA,375.0339
2026-08-06,PNGSREVA,375.0339
2026-08-07,PNGSREVA,375.0339
2026-08-10,PNGSREVA,375.0339
2026-08-11,PNGSREVA,375.0339
2026-08-12,PNGSREVA,375.0339
2026-08-13,PNGSREVA,375.0339
2026-08-14,PNGSREVA,375.0339
2026-08-17,PNGSREVA,375.0339
2026-08-18,PNGSREVA,375.0339
2026-08-19,PNGSREVA,375.0339
2026-08-20,PNGSREVA,375.0339
2026-08-21,PNGSREVA,375.0339
2026-08-24,PNGSREVA,375.0339
2026-08-25,PNGSREVA,375.0339
2026-08-26,PNGSREVA,375.0339
2026-08-27,PNGSREVA,375.0339
2026-08-28,PNGSREVA,375.0339
2026-08-31,PNGSREVA,375.0339
2026-09-01,PNGSREVA,375.0339
2026-09-02,PNGSREVA,375.0339
2026-09-03,PNGSREVA,375.0339
2026-09-04,PNGSREVA,375.0339
2026-09-07,PNGSREVA,375.0339
2026-09-08,PNGSREVA,375.0339
2026-09-09,PNGSREVA,375.0339
2026-09-10,PNGSREVA,375.0339
2026-09-11,PNGSREVA,375.0339
2025-09-01,PREMIERPOL,
2025-09-02,PREMIERPOL,
2025-09-03,PREMIERPOL,
2025-09-04,PREMIERPOL,
2025-09-05,PREMIERPOL,
2025-09-08,PREMIERPOL,
2025-09-09,PREMIERPOL,
2025-09-10,PREMIERPOL,
2025-09-11,PREMIERPOL,
2025-09-12,PREMIERPOL,
2025-09-15,PREMIERPOL,
2025-09-16,PREMIERPOL,
2025-09-17,PREMIERPOL,
2025-09-18,PREMIERPOL,
2025-09-19,PREMIERPOL,
2025-09-22,PREMIERPOL,
2025-09-23,PREMIERPOL,
2025-09-24,PREMIERPOL,
2025-09-25,PREMIERPOL,
2025-09-26,PREMIERPOL,
2025-09-29,PREMIERPOL,
2025-09-30,PREMIERPOL,
2025-10-01,PREMIERPOL,
2025-10-03,PREMIERPOL,
2025-10-06,PREMIERPOL,
2025-10-07,PREMIERPOL,
2025-10-08,PREMIERPOL,
2025-10-09,PREMIERPOL,
2025-10-10,PREMIERPOL,
2025-10-13,PREMIERPOL,
2025-10-14,PREMIERPOL,
2025-10-15,PREMIERPOL,
2025-10-16,PREMIERPOL,
2025-10-17,PREMIERPOL,
2025-10-20,PREMIERPOL,
2025-10-21,PREMIERPOL,
2025-10-23,PREMIERPOL,
2025-10-24,PREMIERPOL,
2025-10-27,PREMIERPOL,
2025-10-28,PREMIERPOL,
2025-10-29,PREMIERPOL,
2025-10-30,PREMIERPOL,
2025-10-31,PREMIERPOL,
2025-11-03,PREMIERPOL,
2025-11-04,PREMIERPOL,
2025-11-06,PREMIERPOL,
2025-11-07,PREMIERPOL,
2025-11-10,PREMIERPOL,
2025-11-11,PREMIERPOL,
2025-11-12,PREMIERPOL,
2025-11-13,PREMIERPOL,
2025-11-14,PREMIERPOL,
2025-11-17,PREMIERPOL,
2025-11-18,PREMIERPOL,
2025-11-19,PREMIERPOL,
2025-11-20,PREMIERPOL,
2025-11-21,PREMIERPOL,
2025-11-24,PREMIERPOL,
2025-11-25,PREMIERPOL,
2025-11-26,PREMIERPOL,
2025-11-27,PREMIERPOL,
2025-11-28,PREMIERPOL,
2025-12-01,PREMIERPOL,
2025-12-02,PREMIERPOL,
2025-12-03,PREMIERPOL,
2025-12-04,PREMIERPOL,
2025-12-05,PREMIERPOL,
2025-12-08,PREMIERPOL,
2025-12-09,PREMIERPOL,
2025-12-10,PREMIERPOL,
2025-12-11,PREMIERPOL,
2025-12-12,PREMIERPOL,
2025-12-15,PREMIERPOL,
2025-12-16,PREMIERPOL,
2025-12-17,PREMIERPOL,
2025-12-18,PREMIERPOL,
2025-12-19,PREMIERPOL,
2025-12-22,PREMIERPOL,
2025-12-23,PREMIERPOL,
2025-12-24,PREMIERPOL,
2025-12-26,PREMIERPOL,
2025-12-29,PREMIERPOL,
2025-12-30,PREMIERPOL,
2025-12-31,PREMIERPOL,
2026-01-01,PREMIERPOL,
2026-01-02,PREMIERPOL,
2026-01-05,PREMIERPOL,
2026-01-06,PREMIERPOL,
2026-01-07,PREMIERPOL,
2026-01-08,PREMIERPOL,
2026-01-09,PREMIERPOL,
2026-01-12,PREMIERPOL,
2026-01-13,PREMIERPOL,
2026-01-14,PREMIERPOL,
2026-01-16,PREMIERPOL,
2026-01-19,PREMIERPOL,
2026-01-20,PREMIERPOL,
2026-01-21,PREMIERPOL,
2026-01-22,PREMIERPOL,
2026-01-23,PREMIERPOL,
2026-01-27,PREMIERPOL,
2026-01-28,PREMIERPOL,
2026-01-29,PREMIERPOL,
2026-01-30,PREMIERPOL,
2026-02-02,PREMIERPOL,
2026-02-03,PREMIERPOL,
2026-02-04,PREMIERPOL,
2026-02-05,PREMIERPOL,
2026-02-06,PREMIERPOL,
2026-02-09,PREMIERPOL,
2026-02-10,PREMIERPOL,
2026-02-11,PREMIERPOL,
2026-02-12,PREMIERPOL,
2026-02-13,PREMIERPOL,
2026-02-16,PREMIERPOL,
2026-02-17,PREMIERPOL,
2026-02-18,PREMIERPOL,
2026-02-19,PREMIERPOL,
2026-02-20,PREMIERPOL,
2026-02-23,PREMIERPOL,
2026-02-24,PREMIERPOL,
2026-02-25,PREMIERPOL,
2026-02-26,PREMIERPOL,
2026-02-27,PREMIERPOL,
2026-03-02,PREMIERPOL,
2026-03-04,PREMIERPOL,
2026-03-05,PREMIERPOL,
2026-03-06,PREMIERPOL,
2026-03-09,PREMIERPOL,
2026-03-10,PREMIERPOL,
2026-03-11,PREMIERPOL,
2026-03-12,PREMIERPOL,
2026-03-13,PREMIERPOL,
2026-03-16,PREMIERPOL,
2026-03-17,PREMIERPOL,
2026-03-18,PREMIERPOL,
2026-03-19,PREMIERPOL,
2026-03-20,PREMIERPOL,
2026-03-23,PREMIERPOL,
2026-03-24,PREMIERPOL,
2026-03-25,PREMIERPOL,
2026-03-27,PREMIERPOL,
2026-03-30,PREMIERPOL,
2026-04-01,PREMIERPOL,
2026-04-02,PREMIERPOL,
2026-04-06,PREMIERPOL,
2026-04-07,PREMIERPOL,
2026-04-08,PREMIERPOL,
2026-04-09,PREMIERPOL,
2026-04-10,PREMIERPOL,
2026-04-13,PREMIERPOL,
2026-04-15,PREMIERPOL,
2026-04-16,PREMIERPOL,
2026-04-17,PREMIERPOL,
2026-04-20,PREMIERPOL,
2026-04-21,PREMIERPOL,
2026-04-22,PREMIERPOL,
2026-04-23,PREMIERPOL,
2026-04-24,PREMIERPOL,
2026-04-27,PREMIERPOL,
2026-04-28,PREMIERPOL,
2026-04-29,PREMIERPOL,
2026-04-30,PREMIERPOL,
2026-05-04,PREMIERPOL,
2026-05-05,PREMIERPOL,
2026-05-06,PREMIERPOL,
2026-05-07,PREMIERPOL,
2026-05-08,PREMIERPOL,
2026-05-11,PREMIERPOL,
2026-05-12,PREMIERPOL,
2026-05-13,PREMIERPOL,
2026-05-14,PREMIERPOL,
2026-05-15,PREMIERPOL,52.99
2026-05-18,PREMIERPOL,51.3
2026-05-19,PREMIERPOL,51.3
2026-05-20,PREMIERPOL,51.3
2026-05-21,PREMIERPOL,51.3
2026-05-22,PREMIERPOL,51.3
2026-05-25,PREMIERPOL,51.3
2026-05-26,PREMIERPOL,51.7567
2026-05-27,PREMIERPOL,51.7567
2026-05-29,PREMIERPOL,52.3452
2026-06-01,PREMIERPOL,52.7758
2026-06-02,PREMIERPOL,52.7758
2026-06-03,PREMIERPOL,52.7758
2026-06-04,PREMIERPOL,52.7758
2026-06-05,PREMIERPOL,52.7758
2026-06-08,PREMIERPOL,52.7758
2026-06-09,PREMIERPOL,53.18
2026-06-10,PREMIERPOL,53.18
2026-06-11,PREMIERPOL,53.18
2026-06-12,PREMIERPOL,53.5479
2026-06-15,PREMIERPOL,53.5479
2026-06-16,PREMIERPOL,53.9682
2026-06-17,PREMIERPOL,54.1762
2026-06-18,PREMIERPOL,54.1762
2026-06-19,PREMIERPOL,54.1762
2026-06-22,PREMIERPOL,54.1762
2026-06-23,PREMIERPOL,54.1762
2026-06-24,PREMIERPOL,54.1762
2026-06-25,PREMIERPOL,54.1762
2026-06-29,PREMIERPOL,54.1762
2026-06-30,PREMIERPOL,54.1762
2026-07-01,PREMIERPOL,54.1762
2026-07-02,PREMIERPOL,54.1762
2026-07-03,PREMIERPOL,54.1762
2026-07-06,PREMIERPOL,54.1762
2026-07-07,PREMIERPOL,54.1762
2026-07-08,PREMIERPOL,54.1762
2026-07-09,PREMIERPOL,54.1762
2026-07-10,PREMIERPOL,54.1762
2026-07-13,PREMIERPOL,54.1762
2026-07-14,PREMIERPOL,54.1762
2026-07-15,PREMIERPOL,54.1762
2026-07-16,PREMIERPOL,54.1762
2026-07-17,PREMIERPOL,54.1762
2026-07-20,PREMIERPOL,54.1762
2026-07-21,PREMIERPOL,54.1762
2026-07-22,PREMIERPOL,54.1762
2026-07-23,PREMIERPOL,54.1762
2026-07-24,PREMIERPOL,54.1762
2026-07-27,PREMIERPOL,54.1762
2026-07-28,PREMIERPOL,54.1762
2026-07-29,PREMIERPOL,54.1762
2026-07-30,PREMIERPOL,54.1762
2026-07-31,PREMIERPOL,54.1762
2026-08-03,PREMIERPOL,54.1762
2026-08-04,PREMIERPOL,54.1762
2026-08-05,PREMIERPOL,54.1762
2026-08-06,PREMIERPOL,54.1762
2026-08-07,PREMIERPOL,54.1762
2026-08-10,PREMIERPOL,54.1762
2026-08-11,PREMIERPOL,54.1762
2026-08-12,PREMIERPOL,54.1762
2026-08-13,PREMIERPOL,54.1762
2026-08-14,PREMIERPOL,54.1762
2026-08-17,PREMIERPOL,54.1762
2026-08-18,PREMIERPOL,54.1762
2026-08-19,PREMIERPOL,54.1762
2026-08-20,PREMIERPOL,54.1762
2026-08-21,PREMIERPOL,54.1762
2026-08-24,PREMIERPOL,54.1762
2026-08-25,PREMIERPOL,54.1762
2026-08-26,PREMIERPOL,54.1762
2026-08-27,PREMIERPOL,54.1762
2026-08-28,PREMIERPOL,54.1762
2026-08-31,PREMIERPOL,54.1762
2026-09-01,PREMIERPOL,54.1762
2026-09-02,PREMIERPOL,54.1762
2026-09-03,PREMIERPOL,54.1762
2026-09-04,PREMIERPOL,54.1762
2026-09-07,PREMIERPOL,54.1762
2026-09-08,PREMIERPOL,54.1762
2026-09-09,PREMIERPOL,54.1762
2026-09-10,PREMIERPOL,54.1762
2026-09-11,PREMIERPOL,54.1762
2025-09-01,RGL,
2025-09-02,RGL,
2025-09-03,RGL,
2025-09-04,RGL,
2025-09-05,RGL,
2025-09-08,RGL,
2025-09-09,RGL,
2025-09-10,RGL,
2025-09-11,RGL,
2025-09-12,RGL,
2025-09-15,RGL,
2025-09-16,RGL,
2025-09-17,RGL,
2025-09-18,RGL,
2025-09-19,RGL,
2025-09-22,RGL,
2025-09-23,RGL,
2025-09-24,RGL,
2025-09-25,RGL,
2025-09-26,RGL,
2025-09-29,RGL,
2025-09-30,RGL,
2025-10-01,RGL,
2025-10-03,RGL,
2025-10-06,RGL,
2025-10-07,RGL,
2025-10-08,RGL,
2025-10-09,RGL,
2025-10-10,RGL,
2025-10-13,RGL,
2025-10-14,RGL,
2025-10-15,RGL,
2025-10-16,RGL,
2025-10-17,RGL,
2025-10-20,RGL,
2025-10-21,RGL,
2025-10-23,RGL,
2025-10-24,RGL,
2025-10-27,RGL,
2025-10-28,RGL,
2025-10-29,RGL,
2025-10-30,RGL,
2025-10-31,RGL,
2025-11-03,RGL,
2025-11-04,RGL,
2025-11-06,RGL,
2025-11-07,RGL,
2025-11-10,RGL,
2025-11-11,RGL,
2025-11-12,RGL,
2025-11-13,RGL,
2025-11-14,RGL,
2025-11-17,RGL,
2025-11-18,RGL,
2025-11-19,RGL,
2025-11-20,RGL,
2025-11-21,RGL,
2025-11-24,RGL,
2025-11-25,RGL,
2025-11-26,RGL,
2025-11-27,RGL,
2025-11-28,RGL,
2025-12-01,RGL,
2025-12-02,RGL,
2025-12-03,RGL,
2025-12-04,RGL,
2025-12-05,RGL,
2025-12-08,RGL,
2025-12-09,RGL,
2025-12-10,RGL,
2025-12-11,RGL,
2025-12-12,RGL,
2025-12-15,RGL,
2025-12-16,RGL,
2025-12-17,RGL,
2025-12-18,RGL,
2025-12-19,RGL,
2025-12-22,RGL,
2025-12-23,RGL,
2025-12-24,RGL,
2025-12-26,RGL,
2025-12-29,RGL,
2025-12-30,RGL,
2025-12-31,RGL,
2026-01-01,RGL,
2026-01-02,RGL,
2026-01-05,RGL,
2026-01-06,RGL,
2026-01-07,RGL,
2026-01-08,RGL,
2026-01-09,RGL,
2026-01-12,RGL,
2026-01-13,RGL,
2026-01-14,RGL,
2026-01-16,RGL,
2026-01-19,RGL,
2026-01-20,RGL,
2026-01-21,RGL,
2026-01-22,RGL,
2026-01-23,RGL,
2026-01-27,RGL,
2026-01-28,RGL,
2026-01-29,RGL,
2026-01-30,RGL,
2026-02-02,RGL,
2026-02-03,RGL,
2026-02-04,RGL,
2026-02-05,RGL,
2026-02-06,RGL,
2026-02-09,RGL,
2026-02-10,RGL,
2026-02-11,RGL,
2026-02-12,RGL,
2026-02-13,RGL,
2026-02-16,RGL,
2026-02-17,RGL,
2026-02-18,RGL,
2026-02-19,RGL,
2026-02-20,RGL,
2026-02-23,RGL,
2026-02-24,RGL,
2026-02-25,RGL,
2026-02-26,RGL,
2026-02-27,RGL,
2026-03-02,RGL,
2026-03-04,RGL,
2026-03-05,RGL,
2026-03-06,RGL,
2026-03-09,RGL,
2026-03-10,RGL,
2026-03-11,RGL,
2026-03-12,RGL,
2026-03-13,RGL,
2026-03-16,RGL,
2026-03-17,RGL,
2026-03-18,RGL,
2026-03-19,RGL,
2026-03-20,RGL,
2026-03-23,RGL,
2026-03-24,RGL,
2026-03-25,RGL,
2026-03-27,RGL,
2026-03-30,RGL,
2026-04-01,RGL,
2026-04-02,RGL,
2026-04-06,RGL,
2026-04-07,RGL,
2026-04-08,RGL,
2026-04-09,RGL,
2026-04-10,RGL,
2026-04-13,RGL,
2026-04-15,RGL,
2026-04-16,RGL,
2026-04-17,RGL,
2026-04-20,RGL,
2026-04-21,RGL,
2026-04-22,RGL,
2026-04-23,RGL,
2026-04-24,RGL,
2026-04-27,RGL,
2026-04-28,RGL,
2026-04-29,RGL,
2026-04-30,RGL,
2026-05-04,RGL,
2026-05-05,RGL,
2026-05-06,RGL,
2026-05-07,RGL,
2026-05-08,RGL,
2026-05-11,RGL,
2026-05-12,RGL,
2026-05-13,RGL,
2026-05-14,RGL,
2026-05-15,RGL,
2026-05-18,RGL,
2026-05-19,RGL,
2026-05-20,RGL,
2026-05-21,RGL,
2026-05-22,RGL,
2026-05-25,RGL,
2026-05-26,RGL,
2026-05-27,RGL,
2026-05-29,RGL,
2026-06-01,RGL,
2026-06-02,RGL,
2026-06-03,RGL,
2026-06-04,RGL,
2026-06-05,RGL,
2026-06-08,RGL,
2026-06-09,RGL,
2026-06-10,RGL,95.7017
2026-06-11,RGL,100.897
2026-06-12,RGL,100.897
2026-06-15,RGL,100.897
2026-06-16,RGL,100.897
2026-06-17,RGL,100.897
2026-06-18,RGL,100.897
2026-06-19,RGL,100.897
2026-06-22,RGL,100.897
2026-06-23,RGL,100.897
2026-06-24,RGL,100.897
2026-06-25,RGL,100.897
2026-06-29,RGL,100.897
2026-06-30,RGL,100.897
2026-07-01,RGL,100.897
2026-07-02,RGL,100.897
2026-07-03,RGL,100.897
2026-07-06,RGL,100.897
2026-07-07,RGL,100.897
2026-07-08,RGL,100.897
2026-07-09,RGL,100.897
2026-07-10,RGL,100.897
2026-07-13,RGL,100.897
2026-07-14,RGL,100.897
2026-07-15,RGL,100.897
2026-07-16,RGL,100.897
2026-07-17,RGL,100.897
2026-07-20,RGL,100.897
2026-07-21,RGL,100.897
2026-07-22,RGL,100.897
2026-07-23,RGL,100.897
2026-07-24,RGL,100.897
2026-07-27,RGL,100.897
2026-07-28,RGL,100.897
2026-07-29,RGL,100.897
2026-07-30,RGL,100.897
2026-07-31,RGL,100.897
2026-08-03,RGL,100.897
2026-08-04,RGL,100.897
2026-08-05,RGL,100.897
2026-08-06,RGL,100.897
2026-08-07,RGL,100.897
2026-08-10,RGL,100.897
2026-08-11,RGL,100.897
2026-08-12,RGL,100.897
2026-08-13,RGL,100.897
2026-08-14,RGL,100.897
2026-08-17,RGL,100.897
2026-08-18,RGL,100.897
2026-08-19,RGL,100.897
2026-08-20,RGL,100.897
2026-08-21,RGL,100.897
2026-08-24,RGL,100.897
2026-08-25,RGL,100.897
2026-08-26,RGL,100.897
2026-08-27,RGL,100.897
2026-08-28,RGL,100.897
2026-08-31,RGL,100.897
2026-09-01,RGL,100.897
2026-09-02,RGL,100.897
2026-09-03,RGL,100.897
2026-09-04,RGL,100.897
2026-09-07,RGL,100.897
2026-09-08,RGL,100.897
2026-09-09,RGL,100.897
2026-09-10,RGL,100.897
2026-09-11,RGL,100.897
2025-09-01,SANDUMA,
2025-09-02,SANDUMA,
2025-09-03,SANDUMA,
2025-09-04,SANDUMA,
2025-09-05,SANDUMA,
2025-09-08,SANDUMA,
2025-09-09,SANDUMA,
2025-09-10,SANDUMA,
2025-09-11,SANDUMA,
2025-09-12,SANDUMA,
2025-09-15,SANDUMA,
2025-09-16,SANDUMA,
2025-09-17,SANDUMA,
2025-09-18,SANDUMA,
2025-09-19,SANDUMA,
2025-09-22,SANDUMA,
2025-09-23,SANDUMA,
2025-09-24,SANDUMA,
2025-09-25,SANDUMA,
2025-09-26,SANDUMA,
2025-09-29,SANDUMA,
2025-09-30,SANDUMA,
2025-10-01,SANDUMA,
2025-10-03,SANDUMA,
2025-10-06,SANDUMA,
2025-10-07,SANDUMA,
2025-10-08,SANDUMA,
2025-10-09,SANDUMA,
2025-10-10,SANDUMA,
2025-10-13,SANDUMA,
2025-10-14,SANDUMA,
2025-10-15,SANDUMA,
2025-10-16,SANDUMA,
2025-10-17,SANDUMA,
2025-10-20,SANDUMA,
2025-10-21,SANDUMA,
2025-10-23,SANDUMA,
2025-10-24,SANDUMA,
2025-10-27,SANDUMA,
2025-10-28,SANDUMA,
2025-10-29,SANDUMA,
2025-10-30,SANDUMA,
2025-10-31,SANDUMA,
2025-11-03,SANDUMA,
2025-11-04,SANDUMA,
2025-11-06,SANDUMA,
2025-11-07,SANDUMA,
2025-11-10,SANDUMA,
2025-11-11,SANDUMA,
2025-11-12,SANDUMA,
2025-11-13,SANDUMA,
2025-11-14,SANDUMA,
2025-11-17,SANDUMA,
2025-11-18,SANDUMA,
2025-11-19,SANDUMA,
2025-11-20,SANDUMA,
2025-11-21,SANDUMA,
2025-11-24,SANDUMA,
2025-11-25,SANDUMA,
2025-11-26,SANDUMA,
2025-11-27,SANDUMA,
2025-11-28,SANDUMA,
2025-12-01,SANDUMA,
2025-12-02,SANDUMA,
2025-12-03,SANDUMA,
2025-12-04,SANDUMA,
2025-12-05,SANDUMA,
2025-12-08,SANDUMA,
2025-12-09,SANDUMA,
2025-12-10,SANDUMA,
2025-12-11,SANDUMA,
2025-12-12,SANDUMA,
2025-12-15,SANDUMA,
2025-12-16,SANDUMA,
2025-12-17,SANDUMA,
2025-12-18,SANDUMA,
2025-12-19,SANDUMA,
2025-12-22,SANDUMA,
2025-12-23,SANDUMA,
2025-12-24,SANDUMA,
2025-12-26,SANDUMA,
2025-12-29,SANDUMA,
2025-12-30,SANDUMA,
2025-12-31,SANDUMA,
2026-01-01,SANDUMA,
2026-01-02,SANDUMA,
2026-01-05,SANDUMA,
2026-01-06,SANDUMA,
2026-01-07,SANDUMA,
2026-01-08,SANDUMA,
2026-01-09,SANDUMA,
2026-01-12,SANDUMA,
2026-01-13,SANDUMA,
2026-01-14,SANDUMA,
2026-01-16,SANDUMA,
2026-01-19,SANDUMA,
2026-01-20,SANDUMA,
2026-01-21,SANDUMA,
2026-01-22,SANDUMA,
2026-01-23,SANDUMA,
2026-01-27,SANDUMA,
2026-01-28,SANDUMA,
2026-01-29,SANDUMA,
2026-01-30,SANDUMA,
2026-02-02,SANDUMA,
2026-02-03,SANDUMA,
2026-02-04,SANDUMA,
2026-02-05,SANDUMA,
2026-02-06,SANDUMA,
2026-02-09,SANDUMA,
2026-02-10,SANDUMA,
2026-02-11,SANDUMA,
2026-02-12,SANDUMA,
2026-02-13,SANDUMA,
2026-02-16,SANDUMA,
2026-02-17,SANDUMA,
2026-02-18,SANDUMA,
2026-02-19,SANDUMA,
2026-02-20,SANDUMA,
2026-02-23,SANDUMA,
2026-02-24,SANDUMA,
2026-02-25,SANDUMA,
2026-02-26,SANDUMA,
2026-02-27,SANDUMA,
2026-03-02,SANDUMA,
2026-03-04,SANDUMA,
2026-03-05,SANDUMA,
2026-03-06,SANDUMA,
2026-03-09,SANDUMA,
2026-03-10,SANDUMA,
2026-03-11,SANDUMA,
2026-03-12,SANDUMA,
2026-03-13,SANDUMA,
2026-03-16,SANDUMA,
2026-03-17,SANDUMA,
2026-03-18,SANDUMA,
2026-03-19,SANDUMA,
2026-03-20,SANDUMA,
2026-03-23,SANDUMA,
2026-03-24,SANDUMA,
2026-03-25,SANDUMA,
2026-03-27,SANDUMA,
2026-03-30,SANDUMA,
2026-04-01,SANDUMA,
2026-04-02,SANDUMA,
2026-04-06,SANDUMA,
2026-04-07,SANDUMA,
2026-04-08,SANDUMA,
2026-04-09,SANDUMA,
2026-04-10,SANDUMA,
2026-04-13,SANDUMA,
2026-04-15,SANDUMA,
2026-04-16,SANDUMA,
2026-04-17,SANDUMA,
2026-04-20,SANDUMA,
2026-04-21,SANDUMA,
2026-04-22,SANDUMA,
2026-04-23,SANDUMA,
2026-04-24,SANDUMA,
2026-04-27,SANDUMA,
2026-04-28,SANDUMA,
2026-04-29,SANDUMA,
2026-04-30,SANDUMA,
2026-05-04,SANDUMA,
2026-05-05,SANDUMA,
2026-05-06,SANDUMA,
2026-05-07,SANDUMA,
2026-05-08,SANDUMA,
2026-05-11,SANDUMA,
2026-05-12,SANDUMA,
2026-05-13,SANDUMA,
2026-05-14,SANDUMA,
2026-05-15,SANDUMA,
2026-05-18,SANDUMA,
2026-05-19,SANDUMA,
2026-05-20,SANDUMA,
2026-05-21,SANDUMA,
2026-05-22,SANDUMA,
2026-05-25,SANDUMA,
2026-05-26,SANDUMA,
2026-05-27,SANDUMA,
2026-05-29,SANDUMA,
2026-06-01,SANDUMA,
2026-06-02,SANDUMA,
2026-06-03,SANDUMA,
2026-06-04,SANDUMA,
2026-06-05,SANDUMA,
2026-06-08,SANDUMA,
2026-06-09,SANDUMA,
2026-06-10,SANDUMA,
2026-06-11,SANDUMA,
2026-06-12,SANDUMA,
2026-06-15,SANDUMA,
2026-06-16,SANDUMA,
2026-06-17,SANDUMA,
2026-06-18,SANDUMA,
2026-06-19,SANDUMA,
2026-06-22,SANDUMA,
2026-06-23,SANDUMA,
2026-06-24,SANDUMA,
2026-06-25,SANDUMA,
2026-06-29,SANDUMA,207.6336
2026-06-30,SANDUMA,207.6336
2026-07-01,SANDUMA,207.6336
2026-07-02,SANDUMA,207.6336
2026-07-03,SANDUMA,207.6336
2026-07-06,SANDUMA,207.6336
2026-07-07,SANDUMA,207.6336
2026-07-08,SANDUMA,207.6336
2026-07-09,SANDUMA,207.6336
2026-07-10,SANDUMA,207.6336
2026-07-13,SANDUMA,207.6336
2026-07-14,SANDUMA,207.6336
2026-07-15,SANDUMA,207.6336
2026-07-16,SANDUMA,207.6336
2026-07-17,SANDUMA,207.6336
2026-07-20,SANDUMA,207.6336
2026-07-21,SANDUMA,207.6336
2026-07-22,SANDUMA,207.6336
2026-07-23,SANDUMA,207.6336
2026-07-24,SANDUMA,207.6336
2026-07-27,SANDUMA,207.6336
2026-07-28,SANDUMA,207.6336
2026-07-29,SANDUMA,207.6336
2026-07-30,SANDUMA,207.6336
2026-07-31,SANDUMA,207.6336
2026-08-03,SANDUMA,207.6336
2026-08-04,SANDUMA,207.6336
2026-08-05,SANDUMA,207.6336
2026-08-06,SANDUMA,207.6336
2026-08-07,SANDUMA,207.6336
2026-08-10,SANDUMA,207.6336
2026-08-11,SANDUMA,207.6336
2026-08-12,SANDUMA,207.6336
2026-08-13,SANDUMA,207.6336
2026-08-14,SANDUMA,207.6336
2026-08-17,SANDUMA,207.6336
2026-08-18,SANDUMA,207.6336
2026-08-19,SANDUMA,207.6336
2026-08-20,SANDUMA,207.6336
2026-08-21,SANDUMA,207.6336
2026-08-24,SANDUMA,207.6336
2026-08-25,SANDUMA,207.6336
2026-08-26,SANDUMA,207.6336
2026-08-27,SANDUMA,207.6336
2026-08-28,SANDUMA,207.6336
2026-08-31,SANDUMA,207.6336
2026-09-01,SANDUMA,207.6336
2026-09-02,SANDUMA,207.6336
2026-09-03,SANDUMA,207.6336
2026-09-04,SANDUMA,207.6336
2026-09-07,SANDUMA,207.6336
2026-09-08,SANDUMA,207.6336
2026-09-09,SANDUMA,207.6336
2026-09-10,SANDUMA,207.6336
2026-09-11,SANDUMA,207.6336
2025-09-01,SENCO,
2025-09-02,SENCO,
2025-09-03,SENCO,
2025-09-04,SENCO,
2025-09-05,SENCO,
2025-09-08,SENCO,
2025-09-09,SENCO,
2025-09-10,SENCO,
2025-09-11,SENCO,
2025-09-12,SENCO,
2025-09-15,SENCO,
2025-09-16,SENCO,
2025-09-17,SENCO,
2025-09-18,SENCO,
2025-09-19,SENCO,
2025-09-22,SENCO,
2025-09-23,SENCO,
2025-09-24,SENCO,
2025-09-25,SENCO,
2025-09-26,SENCO,
2025-09-29,SENCO,
2025-09-30,SENCO,
2025-10-01,SENCO,
2025-10-03,SENCO,
2025-10-06,SENCO,
2025-10-07,SENCO,
2025-10-08,SENCO,
2025-10-09,SENCO,
2025-10-10,SENCO,
2025-10-13,SENCO,
2025-10-14,SENCO,
2025-10-15,SENCO,
2025-10-16,SENCO,
2025-10-17,SENCO,
2025-10-20,SENCO,
2025-10-21,SENCO,
2025-10-23,SENCO,
2025-10-24,SENCO,
2025-10-27,SENCO,
2025-10-28,SENCO,
2025-10-29,SENCO,
2025-10-30,SENCO,
2025-10-31,SENCO,
2025-11-03,SENCO,
2025-11-04,SENCO,
2025-11-06,SENCO,
2025-11-07,SENCO,
2025-11-10,SENCO,
2025-11-11,SENCO,
2025-11-12,SENCO,
2025-11-13,SENCO,
2025-11-14,SENCO,
2025-11-17,SENCO,
2025-11-18,SENCO,
2025-11-19,SENCO,
2025-11-20,SENCO,
2025-11-21,SENCO,
2025-11-24,SENCO,
2025-11-25,SENCO,
2025-11-26,SENCO,
2025-11-27,SENCO,
2025-11-28,SENCO,
2025-12-01,SENCO,
2025-12-02,SENCO,
2025-12-03,SENCO,
2025-12-04,SENCO,
2025-12-05,SENCO,
2025-12-08,SENCO,
2025-12-09,SENCO,
2025-12-10,SENCO,
2025-12-11,SENCO,
2025-12-12,SENCO,
2025-12-15,SENCO,
2025-12-16,SENCO,
2025-12-17,SENCO,
2025-12-18,SENCO,
2025-12-19,SENCO,
2025-12-22,SENCO,
2025-12-23,SENCO,
2025-12-24,SENCO,
2025-12-26,SENCO,
2025-12-29,SENCO,
2025-12-30,SENCO,
2025-12-31,SENCO,
2026-01-01,SENCO,
2026-01-02,SENCO,
2026-01-05,SENCO,
2026-01-06,SENCO,
2026-01-07,SENCO,
2026-01-08,SENCO,
2026-01-09,SENCO,
2026-01-12,SENCO,
2026-01-13,SENCO,
2026-01-14,SENCO,
2026-01-16,SENCO,
2026-01-19,SENCO,
2026-01-20,SENCO,
2026-01-21,SENCO,
2026-01-22,SENCO,
2026-01-23,SENCO,
2026-01-27,SENCO,
2026-01-28,SENCO,
2026-01-29,SENCO,
2026-01-30,SENCO,
2026-02-02,SENCO,
2026-02-03,SENCO,
2026-02-04,SENCO,
2026-02-05,SENCO,
2026-02-06,SENCO,
2026-02-09,SENCO,
2026-02-10,SENCO,
2026-02-11,SENCO,
2026-02-12,SENCO,
2026-02-13,SENCO,
2026-02-16,SENCO,
2026-02-17,SENCO,
2026-02-18,SENCO,
2026-02-19,SENCO,
2026-02-20,SENCO,
2026-02-23,SENCO,
2026-02-24,SENCO,
2026-02-25,SENCO,
2026-02-26,SENCO,
2026-02-27,SENCO,
2026-03-02,SENCO,
2026-03-04,SENCO,
2026-03-05,SENCO,
2026-03-06,SENCO,
2026-03-09,SENCO,
2026-03-10,SENCO,
2026-03-11,SENCO,
2026-03-12,SENCO,
2026-03-13,SENCO,
2026-03-16,SENCO,
2026-03-17,SENCO,
2026-03-18,SENCO,
2026-03-19,SENCO,
2026-03-20,SENCO,
2026-03-23,SENCO,
2026-03-24,SENCO,
2026-03-25,SENCO,
2026-03-27,SENCO,
2026-03-30,SENCO,
2026-04-01,SENCO,
2026-04-02,SENCO,
2026-04-06,SENCO,
2026-04-07,SENCO,
2026-04-08,SENCO,
2026-04-09,SENCO,
2026-04-10,SENCO,
2026-04-13,SENCO,
2026-04-15,SENCO,
2026-04-16,SENCO,
2026-04-17,SENCO,
2026-04-20,SENCO,
2026-04-21,SENCO,
2026-04-22,SENCO,
2026-04-23,SENCO,
2026-04-24,SENCO,
2026-04-27,SENCO,
2026-04-28,SENCO,
2026-04-29,SENCO,
2026-04-30,SENCO,
2026-05-04,SENCO,
2026-05-05,SENCO,
2026-05-06,SENCO,
2026-05-07,SENCO,
2026-05-08,SENCO,
2026-05-11,SENCO,
2026-05-12,SENCO,
2026-05-13,SENCO,
2026-05-14,SENCO,
2026-05-15,SENCO,
2026-05-18,SENCO,
2026-05-19,SENCO,
2026-05-20,SENCO,
2026-05-21,SENCO,
2026-05-22,SENCO,
2026-05-25,SENCO,
2026-05-26,SENCO,
2026-05-27,SENCO,
2026-05-29,SENCO,
2026-06-01,SENCO,
2026-06-02,SENCO,
2026-06-03,SENCO,
2026-06-04,SENCO,
2026-06-05,SENCO,
2026-06-08,SENCO,
2026-06-09,SENCO,
2026-06-10,SENCO,
2026-06-11,SENCO,
2026-06-12,SENCO,
2026-06-15,SENCO,
2026-06-16,SENCO,
2026-06-17,SENCO,
2026-06-18,SENCO,
2026-06-19,SENCO,
2026-06-22,SENCO,
2026-06-23,SENCO,
2026-06-24,SENCO,
2026-06-25,SENCO,
2026-06-29,SENCO,
2026-06-30,SENCO,334.88
2026-07-01,SENCO,334.88
2026-07-02,SENCO,334.88
2026-07-03,SENCO,334.88
2026-07-06,SENCO,334.88
2026-07-07,SENCO,334.88
2026-07-08,SENCO,334.88
2026-07-09,SENCO,334.88
2026-07-10,SENCO,334.88
2026-07-13,SENCO,334.88
2026-07-14,SENCO,334.88
2026-07-15,SENCO,334.88
2026-07-16,SENCO,334.88
2026-07-17,SENCO,334.88
2026-07-20,SENCO,334.88
2026-07-21,SENCO,334.88
2026-07-22,SENCO,334.88
2026-07-23,SENCO,334.88
2026-07-24,SENCO,334.88
2026-07-27,SENCO,334.88
2026-07-28,SENCO,334.88
2026-07-29,SENCO,334.88
2026-07-30,SENCO,334.88
2026-07-31,SENCO,334.88
2026-08-03,SENCO,334.88
2026-08-04,SENCO,334.88
2026-08-05,SENCO,334.88
2026-08-06,SENCO,334.88
2026-08-07,SENCO,334.88
2026-08-10,SENCO,334.88
2026-08-11,SENCO,334.88
2026-08-12,SENCO,334.88
2026-08-13,SENCO,334.88
2026-08-14,SENCO,334.88
2026-08-17,SENCO,334.88
2026-08-18,SENCO,335.4115
2026-08-19,SENCO,335.4115
2026-08-20,SENCO,335.4115
2026-08-21,SENCO,335.4115
2026-08-24,SENCO,335.4115
2026-08-25,SENCO,335.4115
2026-08-26,SENCO,335.4115
2026-08-27,SENCO,335.4115
2026-08-28,SENCO,335.4115
2026-08-31,SENCO,335.4115
2026-09-01,SENCO,335.4115
2026-09-02,SENCO,335.4115
2026-09-03,SENCO,335.4115
2026-09-04,SENCO,335.4115
2026-09-07,SENCO,335.4115
2026-09-08,SENCO,335.4115
2026-09-09,SENCO,335.4115
2026-09-10,SENCO,335.4115
2026-09-11,SENCO,335.4115
2025-09-01,SGIL,
2025-09-02,SGIL,
2025-09-03,SGIL,
2025-09-04,SGIL,
2025-09-05,SGIL,
2025-09-08,SGIL,
2025-09-09,SGIL,
2025-09-10,SGIL,
2025-09-11,SGIL,
2025-09-12,SGIL,
2025-09-15,SGIL,
2025-09-16,SGIL,
2025-09-17,SGIL,
2025-09-18,SGIL,
2025-09-19,SGIL,
2025-09-22,SGIL,
2025-09-23,SGIL,
2025-09-24,SGIL,
2025-09-25,SGIL,
2025-09-26,SGIL,
2025-09-29,SGIL,
2025-09-30,SGIL,
2025-10-01,SGIL,
2025-10-03,SGIL,
2025-10-06,SGIL,
2025-10-07,SGIL,
2025-10-08,SGIL,
2025-10-09,SGIL,
2025-10-10,SGIL,
2025-10-13,SGIL,
2025-10-14,SGIL,
2025-10-15,SGIL,
2025-10-16,SGIL,
2025-10-17,SGIL,
2025-10-20,SGIL,
2025-10-21,SGIL,
2025-10-23,SGIL,
2025-10-24,SGIL,
2025-10-27,SGIL,
2025-10-28,SGIL,
2025-10-29,SGIL,
2025-10-30,SGIL,
2025-10-31,SGIL,
2025-11-03,SGIL,
2025-11-04,SGIL,
2025-11-06,SGIL,
2025-11-07,SGIL,
2025-11-10,SGIL,
2025-11-11,SGIL,
2025-11-12,SGIL,
2025-11-13,SGIL,
2025-11-14,SGIL,
2025-11-17,SGIL,
2025-11-18,SGIL,
2025-11-19,SGIL,
2025-11-20,SGIL,
2025-11-21,SGIL,
2025-11-24,SGIL,
2025-11-25,SGIL,
2025-11-26,SGIL,
2025-11-27,SGIL,
2025-11-28,SGIL,
2025-12-01,SGIL,
2025-12-02,SGIL,
2025-12-03,SGIL,
2025-12-04,SGIL,
2025-12-05,SGIL,
2025-12-08,SGIL,
2025-12-09,SGIL,
2025-12-10,SGIL,
2025-12-11,SGIL,
2025-12-12,SGIL,
2025-12-15,SGIL,
2025-12-16,SGIL,
2025-12-17,SGIL,
2025-12-18,SGIL,
2025-12-19,SGIL,
2025-12-22,SGIL,
2025-12-23,SGIL,
2025-12-24,SGIL,
2025-12-26,SGIL,
2025-12-29,SGIL,
2025-12-30,SGIL,
2025-12-31,SGIL,
2026-01-01,SGIL,
2026-01-02,SGIL,
2026-01-05,SGIL,
2026-01-06,SGIL,
2026-01-07,SGIL,
2026-01-08,SGIL,
2026-01-09,SGIL,
2026-01-12,SGIL,
2026-01-13,SGIL,
2026-01-14,SGIL,
2026-01-16,SGIL,
2026-01-19,SGIL,
2026-01-20,SGIL,
2026-01-21,SGIL,
2026-01-22,SGIL,
2026-01-23,SGIL,
2026-01-27,SGIL,
2026-01-28,SGIL,
2026-01-29,SGIL,
2026-01-30,SGIL,
2026-02-02,SGIL,
2026-02-03,SGIL,
2026-02-04,SGIL,
2026-02-05,SGIL,
2026-02-06,SGIL,
2026-02-09,SGIL,
2026-02-10,SGIL,
2026-02-11,SGIL,
2026-02-12,SGIL,
2026-02-13,SGIL,
2026-02-16,SGIL,
2026-02-17,SGIL,
2026-02-18,SGIL,
2026-02-19,SGIL,
2026-02-20,SGIL,
2026-02-23,SGIL,
2026-02-24,SGIL,
2026-02-25,SGIL,
2026-02-26,SGIL,
2026-02-27,SGIL,
2026-03-02,SGIL,
2026-03-04,SGIL,
2026-03-05,SGIL,
2026-03-06,SGIL,
2026-03-09,SGIL,
2026-03-10,SGIL,
2026-03-11,SGIL,
2026-03-12,SGIL,
2026-03-13,SGIL,
2026-03-16,SGIL,
2026-03-17,SGIL,
2026-03-18,SGIL,
2026-03-19,SGIL,
2026-03-20,SGIL,
2026-03-23,SGIL,
2026-03-24,SGIL,
2026-03-25,SGIL,
2026-03-27,SGIL,
2026-03-30,SGIL,
2026-04-01,SGIL,
2026-04-02,SGIL,
2026-04-06,SGIL,
2026-04-07,SGIL,
2026-04-08,SGIL,
2026-04-09,SGIL,
2026-04-10,SGIL,
2026-04-13,SGIL,
2026-04-15,SGIL,
2026-04-16,SGIL,
2026-04-17,SGIL,
2026-04-20,SGIL,
2026-04-21,SGIL,
2026-04-22,SGIL,
2026-04-23,SGIL,
2026-04-24,SGIL,
2026-04-27,SGIL,
2026-04-28,SGIL,
2026-04-29,SGIL,
2026-04-30,SGIL,
2026-05-04,SGIL,
2026-05-05,SGIL,
2026-05-06,SGIL,
2026-05-07,SGIL,
2026-05-08,SGIL,
2026-05-11,SGIL,
2026-05-12,SGIL,
2026-05-13,SGIL,
2026-05-14,SGIL,
2026-05-15,SGIL,
2026-05-18,SGIL,
2026-05-19,SGIL,
2026-05-20,SGIL,
2026-05-21,SGIL,
2026-05-22,SGIL,
2026-05-25,SGIL,
2026-05-26,SGIL,
2026-05-27,SGIL,
2026-05-29,SGIL,
2026-06-01,SGIL,
2026-06-02,SGIL,
2026-06-03,SGIL,
2026-06-04,SGIL,
2026-06-05,SGIL,
2026-06-08,SGIL,
2026-06-09,SGIL,
2026-06-10,SGIL,
2026-06-11,SGIL,
2026-06-12,SGIL,
2026-06-15,SGIL,
2026-06-16,SGIL,
2026-06-17,SGIL,
2026-06-18,SGIL,
2026-06-19,SGIL,
2026-06-22,SGIL,
2026-06-23,SGIL,
2026-06-24,SGIL,
2026-06-25,SGIL,
2026-06-29,SGIL,
2026-06-30,SGIL,
2026-07-01,SGIL,
2026-07-02,SGIL,
2026-07-03,SGIL,
2026-07-06,SGIL,
2026-07-07,SGIL,
2026-07-08,SGIL,
2026-07-09,SGIL,
2026-07-10,SGIL,
2026-07-13,SGIL,
2026-07-14,SGIL,
2026-07-15,SGIL,
2026-07-16,SGIL,
2026-07-17,SGIL,
2026-07-20,SGIL,
2026-07-21,SGIL,
2026-07-22,SGIL,
2026-07-23,SGIL,
2026-07-24,SGIL,
2026-07-27,SGIL,
2026-07-28,SGIL,
2026-07-29,SGIL,
2026-07-30,SGIL,
2026-07-31,SGIL,
2026-08-03,SGIL,
2026-08-04,SGIL,
2026-08-05,SGIL,
2026-08-06,SGIL,
2026-08-07,SGIL,
2026-08-10,SGIL,
2026-08-11,SGIL,
2026-08-12,SGIL,
2026-08-13,SGIL,
2026-08-14,SGIL,
2026-08-17,SGIL,
2026-08-18,SGIL,
2026-08-19,SGIL,
2026-08-20,SGIL,
2026-08-21,SGIL,
2026-08-24,SGIL,
2026-08-25,SGIL,
2026-08-26,SGIL,
2026-08-27,SGIL,
2026-08-28,SGIL,585.0
2026-08-31,SGIL,585.0
2026-09-01,SGIL,585.0
2026-09-02,SGIL,585.0
2026-09-03,SGIL,585.0
2026-09-04,SGIL,585.0
2026-09-07,SGIL,593.3867
2026-09-08,SGIL,593.3867
2026-09-09,SGIL,593.3867
2026-09-10,SGIL,593.3867
2026-09-11,SGIL,593.3867
2025-09-01,SIGIND,
2025-09-02,SIGIND,
2025-09-03,SIGIND,
2025-09-04,SIGIND,
2025-09-05,SIGIND,
2025-09-08,SIGIND,
2025-09-09,SIGIND,
2025-09-10,SIGIND,
2025-09-11,SIGIND,
2025-09-12,SIGIND,
2025-09-15,SIGIND,
2025-09-16,SIGIND,
2025-09-17,SIGIND,
2025-09-18,SIGIND,
2025-09-19,SIGIND,
2025-09-22,SIGIND,
2025-09-23,SIGIND,
2025-09-24,SIGIND,
2025-09-25,SIGIND,
2025-09-26,SIGIND,
2025-09-29,SIGIND,
2025-09-30,SIGIND,
2025-10-01,SIGIND,
2025-10-03,SIGIND,
2025-10-06,SIGIND,
2025-10-07,SIGIND,
2025-10-08,SIGIND,
2025-10-09,SIGIND,
2025-10-10,SIGIND,
2025-10-13,SIGIND,
2025-10-14,SIGIND,
2025-10-15,SIGIND,
2025-10-16,SIGIND,
2025-10-17,SIGIND,
2025-10-20,SIGIND,
2025-10-21,SIGIND,
2025-10-23,SIGIND,
2025-10-24,SIGIND,
2025-10-27,SIGIND,
2025-10-28,SIGIND,
2025-10-29,SIGIND,
2025-10-30,SIGIND,
2025-10-31,SIGIND,
2025-11-03,SIGIND,
2025-11-04,SIGIND,
2025-11-06,SIGIND,
2025-11-07,SIGIND,
2025-11-10,SIGIND,
2025-11-11,SIGIND,
2025-11-12,SIGIND,
2025-11-13,SIGIND,
2025-11-14,SIGIND,
2025-11-17,SIGIND,
2025-11-18,SIGIND,
2025-11-19,SIGIND,
2025-11-20,SIGIND,
2025-11-21,SIGIND,
2025-11-24,SIGIND,
2025-11-25,SIGIND,
2025-11-26,SIGIND,
2025-11-27,SIGIND,
2025-11-28,SIGIND,
2025-12-01,SIGIND,
2025-12-02,SIGIND,
2025-12-03,SIGIND,
2025-12-04,SIGIND,
2025-12-05,SIGIND,
2025-12-08,SIGIND,
2025-12-09,SIGIND,
2025-12-10,SIGIND,
2025-12-11,SIGIND,
2025-12-12,SIGIND,
2025-12-15,SIGIND,
2025-12-16,SIGIND,
2025-12-17,SIGIND,
2025-12-18,SIGIND,
2025-12-19,SIGIND,
2025-12-22,SIGIND,
2025-12-23,SIGIND,
2025-12-24,SIGIND,
2025-12-26,SIGIND,
2025-12-29,SIGIND,
2025-12-30,SIGIND,
2025-12-31,SIGIND,
2026-01-01,SIGIND,
2026-01-02,SIGIND,
2026-01-05,SIGIND,
2026-01-06,SIGIND,
2026-01-07,SIGIND,
2026-01-08,SIGIND,
2026-01-09,SIGIND,
2026-01-12,SIGIND,
2026-01-13,SIGIND,
2026-01-14,SIGIND,
2026-01-16,SIGIND,
2026-01-19,SIGIND,
2026-01-20,SIGIND,
2026-01-21,SIGIND,
2026-01-22,SIGIND,
2026-01-23,SIGIND,
2026-01-27,SIGIND,
2026-01-28,SIGIND,
2026-01-29,SIGIND,
2026-01-30,SIGIND,
2026-02-02,SIGIND,
2026-02-03,SIGIND,
2026-02-04,SIGIND,
2026-02-05,SIGIND,
2026-02-06,SIGIND,
2026-02-09,SIGIND,
2026-02-10,SIGIND,
2026-02-11,SIGIND,
2026-02-12,SIGIND,
2026-02-13,SIGIND,
2026-02-16,SIGIND,
2026-02-17,SIGIND,
2026-02-18,SIGIND,
2026-02-19,SIGIND,
2026-02-20,SIGIND,
2026-02-23,SIGIND,
2026-02-24,SIGIND,
2026-02-25,SIGIND,
2026-02-26,SIGIND,
2026-02-27,SIGIND,
2026-03-02,SIGIND,
2026-03-04,SIGIND,
2026-03-05,SIGIND,
2026-03-06,SIGIND,
2026-03-09,SIGIND,
2026-03-10,SIGIND,
2026-03-11,SIGIND,
2026-03-12,SIGIND,
2026-03-13,SIGIND,
2026-03-16,SIGIND,
2026-03-17,SIGIND,
2026-03-18,SIGIND,
2026-03-19,SIGIND,
2026-03-20,SIGIND,
2026-03-23,SIGIND,
2026-03-24,SIGIND,
2026-03-25,SIGIND,
2026-03-27,SIGIND,
2026-03-30,SIGIND,
2026-04-01,SIGIND,
2026-04-02,SIGIND,
2026-04-06,SIGIND,
2026-04-07,SIGIND,
2026-04-08,SIGIND,
2026-04-09,SIGIND,
2026-04-10,SIGIND,
2026-04-13,SIGIND,
2026-04-15,SIGIND,
2026-04-16,SIGIND,
2026-04-17,SIGIND,
2026-04-20,SIGIND,
2026-04-21,SIGIND,
2026-04-22,SIGIND,
2026-04-23,SIGIND,
2026-04-24,SIGIND,
2026-04-27,SIGIND,
2026-04-28,SIGIND,
2026-04-29,SIGIND,
2026-04-30,SIGIND,
2026-05-04,SIGIND,
2026-05-05,SIGIND,
2026-05-06,SIGIND,
2026-05-07,SIGIND,
2026-05-08,SIGIND,
2026-05-11,SIGIND,
2026-05-12,SIGIND,
2026-05-13,SIGIND,
2026-05-14,SIGIND,
2026-05-15,SIGIND,
2026-05-18,SIGIND,
2026-05-19,SIGIND,
2026-05-20,SIGIND,
2026-05-21,SIGIND,
2026-05-22,SIGIND,
2026-05-25,SIGIND,
2026-05-26,SIGIND,
2026-05-27,SIGIND,
2026-05-29,SIGIND,
2026-06-01,SIGIND,
2026-06-02,SIGIND,
2026-06-03,SIGIND,
2026-06-04,SIGIND,
2026-06-05,SIGIND,
2026-06-08,SIGIND,
2026-06-09,SIGIND,
2026-06-10,SIGIND,
2026-06-11,SIGIND,
2026-06-12,SIGIND,
2026-06-15,SIGIND,
2026-06-16,SIGIND,
2026-06-17,SIGIND,
2026-06-18,SIGIND,
2026-06-19,SIGIND,
2026-06-22,SIGIND,
2026-06-23,SIGIND,
2026-06-24,SIGIND,
2026-06-25,SIGIND,
2026-06-29,SIGIND,
2026-06-30,SIGIND,
2026-07-01,SIGIND,
2026-07-02,SIGIND,
2026-07-03,SIGIND,
2026-07-06,SIGIND,
2026-07-07,SIGIND,
2026-07-08,SIGIND,
2026-07-09,SIGIND,
2026-07-10,SIGIND,
2026-07-13,SIGIND,
2026-07-14,SIGIND,
2026-07-15,SIGIND,
2026-07-16,SIGIND,
2026-07-17,SIGIND,
2026-07-20,SIGIND,
2026-07-21,SIGIND,
2026-07-22,SIGIND,
2026-07-23,SIGIND,
2026-07-24,SIGIND,
2026-07-27,SIGIND,
2026-07-28,SIGIND,
2026-07-29,SIGIND,
2026-07-30,SIGIND,
2026-07-31,SIGIND,
2026-08-03,SIGIND,
2026-08-04,SIGIND,
2026-08-05,SIGIND,
2026-08-06,SIGIND,
2026-08-07,SIGIND,
2026-08-10,SIGIND,
2026-08-11,SIGIND,
2026-08-12,SIGIND,
2026-08-13,SIGIND,
2026-08-14,SIGIND,
2026-08-17,SIGIND,68.8034
2026-08-18,SIGIND,68.124
2026-08-19,SIGIND,68.8548
2026-08-20,SIGIND,70.217
2026-08-21,SIGIND,70.2704
2026-08-24,SIGIND,70.2704
2026-08-25,SIGIND,70.0836
2026-08-26,SIGIND,70.0836
2026-08-27,SIGIND,70.18
2026-08-28,SIGIND,70.3494
2026-08-31,SIGIND,70.3494
2026-09-01,SIGIND,70.3494
2026-09-02,SIGIND,70.3494
2026-09-03,SIGIND,70.3494
2026-09-04,SIGIND,70.3802
2026-09-07,SIGIND,70.4875
2026-09-08,SIGIND,70.4035
2026-09-09,SIGIND,70.3878
2026-09-10,SIGIND,70.2814
2026-09-11,SIGIND,74.5604
2025-09-01,SILVERTUC,
2025-09-02,SILVERTUC,
2025-09-03,SILVERTUC,
2025-09-04,SILVERTUC,
2025-09-05,SILVERTUC,
2025-09-08,SILVERTUC,
2025-09-09,SILVERTUC,
2025-09-10,SILVERTUC,
2025-09-11,SILVERTUC,
2025-09-12,SILVERTUC,
2025-09-15,SILVERTUC,
2025-09-16,SILVERTUC,
2025-09-17,SILVERTUC,
2025-09-18,SILVERTUC,
2025-09-19,SILVERTUC,
2025-09-22,SILVERTUC,
2025-09-23,SILVERTUC,
2025-09-24,SILVERTUC,
2025-09-25,SILVERTUC,
2025-09-26,SILVERTUC,
2025-09-29,SILVERTUC,
2025-09-30,SILVERTUC,
2025-10-01,SILVERTUC,
2025-10-03,SILVERTUC,
2025-10-06,SILVERTUC,
2025-10-07,SILVERTUC,
2025-10-08,SILVERTUC,
2025-10-09,SILVERTUC,
2025-10-10,SILVERTUC,
2025-10-13,SILVERTUC,
2025-10-14,SILVERTUC,
2025-10-15,SILVERTUC,
2025-10-16,SILVERTUC,
2025-10-17,SILVERTUC,
2025-10-20,SILVERTUC,
2025-10-21,SILVERTUC,
2025-10-23,SILVERTUC,
2025-10-24,SILVERTUC,
2025-10-27,SILVERTUC,
2025-10-28,SILVERTUC,
2025-10-29,SILVERTUC,
2025-10-30,SILVERTUC,
2025-10-31,SILVERTUC,
2025-11-03,SILVERTUC,
2025-11-04,SILVERTUC,
2025-11-06,SILVERTUC,
2025-11-07,SILVERTUC,
2025-11-10,SILVERTUC,
2025-11-11,SILVERTUC,
2025-11-12,SILVERTUC,
2025-11-13,SILVERTUC,
2025-11-14,SILVERTUC,
2025-11-17,SILVERTUC,
2025-11-18,SILVERTUC,
2025-11-19,SILVERTUC,
2025-11-20,SILVERTUC,
2025-11-21,SILVERTUC,
2025-11-24,SILVERTUC,
2025-11-25,SILVERTUC,
2025-11-26,SILVERTUC,
2025-11-27,SILVERTUC,
2025-11-28,SILVERTUC,
2025-12-01,SILVERTUC,
2025-12-02,SILVERTUC,
2025-12-03,SILVERTUC,
2025-12-04,SILVERTUC,
2025-12-05,SILVERTUC,
2025-12-08,SILVERTUC,
2025-12-09,SILVERTUC,
2025-12-10,SILVERTUC,
2025-12-11,SILVERTUC,
2025-12-12,SILVERTUC,
2025-12-15,SILVERTUC,
2025-12-16,SILVERTUC,
2025-12-17,SILVERTUC,
2025-12-18,SILVERTUC,
2025-12-19,SILVERTUC,
2025-12-22,SILVERTUC,
2025-12-23,SILVERTUC,
2025-12-24,SILVERTUC,
2025-12-26,SILVERTUC,
2025-12-29,SILVERTUC,
2025-12-30,SILVERTUC,
2025-12-31,SILVERTUC,
2026-01-01,SILVERTUC,
2026-01-02,SILVERTUC,
2026-01-05,SILVERTUC,
2026-01-06,SILVERTUC,
2026-01-07,SILVERTUC,
2026-01-08,SILVERTUC,
2026-01-09,SILVERTUC,
2026-01-12,SILVERTUC,
2026-01-13,SILVERTUC,
2026-01-14,SILVERTUC,
2026-01-16,SILVERTUC,
2026-01-19,SILVERTUC,
2026-01-20,SILVERTUC,
2026-01-21,SILVERTUC,
2026-01-22,SILVERTUC,
2026-01-23,SILVERTUC,
2026-01-27,SILVERTUC,
2026-01-28,SILVERTUC,
2026-01-29,SILVERTUC,
2026-01-30,SILVERTUC,
2026-02-02,SILVERTUC,
2026-02-03,SILVERTUC,
2026-02-04,SILVERTUC,
2026-02-05,SILVERTUC,
2026-02-06,SILVERTUC,
2026-02-09,SILVERTUC,
2026-02-10,SILVERTUC,
2026-02-11,SILVERTUC,
2026-02-12,SILVERTUC,
2026-02-13,SILVERTUC,
2026-02-16,SILVERTUC,
2026-02-17,SILVERTUC,
2026-02-18,SILVERTUC,
2026-02-19,SILVERTUC,
2026-02-20,SILVERTUC,
2026-02-23,SILVERTUC,
2026-02-24,SILVERTUC,
2026-02-25,SILVERTUC,
2026-02-26,SILVERTUC,
2026-02-27,SILVERTUC,
2026-03-02,SILVERTUC,
2026-03-04,SILVERTUC,
2026-03-05,SILVERTUC,
2026-03-06,SILVERTUC,
2026-03-09,SILVERTUC,
2026-03-10,SILVERTUC,
2026-03-11,SILVERTUC,
2026-03-12,SILVERTUC,
2026-03-13,SILVERTUC,
2026-03-16,SILVERTUC,
2026-03-17,SILVERTUC,
2026-03-18,SILVERTUC,
2026-03-19,SILVERTUC,
2026-03-20,SILVERTUC,
2026-03-23,SILVERTUC,
2026-03-24,SILVERTUC,
2026-03-25,SILVERTUC,
2026-03-27,SILVERTUC,
2026-03-30,SILVERTUC,
2026-04-01,SILVERTUC,
2026-04-02,SILVERTUC,
2026-04-06,SILVERTUC,
2026-04-07,SILVERTUC,
2026-04-08,SILVERTUC,
2026-04-09,SILVERTUC,
2026-04-10,SILVERTUC,
2026-04-13,SILVERTUC,
2026-04-15,SILVERTUC,
2026-04-16,SILVERTUC,
2026-04-17,SILVERTUC,
2026-04-20,SILVERTUC,
2026-04-21,SILVERTUC,
2026-04-22,SILVERTUC,
2026-04-23,SILVERTUC,
2026-04-24,SILVERTUC,
2026-04-27,SILVERTUC,
2026-04-28,SILVERTUC,
2026-04-29,SILVERTUC,
2026-04-30,SILVERTUC,
2026-05-04,SILVERTUC,
2026-05-05,SILVERTUC,
2026-05-06,SILVERTUC,
2026-05-07,SILVERTUC,
2026-05-08,SILVERTUC,
2026-05-11,SILVERTUC,
2026-05-12,SILVERTUC,
2026-05-13,SILVERTUC,
2026-05-14,SILVERTUC,
2026-05-15,SILVERTUC,
2026-05-18,SILVERTUC,
2026-05-19,SILVERTUC,
2026-05-20,SILVERTUC,
2026-05-21,SILVERTUC,
2026-05-22,SILVERTUC,
2026-05-25,SILVERTUC,
2026-05-26,SILVERTUC,
2026-05-27,SILVERTUC,
2026-05-29,SILVERTUC,
2026-06-01,SILVERTUC,
2026-06-02,SILVERTUC,
2026-06-03,SILVERTUC,
2026-06-04,SILVERTUC,
2026-06-05,SILVERTUC,
2026-06-08,SILVERTUC,
2026-06-09,SILVERTUC,
2026-06-10,SILVERTUC,
2026-06-11,SILVERTUC,
2026-06-12,SILVERTUC,
2026-06-15,SILVERTUC,
2026-06-16,SILVERTUC,
2026-06-17,SILVERTUC,
2026-06-18,SILVERTUC,
2026-06-19,SILVERTUC,
2026-06-22,SILVERTUC,
2026-06-23,SILVERTUC,
2026-06-24,SILVERTUC,
2026-06-25,SILVERTUC,
2026-06-29,SILVERTUC,
2026-06-30,SILVERTUC,
2026-07-01,SILVERTUC,
2026-07-02,SILVERTUC,
2026-07-03,SILVERTUC,
2026-07-06,SILVERTUC,
2026-07-07,SILVERTUC,
2026-07-08,SILVERTUC,
2026-07-09,SILVERTUC,
2026-07-10,SILVERTUC,
2026-07-13,SILVERTUC,
2026-07-14,SILVERTUC,
2026-07-15,SILVERTUC,
2026-07-16,SILVERTUC,
2026-07-17,SILVERTUC,
2026-07-20,SILVERTUC,
2026-07-21,SILVERTUC,
2026-07-22,SILVERTUC,
2026-07-23,SILVERTUC,
2026-07-24,SILVERTUC,
2026-07-27,SILVERTUC,
2026-07-28,SILVERTUC,
2026-07-29,SILVERTUC,
2026-07-30,SILVERTUC,
2026-07-31,SILVERTUC,
2026-08-03,SILVERTUC,
2026-08-04,SILVERTUC,
2026-08-05,SILVERTUC,
2026-08-06,SILVERTUC,
2026-08-07,SILVERTUC,
2026-08-10,SILVERTUC,
2026-08-11,SILVERTUC,
2026-08-12,SILVERTUC,
2026-08-13,SILVERTUC,
2026-08-14,SILVERTUC,
2026-08-17,SILVERTUC,
2026-08-18,SILVERTUC,
2026-08-19,SILVERTUC,
2026-08-20,SILVERTUC,
2026-08-21,SILVERTUC,
2026-08-24,SILVERTUC,
2026-08-25,SILVERTUC,180.9768
2026-08-26,SILVERTUC,180.9768
2026-08-27,SILVERTUC,180.9768
2026-08-28,SILVERTUC,180.9768
2026-08-31,SILVERTUC,175.7448
2026-09-01,SILVERTUC,175.7448
2026-09-02,SILVERTUC,175.7448
2026-09-03,SILVERTUC,170.9314
2026-09-04,SILVERTUC,170.9314
2026-09-07,SILVERTUC,170.9314
2026-09-08,SILVERTUC,170.9314
2026-09-09,SILVERTUC,170.7901
2026-09-10,SILVERTUC,170.7901
2026-09-11,SILVERTUC,170.7901
2025-09-01,SINCLAIR,
2025-09-02,SINCLAIR,
2025-09-03,SINCLAIR,
2025-09-04,SINCLAIR,
2025-09-05,SINCLAIR,
2025-09-08,SINCLAIR,
2025-09-09,SINCLAIR,
2025-09-10,SINCLAIR,
2025-09-11,SINCLAIR,
2025-09-12,SINCLAIR,
2025-09-15,SINCLAIR,
2025-09-16,SINCLAIR,
2025-09-17,SINCLAIR,
2025-09-18,SINCLAIR,
2025-09-19,SINCLAIR,
2025-09-22,SINCLAIR,
2025-09-23,SINCLAIR,
2025-09-24,SINCLAIR,
2025-09-25,SINCLAIR,
2025-09-26,SINCLAIR,
2025-09-29,SINCLAIR,
2025-09-30,SINCLAIR,
2025-10-01,SINCLAIR,
2025-10-03,SINCLAIR,
2025-10-06,SINCLAIR,
2025-10-07,SINCLAIR,
2025-10-08,SINCLAIR,
2025-10-09,SINCLAIR,
2025-10-10,SINCLAIR,
2025-10-13,SINCLAIR,
2025-10-14,SINCLAIR,
2025-10-15,SINCLAIR,
2025-10-16,SINCLAIR,
2025-10-17,SINCLAIR,
2025-10-20,SINCLAIR,
2025-10-21,SINCLAIR,
2025-10-23,SINCLAIR,
2025-10-24,SINCLAIR,
2025-10-27,SINCLAIR,
2025-10-28,SINCLAIR,
2025-10-29,SINCLAIR,
2025-10-30,SINCLAIR,
2025-10-31,SINCLAIR,
2025-11-03,SINCLAIR,
2025-11-04,SINCLAIR,
2025-11-06,SINCLAIR,
2025-11-07,SINCLAIR,
2025-11-10,SINCLAIR,
2025-11-11,SINCLAIR,
2025-11-12,SINCLAIR,
2025-11-13,SINCLAIR,
2025-11-14,SINCLAIR,
2025-11-17,SINCLAIR,
2025-11-18,SINCLAIR,
2025-11-19,SINCLAIR,
2025-11-20,SINCLAIR,
2025-11-21,SINCLAIR,
2025-11-24,SINCLAIR,
2025-11-25,SINCLAIR,
2025-11-26,SINCLAIR,
2025-11-27,SINCLAIR,
2025-11-28,SINCLAIR,
2025-12-01,SINCLAIR,
2025-12-02,SINCLAIR,
2025-12-03,SINCLAIR,
2025-12-04,SINCLAIR,
2025-12-05,SINCLAIR,
2025-12-08,SINCLAIR,
2025-12-09,SINCLAIR,
2025-12-10,SINCLAIR,
2025-12-11,SINCLAIR,
2025-12-12,SINCLAIR,
2025-12-15,SINCLAIR,
2025-12-16,SINCLAIR,
2025-12-17,SINCLAIR,
2025-12-18,SINCLAIR,
2025-12-19,SINCLAIR,
2025-12-22,SINCLAIR,
2025-12-23,SINCLAIR,
2025-12-24,SINCLAIR,
2025-12-26,SINCLAIR,
2025-12-29,SINCLAIR,
2025-12-30,SINCLAIR,
2025-12-31,SINCLAIR,
2026-01-01,SINCLAIR,
2026-01-02,SINCLAIR,
2026-01-05,SINCLAIR,
2026-01-06,SINCLAIR,
2026-01-07,SINCLAIR,
2026-01-08,SINCLAIR,
2026-01-09,SINCLAIR,
2026-01-12,SINCLAIR,
2026-01-13,SINCLAIR,
2026-01-14,SINCLAIR,
2026-01-16,SINCLAIR,
2026-01-19,SINCLAIR,
2026-01-20,SINCLAIR,
2026-01-21,SINCLAIR,
2026-01-22,SINCLAIR,
2026-01-23,SINCLAIR,
2026-01-27,SINCLAIR,
2026-01-28,SINCLAIR,
2026-01-29,SINCLAIR,
2026-01-30,SINCLAIR,
2026-02-02,SINCLAIR,
2026-02-03,SINCLAIR,
2026-02-04,SINCLAIR,
2026-02-05,SINCLAIR,
2026-02-06,SINCLAIR,
2026-02-09,SINCLAIR,
2026-02-10,SINCLAIR,
2026-02-11,SINCLAIR,
2026-02-12,SINCLAIR,
2026-02-13,SINCLAIR,
2026-02-16,SINCLAIR,
2026-02-17,SINCLAIR,
2026-02-18,SINCLAIR,
2026-02-19,SINCLAIR,
2026-02-20,SINCLAIR,
2026-02-23,SINCLAIR,
2026-02-24,SINCLAIR,
2026-02-25,SINCLAIR,
2026-02-26,SINCLAIR,
2026-02-27,SINCLAIR,
2026-03-02,SINCLAIR,
2026-03-04,SINCLAIR,
2026-03-05,SINCLAIR,
2026-03-06,SINCLAIR,
2026-03-09,SINCLAIR,
2026-03-10,SINCLAIR,
2026-03-11,SINCLAIR,
2026-03-12,SINCLAIR,
2026-03-13,SINCLAIR,
2026-03-16,SINCLAIR,
2026-03-17,SINCLAIR,
2026-03-18,SINCLAIR,
2026-03-19,SINCLAIR,
2026-03-20,SINCLAIR,
2026-03-23,SINCLAIR,
2026-03-24,SINCLAIR,
2026-03-25,SINCLAIR,
2026-03-27,SINCLAIR,
2026-03-30,SINCLAIR,
2026-04-01,SINCLAIR,
2026-04-02,SINCLAIR,
2026-04-06,SINCLAIR,
2026-04-07,SINCLAIR,
2026-04-08,SINCLAIR,
2026-04-09,SINCLAIR,
2026-04-10,SINCLAIR,
2026-04-13,SINCLAIR,
2026-04-15,SINCLAIR,
2026-04-16,SINCLAIR,
2026-04-17,SINCLAIR,
2026-04-20,SINCLAIR,
2026-04-21,SINCLAIR,
2026-04-22,SINCLAIR,
2026-04-23,SINCLAIR,
2026-04-24,SINCLAIR,
2026-04-27,SINCLAIR,
2026-04-28,SINCLAIR,
2026-04-29,SINCLAIR,
2026-04-30,SINCLAIR,
2026-05-04,SINCLAIR,
2026-05-05,SINCLAIR,
2026-05-06,SINCLAIR,
2026-05-07,SINCLAIR,
2026-05-08,SINCLAIR,
2026-05-11,SINCLAIR,
2026-05-12,SINCLAIR,
2026-05-13,SINCLAIR,
2026-05-14,SINCLAIR,
2026-05-15,SINCLAIR,
2026-05-18,SINCLAIR,
2026-05-19,SINCLAIR,
2026-05-20,SINCLAIR,
2026-05-21,SINCLAIR,
2026-05-22,SINCLAIR,
2026-05-25,SINCLAIR,
2026-05-26,SINCLAIR,
2026-05-27,SINCLAIR,
2026-05-29,SINCLAIR,
2026-06-01,SINCLAIR,
2026-06-02,SINCLAIR,
2026-06-03,SINCLAIR,74.5661
2026-06-04,SINCLAIR,74.5661
2026-06-05,SINCLAIR,74.475
2026-06-08,SINCLAIR,74.475
2026-06-09,SINCLAIR,74.6595
2026-06-10,SINCLAIR,74.6595
2026-06-11,SINCLAIR,74.8539
2026-06-12,SINCLAIR,74.8539
2026-06-15,SINCLAIR,74.8539
2026-06-16,SINCLAIR,74.8539
2026-06-17,SINCLAIR,74.8539
2026-06-18,SINCLAIR,74.8539
2026-06-19,SINCLAIR,74.8539
2026-06-22,SINCLAIR,74.8539
2026-06-23,SINCLAIR,74.8539
2026-06-24,SINCLAIR,74.8539
2026-06-25,SINCLAIR,74.8539
2026-06-29,SINCLAIR,74.8539
2026-06-30,SINCLAIR,74.8539
2026-07-01,SINCLAIR,74.8539
2026-07-02,SINCLAIR,74.8539
2026-07-03,SINCLAIR,74.8539
2026-07-06,SINCLAIR,74.8539
2026-07-07,SINCLAIR,74.8539
2026-07-08,SINCLAIR,74.8539
2026-07-09,SINCLAIR,74.8539
2026-07-10,SINCLAIR,74.8539
2026-07-13,SINCLAIR,74.8539
2026-07-14,SINCLAIR,74.8539
2026-07-15,SINCLAIR,74.8539
2026-07-16,SINCLAIR,74.8539
2026-07-17,SINCLAIR,74.8539
2026-07-20,SINCLAIR,74.8539
2026-07-21,SINCLAIR,74.8539
2026-07-22,SINCLAIR,74.8539
2026-07-23,SINCLAIR,74.8539
2026-07-24,SINCLAIR,74.8539
2026-07-27,SINCLAIR,74.8539
2026-07-28,SINCLAIR,74.8539
2026-07-29,SINCLAIR,74.8539
2026-07-30,SINCLAIR,74.8539
2026-07-31,SINCLAIR,74.8539
2026-08-03,SINCLAIR,74.8539
2026-08-04,SINCLAIR,74.8539
2026-08-05,SINCLAIR,74.8539
2026-08-06,SINCLAIR,74.8539
2026-08-07,SINCLAIR,74.8539
2026-08-10,SINCLAIR,74.8539
2026-08-11,SINCLAIR,74.8539
2026-08-12,SINCLAIR,74.8539
2026-08-13,SINCLAIR,74.8539
2026-08-14,SINCLAIR,74.8539
2026-08-17,SINCLAIR,74.8539
2026-08-18,SINCLAIR,74.8539
2026-08-19,SINCLAIR,74.8539
2026-08-20,SINCLAIR,74.8539
2026-08-21,SINCLAIR,74.8539
2026-08-24,SINCLAIR,74.8539
2026-08-25,SINCLAIR,74.8539
2026-08-26,SINCLAIR,74.8539
2026-08-27,SINCLAIR,74.8539
2026-08-28,SINCLAIR,76.7161
2026-08-31,SINCLAIR,76.7161
2026-09-01,SINCLAIR,76.976
2026-09-02,SINCLAIR,76.976
2026-09-03,SINCLAIR,77.2878
2026-09-04,SINCLAIR,77.3855
2026-09-07,SINCLAIR,77.3855
2026-09-08,SINCLAIR,77.7423
2026-09-09,SINCLAIR,77.8244
2026-09-10,SINCLAIR,77.8244
2026-09-11,SINCLAIR,77.8244
2025-09-01,SIYSIL,
2025-09-02,SIYSIL,
2025-09-03,SIYSIL,
2025-09-04,SIYSIL,
2025-09-05,SIYSIL,
2025-09-08,SIYSIL,
2025-09-09,SIYSIL,
2025-09-10,SIYSIL,
2025-09-11,SIYSIL,
2025-09-12,SIYSIL,
2025-09-15,SIYSIL,
2025-09-16,SIYSIL,
2025-09-17,SIYSIL,
2025-09-18,SIYSIL,
2025-09-19,SIYSIL,
2025-09-22,SIYSIL,
2025-09-23,SIYSIL,
2025-09-24,SIYSIL,
2025-09-25,SIYSIL,
2025-09-26,SIYSIL,
2025-09-29,SIYSIL,
2025-09-30,SIYSIL,
2025-10-01,SIYSIL,
2025-10-03,SIYSIL,
2025-10-06,SIYSIL,
2025-10-07,SIYSIL,
2025-10-08,SIYSIL,
2025-10-09,SIYSIL,
2025-10-10,SIYSIL,
2025-10-13,SIYSIL,
2025-10-14,SIYSIL,
2025-10-15,SIYSIL,
2025-10-16,SIYSIL,
2025-10-17,SIYSIL,
2025-10-20,SIYSIL,
2025-10-21,SIYSIL,
2025-10-23,SIYSIL,
2025-10-24,SIYSIL,
2025-10-27,SIYSIL,
2025-10-28,SIYSIL,
2025-10-29,SIYSIL,
2025-10-30,SIYSIL,
2025-10-31,SIYSIL,
2025-11-03,SIYSIL,
2025-11-04,SIYSIL,
2025-11-06,SIYSIL,
2025-11-07,SIYSIL,
2025-11-10,SIYSIL,
2025-11-11,SIYSIL,
2025-11-12,SIYSIL,
2025-11-13,SIYSIL,
2025-11-14,SIYSIL,
2025-11-17,SIYSIL,
2025-11-18,SIYSIL,
2025-11-19,SIYSIL,
2025-11-20,SIYSIL,
2025-11-21,SIYSIL,
2025-11-24,SIYSIL,
2025-11-25,SIYSIL,
2025-11-26,SIYSIL,
2025-11-27,SIYSIL,
2025-11-28,SIYSIL,
2025-12-01,SIYSIL,
2025-12-02,SIYSIL,
2025-12-03,SIYSIL,
2025-12-04,SIYSIL,
2025-12-05,SIYSIL,
2025-12-08,SIYSIL,
2025-12-09,SIYSIL,
2025-12-10,SIYSIL,
2025-12-11,SIYSIL,
2025-12-12,SIYSIL,
2025-12-15,SIYSIL,
2025-12-16,SIYSIL,
2025-12-17,SIYSIL,
2025-12-18,SIYSIL,
2025-12-19,SIYSIL,
2025-12-22,SIYSIL,
2025-12-23,SIYSIL,
2025-12-24,SIYSIL,
2025-12-26,SIYSIL,
2025-12-29,SIYSIL,
2025-12-30,SIYSIL,
2025-12-31,SIYSIL,
2026-01-01,SIYSIL,
2026-01-02,SIYSIL,
2026-01-05,SIYSIL,
2026-01-06,SIYSIL,
2026-01-07,SIYSIL,
2026-01-08,SIYSIL,
2026-01-09,SIYSIL,
2026-01-12,SIYSIL,
2026-01-13,SIYSIL,
2026-01-14,SIYSIL,
2026-01-16,SIYSIL,
2026-01-19,SIYSIL,
2026-01-20,SIYSIL,
2026-01-21,SIYSIL,
2026-01-22,SIYSIL,
2026-01-23,SIYSIL,
2026-01-27,SIYSIL,
2026-01-28,SIYSIL,
2026-01-29,SIYSIL,
2026-01-30,SIYSIL,
2026-02-02,SIYSIL,
2026-02-03,SIYSIL,
2026-02-04,SIYSIL,
2026-02-05,SIYSIL,
2026-02-06,SIYSIL,
2026-02-09,SIYSIL,
2026-02-10,SIYSIL,
2026-02-11,SIYSIL,
2026-02-12,SIYSIL,
2026-02-13,SIYSIL,
2026-02-16,SIYSIL,
2026-02-17,SIYSIL,
2026-02-18,SIYSIL,
2026-02-19,SIYSIL,
2026-02-20,SIYSIL,
2026-02-23,SIYSIL,
2026-02-24,SIYSIL,
2026-02-25,SIYSIL,
2026-02-26,SIYSIL,
2026-02-27,SIYSIL,
2026-03-02,SIYSIL,
2026-03-04,SIYSIL,
2026-03-05,SIYSIL,
2026-03-06,SIYSIL,
2026-03-09,SIYSIL,
2026-03-10,SIYSIL,
2026-03-11,SIYSIL,
2026-03-12,SIYSIL,
2026-03-13,SIYSIL,
2026-03-16,SIYSIL,
2026-03-17,SIYSIL,
2026-03-18,SIYSIL,
2026-03-19,SIYSIL,
2026-03-20,SIYSIL,
2026-03-23,SIYSIL,
2026-03-24,SIYSIL,
2026-03-25,SIYSIL,
2026-03-27,SIYSIL,
2026-03-30,SIYSIL,
2026-04-01,SIYSIL,
2026-04-02,SIYSIL,
2026-04-06,SIYSIL,
2026-04-07,SIYSIL,
2026-04-08,SIYSIL,
2026-04-09,SIYSIL,
2026-04-10,SIYSIL,
2026-04-13,SIYSIL,
2026-04-15,SIYSIL,
2026-04-16,SIYSIL,
2026-04-17,SIYSIL,
2026-04-20,SIYSIL,
2026-04-21,SIYSIL,
2026-04-22,SIYSIL,
2026-04-23,SIYSIL,
2026-04-24,SIYSIL,
2026-04-27,SIYSIL,
2026-04-28,SIYSIL,
2026-04-29,SIYSIL,
2026-04-30,SIYSIL,
2026-05-04,SIYSIL,
2026-05-05,SIYSIL,
2026-05-06,SIYSIL,
2026-05-07,SIYSIL,
2026-05-08,SIYSIL,
2026-05-11,SIYSIL,
2026-05-12,SIYSIL,
2026-05-13,SIYSIL,
2026-05-14,SIYSIL,
2026-05-15,SIYSIL,
2026-05-18,SIYSIL,
2026-05-19,SIYSIL,
2026-05-20,SIYSIL,
2026-05-21,SIYSIL,
2026-05-22,SIYSIL,
2026-05-25,SIYSIL,
2026-05-26,SIYSIL,
2026-05-27,SIYSIL,
2026-05-29,SIYSIL,
2026-06-01,SIYSIL,
2026-06-02,SIYSIL,
2026-06-03,SIYSIL,
2026-06-04,SIYSIL,
2026-06-05,SIYSIL,616.4667
2026-06-08,SIYSIL,616.4667
2026-06-09,SIYSIL,616.4667
2026-06-10,SIYSIL,616.4667
2026-06-11,SIYSIL,616.4667
2026-06-12,SIYSIL,616.4667
2026-06-15,SIYSIL,616.4667
2026-06-16,SIYSIL,616.4667
2026-06-17,SIYSIL,616.4667
2026-06-18,SIYSIL,616.4667
2026-06-19,SIYSIL,616.4667
2026-06-22,SIYSIL,616.4667
2026-06-23,SIYSIL,616.4667
2026-06-24,SIYSIL,616.4667
2026-06-25,SIYSIL,616.4667
2026-06-29,SIYSIL,616.4667
2026-06-30,SIYSIL,616.4667
2026-07-01,SIYSIL,616.4667
2026-07-02,SIYSIL,616.4667
2026-07-03,SIYSIL,616.4667
2026-07-06,SIYSIL,616.4667
2026-07-07,SIYSIL,616.4667
2026-07-08,SIYSIL,616.4667
2026-07-09,SIYSIL,616.4667
2026-07-10,SIYSIL,616.4667
2026-07-13,SIYSIL,616.4667
2026-07-14,SIYSIL,616.4667
2026-07-15,SIYSIL,616.4667
2026-07-16,SIYSIL,616.4667
2026-07-17,SIYSIL,616.4667
2026-07-20,SIYSIL,616.4667
2026-07-21,SIYSIL,616.4667
2026-07-22,SIYSIL,616.4667
2026-07-23,SIYSIL,616.4667
2026-07-24,SIYSIL,616.4667
2026-07-27,SIYSIL,616.4667
2026-07-28,SIYSIL,616.4667
2026-07-29,SIYSIL,616.4667
2026-07-30,SIYSIL,616.4667
2026-07-31,SIYSIL,616.4667
2026-08-03,SIYSIL,616.4667
2026-08-04,SIYSIL,616.4667
2026-08-05,SIYSIL,616.4667
2026-08-06,SIYSIL,616.4667
2026-08-07,SIYSIL,616.4667
2026-08-10,SIYSIL,616.4667
2026-08-11,SIYSIL,616.4667
2026-08-12,SIYSIL,616.4667
2026-08-13,SIYSIL,616.4667
2026-08-14,SIYSIL,616.4667
2026-08-17,SIYSIL,616.4667
2026-08-18,SIYSIL,616.4667
2026-08-19,SIYSIL,616.4667
2026-08-20,SIYSIL,616.4667
2026-08-21,SIYSIL,616.4667
2026-08-24,SIYSIL,616.4667
2026-08-25,SIYSIL,616.4667
2026-08-26,SIYSIL,616.4667
2026-08-27,SIYSIL,616.4667
2026-08-28,SIYSIL,616.4667
2026-08-31,SIYSIL,616.4667
2026-09-01,SIYSIL,616.4667
2026-09-02,SIYSIL,616.4667
2026-09-03,SIYSIL,616.4667
2026-09-04,SIYSIL,616.4667
2026-09-07,SIYSIL,616.4667
2026-09-08,SIYSIL,616.4667
2026-09-09,SIYSIL,616.4667
2026-09-10,SIYSIL,616.4667
2026-09-11,SIYSIL,616.4667
2025-09-01,SRHHYPOLTD,
2025-09-02,SRHHYPOLTD,
2025-09-03,SRHHYPOLTD,
2025-09-04,SRHHYPOLTD,
2025-09-05,SRHHYPOLTD,
2025-09-08,SRHHYPOLTD,
2025-09-09,SRHHYPOLTD,
2025-09-10,SRHHYPOLTD,
2025-09-11,SRHHYPOLTD,
2025-09-12,SRHHYPOLTD,
2025-09-15,SRHHYPOLTD,
2025-09-16,SRHHYPOLTD,
2025-09-17,SRHHYPOLTD,
2025-09-18,SRHHYPOLTD,
2025-09-19,SRHHYPOLTD,
2025-09-22,SRHHYPOLTD,
2025-09-23,SRHHYPOLTD,
2025-09-24,SRHHYPOLTD,
2025-09-25,SRHHYPOLTD,
2025-09-26,SRHHYPOLTD,
2025-09-29,SRHHYPOLTD,
2025-09-30,SRHHYPOLTD,
2025-10-01,SRHHYPOLTD,
2025-10-03,SRHHYPOLTD,
2025-10-06,SRHHYPOLTD,
2025-10-07,SRHHYPOLTD,
2025-10-08,SRHHYPOLTD,
2025-10-09,SRHHYPOLTD,
2025-10-10,SRHHYPOLTD,
2025-10-13,SRHHYPOLTD,
2025-10-14,SRHHYPOLTD,
2025-10-15,SRHHYPOLTD,
2025-10-16,SRHHYPOLTD,
2025-10-17,SRHHYPOLTD,
2025-10-20,SRHHYPOLTD,
2025-10-21,SRHHYPOLTD,
2025-10-23,SRHHYPOLTD,
2025-10-24,SRHHYPOLTD,
2025-10-27,SRHHYPOLTD,
2025-10-28,SRHHYPOLTD,
2025-10-29,SRHHYPOLTD,
2025-10-30,SRHHYPOLTD,
2025-10-31,SRHHYPOLTD,
2025-11-03,SRHHYPOLTD,
2025-11-04,SRHHYPOLTD,
2025-11-06,SRHHYPOLTD,
2025-11-07,SRHHYPOLTD,
2025-11-10,SRHHYPOLTD,
2025-11-11,SRHHYPOLTD,
2025-11-12,SRHHYPOLTD,
2025-11-13,SRHHYPOLTD,
2025-11-14,SRHHYPOLTD,
2025-11-17,SRHHYPOLTD,
2025-11-18,SRHHYPOLTD,
2025-11-19,SRHHYPOLTD,
2025-11-20,SRHHYPOLTD,
2025-11-21,SRHHYPOLTD,
2025-11-24,SRHHYPOLTD,
2025-11-25,SRHHYPOLTD,
2025-11-26,SRHHYPOLTD,
2025-11-27,SRHHYPOLTD,
2025-11-28,SRHHYPOLTD,
2025-12-01,SRHHYPOLTD,
2025-12-02,SRHHYPOLTD,
2025-12-03,SRHHYPOLTD,
2025-12-04,SRHHYPOLTD,
2025-12-05,SRHHYPOLTD,
2025-12-08,SRHHYPOLTD,
2025-12-09,SRHHYPOLTD,
2025-12-10,SRHHYPOLTD,
2025-12-11,SRHHYPOLTD,
2025-12-12,SRHHYPOLTD,
2025-12-15,SRHHYPOLTD,
2025-12-16,SRHHYPOLTD,
2025-12-17,SRHHYPOLTD,
2025-12-18,SRHHYPOLTD,
2025-12-19,SRHHYPOLTD,
2025-12-22,SRHHYPOLTD,
2025-12-23,SRHHYPOLTD,
2025-12-24,SRHHYPOLTD,
2025-12-26,SRHHYPOLTD,
2025-12-29,SRHHYPOLTD,
2025-12-30,SRHHYPOLTD,
2025-12-31,SRHHYPOLTD,
2026-01-01,SRHHYPOLTD,
2026-01-02,SRHHYPOLTD,
2026-01-05,SRHHYPOLTD,
2026-01-06,SRHHYPOLTD,
2026-01-07,SRHHYPOLTD,
2026-01-08,SRHHYPOLTD,
2026-01-09,SRHHYPOLTD,
2026-01-12,SRHHYPOLTD,
2026-01-13,SRHHYPOLTD,
2026-01-14,SRHHYPOLTD,
2026-01-16,SRHHYPOLTD,
2026-01-19,SRHHYPOLTD,
2026-01-20,SRHHYPOLTD,
2026-01-21,SRHHYPOLTD,
2026-01-22,SRHHYPOLTD,
2026-01-23,SRHHYPOLTD,
2026-01-27,SRHHYPOLTD,
2026-01-28,SRHHYPOLTD,
2026-01-29,SRHHYPOLTD,
2026-01-30,SRHHYPOLTD,
2026-02-02,SRHHYPOLTD,
2026-02-03,SRHHYPOLTD,
2026-02-04,SRHHYPOLTD,
2026-02-05,SRHHYPOLTD,
2026-02-06,SRHHYPOLTD,
2026-02-09,SRHHYPOLTD,
2026-02-10,SRHHYPOLTD,
2026-02-11,SRHHYPOLTD,
2026-02-12,SRHHYPOLTD,
2026-02-13,SRHHYPOLTD,
2026-02-16,SRHHYPOLTD,
2026-02-17,SRHHYPOLTD,
2026-02-18,SRHHYPOLTD,
2026-02-19,SRHHYPOLTD,
2026-02-20,SRHHYPOLTD,
2026-02-23,SRHHYPOLTD,
2026-02-24,SRHHYPOLTD,
2026-02-25,SRHHYPOLTD,
2026-02-26,SRHHYPOLTD,
2026-02-27,SRHHYPOLTD,
2026-03-02,SRHHYPOLTD,
2026-03-04,SRHHYPOLTD,
2026-03-05,SRHHYPOLTD,
2026-03-06,SRHHYPOLTD,
2026-03-09,SRHHYPOLTD,
2026-03-10,SRHHYPOLTD,
2026-03-11,SRHHYPOLTD,
2026-03-12,SRHHYPOLTD,
2026-03-13,SRHHYPOLTD,
2026-03-16,SRHHYPOLTD,
2026-03-17,SRHHYPOLTD,
2026-03-18,SRHHYPOLTD,
2026-03-19,SRHHYPOLTD,
2026-03-20,SRHHYPOLTD,
2026-03-23,SRHHYPOLTD,
2026-03-24,SRHHYPOLTD,
2026-03-25,SRHHYPOLTD,
2026-03-27,SRHHYPOLTD,
2026-03-30,SRHHYPOLTD,
2026-04-01,SRHHYPOLTD,
2026-04-02,SRHHYPOLTD,
2026-04-06,SRHHYPOLTD,
2026-04-07,SRHHYPOLTD,
2026-04-08,SRHHYPOLTD,
2026-04-09,SRHHYPOLTD,
2026-04-10,SRHHYPOLTD,
2026-04-13,SRHHYPOLTD,
2026-04-15,SRHHYPOLTD,
2026-04-16,SRHHYPOLTD,
2026-04-17,SRHHYPOLTD,
2026-04-20,SRHHYPOLTD,
2026-04-21,SRHHYPOLTD,
2026-04-22,SRHHYPOLTD,
2026-04-23,SRHHYPOLTD,
2026-04-24,SRHHYPOLTD,
2026-04-27,SRHHYPOLTD,
2026-04-28,SRHHYPOLTD,
2026-04-29,SRHHYPOLTD,
2026-04-30,SRHHYPOLTD,
2026-05-04,SRHHYPOLTD,
2026-05-05,SRHHYPOLTD,
2026-05-06,SRHHYPOLTD,
2026-05-07,SRHHYPOLTD,
2026-05-08,SRHHYPOLTD,
2026-05-11,SRHHYPOLTD,
2026-05-12,SRHHYPOLTD,
2026-05-13,SRHHYPOLTD,
2026-05-14,SRHHYPOLTD,
2026-05-15,SRHHYPOLTD,
2026-05-18,SRHHYPOLTD,
2026-05-19,SRHHYPOLTD,
2026-05-20,SRHHYPOLTD,
2026-05-21,SRHHYPOLTD,
2026-05-22,SRHHYPOLTD,
2026-05-25,SRHHYPOLTD,
2026-05-26,SRHHYPOLTD,
2026-05-27,SRHHYPOLTD,
2026-05-29,SRHHYPOLTD,
2026-06-01,SRHHYPOLTD,
2026-06-02,SRHHYPOLTD,
2026-06-03,SRHHYPOLTD,
2026-06-04,SRHHYPOLTD,
2026-06-05,SRHHYPOLTD,
2026-06-08,SRHHYPOLTD,
2026-06-09,SRHHYPOLTD,
2026-06-10,SRHHYPOLTD,
2026-06-11,SRHHYPOLTD,
2026-06-12,SRHHYPOLTD,
2026-06-15,SRHHYPOLTD,
2026-06-16,SRHHYPOLTD,
2026-06-17,SRHHYPOLTD,
2026-06-18,SRHHYPOLTD,
2026-06-19,SRHHYPOLTD,
2026-06-22,SRHHYPOLTD,
2026-06-23,SRHHYPOLTD,
2026-06-24,SRHHYPOLTD,
2026-06-25,SRHHYPOLTD,
2026-06-29,SRHHYPOLTD,
2026-06-30,SRHHYPOLTD,
2026-07-01,SRHHYPOLTD,
2026-07-02,SRHHYPOLTD,
2026-07-03,SRHHYPOLTD,
2026-07-06,SRHHYPOLTD,
2026-07-07,SRHHYPOLTD,
2026-07-08,SRHHYPOLTD,
2026-07-09,SRHHYPOLTD,
2026-07-10,SRHHYPOLTD,
2026-07-13,SRHHYPOLTD,
2026-07-14,SRHHYPOLTD,
2026-07-15,SRHHYPOLTD,
2026-07-16,SRHHYPOLTD,
2026-07-17,SRHHYPOLTD,
2026-07-20,SRHHYPOLTD,
2026-07-21,SRHHYPOLTD,
2026-07-22,SRHHYPOLTD,
2026-07-23,SRHHYPOLTD,
2026-07-24,SRHHYPOLTD,
2026-07-27,SRHHYPOLTD,
2026-07-28,SRHHYPOLTD,
2026-07-29,SRHHYPOLTD,
2026-07-30,SRHHYPOLTD,
2026-07-31,SRHHYPOLTD,
2026-08-03,SRHHYPOLTD,
2026-08-04,SRHHYPOLTD,
2026-08-05,SRHHYPOLTD,
2026-08-06,SRHHYPOLTD,
2026-08-07,SRHHYPOLTD,
2026-08-10,SRHHYPOLTD,
2026-08-11,SRHHYPOLTD,
2026-08-12,SRHHYPOLTD,
2026-08-13,SRHHYPOLTD,
2026-08-14,SRHHYPOLTD,
2026-08-17,SRHHYPOLTD,
2026-08-18,SRHHYPOLTD,
2026-08-19,SRHHYPOLTD,
2026-08-20,SRHHYPOLTD,
2026-08-21,SRHHYPOLTD,
2026-08-24,SRHHYPOLTD,
2026-08-25,SRHHYPOLTD,
2026-08-26,SRHHYPOLTD,473.208
2026-08-27,SRHHYPOLTD,471.6494
2026-08-28,SRHHYPOLTD,471.9183
2026-08-31,SRHHYPOLTD,476.8095
2026-09-01,SRHHYPOLTD,479.6864
2026-09-02,SRHHYPOLTD,482.2203
2026-09-03,SRHHYPOLTD,482.3635
2026-09-04,SRHHYPOLTD,482.3635
2026-09-07,SRHHYPOLTD,486.5779
2026-09-08,SRHHYPOLTD,495.4317
2026-09-09,SRHHYPOLTD,499.3018
2026-09-10,SRHHYPOLTD,503.4453
2026-09-11,SRHHYPOLTD,505.3685
2025-09-01,STEL,
2025-09-02,STEL,
2025-09-03,STEL,
2025-09-04,STEL,
2025-09-05,STEL,
2025-09-08,STEL,
2025-09-09,STEL,
2025-09-10,STEL,
2025-09-11,STEL,
2025-09-12,STEL,
2025-09-15,STEL,
2025-09-16,STEL,
2025-09-17,STEL,
2025-09-18,STEL,
2025-09-19,STEL,
2025-09-22,STEL,
2025-09-23,STEL,
2025-09-24,STEL,
2025-09-25,STEL,
2025-09-26,STEL,
2025-09-29,STEL,
2025-09-30,STEL,
2025-10-01,STEL,
2025-10-03,STEL,
2025-10-06,STEL,
2025-10-07,STEL,
2025-10-08,STEL,
2025-10-09,STEL,
2025-10-10,STEL,
2025-10-13,STEL,
2025-10-14,STEL,
2025-10-15,STEL,
2025-10-16,STEL,
2025-10-17,STEL,
2025-10-20,STEL,
2025-10-21,STEL,
2025-10-23,STEL,
2025-10-24,STEL,
2025-10-27,STEL,
2025-10-28,STEL,
2025-10-29,STEL,
2025-10-30,STEL,
2025-10-31,STEL,
2025-11-03,STEL,
2025-11-04,STEL,
2025-11-06,STEL,
2025-11-07,STEL,
2025-11-10,STEL,
2025-11-11,STEL,
2025-11-12,STEL,
2025-11-13,STEL,
2025-11-14,STEL,
2025-11-17,STEL,
2025-11-18,STEL,
2025-11-19,STEL,
2025-11-20,STEL,
2025-11-21,STEL,
2025-11-24,STEL,
2025-11-25,STEL,
2025-11-26,STEL,
2025-11-27,STEL,
2025-11-28,STEL,
2025-12-01,STEL,
2025-12-02,STEL,
2025-12-03,STEL,
2025-12-04,STEL,
2025-12-05,STEL,
2025-12-08,STEL,
2025-12-09,STEL,
2025-12-10,STEL,
2025-12-11,STEL,
2025-12-12,STEL,
2025-12-15,STEL,
2025-12-16,STEL,
2025-12-17,STEL,
2025-12-18,STEL,
2025-12-19,STEL,
2025-12-22,STEL,
2025-12-23,STEL,
2025-12-24,STEL,
2025-12-26,STEL,
2025-12-29,STEL,
2025-12-30,STEL,
2025-12-31,STEL,
2026-01-01,STEL,
2026-01-02,STEL,
2026-01-05,STEL,
2026-01-06,STEL,
2026-01-07,STEL,
2026-01-08,STEL,
2026-01-09,STEL,
2026-01-12,STEL,
2026-01-13,STEL,
2026-01-14,STEL,
2026-01-16,STEL,
2026-01-19,STEL,
2026-01-20,STEL,
2026-01-21,STEL,
2026-01-22,STEL,
2026-01-23,STEL,
2026-01-27,STEL,
2026-01-28,STEL,
2026-01-29,STEL,
2026-01-30,STEL,
2026-02-02,STEL,
2026-02-03,STEL,
2026-02-04,STEL,
2026-02-05,STEL,
2026-02-06,STEL,
2026-02-09,STEL,
2026-02-10,STEL,
2026-02-11,STEL,
2026-02-12,STEL,
2026-02-13,STEL,
2026-02-16,STEL,
2026-02-17,STEL,
2026-02-18,STEL,
2026-02-19,STEL,
2026-02-20,STEL,
2026-02-23,STEL,
2026-02-24,STEL,
2026-02-25,STEL,
2026-02-26,STEL,
2026-02-27,STEL,
2026-03-02,STEL,
2026-03-04,STEL,
2026-03-05,STEL,
2026-03-06,STEL,
2026-03-09,STEL,
2026-03-10,STEL,
2026-03-11,STEL,
2026-03-12,STEL,
2026-03-13,STEL,
2026-03-16,STEL,
2026-03-17,STEL,
2026-03-18,STEL,
2026-03-19,STEL,
2026-03-20,STEL,
2026-03-23,STEL,
2026-03-24,STEL,
2026-03-25,STEL,
2026-03-27,STEL,
2026-03-30,STEL,
2026-04-01,STEL,
2026-04-02,STEL,
2026-04-06,STEL,
2026-04-07,STEL,
2026-04-08,STEL,
2026-04-09,STEL,
2026-04-10,STEL,
2026-04-13,STEL,
2026-04-15,STEL,
2026-04-16,STEL,
2026-04-17,STEL,
2026-04-20,STEL,
2026-04-21,STEL,
2026-04-22,STEL,
2026-04-23,STEL,
2026-04-24,STEL,
2026-04-27,STEL,
2026-04-28,STEL,
2026-04-29,STEL,
2026-04-30,STEL,
2026-05-04,STEL,
2026-05-05,STEL,
2026-05-06,STEL,
2026-05-07,STEL,
2026-05-08,STEL,
2026-05-11,STEL,
2026-05-12,STEL,
2026-05-13,STEL,
2026-05-14,STEL,
2026-05-15,STEL,
2026-05-18,STEL,
2026-05-19,STEL,
2026-05-20,STEL,
2026-05-21,STEL,
2026-05-22,STEL,
2026-05-25,STEL,
2026-05-26,STEL,
2026-05-27,STEL,
2026-05-29,STEL,
2026-06-01,STEL,
2026-06-02,STEL,478.9073
2026-06-03,STEL,483.2416
2026-06-04,STEL,487.7595
2026-06-05,STEL,490.3303
2026-06-08,STEL,494.0161
2026-06-09,STEL,494.6914
2026-06-10,STEL,498.1464
2026-06-11,STEL,504.3462
2026-06-12,STEL,506.2449
2026-06-15,STEL,510.3879
2026-06-16,STEL,510.3879
2026-06-17,STEL,512.4391
2026-06-18,STEL,527.461
2026-06-19,STEL,531.1954
2026-06-22,STEL,531.1954
2026-06-23,STEL,533.6921
2026-06-24,STEL,538.8119
2026-06-25,STEL,542.3551
2026-06-29,STEL,542.3551
2026-06-30,STEL,542.3551
2026-07-01,STEL,542.3551
2026-07-02,STEL,542.3551
2026-07-03,STEL,542.3551
2026-07-06,STEL,542.3551
2026-07-07,STEL,542.3551
2026-07-08,STEL,542.3551
2026-07-09,STEL,542.3551
2026-07-10,STEL,542.3551
2026-07-13,STEL,542.3551
2026-07-14,STEL,542.3551
2026-07-15,STEL,542.3551
2026-07-16,STEL,542.3551
2026-07-17,STEL,542.3551
2026-07-20,STEL,542.3551
2026-07-21,STEL,542.3551
2026-07-22,STEL,542.3551
2026-07-23,STEL,542.3551
2026-07-24,STEL,542.3551
2026-07-27,STEL,542.3551
2026-07-28,STEL,542.3551
2026-07-29,STEL,542.3551
2026-07-30,STEL,542.3551
2026-07-31,STEL,542.3551
2026-08-03,STEL,542.3551
2026-08-04,STEL,542.3551
2026-08-05,STEL,542.3551
2026-08-06,STEL,542.3551
2026-08-07,STEL,542.3551
2026-08-10,STEL,542.3551
2026-08-11,STEL,542.3551
2026-08-12,STEL,542.3551
2026-08-13,STEL,542.3551
2026-08-14,STEL,542.5549
2026-08-17,STEL,542.8776
2026-08-18,STEL,544.1156
2026-08-19,STEL,544.9876
2026-08-20,STEL,545.4962
2026-08-21,STEL,546.6861
2026-08-24,STEL,553.5425
2026-08-25,STEL,553.8942
2026-08-26,STEL,554.6483
2026-08-27,STEL,562.93
2026-08-28,STEL,563.1628
2026-08-31,STEL,565.6844
2026-09-01,STEL,565.6844
2026-09-02,STEL,565.7202
2026-09-03,STEL,565.7202
2026-09-04,STEL,565.7202
2026-09-07,STEL,565.7202
2026-09-08,STEL,565.7202
2026-09-09,STEL,565.8743
2026-09-10,STEL,566.241
2026-09-11,STEL,566.661
2025-09-01,TAINWALCHM,
2025-09-02,TAINWALCHM,
2025-09-03,TAINWALCHM,
2025-09-04,TAINWALCHM,
2025-09-05,TAINWALCHM,
2025-09-08,TAINWALCHM,
2025-09-09,TAINWALCHM,
2025-09-10,TAINWALCHM,
2025-09-11,TAINWALCHM,
2025-09-12,TAINWALCHM,
2025-09-15,TAINWALCHM,
2025-09-16,TAINWALCHM,
2025-09-17,TAINWALCHM,
2025-09-18,TAINWALCHM,
2025-09-19,TAINWALCHM,
2025-09-22,TAINWALCHM,
2025-09-23,TAINWALCHM,
2025-09-24,TAINWALCHM,
2025-09-25,TAINWALCHM,
2025-09-26,TAINWALCHM,
2025-09-29,TAINWALCHM,
2025-09-30,TAINWALCHM,
2025-10-01,TAINWALCHM,
2025-10-03,TAINWALCHM,
2025-10-06,TAINWALCHM,
2025-10-07,TAINWALCHM,
2025-10-08,TAINWALCHM,
2025-10-09,TAINWALCHM,
2025-10-10,TAINWALCHM,
2025-10-13,TAINWALCHM,
2025-10-14,TAINWALCHM,
2025-10-15,TAINWALCHM,
2025-10-16,TAINWALCHM,
2025-10-17,TAINWALCHM,
2025-10-20,TAINWALCHM,
2025-10-21,TAINWALCHM,
2025-10-23,TAINWALCHM,
2025-10-24,TAINWALCHM,
2025-10-27,TAINWALCHM,
2025-10-28,TAINWALCHM,
2025-10-29,TAINWALCHM,
2025-10-30,TAINWALCHM,
2025-10-31,TAINWALCHM,
2025-11-03,TAINWALCHM,
2025-11-04,TAINWALCHM,
2025-11-06,TAINWALCHM,
2025-11-07,TAINWALCHM,
2025-11-10,TAINWALCHM,
2025-11-11,TAINWALCHM,
2025-11-12,TAINWALCHM,
2025-11-13,TAINWALCHM,
2025-11-14,TAINWALCHM,
2025-11-17,TAINWALCHM,
2025-11-18,TAINWALCHM,
2025-11-19,TAINWALCHM,
2025-11-20,TAINWALCHM,
2025-11-21,TAINWALCHM,
2025-11-24,TAINWALCHM,
2025-11-25,TAINWALCHM,
2025-11-26,TAINWALCHM,
2025-11-27,TAINWALCHM,
2025-11-28,TAINWALCHM,
2025-12-01,TAINWALCHM,
2025-12-02,TAINWALCHM,
2025-12-03,TAINWALCHM,
2025-12-04,TAINWALCHM,
2025-12-05,TAINWALCHM,
2025-12-08,TAINWALCHM,
2025-12-09,TAINWALCHM,
2025-12-10,TAINWALCHM,
2025-12-11,TAINWALCHM,
2025-12-12,TAINWALCHM,
2025-12-15,TAINWALCHM,
2025-12-16,TAINWALCHM,
2025-12-17,TAINWALCHM,
2025-12-18,TAINWALCHM,
2025-12-19,TAINWALCHM,
2025-12-22,TAINWALCHM,
2025-12-23,TAINWALCHM,
2025-12-24,TAINWALCHM,
2025-12-26,TAINWALCHM,
2025-12-29,TAINWALCHM,
2025-12-30,TAINWALCHM,
2025-12-31,TAINWALCHM,
2026-01-01,TAINWALCHM,
2026-01-02,TAINWALCHM,
2026-01-05,TAINWALCHM,
2026-01-06,TAINWALCHM,
2026-01-07,TAINWALCHM,
2026-01-08,TAINWALCHM,
2026-01-09,TAINWALCHM,
2026-01-12,TAINWALCHM,
2026-01-13,TAINWALCHM,
2026-01-14,TAINWALCHM,
2026-01-16,TAINWALCHM,
2026-01-19,TAINWALCHM,
2026-01-20,TAINWALCHM,
2026-01-21,TAINWALCHM,
2026-01-22,TAINWALCHM,
2026-01-23,TAINWALCHM,
2026-01-27,TAINWALCHM,
2026-01-28,TAINWALCHM,
2026-01-29,TAINWALCHM,
2026-01-30,TAINWALCHM,
2026-02-02,TAINWALCHM,
2026-02-03,TAINWALCHM,
2026-02-04,TAINWALCHM,
2026-02-05,TAINWALCHM,
2026-02-06,TAINWALCHM,
2026-02-09,TAINWALCHM,
2026-02-10,TAINWALCHM,
2026-02-11,TAINWALCHM,
2026-02-12,TAINWALCHM,
2026-02-13,TAINWALCHM,
2026-02-16,TAINWALCHM,
2026-02-17,TAINWALCHM,
2026-02-18,TAINWALCHM,
2026-02-19,TAINWALCHM,
2026-02-20,TAINWALCHM,
2026-02-23,TAINWALCHM,
2026-02-24,TAINWALCHM,
2026-02-25,TAINWALCHM,
2026-02-26,TAINWALCHM,
2026-02-27,TAINWALCHM,
2026-03-02,TAINWALCHM,
2026-03-04,TAINWALCHM,
2026-03-05,TAINWALCHM,
2026-03-06,TAINWALCHM,
2026-03-09,TAINWALCHM,
2026-03-10,TAINWALCHM,
2026-03-11,TAINWALCHM,
2026-03-12,TAINWALCHM,
2026-03-13,TAINWALCHM,
2026-03-16,TAINWALCHM,
2026-03-17,TAINWALCHM,
2026-03-18,TAINWALCHM,
2026-03-19,TAINWALCHM,
2026-03-20,TAINWALCHM,
2026-03-23,TAINWALCHM,
2026-03-24,TAINWALCHM,
2026-03-25,TAINWALCHM,
2026-03-27,TAINWALCHM,
2026-03-30,TAINWALCHM,
2026-04-01,TAINWALCHM,
2026-04-02,TAINWALCHM,
2026-04-06,TAINWALCHM,
2026-04-07,TAINWALCHM,
2026-04-08,TAINWALCHM,
2026-04-09,TAINWALCHM,
2026-04-10,TAINWALCHM,
2026-04-13,TAINWALCHM,
2026-04-15,TAINWALCHM,
2026-04-16,TAINWALCHM,
2026-04-17,TAINWALCHM,
2026-04-20,TAINWALCHM,
2026-04-21,TAINWALCHM,
2026-04-22,TAINWALCHM,
2026-04-23,TAINWALCHM,
2026-04-24,TAINWALCHM,
2026-04-27,TAINWALCHM,
2026-04-28,TAINWALCHM,
2026-04-29,TAINWALCHM,
2026-04-30,TAINWALCHM,
2026-05-04,TAINWALCHM,
2026-05-05,TAINWALCHM,
2026-05-06,TAINWALCHM,
2026-05-07,TAINWALCHM,
2026-05-08,TAINWALCHM,
2026-05-11,TAINWALCHM,
2026-05-12,TAINWALCHM,
2026-05-13,TAINWALCHM,
2026-05-14,TAINWALCHM,
2026-05-15,TAINWALCHM,
2026-05-18,TAINWALCHM,
2026-05-19,TAINWALCHM,
2026-05-20,TAINWALCHM,
2026-05-21,TAINWALCHM,
2026-05-22,TAINWALCHM,
2026-05-25,TAINWALCHM,
2026-05-26,TAINWALCHM,
2026-05-27,TAINWALCHM,
2026-05-29,TAINWALCHM,
2026-06-01,TAINWALCHM,
2026-06-02,TAINWALCHM,
2026-06-03,TAINWALCHM,
2026-06-04,TAINWALCHM,
2026-06-05,TAINWALCHM,
2026-06-08,TAINWALCHM,
2026-06-09,TAINWALCHM,
2026-06-10,TAINWALCHM,
2026-06-11,TAINWALCHM,
2026-06-12,TAINWALCHM,
2026-06-15,TAINWALCHM,
2026-06-16,TAINWALCHM,
2026-06-17,TAINWALCHM,
2026-06-18,TAINWALCHM,
2026-06-19,TAINWALCHM,
2026-06-22,TAINWALCHM,
2026-06-23,TAINWALCHM,
2026-06-24,TAINWALCHM,
2026-06-25,TAINWALCHM,
2026-06-29,TAINWALCHM,
2026-06-30,TAINWALCHM,
2026-07-01,TAINWALCHM,
2026-07-02,TAINWALCHM,
2026-07-03,TAINWALCHM,
2026-07-06,TAINWALCHM,
2026-07-07,TAINWALCHM,
2026-07-08,TAINWALCHM,
2026-07-09,TAINWALCHM,
2026-07-10,TAINWALCHM,
2026-07-13,TAINWALCHM,
2026-07-14,TAINWALCHM,
2026-07-15,TAINWALCHM,
2026-07-16,TAINWALCHM,
2026-07-17,TAINWALCHM,
2026-07-20,TAINWALCHM,
2026-07-21,TAINWALCHM,
2026-07-22,TAINWALCHM,
2026-07-23,TAINWALCHM,
2026-07-24,TAINWALCHM,
2026-07-27,TAINWALCHM,
2026-07-28,TAINWALCHM,
2026-07-29,TAINWALCHM,
2026-07-30,TAINWALCHM,
2026-07-31,TAINWALCHM,
2026-08-03,TAINWALCHM,
2026-08-04,TAINWALCHM,
2026-08-05,TAINWALCHM,
2026-08-06,TAINWALCHM,
2026-08-07,TAINWALCHM,
2026-08-10,TAINWALCHM,
2026-08-11,TAINWALCHM,
2026-08-12,TAINWALCHM,
2026-08-13,TAINWALCHM,
2026-08-14,TAINWALCHM,
2026-08-17,TAINWALCHM,
2026-08-18,TAINWALCHM,207.7046
2026-08-19,TAINWALCHM,208.3057
2026-08-20,TAINWALCHM,208.3057
2026-08-21,TAINWALCHM,208.3057
2026-08-24,TAINWALCHM,208.3057
2026-08-25,TAINWALCHM,209.3784
2026-08-26,TAINWALCHM,209.9818
2026-08-27,TAINWALCHM,210.3505
2026-08-28,TAINWALCHM,210.3505
2026-08-31,TAINWALCHM,210.3505
2026-09-01,TAINWALCHM,210.3096
2026-09-02,TAINWALCHM,210.3096
2026-09-03,TAINWALCHM,210.3096
2026-09-04,TAINWALCHM,210.3096
2026-09-07,TAINWALCHM,210.5147
2026-09-08,TAINWALCHM,210.5147
2026-09-09,TAINWALCHM,210.9691
2026-09-10,TAINWALCHM,210.843
2026-09-11,TAINWALCHM,210.843
2025-09-01,THANGAMAYL,
2025-09-02,THANGAMAYL,
2025-09-03,THANGAMAYL,
2025-09-04,THANGAMAYL,
2025-09-05,THANGAMAYL,
2025-09-08,THANGAMAYL,
2025-09-09,THANGAMAYL,
2025-09-10,THANGAMAYL,
2025-09-11,THANGAMAYL,
2025-09-12,THANGAMAYL,
2025-09-15,THANGAMAYL,
2025-09-16,THANGAMAYL,
2025-09-17,THANGAMAYL,
2025-09-18,THANGAMAYL,
2025-09-19,THANGAMAYL,
2025-09-22,THANGAMAYL,
2025-09-23,THANGAMAYL,
2025-09-24,THANGAMAYL,
2025-09-25,THANGAMAYL,
2025-09-26,THANGAMAYL,
2025-09-29,THANGAMAYL,
2025-09-30,THANGAMAYL,
2025-10-01,THANGAMAYL,
2025-10-03,THANGAMAYL,
2025-10-06,THANGAMAYL,
2025-10-07,THANGAMAYL,
2025-10-08,THANGAMAYL,
2025-10-09,THANGAMAYL,
2025-10-10,THANGAMAYL,
2025-10-13,THANGAMAYL,
2025-10-14,THANGAMAYL,
2025-10-15,THANGAMAYL,
2025-10-16,THANGAMAYL,
2025-10-17,THANGAMAYL,
2025-10-20,THANGAMAYL,
2025-10-21,THANGAMAYL,
2025-10-23,THANGAMAYL,
2025-10-24,THANGAMAYL,
2025-10-27,THANGAMAYL,
2025-10-28,THANGAMAYL,
2025-10-29,THANGAMAYL,
2025-10-30,THANGAMAYL,
2025-10-31,THANGAMAYL,
2025-11-03,THANGAMAYL,
2025-11-04,THANGAMAYL,
2025-11-06,THANGAMAYL,
2025-11-07,THANGAMAYL,
2025-11-10,THANGAMAYL,
2025-11-11,THANGAMAYL,
2025-11-12,THANGAMAYL,
2025-11-13,THANGAMAYL,
2025-11-14,THANGAMAYL,
2025-11-17,THANGAMAYL,
2025-11-18,THANGAMAYL,
2025-11-19,THANGAMAYL,
2025-11-20,THANGAMAYL,
2025-11-21,THANGAMAYL,
2025-11-24,THANGAMAYL,
2025-11-25,THANGAMAYL,
2025-11-26,THANGAMAYL,
2025-11-27,THANGAMAYL,
2025-11-28,THANGAMAYL,
2025-12-01,THANGAMAYL,
2025-12-02,THANGAMAYL,
2025-12-03,THANGAMAYL,
2025-12-04,THANGAMAYL,
2025-12-05,THANGAMAYL,
2025-12-08,THANGAMAYL,
2025-12-09,THANGAMAYL,
2025-12-10,THANGAMAYL,
2025-12-11,THANGAMAYL,
2025-12-12,THANGAMAYL,
2025-12-15,THANGAMAYL,
2025-12-16,THANGAMAYL,
2025-12-17,THANGAMAYL,
2025-12-18,THANGAMAYL,
2025-12-19,THANGAMAYL,
2025-12-22,THANGAMAYL,
2025-12-23,THANGAMAYL,
2025-12-24,THANGAMAYL,
2025-12-26,THANGAMAYL,
2025-12-29,THANGAMAYL,
2025-12-30,THANGAMAYL,
2025-12-31,THANGAMAYL,
2026-01-01,THANGAMAYL,
2026-01-02,THANGAMAYL,
2026-01-05,THANGAMAYL,
2026-01-06,THANGAMAYL,
2026-01-07,THANGAMAYL,
2026-01-08,THANGAMAYL,
2026-01-09,THANGAMAYL,
2026-01-12,THANGAMAYL,
2026-01-13,THANGAMAYL,
2026-01-14,THANGAMAYL,
2026-01-16,THANGAMAYL,
2026-01-19,THANGAMAYL,
2026-01-20,THANGAMAYL,
2026-01-21,THANGAMAYL,
2026-01-22,THANGAMAYL,
2026-01-23,THANGAMAYL,
2026-01-27,THANGAMAYL,
2026-01-28,THANGAMAYL,
2026-01-29,THANGAMAYL,
2026-01-30,THANGAMAYL,
2026-02-02,THANGAMAYL,
2026-02-03,THANGAMAYL,
2026-02-04,THANGAMAYL,
2026-02-05,THANGAMAYL,
2026-02-06,THANGAMAYL,
2026-02-09,THANGAMAYL,
2026-02-10,THANGAMAYL,
2026-02-11,THANGAMAYL,
2026-02-12,THANGAMAYL,
2026-02-13,THANGAMAYL,
2026-02-16,THANGAMAYL,
2026-02-17,THANGAMAYL,
2026-02-18,THANGAMAYL,
2026-02-19,THANGAMAYL,
2026-02-20,THANGAMAYL,
2026-02-23,THANGAMAYL,
2026-02-24,THANGAMAYL,
2026-02-25,THANGAMAYL,
2026-02-26,THANGAMAYL,
2026-02-27,THANGAMAYL,
2026-03-02,THANGAMAYL,
2026-03-04,THANGAMAYL,
2026-03-05,THANGAMAYL,
2026-03-06,THANGAMAYL,
2026-03-09,THANGAMAYL,
2026-03-10,THANGAMAYL,
2026-03-11,THANGAMAYL,
2026-03-12,THANGAMAYL,
2026-03-13,THANGAMAYL,
2026-03-16,THANGAMAYL,
2026-03-17,THANGAMAYL,
2026-03-18,THANGAMAYL,
2026-03-19,THANGAMAYL,
2026-03-20,THANGAMAYL,
2026-03-23,THANGAMAYL,
2026-03-24,THANGAMAYL,
2026-03-25,THANGAMAYL,
2026-03-27,THANGAMAYL,
2026-03-30,THANGAMAYL,
2026-04-01,THANGAMAYL,
2026-04-02,THANGAMAYL,
2026-04-06,THANGAMAYL,
2026-04-07,THANGAMAYL,
2026-04-08,THANGAMAYL,
2026-04-09,THANGAMAYL,
2026-04-10,THANGAMAYL,
2026-04-13,THANGAMAYL,
2026-04-15,THANGAMAYL,
2026-04-16,THANGAMAYL,
2026-04-17,THANGAMAYL,
2026-04-20,THANGAMAYL,
2026-04-21,THANGAMAYL,
2026-04-22,THANGAMAYL,
2026-04-23,THANGAMAYL,
2026-04-24,THANGAMAYL,
2026-04-27,THANGAMAYL,
2026-04-28,THANGAMAYL,
2026-04-29,THANGAMAYL,
2026-04-30,THANGAMAYL,
2026-05-04,THANGAMAYL,
2026-05-05,THANGAMAYL,
2026-05-06,THANGAMAYL,
2026-05-07,THANGAMAYL,
2026-05-08,THANGAMAYL,
2026-05-11,THANGAMAYL,
2026-05-12,THANGAMAYL,
2026-05-13,THANGAMAYL,
2026-05-14,THANGAMAYL,
2026-05-15,THANGAMAYL,
2026-05-18,THANGAMAYL,
2026-05-19,THANGAMAYL,
2026-05-20,THANGAMAYL,
2026-05-21,THANGAMAYL,
2026-05-22,THANGAMAYL,
2026-05-25,THANGAMAYL,
2026-05-26,THANGAMAYL,
2026-05-27,THANGAMAYL,
2026-05-29,THANGAMAYL,
2026-06-01,THANGAMAYL,
2026-06-02,THANGAMAYL,
2026-06-03,THANGAMAYL,
2026-06-04,THANGAMAYL,
2026-06-05,THANGAMAYL,
2026-06-08,THANGAMAYL,
2026-06-09,THANGAMAYL,
2026-06-10,THANGAMAYL,
2026-06-11,THANGAMAYL,
2026-06-12,THANGAMAYL,
2026-06-15,THANGAMAYL,
2026-06-16,THANGAMAYL,
2026-06-17,THANGAMAYL,
2026-06-18,THANGAMAYL,
2026-06-19,THANGAMAYL,
2026-06-22,THANGAMAYL,
2026-06-23,THANGAMAYL,
2026-06-24,THANGAMAYL,
2026-06-25,THANGAMAYL,
2026-06-29,THANGAMAYL,
2026-06-30,THANGAMAYL,
2026-07-01,THANGAMAYL,
2026-07-02,THANGAMAYL,
2026-07-03,THANGAMAYL,
2026-07-06,THANGAMAYL,
2026-07-07,THANGAMAYL,
2026-07-08,THANGAMAYL,
2026-07-09,THANGAMAYL,
2026-07-10,THANGAMAYL,
2026-07-13,THANGAMAYL,
2026-07-14,THANGAMAYL,
2026-07-15,THANGAMAYL,
2026-07-16,THANGAMAYL,
2026-07-17,THANGAMAYL,
2026-07-20,THANGAMAYL,
2026-07-21,THANGAMAYL,
2026-07-22,THANGAMAYL,
2026-07-23,THANGAMAYL,
2026-07-24,THANGAMAYL,
2026-07-27,THANGAMAYL,
2026-07-28,THANGAMAYL,
2026-07-29,THANGAMAYL,
2026-07-30,THANGAMAYL,
2026-07-31,THANGAMAYL,
2026-08-03,THANGAMAYL,
2026-08-04,THANGAMAYL,4810.6375
2026-08-05,THANGAMAYL,4810.6375
2026-08-06,THANGAMAYL,4870.6335
2026-08-07,THANGAMAYL,5085.3563
2026-08-10,THANGAMAYL,5085.3563
2026-08-11,THANGAMAYL,5085.3563
2026-08-12,THANGAMAYL,5085.3563
2026-08-13,THANGAMAYL,5085.3563
2026-08-14,THANGAMAYL,5085.3563
2026-08-17,THANGAMAYL,5085.3563
2026-08-18,THANGAMAYL,5085.3563
2026-08-19,THANGAMAYL,5085.3563
2026-08-20,THANGAMAYL,5085.3563
2026-08-21,THANGAMAYL,5085.3563
2026-08-24,THANGAMAYL,5187.2939
2026-08-25,THANGAMAYL,5187.2939
2026-08-26,THANGAMAYL,5187.2939
2026-08-27,THANGAMAYL,5187.2939
2026-08-28,THANGAMAYL,5187.2939
2026-08-31,THANGAMAYL,5198.756
2026-09-01,THANGAMAYL,5198.756
2026-09-02,THANGAMAYL,5198.756
2026-09-03,THANGAMAYL,5198.756
2026-09-04,THANGAMAYL,5198.756
2026-09-07,THANGAMAYL,5198.756
2026-09-08,THANGAMAYL,5198.756
2026-09-09,THANGAMAYL,5198.756
2026-09-10,THANGAMAYL,5198.756
2026-09-11,THANGAMAYL,5198.756
2025-09-01,THOMASCOOK,
2025-09-02,THOMASCOOK,
2025-09-03,THOMASCOOK,
2025-09-04,THOMASCOOK,
2025-09-05,THOMASCOOK,
2025-09-08,THOMASCOOK,
2025-09-09,THOMASCOOK,
2025-09-10,THOMASCOOK,
2025-09-11,THOMASCOOK,
2025-09-12,THOMASCOOK,
2025-09-15,THOMASCOOK,
2025-09-16,THOMASCOOK,
2025-09-17,THOMASCOOK,
2025-09-18,THOMASCOOK,
2025-09-19,THOMASCOOK,
2025-09-22,THOMASCOOK,
2025-09-23,THOMASCOOK,
2025-09-24,THOMASCOOK,
2025-09-25,THOMASCOOK,
2025-09-26,THOMASCOOK,
2025-09-29,THOMASCOOK,
2025-09-30,THOMASCOOK,
2025-10-01,THOMASCOOK,
2025-10-03,THOMASCOOK,
2025-10-06,THOMASCOOK,
2025-10-07,THOMASCOOK,
2025-10-08,THOMASCOOK,
2025-10-09,THOMASCOOK,
2025-10-10,THOMASCOOK,
2025-10-13,THOMASCOOK,
2025-10-14,THOMASCOOK,
2025-10-15,THOMASCOOK,
2025-10-16,THOMASCOOK,
2025-10-17,THOMASCOOK,
2025-10-20,THOMASCOOK,
2025-10-21,THOMASCOOK,
2025-10-23,THOMASCOOK,
2025-10-24,THOMASCOOK,
2025-10-27,THOMASCOOK,
2025-10-28,THOMASCOOK,
2025-10-29,THOMASCOOK,
2025-10-30,THOMASCOOK,
2025-10-31,THOMASCOOK,
2025-11-03,THOMASCOOK,
2025-11-04,THOMASCOOK,
2025-11-06,THOMASCOOK,
2025-11-07,THOMASCOOK,
2025-11-10,THOMASCOOK,
2025-11-11,THOMASCOOK,
2025-11-12,THOMASCOOK,
2025-11-13,THOMASCOOK,
2025-11-14,THOMASCOOK,
2025-11-17,THOMASCOOK,
2025-11-18,THOMASCOOK,
2025-11-19,THOMASCOOK,
2025-11-20,THOMASCOOK,
2025-11-21,THOMASCOOK,
2025-11-24,THOMASCOOK,
2025-11-25,THOMASCOOK,
2025-11-26,THOMASCOOK,
2025-11-27,THOMASCOOK,
2025-11-28,THOMASCOOK,
2025-12-01,THOMASCOOK,
2025-12-02,THOMASCOOK,
2025-12-03,THOMASCOOK,
2025-12-04,THOMASCOOK,
2025-12-05,THOMASCOOK,
2025-12-08,THOMASCOOK,
2025-12-09,THOMASCOOK,
2025-12-10,THOMASCOOK,
2025-12-11,THOMASCOOK,
2025-12-12,THOMASCOOK,
2025-12-15,THOMASCOOK,
2025-12-16,THOMASCOOK,
2025-12-17,THOMASCOOK,
2025-12-18,THOMASCOOK,
2025-12-19,THOMASCOOK,
2025-12-22,THOMASCOOK,
2025-12-23,THOMASCOOK,
2025-12-24,THOMASCOOK,
2025-12-26,THOMASCOOK,
2025-12-29,THOMASCOOK,
2025-12-30,THOMASCOOK,
2025-12-31,THOMASCOOK,
2026-01-01,THOMASCOOK,
2026-01-02,THOMASCOOK,
2026-01-05,THOMASCOOK,
2026-01-06,THOMASCOOK,
2026-01-07,THOMASCOOK,
2026-01-08,THOMASCOOK,
2026-01-09,THOMASCOOK,
2026-01-12,THOMASCOOK,
2026-01-13,THOMASCOOK,
2026-01-14,THOMASCOOK,
2026-01-16,THOMASCOOK,
2026-01-19,THOMASCOOK,
2026-01-20,THOMASCOOK,
2026-01-21,THOMASCOOK,
2026-01-22,THOMASCOOK,
2026-01-23,THOMASCOOK,
2026-01-27,THOMASCOOK,
2026-01-28,THOMASCOOK,
2026-01-29,THOMASCOOK,
2026-01-30,THOMASCOOK,
2026-02-02,THOMASCOOK,
2026-02-03,THOMASCOOK,
2026-02-04,THOMASCOOK,
2026-02-05,THOMASCOOK,
2026-02-06,THOMASCOOK,
2026-02-09,THOMASCOOK,
2026-02-10,THOMASCOOK,
2026-02-11,THOMASCOOK,
2026-02-12,THOMASCOOK,
2026-02-13,THOMASCOOK,
2026-02-16,THOMASCOOK,
2026-02-17,THOMASCOOK,
2026-02-18,THOMASCOOK,
2026-02-19,THOMASCOOK,
2026-02-20,THOMASCOOK,
2026-02-23,THOMASCOOK,
2026-02-24,THOMASCOOK,
2026-02-25,THOMASCOOK,
2026-02-26,THOMASCOOK,
2026-02-27,THOMASCOOK,
2026-03-02,THOMASCOOK,
2026-03-04,THOMASCOOK,
2026-03-05,THOMASCOOK,
2026-03-06,THOMASCOOK,
2026-03-09,THOMASCOOK,
2026-03-10,THOMASCOOK,
2026-03-11,THOMASCOOK,
2026-03-12,THOMASCOOK,
2026-03-13,THOMASCOOK,
2026-03-16,THOMASCOOK,
2026-03-17,THOMASCOOK,
2026-03-18,THOMASCOOK,
2026-03-19,THOMASCOOK,
2026-03-20,THOMASCOOK,
2026-03-23,THOMASCOOK,
2026-03-24,THOMASCOOK,
2026-03-25,THOMASCOOK,
2026-03-27,THOMASCOOK,
2026-03-30,THOMASCOOK,
2026-04-01,THOMASCOOK,
2026-04-02,THOMASCOOK,
2026-04-06,THOMASCOOK,
2026-04-07,THOMASCOOK,
2026-04-08,THOMASCOOK,
2026-04-09,THOMASCOOK,
2026-04-10,THOMASCOOK,
2026-04-13,THOMASCOOK,
2026-04-15,THOMASCOOK,
2026-04-16,THOMASCOOK,
2026-04-17,THOMASCOOK,
2026-04-20,THOMASCOOK,
2026-04-21,THOMASCOOK,
2026-04-22,THOMASCOOK,
2026-04-23,THOMASCOOK,
2026-04-24,THOMASCOOK,
2026-04-27,THOMASCOOK,
2026-04-28,THOMASCOOK,
2026-04-29,THOMASCOOK,
2026-04-30,THOMASCOOK,
2026-05-04,THOMASCOOK,
2026-05-05,THOMASCOOK,
2026-05-06,THOMASCOOK,
2026-05-07,THOMASCOOK,
2026-05-08,THOMASCOOK,
2026-05-11,THOMASCOOK,
2026-05-12,THOMASCOOK,
2026-05-13,THOMASCOOK,
2026-05-14,THOMASCOOK,
2026-05-15,THOMASCOOK,
2026-05-18,THOMASCOOK,
2026-05-19,THOMASCOOK,
2026-05-20,THOMASCOOK,
2026-05-21,THOMASCOOK,
2026-05-22,THOMASCOOK,
2026-05-25,THOMASCOOK,
2026-05-26,THOMASCOOK,
2026-05-27,THOMASCOOK,
2026-05-29,THOMASCOOK,
2026-06-01,THOMASCOOK,
2026-06-02,THOMASCOOK,
2026-06-03,THOMASCOOK,
2026-06-04,THOMASCOOK,
2026-06-05,THOMASCOOK,
2026-06-08,THOMASCOOK,103.7571
2026-06-09,THOMASCOOK,106.3709
2026-06-10,THOMASCOOK,109.3323
2026-06-11,THOMASCOOK,109.3081
2026-06-12,THOMASCOOK,109.3081
2026-06-15,THOMASCOOK,109.3081
2026-06-16,THOMASCOOK,109.3081
2026-06-17,THOMASCOOK,109.3081
2026-06-18,THOMASCOOK,109.3081
2026-06-19,THOMASCOOK,109.3081
2026-06-22,THOMASCOOK,109.3081
2026-06-23,THOMASCOOK,109.3081
2026-06-24,THOMASCOOK,109.3081
2026-06-25,THOMASCOOK,109.3081
2026-06-29,THOMASCOOK,109.3081
2026-06-30,THOMASCOOK,109.3081
2026-07-01,THOMASCOOK,109.3081
2026-07-02,THOMASCOOK,109.3081
2026-07-03,THOMASCOOK,109.3081
2026-07-06,THOMASCOOK,109.3081
2026-07-07,THOMASCOOK,109.3081
2026-07-08,THOMASCOOK,109.3081
2026-07-09,THOMASCOOK,109.3081
2026-07-10,THOMASCOOK,109.3081
2026-07-13,THOMASCOOK,109.3081
2026-07-14,THOMASCOOK,109.3081
2026-07-15,THOMASCOOK,109.3081
2026-07-16,THOMASCOOK,109.3081
2026-07-17,THOMASCOOK,109.3081
2026-07-20,THOMASCOOK,109.3081
2026-07-21,THOMASCOOK,109.3081
2026-07-22,THOMASCOOK,109.3081
2026-07-23,THOMASCOOK,109.3081
2026-07-24,THOMASCOOK,109.3081
2026-07-27,THOMASCOOK,109.3081
2026-07-28,THOMASCOOK,109.3081
2026-07-29,THOMASCOOK,109.3081
2026-07-30,THOMASCOOK,109.3081
2026-07-31,THOMASCOOK,109.3081
2026-08-03,THOMASCOOK,109.3081
2026-08-04,THOMASCOOK,109.3081
2026-08-05,THOMASCOOK,109.3081
2026-08-06,THOMASCOOK,109.3081
2026-08-07,THOMASCOOK,109.3081
2026-08-10,THOMASCOOK,109.3081
2026-08-11,THOMASCOOK,109.3081
2026-08-12,THOMASCOOK,109.3081
2026-08-13,THOMASCOOK,109.3081
2026-08-14,THOMASCOOK,109.3081
2026-08-17,THOMASCOOK,109.3081
2026-08-18,THOMASCOOK,109.3081
2026-08-19,THOMASCOOK,109.3081
2026-08-20,THOMASCOOK,109.3081
2026-08-21,THOMASCOOK,109.3081
2026-08-24,THOMASCOOK,109.3081
2026-08-25,THOMASCOOK,109.3081
2026-08-26,THOMASCOOK,109.3081
2026-08-27,THOMASCOOK,109.3081
2026-08-28,THOMASCOOK,109.3081
2026-08-31,THOMASCOOK,109.3081
2026-09-01,THOMASCOOK,109.3081
2026-09-02,THOMASCOOK,109.3081
2026-09-03,THOMASCOOK,109.3081
2026-09-04,THOMASCOOK,109.3081
2026-09-07,THOMASCOOK,109.3081
2026-09-08,THOMASCOOK,109.3081
2026-09-09,THOMASCOOK,109.3081
2026-09-10,THOMASCOOK,109.3081
2026-09-11,THOMASCOOK,109.3081
2025-09-18,TIGERLOGS,
2025-09-19,TIGERLOGS,
2025-09-22,TIGERLOGS,
2025-09-23,TIGERLOGS,
2025-09-24,TIGERLOGS,
2025-09-25,TIGERLOGS,
2025-09-26,TIGERLOGS,
2025-09-29,TIGERLOGS,
2025-09-30,TIGERLOGS,
2025-10-01,TIGERLOGS,
2025-10-03,TIGERLOGS,
2025-10-06,TIGERLOGS,
2025-10-07,TIGERLOGS,
2025-10-08,TIGERLOGS,
2025-10-09,TIGERLOGS,
2025-10-10,TIGERLOGS,
2025-10-13,TIGERLOGS,
2025-10-14,TIGERLOGS,
2025-10-15,TIGERLOGS,
2025-10-16,TIGERLOGS,
2025-10-17,TIGERLOGS,
2025-10-20,TIGERLOGS,
2025-10-21,TIGERLOGS,
2025-10-23,TIGERLOGS,
2025-10-24,TIGERLOGS,
2025-10-27,TIGERLOGS,
2025-10-28,TIGERLOGS,
2025-10-29,TIGERLOGS,
2025-10-30,TIGERLOGS,
2025-10-31,TIGERLOGS,
2025-11-03,TIGERLOGS,
2025-11-04,TIGERLOGS,
2025-11-06,TIGERLOGS,
2025-11-07,TIGERLOGS,
2025-11-10,TIGERLOGS,
2025-11-11,TIGERLOGS,
2025-11-12,TIGERLOGS,
2025-11-13,TIGERLOGS,
2025-11-14,TIGERLOGS,
2025-11-17,TIGERLOGS,
2025-11-18,TIGERLOGS,
2025-11-19,TIGERLOGS,
2025-11-20,TIGERLOGS,
2025-11-21,TIGERLOGS,
2025-11-24,TIGERLOGS,
2025-11-25,TIGERLOGS,
2025-11-26,TIGERLOGS,
2025-11-27,TIGERLOGS,
2025-11-28,TIGERLOGS,
2025-12-01,TIGERLOGS,
2025-12-02,TIGERLOGS,
2025-12-03,TIGERLOGS,
2025-12-04,TIGERLOGS,
2025-12-05,TIGERLOGS,
2025-12-08,TIGERLOGS,
2025-12-09,TIGERLOGS,
2025-12-10,TIGERLOGS,
2025-12-11,TIGERLOGS,
2025-12-12,TIGERLOGS,
2025-12-15,TIGERLOGS,
2025-12-16,TIGERLOGS,
2025-12-17,TIGERLOGS,
2025-12-18,TIGERLOGS,
2025-12-19,TIGERLOGS,
2025-12-22,TIGERLOGS,
2025-12-23,TIGERLOGS,
2025-12-24,TIGERLOGS,
2025-12-26,TIGERLOGS,
2025-12-29,TIGERLOGS,
2025-12-30,TIGERLOGS,
2025-12-31,TIGERLOGS,
2026-01-01,TIGERLOGS,
2026-01-02,TIGERLOGS,
2026-01-05,TIGERLOGS,
2026-01-06,TIGERLOGS,
2026-01-07,TIGERLOGS,
2026-01-08,TIGERLOGS,
2026-01-09,TIGERLOGS,
2026-01-12,TIGERLOGS,
2026-01-13,TIGERLOGS,
2026-01-14,TIGERLOGS,
2026-01-16,TIGERLOGS,
2026-01-19,TIGERLOGS,
2026-01-20,TIGERLOGS,
2026-01-21,TIGERLOGS,
2026-01-22,TIGERLOGS,
2026-01-23,TIGERLOGS,
2026-01-27,TIGERLOGS,
2026-01-28,TIGERLOGS,
2026-01-29,TIGERLOGS,
2026-01-30,TIGERLOGS,
2026-02-02,TIGERLOGS,
2026-02-03,TIGERLOGS,
2026-02-04,TIGERLOGS,
2026-02-05,TIGERLOGS,
2026-02-06,TIGERLOGS,
2026-02-09,TIGERLOGS,
2026-02-10,TIGERLOGS,
2026-02-11,TIGERLOGS,
2026-02-12,TIGERLOGS,
2026-02-13,TIGERLOGS,
2026-02-16,TIGERLOGS,
2026-02-17,TIGERLOGS,
2026-02-18,TIGERLOGS,
2026-02-19,TIGERLOGS,
2026-02-20,TIGERLOGS,
2026-02-23,TIGERLOGS,
2026-02-24,TIGERLOGS,
2026-02-25,TIGERLOGS,
2026-02-26,TIGERLOGS,
2026-02-27,TIGERLOGS,
2026-03-02,TIGERLOGS,
2026-03-04,TIGERLOGS,
2026-03-05,TIGERLOGS,
2026-03-06,TIGERLOGS,
2026-03-09,TIGERLOGS,
2026-03-10,TIGERLOGS,
2026-03-11,TIGERLOGS,
2026-03-12,TIGERLOGS,
2026-03-13,TIGERLOGS,
2026-03-16,TIGERLOGS,
2026-03-17,TIGERLOGS,
2026-03-18,TIGERLOGS,
2026-03-19,TIGERLOGS,
2026-03-20,TIGERLOGS,
2026-03-23,TIGERLOGS,
2026-03-24,TIGERLOGS,
2026-03-25,TIGERLOGS,
2026-03-27,TIGERLOGS,
2026-03-30,TIGERLOGS,
2026-04-01,TIGERLOGS,
2026-04-02,TIGERLOGS,
2026-04-06,TIGERLOGS,
2026-04-07,TIGERLOGS,
2026-04-08,TIGERLOGS,
2026-04-09,TIGERLOGS,
2026-04-10,TIGERLOGS,
2026-04-13,TIGERLOGS,
2026-04-15,TIGERLOGS,
2026-04-16,TIGERLOGS,
2026-04-17,TIGERLOGS,
2026-04-20,TIGERLOGS,
2026-04-21,TIGERLOGS,
2026-04-22,TIGERLOGS,
2026-04-23,TIGERLOGS,
2026-04-24,TIGERLOGS,
2026-04-27,TIGERLOGS,
2026-04-28,TIGERLOGS,
2026-04-29,TIGERLOGS,
2026-04-30,TIGERLOGS,
2026-05-04,TIGERLOGS,
2026-05-05,TIGERLOGS,
2026-05-06,TIGERLOGS,
2026-05-07,TIGERLOGS,
2026-05-08,TIGERLOGS,
2026-05-11,TIGERLOGS,
2026-05-12,TIGERLOGS,
2026-05-13,TIGERLOGS,
2026-05-14,TIGERLOGS,
2026-05-15,TIGERLOGS,
2026-05-18,TIGERLOGS,
2026-05-19,TIGERLOGS,
2026-05-20,TIGERLOGS,
2026-05-21,TIGERLOGS,
2026-05-22,TIGERLOGS,
2026-05-25,TIGERLOGS,
2026-05-26,TIGERLOGS,
2026-05-27,TIGERLOGS,
2026-05-29,TIGERLOGS,
2026-06-01,TIGERLOGS,
2026-06-02,TIGERLOGS,
2026-06-03,TIGERLOGS,
2026-06-04,TIGERLOGS,33.2687
2026-06-05,TIGERLOGS,33.7815
2026-06-08,TIGERLOGS,33.7815
2026-06-09,TIGERLOGS,33.7815
2026-06-10,TIGERLOGS,34.7195
2026-06-11,TIGERLOGS,34.7195
2026-06-12,TIGERLOGS,34.7195
2026-06-15,TIGERLOGS,34.8844
2026-06-16,TIGERLOGS,34.8844
2026-06-17,TIGERLOGS,34.8844
2026-06-18,TIGERLOGS,34.8844
2026-06-19,TIGERLOGS,34.8844
2026-06-22,TIGERLOGS,34.8844
2026-06-23,TIGERLOGS,35.7323
2026-06-24,TIGERLOGS,36.1764
2026-06-25,TIGERLOGS,36.4653
2026-06-29,TIGERLOGS,36.6138
2026-06-30,TIGERLOGS,36.6999
2026-07-01,TIGERLOGS,36.6999
2026-07-02,TIGERLOGS,36.6999
2026-07-03,TIGERLOGS,36.6999
2026-07-06,TIGERLOGS,36.6999
2026-07-07,TIGERLOGS,36.6999
2026-07-08,TIGERLOGS,36.6999
2026-07-09,TIGERLOGS,36.6999
2026-07-10,TIGERLOGS,36.6999
2026-07-13,TIGERLOGS,36.6999
2026-07-14,TIGERLOGS,36.6999
2026-07-15,TIGERLOGS,36.6999
2026-07-16,TIGERLOGS,36.6999
2026-07-17,TIGERLOGS,36.6999
2026-07-20,TIGERLOGS,36.6999
2026-07-21,TIGERLOGS,36.6999
2026-07-22,TIGERLOGS,36.6999
2026-07-23,TIGERLOGS,36.6999
2026-07-24,TIGERLOGS,36.6999
2026-07-27,TIGERLOGS,36.6999
2026-07-28,TIGERLOGS,36.6999
2026-07-29,TIGERLOGS,36.6999
2026-07-30,TIGERLOGS,36.6999
2026-07-31,TIGERLOGS,36.6999
2026-08-03,TIGERLOGS,36.6999
2026-08-04,TIGERLOGS,36.6999
2026-08-05,TIGERLOGS,36.6999
2026-08-06,TIGERLOGS,36.6999
2026-08-07,TIGERLOGS,36.6999
2026-08-10,TIGERLOGS,36.6999
2026-08-11,TIGERLOGS,36.6999
2026-08-12,TIGERLOGS,36.6999
2026-08-13,TIGERLOGS,36.6999
2026-08-14,TIGERLOGS,36.6999
2026-08-17,TIGERLOGS,36.6999
2026-08-18,TIGERLOGS,36.6999
2026-08-19,TIGERLOGS,35.771
2026-08-20,TIGERLOGS,35.058
2026-08-21,TIGERLOGS,35.058
2026-08-24,TIGERLOGS,34.5355
2026-08-25,TIGERLOGS,34.5355
2026-08-26,TIGERLOGS,34.5355
2026-08-27,TIGERLOGS,34.5355
2026-08-28,TIGERLOGS,34.5355
2026-08-31,TIGERLOGS,34.5355
2026-09-01,TIGERLOGS,34.5355
2026-09-02,TIGERLOGS,34.5355
2026-09-03,TIGERLOGS,34.5355
2026-09-04,TIGERLOGS,34.5355
2026-09-07,TIGERLOGS,34.5355
2026-09-08,TIGERLOGS,34.5355
2026-09-09,TIGERLOGS,34.5355
2026-09-10,TIGERLOGS,34.5355
2026-09-11,TIGERLOGS,34.5355
2025-10-03,TRUALT,
2025-10-06,TRUALT,
2025-10-07,TRUALT,
2025-10-08,TRUALT,
2025-10-09,TRUALT,
2025-10-10,TRUALT,
2025-10-13,TRUALT,
2025-10-14,TRUALT,
2025-10-15,TRUALT,
2025-10-16,TRUALT,
2025-10-17,TRUALT,
2025-10-20,TRUALT,
2025-10-21,TRUALT,
2025-10-23,TRUALT,
2025-10-24,TRUALT,
2025-10-27,TRUALT,
2025-10-28,TRUALT,
2025-10-29,TRUALT,
2025-10-30,TRUALT,
2025-10-31,TRUALT,
2025-11-03,TRUALT,
2025-11-04,TRUALT,
2025-11-06,TRUALT,
2025-11-07,TRUALT,
2025-11-10,TRUALT,
2025-11-11,TRUALT,
2025-11-12,TRUALT,
2025-11-13,TRUALT,
2025-11-14,TRUALT,
2025-11-17,TRUALT,
2025-11-18,TRUALT,
2025-11-19,TRUALT,
2025-11-20,TRUALT,
2025-11-21,TRUALT,
2025-11-24,TRUALT,
2025-11-25,TRUALT,
2025-11-26,TRUALT,
2025-11-27,TRUALT,
2025-11-28,TRUALT,
2025-12-01,TRUALT,
2025-12-02,TRUALT,
2025-12-03,TRUALT,
2025-12-04,TRUALT,
2025-12-05,TRUALT,
2025-12-08,TRUALT,
2025-12-09,TRUALT,
2025-12-10,TRUALT,
2025-12-11,TRUALT,
2025-12-12,TRUALT,
2025-12-15,TRUALT,
2025-12-16,TRUALT,
2025-12-17,TRUALT,
2025-12-18,TRUALT,
2025-12-19,TRUALT,
2025-12-22,TRUALT,
2025-12-23,TRUALT,
2025-12-24,TRUALT,
2025-12-26,TRUALT,
2025-12-29,TRUALT,
2025-12-30,TRUALT,
2025-12-31,TRUALT,
2026-01-01,TRUALT,
2026-01-02,TRUALT,
2026-01-05,TRUALT,
2026-01-06,TRUALT,
2026-01-07,TRUALT,
2026-01-08,TRUALT,
2026-01-09,TRUALT,
2026-01-12,TRUALT,
2026-01-13,TRUALT,
2026-01-14,TRUALT,
2026-01-16,TRUALT,
2026-01-19,TRUALT,
2026-01-20,TRUALT,
2026-01-21,TRUALT,
2026-01-22,TRUALT,
2026-01-23,TRUALT,
2026-01-27,TRUALT,
2026-01-28,TRUALT,
2026-01-29,TRUALT,
2026-01-30,TRUALT,
2026-02-02,TRUALT,
2026-02-03,TRUALT,
2026-02-04,TRUALT,
2026-02-05,TRUALT,
2026-02-06,TRUALT,
2026-02-09,TRUALT,
2026-02-10,TRUALT,
2026-02-11,TRUALT,
2026-02-12,TRUALT,
2026-02-13,TRUALT,
2026-02-16,TRUALT,
2026-02-17,TRUALT,
2026-02-18,TRUALT,
2026-02-19,TRUALT,
2026-02-20,TRUALT,
2026-02-23,TRUALT,
2026-02-24,TRUALT,
2026-02-25,TRUALT,
2026-02-26,TRUALT,
2026-02-27,TRUALT,
2026-03-02,TRUALT,
2026-03-04,TRUALT,
2026-03-05,TRUALT,
2026-03-06,TRUALT,
2026-03-09,TRUALT,
2026-03-10,TRUALT,
2026-03-11,TRUALT,
2026-03-12,TRUALT,
2026-03-13,TRUALT,
2026-03-16,TRUALT,
2026-03-17,TRUALT,
2026-03-18,TRUALT,
2026-03-19,TRUALT,
2026-03-20,TRUALT,
2026-03-23,TRUALT,
2026-03-24,TRUALT,
2026-03-25,TRUALT,
2026-03-27,TRUALT,
2026-03-30,TRUALT,
2026-04-01,TRUALT,
2026-04-02,TRUALT,
2026-04-06,TRUALT,
2026-04-07,TRUALT,
2026-04-08,TRUALT,
2026-04-09,TRUALT,
2026-04-10,TRUALT,
2026-04-13,TRUALT,
2026-04-15,TRUALT,
2026-04-16,TRUALT,
2026-04-17,TRUALT,
2026-04-20,TRUALT,
2026-04-21,TRUALT,
2026-04-22,TRUALT,
2026-04-23,TRUALT,
2026-04-24,TRUALT,
2026-04-27,TRUALT,
2026-04-28,TRUALT,
2026-04-29,TRUALT,
2026-04-30,TRUALT,
2026-05-04,TRUALT,
2026-05-05,TRUALT,
2026-05-06,TRUALT,
2026-05-07,TRUALT,
2026-05-08,TRUALT,
2026-05-11,TRUALT,
2026-05-12,TRUALT,
2026-05-13,TRUALT,
2026-05-14,TRUALT,
2026-05-15,TRUALT,
2026-05-18,TRUALT,
2026-05-19,TRUALT,
2026-05-20,TRUALT,
2026-05-21,TRUALT,
2026-05-22,TRUALT,
2026-05-25,TRUALT,
2026-05-26,TRUALT,
2026-05-27,TRUALT,
2026-05-29,TRUALT,
2026-06-01,TRUALT,
2026-06-02,TRUALT,
2026-06-03,TRUALT,
2026-06-04,TRUALT,
2026-06-05,TRUALT,
2026-06-08,TRUALT,
2026-06-09,TRUALT,
2026-06-10,TRUALT,
2026-06-11,TRUALT,
2026-06-12,TRUALT,
2026-06-15,TRUALT,
2026-06-16,TRUALT,
2026-06-17,TRUALT,
2026-06-18,TRUALT,
2026-06-19,TRUALT,
2026-06-22,TRUALT,
2026-06-23,TRUALT,
2026-06-24,TRUALT,
2026-06-25,TRUALT,
2026-06-29,TRUALT,
2026-06-30,TRUALT,
2026-07-01,TRUALT,
2026-07-02,TRUALT,
2026-07-03,TRUALT,
2026-07-06,TRUALT,
2026-07-07,TRUALT,
2026-07-08,TRUALT,
2026-07-09,TRUALT,
2026-07-10,TRUALT,
2026-07-13,TRUALT,
2026-07-14,TRUALT,
2026-07-15,TRUALT,
2026-07-16,TRUALT,
2026-07-17,TRUALT,
2026-07-20,TRUALT,
2026-07-21,TRUALT,
2026-07-22,TRUALT,
2026-07-23,TRUALT,
2026-07-24,TRUALT,
2026-07-27,TRUALT,
2026-07-28,TRUALT,
2026-07-29,TRUALT,
2026-07-30,TRUALT,
2026-07-31,TRUALT,
2026-08-03,TRUALT,
2026-08-04,TRUALT,
2026-08-05,TRUALT,462.9798
2026-08-06,TRUALT,462.9798
2026-08-07,TRUALT,473.6312
2026-08-10,TRUALT,475.1611
2026-08-11,TRUALT,475.3737
2026-08-12,TRUALT,474.9692
2026-08-13,TRUALT,474.9692
2026-08-14,TRUALT,474.9692
2026-08-17,TRUALT,474.9692
2026-08-18,TRUALT,474.9692
2026-08-19,TRUALT,474.9692
2026-08-20,TRUALT,474.9692
2026-08-21,TRUALT,474.9692
2026-08-24,TRUALT,474.9692
2026-08-25,TRUALT,474.9692
2026-08-26,TRUALT,474.9692
2026-08-27,TRUALT,474.9692
2026-08-28,TRUALT,474.9692
2026-08-31,TRUALT,474.9692
2026-09-01,TRUALT,474.9692
2026-09-02,TRUALT,474.9692
2026-09-03,TRUALT,474.9692
2026-09-04,TRUALT,474.9692
2026-09-07,TRUALT,474.9692
2026-09-08,TRUALT,474.9692
2026-09-09,TRUALT,474.9692
2026-09-10,TRUALT,474.9692
2026-09-11,TRUALT,474.9692
2025-09-01,UYFINCORP,
2025-09-02,UYFINCORP,
2025-09-03,UYFINCORP,
2025-09-04,UYFINCORP,
2025-09-05,UYFINCORP,
2025-09-08,UYFINCORP,
2025-09-09,UYFINCORP,
2025-09-10,UYFINCORP,
2025-09-11,UYFINCORP,
2025-09-12,UYFINCORP,
2025-09-15,UYFINCORP,
2025-09-16,UYFINCORP,
2025-09-17,UYFINCORP,
2025-09-18,UYFINCORP,
2025-09-19,UYFINCORP,
2025-09-22,UYFINCORP,
2025-09-23,UYFINCORP,
2025-09-24,UYFINCORP,
2025-09-25,UYFINCORP,
2025-09-26,UYFINCORP,
2025-09-29,UYFINCORP,
2025-09-30,UYFINCORP,
2025-10-01,UYFINCORP,
2025-10-03,UYFINCORP,
2025-10-06,UYFINCORP,
2025-10-07,UYFINCORP,
2025-10-08,UYFINCORP,
2025-10-09,UYFINCORP,
2025-10-10,UYFINCORP,
2025-10-13,UYFINCORP,
2025-10-14,UYFINCORP,
2025-10-15,UYFINCORP,
2025-10-16,UYFINCORP,
2025-10-17,UYFINCORP,
2025-10-20,UYFINCORP,
2025-10-21,UYFINCORP,
2025-10-23,UYFINCORP,
2025-10-24,UYFINCORP,
2025-10-27,UYFINCORP,
2025-10-28,UYFINCORP,
2025-10-29,UYFINCORP,
2025-10-30,UYFINCORP,
2025-10-31,UYFINCORP,
2025-11-03,UYFINCORP,
2025-11-04,UYFINCORP,
2025-11-06,UYFINCORP,
2025-11-07,UYFINCORP,
2025-11-10,UYFINCORP,
2025-11-11,UYFINCORP,
2025-11-12,UYFINCORP,
2025-11-13,UYFINCORP,
2025-11-14,UYFINCORP,
2025-11-17,UYFINCORP,
2025-11-18,UYFINCORP,
2025-11-19,UYFINCORP,
2025-11-20,UYFINCORP,
2025-11-21,UYFINCORP,
2025-11-24,UYFINCORP,
2025-11-25,UYFINCORP,
2025-11-26,UYFINCORP,
2025-11-27,UYFINCORP,
2025-11-28,UYFINCORP,
2025-12-01,UYFINCORP,
2025-12-02,UYFINCORP,
2025-12-03,UYFINCORP,
2025-12-04,UYFINCORP,
2025-12-05,UYFINCORP,
2025-12-08,UYFINCORP,
2025-12-09,UYFINCORP,
2025-12-10,UYFINCORP,
2025-12-11,UYFINCORP,
2025-12-12,UYFINCORP,
2025-12-15,UYFINCORP,
2025-12-16,UYFINCORP,
2025-12-17,UYFINCORP,
2025-12-18,UYFINCORP,
2025-12-19,UYFINCORP,
2025-12-22,UYFINCORP,
2025-12-23,UYFINCORP,
2025-12-24,UYFINCORP,
2025-12-26,UYFINCORP,
2025-12-29,UYFINCORP,
2025-12-30,UYFINCORP,
2025-12-31,UYFINCORP,
2026-01-01,UYFINCORP,
2026-01-02,UYFINCORP,
2026-01-05,UYFINCORP,
2026-01-06,UYFINCORP,
2026-01-07,UYFINCORP,
2026-01-08,UYFINCORP,
2026-01-09,UYFINCORP,
2026-01-12,UYFINCORP,
2026-01-13,UYFINCORP,
2026-01-14,UYFINCORP,
2026-01-16,UYFINCORP,
2026-01-19,UYFINCORP,
2026-01-20,UYFINCORP,
2026-01-21,UYFINCORP,
2026-01-22,UYFINCORP,
2026-01-23,UYFINCORP,
2026-01-27,UYFINCORP,
2026-01-28,UYFINCORP,
2026-01-29,UYFINCORP,
2026-01-30,UYFINCORP,
2026-02-02,UYFINCORP,
2026-02-03,UYFINCORP,
2026-02-04,UYFINCORP,
2026-02-05,UYFINCORP,
2026-02-06,UYFINCORP,
2026-02-09,UYFINCORP,
2026-02-10,UYFINCORP,
2026-02-11,UYFINCORP,
2026-02-12,UYFINCORP,
2026-02-13,UYFINCORP,
2026-02-16,UYFINCORP,
2026-02-17,UYFINCORP,
2026-02-18,UYFINCORP,
2026-02-19,UYFINCORP,
2026-02-20,UYFINCORP,
2026-02-23,UYFINCORP,
2026-02-24,UYFINCORP,
2026-02-25,UYFINCORP,
2026-02-26,UYFINCORP,
2026-02-27,UYFINCORP,
2026-03-02,UYFINCORP,
2026-03-04,UYFINCORP,
2026-03-05,UYFINCORP,
2026-03-06,UYFINCORP,
2026-03-09,UYFINCORP,
2026-03-10,UYFINCORP,
2026-03-11,UYFINCORP,
2026-03-12,UYFINCORP,
2026-03-13,UYFINCORP,
2026-03-16,UYFINCORP,
2026-03-17,UYFINCORP,
2026-03-18,UYFINCORP,
2026-03-19,UYFINCORP,
2026-03-20,UYFINCORP,
2026-03-23,UYFINCORP,
2026-03-24,UYFINCORP,
2026-03-25,UYFINCORP,
2026-03-27,UYFINCORP,
2026-03-30,UYFINCORP,
2026-04-01,UYFINCORP,
2026-04-02,UYFINCORP,
2026-04-06,UYFINCORP,
2026-04-07,UYFINCORP,
2026-04-08,UYFINCORP,
2026-04-09,UYFINCORP,
2026-04-10,UYFINCORP,
2026-04-13,UYFINCORP,
2026-04-15,UYFINCORP,
2026-04-16,UYFINCORP,
2026-04-17,UYFINCORP,
2026-04-20,UYFINCORP,
2026-04-21,UYFINCORP,
2026-04-22,UYFINCORP,
2026-04-23,UYFINCORP,
2026-04-24,UYFINCORP,
2026-04-27,UYFINCORP,
2026-04-28,UYFINCORP,
2026-04-29,UYFINCORP,
2026-04-30,UYFINCORP,
2026-05-04,UYFINCORP,
2026-05-05,UYFINCORP,
2026-05-06,UYFINCORP,
2026-05-07,UYFINCORP,
2026-05-08,UYFINCORP,
2026-05-11,UYFINCORP,
2026-05-12,UYFINCORP,
2026-05-13,UYFINCORP,
2026-05-14,UYFINCORP,
2026-05-15,UYFINCORP,
2026-05-18,UYFINCORP,
2026-05-19,UYFINCORP,
2026-05-20,UYFINCORP,
2026-05-21,UYFINCORP,
2026-05-22,UYFINCORP,
2026-05-25,UYFINCORP,
2026-05-26,UYFINCORP,
2026-05-27,UYFINCORP,
2026-05-29,UYFINCORP,
2026-06-01,UYFINCORP,
2026-06-02,UYFINCORP,
2026-06-03,UYFINCORP,
2026-06-04,UYFINCORP,
2026-06-05,UYFINCORP,
2026-06-08,UYFINCORP,
2026-06-09,UYFINCORP,
2026-06-10,UYFINCORP,
2026-06-11,UYFINCORP,
2026-06-12,UYFINCORP,
2026-06-15,UYFINCORP,
2026-06-16,UYFINCORP,
2026-06-17,UYFINCORP,
2026-06-18,UYFINCORP,
2026-06-19,UYFINCORP,
2026-06-22,UYFINCORP,
2026-06-23,UYFINCORP,
2026-06-24,UYFINCORP,
2026-06-25,UYFINCORP,
2026-06-29,UYFINCORP,
2026-06-30,UYFINCORP,
2026-07-01,UYFINCORP,
2026-07-02,UYFINCORP,
2026-07-03,UYFINCORP,
2026-07-06,UYFINCORP,
2026-07-07,UYFINCORP,
2026-07-08,UYFINCORP,
2026-07-09,UYFINCORP,
2026-07-10,UYFINCORP,
2026-07-13,UYFINCORP,
2026-07-14,UYFINCORP,
2026-07-15,UYFINCORP,
2026-07-16,UYFINCORP,
2026-07-17,UYFINCORP,
2026-07-20,UYFINCORP,
2026-07-21,UYFINCORP,
2026-07-22,UYFINCORP,
2026-07-23,UYFINCORP,
2026-07-24,UYFINCORP,
2026-07-27,UYFINCORP,
2026-07-28,UYFINCORP,
2026-07-29,UYFINCORP,
2026-07-30,UYFINCORP,
2026-07-31,UYFINCORP,
2026-08-03,UYFINCORP,
2026-08-04,UYFINCORP,
2026-08-05,UYFINCORP,
2026-08-06,UYFINCORP,
2026-08-07,UYFINCORP,
2026-08-10,UYFINCORP,
2026-08-11,UYFINCORP,
2026-08-12,UYFINCORP,
2026-08-13,UYFINCORP,
2026-08-14,UYFINCORP,
2026-08-17,UYFINCORP,21.2728
2026-08-18,UYFINCORP,21.2728
2026-08-19,UYFINCORP,21.0074
2026-08-20,UYFINCORP,21.0074
2026-08-21,UYFINCORP,21.0074
2026-08-24,UYFINCORP,21.0074
2026-08-25,UYFINCORP,21.0074
2026-08-26,UYFINCORP,21.0074
2026-08-27,UYFINCORP,21.0074
2026-08-28,UYFINCORP,21.0074
2026-08-31,UYFINCORP,21.0074
2026-09-01,UYFINCORP,21.0074
2026-09-02,UYFINCORP,21.0074
2026-09-03,UYFINCORP,21.0074
2026-09-04,UYFINCORP,21.0074
2026-09-07,UYFINCORP,21.0074
2026-09-08,UYFINCORP,21.0074
2026-09-09,UYFINCORP,21.0074
2026-09-10,UYFINCORP,21.0074
2026-09-11,UYFINCORP,21.0074
2026-06-02,VIVIANA,
2026-06-03,VIVIANA,
2026-06-04,VIVIANA,
2026-06-05,VIVIANA,
2026-06-08,VIVIANA,
2026-06-09,VIVIANA,
2026-06-10,VIVIANA,
2026-06-11,VIVIANA,
2026-06-12,VIVIANA,
2026-06-15,VIVIANA,
2026-06-16,VIVIANA,
2026-06-17,VIVIANA,
2026-06-18,VIVIANA,
2026-06-19,VIVIANA,810.1556
2026-06-22,VIVIANA,810.1556
2026-06-23,VIVIANA,810.1556
2026-06-24,VIVIANA,810.1556
2026-06-25,VIVIANA,810.1556
2026-06-29,VIVIANA,815.157
2026-06-30,VIVIANA,815.157
2026-07-01,VIVIANA,815.157
2026-07-02,VIVIANA,815.157
2026-07-03,VIVIANA,815.157
2026-07-06,VIVIANA,815.157
2026-07-07,VIVIANA,815.157
2026-07-08,VIVIANA,815.157
2026-07-09,VIVIANA,815.157
2026-07-10,VIVIANA,815.157
2026-07-13,VIVIANA,815.157
2026-07-14,VIVIANA,815.157
2026-07-15,VIVIANA,815.157
2026-07-16,VIVIANA,815.157
2026-07-17,VIVIANA,815.157
2026-07-20,VIVIANA,815.157
2026-07-21,VIVIANA,815.157
2026-07-22,VIVIANA,815.157
2026-07-23,VIVIANA,815.157
2026-07-24,VIVIANA,815.157
2026-07-27,VIVIANA,815.157
2026-07-28,VIVIANA,815.157
2026-07-29,VIVIANA,815.157
2026-07-30,VIVIANA,815.157
2026-07-31,VIVIANA,815.157
2026-08-03,VIVIANA,815.157
2026-08-04,VIVIANA,815.157
2026-08-05,VIVIANA,815.157
2026-08-06,VIVIANA,815.157
2026-08-07,VIVIANA,815.157
2026-08-10,VIVIANA,815.157
2026-08-11,VIVIANA,815.157
2026-08-12,VIVIANA,815.157
2026-08-13,VIVIANA,815.157
2026-08-14,VIVIANA,815.157
2026-08-17,VIVIANA,815.157
2026-08-18,VIVIANA,815.157
2026-08-19,VIVIANA,815.157
2026-08-20,VIVIANA,815.157
2026-08-21,VIVIANA,815.157
2026-08-24,VIVIANA,815.157
2026-08-25,VIVIANA,815.157
2026-08-26,VIVIANA,815.157
2026-08-27,VIVIANA,815.157
2026-08-28,VIVIANA,815.157
2026-08-31,VIVIANA,815.157
2026-09-01,VIVIANA,815.157
2026-09-02,VIVIANA,815.157
2026-09-03,VIVIANA,815.157
2026-09-04,VIVIANA,815.157
2026-09-07,VIVIANA,815.157
2026-09-08,VIVIANA,815.157
2026-09-09,VIVIANA,815.157
2026-09-10,VIVIANA,815.157
2026-09-11,VIVIANA,815.157
2025-09-01,VSTL,
2025-09-02,VSTL,
2025-09-03,VSTL,
2025-09-04,VSTL,
2025-09-05,VSTL,
2025-09-08,VSTL,
2025-09-09,VSTL,
2025-09-10,VSTL,
2025-09-11,VSTL,
2025-09-12,VSTL,
2025-09-15,VSTL,
2025-09-16,VSTL,
2025-09-17,VSTL,
2025-09-18,VSTL,
2025-09-19,VSTL,
2025-09-22,VSTL,
2025-09-23,VSTL,
2025-09-24,VSTL,
2025-09-25,VSTL,
2025-09-26,VSTL,
2025-09-29,VSTL,
2025-09-30,VSTL,
2025-10-01,VSTL,
2025-10-03,VSTL,
2025-10-06,VSTL,
2025-10-07,VSTL,
2025-10-08,VSTL,
2025-10-09,VSTL,
2025-10-10,VSTL,
2025-10-13,VSTL,
2025-10-14,VSTL,
2025-10-15,VSTL,
2025-10-16,VSTL,
2025-10-17,VSTL,
2025-10-20,VSTL,
2025-10-21,VSTL,
2025-10-23,VSTL,
2025-10-24,VSTL,
2025-10-27,VSTL,
2025-10-28,VSTL,
2025-10-29,VSTL,
2025-10-30,VSTL,
2025-10-31,VSTL,
2025-11-03,VSTL,
2025-11-04,VSTL,
2025-11-06,VSTL,
2025-11-07,VSTL,
2025-11-10,VSTL,
2025-11-11,VSTL,
2025-11-12,VSTL,
2025-11-13,VSTL,
2025-11-14,VSTL,
2025-11-17,VSTL,
2025-11-18,VSTL,
2025-11-19,VSTL,
2025-11-20,VSTL,
2025-11-21,VSTL,
2025-11-24,VSTL,
2025-11-25,VSTL,
2025-11-26,VSTL,
2025-11-27,VSTL,
2025-11-28,VSTL,
2025-12-01,VSTL,
2025-12-02,VSTL,
2025-12-03,VSTL,
2025-12-04,VSTL,
2025-12-05,VSTL,
2025-12-08,VSTL,
2025-12-09,VSTL,
2025-12-10,VSTL,
2025-12-11,VSTL,
2025-12-12,VSTL,
2025-12-15,VSTL,
2025-12-16,VSTL,
2025-12-17,VSTL,
2025-12-18,VSTL,
2025-12-19,VSTL,
2025-12-22,VSTL,
2025-12-23,VSTL,
2025-12-24,VSTL,
2025-12-26,VSTL,
2025-12-29,VSTL,
2025-12-30,VSTL,
2025-12-31,VSTL,
2026-01-01,VSTL,
2026-01-02,VSTL,
2026-01-05,VSTL,
2026-01-06,VSTL,
2026-01-07,VSTL,
2026-01-08,VSTL,
2026-01-09,VSTL,
2026-01-12,VSTL,
2026-01-13,VSTL,
2026-01-14,VSTL,
2026-01-16,VSTL,
2026-01-19,VSTL,
2026-01-20,VSTL,
2026-01-21,VSTL,
2026-01-22,VSTL,
2026-01-23,VSTL,
2026-01-27,VSTL,
2026-01-28,VSTL,
2026-01-29,VSTL,
2026-01-30,VSTL,
2026-02-02,VSTL,
2026-02-03,VSTL,
2026-02-04,VSTL,
2026-02-05,VSTL,
2026-02-06,VSTL,
2026-02-09,VSTL,
2026-02-10,VSTL,
2026-02-11,VSTL,
2026-02-12,VSTL,
2026-02-13,VSTL,
2026-02-16,VSTL,
2026-02-17,VSTL,
2026-02-18,VSTL,
2026-02-19,VSTL,
2026-02-20,VSTL,
2026-02-23,VSTL,
2026-02-24,VSTL,
2026-02-25,VSTL,
2026-02-26,VSTL,
2026-02-27,VSTL,
2026-03-02,VSTL,
2026-03-04,VSTL,
2026-03-05,VSTL,
2026-03-06,VSTL,
2026-03-09,VSTL,
2026-03-10,VSTL,
2026-03-11,VSTL,
2026-03-12,VSTL,
2026-03-13,VSTL,
2026-03-16,VSTL,
2026-03-17,VSTL,
2026-03-18,VSTL,
2026-03-19,VSTL,
2026-03-20,VSTL,
2026-03-23,VSTL,
2026-03-24,VSTL,
2026-03-25,VSTL,
2026-03-27,VSTL,
2026-03-30,VSTL,
2026-04-01,VSTL,
2026-04-02,VSTL,
2026-04-06,VSTL,
2026-04-07,VSTL,
2026-04-08,VSTL,
2026-04-09,VSTL,
2026-04-10,VSTL,
2026-04-13,VSTL,
2026-04-15,VSTL,
2026-04-16,VSTL,
2026-04-17,VSTL,
2026-04-20,VSTL,
2026-04-21,VSTL,
2026-04-22,VSTL,
2026-04-23,VSTL,
2026-04-24,VSTL,
2026-04-27,VSTL,
2026-04-28,VSTL,
2026-04-29,VSTL,
2026-04-30,VSTL,
2026-05-04,VSTL,
2026-05-05,VSTL,
2026-05-06,VSTL,
2026-05-07,VSTL,
2026-05-08,VSTL,
2026-05-11,VSTL,
2026-05-12,VSTL,
2026-05-13,VSTL,
2026-05-14,VSTL,
2026-05-15,VSTL,
2026-05-18,VSTL,
2026-05-19,VSTL,
2026-05-20,VSTL,
2026-05-21,VSTL,
2026-05-22,VSTL,
2026-05-25,VSTL,
2026-05-26,VSTL,
2026-05-27,VSTL,
2026-05-29,VSTL,
2026-06-01,VSTL,
2026-06-02,VSTL,
2026-06-03,VSTL,
2026-06-04,VSTL,
2026-06-05,VSTL,
2026-06-08,VSTL,116.1263
2026-06-09,VSTL,116.8486
2026-06-10,VSTL,117.5659
2026-06-11,VSTL,117.7097
2026-06-12,VSTL,117.8756
2026-06-15,VSTL,117.8756
2026-06-16,VSTL,117.8756
2026-06-17,VSTL,117.8756
2026-06-18,VSTL,117.8756
2026-06-19,VSTL,117.8756
2026-06-22,VSTL,117.8756
2026-06-23,VSTL,117.8756
2026-06-24,VSTL,117.8756
2026-06-25,VSTL,117.8756
2026-06-29,VSTL,117.8756
2026-06-30,VSTL,117.8756
2026-07-01,VSTL,117.8756
2026-07-02,VSTL,117.8756
2026-07-03,VSTL,117.8756
2026-07-06,VSTL,117.8756
2026-07-07,VSTL,117.8756
2026-07-08,VSTL,117.8756
2026-07-09,VSTL,117.8756
2026-07-10,VSTL,117.8756
2026-07-13,VSTL,117.8756
2026-07-14,VSTL,117.8756
2026-07-15,VSTL,117.8756
2026-07-16,VSTL,117.8756
2026-07-17,VSTL,117.8756
2026-07-20,VSTL,117.8756
2026-07-21,VSTL,117.8756
2026-07-22,VSTL,117.8756
2026-07-23,VSTL,117.8756
2026-07-24,VSTL,117.8756
2026-07-27,VSTL,117.8756
2026-07-28,VSTL,117.8756
2026-07-29,VSTL,117.8756
2026-07-30,VSTL,117.8756
2026-07-31,VSTL,117.8756
2026-08-03,VSTL,117.8756
2026-08-04,VSTL,117.8756
2026-08-05,VSTL,117.8756
2026-08-06,VSTL,117.8756
2026-08-07,VSTL,117.8756
2026-08-10,VSTL,117.8756
2026-08-11,VSTL,117.8756
2026-08-12,VSTL,117.8756
2026-08-13,VSTL,117.8756
2026-08-14,VSTL,117.8756
2026-08-17,VSTL,115.9329
2026-08-18,VSTL,115.3274
2026-08-19,VSTL,114.8185
2026-08-20,VSTL,114.8185
2026-08-21,VSTL,114.8185
2026-08-24,VSTL,114.2522
2026-08-25,VSTL,114.2522
2026-08-26,VSTL,114.2522
2026-08-27,VSTL,114.2522
2026-08-28,VSTL,114.2522
2026-08-31,VSTL,113.4995
2026-09-01,VSTL,113.4235
2026-09-02,VSTL,113.4591
2026-09-03,VSTL,113.5918
2026-09-04,VSTL,113.5918
2026-09-07,VSTL,113.5918
2026-09-08,VSTL,113.5918
2026-09-09,VSTL,113.5918
2026-09-10,VSTL,113.5918
2026-09-11,VSTL,113.5918
2025-09-01,WCIL,
2025-09-02,WCIL,
2025-09-03,WCIL,
2025-09-04,WCIL,
2025-09-05,WCIL,
2025-09-08,WCIL,
2025-09-09,WCIL,
2025-09-10,WCIL,
2025-09-11,WCIL,
2025-09-12,WCIL,
2025-09-15,WCIL,
2025-09-16,WCIL,
2025-09-17,WCIL,
2025-09-18,WCIL,
2025-09-19,WCIL,
2025-09-22,WCIL,
2025-09-23,WCIL,
2025-09-24,WCIL,
2025-09-25,WCIL,
2025-09-26,WCIL,
2025-09-29,WCIL,
2025-09-30,WCIL,
2025-10-01,WCIL,
2025-10-03,WCIL,
2025-10-06,WCIL,
2025-10-07,WCIL,
2025-10-08,WCIL,
2025-10-09,WCIL,
2025-10-10,WCIL,
2025-10-13,WCIL,
2025-10-14,WCIL,
2025-10-15,WCIL,
2025-10-16,WCIL,
2025-10-17,WCIL,
2025-10-20,WCIL,
2025-10-21,WCIL,
2025-10-23,WCIL,
2025-10-24,WCIL,
2025-10-27,WCIL,
2025-10-28,WCIL,
2025-10-29,WCIL,
2025-10-30,WCIL,
2025-10-31,WCIL,
2025-11-03,WCIL,
2025-11-04,WCIL,
2025-11-06,WCIL,
2025-11-07,WCIL,
2025-11-10,WCIL,
2025-11-11,WCIL,
2025-11-12,WCIL,
2025-11-13,WCIL,
2025-11-14,WCIL,
2025-11-17,WCIL,
2025-11-18,WCIL,
2025-11-19,WCIL,
2025-11-20,WCIL,
2025-11-21,WCIL,
2025-11-24,WCIL,
2025-11-25,WCIL,
2025-11-26,WCIL,
2025-11-27,WCIL,
2025-11-28,WCIL,
2025-12-01,WCIL,
2025-12-02,WCIL,
2025-12-03,WCIL,
2025-12-04,WCIL,
2025-12-05,WCIL,
2025-12-08,WCIL,
2025-12-09,WCIL,
2025-12-10,WCIL,
2025-12-11,WCIL,
2025-12-12,WCIL,
2025-12-15,WCIL,
2025-12-16,WCIL,
2025-12-17,WCIL,
2025-12-18,WCIL,
2025-12-19,WCIL,
2025-12-22,WCIL,
2025-12-23,WCIL,
2025-12-24,WCIL,
2025-12-26,WCIL,
2025-12-29,WCIL,
2025-12-30,WCIL,
2025-12-31,WCIL,
2026-01-01,WCIL,
2026-01-02,WCIL,
2026-01-05,WCIL,
2026-01-06,WCIL,
2026-01-07,WCIL,
2026-01-08,WCIL,
2026-01-09,WCIL,
2026-01-12,WCIL,
2026-01-13,WCIL,
2026-01-14,WCIL,
2026-01-16,WCIL,
2026-01-19,WCIL,
2026-01-20,WCIL,
2026-01-21,WCIL,
2026-01-22,WCIL,
2026-01-23,WCIL,
2026-01-27,WCIL,
2026-01-28,WCIL,
2026-01-29,WCIL,
2026-01-30,WCIL,
2026-02-02,WCIL,
2026-02-03,WCIL,
2026-02-04,WCIL,
2026-02-05,WCIL,
2026-02-06,WCIL,
2026-02-09,WCIL,
2026-02-10,WCIL,
2026-02-11,WCIL,
2026-02-12,WCIL,
2026-02-13,WCIL,
2026-02-16,WCIL,
2026-02-17,WCIL,
2026-02-18,WCIL,
2026-02-19,WCIL,
2026-02-20,WCIL,
2026-02-23,WCIL,
2026-02-24,WCIL,
2026-02-25,WCIL,
2026-02-26,WCIL,
2026-02-27,WCIL,
2026-03-02,WCIL,
2026-03-04,WCIL,
2026-03-05,WCIL,
2026-03-06,WCIL,
2026-03-09,WCIL,
2026-03-10,WCIL,
2026-03-11,WCIL,
2026-03-12,WCIL,
2026-03-13,WCIL,
2026-03-16,WCIL,
2026-03-17,WCIL,
2026-03-18,WCIL,
2026-03-19,WCIL,
2026-03-20,WCIL,
2026-03-23,WCIL,
2026-03-24,WCIL,
2026-03-25,WCIL,
2026-03-27,WCIL,
2026-03-30,WCIL,
2026-04-01,WCIL,
2026-04-02,WCIL,
2026-04-06,WCIL,
2026-04-07,WCIL,
2026-04-08,WCIL,
2026-04-09,WCIL,
2026-04-10,WCIL,
2026-04-13,WCIL,
2026-04-15,WCIL,
2026-04-16,WCIL,
2026-04-17,WCIL,
2026-04-20,WCIL,
2026-04-21,WCIL,
2026-04-22,WCIL,
2026-04-23,WCIL,
2026-04-24,WCIL,
2026-04-27,WCIL,
2026-04-28,WCIL,
2026-04-29,WCIL,
2026-04-30,WCIL,
2026-05-04,WCIL,
2026-05-05,WCIL,
2026-05-06,WCIL,
2026-05-07,WCIL,
2026-05-08,WCIL,
2026-05-11,WCIL,
2026-05-12,WCIL,
2026-05-13,WCIL,
2026-05-14,WCIL,
2026-05-15,WCIL,
2026-05-18,WCIL,
2026-05-19,WCIL,
2026-05-20,WCIL,
2026-05-21,WCIL,
2026-05-22,WCIL,
2026-05-25,WCIL,
2026-05-26,WCIL,
2026-05-27,WCIL,
2026-05-29,WCIL,
2026-06-01,WCIL,
2026-06-02,WCIL,
2026-06-03,WCIL,
2026-06-04,WCIL,
2026-06-05,WCIL,95.46
2026-06-08,WCIL,95.46
2026-06-09,WCIL,95.46
2026-06-10,WCIL,95.46
2026-06-11,WCIL,95.46
2026-06-12,WCIL,95.46
2026-06-15,WCIL,95.46
2026-06-16,WCIL,97.767
2026-06-17,WCIL,97.767
2026-06-18,WCIL,97.767
2026-06-19,WCIL,97.767
2026-06-22,WCIL,97.767
2026-06-23,WCIL,97.767
2026-06-24,WCIL,100.3093
2026-06-25,WCIL,100.3093
2026-06-29,WCIL,100.2996
2026-06-30,WCIL,100.3315
2026-07-01,WCIL,100.3315
2026-07-02,WCIL,100.3315
2026-07-03,WCIL,100.3315
2026-07-06,WCIL,100.3315
2026-07-07,WCIL,100.3315
2026-07-08,WCIL,100.3315
2026-07-09,WCIL,100.3315
2026-07-10,WCIL,100.3315
2026-07-13,WCIL,100.3315
2026-07-14,WCIL,100.3315
2026-07-15,WCIL,100.3315
2026-07-16,WCIL,100.3315
2026-07-17,WCIL,100.3315
2026-07-20,WCIL,100.3315
2026-07-21,WCIL,100.3315
2026-07-22,WCIL,100.3315
2026-07-23,WCIL,100.3315
2026-07-24,WCIL,100.3315
2026-07-27,WCIL,100.3315
2026-07-28,WCIL,100.3315
2026-07-29,WCIL,100.3315
2026-07-30,WCIL,100.3315
2026-07-31,WCIL,100.3315
2026-08-03,WCIL,100.3315
2026-08-04,WCIL,100.3315
2026-08-05,WCIL,100.3315
2026-08-06,WCIL,100.3315
2026-08-07,WCIL,100.3315
2026-08-10,WCIL,100.3315
2026-08-11,WCIL,100.3315
2026-08-12,WCIL,100.3315
2026-08-13,WCIL,100.3315
2026-08-14,WCIL,100.3315
2026-08-17,WCIL,100.3315
2026-08-18,WCIL,100.3315
2026-08-19,WCIL,100.3315
2026-08-20,WCIL,100.3315
2026-08-21,WCIL,100.3315
2026-08-24,WCIL,100.3315
2026-08-25,WCIL,100.3315
2026-08-26,WCIL,100.3315
2026-08-27,WCIL,100.3315
2026-08-28,WCIL,100.3315
2026-08-31,WCIL,100.3315
2026-09-01,WCIL,100.3315
2026-09-02,WCIL,100.3315
2026-09-03,WCIL,100.3315
2026-09-04,WCIL,100.3315
2026-09-07,WCIL,100.3315
2026-09-08,WCIL,100.3315
2026-09-09,WCIL,100.3315
2026-09-10,WCIL,100.3315
2026-09-11,WCIL,100.3315
