Symbol,CompanyName,ValuePurchased,ReportedBuyQty,ReportedBuyTxn,acqtoDt,TotalQty,NumBuyTxn,PricedValuePurchased,AvgPrice,MissingValueQty,MissingValueTxn,ValueCr,MarketBuyValue,MarketSellValue,GrossSellQty,NetBuyQty,NetBuyValue,SellBuyRatioPct,HasMarketSell,TransferLikeFiling,PromoterFlowStatus,NetBuyValueCr,GrossBuyValueCr,GrossSellValueCr,SellBuyExclusion,PledgeValue,PledgeBuyRatioPct,MarketSellBuyRatioPct,RiskActivityValueCr,RiskActivityPct,HasPledging,LastPrice,52WeekHigh,52WeekLow,PromoHolding,DMA50,DMA200,SixMonthReturn,PriceDiffPct,AbsDiffPct,FirstBuyDate,LastBuyDate,FirstBuyPrice,LastBuyPrice,WeightedAvgBuyPrice,AccumulationDays,DaysSinceFirstBuy,DaysSinceLastBuy,BuyTxn7D,BuyTxn15D,BuyTxn30D,BuyTxn60D,BuyTxn90D,BuyValue7D,BuyValue15D,BuyValue30D,BuyValue60D,BuyValue90D,SellTxn7D,SellTxn15D,SellTxn30D,SellTxn60D,SellTxn90D,SellValue7D,SellValue15D,SellValue30D,SellValue60D,SellValue90D,NetBuyValue7D,NetBuyValue30D,Prior60DBuyValue,Prior60DSellValue,Prior60DNetBuyValue,Current30DBuyValue,Current30DSellValue,Current30DNetBuyValue,CurrentVsPriorNetBuyPct,PromoterBehaviourSignal,UniquePromotersBuying,UniquePromotersSelling,BuyAcceleration,Freshness,AccumulationStage,PromoterAvgPrice,CMPvsPromoterAvgPct,SignalStage,MarketCapCr,PE,RevGrowthPct,EBITDAGrowthPct,PATGrowthPct,EPSGrowthPct,ROCEPct,DE_Ratio,OCFPositive,OPMPct,GrossBuyConvictionPct,NetBuyConvictionPct,PromoConvictionPct,BuyConversionPct,ScorePromo,ScoreFund,ScoreTech,ScoreRisk,Score,Category,ScorePromoV1,ScoreFundV1,ScoreTechV1,ScoreRiskV1,ScoreV1,CategoryV1,BuyMarketCapPct,NetBuyMarketCapPct,PromoterStakeAdditionPct,PromoterOwnershipIncreasePct,PromoterNetAccumulationPct,PromoterNetFlowPenalty,RiskLevel,RiskSummary,MacroEconomicSector,Sector,Industry,BasicIndustry,NetBuyRankTier,Rank
MAYURUNIQ,MAYUR UNIQUOTERS LIMITED,7287094.0,10000.0,4,29-09-2026,10000.0,4,7287094.0,728.71,0.0,0,0.73,7287094.0,0.0,0.0,10000.0,7287094.0,0.0,False,False,Net Buying,0.73,0.73,0.0,False,0.0,0.0,0.0,0.0,0.0,False,788.4,,,58.52,748.0,653.29,38.7,8.2,8.2,22-09-2026,29-09-2026,757.98,735.395,728.7094,7,18,11,0,2,4,4,4,0.0,2169349.0,7287094.0,7287094.0,7287094.0,0,0,0,0,0,0.0,0.0,0.0,0.0,0.0,0.0,7287094.0,0.0,0.0,0.0,7287094.0,0.0,7287094.0,,New Accumulation,1,0,0.0,Active,Confirmed Accumulation,728.7094,8.2,Confirmed Accumulation,3426.0,15.5,18.0,63.0,50.0,13.57,25.9,0.01,True,25.0,0.021,0.021,0.021,100.0,3,26,25,0,51,Buy on Breakout,15,30,30,0,72,Strong Buy Setup,0.021,0.021,0.023,0.039,100.0,0,Low,No pledge / market sell,Consumer Discretionary,Consumer Durables,Consumer Durables,Leather And Leather Products,1,1
SVLL,SHREE VASU LOGISTICS LIMITED,80959650.0,98842.0,3,29-09-2026,98842.0,3,80959650.0,819.08,0.0,0,8.1,80959650.0,0.0,0.0,98842.0,80959650.0,0.0,False,False,Net Buying,8.1,8.1,0.0,False,0.0,0.0,0.0,0.0,0.0,False,795.9,,,73.0,789.19,670.52,39.4,-2.8,2.8,25-09-2026,29-09-2026,825.0,810.0,819.0814633455414,4,15,11,0,1,3,3,3,0.0,31590000.0,80959650.0,80959650.0,80959650.0,0,0,0,0,0,0.0,0.0,0.0,0.0,0.0,0.0,80959650.0,0.0,0.0,0.0,80959650.0,0.0,80959650.0,,New Accumulation,2,0,0.0,Active,Confirmed Accumulation,819.0814633455414,-2.8,Confirmed Accumulation,915.0,128.0,47.0,16.7,117.0,2.83,20.5,2.44,True,25.79,0.885,0.885,0.885,100.0,14,23,17,-1,50,Buy on Breakout,24,27,20,-3,65,Strong Buy Setup,0.885,0.885,0.86,1.178,100.0,0,Low,No pledge / market sell,Services,Services,Transport Services,Logistics Solution Provider,1,2
ARIS,ARISINFRA SOLUTIONS LIMITED,220513686.0,1723247.0,3,18-09-2026,1723247.0,3,220513686.0,127.96,0.0,0,22.05,220513686.0,0.0,0.0,1723247.0,220513686.0,0.0,False,False,Net Buying,22.05,22.05,0.0,False,0.0,0.0,0.0,0.0,0.0,False,140.31,178.3,82.18,37.93,135.29,,22.6,9.7,9.7,17-09-2026,18-09-2026,127.381,134.89995308641974,127.96406202941309,1,23,22,0,0,3,3,3,0.0,0.0,220513686.0,220513686.0,220513686.0,0,0,0,0,0,0.0,0.0,0.0,0.0,0.0,0.0,220513686.0,0.0,0.0,0.0,220513686.0,0.0,220513686.0,,New Accumulation,1,0,0.0,Active,Confirmed Accumulation,127.96406202941309,9.6,Confirmed Accumulation,1148.0,27.2,27.0,7.62,449.0,0.91,7.99,0.1,True,5.92,1.921,1.921,1.921,100.0,18,18,17,0,48,Watchlist,20,21,20,0,56,Buy on Breakout,1.921,1.921,2.106,5.553,100.0,0,Low,No pledge / market sell,Commodities,Construction Materials,Other Construction Materials,Other Construction Materials,1,3
RSL,RAJPUTANA STAINLESS LIMITED,40964187.0,250576.0,11,30-09-2026,250576.0,11,40964187.0,163.48,0.0,0,4.1,40964187.0,0.0,0.0,250576.0,40964187.0,0.0,False,False,Net Buying,4.1,4.1,0.0,False,0.0,0.0,0.0,0.0,0.0,False,172.04,202.22,101.7,57.03,170.76,,38.0,5.2,5.2,16-06-2026,30-09-2026,130.9147,166.0068,163.48008987293275,106,116,10,0,9,9,10,10,0.0,28690575.0,28690575.0,34418452.0,34418452.0,0,0,0,0,0,0.0,0.0,0.0,0.0,0.0,0.0,28690575.0,5727877.0,0.0,5727877.0,28690575.0,0.0,28690575.0,400.9,Accelerating Accumulation,4,0,0.0,Active,Confirmed Accumulation,163.48008987293275,5.2,Confirmed Accumulation,1438.0,24.4,8.0,29.0,24.0,2.42,25.3,0.19,True,9.0,0.285,0.285,0.285,100.0,11,22,17,0,47,Watchlist,18,25,20,0,60,Buy on Breakout,0.285,0.285,0.3,0.526,100.0,0,Low,No pledge / market sell,Industrials,Capital Goods,Industrial Products,Iron & Steel Products,1,4
STYLAMIND,STYLAM INDUSTRIES LIMITED,1048761000.0,466116.0,1,06-05-2026,466116.0,1,1048761000.0,2250.0,0.0,0,104.88,1048761000.0,0.0,0.0,466116.0,1048761000.0,0.0,False,False,Net Buying,104.88,104.88,0.0,False,0.0,0.0,0.0,0.0,0.0,False,3271.0,,,54.61,3416.75,2767.24,46.8,45.4,45.4,06-05-2026,06-05-2026,2250.0,2250.0,2250.0,0,157,157,0,0,0,0,0,0.0,0.0,0.0,0.0,0.0,0,0,0,0,0,0.0,0.0,0.0,0.0,0.0,0.0,0.0,0.0,0.0,0.0,0.0,0.0,0.0,0.0,No Net Flow,1,0,0.0,Stale,Stale Accumulation,2250.0,45.4,Late — Poor Entry,5544.0,32.7,10.0,69.0,39.0,28.41,26.6,0.04,True,21.0,1.892,1.892,1.892,100.0,17,26,17,0,45,Watchlist,17,30,20,0,52,Buy on Breakout,1.892,1.892,2.75,5.036,100.0,0,Low,No pledge / market sell,Consumer Discretionary,Consumer Durables,Consumer Durables,Plywood Boards/ Laminates,1,5
GANDHAR,GANDHAR OIL REFINERY (INDIA) LIMITED,33219918.0,175738.0,5,08-09-2026,175738.0,5,33219918.0,189.03,0.0,0,3.32,33219918.0,0.0,0.0,175738.0,33219918.0,0.0,False,False,Net Buying,3.32,3.32,0.0,False,0.0,0.0,0.0,0.0,0.0,False,296.55,303.17,115.0,64.63,259.42,183.24,120.4,56.9,56.9,08-06-2026,08-09-2026,157.53204,264.4808064516129,189.03093241074782,92,124,32,0,0,0,2,2,0.0,0.0,0.0,13278006.0,13278006.0,0,0,0,0,0,0.0,0.0,0.0,0.0,0.0,0.0,0.0,13278006.0,0.0,13278006.0,0.0,0.0,0.0,-100.0,No Net Flow,1,0,0.0,Aging,Mature Accumulation,189.03093241074782,56.9,Late — Poor Entry,2903.0,9.98,36.0,249.0,301.0,18.27,15.5,0.07,True,16.0,0.114,0.114,0.114,100.0,3,30,25,0,43,Watchlist,17,35,30,0,67,Strong Buy Setup,0.114,0.114,0.18,0.278,100.0,0,Low,No pledge / market sell,Energy,"Oil, Gas & Consumable Fuels",Petroleum Products,Lubricants,1,6
VISAKAIND,Visaka Industries Limited,16272703.0,204947.0,19,30-09-2026,204947.0,19,16272703.0,79.4,0.0,0,1.63,16272703.0,0.0,0.0,204947.0,16272703.0,0.0,False,False,Net Buying,1.63,1.63,0.0,False,0.0,0.0,0.0,0.0,0.0,False,84.57,104.41,50.2,48.42,90.63,74.25,36.6,6.5,6.5,04-06-2026,30-09-2026,71.67635807192043,87.18260869565218,79.39956671724885,118,128,10,0,3,9,11,11,0.0,1501141.0,4216769.0,6292474.0,6292474.0,0,0,0,0,0,0.0,0.0,0.0,0.0,0.0,0.0,4216769.0,2075705.0,0.0,2075705.0,4216769.0,0.0,4216769.0,103.1,Accelerating Accumulation,1,0,0.0,Active,Confirmed Accumulation,79.39956671724885,6.5,Confirmed Accumulation,731.0,10.8,11.0,88.0,439.0,5.79,7.03,0.36,True,15.0,0.223,0.223,0.223,100.0,5,18,21,0,41,Watchlist,17,21,25,0,60,Buy on Breakout,0.223,0.223,0.237,0.49,100.0,0,Low,No pledge / market sell,Commodities,Construction Materials,Cement & Cement Products,Cement & Cement Products,1,7
INDIQUBE,Indiqube Spaces Limited,7029776.0,38500.0,8,25-09-2026,38500.0,8,7029776.0,182.59,0.0,0,0.7,7029776.0,0.0,0.0,38500.0,7029776.0,0.0,False,False,Net Buying,0.7,0.7,0.0,False,0.0,0.0,0.0,0.0,0.0,False,194.47,,,60.6,190.9,176.6,27.8,6.5,6.5,09-06-2026,25-09-2026,159.80963636363637,200.46475,182.5915844155844,108,123,15,0,0,4,4,4,0.0,0.0,4486152.0,4486152.0,4486152.0,0,0,0,0,0,0.0,0.0,0.0,0.0,0.0,0.0,4486152.0,0.0,0.0,0.0,4486152.0,0.0,4486152.0,,New Accumulation,1,0,0.0,Active,Confirmed Accumulation,182.5915844155844,6.5,Confirmed Accumulation,4123.0,,39.0,258.0,30.0,-1.13,6.38,10.11,True,61.0,0.017,0.017,0.017,100.0,3,16,25,0,41,Watchlist,15,23,30,0,65,Strong Buy Setup,0.017,0.017,0.018,0.03,100.0,0,Low,No pledge / market sell,Services,Services,Commercial Services & Supplies,Diversified Commercial Services,1,8
PKTEA,THE PERIA KARAMALAI TEA & PRODUCE COMPANY LIMITED,51906767.0,59668.0,9,30-09-2026,59668.0,9,51906767.0,869.93,0.0,0,5.19,51906767.0,0.0,0.0,59668.0,51906767.0,0.0,False,False,Net Buying,5.19,5.19,0.0,False,0.0,0.0,0.0,0.0,0.0,False,899.0,1169.0,605.0,61.71,846.57,793.78,10.1,3.3,3.3,17-08-2026,30-09-2026,702.5034911525586,1014.161838212792,869.9263759469062,44,54,10,0,2,5,9,9,0.0,21263036.0,30615178.0,51906767.0,51906767.0,0,0,0,0,0,0.0,0.0,0.0,0.0,0.0,0.0,30615178.0,21291589.0,0.0,21291589.0,30615178.0,0.0,30615178.0,43.8,Accelerating Accumulation,1,0,0.0,Active,Confirmed Accumulation,869.9263759469062,3.3,Confirmed Accumulation,278.0,,9.0,11.91,-184.0,31.98,-0.26,0.1,True,57.93,1.867,1.867,1.867,100.0,17,5,21,0,40,Watchlist,20,14,25,0,56,Buy on Breakout,1.867,1.867,1.93,3.127,100.0,0,Low,No pledge / market sell,Fast Moving Consumer Goods,Fast Moving Consumer Goods,Agricultural Food & other Products,Tea & Coffee,1,9
NINSYS,Nintec Systems Limited,14719398.0,19500.0,13,25-06-2026,19500.0,13,14719398.0,754.84,0.0,0,1.47,14719398.0,0.0,0.0,19500.0,14719398.0,0.0,False,False,Net Buying,1.47,1.47,0.0,False,0.0,0.0,0.0,0.0,0.0,False,803.1,,,47.23,735.39,574.62,88.6,6.4,6.4,19-06-2026,25-06-2026,700.662,788.6346666666667,754.8409230769231,6,113,107,0,0,0,0,0,0.0,0.0,0.0,0.0,0.0,0,0,0,0,0,0.0,0.0,0.0,0.0,0.0,0.0,0.0,0.0,0.0,0.0,0.0,0.0,0.0,0.0,No Net Flow,1,0,0.0,Stale,Stale Accumulation,754.8409230769231,6.4,Late — Poor Entry,1492.0,50.7,17.0,10.62,17.0,4.44,50.3,0.02,True,41.45,0.099,0.099,0.099,100.0,1,22,25,0,40,Watchlist,16,25,30,0,63,Buy on Breakout,0.099,0.099,0.105,0.222,100.0,0,Low,No pledge / market sell,Information Technology,Information Technology,IT - Software,Computers - Software & Consulting,1,10
PREMIERPOL,PREMIER POLYFILM LIMITED,83837445.0,1530733.0,9,17-06-2026,1530733.0,9,83837445.0,54.77,0.0,0,8.38,83837445.0,5525660.0,82001.0,1448732.0,78311785.0,6.59,False,False,Net Buying with Selling,7.83,8.38,0.55,False,0.0,0.0,6.59,0.552566,6.59,False,102.85,,,67.46,86.41,63.5,74.9,87.8,87.8,15-05-2026,17-06-2026,52.99000246065235,58.0,54.76947645343767,33,148,115,0,0,0,0,0,0.0,0.0,0.0,0.0,0.0,0,0,0,0,1,0.0,0.0,0.0,0.0,5525660.0,0.0,0.0,0.0,5525660.0,-5525660.0,0.0,0.0,0.0,0.0,No Net Flow,2,1,0.0,Stale,Stale Accumulation,54.76947645343767,87.8,Late — Poor Entry,1077.0,30.8,19.0,13.52,34.0,0.87,28.9,0.13,True,15.38,0.778,0.727,0.727,93.4,12,22,25,-5,39,Fundamental Watch,24,25,30,0,64,Buy on Breakout,0.778,0.727,1.383,2.051,93.41,0,Moderate,Market sell 6.59% of buy value,Industrials,Capital Goods,Industrial Products,Plastic Products - Industrial,1,11
APLLTD,Alembic Pharmaceuticals Limited,196758774.0,261110.0,6,18-06-2026,261110.0,6,196758774.0,753.55,0.0,0,19.68,196758774.0,0.0,0.0,261110.0,196758774.0,0.0,False,False,Net Buying,19.68,19.68,0.0,False,0.0,0.0,0.0,0.0,0.0,False,800.95,,,69.61,825.02,782.07,10.3,6.3,6.3,25-05-2026,18-06-2026,757.9725333333333,743.493898718731,753.5474474359465,24,138,114,0,0,0,0,0,0.0,0.0,0.0,0.0,0.0,0,0,0,0,0,0.0,0.0,0.0,0.0,0.0,0.0,0.0,0.0,0.0,0.0,0.0,0.0,0.0,0.0,No Net Flow,1,0,0.0,Stale,Stale Accumulation,753.5474474359465,6.3,Late — Poor Entry,15744.0,20.0,16.0,346.0,88.0,10.02,12.3,0.21,True,19.0,0.125,0.125,0.125,100.0,3,22,21,0,38,Fundamental Watch,22,26,25,0,65,Strong Buy Setup,0.125,0.125,0.133,0.191,100.0,0,Low,No pledge / market sell,Healthcare,Healthcare,Pharmaceuticals & Biotechnology,Pharmaceuticals,1,12
ALMONDZ,ALMONDZ GLOBAL SECURITIES LIMITED,39675395.0,2012319.0,21,29-09-2026,2012319.0,21,39675395.0,19.72,0.0,0,3.97,39675395.0,0.0,0.0,2012319.0,39675395.0,0.0,False,False,Net Buying,3.97,3.97,0.0,False,0.0,0.0,0.0,0.0,0.0,False,19.2,20.35,10.68,58.19,16.99,15.33,36.3,-2.6,2.6,27-08-2026,29-09-2026,16.274902564102565,709.5513307984791,19.71625522593585,33,44,11,0,4,15,21,21,0.0,8806688.0,27680645.0,39675395.0,39675395.0,0,0,0,0,0,0.0,0.0,0.0,0.0,0.0,0.0,27680645.0,11994750.0,0.0,11994750.0,27680645.0,0.0,27680645.0,130.8,Accelerating Accumulation,1,0,0.0,Active,Confirmed Accumulation,19.71625522593585,-2.6,Confirmed Accumulation,367.0,83.6,111.0,5.69,70.0,0.28,2.25,0.17,False,40.01,1.081,1.081,1.081,100.0,15,10,17,-1,38,Fundamental Watch,20,15,20,-3,49,Watchlist,1.082,1.081,1.053,1.809,100.0,0,Low,No pledge / market sell,Financial Services,Financial Services,Capital Markets,Stockbroking & Allied,1,13
SPECIALITY,SPECIALITY RESTAURANTS LIMITED,8711050.0,59458.0,10,30-09-2026,59458.0,10,8711050.0,146.51,0.0,0,0.87,8711050.0,0.0,0.0,59458.0,8711050.0,0.0,False,False,Net Buying,0.87,0.87,0.0,False,0.0,0.0,0.0,0.0,0.0,False,145.2,167.46,82.7,50.84,144.01,117.96,42.4,-0.9,0.9,17-09-2026,30-09-2026,135.94416243654823,152.03316985028394,146.50761882337113,13,23,10,0,3,10,10,10,0.0,2269058.0,8711050.0,8711050.0,8711050.0,0,0,0,0,0,0.0,0.0,0.0,0.0,0.0,0.0,8711050.0,0.0,0.0,0.0,8711050.0,0.0,8711050.0,,New Accumulation,2,0,0.0,Active,Confirmed Accumulation,146.50761882337113,-0.9,Confirmed Accumulation,700.0,26.4,13.0,23.67,33.0,1.43,8.58,0.4,True,19.46,0.124,0.124,0.124,100.0,6,18,17,0,38,Fundamental Watch,17,21,20,0,55,Buy on Breakout,0.124,0.124,0.123,0.243,100.0,0,Low,No pledge / market sell,Consumer Discretionary,Consumer Services,Leisure Services,Restaurants,1,14
SIGIND,Signet Industries Limited,19684131.0,264891.0,17,21-09-2026,264891.0,17,19684131.0,74.31,0.0,0,1.97,19684131.0,0.0,0.0,264891.0,19684131.0,0.0,False,False,Net Buying,1.97,1.97,0.0,False,0.0,0.0,0.0,0.0,0.0,False,61.05,74.99,40.66,72.57,67.55,53.42,25.6,-17.8,17.8,17-08-2026,21-09-2026,68.80343785960875,70.66149068322981,74.31030499337463,35,54,19,0,0,3,17,17,0.0,0.0,3010090.0,19684131.0,19684131.0,0,0,0,0,0,0.0,0.0,0.0,0.0,0.0,0.0,3010090.0,16674041.0,0.0,16674041.0,3010090.0,0.0,3010090.0,-81.9,Slowing Accumulation,1,0,0.0,Active,Confirmed Accumulation,74.31030499337463,-17.8,Confirmed Accumulation,180.0,7.64,17.0,27.97,17.0,2.73,13.6,1.86,True,9.14,1.094,1.094,1.094,100.0,15,19,13,0,37,Fundamental Watch,25,23,15,0,53,Buy on Breakout,1.094,1.094,0.898,1.238,100.0,0,Low,No pledge / market sell,Services,Services,Commercial Services & Supplies,Trading & Distributors,1,15
CONFIPET,CONFIDENCE PETROLEUM INDIA LIMITED,808601555.0,10668368.0,7,09-09-2026,10668368.0,7,808601555.0,75.79,0.0,0,80.86,808601555.0,0.0,0.0,10668368.0,808601555.0,0.0,False,False,Net Buying,80.86,80.86,0.0,False,4008438000.0,495.72474542174234,0.0,200.4219,495.72,True,83.67,93.2,28.06,61.32,82.24,58.74,55.4,10.4,10.4,19-06-2026,09-09-2026,70.67,83.34273301732159,75.794306589349,82,113,31,0,0,0,4,4,0.0,0.0,0.0,528461020.0,528461020.0,0,0,0,0,0,0.0,0.0,0.0,0.0,0.0,0.0,0.0,528461020.0,0.0,528461020.0,0.0,0.0,0.0,-100.0,No Net Flow,2,0,0.0,Aging,Mature Accumulation,75.794306589349,10.4,Mature — Wait for Pullback,2780.0,21.8,75.0,136.0,54.0,1.83,10.9,0.4,True,6.0,2.909,2.909,2.909,100.0,15,22,25,-16,36,Fundamental Watch,15,26,30,-5,56,Buy on Breakout,2.909,2.909,3.211,5.236,100.0,0,High,Pledge 495.72% of buy value,Energy,"Oil, Gas & Consumable Fuels",Gas,LPG/CNG/PNG/LNG Supplier,1,16
NURECA,NURECA LIMITED,37538354.0,112689.0,26,30-09-2026,112689.0,26,37538354.0,333.11,0.0,0,3.75,37538354.0,0.0,0.0,112689.0,37538354.0,0.0,False,False,Net Buying,3.75,3.75,0.0,False,0.0,0.0,0.0,0.0,0.0,False,331.65,358.0,204.0,63.24,333.49,284.39,29.9,-0.4,0.4,24-07-2026,30-09-2026,301.14995815899584,369.98003166783957,333.1146252074293,68,78,10,0,3,11,19,26,0.0,7328762.0,19454866.0,23414636.0,37538354.0,0,0,0,0,0,0.0,0.0,0.0,0.0,0.0,0.0,19454866.0,18083488.0,0.0,18083488.0,19454866.0,0.0,19454866.0,7.6,Accelerating Accumulation,3,0,0.0,Active,Confirmed Accumulation,333.1146252074293,-0.4,Confirmed Accumulation,316.0,146.0,22.0,2.45,264.0,2.55,2.07,0.01,False,6.06,1.188,1.188,1.188,100.0,17,10,13,-1,36,Fundamental Watch,20,15,15,-3,44,Watchlist,1.187,1.188,1.183,1.87,100.0,0,Low,No pledge / market sell,Healthcare,Healthcare,Healthcare Equipment & Supplies,Medical Equipment & Supplies,1,17
THANGAMAYL,THANGAMAYIL JEWELLERY LIMITED,72054758.0,13860.0,6,31-08-2026,13860.0,6,72054758.0,5198.76,0.0,0,7.21,72054758.0,0.0,0.0,13860.0,72054758.0,0.0,False,False,Net Buying,7.21,7.21,0.0,False,0.0,0.0,0.0,0.0,0.0,False,4889.5,7430.0,1939.5,67.16,5189.82,4532.93,21.1,-5.9,5.9,04-08-2026,31-08-2026,4810.6375,5359.038918918919,5198.755988455989,27,67,40,0,0,0,2,6,0.0,0.0,0.0,19879002.0,72054758.0,0,0,0,0,0,0.0,0.0,0.0,0.0,0.0,0.0,0.0,72054758.0,0.0,72054758.0,0.0,0.0,0.0,-100.0,No Net Flow,3,0,0.0,Aging,Mature Accumulation,5198.755988455989,-5.9,Mature — Wait for Pullback,15198.0,38.7,83.0,145.0,264.0,27.38,25.5,0.64,True,5.0,0.047,0.047,0.047,100.0,3,27,13,0,35,Fundamental Watch,20,32,15,0,59,Buy on Breakout,0.047,0.047,0.045,0.066,100.0,0,Low,No pledge / market sell,Consumer Discretionary,Consumer Durables,Consumer Durables,"Gems, Jewellery And Watches",1,18
BMWVENTLTD,BMW VENTURES LIMITED,28991535.0,526500.0,6,22-09-2026,526500.0,6,28991535.0,55.06,0.0,0,2.9,28991535.0,0.0,0.0,526500.0,28991535.0,0.0,False,False,Net Buying,2.9,2.9,0.0,False,0.0,0.0,0.0,0.0,0.0,False,57.95,78.0,48.0,73.01,54.97,57.62,-0.7,5.2,5.2,05-08-2026,22-09-2026,60.09327058823529,52.251034713999815,55.06464387464388,48,66,18,0,0,3,4,6,0.0,0.0,10009832.0,19968394.0,28991535.0,0,0,0,0,0,0.0,0.0,0.0,0.0,0.0,0.0,10009832.0,18981703.0,0.0,18981703.0,10009832.0,0.0,10009832.0,-47.3,Slowing Accumulation,1,0,0.0,Active,Confirmed Accumulation,55.06464387464388,5.2,Confirmed Accumulation,503.0,12.6,19.0,21.0,20.0,1.22,12.0,0.58,True,3.4,0.576,0.576,0.576,100.0,11,19,16,-1,35,Fundamental Watch,24,23,20,-2,55,Buy on Breakout,0.577,0.576,0.607,0.831,100.0,0,Low,No pledge / market sell,Commodities,Metals & Mining,Metals & Minerals Trading,Trading - Metals,1,19
PNGSREVA,PNGS Reva Diamond Jewellery Limited,199607300.0,532238.0,6,25-06-2026,527238.0,5,199607300.0,378.59,5000.0,1,19.96,199607300.0,0.0,0.0,527238.0,199607300.0,0.0,False,False,Net Buying,19.96,19.96,0.0,False,0.0,0.0,0.0,0.0,0.0,False,687.75,,,63.09,533.88,,83.7,81.7,81.7,14-05-2026,25-06-2026,376.01,0.0,378.5905037193829,42,149,107,0,0,0,0,0,0.0,0.0,0.0,0.0,0.0,0,0,0,0,0,0.0,0.0,0.0,0.0,0.0,0.0,0.0,0.0,0.0,0.0,0.0,0.0,0.0,0.0,No Net Flow,2,0,0.0,Stale,Stale Accumulation,378.5905037193829,81.7,Late — Poor Entry,2180.0,25.8,581.0,34.0,881.0,8.58,22.0,0.33,False,29.0,0.916,0.916,0.916,100.0,14,18,17,0,34,Fundamental Watch,19,24,20,0,48,Watchlist,0.916,0.916,1.663,2.636,100.0,0,Low,No pledge / market sell,Consumer Discretionary,Consumer Durables,Consumer Durables,"Gems, Jewellery And Watches",1,20
PONNIERODE,PONNI SUGARS (ERODE) LIMITED,101498680.0,290000.0,1,17-08-2026,290000.0,1,101498680.0,350.0,0.0,0,10.15,101498680.0,0.0,0.0,290000.0,101498680.0,0.0,False,False,Net Buying,10.15,10.15,0.0,False,0.0,0.0,0.0,0.0,0.0,False,345.6,455.0,252.4,42.36,365.72,308.83,23.7,-1.3,1.3,17-08-2026,17-08-2026,349.9954482758621,349.9954482758621,349.9954482758621,0,54,54,0,0,0,1,1,0.0,0.0,0.0,101498680.0,101498680.0,0,0,0,0,0,0.0,0.0,0.0,0.0,0.0,0.0,0.0,101498680.0,0.0,101498680.0,0.0,0.0,0.0,-100.0,No Net Flow,1,0,0.0,Aging,Mature Accumulation,349.9954482758621,-1.3,Mature — Wait for Pullback,297.0,9.93,22.0,-1.78,175.0,-1.43,7.27,0.0,True,-1.94,3.417,3.417,3.417,100.0,19,10,13,-1,33,Fundamental Watch,17,21,15,-2,43,Watchlist,3.418,3.417,3.375,7.966,100.0,0,Low,No pledge / market sell,Fast Moving Consumer Goods,Fast Moving Consumer Goods,Agricultural Food & other Products,Sugar,1,21
SRHHYPOLTD,Sree Rayalaseema Hi-Strength Hypo Limited,30622049.0,59933.0,17,21-09-2026,59933.0,17,30622049.0,510.94,0.0,0,3.06,30622049.0,0.0,0.0,59933.0,30622049.0,0.0,False,False,Net Buying,3.06,3.06,0.0,False,0.0,0.0,0.0,0.0,0.0,False,533.85,670.0,382.4,62.09,518.38,492.39,18.8,4.5,4.5,26-08-2026,21-09-2026,473.208,526.9978,510.9380308010612,26,45,19,0,0,6,17,17,0.0,0.0,15230216.0,30622049.0,30622049.0,0,0,0,0,0,0.0,0.0,0.0,0.0,0.0,0.0,15230216.0,15391833.0,0.0,15391833.0,15230216.0,0.0,15230216.0,-1.1,Slowing Accumulation,2,0,0.0,Active,Confirmed Accumulation,510.9380308010612,4.5,Confirmed Accumulation,916.0,9.01,7.0,30.0,0.0,14.66,14.4,0.01,True,14.0,0.334,0.334,0.334,100.0,10,12,21,0,33,Fundamental Watch,18,14,25,0,47,Watchlist,0.334,0.334,0.349,0.563,100.0,0,Low,No pledge / market sell,Commodities,Chemicals,Chemicals & Petrochemicals,Commodity Chemicals,1,22
DBOL,Dhampur Bio Organics Limited,19002328.0,162268.0,9,29-09-2026,162268.0,9,19002328.0,117.1,0.0,0,1.9,19002328.0,0.0,0.0,162268.0,19002328.0,0.0,False,False,Net Buying,1.9,1.9,0.0,False,0.0,0.0,0.0,0.0,0.0,False,141.33,139.0,69.0,50.45,121.4,107.77,20.6,20.7,20.7,25-06-2026,29-09-2026,111.72,123.28169217441524,117.10459240269185,96,107,11,0,2,4,4,8,0.0,6804292.0,11565962.0,11565962.0,16991368.0,0,0,0,0,0,0.0,0.0,0.0,0.0,0.0,0.0,11565962.0,5425406.0,0.0,5425406.0,11565962.0,0.0,11565962.0,113.2,Accelerating Accumulation,2,0,0.0,Active,Confirmed Accumulation,117.10459240269185,20.7,Late — Poor Entry,938.0,38.6,2.0,11.0,618.0,5.78,4.95,1.03,True,2.0,0.203,0.203,0.203,100.0,6,11,25,-1,33,Fundamental Watch,17,13,30,-2,50,Buy on Breakout,0.203,0.203,0.244,0.485,100.0,0,Low,No pledge / market sell,Fast Moving Consumer Goods,Fast Moving Consumer Goods,Agricultural Food & other Products,Sugar,1,23
BHAGERIA,Bhageria Industries Limited,8227124.0,37774.0,5,26-08-2026,37774.0,5,8227124.0,217.8,0.0,0,0.82,8227124.0,0.0,0.0,37774.0,8227124.0,0.0,False,False,Net Buying,0.82,0.82,0.0,False,0.0,0.0,0.0,0.0,0.0,False,364.9,368.2,127.51,71.75,282.45,202.0,129.2,67.5,67.5,20-08-2026,26-08-2026,204.64325383861484,222.87,217.79859162386828,6,51,45,0,0,0,5,5,0.0,0.0,0.0,8227124.0,8227124.0,0,0,0,0,0,0.0,0.0,0.0,0.0,0.0,0.0,0.0,8227124.0,0.0,8227124.0,0.0,0.0,0.0,-100.0,No Net Flow,1,0,0.0,Aging,Mature Accumulation,217.79859162386828,67.5,Late — Poor Entry,1593.0,21.4,55.0,40.0,54.0,8.23,11.0,0.01,True,14.0,0.052,0.052,0.052,100.0,1,22,25,0,33,Fundamental Watch,21,26,30,0,62,Buy on Breakout,0.051,0.052,0.087,0.121,100.0,0,Low,No pledge / market sell,Commodities,Chemicals,Chemicals & Petrochemicals,Dyes And Pigments,1,24
HEXAGON,HEXAGON NUTRITION LIMITED,5656038.0,87700.0,9,18-09-2026,87700.0,9,5656038.0,64.49,0.0,0,0.57,5656038.0,0.0,0.0,87700.0,5656038.0,0.0,False,False,Net Buying,0.57,0.57,0.0,False,0.0,0.0,0.0,0.0,0.0,False,69.43,78.25,48.1,64.29,66.69,,37.1,7.7,7.7,17-08-2026,18-09-2026,64.03237804878049,65.157,64.49302166476625,32,54,22,0,0,6,9,9,0.0,0.0,2601121.0,5656038.0,5656038.0,0,0,0,0,0,0.0,0.0,0.0,0.0,0.0,0.0,2601121.0,3054917.0,0.0,3054917.0,2601121.0,0.0,2601121.0,-14.9,Slowing Accumulation,4,0,0.0,Active,Confirmed Accumulation,64.49302166476625,7.7,Confirmed Accumulation,853.0,21.6,19.0,12.31,41.0,0.8,22.2,0.11,True,12.14,0.066,0.066,0.066,100.0,4,22,17,0,33,Fundamental Watch,16,25,20,0,51,Buy on Breakout,0.067,0.066,0.071,0.111,100.0,0,Low,No pledge / market sell,Fast Moving Consumer Goods,Fast Moving Consumer Goods,Food Products,Packaged Foods,1,25
JARO,JARO INSTITUTE OF TECHNOLOGY MANAGEMENT AND RESEARCH LIMITED,553604695.0,1085901.0,24,25-09-2026,1085901.0,24,553604695.0,509.81,0.0,0,55.36,553604695.0,0.0,0.0,1085901.0,553604695.0,0.0,False,False,Net Buying,55.36,55.36,0.0,False,0.0,0.0,0.0,0.0,0.0,False,405.0,890.0,383.5,57.33,448.1,472.24,-7.5,-20.6,20.6,13-05-2026,25-09-2026,456.1051243579107,453.3534,509.8113870417285,135,150,15,0,0,5,11,11,0.0,0.0,18981614.0,49445790.0,49445790.0,0,0,0,0,0,0.0,0.0,0.0,0.0,0.0,0.0,18981614.0,30464176.0,0.0,30464176.0,18981614.0,0.0,18981614.0,-37.7,Slowing Accumulation,2,0,0.0,Active,Confirmed Accumulation,509.8113870417285,-20.6,Confirmed Accumulation,902.0,16.0,13.0,15.0,35.0,5.02,22.1,0.02,True,21.0,6.138,6.138,6.138,100.0,22,18,0,0,32,Fundamental Watch,20,20,0,0,32,Fundamental Watch,6.137,6.138,4.876,8.505,100.0,0,Low,No pledge / market sell,Consumer Discretionary,Consumer Services,Other Consumer Services,E-Learning,1,26
ALEMBICLTD,Alembic Limited,142781113.0,1474728.0,10,30-09-2026,1474728.0,10,142781113.0,96.82,0.0,0,14.28,142781113.0,0.0,0.0,1474728.0,142781113.0,0.0,False,False,Net Buying,14.28,14.28,0.0,False,0.0,0.0,0.0,0.0,0.0,False,99.25,117.72,70.46,70.88,98.25,92.61,15.9,2.5,2.5,17-08-2026,30-09-2026,87.74665695371235,107.83792601223419,96.81860858409144,44,54,10,0,2,5,10,10,0.0,20931813.0,57895837.0,142781113.0,142781113.0,0,0,0,0,0,0.0,0.0,0.0,0.0,0.0,0.0,57895837.0,84885276.0,0.0,84885276.0,57895837.0,0.0,57895837.0,-31.8,Slowing Accumulation,1,0,0.0,Active,Confirmed Accumulation,96.81860858409144,2.5,Confirmed Accumulation,2549.0,20.9,8.0,14.0,-14.0,0.57,16.9,0.01,True,30.0,0.56,0.56,0.56,100.0,11,8,21,0,32,Fundamental Watch,24,13,25,0,54,Buy on Breakout,0.56,0.56,0.574,0.81,100.0,0,Low,No pledge / market sell,Consumer Discretionary,Realty,Realty,"Residential, Commercial Projects",1,27
WESTLIFE,WESTLIFE FOODWORLD LIMITED,1353137306.0,2282981.0,6,30-09-2026,2282981.0,6,1353137306.0,592.71,0.0,0,135.31,1353137306.0,0.0,0.0,2282981.0,1353137306.0,0.0,False,False,Net Buying,135.31,135.31,0.0,False,0.0,0.0,0.0,0.0,0.0,False,580.6,,,56.22,568.63,505.37,26.5,-2.0,2.0,23-09-2026,30-09-2026,599.8645,589.6333102226331,592.7063370216397,7,17,10,0,4,6,6,6,0.0,213921927.0,1353137306.0,1353137306.0,1353137306.0,0,0,0,0,0,0.0,0.0,0.0,0.0,0.0,0.0,1353137306.0,0.0,0.0,0.0,1353137306.0,0.0,1353137306.0,,New Accumulation,1,0,0.0,Active,Confirmed Accumulation,592.7063370216397,-2.0,Confirmed Accumulation,9054.0,1524.0,-53.0,6.18,-62.0,0.4,2.8,0.0,True,94.06,1.495,1.495,1.495,100.0,17,1,17,-1,31,Fundamental Watch,20,9,20,-3,43,Watchlist,1.494,1.495,1.464,2.604,100.0,0,Low,No pledge / market sell,Consumer Discretionary,Consumer Services,Leisure Services,Restaurants,1,28
MSPL,MSP STEEL & POWER LIMITED,1164730334.0,27790849.0,24,22-06-2026,27790849.0,24,1164730334.0,41.91,0.0,0,116.47,1164730334.0,0.0,0.0,27790849.0,1164730334.0,0.0,False,False,Net Buying,116.47,116.47,0.0,False,0.0,0.0,0.0,0.0,0.0,False,30.34,,,41.61,34.18,35.42,-12.7,-27.6,27.6,02-06-2026,22-06-2026,42.298,44.71879963320128,41.91057041834166,20,130,110,0,0,0,0,0,0.0,0.0,0.0,0.0,0.0,0,0,0,0,0,0.0,0.0,0.0,0.0,0.0,0.0,0.0,0.0,0.0,0.0,0.0,0.0,0.0,0.0,No Net Flow,6,0,0.0,Stale,Stale Accumulation,41.91057041834166,-27.6,Late — Poor Entry,1720.0,12.3,4.0,53.0,890.0,0.39,9.71,0.35,True,6.0,6.772,6.772,6.772,100.0,21,18,0,0,31,Fundamental Watch,20,21,0,0,33,Fundamental Watch,6.772,6.772,4.902,11.781,100.0,0,Low,No pledge / market sell,Industrials,Capital Goods,Industrial Products,Iron & Steel Products,1,29
CONTROLPR,CONTROL PRINT LIMITED,32335370.0,55615.0,3,28-09-2026,55615.0,3,32335370.0,581.41,0.0,0,3.23,32335370.0,0.0,0.0,55615.0,32335370.0,0.0,False,False,Net Buying,3.23,3.23,0.0,False,0.0,0.0,0.0,0.0,0.0,False,611.35,833.0,517.0,52.68,590.14,629.98,-4.8,5.1,5.1,15-09-2026,28-09-2026,580.2916,591.4140694568121,581.4145464353143,13,25,12,0,1,3,3,3,0.0,3320790.0,32335370.0,32335370.0,32335370.0,0,0,0,0,0,0.0,0.0,0.0,0.0,0.0,0.0,32335370.0,0.0,0.0,0.0,32335370.0,0.0,32335370.0,,New Accumulation,2,0,0.0,Active,Confirmed Accumulation,581.4145464353143,5.1,Confirmed Accumulation,978.0,13.7,13.0,21.0,-41.0,7.75,22.6,0.01,True,20.0,0.331,0.331,0.331,100.0,10,12,12,0,31,Fundamental Watch,18,18,15,0,48,Watchlist,0.33,0.331,0.348,0.66,100.0,0,Low,No pledge / market sell,Information Technology,Information Technology,IT - Hardware,Computers Hardware & Equipments,1,30
INDORAMA,INDO RAMA SYNTHETICS (INDIA) LIMITED,31393588.0,414796.0,2,09-09-2026,414796.0,2,31393588.0,75.68,0.0,0,3.14,31393588.0,0.0,0.0,414796.0,31393588.0,0.0,False,False,Net Buying,3.14,3.14,0.0,False,0.0,0.0,0.0,0.0,0.0,False,92.39,112.3,29.0,74.85,75.67,49.86,163.0,22.1,22.1,08-09-2026,09-09-2026,74.1302357497801,77.39172514279643,75.6844038997483,1,32,31,0,0,0,2,2,0.0,0.0,0.0,31393588.0,31393588.0,0,0,0,0,0,0.0,0.0,0.0,0.0,0.0,0.0,0.0,31393588.0,0.0,31393588.0,0.0,0.0,0.0,-100.0,No Net Flow,1,0,0.0,Aging,Mature Accumulation,75.6844038997483,22.1,Late — Poor Entry,2412.0,21.1,-3.0,62.0,77.0,1.29,15.8,1.69,True,8.0,0.13,0.13,0.13,100.0,3,16,25,0,31,Fundamental Watch,19,22,30,0,58,Buy on Breakout,0.13,0.13,0.159,0.212,100.0,0,Low,No pledge / market sell,Consumer Discretionary,Textiles,Textiles & Apparels,Other Textile Products,1,31
BLBLIMITED,BLB LIMITED,15580538.0,967361.0,17,24-09-2026,967361.0,17,15580538.0,16.11,0.0,0,1.56,15580538.0,0.0,0.0,967361.0,15580538.0,0.0,False,False,Net Buying,1.56,1.56,0.0,False,0.0,0.0,0.0,0.0,0.0,False,16.72,22.47,12.0,36.84,16.27,15.95,-1.3,3.8,3.8,25-08-2026,24-09-2026,16.01999983630173,17.31,16.10622921536014,30,46,16,0,0,7,17,17,0.0,0.0,6668626.0,15580538.0,15580538.0,0,0,0,0,0,0.0,0.0,0.0,0.0,0.0,0.0,6668626.0,8911912.0,0.0,8911912.0,6668626.0,0.0,6668626.0,-25.2,Slowing Accumulation,1,0,0.0,Active,Confirmed Accumulation,16.10622921536014,3.8,Confirmed Accumulation,,3.23,117.0,9.95,311.0,1.05,40.2,0.0,True,10.67,,,,100.0,3,22,16,0,31,Fundamental Watch,15,25,20,0,50,Buy on Breakout,0.0,0.0,0.0,0.0,100.0,0,Low,No pledge / market sell,Financial Services,Financial Services,Finance,Investment Company,1,32
AEROENTER,AEROFLEX ENTERPRISES LIMITED,110722105.0,1023200.0,6,17-09-2026,1023200.0,6,110722105.0,108.21,0.0,0,11.07,110722105.0,0.0,0.0,1023200.0,110722105.0,0.0,False,False,Net Buying,11.07,11.07,0.0,False,0.0,0.0,0.0,0.0,0.0,False,123.31,159.6,62.2,51.59,131.09,103.27,57.5,14.0,14.0,05-06-2026,17-09-2026,101.72642398286938,120.25,108.21159597341673,104,127,23,0,0,1,1,1,0.0,0.0,21127925.0,21127925.0,21127925.0,0,0,0,0,0,0.0,0.0,0.0,0.0,0.0,0.0,21127925.0,0.0,0.0,0.0,21127925.0,0.0,21127925.0,,New Accumulation,1,0,0.0,Active,Confirmed Accumulation,108.21159597341673,14.0,Mature — Wait for Pullback,1395.0,13.9,152.0,-23.0,955.0,8.07,3.05,0.0,False,-831.0,0.794,0.794,0.794,100.0,12,5,21,-1,30,Fundamental Watch,19,15,25,-2,50,Buy on Breakout,0.794,0.794,0.904,1.753,100.0,0,Low,No pledge / market sell,Industrials,Capital Goods,Industrial Products,Iron & Steel Products,1,33
ELECTCAST,ELECTROSTEEL CASTINGS LTD,1949501538.0,27142650.0,7,29-09-2026,27142650.0,7,1949501538.0,71.82,0.0,0,194.95,1949501538.0,0.0,0.0,27142650.0,1949501538.0,0.0,False,False,Net Buying,194.95,194.95,0.0,False,0.0,0.0,0.0,0.0,0.0,False,75.18,,,44.08,75.5,75.99,-8.8,4.7,4.7,28-09-2026,29-09-2026,71.58590694300518,72.50830913104089,71.8242890064161,1,12,11,0,7,7,7,7,0.0,1949501538.0,1949501538.0,1949501538.0,1949501538.0,0,0,0,0,0,0.0,0.0,0.0,0.0,0.0,0.0,1949501538.0,0.0,0.0,0.0,1949501538.0,0.0,1949501538.0,,New Accumulation,7,0,0.0,Active,Confirmed Accumulation,71.8242890064161,4.7,Confirmed Accumulation,4648.0,51.9,-25.0,43.08,-85.0,0.1,4.73,0.21,True,3.95,4.194,4.194,4.194,100.0,23,5,4,-1,28,Avoid,20,14,5,-2,34,Fundamental Watch,4.194,4.194,4.39,9.96,100.0,0,Low,No pledge / market sell,Industrials,Capital Goods,Industrial Products,Iron & Steel Products,1,34
SBCL,SHIVALIK BIMETAL CONTROLS LIMITED,9306870.0,13670.0,3,11-06-2026,13670.0,3,9306870.0,680.82,0.0,0,0.93,9306870.0,0.0,0.0,13670.0,9306870.0,0.0,False,False,Net Buying,0.93,0.93,0.0,False,0.0,0.0,0.0,0.0,0.0,False,1041.6,,,51.09,1033.3,677.93,123.0,53.0,53.0,22-05-2026,11-06-2026,682.6578,674.5131818181818,680.8244330651061,20,141,121,0,0,0,0,0,0.0,0.0,0.0,0.0,0.0,0,0,0,0,0,0.0,0.0,0.0,0.0,0.0,0.0,0.0,0.0,0.0,0.0,0.0,0.0,0.0,0.0,No Net Flow,3,0,0.0,Stale,Stale Accumulation,680.8244330651061,53.0,Late — Poor Entry,6000.0,68.4,7.0,36.0,14.0,4.58,25.3,0.09,True,28.0,0.016,0.016,0.016,100.0,3,16,25,-1,28,Avoid,15,18,30,-3,45,Watchlist,0.015,0.016,0.024,0.046,100.0,0,Low,No pledge / market sell,Industrials,Capital Goods,Industrial Products,Iron & Steel Products,1,35
NCLIND,NCL INDUSTRIES LIMITED,70706643.0,404563.0,55,29-09-2026,404563.0,55,70706643.0,174.77,0.0,0,7.07,70706643.0,0.0,0.0,404563.0,70706643.0,0.0,False,False,Net Buying,7.07,7.07,0.0,False,0.0,0.0,0.0,0.0,0.0,False,165.42,214.8,147.5,44.48,174.66,181.75,-11.2,-5.3,5.3,01-06-2026,29-09-2026,181.5,176.29,174.77288580517745,120,131,11,0,4,15,42,45,0.0,6318747.0,21687006.0,48822877.0,64653484.0,0,0,0,0,0,0.0,0.0,0.0,0.0,0.0,0.0,21687006.0,42966478.0,0.0,42966478.0,21687006.0,0.0,21687006.0,-49.5,Slowing Accumulation,5,0,0.0,Active,Confirmed Accumulation,174.77288580517745,-5.4,Confirmed Accumulation,748.0,6.04,4.0,40.0,191.0,3.81,14.6,0.25,True,12.0,0.945,0.945,0.945,100.0,17,18,0,0,27,Avoid,19,21,0,0,32,Fundamental Watch,0.945,0.945,0.895,2.011,100.0,0,Low,No pledge / market sell,Commodities,Construction Materials,Cement & Cement Products,Cement & Cement Products,1,36
VIVIANA,VIVIANA POWER TECH LIMITED,14160174.0,17712.0,4,17-09-2026,17712.0,4,14160174.0,799.47,0.0,0,1.42,14160174.0,0.0,0.0,17712.0,14160174.0,0.0,False,False,Net Buying,1.42,1.42,0.0,False,0.0,0.0,0.0,0.0,0.0,False,817.85,,,73.2,734.64,,-10.0,2.3,2.3,19-06-2026,17-09-2026,792.1204188481676,703.5558232931727,799.4678184281843,90,113,23,0,0,1,1,1,0.0,0.0,1751854.0,1751854.0,1751854.0,0,0,0,0,0,0.0,0.0,0.0,0.0,0.0,0.0,1751854.0,0.0,0.0,0.0,1751854.0,0.0,1751854.0,,New Accumulation,2,0,0.0,Active,Confirmed Accumulation,799.4678184281843,2.3,Confirmed Accumulation,828.0,15.0,185.0,11.55,204.0,6.84,50.7,0.81,True,16.07,0.171,0.171,0.171,100.0,5,19,8,0,27,Avoid,22,22,10,0,49,Watchlist,0.171,0.171,0.175,0.239,100.0,0,Low,No pledge / market sell,Industrials,Construction,Construction,Civil Construction,1,37
AURUM,Aurum PropTech Limited,87434413.0,455900.0,21,30-09-2026,455900.0,21,87434413.0,191.78,0.0,0,8.74,87434413.0,0.0,0.0,455900.0,87434413.0,0.0,False,False,Net Buying,8.74,8.74,0.0,False,0.0,0.0,0.0,0.0,0.0,False,232.77,264.64,151.9,50.34,225.16,197.06,35.1,21.4,21.4,11-05-2026,30-09-2026,177.43885,226.99235,191.78419170870805,142,152,10,0,1,2,2,2,0.0,4539847.0,11192763.0,11192763.0,11192763.0,0,0,0,0,0,0.0,0.0,0.0,0.0,0.0,0.0,11192763.0,0.0,0.0,0.0,11192763.0,0.0,11192763.0,,New Accumulation,1,0,0.0,Active,Confirmed Accumulation,191.78419170870805,21.4,Late — Poor Entry,1679.0,260.0,-48.0,-3.0,2250.0,6.59,1.28,0.01,False,-5760.0,0.521,0.521,0.521,100.0,13,-2,25,-2,26,Avoid,19,10,30,-5,46,Watchlist,0.521,0.521,0.632,1.256,100.0,0,Low,No pledge / market sell,Information Technology,Information Technology,IT - Services,IT Enabled Services,1,38
SILVERTUC,SILVER TOUCH TECHNOLOGIES LIMITED,11081344.0,64600.0,5,30-09-2026,64600.0,5,11081344.0,171.54,0.0,0,1.11,11081344.0,0.0,0.0,64600.0,11081344.0,0.0,False,False,Net Buying,1.11,1.11,0.0,False,0.0,0.0,0.0,0.0,0.0,False,131.18,216.8,67.58,74.59,170.4,467.19,2.4,-23.5,23.5,25-08-2026,30-09-2026,180.9767857142857,139.53333333333333,171.53783281733746,36,46,10,0,1,1,5,5,0.0,83720.0,83720.0,11081344.0,11081344.0,0,0,0,0,0,0.0,0.0,0.0,0.0,0.0,0.0,83720.0,10997624.0,0.0,10997624.0,83720.0,0.0,83720.0,-99.2,Slowing Accumulation,1,0,0.0,Active,Confirmed Accumulation,171.53783281733746,-23.5,Confirmed Accumulation,1663.0,38.2,20.0,17.0,83.0,0.8,30.3,0.2,True,23.0,0.067,0.067,0.067,100.0,3,26,5,0,26,Avoid,21,30,5,0,48,Watchlist,0.067,0.067,0.051,0.068,100.0,0,Low,No pledge / market sell,Information Technology,Information Technology,IT - Software,Computers - Software & Consulting,1,39
GANESHCP,Ganesh Consumer Products Limited,77737533.0,388100.0,6,02-09-2026,388100.0,6,77737533.0,200.3,0.0,0,7.77,77737533.0,0.0,0.0,388100.0,77737533.0,0.0,False,False,Net Buying,7.77,7.77,0.0,False,0.0,0.0,0.0,0.0,0.0,False,152.08,309.95,152.0,64.08,163.84,186.6,-25.5,-24.1,24.1,01-06-2026,02-09-2026,203.99064721569576,167.22016666666667,200.3028420510178,93,131,38,0,0,0,2,2,0.0,0.0,0.0,8001009.0,8001009.0,0,0,0,0,0,0.0,0.0,0.0,0.0,0.0,0.0,0.0,8001009.0,0.0,8001009.0,0.0,0.0,0.0,-100.0,No Net Flow,2,0,0.0,Aging,Mature Accumulation,200.3028420510178,-24.1,Mature — Wait for Pullback,615.0,13.5,-1.0,21.0,45.0,3.1,19.3,0.07,True,11.0,1.264,1.264,1.264,100.0,14,19,0,0,25,Avoid,20,25,0,0,37,Fundamental Watch,1.263,1.264,0.96,1.498,100.0,0,Low,No pledge / market sell,Fast Moving Consumer Goods,Fast Moving Consumer Goods,Food Products,Packaged Foods,1,40
ARSSBL,Anand Rathi Share and Stock Brokers Limited,10900691.0,20000.0,1,16-06-2026,20000.0,1,10900691.0,545.03,0.0,0,1.09,10900691.0,0.0,0.0,20000.0,10900691.0,0.0,False,False,Net Buying,1.09,1.09,0.0,False,0.0,0.0,0.0,0.0,0.0,False,539.6,,,69.9,511.44,542.36,1.2,-1.0,1.0,16-06-2026,16-06-2026,545.03455,545.03455,545.03455,0,116,116,0,0,0,0,0,0.0,0.0,0.0,0.0,0.0,0,0,0,0,0,0.0,0.0,0.0,0.0,0.0,0.0,0.0,0.0,0.0,0.0,0.0,0.0,0.0,0.0,No Net Flow,1,0,0.0,Stale,Stale Accumulation,545.03455,-1.0,Late — Poor Entry,3403.0,23.0,17.0,97.0,53.0,3.73,19.8,0.62,True,40.0,0.032,0.032,0.032,100.0,1,23,9,0,25,Avoid,17,27,10,0,46,Watchlist,0.032,0.032,0.032,0.045,100.0,0,Low,No pledge / market sell,Financial Services,Financial Services,Capital Markets,Stockbroking & Allied,1,41
TAINWALCHM,TAINWALA CHEMICALS AND PLASTICS (INDIA) LIMITED,6171564.0,29362.0,14,28-09-2026,29362.0,14,6171564.0,210.19,0.0,0,0.62,6171564.0,0.0,0.0,29362.0,6171564.0,0.0,False,False,Net Buying,0.62,0.62,0.0,False,0.0,0.0,0.0,0.0,0.0,False,219.26,257.0,155.0,67.04,209.44,197.87,19.6,4.3,4.3,18-08-2026,28-09-2026,207.70463422358281,210.9408,210.18881547578502,41,53,12,0,1,5,14,14,0.0,131838.0,1936783.0,6171564.0,6171564.0,0,0,0,0,0,0.0,0.0,0.0,0.0,0.0,0.0,1936783.0,4234781.0,0.0,4234781.0,1936783.0,0.0,1936783.0,-54.3,Slowing Accumulation,1,0,0.0,Active,Confirmed Accumulation,210.18881547578502,4.3,Confirmed Accumulation,205.0,25.5,12.0,0.03,16.0,0.03,7.91,0.0,False,3.16,0.301,0.301,0.301,100.0,7,6,21,-1,25,Avoid,23,10,25,-2,48,Watchlist,0.302,0.301,0.314,0.468,100.0,0,Low,No pledge / market sell,Industrials,Capital Goods,Industrial Products,Plastic Products - Industrial,1,42
HCLTECH,HCL Technologies Limited,819109792.0,696166.0,7,12-06-2026,696166.0,7,819109792.0,1176.6,0.0,0,81.91,819109792.0,0.0,0.0,696166.0,819109792.0,0.0,False,False,Net Buying,81.91,81.91,0.0,False,0.0,0.0,0.0,0.0,0.0,False,1216.7,,,60.82,1289.52,1343.79,-16.7,3.4,3.4,24-04-2026,12-06-2026,1213.7332963901204,1104.337889591841,1176.6012588951485,49,169,120,0,0,0,0,0,0.0,0.0,0.0,0.0,0.0,0,0,0,0,0,0.0,0.0,0.0,0.0,0.0,0.0,0.0,0.0,0.0,0.0,0.0,0.0,0.0,0.0,No Net Flow,2,0,0.0,Stale,Stale Accumulation,1176.6012588951485,3.4,Late — Poor Entry,330172.0,18.1,7.0,4158.0,44.0,25.89,53.4,0.04,True,29.0,0.025,0.025,0.025,100.0,2,26,4,0,24,Avoid,15,30,5,0,42,Watchlist,0.025,0.025,0.026,0.042,100.0,0,Low,No pledge / market sell,Information Technology,Information Technology,IT - Software,Computers - Software & Consulting,1,43
VEEGALAND,Veegaland Developers Limited,196783125.0,1369246.0,4,22-09-2026,1369246.0,4,196783125.0,143.72,0.0,0,19.68,196783125.0,0.0,0.0,1369246.0,196783125.0,0.0,False,False,Net Buying,19.68,19.68,0.0,False,0.0,0.0,0.0,0.0,0.0,False,133.9,154.0,135.2,63.69,,,,-6.8,6.8,18-09-2026,22-09-2026,146.47104875,138.5513656655995,143.7164139971926,4,22,18,0,0,4,4,4,0.0,0.0,196783125.0,196783125.0,196783125.0,0,0,0,0,0,0.0,0.0,0.0,0.0,0.0,0.0,196783125.0,0.0,0.0,0.0,196783125.0,0.0,196783125.0,,New Accumulation,1,0,0.0,Active,Confirmed Accumulation,143.7164139971926,-6.8,Confirmed Accumulation,653.0,19.7,30.0,13.01,30.0,2.88,14.1,0.32,False,17.51,3.014,3.014,3.014,100.0,19,10,0,0,24,Avoid,20,15,0,0,30,Fundamental Watch,3.014,3.014,2.808,4.408,100.0,0,Low,No pledge / market sell,Consumer Discretionary,Realty,Realty,"Residential, Commercial Projects",1,44
DEEPAKNTR,DEEPAK NITRITE LIMITED,100633937.0,65000.0,2,29-09-2026,65000.0,2,100633937.0,1548.21,0.0,0,10.06,100633937.0,0.0,0.0,65000.0,100633937.0,0.0,False,False,Net Buying,10.06,10.06,0.0,False,0.0,0.0,0.0,0.0,0.0,False,1621.9,,,49.13,1669.5,1632.81,14.0,4.8,4.8,28-09-2026,29-09-2026,1562.0502617801046,1537.309408528198,1548.2144153846154,1,12,11,0,2,2,2,2,0.0,100633937.0,100633937.0,100633937.0,100633937.0,0,0,0,0,0,0.0,0.0,0.0,0.0,0.0,0.0,100633937.0,0.0,0.0,0.0,100633937.0,0.0,100633937.0,,New Accumulation,1,0,0.0,Active,Confirmed Accumulation,1548.2144153846154,4.8,Confirmed Accumulation,22122.0,95.9,17.0,110.0,-5.0,4.74,7.36,0.02,True,14.0,0.045,0.045,0.045,100.0,3,12,13,-1,24,Avoid,12,19,15,-3,40,Watchlist,0.045,0.045,0.048,0.097,100.0,0,Low,No pledge / market sell,Commodities,Chemicals,Chemicals & Petrochemicals,Specialty Chemicals,1,45
LANDMARK,Landmark Cars Limited,20373286.0,53600.0,6,10-06-2026,53600.0,6,20373286.0,380.1,0.0,0,2.04,20373286.0,0.0,0.0,53600.0,20373286.0,0.0,False,False,Net Buying,2.04,2.04,0.0,False,0.0,0.0,0.0,0.0,0.0,False,464.7,,,52.87,507.1,443.2,9.9,22.3,22.3,29-05-2026,10-06-2026,370.2960294117647,421.3368,380.0986194029851,12,134,122,0,0,0,0,0,0.0,0.0,0.0,0.0,0.0,0,0,0,0,0,0.0,0.0,0.0,0.0,0.0,0.0,0.0,0.0,0.0,0.0,0.0,0.0,0.0,0.0,No Net Flow,2,0,0.0,Stale,Stale Accumulation,380.0986194029851,22.3,Late — Poor Entry,1927.0,43.2,26.0,26.0,-1.0,2.8,9.59,0.19,True,14.0,0.106,0.106,0.106,100.0,4,12,21,0,24,Avoid,17,19,25,0,48,Watchlist,0.106,0.106,0.129,0.244,100.0,0,Low,No pledge / market sell,Consumer Discretionary,Automobile and Auto Components,Automobiles,Auto Dealer,1,46
CHEMBONDCH,CHEMBOND CHEMICALS LIMITED,11080000.0,45500.0,3,25-08-2026,45500.0,3,11080000.0,243.52,0.0,0,1.11,11080000.0,0.0,0.0,45500.0,11080000.0,0.0,False,False,Net Buying,1.11,1.11,0.0,False,0.0,0.0,0.0,0.0,0.0,False,220.86,290.0,104.85,67.65,252.33,191.63,50.2,-9.3,9.3,06-08-2026,25-08-2026,230.0,271.0,243.5164835164835,19,65,46,0,0,0,1,3,0.0,0.0,0.0,4065000.0,11080000.0,0,0,0,0,0,0.0,0.0,0.0,0.0,0.0,0.0,0.0,11080000.0,0.0,11080000.0,0.0,0.0,0.0,-100.0,No Net Flow,2,0,0.0,Aging,Mature Accumulation,243.5164835164835,-9.3,Mature — Wait for Pullback,594.0,49.6,3.0,2.99,97.0,1.0,11.6,0.0,True,16.21,0.187,0.187,0.187,100.0,4,14,13,0,23,Avoid,22,16,15,0,45,Watchlist,0.187,0.187,0.169,0.25,100.0,0,Low,No pledge / market sell,Commodities,Chemicals,Chemicals & Petrochemicals,Specialty Chemicals,1,47
JSL,JINDAL STAINLESS LIMITED,1900956586.0,2549985.0,5,28-09-2026,2549985.0,5,1900956586.0,745.48,0.0,0,190.1,1900956586.0,0.0,0.0,2549985.0,1900956586.0,0.0,False,False,Net Buying,190.1,190.1,0.0,False,0.0,0.0,0.0,0.0,0.0,False,709.05,884.0,652.25,57.94,733.33,746.29,-5.9,-4.9,4.9,04-09-2026,28-09-2026,739.3427581382232,746.8057533087278,745.4775561424871,24,36,12,0,1,4,5,5,0.0,623010004.0,1426433835.0,1900956586.0,1900956586.0,0,0,0,0,0,0.0,0.0,0.0,0.0,0.0,0.0,1426433835.0,474522751.0,0.0,474522751.0,1426433835.0,0.0,1426433835.0,200.6,Accelerating Accumulation,1,0,0.0,Active,Confirmed Accumulation,745.4775561424871,-4.9,Confirmed Accumulation,58455.0,21.8,5.0,1028.0,1.0,7.35,18.0,0.24,True,10.0,0.325,0.325,0.325,100.0,9,16,0,0,22,Avoid,18,18,0,0,33,Fundamental Watch,0.325,0.325,0.309,0.534,100.0,0,Low,No pledge / market sell,Commodities,Metals & Mining,Ferrous Metals,Iron & Steel,1,48
IBULLSLTD,Indiabulls Limited,42690564.0,2241914.0,2,19-05-2026,2241914.0,2,42690564.0,19.04,0.0,0,4.27,42690564.0,0.0,0.0,2241914.0,42690564.0,0.0,False,False,Net Buying,4.27,4.27,0.0,False,0.0,0.0,0.0,0.0,0.0,False,36.62,,,27.46,28.07,20.16,227.3,92.3,92.3,18-05-2026,19-05-2026,19.473156539301023,17.54,19.042016776736308,1,145,144,0,0,0,0,0,0.0,0.0,0.0,0.0,0.0,0,0,0,0,0,0.0,0.0,0.0,0.0,0.0,0.0,0.0,0.0,0.0,0.0,0.0,0.0,0.0,0.0,No Net Flow,1,0,0.0,Stale,Stale Accumulation,19.042016776736308,92.3,Late — Poor Entry,8541.0,,110.0,19.45,87.0,0.04,-0.33,0.16,False,56.33,0.05,0.05,0.05,100.0,1,11,25,0,22,Avoid,12,20,30,0,47,Watchlist,0.05,0.05,0.096,0.35,100.0,0,Low,No pledge / market sell,Services,Services,Commercial Services & Supplies,Diversified Commercial Services,1,49
INDOCO,INDOCO REMEDIES LIMITED,12657065.0,52930.0,8,09-09-2026,52930.0,8,12657065.0,239.13,0.0,0,1.27,12657065.0,0.0,0.0,52930.0,12657065.0,0.0,False,False,Net Buying,1.27,1.27,0.0,False,0.0,0.0,0.0,0.0,0.0,False,230.7,317.35,162.19,58.75,239.44,222.66,16.4,-3.5,3.5,31-08-2026,09-09-2026,244.848,238.3013906099408,239.1283771018326,9,40,31,0,0,0,8,8,0.0,0.0,0.0,12657065.0,12657065.0,0,0,0,0,0,0.0,0.0,0.0,0.0,0.0,0.0,0.0,12657065.0,0.0,12657065.0,0.0,0.0,0.0,-100.0,No Net Flow,4,0,0.0,Aging,Mature Accumulation,239.1283771018326,-3.5,Mature — Wait for Pullback,2129.0,98.9,13.0,42.0,141.0,8.92,4.33,0.69,True,10.0,0.059,0.059,0.059,100.0,3,15,13,-1,22,Avoid,16,18,15,-3,38,Fundamental Watch,0.06,0.059,0.057,0.098,100.0,0,Low,No pledge / market sell,Healthcare,Healthcare,Pharmaceuticals & Biotechnology,Pharmaceuticals,1,50
PAISALO,PAISALO DIGITAL LIMITED,2299819833.0,45411004.0,46,22-09-2026,45411004.0,46,2299819833.0,50.64,0.0,0,229.98,2299819833.0,0.0,0.0,45411004.0,2299819833.0,0.0,False,False,Net Buying,229.98,229.98,0.0,False,5242055435.0,227.93330850451886,0.0,500.9612531,227.93,True,80.9,94.88,30.0,50.38,76.05,53.39,111.6,59.8,59.8,14-05-2026,22-09-2026,47.324796,93.83000295647032,50.644549347554616,131,149,18,0,0,2,2,2,0.0,0.0,21588176.0,21588176.0,21588176.0,0,0,0,0,0,0.0,0.0,0.0,0.0,0.0,0.0,21588176.0,0.0,0.0,0.0,21588176.0,0.0,21588176.0,,New Accumulation,8,0,0.0,Active,Confirmed Accumulation,50.644549347554616,59.7,Late — Poor Entry,7395.0,29.6,25.0,,23.0,0.67,12.4,2.41,False,,3.11,3.11,3.11,100.0,18,7,25,-16,21,Avoid,15,12,30,-5,39,Fundamental Watch,3.11,3.11,4.968,9.861,100.0,0,High,Pledge 227.93% of buy value,Financial Services,Financial Services,Finance,Non Banking Financial Company (NBFC),1,51
NAVA,NAVA LIMITED,77140298.0,137000.0,8,21-09-2026,137000.0,8,77140298.0,563.07,0.0,0,7.71,77140298.0,0.0,0.0,137000.0,77140298.0,0.0,False,False,Net Buying,7.71,7.71,0.0,False,0.0,0.0,0.0,0.0,0.0,False,549.1,739.4,501.65,48.85,561.33,585.39,-5.3,-2.5,2.5,25-08-2026,21-09-2026,563.6042619047619,557.1195,563.0678686131387,27,46,19,0,0,4,8,8,0.0,0.0,18832398.0,77140298.0,77140298.0,0,0,0,0,0,0.0,0.0,0.0,0.0,0.0,0.0,18832398.0,58307900.0,0.0,58307900.0,18832398.0,0.0,18832398.0,-67.7,Slowing Accumulation,3,0,0.0,Active,Confirmed Accumulation,563.0678686131387,-2.5,Confirmed Accumulation,15557.0,22.2,18.0,152.0,61.0,9.39,16.5,0.01,True,29.0,0.05,0.05,0.05,100.0,5,26,0,0,21,Avoid,15,30,0,0,35,Fundamental Watch,0.05,0.05,0.048,0.099,100.0,0,Low,No pledge / market sell,Utilities,Power,Power,Power Generation,1,52
PARADEEP,PARADEEP PHOSPHATES LIMITED,75084943.0,565273.0,7,19-08-2026,565273.0,7,75084943.0,132.83,0.0,0,7.51,75084943.0,0.0,0.0,565273.0,75084943.0,0.0,False,False,Net Buying,7.51,7.51,0.0,False,0.0,0.0,0.0,0.0,0.0,False,146.75,201.99,99.7,56.08,153.03,136.33,21.0,10.5,10.5,21-05-2026,19-08-2026,124.48,150.6,132.82952307999852,90,142,52,0,0,0,1,1,0.0,0.0,0.0,15060000.0,15060000.0,0,0,0,0,0,0.0,0.0,0.0,0.0,0.0,0.0,0.0,15060000.0,0.0,15060000.0,0.0,0.0,0.0,-100.0,No Net Flow,1,0,0.0,Aging,Mature Accumulation,132.82952307999852,10.5,Mature — Wait for Pullback,15240.0,14.0,28.0,720.0,14.0,3.78,15.4,1.02,False,12.0,0.049,0.049,0.049,100.0,1,9,21,0,21,Avoid,15,14,25,0,44,Watchlist,0.049,0.049,0.054,0.097,100.0,0,Low,No pledge / market sell,Commodities,Chemicals,Fertilizers & Agrochemicals,Fertilizers,1,53
RGL,Renaissance Global Limited,30063761.0,297965.0,2,11-06-2026,297965.0,2,30063761.0,100.9,0.0,0,3.01,30063761.0,0.0,0.0,297965.0,30063761.0,0.0,False,False,Net Buying,3.01,3.01,0.0,False,0.0,0.0,0.0,0.0,0.0,False,160.74,,,69.56,142.07,119.11,50.6,59.3,59.3,10-06-2026,11-06-2026,95.70170033911258,101.7464416945539,100.89695434027486,1,122,121,0,0,0,0,0,0.0,0.0,0.0,0.0,0.0,0,0,0,0,0,0.0,0.0,0.0,0.0,0.0,0.0,0.0,0.0,0.0,0.0,0.0,0.0,0.0,0.0,No Net Flow,1,0,0.0,Stale,Stale Accumulation,100.89695434027486,59.3,Late — Poor Entry,1726.0,60.2,7.0,22.0,0.0,0.95,5.75,0.52,True,5.0,0.174,0.174,0.174,100.0,3,9,25,-1,21,Avoid,19,11,30,-3,42,Watchlist,0.174,0.174,0.277,0.399,100.0,0,Low,No pledge / market sell,Consumer Discretionary,Consumer Durables,Consumer Durables,"Gems, Jewellery And Watches",1,54
DIAMONDYD,Prataap Snacks Limited,1121706676.0,1006271.0,7,07-08-2026,1006271.0,7,1121706676.0,1114.72,0.0,0,112.17,1121706676.0,296430806.0,300000.0,706271.0,825275870.0,26.43,False,False,Net Buying with Selling,82.53,112.17,29.64,False,0.0,0.0,26.43,29.6430806,26.43,False,1049.4,1245.0,858.9,64.3,1135.0,1089.64,5.4,-5.9,5.9,26-05-2026,07-08-2026,1004.3800001927631,1179.860001898032,1114.7162901445038,73,137,64,0,0,0,0,3,0.0,0.0,0.0,0.0,586966134.0,0,0,0,0,0,0.0,0.0,0.0,0.0,0.0,0.0,0.0,586966134.0,0.0,586966134.0,0.0,0.0,0.0,-100.0,No Net Flow,1,4,0.0,Stale,Stale Accumulation,1114.7162901445038,-5.9,Late — Poor Entry,2511.0,197.0,6.0,19.05,194.0,1.03,3.17,0.06,True,3.87,4.467,3.287,3.287,73.6,15,18,9,-14,20,Avoid,18,21,10,-5,36,Fundamental Watch,4.467,3.287,2.952,4.59,73.57,2,High,Market sell 26.43% of buy value,Fast Moving Consumer Goods,Fast Moving Consumer Goods,Food Products,Packaged Foods,1,55
EUROPRATIK,Euro Pratik Sales Limited,927141636.0,3499856.0,8,29-05-2026,3499856.0,8,927141636.0,264.91,0.0,0,92.71,927141636.0,0.0,0.0,3499856.0,927141636.0,0.0,False,False,Net Buying,92.71,92.71,0.0,False,0.0,0.0,0.0,0.0,0.0,False,176.69,,,70.09,252.08,261.87,-23.4,-33.3,33.3,21-05-2026,29-05-2026,269.5284993997599,257.64732429679543,264.90850937867157,8,142,134,0,0,0,0,0,0.0,0.0,0.0,0.0,0.0,0,0,0,0,0,0.0,0.0,0.0,0.0,0.0,0.0,0.0,0.0,0.0,0.0,0.0,0.0,0.0,0.0,No Net Flow,3,0,0.0,Stale,Stale Accumulation,264.90850937867157,-33.3,Late — Poor Entry,1806.0,31.4,-3.0,11.0,3.0,1.05,27.9,0.03,True,24.0,5.134,5.134,5.134,100.0,19,9,0,0,20,Avoid,25,13,0,0,30,Fundamental Watch,5.133,5.134,3.424,4.885,100.0,0,Low,No pledge / market sell,Consumer Discretionary,Consumer Durables,Consumer Durables,Plywood Boards/ Laminates,1,56
STEL,STEL HOLDINGS LIMITED,80530458.0,135655.0,59,28-09-2026,135655.0,59,80530458.0,593.64,0.0,0,8.05,80530458.0,0.0,0.0,135655.0,80530458.0,0.0,False,False,Net Buying,8.05,8.05,0.0,False,0.0,0.0,0.0,0.0,0.0,False,545.25,689.95,380.0,64.68,594.36,519.4,12.0,-8.2,8.2,02-06-2026,28-09-2026,478.493981275078,610.8557993730408,593.641649773322,118,130,12,0,1,12,36,36,0.0,779452.0,18512816.0,39342571.0,39342571.0,0,0,0,0,0,0.0,0.0,0.0,0.0,0.0,0.0,18512816.0,20829755.0,0.0,20829755.0,18512816.0,0.0,18512816.0,-11.1,Slowing Accumulation,2,0,0.0,Active,Confirmed Accumulation,593.641649773322,-8.2,Confirmed Accumulation,1006.0,51.3,21.0,-0.11,23.0,-0.07,1.58,0.0,False,-110.0,0.801,0.801,0.801,100.0,14,2,13,-1,20,Avoid,19,15,15,-2,39,Fundamental Watch,0.8,0.801,0.735,1.137,100.0,0,Low,No pledge / market sell,Financial Services,Financial Services,Finance,Investment Company,1,57
BERGEPAINT,BERGER PAINTS (I) LIMITED,48436318.0,98938.0,5,07-09-2026,98938.0,5,48436318.0,489.56,0.0,0,4.84,48436318.0,0.0,0.0,98938.0,48436318.0,0.0,False,False,Net Buying,4.84,4.84,0.0,False,0.0,0.0,0.0,0.0,0.0,False,471.9,594.55,391.1,75.0,493.49,488.39,8.3,-3.6,3.6,07-09-2026,07-09-2026,485.14018597129575,486.4111749009461,489.56233196547333,0,33,33,0,0,0,5,5,0.0,0.0,0.0,48436318.0,48436318.0,0,0,0,0,0,0.0,0.0,0.0,0.0,0.0,0.0,0.0,48436318.0,0.0,48436318.0,0.0,0.0,0.0,-100.0,No Net Flow,5,0,0.0,Aging,Mature Accumulation,489.56233196547333,-3.6,Mature — Wait for Pullback,55024.0,46.6,5.0,562.0,8.0,3.16,22.9,0.07,True,17.0,0.009,0.009,0.009,100.0,3,16,9,0,20,Avoid,20,18,10,0,40,Watchlist,0.009,0.009,0.008,0.011,100.0,0,Low,No pledge / market sell,Consumer Discretionary,Consumer Durables,Consumer Durables,Paints,1,58
DOLLAR,DOLLAR INDUSTRIES LIMITED,14833500.0,55000.0,1,24-06-2026,55000.0,1,14833500.0,269.7,0.0,0,1.48,14833500.0,0.0,0.0,55000.0,14833500.0,0.0,False,False,Net Buying,1.48,1.48,0.0,False,0.0,0.0,0.0,0.0,0.0,False,271.5,,,73.09,271.68,283.35,8.6,0.7,0.7,24-06-2026,24-06-2026,269.7,269.7,269.7,0,108,108,0,0,0,0,0,0.0,0.0,0.0,0.0,0.0,0,0,0,0,0,0.0,0.0,0.0,0.0,0.0,0.0,0.0,0.0,0.0,0.0,0.0,0.0,0.0,0.0,No Net Flow,1,0,0.0,Stale,Stale Accumulation,269.7,0.7,Late — Poor Entry,1540.0,13.9,6.0,46.0,18.0,4.31,13.6,0.28,True,12.0,0.096,0.096,0.096,100.0,1,18,9,0,20,Avoid,18,21,10,0,41,Watchlist,0.096,0.096,0.097,0.133,100.0,0,Low,No pledge / market sell,Consumer Discretionary,Textiles,Textiles & Apparels,Garments & Apparels,1,59
GREENPLY,GREENPLY INDUSTRIES LIMITED,9971315.0,38200.0,1,13-05-2026,38200.0,1,9971315.0,261.03,0.0,0,1.0,9971315.0,0.0,0.0,38200.0,9971315.0,0.0,False,False,Net Buying,1.0,1.0,0.0,False,0.0,0.0,0.0,0.0,0.0,False,306.7,,,52.12,291.34,261.52,46.0,17.5,17.5,13-05-2026,13-05-2026,261.0291884816754,261.0291884816754,261.0291884816754,0,150,150,0,0,0,0,0,0.0,0.0,0.0,0.0,0.0,0,0,0,0,0,0.0,0.0,0.0,0.0,0.0,0.0,0.0,0.0,0.0,0.0,0.0,0.0,0.0,0.0,No Net Flow,1,0,0.0,Stale,Stale Accumulation,261.0291884816754,17.5,Late — Poor Entry,3831.0,43.6,10.0,25.0,-12.0,1.7,14.1,0.06,True,5.0,0.026,0.026,0.026,100.0,1,8,21,0,20,Avoid,12,14,25,0,41,Watchlist,0.026,0.026,0.031,0.059,100.0,0,Low,No pledge / market sell,Consumer Discretionary,Consumer Durables,Consumer Durables,Plywood Boards/ Laminates,1,60
HTEL,Hy-Tech Engineers Limited,8585000.0,125000.0,1,29-09-2026,125000.0,1,8585000.0,68.68,0.0,0,0.86,8585000.0,0.0,0.0,125000.0,8585000.0,0.0,False,False,Net Buying,0.86,0.86,0.0,False,0.0,0.0,0.0,0.0,0.0,False,90.37,,,71.22,,,,31.6,31.6,29-09-2026,29-09-2026,68.68,68.68,68.68,0,11,11,0,1,1,1,1,0.0,8585000.0,8585000.0,8585000.0,8585000.0,0,0,0,0,0,0.0,0.0,0.0,0.0,0.0,0.0,8585000.0,0.0,0.0,0.0,8585000.0,0.0,8585000.0,,New Accumulation,1,0,0.0,Active,Mature Accumulation,68.68,31.6,Late — Poor Entry,857.0,37.4,17.0,8.44,39.0,0.55,23.9,0.25,True,19.61,0.1,0.1,0.1,100.0,5,22,4,0,20,Avoid,19,25,5,0,38,Fundamental Watch,0.1,0.1,0.132,0.185,100.0,0,Low,No pledge / market sell,Industrials,Capital Goods,Industrial Products,Other Industrial Products,1,61
BAJAJHCARE,BAJAJ HEALTHCARE LIMITED,29730147.0,100000.0,1,12-06-2026,100000.0,1,29730147.0,297.3,0.0,0,2.97,29730147.0,0.0,0.0,100000.0,29730147.0,0.0,False,False,Net Buying,2.97,2.97,0.0,False,0.0,0.0,0.0,0.0,0.0,False,320.0,,,67.69,328.98,336.13,-1.7,7.6,7.6,12-06-2026,12-06-2026,297.30147,297.30147,297.30147,0,120,120,0,0,0,0,0,0.0,0.0,0.0,0.0,0.0,0,0,0,0,0,0.0,0.0,0.0,0.0,0.0,0.0,0.0,0.0,0.0,0.0,0.0,0.0,0.0,0.0,No Net Flow,1,0,0.0,Stale,Stale Accumulation,297.30147,7.6,Late — Poor Entry,1077.0,19.1,12.0,29.0,20.0,4.07,11.5,0.47,True,17.0,0.276,0.276,0.276,100.0,5,18,4,0,19,Avoid,20,21,5,0,38,Fundamental Watch,0.276,0.276,0.297,0.439,100.0,0,Low,No pledge / market sell,Healthcare,Healthcare,Pharmaceuticals & Biotechnology,Pharmaceuticals,1,62
TTL,T T LIMITED,28070320.0,3895463.0,21,30-09-2026,3895463.0,21,28070320.0,7.21,0.0,0,2.81,28070320.0,0.0,0.0,3895463.0,28070320.0,0.0,False,False,Net Buying,2.81,2.81,0.0,False,0.0,0.0,0.0,0.0,0.0,False,6.96,11.25,5.5,58.66,6.72,7.68,-20.0,-3.5,3.5,18-06-2026,30-09-2026,6.936243093922652,8.045577858684796,7.20590081333079,104,114,10,0,2,8,19,19,0.0,10238229.0,18751097.0,27457008.0,27457008.0,0,0,0,0,0,0.0,0.0,0.0,0.0,0.0,0.0,18751097.0,8705911.0,0.0,8705911.0,18751097.0,0.0,18751097.0,115.4,Accelerating Accumulation,2,0,0.0,Active,Confirmed Accumulation,7.20590081333079,-3.4,Confirmed Accumulation,180.0,339.0,-14.0,2.64,124.0,0.03,5.82,0.64,False,5.69,1.559,1.559,1.559,100.0,18,0,4,-1,18,Avoid,20,7,5,-3,26,Avoid,1.561,1.559,1.506,2.568,100.0,0,Low,No pledge / market sell,Consumer Discretionary,Textiles,Textiles & Apparels,Other Textile Products,1,63
MOBIKWIK,One MobiKwik Systems Limited,21241174.0,107000.0,2,29-09-2026,107000.0,2,21241174.0,198.52,0.0,0,2.12,21241174.0,0.0,0.0,107000.0,21241174.0,0.0,False,False,Net Buying,2.12,2.12,0.0,False,0.0,0.0,0.0,0.0,0.0,False,245.49,,,25.18,203.46,204.24,36.9,23.7,23.7,28-09-2026,29-09-2026,199.32359615384615,197.75176363636365,198.51564485981308,1,12,11,0,2,2,2,2,0.0,21241174.0,21241174.0,21241174.0,21241174.0,0,0,0,0,0,0.0,0.0,0.0,0.0,0.0,0.0,21241174.0,0.0,0.0,0.0,21241174.0,0.0,21241174.0,,New Accumulation,1,0,0.0,Active,Confirmed Accumulation,198.51564485981308,23.7,Late — Poor Entry,1933.0,209.0,2.0,7.52,106.0,1.05,-0.87,0.5,False,2.75,0.11,0.11,0.11,100.0,7,0,21,-2,18,Avoid,14,7,25,-5,33,Fundamental Watch,0.11,0.11,0.136,0.54,100.0,0,Low,No pledge / market sell,Financial Services,Financial Services,Financial Technology (Fintech),Financial Technology (Fintech),1,64
THOMASCOOK,THOMAS COOK (INDIA) LIMITED,483974535.0,4427617.0,4,11-06-2026,4427617.0,4,483974535.0,109.31,0.0,0,48.4,483974535.0,0.0,0.0,4427617.0,483974535.0,0.0,False,False,Net Buying,48.4,48.4,0.0,False,0.0,0.0,0.0,0.0,0.0,False,96.75,,,72.34,105.42,108.08,-5.6,-11.5,11.5,08-06-2026,11-06-2026,103.75710020989752,107.94740176620421,109.30813008442239,3,124,121,0,0,0,0,0,0.0,0.0,0.0,0.0,0.0,0,0,0,0,0,0.0,0.0,0.0,0.0,0.0,0.0,0.0,0.0,0.0,0.0,0.0,0.0,0.0,0.0,No Net Flow,1,0,0.0,Stale,Stale Accumulation,109.30813008442239,-11.5,Late — Poor Entry,4551.0,36.5,0.0,42.0,8.0,1.25,9.71,0.06,True,5.0,1.063,1.063,1.063,100.0,13,12,0,0,17,Avoid,25,14,0,0,31,Fundamental Watch,1.064,1.063,0.941,1.301,100.0,0,Low,No pledge / market sell,Consumer Discretionary,Consumer Services,Leisure Services,"Tour, Travel Related Services",1,65
GREENPANEL,Greenpanel Industries Limited,229077678.0,1444534.0,5,18-09-2026,1444534.0,5,229077678.0,158.58,0.0,0,22.91,229077678.0,0.0,0.0,1444534.0,229077678.0,0.0,False,False,Net Buying,22.91,22.91,0.0,False,0.0,0.0,0.0,0.0,0.0,False,153.78,314.4,148.51,53.12,167.01,196.11,-22.3,-3.0,3.0,22-05-2026,18-09-2026,183.82932752141525,155.80677627745325,158.58240650618123,119,141,22,0,0,3,4,4,0.0,0.0,188893345.0,198797495.0,198797495.0,0,0,0,0,0,0.0,0.0,0.0,0.0,0.0,0.0,188893345.0,9904150.0,0.0,9904150.0,188893345.0,0.0,188893345.0,1807.2,Accelerating Accumulation,3,0,0.0,Active,Confirmed Accumulation,158.58240650618123,-3.0,Confirmed Accumulation,1886.0,281.0,12.0,29.89,-69.0,0.1,-0.4,0.27,True,8.54,1.215,1.215,1.215,100.0,18,5,0,-1,17,Avoid,20,14,0,-3,26,Avoid,1.215,1.215,1.178,2.217,100.0,0,Low,No pledge / market sell,Consumer Discretionary,Consumer Durables,Consumer Durables,Plywood Boards/ Laminates,1,66
STLTECH,Sterlite Technologies Limited,221538903.0,561813.0,5,30-07-2026,561813.0,5,221538903.0,394.33,0.0,0,22.15,221538903.0,64458217.0,120945.0,440868.0,157080686.0,29.1,False,False,Net Buying with Selling,15.71,22.15,6.45,False,0.0,0.0,29.1,6.4458217,29.1,False,1015.2,912.0,84.6,53.99,757.93,421.69,406.3,157.4,157.4,07-05-2026,30-07-2026,358.05000375887363,502.0639775280899,394.32854526328157,84,156,72,0,0,0,0,2,0.0,0.0,0.0,0.0,47143353.0,0,2,3,9,12,0.0,3055275.0,5199485.0,21675235.0,29156241.0,0.0,-5199485.0,47143353.0,23956756.0,23186597.0,0.0,5199485.0,-5199485.0,-122.4,Current Net Selling,3,1,0.0,Stale,Stale Accumulation,394.32854526328157,157.5,Late — Poor Entry,52187.0,387.0,26.0,202.0,325.0,2.56,6.1,0.8,True,22.0,0.042,0.03,0.03,70.9,1,19,25,-13,17,Avoid,13,23,30,-3,48,Watchlist,0.042,0.03,0.086,0.159,70.9,2,High,Market sell 29.10% of buy value,Telecommunication,Telecommunication,Telecom - Equipment & Accessories,Telecom - Equipment & Accessories,1,67
SRGHFL,SRG HOUSING FINANCE LIMITED,19830410.0,150000.0,3,16-09-2026,150000.0,3,19830410.0,132.2,0.0,0,1.98,19830410.0,0.0,0.0,150000.0,19830410.0,0.0,False,False,Net Buying,1.98,1.98,0.0,False,0.0,0.0,0.0,0.0,0.0,False,115.81,335.0,118.6,67.83,215.63,263.57,-56.5,-12.4,12.4,15-09-2026,16-09-2026,139.681,125.3055,132.20273333333333,1,25,24,0,0,3,3,3,0.0,0.0,19830410.0,19830410.0,19830410.0,0,0,0,0,0,0.0,0.0,0.0,0.0,0.0,0.0,19830410.0,0.0,0.0,0.0,19830410.0,0.0,19830410.0,,New Accumulation,2,0,0.0,Active,Confirmed Accumulation,132.20273333333333,-12.4,Confirmed Accumulation,182.0,5.32,31.0,,35.0,5.39,11.8,2.89,False,,1.09,1.09,1.09,100.0,15,7,0,0,17,Avoid,25,12,0,0,32,Fundamental Watch,1.088,1.09,0.954,1.407,100.0,0,Low,No pledge / market sell,Financial Services,Financial Services,Finance,Housing Finance Company,1,68
MOTOGENFIN,THE MOTOR & GENERAL FINANCE LIMITED,13413150.0,460229.0,15,25-06-2026,460229.0,15,13413150.0,29.14,0.0,0,1.34,13413150.0,0.0,0.0,460229.0,13413150.0,0.0,False,False,Net Buying,1.34,1.34,0.0,False,0.0,0.0,0.0,0.0,0.0,False,25.98,,,69.57,26.39,24.78,16.5,-10.8,10.8,03-06-2026,25-06-2026,26.685438939918686,30.0,29.14451284034687,22,129,107,0,0,0,0,0,0.0,0.0,0.0,0.0,0.0,0,0,0,0,0,0.0,0.0,0.0,0.0,0.0,0.0,0.0,0.0,0.0,0.0,0.0,0.0,0.0,0.0,No Net Flow,1,0,0.0,Stale,Stale Accumulation,29.14451284034687,-10.9,Late — Poor Entry,101.0,72.4,-1.0,0.4,26.0,0.59,-0.18,0.0,False,21.51,1.328,1.328,1.328,100.0,13,0,13,-1,17,Avoid,25,10,15,-3,39,Fundamental Watch,1.327,1.328,1.184,1.702,100.0,0,Low,No pledge / market sell,Services,Services,Commercial Services & Supplies,Diversified Commercial Services,1,69
ASTERDM,Aster DM Quality Care Limited,3795783565.0,4996797.0,3,02-09-2026,4996797.0,3,3795783565.0,759.64,0.0,0,379.58,3795783565.0,0.0,0.0,4996797.0,3795783565.0,0.0,False,False,Net Buying,379.58,379.58,0.0,False,0.0,0.0,0.0,0.0,0.0,False,699.85,891.3,519.1,41.88,772.85,709.52,5.0,-7.9,7.9,31-08-2026,02-09-2026,752.1587952705815,760.0,759.6433405239396,2,40,38,0,0,0,3,3,0.0,0.0,0.0,3795783565.0,3795783565.0,0,0,0,0,0,0.0,0.0,0.0,0.0,0.0,0.0,0.0,3795783565.0,0.0,3795783565.0,0.0,0.0,0.0,-100.0,No Net Flow,1,0,0.0,Aging,Mature Accumulation,759.6433405239396,-7.9,Mature — Wait for Pullback,61004.0,197.0,15.0,147.0,-4.0,-0.28,10.9,0.43,True,20.0,0.622,0.622,0.622,100.0,11,5,9,-1,16,Avoid,19,14,10,-3,32,Fundamental Watch,0.622,0.622,0.573,1.369,100.0,0,Low,No pledge / market sell,Healthcare,Healthcare,Healthcare Services,Hospital,1,70
WCIL,WESTERN CARRIERS (INDIA) LIMITED,31699234.0,327585.0,6,29-09-2026,327585.0,6,31699234.0,96.77,0.0,0,3.17,31699234.0,0.0,0.0,327585.0,31699234.0,0.0,False,False,Net Buying,3.17,3.17,0.0,False,0.0,0.0,0.0,0.0,0.0,False,97.52,146.84,77.02,71.89,89.18,100.01,4.4,0.8,0.8,05-06-2026,29-09-2026,95.45999397045523,93.98,96.76643924477617,116,127,11,0,1,3,3,3,0.0,6202680.0,26023230.0,26023230.0,26023230.0,0,0,0,0,0,0.0,0.0,0.0,0.0,0.0,0.0,26023230.0,0.0,0.0,0.0,26023230.0,0.0,26023230.0,,New Accumulation,1,0,0.0,Active,Confirmed Accumulation,96.76643924477617,0.8,Confirmed Accumulation,994.0,27.1,9.0,18.68,-36.0,0.85,6.83,0.26,False,4.02,0.319,0.319,0.319,100.0,7,0,13,-1,16,Avoid,23,8,15,-2,41,Watchlist,0.319,0.319,0.321,0.447,100.0,0,Low,No pledge / market sell,Services,Services,Transport Services,Logistics Solution Provider,1,71
SHEKHAWATI,SHEKHAWATI INDUSTRIES LIMITED,12811585.0,506587.0,1,23-09-2026,506587.0,1,12811585.0,25.29,0.0,0,1.28,12811585.0,0.0,0.0,506587.0,12811585.0,0.0,False,False,Net Buying,1.28,1.28,0.0,False,0.0,0.0,0.0,0.0,0.0,False,23.31,26.09,9.12,57.49,19.75,15.76,100.9,-7.8,7.8,23-09-2026,23-09-2026,25.289999545981242,25.289999545981242,25.289999545981242,0,17,17,0,0,1,1,1,0.0,0.0,12811585.0,12811585.0,12811585.0,0,0,0,0,0,0.0,0.0,0.0,0.0,0.0,0.0,12811585.0,0.0,0.0,0.0,12811585.0,0.0,12811585.0,,New Accumulation,1,0,0.0,Active,Mature Accumulation,25.289999545981242,-7.8,Confirmed Accumulation,,6.5,-68.0,-1.21,84.0,1.85,47.3,0.05,False,-79.08,,,,100.0,3,2,17,-1,16,Avoid,12,14,20,-2,39,Fundamental Watch,0.0,0.0,0.0,0.0,100.0,0,Low,No pledge / market sell,Consumer Discretionary,Textiles,Textiles & Apparels,Other Textile Products,1,72
SUMEETINDS,SUMEET INDUSTRIES LIMITED,235458000.0,15900000.0,5,14-08-2026,15900000.0,5,235458000.0,14.81,0.0,0,23.55,235458000.0,0.0,0.0,15900000.0,235458000.0,0.0,False,False,Net Buying,23.55,23.55,0.0,False,0.0,0.0,0.0,0.0,0.0,False,11.74,35.67,9.26,21.07,13.18,24.8,-60.3,-20.7,20.7,12-08-2026,14-08-2026,14.82,14.64,14.808679245283018,2,59,57,0,0,0,5,5,0.0,0.0,0.0,235458000.0,235458000.0,0,0,0,0,0,0.0,0.0,0.0,0.0,0.0,0.0,0.0,235458000.0,0.0,235458000.0,0.0,0.0,0.0,-100.0,No Net Flow,4,0,0.0,Aging,Mature Accumulation,14.808679245283018,-20.7,Mature — Wait for Pullback,816.0,33.0,9.0,8.47,128.0,0.02,14.4,0.76,False,3.11,2.886,2.886,2.886,100.0,21,3,0,-1,15,Avoid,20,7,0,-2,17,Avoid,2.886,2.886,2.288,10.857,100.0,0,Low,No pledge / market sell,Consumer Discretionary,Textiles,Textiles & Apparels,Other Textile Products,1,73
SINCLAIR,SINCLAIRS HOTELS LIMITED,34740205.0,443398.0,12,24-09-2026,443398.0,12,34740205.0,78.35,0.0,0,3.47,34740205.0,0.0,0.0,443398.0,34740205.0,0.0,False,False,Net Buying,3.47,3.47,0.0,False,0.0,0.0,0.0,0.0,0.0,False,74.46,103.51,68.82,62.78,78.1,77.54,-4.5,-5.0,5.0,03-06-2026,24-09-2026,74.56605810297086,80.98211428571429,78.34993617472338,113,129,16,0,0,2,8,8,0.0,0.0,2802843.0,19959718.0,19959718.0,0,0,0,0,0,0.0,0.0,0.0,0.0,0.0,0.0,2802843.0,17156875.0,0.0,17156875.0,2802843.0,0.0,2802843.0,-83.7,Slowing Accumulation,1,0,0.0,Active,Confirmed Accumulation,78.34993617472338,-5.0,Confirmed Accumulation,382.0,35.4,21.0,8.39,-19.0,1.54,8.73,0.28,True,41.64,0.909,0.909,0.909,100.0,13,8,4,0,15,Avoid,19,14,5,0,28,Avoid,0.908,0.909,0.864,1.377,100.0,0,Low,No pledge / market sell,Consumer Discretionary,Consumer Services,Leisure Services,Hotels & Resorts,1,74
ASHAPURMIN,ASHAPURA MINECHEM LIMITED,29200553.0,50000.0,2,27-08-2026,50000.0,2,29200553.0,584.01,0.0,0,2.92,29200553.0,0.0,0.0,50000.0,29200553.0,0.0,False,False,Net Buying,2.92,2.92,0.0,False,0.0,0.0,0.0,0.0,0.0,False,470.8,924.9,455.1,45.33,574.56,636.51,-11.1,-19.4,19.4,26-08-2026,27-08-2026,584.31052,583.7116,584.01106,1,45,44,0,0,0,2,2,0.0,0.0,0.0,29200553.0,29200553.0,0,0,0,0,0,0.0,0.0,0.0,0.0,0.0,0.0,0.0,29200553.0,0.0,29200553.0,0.0,0.0,0.0,-100.0,No Net Flow,1,0,0.0,Aging,Mature Accumulation,584.01106,-19.4,Mature — Wait for Pullback,4497.0,29.8,9.0,33.0,67.0,2.59,36.6,0.12,True,30.0,0.065,0.065,0.065,100.0,1,22,0,0,15,Avoid,13,25,0,0,30,Fundamental Watch,0.065,0.065,0.052,0.115,100.0,0,Low,No pledge / market sell,Commodities,Metals & Mining,Minerals & Mining,Industrial Minerals,1,75
CSLFINANCE,CSL Finance Limited,24219348.0,344424.0,26,16-09-2026,236030.0,18,24219348.0,102.61,108394.0,8,2.42,24219348.0,0.0,0.0,236030.0,24219348.0,0.0,False,False,Net Buying,2.42,2.42,0.0,False,0.0,0.0,0.0,0.0,0.0,False,203.28,324.7,209.7,47.71,222.04,241.45,-17.7,98.1,98.1,29-05-2026,16-09-2026,8.695652173913043e-06,214.69,102.6113121213405,110,134,24,0,0,5,25,25,0.0,0.0,3519300.0,24219347.0,24219347.0,0,0,0,0,0,0.0,0.0,0.0,0.0,0.0,0.0,3519300.0,20700047.0,0.0,20700047.0,3519300.0,0.0,3519300.0,-83.0,Slowing Accumulation,2,0,0.0,Active,Confirmed Accumulation,102.6113121213405,98.1,Late — Poor Entry,463.0,5.32,19.0,,16.0,9.72,14.5,1.38,False,,0.523,0.523,0.523,100.0,15,7,8,0,15,Avoid,19,12,10,0,26,Avoid,0.523,0.523,1.036,2.172,100.0,0,Low,No pledge / market sell,Financial Services,Financial Services,Finance,Non Banking Financial Company (NBFC),1,76
PNCINFRA,PNC INFRATECH LIMITED,63965153.0,458500.0,2,25-09-2026,458500.0,2,63965153.0,139.51,0.0,0,6.4,63965153.0,0.0,0.0,458500.0,63965153.0,0.0,False,False,Net Buying,6.4,6.4,0.0,False,0.0,0.0,0.0,0.0,0.0,False,134.74,,,56.07,182.59,209.68,-26.6,-3.4,3.4,25-09-2026,25-09-2026,140.65342713567838,139.19258217270195,139.50960305343511,0,15,15,0,0,2,2,2,0.0,0.0,63965153.0,63965153.0,63965153.0,0,0,0,0,0,0.0,0.0,0.0,0.0,0.0,0.0,63965153.0,0.0,0.0,0.0,63965153.0,0.0,63965153.0,,New Accumulation,2,0,0.0,Active,Confirmed Accumulation,139.50960305343511,-3.4,Confirmed Accumulation,3457.0,6.51,2.0,375.0,45.0,10.55,8.77,0.13,False,25.0,0.185,0.185,0.185,100.0,6,10,0,0,13,Avoid,14,15,0,0,26,Avoid,0.185,0.185,0.179,0.319,100.0,0,Low,No pledge / market sell,Industrials,Construction,Construction,Civil Construction,1,77
MANINFRA,MAN INFRACONSTRUCTION LIMITED,26297500.0,250000.0,1,25-06-2026,250000.0,1,26297500.0,105.19,0.0,0,2.63,26297500.0,0.0,0.0,250000.0,26297500.0,0.0,False,False,Net Buying,2.63,2.63,0.0,False,0.0,0.0,0.0,0.0,0.0,False,117.16,,,67.15,118.02,111.56,24.8,11.4,11.4,25-06-2026,25-06-2026,105.19,105.19,105.19,0,107,107,0,0,0,0,0,0.0,0.0,0.0,0.0,0.0,0,0,0,0,0,0.0,0.0,0.0,0.0,0.0,0.0,0.0,0.0,0.0,0.0,0.0,0.0,0.0,0.0,No Net Flow,1,0,0.0,Stale,Stale Accumulation,105.19,11.4,Late — Poor Entry,4729.0,30.8,-25.0,71.0,-11.0,1.48,10.7,0.0,True,69.0,0.056,0.056,0.056,100.0,1,5,17,0,13,Avoid,18,14,20,0,42,Watchlist,0.056,0.056,0.062,0.092,100.0,0,Low,No pledge / market sell,Consumer Discretionary,Realty,Realty,"Residential, Commercial Projects",1,78
STUDDS,Studds Accessories Limited,6931636.0,16609.0,1,11-09-2026,16609.0,1,6931636.0,417.34,0.0,0,0.69,6931636.0,0.0,0.0,16609.0,6931636.0,0.0,False,False,Net Buying,0.69,0.69,0.0,False,0.0,0.0,0.0,0.0,0.0,False,414.5,600.0,402.55,61.75,427.17,472.98,-8.5,-0.7,0.7,11-09-2026,11-09-2026,417.3421638870492,417.3421638870492,417.3421638870492,0,29,29,0,0,1,1,1,0.0,0.0,6931636.0,6931636.0,6931636.0,0,0,0,0,0,0.0,0.0,0.0,0.0,0.0,0.0,6931636.0,0.0,0.0,0.0,6931636.0,0.0,6931636.0,,New Accumulation,1,0,0.0,Active,Mature Accumulation,417.3421638870492,-0.7,Confirmed Accumulation,1631.0,21.3,10.0,20.0,2.0,3.37,23.3,0.01,True,12.0,0.042,0.042,0.042,100.0,2,16,0,0,13,Avoid,12,18,0,0,25,Avoid,0.042,0.042,0.042,0.068,100.0,0,Low,No pledge / market sell,Consumer Discretionary,Automobile and Auto Components,Auto Components,Auto Components & Equipments,1,79
NIITMTS,NIIT Learning Systems Limited,69880862.0,312588.0,6,09-06-2026,312588.0,6,69880862.0,223.56,0.0,0,6.99,69880862.0,0.0,0.0,312588.0,69880862.0,0.0,False,False,Net Buying,6.99,6.99,0.0,False,0.0,0.0,0.0,0.0,0.0,False,200.98,,,34.84,226.01,286.78,-34.1,-10.1,10.1,01-06-2026,09-06-2026,222.95,225.7899861657976,223.55580508528797,8,131,123,0,0,0,0,0,0.0,0.0,0.0,0.0,0.0,0,0,0,0,0,0.0,0.0,0.0,0.0,0.0,0.0,0.0,0.0,0.0,0.0,0.0,0.0,0.0,0.0,No Net Flow,2,0,0.0,Stale,Stale Accumulation,223.55580508528797,-10.1,Late — Poor Entry,2777.0,23.1,6.0,22.0,-8.0,2.06,18.3,0.03,True,16.0,0.252,0.252,0.252,100.0,8,12,0,0,12,Avoid,18,18,0,0,28,Avoid,0.252,0.252,0.226,0.649,100.0,0,Low,No pledge / market sell,Consumer Discretionary,Consumer Services,Other Consumer Services,Education,1,80
OBCL,OBCL LIMITED,23886176.0,440784.0,13,24-09-2026,440784.0,13,23886176.0,54.19,0.0,0,2.39,23886176.0,0.0,0.0,440784.0,23886176.0,0.0,False,False,Net Buying,2.39,2.39,0.0,False,0.0,0.0,0.0,0.0,0.0,False,55.19,62.0,46.51,67.23,55.33,55.25,-1.0,1.8,1.8,09-06-2026,24-09-2026,55.49588477366255,60.0,54.19020654107227,107,123,16,0,0,3,9,12,0.0,0.0,3285122.0,17654495.0,21593641.0,0,0,0,0,0,0.0,0.0,0.0,0.0,0.0,0.0,3285122.0,18308519.0,0.0,18308519.0,3285122.0,0.0,3285122.0,-82.1,Slowing Accumulation,2,0,0.0,Active,Confirmed Accumulation,54.19020654107227,1.8,Confirmed Accumulation,116.0,,6.0,2.47,-3779.0,-0.05,-1.26,0.8,True,3.0,2.059,2.059,2.059,100.0,20,-5,8,-1,12,Avoid,25,6,10,-2,29,Avoid,2.06,2.059,2.097,3.119,100.0,0,Low,No pledge / market sell,Services,Services,Transport Services,Logistics Solution Provider,1,81
NIITLTD,NIIT Limited,622845100.0,6800000.0,16,31-08-2026,6800000.0,16,622845100.0,91.59,0.0,0,62.28,622845100.0,0.0,0.0,6800000.0,622845100.0,0.0,False,False,Net Buying,62.28,62.28,0.0,False,0.0,0.0,0.0,0.0,0.0,False,82.08,111.1,49.0,34.73,93.4,83.13,33.0,-10.4,10.4,02-06-2026,31-08-2026,82.14438500228624,106.77,91.59486764705882,90,130,40,0,0,0,8,8,0.0,0.0,0.0,142851469.0,142851469.0,0,0,0,0,0,0.0,0.0,0.0,0.0,0.0,0.0,0.0,142851469.0,0.0,142851469.0,0.0,0.0,0.0,-100.0,No Net Flow,2,0,0.0,Aging,Mature Accumulation,91.59486764705882,-10.4,Mature — Wait for Pullback,1124.0,135.0,34.0,-2.0,-78.0,0.79,-0.32,0.0,False,-2.2,5.541,5.541,5.541,100.0,20,-8,9,-2,11,Avoid,20,8,10,-5,25,Avoid,5.541,5.541,4.966,14.298,100.0,0,Low,No pledge / market sell,Consumer Discretionary,Consumer Services,Other Consumer Services,Education,1,82
SHAKTIPUMP,SHAKTI PUMPS (INDIA) LIMITED,28225167.0,58200.0,5,16-09-2026,58200.0,5,28225167.0,484.97,0.0,0,2.82,28225167.0,0.0,0.0,58200.0,28225167.0,0.0,False,False,Net Buying,2.82,2.82,0.0,False,0.0,0.0,0.0,0.0,0.0,False,419.0,868.35,455.0,56.22,483.47,551.19,-19.0,-13.6,13.6,16-06-2026,16-09-2026,549.4831111111112,463.41773333333333,484.96850515463916,92,116,24,0,0,3,4,4,0.0,0.0,17680918.0,23279819.0,23279819.0,0,0,0,0,0,0.0,0.0,0.0,0.0,0.0,0.0,17680918.0,5598901.0,0.0,5598901.0,17680918.0,0.0,17680918.0,215.8,Accelerating Accumulation,3,0,0.0,Active,Confirmed Accumulation,484.96850515463916,-13.6,Confirmed Accumulation,5170.0,26.9,13.0,59.0,-52.0,3.48,24.3,0.26,True,7.0,0.055,0.055,0.055,100.0,4,12,0,0,11,Avoid,16,18,0,0,29,Avoid,0.055,0.055,0.047,0.084,100.0,0,Low,No pledge / market sell,Industrials,Capital Goods,Industrial Products,"Compressors, Pumps & Diesel Engines",1,83
OMPOWER,Om Power Transmission Limited,7447179.0,40763.0,3,24-06-2026,40763.0,3,7447179.0,182.69,0.0,0,0.74,7447179.0,0.0,0.0,40763.0,7447179.0,0.0,False,False,Net Buying,0.74,0.74,0.0,False,0.0,0.0,0.0,0.0,0.0,False,162.93,,,69.05,167.35,,-15.7,-10.8,10.8,24-06-2026,24-06-2026,182.8989522537093,181.8687130477039,182.6945759634963,0,108,108,0,0,0,0,0,0.0,0.0,0.0,0.0,0.0,0,0,0,0,0,0.0,0.0,0.0,0.0,0.0,0.0,0.0,0.0,0.0,0.0,0.0,0.0,0.0,0.0,No Net Flow,3,0,0.0,Stale,Stale Accumulation,182.6945759634963,-10.8,Late — Poor Entry,558.0,13.2,61.0,15.0,82.0,3.07,42.7,0.35,False,12.0,0.133,0.133,0.133,100.0,5,14,0,0,11,Avoid,22,19,0,0,33,Fundamental Watch,0.133,0.133,0.119,0.172,100.0,0,Low,No pledge / market sell,Industrials,Construction,Construction,Civil Construction,1,84
EVEREADY,EVEREADY INDUSTRIES INDIA LIMITED,99416164.0,291000.0,5,16-06-2026,291000.0,5,99416164.0,341.64,0.0,0,9.94,99416164.0,0.0,0.0,291000.0,99416164.0,0.0,False,False,Net Buying,9.94,9.94,0.0,False,195168500.0,196.31465563286065,0.0,9.758425,196.31,True,321.15,,,43.21,338.84,330.36,10.6,-6.0,6.0,10-06-2026,16-06-2026,332.7456036167197,350.65940808469685,341.63630240549827,6,122,116,0,0,0,0,0,0.0,0.0,0.0,0.0,0.0,0,0,0,0,0,0.0,0.0,0.0,0.0,0.0,0.0,0.0,0.0,0.0,0.0,0.0,0.0,0.0,0.0,No Net Flow,1,0,0.0,Stale,Stale Accumulation,341.63630240549827,-6.0,Late — Poor Entry,2334.0,14.7,9.0,61.0,78.0,5.08,17.3,0.33,True,15.0,0.426,0.426,0.426,100.0,2,22,9,-16,9,Avoid,13,25,10,-5,35,Fundamental Watch,0.426,0.426,0.4,0.927,100.0,0,High,Pledge 196.31% of buy value,Fast Moving Consumer Goods,Fast Moving Consumer Goods,Household Products,Household Products,1,85
SESHAPAPER,SESHASAYEE PAPER AND BOARDS LIMITED,27753590.0,122664.0,4,30-07-2026,122664.0,4,27753590.0,226.26,0.0,0,2.78,27753590.0,0.0,0.0,122664.0,27753590.0,0.0,False,False,Net Buying,2.78,2.78,0.0,False,0.0,0.0,0.0,0.0,0.0,False,222.49,293.11,209.96,42.78,236.1,241.77,-14.5,-1.7,1.7,25-06-2026,30-07-2026,224.51681542671543,234.38820971249095,226.25701102197874,35,107,72,0,0,0,0,1,0.0,0.0,0.0,0.0,4850664.0,0,0,0,0,0,0.0,0.0,0.0,0.0,0.0,0.0,0.0,4850664.0,0.0,4850664.0,0.0,0.0,0.0,-100.0,No Net Flow,3,0,0.0,Stale,Stale Accumulation,226.25701102197874,-1.7,Late — Poor Entry,1403.0,16.6,6.0,44.0,1.0,5.33,5.09,0.0,True,9.0,0.198,0.198,0.198,100.0,5,12,0,0,9,Avoid,17,14,0,0,23,Avoid,0.198,0.198,0.195,0.455,100.0,0,Low,No pledge / market sell,Commodities,Forest Materials,"Paper, Forest & Jute Products",Paper & Paper Products,1,86
TIGERLOGS,Tiger Logistics (India) Limited,11174425.0,364000.0,17,30-09-2026,364000.0,17,11174425.0,30.7,0.0,0,1.12,11174425.0,0.0,0.0,364000.0,11174425.0,0.0,False,False,Net Buying,1.12,1.12,0.0,False,0.0,0.0,0.0,0.0,0.0,False,23.59,51.51,22.9,61.81,27.29,31.57,-15.7,-23.2,23.2,04-06-2026,30-09-2026,33.210612191619894,26.44,30.69896978021978,118,128,10,0,3,6,9,9,0.0,2256400.0,4267650.0,6470400.0,6470400.0,0,0,0,0,0,0.0,0.0,0.0,0.0,0.0,0.0,4267650.0,2202750.0,0.0,2202750.0,4267650.0,0.0,4267650.0,93.7,Accelerating Accumulation,1,0,0.0,Active,Confirmed Accumulation,30.69896978021978,-23.2,Confirmed Accumulation,249.0,13.2,16.0,2.79,-30.0,0.21,18.0,0.32,False,1.83,0.449,0.449,0.449,100.0,9,4,0,-1,9,Avoid,18,12,0,-2,25,Avoid,0.45,0.449,0.345,0.558,100.0,0,Low,No pledge / market sell,Services,Services,Transport Services,Logistics Solution Provider,1,87
LAOPALA,LA OPALA RG LIMITED,65992717.0,400000.0,5,17-09-2026,400000.0,5,65992717.0,164.98,0.0,0,6.6,65992717.0,0.0,0.0,400000.0,65992717.0,0.0,False,False,Net Buying,6.6,6.6,0.0,False,0.0,0.0,0.0,0.0,0.0,False,154.76,258.0,155.0,65.64,172.06,183.3,-11.1,-6.2,6.2,02-06-2026,17-09-2026,172.1624,156.6887,164.9817925,107,130,23,0,0,2,2,2,0.0,0.0,39906048.0,39906048.0,39906048.0,0,0,0,0,0,0.0,0.0,0.0,0.0,0.0,0.0,39906048.0,0.0,0.0,0.0,39906048.0,0.0,39906048.0,,New Accumulation,1,0,0.0,Active,Confirmed Accumulation,164.9817925,-6.2,Confirmed Accumulation,1718.0,18.2,-3.0,26.0,-4.0,2.36,14.2,0.01,True,36.0,0.384,0.384,0.384,100.0,8,5,0,0,8,Avoid,23,14,0,0,32,Fundamental Watch,0.384,0.384,0.36,0.549,100.0,0,Low,No pledge / market sell,Consumer Discretionary,Consumer Durables,Consumer Durables,Glass - Consumer,1,88
GRMOVER,GRM OVERSEAS LIMITED,108709329.0,1137827.0,6,24-06-2026,1137827.0,6,108709329.0,95.54,0.0,0,10.87,108709329.0,0.0,0.0,1137827.0,108709329.0,0.0,False,False,Net Buying,10.87,10.87,0.0,False,0.0,0.0,0.0,0.0,0.0,False,80.02,,,71.72,85.65,138.14,-52.3,-16.2,16.2,08-06-2026,24-06-2026,121.9935,91.21972,95.54117541594636,16,124,108,0,0,0,0,0,0.0,0.0,0.0,0.0,0.0,0,0,0,0,0,0.0,0.0,0.0,0.0,0.0,0.0,0.0,0.0,0.0,0.0,0.0,0.0,0.0,0.0,No Net Flow,2,0,0.0,Stale,Stale Accumulation,95.54117541594636,-16.2,Late — Poor Entry,1658.0,29.9,39.0,31.0,8.0,0.9,11.3,0.67,False,9.0,0.656,0.656,0.656,100.0,10,5,0,0,7,Avoid,24,10,0,0,26,Avoid,0.656,0.656,0.549,0.766,100.0,0,Low,No pledge / market sell,Fast Moving Consumer Goods,Fast Moving Consumer Goods,Agricultural Food & other Products,Other Agricultural Products,1,89
AJMERA,AJMERA REALTY & INFRA INDIA LIMITED,73623440.0,641000.0,4,04-06-2026,641000.0,4,73623440.0,114.86,0.0,0,7.36,73623440.0,0.0,0.0,641000.0,73623440.0,0.0,False,False,Net Buying,7.36,7.36,0.0,False,0.0,0.0,0.0,0.0,0.0,False,116.92,,,69.74,118.8,204.81,-1.8,1.8,1.8,04-06-2026,04-06-2026,116.22869158878504,112.02,114.85716068642746,0,128,128,0,0,0,0,0,0.0,0.0,0.0,0.0,0.0,0,0,0,0,0,0.0,0.0,0.0,0.0,0.0,0.0,0.0,0.0,0.0,0.0,0.0,0.0,0.0,0.0,No Net Flow,4,0,0.0,Stale,Stale Accumulation,114.85716068642746,1.8,Late — Poor Entry,2301.0,19.8,18.0,46.0,-4.0,1.17,14.2,0.46,False,38.0,0.32,0.32,0.32,100.0,7,4,4,0,7,Avoid,23,13,5,0,33,Fundamental Watch,0.32,0.32,0.326,0.467,100.0,0,Low,No pledge / market sell,Consumer Discretionary,Realty,Realty,"Residential, Commercial Projects",1,90
REPRO,REPRO INDIA LIMITED,35905825.0,125427.0,1,25-09-2026,125427.0,1,35905825.0,286.27,0.0,0,3.59,35905825.0,0.0,0.0,125427.0,35905825.0,0.0,False,False,Net Buying,3.59,3.59,0.0,False,0.0,0.0,0.0,0.0,0.0,False,294.0,,,46.99,322.18,371.38,-19.2,2.7,2.7,25-09-2026,25-09-2026,286.2687060999625,286.2687060999625,286.2687060999625,0,15,15,0,0,1,1,1,0.0,0.0,35905825.0,35905825.0,35905825.0,0,0,0,0,0,0.0,0.0,0.0,0.0,0.0,0.0,35905825.0,0.0,0.0,0.0,35905825.0,0.0,35905825.0,,New Accumulation,1,0,0.0,Active,Mature Accumulation,286.2687060999625,2.7,Confirmed Accumulation,422.0,,-2.0,3.0,-256.0,90.03,0.38,0.55,False,4.8,0.851,0.851,0.851,100.0,13,-6,4,-1,7,Avoid,16,5,5,-2,21,Avoid,0.851,0.851,0.874,1.86,100.0,0,Low,No pledge / market sell,Consumer Discretionary,"Media, Entertainment & Publication",Printing & Publication,Printing & Publication,1,91
DANGEE,Dangee Dums Limited,20159573.0,7155000.0,1,24-09-2026,7155000.0,1,20159573.0,2.82,0.0,0,2.02,20159573.0,0.0,0.0,7155000.0,20159573.0,0.0,False,False,Net Buying,2.02,2.02,0.0,False,0.0,0.0,0.0,0.0,0.0,False,3.2,5.08,2.53,64.45,2.9,3.16,0.0,13.5,13.5,24-09-2026,24-09-2026,2.8175503843466108,2.8175503843466108,2.8175503843466108,0,16,16,0,0,1,1,1,0.0,0.0,20159573.0,20159573.0,20159573.0,0,0,0,0,0,0.0,0.0,0.0,0.0,0.0,0.0,20159573.0,0.0,0.0,0.0,20159573.0,0.0,20159573.0,,New Accumulation,1,0,0.0,Active,Mature Accumulation,2.8175503843466108,13.6,Mature — Wait for Pullback,,,10.0,0.98,-86.0,-0.03,2.27,1.58,True,14.22,,,,100.0,3,-2,12,0,6,Avoid,12,6,15,0,26,Avoid,0.0,0.0,0.0,0.0,100.0,0,Low,No pledge / market sell,Fast Moving Consumer Goods,Fast Moving Consumer Goods,Food Products,Packaged Foods,1,92
AFFORDABLE,AFFORDABLE ROBOTIC & AUTOMATION LIMITED,8742635.0,50310.0,6,24-09-2026,50310.0,6,8742635.0,173.78,0.0,0,0.87,8742635.0,0.0,0.0,50310.0,8742635.0,0.0,False,False,Net Buying,0.87,0.87,0.0,False,0.0,0.0,0.0,0.0,0.0,False,159.8,297.0,119.71,61.48,170.56,176.96,-4.4,-8.0,8.0,16-09-2026,24-09-2026,160.50066471683064,180.563069078548,173.77529318226993,8,24,16,0,0,6,6,6,0.0,0.0,8742635.0,8742635.0,8742635.0,0,0,0,0,0,0.0,0.0,0.0,0.0,0.0,0.0,8742635.0,0.0,0.0,0.0,8742635.0,0.0,8742635.0,,New Accumulation,1,0,0.0,Active,Confirmed Accumulation,173.77529318226993,-8.0,Confirmed Accumulation,202.0,35.1,-44.0,-3.28,141.0,-4.05,8.25,0.44,True,-35.96,0.433,0.433,0.433,100.0,9,3,0,-1,6,Avoid,18,16,0,-2,27,Avoid,0.431,0.433,0.398,0.647,100.0,0,Low,No pledge / market sell,Industrials,Capital Goods,Industrial Manufacturing,Industrial Products,1,93
IRB,IRB INFRASTRUCTURE DEVELOPERS LIMITED,864971904.0,44391600.0,4,03-09-2026,44391600.0,4,864971904.0,19.49,0.0,0,86.5,864971904.0,0.0,0.0,44391600.0,864971904.0,0.0,False,False,Net Buying,86.5,86.5,0.0,False,0.0,0.0,0.0,0.0,0.0,False,17.48,23.95,17.51,34.39,18.86,27.49,-16.5,-10.3,10.3,31-08-2026,03-09-2026,19.436620666666666,19.82350724502777,19.4850355472657,3,40,37,0,0,0,4,4,0.0,0.0,0.0,864971904.0,864971904.0,0,0,0,0,0,0.0,0.0,0.0,0.0,0.0,0.0,0.0,864971904.0,0.0,864971904.0,0.0,0.0,0.0,-100.0,No Net Flow,1,0,0.0,Aging,Mature Accumulation,19.4850355472657,-10.3,Mature — Wait for Pullback,21112.0,18.6,-11.0,452.0,30.0,0.22,7.28,0.74,False,37.0,0.41,0.41,0.41,100.0,9,4,0,0,5,Avoid,18,12,0,0,22,Avoid,0.41,0.41,0.368,1.069,100.0,0,Low,No pledge / market sell,Industrials,Construction,Construction,Civil Construction,1,94
GOKUL,GOKUL REFOILS AND SOLVENT LIMITED,16566269.0,390107.0,26,02-09-2026,390107.0,26,16566269.0,42.47,0.0,0,1.66,16566269.0,0.0,0.0,390107.0,16566269.0,0.0,False,False,Net Buying,1.66,1.66,0.0,False,0.0,0.0,0.0,0.0,0.0,False,38.05,46.8,31.0,71.79,40.47,39.74,-4.7,-10.4,10.4,09-06-2026,02-09-2026,40.9733893557423,41.23762857142857,42.465961902760014,85,123,38,0,0,0,12,12,0.0,0.0,0.0,13998766.0,13998766.0,0,0,0,0,0,0.0,0.0,0.0,0.0,0.0,0.0,0.0,13998766.0,0.0,13998766.0,0.0,0.0,0.0,-100.0,No Net Flow,1,0,0.0,Aging,Mature Accumulation,42.465961902760014,-10.4,Mature — Wait for Pullback,377.0,93.2,246.0,0.91,10.0,0.14,2.07,0.0,False,4.21,0.439,0.439,0.439,100.0,7,4,4,-2,5,Avoid,23,8,5,-5,23,Avoid,0.44,0.439,0.394,0.548,100.0,0,Low,No pledge / market sell,Fast Moving Consumer Goods,Fast Moving Consumer Goods,Agricultural Food & other Products,Edible Oil,1,95
SAHLIBHFI,Shalibhadra Finance Limited,8294696.0,100000.0,1,05-06-2026,100000.0,1,8294696.0,82.95,0.0,0,0.83,8294696.0,0.0,0.0,100000.0,8294696.0,0.0,False,False,Net Buying,0.83,0.83,0.0,False,0.0,0.0,0.0,0.0,0.0,False,77.12,,,55.35,77.92,,-8.5,-7.0,7.0,05-06-2026,05-06-2026,82.94696,82.94696,82.94696,0,127,127,0,0,0,0,0,0.0,0.0,0.0,0.0,0.0,0,0,0,0,0,0.0,0.0,0.0,0.0,0.0,0.0,0.0,0.0,0.0,0.0,0.0,0.0,0.0,0.0,No Net Flow,1,0,0.0,Stale,Stale Accumulation,82.94696,-7.0,Late — Poor Entry,238.0,12.0,15.0,,16.0,1.59,14.7,0.33,False,,0.349,0.349,0.349,100.0,7,6,0,0,5,Avoid,15,10,0,0,17,Avoid,0.349,0.349,0.324,0.585,100.0,0,Low,No pledge / market sell,Financial Services,Financial Services,Finance,Non Banking Financial Company (NBFC),1,96
JAYSREETEA,JAY SHREE TEA & INDUSTRIES LTD,111816242.0,1263712.0,3,18-08-2026,1263712.0,3,111816242.0,88.48,0.0,0,11.18,111816242.0,0.0,0.0,1263712.0,111816242.0,0.0,False,False,Net Buying,11.18,11.18,0.0,False,0.0,0.0,0.0,0.0,0.0,False,81.95,112.7,70.55,50.68,91.28,86.47,-0.6,-7.4,7.4,17-08-2026,18-08-2026,88.49123585958849,88.23788546255507,88.48237731381833,1,54,53,0,0,0,3,3,0.0,0.0,0.0,111816242.0,111816242.0,0,0,0,0,0,0.0,0.0,0.0,0.0,0.0,0.0,0.0,111816242.0,0.0,111816242.0,0.0,0.0,0.0,-100.0,No Net Flow,1,0,0.0,Aging,Mature Accumulation,88.48237731381833,-7.4,Mature — Wait for Pullback,237.0,,6.0,5.54,-147.0,-2.14,0.93,1.09,False,2.73,4.718,4.718,4.718,100.0,19,-10,4,-1,4,Avoid,20,0,5,-2,15,Avoid,4.717,4.718,4.37,8.622,100.0,0,Low,No pledge / market sell,Fast Moving Consumer Goods,Fast Moving Consumer Goods,Agricultural Food & other Products,Tea & Coffee,1,97
EIEL,ENVIRO INFRA ENGINEERS LIMITED,13430794.0,70000.0,3,02-09-2026,70000.0,3,13430794.0,191.87,0.0,0,1.34,13430794.0,0.0,0.0,70000.0,13430794.0,0.0,False,False,Net Buying,1.34,1.34,0.0,False,0.0,0.0,0.0,0.0,0.0,False,179.96,266.17,134.71,70.02,200.11,192.96,5.2,-6.2,6.2,31-08-2026,02-09-2026,196.0,189.75001109680855,191.86848571428573,2,40,38,0,0,0,3,3,0.0,0.0,0.0,13430794.0,13430794.0,0,0,0,0,0,0.0,0.0,0.0,0.0,0.0,0.0,0.0,13430794.0,0.0,13430794.0,0.0,0.0,0.0,-100.0,No Net Flow,2,0,0.0,Aging,Mature Accumulation,191.86848571428573,-6.2,Mature — Wait for Pullback,3159.0,18.7,-4.0,51.0,-9.0,2.04,20.8,0.15,False,21.0,0.043,0.043,0.043,100.0,2,1,9,0,4,Avoid,20,12,10,0,34,Fundamental Watch,0.042,0.043,0.04,0.057,100.0,0,Low,No pledge / market sell,Utilities,Utilities,Other Utilities,Water Supply & Management,1,98
AVONMORE,AVONMORE CAPITAL & MANAGEMENT SERVICES LIMITED,21652977.0,1695862.0,24,24-09-2026,1695862.0,24,21652977.0,12.77,0.0,0,2.17,21652977.0,0.0,0.0,1695862.0,21652977.0,0.0,False,False,Net Buying,2.17,2.17,0.0,False,0.0,0.0,0.0,0.0,0.0,False,12.3,20.39,9.05,69.12,12.77,12.95,-1.2,-3.7,3.7,10-08-2026,24-09-2026,11.28707,13.2,12.768124411066466,45,61,16,0,0,4,22,24,0.0,0.0,2496337.0,15303278.0,21652977.0,0,0,0,0,0,0.0,0.0,0.0,0.0,0.0,0.0,2496337.0,19156640.0,0.0,19156640.0,2496337.0,0.0,2496337.0,-87.0,Slowing Accumulation,1,0,0.0,Active,Confirmed Accumulation,12.768124411066466,-3.7,Confirmed Accumulation,347.0,1120.0,-61.0,,-98.0,0.01,2.46,0.44,True,,0.624,0.624,0.624,100.0,11,1,0,-1,1,Avoid,24,9,0,-3,20,Avoid,0.625,0.624,0.601,0.87,100.0,0,Low,No pledge / market sell,Financial Services,Financial Services,Finance,Non Banking Financial Company (NBFC),1,99
VSTL,VIBHOR STEEL TUBES LIMITED,7207168.0,63496.0,13,03-09-2026,63496.0,13,7207168.0,113.51,0.0,0,0.72,7207168.0,0.0,0.0,63496.0,7207168.0,0.0,False,False,Net Buying,0.72,0.72,0.0,False,0.0,0.0,0.0,0.0,0.0,False,101.24,162.9,100.8,73.48,111.57,117.33,-11.1,-10.8,10.8,08-06-2026,03-09-2026,116.12625850340136,115.10722222222222,113.50585863676451,87,124,37,0,0,0,8,8,0.0,0.0,0.0,4484713.0,4484713.0,0,0,0,0,0,0.0,0.0,0.0,0.0,0.0,0.0,0.0,4484713.0,0.0,4484713.0,0.0,0.0,0.0,-100.0,No Net Flow,1,0,0.0,Aging,Mature Accumulation,113.50585863676451,-10.8,Mature — Wait for Pullback,192.0,22.8,21.0,12.07,-29.0,1.02,7.92,0.98,True,4.11,0.375,0.375,0.375,100.0,5,5,0,-1,1,Avoid,23,11,0,-2,24,Avoid,0.375,0.375,0.335,0.456,100.0,0,Low,No pledge / market sell,Industrials,Capital Goods,Industrial Products,Iron & Steel Products,1,100
NCC,NCC LIMITED,325555246.0,2207549.0,8,18-08-2026,2207549.0,8,325555246.0,147.47,0.0,0,32.56,325555246.0,0.0,0.0,2207549.0,325555246.0,0.0,False,False,Net Buying,32.56,32.56,0.0,False,790460000.0,242.80364383991525,0.0,79.046,242.8,True,125.06,217.25,130.0,22.0,140.01,148.01,-15.0,-15.2,15.2,03-06-2026,18-08-2026,149.164779318345,138.96930262041707,147.47362165007436,76,129,53,0,0,0,1,2,0.0,0.0,0.0,29815308.0,94549280.0,0,0,0,0,0,0.0,0.0,0.0,0.0,0.0,0.0,0.0,94549280.0,0.0,94549280.0,0.0,0.0,0.0,-100.0,No Net Flow,1,0,0.0,Aging,Mature Accumulation,147.47362165007436,-15.2,Mature — Wait for Pullback,7852.0,12.8,-5.0,442.0,-21.0,2.98,15.2,0.3,True,9.0,0.415,0.415,0.415,100.0,4,9,0,-16,0,Avoid,13,18,0,-5,18,Avoid,0.415,0.415,0.352,1.598,100.0,0,High,Pledge 242.80% of buy value,Industrials,Construction,Construction,Civil Construction,1,101
TRUALT,TRUALT BIOENERGY LIMITED,315995536.0,903943.0,11,30-09-2026,903943.0,11,315995536.0,349.57,0.0,0,31.6,315995536.0,0.0,0.0,903943.0,315995536.0,0.0,False,False,Net Buying,31.6,31.6,0.0,False,712700000.0,225.54116080930967,0.0,71.27,225.54,True,427.2,549.0,310.2,70.55,442.44,433.38,2.7,22.2,22.2,05-08-2026,30-09-2026,462.97976851851854,0.0023657898627943855,349.5746258337085,56,66,10,0,2,6,7,11,0.0,55737360.0,213764633.0,223115833.0,315995536.0,0,0,0,0,0,0.0,0.0,0.0,0.0,0.0,0.0,213764633.0,102230903.0,0.0,102230903.0,213764633.0,0.0,213764633.0,109.1,Accelerating Accumulation,1,0,0.0,Active,Confirmed Accumulation,349.5746258337085,22.2,Late — Poor Entry,3663.0,25.6,2.0,127.0,-14.0,6.41,9.89,1.05,False,21.0,0.863,0.863,0.863,100.0,8,-3,17,-16,0,Avoid,19,5,20,-5,31,Fundamental Watch,0.863,0.863,1.054,1.494,100.0,0,High,Pledge 225.54% of buy value,Fast Moving Consumer Goods,Fast Moving Consumer Goods,Agricultural Food & other Products,Other Agricultural Products,1,102
GOCOLORS,GO FASHION (INDIA) LIMITED,235953708.0,654259.0,4,03-06-2026,654259.0,4,235953708.0,360.64,0.0,0,23.6,235953708.0,0.0,0.0,654259.0,235953708.0,0.0,False,False,Net Buying,23.6,23.6,0.0,False,537875000.0,227.9578501050723,0.0,53.7875,227.96,True,292.75,,,52.78,321.39,337.22,3.5,-18.8,18.8,27-05-2026,03-06-2026,350.76,366.23,360.64266292095334,7,136,129,0,0,0,0,0,0.0,0.0,0.0,0.0,0.0,0,0,0,0,0,0.0,0.0,0.0,0.0,0.0,0.0,0.0,0.0,0.0,0.0,0.0,0.0,0.0,0.0,No Net Flow,1,0,0.0,Stale,Stale Accumulation,360.64266292095334,-18.8,Late — Poor Entry,1540.0,28.8,-2.0,61.0,-39.0,3.14,10.8,0.77,True,27.0,1.532,1.532,1.532,100.0,10,2,5,-16,0,Avoid,15,11,5,-5,18,Avoid,1.532,1.532,1.244,2.356,100.0,0,High,Pledge 227.96% of buy value,Consumer Discretionary,Consumer Services,Retailing,Speciality Retail,1,103
RAMASTEEL,Rama Steel Tubes Limited,38720906.0,8700761.0,2,30-09-2026,8700761.0,2,38720906.0,4.45,0.0,0,3.87,38720906.0,22662309.0,5686447.0,3014314.0,16058597.0,58.53,False,False,Net Buying with Selling,1.61,3.87,2.27,False,0.0,0.0,58.53,2.2662309,58.53,False,4.07,,,57.14,4.3,5.73,-17.8,-8.5,8.5,30-09-2026,30-09-2026,4.447979128688285,4.4705702546951835,4.450289578118512,0,10,10,0,2,2,2,2,0.0,38720906.0,38720906.0,38720906.0,38720906.0,0,0,1,1,1,0.0,0.0,22662309.0,22662309.0,22662309.0,0.0,16058597.0,0.0,0.0,0.0,38720906.0,22662309.0,16058597.0,,New Accumulation,1,1,0.0,Active,Confirmed Accumulation,4.450289578118512,-8.5,Confirmed Accumulation,666.0,54.2,-4.0,3.7,-31.0,0.03,6.01,0.14,True,2.13,0.581,0.241,0.241,41.5,3,1,0,-14,0,Avoid,11,9,0,-2,15,Avoid,0.581,0.241,0.184,0.322,41.47,3,High,Market sell 58.53% of buy value,Industrials,Capital Goods,Industrial Products,Iron & Steel Products,1,104
LINC,LINC LIMITED,35258989.0,375500.0,7,29-09-2026,375500.0,7,35258989.0,93.9,0.0,0,3.53,35258989.0,25359560.0,265500.0,110000.0,9899429.0,71.92,False,False,Net Buying with Selling,0.99,3.53,2.54,False,0.0,0.0,71.92,2.535956,71.92,False,81.54,133.38,85.01,59.28,94.7,102.68,-18.7,-13.2,13.2,02-06-2026,29-09-2026,98.99993333333333,89.99312727272728,93.89877230359521,119,130,11,0,1,5,5,5,0.0,9899244.0,22833998.0,22833998.0,22833998.0,0,0,1,1,1,0.0,0.0,12934559.0,12934559.0,12934559.0,0.0,9899439.0,0.0,0.0,0.0,22833998.0,12934559.0,9899439.0,,New Accumulation,4,1,0.0,Active,Confirmed Accumulation,93.89877230359521,-13.2,Confirmed Accumulation,485.0,14.1,-1.0,10.45,-9.0,0.86,19.1,0.08,True,7.7,0.727,0.204,0.204,28.1,5,5,0,-13,0,Avoid,14,13,0,0,24,Avoid,0.728,0.204,0.185,0.312,28.08,3,High,Market sell 71.92% of buy value,Fast Moving Consumer Goods,Fast Moving Consumer Goods,Household Products,Stationary,1,105
LIBERTSHOE,LIBERTY SHOES LIMITED,34642450.0,135000.0,7,19-08-2026,135000.0,7,34642450.0,256.61,0.0,0,3.46,34642450.0,2774200.0,10000.0,125000.0,31868250.0,8.01,False,False,Net Buying with Selling,3.19,3.46,0.28,False,0.0,0.0,8.01,0.27742,8.01,False,210.31,357.9,210.5,58.5,236.42,249.83,-19.9,-18.0,18.0,30-06-2026,19-08-2026,268.783925,244.0,256.61074074074077,50,102,52,0,0,0,5,5,0.0,0.0,0.0,17097005.0,17097005.0,0,0,0,0,0,0.0,0.0,0.0,0.0,0.0,0.0,0.0,17097005.0,0.0,17097005.0,0.0,0.0,0.0,-100.0,No Net Flow,2,1,0.0,Aging,Mature Accumulation,256.61074074074077,-18.0,Mature — Wait for Pullback,358.0,42.1,6.0,13.51,-39.0,0.4,7.91,0.71,True,7.95,0.968,0.89,0.89,92.0,10,1,0,-5,0,Avoid,19,6,0,0,17,Avoid,0.966,0.89,0.734,1.255,91.99,0,Moderate,Market sell 8.01% of buy value,Consumer Discretionary,Consumer Durables,Consumer Durables,Footwear,1,106
GEMAROMA,Gem Aromatics Limited,34481167.0,228760.0,2,04-06-2026,228760.0,2,34481167.0,150.73,0.0,0,3.45,34481167.0,0.0,0.0,228760.0,34481167.0,0.0,False,False,Net Buying,3.45,3.45,0.0,False,0.0,0.0,0.0,0.0,0.0,False,148.11,,,55.06,166.36,170.67,-5.3,-1.7,1.7,02-06-2026,04-06-2026,151.7228018920423,149.05290588235295,150.73075275397798,2,130,128,0,0,0,0,0,0.0,0.0,0.0,0.0,0.0,0,0,0,0,0,0.0,0.0,0.0,0.0,0.0,0.0,0.0,0.0,0.0,0.0,0.0,0.0,0.0,0.0,No Net Flow,1,0,0.0,Stale,Stale Accumulation,150.73075275397798,-1.7,Late — Poor Entry,774.0,28.2,-22.0,8.51,-44.0,1.39,9.1,0.19,True,10.25,0.445,0.445,0.445,100.0,7,1,0,0,0,Avoid,15,9,0,0,16,Avoid,0.446,0.445,0.438,0.795,100.0,0,Low,No pledge / market sell,Commodities,Chemicals,Chemicals & Petrochemicals,Specialty Chemicals,1,107
KCP,KCP LIMITED,33608678.0,208674.0,8,30-06-2026,208674.0,8,33608678.0,161.06,0.0,0,3.36,33608678.0,5240000.0,30000.0,178674.0,28368678.0,15.59,False,False,Net Buying with Selling,2.84,3.36,0.52,False,0.0,0.0,15.59,0.524,15.59,False,152.23,,,43.94,159.56,164.16,-2.2,-5.5,5.5,03-06-2026,30-06-2026,162.58765714285715,140.46881505537513,161.058291881116,27,129,102,0,0,0,0,0,0.0,0.0,0.0,0.0,0.0,0,0,0,0,0,0.0,0.0,0.0,0.0,0.0,0.0,0.0,0.0,0.0,0.0,0.0,0.0,0.0,0.0,No Net Flow,2,1,0.0,Stale,Stale Accumulation,161.058291881116,-5.5,Late — Poor Entry,1963.0,16.6,10.0,18.51,186.0,0.04,14.3,0.49,True,4.76,0.171,0.145,0.145,84.4,2,18,0,-13,0,Avoid,16,21,0,-2,27,Avoid,0.171,0.145,0.139,0.315,84.41,1,High,Market sell 15.59% of buy value,Commodities,Construction Materials,Cement & Cement Products,Cement & Cement Products,1,108
EMBDL,EMBASSY DEVELOPMENTS LIMITED,19928016.0,348500.0,1,30-09-2026,348500.0,1,19928016.0,57.18,0.0,0,1.99,19928016.0,0.0,0.0,348500.0,19928016.0,0.0,False,False,Net Buying,1.99,1.99,0.0,False,0.0,0.0,0.0,0.0,0.0,False,55.51,,,0.0,59.63,60.9,7.8,-2.9,2.9,30-09-2026,30-09-2026,57.182255380200864,57.182255380200864,57.182255380200864,0,10,10,0,1,1,1,1,0.0,19928016.0,19928016.0,19928016.0,19928016.0,0,0,0,0,0,0.0,0.0,0.0,0.0,0.0,0.0,19928016.0,0.0,0.0,0.0,19928016.0,0.0,19928016.0,,New Accumulation,1,0,0.0,Active,Mature Accumulation,57.182255380200864,-2.9,Confirmed Accumulation,7719.0,,-78.0,-73.0,-140.0,-0.65,-0.94,0.18,False,-567.0,0.026,0.026,0.026,100.0,3,-18,5,-1,0,Avoid,12,3,5,-2,15,Avoid,0.026,0.026,0.025,0.0,100.0,0,Low,No pledge / market sell,Consumer Discretionary,Realty,Realty,"Residential, Commercial Projects",1,109
STANLEY,STANLEY LIFESTYLES LIMITED,14688935.0,101000.0,1,03-06-2026,101000.0,1,14688935.0,145.44,0.0,0,1.47,14688935.0,0.0,0.0,101000.0,14688935.0,0.0,False,False,Net Buying,1.47,1.47,0.0,False,0.0,0.0,0.0,0.0,0.0,False,128.34,,,56.81,139.42,156.33,-3.2,-11.8,11.8,03-06-2026,03-06-2026,145.435,145.435,145.435,0,129,129,0,0,0,0,0,0.0,0.0,0.0,0.0,0.0,0,0,0,0,0,0.0,0.0,0.0,0.0,0.0,0.0,0.0,0.0,0.0,0.0,0.0,0.0,0.0,0.0,No Net Flow,1,0,0.0,Stale,Stale Accumulation,145.435,-11.8,Late — Poor Entry,733.0,76.8,-7.0,5.15,-56.0,0.67,4.4,0.2,True,9.33,0.2,0.2,0.2,100.0,3,1,0,-1,0,Avoid,14,9,0,-3,12,Avoid,0.201,0.2,0.177,0.311,100.0,0,Low,No pledge / market sell,Consumer Discretionary,Consumer Durables,Consumer Durables,"Furniture, Home Furnishing",1,110
WSI,W S Industries (I) Limited,13133662.0,220022.0,26,30-09-2026,220022.0,26,13133662.0,59.69,0.0,0,1.31,13133662.0,0.0,0.0,220022.0,13133662.0,0.0,False,False,Net Buying,1.31,1.31,0.0,False,10000000.0,76.14022654153884,0.0,1.0,76.14,True,53.74,95.0,53.8,57.68,58.51,69.28,-29.4,-10.0,10.0,14-08-2026,30-09-2026,60.4884,54.29011111111111,59.69249438692494,47,57,10,0,1,4,26,26,0.0,488611.0,2503510.0,13133662.0,13133662.0,0,0,0,0,0,0.0,0.0,0.0,0.0,0.0,0.0,2503510.0,10630152.0,0.0,10630152.0,2503510.0,0.0,2503510.0,-76.4,Slowing Accumulation,4,0,0.0,Active,Confirmed Accumulation,59.69249438692494,-10.0,Confirmed Accumulation,408.0,184.0,-66.0,-2.47,111.0,0.23,2.04,0.11,False,-574.42,0.322,0.322,0.322,100.0,6,-2,0,-18,0,Avoid,13,10,0,-10,5,Avoid,0.321,0.322,0.29,0.502,100.0,0,High,Pledge 76.14% of buy value,Industrials,Construction,Construction,Civil Construction,1,111
MBEL,M & B Engineering Limited,12860369.0,44000.0,4,16-06-2026,44000.0,4,12860369.0,292.28,0.0,0,1.29,12860369.0,0.0,0.0,44000.0,12860369.0,0.0,False,False,Net Buying,1.29,1.29,0.0,False,0.0,0.0,0.0,0.0,0.0,False,266.61,,,70.45,269.04,305.31,-13.5,-8.8,8.8,11-06-2026,16-06-2026,283.0559166666667,309.5979,292.2811136363636,5,121,116,0,0,0,0,0,0.0,0.0,0.0,0.0,0.0,0,0,0,0,0,0.0,0.0,0.0,0.0,0.0,0.0,0.0,0.0,0.0,0.0,0.0,0.0,0.0,0.0,No Net Flow,4,0,0.0,Stale,Stale Accumulation,292.2811136363636,-8.8,Late — Poor Entry,1524.0,19.3,13.0,21.0,-4.0,2.56,19.9,0.13,False,8.0,0.084,0.084,0.084,100.0,3,4,0,0,0,Avoid,21,12,0,0,25,Avoid,0.085,0.084,0.077,0.109,100.0,0,Low,No pledge / market sell,Industrials,Construction,Construction,Civil Construction,1,112
FOCUS,Focus Lighting And Fixtures Limited,11750494.0,181665.0,4,11-09-2026,181665.0,4,11750494.0,64.68,0.0,0,1.18,11750494.0,0.0,0.0,181665.0,11750494.0,0.0,False,False,Net Buying,1.18,1.18,0.0,False,0.0,0.0,0.0,0.0,0.0,False,52.24,98.87,57.06,56.09,63.52,72.8,-23.7,-19.2,19.2,27-08-2026,11-09-2026,66.50999812885922,62.48,64.68221176341068,15,44,29,0,0,1,4,4,0.0,0.0,3998720.0,11750494.0,11750494.0,0,0,0,0,0,0.0,0.0,0.0,0.0,0.0,0.0,3998720.0,7751774.0,0.0,7751774.0,3998720.0,0.0,3998720.0,-48.4,Slowing Accumulation,1,0,0.0,Active,Confirmed Accumulation,64.68221176341068,-19.2,Confirmed Accumulation,352.0,57.5,13.0,6.15,-54.0,0.42,6.55,0.16,True,13.36,0.334,0.334,0.334,100.0,6,4,0,0,0,Avoid,18,9,0,0,17,Avoid,0.335,0.334,0.27,0.481,100.0,0,Low,No pledge / market sell,Consumer Discretionary,Consumer Durables,Consumer Durables,Consumer Electronics,1,113
MACPOWER,MACPOWER CNC MACHINES LIMITED,4356789.0,4733.0,2,04-06-2026,4733.0,2,4356789.0,920.51,0.0,0,0.44,4356789.0,0.0,0.0,4733.0,4356789.0,0.0,False,False,Net Buying,0.44,0.44,0.0,False,0.0,0.0,0.0,0.0,0.0,False,1898.8,,,73.16,1886.69,1256.64,91.7,106.3,106.3,01-06-2026,04-06-2026,918.3000236239074,939.25,920.5132051552927,3,131,128,0,0,0,0,0,0.0,0.0,0.0,0.0,0.0,0,0,0,0,0,0.0,0.0,0.0,0.0,0.0,0.0,0.0,0.0,0.0,0.0,0.0,0.0,0.0,0.0,No Net Flow,1,0,0.0,Stale,Stale Accumulation,920.5132051552927,106.3,Late — Poor Entry,1900.0,48.8,35.0,15.42,47.0,9.58,29.1,0.01,True,16.19,0.023,0.023,0.023,100.0,1,26,25,0,37,Fundamental Watch,17,30,30,0,62,Buy on Breakout,0.023,0.023,0.047,0.065,100.0,0,Low,No pledge / market sell,Industrials,Capital Goods,Industrial Manufacturing,Industrial Products,0,114
SOTL,Savita Oil Technologies Limited,37641643.0,51830.0,2,24-09-2026,51830.0,2,37641643.0,726.25,0.0,0,3.76,37641643.0,37427640.0,51830.0,0.0,214003.0,99.43,False,False,Net Buying with Selling,0.02,3.76,3.74,False,0.0,0.0,99.43,3.742764,99.43,False,764.8,,,71.92,706.3,494.13,126.6,5.3,5.3,24-09-2026,24-09-2026,726.5987224157956,725.9076153846154,726.2520355006753,0,16,16,0,0,2,2,2,0.0,0.0,37641643.0,37641643.0,37641643.0,0,0,2,2,2,0.0,0.0,37427640.0,37427640.0,37427640.0,0.0,214003.0,0.0,0.0,0.0,37641643.0,37427640.0,214003.0,,New Accumulation,2,2,0.0,Active,Confirmed Accumulation,726.2520355006753,5.3,Confirmed Accumulation,5244.0,12.3,26.0,364.0,204.0,42.63,14.0,0.0,True,25.0,0.072,0.0,0.0,0.6,2,26,25,-13,35,Fundamental Watch,12,31,30,0,68,Strong Buy Setup,0.072,0.0,0.0,0.0,0.57,5,High,Market sell 99.43% of buy value,Energy,"Oil, Gas & Consumable Fuels",Petroleum Products,Lubricants,0,115
UYFINCORP,U. Y. Fincorp Limited,4960333.0,236123.0,3,19-08-2026,236123.0,3,4960333.0,21.01,0.0,0,0.5,4960333.0,0.0,0.0,236123.0,4960333.0,0.0,False,False,Net Buying,0.5,0.5,0.0,False,0.0,0.0,0.0,0.0,0.0,False,24.76,22.34,11.5,70.87,20.3,15.86,80.7,17.8,17.8,17-08-2026,19-08-2026,21.272817872269744,21.034486666666666,21.00741139152052,2,54,52,0,0,0,3,3,0.0,0.0,0.0,4960333.0,4960333.0,0,0,0,0,0,0.0,0.0,0.0,0.0,0.0,0.0,0.0,4960333.0,0.0,4960333.0,0.0,0.0,0.0,-100.0,No Net Flow,1,0,0.0,Aging,Mature Accumulation,21.00741139152052,17.9,Mature — Wait for Pullback,471.0,7.61,118.0,,391.0,1.03,19.9,0.01,False,,0.105,0.105,0.105,100.0,3,14,25,0,32,Fundamental Watch,22,19,30,0,61,Buy on Breakout,0.106,0.105,0.124,0.175,100.0,0,Low,No pledge / market sell,Financial Services,Financial Services,Finance,Non Banking Financial Company (NBFC),0,116
ALICON,ALICON CASTALLOY LIMITED,2266406.0,3500.0,2,10-06-2026,3500.0,2,2266406.0,647.54,0.0,0,0.23,2266406.0,0.0,0.0,3500.0,2266406.0,0.0,False,False,Net Buying,0.23,0.23,0.0,False,0.0,0.0,0.0,0.0,0.0,False,861.7,,,55.72,736.24,711.36,35.3,33.1,33.1,08-06-2026,10-06-2026,642.6124324324325,653.0745454545455,647.5445714285714,2,124,122,0,0,0,0,0,0.0,0.0,0.0,0.0,0.0,0,0,0,0,0,0.0,0.0,0.0,0.0,0.0,0.0,0.0,0.0,0.0,0.0,0.0,0.0,0.0,0.0,No Net Flow,2,0,0.0,Stale,Stale Accumulation,647.5445714285714,33.1,Late — Poor Entry,1414.0,32.4,19.0,58.0,31.0,10.76,11.2,0.56,True,10.0,0.016,0.016,0.016,100.0,2,19,25,0,31,Fundamental Watch,12,23,30,0,50,Buy on Breakout,0.016,0.016,0.021,0.038,100.0,0,Low,No pledge / market sell,Consumer Discretionary,Automobile and Auto Components,Auto Components,Auto Components & Equipments,0,117
SUPERSPIN,SUPER SPINNING MILLS LIMITED,4614313.0,749217.0,10,22-09-2026,749217.0,10,4614313.0,6.16,0.0,0,0.46,4614313.0,0.0,0.0,749217.0,4614313.0,0.0,False,False,Net Buying,0.46,0.46,0.0,False,0.0,0.0,0.0,0.0,0.0,False,6.8,9.98,3.79,42.8,6.69,6.19,37.1,10.4,10.4,23-06-2026,22-09-2026,5.305583353936839,7.055350113324585,6.158847169778582,91,109,18,0,0,2,8,8,0.0,0.0,936997.0,3122206.0,3122206.0,0,0,0,0,0,0.0,0.0,0.0,0.0,0.0,0.0,936997.0,2185209.0,0.0,2185209.0,936997.0,0.0,936997.0,-57.1,Slowing Accumulation,3,0,0.0,Active,Confirmed Accumulation,6.158847169778582,10.4,Mature — Wait for Pullback,,1247.0,-4.0,1.05,101.0,0.1,2.96,0.31,True,70.0,,,,100.0,5,11,25,-1,28,Avoid,15,16,30,-3,46,Watchlist,0.0,0.0,0.0,0.0,100.0,0,Low,No pledge / market sell,Consumer Discretionary,Textiles,Textiles & Apparels,Other Textile Products,0,118
CHEMBOND,CHEMBOND MATERIAL TECHNOLOGIES LIMITED,2560187.0,15020.0,2,03-09-2026,15020.0,2,2560187.0,170.45,0.0,0,0.26,2560187.0,0.0,0.0,15020.0,2560187.0,0.0,False,False,Net Buying,0.26,0.26,0.0,False,0.0,0.0,0.0,0.0,0.0,False,189.25,236.8,105.15,67.54,182.38,164.81,31.2,11.0,11.0,03-09-2026,03-09-2026,170.46014760147602,170.45004061738425,170.45186418109188,0,37,37,0,0,0,2,2,0.0,0.0,0.0,2560187.0,2560187.0,0,0,0,0,0,0.0,0.0,0.0,0.0,0.0,0.0,0.0,2560187.0,0.0,2560187.0,0.0,0.0,0.0,-100.0,No Net Flow,2,0,0.0,Aging,Mature Accumulation,170.45186418109188,11.0,Mature — Wait for Pullback,255.0,27.2,24.0,1.87,-31.0,3.36,4.96,0.0,True,2.97,0.1,0.1,0.1,100.0,4,8,25,-1,26,Avoid,19,14,30,-2,51,Buy on Breakout,0.102,0.1,0.111,0.165,100.0,0,Low,No pledge / market sell,Commodities,Chemicals,Chemicals & Petrochemicals,Specialty Chemicals,0,119
HINDCON,Hindcon Chemicals Limited,2018403.0,85717.0,17,23-09-2026,85717.0,17,2018403.0,23.55,0.0,0,0.2,2018403.0,0.0,0.0,85717.0,2018403.0,0.0,False,False,Net Buying,0.2,0.2,0.0,False,0.0,0.0,0.0,0.0,0.0,False,28.46,37.75,15.66,68.34,24.83,22.86,22.8,20.8,20.8,20-08-2026,23-09-2026,21.998066051770305,25.005235602094242,23.5472893358377,34,51,17,0,0,9,17,17,0.0,0.0,1351825.0,2018403.0,2018403.0,0,0,0,0,0,0.0,0.0,0.0,0.0,0.0,0.0,1351825.0,666578.0,0.0,666578.0,1351825.0,0.0,1351825.0,102.8,Accelerating Accumulation,7,0,0.0,Active,Confirmed Accumulation,23.5472893358377,20.9,Late — Poor Entry,146.0,33.6,19.0,3.17,7.0,0.49,8.76,0.2,False,14.87,0.138,0.138,0.138,100.0,7,4,25,0,26,Avoid,22,8,30,0,50,Buy on Breakout,0.137,0.138,0.167,0.244,100.0,0,Low,No pledge / market sell,Commodities,Chemicals,Chemicals & Petrochemicals,Specialty Chemicals,0,120
NRL,NUPUR RECYCLERS LIMITED,4206920.0,50730.0,3,24-06-2026,50730.0,3,4206920.0,82.93,0.0,0,0.42,4206920.0,0.0,0.0,50730.0,4206920.0,0.0,False,False,Net Buying,0.42,0.42,0.0,False,0.0,0.0,0.0,0.0,0.0,False,158.0,,,72.53,132.11,80.76,213.1,90.5,90.5,27-05-2026,24-06-2026,62.72857142857143,83.06001984126983,82.92765621919969,28,136,108,0,0,0,0,0,0.0,0.0,0.0,0.0,0.0,0,0,0,0,0,0.0,0.0,0.0,0.0,0.0,0.0,0.0,0.0,0.0,0.0,0.0,0.0,0.0,0.0,No Net Flow,3,0,0.0,Stale,Stale Accumulation,82.92765621919969,90.5,Late — Poor Entry,1091.0,117.0,15.0,1.43,82.0,0.34,9.71,0.0,True,3.67,0.039,0.039,0.039,100.0,3,14,25,-2,25,Avoid,20,16,30,-5,46,Watchlist,0.038,0.039,0.073,0.101,100.0,0,Low,No pledge / market sell,Commodities,Metals & Mining,Metals & Minerals Trading,Trading - Metals,0,121
ASAHISONG,ASAHI SONGWON COLORS LIMITED,3381000.0,10000.0,1,11-08-2026,10000.0,1,3381000.0,338.1,0.0,0,0.34,3381000.0,0.0,0.0,10000.0,3381000.0,0.0,False,False,Net Buying,0.34,0.34,0.0,False,0.0,0.0,0.0,0.0,0.0,False,365.05,413.95,179.64,66.73,370.99,275.33,60.2,8.0,8.0,11-08-2026,11-08-2026,338.1,338.1,338.1,0,60,60,0,0,0,0,1,0.0,0.0,0.0,0.0,3381000.0,0,0,0,0,0,0.0,0.0,0.0,0.0,0.0,0.0,0.0,3381000.0,0.0,3381000.0,0.0,0.0,0.0,-100.0,No Net Flow,1,0,0.0,Aging,Mature Accumulation,338.1,8.0,Mature — Wait for Pullback,430.0,12.7,-8.0,24.0,33.0,14.36,9.94,0.23,True,18.0,0.079,0.079,0.079,100.0,1,15,17,0,25,Avoid,18,21,20,0,51,Buy on Breakout,0.079,0.079,0.085,0.127,100.0,0,Low,No pledge / market sell,Commodities,Chemicals,Chemicals & Petrochemicals,Dyes And Pigments,0,122
KMEW,Knowledge Marine & Engineering Works Limited,9480181.0,5326.0,3,01-06-2026,5326.0,3,9480181.0,1779.98,0.0,0,0.95,9480181.0,1006333080.0,512820.0,-507494.0,-996852899.0,10615.13,False,False,Net Selling,-99.69,0.95,100.63,False,0.0,0.0,10615.13,100.633308,10615.13,False,3207.8,,,67.09,2839.01,2150.99,85.5,80.2,80.2,01-06-2026,01-06-2026,1790.0,1773.1851063829788,1779.9814119414195,0,131,131,0,0,0,0,0,0.0,0.0,0.0,0.0,0.0,0,0,0,0,0,0.0,0.0,0.0,0.0,0.0,0.0,0.0,0.0,0.0,0.0,0.0,0.0,0.0,0.0,No Net Flow,3,2,0.0,Stale,Stale Accumulation,1779.9814119414195,80.2,Late — Poor Entry,8136.0,61.8,100.0,71.0,276.0,24.72,17.2,0.41,True,61.0,0.012,0.0,0.0,0.0,1,30,25,-19,22,Avoid,10,35,30,-3,57,Buy on Breakout,0.012,0.0,0.0,0.0,0.0,5,High,Market sell 10615.13% of buy value,Services,Services,Engineering Services,Dredging,0,123
LIBAS,Libas Consumer Products Limited,2096820.0,195542.0,6,02-09-2026,195542.0,6,2096820.0,10.72,0.0,0,0.21,2096820.0,0.0,0.0,195542.0,2096820.0,0.0,False,False,Net Buying,0.21,0.21,0.0,False,0.0,0.0,0.0,0.0,0.0,False,11.24,13.67,9.02,30.7,10.71,10.96,5.6,4.9,4.9,21-08-2026,02-09-2026,10.019749198983538,10.41,10.723118307064468,12,50,38,0,0,0,6,6,0.0,0.0,0.0,2096820.0,2096820.0,0,0,0,0,0,0.0,0.0,0.0,0.0,0.0,0.0,0.0,2096820.0,0.0,2096820.0,0.0,0.0,0.0,-100.0,No Net Flow,2,0,0.0,Aging,Mature Accumulation,10.723118307064468,4.8,Mature — Wait for Pullback,,8.22,-9.0,1.55,338.0,0.35,6.49,0.26,True,15.26,,,,100.0,2,11,17,0,22,Avoid,15,16,20,0,43,Watchlist,0.0,0.0,0.0,0.0,100.0,0,Low,No pledge / market sell,Consumer Discretionary,Textiles,Textiles & Apparels,Garments & Apparels,0,124
UDS,UPDATER SERVICES LIMITED,4885140.0,26000.0,1,17-09-2026,26000.0,1,4885140.0,187.89,0.0,0,0.49,4885140.0,0.0,0.0,26000.0,4885140.0,0.0,False,False,Net Buying,0.49,0.49,0.0,False,0.0,0.0,0.0,0.0,0.0,False,199.8,262.85,125.1,58.73,211.06,179.9,27.9,6.3,6.3,17-09-2026,17-09-2026,187.89,187.89,187.89,0,23,23,0,0,1,1,1,0.0,0.0,4885140.0,4885140.0,4885140.0,0,0,0,0,0,0.0,0.0,0.0,0.0,0.0,0.0,4885140.0,0.0,0.0,0.0,4885140.0,0.0,4885140.0,,New Accumulation,1,0,0.0,Active,Mature Accumulation,187.89,6.3,Confirmed Accumulation,1338.0,23.4,11.0,19.0,-14.0,2.56,7.23,0.01,True,4.1,0.037,0.037,0.037,100.0,2,8,17,-1,21,Avoid,12,14,20,-2,39,Fundamental Watch,0.037,0.037,0.039,0.066,100.0,0,Low,No pledge / market sell,Services,Services,Commercial Services & Supplies,Diversified Commercial Services,0,125
JAYAGROGN,Jayant Agro-Organics Limited,2995877.0,12781.0,3,23-09-2026,12781.0,3,2995877.0,234.4,0.0,0,0.3,2995877.0,0.0,0.0,12781.0,2995877.0,0.0,False,False,Net Buying,0.3,0.3,0.0,False,0.0,0.0,0.0,0.0,0.0,False,212.86,265.0,147.26,67.13,226.38,205.68,10.8,-9.2,9.2,21-09-2026,23-09-2026,234.0473059882807,234.8324661810614,234.40082935607543,2,19,17,0,0,3,3,3,0.0,0.0,2995877.0,2995877.0,2995877.0,0,0,0,0,0,0.0,0.0,0.0,0.0,0.0,0.0,2995877.0,0.0,0.0,0.0,2995877.0,0.0,2995877.0,,New Accumulation,1,0,0.0,Active,Confirmed Accumulation,234.40082935607543,-9.2,Confirmed Accumulation,639.0,10.4,-5.0,32.0,1.0,6.54,14.8,0.11,True,9.0,0.047,0.047,0.047,100.0,3,9,13,0,20,Avoid,20,14,15,0,44,Watchlist,0.047,0.047,0.043,0.063,100.0,0,Low,No pledge / market sell,Commodities,Chemicals,Chemicals & Petrochemicals,Specialty Chemicals,0,126
JASH,JASH ENGINEERING LIMITED,5086609.0,10000.0,1,08-09-2026,10000.0,1,5086609.0,508.66,0.0,0,0.51,5086609.0,5032251.0,10000.0,0.0,54358.0,98.93,False,False,Net Buying with Selling,0.01,0.51,0.5,False,0.0,0.0,98.93,0.5032251,98.93,False,560.95,603.0,327.1,50.98,517.81,448.0,36.8,10.3,10.3,08-09-2026,08-09-2026,508.6609,508.6609,508.6609,0,32,32,0,0,0,1,1,0.0,0.0,0.0,5086609.0,5086609.0,0,0,0,1,1,0.0,0.0,0.0,5032251.0,5032251.0,0.0,0.0,5086609.0,5032251.0,54358.0,0.0,0.0,0.0,-100.0,No Net Flow,1,1,0.0,Aging,Mature Accumulation,508.6609,10.3,Mature — Wait for Pullback,3545.0,46.1,5.0,16.0,16.0,2.12,18.8,0.17,True,16.0,0.014,0.0,0.0,1.1,-1,22,21,-13,19,Avoid,7,25,25,0,47,Watchlist,0.014,0.0,0.0,0.0,1.07,5,High,Market sell 98.93% of buy value,Industrials,Capital Goods,Industrial Manufacturing,Industrial Products,0,127
SOBHA,SOBHA LIMITED,4275035.0,3500.0,1,18-09-2026,3500.0,1,4275035.0,1221.44,0.0,0,0.43,4275035.0,0.0,0.0,3500.0,4275035.0,0.0,False,False,Net Buying,0.43,0.43,0.0,False,0.0,0.0,0.0,0.0,0.0,False,1161.7,1732.0,1130.0,52.28,1265.56,1370.31,-10.1,-4.9,4.9,18-09-2026,18-09-2026,1221.4385714285713,1221.4385714285713,1221.4385714285713,0,22,22,0,0,1,1,1,0.0,0.0,4275035.0,4275035.0,4275035.0,0,0,0,0,0,0.0,0.0,0.0,0.0,0.0,0.0,4275035.0,0.0,0.0,0.0,4275035.0,0.0,4275035.0,,New Accumulation,1,0,0.0,Active,Mature Accumulation,1221.4385714285713,-4.9,Confirmed Accumulation,12422.0,39.6,31.0,79.0,110.0,5.43,9.51,0.22,True,6.0,0.003,0.003,0.003,100.0,2,22,0,0,19,Avoid,12,26,0,0,33,Fundamental Watch,0.003,0.003,0.003,0.006,100.0,0,Low,No pledge / market sell,Consumer Discretionary,Realty,Realty,"Residential, Commercial Projects",0,128
SENCO,SENCO GOLD LIMITED,4081958.0,12170.0,2,18-08-2026,12170.0,2,4081958.0,335.41,0.0,0,0.41,4081958.0,0.0,0.0,12170.0,4081958.0,0.0,False,False,Net Buying,0.41,0.41,0.0,False,0.0,0.0,0.0,0.0,0.0,False,334.75,,,68.48,352.34,336.17,0.2,-0.2,0.2,30-06-2026,18-08-2026,334.88004484304935,336.87015384615387,335.4115036976171,49,102,53,0,0,0,1,1,0.0,0.0,0.0,1094828.0,1094828.0,0,0,0,0,0,0.0,0.0,0.0,0.0,0.0,0.0,0.0,1094828.0,0.0,1094828.0,0.0,0.0,0.0,-100.0,No Net Flow,1,0,0.0,Aging,Mature Accumulation,335.4115036976171,-0.2,Mature — Wait for Pullback,5487.0,9.27,43.0,223.0,175.0,6.97,21.4,1.03,False,7.0,0.007,0.007,0.007,100.0,1,15,9,0,17,Avoid,17,21,10,0,40,Watchlist,0.007,0.007,0.007,0.011,100.0,0,Low,No pledge / market sell,Consumer Discretionary,Consumer Durables,Consumer Durables,"Gems, Jewellery And Watches",0,129
EXCELSOFT,Excelsoft Technologies Limited,2961200.0,40000.0,2,04-09-2026,40000.0,2,2961200.0,74.03,0.0,0,0.3,2961200.0,0.0,0.0,40000.0,2961200.0,0.0,False,False,Net Buying,0.3,0.3,0.0,False,0.0,0.0,0.0,0.0,0.0,False,81.13,142.59,66.4,59.08,76.91,81.21,-6.7,9.6,9.6,14-08-2026,04-09-2026,74.89,71.45,74.03,21,57,36,0,0,0,2,2,0.0,0.0,0.0,2961200.0,2961200.0,0,0,0,0,0,0.0,0.0,0.0,0.0,0.0,0.0,0.0,2961200.0,0.0,2961200.0,0.0,0.0,0.0,-100.0,No Net Flow,1,0,0.0,Aging,Mature Accumulation,74.03,9.6,Mature — Wait for Pullback,934.0,19.2,27.0,12.33,10.0,0.75,13.5,0.01,True,15.35,0.032,0.032,0.032,100.0,1,12,12,0,17,Avoid,12,14,15,0,33,Fundamental Watch,0.032,0.032,0.035,0.059,100.0,0,Low,No pledge / market sell,Information Technology,Information Technology,IT - Services,IT Enabled Services,0,130
PLASTIBLEN,PLASTIBLENDS INDIA LIMITED,139339671.0,795400.0,4,25-06-2026,795400.0,4,139339671.0,175.18,0.0,0,13.93,139339671.0,170056258.0,949866.0,-154466.0,-30716587.0,122.04,False,False,Net Selling,-3.07,13.93,17.01,False,0.0,0.0,122.04,17.0056258,122.04,False,201.79,,,64.38,192.42,169.23,41.7,15.2,15.2,19-06-2026,25-06-2026,174.3148688046647,176.00780725022105,175.18188458637164,6,113,107,0,0,0,0,0,0.0,0.0,0.0,0.0,0.0,0,0,0,0,3,0.0,0.0,0.0,0.0,31255296.0,0.0,0.0,0.0,31255296.0,-31255296.0,0.0,0.0,0.0,0.0,No Net Flow,2,2,0.0,Stale,Stale Accumulation,175.18188458637164,15.2,Late — Poor Entry,524.0,12.3,5.0,22.0,36.0,5.75,10.7,0.05,True,10.0,2.659,0.0,0.0,0.0,0,18,25,-18,15,Avoid,5,21,30,0,46,Watchlist,2.658,0.0,0.0,0.0,0.0,5,High,Market sell 122.04% of buy value,Commodities,Chemicals,Chemicals & Petrochemicals,Specialty Chemicals,0,131
PATINTLOG,Patel Integrated Logistics Limited,5109384.0,371832.0,6,29-09-2026,371832.0,6,5109384.0,13.74,0.0,0,0.51,5109384.0,3590951.0,263832.0,108000.0,1518433.0,70.28,False,False,Net Buying with Selling,0.15,0.51,0.36,False,0.0,0.0,70.28,0.3590951,70.28,False,12.97,,,36.85,13.61,12.78,23.4,-5.6,5.6,02-06-2026,29-09-2026,13.59,13.8806702750235,13.74110888788485,119,130,11,0,1,1,1,1,0.0,3662165.0,3662165.0,3662165.0,3662165.0,0,1,1,1,1,0.0,3590951.0,3590951.0,3590951.0,3590951.0,0.0,71214.0,0.0,0.0,0.0,3662165.0,3590951.0,71214.0,,New Accumulation,1,1,0.0,Active,Confirmed Accumulation,13.74110888788485,-5.6,Confirmed Accumulation,,8.62,16.0,2.48,36.0,0.36,8.06,0.05,True,2.19,,,,29.7,1,18,13,-14,15,Avoid,12,21,15,-2,43,Watchlist,0.0,0.0,0.0,0.0,29.72,3,High,Market sell 70.28% of buy value,Services,Services,Transport Services,Logistics Solution Provider,0,132
SGIL,SYNERGY GREEN INDUSTRIES LIMITED,4930931.0,7922.0,4,30-09-2026,7922.0,4,4930931.0,622.44,0.0,0,0.49,4930931.0,0.0,0.0,7922.0,4930931.0,0.0,False,False,Net Buying,0.49,0.49,0.0,False,0.0,0.0,0.0,0.0,0.0,False,616.2,697.95,420.0,74.02,599.94,551.7,22.1,-1.0,1.0,28-08-2026,30-09-2026,585.0,653.9899497487437,622.4351173945973,33,43,10,0,1,2,4,4,0.0,2472736.0,2794739.0,4930931.0,4930931.0,0,0,0,0,0,0.0,0.0,0.0,0.0,0.0,0.0,2794739.0,2136192.0,0.0,2136192.0,2794739.0,0.0,2794739.0,30.8,Accelerating Accumulation,3,0,0.0,Active,Confirmed Accumulation,622.4351173945973,-1.0,Confirmed Accumulation,958.0,,-2.0,5.0,-152.0,-6.5,9.24,2.23,True,6.0,0.051,0.051,0.051,100.0,5,-5,17,0,14,Avoid,21,6,20,0,44,Watchlist,0.051,0.051,0.051,0.069,100.0,0,Low,No pledge / market sell,Industrials,Capital Goods,Industrial Products,Castings & Forgings,0,133
LYKALABS,Lyka Labs Limited,4975280.0,70143.0,6,29-06-2026,70143.0,6,4975280.0,70.93,0.0,0,0.5,4975280.0,0.0,0.0,70143.0,4975280.0,0.0,False,False,Net Buying,0.5,0.5,0.0,False,0.0,0.0,0.0,0.0,0.0,False,72.65,,,54.81,75.42,67.98,23.7,2.4,2.4,24-06-2026,29-06-2026,67.9138,72.91204437400951,70.93052763639993,5,108,103,0,0,0,0,0,0.0,0.0,0.0,0.0,0.0,0,0,0,0,0,0.0,0.0,0.0,0.0,0.0,0.0,0.0,0.0,0.0,0.0,0.0,0.0,0.0,0.0,No Net Flow,5,0,0.0,Stale,Stale Accumulation,70.93052763639993,2.4,Late — Poor Entry,263.0,,0.0,4.59,-215.0,0.58,-4.65,0.56,True,10.85,0.189,0.189,0.189,100.0,5,-2,17,0,12,Avoid,17,6,20,0,35,Fundamental Watch,0.19,0.189,0.194,0.354,100.0,0,Low,No pledge / market sell,Healthcare,Healthcare,Pharmaceuticals & Biotechnology,Pharmaceuticals,0,134
NPST,NETWORK PEOPLE SERVICES TECHNOLOGIES LIMITED,127601332.0,80769.0,3,25-06-2026,80769.0,3,127601332.0,1579.83,0.0,0,12.76,127601332.0,130031492.0,82313.0,-1544.0,-2430160.0,101.9,False,False,Net Selling,-0.24,12.76,13.0,False,0.0,0.0,101.9,13.0031492,101.9,False,1752.2,2058.0,846.6,67.55,1676.07,1400.19,42.7,10.9,10.9,25-06-2026,25-06-2026,1582.7600321027287,1575.0,1579.8305290396067,0,107,107,0,0,0,0,0,0.0,0.0,0.0,0.0,0.0,0,0,0,0,0,0.0,0.0,0.0,0.0,0.0,0.0,0.0,0.0,0.0,0.0,0.0,0.0,0.0,0.0,No Net Flow,2,1,0.0,Stale,Stale Accumulation,1579.8305290396067,10.9,Late — Poor Entry,3656.0,82.3,42.0,13.0,22.0,5.05,19.9,0.03,False,27.0,0.349,0.0,0.0,0.0,0,14,25,-19,10,Avoid,10,19,30,-3,46,Watchlist,0.349,0.0,0.0,0.0,0.0,5,High,Market sell 101.90% of buy value,Financial Services,Financial Services,Financial Technology (Fintech),Financial Technology (Fintech),0,135
MASFIN,MAS Financial Services Limited,2789837.0,10000.0,2,29-09-2026,10000.0,2,2789837.0,278.98,0.0,0,0.28,2789837.0,0.0,0.0,10000.0,2789837.0,0.0,False,False,Net Buying,0.28,0.28,0.0,False,0.0,0.0,0.0,0.0,0.0,False,266.7,,,73.72,293.62,310.37,-14.4,-4.4,4.4,25-09-2026,29-09-2026,279.9674,278.0,278.9837,4,15,11,0,1,2,2,2,0.0,1390000.0,2789837.0,2789837.0,2789837.0,0,0,0,0,0,0.0,0.0,0.0,0.0,0.0,0.0,2789837.0,0.0,0.0,0.0,2789837.0,0.0,2789837.0,,New Accumulation,1,0,0.0,Active,Confirmed Accumulation,278.9837,-4.4,Confirmed Accumulation,4839.0,12.5,23.0,,21.0,5.76,11.3,3.31,False,,0.006,0.006,0.006,100.0,3,7,0,0,7,Avoid,17,12,0,0,26,Avoid,0.006,0.006,0.006,0.007,100.0,0,Low,No pledge / market sell,Financial Services,Financial Services,Finance,Non Banking Financial Company (NBFC),0,136
SIYSIL,SIYARAM SILK MILLS LIMITED,123293344.0,200000.0,1,05-06-2026,200000.0,1,123293344.0,616.47,0.0,0,12.33,123293344.0,122509066.0,200000.0,0.0,784278.0,99.36,False,False,Net Buying with Selling,0.08,12.33,12.25,False,0.0,0.0,99.36,12.2509066,99.36,False,539.65,,,67.18,573.43,576.53,0.4,-12.5,12.5,05-06-2026,05-06-2026,616.46672,616.46672,616.46672,0,127,127,0,0,0,0,0,0.0,0.0,0.0,0.0,0.0,0,0,0,0,0,0.0,0.0,0.0,0.0,0.0,0.0,0.0,0.0,0.0,0.0,0.0,0.0,0.0,0.0,No Net Flow,1,1,0.0,Stale,Stale Accumulation,616.46672,-12.5,Late — Poor Entry,2448.0,10.4,14.0,18.0,23.0,2.48,18.6,0.24,True,4.1,0.504,0.003,0.003,0.6,-1,22,5,-14,4,Avoid,12,25,5,-2,32,Fundamental Watch,0.504,0.003,0.0,0.0,0.64,5,High,Market sell 99.36% of buy value,Consumer Discretionary,Textiles,Textiles & Apparels,Other Textile Products,0,137
SKYWAYS,SKYWAYS AIR SERVICES LIMITED,4008376.0,35000.0,2,30-09-2026,35000.0,2,4008376.0,114.53,0.0,0,0.4,4008376.0,0.0,0.0,35000.0,4008376.0,0.0,False,False,Net Buying,0.4,0.4,0.0,False,0.0,0.0,0.0,0.0,0.0,False,109.47,,,56.82,,,,-4.4,4.4,30-09-2026,30-09-2026,114.32588888888888,114.73588235294118,114.52502857142858,0,10,10,0,2,2,2,2,0.0,4008376.0,4008376.0,4008376.0,4008376.0,0,0,0,0,0,0.0,0.0,0.0,0.0,0.0,0.0,4008376.0,0.0,0.0,0.0,4008376.0,0.0,4008376.0,,New Accumulation,2,0,0.0,Active,Confirmed Accumulation,114.52502857142858,-4.4,Confirmed Accumulation,1591.0,38.6,,28.0,,1.21,,1.99,False,4.1,0.025,0.025,0.025,100.0,4,1,0,-1,1,Avoid,12,5,0,-2,12,Avoid,0.025,0.025,0.024,0.042,100.0,0,Low,No pledge / market sell,Services,Services,Transport Services,Logistics Solution Provider,0,138
AMANTA,Amanta Healthcare Limited,3126410.0,20835.0,2,18-06-2026,20835.0,2,3126410.0,150.06,0.0,0,0.31,3126410.0,786550.0,5000.0,15835.0,2339860.0,25.16,False,False,Net Buying with Selling,0.23,0.31,0.08,False,0.0,0.0,25.16,0.078655,25.16,False,187.42,,,63.56,184.57,139.86,71.3,24.9,24.9,17-06-2026,18-06-2026,150.319309600863,149.98024691358026,150.05567554595632,1,115,114,0,0,0,0,0,0.0,0.0,0.0,0.0,0.0,0,0,0,0,0,0.0,0.0,0.0,0.0,0.0,0.0,0.0,0.0,0.0,0.0,0.0,0.0,0.0,0.0,No Net Flow,2,1,0.0,Stale,Stale Accumulation,150.05567554595632,24.9,Late — Poor Entry,728.0,47.4,7.0,14.54,-4.0,0.85,11.6,1.11,True,21.13,0.043,0.032,0.032,74.8,0,1,25,-12,1,Avoid,10,6,30,0,33,Fundamental Watch,0.043,0.032,0.041,0.064,74.84,2,High,Market sell 25.16% of buy value,Healthcare,Healthcare,Pharmaceuticals & Biotechnology,Pharmaceuticals,0,139
PGHH,Procter & Gamble Hygiene and Health Care Limited,5574358427.0,619683.0,1,19-06-2026,619683.0,1,5574358427.0,8995.5,0.0,0,557.44,5574358427.0,5574358427.0,619683.0,0.0,0.0,100.0,False,False,Net Buying with Selling,0.0,557.44,557.44,False,0.0,0.0,100.0,557.4358427,100.0,False,6942.5,,,70.64,7778.56,9792.43,-27.6,-22.8,22.8,19-06-2026,19-06-2026,8995.500000806864,8995.500000806864,8995.500000806864,0,113,113,0,0,0,0,0,0.0,0.0,0.0,0.0,0.0,0,0,0,0,0,0.0,0.0,0.0,0.0,0.0,0.0,0.0,0.0,0.0,0.0,0.0,0.0,0.0,0.0,No Net Flow,1,1,0.0,Stale,Stale Accumulation,8995.500000806864,-22.8,Late — Poor Entry,22536.0,28.5,-2.0,170.0,-5.0,38.9,157.0,0.0,True,19.0,2.474,0.0,0.0,0.0,-1,13,0,-13,0,Avoid,7,23,0,0,22,Avoid,2.474,0.0,0.0,0.0,0.0,5,High,Market sell 100.00% of buy value,Fast Moving Consumer Goods,Fast Moving Consumer Goods,Personal Products,Personal Care,0,140
BAJAJELEC,Bajaj Electricals Limited,1799787600.0,5616000.0,6,02-06-2026,5616000.0,6,1799787600.0,320.48,0.0,0,179.98,1799787600.0,1799787600.0,5616000.0,0.0,0.0,100.0,False,False,Net Buying with Selling,0.0,179.98,179.98,False,0.0,0.0,100.0,179.97876,100.0,False,298.0,,,62.85,333.73,364.83,-17.2,-7.0,7.0,02-06-2026,02-06-2026,320.6,320.45,320.475,0,130,130,0,0,0,0,0,0.0,0.0,0.0,0.0,0.0,0,0,0,0,0,0.0,0.0,0.0,0.0,0.0,0.0,0.0,0.0,0.0,0.0,0.0,0.0,0.0,0.0,No Net Flow,6,1,0.0,Stale,Stale Accumulation,320.475,-7.0,Late — Poor Entry,3440.0,,-5.0,77.0,-131.0,4.16,3.94,0.11,True,7.0,5.232,0.0,0.0,0.0,1,5,0,-13,0,Avoid,5,14,0,0,11,Avoid,5.232,0.0,0.0,0.0,0.0,5,High,Market sell 100.00% of buy value,Consumer Discretionary,Consumer Durables,Consumer Durables,Household Appliances,0,141
DALBHARAT,Dalmia Bharat Limited,170080960.0,100000.0,1,25-09-2026,100000.0,1,170080960.0,1700.81,0.0,0,17.01,170080960.0,170080960.0,100000.0,0.0,0.0,100.0,False,False,Net Buying with Selling,0.0,17.01,17.01,False,0.0,0.0,100.0,17.008096,100.0,False,1598.6,,,55.85,1770.56,1879.1,-16.9,-6.0,6.0,25-09-2026,25-09-2026,1700.8096,1700.8096,1700.8096,0,15,15,0,0,1,1,1,0.0,0.0,170080960.0,170080960.0,170080960.0,0,0,1,1,1,0.0,0.0,170080960.0,170080960.0,170080960.0,0.0,0.0,0.0,0.0,0.0,170080960.0,170080960.0,0.0,0.0,No Net Flow,1,1,0.0,Active,Mature Accumulation,1700.8096,-6.0,Confirmed Accumulation,29984.0,224.0,62.0,27.0,5.0,1.23,2.07,0.03,True,25.0,0.057,0.0,0.0,0.0,0,16,0,-14,0,Avoid,2,19,0,-3,15,Avoid,0.057,0.0,0.0,0.0,0.0,5,High,Market sell 100.00% of buy value,Commodities,Construction Materials,Cement & Cement Products,Cement & Cement Products,0,142
KABRAEXTRU,KABRA EXTRUSION TECHNIK LIMITED,136446027.0,567416.0,6,25-06-2026,567416.0,6,136446027.0,240.47,0.0,0,13.64,136446027.0,140112272.0,583300.0,-15884.0,-3666245.0,102.69,False,False,Net Selling,-0.37,13.64,14.01,False,0.0,0.0,102.69,14.0112272,102.69,False,795.9,,,60.24,619.46,337.94,263.7,231.0,231.0,19-06-2026,25-06-2026,238.996728,243.6942904821503,240.46912142061555,6,113,107,0,0,0,0,0,0.0,0.0,0.0,0.0,0.0,0,0,0,0,0,0.0,0.0,0.0,0.0,0.0,0.0,0.0,0.0,0.0,0.0,0.0,0.0,0.0,0.0,No Net Flow,2,1,0.0,Stale,Stale Accumulation,240.46912142061555,231.0,Late — Poor Entry,2783.0,824.0,3.0,6.76,-81.0,-0.35,1.2,0.32,True,5.43,0.49,0.0,0.0,0.0,0,1,25,-19,0,Avoid,5,9,30,-3,26,Avoid,0.49,0.0,0.0,0.0,0.0,5,High,Market sell 102.69% of buy value,Industrials,Capital Goods,Industrial Manufacturing,Industrial Products,0,143
JINDALSTEL,JINDAL STEEL LIMITED,92111332.0,79600.0,1,03-09-2026,79600.0,1,92111332.0,1157.18,0.0,0,9.21,92111332.0,108203920.0,95000.0,-15400.0,-16092588.0,117.47,False,False,Net Selling,-1.61,9.21,10.82,False,0.0,0.0,117.47,10.820392,117.47,False,1016.7,1306.2,977.1,61.21,1123.5,1136.78,-16.2,-12.1,12.1,03-09-2026,03-09-2026,1157.1775376884423,1157.1775376884423,1157.1775376884423,0,37,37,0,0,0,1,1,0.0,0.0,0.0,92111332.0,92111332.0,0,0,0,1,1,0.0,0.0,0.0,108203920.0,108203920.0,0.0,0.0,92111332.0,108203920.0,-16092588.0,0.0,0.0,0.0,0.0,No Net Flow,1,1,0.0,Aging,Mature Accumulation,1157.1775376884423,-12.1,Mature — Wait for Pullback,103712.0,29.9,18.0,2224.0,-28.0,10.65,10.8,0.16,True,15.0,0.009,0.0,0.0,0.0,-1,12,0,-18,0,Avoid,2,19,0,0,13,Avoid,0.009,0.0,0.0,0.0,0.0,5,High,Market sell 117.47% of buy value,Commodities,Metals & Mining,Ferrous Metals,Iron & Steel,0,144
ANMOL,ANMOL INDIA LIMITED,38803200.0,3440000.0,1,16-06-2026,3440000.0,1,38803200.0,11.28,0.0,0,3.88,38803200.0,38803200.0,3440000.0,0.0,0.0,100.0,False,False,Net Buying with Selling,0.0,3.88,3.88,False,55692260.0,143.524915470889,100.0,6.664933,243.52,True,12.19,,,57.08,11.73,11.75,6.2,8.1,8.1,16-06-2026,16-06-2026,11.28,11.28,11.28,0,116,116,0,0,0,0,0,0.0,0.0,0.0,0.0,0.0,0,0,0,0,0,0.0,0.0,0.0,0.0,0.0,0.0,0.0,0.0,0.0,0.0,0.0,0.0,0.0,0.0,No Net Flow,1,1,0.0,Stale,Stale Accumulation,11.28,8.1,Late — Poor Entry,,6.02,-3.0,9.88,32.0,1.05,8.8,1.66,True,2.17,,,,0.0,-6,8,17,-29,0,Avoid,-3,13,20,-7,15,Avoid,0.0,0.0,0.0,0.0,0.0,5,High,Pledge 143.52% of buy value; Market sell 100.00% of buy value,Energy,"Oil, Gas & Consumable Fuels",Consumable Fuels,Trading - Coal,0,145
GOLDTECH,AION-TECH SOLUTIONS LIMITED,8492000.0,200000.0,1,12-06-2026,200000.0,1,8492000.0,42.46,0.0,0,0.85,8492000.0,8710500.0,200000.0,0.0,-218500.0,102.57,False,False,Net Selling,-0.02,0.85,0.87,False,0.0,0.0,102.57,0.87105,102.57,False,40.0,,,53.88,47.75,45.89,-1.4,-5.8,5.8,12-06-2026,12-06-2026,42.46,42.46,42.46,0,120,120,0,0,0,0,0,0.0,0.0,0.0,0.0,0.0,0,0,0,0,0,0.0,0.0,0.0,0.0,0.0,0.0,0.0,0.0,0.0,0.0,0.0,0.0,0.0,0.0,No Net Flow,1,1,0.0,Stale,Stale Accumulation,42.46,-5.8,Late — Poor Entry,209.0,30.8,15.0,-0.59,2158.0,-0.07,3.47,0.01,False,-3.96,0.406,0.0,0.0,0.0,-1,-2,4,-19,0,Avoid,2,10,5,-2,7,Avoid,0.407,0.0,0.0,0.0,0.0,5,High,Market sell 102.57% of buy value,Information Technology,Information Technology,IT - Software,Software Products,0,146
INDOWIND,INDOWIND ENERGY LIMITED,4865287.0,552046.0,2,25-08-2026,552046.0,2,4865287.0,8.81,0.0,0,0.49,4865287.0,0.0,0.0,552046.0,4865287.0,0.0,False,False,Net Buying,0.49,0.49,0.0,False,0.0,0.0,0.0,0.0,0.0,False,8.28,18.94,7.0,50.76,8.92,10.17,-4.5,-6.0,6.0,21-08-2026,25-08-2026,8.617418002466092,9.354905626902132,8.813191292030012,4,50,46,0,0,0,2,2,0.0,0.0,0.0,4865287.0,4865287.0,0,0,0,0,0,0.0,0.0,0.0,0.0,0.0,0.0,0.0,4865287.0,0.0,4865287.0,0.0,0.0,0.0,-100.0,No Net Flow,1,0,0.0,Aging,Mature Accumulation,8.813191292030012,-6.0,Mature — Wait for Pullback,133.0,,-4.0,4.35,-102.0,0.1,1.55,0.03,True,62.59,0.366,0.366,0.366,100.0,7,1,0,0,0,Avoid,15,9,0,0,16,Avoid,0.368,0.366,0.344,0.677,100.0,0,Low,No pledge / market sell,Utilities,Power,Power,Power Generation,0,147
SHYAMCENT,SHYAM CENTURY FERROUS LIMITED,4245478.0,758224.0,3,30-06-2026,758224.0,3,4245478.0,5.6,0.0,0,0.42,4245478.0,0.0,0.0,758224.0,4245478.0,0.0,False,False,Net Buying,0.42,0.42,0.0,False,0.0,0.0,0.0,0.0,0.0,False,4.86,,,51.7,5.01,5.28,5.9,-13.2,13.2,24-06-2026,30-06-2026,5.375772127480555,5.859089648615457,5.599239802485809,6,108,102,0,0,0,0,0,0.0,0.0,0.0,0.0,0.0,0,0,0,0,0,0.0,0.0,0.0,0.0,0.0,0.0,0.0,0.0,0.0,0.0,0.0,0.0,0.0,0.0,No Net Flow,2,0,0.0,Stale,Stale Accumulation,5.599239802485809,-13.2,Late — Poor Entry,103.0,,-92.0,-2.42,44.0,-0.04,-7.4,0.01,False,-733.33,0.412,0.412,0.412,100.0,8,-8,5,-1,0,Avoid,18,10,5,-2,23,Avoid,0.408,0.412,0.358,0.692,100.0,0,Low,No pledge / market sell,Commodities,Metals & Mining,Ferrous Metals,Ferro & Silica Manganese,0,148
FIBERWEB,Fiberweb (India) Limited,2828784.0,99487.0,6,09-09-2026,99487.0,6,2828784.0,28.43,0.0,0,0.28,2828784.0,0.0,0.0,99487.0,2828784.0,0.0,False,False,Net Buying,0.28,0.28,0.0,False,0.0,0.0,0.0,0.0,0.0,False,25.63,,,46.33,27.06,32.99,-30.8,-9.8,9.8,21-05-2026,09-09-2026,29.1869,26.399685435671596,28.433704906168646,111,142,31,0,0,0,1,1,0.0,0.0,0.0,839246.0,839246.0,0,0,0,0,0,0.0,0.0,0.0,0.0,0.0,0.0,0.0,839246.0,0.0,839246.0,0.0,0.0,0.0,-100.0,No Net Flow,2,0,0.0,Aging,Mature Accumulation,28.433704906168646,-9.9,Mature — Wait for Pullback,,14.1,-38.0,1.73,-70.0,0.09,7.59,0.06,True,17.55,,,,100.0,2,1,0,0,0,Avoid,15,9,0,0,16,Avoid,0.0,0.0,0.0,0.0,100.0,0,Low,No pledge / market sell,Consumer Discretionary,Textiles,Textiles & Apparels,Other Textile Products,0,149
DIAMINESQ,DIAMINES & CHEMICALS LIMITED,2100275.0,8500.0,12,09-09-2026,8500.0,12,2100275.0,247.09,0.0,0,0.21,2100275.0,0.0,0.0,8500.0,2100275.0,0.0,False,False,Net Buying,0.21,0.21,0.0,False,0.0,0.0,0.0,0.0,0.0,False,235.01,369.0,208.01,54.64,245.33,249.36,-2.4,-4.9,4.9,08-09-2026,09-09-2026,244.67305236270752,250.63725490196077,247.09117647058824,1,32,31,0,0,0,12,12,0.0,0.0,0.0,2100275.0,2100275.0,0,0,0,0,0,0.0,0.0,0.0,0.0,0.0,0.0,0.0,2100275.0,0.0,2100275.0,0.0,0.0,0.0,-100.0,No Net Flow,6,0,0.0,Aging,Mature Accumulation,247.09117647058824,-4.9,Mature — Wait for Pullback,236.0,,-39.0,0.45,-356.0,0.27,-7.66,0.05,False,3.13,0.089,0.089,0.089,100.0,3,-10,0,-1,0,Avoid,16,3,0,-2,9,Avoid,0.089,0.089,0.085,0.155,100.0,0,Low,No pledge / market sell,Commodities,Chemicals,Chemicals & Petrochemicals,Specialty Chemicals,0,150
