Symbol,Company Name,Name of Person,CIN/DIN,Category of Person,Type of Instrument,Securities Held Prior (No.),Securities Held Prior (%),Securities Acquired/Disposed (No.),Securities Acquired/Disposed (Value),Transaction Type,Securities Held Post (No.),Securities Held Post (%),Date From,Date To,Mode of Acquisition/Disposal,Broadcast Date/Time,Details URL
NCLIND,NCL INDUSTRIES LIMITED,NCL HOLDINGS (A&S) LTD,U65920TG2018PLC121664,Promoter Group,Equity,490506,1.08%,28455,"4,936,558.00",Buy,518961,1.14%,16-09-2026,18-09-2026,Market Purchase,19-Sep-2026 16:49:40,https://nsearchives.nseindia.com/corporate/ixbrl/IT_2568_20260919_164940379_WEB.html
NCLIND,NCL INDUSTRIES LIMITED,Kakatiya Industries Pvt.Ltd,U24110TG1979PTC002501,Promoter Group,Equity,645371,1.42%,5888,"1,015,202.00",Buy,651259,1.44%,16-09-2026,18-09-2026,Market Purchase,19-Sep-2026 16:49:40,https://nsearchives.nseindia.com/corporate/ixbrl/IT_2568_20260919_164940379_WEB.html
HEXAGON,HEXAGON NUTRITION LIMITED,DR. NIKHIL KELKAR,02302369,Promoter and Director,Equity,21232468,17.27%,10000,"647,207.00",Buy,21242468,17.28%,16-09-2026,16-09-2026,Market Purchase,19-Sep-2026 15:13:09,https://nsearchives.nseindia.com/corporate/ixbrl/IT_20301_20260919_151308904_WEB.html
HEXAGON,HEXAGON NUTRITION LIMITED,DR. NIKHIL KELKAR,02302369,Promoter and Director,Equity,21242468,17.28%,5000,"325,785.00",Buy,21247468,17.29%,18-09-2026,18-09-2026,Market Purchase,19-Sep-2026 15:13:09,https://nsearchives.nseindia.com/corporate/ixbrl/IT_20301_20260919_151308904_WEB.html
HEXAGON,HEXAGON NUTRITION LIMITED,MS. ANURADHA KELKAR,,Promoter Group,Equity,9068059,7.37%,5000,"325,785.00",Buy,9073059,7.38%,16-09-2026,16-09-2026,Market Purchase,19-Sep-2026 15:13:09,https://nsearchives.nseindia.com/corporate/ixbrl/IT_20301_20260919_151308904_WEB.html
HEXAGON,HEXAGON NUTRITION LIMITED,MS. ANURADHA KELKAR,,Promoter Group,Equity,9073059,7.38%,5000,"325,962.00",Buy,9078059,7.38%,17-09-2026,17-09-2026,Market Purchase,19-Sep-2026 15:13:09,https://nsearchives.nseindia.com/corporate/ixbrl/IT_20301_20260919_151308904_WEB.html
HEXAGON,HEXAGON NUTRITION LIMITED,MR. VIKRAM KELKAR,02302364,Promoter and Director,Equity,25961344,21.12%,10000,"651,548.00",Buy,25971344,21.13%,17-09-2026,17-09-2026,Market Purchase,19-Sep-2026 15:13:09,https://nsearchives.nseindia.com/corporate/ixbrl/IT_20301_20260919_151308904_WEB.html
HEXAGON,HEXAGON NUTRITION LIMITED,Ms Preeti Vikram Kelkar,,Promoter Group,Equity,0,0.00%,5000,"324,834.00",Buy,5000,0.00%,17-09-2026,17-09-2026,Market Purchase,19-Sep-2026 15:13:09,https://nsearchives.nseindia.com/corporate/ixbrl/IT_20301_20260919_151308904_WEB.html
SRHHYPOLTD,Sree Rayalaseema Hi-Strength Hypo Limited,TGV IndustriesPrivate Limited,U28999AP2020PTC113982,Promoter Group,Equity,57933,0.34%,5000,"2,616,997.00",Buy,62933,0.37%,18-09-2026,18-09-2026,Market Purchase,18-Sep-2026 17:23:14,https://nsearchives.nseindia.com/corporate/ixbrl/IT_2588_20260918_172314343_WEB.html
AVONMORE,AVONMORE CAPITAL & MANAGEMENT SERVICES LIMITED,INNOVATIVE MONEY MATTERS PRIVATE LIMITED,U74899DL1994PTC057217,Promoter,Equity,95280243,33.76%,50000,"617,457.00",Buy,95330243,33.78%,17-09-2026,17-09-2026,Market Purchase,18-Sep-2026 13:21:38,https://nsearchives.nseindia.com/corporate/ixbrl/IT_20397_20260918_132138679_WEB.html
AEROENTER,AEROFLEX ENTERPRISES LIMITED,A Flex Invest Private Limited,U51100MH2012PTC227454,Promoter Group,Equity,8347500,7.38%,175700,"21,127,925.00",Buy,8523200,7.54%,17-09-2026,17-09-2026,Market Purchase,17-Sep-2026 19:41:25,https://nsearchives.nseindia.com/corporate/ixbrl/IT_21141_20260917_194125304_WEB.html
TRUALT,TRUALT BIOENERGY LIMITED,NIRANI HOLDINGS PRIVATE LIMITED,U65990KA2022PTC169124,Promoter Group,Equity,1607411,1.87%,50000,"21,232,000.00",Buy,1657411,1.93%,17-09-2026,17-09-2026,Market Purchase,17-Sep-2026 17:43:07,https://nsearchives.nseindia.com/corporate/ixbrl/IT_24291_20260917_174307808_WEB.html
VISAKAIND,Visaka Industries Limited,VIGILANCE SECURITY SERVICES PRIVATE LIMITED,U45100TG1989PTC010383,Promoter Group,Equity,4347754,5.03%,5000,"436,396.00",Buy,4352754,5.04%,16-09-2026,16-09-2026,Market Purchase,17-Sep-2026 12:14:56,https://nsearchives.nseindia.com/corporate/ixbrl/IT_1388_20260917_121456313_WEB.html
NCLIND,NCL INDUSTRIES LIMITED,NCL HOLDINGS (A&S) LTD,U65920TG2018PLC121664,Promoter Group,Equity,452372,1.00%,14794,"2,581,553.00",Buy,467166,1.03%,11-09-2026,11-09-2026,Market Purchase,17-Sep-2026 09:21:02,https://nsearchives.nseindia.com/corporate/ixbrl/IT_2568_20260917_092102620_WEB.html
NCLIND,NCL INDUSTRIES LIMITED,NCL HOLDINGS (A&S) LTD,U65920TG2018PLC121664,Promoter Group,Equity,467166,1.03%,23340,"4,036,420.00",Buy,490506,1.08%,15-09-2026,15-09-2026,Market Purchase,17-Sep-2026 09:21:02,https://nsearchives.nseindia.com/corporate/ixbrl/IT_2568_20260917_092102620_WEB.html
NAVA,NAVA LIMITED,AV Dwellings Private Limited,U45200TG2005PTC047891,Promoter Group,Equity,4935000,1.74%,15000,"8,279,691.00",Buy,4950000,1.75%,15-09-2026,15-09-2026,Market Purchase,16-Sep-2026 17:19:33,https://nsearchives.nseindia.com/corporate/ixbrl/IT_1264_20260916_171933853_WEB.html
SRHHYPOLTD,Sree Rayalaseema Hi-Strength Hypo Limited,TGV IndustriesPrivate Limited,U28999AP2020PTC113982,Promoter Group,Equity,42253,0.25%,8322,"4,293,289.00",Buy,50575,0.29%,15-09-2026,15-09-2026,Market Purchase,16-Sep-2026 11:34:54,https://nsearchives.nseindia.com/corporate/ixbrl/IT_2588_20260916_113454389_WEB.html
TRUALT,TRUALT BIOENERGY LIMITED,NIRANI HOLDINGS PRIVATE LIMITED,U65990KA2022PTC169124,Promoter Group,Equity,1439136,1.68%,98700,"40,550,895.00",Buy,1537836,1.79%,15-09-2026,15-09-2026,Market Purchase,15-Sep-2026 19:19:58,https://nsearchives.nseindia.com/corporate/ixbrl/IT_24291_20260915_191958634_WEB.html
SGIL,SYNERGY GREEN INDUSTRIES LIMITED,RISHABH SANAT SHIRGAOKAR,,Promoter Group,Equity,4950,0.03%,541,"322,003.00",Buy,5491,0.04%,11-09-2026,11-09-2026,Market Purchase,15-Sep-2026 10:36:42,https://nsearchives.nseindia.com/corporate/ixbrl/IT_19808_20260915_103642505_WEB.html
SIGIND,Signet Industries Limited,Mukesh Sangla,00189676,Promoter and Director,Equity,1412570,4.80%,5989,"1,484,985.00",Buy,1418559,4.82%,11-09-2026,11-09-2026,Market Purchase,14-Sep-2026 12:14:31,https://nsearchives.nseindia.com/corporate/ixbrl/IT_16593_20260914_121431232_WEB.html
STEL,STEL HOLDINGS LIMITED,LEBNITZE REAL ESTATES PVT LTD,U70109WB2012PTC174446,Promoter Group,Equity,554459,3.00%,1561,"938,665.00",Buy,556020,3.01%,11-09-2026,11-09-2026,Market Purchase,13-Sep-2026 23:19:14,https://nsearchives.nseindia.com/corporate/ixbrl/IT_4020_20260913_231914122_WEB.html
NAVA,NAVA LIMITED,AV Dwellings Private Limited,U45200TG2005PTC047891,Promoter Group,Equity,4925000,1.74%,10000,"5,544,297.00",Buy,4935000,1.74%,10-09-2026,11-09-2026,Market Purchase,12-Sep-2026 12:18:49,https://nsearchives.nseindia.com/corporate/ixbrl/IT_1264_20260912_121849025_WEB.html
JARO,JARO INSTITUTE OF TECHNOLOGY MANAGEMENT AND RESEARCH LIMITED,Sanjay Namdeo Salunkhe,,Promoter,Equity,12334184,55.38%,15638,"7,172,623.00",Buy,12349822,55.45%,10-09-2026,10-09-2026,Market Purchase,11-Sep-2026 15:19:08,https://nsearchives.nseindia.com/corporate/ixbrl/IT_24645_20260911_151907934_WEB.html
BLBLIMITED,BLB LIMITED,Brij Rattan Bagri,00007441,Promoter and Director,Equity,24657863,46.64%,90503,"1,462,528.00",Buy,24748366,46.81%,10-09-2026,10-09-2026,Market Purchase,11-Sep-2026 11:40:42,https://nsearchives.nseindia.com/corporate/ixbrl/IT_1893_20260911_114042490_WEB.html
AVONMORE,AVONMORE CAPITAL & MANAGEMENT SERVICES LIMITED,INNOVATIVE MONEY MATTERS PRIVATE LIMITED,U74899DL1994PTC057217,Promoter,Equity,94948365,33.64%,66659,"950,634.00",Buy,95015024,33.67%,10-09-2026,10-09-2026,Market Purchase,11-Sep-2026 10:14:24,https://nsearchives.nseindia.com/corporate/ixbrl/IT_20397_20260911_101424673_WEB.html
NCLIND,NCL INDUSTRIES LIMITED,Kalidindi Ravi,00720811,Promoter and Director,Equity,3263923,7.21%,2000,"354,500.00",Buy,3265923,7.22%,09-09-2026,09-09-2026,Market Purchase,10-Sep-2026 20:27:10,https://nsearchives.nseindia.com/corporate/ixbrl/IT_2568_20260910_202710436_WEB.html
NCLIND,NCL INDUSTRIES LIMITED,Kakatiya Industries Pvt.Ltd,U24110TG1979PTC002501,Promoter Group,Equity,642444,1.42%,2097,"370,032.00",Buy,644541,1.42%,08-09-2026,09-09-2026,Market Purchase,10-Sep-2026 20:27:10,https://nsearchives.nseindia.com/corporate/ixbrl/IT_2568_20260910_202710436_WEB.html
NCLIND,NCL INDUSTRIES LIMITED,VIKRAM CHEMICALS PRIVATE LIMITED,U24110TG1977PTC002202,Promoter Group,Equity,18444,0.04%,60,"10,560.00",Buy,18504,0.04%,08-09-2026,09-09-2026,Market Purchase,10-Sep-2026 20:27:10,https://nsearchives.nseindia.com/corporate/ixbrl/IT_2568_20260910_202710436_WEB.html
NCLIND,NCL INDUSTRIES LIMITED,NCL HOLDINGS (A&S) LTD,U65920TG2018PLC121664,Promoter Group,Equity,445872,0.99%,6500,"1,167,790.00",Buy,452372,1.00%,09-09-2026,09-09-2026,Market Purchase,10-Sep-2026 20:27:10,https://nsearchives.nseindia.com/corporate/ixbrl/IT_2568_20260910_202710436_WEB.html
SRHHYPOLTD,Sree Rayalaseema Hi-Strength Hypo Limited,TGV IndustriesPrivate Limited,U28999AP2020PTC113982,Promoter Group,Equity,33080,0.19%,5493,"2,869,345.00",Buy,38573,0.22%,10-09-2026,10-09-2026,Market Purchase,10-Sep-2026 16:50:52,https://nsearchives.nseindia.com/corporate/ixbrl/IT_2588_20260910_165052307_WEB.html
DIAMINESQ,DIAMINES & CHEMICALS LIMITED,Amit M Mehta,00073907,Promoter and Director,Equity,1371474,13.64%,783,"191,579.00",Buy,1372257,13.65%,08-09-2026,08-09-2026,Market Purchase,10-Sep-2026 15:35:09,https://nsearchives.nseindia.com/corporate/ixbrl/IT_22360_20260910_153509598_WEB.html
DIAMINESQ,DIAMINES & CHEMICALS LIMITED,Cherry A Mehta,,Promoter,Equity,1161106,11.55%,1763,"431,925.00",Buy,1162869,11.56%,08-09-2026,08-09-2026,Market Purchase,10-Sep-2026 15:35:09,https://nsearchives.nseindia.com/corporate/ixbrl/IT_22360_20260910_153509598_WEB.html
DIAMINESQ,DIAMINES & CHEMICALS LIMITED,Mohak A Mehta,,Promoter,Equity,554376,5.51%,979,"239,220.00",Buy,555355,5.52%,08-09-2026,08-09-2026,Market Purchase,10-Sep-2026 15:35:09,https://nsearchives.nseindia.com/corporate/ixbrl/IT_22360_20260910_153509598_WEB.html
DIAMINESQ,DIAMINES & CHEMICALS LIMITED,Harsh A Mehta,,Promoter,Equity,563034,5.60%,746,"182,460.00",Buy,563780,5.61%,08-09-2026,08-09-2026,Market Purchase,10-Sep-2026 15:35:09,https://nsearchives.nseindia.com/corporate/ixbrl/IT_22360_20260910_153509598_WEB.html
DIAMINESQ,DIAMINES & CHEMICALS LIMITED,Perfo Chem (India) Pvt. Ltd,,Promoter Group,Equity,987195,9.82%,848,"207,610.00",Buy,988043,9.83%,08-09-2026,08-09-2026,Market Purchase,10-Sep-2026 15:35:09,https://nsearchives.nseindia.com/corporate/ixbrl/IT_22360_20260910_153509598_WEB.html
DIAMINESQ,DIAMINES & CHEMICALS LIMITED,S Amit Speciality Chemicals Pvt. Ltd.,,Promoter Group,Equity,513714,5.11%,670,"164,150.00",Buy,514384,5.12%,08-09-2026,08-09-2026,Market Purchase,10-Sep-2026 15:35:09,https://nsearchives.nseindia.com/corporate/ixbrl/IT_22360_20260910_153509598_WEB.html
TAINWALCHM,TAINWALA CHEMICALS AND PLASTICS (INDIA) LIMITED,PERIWINKLE FASHIONS PRIVATE LIMITED,U74994MH2004PTC144846,Promoter Group,Equity,48793,0.52%,2349,"502,360.00",Buy,51142,0.54%,08-09-2026,09-09-2026,Market Purchase,10-Sep-2026 14:04:40,https://nsearchives.nseindia.com/corporate/ixbrl/IT_481_20260910_140440149_WEB.html
AVONMORE,AVONMORE CAPITAL & MANAGEMENT SERVICES LIMITED,INNOVATIVE MONEY MATTERS PRIVATE LIMITED,U74899DL1994PTC057217,Promoter,Equity,94911473,33.63%,36892,"515,927.00",Buy,94948365,33.64%,09-09-2026,09-09-2026,Market Purchase,10-Sep-2026 11:37:38,https://nsearchives.nseindia.com/corporate/ixbrl/IT_20397_20260910_113738458_WEB.html
CONFIPET,CONFIDENCE PETROLEUM INDIA LIMITED,CONFIDENCE LPG BOTTLING PRIVATE LIMITED,,Promoter Group,Equity,19645808,5.91%,2822258,"235,214,695.00",Buy,22468066,6.76%,07-09-2026,09-09-2026,Market Purchase,10-Sep-2026 11:04:37,https://nsearchives.nseindia.com/corporate/ixbrl/IT_17510_20260910_110437258_WEB.html
JSL,JINDAL STAINLESS LIMITED,JSL OVERSEAS HOLDING LIMITED,,Promoter Group,Equity,141181572,17.12%,641817,"474,522,751.00",Buy,141823389,17.20%,03-09-2026,04-09-2026,Market Purchase,09-Sep-2026 18:18:35,https://nsearchives.nseindia.com/corporate/ixbrl/IT_2156_20260909_181835266_WEB.html
VISAKAIND,Visaka Industries Limited,VIGILANCE SECURITY SERVICES PRIVATE LIMITED,U45100TG1989PTC010383,Promoter Group,Equity,4304169,4.98%,2085,"194,989.00",Buy,4306254,4.98%,08-09-2026,08-09-2026,Market Purchase,09-Sep-2026 16:41:11,https://nsearchives.nseindia.com/corporate/ixbrl/IT_1388_20260909_164111403_WEB.html
WSI,W S Industries (I) Limited,Mamatha P,,Promoter Group,Equity,1056996,1.39%,7291,"441,075.00",Buy,1064287,1.40%,07-09-2026,08-09-2026,Market Purchase,09-Sep-2026 12:53:30,https://nsearchives.nseindia.com/corporate/ixbrl/IT_587_20260909_125330513_WEB.html
NCLIND,NCL INDUSTRIES LIMITED,Kakatiya Industries Pvt.Ltd,U24110TG1979PTC002501,Promoter Group,Equity,641417,1.41%,1027,"181,255.00",Buy,642444,1.41%,07-09-2026,07-09-2026,Market Purchase,08-Sep-2026 20:40:00,https://nsearchives.nseindia.com/corporate/ixbrl/IT_2568_20260908_204000487_WEB.html
PKTEA,THE PERIA KARAMALAI TEA & PRODUCE COMPANY LIMITED,KIRAN VYAPAR LIMITED,L51909WB1995PLC071730,Promoter Group,Equity,492678,15.91%,6547,"5,174,686.00",Buy,499225,16.13%,21-08-2026,04-09-2026,Market Purchase,08-Sep-2026 16:56:12,https://nsearchives.nseindia.com/corporate/ixbrl/IT_12988_20260908_165612670_WEB.html
SIGIND,Signet Industries Limited,Mukesh Sangla,00189676,Promoter and Director,Equity,1328634,4.51%,28511,"2,026,713.00",Buy,1357145,4.61%,07-09-2026,07-09-2026,Market Purchase,08-Sep-2026 15:52:45,https://nsearchives.nseindia.com/corporate/ixbrl/IT_16593_20260908_155245428_WEB.html
IRB,IRB INFRASTRUCTURE DEVELOPERS LIMITED,IRB Holding Private Limited,U45100MH2005PTC155334,Promoter Group,Equity,3647808700,30.20%,12891600,"255,556,726.00",Buy,3660700300,30.31%,03-09-2026,03-09-2026,Market Purchase,07-Sep-2026 18:14:40,https://nsearchives.nseindia.com/corporate/ixbrl/IT_2724_20260907_181440136_WEB.html
CSLFINANCE,CSL Finance Limited,Rohit Gupta HUF,,Promoter,Equity,434686,1.90%,5000,"1,200,000.00",Buy,439686,1.92%,01-09-2026,01-09-2026,Market Purchase,07-Sep-2026 12:11:56,https://nsearchives.nseindia.com/corporate/ixbrl/IT_20784_20260907_121156668_WEB.html
CSLFINANCE,CSL Finance Limited,Rohit Gupta HUF,,Promoter,Equity,439686,1.92%,5000,"1,200,000.00",Buy,444686,1.95%,01-09-2026,01-09-2026,Market Purchase,07-Sep-2026 12:11:56,https://nsearchives.nseindia.com/corporate/ixbrl/IT_20784_20260907_121156668_WEB.html
TTL,T T LIMITED,T. T. BRANDS LIMITED,,Promoter Group,Equity,89993057,34.83%,32005,"219,801.00",Buy,90025062,34.85%,04-09-2026,04-09-2026,Market Purchase,05-Sep-2026 16:41:34,https://nsearchives.nseindia.com/corporate/ixbrl/IT_2534_20260905_164134530_WEB.html
EXCELSOFT,Excelsoft Technologies Limited,Mysore Sudhindratheertha Adarsh,,Promoter Group,Equity,945000,0.82%,10000,"714,500.00",Buy,955000,0.83%,04-09-2026,04-09-2026,Market Purchase,04-Sep-2026 19:20:32,https://nsearchives.nseindia.com/corporate/ixbrl/IT_25530_20260904_192032111_WEB.html
NCLIND,NCL INDUSTRIES LIMITED,VIKRAM CHEMICALS PRIVATE LIMITED,U24110TG1977PTC002202,Promoter Group,Equity,17611,0.04%,833,"144,109.00",Buy,18444,0.04%,02-09-2026,02-09-2026,Market Purchase,04-Sep-2026 16:37:26,https://nsearchives.nseindia.com/corporate/ixbrl/IT_2568_20260904_163726559_WEB.html
SINCLAIR,SINCLAIRS HOTELS LIMITED,NAVIN CHAND SUCHANTI,00273663,Promoter,Equity,3727014,7.26%,17860,"1,505,524.00",Buy,3744874,7.30%,02-09-2026,03-09-2026,Market Purchase,04-Sep-2026 15:12:10,https://nsearchives.nseindia.com/corporate/ixbrl/IT_22933_20260904_151210358_WEB.html
AVONMORE,AVONMORE CAPITAL & MANAGEMENT SERVICES LIMITED,INNOVATIVE MONEY MATTERS PRIVATE LIMITED,U74899DL1994PTC057217,Promoter,Equity,94694785,33.55%,55000,"719,000.00",Buy,94749785,33.57%,03-09-2026,03-09-2026,Market Purchase,04-Sep-2026 10:35:26,https://nsearchives.nseindia.com/corporate/ixbrl/IT_20397_20260904_103526497_WEB.html
BLBLIMITED,BLB LIMITED,Brij Rattan Bagri,00007441,Promoter and Director,Equity,24581965,46.50%,23035,"370,172.00",Buy,24605000,46.54%,02-09-2026,02-09-2026,Market Purchase,03-Sep-2026 16:32:13,https://nsearchives.nseindia.com/corporate/ixbrl/IT_1893_20260903_163213893_WEB.html
ASTERDM,Aster DM Quality Care Limited,Union (Mauritius) Holdings Limited,,Promoter Group,Equity,19980522,2.29%,91174,"68,577,326.00",Buy,20071696,2.30%,31-08-2026,31-08-2026,Market Purchase,02-Sep-2026 20:28:54,https://nsearchives.nseindia.com/corporate/ixbrl/IT_15805_20260902_202854340_WEB.html
ASTERDM,Aster DM Quality Care Limited,Union (Mauritius) Holdings Limited,,Promoter Group,Equity,20071696,2.30%,295823,"223,758,239.00",Buy,20367519,2.34%,01-09-2026,01-09-2026,Market Purchase,02-Sep-2026 20:28:54,https://nsearchives.nseindia.com/corporate/ixbrl/IT_15805_20260902_202854340_WEB.html
ASTERDM,Aster DM Quality Care Limited,Union (Mauritius) Holdings Limited,,Promoter Group,Equity,20367519,2.34%,4609800,"3,503,448,000.00",Buy,24977319,2.87%,02-09-2026,02-09-2026,Market Purchase,02-Sep-2026 20:28:54,https://nsearchives.nseindia.com/corporate/ixbrl/IT_15805_20260902_202854340_WEB.html
GOKUL,GOKUL REFOILS AND SOLVENT LIMITED,Bhikhiben Balvantsinh Rajput,01054941,Promoter,Equity,22955607,23.19%,25000,"1,040,110.00",Buy,22980607,23.21%,01-09-2026,01-09-2026,Market Purchase,02-Sep-2026 16:59:41,https://nsearchives.nseindia.com/corporate/ixbrl/IT_2754_20260902_165941294_WEB.html
GOKUL,GOKUL REFOILS AND SOLVENT LIMITED,Bhikhiben Balvantsinh Rajput,01054941,Promoter,Equity,22980607,23.19%,77000,"3,214,871.00",Buy,23057607,23.29%,01-09-2026,01-09-2026,Market Purchase,02-Sep-2026 16:59:41,https://nsearchives.nseindia.com/corporate/ixbrl/IT_2754_20260902_165941294_WEB.html
AVONMORE,AVONMORE CAPITAL & MANAGEMENT SERVICES LIMITED,INNOVATIVE MONEY MATTERS PRIVATE LIMITED,U74899DL1994PTC057217,Promoter,Equity,94684785,33.55%,10000,"133,250.00",Buy,94694785,33.55%,01-09-2026,01-09-2026,Market Purchase,02-Sep-2026 10:59:14,https://nsearchives.nseindia.com/corporate/ixbrl/IT_20397_20260902_105914420_WEB.html
ALEMBICLTD,Alembic Limited,Nirayu  Private Limited,U28100GJ1971PTC098778,Promoter Group,Equity,162614283,63.33%,216969,"21,475,422.00",Buy,162831252,63.41%,31-08-2026,01-09-2026,Market Purchase,01-Sep-2026 19:19:49,https://nsearchives.nseindia.com/corporate/ixbrl/IT_1817_20260901_191949048_WEB.html
SRHHYPOLTD,Sree Rayalaseema Hi-Strength Hypo Limited,TGV Industries Private Limited,U28999AP2020PTC113982,Promoter Group,Equity,19859,0.12%,2000,"993,490.00",Buy,21859,0.13%,01-09-2026,01-09-2026,Market Purchase,01-Sep-2026 18:29:34,https://nsearchives.nseindia.com/corporate/ixbrl/IT_2588_20260901_182934590_WEB.html
WSI,W S Industries (I) Limited,S. Aravindan,,Promoter,Equity,4671256,6.15%,1885,"114,991.00",Buy,4673141,6.16%,28-08-2026,28-08-2026,Market Purchase,01-Sep-2026 16:51:13,https://nsearchives.nseindia.com/corporate/ixbrl/IT_587_20260901_165113681_WEB.html
WSI,W S Industries (I) Limited,Mamatha P,,Promoter Group,Equity,1040187,1.37%,8067,"495,567.00",Buy,1048254,1.38%,28-08-2026,31-08-2026,Market Purchase,01-Sep-2026 16:51:13,https://nsearchives.nseindia.com/corporate/ixbrl/IT_587_20260901_165113681_WEB.html
LIBAS,Libas Consumer Products Limited,Riyaz Ganji,02236203,Promoter and Director,Equity,4533832,17.21%,58722,"644,635.00",Buy,4592554,17.43%,31-08-2026,31-08-2026,Market Purchase,01-Sep-2026 11:32:20,https://nsearchives.nseindia.com/corporate/ixbrl/IT_14456_20260901_113220489_WEB.html
ALMONDZ,ALMONDZ GLOBAL SECURITIES LIMITED,INNOVATIVE MONEY MATTERS PRIVATE LIMITED,U74899DL1994PTC057217,Promoter,Equity,200000,0.10%,137858,"2,404,057.00",Buy,337858,0.17%,31-08-2026,31-08-2026,Market Purchase,01-Sep-2026 09:40:10,https://nsearchives.nseindia.com/corporate/ixbrl/IT_2757_20260901_094010637_WEB.html
FOCUS,Focus Lighting And Fixtures Limited,Amit Vinod Sheth,01468052,Promoter,Equity,34428304,51.04%,80165,"5,331,774.00",Buy,34508469,51.16%,25-08-2026,27-08-2026,Market Purchase,31-Aug-2026 17:36:19,https://nsearchives.nseindia.com/corporate/ixbrl/IT_14891_20260831_173619171_WEB.html
GREENPANEL,Greenpanel Industries Limited,Shobhan Mittal,00347517,Promoter and Director,Equity,16823899,13.72%,61500,"9,904,150.00",Buy,16885399,13.77%,27-08-2026,28-08-2026,Market Purchase,31-Aug-2026 17:10:38,https://nsearchives.nseindia.com/corporate/ixbrl/IT_17613_20260831_171038477_WEB.html
ASHAPURMIN,ASHAPURA MINECHEM LIMITED,CHETAN NAVNITLAL SHAH,00018960,Promoter,Equity,6652767,6.96%,25000,"14,592,790.00",Buy,6677767,6.99%,27-08-2026,27-08-2026,Market Purchase,31-Aug-2026 16:10:02,https://nsearchives.nseindia.com/corporate/ixbrl/IT_1262_20260831_161002703_WEB.html
AVONMORE,AVONMORE CAPITAL & MANAGEMENT SERVICES LIMITED,INNOVATIVE MONEY MATTERS PRIVATE LIMITED,U74899DL1994PTC057217,Promoter,Equity,94604785,33.52%,20000,"278,200.00",Buy,94624785,33.53%,28-08-2026,28-08-2026,Market Purchase,31-Aug-2026 12:42:46,https://nsearchives.nseindia.com/corporate/ixbrl/IT_20397_20260831_124246541_WEB.html
SIGIND,Signet Industries Limited,Mukesh Sangla,00189676,Promoter and Director,Equity,1280027,4.34%,15961,"1,130,760.00",Buy,1295988,4.40%,27-08-2026,27-08-2026,Market Purchase,29-Aug-2026 15:06:50,https://nsearchives.nseindia.com/corporate/ixbrl/IT_16593_20260829_150650400_WEB.html
GANESHCP,GANESH CONSUMER PRODUCTS LIMITED,Manish Mimani,00824942,Promoter and Director,Equity,2691757,6.66%,30200,"4,991,046.00",Buy,2721957,6.74%,25-08-2026,25-08-2026,Market Purchase,28-Aug-2026 11:24:00,https://nsearchives.nseindia.com/corporate/ixbrl/IT_25074_20260828_112400421_WEB.html
TTL,T T LIMITED,T. T. BRANDS LIMITED,,Promoter Group,Equity,89412200,34.61%,166620,"1,097,839.00",Buy,89578820,34.67%,26-08-2026,27-08-2026,Market Purchase,27-Aug-2026 18:36:36,https://nsearchives.nseindia.com/corporate/ixbrl/IT_2534_20260827_183636348_WEB.html
AVONMORE,AVONMORE CAPITAL & MANAGEMENT SERVICES LIMITED,INNOVATIVE MONEY MATTERS PRIVATE LIMITED,U74899DL1994PTC057217,Promoter,Equity,94495078,33.48%,89000,"1,240,525.00",Buy,94584078,33.51%,26-08-2026,26-08-2026,Market Purchase,27-Aug-2026 11:19:19,https://nsearchives.nseindia.com/corporate/ixbrl/IT_20397_20260827_111919080_WEB.html
BHAGERIA,Bhageria Industries Limited,Aditya Bhageria,,Promoter Group,Equity,185761,0.42%,10000,"2,228,700.00",Buy,195761,0.45%,26-08-2026,26-08-2026,Market Purchase,26-Aug-2026 15:35:44,https://nsearchives.nseindia.com/corporate/ixbrl/IT_13498_20260826_153544422_WEB.html
AVONMORE,AVONMORE CAPITAL & MANAGEMENT SERVICES LIMITED,INNOVATIVE MONEY MATTERS PRIVATE LIMITED,U74899DL1994PTC057217,Promoter,Equity,94460078,33.47%,35000,"470,500.00",Buy,94495078,33.48%,25-08-2026,25-08-2026,Market Purchase,26-Aug-2026 10:35:22,https://nsearchives.nseindia.com/corporate/ixbrl/IT_20397_20260826_103522339_WEB.html
BHAGERIA,Bhageria Industries Limited,Aditya Bhageria,,Promoter Group,Equity,174109,0.40%,11652,"2,601,998.00",Buy,185761,0.42%,25-08-2026,25-08-2026,Market Purchase,25-Aug-2026 16:55:12,https://nsearchives.nseindia.com/corporate/ixbrl/IT_13498_20260825_165512735_WEB.html
GOKUL,GOKUL REFOILS AND SOLVENT LIMITED,Bhikhiben Balvantsinh Rajput,01054941,Promoter,Equity,22788750,23.02%,27257,"1,151,863.00",Buy,22816007,23.05%,21-08-2026,21-08-2026,Market Purchase,25-Aug-2026 12:49:10,https://nsearchives.nseindia.com/corporate/ixbrl/IT_2754_20260825_124910470_WEB.html
GOKUL,GOKUL REFOILS AND SOLVENT LIMITED,Bhikhiben Balvantsinh Rajput,01054941,Promoter,Equity,22816007,23.05%,55243,"2,329,970.00",Buy,22871250,23.10%,21-08-2026,21-08-2026,Market Purchase,25-Aug-2026 12:49:10,https://nsearchives.nseindia.com/corporate/ixbrl/IT_2754_20260825_124910470_WEB.html
AVONMORE,AVONMORE CAPITAL & MANAGEMENT SERVICES LIMITED,INNOVATIVE MONEY MATTERS PRIVATE LIMITED,U74899DL1994PTC057217,Promoter,Equity,94394731,33.45%,65347,"886,448.00",Buy,94460078,33.47%,24-08-2026,24-08-2026,Market Purchase,25-Aug-2026 11:57:24,https://nsearchives.nseindia.com/corporate/ixbrl/IT_20397_20260825_115724415_WEB.html
SIGIND,Signet Industries Limited,Mukesh Sangla,00189676,Promoter and Director,Equity,1236782,4.20%,30350,"2,222,216.00",Buy,1267132,4.30%,20-08-2026,20-08-2026,Market Purchase,24-Aug-2026 21:54:30,https://nsearchives.nseindia.com/corporate/ixbrl/IT_16593_20260824_215430244_WEB.html
CONFIPET,CONFIDENCE PETROLEUM INDIA LIMITED,CONFIDENCE LPG BOTTLING PRIVATE LIMITED,,Promoter Group,Equity,16453989,4.95%,2772372,"202,734,295.00",Buy,19226361,5.79%,19-08-2026,21-08-2026,Market Purchase,24-Aug-2026 19:41:35,https://nsearchives.nseindia.com/corporate/ixbrl/IT_17510_20260824_194135252_WEB.html
NCLIND,NCL INDUSTRIES LIMITED,NCL HOLDINGS (A&S) LTD,U65920TG2018PLC121664,Promoter Group,Equity,394583,0.87%,6955,"1,201,963.00",Buy,401538,0.89%,21-08-2026,21-08-2026,Market Purchase,24-Aug-2026 19:29:58,https://nsearchives.nseindia.com/corporate/ixbrl/IT_2568_20260824_192958578_WEB.html
BHAGERIA,Bhageria Industries Limited,Aditya Bhageria,,Promoter Group,Equity,169109,0.39%,5000,"1,108,600.00",Buy,174109,0.40%,24-08-2026,24-08-2026,Market Purchase,24-Aug-2026 14:59:24,https://nsearchives.nseindia.com/corporate/ixbrl/IT_13498_20260824_145924397_WEB.html
BHAGERIA,Bhageria Industries Limited,Aditya Bhageria,,Promoter Group,Equity,164109,0.36%,5000,"1,035,000.00",Buy,169109,0.39%,21-08-2026,21-08-2026,Market Purchase,21-Aug-2026 17:19:08,https://nsearchives.nseindia.com/corporate/ixbrl/IT_13498_20260821_171908530_WEB.html
PARADEEP,PARADEEP PHOSPHATES LIMITED,ZUARI MAROC PHOSPHATES PRIVATE LIMITED,U46692OR2002PTC017414,Promoter,Equity,522971970,50.36%,100000,"15,060,000.00",Buy,523071970,50.36%,19-08-2026,19-08-2026,Market Purchase,21-Aug-2026 10:23:18,https://nsearchives.nseindia.com/corporate/ixbrl/IT_19922_20260821_102318702_WEB.html
TIGERLOGS,Tiger Logistics (India) Limited,Brahma Suppliers Private Limited,U51909DL2004PTC359860,Promoter Group,Equity,35179000,33.27%,25000,"728,000.00",Buy,35204000,33.30%,19-08-2026,19-08-2026,Market Purchase,20-Aug-2026 20:20:08,https://nsearchives.nseindia.com/corporate/ixbrl/IT_26474_20260820_202008480_WEB.html
TIGERLOGS,Tiger Logistics (India) Limited,Brahma Suppliers Private Limited,U51909DL2004PTC359860,Promoter Group,Equity,35204000,33.30%,25000,"731,000.00",Buy,35229000,33.32%,20-08-2026,20-08-2026,Market Purchase,20-Aug-2026 20:20:08,https://nsearchives.nseindia.com/corporate/ixbrl/IT_26474_20260820_202008480_WEB.html
JAYSREETEA,JAY SHREE TEA & INDUSTRIES LTD,MRS.JAYASHREE MOHTA,01034912,Promoter and Director,Equity,2369255,8.20%,227,"20,030.00",Buy,2369482,8.21%,18-08-2026,18-08-2026,Market Purchase,20-Aug-2026 17:11:16,https://nsearchives.nseindia.com/corporate/ixbrl/IT_1139_20260820_171116333_WEB.html
SIGIND,Signet Industries Limited,Mukesh Sangla,00189676,Promoter and Director,Equity,1204595,4.09%,32187,"2,241,595.00",Buy,1236782,4.20%,19-08-2026,19-08-2026,Market Purchase,20-Aug-2026 16:08:19,https://nsearchives.nseindia.com/corporate/ixbrl/IT_16593_20260820_160818957_WEB.html
ALEMBICLTD,Alembic Limited,Nirayu  Private Limited,U28100GJ1971PTC098778,Promoter Group,Equity,162369428,63.23%,115719,"10,337,171.00",Buy,162485147,63.28%,18-08-2026,19-08-2026,Market Purchase,19-Aug-2026 19:40:50,https://nsearchives.nseindia.com/corporate/ixbrl/IT_1817_20260819_194050349_WEB.html
TAINWALCHM,TAINWALA CHEMICALS AND PLASTICS (INDIA) LIMITED,PERIWINKLE FASHIONS PRIVATE LIMITED,U74994MH2004PTC144846,Promoter Group,Equity,33844,0.36%,9473,"1,967,586.00",Buy,43317,0.46%,10-08-2026,18-08-2026,Market Purchase,19-Aug-2026 16:42:48,https://nsearchives.nseindia.com/corporate/ixbrl/IT_481_20260819_164248373_WEB.html
OBCL,OBCL LIMITED,OBCL INFRASTRUCTURE PRIVATE LIMITED,U45201CT2007PTC020300,Promoter Group,Equity,2234761,10.59%,19181,"1,035,518.00",Buy,2253942,10.69%,14-08-2026,18-08-2026,Market Purchase,19-Aug-2026 09:56:56,https://nsearchives.nseindia.com/corporate/ixbrl/IT_20443_20260819_095656608_WEB.html
VSTL,VIBHOR STEEL TUBES LIMITED,VIJAY KUMAR KAUSHIK,02249672,Promoter and Director,Equity,4170400,21.99%,5000,"534,796.00",Buy,4175400,22.02%,14-08-2026,17-08-2026,Market Purchase,18-Aug-2026 10:51:14,https://nsearchives.nseindia.com/corporate/ixbrl/IT_22607_20260818_105114099_WEB.html
ALEMBICLTD,Alembic Limited,Nirayu  Private Limited,U28100GJ1971PTC098778,Promoter Group,Equity,161915052,63.06%,454376,"39,869,975.00",Buy,162369428,63.23%,14-08-2026,17-08-2026,Market Purchase,17-Aug-2026 19:34:08,https://nsearchives.nseindia.com/corporate/ixbrl/IT_1817_20260817_193408112_WEB.html
SUMEETINDS,SUMEET INDUSTRIES LIMITED,Eagle  Fibres Limited,U17119GJ1990PLC014285,Promoter Group,Equity,25000000,3.60%,3700000,"54,834,000.00",Buy,28700000,4.13%,12-08-2026,12-08-2026,Market Purchase,13-Aug-2026 11:56:24,https://nsearchives.nseindia.com/corporate/ixbrl/IT_3809_20260813_115624406_WEB.html
SUMEETINDS,SUMEET INDUSTRIES LIMITED,JPB FIBRES,,Promoter Group,Equity,38050000,5.48%,3700000,"54,834,000.00",Buy,41750000,6.00%,12-08-2026,12-08-2026,Market Purchase,13-Aug-2026 11:56:24,https://nsearchives.nseindia.com/corporate/ixbrl/IT_3809_20260813_115624406_WEB.html
SUMEETINDS,SUMEET INDUSTRIES LIMITED,ROHAN D MODH,10595328,Promoter Group,Equity,100000000,14.39%,3950000,"58,539,000.00",Buy,103950000,14.96%,12-08-2026,12-08-2026,Market Purchase,13-Aug-2026 11:56:24,https://nsearchives.nseindia.com/corporate/ixbrl/IT_3809_20260813_115624406_WEB.html
SUMEETINDS,SUMEET INDUSTRIES LIMITED,SUPREME( INDIA ) IMPEX LIMITED,L51100GJ1995PLC026968,Promoter Group,Equity,9250000,1.33%,3550000,"52,611,000.00",Buy,12800000,1.84%,12-08-2026,12-08-2026,Market Purchase,13-Aug-2026 11:56:24,https://nsearchives.nseindia.com/corporate/ixbrl/IT_3809_20260813_115624406_WEB.html
TRUALT,TRUALT BIOENERGY LIMITED,NIRANI HOLDINGS PRIVATE LIMITED,U65990KA2022PTC169124,Promoter Group,Equity,1245430,1.45%,91705,"43,664,418.00",Buy,1337135,1.56%,07-08-2026,07-08-2026,Market Purchase,07-Aug-2026 20:34:49,https://nsearchives.nseindia.com/corporate/ixbrl/IT_24291_20260807_203449321_WEB.html
DBOL,Dhampur Bio Organics Limited,Sonitron Limited,U65921DL1977PLC376331,Promoter Group,Equity,11480499,17.29%,25000,"2,815,225.00",Buy,11505499,17.33%,05-08-2026,05-08-2026,Market Purchase,07-Aug-2026 19:08:39,https://nsearchives.nseindia.com/corporate/ixbrl/IT_20812_20260807_190839670_WEB.html
DBOL,Dhampur Bio Organics Limited,Sonitron Limited,U65921DL1977PLC376331,Promoter Group,Equity,11505499,17.33%,15000,"1,664,845.00",Buy,11520499,17.35%,06-08-2026,06-08-2026,Market Purchase,07-Aug-2026 19:08:39,https://nsearchives.nseindia.com/corporate/ixbrl/IT_20812_20260807_190839670_WEB.html
KCP,KCP LIMITED,VRK GRANDSONS INVESTMENT LTD,U65993TN1997PTC037281,Promoter Group,Equity,4415000,3.42%,12009,"1,686,890.00",Buy,4427009,3.43%,29-06-2026,30-06-2026,Market Purchase,07-Aug-2026 09:55:16,https://nsearchives.nseindia.com/corporate/ixbrl/IT_176_20260807_095516290_WEB.html
OBCL,OBCL LIMITED,OBCL INFRASTRUCTURE PRIVATE LIMITED,U45201CT2007PTC020300,Promoter Group,Equity,2000000,9.49%,232,"12,412.00",Buy,2000232,9.49%,03-08-2026,05-08-2026,Market Purchase,06-Aug-2026 17:19:48,https://nsearchives.nseindia.com/corporate/ixbrl/IT_20443_20260806_171948390_WEB.html
OBCL,OBCL LIMITED,OBCL INFRASTRUCTURE PRIVATE LIMITED,U45201CT2007PTC020300,Promoter Group,Equity,2000232,9.49%,66849,"3,546,892.00",Buy,2067081,9.80%,03-08-2026,05-08-2026,Market Purchase,06-Aug-2026 17:19:48,https://nsearchives.nseindia.com/corporate/ixbrl/IT_20443_20260806_171948390_WEB.html
INDOWIND,INDOWIND ENERGY LIMITED,INDUS CAPITAL PRIVATE LIMITED,U67190MH2010PTC209634,Promoter Group,Equity,14494530,9.00%,2278711,"21,182,897.00",Buy,16773241,10.46%,30-06-2026,30-06-2026,Market Purchase,06-Jul-2026 14:28:34,https://nsearchives.nseindia.com/corporate/ixbrl/IT_2653_20260706_142834555_WEB.html
INDOWIND,INDOWIND ENERGY LIMITED,INDUS CAPITAL PRIVATE LIMITED,U67190MH2010PTC209635,Promoter Group,Equity,14494530,9.00%,71318,"663,207.00",Buy,14565848,10.46%,30-06-2026,30-06-2026,Market Purchase,06-Jul-2026 14:28:34,https://nsearchives.nseindia.com/corporate/ixbrl/IT_2653_20260706_142834555_WEB.html
SENCO,SENCO GOLD LIMITED,Jai Hanuman Shri Siddhivinayak Trust (Trustee- Mr. Suvankar Sen & Mrs. Joita Sen),,Promoter,Equity,67973586,41.49%,8920,"2,987,130.00",Buy,67982506,41.49%,30-06-2026,30-06-2026,Market Purchase,03-Jul-2026 19:48:34,https://nsearchives.nseindia.com/corporate/ixbrl/IT_20714_20260703_194833980_WEB.html
SHYAMCENT,SHYAM CENTURY FERROUS LIMITED,Sumangal International Private Limited,,Promoter Group,Equity,7295814,3.44%,328159,"1,922,713.00",Buy,7623973,3.59%,29-06-2026,30-06-2026,Market Purchase,03-Jul-2026 11:50:26,https://nsearchives.nseindia.com/corporate/ixbrl/IT_12915_20260703_115026510_WEB.html
SANDUMA,SANDUR MANGANESE & IRON ORES LIMITED,Skand Private Limited,U68100KA1974PTC002491,Promoter,Equity,254561910,52.37%,226218,"46,970,458.00",Buy,254788128,52.41%,29-06-2026,29-06-2026,Market Purchase,02-Jul-2026 10:26:22,https://nsearchives.nseindia.com/corporate/ixbrl/IT_22157_20260702_102622824_WEB.html
NCLIND,NCL INDUSTRIES LIMITED,Kalidindi Ravi,00720811,Promoter and Director,Equity,3164703,7.00%,6189,"1,194,381.00",Buy,3170892,7.01%,29-06-2026,30-06-2026,Market Purchase,01-Jul-2026 20:21:52,https://nsearchives.nseindia.com/corporate/ixbrl/IT_2568_20260701_202152620_WEB.html
NCLIND,NCL INDUSTRIES LIMITED,Kakatiya Industries Pvt.Ltd,U24110TG1979PTC002501,Promoter Group,Equity,622233,1.38%,4270,"826,750.00",Buy,626503,1.39%,29-06-2026,30-06-2026,Market Purchase,01-Jul-2026 20:21:52,https://nsearchives.nseindia.com/corporate/ixbrl/IT_2568_20260701_202152620_WEB.html
NCLIND,NCL INDUSTRIES LIMITED,VIKRAM CHEMICALS PRIVATE LIMITED,U24110TG1977PTC002202,Promoter Group,Equity,4700,0.01%,8911,"1,724,554.00",Buy,13611,0.03%,29-06-2026,30-06-2026,Market Purchase,01-Jul-2026 20:21:52,https://nsearchives.nseindia.com/corporate/ixbrl/IT_2568_20260701_202152620_WEB.html
NPST,NETWORK PEOPLE SERVICES TECHNOLOGIES LIMITED,DEEPAK CHAND THAKUR,06713945,Promoter and Director,Equity,3789487,18.16%,1246,"1,583.00",Buy,3790733,18.17%,25-06-2026,25-06-2026,Market Purchase,01-Jul-2026 17:34:08,https://nsearchives.nseindia.com/corporate/ixbrl/IT_19148_20260701_173408099_WEB.html
NPST,NETWORK PEOPLE SERVICES TECHNOLOGIES LIMITED,DEEPAK CHAND THAKUR,06713945,Promoter and Director,Equity,3790733,18.17%,49032,"1,583.00",Buy,3839765,18.40%,25-06-2026,25-06-2026,Market Purchase,01-Jul-2026 17:34:08,https://nsearchives.nseindia.com/corporate/ixbrl/IT_19148_20260701_173408099_WEB.html
NPST,NETWORK PEOPLE SERVICES TECHNOLOGIES LIMITED,ASHISH AGGARWAL,06986812,Promoter and Director,Equity,3786470,18.15%,30491,"1,575.00",Buy,3816961,18.29%,25-06-2026,25-06-2026,Market Purchase,01-Jul-2026 17:34:08,https://nsearchives.nseindia.com/corporate/ixbrl/IT_19148_20260701_173408099_WEB.html
ASAHIINDIA,ASAHI INDIA GLASS LIMITED,LANS Business LLP,,Promoter Group,Equity,60000,0.02%,5000,"4,251,250.00",Buy,65000,0.03%,29-06-2026,29-06-2026,Market Purchase,01-Jul-2026 16:58:35,https://nsearchives.nseindia.com/corporate/ixbrl/IT_1672_20260701_165835158_WEB.html
MAHSEAMLES,Maharashtra Seamless Limited,Odd & Even Trades & Finance Limited,U51909WB1990PLC152482,Promoter Group,Equity,24388633,18.20%,1659700,"1,026,988,804.00",Buy,26048333,19.44%,29-06-2026,30-06-2026,Market Purchase,01-Jul-2026 10:46:47,https://nsearchives.nseindia.com/corporate/ixbrl/IT_263_20260701_104647046_WEB.html
LIBERTSHOE,LIBERTY SHOES LIMITED,Anupam Bansal,,Promoter,Equity,555605,3.26%,40000,"10,751,357.00",Buy,595605,1.85%,29-06-2026,30-06-2026,Market Purchase,30-Jun-2026 20:21:46,https://nsearchives.nseindia.com/corporate/ixbrl/IT_681_20260630_202146588_WEB.html
LIBERTSHOE,LIBERTY SHOES LIMITED,Shammi Bansal,,Promoter,Equity,272360,1.60%,25000,"6,794,088.00",Buy,297360,3.49%,29-06-2026,30-06-2026,Market Purchase,30-Jun-2026 20:21:46,https://nsearchives.nseindia.com/corporate/ixbrl/IT_681_20260630_202146588_WEB.html
TTL,T T LIMITED,SANJAY KUMAR JAIN,01736303,Promoter Group,Equity,6043095,2.33%,34251,"236,674.00",Buy,6077346,2.35%,24-06-2026,29-06-2026,Market Purchase,30-Jun-2026 19:06:47,https://nsearchives.nseindia.com/corporate/ixbrl/IT_2534_20260630_190647041_WEB.html
VIVIANA,VIVIANA POWER TECH LIMITED,Priyanka Richi Choksi,07020969,Promoter and Director,Equity,207420,2.05%,4379,"3,623,803.00",Buy,211799,2.09%,25-06-2026,29-06-2026,Market Purchase,30-Jun-2026 10:58:27,https://nsearchives.nseindia.com/corporate/ixbrl/IT_20783_20260630_105827892_WEB.html
SHYAMCENT,SHYAM CENTURY FERROUS LIMITED,Sri Ram Vanijya Private Limited,,Promoter Group,Equity,8090772,3.81%,292374,"1,571,736.00",Buy,8383146,3.95%,23-06-2026,24-06-2026,Market Purchase,29-Jun-2026 18:59:54,https://nsearchives.nseindia.com/corporate/ixbrl/IT_12915_20260629_185954917_WEB.html
GRMOVER,GRM OVERSEAS LIMITED,Mamta Garg,05110727,Promoter and Director,Equity,41848924,20.20%,150000,"13,682,958.00",Buy,41998924,20.27%,24-06-2026,24-06-2026,Market Purchase,29-Jun-2026 18:42:32,https://nsearchives.nseindia.com/corporate/ixbrl/IT_20861_20260629_184232799_WEB.html
PLASTIBLEN,PLASTIBLENDS INDIA LIMITED,VARUN SATYANARAYAN KABRA,03376617,Promoter,Equity,7670553,29.51%,226200,"39,736,578.00",Buy,7896753,30.38%,22-06-2026,25-06-2026,Market Purchase,26-Jun-2026 17:35:51,https://nsearchives.nseindia.com/corporate/ixbrl/IT_2485_20260626_173551100_WEB.html
PLASTIBLEN,PLASTIBLENDS INDIA LIMITED,JYOTI VARUN KABRA,07088904,Promoter,Equity,1539056,5.92%,226200,"39,812,966.00",Buy,1765256,6.79%,22-06-2026,25-06-2026,Market Purchase,26-Jun-2026 17:35:51,https://nsearchives.nseindia.com/corporate/ixbrl/IT_2485_20260626_173551100_WEB.html
NCC,NCC LIMITED,Sirisha Projects Private Limited,U45200TG2005PTC045884,Promoter,Equity,24353434,3.88%,294659,"45,197,744.00",Buy,24648093,3.93%,25-06-2026,25-06-2026,Market Purchase,26-Jun-2026 16:38:47,https://nsearchives.nseindia.com/corporate/ixbrl/IT_917_20260626_163847816_WEB.html
SESHAPAPER,SESHASAYEE PAPER AND BOARDS LIMITED,DHANASHREE INVESTMENTS PRIVATE LIMITED,U65993TN1994PTC029413,Promoter Group,Equity,3040047,4.82%,78202,"17,557,664.00",Buy,3118249,4.94%,25-06-2026,25-06-2026,Market Purchase,26-Jun-2026 14:27:20,https://nsearchives.nseindia.com/corporate/ixbrl/IT_118_20260626_142720058_WEB.html
STEL,INE577L01016,SOFREAL MERCANTRADE PRIVATE LTD,U51103MH2012PTC236810,Promoter Group,Equity,224432,1.22%,2750,"1,673,700.00",Buy,227182,1.23%,23-06-2026,23-06-2026,Market Purchase,26-Jun-2026 10:33:57,https://nsearchives.nseindia.com/corporate/ixbrl/IT_4020_20260626_103357905_WEB.html
WCIL,WESTERN CARRIERS (INDIA) LIMITED,RAJENDRA SETHIA,00267974,Promoter and Director,Equity,74227605,72.80%,20000,"2,099,200.00",Buy,74247605,72.82%,24-06-2026,24-06-2026,Market Purchase,25-Jun-2026 20:47:06,https://nsearchives.nseindia.com/corporate/ixbrl/IT_22116_20260625_204706001_WEB.html
TIGERLOGS,Tiger Logistics (India) Limited,Brahma Suppliers Private Limited,U51909DL2004PTC359860,Promoter Group,Equity,35090000,33.19%,19000,"727,320.00",Buy,35109000,33.21%,24-06-2026,24-06-2026,Market Purchase,25-Jun-2026 17:54:39,https://nsearchives.nseindia.com/corporate/ixbrl/IT_26474_20260625_175439702_WEB.html
MSPL,MSP STEEL & POWER LTD,Ginny Traders Private Limited,U51109WB1991PTC051282,Promoter Group,Equity,13473819,2.38%,730000,"32,224,828.00",Buy,14203819,2.51%,19-06-2026,19-06-2026,Market Purchase,25-Jun-2026 17:44:39,https://nsearchives.nseindia.com/corporate/ixbrl/IT_2306_20260625_174439623_WEB.html
MSPL,MSP STEEL & POWER LTD,Sampat Marketing Company Pvt Ltd,U51109WB1995PTC075420,Promoter Group,Equity,14996642,2.65%,1204000,"53,872,193.00",Buy,16200642,2.86%,19-06-2026,22-06-2026,Market Purchase,25-Jun-2026 17:44:39,https://nsearchives.nseindia.com/corporate/ixbrl/IT_2306_20260625_174439623_WEB.html
MSPL,MSP STEEL & POWER LTD,Ilex Private Limited,U28991WB1976PTC030724,Promoter Group,Equity,18163500,3.21%,166849,"7,461,287.00",Buy,18330349,3.24%,22-06-2026,22-06-2026,Market Purchase,25-Jun-2026 17:44:39,https://nsearchives.nseindia.com/corporate/ixbrl/IT_2306_20260625_174439623_WEB.html
AURUM,Aurum PropTech Limited,Aurum RealEstate Developers Limited,U45400MH2007FLC174767,Promoter,Equity,36728355,47.91%,10000,"2,114,070.00",Buy,36738355,47.92%,24-06-2026,24-06-2026,Market Purchase,25-Jun-2026 10:42:32,https://nsearchives.nseindia.com/corporate/ixbrl/IT_12987_20260625_104232056_WEB.html
TIGERLOGS,Tiger Logistics (India) Limited,Brahma Suppliers Private Limited,U51909DL2004PTC359860,Promoter Group,Equity,35070000,33.17%,20000,"774,000.00",Buy,35090000,33.19%,23-06-2026,23-06-2026,Market Purchase,24-Jun-2026 18:38:22,https://nsearchives.nseindia.com/corporate/ixbrl/IT_26474_20260624_183822530_WEB.html
NINSYS,Nintec Systems Limited,Niraj Chhaganraj Gemawat,00030749,Promoter and Director,Equity,3403366,18.32%,2000,"1,443,534.00",Buy,3405366,18.33%,22-06-2026,22-06-2026,Market Purchase,23-Jun-2026 19:31:35,https://nsearchives.nseindia.com/corporate/ixbrl/IT_21310_20260623_193135071_WEB.html
NINSYS,Nintec Systems Limited,Niraj Chhaganraj Gemawat,00030749,Promoter and Director,Equity,3405366,18.33%,1000,"724,494.00",Buy,3406366,18.34%,22-06-2026,22-06-2026,Market Purchase,23-Jun-2026 19:31:35,https://nsearchives.nseindia.com/corporate/ixbrl/IT_21310_20260623_193135071_WEB.html
NINSYS,Nintec Systems Limited,Niraj Chhaganraj Gemawat,00030749,Promoter and Director,Equity,3406366,18.34%,2000,"1,508,906.00",Buy,3408366,18.35%,22-06-2026,22-06-2026,Market Purchase,23-Jun-2026 19:31:35,https://nsearchives.nseindia.com/corporate/ixbrl/IT_21310_20260623_193135071_WEB.html
NINSYS,Nintec Systems Limited,Niraj Chhaganraj Gemawat,00030749,Promoter and Director,Equity,3408366,18.35%,2500,"1,945,278.00",Buy,3410866,18.36%,23-06-2026,23-06-2026,Market Purchase,23-Jun-2026 19:31:35,https://nsearchives.nseindia.com/corporate/ixbrl/IT_21310_20260623_193135071_WEB.html
NINSYS,Nintec Systems Limited,Niraj Chhaganraj Gemawat,00030749,Promoter and Director,Equity,3410866,18.36%,2500,"1,937,917.00",Buy,3413366,18.38%,23-06-2026,23-06-2026,Market Purchase,23-Jun-2026 19:31:35,https://nsearchives.nseindia.com/corporate/ixbrl/IT_21310_20260623_193135071_WEB.html
KCP,KCP LIMITED,VRK GRANDSONS INVESTMENT LTD,U65993TN1997PTC037281,Promoter Group,Equity,4354505,3.38%,35000,"5,779,717.00",Buy,4389505,3.40%,17-06-2026,18-06-2026,Market Purchase,23-Jun-2026 09:29:52,https://nsearchives.nseindia.com/corporate/ixbrl/IT_176_20260623_092952659_WEB.html
NCC,NCC LIMITED,Sirisha Projects Private Limited,U45200TG2005PTC045884,Promoter,Equity,24313434,3.87%,40000,"6,121,600.00",Buy,24353434,3.88%,18-06-2026,18-06-2026,Market Purchase,22-Jun-2026 15:10:44,https://nsearchives.nseindia.com/corporate/ixbrl/IT_917_20260622_151044722_WEB.html
AURUM,Aurum PropTech Limited,Aurum RealEstate Developers Limited,U45400MH2007FLC174767,Promoter,Equity,36673355,47.84%,25000,"5,097,745.00",Buy,36698355,47.87%,19-06-2026,19-06-2026,Market Purchase,22-Jun-2026 10:58:04,https://nsearchives.nseindia.com/corporate/ixbrl/IT_12987_20260622_105804505_WEB.html
GRMOVER,GRM OVERSEAS LIMITED,Mamta Garg,05110727,Promoter and Director,Equity,41749378,20.15%,99546,"9,288,336.00",Buy,41848924,20.20%,17-06-2026,17-06-2026,Market Purchase,20-Jun-2026 18:53:02,https://nsearchives.nseindia.com/corporate/ixbrl/IT_20861_20260620_185302006_WEB.html
VIVIANA,VIVIANA POWER TECH LIMITED,Priyanka Richi Choksi,07020969,Promoter and Director,Equity,211781,2.09%,2490,"1,751,854.00",Buy,214271,2.11%,13-08-2026,17-09-2026,Market Purchase,19-Sep-2026 16:39:39,https://nsearchives.nseindia.com/corporate/ixbrl/IT_20783_20260919_163939771_WEB.html
STEL,STEL HOLDINGS LIMITED,LEBNITZE REAL ESTATES PVT LTD,U70109WB2012PTC174446,Promoter Group,Equity,560574,3.03%,930,"579,156.00",Buy,561504,3.04%,17-09-2026,17-09-2026,Market Purchase,19-Sep-2026 14:11:02,https://nsearchives.nseindia.com/corporate/ixbrl/IT_4020_20260919_141102351_WEB.html
STEL,STEL HOLDINGS LIMITED,LEBNITZE REAL ESTATES PVT LTD,U70109WB2012PTC174446,Promoter Group,Equity,561504,3.04%,5558,"3,595,398.00",Buy,567062,3.07%,18-09-2026,18-09-2026,Market Purchase,19-Sep-2026 14:11:02,https://nsearchives.nseindia.com/corporate/ixbrl/IT_4020_20260919_141102351_WEB.html
BMWVENTLTD,BMW VENTURES LIMITED,SHIVANSH KISHOREPURIA,,Promoter Group,Equity,335000,0.38%,56504,"2,958,659.00",Buy,391504,0.45%,18-09-2026,18-09-2026,Market Purchase,19-Sep-2026 12:34:23,https://nsearchives.nseindia.com/corporate/ixbrl/IT_24065_20260919_123422952_WEB.html
VISAKAIND,Visaka Industries Limited,VIGILANCE SECURITY SERVICES PRIVATE LIMITED,U45100TG1989PTC010383,Promoter Group,Equity,4352754,5.04%,3083,"273,116.00",Buy,4355837,5.04%,17-09-2026,17-09-2026,Market Purchase,18-Sep-2026 15:06:32,https://nsearchives.nseindia.com/corporate/ixbrl/IT_1388_20260918_150632394_WEB.html
ALMONDZ,ALMONDZ GLOBAL SECURITIES LIMITED,INNOVATIVE MONEY MATTERS PRIVATE LIMITED,U74899DL1994PTC057217,Promoter,Equity,697858,0.36%,185000,"3,402,285.00",Buy,882858,0.46%,17-09-2026,17-09-2026,Market Purchase,18-Sep-2026 13:04:45,https://nsearchives.nseindia.com/corporate/ixbrl/IT_2757_20260918_130445812_WEB.html
BLBLIMITED,BLB LIMITED,Brij Rattan Bagri,00007441,Promoter and Director,Equity,25008309,47.31%,69522,"1,118,609.00",Buy,25077831,47.44%,17-09-2026,17-09-2026,Market Purchase,18-Sep-2026 09:34:31,https://nsearchives.nseindia.com/corporate/ixbrl/IT_1893_20260918_093431013_WEB.html
ALEMBICLTD,Alembic Limited,Nirayu  Private Limited,U28100GJ1971PTC098778,Promoter Group,Equity,162840747,63.42%,120609,"12,179,344.00",Buy,162961356,63.46%,15-09-2026,16-09-2026,Market Purchase,17-Sep-2026 19:36:18,https://nsearchives.nseindia.com/corporate/ixbrl/IT_1817_20260917_193618384_WEB.html
SRHHYPOLTD,Sree Rayalaseema Hi-Strength Hypo Limited,TGV IndustriesPrivate Limited,U28999AP2020PTC113982,Promoter Group,Equity,53283,0.31%,4650,"2,403,102.00",Buy,57933,0.34%,17-09-2026,17-09-2026,Market Purchase,17-Sep-2026 16:38:24,https://nsearchives.nseindia.com/corporate/ixbrl/IT_2588_20260917_163824403_WEB.html
SINCLAIR,SINCLAIRS HOTELS LIMITED,NAVIN CHAND SUCHANTI,00273663,Promoter,Equity,3776804,7.36%,17305,"1,385,656.00",Buy,3794109,7.40%,15-09-2026,15-09-2026,Market Purchase,17-Sep-2026 13:20:38,https://nsearchives.nseindia.com/corporate/ixbrl/IT_22933_20260917_132038586_WEB.html
CSLFINANCE,CSL Finance Limited,Rohit Gupta HUF,,Promoter,Equity,449686,1.97%,7000,"1,573,810.00",Buy,456686,2.00%,11-09-2026,11-09-2026,Market Purchase,17-Sep-2026 10:43:38,https://nsearchives.nseindia.com/corporate/ixbrl/IT_20784_20260917_104338510_WEB.html
CSLFINANCE,CSL Finance Limited,Rohit Gupta HUF,,Promoter,Equity,456686,2.00%,3000,"661,650.00",Buy,459686,2.02%,11-09-2026,11-09-2026,Market Purchase,17-Sep-2026 10:43:38,https://nsearchives.nseindia.com/corporate/ixbrl/IT_20784_20260917_104338510_WEB.html
CSLFINANCE,CSL Finance Limited,Rohit Gupta HUF,,Promoter,Equity,459686,2.02%,2000,"426,900.00",Buy,461686,2.03%,16-09-2026,16-09-2026,Market Purchase,17-Sep-2026 10:43:38,https://nsearchives.nseindia.com/corporate/ixbrl/IT_20784_20260917_104338510_WEB.html
CSLFINANCE,CSL Finance Limited,Rohit Gupta HUF,,Promoter,Equity,461686,2.02%,2000,"427,560.00",Buy,463686,2.03%,16-09-2026,16-09-2026,Market Purchase,17-Sep-2026 10:43:38,https://nsearchives.nseindia.com/corporate/ixbrl/IT_20784_20260917_104338510_WEB.html
CSLFINANCE,CSL Finance Limited,Rohit Gupta HUF,,Promoter,Equity,463686,2.03%,2000,"429,380.00",Buy,465686,2.04%,16-09-2026,16-09-2026,Market Purchase,17-Sep-2026 10:43:38,https://nsearchives.nseindia.com/corporate/ixbrl/IT_20784_20260917_104338510_WEB.html
TRUALT,TRUALT BIOENERGY LIMITED,NIRANI HOLDINGS PRIVATE LIMITED,U65990KA2022PTC169124,Promoter Group,Equity,1537836,1.79%,69575,"29,379,435.00",Buy,1607411,1.87%,15-09-2026,16-09-2026,Market Purchase,16-Sep-2026 22:42:46,https://nsearchives.nseindia.com/corporate/ixbrl/IT_24291_20260916_224246486_WEB.html
VISAKAIND,Visaka Industries Limited,VIGILANCE SECURITY SERVICES PRIVATE LIMITED,U45100TG1989PTC010383,Promoter Group,Equity,4338754,5.02%,9000,"806,713.00",Buy,4347754,5.03%,15-09-2026,15-09-2026,Market Purchase,16-Sep-2026 16:57:16,https://nsearchives.nseindia.com/corporate/ixbrl/IT_1388_20260916_165716347_WEB.html
OBCL,OBCL LIMITED,OBCL INFRASTRUCTURE PRIVATE LIMITED,U45201CT2007PTC020300,Promoter Group,Equity,2350038,11.14%,14007,"789,002.00",Buy,2364045,11.21%,11-09-2026,15-09-2026,Market Purchase,16-Sep-2026 13:42:26,https://nsearchives.nseindia.com/corporate/ixbrl/IT_20443_20260916_134226418_WEB.html
BLBLIMITED,BLB LIMITED,Brij Rattan Bagri,00007441,Promoter and Director,Equity,24855337,47.02%,90814,"1,443,943.00",Buy,24946151,47.19%,15-09-2026,15-09-2026,Market Purchase,16-Sep-2026 11:19:19,https://nsearchives.nseindia.com/corporate/ixbrl/IT_1893_20260916_111919756_WEB.html
CONTROLPR,CONTROL PRINT LIMITED,BASANT KUMAR KABRA,00176807,Promoter,Equity,1454876,9.10%,25000,"14,507,290.00",Buy,1479876,9.26%,11-09-2026,15-09-2026,Market Purchase,15-Sep-2026 17:45:13,https://nsearchives.nseindia.com/corporate/ixbrl/IT_13947_20260915_174513754_WEB.html
AVONMORE,AVONMORE CAPITAL & MANAGEMENT SERVICES LIMITED,INNOVATIVE MONEY MATTERS PRIVATE LIMITED,U74899DL1994PTC057217,Promoter,Equity,95015024,33.67%,130481,"1,826,639.00",Buy,95145505,33.71%,11-09-2026,11-09-2026,Market Purchase,14-Sep-2026 11:07:34,https://nsearchives.nseindia.com/corporate/ixbrl/IT_20397_20260914_110734456_WEB.html
STEL,STEL HOLDINGS LIMITED,LEBNITZE REAL ESTATES PVT LTD,U70109WB2012PTC174446,Promoter Group,Equity,551727,2.99%,114,"69,007.00",Buy,551841,2.99%,02-09-2026,02-09-2026,Market Purchase,13-Sep-2026 18:37:00,https://nsearchives.nseindia.com/corporate/ixbrl/IT_4020_20260913_183700599_WEB.html
STEL,STEL HOLDINGS LIMITED,LEBNITZE REAL ESTATES PVT LTD,U70109WB2012PTC174446,Promoter Group,Equity,551841,2.99%,778,"459,694.00",Buy,552619,2.99%,09-09-2026,09-09-2026,Market Purchase,13-Sep-2026 18:37:00,https://nsearchives.nseindia.com/corporate/ixbrl/IT_4020_20260913_183700599_WEB.html
STEL,STEL HOLDINGS LIMITED,LEBNITZE REAL ESTATES PVT LTD,U70109WB2012PTC174446,Promoter Group,Equity,552619,2.99%,1840,"1,088,460.00",Buy,554459,3.00%,10-09-2026,10-09-2026,Market Purchase,13-Sep-2026 18:37:00,https://nsearchives.nseindia.com/corporate/ixbrl/IT_4020_20260913_183700599_WEB.html
TTL,T T LIMITED,T. T. BRANDS LIMITED,,Promoter Group,Equity,90458781,35.02%,98101,"655,408.00",Buy,90556882,35.06%,11-09-2026,11-09-2026,Market Purchase,12-Sep-2026 17:41:38,https://nsearchives.nseindia.com/corporate/ixbrl/IT_2534_20260912_174138397_WEB.html
BLBLIMITED,BLB LIMITED,Brij Rattan Bagri,00007441,Promoter and Director,Equity,24748366,46.81%,106971,"1,706,187.00",Buy,24855337,47.02%,11-09-2026,11-09-2026,Market Purchase,12-Sep-2026 15:43:42,https://nsearchives.nseindia.com/corporate/ixbrl/IT_1893_20260912_154342483_WEB.html
RSL,RAJPUTANA STAINLESS LIMITED,YASHKUMAR SHANKARLAL MEHTA,,Promoter,Equity,50000,0.06%,30000,"5,727,877.00",Buy,80000,0.10%,09-09-2026,10-09-2026,Market Purchase,11-Sep-2026 14:05:10,https://nsearchives.nseindia.com/corporate/ixbrl/IT_25166_20260911_140510470_WEB.html
VISAKAIND,Visaka Industries Limited,VIGILANCE SECURITY SERVICES PRIVATE LIMITED,U45100TG1989PTC010383,Promoter Group,Equity,4321254,5.00%,7500,"691,743.00",Buy,4328754,5.01%,10-09-2026,10-09-2026,Market Purchase,11-Sep-2026 11:37:50,https://nsearchives.nseindia.com/corporate/ixbrl/IT_1388_20260911_113750533_WEB.html
TTL,T T LIMITED,T. T. BRANDS LIMITED,,Promoter Group,Equity,90235817,34.93%,222964,"1,512,954.00",Buy,90458781,35.02%,09-09-2026,10-09-2026,Market Purchase,10-Sep-2026 17:36:58,https://nsearchives.nseindia.com/corporate/ixbrl/IT_2534_20260910_173658324_WEB.html
SRHHYPOLTD,Sree Rayalaseema Hi-Strength Hypo Limited,TGV IndustriesPrivate Limited,U28999AP2020PTC113982,Promoter Group,Equity,30507,0.18%,2573,"1,371,806.00",Buy,33080,0.19%,09-09-2026,09-09-2026,Market Purchase,10-Sep-2026 16:50:24,https://nsearchives.nseindia.com/corporate/ixbrl/IT_2588_20260910_165024316_WEB.html
INDORAMA,INDO RAMA SYNTHETICS (INDIA) LIMITED,URMILA LOHIA,,Promoter,Equity,54209930,20.76%,217137,"16,096,417.00",Buy,54427067,20.84%,08-09-2026,08-09-2026,Market Purchase,10-Sep-2026 14:54:48,https://nsearchives.nseindia.com/corporate/ixbrl/IT_2141_20260910_145448458_WEB.html
INDORAMA,INDO RAMA SYNTHETICS (INDIA) LIMITED,URMILA LOHIA,,Promoter,Equity,54427067,20.84%,197659,"15,297,171.00",Buy,54624726,20.92%,09-09-2026,09-09-2026,Market Purchase,10-Sep-2026 14:54:48,https://nsearchives.nseindia.com/corporate/ixbrl/IT_2141_20260910_145448458_WEB.html
INDOCO,INDOCO REMEDIES LIMITED,ADITI M. PANANDIKAR,00179113,Promoter and Director,Equity,2924158,3.17%,4970,"1,171,217.00",Buy,2929128,3.17%,08-09-2026,09-09-2026,Market Purchase,09-Sep-2026 19:34:46,https://nsearchives.nseindia.com/corporate/ixbrl/IT_2257_20260909_193446173_WEB.html
INDOCO,INDOCO REMEDIES LIMITED,MADHURA SURESH KARE,,Promoter,Equity,2486513,2.69%,4900,"1,154,877.00",Buy,2491413,2.70%,08-09-2026,09-09-2026,Market Purchase,09-Sep-2026 19:34:46,https://nsearchives.nseindia.com/corporate/ixbrl/IT_2257_20260909_193446173_WEB.html
INDOCO,INDOCO REMEDIES LIMITED,SURESH G KARE,00179220,Promoter and Director,Equity,1292941,1.40%,14534,"3,456,945.00",Buy,1307475,1.42%,08-09-2026,09-09-2026,Market Purchase,09-Sep-2026 19:34:46,https://nsearchives.nseindia.com/corporate/ixbrl/IT_2257_20260909_193446173_WEB.html
INDOCO,INDOCO REMEDIES LIMITED,ARUNA SURESH KARE,,Promoter,Equity,0,0.00%,14526,"3,461,566.00",Buy,14526,0.02%,08-09-2026,09-09-2026,Market Purchase,09-Sep-2026 19:34:46,https://nsearchives.nseindia.com/corporate/ixbrl/IT_2257_20260909_193446173_WEB.html
NAVA,NAVA LIMITED,AV Dwellings Private Limited,U45200TG2005PTC047891,Promoter Group,Equity,4920000,1.74%,5000,"2,780,886.00",Buy,4925000,1.74%,07-09-2026,07-09-2026,Market Purchase,09-Sep-2026 17:35:20,https://nsearchives.nseindia.com/corporate/ixbrl/IT_1264_20260909_173520715_WEB.html
BLBLIMITED,BLB LIMITED,Brij Rattan Bagri,00007441,Promoter and Director,Equity,24637483,46.60%,20380,"342,792.00",Buy,24657863,46.64%,08-09-2026,08-09-2026,Market Purchase,09-Sep-2026 11:36:01,https://nsearchives.nseindia.com/corporate/ixbrl/IT_1893_20260909_113601009_WEB.html
SIGIND,Signet Industries Limited,Mukesh Sangla,00189676,Promoter and Director,Equity,1317754,4.48%,10880,"770,287.00",Buy,1328634,4.51%,04-09-2026,04-09-2026,Market Purchase,08-Sep-2026 15:52:21,https://nsearchives.nseindia.com/corporate/ixbrl/IT_16593_20260908_155221662_WEB.html
TAINWALCHM,TAINWALA CHEMICALS AND PLASTICS (INDIA) LIMITED,PERIWINKLE FASHIONS PRIVATE LIMITED,U74994MH2004PTC144846,Promoter Group,Equity,47625,0.51%,1168,"248,707.00",Buy,48793,0.52%,04-09-2026,07-09-2026,Market Purchase,08-Sep-2026 14:11:26,https://nsearchives.nseindia.com/corporate/ixbrl/IT_481_20260908_141126695_WEB.html
BLBLIMITED,BLB LIMITED,Brij Rattan Bagri,00007441,Promoter and Director,Equity,24623562,46.58%,13921,"234,290.00",Buy,24637483,46.60%,07-09-2026,07-09-2026,Market Purchase,08-Sep-2026 11:11:10,https://nsearchives.nseindia.com/corporate/ixbrl/IT_1893_20260908_111110480_WEB.html
OBCL,OBCL LIMITED,OBCL INFRASTRUCTURE PRIVATE LIMITED,U45201CT2007PTC020300,Promoter Group,Equity,2338735,11.09%,6553,"359,742.00",Buy,2345288,11.12%,03-09-2026,07-09-2026,Market Purchase,07-Sep-2026 18:10:24,https://nsearchives.nseindia.com/corporate/ixbrl/IT_20443_20260907_181024331_WEB.html
SINCLAIR,SINCLAIRS HOTELS LIMITED,NAVIN CHAND SUCHANTI,00273663,Promoter,Equity,3744874,7.30%,5993,"504,730.00",Buy,3750867,7.31%,04-09-2026,04-09-2026,Market Purchase,07-Sep-2026 15:37:56,https://nsearchives.nseindia.com/corporate/ixbrl/IT_22933_20260907_153756689_WEB.html
NCLIND,NCL INDUSTRIES LIMITED,NCL HOLDINGS (A&S) LTD,U65920TG2018PLC121664,Promoter Group,Equity,442899,0.98%,2973,"525,210.00",Buy,445872,0.99%,04-09-2026,04-09-2026,Market Purchase,07-Sep-2026 14:24:56,https://nsearchives.nseindia.com/corporate/ixbrl/IT_2568_20260907_142456486_WEB.html
AVONMORE,AVONMORE CAPITAL & MANAGEMENT SERVICES LIMITED,INNOVATIVE MONEY MATTERS PRIVATE LIMITED,U74899DL1994PTC057217,Promoter,Equity,94749785,33.57%,68997,"904,554.00",Buy,94818782,33.60%,04-09-2026,04-09-2026,Market Purchase,07-Sep-2026 11:53:31,https://nsearchives.nseindia.com/corporate/ixbrl/IT_20397_20260907_115331140_WEB.html
JINDALSTEL,JINDAL STEEL LIMITED,Sarika Jhunjhnuwala,,Promoter Group,Equity,382400,0.04%,79600,"92,111,332.00",Buy,462000,0.04%,02-09-2026,03-09-2026,Market Purchase,06-Sep-2026 23:53:28,https://nsearchives.nseindia.com/corporate/ixbrl/IT_1816_20260906_235328373_WEB.html
WSI,W S Industries (I) Limited,S. Aravindan,,Promoter,Equity,4673141,6.16%,737,"44,220.00",Buy,4673878,6.16%,01-09-2026,01-09-2026,Market Purchase,05-Sep-2026 16:38:40,https://nsearchives.nseindia.com/corporate/ixbrl/IT_587_20260905_163840702_WEB.html
WSI,W S Industries (I) Limited,S. Aravindan,,Promoter,Equity,4673878,6.16%,244,"14,518.00",Buy,4674122,6.16%,02-09-2026,02-09-2026,Market Purchase,05-Sep-2026 16:38:40,https://nsearchives.nseindia.com/corporate/ixbrl/IT_587_20260905_163840702_WEB.html
WSI,W S Industries (I) Limited,S. Aravindan,,Promoter,Equity,4674122,6.16%,8500,"512,053.00",Buy,4682622,6.17%,02-09-2026,02-09-2026,Market Purchase,05-Sep-2026 16:38:40,https://nsearchives.nseindia.com/corporate/ixbrl/IT_587_20260905_163840702_WEB.html
WSI,W S Industries (I) Limited,Mamatha P,,Promoter Group,Equity,1048254,1.38%,7033,"431,922.00",Buy,1055287,1.39%,01-09-2026,02-09-2026,Market Purchase,05-Sep-2026 16:38:40,https://nsearchives.nseindia.com/corporate/ixbrl/IT_587_20260905_163840702_WEB.html
VSTL,VIBHOR STEEL TUBES LIMITED,VIJAY KUMAR KAUSHIK,02249672,Promoter and Director,Equity,4209000,22.20%,1800,"207,193.00",Buy,4210800,22.21%,03-09-2026,03-09-2026,Market Purchase,04-Sep-2026 19:37:09,https://nsearchives.nseindia.com/corporate/ixbrl/IT_22607_20260904_193709123_WEB.html
GANESHCP,GANESH CONSUMER PRODUCTS LIMITED,Manish Mimani,00824942,Promoter and Director,Equity,2721957,6.74%,18000,"3,009,963.00",Buy,2739957,6.78%,02-09-2026,02-09-2026,Market Purchase,04-Sep-2026 11:36:05,https://nsearchives.nseindia.com/corporate/ixbrl/IT_25074_20260904_113605225_WEB.html
TTL,T T LIMITED,T. T. BRANDS LIMITED,,Promoter Group,Equity,89780161,34.76%,212896,"1,444,877.00",Buy,89993057,34.84%,02-09-2026,03-09-2026,Market Purchase,03-Sep-2026 18:55:32,https://nsearchives.nseindia.com/corporate/ixbrl/IT_2534_20260903_185532381_WEB.html
GOKUL,GOKUL REFOILS AND SOLVENT LIMITED,Bhikhiben Balvantsinh Rajput,01054941,Promoter,Equity,23057607,23.29%,15000,"618,851.00",Buy,23072607,23.31%,02-09-2026,02-09-2026,Market Purchase,03-Sep-2026 18:42:21,https://nsearchives.nseindia.com/corporate/ixbrl/IT_2754_20260903_184221618_WEB.html
GOKUL,GOKUL REFOILS AND SOLVENT LIMITED,Bhikhiben Balvantsinh Rajput,01054941,Promoter,Equity,23072607,23.29%,35000,"1,443,317.00",Buy,23107607,23.34%,02-09-2026,02-09-2026,Market Purchase,03-Sep-2026 18:42:21,https://nsearchives.nseindia.com/corporate/ixbrl/IT_2754_20260903_184221618_WEB.html
ALMONDZ,ALMONDZ GLOBAL SECURITIES LIMITED,INNOVATIVE MONEY MATTERS PRIVATE LIMITED,U74899DL1994PTC057217,Promoter,Equity,487858,0.25%,100000,"1,736,212.00",Buy,587858,0.30%,02-09-2026,02-09-2026,Market Purchase,03-Sep-2026 16:25:17,https://nsearchives.nseindia.com/corporate/ixbrl/IT_2757_20260903_162516987_WEB.html
IRB,IRB INFRASTRUCTURE DEVELOPERS LIMITED,IRB Holding Private Limited,U45100MH2005PTC155334,Promoter Group,Equity,3616308700,29.94%,10500000,"204,084,517.00",Buy,3626808700,30.02%,31-08-2026,31-08-2026,Market Purchase,02-Sep-2026 20:13:34,https://nsearchives.nseindia.com/corporate/ixbrl/IT_2724_20260902_201334367_WEB.html
IRB,IRB INFRASTRUCTURE DEVELOPERS LIMITED,IRB Holding Private Limited,U45100MH2005PTC155334,Promoter Group,Equity,3626808700,30.02%,10500000,"202,402,521.00",Buy,3637308700,30.11%,01-09-2026,01-09-2026,Market Purchase,02-Sep-2026 20:13:34,https://nsearchives.nseindia.com/corporate/ixbrl/IT_2724_20260902_201334367_WEB.html
IRB,IRB INFRASTRUCTURE DEVELOPERS LIMITED,IRB Holding Private Limited,U45100MH2005PTC155334,Promoter Group,Equity,3637308700,30.11%,10500000,"202,928,140.00",Buy,3647808700,30.20%,02-09-2026,02-09-2026,Market Purchase,02-Sep-2026 20:13:34,https://nsearchives.nseindia.com/corporate/ixbrl/IT_2724_20260902_201334367_WEB.html
NIITLTD,NIIT Limited,Pawar Family Trust,,Promoter Group,Equity,27211670,19.86%,294300,"30,751,680.00",Buy,27505970,20.08%,27-08-2026,28-08-2026,Market Purchase,02-Sep-2026 16:24:20,https://nsearchives.nseindia.com/corporate/ixbrl/IT_2209_20260902_162420192_WEB.html
NIITLTD,NIIT Limited,Thadani Family Trust,,Promoter Group,Equity,27760254,20.26%,294300,"30,750,983.00",Buy,28054554,20.48%,27-08-2026,28-08-2026,Market Purchase,02-Sep-2026 16:24:20,https://nsearchives.nseindia.com/corporate/ixbrl/IT_2209_20260902_162420192_WEB.html
NIITLTD,NIIT Limited,Pawar Family Trust,,Promoter Group,Equity,27505970,20.08%,108700,"11,605,899.00",Buy,27614670,20.16%,31-08-2026,31-08-2026,Market Purchase,02-Sep-2026 16:24:20,https://nsearchives.nseindia.com/corporate/ixbrl/IT_2209_20260902_162420192_WEB.html
NIITLTD,NIIT Limited,Thadani Family Trust,,Promoter Group,Equity,28054554,20.48%,108700,"11,605,899.00",Buy,28163254,20.56%,31-08-2026,31-08-2026,Market Purchase,02-Sep-2026 16:24:20,https://nsearchives.nseindia.com/corporate/ixbrl/IT_2209_20260902_162420192_WEB.html
STEL,STEL HOLDINGS LIMITED,SOFREAL MERCANTRADE PRIVATE LTD,U51103MH2012PTC236810,Promoter Group,Equity,264277,1.43%,359,"224,299.00",Buy,264636,1.43%,28-08-2026,28-08-2026,Market Purchase,02-Sep-2026 15:04:18,https://nsearchives.nseindia.com/corporate/ixbrl/IT_4020_20260902_150418353_WEB.html
STEL,STEL HOLDINGS LIMITED,SOFREAL MERCANTRADE PRIVATE LTD,U51103MH2012PTC236810,Promoter Group,Equity,264636,1.43%,103,"64,375.00",Buy,264739,1.43%,28-08-2026,28-08-2026,Market Purchase,02-Sep-2026 15:04:18,https://nsearchives.nseindia.com/corporate/ixbrl/IT_4020_20260902_150418353_WEB.html
STEL,STEL HOLDINGS LIMITED,SOFREAL MERCANTRADE PRIVATE LTD,U51103MH2012PTC236810,Promoter Group,Equity,264739,1.43%,2961,"1,958,329.00",Buy,267700,1.45%,31-08-2026,31-08-2026,Market Purchase,02-Sep-2026 15:04:18,https://nsearchives.nseindia.com/corporate/ixbrl/IT_4020_20260902_150418353_WEB.html
STEL,STEL HOLDINGS LIMITED,SOFREAL MERCANTRADE PRIVATE LTD,U51103MH2012PTC236810,Promoter Group,Equity,267700,1.45%,310,"201,765.00",Buy,268010,1.45%,31-08-2026,31-08-2026,Market Purchase,02-Sep-2026 15:04:18,https://nsearchives.nseindia.com/corporate/ixbrl/IT_4020_20260902_150418353_WEB.html
VSTL,VIBHOR STEEL TUBES LIMITED,VIJAY KUMAR KAUSHIK,02249672,Promoter and Director,Equity,4200000,22.15%,5000,"563,113.00",Buy,4205000,22.18%,01-09-2026,01-09-2026,Market Purchase,02-Sep-2026 10:48:47,https://nsearchives.nseindia.com/corporate/ixbrl/IT_22607_20260902_104847229_WEB.html
NCLIND,NCL INDUSTRIES LIMITED,NCL HOLDINGS (A&S) LTD,U65920TG2018PLC121664,Promoter Group,Equity,415272,0.92%,5724,"995,232.00",Buy,420996,0.93%,31-08-2026,31-08-2026,Market Purchase,01-Sep-2026 18:18:53,https://nsearchives.nseindia.com/corporate/ixbrl/IT_2568_20260901_181853550_WEB.html
NCLIND,NCL INDUSTRIES LIMITED,Kalidindi Ravi,00720811,Promoter and Director,Equity,3262923,7.21%,1000,"174,250.00",Buy,3263923,7.21%,31-08-2026,31-08-2026,Market Purchase,01-Sep-2026 18:18:53,https://nsearchives.nseindia.com/corporate/ixbrl/IT_2568_20260901_181853550_WEB.html
STEL,STEL HOLDINGS LIMITED,SOFREAL MERCANTRADE PRIVATE LTD,U51103MH2012PTC236810,Promoter Group,Equity,260373,1.41%,1353,"839,768.00",Buy,261726,1.42%,26-08-2026,26-08-2026,Market Purchase,31-Aug-2026 23:39:52,https://nsearchives.nseindia.com/corporate/ixbrl/IT_4020_20260831_233952436_WEB.html
STEL,STEL HOLDINGS LIMITED,SOFREAL MERCANTRADE PRIVATE LTD,U51103MH2012PTC236810,Promoter Group,Equity,261726,1.42%,2543,"2,423,421.00",Buy,264269,1.43%,27-08-2026,27-08-2026,Market Purchase,31-Aug-2026 23:39:52,https://nsearchives.nseindia.com/corporate/ixbrl/IT_4020_20260831_233952436_WEB.html
STEL,STEL HOLDINGS LIMITED,SOFREAL MERCANTRADE PRIVATE LTD,U51103MH2012PTC236810,Promoter Group,Equity,264269,1.43%,8,"4,935.00",Buy,264277,1.43%,27-08-2026,27-08-2026,Market Purchase,31-Aug-2026 23:39:52,https://nsearchives.nseindia.com/corporate/ixbrl/IT_4020_20260831_233952436_WEB.html
SRHHYPOLTD,Sree Rayalaseema Hi-Strength Hypo Limited,TGV Industries Private Limited,U28999AP2020PTC113982,Promoter Group,Equity,17196,0.10%,2663,"1,314,723.00",Buy,19859,0.12%,31-08-2026,31-08-2026,Market Purchase,31-Aug-2026 16:08:56,https://nsearchives.nseindia.com/corporate/ixbrl/IT_2588_20260831_160856411_WEB.html
ALMONDZ,ALMONDZ GLOBAL SECURITIES LIMITED,INNOVATIVE MONEY MATTERS PRIVATE LIMITED,U74899DL1994PTC057217,Promoter,Equity,195000,0.10%,5000,"80,864.00",Buy,200000,0.10%,28-08-2026,28-08-2026,Market Purchase,31-Aug-2026 12:19:26,https://nsearchives.nseindia.com/corporate/ixbrl/IT_2757_20260831_121926092_WEB.html
NURECA,NURECA LIMITED,SMITA GOYAL,08929179,Promoter Group,Equity,45320,0.47%,1035,"313,232.00",Buy,46355,0.49%,26-08-2026,26-08-2026,Market Purchase,29-Aug-2026 17:08:45,https://nsearchives.nseindia.com/corporate/ixbrl/IT_18918_20260829_170845743_WEB.html
NURECA,NURECA LIMITED,SMITA GOYAL,08929179,Promoter Group,Equity,46355,0.49%,1657,"510,373.00",Buy,48012,0.50%,27-08-2026,27-08-2026,Market Purchase,29-Aug-2026 17:08:45,https://nsearchives.nseindia.com/corporate/ixbrl/IT_18918_20260829_170845743_WEB.html
NURECA,NURECA LIMITED,SMITA GOYAL,08929179,Promoter Group,Equity,48012,0.50%,6682,"2,228,982.00",Buy,54694,0.57%,28-08-2026,28-08-2026,Market Purchase,29-Aug-2026 17:08:45,https://nsearchives.nseindia.com/corporate/ixbrl/IT_18918_20260829_170845743_WEB.html
NURECA,NURECA LIMITED,SMITA GOYAL,08929179,Promoter Group,Equity,54694,0.57%,600,"201,583.00",Buy,55294,0.58%,28-08-2026,28-08-2026,Market Purchase,29-Aug-2026 17:08:45,https://nsearchives.nseindia.com/corporate/ixbrl/IT_18918_20260829_170845743_WEB.html
SIGIND,Signet Industries Limited,Mukesh Sangla,00189676,Promoter and Director,Equity,1269848,4.31%,10179,"694,714.00",Buy,1280027,4.34%,25-08-2026,25-08-2026,Market Purchase,29-Aug-2026 14:54:05,https://nsearchives.nseindia.com/corporate/ixbrl/IT_16593_20260829_145405541_WEB.html
GOKUL,GOKUL REFOILS AND SOLVENT LIMITED,Bhikhiben Balvantsinh Rajput,01054941,Promoter,Equity,22951957,23.18%,3650,"162,818.00",Buy,22955607,23.19%,26-08-2026,26-08-2026,Market Purchase,27-Aug-2026 22:07:16,https://nsearchives.nseindia.com/corporate/ixbrl/IT_2754_20260827_220716089_WEB.html
JARO,JARO INSTITUTE OF TECHNOLOGY MANAGEMENT AND RESEARCH LIMITED,Sanjay Namdeo Salunkhe,,Promoter,Equity,12314166,55.29%,20018,"9,251,606.00",Buy,12334184,55.38%,26-08-2026,26-08-2026,Market Purchase,27-Aug-2026 18:34:17,https://nsearchives.nseindia.com/corporate/ixbrl/IT_24645_20260827_183417085_WEB.html
SRHHYPOLTD,Sree Rayalaseema Hi-Strength Hypo Limited,TGV Industries Private Limited,U28999AP2020PTC113982,Promoter Group,Equity,8000,0.05%,1000,"473,208.00",Buy,9000,0.05%,26-08-2026,26-08-2026,Market Purchase,27-Aug-2026 17:04:54,https://nsearchives.nseindia.com/corporate/ixbrl/IT_2588_20260827_170454525_WEB.html
SRHHYPOLTD,Sree Rayalaseema Hi-Strength Hypo Limited,TGV Industries Private Limited,U28999AP2020PTC113982,Promoter Group,Equity,9000,0.05%,5600,"2,639,678.00",Buy,14600,0.09%,27-08-2026,27-08-2026,Market Purchase,27-Aug-2026 17:04:54,https://nsearchives.nseindia.com/corporate/ixbrl/IT_2588_20260827_170454525_WEB.html
TAINWALCHM,TAINWALA CHEMICALS AND PLASTICS (INDIA) LIMITED,PERIWINKLE FASHIONS PRIVATE LIMITED,U74994MH2004PTC144846,Promoter Group,Equity,45457,0.48%,1000,"216,990.00",Buy,46457,0.49%,26-08-2026,26-08-2026,Market Purchase,27-Aug-2026 15:34:23,https://nsearchives.nseindia.com/corporate/ixbrl/IT_481_20260827_153423148_WEB.html
NIITLTD,NIIT Limited,Pawar Family Trust,,Promoter Group,Equity,26923670,19.65%,47110,"4,420,551.00",Buy,26970780,19.69%,21-08-2026,24-08-2026,Market Purchase,27-Aug-2026 12:13:16,https://nsearchives.nseindia.com/corporate/ixbrl/IT_2209_20260827_121316584_WEB.html
NIITLTD,NIIT Limited,Thadani Family Trust,,Promoter Group,Equity,27472254,20.05%,47110,"4,420,419.00",Buy,27519364,20.09%,21-08-2026,24-08-2026,Market Purchase,27-Aug-2026 12:13:16,https://nsearchives.nseindia.com/corporate/ixbrl/IT_2209_20260827_121316584_WEB.html
INDOWIND,INDOWIND ENERGY LIMITED,INDUS CAPITAL PRIVATE LIMITED,U67190MH2010PTC209634,Promoter Group,Equity,17250059,10.71%,146546,"1,370,924.00",Buy,17396605,10.81%,24-08-2026,25-08-2026,Market Purchase,27-Aug-2026 11:09:36,https://nsearchives.nseindia.com/corporate/ixbrl/IT_2653_20260827_110936588_WEB.html
ALEMBICLTD,Alembic Limited,Nirayu  Private Limited,U28100GJ1971PTC098778,Promoter Group,Equity,162485147,63.28%,129136,"12,261,881.00",Buy,162614283,63.33%,25-08-2026,25-08-2026,Market Purchase,26-Aug-2026 19:34:06,https://nsearchives.nseindia.com/corporate/ixbrl/IT_1817_20260826_193406018_WEB.html
BLBLIMITED,BLB LIMITED,Brij Rattan Bagri,00007441,Promoter and Director,Equity,24195548,45.77%,244352,"3,914,519.00",Buy,24439900,46.23%,25-08-2026,25-08-2026,Market Purchase,26-Aug-2026 15:25:36,https://nsearchives.nseindia.com/corporate/ixbrl/IT_1893_20260826_152536610_WEB.html
CHEMBONDCH,CHEMBOND CHEMICALS LIMITED,NIRMAL V SHAH,00083853,Promoter and Director,Equity,7006413,26.05%,15000,"4,065,000.00",Buy,7021413,26.11%,25-08-2026,25-08-2026,Market Purchase,26-Aug-2026 10:06:10,https://nsearchives.nseindia.com/corporate/ixbrl/IT_26029_20260826_100610592_WEB.html
THANGAMAYL,THANGAMAYIL JEWELLERY LIMITED,NARAYANAN BALUSAMY KUMAR,01511576,Promoter,Equity,5453497,17.55%,2675,"14,921,891.00",Buy,5456172,17.55%,24-08-2026,24-08-2026,Market Purchase,25-Aug-2026 14:43:56,https://nsearchives.nseindia.com/corporate/ixbrl/IT_3067_20260825_144356651_WEB.html
LIBAS,Libas Consumer Products Limited,Riyaz Ganji,02236203,Promoter and Director,Equity,4402562,16.71%,36204,"362,755.00",Buy,4438766,16.85%,21-08-2026,21-08-2026,Market Purchase,24-Aug-2026 17:56:31,https://nsearchives.nseindia.com/corporate/ixbrl/IT_14456_20260824_175631786_WEB.html
PKTEA,THE PERIA KARAMALAI TEA & PRODUCE COMPANY LIMITED,KIRAN VYAPAR LIMITED,L51909WB1995PLC071730,Promoter Group,Equity,480679,15.53%,10556,"7,699,314.00",Buy,491235,15.87%,19-08-2026,19-08-2026,Market Purchase,22-Aug-2026 16:56:01,https://nsearchives.nseindia.com/corporate/ixbrl/IT_12988_20260822_165601837_WEB.html
TAINWALCHM,TAINWALA CHEMICALS AND PLASTICS (INDIA) LIMITED,PERIWINKLE FASHIONS PRIVATE LIMITED,U74994MH2004PTC144846,Promoter Group,Equity,43317,0.46%,1000,"214,000.00",Buy,44317,0.47%,19-08-2026,19-08-2026,Market Purchase,22-Aug-2026 13:04:06,https://nsearchives.nseindia.com/corporate/ixbrl/IT_481_20260822_130406340_WEB.html
OBCL,OBCL LIMITED,OBCL INFRASTRUCTURE PRIVATE LIMITED,U45201CT2007PTC020300,Promoter Group,Equity,2253942,10.69%,56675,"3,049,556.00",Buy,2310617,10.95%,19-08-2026,21-08-2026,Market Purchase,21-Aug-2026 22:29:06,https://nsearchives.nseindia.com/corporate/ixbrl/IT_20443_20260821_222906324_WEB.html
NCLIND,NCL INDUSTRIES LIMITED,NCL HOLDINGS (A&S) LTD,U65920TG2018PLC121664,Promoter Group,Equity,374311,0.82%,13000,"2,243,930.00",Buy,387311,0.85%,19-08-2026,19-08-2026,Market Purchase,21-Aug-2026 13:13:07,https://nsearchives.nseindia.com/corporate/ixbrl/IT_2568_20260821_131307729_WEB.html
NCLIND,NCL INDUSTRIES LIMITED,NCL HOLDINGS (A&S) LTD,U65920TG2018PLC121664,Promoter Group,Equity,387311,0.85%,7272,"1,269,255.00",Buy,394583,0.87%,20-08-2026,20-08-2026,Market Purchase,21-Aug-2026 13:13:07,https://nsearchives.nseindia.com/corporate/ixbrl/IT_2568_20260821_131307729_WEB.html
NCLIND,NCL INDUSTRIES LIMITED,Kakatiya Industries Pvt.Ltd,U24110TG1979PTC002501,Promoter Group,Equity,635264,1.40%,5003,"864,019.00",Buy,640267,1.41%,19-08-2026,19-08-2026,Market Purchase,21-Aug-2026 13:13:07,https://nsearchives.nseindia.com/corporate/ixbrl/IT_2568_20260821_131307729_WEB.html
BHAGERIA,Bhageria Industries Limited,Aditya Bhageria,,Promoter Group,Equity,157987,0.36%,6122,"1,252,826.00",Buy,164109,0.38%,20-08-2026,20-08-2026,Market Purchase,21-Aug-2026 11:57:35,https://nsearchives.nseindia.com/corporate/ixbrl/IT_13498_20260821_115735521_WEB.html
LIBERTSHOE,LIBERTY SHOES LIMITED,Anupam Bansal,,Promoter,Equity,595605,3.50%,50100,"12,230,412.00",Buy,645705,3.79%,17-08-2026,17-08-2026,Market Purchase,20-Aug-2026 19:12:40,https://nsearchives.nseindia.com/corporate/ixbrl/IT_681_20260820_191240366_WEB.html
LIBERTSHOE,LIBERTY SHOES LIMITED,Anupam Bansal,,Promoter,Equity,645705,3.79%,233,"55,920.00",Buy,645938,3.79%,17-08-2026,17-08-2026,Market Purchase,20-Aug-2026 19:12:40,https://nsearchives.nseindia.com/corporate/ixbrl/IT_681_20260820_191240366_WEB.html
LIBERTSHOE,LIBERTY SHOES LIMITED,Anupam Bansal,,Promoter,Equity,645938,3.79%,15004,"3,672,797.00",Buy,660942,3.88%,18-08-2026,18-08-2026,Market Purchase,20-Aug-2026 19:12:40,https://nsearchives.nseindia.com/corporate/ixbrl/IT_681_20260820_191240366_WEB.html
LIBERTSHOE,LIBERTY SHOES LIMITED,Anupam Bansal,,Promoter,Equity,660942,3.88%,115,"28,164.00",Buy,661057,3.89%,18-08-2026,18-08-2026,Market Purchase,20-Aug-2026 19:12:40,https://nsearchives.nseindia.com/corporate/ixbrl/IT_681_20260820_191240366_WEB.html
LIBERTSHOE,LIBERTY SHOES LIMITED,Anupam Bansal,,Promoter,Equity,661057,3.89%,4548,"1,109,712.00",Buy,665605,3.91%,19-08-2026,19-08-2026,Market Purchase,20-Aug-2026 19:12:40,https://nsearchives.nseindia.com/corporate/ixbrl/IT_681_20260820_191240366_WEB.html
VSTL,VIBHOR STEEL TUBES LIMITED,VIJAY KUMAR KAUSHIK,02249672,Promoter and Director,Equity,4177400,22.03%,2000,"214,322.00",Buy,4179400,22.04%,19-08-2026,19-08-2026,Market Purchase,20-Aug-2026 12:43:06,https://nsearchives.nseindia.com/corporate/ixbrl/IT_22607_20260820_124306685_WEB.html
EXCELSOFT,Excelsoft Technologies Limited,Mysore Sudhindratheertha Adarsh,,Promoter Group,Equity,915000,0.80%,30000,"2,246,700.00",Buy,945000,0.82%,14-08-2026,14-08-2026,Market Purchase,19-Aug-2026 19:27:44,https://nsearchives.nseindia.com/corporate/ixbrl/IT_25530_20260819_192744359_WEB.html
HEXAGON,HEXAGON NUTRITION LIMITED,DR. NIKHIL KELKAR,02302369,Promoter,Equity,21216068,17.26%,16400,"1,050,131.00",Buy,21232468,17.27%,17-08-2026,17-08-2026,Market Purchase,19-Aug-2026 17:36:24,https://nsearchives.nseindia.com/corporate/ixbrl/IT_20301_20260819_173624881_WEB.html
HEXAGON,HEXAGON NUTRITION LIMITED,MR. VIKRAM KELKAR,02302364,Promoter,Equity,25945044,21.11%,16300,"1,044,058.00",Buy,25961344,21.12%,17-08-2026,17-08-2026,Market Purchase,19-Aug-2026 17:36:24,https://nsearchives.nseindia.com/corporate/ixbrl/IT_20301_20260819_173624881_WEB.html
HEXAGON,HEXAGON NUTRITION LIMITED,MS. ANURADHA KELKAR,,Promoter Group,Equity,9053059,7.37%,15000,"960,728.00",Buy,9068059,7.38%,17-08-2026,17-08-2026,Market Purchase,19-Aug-2026 17:36:24,https://nsearchives.nseindia.com/corporate/ixbrl/IT_20301_20260819_173624881_WEB.html
NCC,NCC LIMITED,Sirisha Projects Private Limited,U45200TG2005PTC045884,Promoter,Equity,25090948,3.99%,214546,"29,815,308.00",Buy,25305494,4.03%,17-08-2026,18-08-2026,Market Purchase,19-Aug-2026 16:34:14,https://nsearchives.nseindia.com/corporate/ixbrl/IT_917_20260819_163413967_WEB.html
SIGIND,Signet Industries Limited,Mukesh Sangla,00189676,Promoter and Director,Equity,1183789,4.02%,20806,"1,407,942.00",Buy,1204595,4.09%,18-08-2026,18-08-2026,Market Purchase,19-Aug-2026 10:51:24,https://nsearchives.nseindia.com/corporate/ixbrl/IT_16593_20260819_105124536_WEB.html
JAYSREETEA,JAY SHREE TEA & INDUSTRIES LTD,MRS.JAYASHREE MOHTA,01034912,Promoter and Director,Equity,1105770,3.83%,1252262,"110,814,212.00",Buy,2358032,8.16%,17-08-2026,17-08-2026,Market Purchase,18-Aug-2026 20:38:34,https://nsearchives.nseindia.com/corporate/ixbrl/IT_1139_20260818_203834364_WEB.html
JAYSREETEA,JAY SHREE TEA & INDUSTRIES LTD,MRS.JAYASHREE MOHTA,01034912,Promoter and Director,Equity,2358032,8.16%,11223,"982,000.00",Buy,2369255,8.20%,17-08-2026,17-08-2026,Market Purchase,18-Aug-2026 20:38:34,https://nsearchives.nseindia.com/corporate/ixbrl/IT_1139_20260818_203834364_WEB.html
JARO,JARO INSTITUTE OF TECHNOLOGY MANAGEMENT AND RESEARCH LIMITED,Balkrishna Namdeo Salunkhe,,Promoter,Equity,912196,4.10%,22100,"9,988,144.00",Buy,934296,4.20%,17-08-2026,17-08-2026,Market Purchase,18-Aug-2026 17:19:52,https://nsearchives.nseindia.com/corporate/ixbrl/IT_24645_20260818_171952665_WEB.html
OBCL,OBCL LIMITED,OBCL INFRASTRUCTURE PRIVATE LIMITED,U45201CT2007PTC020300,Promoter Group,Equity,2074182,9.84%,160579,"8,490,131.00",Buy,2234761,10.59%,11-08-2026,13-08-2026,Market Purchase,18-Aug-2026 10:27:46,https://nsearchives.nseindia.com/corporate/ixbrl/IT_20443_20260818_102746360_WEB.html
PONNIERODE,PONNI SUGARS (ERODE) LIMITED,Seshasayee Paper and Boards Limited,L21012TZ1960PLC000364,Promoter,Equity,2781362,32.35%,290000,"101,498,680.00",Buy,3071362,35.72%,17-08-2026,17-08-2026,Market Purchase,17-Aug-2026 15:19:38,https://nsearchives.nseindia.com/corporate/ixbrl/IT_2008_20260817_151938834_WEB.html
TRUALT,TRUALT BIOENERGY LIMITED,NIRANI HOLDINGS PRIVATE LIMITED,U65990KA2022PTC169124,Promoter Group,Equity,1419136,1.65%,20000,"9,351,200.00",Buy,1439136,1.68%,12-08-2026,12-08-2026,Market Purchase,13-Aug-2026 14:39:22,https://nsearchives.nseindia.com/corporate/ixbrl/IT_24291_20260813_143922650_WEB.html
NCC,NCC LIMITED,Sirisha Projects Private Limited,U45200TG2005PTC045884,Promoter,Equity,24648093,3.93%,442855,"64,733,972.00",Buy,25090948,3.99%,10-08-2026,11-08-2026,Market Purchase,13-Aug-2026 11:53:44,https://nsearchives.nseindia.com/corporate/ixbrl/IT_917_20260813_115344552_WEB.html
THANGAMAYL,THANGAMAYIL JEWELLERY LIMITED,BALUSAMY SILVEARS JEWELLERY PRIVATE LIMITED,U52393TN2003PTC051055,Promoter Group,Equity,545756,1.76%,1080,"5,476,270.00",Buy,546836,1.76%,06-08-2026,06-08-2026,Market Purchase,07-Aug-2026 17:39:45,https://nsearchives.nseindia.com/corporate/ixbrl/IT_3067_20260807_173945153_WEB.html
DBOL,Dhampur Bio Organics Limited,Shudh Edible Products Private Limited,U51211DL2001PTC110287,Promoter Group,Equity,11236180,16.93%,70000,"7,721,000.00",Buy,11306180,17.03%,29-06-2026,29-06-2026,Market Purchase,01-Jul-2026 19:05:05,https://nsearchives.nseindia.com/corporate/ixbrl/IT_20812_20260701_190505136_WEB.html
LYKALABS,Lyka Labs Limited,Kunal N Gandhi,,Promoter,Equity,3500162,9.81%,12914,"936,398.00",Buy,3513076,9.84%,29-06-2026,29-06-2026,Market Purchase,30-Jun-2026 13:07:29,https://nsearchives.nseindia.com/corporate/ixbrl/IT_1127_20260630_130729816_WEB.html
LYKALABS,Lyka Labs Limited,Kunal N Gandhi,,Promoter,Equity,3513076,9.84%,1262,"92,015.00",Buy,3514338,9.85%,29-06-2026,29-06-2026,Market Purchase,30-Jun-2026 13:07:29,https://nsearchives.nseindia.com/corporate/ixbrl/IT_1127_20260630_130729816_WEB.html
AURUM,Aurum PropTech Limited,Aurum RealEstate Developers Limited,U45400MH2007FLC174767,Promoter,Equity,36738355,47.92%,10000,"2,182,369.00",Buy,36748355,47.94%,29-06-2026,29-06-2026,Market Purchase,30-Jun-2026 10:49:30,https://nsearchives.nseindia.com/corporate/ixbrl/IT_12987_20260630_104930235_WEB.html
STEL,STEL HOLDINGS LIMITED,SOFREAL MERCANTRADE PRIVATE LTD,U51103MH2012PTC236810,Promoter Group,Equity,233243,1.26%,4767,"2,909,040.00",Buy,238010,1.29%,25-06-2026,25-06-2026,Market Purchase,29-Jun-2026 20:45:20,https://nsearchives.nseindia.com/corporate/ixbrl/IT_4020_20260629_204519955_WEB.html
SHYAMCENT,SHYAM CENTURY FERROUS LIMITED,Sri Ram Vanijya Private Limited,,Promoter Group,Equity,8383146,3.95%,137691,"751,029.00",Buy,8520837,4.02%,25-06-2026,25-06-2026,Market Purchase,29-Jun-2026 18:59:01,https://nsearchives.nseindia.com/corporate/ixbrl/IT_12915_20260629_185901915_WEB.html
MANINFRA,MAN INFRACONSTRUCTION LIMITED,Parag K. Shah,00063058,Promoter and Director,Equity,119746405,29.66%,250000,"26,297,500.00",Buy,119996405,29.72%,25-06-2026,25-06-2026,Market Purchase,29-Jun-2026 10:03:32,https://nsearchives.nseindia.com/corporate/ixbrl/IT_3094_20260629_100332585_WEB.html
KABRAEXTRU,KABRA EXTRUSION TECHNIK LIMITED,Anand Kabra,00016010,Promoter,Equity,6572705,18.79%,83000,"20,182,173.00",Buy,6655705,19.03%,24-06-2026,25-06-2026,Market Purchase,26-Jun-2026 17:39:19,https://nsearchives.nseindia.com/corporate/ixbrl/IT_690_20260626_173919813_WEB.html
KABRAEXTRU,KABRA EXTRUSION TECHNIK LIMITED,Ekta Kabra,07088898,Promoter,Equity,3476250,9.94%,67116,"16,355,786.00",Buy,3543366,10.13%,24-06-2026,25-06-2026,Market Purchase,26-Jun-2026 17:39:19,https://nsearchives.nseindia.com/corporate/ixbrl/IT_690_20260626_173919813_WEB.html
TIGERLOGS,Tiger Logistics (India) Limited,Brahma Suppliers Private Limited,U51909DL2004PTC359860,Promoter Group,Equity,35109000,33.21%,20000,"760,800.00",Buy,35129000,33.23%,25-06-2026,25-06-2026,Market Purchase,26-Jun-2026 16:33:07,https://nsearchives.nseindia.com/corporate/ixbrl/IT_26474_20260626_163307897_WEB.html
DIAMONDYD,Prataap Snacks Limited,Authum Investment & Infrastructure Limited,L51109MH1982PLC319008,Promoter,Equity,11014501,46.07%,8099,"8,827,910.00",Buy,11022600,46.11%,25-06-2026,25-06-2026,Market Purchase,26-Jun-2026 14:48:07,https://nsearchives.nseindia.com/corporate/ixbrl/IT_15510_20260626_144807161_WEB.html
KCP,KCP LIMITED,VRK GRANDSONS INVESTMENT LTD,U65993TN1997PTC037281,Promoter Group,Equity,4389505,3.40%,10495,"1,686,890.00",Buy,4400000,3.41%,11-06-2026,11-06-2026,Market Purchase,26-Jun-2026 10:33:52,https://nsearchives.nseindia.com/corporate/ixbrl/IT_176_20260626_103352356_WEB.html
KCP,KCP LIMITED,VRK GRANDSONS INVESTMENT LTD,U65993TN1997PTC037281,Promoter Group,Equity,4400000,3.41%,15000,"2,486,499.00",Buy,4415000,3.42%,19-06-2026,19-06-2026,Market Purchase,26-Jun-2026 10:33:52,https://nsearchives.nseindia.com/corporate/ixbrl/IT_176_20260626_103352356_WEB.html
SUPERSPIN,SUPER SPINNING MILLS LIMITED,SUMANTH RAMAMURTHI,00002773,Promoter,Equity,9440530,17.16%,254811,"1,351,921.00",Buy,9695341,17.63%,23-06-2026,23-06-2026,Market Purchase,25-Jun-2026 17:06:46,https://nsearchives.nseindia.com/corporate/ixbrl/IT_122_20260625_170646140_WEB.html
SUPERSPIN,SUPER SPINNING MILLS LIMITED,SUMANTH RAMAMURTHI,00002773,Promoter,Equity,9695341,17.63%,25646,"140,186.00",Buy,9720987,17.67%,24-06-2026,24-06-2026,Market Purchase,25-Jun-2026 17:06:46,https://nsearchives.nseindia.com/corporate/ixbrl/IT_122_20260625_170646140_WEB.html
STEL,STEL HOLDINGS LIMITED,SOFREAL MERCANTRADE PRIVATE LTD,U51103MH2012PTC236810,Promoter Group,Equity,220094,1.19%,4338,"2,596,309.00",Buy,224432,1.22%,19-06-2026,19-06-2026,Market Purchase,24-Jun-2026 11:34:04,https://nsearchives.nseindia.com/corporate/ixbrl/IT_4020_20260624_113404785_WEB.html
AMANTA,Amanta Healthcare Limited,Jitendrakumar Jashbhai Patel,,Promoter,Equity,3485838,8.98%,16200,"2,429,680.00",Buy,3502038,9.02%,16-06-2026,18-06-2026,Market Purchase,22-Jun-2026 14:03:14,https://nsearchives.nseindia.com/corporate/ixbrl/IT_24620_20260622_140314871_WEB.html
VIVIANA,VIVIANA POWER TECH LIMITED,Richi Nikeshbhai Choksi,07020977,Promoter and Director,Equity,198400,1.96%,2101,"1,664,245.00",Buy,200501,1.98%,19-06-2026,19-06-2026,Market Purchase,20-Jun-2026 16:08:22,https://nsearchives.nseindia.com/corporate/ixbrl/IT_20783_20260620_160822581_WEB.html
VIVIANA,VIVIANA POWER TECH LIMITED,Priyanka Richi Choksi,07020969,Promoter and Director,Equity,198600,1.96%,8742,"7,120,272.00",Buy,207342,2.05%,19-06-2026,19-06-2026,Market Purchase,20-Jun-2026 16:08:22,https://nsearchives.nseindia.com/corporate/ixbrl/IT_20783_20260620_160822581_WEB.html
MSPL,MSP STEEL & POWER LIMITED,Ilex Private Limited,U28991WB1976PTC030724,Promoter Group,Equity,16518500,2.92%,645000,"27,250,992.00",Buy,17163500,3.03%,15-06-2026,15-06-2026,Market Purchase,20-Jun-2026 14:48:24,https://nsearchives.nseindia.com/corporate/ixbrl/IT_2306_20260620_144824342_WEB.html
WSI,W S Industries (I) Limited,S. Aravindan,,Promoter,Equity,4716491,6.21%,14723,"808,293.00",Buy,4731214,6.23%,16-09-2026,16-09-2026,Market Purchase,19-Sep-2026 16:04:26,https://nsearchives.nseindia.com/corporate/ixbrl/IT_587_20260919_160426899_WEB.html
WSI,W S Industries (I) Limited,S. Aravindan,,Promoter,Equity,4731214,6.23%,618,"34,657.00",Buy,4731832,6.23%,17-09-2026,17-09-2026,Market Purchase,19-Sep-2026 16:04:26,https://nsearchives.nseindia.com/corporate/ixbrl/IT_587_20260919_160426899_WEB.html
WCIL,WESTERN CARRIERS (INDIA) LIMITED,RAJENDRA SETHIA,00267974,Promoter and Director,Equity,74253711,72.83%,100000,"9,750,000.00",Buy,74353711,72.93%,18-09-2026,18-09-2026,Market Purchase,19-Sep-2026 14:05:00,https://nsearchives.nseindia.com/corporate/ixbrl/IT_22116_20260919_140500583_WEB.html
TTL,T T LIMITED,T. T. BRANDS LIMITED,,Promoter Group,Equity,90557382,35.06%,252744,"1,808,911.00",Buy,90810126,35.16%,17-09-2026,18-09-2026,Market Purchase,18-Sep-2026 17:59:42,https://nsearchives.nseindia.com/corporate/ixbrl/IT_2534_20260918_175942304_WEB.html
UDS,UPDATER SERVICES LIMITED,Raghunandana Tangirala,00628914,Promoter and Director,Equity,16152010,24.12%,26000,"4,885,140.00",Buy,16178010,24.16%,17-09-2026,17-09-2026,Market Purchase,18-Sep-2026 17:19:05,https://nsearchives.nseindia.com/corporate/ixbrl/IT_21897_20260918_171905356_WEB.html
SHAKTIPUMP,SHAKTI PUMPS (INDIA) LIMITED,SHAKTI SONS TRUST,,Promoter,Equity,22667000,18.37%,15000,"6,951,266.00",Buy,22682000,18.38%,16-09-2026,16-09-2026,Market Purchase,18-Sep-2026 14:33:47,https://nsearchives.nseindia.com/corporate/ixbrl/IT_5329_20260918_143347661_WEB.html
BMWVENTLTD,BMW VENTURES LIMITED,SHIVANSH KISHOREPURIA,,Promoter Group,Equity,150000,0.17%,185000,"9,958,562.00",Buy,335000,0.38%,16-08-2026,16-08-2026,Market Purchase,18-Sep-2026 12:23:46,https://nsearchives.nseindia.com/corporate/ixbrl/IT_24065_20260918_122346377_WEB.html
STEL,STEL HOLDINGS LIMITED,LEBNITZE REAL ESTATES PVT LTD,U70109WB2012PTC174446,Promoter Group,Equity,556020,3.01%,1073,"641,809.00",Buy,557093,3.02%,15-09-2026,15-09-2026,Market Purchase,18-Sep-2026 00:04:46,https://nsearchives.nseindia.com/corporate/ixbrl/IT_4020_20260918_000446655_WEB.html
STEL,STEL HOLDINGS LIMITED,LEBNITZE REAL ESTATES PVT LTD,U70109WB2012PTC174446,Promoter Group,Equity,557093,3.02%,3481,"2,091,925.00",Buy,560574,3.03%,16-09-2026,16-09-2026,Market Purchase,18-Sep-2026 00:04:46,https://nsearchives.nseindia.com/corporate/ixbrl/IT_4020_20260918_000446655_WEB.html
JARO,JARO INSTITUTE OF TECHNOLOGY MANAGEMENT AND RESEARCH LIMITED,Sanjay Namdeo Salunkhe,,Promoter,Equity,12378222,55.56%,709,"329,549.00",Buy,12378931,55.57%,16-09-2026,16-09-2026,Market Purchase,17-Sep-2026 19:28:52,https://nsearchives.nseindia.com/corporate/ixbrl/IT_24645_20260917_192852316_WEB.html
TIGERLOGS,Tiger Logistics (India) Limited,Brahma Suppliers Private Limited,U51909DL2004PTC359860,Promoter Group,Equity,35254000,33.34%,25000,"691,000.00",Buy,35279000,33.37%,16-09-2026,16-09-2026,Market Purchase,17-Sep-2026 17:04:11,https://nsearchives.nseindia.com/corporate/ixbrl/IT_26474_20260917_170411865_WEB.html
WSI,W S Industries (I) Limited,Mamatha P,,Promoter Group,Equity,1064667,1.40%,20400,"1,171,949.00",Buy,1085067,1.43%,15-09-2026,16-09-2026,Market Purchase,17-Sep-2026 16:11:08,https://nsearchives.nseindia.com/corporate/ixbrl/IT_587_20260917_161108819_WEB.html
TAINWALCHM,TAINWALA CHEMICALS AND PLASTICS (INDIA) LIMITED,PERIWINKLE FASHIONS PRIVATE LIMITED,U74994MH2004PTC144846,Promoter Group,Equity,53929,0.57%,4747,"981,110.00",Buy,58676,0.63%,15-09-2026,15-09-2026,Market Purchase,17-Sep-2026 12:23:20,https://nsearchives.nseindia.com/corporate/ixbrl/IT_481_20260917_122320334_WEB.html
TAINWALCHM,TAINWALA CHEMICALS AND PLASTICS (INDIA) LIMITED,PERIWINKLE FASHIONS PRIVATE LIMITED,U74994MH2004PTC144846,Promoter Group,Equity,58676,0.63%,1875,"392,681.00",Buy,60551,0.65%,16-09-2026,16-09-2026,Market Purchase,17-Sep-2026 12:23:20,https://nsearchives.nseindia.com/corporate/ixbrl/IT_481_20260917_122320334_WEB.html
AVONMORE,AVONMORE CAPITAL & MANAGEMENT SERVICES LIMITED,INNOVATIVE MONEY MATTERS PRIVATE LIMITED,U74899DL1994PTC057217,Promoter,Equity,95258181,33.75%,22062,"293,188.00",Buy,95280243,33.76%,16-09-2026,16-09-2026,Market Purchase,17-Sep-2026 09:50:01,https://nsearchives.nseindia.com/corporate/ixbrl/IT_20397_20260917_095001508_WEB.html
SRHHYPOLTD,Sree Rayalaseema Hi-Strength Hypo Limited,TGV IndustriesPrivate Limited,U28999AP2020PTC113982,Promoter Group,Equity,50575,0.29%,2708,"1,363,284.00",Buy,53283,0.31%,16-09-2026,16-09-2026,Market Purchase,16-Sep-2026 16:55:14,https://nsearchives.nseindia.com/corporate/ixbrl/IT_2588_20260916_165514424_WEB.html
AVONMORE,AVONMORE CAPITAL & MANAGEMENT SERVICES LIMITED,INNOVATIVE MONEY MATTERS PRIVATE LIMITED,U74899DL1994PTC057217,Promoter,Equity,95145505,33.71%,112676,"1,572,492.00",Buy,95258181,33.75%,15-09-2026,15-09-2026,Market Purchase,16-Sep-2026 11:04:26,https://nsearchives.nseindia.com/corporate/ixbrl/IT_20397_20260916_110426360_WEB.html
CSLFINANCE,CSL Finance Limited,Rohit Gupta HUF,,Promoter,Equity,444686,1.95%,5000,"1,200,000.00",Buy,449686,1.97%,09-09-2026,09-09-2026,Market Purchase,14-Sep-2026 10:44:16,https://nsearchives.nseindia.com/corporate/ixbrl/IT_20784_20260914_104416585_WEB.html
SHAKTIPUMP,SHAKTI PUMPS (INDIA) LIMITED,SHAKTI SONS TRUST,,Promoter,Equity,22654600,18.36%,12400,"6,095,849.00",Buy,22667000,18.37%,11-09-2026,11-09-2026,Market Purchase,12-Sep-2026 14:53:26,https://nsearchives.nseindia.com/corporate/ixbrl/IT_5329_20260912_145326760_WEB.html
NCLIND,NCL INDUSTRIES LIMITED,Kalidindi Ravi,00720811,Promoter and Director,Equity,3265923,7.22%,800,"141,200.00",Buy,3266723,7.22%,10-09-2026,10-09-2026,Market Purchase,11-Sep-2026 21:03:30,https://nsearchives.nseindia.com/corporate/ixbrl/IT_2568_20260911_210329996_WEB.html
NCLIND,NCL INDUSTRIES LIMITED,Kakatiya Industries Pvt.Ltd,U24110TG1979PTC002501,Promoter Group,Equity,644541,1.42%,830,"146,910.00",Buy,645371,1.42%,10-09-2026,10-09-2026,Market Purchase,11-Sep-2026 21:03:30,https://nsearchives.nseindia.com/corporate/ixbrl/IT_2568_20260911_210329996_WEB.html
NCLIND,NCL INDUSTRIES LIMITED,VIKRAM CHEMICALS PRIVATE LIMITED,U24110TG1977PTC002202,Promoter Group,Equity,18504,0.04%,260,"46,020.00",Buy,18764,0.04%,10-09-2026,10-09-2026,Market Purchase,11-Sep-2026 21:03:30,https://nsearchives.nseindia.com/corporate/ixbrl/IT_2568_20260911_210329996_WEB.html
SINCLAIR,SINCLAIRS HOTELS LIMITED,NAVIN CHAND SUCHANTI,00273663,Promoter,Equity,3770145,7.35%,6659,"554,715.00",Buy,3776804,7.36%,09-09-2026,09-09-2026,Market Purchase,11-Sep-2026 13:48:46,https://nsearchives.nseindia.com/corporate/ixbrl/IT_22933_20260911_134846621_WEB.html
SIGIND,Signet Industries Limited,Mukesh Sangla,00189676,Promoter and Director,Equity,1385628,4.71%,5478,"382,198.00",Buy,1391106,4.73%,09-09-2026,09-09-2026,Market Purchase,11-Sep-2026 12:10:10,https://nsearchives.nseindia.com/corporate/ixbrl/IT_16593_20260911_121010537_WEB.html
SGIL,SYNERGY GREEN INDUSTRIES LIMITED,PRABHAKAR SHIRGAOKAR ENTERPRISES LLP,,Promoter Group,Equity,13037,0.08%,1600,"966,192.00",Buy,14637,0.09%,07-09-2026,07-09-2026,Market Purchase,11-Sep-2026 11:12:04,https://nsearchives.nseindia.com/corporate/ixbrl/IT_19808_20260911_111204765_WEB.html
SIGIND,Signet Industries Limited,Mukesh Sangla,00189676,Promoter and Director,Equity,1364787,4.64%,20841,"1,448,160.00",Buy,1385628,4.71%,08-09-2026,08-09-2026,Market Purchase,10-Sep-2026 20:31:30,https://nsearchives.nseindia.com/corporate/ixbrl/IT_16593_20260910_203129967_WEB.html
FOCUS,Focus Lighting And Fixtures Limited,Amit Vinod Sheth,01468052,Promoter,Equity,34508469,51.16%,32500,"2,102,500.00",Buy,34540969,51.21%,01-09-2026,04-09-2026,Market Purchase,10-Sep-2026 17:16:38,https://nsearchives.nseindia.com/corporate/ixbrl/IT_14891_20260910_171638030_WEB.html
FOCUS,Focus Lighting And Fixtures Limited,Amit Vinod Sheth,01468052,Promoter,Equity,34540969,51.21%,5000,"317,500.00",Buy,34545969,51.22%,04-09-2026,07-09-2026,Market Purchase,10-Sep-2026 17:16:38,https://nsearchives.nseindia.com/corporate/ixbrl/IT_14891_20260910_171638030_WEB.html
VISAKAIND,Visaka Industries Limited,VIGILANCE SECURITY SERVICES PRIVATE LIMITED,U45100TG1989PTC010383,Promoter Group,Equity,4306254,4.98%,15000,"1,383,962.00",Buy,4321254,5.00%,09-09-2026,09-09-2026,Market Purchase,10-Sep-2026 16:49:59,https://nsearchives.nseindia.com/corporate/ixbrl/IT_1388_20260910_164959354_WEB.html
WSI,W S Industries (I) Limited,S. Aravindan,,Promoter,Equity,4701491,6.19%,15000,"898,219.00",Buy,4716491,6.21%,08-09-2026,09-09-2026,Market Purchase,10-Sep-2026 16:05:13,https://nsearchives.nseindia.com/corporate/ixbrl/IT_587_20260910_160513264_WEB.html
SUPERSPIN,SUPER SPINNING MILLS LIMITED,SUPER SARA TEXTILES LIMITED,U17111TZ2005PLC012229,Promoter Group,Equity,301276,0.55%,129316,"885,849.00",Buy,430592,0.78%,01-09-2026,07-09-2026,Market Purchase,09-Sep-2026 17:58:40,https://nsearchives.nseindia.com/corporate/ixbrl/IT_122_20260909_175840867_WEB.html
SUPERSPIN,SUPER SPINNING MILLS LIMITED,SUPER SARA TEXTILES LIMITED,U17111TZ2005PLC012229,Promoter Group,Equity,430592,0.78%,18260,"130,437.00",Buy,448852,0.82%,01-09-2026,07-09-2026,Market Purchase,09-Sep-2026 17:58:40,https://nsearchives.nseindia.com/corporate/ixbrl/IT_122_20260909_175840867_WEB.html
NURECA,NURECA LIMITED,SMITA GOYAL,08929179,Promoter Group,Equity,55294,0.58%,850,"272,400.00",Buy,56144,0.59%,08-09-2026,08-09-2026,Market Purchase,09-Sep-2026 12:45:50,https://nsearchives.nseindia.com/corporate/ixbrl/IT_18918_20260909_124550641_WEB.html
NURECA,NURECA LIMITED,SMITA GOYAL,08929179,Promoter Group,Equity,56144,0.59%,200,"64,400.00",Buy,56344,0.59%,08-09-2026,08-09-2026,Market Purchase,09-Sep-2026 12:45:50,https://nsearchives.nseindia.com/corporate/ixbrl/IT_18918_20260909_124550641_WEB.html
AVONMORE,AVONMORE CAPITAL & MANAGEMENT SERVICES LIMITED,INNOVATIVE MONEY MATTERS PRIVATE LIMITED,U74899DL1994PTC057217,Promoter,Equity,94858122,33.61%,53351,"752,337.00",Buy,94911473,33.63%,08-09-2026,08-09-2026,Market Purchase,09-Sep-2026 10:44:34,https://nsearchives.nseindia.com/corporate/ixbrl/IT_20397_20260909_104434364_WEB.html
TTL,T T LIMITED,T. T. BRANDS LIMITED,,Promoter Group,Equity,90025062,34.85%,210755,"1,429,557.00",Buy,90235817,34.93%,07-09-2026,08-09-2026,Market Purchase,08-Sep-2026 18:13:20,https://nsearchives.nseindia.com/corporate/ixbrl/IT_2534_20260908_181320336_WEB.html
WSI,W S Industries (I) Limited,S. Aravindan,,Promoter,Equity,4692622,6.18%,8301,"494,214.00",Buy,4700923,6.19%,03-09-2026,03-09-2026,Market Purchase,08-Sep-2026 16:38:24,https://nsearchives.nseindia.com/corporate/ixbrl/IT_587_20260908_163824296_WEB.html
WSI,W S Industries (I) Limited,S. Aravindan,,Promoter,Equity,4700923,6.19%,568,"34,061.00",Buy,4701491,6.19%,03-09-2026,03-09-2026,Market Purchase,08-Sep-2026 16:38:24,https://nsearchives.nseindia.com/corporate/ixbrl/IT_587_20260908_163824296_WEB.html
AVONMORE,AVONMORE CAPITAL & MANAGEMENT SERVICES LIMITED,INNOVATIVE MONEY MATTERS PRIVATE LIMITED,U74899DL1994PTC057217,Promoter,Equity,94818782,33.60%,39340,"549,000.00",Buy,94858122,33.61%,07-09-2026,07-09-2026,Market Purchase,08-Sep-2026 10:43:50,https://nsearchives.nseindia.com/corporate/ixbrl/IT_20397_20260908_104350402_WEB.html
WSI,W S Industries (I) Limited,SANU RAGHAV,,Promoter Group,Equity,13820,0.02%,2350,"147,325.00",Buy,16170,0.02%,17-08-2026,17-08-2026,Market Purchase,07-Sep-2026 13:50:04,https://nsearchives.nseindia.com/corporate/ixbrl/IT_587_20260907_135004425_WEB.html
BLBLIMITED,BLB LIMITED,Brij Rattan Bagri,00007441,Promoter and Director,Equity,24605000,46.54%,18562,"309,243.00",Buy,24623562,46.58%,04-09-2026,04-09-2026,Market Purchase,05-Sep-2026 12:20:50,https://nsearchives.nseindia.com/corporate/ixbrl/IT_1893_20260905_122050531_WEB.html
LIBAS,Libas Consumer Products Limited,Nishant Mahimtura,02000572,Promoter and Director,Equity,0,0.00%,2000,"20,820.00",Buy,2000,0.01%,02-09-2026,02-09-2026,Market Purchase,04-Sep-2026 15:52:17,https://nsearchives.nseindia.com/corporate/ixbrl/IT_14456_20260904_155217344_WEB.html
SILVERTUC,SILVER TOUCH TECHNOLOGIES LIMITED,Vipul Haridas Thakkar,00169558,Promoter and Director,Equity,26857760,21.18%,35000,"5,915,209.00",Buy,26892760,21.21%,03-09-2026,03-09-2026,Market Purchase,03-Sep-2026 18:38:53,https://nsearchives.nseindia.com/corporate/ixbrl/IT_15598_20260903_183852991_WEB.html
VSTL,VIBHOR STEEL TUBES LIMITED,VIJAY KUMAR KAUSHIK,02249672,Promoter and Director,Equity,4205000,22.18%,4000,"455,892.00",Buy,4209000,22.20%,02-09-2026,02-09-2026,Market Purchase,03-Sep-2026 16:29:58,https://nsearchives.nseindia.com/corporate/ixbrl/IT_22607_20260903_162958633_WEB.html
NCLIND,NCL INDUSTRIES LIMITED,NCL HOLDINGS (A&S) LTD,U65920TG2018PLC121664,Promoter Group,Equity,420996,0.93%,6903,"1,197,671.00",Buy,427899,0.95%,01-09-2026,01-09-2026,Market Purchase,02-Sep-2026 19:51:55,https://nsearchives.nseindia.com/corporate/ixbrl/IT_2568_20260902_195155464_WEB.html
OBCL,OBCL LIMITED,OBCL INFRASTRUCTURE PRIVATE LIMITED,U45201CT2007PTC020300,Promoter Group,Equity,2331246,11.05%,7489,"409,902.00",Buy,2338735,11.09%,31-08-2026,02-09-2026,Market Purchase,02-Sep-2026 17:59:10,https://nsearchives.nseindia.com/corporate/ixbrl/IT_20443_20260902_175910303_WEB.html
TAINWALCHM,TAINWALA CHEMICALS AND PLASTICS (INDIA) LIMITED,PERIWINKLE FASHIONS PRIVATE LIMITED,U74994MH2004PTC144846,Promoter Group,Equity,47457,0.50%,168,"34,776.00",Buy,47625,0.51%,01-09-2026,01-09-2026,Market Purchase,02-Sep-2026 15:58:08,https://nsearchives.nseindia.com/corporate/ixbrl/IT_481_20260902_155808250_WEB.html
SINCLAIR,SINCLAIRS HOTELS LIMITED,NAVIN CHAND SUCHANTI,00273663,Promoter,Equity,3711496,7.23%,15518,"1,294,817.00",Buy,3727014,7.26%,31-08-2026,01-09-2026,Market Purchase,02-Sep-2026 13:04:31,https://nsearchives.nseindia.com/corporate/ixbrl/IT_22933_20260902_130431804_WEB.html
BLBLIMITED,BLB LIMITED,Brij Rattan Bagri,00007441,Promoter and Director,Equity,24524731,46.39%,57234,"917,461.00",Buy,24581965,46.50%,01-09-2026,01-09-2026,Market Purchase,02-Sep-2026 12:03:46,https://nsearchives.nseindia.com/corporate/ixbrl/IT_1893_20260902_120346829_WEB.html
ALMONDZ,ALMONDZ GLOBAL SECURITIES LIMITED,INNOVATIVE MONEY MATTERS PRIVATE LIMITED,U74899DL1994PTC057217,Promoter,Equity,337858,0.17%,150000,"2,624,105.00",Buy,487858,0.25%,01-09-2026,01-09-2026,Market Purchase,02-Sep-2026 10:24:38,https://nsearchives.nseindia.com/corporate/ixbrl/IT_2757_20260902_102438386_WEB.html
TTL,T T LIMITED,T. T. BRANDS LIMITED,,Promoter Group,Equity,89619420,34.69%,160741,"1,070,092.00",Buy,89780161,34.75%,31-08-2026,01-09-2026,Market Purchase,01-Sep-2026 18:43:02,https://nsearchives.nseindia.com/corporate/ixbrl/IT_2534_20260901_184302399_WEB.html
THANGAMAYL,THANGAMAYIL JEWELLERY LIMITED,NARAYANAN BALUSAMY KUMAR,01511576,Promoter,Equity,5456172,17.55%,925,"4,957,111.00",Buy,5457097,17.56%,31-08-2026,31-08-2026,Market Purchase,01-Sep-2026 17:23:46,https://nsearchives.nseindia.com/corporate/ixbrl/IT_3067_20260901_172346316_WEB.html
SILVERTUC,SILVER TOUCH TECHNOLOGIES LIMITED,Vipul Haridas Thakkar,00169558,Promoter and Director,Equity,26843760,21.17%,14000,"2,387,180.00",Buy,26857760,21.18%,31-08-2026,31-08-2026,Market Purchase,01-Sep-2026 16:12:20,https://nsearchives.nseindia.com/corporate/ixbrl/IT_15598_20260901_161220738_WEB.html
CSLFINANCE,CSL Finance Limited,Rohit Gupta HUF,,Promoter,Equity,408109,1.79%,10000,"2,300,000.00",Buy,418109,1.83%,27-08-2026,27-08-2026,Market Purchase,01-Sep-2026 15:25:05,https://nsearchives.nseindia.com/corporate/ixbrl/IT_20784_20260901_152505002_WEB.html
CSLFINANCE,CSL Finance Limited,Rohit Gupta HUF,,Promoter,Equity,418109,1.83%,8049,"1,835,172.00",Buy,426158,1.87%,28-08-2026,28-08-2026,Market Purchase,01-Sep-2026 15:25:05,https://nsearchives.nseindia.com/corporate/ixbrl/IT_20784_20260901_152505002_WEB.html
CSLFINANCE,CSL Finance Limited,Rohit Gupta HUF,,Promoter,Equity,426158,1.87%,8528,"1,944,384.00",Buy,434686,1.90%,28-08-2026,28-08-2026,Market Purchase,01-Sep-2026 15:25:05,https://nsearchives.nseindia.com/corporate/ixbrl/IT_20784_20260901_152505002_WEB.html
TAINWALCHM,TAINWALA CHEMICALS AND PLASTICS (INDIA) LIMITED,PERIWINKLE FASHIONS PRIVATE LIMITED,U74994MH2004PTC144846,Promoter Group,Equity,46457,0.49%,1000,"215,000.00",Buy,47457,0.50%,27-08-2026,27-08-2026,Market Purchase,01-Sep-2026 13:52:46,https://nsearchives.nseindia.com/corporate/ixbrl/IT_481_20260901_135246310_WEB.html
VSTL,VIBHOR STEEL TUBES LIMITED,VIJAY KUMAR KAUSHIK,02249672,Promoter and Director,Equity,4185000,22.07%,15000,"1,674,120.00",Buy,4200000,22.15%,31-08-2026,31-08-2026,Market Purchase,01-Sep-2026 10:30:35,https://nsearchives.nseindia.com/corporate/ixbrl/IT_22607_20260901_103035441_WEB.html
INDOCO,INDOCO REMEDIES LIMITED,ADITI M. PANANDIKAR,00179113,Promoter and Director,Equity,2917158,3.16%,5000,"1,224,240.00",Buy,2922158,3.17%,28-08-2026,31-08-2026,Market Purchase,31-Aug-2026 17:56:35,https://nsearchives.nseindia.com/corporate/ixbrl/IT_2257_20260831_175634950_WEB.html
INDOCO,INDOCO REMEDIES LIMITED,MADHURA SURESH KARE,01760887,Promoter,Equity,2479513,2.69%,5000,"1,224,220.00",Buy,2484513,2.69%,28-08-2026,31-08-2026,Market Purchase,31-Aug-2026 17:56:35,https://nsearchives.nseindia.com/corporate/ixbrl/IT_2257_20260831_175634950_WEB.html
LIBAS,Libas Consumer Products Limited,Riyaz Ganji,02236203,Promoter and Director,Equity,4454266,16.91%,79566,"874,081.00",Buy,4533832,17.21%,26-08-2026,27-08-2026,Market Purchase,31-Aug-2026 17:30:20,https://nsearchives.nseindia.com/corporate/ixbrl/IT_14456_20260831_173020315_WEB.html
SINCLAIR,SINCLAIRS HOTELS LIMITED,NAVIN CHAND SUCHANTI,00273663,Promoter,Equity,3565505,6.95%,145991,"11,646,625.00",Buy,3711496,7.23%,27-08-2026,28-08-2026,Market Purchase,29-Aug-2026 13:39:28,https://nsearchives.nseindia.com/corporate/ixbrl/IT_22933_20260829_133928320_WEB.html
CONFIPET,CONFIDENCE PETROLEUM INDIA LIMITED,Essenn LPG Bottling Private Limited,,Promoter Group,Equity,32511981,9.79%,746000,"60,232,040.00",Buy,33257981,10.01%,26-08-2026,26-08-2026,Market Purchase,28-Aug-2026 21:41:26,https://nsearchives.nseindia.com/corporate/ixbrl/IT_17510_20260828_214126275_WEB.html
SRHHYPOLTD,Sree Rayalaseema Hi-Strength Hypo Limited,TGV Industries Private Limited,U28999AP2020PTC113982,Promoter Group,Equity,14600,0.09%,2596,"1,226,875.00",Buy,17196,0.10%,28-08-2026,28-08-2026,Market Purchase,28-Aug-2026 17:01:46,https://nsearchives.nseindia.com/corporate/ixbrl/IT_2588_20260828_170146433_WEB.html
BLBLIMITED,BLB LIMITED,Brij Rattan Bagri,00007441,Promoter and Director,Equity,24439900,46.23%,24242,"388,842.00",Buy,24464142,46.28%,27-08-2026,27-08-2026,Market Purchase,28-Aug-2026 12:53:50,https://nsearchives.nseindia.com/corporate/ixbrl/IT_1893_20260828_125350565_WEB.html
AVONMORE,AVONMORE CAPITAL & MANAGEMENT SERVICES LIMITED,INNOVATIVE MONEY MATTERS PRIVATE LIMITED,U74899DL1994PTC057217,Promoter,Equity,94584078,33.51%,20707,"285,045.00",Buy,94604785,33.52%,27-08-2026,27-08-2026,Market Purchase,28-Aug-2026 11:16:34,https://nsearchives.nseindia.com/corporate/ixbrl/IT_20397_20260828_111634274_WEB.html
ASHAPURMIN,ASHAPURA MINECHEM LIMITED,CHETAN NAVNITLAL SHAH,00018960,Promoter,Equity,6627767,6.94%,25000,"14,607,763.00",Buy,6652767,6.96%,26-08-2026,26-08-2026,Market Purchase,27-Aug-2026 17:02:55,https://nsearchives.nseindia.com/corporate/ixbrl/IT_1262_20260827_170255350_WEB.html
STEL,STEL HOLDINGS LIMITED,SOFREAL MERCANTRADE PRIVATE LTD,U51103MH2012PTC236810,Promoter Group,Equity,248788,1.35%,10724,"6,659,825.00",Buy,259512,1.41%,24-08-2026,24-08-2026,Market Purchase,27-Aug-2026 15:59:08,https://nsearchives.nseindia.com/corporate/ixbrl/IT_4020_20260827_155908916_WEB.html
STEL,STEL HOLDINGS LIMITED,SOFREAL MERCANTRADE PRIVATE LTD,U51103MH2012PTC236810,Promoter Group,Equity,259512,1.41%,145,"89,465.00",Buy,259657,1.41%,24-08-2026,24-08-2026,Market Purchase,27-Aug-2026 15:59:08,https://nsearchives.nseindia.com/corporate/ixbrl/IT_4020_20260827_155908916_WEB.html
STEL,STEL HOLDINGS LIMITED,SOFREAL MERCANTRADE PRIVATE LTD,U51103MH2012PTC236810,Promoter Group,Equity,259657,1.41%,704,"430,673.00",Buy,260361,1.41%,25-08-2026,25-08-2026,Market Purchase,27-Aug-2026 15:59:08,https://nsearchives.nseindia.com/corporate/ixbrl/IT_4020_20260827_155908916_WEB.html
STEL,STEL HOLDINGS LIMITED,SOFREAL MERCANTRADE PRIVATE LTD,U51103MH2012PTC236810,Promoter Group,Equity,260361,1.41%,12,"7,332.00",Buy,260373,1.41%,25-08-2026,25-08-2026,Market Purchase,27-Aug-2026 15:59:08,https://nsearchives.nseindia.com/corporate/ixbrl/IT_4020_20260827_155908916_WEB.html
NAVA,NAVA LIMITED,Devineni Ramaa,,Promoter Group,Equity,8017884,2.83%,46000,"26,249,791.00",Buy,8063884,2.85%,25-08-2026,26-08-2026,Market Purchase,27-Aug-2026 15:06:30,https://nsearchives.nseindia.com/corporate/ixbrl/IT_1264_20260827_150630537_WEB.html
NAVA,NAVA LIMITED,A9 Homes Private Limited,U45200TG2005PTC048265,Promoter Group,Equity,5296200,1.87%,42000,"23,671,379.00",Buy,5338200,1.88%,25-08-2026,25-08-2026,Market Purchase,27-Aug-2026 15:06:30,https://nsearchives.nseindia.com/corporate/ixbrl/IT_1264_20260827_150630537_WEB.html
WSI,W S Industries (I) Limited,Mamatha P,,Promoter Group,Equity,1020788,1.34%,11499,"710,868.00",Buy,1032287,1.36%,24-08-2026,25-08-2026,Market Purchase,26-Aug-2026 17:39:44,https://nsearchives.nseindia.com/corporate/ixbrl/IT_587_20260826_173943981_WEB.html
LIBAS,Libas Consumer Products Limited,Riyaz Ganji,02236203,Promoter and Director,Equity,4438766,16.85%,15500,"156,510.00",Buy,4454266,16.91%,24-08-2026,24-08-2026,Market Purchase,26-Aug-2026 16:58:55,https://nsearchives.nseindia.com/corporate/ixbrl/IT_14456_20260826_165855257_WEB.html
TAINWALCHM,TAINWALA CHEMICALS AND PLASTICS (INDIA) LIMITED,PERIWINKLE FASHIONS PRIVATE LIMITED,U74994MH2004PTC144846,Promoter Group,Equity,44317,0.47%,1140,"249,925.00",Buy,45457,0.48%,24-08-2026,25-08-2026,Market Purchase,26-Aug-2026 15:08:32,https://nsearchives.nseindia.com/corporate/ixbrl/IT_481_20260826_150832299_WEB.html
GOKUL,GOKUL REFOILS AND SOLVENT LIMITED,Bhikhiben Balvantsinh Rajput,01054941,Promoter,Equity,22871250,23.10%,20000,"904,186.00",Buy,22891250,23.12%,24-08-2026,24-08-2026,Market Purchase,26-Aug-2026 12:03:53,https://nsearchives.nseindia.com/corporate/ixbrl/IT_2754_20260826_120353444_WEB.html
GOKUL,GOKUL REFOILS AND SOLVENT LIMITED,Bhikhiben Balvantsinh Rajput,01054941,Promoter,Equity,22891250,23.12%,60000,"2,706,348.00",Buy,22951250,23.18%,24-08-2026,24-08-2026,Market Purchase,26-Aug-2026 12:03:53,https://nsearchives.nseindia.com/corporate/ixbrl/IT_2754_20260826_120353444_WEB.html
TIGERLOGS,Tiger Logistics (India) Limited,Brahma Suppliers Private Limited,U51909DL2004PTC359860,Promoter Group,Equity,35229000,33.32%,25000,"743,750.00",Buy,35254000,33.34%,24-08-2026,24-08-2026,Market Purchase,25-Aug-2026 19:19:21,https://nsearchives.nseindia.com/corporate/ixbrl/IT_26474_20260825_191921374_WEB.html
TTL,T T LIMITED,T. T. BRANDS LIMITED,,Promoter Group,Equity,89319156,34.58%,93044,"601,368.00",Buy,89412200,34.61%,24-08-2026,25-08-2026,Market Purchase,25-Aug-2026 17:52:12,https://nsearchives.nseindia.com/corporate/ixbrl/IT_2534_20260825_175212686_WEB.html
PKTEA,THE PERIA KARAMALAI TEA & PRODUCE COMPANY LIMITED,KIRAN VYAPAR LIMITED,L51909WB1995PLC071730,Promoter Group,Equity,491235,15.87%,1443,"1,072,915.00",Buy,492678,15.91%,20-08-2026,20-08-2026,Market Purchase,25-Aug-2026 17:11:33,https://nsearchives.nseindia.com/corporate/ixbrl/IT_12988_20260825_171133852_WEB.html
VSTL,VIBHOR STEEL TUBES LIMITED,VIJAY KUMAR KAUSHIK,02249672,Promoter and Director,Equity,4179400,22.04%,5600,"621,635.00",Buy,4185000,22.07%,24-08-2026,24-08-2026,Market Purchase,25-Aug-2026 12:15:11,https://nsearchives.nseindia.com/corporate/ixbrl/IT_22607_20260825_121511740_WEB.html
INDOWIND,INDOWIND ENERGY LIMITED,INDUS CAPITAL PRIVATE LIMITED,U67190MH2010PTC209634,Promoter Group,Equity,16844559,10.46%,405500,"3,494,363.00",Buy,17250059,10.71%,19-08-2026,21-08-2026,Market Purchase,24-Aug-2026 17:35:31,https://nsearchives.nseindia.com/corporate/ixbrl/IT_2653_20260824_173531869_WEB.html
AVONMORE,AVONMORE CAPITAL & MANAGEMENT SERVICES LIMITED,INNOVATIVE MONEY MATTERS PRIVATE LIMITED,U74899DL1994PTC057217,Promoter,Equity,94330731,33.42%,64000,"851,693.00",Buy,94394731,33.45%,21-08-2026,21-08-2026,Market Purchase,24-Aug-2026 10:19:04,https://nsearchives.nseindia.com/corporate/ixbrl/IT_20397_20260824_101904756_WEB.html
WSI,W S Industries (I) Limited,S. Aravindan,,Promoter,Equity,4641956,6.12%,29300,"1,783,245.00",Buy,4671256,6.15%,20-08-2026,21-08-2026,Market Purchase,22-Aug-2026 16:37:57,https://nsearchives.nseindia.com/corporate/ixbrl/IT_587_20260822_163757788_WEB.html
WSI,W S Industries (I) Limited,Mamatha P,,Promoter Group,Equity,1011298,1.33%,9490,"576,911.00",Buy,1020788,1.34%,20-08-2026,21-08-2026,Market Purchase,22-Aug-2026 16:37:57,https://nsearchives.nseindia.com/corporate/ixbrl/IT_587_20260822_163757788_WEB.html
JARO,JARO INSTITUTE OF TECHNOLOGY MANAGEMENT AND RESEARCH LIMITED,Balkrishna Namdeo Salunkhe,,Promoter,Equity,934296,4.20%,1500,"661,908.00",Buy,935796,4.20%,19-08-2026,19-08-2026,Market Purchase,21-Aug-2026 15:37:40,https://nsearchives.nseindia.com/corporate/ixbrl/IT_24645_20260821_153740440_WEB.html
JARO,JARO INSTITUTE OF TECHNOLOGY MANAGEMENT AND RESEARCH LIMITED,Balkrishna Namdeo Salunkhe,,Promoter,Equity,935796,4.20%,300,"132,024.00",Buy,936096,4.20%,20-08-2026,20-08-2026,Market Purchase,21-Aug-2026 15:37:40,https://nsearchives.nseindia.com/corporate/ixbrl/IT_24645_20260821_153740440_WEB.html
AVONMORE,AVONMORE CAPITAL & MANAGEMENT SERVICES LIMITED,INNOVATIVE MONEY MATTERS PRIVATE LIMITED,U74899DL1994PTC057217,Promoter,Equity,94275731,33.40%,55000,"740,000.00",Buy,94330731,33.42%,20-08-2026,20-08-2026,Market Purchase,21-Aug-2026 10:19:17,https://nsearchives.nseindia.com/corporate/ixbrl/IT_20397_20260821_101917612_WEB.html
TTL,T T LIMITED,T. T. BRANDS LIMITED,,Promoter Group,Equity,89165907,34.52%,67775,"437,467.00",Buy,89233682,34.55%,19-08-2026,20-08-2026,Market Purchase,20-Aug-2026 19:02:46,https://nsearchives.nseindia.com/corporate/ixbrl/IT_2534_20260820_190246785_WEB.html
UYFINCORP,U. Y. Fincorp Limited,Dipti Deepak Kothari,,Promoter Group,Equity,3689002,1.94%,36123,"768,438.00",Buy,3725125,1.96%,17-08-2026,17-08-2026,Market Purchase,20-Aug-2026 17:49:28,https://nsearchives.nseindia.com/corporate/ixbrl/IT_21090_20260820_174928450_WEB.html
UYFINCORP,U. Y. Fincorp Limited,Dipti Deepak Kothari,,Promoter Group,Equity,3725125,1.96%,50000,"1,036,722.00",Buy,3775125,1.98%,19-08-2026,19-08-2026,Market Purchase,20-Aug-2026 17:49:28,https://nsearchives.nseindia.com/corporate/ixbrl/IT_21090_20260820_174928450_WEB.html
UYFINCORP,U. Y. Fincorp Limited,Dipti Deepak Kothari,,Promoter Group,Equity,3775125,1.98%,150000,"3,155,173.00",Buy,3925125,2.06%,19-08-2026,19-08-2026,Market Purchase,20-Aug-2026 17:49:28,https://nsearchives.nseindia.com/corporate/ixbrl/IT_21090_20260820_174928450_WEB.html
AVONMORE,AVONMORE CAPITAL & MANAGEMENT SERVICES LIMITED,INNOVATIVE MONEY MATTERS PRIVATE LIMITED,U74899DL1994PTC057217,Promoter,Equity,94214900,33.38%,60831,"809,518.00",Buy,94275731,33.40%,19-08-2026,19-08-2026,Market Purchase,20-Aug-2026 10:41:16,https://nsearchives.nseindia.com/corporate/ixbrl/IT_20397_20260820_104116797_WEB.html
PKTEA,THE PERIA KARAMALAI TEA & PRODUCE COMPANY LIMITED,KIRAN VYAPAR LIMITED,L51909WB1995PLC071730,Promoter Group,Equity,470224,15.19%,10455,"7,344,674.00",Buy,480679,15.53%,17-08-2026,17-08-2026,Market Purchase,19-Aug-2026 17:58:23,https://nsearchives.nseindia.com/corporate/ixbrl/IT_12988_20260819_175823095_WEB.html
NCLIND,NCL INDUSTRIES LIMITED,NCL HOLDINGS (A&S) LTD,U65920TG2018PLC121664,Promoter Group,Equity,310000,0.68%,64311,"11,056,896.00",Buy,374311,0.82%,17-08-2026,18-08-2026,Market Purchase,19-Aug-2026 12:57:59,https://nsearchives.nseindia.com/corporate/ixbrl/IT_2568_20260819_125759462_WEB.html
NCLIND,NCL INDUSTRIES LIMITED,KALIDINDI RAVI,00720811,Promoter and Director,Equity,3259973,7.20%,2950,"507,489.00",Buy,3262923,7.21%,18-08-2026,18-08-2026,Market Purchase,19-Aug-2026 12:57:59,https://nsearchives.nseindia.com/corporate/ixbrl/IT_2568_20260819_125759462_WEB.html
AVONMORE,AVONMORE CAPITAL & MANAGEMENT SERVICES LIMITED,INNOVATIVE MONEY MATTERS PRIVATE LIMITED,U74899DL1994PTC057217,Promoter,Equity,94114900,33.35%,100000,"1,333,405.00",Buy,94214900,33.38%,18-08-2026,18-08-2026,Market Purchase,19-Aug-2026 10:36:06,https://nsearchives.nseindia.com/corporate/ixbrl/IT_20397_20260819_103606504_WEB.html
TTL,T T LIMITED,T. T. BRANDS LIMITED,,Promoter Group,Equity,89038707,34.47%,127200,"804,339.00",Buy,89165907,34.52%,17-08-2026,18-08-2026,Market Purchase,18-Aug-2026 18:49:34,https://nsearchives.nseindia.com/corporate/ixbrl/IT_2534_20260818_184934159_WEB.html
SIGIND,Signet Industries Limited,Mukesh Sangla,00189676,Promoter and Director,Equity,1169885,3.97%,13904,"956,643.00",Buy,1183789,4.02%,17-08-2026,17-08-2026,Market Purchase,18-Aug-2026 13:42:31,https://nsearchives.nseindia.com/corporate/ixbrl/IT_16593_20260818_134231601_WEB.html
NCLIND,NCL INDUSTRIES LIMITED,Kalidindi Ravi,00720811,Promoter and Director,Equity,3259403,7.20%,570,"98,610.00",Buy,3259973,7.20%,14-08-2026,14-08-2026,Market Purchase,17-Aug-2026 22:13:32,https://nsearchives.nseindia.com/corporate/ixbrl/IT_2568_20260817_221332402_WEB.html
NCLIND,NCL INDUSTRIES LIMITED,Kalidindi Ravi,00720811,Promoter and Director,Equity,3257705,7.20%,1698,"294,552.00",Buy,3259403,7.20%,13-08-2026,13-08-2026,Market Purchase,14-Aug-2026 10:34:10,https://nsearchives.nseindia.com/corporate/ixbrl/IT_2568_20260814_103410499_WEB.html
TTL,T T LIMITED,SANJAY KUMAR JAIN,01736303,Promoter Group,Equity,6077346,2.35%,14202,"83,648.00",Buy,6091548,2.36%,12-08-2026,12-08-2026,Market Purchase,13-Aug-2026 18:37:09,https://nsearchives.nseindia.com/corporate/ixbrl/IT_2534_20260813_183709639_WEB.html
NCLIND,NCL INDUSTRIES LIMITED,Kalidindi Ravi,00720811,Promoter and Director,Equity,3250311,7.19%,7394,"1,283,377.00",Buy,3257705,7.20%,12-08-2026,12-08-2026,Market Purchase,13-Aug-2026 11:04:43,https://nsearchives.nseindia.com/corporate/ixbrl/IT_2568_20260813_110442973_WEB.html
NCLIND,NCL INDUSTRIES LIMITED,Kakatiya Industries Pvt.Ltd,U24110TG1979PTC002501,Promoter Group,Equity,633764,1.40%,1500,"260,505.00",Buy,635264,1.40%,12-08-2026,12-08-2026,Market Purchase,13-Aug-2026 11:04:43,https://nsearchives.nseindia.com/corporate/ixbrl/IT_2568_20260813_110442973_WEB.html
NCLIND,NCL INDUSTRIES LIMITED,VIKRAM CHEMICALS PRIVATE LIMITED,U24110TG1977PTC002202,Promoter Group,Equity,17411,0.04%,200,"34,700.00",Buy,17611,0.04%,12-08-2026,12-08-2026,Market Purchase,13-Aug-2026 11:04:43,https://nsearchives.nseindia.com/corporate/ixbrl/IT_2568_20260813_110442973_WEB.html
ASAHISONG,ASAHI SONGWON COLORS LIMITED,Arjun Gokul Jaykrishna,08548676,Promoter and Director,Equity,39950,0.34%,10000,"3,381,000.00",Buy,49950,0.42%,11-08-2026,11-08-2026,Market Purchase,12-Aug-2026 16:35:54,https://nsearchives.nseindia.com/corporate/ixbrl/IT_5165_20260812_163554411_WEB.html
TRUALT,TRUALT BIOENERGY LIMITED,NIRANI HOLDINGS PRIVATE LIMITED,U65990KA2022PTC169124,Promoter Group,Equity,1394936,1.63%,24200,"11,576,796.00",Buy,1419136,1.65%,11-08-2026,11-08-2026,Market Purchase,12-Aug-2026 14:55:22,https://nsearchives.nseindia.com/corporate/ixbrl/IT_24291_20260812_145522890_WEB.html
AVONMORE,AVONMORE CAPITAL & MANAGEMENT SERVICES LIMITED,INNOVATIVE MONEY MATTERS PRIVATE LIMITED,U74899DL1994PTC057217,Promoter,Equity,93804900,33.24%,260000,"2,963,578.00",Buy,94064900,33.33%,11-08-2026,11-08-2026,Market Purchase,12-Aug-2026 10:11:30,https://nsearchives.nseindia.com/corporate/ixbrl/IT_20397_20260812_101130527_WEB.html
NURECA,NURECA LIMITED,Smita Goyal,08929179,Promoter Group,Equity,7,0.00%,5975,"1,799,371.00",Buy,5982,0.06%,24-07-2026,24-07-2026,Market Purchase,11-Aug-2026 17:31:48,https://nsearchives.nseindia.com/corporate/ixbrl/IT_18918_20260811_173148073_WEB.html
NURECA,NURECA LIMITED,Smita Goyal,08929179,Promoter Group,Equity,5982,0.06%,800,"240,280.00",Buy,6782,0.07%,24-07-2026,24-07-2026,Market Purchase,11-Aug-2026 17:31:48,https://nsearchives.nseindia.com/corporate/ixbrl/IT_18918_20260811_173148073_WEB.html
NURECA,NURECA LIMITED,Smita Goyal,08929179,Promoter Group,Equity,6782,0.07%,20355,"6,327,962.00",Buy,27137,0.28%,27-07-2026,27-07-2026,Market Purchase,11-Aug-2026 17:31:48,https://nsearchives.nseindia.com/corporate/ixbrl/IT_18918_20260811_173148073_WEB.html
NURECA,NURECA LIMITED,Smita Goyal,08929179,Promoter Group,Equity,27137,0.28%,6500,"2,017,990.00",Buy,33637,0.35%,28-07-2026,28-07-2026,Market Purchase,11-Aug-2026 17:31:48,https://nsearchives.nseindia.com/corporate/ixbrl/IT_18918_20260811_173148073_WEB.html
NURECA,NURECA LIMITED,Smita Goyal,08929179,Promoter Group,Equity,33637,0.35%,8000,"2,545,920.00",Buy,41637,0.44%,29-07-2026,29-07-2026,Market Purchase,11-Aug-2026 17:31:48,https://nsearchives.nseindia.com/corporate/ixbrl/IT_18918_20260811_173148073_WEB.html
NURECA,NURECA LIMITED,Smita Goyal,08929179,Promoter Group,Equity,41637,0.44%,1000,"323,225.00",Buy,42637,0.45%,29-07-2026,29-07-2026,Market Purchase,11-Aug-2026 17:31:48,https://nsearchives.nseindia.com/corporate/ixbrl/IT_18918_20260811_173148073_WEB.html
NURECA,NURECA LIMITED,Smita Goyal,08929179,Promoter Group,Equity,42637,0.45%,2683,"868,970.00",Buy,45320,0.47%,31-07-2026,31-07-2026,Market Purchase,11-Aug-2026 17:31:48,https://nsearchives.nseindia.com/corporate/ixbrl/IT_18918_20260811_173148073_WEB.html
THANGAMAYL,THANGAMAIYL JEWELLERY LIMITED,BALUSAMY SILVEARS JEWELLERY PRIVATE LIMITED,U52393TN2003PTC051055,Promoter Group,Equity,546836,1.76%,1330,"6,982,391.00",Buy,548166,1.76%,07-08-2026,07-08-2026,Market Purchase,11-Aug-2026 12:22:42,https://nsearchives.nseindia.com/corporate/ixbrl/IT_3067_20260811_122242812_WEB.html
CHEMBONDCH,CHEMBOND CHEMICALS LIMITED,NIRMAL V SHAH,00083853,Promoter and Director,Equity,6996413,26.02%,10000,"2,300,000.00",Buy,7006413,26.05%,06-08-2026,06-08-2026,Market Purchase,09-Aug-2026 15:09:36,https://nsearchives.nseindia.com/corporate/ixbrl/IT_26029_20260809_150936453_WEB.html
CHEMBONDCH,CHEMBOND CHEMICALS LIMITED,MAMTA N SHAH,,Promoter Group,Equity,186600,0.69%,20500,"4,715,000.00",Buy,207100,0.77%,06-08-2026,06-08-2026,Market Purchase,09-Aug-2026 15:09:36,https://nsearchives.nseindia.com/corporate/ixbrl/IT_26029_20260809_150936453_WEB.html
DIAMONDYD,Prataap Snacks Limited,Authum Investment & Infrastructure Limited,L51109MH1982PLC319008,Promoter,Equity,11240198,47.01%,7841,"9,134,765.00",Buy,11248039,47.04%,06-08-2026,06-08-2026,Market Purchase,08-Aug-2026 16:44:23,https://nsearchives.nseindia.com/corporate/ixbrl/IT_15510_20260808_164422970_WEB.html
TRUALT,TRUALT BIOENERGY LIMITED,NIRANI HOLDINGS PRIVATE LIMITED,U65990KA2022PTC169124,Promoter Group,Equity,1223830,1.43%,21600,"10,000,363.00",Buy,1245430,1.45%,05-08-2026,05-08-2026,Market Purchase,07-Aug-2026 15:32:53,https://nsearchives.nseindia.com/corporate/ixbrl/IT_24291_20260807_153253079_WEB.html
BMWVENTLTD,BMW VENTURES LIMITED,SHIVANSH KISHOREPURIA,,Promoter Group,Equity,85000,0.10%,65000,"3,915,213.00",Buy,150000,0.17%,06-08-2026,06-08-2026,Market Purchase,07-Aug-2026 13:32:29,https://nsearchives.nseindia.com/corporate/ixbrl/IT_24065_20260807_133229209_WEB.html
BMWVENTLTD,BMW VENTURES LIMITED,SHIVANSH KISHOREPURIA,,Promoter Group,Equity,0,0.00%,85000,"5,107,928.00",Buy,85000,0.10%,05-08-2026,05-08-2026,Market Purchase,06-Aug-2026 16:03:29,https://nsearchives.nseindia.com/corporate/ixbrl/IT_24065_20260806_160329737_WEB.html
THANGAMAYL,THANGAMYAYIL JEWELLERY LIMITED,THANGAMAYIL GOLD AND DIAMOND PRIVATE LIMITED,U36911TN2003PTC051396,Promoter Group,Equity,1698513,5.46%,3600,"17,318,295.00",Buy,1702113,5.48%,04-08-2026,04-08-2026,Market Purchase,06-Aug-2026 10:49:08,https://nsearchives.nseindia.com/corporate/ixbrl/IT_3067_20260806_104908492_WEB.html
STLTECH,Sterlite Technologies Limited,Pratik Praveen Agarwal,,Promoter Group,Equity,52500,0.00%,49000,"24,801,506.00",Buy,101500,0.02%,29-07-2026,29-07-2026,Market Purchase,31-Jul-2026 19:34:05,https://nsearchives.nseindia.com/corporate/ixbrl/IT_1950_20260731_193405326_WEB.html
STLTECH,Sterlite Technologies Limited,Pratik Praveen Agarwal,,Promoter Group,Equity,101500,0.02%,44500,"22,341,847.00",Buy,146000,0.03%,30-07-2026,30-07-2026,Market Purchase,31-Jul-2026 19:34:05,https://nsearchives.nseindia.com/corporate/ixbrl/IT_1950_20260731_193405326_WEB.html
SESHAPAPER,SESHASAYEE PAPER AND BOARDS LIMITED,DHANASHREE INVESTMENTS PRIVATE LIMITED,U65993TN1994PTC029413,Promoter Group,Equity,3118249,4.94%,20695,"4,850,664.00",Buy,3138944,4.98%,30-07-2026,30-07-2026,Market Purchase,30-Jul-2026 17:38:02,https://nsearchives.nseindia.com/corporate/ixbrl/IT_118_20260730_173802218_WEB.html
CONFIPET,CONFIDENCE PETROLEUM INDIA LIMITED,Essenn LPG Bottling Private Limited,,Promoter Group,Equity,30437981,9.16%,1048000,"74,932,000.00",Buy,31485981,9.48%,29-06-2026,29-06-2026,Market Purchase,02-Jul-2026 23:40:51,https://nsearchives.nseindia.com/corporate/ixbrl/IT_17510_20260702_234051087_WEB.html
NINSYS,Nintec Systems Limited,Niraj Chhaganraj Gemawat,00030749,Promoter and Director,Equity,3418866,18.40%,2700,"2,182,282.00",Buy,3421566,18.42%,29-06-2026,29-06-2026,Market Purchase,01-Jul-2026 13:42:41,https://nsearchives.nseindia.com/corporate/ixbrl/IT_21310_20260701_134241086_WEB.html
NINSYS,Nintec Systems Limited,Niraj Chhaganraj Gemawat,00030749,Promoter and Director,Equity,3421566,18.42%,300,"242,700.00",Buy,3421866,18.42%,29-06-2026,29-06-2026,Market Purchase,01-Jul-2026 13:42:41,https://nsearchives.nseindia.com/corporate/ixbrl/IT_21310_20260701_134241086_WEB.html
NINSYS,Nintec Systems Limited,Niraj Chhaganraj Gemawat,00030749,Promoter and Director,Equity,3421866,18.42%,500,"411,910.00",Buy,3422366,18.42%,30-06-2026,30-06-2026,Market Purchase,01-Jul-2026 13:42:41,https://nsearchives.nseindia.com/corporate/ixbrl/IT_21310_20260701_134241086_WEB.html
NINSYS,Nintec Systems Limited,Niraj Chhaganraj Gemawat,00030749,Promoter and Director,Equity,3422366,18.42%,3000,"2,482,834.00",Buy,3425366,18.44%,30-06-2026,30-06-2026,Market Purchase,01-Jul-2026 13:42:41,https://nsearchives.nseindia.com/corporate/ixbrl/IT_21310_20260701_134241086_WEB.html
TIGERLOGS,Tiger Logistics (India) Limited,Brahma Suppliers Private Limited,U51909DL2004PTC359860,Promoter Group,Equity,35129000,33.23%,25000,"934,500.00",Buy,35154000,33.25%,29-06-2026,29-06-2026,Market Purchase,30-Jun-2026 20:08:13,https://nsearchives.nseindia.com/corporate/ixbrl/IT_26474_20260630_200813429_WEB.html
TIGERLOGS,Tiger Logistics (India) Limited,Brahma Suppliers Private Limited,U51909DL2004PTC359860,Promoter Group,Equity,35154000,33.25%,25000,"930,750.00",Buy,35179000,33.27%,30-06-2026,30-06-2026,Market Purchase,30-Jun-2026 20:08:13,https://nsearchives.nseindia.com/corporate/ixbrl/IT_26474_20260630_200813429_WEB.html
CONFIPET,CONFIDENCE PETROLEUM INDIA LIMITED,CONFIDENCE LPG BOTTLING PRIVATE LIMITED,,Promoter Group,Equity,13666489,4.11%,1400000,"100,632,000.00",Buy,15066489,4.53%,25-06-2026,25-06-2026,Market Purchase,30-Jun-2026 18:18:43,https://nsearchives.nseindia.com/corporate/ixbrl/IT_17510_20260630_181843632_WEB.html
CONFIPET,CONFIDENCE PETROLEUM INDIA LIMITED,CONFIDENCE LPG BOTTLING PRIVATE LIMITED,,Promoter Group,Equity,12545698,3.77%,1120791,"79,609,785.00",Buy,13666489,4.11%,24-06-2026,24-06-2026,Market Purchase,29-Jun-2026 18:58:48,https://nsearchives.nseindia.com/corporate/ixbrl/IT_17510_20260629_185848763_WEB.html
OMPOWER,Om Power Transmission Limited,Kalpesh Dhanjibhai Patel,03516312,Promoter and Director,Equity,8260000,24.12%,14221,"2,601,006.00",Buy,8274221,24.16%,23-06-2026,24-06-2026,Market Purchase,27-Jun-2026 01:10:04,https://nsearchives.nseindia.com/corporate/ixbrl/IT_27090_20260627_011004700_WEB.html
OMPOWER,Om Power Transmission Limited,Kanubhai Patel,03522537,Promoter and Director,Equity,8260000,24.12%,14195,"2,600,640.00",Buy,8274195,24.16%,23-06-2026,24-06-2026,Market Purchase,27-Jun-2026 01:10:04,https://nsearchives.nseindia.com/corporate/ixbrl/IT_27090_20260627_011004700_WEB.html
OMPOWER,Om Power Transmission Limited,Vasantkumar Narayanbhai Patel,03516315,Promoter and Director,Equity,7080000,20.67%,12347,"2,245,533.00",Buy,7092347,20.71%,23-06-2026,24-06-2026,Market Purchase,27-Jun-2026 01:10:04,https://nsearchives.nseindia.com/corporate/ixbrl/IT_27090_20260627_011004700_WEB.html
DBOL,Dhampur Bio Organics Limited,Shudh Edible Products Private Limited,U51211DL2001PTC110287,Promoter Group,Equity,11218180,16.90%,18000,"2,010,960.00",Buy,11236180,16.93%,25-06-2026,25-06-2026,Market Purchase,26-Jun-2026 19:18:14,https://nsearchives.nseindia.com/corporate/ixbrl/IT_20812_20260626_191814446_WEB.html
NINSYS,Nintec Systems Limited,Niraj Chhaganraj Gemawat,00030749,Promoter and Director,Equity,3413366,18.38%,2500,"1,942,198.00",Buy,3415866,18.39%,24-06-2026,24-06-2026,Market Purchase,25-Jun-2026 18:35:16,https://nsearchives.nseindia.com/corporate/ixbrl/IT_21310_20260625_183516410_WEB.html
NINSYS,Nintec Systems Limited,Niraj Chhaganraj Gemawat,00030749,Promoter and Director,Equity,3415866,18.39%,3000,"2,365,904.00",Buy,3418866,18.40%,25-06-2026,25-06-2026,Market Purchase,25-Jun-2026 18:35:16,https://nsearchives.nseindia.com/corporate/ixbrl/IT_21310_20260625_183516410_WEB.html
DOLLAR,DOLLAR INDUSTRIES LIMITED,VK Mercantile Private Limited,U51109WB1989PTC047489,Promoter Group,Equity,8004670,14.11%,55000,"14,833,500.00",Buy,8059670,14.21%,24-06-2026,24-06-2026,Market Purchase,25-Jun-2026 17:59:15,https://nsearchives.nseindia.com/corporate/ixbrl/IT_14920_20260625_175915415_WEB.html
CONFIPET,CONFIDENCE PETROLEUM INDIA LIMITED,CONFIDENCE LPG BOTTLING PRIVATE LIMITED,,Promoter Group,Equity,11145698,3.35%,1400000,"98,938,000.00",Buy,12545698,3.77%,19-06-2026,19-06-2026,Market Purchase,23-Jun-2026 13:37:31,https://nsearchives.nseindia.com/corporate/ixbrl/IT_17510_20260623_133731133_WEB.html
MSPL,MSP STEEL & POWER LIMITED,Shree Vinay Finvest P Ltd.,U65993WB1991PTC051196,Promoter Group,Equity,22136843,3.91%,730000,"31,466,285.00",Buy,22866843,4.03%,16-06-2026,16-06-2026,Market Purchase,22-Jun-2026 17:33:26,https://nsearchives.nseindia.com/corporate/ixbrl/IT_2306_20260622_173326406_WEB.html
MSPL,MSP STEEL & POWER LIMITED,Ginny Traders Pvt Ltd,U51109WB1991PTC051282,Promoter Group,Equity,11693819,2.06%,530000,"22,755,497.00",Buy,12223819,2.16%,16-06-2026,16-06-2026,Market Purchase,22-Jun-2026 17:33:26,https://nsearchives.nseindia.com/corporate/ixbrl/IT_2306_20260622_173326406_WEB.html
MSPL,MSP STEEL & POWER LIMITED,Ginny Traders Pvt Ltd,U51109WB1991PTC051282,Promoter Group,Equity,12223819,2.16%,1250000,"52,696,485.00",Buy,13473819,2.38%,17-06-2026,18-06-2026,Market Purchase,22-Jun-2026 17:33:26,https://nsearchives.nseindia.com/corporate/ixbrl/IT_2306_20260622_173326406_WEB.html
MSPL,MSP STEEL & POWER LIMITED,Sampat Marketing Company Pvt Ltd,U51109WB1995PTC075420,Promoter Group,Equity,13006642,2.30%,890000,"38,831,857.00",Buy,13896642,2.46%,16-06-2026,16-06-2026,Market Purchase,22-Jun-2026 17:33:26,https://nsearchives.nseindia.com/corporate/ixbrl/IT_2306_20260622_173326406_WEB.html
MSPL,MSP STEEL & POWER LIMITED,Sampat Marketing Company Pvt Ltd,U51109WB1995PTC075420,Promoter Group,Equity,13896642,2.46%,1100000,"46,406,030.00",Buy,14996642,2.65%,17-06-2026,17-06-2026,Market Purchase,22-Jun-2026 17:33:26,https://nsearchives.nseindia.com/corporate/ixbrl/IT_2306_20260622_173326406_WEB.html
MSPL,MSP STEEL & POWER LIMITED,Ilex Private Limited,U28991WB1976PTC030724,Promoter Group,Equity,17163500,3.03%,1000000,"42,397,025.00",Buy,18163500,3.21%,17-06-2026,18-06-2026,Market Purchase,22-Jun-2026 17:33:26,https://nsearchives.nseindia.com/corporate/ixbrl/IT_2306_20260622_173326406_WEB.html
MSPL,MSP STEEL & POWER LIMITED,M A Hire Purchase Private Limited,U65921WB1995PTC133224,Promoter Group,Equity,17180000,3.03%,950000,"40,069,290.00",Buy,18130000,3.20%,18-06-2026,18-06-2026,Market Purchase,22-Jun-2026 17:33:26,https://nsearchives.nseindia.com/corporate/ixbrl/IT_2306_20260622_173326406_WEB.html
NINSYS,Nintec Systems Limited,Niraj Chhaganraj Gemawat,00030749,Promoter and Director,Equity,3399366,18.30%,1000,"700,662.00",Buy,3400366,18.31%,19-06-2026,19-06-2026,Market Purchase,20-Jun-2026 14:48:19,https://nsearchives.nseindia.com/corporate/ixbrl/IT_21310_20260620_144819141_WEB.html
NINSYS,Nintec Systems Limited,Niraj Chhaganraj Gemawat,00030749,Promoter and Director,Equity,3400366,18.31%,1000,"710,907.00",Buy,3401366,18.31%,19-06-2026,19-06-2026,Market Purchase,20-Jun-2026 14:48:19,https://nsearchives.nseindia.com/corporate/ixbrl/IT_21310_20260620_144819141_WEB.html
NINSYS,Nintec Systems Limited,Niraj Chhaganraj Gemawat,00030749,Promoter and Director,Equity,3401366,18.31%,500,"359,598.00",Buy,3401866,18.31%,19-06-2026,19-06-2026,Market Purchase,20-Jun-2026 14:48:19,https://nsearchives.nseindia.com/corporate/ixbrl/IT_21310_20260620_144819141_WEB.html
NINSYS,Nintec Systems Limited,Niraj Chhaganraj Gemawat,00030749,Promoter and Director,Equity,3401866,18.31%,200,"144,000.00",Buy,3402066,18.31%,19-06-2026,19-06-2026,Market Purchase,20-Jun-2026 14:48:19,https://nsearchives.nseindia.com/corporate/ixbrl/IT_21310_20260620_144819141_WEB.html
NINSYS,Nintec Systems Limited,Niraj Chhaganraj Gemawat,00030749,Promoter and Director,Equity,3402066,18.31%,1000,"720,000.00",Buy,3403066,18.32%,19-06-2026,19-06-2026,Market Purchase,20-Jun-2026 14:48:19,https://nsearchives.nseindia.com/corporate/ixbrl/IT_21310_20260620_144819141_WEB.html
NINSYS,Nintec Systems Limited,Niraj Chhaganraj Gemawat,00030749,Promoter and Director,Equity,3403066,18.32%,300,"216,000.00",Buy,3403366,18.32%,19-06-2026,19-06-2026,Market Purchase,20-Jun-2026 14:48:19,https://nsearchives.nseindia.com/corporate/ixbrl/IT_21310_20260620_144819141_WEB.html
ARIS,ARISINFRA SOLUTIONS LIMITED,Mr. Siddharth Bhaskar Shah,,Promoter,Equity,2093567,2.56%,405000,"54,634,481.00",Buy,2498567,3.06%,18-09-2026,18-09-2026,Market Purchase,18-Sep-2026 22:42:40,https://nsearchives.nseindia.com/corporate/ixbrl/IT_24258_20260918_224240459_WEB.html
LAOPALA,LA OPALA RG LIMITED,GENESIS EXPORTS PRIVATE LIMITED,U26919WB1981PTC033906,Promoter,Equity,52450000,47.25%,50000,"7,834,435.00",Buy,52500000,47.30%,17-09-2026,17-09-2026,Market Purchase,18-Sep-2026 15:46:46,https://nsearchives.nseindia.com/corporate/ixbrl/IT_2553_20260918_154646684_WEB.html
SHAKTIPUMP,SHAKTI PUMPS (INDIA) LIMITED,SHAKTI FUTURE TRUST,,Promoter,Equity,9016000,7.31%,10000,"4,633,803.00",Buy,9026000,7.32%,16-09-2026,16-09-2026,Market Purchase,18-Sep-2026 14:31:28,https://nsearchives.nseindia.com/corporate/ixbrl/IT_5329_20260918_143128310_WEB.html
ARIS,ARISINFRA SOLUTIONS LIMITED,Mr. Siddharth Bhaskar Shah,,Promoter,Equity,775320,0.95%,300000,"38,214,300.00",Buy,1075320,1.31%,17-09-2026,17-09-2026,Market Purchase,17-Sep-2026 23:34:31,https://nsearchives.nseindia.com/corporate/ixbrl/IT_24258_20260917_233431683_WEB.html
ARIS,ARISINFRA SOLUTIONS LIMITED,Mr. Siddharth Bhaskar Shah,,Promoter,Equity,1075320,1.31%,1018247,"127,664,905.00",Buy,2093567,2.56%,17-09-2026,17-09-2026,Market Purchase,17-Sep-2026 23:34:31,https://nsearchives.nseindia.com/corporate/ixbrl/IT_24258_20260917_233431683_WEB.html
TTL,T T LIMITED,T. T. BRANDS LIMITED,,Promoter Group,Equity,90556882,35.06%,500,"3,345.00",Buy,90557382,35.06%,15-09-2026,15-09-2026,Market Purchase,17-Sep-2026 17:48:54,https://nsearchives.nseindia.com/corporate/ixbrl/IT_2534_20260917_174854339_WEB.html
LAOPALA,LA OPALA RG LIMITED,GENESIS EXPORTS PRIVATE LIMITED,U26919WB1981PTC033906,Promoter,Equity,52250000,47.07%,200000,"32,071,613.00",Buy,52450000,47.25%,15-09-2026,16-09-2026,Market Purchase,17-Sep-2026 16:59:38,https://nsearchives.nseindia.com/corporate/ixbrl/IT_2553_20260917_165938510_WEB.html
FOCUS,Focus Lighting And Fixtures Limited,Amit Vinod Sheth,01468052,Promoter,Equity,34545969,51.22%,64000,"3,998,720.00",Buy,34609969,51.31%,10-09-2026,11-09-2026,Market Purchase,17-Sep-2026 13:44:13,https://nsearchives.nseindia.com/corporate/ixbrl/IT_14891_20260917_134412940_WEB.html
SRGHFL,SRG HOUSING FINANCE LIMITED,Vinod Kumar Jain,L65922RJ1999PLC015440,Promoter,Equity,3216387,20.48%,70000,"9,777,670.00",Buy,3286387,20.92%,15-09-2026,15-09-2026,Market Purchase,17-Sep-2026 12:19:13,https://nsearchives.nseindia.com/corporate/ixbrl/IT_22272_20260917_121913528_WEB.html
SRGHFL,SRG HOUSING FINANCE LIMITED,Vinod Kumar Jain,L65922RJ1999PLC015440,Promoter,Equity,3286387,20.92%,40000,"5,040,520.00",Buy,3326387,21.18%,16-09-2026,16-09-2026,Market Purchase,17-Sep-2026 12:19:13,https://nsearchives.nseindia.com/corporate/ixbrl/IT_22272_20260917_121913528_WEB.html
SRGHFL,SRG HOUSING FINANCE LIMITED,Archis Jain,L65922RJ1999PLC015440,Promoter Group,Equity,1176392,7.49%,40000,"5,012,220.00",Buy,1216392,7.74%,16-09-2026,16-09-2026,Market Purchase,17-Sep-2026 12:19:13,https://nsearchives.nseindia.com/corporate/ixbrl/IT_22272_20260917_121913528_WEB.html
BLBLIMITED,BLB LIMITED,Brij Rattan Bagri,00007441,Promoter and Director,Equity,24946151,47.19%,62158,"996,393.00",Buy,25008309,47.31%,16-09-2026,16-09-2026,Market Purchase,17-Sep-2026 09:33:58,https://nsearchives.nseindia.com/corporate/ixbrl/IT_1893_20260917_093358066_WEB.html
JARO,JARO INSTITUTE OF TECHNOLOGY MANAGEMENT AND RESEARCH LIMITED,Sanjay Namdeo Salunkhe,,Promoter,Equity,12354822,55.46%,23400,"11,057,236.00",Buy,12378222,55.56%,15-09-2026,15-09-2026,Market Purchase,16-Sep-2026 18:11:10,https://nsearchives.nseindia.com/corporate/ixbrl/IT_24645_20260916_181110397_WEB.html
NPST,NETWORK PEOPLE SERVICES TECHNOLOGIES LIMITED,DEEPAK CHAND THAKUR,06713945,Promoter and Director,Equity,3789487,18.16%,1246,"1,972,119.00",Buy,3790733,18.17%,25-06-2026,25-06-2026,Market Purchase,16-Sep-2026 16:38:02,https://nsearchives.nseindia.com/corporate/ixbrl/IT_19148_20260916_163802378_WEB.html
NPST,NETWORK PEOPLE SERVICES TECHNOLOGIES LIMITED,DEEPAK CHAND THAKUR,06713945,Promoter and Director,Equity,3790733,18.17%,49032,"77,605,888.00",Buy,3839765,18.40%,25-06-2026,25-06-2026,Market Purchase,16-Sep-2026 16:38:02,https://nsearchives.nseindia.com/corporate/ixbrl/IT_19148_20260916_163802378_WEB.html
NPST,NETWORK PEOPLE SERVICES TECHNOLOGIES LIMITED,ASHISH AGGARWAL,06986812,Promoter and Director,Equity,3786470,18.15%,30491,"48,023,325.00",Buy,3816961,18.29%,25-06-2026,25-06-2026,Market Purchase,16-Sep-2026 16:38:02,https://nsearchives.nseindia.com/corporate/ixbrl/IT_19148_20260916_163802378_WEB.html
CONTROLPR,CONTROL PRINT LIMITED,BASANT KABRA,00176807,Promoter,Equity,1454876,9.10%,25000,"14,507,290.00",Buy,1479876,9.26%,11-09-2026,15-09-2026,Market Purchase,15-Sep-2026 21:28:46,https://nsearchives.nseindia.com/corporate/ixbrl/IT_13947_20260915_212846735_WEB.html
STUDDS,Studds Accessories Limited,Sidhartha Bhushan Khurana,00172788,Promoter and Director,Equity,11709360,29.75%,16609,"6,931,636.00",Buy,11725969,29.80%,11-09-2026,11-09-2026,Market Purchase,15-Sep-2026 15:41:06,https://nsearchives.nseindia.com/corporate/ixbrl/IT_25886_20260915_154106461_WEB.html
VISAKAIND,Visaka Industries Limited,VIGILANCE SECURITY SERVICES PRIVATE LIMITED,U45100TG1989PTC010383,Promoter Group,Equity,4328754,5.01%,10000,"903,819.00",Buy,4338754,5.02%,11-09-2026,11-09-2026,Market Purchase,15-Sep-2026 11:39:20,https://nsearchives.nseindia.com/corporate/ixbrl/IT_1388_20260915_113920356_WEB.html
SIGIND,Signet Industries Limited,Mukesh Sangla,00189676,Promoter and Director,Equity,1391106,4.73%,21464,"1,484,985.00",Buy,1412570,4.80%,10-09-2026,10-09-2026,Market Purchase,14-Sep-2026 10:37:11,https://nsearchives.nseindia.com/corporate/ixbrl/IT_16593_20260914_103711122_WEB.html
WSI,W S Industries (I) Limited,Mamatha P,,Promoter Group,Equity,1064287,1.40%,380,"22,498.00",Buy,1064667,1.40%,10-09-2026,10-09-2026,Market Purchase,12-Sep-2026 15:59:46,https://nsearchives.nseindia.com/corporate/ixbrl/IT_587_20260912_155945927_WEB.html
JARO,JARO INSTITUTE OF TECHNOLOGY MANAGEMENT AND RESEARCH LIMITED,Sanjay Namdeo Salunkhe,,Promoter,Equity,12349822,55.45%,5000,"2,283,811.00",Buy,12354822,55.48%,11-09-2026,11-09-2026,Market Purchase,12-Sep-2026 14:03:58,https://nsearchives.nseindia.com/corporate/ixbrl/IT_24645_20260912_140358216_WEB.html
SILVERTUC,SILVER TOUCH TECHNOLOGIES LIMITED,Vipul Haridas Thakkar,00169558,Promoter and Director,Equity,26892760,21.21%,1000,"161,560.00",Buy,26893760,21.21%,09-09-2026,09-09-2026,Market Purchase,11-Sep-2026 18:28:49,https://nsearchives.nseindia.com/corporate/ixbrl/IT_15598_20260911_182849199_WEB.html
SRHHYPOLTD,Sree Rayalaseema Hi-Strength Hypo Limited,TGV IndustriesPrivate Limited,U28999AP2020PTC113982,Promoter Group,Equity,38573,0.22%,3680,"1,918,555.00",Buy,42253,0.25%,11-09-2026,11-09-2026,Market Purchase,11-Sep-2026 16:34:30,https://nsearchives.nseindia.com/corporate/ixbrl/IT_2588_20260911_163430650_WEB.html
OBCL,OBCL LIMITED,OBCL INFRASTRUCTURE PRIVATE LIMITED,U45201CT2007PTC020300,Promoter Group,Equity,2345288,11.12%,4750,"264,002.00",Buy,2350038,11.14%,08-09-2026,10-09-2026,Market Purchase,11-Sep-2026 13:35:40,https://nsearchives.nseindia.com/corporate/ixbrl/IT_20443_20260911_133540302_WEB.html
TAINWALCHM,TAINWALA CHEMICALS AND PLASTICS (INDIA) LIMITED,PERIWINKLE FASHIONS PRIVATE LIMITED,U74994MH2004PTC144846,Promoter Group,Equity,51142,0.54%,2787,"585,437.00",Buy,53929,0.57%,10-09-2026,10-09-2026,Market Purchase,11-Sep-2026 11:54:10,https://nsearchives.nseindia.com/corporate/ixbrl/IT_481_20260911_115410478_WEB.html
DIAMINESQ,DIAMINES & CHEMICALS LIMITED,Amit M Mehta,00073907,Promoter and Director,Equity,1372257,13.65%,1050,"265,348.00",Buy,1373307,13.66%,09-09-2026,09-09-2026,Market Purchase,11-Sep-2026 10:25:22,https://nsearchives.nseindia.com/corporate/ixbrl/IT_22360_20260911_102522509_WEB.html
DIAMINESQ,DIAMINES & CHEMICALS LIMITED,Cherry A Mehta,,Promoter,Equity,1162869,11.56%,266,"67,011.00",Buy,1163135,11.57%,09-09-2026,09-09-2026,Market Purchase,11-Sep-2026 10:25:22,https://nsearchives.nseindia.com/corporate/ixbrl/IT_22360_20260911_102522509_WEB.html
DIAMINESQ,DIAMINES & CHEMICALS LIMITED,Mohak A Mehta,,Promoter,Equity,555355,5.52%,344,"86,669.00",Buy,555699,5.53%,09-09-2026,09-09-2026,Market Purchase,11-Sep-2026 10:25:22,https://nsearchives.nseindia.com/corporate/ixbrl/IT_22360_20260911_102522509_WEB.html
DIAMINESQ,DIAMINES & CHEMICALS LIMITED,Harsh A Mehta,,Promoter,Equity,563780,5.61%,127,"31,750.00",Buy,563907,5.61%,09-09-2026,09-09-2026,Market Purchase,11-Sep-2026 10:25:22,https://nsearchives.nseindia.com/corporate/ixbrl/IT_22360_20260911_102522509_WEB.html
DIAMINESQ,DIAMINES & CHEMICALS LIMITED,Perfo Chem (India) Pvt. Ltd,,Promoter Group,Equity,988043,9.83%,720,"181,423.00",Buy,988763,9.83%,09-09-2026,09-09-2026,Market Purchase,11-Sep-2026 10:25:22,https://nsearchives.nseindia.com/corporate/ixbrl/IT_22360_20260911_102522509_WEB.html
DIAMINESQ,DIAMINES & CHEMICALS LIMITED,S Amit Speciality Chemicals Pvt. Ltd.,,Promoter Group,Equity,514384,5.12%,204,"51,130.00",Buy,514588,5.12%,09-09-2026,09-09-2026,Market Purchase,11-Sep-2026 10:25:22,https://nsearchives.nseindia.com/corporate/ixbrl/IT_22360_20260911_102522509_WEB.html
SIGIND,Signet Industries Limited,Mukesh Sangla,00189676,Promoter and Director,Equity,1357145,4.61%,7642,"541,402.00",Buy,1364787,4.64%,08-09-2026,08-09-2026,Market Purchase,10-Sep-2026 20:30:39,https://nsearchives.nseindia.com/corporate/ixbrl/IT_16593_20260910_203039295_WEB.html
NURECA,NURECA LIMITED,SMITA GOYAL,08929179,Promoter Group,Equity,56344,0.59%,1000,"334,000.00",Buy,57344,0.60%,09-09-2026,09-09-2026,Market Purchase,10-Sep-2026 16:05:02,https://nsearchives.nseindia.com/corporate/ixbrl/IT_18918_20260910_160502422_WEB.html
GANDHAR,GANDHAR OIL REFINERY (INDIA) LIMITED,Ramesh Babulal Parekh,01108443,Promoter and Director,Equity,28139627,28.74%,19000,"5,079,101.00",Buy,28158627,28.76%,07-09-2026,07-09-2026,Market Purchase,09-Sep-2026 20:29:30,https://nsearchives.nseindia.com/corporate/ixbrl/IT_21453_20260909_202930268_WEB.html
GANDHAR,GANDHAR OIL REFINERY (INDIA) LIMITED,Ramesh Babulal Parekh,01108443,Promoter and Director,Equity,28158627,28.76%,31000,"8,198,905.00",Buy,28189627,28.79%,08-09-2026,08-09-2026,Market Purchase,09-Sep-2026 20:29:30,https://nsearchives.nseindia.com/corporate/ixbrl/IT_21453_20260909_202930268_WEB.html
JASH,JASH ENGINEERING LIMITED,Pratik Patel,00780920,Promoter and Director,Equity,7578805,11.99%,10000,"5,086,609.00",Buy,7588805,12.01%,08-09-2026,08-09-2026,Market Purchase,09-Sep-2026 16:48:15,https://nsearchives.nseindia.com/corporate/ixbrl/IT_15524_20260909_164815058_WEB.html
SINCLAIR,SINCLAIRS HOTELS LIMITED,NAVIN CHAND SUCHANTI,00273663,Promoter,Equity,3750867,7.31%,19278,"1,650,464.00",Buy,3770145,7.35%,07-09-2026,08-09-2026,Market Purchase,09-Sep-2026 13:34:52,https://nsearchives.nseindia.com/corporate/ixbrl/IT_22933_20260909_133452281_WEB.html
SHAKTIPUMP,SHAKTI PUMPS (INDIA) LIMITED,SHAKTI BROTHERS TRUST,,Promoter,Equity,9385200,7.61%,11800,"5,598,901.00",Buy,9397000,7.62%,08-09-2026,08-09-2026,Market Purchase,09-Sep-2026 12:43:57,https://nsearchives.nseindia.com/corporate/ixbrl/IT_5329_20260909_124357287_WEB.html
SRHHYPOLTD,Sree Rayalaseema Hi-Strength Hypo Limited,TGV Industries Private Limited,U28999AP2020PTC113982,Promoter Group,Equity,24359,0.14%,148,"73,733.00",Buy,24507,0.14%,03-09-2026,03-09-2026,Market Purchase,08-Sep-2026 17:27:36,https://nsearchives.nseindia.com/corporate/ixbrl/IT_2588_20260908_172736432_WEB.html
SRHHYPOLTD,Sree Rayalaseema Hi-Strength Hypo Limited,TGV IndustriesPrivate Limited,U28999AP2020PTC113982,Promoter Group,Equity,24507,0.14%,1500,"799,433.00",Buy,26007,0.15%,07-09-2026,07-09-2026,Market Purchase,08-Sep-2026 17:27:36,https://nsearchives.nseindia.com/corporate/ixbrl/IT_2588_20260908_172736432_WEB.html
SRHHYPOLTD,Sree Rayalaseema Hi-Strength Hypo Limited,TGV IndustriesPrivate Limited,U28999AP2020PTC113982,Promoter Group,Equity,26007,0.15%,4500,"2,388,874.00",Buy,30507,0.18%,08-09-2026,08-09-2026,Market Purchase,08-Sep-2026 17:27:36,https://nsearchives.nseindia.com/corporate/ixbrl/IT_2588_20260908_172736432_WEB.html
BERGEPAINT,BERGER PAINTS (I) LIMITED,Mr Kanwardip Singh Dhingra,02696670,Promoter,Equity,840000,0.07%,19788,"9,599,954.00",Buy,859788,0.07%,07-09-2026,07-09-2026,Market Purchase,08-Sep-2026 12:49:55,https://nsearchives.nseindia.com/corporate/ixbrl/IT_488_20260908_124955255_WEB.html
BERGEPAINT,BERGER PAINTS (I) LIMITED,MsRishma Kaur,00043154,Promoter,Equity,720000,0.06%,24735,"12,413,936.00",Buy,744735,0.06%,07-09-2026,07-09-2026,Market Purchase,08-Sep-2026 12:49:55,https://nsearchives.nseindia.com/corporate/ixbrl/IT_488_20260908_124955255_WEB.html
BERGEPAINT,BERGER PAINTS (I) LIMITED,Ms Sunaina Kohli,06720379,Promoter,Equity,720000,0.06%,14840,"7,193,875.00",Buy,734840,0.06%,07-09-2026,07-09-2026,Market Purchase,08-Sep-2026 12:49:55,https://nsearchives.nseindia.com/corporate/ixbrl/IT_488_20260908_124955255_WEB.html
BERGEPAINT,BERGER PAINTS (I) LIMITED,Ms Anshana Sawhney,00042787,Promoter,Equity,720000,0.06%,14841,"7,197,659.00",Buy,734841,0.06%,07-09-2026,07-09-2026,Market Purchase,08-Sep-2026 12:49:55,https://nsearchives.nseindia.com/corporate/ixbrl/IT_488_20260908_124955255_WEB.html
BERGEPAINT,BERGER PAINTS (I) LIMITED,Ms Jessima Kumar,,Promoter,Equity,720000,0.06%,24734,"12,030,894.00",Buy,744734,0.06%,07-09-2026,07-09-2026,Market Purchase,08-Sep-2026 12:49:55,https://nsearchives.nseindia.com/corporate/ixbrl/IT_488_20260908_124955255_WEB.html
CHEMBOND,CHEMBOND MATERIAL TECHNOLOGIES LIMITED,Raunaq Sameer Shah,,Promoter Group,Equity,16210,0.12%,2710,"461,947.00",Buy,18920,0.14%,03-09-2026,03-09-2026,Market Purchase,07-Sep-2026 14:21:56,https://nsearchives.nseindia.com/corporate/ixbrl/IT_17634_20260907_142156662_WEB.html
CHEMBOND,CHEMBOND MATERIAL TECHNOLOGIES LIMITED,S an N Ventures Private Limited,U24117MH2007PTC166639,Promoter Group,Equity,262200,1.95%,12310,"2,098,240.00",Buy,274510,2.04%,03-09-2026,03-09-2026,Market Purchase,07-Sep-2026 14:21:56,https://nsearchives.nseindia.com/corporate/ixbrl/IT_17634_20260907_142156662_WEB.html
ALMONDZ,ALMONDZ GLOBAL SECURITIES LIMITED,INNOVATIVE MONEY MATTERS PRIVATE LIMITED,U74899DL1994PTC057217,Promoter,Equity,587858,0.30%,110000,"1,975,906.00",Buy,697858,0.36%,04-09-2026,04-09-2026,Market Purchase,07-Sep-2026 11:49:39,https://nsearchives.nseindia.com/corporate/ixbrl/IT_2757_20260907_114939170_WEB.html
WSI,W S Industries (I) Limited,S. Aravindan,,Promoter,Equity,4682622,6.17%,10000,"597,500.00",Buy,4692622,6.18%,03-09-2026,03-09-2026,Market Purchase,05-Sep-2026 17:27:19,https://nsearchives.nseindia.com/corporate/ixbrl/IT_587_20260905_172719556_WEB.html
WSI,W S Industries (I) Limited,Mamatha P,,Promoter Group,Equity,1055287,1.39%,1709,"104,216.00",Buy,1056996,1.39%,03-09-2026,03-09-2026,Market Purchase,05-Sep-2026 17:27:19,https://nsearchives.nseindia.com/corporate/ixbrl/IT_587_20260905_172719556_WEB.html
NAVA,NAVA LIMITED,AV Dwellings Private Limited,U45200TG2005PTC047891,Promoter Group,Equity,4910000,1.73%,10000,"5,605,844.00",Buy,4920000,1.74%,01-09-2026,03-09-2026,Market Purchase,04-Sep-2026 17:05:17,https://nsearchives.nseindia.com/corporate/ixbrl/IT_1264_20260904_170517555_WEB.html
LIBAS,Libas Consumer Products Limited,Riyaz Ganji,02236203,Promoter and Director,Equity,4592554,17.43%,3550,"38,019.00",Buy,4596104,17.45%,01-09-2026,02-09-2026,Market Purchase,04-Sep-2026 15:50:33,https://nsearchives.nseindia.com/corporate/ixbrl/IT_14456_20260904_155033703_WEB.html
ALEMBICLTD,Alembic Limited,Nirayu  Private Limited,U28100GJ1971PTC098778,Promoter Group,Equity,162831252,63.41%,9495,"940,827.00",Buy,162840747,63.42%,02-09-2026,02-09-2026,Market Purchase,03-Sep-2026 20:35:49,https://nsearchives.nseindia.com/corporate/ixbrl/IT_1817_20260903_203549258_WEB.html
EIEL,ENVIRO INFRA ENGINEERS LIMITED,MANISH JAIN,02671522,Promoter and Director,Equity,48938471,27.88%,40000,"7,691,600.00",Buy,48978471,27.90%,01-09-2026,01-09-2026,Market Purchase,03-Sep-2026 16:29:20,https://nsearchives.nseindia.com/corporate/ixbrl/IT_21143_20260903_162920238_WEB.html
EIEL,ENVIRO INFRA ENGINEERS LIMITED,MANISH JAIN,02671522,Promoter and Director,Equity,48978471,27.90%,22529,"4,274,878.00",Buy,49001000,27.92%,02-09-2026,02-09-2026,Market Purchase,03-Sep-2026 16:29:20,https://nsearchives.nseindia.com/corporate/ixbrl/IT_21143_20260903_162920238_WEB.html
SUPERSPIN,SUPER SPINNING MILLS LIMITED,SUPER SARA TEXTILES LIMITED,U17111TZ2005PLC012229,Promoter Group,Equity,122077,0.22%,153055,"939,764.00",Buy,275132,0.50%,17-08-2026,31-08-2026,Market Purchase,02-Sep-2026 18:56:47,https://nsearchives.nseindia.com/corporate/ixbrl/IT_122_20260902_185647901_WEB.html
SUPERSPIN,SUPER SPINNING MILLS LIMITED,SUPER SARA TEXTILES LIMITED,U17111TZ2005PLC012229,Promoter Group,Equity,275132,0.50%,26144,"154,275.00",Buy,301276,0.55%,17-08-2026,31-08-2026,Market Purchase,02-Sep-2026 18:56:47,https://nsearchives.nseindia.com/corporate/ixbrl/IT_122_20260902_185647901_WEB.html
INDOCO,INDOCO REMEDIES LIMITED,ADITI M. PANANDIKAR,00179113,Promoter and Director,Equity,2922158,3.17%,2000,"482,000.00",Buy,2924158,3.17%,01-09-2026,01-09-2026,Market Purchase,02-Sep-2026 17:19:24,https://nsearchives.nseindia.com/corporate/ixbrl/IT_2257_20260902_171924096_WEB.html
INDOCO,INDOCO REMEDIES LIMITED,MADHURA SURESH KARE,,Promoter,Equity,2484513,2.69%,2000,"482,000.00",Buy,2486513,2.69%,01-09-2026,01-09-2026,Market Purchase,02-Sep-2026 17:19:24,https://nsearchives.nseindia.com/corporate/ixbrl/IT_2257_20260902_171924096_WEB.html
SRHHYPOLTD,Sree Rayalaseema Hi-Strength Hypo Limited,TGV Industries Private Limited,U28999AP2020PTC113982,Promoter Group,Equity,21859,0.13%,2500,"1,240,668.00",Buy,24359,0.14%,02-09-2026,02-09-2026,Market Purchase,02-Sep-2026 16:26:58,https://nsearchives.nseindia.com/corporate/ixbrl/IT_2588_20260902_162658365_WEB.html
EIEL,ENVIRO INFRA ENGINEERS LIMITED,Manish Jain,02671522,Promoter and Director,Equity,48931000,27.88%,7471,"1,464,316.00",Buy,48938471,27.88%,31-08-2026,31-08-2026,Market Purchase,01-Sep-2026 16:59:53,https://nsearchives.nseindia.com/corporate/ixbrl/IT_21143_20260901_165953824_WEB.html
BLBLIMITED,BLB LIMITED,Brij Rattan Bagri,00007441,Promoter and Director,Equity,24484142,46.31%,40589,"652,265.00",Buy,24524731,46.39%,31-08-2026,31-08-2026,Market Purchase,01-Sep-2026 11:52:30,https://nsearchives.nseindia.com/corporate/ixbrl/IT_1893_20260901_115230752_WEB.html
AVONMORE,AVONMORE CAPITAL & MANAGEMENT SERVICES LIMITED,INNOVATIVE MONEY MATTERS PRIVATE LIMITED,U74899DL1994PTC057217,Promoter,Equity,94624785,33.53%,60000,"816,560.00",Buy,94684785,33.55%,31-08-2026,31-08-2026,Market Purchase,01-Sep-2026 10:04:36,https://nsearchives.nseindia.com/corporate/ixbrl/IT_20397_20260901_100436129_WEB.html
OBCL,OBCL LIMITED,OBCL INFRASTRUCTURE PRIVATE LIMITED,U45201CT2007PTC020300,Promoter Group,Equity,2310617,10.95%,20629,"1,120,264.00",Buy,2331246,11.05%,24-08-2026,25-08-2026,Market Purchase,31-Aug-2026 17:27:10,https://nsearchives.nseindia.com/corporate/ixbrl/IT_20443_20260831_172710703_WEB.html
SIGIND,Signet Industries Limited,Mukesh Sangla,00189676,Promoter and Director,Equity,1299998,4.42%,17756,"1,269,936.00",Buy,1317754,4.48%,28-08-2026,28-08-2026,Market Purchase,31-Aug-2026 12:59:32,https://nsearchives.nseindia.com/corporate/ixbrl/IT_16593_20260831_125931999_WEB.html
NIITLTD,NIIT Limited,Pawar Family Trust,,Promoter Group,Equity,26970780,19.69%,240890,"24,647,489.00",Buy,27211670,19.86%,25-08-2026,26-08-2026,Market Purchase,31-Aug-2026 11:42:10,https://nsearchives.nseindia.com/corporate/ixbrl/IT_2209_20260831_114210660_WEB.html
NIITLTD,NIIT Limited,Thadani Family Trust,,Promoter Group,Equity,27519364,20.09%,240890,"24,648,549.00",Buy,27760254,20.26%,25-08-2026,26-08-2026,Market Purchase,31-Aug-2026 11:42:10,https://nsearchives.nseindia.com/corporate/ixbrl/IT_2209_20260831_114210660_WEB.html
SGIL,SYNERGY GREEN INDUSTRIES LIMITED,TARINI SANAT SHIRGAOKAR,,Promoter Group,Equity,82000,0.53%,2000,"1,170,000.00",Buy,84000,0.54%,27-08-2026,28-08-2026,Market Purchase,30-Aug-2026 17:41:52,https://nsearchives.nseindia.com/corporate/ixbrl/IT_19808_20260830_174152408_WEB.html
TTL,T T LIMITED,T. T. BRANDS LIMITED,,Promoter Group,Equity,89578820,34.67%,40600,"269,797.00",Buy,89619420,34.69%,28-08-2026,28-08-2026,Market Purchase,29-Aug-2026 18:49:09,https://nsearchives.nseindia.com/corporate/ixbrl/IT_2534_20260829_184909376_WEB.html
SIGIND,Signet Industries Limited,Mukesh Sangla,00189676,Promoter and Director,Equity,1295988,4.40%,4010,"282,647.00",Buy,1299998,4.42%,28-08-2026,28-08-2026,Market Purchase,29-Aug-2026 15:07:09,https://nsearchives.nseindia.com/corporate/ixbrl/IT_16593_20260829_150709884_WEB.html
BLBLIMITED,BLB LIMITED,Brij Rattan Bagri,00007441,Promoter and Director,Equity,24464142,46.28%,20000,"319,800.00",Buy,24484142,46.31%,28-08-2026,28-08-2026,Market Purchase,29-Aug-2026 13:03:51,https://nsearchives.nseindia.com/corporate/ixbrl/IT_1893_20260829_130351822_WEB.html
WSI,W S Industries (I) Limited,Mamatha P,,Promoter Group,Equity,1032287,1.36%,7900,"480,156.00",Buy,1040187,1.37%,26-08-2026,27-08-2026,Market Purchase,29-Aug-2026 10:31:04,https://nsearchives.nseindia.com/corporate/ixbrl/IT_587_20260829_103104247_WEB.html
CONFIPET,CONFIDENCE PETROLEUM INDIA LIMITED,CONFIDENCE LPG BOTTLING PRIVATE LIMITED,,Promoter Group,Equity,19226361,5.79%,419447,"30,279,990.00",Buy,19645808,5.91%,24-08-2026,24-08-2026,Market Purchase,28-Aug-2026 21:36:16,https://nsearchives.nseindia.com/corporate/ixbrl/IT_17510_20260828_213616323_WEB.html
ALMONDZ,ALMONDZ GLOBAL SECURITIES LIMITED,INNOVATIVE MONEY MATTERS PRIVATE LIMITED,U74899DL1994PTC057217,Promoter,Equity,0,0.00%,195000,"3,173,606.00",Buy,195000,0.10%,27-08-2026,27-08-2026,Market Purchase,28-Aug-2026 11:38:26,https://nsearchives.nseindia.com/corporate/ixbrl/IT_2757_20260828_113826331_WEB.html
NCLIND,NCL INDUSTRIES LIMITED,NCL HOLDINGS (A&S) LTD,U65920TG2018PLC121664,Promoter Group,Equity,415118,0.92%,154,"26,534.00",Buy,415272,0.92%,25-08-2026,25-08-2026,Market Purchase,27-Aug-2026 15:19:02,https://nsearchives.nseindia.com/corporate/ixbrl/IT_2568_20260827_151902774_WEB.html
CSLFINANCE,CSL Finance Limited,Rohit Gupta HUF,,Promoter,Equity,360136,1.58%,2058,"466,014.00",Buy,362194,1.59%,24-08-2026,24-08-2026,Market Purchase,27-Aug-2026 14:55:32,https://nsearchives.nseindia.com/corporate/ixbrl/IT_20784_20260827_145532475_WEB.html
CSLFINANCE,CSL Finance Limited,Rohit Gupta HUF,,Promoter,Equity,362194,1.58%,10000,"2,300,000.00",Buy,372194,1.63%,24-08-2026,24-08-2026,Market Purchase,27-Aug-2026 14:55:32,https://nsearchives.nseindia.com/corporate/ixbrl/IT_20784_20260827_145532475_WEB.html
CSLFINANCE,CSL Finance Limited,Rohit Gupta HUF,,Promoter,Equity,372194,1.63%,5915,"1,354,476.00",Buy,378109,1.66%,25-08-2026,25-08-2026,Market Purchase,27-Aug-2026 14:55:32,https://nsearchives.nseindia.com/corporate/ixbrl/IT_20784_20260827_145532475_WEB.html
CSLFINANCE,CSL Finance Limited,Rohit Gupta HUF,,Promoter,Equity,378109,1.65%,20000,"4,600,000.00",Buy,398109,1.75%,26-08-2026,26-08-2026,Market Purchase,27-Aug-2026 14:55:32,https://nsearchives.nseindia.com/corporate/ixbrl/IT_20784_20260827_145532475_WEB.html
CSLFINANCE,CSL Finance Limited,Rohit Gupta HUF,,Promoter,Equity,398109,1.74%,10000,"2,300,000.00",Buy,408109,1.79%,26-08-2026,26-08-2026,Market Purchase,27-Aug-2026 14:55:32,https://nsearchives.nseindia.com/corporate/ixbrl/IT_20784_20260827_145532475_WEB.html
GOKUL,GOKUL REFOILS AND SOLVENT LIMITED,Bhikhiben Balvantsinh Rajput,01054941,Promoter,Equity,22951250,23.18%,707,"31,188.00",Buy,22951957,23.18%,25-08-2026,25-08-2026,Market Purchase,27-Aug-2026 11:25:10,https://nsearchives.nseindia.com/corporate/ixbrl/IT_2754_20260827_112510291_WEB.html
SILVERTUC,SILVER TOUCH TECHNOLOGIES LIMITED,Vipul Haridas Thakkar,00169558,Promoter and Director,Equity,26829760,21.16%,14000,"2,533,675.00",Buy,26843760,21.17%,25-08-2026,25-08-2026,Market Purchase,26-Aug-2026 16:34:21,https://nsearchives.nseindia.com/corporate/ixbrl/IT_15598_20260826_163421280_WEB.html
STEL,STEL HOLDINGS LIMITED,SOFREAL MERCANTRADE PRIVATE LTD,U51103MH2012PTC236810,Promoter Group,Equity,245222,1.33%,1266,"741,145.00",Buy,246488,1.34%,20-08-2026,20-08-2026,Market Purchase,25-Aug-2026 20:51:44,https://nsearchives.nseindia.com/corporate/ixbrl/IT_4020_20260825_205144388_WEB.html
STEL,STEL HOLDINGS LIMITED,SOFREAL MERCANTRADE PRIVATE LTD,U51103MH2012PTC236810,Promoter Group,Equity,246488,1.34%,50,"29,275.00",Buy,246538,1.34%,20-08-2026,20-08-2026,Market Purchase,25-Aug-2026 20:51:44,https://nsearchives.nseindia.com/corporate/ixbrl/IT_4020_20260825_205144388_WEB.html
STEL,STEL HOLDINGS LIMITED,SOFREAL MERCANTRADE PRIVATE LTD,U51103MH2012PTC236810,Promoter Group,Equity,246538,1.34%,2249,"1,353,958.00",Buy,248787,1.35%,21-08-2026,21-08-2026,Market Purchase,25-Aug-2026 20:51:44,https://nsearchives.nseindia.com/corporate/ixbrl/IT_4020_20260825_205144388_WEB.html
STEL,STEL HOLDINGS LIMITED,SOFREAL MERCANTRADE PRIVATE LTD,U51103MH2012PTC236810,Promoter Group,Equity,248787,1.35%,1,580.00,Buy,248788,1.35%,21-08-2026,21-08-2026,Market Purchase,25-Aug-2026 20:51:44,https://nsearchives.nseindia.com/corporate/ixbrl/IT_4020_20260825_205144388_WEB.html
NCLIND,NCL INDUSTRIES LIMITED,NCL HOLDINGS (A&S) LTD,U65920TG2018PLC121664,Promoter Group,Equity,401538,0.89%,13580,"2,339,834.00",Buy,415118,0.92%,24-08-2026,24-08-2026,Market Purchase,25-Aug-2026 17:49:09,https://nsearchives.nseindia.com/corporate/ixbrl/IT_2568_20260825_174909840_WEB.html
NCLIND,NCL INDUSTRIES LIMITED,Kakatiya Industries Pvt.Ltd,U24110TG1979PTC002501,Promoter Group,Equity,640267,1.41%,1150,"199,468.00",Buy,641417,1.41%,24-08-2026,24-08-2026,Market Purchase,25-Aug-2026 17:49:09,https://nsearchives.nseindia.com/corporate/ixbrl/IT_2568_20260825_174909840_WEB.html
SIGIND,Signet Industries Limited,Mukesh Sangla,00189676,Promoter and Director,Equity,1267132,4.30%,2716,"196,041.00",Buy,1269848,4.31%,21-08-2026,21-08-2026,Market Purchase,24-Aug-2026 21:56:51,https://nsearchives.nseindia.com/corporate/ixbrl/IT_16593_20260824_215651526_WEB.html
CONFIPET,CONFIDENCE PETROLEUM INDIA LIMITED,CONFIDENCE LPG BOTTLING PRIVATE LIMITED,,Promoter Group,Equity,15066489,4.53%,1387500,"101,592,750.00",Buy,16453989,4.95%,30-06-2026,30-06-2026,Market Purchase,24-Aug-2026 19:34:18,https://nsearchives.nseindia.com/corporate/ixbrl/IT_17510_20260824_193418510_WEB.html
CSLFINANCE,CSL Finance Limited,CSL Capital Private Limited,U65921DL1993PTC219701,Promoter,Equity,6820927,29.93%,10000,0.00,Buy,6830927,29.98%,21-08-2026,21-08-2026,Market Purchase,24-Aug-2026 12:21:00,https://nsearchives.nseindia.com/corporate/ixbrl/IT_20784_20260824_122100612_WEB.html
CSLFINANCE,CSL Finance Limited,Rohit Gupta HUF,,Promoter,Equity,318341,1.39%,12380,0.00,Buy,330721,1.45%,19-08-2026,19-08-2026,Market Purchase,24-Aug-2026 12:21:00,https://nsearchives.nseindia.com/corporate/ixbrl/IT_20784_20260824_122100612_WEB.html
CSLFINANCE,CSL Finance Limited,Rohit Gupta HUF,,Promoter,Equity,330721,1.45%,18471,0.00,Buy,349192,1.53%,20-08-2026,20-08-2026,Market Purchase,24-Aug-2026 12:21:00,https://nsearchives.nseindia.com/corporate/ixbrl/IT_20784_20260824_122100612_WEB.html
CSLFINANCE,CSL Finance Limited,Rohit Gupta HUF,,Promoter,Equity,349192,1.53%,944,0.00,Buy,350136,1.53%,20-08-2026,20-08-2026,Market Purchase,24-Aug-2026 12:21:00,https://nsearchives.nseindia.com/corporate/ixbrl/IT_20784_20260824_122100612_WEB.html
CSLFINANCE,CSL Finance Limited,Rohit Gupta HUF,,Promoter,Equity,350136,1.53%,10000,0.00,Buy,360136,1.58%,21-08-2026,21-08-2026,Market Purchase,24-Aug-2026 12:21:00,https://nsearchives.nseindia.com/corporate/ixbrl/IT_20784_20260824_122100612_WEB.html
JARO,JARO INSTITUTE OF TECHNOLOGY MANAGEMENT AND RESEARCH LIMITED,Balkrishna Namdeo Salunkhe,,Promoter,Equity,936096,4.20%,7390,"3,257,871.00",Buy,943486,4.24%,21-08-2026,21-08-2026,Market Purchase,22-Aug-2026 17:50:32,https://nsearchives.nseindia.com/corporate/ixbrl/IT_24645_20260822_175032334_WEB.html
TTL,T T LIMITED,T. T. BRANDS LIMITED,,Promoter Group,Equity,89233682,34.55%,85474,"557,102.00",Buy,89319156,34.58%,21-08-2026,21-08-2026,Market Purchase,22-Aug-2026 16:34:11,https://nsearchives.nseindia.com/corporate/ixbrl/IT_2534_20260822_163411819_WEB.html
GOKUL,GOKUL REFOILS AND SOLVENT LIMITED,Bhikhiben Balvantsinh Rajput,01054941,Promoter,Equity,22779000,23.01%,2250,"91,098.00",Buy,22781250,23.01%,20-08-2026,20-08-2026,Market Purchase,21-Aug-2026 18:11:36,https://nsearchives.nseindia.com/corporate/ixbrl/IT_2754_20260821_181136807_WEB.html
GOKUL,GOKUL REFOILS AND SOLVENT LIMITED,Bhikhiben Balvantsinh Rajput,01054941,Promoter,Equity,22781250,23.01%,7500,"304,146.00",Buy,22788750,23.02%,20-08-2026,20-08-2026,Market Purchase,21-Aug-2026 18:11:36,https://nsearchives.nseindia.com/corporate/ixbrl/IT_2754_20260821_181136807_WEB.html
STEL,STEL HOLDINGS LIMITED,SOFREAL MERCANTRADE PRIVATE LTD,U51103MH2012PTC236810,Promoter Group,Equity,238010,1.29%,595,"342,016.00",Buy,238605,1.29%,14-08-2026,14-08-2026,Market Purchase,20-Aug-2026 23:58:57,https://nsearchives.nseindia.com/corporate/ixbrl/IT_4020_20260820_235857704_WEB.html
STEL,STEL HOLDINGS LIMITED,SOFREAL MERCANTRADE PRIVATE LTD,U51103MH2012PTC236810,Promoter Group,Equity,238605,1.29%,814,"473,110.00",Buy,239419,1.30%,17-08-2026,17-08-2026,Market Purchase,20-Aug-2026 23:58:57,https://nsearchives.nseindia.com/corporate/ixbrl/IT_4020_20260820_235857704_WEB.html
STEL,STEL HOLDINGS LIMITED,SOFREAL MERCANTRADE PRIVATE LTD,U51103MH2012PTC236810,Promoter Group,Equity,239419,1.30%,3317,"1,925,522.00",Buy,242736,1.32%,18-08-2026,18-08-2026,Market Purchase,20-Aug-2026 23:58:57,https://nsearchives.nseindia.com/corporate/ixbrl/IT_4020_20260820_235857704_WEB.html
STEL,STEL HOLDINGS LIMITED,SOFREAL MERCANTRADE PRIVATE LTD,U51103MH2012PTC236810,Promoter Group,Equity,242736,1.32%,1,581.00,Buy,242737,1.32%,18-08-2026,18-08-2026,Market Purchase,20-Aug-2026 23:58:57,https://nsearchives.nseindia.com/corporate/ixbrl/IT_4020_20260820_235857704_WEB.html
STEL,STEL HOLDINGS LIMITED,SOFREAL MERCANTRADE PRIVATE LTD,U51103MH2012PTC236810,Promoter Group,Equity,242737,1.32%,2321,"1,347,086.00",Buy,245058,1.33%,19-08-2026,19-08-2026,Market Purchase,20-Aug-2026 23:58:57,https://nsearchives.nseindia.com/corporate/ixbrl/IT_4020_20260820_235857704_WEB.html
STEL,STEL HOLDINGS LIMITED,SOFREAL MERCANTRADE PRIVATE LTD,U51103MH2012PTC236810,Promoter Group,Equity,245058,1.33%,164,"95,134.00",Buy,245222,1.33%,19-08-2026,19-08-2026,Market Purchase,20-Aug-2026 23:58:57,https://nsearchives.nseindia.com/corporate/ixbrl/IT_4020_20260820_235857704_WEB.html
SENCO,SENCO GOLD LIMITED,Jai Hanuman Shri Siddhivinayak Trust (Trustee- Mr. Suvankar Sen & Mrs. Joita Sen),,Promoter,Equity,67982506,41.48%,3250,"1,094,828.00",Buy,67985756,41.48%,18-08-2026,18-08-2026,Market Purchase,20-Aug-2026 19:24:14,https://nsearchives.nseindia.com/corporate/ixbrl/IT_20714_20260820_192414322_WEB.html
WSI,W S Industries (I) Limited,S. Anandavadivel,07783796,Promoter and Director,Equity,4639297,6.11%,10027,"607,986.00",Buy,4649324,6.12%,17-08-2026,18-08-2026,Market Purchase,20-Aug-2026 17:42:44,https://nsearchives.nseindia.com/corporate/ixbrl/IT_587_20260820_174244358_WEB.html
WSI,W S Industries (I) Limited,Mamatha P,,Promoter Group,Equity,991298,1.31%,20000,"1,215,589.00",Buy,1011298,1.33%,18-08-2026,19-08-2026,Market Purchase,20-Aug-2026 17:42:44,https://nsearchives.nseindia.com/corporate/ixbrl/IT_587_20260820_174244358_WEB.html
CSLFINANCE,CSL Finance Limited,CSL Capital Private Limited,U65921DL1993PTC219701,Promoter,Equity,6785727,29.78%,35200,0.00,Buy,6820927,29.93%,17-08-2026,18-08-2026,Market Purchase,20-Aug-2026 14:43:52,https://nsearchives.nseindia.com/corporate/ixbrl/IT_20784_20260820_144352399_WEB.html
CSLFINANCE,CSL Finance Limited,Rohit Gupta HUF,,Promoter,Equity,281462,1.23%,20000,0.00,Buy,301462,1.32%,17-08-2026,17-08-2026,Market Purchase,20-Aug-2026 14:43:52,https://nsearchives.nseindia.com/corporate/ixbrl/IT_20784_20260820_144352399_WEB.html
CSLFINANCE,CSL Finance Limited,Rohit Gupta HUF,,Promoter,Equity,301462,1.32%,1399,0.00,Buy,302861,1.32%,18-08-2026,18-08-2026,Market Purchase,20-Aug-2026 14:43:52,https://nsearchives.nseindia.com/corporate/ixbrl/IT_20784_20260820_144352399_WEB.html
CSLFINANCE,CSL Finance Limited,Rohit Gupta HUF,,Promoter,Equity,302861,1.32%,15480,1.00,Buy,318341,1.39%,18-08-2026,18-08-2026,Market Purchase,20-Aug-2026 14:43:52,https://nsearchives.nseindia.com/corporate/ixbrl/IT_20784_20260820_144352399_WEB.html
WSI,W S Industries (I) Limited,S. Aravindan,,Promoter,Equity,4624318,6.09%,1765,"109,988.00",Buy,4626083,6.10%,17-08-2026,17-08-2026,Market Purchase,19-Aug-2026 17:40:49,https://nsearchives.nseindia.com/corporate/ixbrl/IT_587_20260819_174048902_WEB.html
WSI,W S Industries (I) Limited,S. Aravindan,,Promoter,Equity,4626083,6.10%,15873,"985,416.00",Buy,4641956,6.12%,17-08-2026,17-08-2026,Market Purchase,19-Aug-2026 17:40:49,https://nsearchives.nseindia.com/corporate/ixbrl/IT_587_20260819_174048902_WEB.html
WSI,W S Industries (I) Limited,Dhanu Adhav Arvindan,,Promoter Group,Equity,12000,0.02%,1180,"73,719.00",Buy,13180,0.02%,17-08-2026,17-08-2026,Market Purchase,19-Aug-2026 17:40:49,https://nsearchives.nseindia.com/corporate/ixbrl/IT_587_20260819_174048902_WEB.html
VSTL,VIBHOR STEEL TUBES LIMITED,VIJAY KUMAR KAUSHIK,02249672,Promoter and Director,Equity,4175400,22.02%,2000,"213,642.00",Buy,4177400,22.03%,18-08-2026,18-08-2026,Market Purchase,19-Aug-2026 10:35:57,https://nsearchives.nseindia.com/corporate/ixbrl/IT_22607_20260819_103557390_WEB.html
WSI,W S Industries (I) Limited,S. Anandavadivel,07783796,Promoter and Director,Equity,4624297,6.09%,5000,"302,442.00",Buy,4629297,6.10%,14-08-2026,14-08-2026,Market Purchase,18-Aug-2026 17:41:42,https://nsearchives.nseindia.com/corporate/ixbrl/IT_587_20260818_174142271_WEB.html
WSI,W S Industries (I) Limited,S. Anandavadivel,07783796,Promoter and Director,Equity,4629297,6.10%,10000,"600,576.00",Buy,4639297,6.11%,14-08-2026,14-08-2026,Market Purchase,18-Aug-2026 17:41:42,https://nsearchives.nseindia.com/corporate/ixbrl/IT_587_20260818_174142271_WEB.html
AVONMORE,AVONMORE CAPITAL & MANAGEMENT SERVICES LIMITED,INNOVATIVE MONEY MATTERS PRIVATE LIMITED,U74899DL1994PTC057217,Promoter,Equity,94064900,33.33%,50000,"570,345.00",Buy,94114900,33.35%,12-08-2026,12-08-2026,Market Purchase,18-Aug-2026 13:11:16,https://nsearchives.nseindia.com/corporate/ixbrl/IT_20397_20260818_131116559_WEB.html
SUMEETINDS,SUMEET INDUSTRIES LIMITED,Eagle  Fibres Limited,U17119GJ1990PLC014285,Promoter Group,Equity,28700000,4.13%,1000000,"14,640,000.00",Buy,29700000,4.27%,14-08-2026,14-08-2026,Market Purchase,17-Aug-2026 16:35:26,https://nsearchives.nseindia.com/corporate/ixbrl/IT_3809_20260817_163526266_WEB.html
TTL,T T LIMITED,T. T. BRANDS LIMITED,,Promoter Group,Equity,88961322,34.44%,77385,"466,963.00",Buy,89038707,34.47%,12-08-2026,13-08-2026,Market Purchase,13-Aug-2026 18:53:52,https://nsearchives.nseindia.com/corporate/ixbrl/IT_2534_20260813_185352320_WEB.html
NCLIND,NCL INDUSTRIES LIMITED,Kalidindi Ravi,00720811,Promoter and Director,Equity,3170892,7.01%,79419,"13,900,341.00",Buy,3250311,7.19%,10-08-2026,11-08-2026,Market Purchase,12-Aug-2026 17:49:32,https://nsearchives.nseindia.com/corporate/ixbrl/IT_2568_20260812_174931963_WEB.html
NCLIND,NCL INDUSTRIES LIMITED,Kakatiya Industries Pvt.Ltd,U24110TG1979PTC002501,Promoter Group,Equity,626503,1.39%,7261,"1,268,058.00",Buy,633764,1.40%,10-08-2026,11-08-2026,Market Purchase,12-Aug-2026 17:49:32,https://nsearchives.nseindia.com/corporate/ixbrl/IT_2568_20260812_174931963_WEB.html
NCLIND,NCL INDUSTRIES LIMITED,VIKRAM CHEMICALS PRIVATE LIMITED,U24110TG1977PTC002202,Promoter Group,Equity,13611,0.03%,3800,"662,208.00",Buy,17411,0.04%,10-08-2026,11-08-2026,Market Purchase,12-Aug-2026 17:49:32,https://nsearchives.nseindia.com/corporate/ixbrl/IT_2568_20260812_174931963_WEB.html
DIAMONDYD,Prataap Snacks Limited,Authum Investment & Infrastructure Limited,L51109MH1982PLC319008,Promoter,Equity,11248039,47.04%,273968,"323,243,885.00",Buy,11522007,48.19%,07-08-2026,07-08-2026,Market Purchase,11-Aug-2026 17:51:19,https://nsearchives.nseindia.com/corporate/ixbrl/IT_15510_20260811_175119465_WEB.html
OBCL,OBCL LIMITED,OBCL INFRASTRUCTURE PRIVATE LIMITED,U45201CT2007PTC020300,Promoter Group,Equity,2067081,9.80%,7101,"379,842.00",Buy,2074182,9.84%,06-08-2026,10-08-2026,Market Purchase,11-Aug-2026 15:56:52,https://nsearchives.nseindia.com/corporate/ixbrl/IT_20443_20260811_155652381_WEB.html
THANGAMAYL,THANGAMAYIL JEWELLERY LIMITED,THANGAMAYIL GOLD AND DIAMOND PRIVATE LIMITED,U36911TN2003PTC051396,Promoter Group,Equity,1702113,5.48%,4250,"22,398,800.00",Buy,1706363,5.49%,07-08-2026,07-08-2026,Market Purchase,11-Aug-2026 12:49:29,https://nsearchives.nseindia.com/corporate/ixbrl/IT_3067_20260811_124929643_WEB.html
AVONMORE,AVONMORE CAPITAL & MANAGEMENT SERVICES LIMITED,INNOVATIVE MONEY MATTERS PRIVATE LIMITED,U74899DL1994PTC057217,Promoter,Equity,93504900,33.13%,300000,"3,386,121.00",Buy,93804900,33.24%,10-08-2026,10-08-2026,Market Purchase,11-Aug-2026 10:39:48,https://nsearchives.nseindia.com/corporate/ixbrl/IT_20397_20260811_103948643_WEB.html
TRUALT,TRUALT BIOENERGY LIMITED,NIRANI HOLDINGS PRIVATE LIMITED,U65990KA2022PTC169124,Promoter Group,Equity,1337135,1.56%,57801,"27,638,126.00",Buy,1394936,1.63%,10-08-2026,10-08-2026,Market Purchase,10-Aug-2026 19:07:20,https://nsearchives.nseindia.com/corporate/ixbrl/IT_24291_20260810_190720578_WEB.html
DIAMONDYD,Prataap Snacks Limited,Authum Investment & Infrastructure Limited,L51109MH1982PLC319008,Promoter,Equity,11022600,46.11%,217598,"254,587,484.00",Buy,11240198,47.01%,05-08-2026,05-08-2026,Market Purchase,06-Aug-2026 19:29:40,https://nsearchives.nseindia.com/corporate/ixbrl/IT_15510_20260806_192940276_WEB.html
DBOL,Dhampur Bio Organics Limited,Sonitron Limited,U65921DL1977PLC376331,Promoter Group,Equity,11471231,17.28%,3719,"379,338.00",Buy,11474950,17.28%,24-07-2026,24-07-2026,Market Purchase,28-Jul-2026 18:33:58,https://nsearchives.nseindia.com/corporate/ixbrl/IT_20812_20260728_183358502_WEB.html
DBOL,Dhampur Bio Organics Limited,Sonitron Limited,U65921DL1977PLC376331,Promoter Group,Equity,11474950,17.28%,5549,"565,998.00",Buy,11480499,17.29%,27-07-2026,27-07-2026,Market Purchase,28-Jul-2026 18:33:58,https://nsearchives.nseindia.com/corporate/ixbrl/IT_20812_20260728_183358502_WEB.html
GANESHCP,GANESH CONSUMER PRODUCTS LIMITED,Manish Mimani,00824942,Promoter and Director,Equity,2660657,6.58%,31100,"5,997,467.00",Buy,2691757,6.66%,30-06-2026,30-06-2026,Market Purchase,03-Jul-2026 11:51:02,https://nsearchives.nseindia.com/corporate/ixbrl/IT_25074_20260703_115102118_WEB.html
CONFIPET,CONFIDENCE PETROLEUM INDIA LIMITED,Essenn LPG Bottling Private Limited,,Promoter Group,Equity,31485981,9.48%,1026000,"74,939,040.00",Buy,32511981,9.79%,30-06-2026,30-06-2026,Market Purchase,02-Jul-2026 23:40:46,https://nsearchives.nseindia.com/corporate/ixbrl/IT_17510_20260702_234046215_WEB.html
WCIL,WESTERN CARRIERS (INDIA) LIMITED,RAJENDRA SETHIA,00267974,Promoter and Director,Equity,74247605,72.82%,1106,"110,379.00",Buy,74248711,72.82%,29-06-2026,29-06-2026,Market Purchase,30-Jun-2026 20:27:08,https://nsearchives.nseindia.com/corporate/ixbrl/IT_22116_20260630_202708536_WEB.html
WCIL,WESTERN CARRIERS (INDIA) LIMITED,RAJENDRA SETHIA,00267974,Promoter and Director,Equity,74248711,72.82%,5000,"503,500.00",Buy,74253711,72.83%,30-06-2026,30-06-2026,Market Purchase,30-Jun-2026 20:27:08,https://nsearchives.nseindia.com/corporate/ixbrl/IT_22116_20260630_202708536_WEB.html
SESHAPAPER,SESHASAYEE PAPER AND BOARDS LIMITED,TIME SQUARE INVESTMENTS PRIVATE LIMITED,U65993TN1985PTC011819,Promoter Group,Equity,6442502,10.22%,3767,"848,764.00",Buy,6446269,10.22%,29-06-2026,29-06-2026,Market Purchase,29-Jun-2026 18:43:32,https://nsearchives.nseindia.com/corporate/ixbrl/IT_118_20260629_184332278_WEB.html
LYKALABS,Lyka Labs Limited,Kunal Gandhi,,Promoter,Equity,3493629,9.79%,6533,"460,482.00",Buy,3500162,9.81%,25-06-2026,25-06-2026,Market Purchase,26-Jun-2026 17:36:30,https://nsearchives.nseindia.com/corporate/ixbrl/IT_1127_20260626_173630829_WEB.html
LYKALABS,Lyka Labs Limited,Nehal Gandhi,,Promoter,Equity,1162371,3.26%,33122,"2,341,493.00",Buy,1195493,3.35%,24-06-2026,25-06-2026,Market Purchase,26-Jun-2026 17:36:30,https://nsearchives.nseindia.com/corporate/ixbrl/IT_1127_20260626_173630829_WEB.html
LYKALABS,Lyka Labs Limited,Alisha Gandhi,,Promoter Group,Equity,45000,0.13%,5000,"339,569.00",Buy,50000,0.14%,24-06-2026,24-06-2026,Market Purchase,26-Jun-2026 17:36:30,https://nsearchives.nseindia.com/corporate/ixbrl/IT_1127_20260626_173630829_WEB.html
LYKALABS,Lyka Labs Limited,Enai Trading and Investment Pvt.,,Promoter Group,Equity,1000000,2.80%,11312,"805,323.00",Buy,1011312,2.83%,24-06-2026,24-06-2026,Market Purchase,26-Jun-2026 17:36:30,https://nsearchives.nseindia.com/corporate/ixbrl/IT_1127_20260626_173630829_WEB.html
NRL,NUPUR RECYCLERS LIMITED,NUPUR GUPTA,09305281,Promoter Group,Equity,312580,0.45%,50400,"4,186,225.00",Buy,362980,0.52%,24-06-2026,24-06-2026,Market Purchase,26-Jun-2026 15:57:01,https://nsearchives.nseindia.com/corporate/ixbrl/IT_20108_20260626_155701561_WEB.html
NCLIND,NCL INDUSTRIES LIMITED,Kalidindi Ravi,00720811,Promoter and Director,Equity,3163703,6.99%,1000,"193,000.00",Buy,3164703,7.00%,25-06-2026,25-06-2026,Market Purchase,26-Jun-2026 15:25:53,https://nsearchives.nseindia.com/corporate/ixbrl/IT_2568_20260626_152553487_WEB.html
NCLIND,NCL INDUSTRIES LIMITED,Kakatiya Industries Pvt.Ltd,U24110TG1979PTC002501,Promoter Group,Equity,619233,1.37%,3000,"579,510.00",Buy,622233,1.38%,25-06-2026,25-06-2026,Market Purchase,26-Jun-2026 15:25:53,https://nsearchives.nseindia.com/corporate/ixbrl/IT_2568_20260626_152553487_WEB.html
NCLIND,NCL INDUSTRIES LIMITED,VIKRAM CHEMICALS PRIVATE LIMITED,U24110TG1977PTC002202,Promoter Group,Equity,1000,0.00%,3700,"714,618.00",Buy,4700,0.01%,25-06-2026,25-06-2026,Market Purchase,26-Jun-2026 15:25:53,https://nsearchives.nseindia.com/corporate/ixbrl/IT_2568_20260626_152553487_WEB.html
SESHAPAPER,SESHASAYEE PAPER AND BOARDS LIMITED,ULTRA INVESTMENTS AND LEASING COMPANY PRIVATE LIMITED,U65993TN1983PTC010193,Promoter Group,Equity,927280,1.47%,20000,"4,496,498.00",Buy,947280,1.50%,25-06-2026,25-06-2026,Market Purchase,26-Jun-2026 14:31:07,https://nsearchives.nseindia.com/corporate/ixbrl/IT_118_20260626_143107377_WEB.html
GANESHCP,GANESH CONSUMER PRODUCTS LIMITED,Manish Mimani,00824942,Promoter and Director,Equity,2610657,6.46%,50000,"10,000,475.00",Buy,2660657,6.58%,23-06-2026,23-06-2026,Market Purchase,26-Jun-2026 12:06:11,https://nsearchives.nseindia.com/corporate/ixbrl/IT_25074_20260626_120611461_WEB.html
STEL,STEL HOLDINGS LIMITED,SOFREAL MERCANTRADE PRIVATE LTD,U51103MH2012PTC236810,Promoter Group,Equity,227182,1.23%,6061,"3,702,340.00",Buy,233243,1.26%,24-06-2026,24-06-2026,Market Purchase,26-Jun-2026 10:34:03,https://nsearchives.nseindia.com/corporate/ixbrl/IT_4020_20260626_103402978_WEB.html
KABRAEXTRU,KABRA EXTRUSION TECHNIK LIMITED,Anand Kabra,00016010,Promoter,Equity,6489055,18.55%,83650,"20,076,798.00",Buy,6572705,18.79%,22-06-2026,23-06-2026,Market Purchase,24-Jun-2026 18:27:34,https://nsearchives.nseindia.com/corporate/ixbrl/IT_690_20260624_182734906_WEB.html
KABRAEXTRU,KABRA EXTRUSION TECHNIK LIMITED,Ekta Kabra,07088898,Promoter,Equity,3392600,9.70%,83650,"20,080,988.00",Buy,3476250,9.94%,22-06-2026,23-06-2026,Market Purchase,24-Jun-2026 18:27:34,https://nsearchives.nseindia.com/corporate/ixbrl/IT_690_20260624_182734906_WEB.html
PARADEEP,PARADEEP PHOSPHATES LIMITED,ZUARI MAROC PHOSPHATES PRIVATE LIMITED,U46692OR2002PTC017414,Promoter,Equity,522826697,50.36%,80273,"10,671,493.00",Buy,522906970,50.37%,18-06-2026,18-06-2026,Market Purchase,23-Jun-2026 16:24:30,https://nsearchives.nseindia.com/corporate/ixbrl/IT_19922_20260623_162430288_WEB.html
PARADEEP,PARADEEP PHOSPHATES LIMITED,ZUARI MAROC PHOSPHATES PRIVATE LIMITED,U46692OR2002PTC017414,Promoter,Equity,522906970,50.37%,65000,"8,871,850.00",Buy,522971970,50.37%,19-06-2026,19-06-2026,Market Purchase,23-Jun-2026 16:24:30,https://nsearchives.nseindia.com/corporate/ixbrl/IT_19922_20260623_162430288_WEB.html
AURUM,Aurum PropTech Limited,Aurum RealEstate Developers Limited,U45400MH2007FLC174767,Promoter,Equity,36698355,47.87%,30000,"6,235,185.00",Buy,36728355,47.91%,22-06-2026,22-06-2026,Market Purchase,23-Jun-2026 10:47:42,https://nsearchives.nseindia.com/corporate/ixbrl/IT_12987_20260623_104742804_WEB.html
GANESHCP,GANESH CONSUMER PRODUCTS LIMITED,MANISH MIMANI,00824942,Promoter and Director,Equity,2560657,6.34%,50000,"9,969,935.00",Buy,2610657,6.46%,19-06-2026,19-06-2026,Market Purchase,22-Jun-2026 15:49:14,https://nsearchives.nseindia.com/corporate/ixbrl/IT_25074_20260622_154914774_WEB.html
