Symbol,CompanyName,ValuePurchased,ReportedBuyQty,ReportedBuyTxn,acqtoDt,TotalQty,NumBuyTxn,PricedValuePurchased,AvgPrice,MissingValueQty,MissingValueTxn,ValueCr,MarketBuyValue,MarketSellValue,GrossSellQty,NetBuyQty,NetBuyValue,SellBuyRatioPct,HasMarketSell,TransferLikeFiling,PromoterFlowStatus,NetBuyValueCr,GrossBuyValueCr,GrossSellValueCr,SellBuyExclusion,PledgeValue,PledgeBuyRatioPct,MarketSellBuyRatioPct,RiskActivityValueCr,RiskActivityPct,HasPledging,LastPrice,52WeekHigh,52WeekLow,PromoHolding,DMA50,DMA200,SixMonthReturn,PriceDiffPct,AbsDiffPct,FirstBuyDate,LastBuyDate,FirstBuyPrice,LastBuyPrice,WeightedAvgBuyPrice,AccumulationDays,DaysSinceFirstBuy,DaysSinceLastBuy,BuyTxn7D,BuyTxn15D,BuyTxn30D,BuyTxn60D,BuyTxn90D,BuyValue7D,BuyValue15D,BuyValue30D,BuyValue60D,BuyValue90D,SellTxn7D,SellTxn15D,SellTxn30D,SellTxn60D,SellTxn90D,SellValue7D,SellValue15D,SellValue30D,SellValue60D,SellValue90D,NetBuyValue7D,NetBuyValue30D,Prior60DBuyValue,Prior60DSellValue,Prior60DNetBuyValue,Current30DBuyValue,Current30DSellValue,Current30DNetBuyValue,CurrentVsPriorNetBuyPct,PromoterBehaviourSignal,UniquePromotersBuying,UniquePromotersSelling,BuyAcceleration,Freshness,AccumulationStage,PromoterAvgPrice,CMPvsPromoterAvgPct,SignalStage,MarketCapCr,PE,RevGrowthPct,EBITDAGrowthPct,PATGrowthPct,EPSGrowthPct,ROCEPct,DE_Ratio,OCFPositive,OPMPct,GrossBuyConvictionPct,PromoConvictionPct,ScorePromo,ScoreFund,ScoreTech,ScoreRisk,Score,Category,ScorePromoV1,ScoreFundV1,ScoreTechV1,ScoreRiskV1,ScoreV1,CategoryV1,BuyMarketCapPct,NetBuyMarketCapPct,PromoterStakeAdditionPct,PromoterOwnershipIncreasePct,RiskLevel,RiskSummary,MacroEconomicSector,Sector,Industry,BasicIndustry
PGHH,Procter & Gamble Hygiene and Health Care Limited,5574358427.0,619683.0,1,19-06-2026,619683.0,1,5574358427.0,8995.5,0.0,0,557.44,5574358427.0,5574358427.0,619683.0,0.0,0.0,100.0,False,True,Transfer-like,0.0,557.44,557.44,False,0.0,0.0,100.0,557.4358427,100.0,False,7037.5,14509.0,7068.5,70.64,8142.3,10056.02,-25.6,-21.8,21.8,19-06-2026,19-06-2026,8995.500000806864,8995.500000806864,8995.500000806864,0,98,98,0,0,0,0,0,0.0,0.0,0.0,0.0,0.0,0,0,0,0,0,0.0,0.0,0.0,0.0,0.0,0.0,0.0,0.0,0.0,0.0,0.0,0.0,0.0,0.0,No Net Flow,1,1,0.0,Stale,Stale Accumulation,8995.500000806864,-21.8,Late — Poor Entry,22849.0,28.9,-2.0,170.0,-5.0,38.9,157.0,0.0,True,19.0,2.44,0.0,1,20,0,-10,11,Avoid,12,23,0,0,35,Fundamental Watch,2.44,0.0,0.0,0.0,High,Market sell 100.00% of buy value,Fast Moving Consumer Goods,Fast Moving Consumer Goods,Personal Products,Personal Care
ASTERDM,Aster DM Quality Care Limited,3795783565.0,4996797.0,3,02-09-2026,4996797.0,3,3795783565.0,759.64,0.0,0,379.58,3795783565.0,0.0,0.0,4996797.0,3795783565.0,0.0,False,False,Net Buying,379.58,379.58,0.0,False,0.0,0.0,0.0,0.0,0.0,False,759.4,891.3,519.1,41.88,791.46,706.02,22.2,-0.0,0.0,31-08-2026,02-09-2026,752.1587952705815,760.0,759.6433405239396,2,25,23,0,0,3,3,3,0.0,0.0,3795783565.0,3795783565.0,3795783565.0,0,0,0,0,0,0.0,0.0,0.0,0.0,0.0,0.0,3795783565.0,0.0,0.0,0.0,3795783565.0,0.0,3795783565.0,,New Accumulation,1,0,0.0,Active,Confirmed Accumulation,759.6433405239396,-0.0,Confirmed Accumulation,66247.0,214.0,15.0,147.0,-4.0,-0.28,10.9,0.43,True,20.0,0.573,0.573,12,12,13,-1,36,Fundamental Watch,20,14,15,-3,46,Watchlist,0.573,0.573,0.573,1.368,Low,No pledge / market sell,Healthcare,Healthcare,Healthcare Services,Hospital
PAISALO,PAISALO DIGITAL LIMITED,2299819833.0,45411004.0,46,22-09-2026,45411004.0,46,2299819833.0,50.64,0.0,0,229.98,2299819833.0,0.0,0.0,45411004.0,2299819833.0,0.0,False,False,Net Buying,229.98,229.98,0.0,False,4927695435.0,214.26441168533051,0.0,469.5252531,214.26,True,89.02,94.88,30.0,47.05,74.44,51.44,160.3,75.8,75.8,14-05-2026,22-09-2026,47.324796,93.83000295647032,51.01346488093533,131,134,3,2,2,2,2,2,21588176.0,21588176.0,21588176.0,21588176.0,21588176.0,0,0,0,0,0,0.0,0.0,0.0,0.0,0.0,21588176.0,21588176.0,0.0,0.0,0.0,21588176.0,0.0,21588176.0,,New Accumulation,8,0,1.0,Fresh,Confirmed Accumulation,51.01346488093533,74.5,Late — Poor Entry,8120.0,32.6,25.0,,23.0,0.67,12.4,2.41,False,,2.832,2.832,26,10,25,-13,48,Watchlist,15,12,30,-5,52,Buy on Breakout,2.832,2.832,4.978,10.581,High,Pledge 214.26% of buy value,Financial Services,Financial Services,Finance,Non Banking Financial Company (NBFC)
BAJAJELEC,Bajaj Electricals Limited,1799787600.0,5616000.0,6,02-06-2026,5616000.0,6,1799787600.0,320.48,0.0,0,179.98,1799787600.0,1799787600.0,5616000.0,0.0,0.0,100.0,False,True,Transfer-like,0.0,179.98,179.98,False,0.0,0.0,100.0,179.97876,100.0,False,318.95,653.8,301.0,62.85,338.83,372.72,-10.2,-0.5,0.5,02-06-2026,02-06-2026,320.6,320.45,320.475,0,115,115,0,0,0,0,0,0.0,0.0,0.0,0.0,0.0,0,0,0,0,0,0.0,0.0,0.0,0.0,0.0,0.0,0.0,0.0,0.0,0.0,0.0,0.0,0.0,0.0,No Net Flow,6,1,0.0,Stale,Stale Accumulation,320.475,-0.5,Late — Poor Entry,3680.0,,-5.0,77.0,-131.0,4.16,3.94,0.11,True,7.0,4.891,0.0,3,12,0,-10,5,Avoid,10,14,0,0,24,Avoid,4.891,0.0,0.0,0.0,High,Market sell 100.00% of buy value,Consumer Discretionary,Consumer Durables,Consumer Durables,Household Appliances
MSPL,MSP STEEL & POWER LIMITED,1164730334.0,27790849.0,24,22-06-2026,27790849.0,24,1164730334.0,41.91,0.0,0,116.47,1164730334.0,0.0,0.0,27790849.0,1164730334.0,0.0,False,False,Net Buying,116.47,116.47,0.0,False,0.0,0.0,0.0,0.0,0.0,False,33.73,46.12,26.25,41.61,34.92,35.61,20.2,-19.5,19.5,02-06-2026,22-06-2026,42.298,44.71879963320128,41.995486999151915,20,115,95,0,0,0,0,0,0.0,0.0,0.0,0.0,0.0,0,0,0,0,0,0.0,0.0,0.0,0.0,0.0,0.0,0.0,0.0,0.0,0.0,0.0,0.0,0.0,0.0,No Net Flow,6,0,0.0,Stale,Stale Accumulation,41.995486999151915,-19.7,Late — Poor Entry,1908.0,13.7,4.0,53.0,890.0,0.39,9.71,0.35,True,6.0,6.104,6.104,21,18,5,0,44,Watchlist,20,21,5,0,46,Watchlist,6.104,6.104,4.913,11.807,Low,No pledge / market sell,Industrials,Capital Goods,Industrial Products,Iron & Steel Products
DIAMONDYD,Prataap Snacks Limited,1121706676.0,1006271.0,7,07-08-2026,1006271.0,7,1121706676.0,1114.72,0.0,0,112.17,1121706676.0,296430806.0,300000.0,706271.0,825275870.0,26.43,False,True,Net Buying with Selling,82.53,112.17,29.64,False,0.0,0.0,26.43,29.6430806,26.43,False,1071.0,1245.0,858.9,69.75,1145.36,1089.83,21.8,-3.9,3.9,26-05-2026,07-08-2026,1004.3800001927631,1179.860001898032,1117.7679280155273,73,122,49,0,0,0,3,3,0.0,0.0,0.0,586966134.0,586966134.0,0,0,0,0,0,0.0,0.0,0.0,0.0,0.0,0.0,0.0,586966134.0,0.0,586966134.0,0.0,0.0,0.0,-100.0,No Net Flow,1,4,0.0,Aging,Mature Accumulation,1117.7679280155273,-4.2,Mature — Wait for Pullback,2572.0,202.0,6.0,19.05,194.0,1.03,3.17,0.06,True,3.87,4.361,3.209,17,18,9,-11,33,Fundamental Watch,25,21,10,-5,51,Buy on Breakout,4.361,3.209,2.941,4.216,High,Market sell 26.43% of buy value,Fast Moving Consumer Goods,Fast Moving Consumer Goods,Food Products,Packaged Foods
JSL,JINDAL STAINLESS LIMITED,1119934829.0,1503370.0,3,21-09-2026,1503370.0,3,1119934829.0,744.95,0.0,0,111.99,1119934829.0,0.0,0.0,1503370.0,1119934829.0,0.0,False,False,Net Buying,111.99,111.99,0.0,False,0.0,0.0,0.0,0.0,0.0,False,748.25,884.0,652.25,57.94,732.7,748.22,7.6,0.4,0.4,04-09-2026,21-09-2026,739.3427581382232,748.0769597158628,742.3671910768696,17,21,4,1,2,5,5,5,381650911.0,645412078.0,2068980331.0,2068980331.0,2068980331.0,0,0,0,0,0,0.0,0.0,0.0,0.0,0.0,381650911.0,2068980331.0,0.0,0.0,0.0,2068980331.0,0.0,2068980331.0,,New Accumulation,1,0,0.1845,Fresh,Confirmed Accumulation,742.3671910768696,0.8,Confirmed Accumulation,61633.0,23.0,5.0,1028.0,1.0,7.35,18.0,0.24,True,10.0,0.182,0.182,7,16,17,0,40,Watchlist,15,18,20,0,53,Buy on Breakout,0.182,0.182,0.183,0.315,Low,No pledge / market sell,Commodities,Metals & Mining,Ferrous Metals,Iron & Steel
CONFIPET,CONFIDENCE PETROLEUM INDIA LIMITED,1059104595.0,14142368.0,10,09-09-2026,14142368.0,10,1059104595.0,74.89,0.0,0,105.91,1059104595.0,0.0,0.0,14142368.0,1059104595.0,0.0,False,False,Net Buying,105.91,105.91,0.0,False,4008438000.0,378.47423369926935,0.0,200.4219,378.47,True,88.28,93.2,28.06,61.32,80.43,56.39,159.4,17.9,17.9,19-06-2026,09-09-2026,70.67,83.34273301732159,74.1110019067655,82,98,16,0,0,1,5,8,0.0,0.0,235214695.0,731195315.0,982659105.0,0,0,0,0,0,0.0,0.0,0.0,0.0,0.0,0.0,235214695.0,747444410.0,0.0,747444410.0,235214695.0,0.0,235214695.0,-68.5,Slowing Accumulation,2,0,0.0,Active,Confirmed Accumulation,74.1110019067655,19.1,Mature — Wait for Pullback,2928.0,22.9,75.0,136.0,54.0,1.83,10.9,0.4,True,6.0,3.617,3.617,22,22,25,-13,56,Buy on Breakout,15,26,30,-5,66,Strong Buy Setup,3.617,3.617,4.264,6.954,High,Pledge 378.47% of buy value,Energy,"Oil, Gas & Consumable Fuels",Gas,LPG/CNG/PNG/LNG Supplier
STYLAMIND,STYLAM INDUSTRIES LIMITED,1048761000.0,466116.0,1,06-05-2026,466116.0,1,1048761000.0,2250.0,0.0,0,104.88,1048761000.0,0.0,0.0,466116.0,1048761000.0,0.0,False,False,Net Buying,104.88,104.88,0.0,False,0.0,0.0,0.0,0.0,0.0,False,3369.4,4150.0,1621.0,54.61,3439.14,2716.38,53.0,49.8,49.8,06-05-2026,06-05-2026,2250.0,2250.0,2250.0,0,142,142,0,0,0,0,0,0.0,0.0,0.0,0.0,0.0,0,0,0,0,0,0.0,0.0,0.0,0.0,0.0,0.0,0.0,0.0,0.0,0.0,0.0,0.0,0.0,0.0,No Net Flow,1,0,0.0,Stale,Stale Accumulation,2250.0,49.8,Late — Poor Entry,5744.0,33.9,10.0,69.0,39.0,28.41,26.6,0.04,True,21.0,1.826,1.826,17,26,17,0,60,Buy on Breakout,17,30,20,0,67,Strong Buy Setup,1.826,1.826,2.734,5.007,Low,No pledge / market sell,Consumer Discretionary,Consumer Durables,Consumer Durables,Plywood Boards/ Laminates
MAHSEAMLES,Maharashtra Seamless Limited,1026988804.0,1659700.0,1,30-06-2026,1659700.0,1,1026988804.0,618.78,0.0,0,102.7,1026988804.0,1007459825.0,1629700.0,30000.0,19528979.0,98.1,False,True,Transfer-like,1.95,102.7,100.75,False,0.0,0.0,98.1,100.7459825,98.1,False,715.65,738.6,500.7,67.86,635.27,595.86,33.1,15.7,15.7,30-06-2026,30-06-2026,618.7797818882931,618.7797818882931,618.7797818882931,0,87,87,0,0,0,0,1,0.0,0.0,0.0,0.0,1026988804.0,0,0,0,0,1,0.0,0.0,0.0,0.0,1007459825.0,0.0,0.0,1026988804.0,1007459825.0,19528979.0,0.0,0.0,0.0,-100.0,No Net Flow,1,1,0.0,Stale,Stale Accumulation,618.7797818882931,15.7,Late — Poor Entry,9596.0,12.7,-12.0,184.0,-15.0,20.21,13.8,0.0,True,17.0,1.07,0.02,1,16,21,-10,28,Avoid,17,19,25,0,61,Buy on Breakout,1.07,0.02,0.022,0.033,High,Market sell 98.10% of buy value,Industrials,Capital Goods,Industrial Products,Iron & Steel Products
EUROPRATIK,Euro Pratik Sales Limited,927141636.0,3499856.0,8,29-05-2026,3499856.0,8,927141636.0,264.91,0.0,0,92.71,927141636.0,0.0,0.0,3499856.0,927141636.0,0.0,False,False,Net Buying,92.71,92.71,0.0,False,0.0,0.0,0.0,0.0,0.0,False,213.15,390.0,205.1,70.09,273.77,267.64,1.1,-19.5,19.5,21-05-2026,29-05-2026,269.5284993997599,257.64732429679543,265.9990288937831,8,127,119,0,0,0,0,0,0.0,0.0,0.0,0.0,0.0,0,0,0,0,0,0.0,0.0,0.0,0.0,0.0,0.0,0.0,0.0,0.0,0.0,0.0,0.0,0.0,0.0,No Net Flow,3,0,0.0,Stale,Stale Accumulation,265.9990288937831,-19.9,Late — Poor Entry,2176.0,37.9,-3.0,11.0,3.0,1.05,27.9,0.03,True,24.0,4.261,4.261,19,12,9,0,40,Watchlist,25,13,10,0,48,Watchlist,4.261,4.261,3.428,4.891,Low,No pledge / market sell,Consumer Discretionary,Consumer Durables,Consumer Durables,"Furniture, Home Furnishing"
IRB,IRB INFRASTRUCTURE DEVELOPERS LIMITED,864971904.0,44391600.0,4,03-09-2026,44391600.0,4,864971904.0,19.49,0.0,0,86.5,864971904.0,0.0,0.0,44391600.0,864971904.0,0.0,False,False,Net Buying,86.5,86.5,0.0,False,0.0,0.0,0.0,0.0,0.0,False,17.68,23.95,17.51,34.39,19.3,28.6,-56.1,-9.3,9.3,31-08-2026,03-09-2026,19.436620666666666,19.82350724502777,19.4850355472657,3,25,22,0,0,4,4,4,0.0,0.0,864971904.0,864971904.0,864971904.0,0,0,0,0,0,0.0,0.0,0.0,0.0,0.0,0.0,864971904.0,0.0,0.0,0.0,864971904.0,0.0,864971904.0,,New Accumulation,1,0,0.0,Active,Confirmed Accumulation,19.4850355472657,-9.3,Confirmed Accumulation,21330.0,18.8,-11.0,452.0,30.0,0.22,7.28,0.74,False,37.0,0.406,0.406,10,10,0,0,20,Avoid,20,12,0,0,32,Fundamental Watch,0.406,0.406,0.368,1.07,Low,No pledge / market sell,Industrials,Construction,Construction,Civil Construction
HCLTECH,HCL Technologies Limited,819109792.0,696166.0,7,12-06-2026,696166.0,7,819109792.0,1176.6,0.0,0,81.91,819109792.0,0.0,0.0,696166.0,819109792.0,0.0,False,False,Net Buying,81.91,81.91,0.0,False,0.0,0.0,0.0,0.0,0.0,False,1258.0,1780.1,1030.0,60.82,1298.4,1364.28,-7.4,6.9,6.9,24-04-2026,12-06-2026,1213.7332963901204,1104.337889591841,1176.6012588951485,49,154,105,0,0,0,0,0,0.0,0.0,0.0,0.0,0.0,0,0,0,0,0,0.0,0.0,0.0,0.0,0.0,0.0,0.0,0.0,0.0,0.0,0.0,0.0,0.0,0.0,No Net Flow,2,0,0.0,Stale,Stale Accumulation,1176.6012588951485,6.9,Late — Poor Entry,341036.0,18.7,7.0,4158.0,44.0,25.89,53.4,0.04,True,29.0,0.024,0.024,2,26,8,0,36,Fundamental Watch,15,30,10,0,55,Buy on Breakout,0.024,0.024,0.026,0.042,Low,No pledge / market sell,Information Technology,Information Technology,IT - Software,Computers - Software & Consulting
NIITLTD,NIIT Limited,622845100.0,6800000.0,16,31-08-2026,6800000.0,16,622845100.0,91.59,0.0,0,62.28,622845100.0,0.0,0.0,6800000.0,622845100.0,0.0,False,False,Net Buying,62.28,62.28,0.0,False,0.0,0.0,0.0,0.0,0.0,False,88.5,111.1,49.0,34.81,95.44,83.34,62.8,-3.4,3.4,02-06-2026,31-08-2026,82.14438500228624,106.77,91.59486764705882,90,115,25,0,0,4,8,8,0.0,0.0,84714461.0,142851469.0,142851469.0,0,0,0,0,0,0.0,0.0,0.0,0.0,0.0,0.0,84714461.0,58137008.0,0.0,58137008.0,84714461.0,0.0,84714461.0,45.7,Accelerating Accumulation,2,0,0.0,Active,Confirmed Accumulation,91.59486764705882,-3.4,Confirmed Accumulation,1212.0,146.0,34.0,-2.0,-78.0,0.79,-0.32,0.0,False,-2.2,5.139,5.139,21,7,13,-2,39,Fundamental Watch,20,8,15,-5,38,Fundamental Watch,5.139,5.139,4.965,14.264,Low,No pledge / market sell,Consumer Discretionary,Consumer Services,Other Consumer Services,Education
JARO,JARO INSTITUTE OF TECHNOLOGY MANAGEMENT AND RESEARCH LIMITED,549071161.0,1075901.0,23,21-09-2026,1075901.0,23,549071161.0,510.34,0.0,0,54.91,549071161.0,0.0,0.0,1075901.0,549071161.0,0.0,False,False,Net Buying,54.91,54.91,0.0,False,0.0,0.0,0.0,0.0,0.0,False,442.95,890.0,383.5,57.33,460.29,478.47,-3.2,-13.2,13.2,13-05-2026,21-09-2026,456.1051243579107,471.7742718446602,510.3361378045006,131,135,4,1,4,5,10,10,777484.0,14448080.0,21620703.0,44912256.0,44912256.0,0,0,0,0,0,0.0,0.0,0.0,0.0,0.0,777484.0,21620703.0,23291553.0,0.0,23291553.0,21620703.0,0.0,21620703.0,-7.2,Slowing Accumulation,2,0,0.036,Fresh,Confirmed Accumulation,510.3361378045006,-13.2,Confirmed Accumulation,987.0,17.5,13.0,15.0,35.0,5.02,22.1,0.02,True,21.0,5.563,5.563,24,18,0,0,42,Watchlist,20,20,0,0,40,Watchlist,5.563,5.563,4.828,8.422,Low,No pledge / market sell,Consumer Discretionary,Consumer Services,Other Consumer Services,E-Learning
THOMASCOOK,THOMAS COOK (INDIA) LIMITED,483974535.0,4427617.0,4,11-06-2026,4427617.0,4,483974535.0,109.31,0.0,0,48.4,483974535.0,0.0,0.0,4427617.0,483974535.0,0.0,False,False,Net Buying,48.4,48.4,0.0,False,0.0,0.0,0.0,0.0,0.0,False,103.47,169.0,86.35,72.34,105.45,109.89,10.6,-5.3,5.3,08-06-2026,11-06-2026,103.75710020989752,107.94740176620421,109.30813008442239,3,109,106,0,0,0,0,0,0.0,0.0,0.0,0.0,0.0,0,0,0,0,0,0.0,0.0,0.0,0.0,0.0,0.0,0.0,0.0,0.0,0.0,0.0,0.0,0.0,0.0,No Net Flow,1,0,0.0,Stale,Stale Accumulation,109.30813008442239,-5.3,Late — Poor Entry,4863.0,39.0,0.0,42.0,8.0,1.25,9.71,0.06,True,5.0,0.995,0.995,11,12,5,0,28,Avoid,25,14,5,0,44,Watchlist,0.995,0.995,0.942,1.302,Low,No pledge / market sell,Consumer Discretionary,Consumer Services,Leisure Services,"Tour, Travel Related Services"
NCC,NCC LIMITED,325555246.0,2207549.0,8,18-08-2026,2207549.0,8,325555246.0,147.47,0.0,0,32.56,325555246.0,0.0,0.0,2207549.0,325555246.0,0.0,False,False,Net Buying,32.56,32.56,0.0,False,790460000.0,242.80364383991525,0.0,79.046,242.8,True,132.82,217.25,130.0,22.0,142.11,149.6,0.4,-9.9,9.9,03-06-2026,18-08-2026,149.164779318345,138.96930262041707,147.47362165007436,76,114,38,0,0,0,2,2,0.0,0.0,0.0,94549280.0,94549280.0,0,0,0,0,0,0.0,0.0,0.0,0.0,0.0,0.0,0.0,94549280.0,0.0,94549280.0,0.0,0.0,0.0,-100.0,No Net Flow,1,0,0.0,Aging,Mature Accumulation,147.47362165007436,-9.9,Mature — Wait for Pullback,8337.0,13.6,-5.0,442.0,-21.0,2.98,15.2,0.3,True,9.0,0.39,0.39,9,16,5,-13,17,Avoid,15,18,5,-5,33,Fundamental Watch,0.391,0.39,0.352,1.599,High,Pledge 242.80% of buy value,Industrials,Construction,Construction,Civil Construction
TRUALT,TRUALT BIOENERGY LIMITED,260258176.0,585782.0,9,25-09-2026,585782.0,9,260258176.0,444.29,0.0,0,26.03,260258176.0,0.0,0.0,585782.0,260258176.0,0.0,False,False,Net Buying,26.03,26.03,0.0,False,581000000.0,223.23986471034056,0.0,58.1,223.24,True,441.9,549.0,310.2,70.55,438.49,431.82,14.8,-0.5,0.5,05-08-2026,25-09-2026,462.97976851851854,439.3199978975171,451.27031079895573,51,51,0,1,4,4,12,12,66864943.0,158027273.0,158027273.0,341561083.0,341561083.0,0,0,0,0,0,0.0,0.0,0.0,0.0,0.0,66864943.0,158027273.0,183533810.0,0.0,183533810.0,158027273.0,0.0,158027273.0,-13.9,Slowing Accumulation,1,0,0.4231,Fresh,Confirmed Accumulation,451.27031079895573,-2.1,Confirmed Accumulation,3791.0,26.5,2.0,127.0,-14.0,6.41,9.89,1.05,False,21.0,0.687,0.687,14,4,17,-13,22,Avoid,20,5,20,-5,40,Watchlist,0.687,0.687,0.683,0.968,High,Pledge 223.24% of buy value,Fast Moving Consumer Goods,Fast Moving Consumer Goods,Agricultural Food & other Products,Other Agricultural Products
GOCOLORS,GO FASHION (INDIA) LIMITED,235953708.0,654259.0,4,03-06-2026,654259.0,4,235953708.0,360.64,0.0,0,23.6,235953708.0,0.0,0.0,654259.0,235953708.0,0.0,False,False,Net Buying,23.6,23.6,0.0,False,537875000.0,227.9578501050723,0.0,53.7875,227.96,True,317.35,715.45,237.05,52.78,327.11,345.04,24.6,-12.0,12.0,27-05-2026,03-06-2026,350.76,366.23,360.64266292095334,7,121,114,0,0,0,0,0,0.0,0.0,0.0,0.0,0.0,0,0,0,0,0,0.0,0.0,0.0,0.0,0.0,0.0,0.0,0.0,0.0,0.0,0.0,0.0,0.0,0.0,No Net Flow,1,0,0.0,Stale,Stale Accumulation,360.64266292095334,-12.0,Late — Poor Entry,1673.0,31.3,-2.0,61.0,-39.0,3.14,10.8,0.77,True,27.0,1.41,1.41,15,9,5,-13,16,Avoid,15,11,5,-5,26,Avoid,1.411,1.41,1.241,2.351,High,Pledge 227.96% of buy value,Consumer Discretionary,Consumer Services,Retailing,Speciality Retail
SUMEETINDS,SUMEET INDUSTRIES LIMITED,235458000.0,15900000.0,5,14-08-2026,15900000.0,5,235458000.0,14.81,0.0,0,23.55,235458000.0,0.0,0.0,15900000.0,235458000.0,0.0,False,False,Net Buying,23.55,23.55,0.0,False,0.0,0.0,0.0,0.0,0.0,False,12.18,35.67,9.26,21.07,16.58,25.66,-57.6,-17.8,17.8,12-08-2026,14-08-2026,14.82,14.64,14.808679245283018,2,44,42,0,0,0,5,5,0.0,0.0,0.0,235458000.0,235458000.0,0,0,0,0,0,0.0,0.0,0.0,0.0,0.0,0.0,0.0,235458000.0,0.0,235458000.0,0.0,0.0,0.0,-100.0,No Net Flow,4,0,0.0,Aging,Mature Accumulation,14.808679245283018,-17.8,Mature — Wait for Pullback,858.0,34.7,9.0,8.47,128.0,0.02,14.4,0.76,False,3.11,2.744,2.744,21,6,0,-1,26,Avoid,20,7,0,-2,25,Avoid,2.745,2.744,2.257,10.713,Low,No pledge / market sell,Consumer Discretionary,Textiles,Textiles & Apparels,Other Textile Products
GREENPANEL,Greenpanel Industries Limited,229077678.0,1444534.0,5,18-09-2026,1444534.0,5,229077678.0,158.58,0.0,0,22.91,229077678.0,0.0,0.0,1444534.0,229077678.0,0.0,False,False,Net Buying,22.91,22.91,0.0,False,0.0,0.0,0.0,0.0,0.0,False,162.61,314.4,148.51,53.12,173.44,199.57,-9.0,2.5,2.5,22-05-2026,18-09-2026,183.82932752141525,155.80677627745325,158.68289029331342,119,126,7,0,3,5,5,5,0.0,188893345.0,208701645.0,208701645.0,208701645.0,0,0,0,0,0,0.0,0.0,0.0,0.0,0.0,0.0,208701645.0,0.0,0.0,0.0,208701645.0,0.0,208701645.0,,New Accumulation,3,0,0.0,Fresh,Confirmed Accumulation,158.68289029331342,2.5,Confirmed Accumulation,1994.0,297.0,12.0,29.89,-69.0,0.1,-0.4,0.27,True,8.54,1.149,1.149,20,12,4,-1,35,Fundamental Watch,20,14,5,-3,36,Fundamental Watch,1.149,1.149,1.178,2.218,Low,No pledge / market sell,Consumer Discretionary,Consumer Durables,Consumer Durables,Plywood Boards/ Laminates
STLTECH,Sterlite Technologies Limited,221538903.0,561813.0,5,30-07-2026,561813.0,5,221538903.0,394.33,0.0,0,22.15,221538903.0,61402942.0,117500.0,444313.0,160135961.0,27.72,False,False,Net Buying with Selling,16.01,22.15,6.14,False,0.0,0.0,27.72,6.1402942,27.72,False,837.2,912.0,84.6,53.99,682.04,383.0,383.4,112.3,112.3,07-05-2026,30-07-2026,358.05000375887363,502.0639775280899,394.32854526328157,84,141,57,0,0,0,2,2,0.0,0.0,0.0,47143353.0,47143353.0,0,1,5,10,10,0.0,2144210.0,13734960.0,26100966.0,26100966.0,0.0,-13734960.0,47143353.0,12366006.0,34777347.0,0.0,13734960.0,-13734960.0,-139.5,Current Net Selling,3,1,0.0,Aging,Mature Accumulation,394.32854526328157,112.3,Late — Poor Entry,43032.0,319.0,26.0,202.0,325.0,2.56,6.1,0.8,True,22.0,0.051,0.037,3,19,25,-10,37,Fundamental Watch,15,23,30,-3,65,Strong Buy Setup,0.051,0.037,0.086,0.16,High,Market sell 27.72% of buy value,Telecommunication,Telecommunication,Telecom - Equipment & Accessories,Telecom - Equipment & Accessories
ARIS,ARISINFRA SOLUTIONS LIMITED,220513686.0,1723247.0,3,18-09-2026,1723247.0,3,220513686.0,127.96,0.0,0,22.05,220513686.0,0.0,0.0,1723247.0,220513686.0,0.0,False,False,Net Buying,22.05,22.05,0.0,False,0.0,0.0,0.0,0.0,0.0,False,140.29,178.3,82.18,37.93,132.01,,39.3,9.6,9.6,17-09-2026,18-09-2026,127.381,134.89995308641974,127.96406202941309,1,8,7,0,3,3,3,3,0.0,220513686.0,220513686.0,220513686.0,220513686.0,0,0,0,0,0,0.0,0.0,0.0,0.0,0.0,0.0,220513686.0,0.0,0.0,0.0,220513686.0,0.0,220513686.0,,New Accumulation,1,0,0.0,Fresh,Early Accumulation,127.96406202941309,9.6,Early Accumulation,1150.0,27.3,27.0,7.62,449.0,0.91,7.99,0.1,True,5.92,1.918,1.918,20,18,17,0,55,Buy on Breakout,20,21,20,0,61,Buy on Breakout,1.917,1.918,2.102,5.542,Low,No pledge / market sell,Commodities,Construction Materials,Other Construction Materials,Other Construction Materials
PNGSREVA,PNGS Reva Diamond Jewellery Limited,199607300.0,532238.0,6,25-06-2026,527238.0,5,199607300.0,378.59,5000.0,1,19.96,199607300.0,0.0,0.0,527238.0,199607300.0,0.0,False,False,Net Buying,19.96,19.96,0.0,False,0.0,0.0,0.0,0.0,0.0,False,524.85,644.0,324.25,63.09,505.63,,53.8,38.6,38.6,14-05-2026,25-06-2026,376.01,0.0,378.5905037193829,42,134,92,0,0,0,0,0,0.0,0.0,0.0,0.0,0.0,0,0,0,0,0,0.0,0.0,0.0,0.0,0.0,0.0,0.0,0.0,0.0,0.0,0.0,0.0,0.0,0.0,No Net Flow,2,0,0.0,Stale,Stale Accumulation,378.5905037193829,38.6,Late — Poor Entry,1664.0,19.7,581.0,34.0,881.0,8.58,22.0,0.33,False,29.0,1.2,1.2,16,21,17,0,54,Buy on Breakout,20,24,20,0,64,Buy on Breakout,1.2,1.2,1.663,2.636,Low,No pledge / market sell,Consumer Discretionary,Consumer Durables,Consumer Durables,"Gems, Jewellery And Watches"
VEEGALAND,Veegaland Developers Limited,196783125.0,1369246.0,4,22-09-2026,1369246.0,4,196783125.0,143.72,0.0,0,19.68,196783125.0,0.0,0.0,1369246.0,196783125.0,0.0,False,False,Net Buying,19.68,19.68,0.0,False,0.0,0.0,0.0,0.0,0.0,False,141.16,154.0,135.2,63.69,,,,-1.8,1.8,18-09-2026,22-09-2026,146.47104875,138.5513656655995,143.7164139971926,4,7,3,3,4,4,4,4,79606286.0,196783125.0,196783125.0,196783125.0,196783125.0,0,0,0,0,0,0.0,0.0,0.0,0.0,0.0,79606286.0,196783125.0,0.0,0.0,0.0,196783125.0,0.0,196783125.0,,New Accumulation,1,0,0.4045,Fresh,Early Accumulation,143.7164139971926,-1.8,Early Accumulation,692.0,26.0,30.0,39.0,30.0,7.88,14.1,0.32,False,16.0,2.844,2.844,22,17,0,0,39,Fundamental Watch,20,20,0,0,40,Watchlist,2.844,2.844,2.793,4.385,Low,No pledge / market sell,Consumer Discretionary,Realty,Realty,"Residential, Commercial Projects"
APLLTD,Alembic Pharmaceuticals Limited,196758774.0,261110.0,6,18-06-2026,261110.0,6,196758774.0,753.55,0.0,0,19.68,196758774.0,0.0,0.0,261110.0,196758774.0,0.0,False,False,Net Buying,19.68,19.68,0.0,False,0.0,0.0,0.0,0.0,0.0,False,863.75,998.0,635.8,69.61,822.97,784.41,33.6,14.6,14.6,25-05-2026,18-06-2026,757.9725333333333,743.493898718731,754.3742829559964,24,123,99,0,0,0,0,0,0.0,0.0,0.0,0.0,0.0,0,0,0,0,0,0.0,0.0,0.0,0.0,0.0,0.0,0.0,0.0,0.0,0.0,0.0,0.0,0.0,0.0,No Net Flow,1,0,0.0,Stale,Stale Accumulation,754.3742829559964,14.5,Late — Poor Entry,16988.0,21.5,16.0,346.0,88.0,10.02,12.3,0.21,True,19.0,0.116,0.116,3,22,25,0,50,Buy on Breakout,20,26,30,0,76,Strong Buy Setup,0.116,0.116,0.133,0.191,Low,No pledge / market sell,Healthcare,Healthcare,Pharmaceuticals & Biotechnology,Pharmaceuticals
PLASTIBLEN,PLASTIBLENDS INDIA LIMITED,139339671.0,795400.0,4,25-06-2026,795400.0,4,139339671.0,175.18,0.0,0,13.93,139339671.0,170056258.0,949866.0,-154466.0,-30716587.0,122.04,False,True,Net Selling,-3.07,13.93,17.01,False,0.0,0.0,122.04,17.0056258,122.04,False,202.99,216.29,121.01,64.21,191.09,167.49,57.3,15.9,15.9,19-06-2026,25-06-2026,174.3148688046647,176.00780725022105,175.18188458637164,6,98,92,0,0,0,0,0,0.0,0.0,0.0,0.0,0.0,0,0,0,0,3,0.0,0.0,0.0,0.0,31255296.0,0.0,0.0,0.0,31255296.0,-31255296.0,0.0,0.0,0.0,0.0,No Net Flow,2,2,0.0,Stale,Stale Accumulation,175.18188458637164,15.9,Late — Poor Entry,524.0,12.3,5.0,22.0,36.0,5.75,10.7,0.05,True,10.0,2.659,0.0,2,18,25,-15,30,Fundamental Watch,10,21,30,0,61,Buy on Breakout,2.658,0.0,0.0,0.0,High,Market sell 122.04% of buy value,Commodities,Chemicals,Chemicals & Petrochemicals,Specialty Chemicals
KABRAEXTRU,KABRA EXTRUSION TECHNIK LIMITED,136446027.0,567416.0,6,25-06-2026,567416.0,6,136446027.0,240.47,0.0,0,13.64,136446027.0,140112272.0,583300.0,-15884.0,-3666245.0,102.69,False,True,Net Selling,-0.37,13.64,14.01,False,0.0,0.0,102.69,14.0112272,102.69,False,846.4,806.1,180.0,60.24,540.52,311.86,334.2,252.0,252.0,19-06-2026,25-06-2026,238.996728,243.6942904821503,240.46912142061555,6,98,92,0,0,0,0,0,0.0,0.0,0.0,0.0,0.0,0,0,0,0,0,0.0,0.0,0.0,0.0,0.0,0.0,0.0,0.0,0.0,0.0,0.0,0.0,0.0,0.0,No Net Flow,2,1,0.0,Stale,Stale Accumulation,240.46912142061555,252.0,Late — Poor Entry,2960.0,876.0,3.0,6.76,-81.0,-0.35,1.2,0.32,True,5.43,0.461,0.0,2,8,25,-16,19,Avoid,10,9,30,-3,46,Watchlist,0.461,0.0,0.0,0.0,High,Market sell 102.69% of buy value,Industrials,Capital Goods,Industrial Manufacturing,Industrial Products
NPST,NETWORK PEOPLE SERVICES TECHNOLOGIES LIMITED,127606073.0,161538.0,6,25-06-2026,161538.0,6,127606073.0,789.94,0.0,0,12.76,127606073.0,130033072.0,164626.0,-3088.0,-2426999.0,101.9,False,True,Net Selling,-0.24,12.76,13.0,False,0.0,0.0,101.9,13.0033072,101.9,False,1796.3,2058.0,846.6,67.55,1636.31,1386.88,69.3,127.4,127.4,25-06-2026,25-06-2026,1.2704654895666132,1575.0,789.9446136512771,0,92,92,0,0,0,0,0,0.0,0.0,0.0,0.0,0.0,0,0,0,0,0,0.0,0.0,0.0,0.0,0.0,0.0,0.0,0.0,0.0,0.0,0.0,0.0,0.0,0.0,No Net Flow,2,1,0.0,Stale,Stale Accumulation,789.9446136512771,127.4,Late — Poor Entry,3749.0,84.4,42.0,13.0,22.0,5.05,19.8,0.03,False,27.0,0.34,0.0,2,17,25,-16,28,Avoid,15,19,30,-3,61,Buy on Breakout,0.34,0.0,0.0,0.0,High,Market sell 101.90% of buy value,Financial Services,Financial Services,Financial Technology (Fintech),Financial Technology (Fintech)
SIYSIL,SIYARAM SILK MILLS LIMITED,123293344.0,200000.0,1,05-06-2026,200000.0,1,123293344.0,616.47,0.0,0,12.33,123293344.0,122509066.0,200000.0,0.0,784278.0,99.36,False,True,Transfer-like,0.08,12.33,12.25,False,0.0,0.0,99.36,12.2509066,99.36,False,538.05,848.8,433.35,67.18,588.44,581.73,14.7,-12.7,12.7,05-06-2026,05-06-2026,616.46672,616.46672,616.46672,0,112,112,0,0,0,0,0,0.0,0.0,0.0,0.0,0.0,0,0,0,0,0,0.0,0.0,0.0,0.0,0.0,0.0,0.0,0.0,0.0,0.0,0.0,0.0,0.0,0.0,No Net Flow,1,1,0.0,Stale,Stale Accumulation,616.46672,-12.7,Late — Poor Entry,2452.0,10.4,14.0,18.0,23.0,2.48,18.6,0.24,True,4.1,0.503,0.003,1,22,9,-11,21,Avoid,17,25,10,-2,50,Buy on Breakout,0.503,0.003,0.0,0.0,High,Market sell 99.36% of buy value,Consumer Discretionary,Textiles,Textiles & Apparels,Other Textile Products
ALEMBICLTD,Alembic Limited,121849300.0,1280019.0,8,24-09-2026,1280019.0,8,121849300.0,95.19,0.0,0,12.18,121849300.0,0.0,0.0,1280019.0,121849300.0,0.0,False,False,Net Buying,12.18,12.18,0.0,False,0.0,0.0,0.0,0.0,0.0,False,106.53,117.72,70.46,70.88,95.55,92.44,41.4,11.9,11.9,17-08-2026,24-09-2026,87.74665695371235,106.22991760764067,95.22201930339648,38,39,1,2,3,6,9,9,24784680.0,36964024.0,60321100.0,122790127.0,122790127.0,0,0,0,0,0,0.0,0.0,0.0,0.0,0.0,24784680.0,60321100.0,62469027.0,0.0,62469027.0,60321100.0,0.0,60321100.0,-3.4,Slowing Accumulation,1,0,0.4109,Fresh,Confirmed Accumulation,95.22201930339648,11.9,Mature — Wait for Pullback,2731.0,22.4,8.0,14.0,-14.0,0.57,16.9,0.01,True,30.0,0.446,0.446,12,12,25,0,49,Watchlist,25,13,30,0,68,Strong Buy Setup,0.446,0.446,0.499,0.704,Low,No pledge / market sell,Consumer Discretionary,Realty,Realty,"Residential, Commercial Projects"
JAYSREETEA,JAY SHREE TEA & INDUSTRIES LTD,111816242.0,1263712.0,3,18-08-2026,1263712.0,3,111816242.0,88.48,0.0,0,11.18,111816242.0,0.0,0.0,1263712.0,111816242.0,0.0,False,False,Net Buying,11.18,11.18,0.0,False,0.0,0.0,0.0,0.0,0.0,False,89.37,112.7,70.55,50.68,90.74,86.58,16.0,1.0,1.0,17-08-2026,18-08-2026,88.49123585958849,88.23788546255507,88.48237731381833,1,39,38,0,0,0,3,3,0.0,0.0,0.0,111816242.0,111816242.0,0,0,0,0,0,0.0,0.0,0.0,0.0,0.0,0.0,0.0,111816242.0,0.0,111816242.0,0.0,0.0,0.0,-100.0,No Net Flow,1,0,0.0,Aging,Mature Accumulation,88.48237731381833,1.0,Mature — Wait for Pullback,258.0,,6.0,5.54,-147.0,-2.14,0.93,1.09,False,2.73,4.334,4.334,19,0,17,-1,35,Fundamental Watch,20,0,20,-2,38,Fundamental Watch,4.333,4.334,4.377,8.637,Low,No pledge / market sell,Fast Moving Consumer Goods,Fast Moving Consumer Goods,Agricultural Food & other Products,Tea & Coffee
AEROENTER,AEROFLEX ENTERPRISES LIMITED,110722105.0,1023200.0,6,17-09-2026,1023200.0,6,110722105.0,108.21,0.0,0,11.07,110722105.0,0.0,0.0,1023200.0,110722105.0,0.0,False,False,Net Buying,11.07,11.07,0.0,False,0.0,0.0,0.0,0.0,0.0,False,125.64,159.6,62.2,51.59,130.3,101.27,92.4,16.1,16.1,05-06-2026,17-09-2026,101.72642398286938,120.25,107.00662449271903,104,112,8,0,1,1,1,1,0.0,21127925.0,21127925.0,21127925.0,21127925.0,0,0,0,0,0,0.0,0.0,0.0,0.0,0.0,0.0,21127925.0,0.0,0.0,0.0,21127925.0,0.0,21127925.0,,New Accumulation,1,0,0.0,Active,Confirmed Accumulation,107.00662449271903,17.4,Mature — Wait for Pullback,1424.0,14.2,152.0,-23.0,955.0,8.07,3.05,0.0,False,-831.0,0.778,0.778,13,13,21,-1,46,Watchlist,20,15,25,-2,58,Buy on Breakout,0.777,0.778,0.903,1.75,Low,No pledge / market sell,Industrials,Capital Goods,Industrial Products,Iron & Steel Products
GRMOVER,GRM OVERSEAS LIMITED,108709329.0,1137827.0,6,24-06-2026,1137827.0,6,108709329.0,95.54,0.0,0,10.87,108709329.0,0.0,0.0,1137827.0,108709329.0,0.0,False,False,Net Buying,10.87,10.87,0.0,False,0.0,0.0,0.0,0.0,0.0,False,80.63,185.45,78.74,71.72,87.63,155.27,-47.0,-15.6,15.6,08-06-2026,24-06-2026,121.9935,91.21972,100.13076802447621,16,109,93,0,0,0,0,0,0.0,0.0,0.0,0.0,0.0,0,0,0,0,0,0.0,0.0,0.0,0.0,0.0,0.0,0.0,0.0,0.0,0.0,0.0,0.0,0.0,0.0,No Net Flow,2,0,0.0,Stale,Stale Accumulation,100.13076802447621,-19.5,Late — Poor Entry,1670.0,30.2,39.0,31.0,8.0,0.9,11.3,0.67,False,9.0,0.651,0.651,10,8,0,0,18,Avoid,25,10,0,0,35,Fundamental Watch,0.651,0.651,0.549,0.766,Low,No pledge / market sell,Fast Moving Consumer Goods,Fast Moving Consumer Goods,Agricultural Food & other Products,Other Agricultural Products
PONNIERODE,PONNI SUGARS (ERODE) LIMITED,101498680.0,290000.0,1,17-08-2026,290000.0,1,101498680.0,350.0,0.0,0,10.15,101498680.0,0.0,0.0,290000.0,101498680.0,0.0,False,False,Net Buying,10.15,10.15,0.0,False,0.0,0.0,0.0,0.0,0.0,False,399.8,455.0,252.4,42.36,356.22,304.76,52.4,14.2,14.2,17-08-2026,17-08-2026,349.9954482758621,349.9954482758621,349.9954482758621,0,39,39,0,0,0,1,1,0.0,0.0,0.0,101498680.0,101498680.0,0,0,0,0,0,0.0,0.0,0.0,0.0,0.0,0.0,0.0,101498680.0,0.0,101498680.0,0.0,0.0,0.0,-100.0,No Net Flow,1,0,0.0,Aging,Mature Accumulation,349.9954482758621,14.2,Mature — Wait for Pullback,343.0,11.4,22.0,-1.78,175.0,-1.43,7.27,-0.0,True,-1.94,2.959,2.959,19,18,21,-1,57,Buy on Breakout,17,21,25,-2,61,Buy on Breakout,2.959,2.959,3.38,7.98,Low,No pledge / market sell,Fast Moving Consumer Goods,Fast Moving Consumer Goods,Agricultural Food & other Products,Sugar
EVEREADY,EVEREADY INDUSTRIES INDIA LIMITED,99416164.0,291000.0,5,16-06-2026,291000.0,5,99416164.0,341.64,0.0,0,9.94,99416164.0,0.0,0.0,291000.0,99416164.0,0.0,False,False,Net Buying,9.94,9.94,0.0,False,195168500.0,196.31465563286065,0.0,9.758425,196.31,True,322.0,417.7,259.65,43.21,344.38,330.51,14.5,-5.7,5.7,10-06-2026,16-06-2026,332.7456036167197,350.65940808469685,339.35920756236914,6,107,101,0,0,0,0,0,0.0,0.0,0.0,0.0,0.0,0,0,0,0,0,0.0,0.0,0.0,0.0,0.0,0.0,0.0,0.0,0.0,0.0,0.0,0.0,0.0,0.0,No Net Flow,1,0,0.0,Stale,Stale Accumulation,339.35920756236914,-5.1,Late — Poor Entry,2346.0,14.8,9.0,61.0,78.0,5.08,17.3,0.33,True,15.0,0.424,0.424,7,22,9,-13,25,Avoid,15,25,10,-5,45,Watchlist,0.424,0.424,0.399,0.924,High,Pledge 196.31% of buy value,Fast Moving Consumer Goods,Fast Moving Consumer Goods,Household Products,Household Products
JINDALSTEL,JINDAL STEEL LIMITED,92111332.0,79600.0,1,03-09-2026,79600.0,1,92111332.0,1157.18,0.0,0,9.21,92111332.0,108203920.0,95000.0,-15400.0,-16092588.0,117.47,False,False,Net Selling,-1.61,9.21,10.82,False,0.0,0.0,117.47,10.820392,117.47,False,1164.8,1306.2,977.1,61.21,1116.67,1133.45,5.3,0.7,0.7,03-09-2026,03-09-2026,1157.1775376884423,1157.1775376884423,1157.1775376884423,0,22,22,0,0,1,1,1,0.0,0.0,92111332.0,92111332.0,92111332.0,0,0,0,1,1,0.0,0.0,0.0,108203920.0,108203920.0,0.0,92111332.0,0.0,108203920.0,-108203920.0,92111332.0,0.0,92111332.0,,New Accumulation,1,1,0.0,Active,Mature Accumulation,1157.1775376884423,0.7,Confirmed Accumulation,119175.0,34.3,18.0,2224.0,-28.0,10.65,10.8,0.16,True,15.0,0.008,0.0,2,16,17,-15,20,Avoid,7,19,20,0,46,Watchlist,0.008,0.0,0.0,0.0,High,Market sell 117.47% of buy value,Commodities,Metals & Mining,Ferrous Metals,Iron & Steel
PREMIERPOL,PREMIER POLYFILM LIMITED,83837445.0,1530733.0,9,17-06-2026,1530733.0,9,83837445.0,54.77,0.0,0,8.38,83837445.0,5525660.0,82001.0,1448732.0,78311785.0,6.59,False,False,Net Buying with Selling,7.83,8.38,0.55,False,0.0,0.0,6.59,0.552566,6.59,False,95.4,106.0,38.0,67.46,82.56,61.05,64.7,74.2,74.2,15-05-2026,17-06-2026,52.99000246065235,58.0,54.17617467019984,33,133,100,0,0,0,0,0,0.0,0.0,0.0,0.0,0.0,0,0,0,0,2,0.0,0.0,0.0,0.0,11051320.0,0.0,0.0,0.0,11051320.0,-11051320.0,0.0,0.0,0.0,0.0,No Net Flow,2,1,0.0,Stale,Stale Accumulation,54.17617467019984,76.1,Late — Poor Entry,997.0,28.5,19.0,13.52,34.0,0.87,28.9,0.13,True,15.38,0.841,0.785,14,22,25,-5,56,Buy on Breakout,25,25,30,0,80,Strong Buy Setup,0.841,0.785,1.386,2.055,Moderate,Market sell 6.59% of buy value,Industrials,Capital Goods,Industrial Products,Plastic Products - Industrial
GANESHCP,GANESH CONSUMER PRODUCTS LIMITED,83735000.0,419200.0,7,02-09-2026,419200.0,7,83735000.0,199.75,0.0,0,8.37,83735000.0,0.0,0.0,419200.0,83735000.0,0.0,False,False,Net Buying,8.37,8.37,0.0,False,0.0,0.0,0.0,0.0,0.0,False,159.94,309.95,152.0,64.08,167.61,190.54,-1.0,-19.9,19.9,01-06-2026,02-09-2026,203.99064721569576,167.22016666666667,199.74952290076337,93,116,23,0,0,1,2,3,0.0,0.0,3009963.0,8001009.0,13998476.0,0,0,0,0,0,0.0,0.0,0.0,0.0,0.0,0.0,3009963.0,10988513.0,0.0,10988513.0,3009963.0,0.0,3009963.0,-72.6,Slowing Accumulation,2,0,0.0,Active,Confirmed Accumulation,199.74952290076337,-19.9,Confirmed Accumulation,646.0,14.2,-1.0,21.0,45.0,3.1,19.3,0.07,True,11.0,1.296,1.296,15,22,0,0,37,Fundamental Watch,20,25,0,0,45,Watchlist,1.296,1.296,1.038,1.62,Low,No pledge / market sell,Fast Moving Consumer Goods,Fast Moving Consumer Goods,Food Products,Packaged Foods
AURUM,Aurum PropTech Limited,82894566.0,435900.0,20,22-09-2026,435900.0,20,82894566.0,190.17,0.0,0,8.29,82894566.0,0.0,0.0,435900.0,82894566.0,0.0,False,False,Net Buying,8.29,8.29,0.0,False,0.0,0.0,0.0,0.0,0.0,False,222.45,264.64,151.9,50.34,225.29,194.59,36.8,17.0,17.0,11-05-2026,22-09-2026,177.43885,221.76386666666667,189.61031585874096,134,137,3,1,1,1,1,2,6652916.0,6652916.0,6652916.0,6652916.0,8835285.0,0,0,0,0,0,0.0,0.0,0.0,0.0,0.0,6652916.0,6652916.0,2182369.0,0.0,2182369.0,6652916.0,0.0,6652916.0,204.8,Accelerating Accumulation,1,0,1.0,Fresh,Confirmed Accumulation,189.61031585874096,17.3,Mature — Wait for Pullback,1606.0,249.0,-48.0,-3.0,2250.0,6.59,1.28,0.01,False,-5760.0,0.516,0.516,16,9,21,-2,44,Watchlist,20,10,25,-5,50,Buy on Breakout,0.516,0.516,0.604,1.199,Low,No pledge / market sell,Information Technology,Information Technology,IT - Services,IT Enabled Services
STEL,STEL HOLDINGS LIMITED,77261682.0,130537.0,53,21-09-2026,130537.0,53,77261682.0,591.88,0.0,0,7.73,77261682.0,0.0,0.0,130537.0,77261682.0,0.0,False,False,Net Buying,7.73,7.73,0.0,False,0.0,0.0,0.0,0.0,0.0,False,619.3,689.95,380.0,64.68,590.22,518.25,45.3,4.6,4.6,02-06-2026,21-09-2026,478.493981275078,660.3362792358507,577.801882836965,111,115,4,1,6,15,30,30,7397087.0,15244040.0,21738325.0,36073795.0,36073795.0,0,0,0,0,0,0.0,0.0,0.0,0.0,0.0,7397087.0,21738325.0,14335470.0,0.0,14335470.0,21738325.0,0.0,21738325.0,51.6,Accelerating Accumulation,2,0,0.3403,Fresh,Confirmed Accumulation,577.801882836965,7.2,Confirmed Accumulation,1133.0,57.7,21.0,-0.11,23.0,-0.07,1.58,0.0,False,-110.0,0.682,0.682,17,13,21,-1,50,Buy on Breakout,20,15,25,-2,58,Buy on Breakout,0.682,0.682,0.714,1.103,Low,No pledge / market sell,Financial Services,Financial Services,Finance,Investment Company
NAVA,NAVA LIMITED,77140298.0,137000.0,8,21-09-2026,137000.0,8,77140298.0,563.07,0.0,0,7.71,77140298.0,0.0,0.0,137000.0,77140298.0,0.0,False,False,Net Buying,7.71,7.71,0.0,False,0.0,0.0,0.0,0.0,0.0,False,551.45,739.4,501.65,48.85,563.5,585.17,1.3,-2.1,2.1,25-08-2026,21-09-2026,563.6042619047619,557.1195,563.0678686131387,27,31,4,2,4,6,8,8,5008410.0,18832398.0,27219128.0,77140298.0,77140298.0,0,0,0,0,0,0.0,0.0,0.0,0.0,0.0,5008410.0,27219128.0,49921170.0,0.0,49921170.0,27219128.0,0.0,27219128.0,-45.5,Slowing Accumulation,3,0,0.184,Fresh,Confirmed Accumulation,563.0678686131387,-2.1,Confirmed Accumulation,15630.0,22.4,18.0,152.0,61.0,9.39,16.5,0.01,True,29.0,0.049,0.049,7,26,5,0,38,Fundamental Watch,15,30,5,0,50,Buy on Breakout,0.049,0.049,0.048,0.099,Low,No pledge / market sell,Utilities,Power,Power,Power Generation
PARADEEP,PARADEEP PHOSPHATES LIMITED,75084943.0,565273.0,7,19-08-2026,565273.0,7,75084943.0,132.83,0.0,0,7.51,75084943.0,0.0,0.0,565273.0,75084943.0,0.0,False,False,Net Buying,7.51,7.51,0.0,False,0.0,0.0,0.0,0.0,0.0,False,155.49,201.99,99.7,56.08,150.68,136.46,46.3,17.1,17.1,21-05-2026,19-08-2026,124.48,150.6,132.56291980479315,90,127,37,0,0,0,1,1,0.0,0.0,0.0,15060000.0,15060000.0,0,0,0,0,0,0.0,0.0,0.0,0.0,0.0,0.0,0.0,15060000.0,0.0,15060000.0,0.0,0.0,0.0,-100.0,No Net Flow,1,0,0.0,Aging,Mature Accumulation,132.56291980479315,17.3,Mature — Wait for Pullback,16164.0,14.9,28.0,720.0,14.0,3.78,15.4,1.02,False,12.0,0.046,0.046,1,12,25,0,38,Fundamental Watch,15,14,30,0,59,Buy on Breakout,0.046,0.046,0.054,0.097,Low,No pledge / market sell,Commodities,Chemicals,Fertilizers & Agrochemicals,Fertilizers
AJMERA,AJMERA REALTY & INFRA INDIA LIMITED,73623440.0,641000.0,4,04-06-2026,641000.0,4,73623440.0,114.86,0.0,0,7.36,73623440.0,0.0,0.0,641000.0,73623440.0,0.0,False,False,Net Buying,7.36,7.36,0.0,False,0.0,0.0,0.0,0.0,0.0,False,120.82,221.4,98.03,69.74,120.24,243.8,19.8,5.2,5.2,04-06-2026,04-06-2026,116.22869158878504,112.02,114.85716068642746,0,113,113,0,0,0,0,0,0.0,0.0,0.0,0.0,0.0,0,0,0,0,0,0.0,0.0,0.0,0.0,0.0,0.0,0.0,0.0,0.0,0.0,0.0,0.0,0.0,0.0,No Net Flow,4,0,0.0,Stale,Stale Accumulation,114.85716068642746,5.2,Late — Poor Entry,2371.0,20.4,18.0,46.0,-4.0,1.17,14.2,0.46,False,38.0,0.311,0.311,7,11,17,0,35,Fundamental Watch,25,13,20,0,58,Buy on Breakout,0.31,0.311,0.327,0.468,Low,No pledge / market sell,Consumer Discretionary,Realty,Realty,"Residential, Commercial Projects"
THANGAMAYL,THANGAMAYIL JEWELLERY LIMITED,72054758.0,13860.0,6,31-08-2026,13860.0,6,72054758.0,5198.76,0.0,0,7.21,72054758.0,0.0,0.0,13860.0,72054758.0,0.0,False,False,Net Buying,7.21,7.21,0.0,False,0.0,0.0,0.0,0.0,0.0,False,5134.5,7430.0,1939.5,67.16,5516.03,4456.8,62.5,-1.2,1.2,04-08-2026,31-08-2026,4810.6375,5359.038918918919,5198.755988455989,27,52,25,0,0,1,6,6,0.0,0.0,4957111.0,72054758.0,72054758.0,0,0,0,0,0,0.0,0.0,0.0,0.0,0.0,0.0,4957111.0,67097647.0,0.0,67097647.0,4957111.0,0.0,4957111.0,-92.6,Slowing Accumulation,3,0,0.0,Active,Confirmed Accumulation,5198.755988455989,-1.2,Confirmed Accumulation,15946.0,40.6,83.0,145.0,264.0,27.38,25.5,0.64,True,5.0,0.045,0.045,4,27,13,0,44,Watchlist,20,32,15,0,67,Strong Buy Setup,0.045,0.045,0.045,0.066,Low,No pledge / market sell,Consumer Discretionary,Consumer Durables,Consumer Durables,"Gems, Jewellery And Watches"
NIITMTS,NIIT Learning Systems Limited,69880862.0,312588.0,6,09-06-2026,312588.0,6,69880862.0,223.56,0.0,0,6.99,69880862.0,0.0,0.0,312588.0,69880862.0,0.0,False,False,Net Buying,6.99,6.99,0.0,False,0.0,0.0,0.0,0.0,0.0,False,212.08,443.9,203.3,34.84,231.99,295.44,-27.2,-5.1,5.1,01-06-2026,09-06-2026,222.95,225.7899861657976,223.55580508528797,8,116,108,0,0,0,0,0,0.0,0.0,0.0,0.0,0.0,0,0,0,0,0,0.0,0.0,0.0,0.0,0.0,0.0,0.0,0.0,0.0,0.0,0.0,0.0,0.0,0.0,No Net Flow,2,0,0.0,Stale,Stale Accumulation,223.55580508528797,-5.1,Late — Poor Entry,2924.0,24.4,6.0,22.0,-8.0,2.06,18.3,0.03,True,16.0,0.239,0.239,6,16,0,0,22,Avoid,15,18,0,0,33,Fundamental Watch,0.239,0.239,0.227,0.651,Low,No pledge / market sell,Consumer Discretionary,Consumer Services,Other Consumer Services,Education
NCLIND,NCL INDUSTRIES LIMITED,68129531.0,387859.0,53,24-09-2026,387859.0,53,68129531.0,175.66,0.0,0,6.81,68129531.0,0.0,0.0,387859.0,68129531.0,0.0,False,False,Net Buying,6.81,6.81,0.0,False,0.0,0.0,0.0,0.0,0.0,False,179.26,214.8,147.5,44.48,177.59,183.08,10.2,2.0,2.0,01-06-2026,24-09-2026,181.5,176.0,175.71833914966948,115,116,1,6,10,23,40,43,2794476.0,15364209.0,20818948.0,58330687.0,62076372.0,0,0,0,0,0,0.0,0.0,0.0,0.0,0.0,2794476.0,20818948.0,41257424.0,0.0,41257424.0,20818948.0,0.0,20818948.0,-49.5,Slowing Accumulation,5,0,0.1342,Fresh,Confirmed Accumulation,175.71833914966948,2.0,Confirmed Accumulation,812.0,6.55,4.0,40.0,191.0,3.81,14.6,0.25,True,12.0,0.839,0.839,17,18,13,0,48,Watchlist,20,21,15,0,56,Buy on Breakout,0.839,0.839,0.856,1.925,Low,No pledge / market sell,Commodities,Construction Materials,Cement & Cement Products,Cement & Cement Products
LAOPALA,LA OPALA RG LIMITED,65992717.0,400000.0,5,17-09-2026,400000.0,5,65992717.0,164.98,0.0,0,6.6,65992717.0,0.0,0.0,400000.0,65992717.0,0.0,False,False,Net Buying,6.6,6.6,0.0,False,0.0,0.0,0.0,0.0,0.0,False,160.78,258.0,155.0,65.64,177.7,185.56,-9.2,-2.5,2.5,02-06-2026,17-09-2026,172.1624,156.6887,164.9817925,107,115,8,0,2,2,2,2,0.0,39906048.0,39906048.0,39906048.0,39906048.0,0,0,0,0,0,0.0,0.0,0.0,0.0,0.0,0.0,39906048.0,0.0,0.0,0.0,39906048.0,0.0,39906048.0,,New Accumulation,1,0,0.0,Active,Confirmed Accumulation,164.9817925,-2.5,Confirmed Accumulation,1784.0,18.9,-3.0,26.0,-4.0,2.36,14.2,0.01,True,36.0,0.37,0.37,9,12,0,0,21,Avoid,25,14,0,0,39,Fundamental Watch,0.37,0.37,0.36,0.549,Low,No pledge / market sell,Consumer Discretionary,Consumer Durables,Consumer Durables,Glass - Consumer
BERGEPAINT,BERGER PAINTS (I) LIMITED,48436318.0,98938.0,5,07-09-2026,98938.0,5,48436318.0,489.56,0.0,0,4.84,48436318.0,0.0,0.0,98938.0,48436318.0,0.0,False,False,Net Buying,4.84,4.84,0.0,False,0.0,0.0,0.0,0.0,0.0,False,458.35,594.55,391.1,75.0,500.66,492.17,13.0,-6.4,6.4,07-09-2026,07-09-2026,485.14018597129575,486.4111749009461,489.56233196547333,0,18,18,0,0,5,5,5,0.0,0.0,48436318.0,48436318.0,48436318.0,0,0,0,0,0,0.0,0.0,0.0,0.0,0.0,0.0,48436318.0,0.0,0.0,0.0,48436318.0,0.0,48436318.0,,New Accumulation,5,0,0.0,Active,Confirmed Accumulation,489.56233196547333,-6.4,Confirmed Accumulation,53396.0,45.2,5.0,562.0,8.0,3.16,22.9,0.07,True,17.0,0.009,0.009,5,16,9,0,30,Fundamental Watch,20,18,10,0,48,Watchlist,0.009,0.009,0.008,0.011,Low,No pledge / market sell,Consumer Discretionary,Consumer Durables,Consumer Durables,Paints
SANDUMA,SANDUR MANGANESE & IRON ORES LIMITED,46970458.0,226218.0,1,29-06-2026,226218.0,1,46970458.0,207.63,0.0,0,4.7,46970458.0,46898837.0,226218.0,0.0,71621.0,99.85,False,True,Transfer-like,0.01,4.7,4.69,False,0.0,0.0,99.85,4.6898837,99.85,False,184.79,273.0,156.3,74.26,198.59,209.17,7.7,-11.0,11.0,29-06-2026,29-06-2026,207.63360121652565,207.63360121652565,207.63360121652565,0,88,88,0,0,0,0,1,0.0,0.0,0.0,0.0,46970458.0,0,0,0,0,1,0.0,0.0,0.0,0.0,46898837.0,0.0,0.0,46970458.0,46898837.0,71621.0,0.0,0.0,0.0,-100.0,No Net Flow,1,1,0.0,Stale,Stale Accumulation,207.63360121652565,-11.0,Late — Poor Entry,8988.0,15.2,21.0,224.0,38.0,3.32,24.2,0.11,True,41.0,0.052,0.0,1,26,5,-10,22,Avoid,17,30,5,0,52,Buy on Breakout,0.052,0.0,0.0,0.0,High,Market sell 99.85% of buy value,Commodities,Metals & Mining,Ferrous Metals,Iron & Steel
IBULLSLTD,Indiabulls Limited,42690564.0,2241914.0,2,19-05-2026,2241914.0,2,42690564.0,19.04,0.0,0,4.27,42690564.0,0.0,0.0,2241914.0,42690564.0,0.0,False,False,Net Buying,4.27,4.27,0.0,False,0.0,0.0,0.0,0.0,0.0,False,29.83,32.5,8.9,27.46,27.75,19.58,223.2,56.7,56.7,18-05-2026,19-05-2026,19.473156539301023,17.54,19.042016776736308,1,130,129,0,0,0,0,0,0.0,0.0,0.0,0.0,0.0,0,0,0,0,0,0.0,0.0,0.0,0.0,0.0,0.0,0.0,0.0,0.0,0.0,0.0,0.0,0.0,0.0,No Net Flow,1,0,0.0,Stale,Stale Accumulation,19.042016776736308,56.7,Late — Poor Entry,6908.0,,110.0,19.45,87.0,0.04,-0.33,0.16,False,56.33,0.062,0.062,1,17,25,0,43,Watchlist,12,20,30,0,62,Buy on Breakout,0.062,0.062,0.097,0.353,Low,No pledge / market sell,Services,Services,Commercial Services & Supplies,Diversified Commercial Services
ANMOL,ANMOL INDIA LIMITED,38803200.0,3440000.0,1,16-06-2026,3440000.0,1,38803200.0,11.28,0.0,0,3.88,38803200.0,38803200.0,3440000.0,0.0,0.0,100.0,False,True,Transfer-like,0.0,3.88,3.88,False,55692260.0,143.524915470889,100.0,6.664933,243.52,True,13.25,18.55,8.4,57.08,11.2,11.78,31.2,17.5,17.5,16-06-2026,16-06-2026,11.28,11.28,11.28,0,101,101,0,0,0,0,0,0.0,0.0,0.0,0.0,0.0,0,0,0,0,0,0.0,0.0,0.0,0.0,0.0,0.0,0.0,0.0,0.0,0.0,0.0,0.0,0.0,0.0,No Net Flow,1,1,0.0,Stale,Stale Accumulation,11.28,17.5,Late — Poor Entry,,6.65,-3.0,9.88,32.0,1.05,8.8,1.66,True,2.17,,,1,11,17,-24,5,Avoid,2,13,20,-7,28,Avoid,0.0,0.0,0.0,0.0,High,Pledge 143.52% of buy value; Market sell 100.00% of buy value,Energy,"Oil, Gas & Consumable Fuels",Consumable Fuels,Trading - Coal
SINCLAIR,SINCLAIRS HOTELS LIMITED,34740205.0,443398.0,12,24-09-2026,443398.0,12,34740205.0,78.35,0.0,0,3.47,34740205.0,0.0,0.0,443398.0,34740205.0,0.0,False,False,Net Buying,3.47,3.47,0.0,False,0.0,0.0,0.0,0.0,0.0,False,78.96,103.51,68.82,62.78,77.7,77.87,10.4,0.8,0.8,03-06-2026,24-09-2026,74.56605810297086,80.98211428571429,78.01816210299334,113,114,1,1,2,8,8,8,1417187.0,2802843.0,19959718.0,19959718.0,19959718.0,0,0,0,0,0,0.0,0.0,0.0,0.0,0.0,1417187.0,19959718.0,0.0,0.0,0.0,19959718.0,0.0,19959718.0,,New Accumulation,1,0,0.071,Fresh,Confirmed Accumulation,78.01816210299334,1.2,Confirmed Accumulation,411.0,38.2,21.0,8.39,-19.0,1.54,8.73,0.28,True,41.64,0.845,0.845,15,12,17,0,44,Watchlist,20,14,20,0,54,Buy on Breakout,0.844,0.845,0.852,1.357,Low,No pledge / market sell,Consumer Discretionary,Consumer Services,Leisure Services,Hotels & Resorts
LIBERTSHOE,LIBERTY SHOES LIMITED,34642450.0,135000.0,7,19-08-2026,135000.0,7,34642450.0,256.61,0.0,0,3.46,34642450.0,2774200.0,10000.0,125000.0,31868250.0,8.01,False,False,Net Buying with Selling,3.19,3.46,0.28,False,0.0,0.0,8.01,0.27742,8.01,False,235.92,357.9,210.5,58.5,244.98,252.7,0.1,-8.1,8.1,30-06-2026,19-08-2026,268.783925,244.0,256.61074074074077,50,87,37,0,0,0,5,7,0.0,0.0,0.0,17097005.0,34642450.0,0,0,0,0,0,0.0,0.0,0.0,0.0,0.0,0.0,0.0,34642450.0,0.0,34642450.0,0.0,0.0,0.0,-100.0,No Net Flow,2,1,0.0,Aging,Mature Accumulation,256.61074074074077,-8.1,Mature — Wait for Pullback,403.0,47.3,6.0,13.51,-39.0,0.4,7.91,0.71,True,7.95,0.86,0.791,12,5,5,-5,17,Avoid,20,6,5,0,31,Fundamental Watch,0.859,0.791,0.732,1.251,Moderate,Market sell 8.01% of buy value,Consumer Discretionary,Consumer Durables,Consumer Durables,Footwear
GEMAROMA,Gem Aromatics Limited,34481167.0,228760.0,2,04-06-2026,228760.0,2,34481167.0,150.73,0.0,0,3.45,34481167.0,0.0,0.0,228760.0,34481167.0,0.0,False,False,Net Buying,3.45,3.45,0.0,False,0.0,0.0,0.0,0.0,0.0,False,158.93,266.75,133.0,55.06,171.67,170.21,-2.1,5.4,5.4,02-06-2026,04-06-2026,151.7228018920423,149.05290588235295,150.73075275397798,2,115,113,0,0,0,0,0,0.0,0.0,0.0,0.0,0.0,0,0,0,0,0,0.0,0.0,0.0,0.0,0.0,0.0,0.0,0.0,0.0,0.0,0.0,0.0,0.0,0.0,No Net Flow,1,0,0.0,Stale,Stale Accumulation,150.73075275397798,5.4,Late — Poor Entry,830.0,30.2,-22.0,8.51,-44.0,1.39,9.1,0.19,True,10.25,0.415,0.415,7,8,12,0,27,Avoid,17,9,15,0,41,Watchlist,0.416,0.415,0.438,0.796,Low,No pledge / market sell,Commodities,Chemicals,Chemicals & Petrochemicals,Specialty Chemicals
KCP,KCP LIMITED,33608678.0,208674.0,8,30-06-2026,208674.0,8,33608678.0,161.06,0.0,0,3.36,33608678.0,5240000.0,30000.0,178674.0,28368678.0,15.59,False,False,Net Buying with Selling,2.84,3.36,0.52,False,0.0,0.0,15.59,0.524,15.59,False,163.29,207.8,125.0,43.93,161.51,165.34,27.4,1.4,1.4,03-06-2026,30-06-2026,162.58765714285715,140.46881505537513,161.15788704640715,27,114,87,0,0,0,0,1,0.0,0.0,0.0,0.0,1686890.0,0,0,0,0,1,0.0,0.0,0.0,0.0,1740000.0,0.0,0.0,1686890.0,1740000.0,-53110.0,0.0,0.0,0.0,0.0,No Net Flow,2,1,0.0,Stale,Stale Accumulation,161.15788704640715,1.3,Late — Poor Entry,2112.0,17.9,10.0,18.51,186.0,0.04,14.3,0.49,True,4.76,0.159,0.134,4,18,13,-10,25,Avoid,15,21,15,-2,49,Watchlist,0.159,0.134,0.138,0.314,High,Market sell 15.59% of buy value,Commodities,Construction Materials,Cement & Cement Products,Cement & Cement Products
GANDHAR,GANDHAR OIL REFINERY (INDIA) LIMITED,33219918.0,175738.0,5,08-09-2026,175738.0,5,33219918.0,189.03,0.0,0,3.32,33219918.0,0.0,0.0,175738.0,33219918.0,0.0,False,False,Net Buying,3.32,3.32,0.0,False,0.0,0.0,0.0,0.0,0.0,False,261.65,303.17,115.0,64.63,252.01,176.18,105.7,38.4,38.4,08-06-2026,08-09-2026,157.53204,264.4808064516129,189.03093241074782,92,109,17,0,0,2,2,2,0.0,0.0,13278006.0,13278006.0,13278006.0,0,0,0,0,0,0.0,0.0,0.0,0.0,0.0,0.0,13278006.0,0.0,0.0,0.0,13278006.0,0.0,13278006.0,,New Accumulation,1,0,0.0,Active,Confirmed Accumulation,189.03093241074782,38.4,Late — Poor Entry,2562.0,8.81,36.0,249.0,301.0,18.27,15.5,0.07,True,16.0,0.13,0.13,5,30,25,0,60,Buy on Breakout,15,35,30,0,80,Strong Buy Setup,0.13,0.13,0.179,0.278,Low,No pledge / market sell,Energy,"Oil, Gas & Consumable Fuels",Petroleum Products,Lubricants
INDORAMA,INDO RAMA SYNTHETICS (INDIA) LIMITED,31393588.0,414796.0,2,09-09-2026,414796.0,2,31393588.0,75.68,0.0,0,3.14,31393588.0,0.0,0.0,414796.0,31393588.0,0.0,False,False,Net Buying,3.14,3.14,0.0,False,0.0,0.0,0.0,0.0,0.0,False,99.36,112.3,29.0,74.85,67.28,47.67,215.2,31.3,31.3,08-09-2026,09-09-2026,74.1302357497801,77.39172514279643,75.6844038997483,1,17,16,0,0,2,2,2,0.0,0.0,31393588.0,31393588.0,31393588.0,0,0,0,0,0,0.0,0.0,0.0,0.0,0.0,0.0,31393588.0,0.0,0.0,0.0,31393588.0,0.0,31393588.0,,New Accumulation,1,0,0.0,Active,Confirmed Accumulation,75.6844038997483,31.3,Late — Poor Entry,2591.0,22.7,-3.0,62.0,77.0,1.29,15.8,1.69,True,8.0,0.121,0.121,5,19,25,0,49,Watchlist,17,22,30,0,69,Strong Buy Setup,0.121,0.121,0.159,0.213,Low,No pledge / market sell,Consumer Discretionary,Textiles,Textiles & Apparels,Other Textile Products
ALMONDZ,ALMONDZ GLOBAL SECURITIES LIMITED,30868707.0,1675540.0,17,25-09-2026,1675540.0,17,30868707.0,18.42,0.0,0,3.09,30868707.0,0.0,0.0,1675540.0,30868707.0,0.0,False,False,Net Buying,3.09,3.09,0.0,False,0.0,0.0,0.0,0.0,0.0,False,21.38,20.35,10.68,58.19,15.83,15.17,56.9,16.1,16.1,27-08-2026,25-09-2026,16.274902564102565,21.337046693529274,18.423139405803504,29,29,0,8,11,17,17,17,13920902.0,18873957.0,30868707.0,30868707.0,30868707.0,0,0,0,0,0,0.0,0.0,0.0,0.0,0.0,13920902.0,30868707.0,0.0,0.0,0.0,30868707.0,0.0,30868707.0,,New Accumulation,1,0,0.451,Fresh,Confirmed Accumulation,18.423139405803504,16.0,Mature — Wait for Pullback,372.0,84.6,111.0,5.69,70.0,0.28,2.19,0.17,False,40.01,0.83,0.83,16,13,25,-1,53,Buy on Breakout,20,15,30,-3,62,Buy on Breakout,0.831,0.83,0.963,1.655,Low,No pledge / market sell,Financial Services,Financial Services,Capital Markets,Stockbroking & Allied
SRHHYPOLTD,Sree Rayalaseema Hi-Strength Hypo Limited,30622049.0,59933.0,17,21-09-2026,59933.0,17,30622049.0,510.94,0.0,0,3.06,30622049.0,0.0,0.0,59933.0,30622049.0,0.0,False,False,Net Buying,3.06,3.06,0.0,False,0.0,0.0,0.0,0.0,0.0,False,594.8,670.0,382.4,62.09,506.48,489.96,43.4,16.4,16.4,26-08-2026,21-09-2026,473.208,526.9978,510.9380308010612,26,30,4,1,6,16,17,17,2634989.0,15230216.0,30148841.0,30622049.0,30622049.0,0,0,0,0,0,0.0,0.0,0.0,0.0,0.0,2634989.0,30148841.0,473208.0,0.0,473208.0,30148841.0,0.0,30148841.0,6271.2,Accelerating Accumulation,2,0,0.0874,Fresh,Confirmed Accumulation,510.9380308010612,16.4,Mature — Wait for Pullback,1021.0,10.0,7.0,30.0,0.0,14.66,14.4,0.01,True,14.0,0.3,0.3,12,12,25,0,49,Watchlist,20,14,30,0,64,Buy on Breakout,0.3,0.3,0.349,0.562,Low,No pledge / market sell,Commodities,Chemicals,Chemicals & Petrochemicals,Commodity Chemicals
RGL,Renaissance Global Limited,30063761.0,297965.0,2,11-06-2026,297965.0,2,30063761.0,100.9,0.0,0,3.01,30063761.0,0.0,0.0,297965.0,30063761.0,0.0,False,False,Net Buying,3.01,3.01,0.0,False,0.0,0.0,0.0,0.0,0.0,False,167.47,173.8,85.0,69.56,134.2,117.58,94.3,66.0,66.0,10-06-2026,11-06-2026,95.70170033911258,101.7464416945539,100.89695434027486,1,107,106,0,0,0,0,0,0.0,0.0,0.0,0.0,0.0,0,0,0,0,0,0.0,0.0,0.0,0.0,0.0,0.0,0.0,0.0,0.0,0.0,0.0,0.0,0.0,0.0,No Net Flow,1,0,0.0,Stale,Stale Accumulation,100.89695434027486,66.0,Late — Poor Entry,1805.0,63.0,7.0,22.0,0.0,0.95,5.75,0.52,True,5.0,0.167,0.167,3,9,25,-1,36,Fundamental Watch,17,11,30,-3,55,Buy on Breakout,0.167,0.167,0.276,0.397,Low,No pledge / market sell,Consumer Discretionary,Consumer Durables,Consumer Durables,"Gems, Jewellery And Watches"
BAJAJHCARE,BAJAJ HEALTHCARE LIMITED,29730147.0,100000.0,1,12-06-2026,100000.0,1,29730147.0,297.3,0.0,0,2.97,29730147.0,0.0,0.0,100000.0,29730147.0,0.0,False,False,Net Buying,2.97,2.97,0.0,False,0.0,0.0,0.0,0.0,0.0,False,344.15,515.9,272.35,67.69,331.77,340.18,13.3,15.8,15.8,12-06-2026,12-06-2026,297.30147,297.30147,297.30147,0,105,105,0,0,0,0,0,0.0,0.0,0.0,0.0,0.0,0,0,0,0,0,0.0,0.0,0.0,0.0,0.0,0.0,0.0,0.0,0.0,0.0,0.0,0.0,0.0,0.0,No Net Flow,1,0,0.0,Stale,Stale Accumulation,297.30147,15.8,Late — Poor Entry,1158.0,20.6,12.0,29.0,20.0,4.07,11.5,0.47,True,17.0,0.257,0.257,5,18,17,0,40,Watchlist,22,21,20,0,63,Buy on Breakout,0.256,0.257,0.297,0.439,Low,No pledge / market sell,Healthcare,Healthcare,Pharmaceuticals & Biotechnology,Pharmaceuticals
ASHAPURMIN,ASHAPURA MINECHEM LIMITED,29200553.0,50000.0,2,27-08-2026,50000.0,2,29200553.0,584.01,0.0,0,2.92,29200553.0,0.0,0.0,50000.0,29200553.0,0.0,False,False,Net Buying,2.92,2.92,0.0,False,0.0,0.0,0.0,0.0,0.0,False,506.5,924.9,455.1,45.33,610.15,646.42,5.8,-13.3,13.3,26-08-2026,27-08-2026,584.31052,583.7116,584.01106,1,30,29,0,0,1,2,2,0.0,0.0,14592790.0,29200553.0,29200553.0,0,0,0,0,0,0.0,0.0,0.0,0.0,0.0,0.0,14592790.0,14607763.0,0.0,14607763.0,14592790.0,0.0,14592790.0,-0.1,Slowing Accumulation,1,0,0.0,Active,Mature Accumulation,584.01106,-13.3,Confirmed Accumulation,4834.0,32.0,9.0,33.0,67.0,2.59,36.6,0.12,True,30.0,0.06,0.06,2,22,5,0,29,Avoid,12,25,5,0,42,Watchlist,0.06,0.06,0.052,0.116,Low,No pledge / market sell,Commodities,Metals & Mining,Minerals & Mining,Industrial Minerals
CONTROLPR,CONTROL PRINT LIMITED,29014580.0,50000.0,2,15-09-2026,50000.0,2,29014580.0,580.29,0.0,0,2.9,29014580.0,0.0,0.0,50000.0,29014580.0,0.0,False,False,Net Buying,2.9,2.9,0.0,False,0.0,0.0,0.0,0.0,0.0,False,591.8,833.0,517.0,52.68,590.21,634.81,-2.3,2.0,2.0,15-09-2026,15-09-2026,580.2916,580.2916,580.2916,0,10,10,0,3,3,3,3,0.0,43521870.0,43521870.0,43521870.0,43521870.0,0,0,0,0,0,0.0,0.0,0.0,0.0,0.0,0.0,43521870.0,0.0,0.0,0.0,43521870.0,0.0,43521870.0,,New Accumulation,2,0,0.0,Active,Confirmed Accumulation,580.2916,2.0,Confirmed Accumulation,948.0,13.3,13.0,21.0,-41.0,7.75,22.6,0.01,True,20.0,0.306,0.306,10,16,8,0,34,Fundamental Watch,17,18,10,0,45,Watchlist,0.306,0.306,0.312,0.593,Low,No pledge / market sell,Information Technology,Information Technology,IT - Hardware,Computers Hardware & Equipments
BMWVENTLTD,BMW VENTURES LIMITED,28991535.0,526500.0,6,22-09-2026,526500.0,6,28991535.0,55.06,0.0,0,2.9,28991535.0,0.0,0.0,526500.0,28991535.0,0.0,False,False,Net Buying,2.9,2.9,0.0,False,0.0,0.0,0.0,0.0,0.0,False,52.17,78.0,48.0,73.01,56.05,58.03,-4.6,-5.2,5.2,05-08-2026,22-09-2026,60.09327058823529,52.251034713999815,55.763635322976285,48,51,3,2,3,3,7,7,7051173.0,10009832.0,10009832.0,34099463.0,34099463.0,0,0,0,0,0,0.0,0.0,0.0,0.0,0.0,7051173.0,10009832.0,24089631.0,0.0,24089631.0,10009832.0,0.0,10009832.0,-58.4,Slowing Accumulation,1,0,0.7044,Fresh,Confirmed Accumulation,55.763635322976285,-6.4,Confirmed Accumulation,454.0,11.3,19.0,21.0,20.0,1.22,12.0,0.58,True,3.4,0.639,0.639,14,19,0,-1,32,Fundamental Watch,25,23,0,-2,46,Watchlist,0.639,0.639,0.605,0.829,Low,No pledge / market sell,Commodities,Metals & Mining,Metals & Minerals Trading,Trading - Metals
PKTEA,THE PERIA KARAMALAI TEA & PRODUCE COMPANY LIMITED,28765495.0,36762.0,6,22-09-2026,36762.0,6,28765495.0,782.48,0.0,0,2.88,28765495.0,0.0,0.0,36762.0,28765495.0,0.0,False,False,Net Buying,2.88,2.88,0.0,False,0.0,0.0,0.0,0.0,0.0,False,1001.35,1169.0,605.0,61.71,799.03,783.21,25.6,28.0,28.0,17-08-2026,22-09-2026,702.5034911525586,1000.027833001988,764.770506385412,36,39,3,2,2,3,7,7,7473906.0,7473906.0,12648592.0,36110169.0,36110169.0,0,0,0,0,0,0.0,0.0,0.0,0.0,0.0,7473906.0,12648592.0,23461577.0,0.0,23461577.0,12648592.0,0.0,12648592.0,-46.1,Slowing Accumulation,1,0,0.5909,Fresh,Confirmed Accumulation,764.770506385412,30.9,Late — Poor Entry,310.0,,9.0,11.91,-184.0,31.98,-0.26,0.1,True,57.93,0.928,0.928,16,12,25,0,53,Buy on Breakout,20,14,30,0,64,Buy on Breakout,0.929,0.928,1.187,1.924,Low,No pledge / market sell,Fast Moving Consumer Goods,Fast Moving Consumer Goods,Agricultural Food & other Products,Tea & Coffee
SHAKTIPUMP,SHAKTI PUMPS (INDIA) LIMITED,28225167.0,58200.0,5,16-09-2026,58200.0,5,28225167.0,484.97,0.0,0,2.82,28225167.0,0.0,0.0,58200.0,28225167.0,0.0,False,False,Net Buying,2.82,2.82,0.0,False,0.0,0.0,0.0,0.0,0.0,False,466.9,868.35,455.0,56.22,499.78,559.72,-0.9,-3.7,3.7,16-06-2026,16-09-2026,549.4831111111112,463.41773333333333,493.6088541666667,92,101,9,0,3,4,4,4,0.0,17680918.0,23279819.0,23279819.0,23279819.0,0,0,0,0,0,0.0,0.0,0.0,0.0,0.0,0.0,23279819.0,0.0,0.0,0.0,23279819.0,0.0,23279819.0,,New Accumulation,3,0,0.0,Active,Confirmed Accumulation,493.6088541666667,-5.4,Confirmed Accumulation,5752.0,29.9,13.0,59.0,-52.0,3.48,24.3,0.26,True,7.0,0.049,0.049,5,16,0,0,21,Avoid,15,18,0,0,33,Fundamental Watch,0.049,0.049,0.047,0.084,Low,No pledge / market sell,Industrials,Capital Goods,Industrial Products,"Compressors, Pumps & Diesel Engines"
SESHAPAPER,SESHASAYEE PAPER AND BOARDS LIMITED,27753590.0,122664.0,4,30-07-2026,122664.0,4,27753590.0,226.26,0.0,0,2.78,27753590.0,0.0,0.0,122664.0,27753590.0,0.0,False,False,Net Buying,2.78,2.78,0.0,False,0.0,0.0,0.0,0.0,0.0,False,246.27,293.11,209.96,42.78,234.8,241.9,1.5,8.8,8.8,25-06-2026,30-07-2026,224.8249,234.38820971249095,226.137393857188,35,92,57,0,0,0,2,5,0.0,0.0,0.0,9701328.0,12247620.0,0,0,0,0,0,0.0,0.0,0.0,0.0,0.0,0.0,0.0,12247620.0,0.0,12247620.0,0.0,0.0,0.0,-100.0,No Net Flow,3,0,0.0,Aging,Mature Accumulation,226.137393857188,8.9,Mature — Wait for Pullback,1552.0,18.4,6.0,44.0,1.0,5.33,5.09,0.0,True,9.0,0.179,0.179,5,12,21,0,38,Fundamental Watch,15,14,25,0,54,Buy on Breakout,0.179,0.179,0.195,0.455,Low,No pledge / market sell,Commodities,Forest Materials,"Paper, Forest & Jute Products",Paper & Paper Products
NURECA,NURECA LIMITED,27352743.0,84343.0,20,22-09-2026,84343.0,20,27352743.0,324.3,0.0,0,2.74,27352743.0,0.0,0.0,84343.0,27352743.0,0.0,False,False,Net Buying,2.74,2.74,0.0,False,0.0,0.0,0.0,0.0,0.0,False,351.5,358.0,204.0,63.24,325.56,282.34,58.0,8.4,8.4,24-07-2026,22-09-2026,301.14995815899584,336.42,324.51109556071543,60,63,3,1,5,15,21,24,151389.0,9269255.0,15856731.0,22239300.0,30606913.0,0,0,0,0,0,0.0,0.0,0.0,0.0,0.0,151389.0,15856731.0,14750182.0,0.0,14750182.0,15856731.0,0.0,15856731.0,7.5,Accelerating Accumulation,3,0,0.0095,Fresh,Confirmed Accumulation,324.51109556071543,8.3,Confirmed Accumulation,332.0,153.0,22.0,2.45,264.0,2.55,2.07,0.01,False,6.06,0.824,0.824,17,13,25,-1,54,Buy on Breakout,20,15,30,-3,62,Buy on Breakout,0.825,0.824,0.893,1.412,Low,No pledge / market sell,Healthcare,Healthcare,Healthcare Equipment & Supplies,Medical Equipment & Supplies
INDOWIND,INDOWIND ENERGY LIMITED,26711391.0,2902075.0,4,25-08-2026,2902075.0,4,26711391.0,9.2,0.0,0,2.67,26711391.0,18341017.0,2000000.0,902075.0,8370374.0,68.66,False,True,Heavy Selling Pressure,0.84,2.67,1.83,False,0.0,0.0,68.66,1.8341017,68.66,False,8.88,18.94,7.0,50.76,9.05,10.46,5.5,-3.5,3.5,30-06-2026,25-08-2026,9.295999799886866,9.354905626902132,9.204238691281239,56,87,31,0,0,0,2,4,0.0,0.0,0.0,4865287.0,26711391.0,0,0,0,0,1,0.0,0.0,0.0,0.0,18341017.0,0.0,0.0,26711391.0,18341017.0,8370374.0,0.0,0.0,0.0,-100.0,No Net Flow,1,1,0.0,Aging,Mature Accumulation,9.204238691281239,-3.5,Mature — Wait for Pullback,142.0,,-4.0,4.35,-102.0,0.1,2.35,0.03,True,62.59,1.881,0.589,11,8,5,-10,14,Avoid,20,9,5,0,34,Fundamental Watch,1.88,0.589,0.564,1.111,High,Market sell 68.66% of buy value,Utilities,Power,Power,Power Generation
MANINFRA,MAN INFRACONSTRUCTION LIMITED,26297500.0,250000.0,1,25-06-2026,250000.0,1,26297500.0,105.19,0.0,0,2.63,26297500.0,0.0,0.0,250000.0,26297500.0,0.0,False,False,Net Buying,2.63,2.63,0.0,False,0.0,0.0,0.0,0.0,0.0,False,129.95,156.5,77.12,67.15,113.55,111.93,51.5,23.5,23.5,25-06-2026,25-06-2026,105.19,105.19,105.19,0,92,92,0,0,0,0,0,0.0,0.0,0.0,0.0,0.0,0,0,0,0,0,0.0,0.0,0.0,0.0,0.0,0.0,0.0,0.0,0.0,0.0,0.0,0.0,0.0,0.0,No Net Flow,1,0,0.0,Stale,Stale Accumulation,105.19,23.5,Late — Poor Entry,5251.0,34.2,-25.0,71.0,-11.0,1.48,10.7,0.0,True,69.0,0.05,0.05,1,12,21,0,34,Fundamental Watch,17,14,25,0,56,Buy on Breakout,0.05,0.05,0.062,0.092,Low,No pledge / market sell,Consumer Discretionary,Realty,Realty,"Residential, Commercial Projects"
WCIL,WESTERN CARRIERS (INDIA) LIMITED,26110433.0,267691.0,7,22-09-2026,267691.0,7,26110433.0,97.54,0.0,0,2.61,26110433.0,0.0,0.0,267691.0,26110433.0,0.0,False,False,Net Buying,2.61,2.61,0.0,False,0.0,0.0,0.0,0.0,0.0,False,94.77,146.84,77.02,71.89,88.89,101.3,11.2,-2.8,2.8,05-06-2026,22-09-2026,95.45999397045523,95.91,97.53945033639532,109,112,3,1,2,2,2,4,10070550.0,19820550.0,19820550.0,19820550.0,20434429.0,0,0,0,0,0,0.0,0.0,0.0,0.0,0.0,10070550.0,19820550.0,613879.0,0.0,613879.0,19820550.0,0.0,19820550.0,3128.7,Accelerating Accumulation,1,0,0.5081,Fresh,Confirmed Accumulation,97.53945033639532,-2.8,Confirmed Accumulation,969.0,26.4,9.0,18.68,-36.0,0.85,6.83,0.26,False,4.02,0.269,0.269,10,7,9,-1,25,Avoid,25,8,10,-2,41,Watchlist,0.269,0.269,0.262,0.364,Low,No pledge / market sell,Services,Services,Transport Services,Logistics Solution Provider
LINC,LINC LIMITED,25359745.0,265500.0,6,21-09-2026,265500.0,6,25359745.0,95.52,0.0,0,2.54,25359745.0,25359560.0,265500.0,0.0,185.0,100.0,False,True,Transfer-like,0.0,2.54,2.54,False,0.0,0.0,100.0,2.535956,100.0,False,93.23,133.38,85.01,59.28,97.82,103.93,-3.8,-2.4,2.4,02-06-2026,21-09-2026,98.99993333333333,92.00009302325581,95.51693032015066,111,115,4,4,4,4,4,4,12934754.0,12934754.0,12934754.0,12934754.0,12934754.0,1,1,1,1,1,12934559.0,12934559.0,12934559.0,12934559.0,12934559.0,195.0,195.0,0.0,0.0,0.0,12934754.0,12934559.0,195.0,,New Accumulation,4,1,1.0,Fresh,Confirmed Accumulation,95.51693032015066,-2.4,Confirmed Accumulation,554.0,16.1,-1.0,10.45,-9.0,0.86,19.1,0.08,True,7.7,0.458,0.0,8,12,0,-10,10,Avoid,15,13,0,0,28,Avoid,0.458,0.0,0.0,0.0,High,Market sell 100.00% of buy value,Fast Moving Consumer Goods,Fast Moving Consumer Goods,Household Products,Stationary
OBCL,OBCL LIMITED,24245918.0,447337.0,14,24-09-2026,447337.0,14,24245918.0,54.2,0.0,0,2.42,24245918.0,0.0,0.0,447337.0,24245918.0,0.0,False,False,Net Buying,2.42,2.42,0.0,False,0.0,0.0,0.0,0.0,0.0,False,57.6,62.0,46.51,67.23,54.82,55.23,6.5,6.3,6.3,09-06-2026,24-09-2026,55.49588477366255,60.0,54.20056467495423,107,108,1,2,3,6,13,13,2496120.0,3285122.0,4318768.0,21953383.0,21953383.0,0,0,0,0,0,0.0,0.0,0.0,0.0,0.0,2496120.0,4318768.0,17634615.0,0.0,17634615.0,4318768.0,0.0,4318768.0,-75.5,Slowing Accumulation,2,0,0.578,Fresh,Confirmed Accumulation,54.20056467495423,6.3,Confirmed Accumulation,122.0,,6.0,2.47,-3779.0,-0.05,-1.26,0.8,True,3.0,1.987,1.987,21,5,21,-1,46,Watchlist,25,6,25,-2,54,Buy on Breakout,1.984,1.987,2.112,3.141,Low,No pledge / market sell,Services,Services,Transport Services,Logistics Solution Provider
CSLFINANCE,CSL Finance Limited,24219348.0,344424.0,26,16-09-2026,236030.0,18,24219348.0,102.61,108394.0,8,2.42,24219348.0,0.0,0.0,236030.0,24219348.0,0.0,False,False,Net Buying,2.42,2.42,0.0,False,0.0,0.0,0.0,0.0,0.0,False,215.19,324.7,209.7,47.71,223.08,245.26,-11.2,109.7,109.7,29-05-2026,16-09-2026,8.695652173913043e-06,214.69,133.03945521282762,110,119,9,0,5,14,38,38,0.0,3519300.0,19278412.0,41319393.0,41319393.0,0,0,0,0,0,0.0,0.0,0.0,0.0,0.0,0.0,19278412.0,22040981.0,0.0,22040981.0,19278412.0,0.0,19278412.0,-12.5,Slowing Accumulation,2,0,0.0,Active,Confirmed Accumulation,133.03945521282762,61.7,Late — Poor Entry,489.0,5.62,19.0,,16.0,9.72,14.5,1.38,False,,0.495,0.495,14,10,8,0,32,Fundamental Watch,20,12,10,0,42,Watchlist,0.495,0.495,1.039,2.177,Low,No pledge / market sell,Financial Services,Financial Services,Finance,Non Banking Financial Company (NBFC)
AVONMORE,AVONMORE CAPITAL & MANAGEMENT SERVICES LIMITED,23479616.0,1826343.0,25,24-09-2026,1826343.0,25,23479616.0,12.86,0.0,0,2.35,23479616.0,0.0,0.0,1826343.0,23479616.0,0.0,False,False,Net Buying,2.35,2.35,0.0,False,0.0,0.0,0.0,0.0,0.0,False,13.34,20.39,9.05,69.12,12.24,13.12,17.0,3.7,3.7,10-08-2026,24-09-2026,11.28707,13.2,12.81746514363312,45,46,1,1,5,15,26,26,13200.0,4322976.0,10227483.0,24049961.0,24049961.0,0,0,0,0,0,0.0,0.0,0.0,0.0,0.0,13200.0,10227483.0,13822478.0,0.0,13822478.0,10227483.0,0.0,10227483.0,-26.0,Slowing Accumulation,1,0,0.0013,Fresh,Confirmed Accumulation,12.81746514363312,4.1,Confirmed Accumulation,377.0,1215.0,-61.0,,-98.0,0.01,2.46,0.44,True,,0.623,0.623,13,8,17,-1,37,Fundamental Watch,25,9,20,-3,51,Buy on Breakout,0.623,0.623,0.646,0.935,Low,No pledge / market sell,Financial Services,Financial Services,Finance,Non Banking Financial Company (NBFC)
LANDMARK,Landmark Cars Limited,20373286.0,53600.0,6,10-06-2026,53600.0,6,20373286.0,380.1,0.0,0,2.04,20373286.0,0.0,0.0,53600.0,20373286.0,0.0,False,False,Net Buying,2.04,2.04,0.0,False,0.0,0.0,0.0,0.0,0.0,False,488.55,662.0,339.5,52.87,516.47,445.11,32.7,28.5,28.5,29-05-2026,10-06-2026,370.2960294117647,421.3368,377.4348641304348,12,119,107,0,0,0,0,0,0.0,0.0,0.0,0.0,0.0,0,0,0,0,0,0.0,0.0,0.0,0.0,0.0,0.0,0.0,0.0,0.0,0.0,0.0,0.0,0.0,0.0,No Net Flow,2,0,0.0,Stale,Stale Accumulation,377.4348641304348,29.4,Late — Poor Entry,2018.0,45.2,26.0,26.0,-1.0,2.8,9.59,0.19,True,14.0,0.101,0.101,4,16,21,0,41,Watchlist,15,19,25,0,59,Buy on Breakout,0.101,0.101,0.13,0.245,Low,No pledge / market sell,Consumer Discretionary,Automobile and Auto Components,Automobiles,Auto Dealer
DANGEE,Dangee Dums Limited,20159573.0,7155000.0,1,24-09-2026,7155000.0,1,20159573.0,2.82,0.0,0,2.02,20159573.0,0.0,0.0,7155000.0,20159573.0,0.0,False,False,Net Buying,2.02,2.02,0.0,False,0.0,0.0,0.0,0.0,0.0,False,3.26,5.08,2.53,64.45,2.9,3.19,25.4,15.6,15.6,24-09-2026,24-09-2026,2.8175503843466108,2.8175503843466108,2.8175503843466108,0,1,1,1,1,1,1,1,20159573.0,20159573.0,20159573.0,20159573.0,20159573.0,0,0,0,0,0,0.0,0.0,0.0,0.0,0.0,20159573.0,20159573.0,0.0,0.0,0.0,20159573.0,0.0,20159573.0,,New Accumulation,1,0,1.0,Fresh,Early Accumulation,2.8175503843466108,15.7,Mature — Wait for Pullback,,,10.0,0.98,-86.0,-0.03,2.05,1.58,True,14.22,,,6,5,17,0,28,Avoid,12,6,20,0,38,Fundamental Watch,0.0,0.0,0.0,0.0,Low,No pledge / market sell,Fast Moving Consumer Goods,Fast Moving Consumer Goods,Food Products,Packaged Foods
SIGIND,Signet Industries Limited,20066329.0,270369.0,18,21-09-2026,270369.0,18,20066329.0,74.22,0.0,0,2.01,20066329.0,0.0,0.0,270369.0,20066329.0,0.0,False,False,Net Buying,2.01,2.01,0.0,False,0.0,0.0,0.0,0.0,0.0,False,68.02,74.99,40.66,72.57,64.14,52.87,63.9,-8.4,8.4,17-08-2026,21-09-2026,68.80343785960875,70.66149068322981,74.21830535305453,35,39,4,1,3,12,18,18,773602.0,3010090.0,12347178.0,20066329.0,20066329.0,0,0,0,0,0,0.0,0.0,0.0,0.0,0.0,773602.0,12347178.0,7719151.0,0.0,7719151.0,12347178.0,0.0,12347178.0,60.0,Accelerating Accumulation,1,0,0.0627,Fresh,Confirmed Accumulation,74.21830535305453,-8.4,Confirmed Accumulation,201.0,8.56,17.0,27.97,17.0,2.73,13.6,1.86,True,9.14,0.998,0.998,15,19,17,0,51,Buy on Breakout,25,23,20,0,68,Strong Buy Setup,1.0,0.998,0.915,1.261,Low,No pledge / market sell,Services,Services,Commercial Services & Supplies,Trading & Distributors
NINSYS,Nintec Systems Limited,20039124.0,26000.0,17,30-06-2026,26000.0,17,20039124.0,770.74,0.0,0,2.0,20039124.0,0.0,0.0,26000.0,20039124.0,0.0,False,False,Net Buying,2.0,2.0,0.0,False,0.0,0.0,0.0,0.0,0.0,False,708.75,935.0,281.05,47.23,748.96,557.18,147.3,-8.0,8.0,19-06-2026,30-06-2026,700.662,827.6113333333333,766.9428148148148,11,98,87,0,0,0,0,8,0.0,0.0,0.0,0.0,10639452.0,0,0,0,0,0,0.0,0.0,0.0,0.0,0.0,0.0,0.0,10639452.0,0.0,10639452.0,0.0,0.0,0.0,-100.0,No Net Flow,1,0,0.0,Stale,Stale Accumulation,766.9428148148148,-7.6,Late — Poor Entry,1317.0,44.8,17.0,10.62,17.0,4.44,50.3,0.02,True,41.45,0.152,0.152,3,22,13,0,38,Fundamental Watch,15,25,15,0,55,Buy on Breakout,0.152,0.152,0.14,0.296,Low,No pledge / market sell,Information Technology,Information Technology,IT - Software,Computers - Software & Consulting
SRGHFL,SRG HOUSING FINANCE LIMITED,19830410.0,150000.0,3,16-09-2026,150000.0,3,19830410.0,132.2,0.0,0,1.98,19830410.0,0.0,0.0,150000.0,19830410.0,0.0,False,False,Net Buying,1.98,1.98,0.0,False,0.0,0.0,0.0,0.0,0.0,False,146.8,335.0,118.6,67.83,247.47,269.77,-38.5,11.0,11.0,15-09-2026,16-09-2026,139.681,125.3055,132.20273333333333,1,10,9,0,3,3,3,3,0.0,19830410.0,19830410.0,19830410.0,19830410.0,0,0,0,0,0,0.0,0.0,0.0,0.0,0.0,0.0,19830410.0,0.0,0.0,0.0,19830410.0,0.0,19830410.0,,New Accumulation,2,0,0.0,Active,Confirmed Accumulation,132.20273333333333,11.0,Mature — Wait for Pullback,232.0,6.79,31.0,,35.0,5.39,11.8,2.89,False,,0.855,0.855,14,10,8,0,32,Fundamental Watch,25,12,10,0,47,Watchlist,0.853,0.855,0.949,1.399,Low,No pledge / market sell,Financial Services,Financial Services,Finance,Housing Finance Company
TTL,T T LIMITED,18862666.0,2734171.0,20,24-09-2026,2734171.0,20,18862666.0,6.9,0.0,0,1.89,18862666.0,0.0,0.0,2734171.0,18862666.0,0.0,False,False,Net Buying,1.89,1.89,0.0,False,0.0,0.0,0.0,0.0,0.0,False,7.13,11.25,5.5,58.66,6.52,7.74,-18.6,3.3,3.3,18-06-2026,24-09-2026,6.936243093922652,7.3805628850163565,6.8988611173185586,98,99,1,2,5,12,18,19,5785886.0,8253550.0,15298467.0,18249354.0,18486028.0,0,0,0,0,0,0.0,0.0,0.0,0.0,0.0,5785886.0,15298467.0,3187561.0,0.0,3187561.0,15298467.0,0.0,15298467.0,379.9,Accelerating Accumulation,2,0,0.3782,Fresh,Confirmed Accumulation,6.8988611173185586,3.4,Confirmed Accumulation,182.0,344.0,-14.0,2.64,124.0,0.03,5.82,0.64,False,5.69,1.036,1.036,19,6,8,-1,32,Fundamental Watch,20,7,10,-3,34,Fundamental Watch,1.038,1.036,1.071,1.826,Low,No pledge / market sell,Consumer Discretionary,Textiles,Textiles & Apparels,Other Textile Products
BLBLIMITED,BLB LIMITED,16576931.0,1029519.0,18,24-09-2026,1029519.0,18,16576931.0,16.1,0.0,0,1.66,16576931.0,0.0,0.0,1029519.0,16576931.0,0.0,False,False,Net Buying,1.66,1.66,0.0,False,0.0,0.0,0.0,0.0,0.0,False,17.1,22.47,12.0,45.35,16.13,15.87,8.3,6.2,6.2,25-08-2026,24-09-2026,16.01999983630173,17.31,16.101627070505742,30,31,1,4,8,17,18,18,2399887.0,7665019.0,12662412.0,16576931.0,16576931.0,0,0,0,0,0,0.0,0.0,0.0,0.0,0.0,2399887.0,12662412.0,3914519.0,0.0,3914519.0,12662412.0,0.0,12662412.0,223.5,Accelerating Accumulation,1,0,0.1895,Fresh,Confirmed Accumulation,16.101627070505742,6.2,Confirmed Accumulation,,3.29,117.0,9.95,311.0,1.05,40.2,0.0,True,10.67,,,5,22,25,0,52,Buy on Breakout,15,25,30,0,70,Strong Buy Setup,0.0,0.0,0.0,0.0,Low,No pledge / market sell,Financial Services,Financial Services,Finance,Investment Company
GOKUL,GOKUL REFOILS AND SOLVENT LIMITED,16566269.0,390107.0,26,02-09-2026,390107.0,26,16566269.0,42.47,0.0,0,1.66,16566269.0,0.0,0.0,390107.0,16566269.0,0.0,False,False,Net Buying,1.66,1.66,0.0,False,0.0,0.0,0.0,0.0,0.0,False,39.69,46.8,31.0,71.79,40.61,39.8,0.4,-6.5,6.5,09-06-2026,02-09-2026,40.9733893557423,41.23762857142857,42.05159572755449,85,108,23,0,0,12,20,20,0.0,0.0,14565821.0,22247438.0,22247438.0,0,0,0,0,0,0.0,0.0,0.0,0.0,0.0,0.0,14565821.0,7681617.0,0.0,7681617.0,14565821.0,0.0,14565821.0,89.6,Accelerating Accumulation,1,0,0.0,Active,Confirmed Accumulation,42.05159572755449,-5.6,Confirmed Accumulation,397.0,98.2,246.0,0.91,10.0,0.14,2.07,0.0,False,4.21,0.417,0.417,8,7,9,-2,22,Avoid,25,8,10,-5,38,Fundamental Watch,0.418,0.417,0.39,0.543,Low,No pledge / market sell,Fast Moving Consumer Goods,Fast Moving Consumer Goods,Agricultural Food & other Products,Edible Oil
DBOL,Dhampur Bio Organics Limited,16307001.0,147268.0,7,22-09-2026,147268.0,7,16307001.0,110.73,0.0,0,1.63,16307001.0,0.0,0.0,147268.0,16307001.0,0.0,False,False,Net Buying,1.63,1.63,0.0,False,0.0,0.0,0.0,0.0,0.0,False,122.25,139.0,69.0,50.45,116.49,105.41,27.7,10.4,10.4,25-06-2026,22-09-2026,111.72,114.9635,110.73010429964418,89,92,3,1,1,1,3,6,1149635.0,1149635.0,1149635.0,5629705.0,14296041.0,0,0,0,0,0,0.0,0.0,0.0,0.0,0.0,1149635.0,1149635.0,13146406.0,0.0,13146406.0,1149635.0,0.0,1149635.0,-91.3,Slowing Accumulation,2,0,1.0,Fresh,Confirmed Accumulation,110.73010429964418,10.4,Mature — Wait for Pullback,807.0,33.2,2.0,11.0,618.0,5.78,4.95,1.03,True,2.0,0.202,0.202,9,11,25,-1,44,Watchlist,15,13,30,-2,56,Buy on Breakout,0.202,0.202,0.223,0.442,Low,No pledge / market sell,Fast Moving Consumer Goods,Fast Moving Consumer Goods,Agricultural Food & other Products,Sugar
VISAKAIND,Visaka Industries Limited,14856607.0,188717.0,16,18-09-2026,188717.0,16,14856607.0,78.72,0.0,0,1.49,14856607.0,0.0,0.0,188717.0,14856607.0,0.0,False,False,Net Buying,1.49,1.49,0.0,False,0.0,0.0,0.0,0.0,0.0,False,90.98,104.41,50.2,48.42,90.18,73.47,64.3,15.6,15.6,04-06-2026,18-09-2026,71.67635807192043,92.82,78.72426437469862,106,113,7,0,5,8,8,8,0.0,2605684.0,4876378.0,4876378.0,4876378.0,0,0,0,0,0,0.0,0.0,0.0,0.0,0.0,0.0,4876378.0,0.0,0.0,0.0,4876378.0,0.0,4876378.0,,New Accumulation,1,0,0.0,Fresh,Confirmed Accumulation,78.72426437469862,15.6,Mature — Wait for Pullback,786.0,11.6,11.0,88.0,439.0,5.79,7.03,0.36,True,15.0,0.189,0.189,6,18,25,0,49,Watchlist,15,21,30,0,66,Strong Buy Setup,0.19,0.189,0.218,0.451,Low,No pledge / market sell,Commodities,Construction Materials,Cement & Cement Products,Cement & Cement Products
DOLLAR,DOLLAR INDUSTRIES LIMITED,14833500.0,55000.0,1,24-06-2026,55000.0,1,14833500.0,269.7,0.0,0,1.48,14833500.0,0.0,0.0,55000.0,14833500.0,0.0,False,False,Net Buying,1.48,1.48,0.0,False,0.0,0.0,0.0,0.0,0.0,False,270.45,396.0,220.5,73.09,268.39,286.46,11.0,0.3,0.3,24-06-2026,24-06-2026,269.7,269.7,269.7,0,93,93,0,0,0,0,0,0.0,0.0,0.0,0.0,0.0,0,0,0,0,0,0.0,0.0,0.0,0.0,0.0,0.0,0.0,0.0,0.0,0.0,0.0,0.0,0.0,0.0,No Net Flow,1,0,0.0,Stale,Stale Accumulation,269.7,0.3,Late — Poor Entry,1532.0,13.9,6.0,46.0,18.0,4.31,13.6,0.28,True,12.0,0.097,0.097,1,18,13,0,32,Fundamental Watch,17,21,15,0,53,Buy on Breakout,0.097,0.097,0.097,0.133,Low,No pledge / market sell,Consumer Discretionary,Textiles,Textiles & Apparels,Garments & Apparels
STANLEY,STANLEY LIFESTYLES LIMITED,14688935.0,101000.0,1,03-06-2026,101000.0,1,14688935.0,145.44,0.0,0,1.47,14688935.0,0.0,0.0,101000.0,14688935.0,0.0,False,False,Net Buying,1.47,1.47,0.0,False,0.0,0.0,0.0,0.0,0.0,False,144.32,317.95,123.0,56.81,143.28,160.41,4.0,-0.8,0.8,03-06-2026,03-06-2026,145.435,145.435,145.435,0,114,114,0,0,0,0,0,0.0,0.0,0.0,0.0,0.0,0,0,0,0,0,0.0,0.0,0.0,0.0,0.0,0.0,0.0,0.0,0.0,0.0,0.0,0.0,0.0,0.0,No Net Flow,1,0,0.0,Stale,Stale Accumulation,145.435,-0.8,Late — Poor Entry,821.0,86.1,-7.0,5.15,-56.0,0.67,4.4,0.2,True,9.33,0.179,0.179,3,8,9,-1,19,Avoid,12,9,10,-3,28,Avoid,0.179,0.179,0.178,0.313,Low,No pledge / market sell,Consumer Discretionary,Consumer Durables,Consumer Durables,"Furniture, Home Furnishing"
VIVIANA,VIVIANA POWER TECH LIMITED,14160174.0,17712.0,4,17-09-2026,17712.0,4,14160174.0,799.47,0.0,0,1.42,14160174.0,0.0,0.0,17712.0,14160174.0,0.0,False,False,Net Buying,1.42,1.42,0.0,False,0.0,0.0,0.0,0.0,0.0,False,719.55,1162.5,565.0,73.2,724.49,,-20.9,-10.0,10.0,19-06-2026,17-09-2026,792.1204188481676,703.5558232931727,799.4678184281843,90,98,8,0,1,1,1,2,0.0,1751854.0,1751854.0,1751854.0,5375657.0,0,0,0,0,0,0.0,0.0,0.0,0.0,0.0,0.0,1751854.0,3623803.0,0.0,3623803.0,1751854.0,0.0,1751854.0,-51.7,Slowing Accumulation,2,0,0.0,Active,Confirmed Accumulation,799.4678184281843,-10.0,Confirmed Accumulation,729.0,13.2,185.0,11.55,204.0,6.84,50.7,0.81,True,16.07,0.194,0.194,6,19,0,0,25,Avoid,20,22,0,0,42,Watchlist,0.195,0.194,0.175,0.239,Low,No pledge / market sell,Industrials,Construction,Construction,Civil Construction
WSI,W S Industries (I) Limited,13814174.0,229840.0,28,17-09-2026,229840.0,28,13814174.0,60.1,0.0,0,1.38,13814174.0,0.0,0.0,229840.0,13814174.0,0.0,False,False,Net Buying,1.38,1.38,0.0,False,10000000.0,72.38941684099245,0.0,1.0,72.39,True,55.94,95.0,53.8,57.68,60.04,70.44,-18.5,-6.9,6.9,14-08-2026,17-09-2026,60.4884,56.079288025889966,60.33967102621319,34,42,8,0,3,53,66,66,0.0,2014899.0,15724526.0,23741609.0,23741609.0,0,0,0,0,0,0.0,0.0,0.0,0.0,0.0,0.0,15724526.0,8017083.0,0.0,8017083.0,15724526.0,0.0,15724526.0,96.1,Accelerating Accumulation,5,0,0.0,Active,Confirmed Accumulation,60.33967102621319,-7.3,Confirmed Accumulation,427.0,192.0,-66.0,-2.47,111.0,0.23,2.01,0.11,False,-574.42,0.324,0.324,11,9,0,-15,5,Avoid,15,10,0,-10,15,Avoid,0.323,0.324,0.301,0.522,High,Pledge 72.39% of buy value,Industrials,Construction,Construction,Civil Construction
EIEL,ENVIRO INFRA ENGINEERS LIMITED,13430794.0,70000.0,3,02-09-2026,70000.0,3,13430794.0,191.87,0.0,0,1.34,13430794.0,0.0,0.0,70000.0,13430794.0,0.0,False,False,Net Buying,1.34,1.34,0.0,False,0.0,0.0,0.0,0.0,0.0,False,198.85,266.17,134.71,70.02,206.5,193.67,40.2,3.6,3.6,31-08-2026,02-09-2026,196.0,189.75001109680855,191.86848571428573,2,25,23,0,0,3,3,3,0.0,0.0,13430794.0,13430794.0,13430794.0,0,0,0,0,0,0.0,0.0,0.0,0.0,0.0,0.0,13430794.0,0.0,0.0,0.0,13430794.0,0.0,13430794.0,,New Accumulation,2,0,0.0,Active,Confirmed Accumulation,191.86848571428573,3.6,Confirmed Accumulation,3497.0,20.7,-4.0,51.0,-9.0,2.04,20.8,0.15,False,21.0,0.038,0.038,3,11,17,0,31,Fundamental Watch,20,12,20,0,52,Buy on Breakout,0.038,0.038,0.04,0.057,Low,No pledge / market sell,Utilities,Utilities,Other Utilities,Water Supply & Management
MOTOGENFIN,THE MOTOR & GENERAL FINANCE LIMITED,13413150.0,460229.0,15,25-06-2026,460229.0,15,13413150.0,29.14,0.0,0,1.34,13413150.0,0.0,0.0,460229.0,13413150.0,0.0,False,False,Net Buying,1.34,1.34,0.0,False,0.0,0.0,0.0,0.0,0.0,False,25.92,34.4,17.5,69.03,26.72,24.73,31.2,-11.1,11.1,03-06-2026,25-06-2026,26.685438939918686,30.0,29.178486237539847,22,114,92,0,0,0,0,0,0.0,0.0,0.0,0.0,0.0,0,0,0,0,0,0.0,0.0,0.0,0.0,0.0,0.0,0.0,0.0,0.0,0.0,0.0,0.0,0.0,0.0,No Net Flow,1,0,0.0,Stale,Stale Accumulation,29.178486237539847,-11.2,Late — Poor Entry,,71.4,-1.0,0.4,26.0,0.59,-0.18,-0.0,False,21.51,,,1,9,13,-1,22,Avoid,20,10,15,-3,42,Watchlist,0.0,0.0,0.0,0.0,Low,No pledge / market sell,Services,Services,Commercial Services & Supplies,Diversified Commercial Services
MBEL,M & B Engineering Limited,12860369.0,44000.0,4,16-06-2026,44000.0,4,12860369.0,292.28,0.0,0,1.29,12860369.0,0.0,0.0,44000.0,12860369.0,0.0,False,False,Net Buying,1.29,1.29,0.0,False,0.0,0.0,0.0,0.0,0.0,False,257.7,535.9,223.05,70.45,277.13,310.42,3.9,-11.8,11.8,11-06-2026,16-06-2026,283.0559166666667,309.5979,297.217890625,5,106,101,0,0,0,0,0,0.0,0.0,0.0,0.0,0.0,0,0,0,0,0,0.0,0.0,0.0,0.0,0.0,0.0,0.0,0.0,0.0,0.0,0.0,0.0,0.0,0.0,No Net Flow,4,0,0.0,Stale,Stale Accumulation,297.217890625,-13.3,Late — Poor Entry,1476.0,18.7,13.0,21.0,-4.0,2.56,19.9,0.13,False,8.0,0.087,0.087,3,11,5,0,19,Avoid,20,12,5,0,37,Fundamental Watch,0.087,0.087,0.077,0.109,Low,No pledge / market sell,Industrials,Construction,Construction,Civil Construction
SHEKHAWATI,SHEKHAWATI INDUSTRIES LIMITED,12811585.0,506587.0,1,23-09-2026,506587.0,1,12811585.0,25.29,0.0,0,1.28,12811585.0,0.0,0.0,506587.0,12811585.0,0.0,False,False,Net Buying,1.28,1.28,0.0,False,0.0,0.0,0.0,0.0,0.0,False,27.39,26.09,9.12,57.49,16.97,15.43,153.4,8.3,8.3,23-09-2026,23-09-2026,25.289999545981242,25.289999545981242,25.289999545981242,0,2,2,1,1,1,1,1,12811585.0,12811585.0,12811585.0,12811585.0,12811585.0,0,0,0,0,0,0.0,0.0,0.0,0.0,0.0,12811585.0,12811585.0,0.0,0.0,0.0,12811585.0,0.0,12811585.0,,New Accumulation,1,0,1.0,Fresh,Early Accumulation,25.289999545981242,8.3,Early Accumulation,,7.51,-68.0,-1.21,84.0,1.85,47.3,0.05,False,-79.08,,,6,13,21,-1,39,Fundamental Watch,12,14,25,-2,49,Watchlist,0.0,0.0,0.0,0.0,Low,No pledge / market sell,Consumer Discretionary,Textiles,Textiles & Apparels,Other Textile Products
INDOCO,INDOCO REMEDIES LIMITED,12657065.0,52930.0,8,09-09-2026,52930.0,8,12657065.0,239.13,0.0,0,1.27,12657065.0,0.0,0.0,52930.0,12657065.0,0.0,False,False,Net Buying,1.27,1.27,0.0,False,0.0,0.0,0.0,0.0,0.0,False,254.46,317.35,162.19,58.75,237.72,222.49,39.1,6.4,6.4,31-08-2026,09-09-2026,244.848,238.3013906099408,239.1283771018326,9,25,16,0,0,8,8,8,0.0,0.0,12657065.0,12657065.0,12657065.0,0,0,0,0,0,0.0,0.0,0.0,0.0,0.0,0.0,12657065.0,0.0,0.0,0.0,12657065.0,0.0,12657065.0,,New Accumulation,4,0,0.0,Active,Confirmed Accumulation,239.1283771018326,6.4,Confirmed Accumulation,2347.0,109.0,13.0,42.0,141.0,8.92,4.33,0.69,True,10.0,0.054,0.054,5,15,25,-1,44,Watchlist,15,18,30,-3,60,Buy on Breakout,0.054,0.054,0.057,0.098,Low,No pledge / market sell,Healthcare,Healthcare,Pharmaceuticals & Biotechnology,Pharmaceuticals
RSL,RAJPUTANA STAINLESS LIMITED,12273612.0,80000.0,2,10-09-2026,80000.0,2,12273612.0,153.42,0.0,0,1.23,12273612.0,0.0,0.0,80000.0,12273612.0,0.0,False,False,Net Buying,1.23,1.23,0.0,False,0.0,0.0,0.0,0.0,0.0,False,183.46,202.22,101.7,57.03,163.94,,69.7,19.6,19.6,16-06-2026,10-09-2026,130.9147,190.92923333333334,153.42015,86,101,15,0,0,1,1,1,0.0,0.0,5727877.0,5727877.0,5727877.0,0,0,0,0,0,0.0,0.0,0.0,0.0,0.0,0.0,5727877.0,0.0,0.0,0.0,5727877.0,0.0,5727877.0,,New Accumulation,1,0,0.0,Active,Confirmed Accumulation,153.42015,19.6,Mature — Wait for Pullback,1533.0,26.1,8.0,29.0,24.0,2.42,25.3,0.19,True,9.0,0.08,0.08,3,22,17,0,42,Watchlist,12,25,20,0,57,Buy on Breakout,0.08,0.08,0.096,0.168,Low,No pledge / market sell,Industrials,Capital Goods,Industrial Products,Iron & Steel Products
FOCUS,Focus Lighting And Fixtures Limited,11750494.0,181665.0,4,11-09-2026,181665.0,4,11750494.0,64.68,0.0,0,1.18,11750494.0,0.0,0.0,181665.0,11750494.0,0.0,False,False,Net Buying,1.18,1.18,0.0,False,0.0,0.0,0.0,0.0,0.0,False,59.44,98.87,57.06,56.8,66.69,73.68,-8.4,-8.1,8.1,27-08-2026,11-09-2026,66.50999812885922,62.48,64.68221176341068,15,29,14,0,1,4,4,4,0.0,3998720.0,11750494.0,11750494.0,11750494.0,0,0,0,0,0,0.0,0.0,0.0,0.0,0.0,0.0,11750494.0,0.0,0.0,0.0,11750494.0,0.0,11750494.0,,New Accumulation,1,0,0.0,Active,Confirmed Accumulation,64.68221176341068,-8.1,Confirmed Accumulation,401.0,65.4,13.0,6.15,-54.0,0.42,6.55,0.16,True,13.36,0.293,0.293,7,8,0,-1,14,Avoid,20,9,0,-3,26,Avoid,0.294,0.293,0.269,0.474,Low,No pledge / market sell,Consumer Discretionary,Consumer Durables,Consumer Durables,Consumer Electronics
CHEMBONDCH,CHEMBOND CHEMICALS LIMITED,11080000.0,45500.0,3,25-08-2026,45500.0,3,11080000.0,243.52,0.0,0,1.11,11080000.0,0.0,0.0,45500.0,11080000.0,0.0,False,False,Net Buying,1.11,1.11,0.0,False,0.0,0.0,0.0,0.0,0.0,False,254.95,290.0,104.85,67.65,255.87,188.4,113.3,4.7,4.7,06-08-2026,25-08-2026,230.0,271.0,238.0921052631579,19,50,31,0,0,0,5,5,0.0,0.0,0.0,18095000.0,18095000.0,0,0,0,0,0,0.0,0.0,0.0,0.0,0.0,0.0,0.0,18095000.0,0.0,18095000.0,0.0,0.0,0.0,-100.0,No Net Flow,2,0,0.0,Aging,Mature Accumulation,238.0921052631579,7.1,Mature — Wait for Pullback,679.0,56.7,3.0,2.99,97.0,1.0,11.6,0.0,True,16.21,0.163,0.163,4,14,17,0,35,Fundamental Watch,20,16,20,0,56,Buy on Breakout,0.163,0.163,0.171,0.253,Low,No pledge / market sell,Commodities,Chemicals,Chemicals & Petrochemicals,Specialty Chemicals
SILVERTUC,SILVER TOUCH TECHNOLOGIES LIMITED,10997624.0,64000.0,4,09-09-2026,64000.0,4,10997624.0,171.84,0.0,0,1.1,10997624.0,0.0,0.0,64000.0,10997624.0,0.0,False,False,Net Buying,1.1,1.1,0.0,False,0.0,0.0,0.0,0.0,0.0,False,147.79,216.8,67.58,74.59,181.57,496.16,26.4,-14.0,14.0,25-08-2026,09-09-2026,180.9767857142857,161.56,170.79008040201006,15,31,16,0,0,9,11,11,0.0,0.0,28919876.0,33987226.0,33987226.0,0,0,0,0,0,0.0,0.0,0.0,0.0,0.0,0.0,28919876.0,5067350.0,0.0,5067350.0,28919876.0,0.0,28919876.0,470.7,Accelerating Accumulation,1,0,0.0,Active,Confirmed Accumulation,170.79008040201006,-13.5,Confirmed Accumulation,1872.0,43.0,20.0,17.0,83.0,0.8,30.3,0.2,True,23.0,0.059,0.059,3,26,5,0,34,Fundamental Watch,20,30,5,0,55,Buy on Breakout,0.059,0.059,0.051,0.068,Low,No pledge / market sell,Information Technology,Information Technology,IT - Software,Computers - Software & Consulting
ARSSBL,Anand Rathi Share and Stock Brokers Limited,10900691.0,20000.0,1,16-06-2026,20000.0,1,10900691.0,545.03,0.0,0,1.09,10900691.0,0.0,0.0,20000.0,10900691.0,0.0,False,False,Net Buying,1.09,1.09,0.0,False,0.0,0.0,0.0,0.0,0.0,False,496.9,794.85,416.0,69.9,508.98,545.68,13.2,-8.8,8.8,16-06-2026,16-06-2026,545.03455,545.03455,545.03455,0,101,101,0,0,0,0,0,0.0,0.0,0.0,0.0,0.0,0,0,0,0,0,0.0,0.0,0.0,0.0,0.0,0.0,0.0,0.0,0.0,0.0,0.0,0.0,0.0,0.0,No Net Flow,1,0,0.0,Stale,Stale Accumulation,545.03455,-8.8,Late — Poor Entry,3133.0,21.2,17.0,97.0,53.0,3.73,19.8,0.62,True,40.0,0.035,0.035,1,23,5,0,29,Avoid,17,27,5,0,49,Watchlist,0.035,0.035,0.032,0.045,Low,No pledge / market sell,Financial Services,Financial Services,Capital Markets,Stockbroking & Allied
TIGERLOGS,Tiger Logistics (India) Limited,10783275.0,329000.0,16,23-09-2026,329000.0,16,10783275.0,32.78,0.0,0,1.08,10783275.0,0.0,0.0,329000.0,10783275.0,0.0,False,False,Net Buying,1.08,1.08,0.0,False,0.0,0.0,0.0,0.0,0.0,False,26.33,51.51,22.9,61.81,28.32,32.12,5.3,-19.7,19.7,04-06-2026,23-09-2026,33.210612191619894,26.9,32.77591185410334,111,113,2,2,3,3,6,8,1320250.0,2011250.0,2011250.0,4214000.0,6079250.0,0,0,0,0,0,0.0,0.0,0.0,0.0,0.0,1320250.0,2011250.0,4068000.0,0.0,4068000.0,2011250.0,0.0,2011250.0,-50.6,Slowing Accumulation,1,0,0.6564,Fresh,Confirmed Accumulation,32.77591185410334,-19.7,Confirmed Accumulation,281.0,14.8,16.0,2.79,-30.0,0.21,18.0,0.32,False,1.83,0.384,0.384,10,11,5,-1,25,Avoid,20,12,5,-2,35,Fundamental Watch,0.384,0.384,0.308,0.499,Low,No pledge / market sell,Services,Services,Transport Services,Logistics Solution Provider
GREENPLY,GREENPLY INDUSTRIES LIMITED,9971315.0,38200.0,1,13-05-2026,38200.0,1,9971315.0,261.03,0.0,0,1.0,9971315.0,0.0,0.0,38200.0,9971315.0,0.0,False,False,Net Buying,1.0,1.0,0.0,False,0.0,0.0,0.0,0.0,0.0,False,287.25,334.4,176.42,52.12,292.56,260.37,58.6,10.0,10.0,13-05-2026,13-05-2026,261.0291884816754,261.0291884816754,261.0291884816754,0,135,135,0,0,0,0,0,0.0,0.0,0.0,0.0,0.0,0,0,0,0,0,0.0,0.0,0.0,0.0,0.0,0.0,0.0,0.0,0.0,0.0,0.0,0.0,0.0,0.0,No Net Flow,1,0,0.0,Stale,Stale Accumulation,261.0291884816754,10.0,Late — Poor Entry,3586.0,40.8,10.0,25.0,-12.0,1.7,14.1,0.06,True,5.0,0.028,0.028,1,12,17,0,30,Fundamental Watch,12,14,20,0,46,Watchlist,0.028,0.028,0.031,0.059,Low,No pledge / market sell,Consumer Discretionary,Consumer Durables,Consumer Durables,Plywood Boards/ Laminates
KMEW,Knowledge Marine & Engineering Works Limited,9480181.0,5326.0,3,01-06-2026,5326.0,3,9480181.0,1779.98,0.0,0,0.95,9480181.0,1006333080.0,512820.0,-507494.0,-996852899.0,10615.13,False,False,Net Selling,-99.69,0.95,100.63,False,0.0,0.0,10615.13,100.633308,10615.13,False,2865.1,3175.0,1084.6,67.09,2725.36,2157.75,98.5,61.0,61.0,01-06-2026,01-06-2026,1790.0,1773.1851063829788,1779.9814119414195,0,116,116,0,0,0,0,0,0.0,0.0,0.0,0.0,0.0,0,0,0,0,0,0.0,0.0,0.0,0.0,0.0,0.0,0.0,0.0,0.0,0.0,0.0,0.0,0.0,0.0,No Net Flow,3,2,0.0,Stale,Stale Accumulation,1779.9814119414195,61.0,Late — Poor Entry,7266.0,55.2,100.0,71.0,276.0,24.72,17.2,0.41,True,61.0,0.013,0.0,3,30,25,-15,43,Watchlist,15,35,30,0,80,Strong Buy Setup,0.013,0.0,0.0,0.0,High,Market sell 10615.13% of buy value,Services,Services,Engineering Services,Dredging
SBCL,SHIVALIK BIMETAL CONTROLS LIMITED,9306870.0,13670.0,3,11-06-2026,13670.0,3,9306870.0,680.82,0.0,0,0.93,9306870.0,0.0,0.0,13670.0,9306870.0,0.0,False,False,Net Buying,0.93,0.93,0.0,False,0.0,0.0,0.0,0.0,0.0,False,1154.5,1215.7,368.6,51.09,972.75,649.29,191.9,69.6,69.6,22-05-2026,11-06-2026,682.6578,674.5131818181818,679.2876591034865,20,126,106,0,0,0,0,0,0.0,0.0,0.0,0.0,0.0,0,0,0,0,0,0.0,0.0,0.0,0.0,0.0,0.0,0.0,0.0,0.0,0.0,0.0,0.0,0.0,0.0,No Net Flow,3,0,0.0,Stale,Stale Accumulation,679.2876591034865,70.0,Late — Poor Entry,6656.0,75.9,7.0,36.0,14.0,4.58,25.3,0.09,True,28.0,0.014,0.014,3,16,25,-1,43,Watchlist,15,18,30,-3,60,Buy on Breakout,0.014,0.014,0.024,0.046,Low,No pledge / market sell,Industrials,Capital Goods,Industrial Products,Iron & Steel Products
GOLDTECH,AION-TECH SOLUTIONS LIMITED,8492000.0,200000.0,1,12-06-2026,200000.0,1,8492000.0,42.46,0.0,0,0.85,8492000.0,8710500.0,200000.0,0.0,-218500.0,102.57,False,False,Net Selling,-0.02,0.85,0.87,False,0.0,0.0,102.57,0.87105,102.57,False,48.51,70.0,29.68,53.88,50.22,46.27,30.4,14.2,14.2,12-06-2026,12-06-2026,42.46,42.46,42.46,0,105,105,0,0,0,0,0,0.0,0.0,0.0,0.0,0.0,0,0,0,0,0,0.0,0.0,0.0,0.0,0.0,0.0,0.0,0.0,0.0,0.0,0.0,0.0,0.0,0.0,No Net Flow,1,1,0.0,Stale,Stale Accumulation,42.46,14.2,Late — Poor Entry,252.0,37.1,15.0,-0.59,2158.0,-0.07,3.47,0.01,False,-3.96,0.337,0.0,1,9,17,-16,11,Avoid,7,10,20,-2,35,Fundamental Watch,0.337,0.0,0.0,0.0,High,Market sell 102.57% of buy value,Information Technology,Information Technology,IT - Software,Software Products
SAHLIBHFI,Shalibhadra Finance Limited,8294696.0,100000.0,1,05-06-2026,100000.0,1,8294696.0,82.95,0.0,0,0.83,8294696.0,0.0,0.0,100000.0,8294696.0,0.0,False,False,Net Buying,0.83,0.83,0.0,False,0.0,0.0,0.0,0.0,0.0,False,77.55,91.95,66.6,55.35,78.18,,-8.0,-6.5,6.5,05-06-2026,05-06-2026,82.94696,82.94696,82.94696,0,112,112,0,0,0,0,0,0.0,0.0,0.0,0.0,0.0,0,0,0,0,0,0.0,0.0,0.0,0.0,0.0,0.0,0.0,0.0,0.0,0.0,0.0,0.0,0.0,0.0,No Net Flow,1,0,0.0,Stale,Stale Accumulation,82.94696,-6.5,Late — Poor Entry,239.0,12.0,15.0,,16.0,1.59,14.7,0.33,False,,0.347,0.347,7,9,0,0,16,Avoid,17,10,0,0,27,Avoid,0.347,0.347,0.324,0.586,Low,No pledge / market sell,Financial Services,Financial Services,Finance,Non Banking Financial Company (NBFC)
BHAGERIA,Bhageria Industries Limited,8227124.0,37774.0,5,26-08-2026,37774.0,5,8227124.0,217.8,0.0,0,0.82,8227124.0,0.0,0.0,37774.0,8227124.0,0.0,False,False,Net Buying,0.82,0.82,0.0,False,0.0,0.0,0.0,0.0,0.0,False,394.6,368.2,127.51,71.75,252.85,192.94,191.5,81.2,81.2,20-08-2026,26-08-2026,204.64325383861484,222.87,215.9638691452524,6,36,30,0,0,0,6,6,0.0,0.0,0.0,9479950.0,9479950.0,0,0,0,0,0,0.0,0.0,0.0,0.0,0.0,0.0,0.0,9479950.0,0.0,9479950.0,0.0,0.0,0.0,-100.0,No Net Flow,1,0,0.0,Active,Mature Accumulation,215.9638691452524,82.7,Late — Poor Entry,1726.0,23.2,55.0,40.0,54.0,8.23,11.0,0.01,True,14.0,0.048,0.048,1,22,25,0,48,Watchlist,20,26,30,0,76,Strong Buy Setup,0.048,0.048,0.086,0.12,Low,No pledge / market sell,Commodities,Chemicals,Chemicals & Petrochemicals,Dyes And Pigments
OMPOWER,Om Power Transmission Limited,7447179.0,40763.0,3,24-06-2026,40763.0,3,7447179.0,182.69,0.0,0,0.74,7447179.0,0.0,0.0,40763.0,7447179.0,0.0,False,False,Net Buying,0.74,0.74,0.0,False,0.0,0.0,0.0,0.0,0.0,False,168.84,206.0,158.01,69.05,168.79,,-12.7,-7.6,7.6,24-06-2026,24-06-2026,182.8989522537093,181.8687130477039,182.6945759634963,0,93,93,0,0,0,0,0,0.0,0.0,0.0,0.0,0.0,0,0,0,0,0,0.0,0.0,0.0,0.0,0.0,0.0,0.0,0.0,0.0,0.0,0.0,0.0,0.0,0.0,No Net Flow,3,0,0.0,Stale,Stale Accumulation,182.6945759634963,-7.6,Late — Poor Entry,577.0,13.7,61.0,15.0,82.0,3.07,42.7,0.35,False,12.0,0.129,0.129,5,17,4,0,26,Avoid,20,19,5,0,44,Watchlist,0.128,0.129,0.119,0.173,Low,No pledge / market sell,Industrials,Construction,Construction,Civil Construction
VSTL,VIBHOR STEEL TUBES LIMITED,7207168.0,63496.0,13,03-09-2026,63496.0,13,7207168.0,113.51,0.0,0,0.72,7207168.0,0.0,0.0,63496.0,7207168.0,0.0,False,False,Net Buying,0.72,0.72,0.0,False,0.0,0.0,0.0,0.0,0.0,False,113.76,162.9,100.8,73.48,112.12,118.25,7.4,0.2,0.2,08-06-2026,03-09-2026,116.12625850340136,115.10722222222222,113.5917789436032,87,109,22,0,0,6,10,10,0.0,0.0,3314704.0,4899099.0,4899099.0,0,0,0,0,0,0.0,0.0,0.0,0.0,0.0,0.0,3314704.0,1584395.0,0.0,1584395.0,3314704.0,0.0,3314704.0,109.2,Accelerating Accumulation,1,0,0.0,Active,Confirmed Accumulation,113.5917789436032,0.1,Confirmed Accumulation,216.0,25.7,21.0,12.07,-29.0,1.02,7.92,0.98,True,4.11,0.334,0.334,6,9,13,-1,27,Avoid,25,11,15,-2,49,Watchlist,0.333,0.334,0.334,0.455,Low,No pledge / market sell,Industrials,Capital Goods,Industrial Products,Iron & Steel Products
STUDDS,Studds Accessories Limited,6931636.0,16609.0,1,11-09-2026,16609.0,1,6931636.0,417.34,0.0,0,0.69,6931636.0,0.0,0.0,16609.0,6931636.0,0.0,False,False,Net Buying,0.69,0.69,0.0,False,0.0,0.0,0.0,0.0,0.0,False,410.0,600.0,402.55,61.75,434.49,478.88,-14.8,-1.8,1.8,11-09-2026,11-09-2026,417.3421638870492,417.3421638870492,417.3421638870492,0,14,14,0,2,2,2,2,0.0,13863272.0,13863272.0,13863272.0,13863272.0,0,0,0,0,0,0.0,0.0,0.0,0.0,0.0,0.0,13863272.0,0.0,0.0,0.0,13863272.0,0.0,13863272.0,,New Accumulation,1,0,0.0,Active,Confirmed Accumulation,417.3421638870492,-1.8,Confirmed Accumulation,1612.0,21.0,10.0,20.0,2.0,3.37,23.3,0.01,True,12.0,0.043,0.043,3,16,0,0,19,Avoid,12,18,0,0,30,Fundamental Watch,0.043,0.043,0.042,0.068,Low,No pledge / market sell,Consumer Discretionary,Automobile and Auto Components,Auto Components,Auto Components & Equipments
SPECIALITY,SPECIALITY RESTAURANTS LIMITED,6106478.0,42216.0,6,22-09-2026,42216.0,6,6106478.0,144.65,0.0,0,0.61,6106478.0,0.0,0.0,42216.0,6106478.0,0.0,False,False,Net Buying,0.61,0.61,0.0,False,0.0,0.0,0.0,0.0,0.0,False,152.76,167.46,82.7,50.84,140.69,116.39,70.4,5.6,5.6,17-09-2026,22-09-2026,135.94416243654823,149.7594558384005,144.64842713663066,5,8,3,2,6,6,6,6,2497982.0,6106478.0,6106478.0,6106478.0,6106478.0,0,0,0,0,0,0.0,0.0,0.0,0.0,0.0,2497982.0,6106478.0,0.0,0.0,0.0,6106478.0,0.0,6106478.0,,New Accumulation,2,0,0.4091,Fresh,Early Accumulation,144.64842713663066,5.6,Early Accumulation,751.0,28.4,13.0,23.67,33.0,1.43,8.58,0.4,True,19.46,0.081,0.081,7,18,25,0,50,Buy on Breakout,15,21,30,0,66,Strong Buy Setup,0.081,0.081,0.086,0.169,Low,No pledge / market sell,Consumer Discretionary,Consumer Services,Leisure Services,Restaurants
TAINWALCHM,TAINWALA CHEMICALS AND PLASTICS (INDIA) LIMITED,6039726.0,28737.0,13,22-09-2026,28737.0,13,6039726.0,210.17,0.0,0,0.6,6039726.0,0.0,0.0,28737.0,6039726.0,0.0,False,False,Net Buying,0.6,0.6,0.0,False,0.0,0.0,0.0,0.0,0.0,False,209.2,257.0,155.0,67.04,209.47,196.46,19.8,-0.5,0.5,18-08-2026,22-09-2026,207.70463422358281,221.34112149532712,210.1724605908759,35,38,3,1,4,9,13,13,94734.0,1804945.0,3391225.0,6039726.0,6039726.0,0,0,0,0,0,0.0,0.0,0.0,0.0,0.0,94734.0,3391225.0,2648501.0,0.0,2648501.0,3391225.0,0.0,3391225.0,28.0,Accelerating Accumulation,1,0,0.0279,Fresh,Confirmed Accumulation,210.1724605908759,-0.5,Confirmed Accumulation,196.0,24.3,12.0,0.03,16.0,0.03,7.91,0.0,False,3.16,0.308,0.308,9,9,13,-1,30,Fundamental Watch,25,10,15,-2,48,Watchlist,0.306,0.308,0.307,0.458,Low,No pledge / market sell,Industrials,Capital Goods,Industrial Products,Plastic Products - Industrial
AFFORDABLE,AFFORDABLE ROBOTIC & AUTOMATION LIMITED,5988193.0,35250.0,5,23-09-2026,35250.0,5,5988193.0,169.88,0.0,0,0.6,5988193.0,0.0,0.0,35250.0,5988193.0,0.0,False,False,Net Buying,0.6,0.6,0.0,False,0.0,0.0,0.0,0.0,0.0,False,178.25,297.0,119.71,61.48,174.52,179.04,28.1,4.9,4.9,16-09-2026,23-09-2026,160.50066471683064,176.43931910389838,169.87781560283688,7,9,2,1,5,5,5,5,2000469.0,5988193.0,5988193.0,5988193.0,5988193.0,0,0,0,0,0,0.0,0.0,0.0,0.0,0.0,2000469.0,5988193.0,0.0,0.0,0.0,5988193.0,0.0,5988193.0,,New Accumulation,1,0,0.3341,Fresh,Early Accumulation,169.87781560283688,4.9,Early Accumulation,212.0,36.7,-44.0,-3.28,141.0,-4.05,8.25,0.44,True,-35.96,0.282,0.282,10,14,13,-1,36,Fundamental Watch,20,16,15,-2,49,Watchlist,0.283,0.282,0.296,0.482,Low,No pledge / market sell,Industrials,Capital Goods,Industrial Manufacturing,Industrial Products
HEXAGON,HEXAGON NUTRITION LIMITED,5656038.0,87700.0,9,18-09-2026,87700.0,9,5656038.0,64.49,0.0,0,0.57,5656038.0,0.0,0.0,87700.0,5656038.0,0.0,False,False,Net Buying,0.57,0.57,0.0,False,0.0,0.0,0.0,0.0,0.0,False,65.1,78.25,48.1,64.29,66.27,,28.5,0.9,0.9,17-08-2026,18-09-2026,64.03237804878049,65.157,64.33497045790251,32,39,7,0,6,6,12,12,0.0,2601121.0,2601121.0,8710955.0,8710955.0,0,0,0,0,0,0.0,0.0,0.0,0.0,0.0,0.0,2601121.0,6109834.0,0.0,6109834.0,2601121.0,0.0,2601121.0,-57.4,Slowing Accumulation,4,0,0.0,Fresh,Confirmed Accumulation,64.33497045790251,1.2,Confirmed Accumulation,802.0,20.3,19.0,12.31,41.0,0.8,22.2,0.11,True,12.14,0.071,0.071,6,22,9,0,37,Fundamental Watch,15,25,10,0,50,Buy on Breakout,0.071,0.071,0.071,0.111,Low,No pledge / market sell,Fast Moving Consumer Goods,Fast Moving Consumer Goods,Food Products,Packaged Foods
JASH,JASH ENGINEERING LIMITED,5086609.0,10000.0,1,08-09-2026,10000.0,1,5086609.0,508.66,0.0,0,0.51,5086609.0,5032251.0,10000.0,0.0,54358.0,98.93,False,False,Heavy Selling Pressure,0.01,0.51,0.5,False,0.0,0.0,98.93,0.5032251,98.93,False,593.85,603.0,327.1,50.98,504.83,441.52,72.5,16.7,16.7,08-09-2026,08-09-2026,508.6609,508.6609,508.6609,0,17,17,0,0,1,1,1,0.0,0.0,5086609.0,5086609.0,5086609.0,0,0,1,1,1,0.0,0.0,5032251.0,5032251.0,5032251.0,0.0,54358.0,0.0,0.0,0.0,5086609.0,5032251.0,54358.0,,New Accumulation,1,1,0.0,Active,Mature Accumulation,508.6609,16.7,Mature — Wait for Pullback,3756.0,48.9,5.0,16.0,16.0,2.12,18.8,0.17,True,16.0,0.014,0.0,3,22,21,-10,36,Fundamental Watch,12,25,25,0,62,Buy on Breakout,0.014,0.0,0.0,0.0,High,Market sell 98.93% of buy value,Industrials,Capital Goods,Industrial Manufacturing,Industrial Products
LYKALABS,Lyka Labs Limited,4975280.0,70143.0,6,29-06-2026,70143.0,6,4975280.0,70.93,0.0,0,0.5,4975280.0,0.0,0.0,70143.0,4975280.0,0.0,False,False,Net Buying,0.5,0.5,0.0,False,0.0,0.0,0.0,0.0,0.0,False,85.85,100.94,44.1,54.81,72.97,67.94,72.3,21.0,21.0,24-06-2026,29-06-2026,67.9138,72.91204437400951,70.8138321452411,5,93,88,0,0,0,0,4,0.0,0.0,0.0,0.0,2056826.0,0,0,0,0,0,0.0,0.0,0.0,0.0,0.0,0.0,0.0,2056826.0,0.0,2056826.0,0.0,0.0,0.0,-100.0,No Net Flow,5,0,0.0,Stale,Stale Accumulation,70.8138321452411,21.2,Late — Poor Entry,310.0,,0.0,4.59,-215.0,0.58,-4.65,0.56,True,10.85,0.16,0.16,5,5,25,0,35,Fundamental Watch,15,6,30,0,51,Buy on Breakout,0.161,0.16,0.194,0.354,Low,No pledge / market sell,Healthcare,Healthcare,Pharmaceuticals & Biotechnology,Pharmaceuticals
UYFINCORP,U. Y. Fincorp Limited,4960333.0,236123.0,3,19-08-2026,236123.0,3,4960333.0,21.01,0.0,0,0.5,4960333.0,0.0,0.0,236123.0,4960333.0,0.0,False,False,Net Buying,0.5,0.5,0.0,False,0.0,0.0,0.0,0.0,0.0,False,19.32,22.34,11.5,70.87,19.51,15.49,59.5,-8.0,8.0,17-08-2026,19-08-2026,21.272817872269744,21.034486666666666,21.00741139152052,2,39,37,0,0,0,3,3,0.0,0.0,0.0,4960333.0,4960333.0,0,0,0,0,0,0.0,0.0,0.0,0.0,0.0,0.0,0.0,4960333.0,0.0,4960333.0,0.0,0.0,0.0,-100.0,No Net Flow,1,0,0.0,Aging,Mature Accumulation,21.00741139152052,-8.0,Mature — Wait for Pullback,363.0,5.86,118.0,,391.0,1.03,19.9,0.01,False,,0.137,0.137,3,17,13,0,33,Fundamental Watch,20,19,15,0,54,Buy on Breakout,0.138,0.137,0.126,0.177,Low,No pledge / market sell,Financial Services,Financial Services,Finance,Non Banking Financial Company (NBFC)
UDS,UPDATER SERVICES LIMITED,4885140.0,26000.0,1,17-09-2026,26000.0,1,4885140.0,187.89,0.0,0,0.49,4885140.0,0.0,0.0,26000.0,4885140.0,0.0,False,False,Net Buying,0.49,0.49,0.0,False,0.0,0.0,0.0,0.0,0.0,False,207.9,262.85,125.1,58.47,209.48,178.22,58.9,10.6,10.6,17-09-2026,17-09-2026,187.89,187.89,187.89,0,8,8,0,1,1,1,1,0.0,4885140.0,4885140.0,4885140.0,4885140.0,0,0,0,0,0,0.0,0.0,0.0,0.0,0.0,0.0,4885140.0,0.0,0.0,0.0,4885140.0,0.0,4885140.0,,New Accumulation,1,0,0.0,Active,Mature Accumulation,187.89,10.6,Mature — Wait for Pullback,1391.0,24.3,11.0,19.0,-14.0,2.56,7.23,0.01,True,4.1,0.035,0.035,3,12,17,-1,31,Fundamental Watch,12,14,20,-2,44,Watchlist,0.035,0.035,0.039,0.066,Low,No pledge / market sell,Services,Services,Commercial Services & Supplies,Diversified Commercial Services
SUPERSPIN,SUPER SPINNING MILLS LIMITED,4614313.0,749217.0,10,22-09-2026,749217.0,10,4614313.0,6.16,0.0,0,0.46,4614313.0,0.0,0.0,749217.0,4614313.0,0.0,False,False,Net Buying,0.46,0.46,0.0,False,0.0,0.0,0.0,0.0,0.0,False,7.93,9.98,3.79,42.8,6.34,6.24,84.4,28.7,28.7,23-06-2026,22-09-2026,5.305583353936839,7.055350113324585,6.278593833805572,91,94,3,2,2,10,10,10,936997.0,936997.0,4138492.0,4138492.0,4138492.0,0,0,0,0,0,0.0,0.0,0.0,0.0,0.0,936997.0,4138492.0,0.0,0.0,0.0,4138492.0,0.0,4138492.0,,New Accumulation,3,0,0.2264,Fresh,Confirmed Accumulation,6.278593833805572,26.3,Late — Poor Entry,,1464.0,-4.0,1.05,101.0,0.1,2.96,0.31,True,70.0,,,7,14,25,-1,45,Watchlist,15,16,30,-3,58,Buy on Breakout,0.0,0.0,0.0,0.0,Low,No pledge / market sell,Consumer Discretionary,Textiles,Textiles & Apparels,Other Textile Products
MACPOWER,MACPOWER CNC MACHINES LIMITED,4356789.0,4733.0,2,04-06-2026,4733.0,2,4356789.0,920.51,0.0,0,0.44,4356789.0,0.0,0.0,4733.0,4356789.0,0.0,False,False,Net Buying,0.44,0.44,0.0,False,0.0,0.0,0.0,0.0,0.0,False,2062.5,2175.0,761.0,73.16,1752.25,1207.1,141.8,124.1,124.1,01-06-2026,04-06-2026,918.3000236239074,939.25,920.5132051552927,3,116,113,0,0,0,0,0,0.0,0.0,0.0,0.0,0.0,0,0,0,0,0,0.0,0.0,0.0,0.0,0.0,0.0,0.0,0.0,0.0,0.0,0.0,0.0,0.0,0.0,No Net Flow,1,0,0.0,Stale,Stale Accumulation,920.5132051552927,124.1,Late — Poor Entry,2063.0,53.0,35.0,15.42,47.0,9.58,29.1,0.01,True,16.19,0.021,0.021,1,26,25,0,52,Buy on Breakout,17,30,30,0,77,Strong Buy Setup,0.021,0.021,0.047,0.065,Low,No pledge / market sell,Industrials,Capital Goods,Industrial Manufacturing,Industrial Products
SOBHA,SOBHA LIMITED,4275035.0,3500.0,1,18-09-2026,3500.0,1,4275035.0,1221.44,0.0,0,0.43,4275035.0,0.0,0.0,3500.0,4275035.0,0.0,False,False,Net Buying,0.43,0.43,0.0,False,0.0,0.0,0.0,0.0,0.0,False,1226.6,1732.0,1130.0,52.28,1301.67,1382.2,2.2,0.4,0.4,18-09-2026,18-09-2026,1221.4385714285713,1221.4385714285713,1221.4385714285713,0,7,7,0,1,1,1,1,0.0,4275035.0,4275035.0,4275035.0,4275035.0,0,0,0,0,0,0.0,0.0,0.0,0.0,0.0,0.0,4275035.0,0.0,0.0,0.0,4275035.0,0.0,4275035.0,,New Accumulation,1,0,0.0,Fresh,Early Accumulation,1221.4385714285713,0.4,Early Accumulation,13098.0,41.8,31.0,79.0,110.0,5.43,9.51,0.22,True,6.0,0.003,0.003,4,22,9,0,35,Fundamental Watch,12,26,10,0,48,Watchlist,0.003,0.003,0.003,0.006,Low,No pledge / market sell,Consumer Discretionary,Realty,Realty,"Residential, Commercial Projects"
ASAHIINDIA,ASAHI INDIA GLASS LIMITED,4251250.0,5000.0,1,29-06-2026,5000.0,1,4251250.0,850.25,0.0,0,0.43,4251250.0,0.0,0.0,5000.0,4251250.0,0.0,False,False,Net Buying,0.43,0.43,0.0,False,0.0,0.0,0.0,0.0,0.0,False,959.95,1074.0,775.1,54.23,930.91,909.78,19.7,12.9,12.9,29-06-2026,29-06-2026,850.25,850.25,850.25,0,88,88,0,0,0,0,1,0.0,0.0,0.0,0.0,4251250.0,0,0,0,0,0,0.0,0.0,0.0,0.0,0.0,0.0,0.0,4251250.0,0.0,4251250.0,0.0,0.0,0.0,-100.0,No Net Flow,1,0,0.0,Stale,Stale Accumulation,850.25,12.9,Late — Poor Entry,24484.0,56.5,10.0,317.0,35.0,5.94,11.1,0.52,True,24.0,0.002,0.002,1,15,21,0,37,Fundamental Watch,12,18,25,0,55,Buy on Breakout,0.002,0.002,0.002,0.004,Low,No pledge / market sell,Consumer Discretionary,Automobile and Auto Components,Auto Components,Auto Components & Equipments
SHYAMCENT,SHYAM CENTURY FERROUS LIMITED,4245478.0,758224.0,3,30-06-2026,758224.0,3,4245478.0,5.6,0.0,0,0.42,4245478.0,0.0,0.0,758224.0,4245478.0,0.0,False,False,Net Buying,0.42,0.42,0.0,False,0.0,0.0,0.0,0.0,0.0,False,5.0,8.0,3.68,51.7,5.05,5.33,16.8,-10.7,10.7,24-06-2026,30-06-2026,5.375772127480555,5.859089648615457,5.599239802485809,6,93,87,0,0,0,0,1,0.0,0.0,0.0,0.0,1922713.0,0,0,0,0,0,0.0,0.0,0.0,0.0,0.0,0.0,0.0,1922713.0,0.0,1922713.0,0.0,0.0,0.0,-100.0,No Net Flow,2,0,0.0,Stale,Stale Accumulation,5.599239802485809,-10.7,Late — Poor Entry,106.0,,-92.0,-2.42,44.0,-0.04,-7.4,0.01,False,-733.33,0.401,0.401,8,9,5,-1,21,Avoid,20,10,5,-2,33,Fundamental Watch,0.396,0.401,0.358,0.692,Low,No pledge / market sell,Commodities,Metals & Mining,Ferrous Metals,Ferro & Silica Manganese
NRL,NUPUR RECYCLERS LIMITED,4206920.0,50730.0,3,24-06-2026,50730.0,3,4206920.0,82.93,0.0,0,0.42,4206920.0,0.0,0.0,50730.0,4206920.0,0.0,False,False,Net Buying,0.42,0.42,0.0,False,0.0,0.0,0.0,0.0,0.0,False,161.7,167.26,45.1,72.53,122.69,76.26,242.1,95.0,95.0,27-05-2026,24-06-2026,62.72857142857143,83.06001984126983,82.92765621919969,28,121,93,0,0,0,0,0,0.0,0.0,0.0,0.0,0.0,0,0,0,0,0,0.0,0.0,0.0,0.0,0.0,0.0,0.0,0.0,0.0,0.0,0.0,0.0,0.0,0.0,No Net Flow,3,0,0.0,Stale,Stale Accumulation,82.92765621919969,95.0,Late — Poor Entry,1117.0,119.0,15.0,1.43,82.0,0.34,9.71,0.0,True,3.67,0.038,0.038,3,14,25,-2,40,Watchlist,20,16,30,-5,61,Buy on Breakout,0.038,0.038,0.073,0.101,Low,No pledge / market sell,Commodities,Metals & Mining,Metals & Minerals Trading,Trading - Metals
SENCO,SENCO GOLD LIMITED,4081958.0,12170.0,2,18-08-2026,12170.0,2,4081958.0,335.41,0.0,0,0.41,4081958.0,0.0,0.0,12170.0,4081958.0,0.0,False,False,Net Buying,0.41,0.41,0.0,False,0.0,0.0,0.0,0.0,0.0,False,331.1,430.0,276.0,68.48,364.46,335.58,16.2,-1.3,1.3,30-06-2026,18-08-2026,334.88004484304935,336.87015384615387,335.4115036976171,49,87,38,0,0,0,1,2,0.0,0.0,0.0,1094828.0,4081958.0,0,0,0,0,0,0.0,0.0,0.0,0.0,0.0,0.0,0.0,4081958.0,0.0,4081958.0,0.0,0.0,0.0,-100.0,No Net Flow,1,0,0.0,Aging,Mature Accumulation,335.4115036976171,-1.3,Mature — Wait for Pullback,5425.0,9.17,43.0,223.0,175.0,6.97,21.4,1.03,False,7.0,0.008,0.008,1,18,9,0,28,Avoid,17,21,10,0,48,Watchlist,0.008,0.008,0.007,0.011,Low,No pledge / market sell,Consumer Discretionary,Consumer Durables,Consumer Durables,"Gems, Jewellery And Watches"
ASAHISONG,ASAHI SONGWON COLORS LIMITED,3381000.0,10000.0,1,11-08-2026,10000.0,1,3381000.0,338.1,0.0,0,0.34,3381000.0,0.0,0.0,10000.0,3381000.0,0.0,False,False,Net Buying,0.34,0.34,0.0,False,0.0,0.0,0.0,0.0,0.0,False,402.75,413.95,179.64,66.73,359.64,270.07,101.1,19.1,19.1,11-08-2026,11-08-2026,338.1,338.1,338.1,0,45,45,0,0,0,1,1,0.0,0.0,0.0,3381000.0,3381000.0,0,0,0,0,0,0.0,0.0,0.0,0.0,0.0,0.0,0.0,3381000.0,0.0,3381000.0,0.0,0.0,0.0,-100.0,No Net Flow,1,0,0.0,Aging,Mature Accumulation,338.1,19.1,Mature — Wait for Pullback,473.0,14.0,-8.0,24.0,33.0,14.36,9.94,0.23,True,18.0,0.071,0.071,1,18,21,0,40,Watchlist,17,21,25,0,63,Buy on Breakout,0.072,0.071,0.085,0.128,Low,No pledge / market sell,Commodities,Chemicals,Chemicals & Petrochemicals,Dyes And Pigments
AMANTA,Amanta Healthcare Limited,3126410.0,20835.0,2,18-06-2026,20835.0,2,3126410.0,150.06,0.0,0,0.31,3126410.0,786550.0,5000.0,15835.0,2339860.0,25.16,False,False,Net Buying with Selling,0.23,0.31,0.08,False,0.0,0.0,25.16,0.078655,25.16,False,186.0,209.95,92.0,63.56,179.34,135.8,92.9,24.0,24.0,17-06-2026,18-06-2026,150.319309600863,149.98024691358026,150.05567554595632,1,100,99,0,0,0,0,0,0.0,0.0,0.0,0.0,0.0,0,0,0,0,0,0.0,0.0,0.0,0.0,0.0,0.0,0.0,0.0,0.0,0.0,0.0,0.0,0.0,0.0,No Net Flow,2,1,0.0,Stale,Stale Accumulation,150.05567554595632,24.0,Late — Poor Entry,735.0,47.9,7.0,14.54,-4.0,0.85,11.6,1.11,True,21.13,0.043,0.032,2,5,25,-9,23,Avoid,12,6,30,0,48,Watchlist,0.042,0.032,0.04,0.063,High,Market sell 25.16% of buy value,Healthcare,Healthcare,Pharmaceuticals & Biotechnology,Pharmaceuticals
JAYAGROGN,Jayant Agro-Organics Limited,2995877.0,12781.0,3,23-09-2026,12781.0,3,2995877.0,234.4,0.0,0,0.3,2995877.0,0.0,0.0,12781.0,2995877.0,0.0,False,False,Net Buying,0.3,0.3,0.0,False,0.0,0.0,0.0,0.0,0.0,False,234.84,265.0,147.26,67.13,227.7,205.16,40.7,0.2,0.2,21-09-2026,23-09-2026,234.0473059882807,234.8324661810614,234.40082935607543,2,4,2,3,3,3,3,3,2995877.0,2995877.0,2995877.0,2995877.0,2995877.0,0,0,0,0,0,0.0,0.0,0.0,0.0,0.0,2995877.0,2995877.0,0.0,0.0,0.0,2995877.0,0.0,2995877.0,,New Accumulation,1,0,1.0,Fresh,Early Accumulation,234.40082935607543,0.2,Early Accumulation,704.0,11.5,-5.0,32.0,1.0,6.54,14.8,0.11,True,9.0,0.043,0.043,6,12,21,0,39,Fundamental Watch,20,14,25,0,59,Buy on Breakout,0.043,0.043,0.043,0.064,Low,No pledge / market sell,Commodities,Chemicals,Chemicals & Petrochemicals,Specialty Chemicals
EXCELSOFT,Excelsoft Technologies Limited,2961200.0,40000.0,2,04-09-2026,40000.0,2,2961200.0,74.03,0.0,0,0.3,2961200.0,0.0,0.0,40000.0,2961200.0,0.0,False,False,Net Buying,0.3,0.3,0.0,False,0.0,0.0,0.0,0.0,0.0,False,86.62,142.59,66.4,59.08,75.96,81.87,20.5,17.0,17.0,14-08-2026,04-09-2026,74.89,71.45,73.514,21,42,21,0,0,2,3,3,0.0,0.0,1429000.0,3675700.0,3675700.0,0,0,0,0,0,0.0,0.0,0.0,0.0,0.0,0.0,1429000.0,2246700.0,0.0,2246700.0,1429000.0,0.0,1429000.0,-36.4,Slowing Accumulation,1,0,0.0,Active,Confirmed Accumulation,73.514,17.8,Mature — Wait for Pullback,995.0,20.5,27.0,12.33,10.0,0.75,13.5,0.01,True,15.35,0.03,0.03,3,12,21,0,36,Fundamental Watch,12,14,25,0,51,Buy on Breakout,0.03,0.03,0.035,0.059,Low,No pledge / market sell,Information Technology,Information Technology,IT - Services,IT Enabled Services
FIBERWEB,Fiberweb (India) Limited,2828784.0,99487.0,6,09-09-2026,99487.0,6,2828784.0,28.43,0.0,0,0.28,2828784.0,0.0,0.0,99487.0,2828784.0,0.0,False,False,Net Buying,0.28,0.28,0.0,False,0.0,0.0,0.0,0.0,0.0,False,26.54,46.95,25.07,46.33,27.85,33.45,-21.6,-6.6,6.6,21-05-2026,09-09-2026,29.1869,26.399685435671596,28.52985457887339,111,127,16,0,0,2,2,2,0.0,0.0,1678492.0,1678492.0,1678492.0,0,0,0,0,0,0.0,0.0,0.0,0.0,0.0,0.0,1678492.0,0.0,0.0,0.0,1678492.0,0.0,1678492.0,,New Accumulation,2,0,0.0,Active,Confirmed Accumulation,28.52985457887339,-7.0,Confirmed Accumulation,,14.6,-38.0,1.73,-70.0,0.09,7.59,0.06,True,17.55,,,4,8,0,0,12,Avoid,15,9,0,0,24,Avoid,0.0,0.0,0.0,0.0,Low,No pledge / market sell,Consumer Discretionary,Textiles,Textiles & Apparels,Other Textile Products
CHEMBOND,CHEMBOND MATERIAL TECHNOLOGIES LIMITED,2560187.0,15020.0,2,03-09-2026,15020.0,2,2560187.0,170.45,0.0,0,0.26,2560187.0,0.0,0.0,15020.0,2560187.0,0.0,False,False,Net Buying,0.26,0.26,0.0,False,0.0,0.0,0.0,0.0,0.0,False,191.99,236.8,105.15,67.54,181.14,163.73,57.4,12.6,12.6,03-09-2026,03-09-2026,170.46014760147602,170.45004061738425,170.45186418109188,0,22,22,0,0,4,4,4,0.0,0.0,5120374.0,5120374.0,5120374.0,0,0,0,0,0,0.0,0.0,0.0,0.0,0.0,0.0,5120374.0,0.0,0.0,0.0,5120374.0,0.0,5120374.0,,New Accumulation,2,0,0.0,Active,Confirmed Accumulation,170.45186418109188,12.6,Mature — Wait for Pullback,258.0,27.6,24.0,1.87,-31.0,3.36,4.96,0.0,True,2.97,0.099,0.099,3,12,25,-1,39,Fundamental Watch,17,14,30,-2,59,Buy on Breakout,0.101,0.099,0.112,0.165,Low,No pledge / market sell,Commodities,Chemicals,Chemicals & Petrochemicals,Specialty Chemicals
INDIQUBE,Indiqube Spaces Limited,2543624.0,15500.0,4,24-06-2026,15500.0,4,2543624.0,164.1,0.0,0,0.25,2543624.0,0.0,0.0,15500.0,2543624.0,0.0,False,False,Net Buying,0.25,0.25,0.0,False,0.0,0.0,0.0,0.0,0.0,False,198.94,241.0,131.15,60.6,187.06,176.72,46.8,21.2,21.2,09-06-2026,24-06-2026,159.80963636363637,168.6686,164.1047741935484,15,108,93,0,0,0,0,0,0.0,0.0,0.0,0.0,0.0,0,0,0,0,0,0.0,0.0,0.0,0.0,0.0,0.0,0.0,0.0,0.0,0.0,0.0,0.0,0.0,0.0,No Net Flow,1,0,0.0,Stale,Stale Accumulation,164.1047741935484,21.2,Late — Poor Entry,4230.0,,39.0,258.0,30.0,-1.13,6.38,10.11,True,61.0,0.006,0.006,1,19,25,0,45,Watchlist,15,23,30,0,68,Strong Buy Setup,0.006,0.006,0.007,0.012,Low,No pledge / market sell,Services,Services,Commercial Services & Supplies,Diversified Commercial Services
SGIL,SYNERGY GREEN INDUSTRIES LIMITED,2458195.0,4141.0,3,11-09-2026,4141.0,3,2458195.0,593.62,0.0,0,0.25,2458195.0,0.0,0.0,4141.0,2458195.0,0.0,False,False,Net Buying,0.25,0.25,0.0,False,0.0,0.0,0.0,0.0,0.0,False,642.5,697.95,420.0,74.02,594.98,548.0,32.3,8.2,8.2,28-08-2026,11-09-2026,585.0,595.1996303142329,593.6235208886742,14,28,14,0,1,3,3,3,0.0,322003.0,2458195.0,2458195.0,2458195.0,0,0,0,0,0,0.0,0.0,0.0,0.0,0.0,0.0,2458195.0,0.0,0.0,0.0,2458195.0,0.0,2458195.0,,New Accumulation,3,0,0.0,Active,Confirmed Accumulation,593.6235208886742,8.2,Confirmed Accumulation,1002.0,,-2.0,5.0,-152.0,-6.5,9.24,2.23,True,6.0,0.025,0.025,5,5,25,0,35,Fundamental Watch,20,6,30,0,56,Buy on Breakout,0.025,0.025,0.027,0.036,Low,No pledge / market sell,Industrials,Capital Goods,Industrial Products,Castings & Forgings
ALICON,ALICON CASTALLOY LIMITED,2266406.0,3500.0,2,10-06-2026,3500.0,2,2266406.0,647.54,0.0,0,0.23,2266406.0,0.0,0.0,3500.0,2266406.0,0.0,False,False,Net Buying,0.23,0.23,0.0,False,0.0,0.0,0.0,0.0,0.0,False,730.05,1022.0,580.0,55.72,702.6,712.14,20.2,12.7,12.7,08-06-2026,10-06-2026,642.6124324324325,653.0745454545455,647.5445714285714,2,109,107,0,0,0,0,0,0.0,0.0,0.0,0.0,0.0,0,0,0,0,0,0.0,0.0,0.0,0.0,0.0,0.0,0.0,0.0,0.0,0.0,0.0,0.0,0.0,0.0,No Net Flow,2,0,0.0,Stale,Stale Accumulation,647.5445714285714,12.7,Late — Poor Entry,1197.0,27.4,19.0,58.0,31.0,10.76,11.2,0.56,True,10.0,0.019,0.019,2,19,21,0,42,Watchlist,12,23,25,0,60,Buy on Breakout,0.019,0.019,0.021,0.038,Low,No pledge / market sell,Consumer Discretionary,Automobile and Auto Components,Auto Components,Auto Components & Equipments
DIAMINESQ,DIAMINES & CHEMICALS LIMITED,2100275.0,8500.0,12,09-09-2026,8500.0,12,2100275.0,247.09,0.0,0,0.21,2100275.0,0.0,0.0,8500.0,2100275.0,0.0,False,False,Net Buying,0.21,0.21,0.0,False,0.0,0.0,0.0,0.0,0.0,False,248.25,369.0,208.01,54.64,247.27,250.51,15.2,0.5,0.5,08-09-2026,09-09-2026,244.67305236270752,250.63725490196077,247.09117647058824,1,17,16,0,0,12,12,12,0.0,0.0,2100275.0,2100275.0,2100275.0,0,0,0,0,0,0.0,0.0,0.0,0.0,0.0,0.0,2100275.0,0.0,0.0,0.0,2100275.0,0.0,2100275.0,,New Accumulation,6,0,0.0,Active,Confirmed Accumulation,247.09117647058824,0.5,Confirmed Accumulation,251.0,,-39.0,0.45,-356.0,0.27,-7.66,0.05,False,3.13,0.084,0.084,5,3,13,-1,20,Avoid,15,3,15,-2,31,Fundamental Watch,0.084,0.084,0.084,0.154,Low,No pledge / market sell,Commodities,Chemicals,Chemicals & Petrochemicals,Specialty Chemicals
LIBAS,Libas Consumer Products Limited,2096820.0,195542.0,6,02-09-2026,195542.0,6,2096820.0,10.72,0.0,0,0.21,2096820.0,0.0,0.0,195542.0,2096820.0,0.0,False,False,Net Buying,0.21,0.21,0.0,False,0.0,0.0,0.0,0.0,0.0,False,12.38,13.67,9.02,30.7,10.48,10.93,26.1,15.5,15.5,21-08-2026,02-09-2026,10.019749198983538,10.41,10.723118307064468,12,35,23,0,0,4,6,6,0.0,0.0,1577555.0,2096820.0,2096820.0,0,0,0,0,0,0.0,0.0,0.0,0.0,0.0,0.0,1577555.0,519265.0,0.0,519265.0,1577555.0,0.0,1577555.0,203.8,Accelerating Accumulation,2,0,0.0,Active,Confirmed Accumulation,10.723118307064468,15.5,Mature — Wait for Pullback,,9.06,-9.0,1.55,338.0,0.35,6.49,0.26,True,15.26,,,3,14,21,0,38,Fundamental Watch,15,16,25,0,56,Buy on Breakout,0.0,0.0,0.0,0.0,Low,No pledge / market sell,Consumer Discretionary,Textiles,Textiles & Apparels,Garments & Apparels
HINDCON,Hindcon Chemicals Limited,2018403.0,85717.0,17,23-09-2026,85717.0,17,2018403.0,23.55,0.0,0,0.2,2018403.0,0.0,0.0,85717.0,2018403.0,0.0,False,False,Net Buying,0.2,0.2,0.0,False,0.0,0.0,0.0,0.0,0.0,False,27.6,37.75,15.66,68.34,23.03,22.73,58.1,17.2,17.2,20-08-2026,23-09-2026,21.998066051770305,25.005235602094242,23.5472893358377,34,36,2,2,9,13,17,17,403202.0,1351825.0,1656066.0,2018403.0,2018403.0,0,0,0,0,0,0.0,0.0,0.0,0.0,0.0,403202.0,1656066.0,362337.0,0.0,362337.0,1656066.0,0.0,1656066.0,357.1,Accelerating Accumulation,7,0,0.2435,Fresh,Confirmed Accumulation,23.5472893358377,17.2,Mature — Wait for Pullback,141.0,32.6,19.0,3.17,7.0,0.49,8.76,0.2,False,14.87,0.143,0.143,9,7,25,0,41,Watchlist,20,8,30,0,58,Buy on Breakout,0.142,0.143,0.168,0.246,Low,No pledge / market sell,Commodities,Chemicals,Chemicals & Petrochemicals,Specialty Chemicals
