Symbol,Company Name,Name of Person,Category of Person,TransactionDate,Transaction,Quantity,Value,Price,Securities Held Prior (No.),Securities Held Prior (%),Securities Held Post (No.),Securities Held Post (%),Date From,Date To,Mode of Acquisition/Disposal,Broadcast Date/Time,Details URL
AFFORDABLE,AFFORDABLE ROBOTIC & AUTOMATION LIMITED,PRIYANKA PADOLE,Promoter Group,2026-09-16,BUY,7522.0,1207286.0,160.50066471683064,100000,0.84%,107522,0.91%,16-09-2026,16-09-2026,Market Purchase,21-Sep-2026 11:49:41,https://nsearchives.nseindia.com/corporate/ixbrl/IT_22451_20260921_114941455_WEB.html
AFFORDABLE,AFFORDABLE ROBOTIC & AUTOMATION LIMITED,PRIYANKA PADOLE,Promoter Group,2026-09-16,BUY,1080.0,174420.0,161.5,107522,0.91%,108602,0.92%,16-09-2026,16-09-2026,Market Purchase,21-Sep-2026 11:49:41,https://nsearchives.nseindia.com/corporate/ixbrl/IT_22451_20260921_114941455_WEB.html
AFFORDABLE,AFFORDABLE ROBOTIC & AUTOMATION LIMITED,PRIYANKA PADOLE,Promoter Group,2026-09-17,BUY,1723.0,277305.0,160.94312246082416,108602,0.92%,110325,0.93%,17-09-2026,17-09-2026,Market Purchase,21-Sep-2026 11:49:41,https://nsearchives.nseindia.com/corporate/ixbrl/IT_22451_20260921_114941455_WEB.html
AFFORDABLE,AFFORDABLE ROBOTIC & AUTOMATION LIMITED,PRIYANKA PADOLE,Promoter Group,2026-09-18,BUY,13587.0,2328713.0,171.3927283432693,110325,0.93%,123912,1.05%,18-09-2026,18-09-2026,Market Purchase,21-Sep-2026 15:43:41,https://nsearchives.nseindia.com/corporate/ixbrl/IT_22451_20260921_154341070_WEB.html
AFFORDABLE,AFFORDABLE ROBOTIC & AUTOMATION LIMITED,PRIYANKA PADOLE,Promoter Group,2026-09-23,BUY,11338.0,2000469.0,176.43931910389838,123912,1.05%,135250,1.14%,23-09-2026,23-09-2026,Market Purchase,24-Sep-2026 20:09:39,https://nsearchives.nseindia.com/corporate/ixbrl/IT_22451_20260924_200939375_WEB.html
ALEMBICLTD,Alembic Limited,Nirayu  Private Limited,Promoter Group,2026-08-17,BUY,454376.0,39869975.0,87.74665695371235,161915052,63.06%,162369428,63.23%,14-08-2026,17-08-2026,Market Purchase,17-Aug-2026 19:34:08,https://nsearchives.nseindia.com/corporate/ixbrl/IT_1817_20260817_193408112_WEB.html
ALEMBICLTD,Alembic Limited,Nirayu  Private Limited,Promoter Group,2026-08-19,BUY,115719.0,10337171.0,89.32993717539902,162369428,63.23%,162485147,63.28%,18-08-2026,19-08-2026,Market Purchase,19-Aug-2026 19:40:50,https://nsearchives.nseindia.com/corporate/ixbrl/IT_1817_20260819_194050349_WEB.html
ALEMBICLTD,Alembic Limited,Nirayu  Private Limited,Promoter Group,2026-08-25,BUY,129136.0,12261881.0,94.95323534877959,162485147,63.28%,162614283,63.33%,25-08-2026,25-08-2026,Market Purchase,26-Aug-2026 19:34:06,https://nsearchives.nseindia.com/corporate/ixbrl/IT_1817_20260826_193406018_WEB.html
ALEMBICLTD,Alembic Limited,Nirayu  Private Limited,Promoter Group,2026-09-01,BUY,216969.0,21475422.0,98.9792182293323,162614283,63.33%,162831252,63.41%,31-08-2026,01-09-2026,Market Purchase,01-Sep-2026 19:19:49,https://nsearchives.nseindia.com/corporate/ixbrl/IT_1817_20260901_191949048_WEB.html
ALEMBICLTD,Alembic Limited,Nirayu  Private Limited,Promoter Group,2026-09-02,BUY,9495.0,940827.0,99.08657187993681,162831252,63.41%,162840747,63.42%,02-09-2026,02-09-2026,Market Purchase,03-Sep-2026 20:35:49,https://nsearchives.nseindia.com/corporate/ixbrl/IT_1817_20260903_203549258_WEB.html
ALEMBICLTD,Alembic Limited,Nirayu  Private Limited,Promoter Group,2026-09-02,BUY,9495.0,940827.0,99.08657187993681,162831252,63.41%,162840747,63.42%,02-09-2026,02-09-2026,Market Purchase,03-Sep-2026 20:25:22,https://nsearchives.nseindia.com/corporate/ixbrl/IT_1817_20260903_202522327_WEB.html
ALEMBICLTD,Alembic Limited,Nirayu  Private Limited,Promoter Group,2026-09-16,BUY,120609.0,12179344.0,100.98204943246358,162840747,63.42%,162961356,63.46%,15-09-2026,16-09-2026,Market Purchase,17-Sep-2026 19:36:18,https://nsearchives.nseindia.com/corporate/ixbrl/IT_1817_20260917_193618384_WEB.html
ALEMBICLTD,Alembic Limited,Nirayu  Private Limited,Promoter Group,2026-09-23,BUY,65981.0,6966311.0,105.58056107061124,162961356,63.46%,163027337,63.49%,22-09-2026,23-09-2026,Market Purchase,23-Sep-2026 19:04:39,https://nsearchives.nseindia.com/corporate/ixbrl/IT_1817_20260923_190439159_WEB.html
ASAHISONG,ASAHI SONGWON COLORS LIMITED,Arjun Gokul Jaykrishna,Promoter and Director,2026-08-11,BUY,10000.0,3381000.0,338.1,39950,0.34%,49950,0.42%,11-08-2026,11-08-2026,Market Purchase,12-Aug-2026 16:35:54,https://nsearchives.nseindia.com/corporate/ixbrl/IT_5165_20260812_163554411_WEB.html
AVONMORE,AVONMORE CAPITAL & MANAGEMENT SERVICES LIMITED,INNOVATIVE MONEY MATTERS PRIVATE LIMITED,Promoter,2026-08-10,BUY,300000.0,3386121.0,11.28707,93504900,33.13%,93804900,33.24%,10-08-2026,10-08-2026,Market Purchase,11-Aug-2026 10:39:48,https://nsearchives.nseindia.com/corporate/ixbrl/IT_20397_20260811_103948643_WEB.html
AVONMORE,AVONMORE CAPITAL & MANAGEMENT SERVICES LIMITED,INNOVATIVE MONEY MATTERS PRIVATE LIMITED,Promoter,2026-08-11,BUY,260000.0,2963578.0,11.398376923076922,93804900,33.24%,94064900,33.33%,11-08-2026,11-08-2026,Market Purchase,12-Aug-2026 10:11:30,https://nsearchives.nseindia.com/corporate/ixbrl/IT_20397_20260812_101130527_WEB.html
AVONMORE,AVONMORE CAPITAL & MANAGEMENT SERVICES LIMITED,INNOVATIVE MONEY MATTERS PRIVATE LIMITED,Promoter,2026-08-12,BUY,50000.0,570345.0,11.4069,94064900,33.33%,94114900,33.35%,12-08-2026,12-08-2026,Market Purchase,18-Aug-2026 13:11:16,https://nsearchives.nseindia.com/corporate/ixbrl/IT_20397_20260818_131116559_WEB.html
AVONMORE,AVONMORE CAPITAL & MANAGEMENT SERVICES LIMITED,INNOVATIVE MONEY MATTERS PRIVATE LIMITED,Promoter,2026-08-12,BUY,50000.0,570345.0,11.4069,94064900,33.33%,94114900,33.35%,12-08-2026,12-08-2026,Market Purchase,18-Aug-2026 13:08:35,https://nsearchives.nseindia.com/corporate/ixbrl/IT_20397_20260818_130835104_WEB.html
AVONMORE,AVONMORE CAPITAL & MANAGEMENT SERVICES LIMITED,INNOVATIVE MONEY MATTERS PRIVATE LIMITED,Promoter,2026-08-18,BUY,100000.0,1333405.0,13.33405,94114900,33.35%,94214900,33.38%,18-08-2026,18-08-2026,Market Purchase,19-Aug-2026 10:36:06,https://nsearchives.nseindia.com/corporate/ixbrl/IT_20397_20260819_103606504_WEB.html
AVONMORE,AVONMORE CAPITAL & MANAGEMENT SERVICES LIMITED,INNOVATIVE MONEY MATTERS PRIVATE LIMITED,Promoter,2026-08-19,BUY,60831.0,809518.0,13.30765563610659,94214900,33.38%,94275731,33.40%,19-08-2026,19-08-2026,Market Purchase,20-Aug-2026 10:41:16,https://nsearchives.nseindia.com/corporate/ixbrl/IT_20397_20260820_104116797_WEB.html
AVONMORE,AVONMORE CAPITAL & MANAGEMENT SERVICES LIMITED,INNOVATIVE MONEY MATTERS PRIVATE LIMITED,Promoter,2026-08-20,BUY,55000.0,740000.0,13.454545454545455,94275731,33.40%,94330731,33.42%,20-08-2026,20-08-2026,Market Purchase,21-Aug-2026 10:19:17,https://nsearchives.nseindia.com/corporate/ixbrl/IT_20397_20260821_101917612_WEB.html
AVONMORE,AVONMORE CAPITAL & MANAGEMENT SERVICES LIMITED,INNOVATIVE MONEY MATTERS PRIVATE LIMITED,Promoter,2026-08-21,BUY,64000.0,851693.0,13.307703125,94330731,33.42%,94394731,33.45%,21-08-2026,21-08-2026,Market Purchase,24-Aug-2026 10:19:04,https://nsearchives.nseindia.com/corporate/ixbrl/IT_20397_20260824_101904756_WEB.html
AVONMORE,AVONMORE CAPITAL & MANAGEMENT SERVICES LIMITED,INNOVATIVE MONEY MATTERS PRIVATE LIMITED,Promoter,2026-08-24,BUY,65347.0,886448.0,13.56524400508057,94394731,33.45%,94460078,33.47%,24-08-2026,24-08-2026,Market Purchase,25-Aug-2026 11:57:24,https://nsearchives.nseindia.com/corporate/ixbrl/IT_20397_20260825_115724415_WEB.html
AVONMORE,AVONMORE CAPITAL & MANAGEMENT SERVICES LIMITED,INNOVATIVE MONEY MATTERS PRIVATE LIMITED,Promoter,2026-08-25,BUY,35000.0,470500.0,13.442857142857143,94460078,33.47%,94495078,33.48%,25-08-2026,25-08-2026,Market Purchase,26-Aug-2026 10:35:22,https://nsearchives.nseindia.com/corporate/ixbrl/IT_20397_20260826_103522339_WEB.html
AVONMORE,AVONMORE CAPITAL & MANAGEMENT SERVICES LIMITED,INNOVATIVE MONEY MATTERS PRIVATE LIMITED,Promoter,2026-08-26,BUY,89000.0,1240525.0,13.938483146067416,94495078,33.48%,94584078,33.51%,26-08-2026,26-08-2026,Market Purchase,27-Aug-2026 11:19:19,https://nsearchives.nseindia.com/corporate/ixbrl/IT_20397_20260827_111919080_WEB.html
AVONMORE,AVONMORE CAPITAL & MANAGEMENT SERVICES LIMITED,INNOVATIVE MONEY MATTERS PRIVATE LIMITED,Promoter,2026-08-27,BUY,20707.0,285045.0,13.765634809484716,94584078,33.51%,94604785,33.52%,27-08-2026,27-08-2026,Market Purchase,28-Aug-2026 11:16:34,https://nsearchives.nseindia.com/corporate/ixbrl/IT_20397_20260828_111634274_WEB.html
AVONMORE,AVONMORE CAPITAL & MANAGEMENT SERVICES LIMITED,INNOVATIVE MONEY MATTERS PRIVATE LIMITED,Promoter,2026-08-28,BUY,20000.0,278200.0,13.91,94604785,33.52%,94624785,33.53%,28-08-2026,28-08-2026,Market Purchase,31-Aug-2026 12:42:46,https://nsearchives.nseindia.com/corporate/ixbrl/IT_20397_20260831_124246541_WEB.html
AVONMORE,AVONMORE CAPITAL & MANAGEMENT SERVICES LIMITED,INNOVATIVE MONEY MATTERS PRIVATE LIMITED,Promoter,2026-08-31,BUY,60000.0,816560.0,13.609333333333334,94624785,33.53%,94684785,33.55%,31-08-2026,31-08-2026,Market Purchase,01-Sep-2026 10:04:36,https://nsearchives.nseindia.com/corporate/ixbrl/IT_20397_20260901_100436129_WEB.html
AVONMORE,AVONMORE CAPITAL & MANAGEMENT SERVICES LIMITED,INNOVATIVE MONEY MATTERS PRIVATE LIMITED,Promoter,2026-09-01,BUY,10000.0,133250.0,13.325,94684785,33.55%,94694785,33.55%,01-09-2026,01-09-2026,Market Purchase,02-Sep-2026 10:59:14,https://nsearchives.nseindia.com/corporate/ixbrl/IT_20397_20260902_105914420_WEB.html
AVONMORE,AVONMORE CAPITAL & MANAGEMENT SERVICES LIMITED,INNOVATIVE MONEY MATTERS PRIVATE LIMITED,Promoter,2026-09-03,BUY,55000.0,719000.0,13.072727272727272,94694785,33.55%,94749785,33.57%,03-09-2026,03-09-2026,Market Purchase,04-Sep-2026 10:35:26,https://nsearchives.nseindia.com/corporate/ixbrl/IT_20397_20260904_103526497_WEB.html
AVONMORE,AVONMORE CAPITAL & MANAGEMENT SERVICES LIMITED,INNOVATIVE MONEY MATTERS PRIVATE LIMITED,Promoter,2026-09-04,BUY,68997.0,904554.0,13.110048262967956,94749785,33.57%,94818782,33.60%,04-09-2026,04-09-2026,Market Purchase,07-Sep-2026 11:53:31,https://nsearchives.nseindia.com/corporate/ixbrl/IT_20397_20260907_115331140_WEB.html
AVONMORE,AVONMORE CAPITAL & MANAGEMENT SERVICES LIMITED,INNOVATIVE MONEY MATTERS PRIVATE LIMITED,Promoter,2026-09-07,BUY,39340.0,549000.0,13.955261820030504,94818782,33.60%,94858122,33.61%,07-09-2026,07-09-2026,Market Purchase,08-Sep-2026 10:43:50,https://nsearchives.nseindia.com/corporate/ixbrl/IT_20397_20260908_104350402_WEB.html
AVONMORE,AVONMORE CAPITAL & MANAGEMENT SERVICES LIMITED,INNOVATIVE MONEY MATTERS PRIVATE LIMITED,Promoter,2026-09-08,BUY,53351.0,752337.0,14.101647579239376,94858122,33.61%,94911473,33.63%,08-09-2026,08-09-2026,Market Purchase,09-Sep-2026 10:44:34,https://nsearchives.nseindia.com/corporate/ixbrl/IT_20397_20260909_104434364_WEB.html
AVONMORE,AVONMORE CAPITAL & MANAGEMENT SERVICES LIMITED,INNOVATIVE MONEY MATTERS PRIVATE LIMITED,Promoter,2026-09-09,BUY,36892.0,515927.0,13.984793451154722,94911473,33.63%,94948365,33.64%,09-09-2026,09-09-2026,Market Purchase,10-Sep-2026 11:37:38,https://nsearchives.nseindia.com/corporate/ixbrl/IT_20397_20260910_113738458_WEB.html
AVONMORE,AVONMORE CAPITAL & MANAGEMENT SERVICES LIMITED,INNOVATIVE MONEY MATTERS PRIVATE LIMITED,Promoter,2026-09-10,BUY,66659.0,950634.0,14.26115003225371,94948365,33.64%,95015024,33.67%,10-09-2026,10-09-2026,Market Purchase,11-Sep-2026 10:14:24,https://nsearchives.nseindia.com/corporate/ixbrl/IT_20397_20260911_101424673_WEB.html
AVONMORE,AVONMORE CAPITAL & MANAGEMENT SERVICES LIMITED,INNOVATIVE MONEY MATTERS PRIVATE LIMITED,Promoter,2026-09-11,BUY,130481.0,1826639.0,13.999271924648033,95015024,33.67%,95145505,33.71%,11-09-2026,11-09-2026,Market Purchase,14-Sep-2026 11:07:34,https://nsearchives.nseindia.com/corporate/ixbrl/IT_20397_20260914_110734456_WEB.html
AVONMORE,AVONMORE CAPITAL & MANAGEMENT SERVICES LIMITED,INNOVATIVE MONEY MATTERS PRIVATE LIMITED,Promoter,2026-09-15,BUY,112676.0,1572492.0,13.95587347793674,95145505,33.71%,95258181,33.75%,15-09-2026,15-09-2026,Market Purchase,16-Sep-2026 11:04:26,https://nsearchives.nseindia.com/corporate/ixbrl/IT_20397_20260916_110426360_WEB.html
AVONMORE,AVONMORE CAPITAL & MANAGEMENT SERVICES LIMITED,INNOVATIVE MONEY MATTERS PRIVATE LIMITED,Promoter,2026-09-16,BUY,22062.0,293188.0,13.289275677635754,95258181,33.75%,95280243,33.76%,16-09-2026,16-09-2026,Market Purchase,17-Sep-2026 09:50:01,https://nsearchives.nseindia.com/corporate/ixbrl/IT_20397_20260917_095001508_WEB.html
AVONMORE,AVONMORE CAPITAL & MANAGEMENT SERVICES LIMITED,INNOVATIVE MONEY MATTERS PRIVATE LIMITED,Promoter,2026-09-17,BUY,50000.0,617457.0,12.34914,95280243,33.76%,95330243,33.78%,17-09-2026,17-09-2026,Market Purchase,18-Sep-2026 13:21:38,https://nsearchives.nseindia.com/corporate/ixbrl/IT_20397_20260918_132138679_WEB.html
BERGEPAINT,BERGER PAINTS (I) LIMITED,Mr Kanwardip Singh Dhingra,Promoter,2026-09-07,BUY,19788.0,9599954.0,485.14018597129575,840000,0.07%,859788,0.07%,07-09-2026,07-09-2026,Market Purchase,08-Sep-2026 12:49:55,https://nsearchives.nseindia.com/corporate/ixbrl/IT_488_20260908_124955255_WEB.html
BERGEPAINT,BERGER PAINTS (I) LIMITED,Ms Anshana Sawhney,Promoter,2026-09-07,BUY,14841.0,7197659.0,484.9847719156391,720000,0.06%,734841,0.06%,07-09-2026,07-09-2026,Market Purchase,08-Sep-2026 12:49:55,https://nsearchives.nseindia.com/corporate/ixbrl/IT_488_20260908_124955255_WEB.html
BERGEPAINT,BERGER PAINTS (I) LIMITED,Ms Jessima Kumar,Promoter,2026-09-07,BUY,24734.0,12030894.0,486.4111749009461,720000,0.06%,744734,0.06%,07-09-2026,07-09-2026,Market Purchase,08-Sep-2026 12:49:55,https://nsearchives.nseindia.com/corporate/ixbrl/IT_488_20260908_124955255_WEB.html
BERGEPAINT,BERGER PAINTS (I) LIMITED,Ms Sunaina Kohli,Promoter,2026-09-07,BUY,14840.0,7193875.0,484.76246630727763,720000,0.06%,734840,0.06%,07-09-2026,07-09-2026,Market Purchase,08-Sep-2026 12:49:55,https://nsearchives.nseindia.com/corporate/ixbrl/IT_488_20260908_124955255_WEB.html
BERGEPAINT,BERGER PAINTS (I) LIMITED,MsRishma Kaur,Promoter,2026-09-07,BUY,24735.0,12413936.0,501.8773398019001,720000,0.06%,744735,0.06%,07-09-2026,07-09-2026,Market Purchase,08-Sep-2026 12:49:55,https://nsearchives.nseindia.com/corporate/ixbrl/IT_488_20260908_124955255_WEB.html
BHAGERIA,Bhageria Industries Limited,Aditya Bhageria,Promoter Group,2026-08-20,BUY,6122.0,1252826.0,204.64325383861484,157987,0.36%,164109,0.38%,20-08-2026,20-08-2026,Market Purchase,21-Aug-2026 11:47:39,https://nsearchives.nseindia.com/corporate/ixbrl/IT_13498_20260821_114739171_WEB.html
BHAGERIA,Bhageria Industries Limited,Aditya Bhageria,Promoter Group,2026-08-20,BUY,6122.0,1252826.0,204.64325383861484,157987,0.36%,164109,0.38%,20-08-2026,20-08-2026,Market Purchase,21-Aug-2026 11:57:35,https://nsearchives.nseindia.com/corporate/ixbrl/IT_13498_20260821_115735521_WEB.html
BHAGERIA,Bhageria Industries Limited,Aditya Bhageria,Promoter Group,2026-08-21,BUY,5000.0,1035000.0,207.0,164109,0.36%,169109,0.39%,21-08-2026,21-08-2026,Market Purchase,21-Aug-2026 17:19:08,https://nsearchives.nseindia.com/corporate/ixbrl/IT_13498_20260821_171908530_WEB.html
BHAGERIA,Bhageria Industries Limited,Aditya Bhageria,Promoter Group,2026-08-24,BUY,5000.0,1108600.0,221.72,169109,0.39%,174109,0.40%,24-08-2026,24-08-2026,Market Purchase,24-Aug-2026 14:59:24,https://nsearchives.nseindia.com/corporate/ixbrl/IT_13498_20260824_145924397_WEB.html
BHAGERIA,Bhageria Industries Limited,Aditya Bhageria,Promoter Group,2026-08-25,BUY,11652.0,2601998.0,223.30913147957432,174109,0.40%,185761,0.42%,25-08-2026,25-08-2026,Market Purchase,25-Aug-2026 16:55:12,https://nsearchives.nseindia.com/corporate/ixbrl/IT_13498_20260825_165512735_WEB.html
BHAGERIA,Bhageria Industries Limited,Aditya Bhageria,Promoter Group,2026-08-26,BUY,10000.0,2228700.0,222.87,185761,0.42%,195761,0.45%,26-08-2026,26-08-2026,Market Purchase,26-Aug-2026 15:35:44,https://nsearchives.nseindia.com/corporate/ixbrl/IT_13498_20260826_153544422_WEB.html
BMWVENTLTD,BMW VENTURES LIMITED,SHIVANSH KISHOREPURIA,Promoter Group,2026-08-05,BUY,85000.0,5107928.0,60.09327058823529,0,0.00%,85000,0.10%,05-08-2026,05-08-2026,Market Purchase,06-Aug-2026 16:03:29,https://nsearchives.nseindia.com/corporate/ixbrl/IT_24065_20260806_160329737_WEB.html
BMWVENTLTD,BMW VENTURES LIMITED,SHIVANSH KISHOREPURIA,Promoter Group,2026-08-05,BUY,85000.0,5107928.0,60.09327058823529,0,0.00%,85000,0.10%,05-08-2026,05-08-2026,Market Purchase,06-Aug-2026 15:58:40,https://nsearchives.nseindia.com/corporate/ixbrl/IT_24065_20260806_155840243_WEB.html
BMWVENTLTD,BMW VENTURES LIMITED,SHIVANSH KISHOREPURIA,Promoter Group,2026-08-06,BUY,65000.0,3915213.0,60.23404615384615,85000,0.10%,150000,0.17%,06-08-2026,06-08-2026,Market Purchase,07-Aug-2026 13:32:29,https://nsearchives.nseindia.com/corporate/ixbrl/IT_24065_20260807_133229209_WEB.html
BMWVENTLTD,BMW VENTURES LIMITED,SHIVANSH KISHOREPURIA,Promoter Group,2026-08-16,BUY,185000.0,9958562.0,53.830064864864866,150000,0.17%,335000,0.38%,16-08-2026,16-08-2026,Market Purchase,18-Sep-2026 12:23:46,https://nsearchives.nseindia.com/corporate/ixbrl/IT_24065_20260918_122346377_WEB.html
BMWVENTLTD,BMW VENTURES LIMITED,SHIVANSH KISHOREPURIA,Promoter Group,2026-09-18,BUY,56504.0,2958659.0,52.36193897777149,335000,0.38%,391504,0.45%,18-09-2026,18-09-2026,Market Purchase,19-Sep-2026 12:34:23,https://nsearchives.nseindia.com/corporate/ixbrl/IT_24065_20260919_123422952_WEB.html
BMWVENTLTD,BMW VENTURES LIMITED,SHIVANSH KISHOREPURIA,Promoter Group,2026-09-21,BUY,39559.0,2064491.0,52.187643772592835,391504,0.45%,431063,0.49%,21-09-2026,21-09-2026,Market Purchase,22-Sep-2026 13:05:16,https://nsearchives.nseindia.com/corporate/ixbrl/IT_24065_20260922_130516408_WEB.html
BMWVENTLTD,BMW VENTURES LIMITED,SHIVANSH KISHOREPURIA,Promoter Group,2026-09-22,BUY,95437.0,4986682.0,52.251034713999815,431063,0.49%,526500,0.60%,22-09-2026,22-09-2026,Market Purchase,23-Sep-2026 13:49:55,https://nsearchives.nseindia.com/corporate/ixbrl/IT_24065_20260923_134955496_WEB.html
CHEMBOND,CHEMBOND MATERIAL TECHNOLOGIES LIMITED,Raunaq Sameer Shah,Promoter Group,2026-09-03,BUY,2710.0,461947.0,170.46014760147602,16210,0.12%,18920,0.14%,03-09-2026,03-09-2026,Market Purchase,07-Sep-2026 14:21:56,https://nsearchives.nseindia.com/corporate/ixbrl/IT_17634_20260907_142156662_WEB.html
CHEMBOND,CHEMBOND MATERIAL TECHNOLOGIES LIMITED,Raunaq Sameer Shah,Promoter Group,2026-09-03,BUY,2710.0,461947.0,170.46014760147602,16210,0.12%,18920,0.14%,03-09-2026,03-09-2026,Market Purchase,07-Sep-2026 14:21:20,https://nsearchives.nseindia.com/corporate/ixbrl/IT_17634_20260907_142120693_WEB.html
CHEMBOND,CHEMBOND MATERIAL TECHNOLOGIES LIMITED,S an N Ventures Private Limited,Promoter Group,2026-09-03,BUY,12310.0,2098240.0,170.45004061738425,262200,1.95%,274510,2.04%,03-09-2026,03-09-2026,Market Purchase,07-Sep-2026 14:21:56,https://nsearchives.nseindia.com/corporate/ixbrl/IT_17634_20260907_142156662_WEB.html
CHEMBOND,CHEMBOND MATERIAL TECHNOLOGIES LIMITED,S an N Ventures Private Limited,Promoter Group,2026-09-03,BUY,12310.0,2098240.0,170.45004061738425,262200,1.95%,274510,2.04%,03-09-2026,03-09-2026,Market Purchase,07-Sep-2026 14:21:20,https://nsearchives.nseindia.com/corporate/ixbrl/IT_17634_20260907_142120693_WEB.html
CHEMBONDCH,CHEMBOND CHEMICALS LIMITED,MAMTA N SHAH,Promoter Group,2026-08-06,BUY,20500.0,4715000.0,230.0,186600,0.69%,207100,0.77%,06-08-2026,06-08-2026,Market Purchase,09-Aug-2026 15:09:36,https://nsearchives.nseindia.com/corporate/ixbrl/IT_26029_20260809_150936453_WEB.html
CHEMBONDCH,CHEMBOND CHEMICALS LIMITED,MAMTA N SHAH,Promoter Group,2026-08-06,BUY,20500.0,4715000.0,230.0,186600,0.69%,207100,0.77%,06-08-2026,06-08-2026,Market Purchase,09-Aug-2026 14:50:46,https://nsearchives.nseindia.com/corporate/ixbrl/IT_26029_20260809_145046436_WEB.html
CHEMBONDCH,CHEMBOND CHEMICALS LIMITED,NIRMAL V SHAH,Promoter and Director,2026-08-06,BUY,10000.0,2300000.0,230.0,6996413,26.02%,7006413,26.05%,06-08-2026,06-08-2026,Market Purchase,09-Aug-2026 15:09:36,https://nsearchives.nseindia.com/corporate/ixbrl/IT_26029_20260809_150936453_WEB.html
CHEMBONDCH,CHEMBOND CHEMICALS LIMITED,NIRMAL V SHAH,Promoter and Director,2026-08-06,BUY,10000.0,2300000.0,230.0,6996413,26.02%,7006413,26.05%,06-08-2026,06-08-2026,Market Purchase,09-Aug-2026 14:50:46,https://nsearchives.nseindia.com/corporate/ixbrl/IT_26029_20260809_145046436_WEB.html
CHEMBONDCH,CHEMBOND CHEMICALS LIMITED,NIRMAL V SHAH,Promoter and Director,2026-08-25,BUY,15000.0,4065000.0,271.0,7006413,26.05%,7021413,26.11%,25-08-2026,25-08-2026,Market Purchase,26-Aug-2026 10:06:10,https://nsearchives.nseindia.com/corporate/ixbrl/IT_26029_20260826_100610592_WEB.html
CONFIPET,CONFIDENCE PETROLEUM INDIA LIMITED,CONFIDENCE LPG BOTTLING PRIVATE LIMITED,Promoter Group,2026-06-24,BUY,1120791.0,79609785.0,71.03000024090129,12545698,3.77%,13666489,4.11%,24-06-2026,24-06-2026,Market Purchase,29-Jun-2026 18:58:48,https://nsearchives.nseindia.com/corporate/ixbrl/IT_17510_20260629_185848763_WEB.html
CONFIPET,CONFIDENCE PETROLEUM INDIA LIMITED,CONFIDENCE LPG BOTTLING PRIVATE LIMITED,Promoter Group,2026-06-24,BUY,1120791.0,79609785.0,71.03000024090129,12545698,3.77%,13666489,4.11%,24-06-2026,24-06-2026,Market Purchase,29-Jun-2026 17:58:26,https://nsearchives.nseindia.com/corporate/ixbrl/IT_17510_20260629_175826218_WEB.html
CONFIPET,CONFIDENCE PETROLEUM INDIA LIMITED,CONFIDENCE LPG BOTTLING PRIVATE LIMITED,Promoter Group,2026-06-25,BUY,1400000.0,100632000.0,71.88,13666489,4.11%,15066489,4.53%,25-06-2026,25-06-2026,Market Purchase,30-Jun-2026 18:18:43,https://nsearchives.nseindia.com/corporate/ixbrl/IT_17510_20260630_181843632_WEB.html
CONFIPET,CONFIDENCE PETROLEUM INDIA LIMITED,Essenn LPG Bottling Private Limited,Promoter Group,2026-06-29,BUY,1048000.0,74932000.0,71.5,30437981,9.16%,31485981,9.48%,29-06-2026,29-06-2026,Market Purchase,02-Jul-2026 23:40:51,https://nsearchives.nseindia.com/corporate/ixbrl/IT_17510_20260702_234051087_WEB.html
CONFIPET,CONFIDENCE PETROLEUM INDIA LIMITED,CONFIDENCE LPG BOTTLING PRIVATE LIMITED,Promoter Group,2026-06-30,BUY,1387500.0,101592750.0,73.22,15066489,4.53%,16453989,4.95%,30-06-2026,30-06-2026,Market Purchase,24-Aug-2026 19:34:18,https://nsearchives.nseindia.com/corporate/ixbrl/IT_17510_20260824_193418510_WEB.html
CONFIPET,CONFIDENCE PETROLEUM INDIA LIMITED,Essenn LPG Bottling Private Limited,Promoter Group,2026-06-30,BUY,1026000.0,74939040.0,73.04,31485981,9.48%,32511981,9.79%,30-06-2026,30-06-2026,Market Purchase,02-Jul-2026 23:40:46,https://nsearchives.nseindia.com/corporate/ixbrl/IT_17510_20260702_234046215_WEB.html
CONFIPET,CONFIDENCE PETROLEUM INDIA LIMITED,CONFIDENCE LPG BOTTLING PRIVATE LIMITED,Promoter Group,2026-08-21,BUY,2772372.0,202734295.0,73.12665652372769,16453989,4.95%,19226361,5.79%,19-08-2026,21-08-2026,Market Purchase,24-Aug-2026 19:34:39,https://nsearchives.nseindia.com/corporate/ixbrl/IT_17510_20260824_193439888_WEB.html
CONFIPET,CONFIDENCE PETROLEUM INDIA LIMITED,CONFIDENCE LPG BOTTLING PRIVATE LIMITED,Promoter Group,2026-08-21,BUY,2772372.0,202734295.0,73.12665652372769,16453989,4.95%,19226361,5.79%,19-08-2026,21-08-2026,Market Purchase,24-Aug-2026 19:41:35,https://nsearchives.nseindia.com/corporate/ixbrl/IT_17510_20260824_194135252_WEB.html
CONFIPET,CONFIDENCE PETROLEUM INDIA LIMITED,CONFIDENCE LPG BOTTLING PRIVATE LIMITED,Promoter Group,2026-08-24,BUY,419447.0,30279990.0,72.19026480103565,19226361,5.79%,19645808,5.91%,24-08-2026,24-08-2026,Market Purchase,28-Aug-2026 21:36:16,https://nsearchives.nseindia.com/corporate/ixbrl/IT_17510_20260828_213616323_WEB.html
CONFIPET,CONFIDENCE PETROLEUM INDIA LIMITED,Essenn LPG Bottling Private Limited,Promoter Group,2026-08-26,BUY,746000.0,60232040.0,80.74,32511981,9.79%,33257981,10.01%,26-08-2026,26-08-2026,Market Purchase,28-Aug-2026 21:41:26,https://nsearchives.nseindia.com/corporate/ixbrl/IT_17510_20260828_214126275_WEB.html
CONFIPET,CONFIDENCE PETROLEUM INDIA LIMITED,CONFIDENCE LPG BOTTLING PRIVATE LIMITED,Promoter Group,2026-09-09,BUY,2822258.0,235214695.0,83.34273301732159,19645808,5.91%,22468066,6.76%,07-09-2026,09-09-2026,Market Purchase,10-Sep-2026 11:04:37,https://nsearchives.nseindia.com/corporate/ixbrl/IT_17510_20260910_110437258_WEB.html
DIAMONDYD,Prataap Snacks Limited,Authum Investment & Infrastructure Limited,Promoter,2026-06-25,BUY,8099.0,8827910.0,1090.0,11014501,46.07%,11022600,46.11%,25-06-2026,25-06-2026,Market Purchase,26-Jun-2026 14:48:07,https://nsearchives.nseindia.com/corporate/ixbrl/IT_15510_20260626_144807161_WEB.html
DIAMONDYD,Prataap Snacks Limited,Authum Investment & Infrastructure Limited,Promoter,2026-08-05,BUY,217598.0,254587484.0,1169.9899999080874,11022600,46.11%,11240198,47.01%,05-08-2026,05-08-2026,Market Purchase,06-Aug-2026 19:29:40,https://nsearchives.nseindia.com/corporate/ixbrl/IT_15510_20260806_192940276_WEB.html
DIAMONDYD,Prataap Snacks Limited,Authum Investment & Infrastructure Limited,Promoter,2026-08-06,BUY,7841.0,9134765.0,1165.0,11240198,47.01%,11248039,47.04%,06-08-2026,06-08-2026,Market Purchase,08-Aug-2026 16:44:23,https://nsearchives.nseindia.com/corporate/ixbrl/IT_15510_20260808_164422970_WEB.html
DIAMONDYD,Prataap Snacks Limited,Authum Investment & Infrastructure Limited,Promoter,2026-08-07,BUY,273968.0,323243885.0,1179.860001898032,11248039,47.04%,11522007,48.19%,07-08-2026,07-08-2026,Market Purchase,11-Aug-2026 17:51:19,https://nsearchives.nseindia.com/corporate/ixbrl/IT_15510_20260811_175119465_WEB.html
DOLLAR,DOLLAR INDUSTRIES LIMITED,VK Mercantile Private Limited,Promoter Group,2026-06-24,BUY,55000.0,14833500.0,269.7,8004670,14.11%,8059670,14.21%,24-06-2026,24-06-2026,Market Purchase,25-Jun-2026 17:59:15,https://nsearchives.nseindia.com/corporate/ixbrl/IT_14920_20260625_175915415_WEB.html
EIEL,ENVIRO INFRA ENGINEERS LIMITED,Manish Jain,Promoter and Director,2026-08-31,BUY,7471.0,1464316.0,196.0,48931000,27.88%,48938471,27.88%,31-08-2026,31-08-2026,Market Purchase,01-Sep-2026 16:59:53,https://nsearchives.nseindia.com/corporate/ixbrl/IT_21143_20260901_165953824_WEB.html
EIEL,ENVIRO INFRA ENGINEERS LIMITED,MANISH JAIN,Promoter and Director,2026-09-01,BUY,40000.0,7691600.0,192.29,48938471,27.88%,48978471,27.90%,01-09-2026,01-09-2026,Market Purchase,03-Sep-2026 16:29:20,https://nsearchives.nseindia.com/corporate/ixbrl/IT_21143_20260903_162920238_WEB.html
EIEL,ENVIRO INFRA ENGINEERS LIMITED,MANISH JAIN,Promoter and Director,2026-09-02,BUY,22529.0,4274878.0,189.75001109680855,48978471,27.90%,49001000,27.92%,02-09-2026,02-09-2026,Market Purchase,03-Sep-2026 16:29:20,https://nsearchives.nseindia.com/corporate/ixbrl/IT_21143_20260903_162920238_WEB.html
GANDHAR,GANDHAR OIL REFINERY (INDIA) LIMITED,Ramesh Babulal Parekh,Promoter and Director,2026-09-07,BUY,19000.0,5079101.0,267.3211052631579,28139627,28.74%,28158627,28.76%,07-09-2026,07-09-2026,Market Purchase,09-Sep-2026 20:29:30,https://nsearchives.nseindia.com/corporate/ixbrl/IT_21453_20260909_202930268_WEB.html
GANDHAR,GANDHAR OIL REFINERY (INDIA) LIMITED,Ramesh Babulal Parekh,Promoter and Director,2026-09-08,BUY,31000.0,8198905.0,264.4808064516129,28158627,28.76%,28189627,28.79%,08-09-2026,08-09-2026,Market Purchase,09-Sep-2026 20:29:30,https://nsearchives.nseindia.com/corporate/ixbrl/IT_21453_20260909_202930268_WEB.html
GANESHCP,GANESH CONSUMER PRODUCTS LIMITED,Manish Mimani,Promoter and Director,2026-06-23,BUY,50000.0,10000475.0,200.0095,2610657,6.46%,2660657,6.58%,23-06-2026,23-06-2026,Market Purchase,26-Jun-2026 12:06:11,https://nsearchives.nseindia.com/corporate/ixbrl/IT_25074_20260626_120611461_WEB.html
GANESHCP,GANESH CONSUMER PRODUCTS LIMITED,Manish Mimani,Promoter and Director,2026-06-30,BUY,31100.0,5997467.0,192.84459807073955,2660657,6.58%,2691757,6.66%,30-06-2026,30-06-2026,Market Purchase,03-Jul-2026 11:51:02,https://nsearchives.nseindia.com/corporate/ixbrl/IT_25074_20260703_115102118_WEB.html
GANESHCP,GANESH CONSUMER PRODUCTS LIMITED,Manish Mimani,Promoter and Director,2026-08-25,BUY,30200.0,4991046.0,165.2664238410596,2691757,6.66%,2721957,6.74%,25-08-2026,25-08-2026,Market Purchase,28-Aug-2026 11:24:00,https://nsearchives.nseindia.com/corporate/ixbrl/IT_25074_20260828_112400421_WEB.html
GANESHCP,GANESH CONSUMER PRODUCTS LIMITED,Manish Mimani,Promoter and Director,2026-09-02,BUY,18000.0,3009963.0,167.22016666666667,2721957,6.74%,2739957,6.78%,02-09-2026,02-09-2026,Market Purchase,04-Sep-2026 11:36:05,https://nsearchives.nseindia.com/corporate/ixbrl/IT_25074_20260904_113605225_WEB.html
GOKUL,GOKUL REFOILS AND SOLVENT LIMITED,Bhikhiben Balvantsinh Rajput,Promoter,2026-08-20,BUY,2250.0,91098.0,40.488,22779000,23.01%,22781250,23.01%,20-08-2026,20-08-2026,Market Purchase,21-Aug-2026 18:11:36,https://nsearchives.nseindia.com/corporate/ixbrl/IT_2754_20260821_181136807_WEB.html
GOKUL,GOKUL REFOILS AND SOLVENT LIMITED,Bhikhiben Balvantsinh Rajput,Promoter,2026-08-20,BUY,7500.0,304146.0,40.5528,22781250,23.01%,22788750,23.02%,20-08-2026,20-08-2026,Market Purchase,21-Aug-2026 18:11:36,https://nsearchives.nseindia.com/corporate/ixbrl/IT_2754_20260821_181136807_WEB.html
GOKUL,GOKUL REFOILS AND SOLVENT LIMITED,Bhikhiben Balvantsinh Rajput,Promoter,2026-08-21,BUY,27257.0,1151863.0,42.25934622298859,22788750,23.02%,22816007,23.05%,21-08-2026,21-08-2026,Market Purchase,25-Aug-2026 12:49:10,https://nsearchives.nseindia.com/corporate/ixbrl/IT_2754_20260825_124910470_WEB.html
GOKUL,GOKUL REFOILS AND SOLVENT LIMITED,Bhikhiben Balvantsinh Rajput,Promoter,2026-08-21,BUY,55243.0,2329970.0,42.17674637510635,22816007,23.05%,22871250,23.10%,21-08-2026,21-08-2026,Market Purchase,25-Aug-2026 12:49:10,https://nsearchives.nseindia.com/corporate/ixbrl/IT_2754_20260825_124910470_WEB.html
GOKUL,GOKUL REFOILS AND SOLVENT LIMITED,Bhikhiben Balvantsinh Rajput,Promoter,2026-08-24,BUY,20000.0,904186.0,45.2093,22871250,23.10%,22891250,23.12%,24-08-2026,24-08-2026,Market Purchase,26-Aug-2026 12:03:53,https://nsearchives.nseindia.com/corporate/ixbrl/IT_2754_20260826_120353444_WEB.html
GOKUL,GOKUL REFOILS AND SOLVENT LIMITED,Bhikhiben Balvantsinh Rajput,Promoter,2026-08-24,BUY,60000.0,2706348.0,45.1058,22891250,23.12%,22951250,23.18%,24-08-2026,24-08-2026,Market Purchase,26-Aug-2026 12:03:53,https://nsearchives.nseindia.com/corporate/ixbrl/IT_2754_20260826_120353444_WEB.html
GOKUL,GOKUL REFOILS AND SOLVENT LIMITED,Bhikhiben Balvantsinh Rajput,Promoter,2026-08-25,BUY,707.0,31188.0,44.113154172560115,22951250,23.18%,22951957,23.18%,25-08-2026,25-08-2026,Market Purchase,27-Aug-2026 11:25:10,https://nsearchives.nseindia.com/corporate/ixbrl/IT_2754_20260827_112510291_WEB.html
GOKUL,GOKUL REFOILS AND SOLVENT LIMITED,Bhikhiben Balvantsinh Rajput,Promoter,2026-08-26,BUY,3650.0,162818.0,44.60767123287671,22951957,23.18%,22955607,23.19%,26-08-2026,26-08-2026,Market Purchase,27-Aug-2026 22:07:16,https://nsearchives.nseindia.com/corporate/ixbrl/IT_2754_20260827_220716089_WEB.html
GOKUL,GOKUL REFOILS AND SOLVENT LIMITED,Bhikhiben Balvantsinh Rajput,Promoter,2026-09-01,BUY,25000.0,1040110.0,41.6044,22955607,23.19%,22980607,23.21%,01-09-2026,01-09-2026,Market Purchase,02-Sep-2026 16:59:41,https://nsearchives.nseindia.com/corporate/ixbrl/IT_2754_20260902_165941294_WEB.html
GOKUL,GOKUL REFOILS AND SOLVENT LIMITED,Bhikhiben Balvantsinh Rajput,Promoter,2026-09-01,BUY,77000.0,3214871.0,41.75157142857143,22980607,23.19%,23057607,23.29%,01-09-2026,01-09-2026,Market Purchase,02-Sep-2026 16:59:41,https://nsearchives.nseindia.com/corporate/ixbrl/IT_2754_20260902_165941294_WEB.html
GOKUL,GOKUL REFOILS AND SOLVENT LIMITED,Bhikhiben Balvantsinh Rajput,Promoter,2026-09-02,BUY,15000.0,618851.0,41.25673333333334,23057607,23.29%,23072607,23.31%,02-09-2026,02-09-2026,Market Purchase,03-Sep-2026 18:22:12,https://nsearchives.nseindia.com/corporate/ixbrl/IT_2754_20260903_182212602_WEB.html
GOKUL,GOKUL REFOILS AND SOLVENT LIMITED,Bhikhiben Balvantsinh Rajput,Promoter,2026-09-02,BUY,35000.0,1443317.0,41.23762857142857,23072607,23.29%,23107607,23.34%,02-09-2026,02-09-2026,Market Purchase,03-Sep-2026 18:22:12,https://nsearchives.nseindia.com/corporate/ixbrl/IT_2754_20260903_182212602_WEB.html
GOKUL,GOKUL REFOILS AND SOLVENT LIMITED,Bhikhiben Balvantsinh Rajput,Promoter,2026-09-02,BUY,15000.0,618851.0,41.25673333333334,23057607,23.29%,23072607,23.31%,02-09-2026,02-09-2026,Market Purchase,03-Sep-2026 18:35:58,https://nsearchives.nseindia.com/corporate/ixbrl/IT_2754_20260903_183558735_WEB.html
GOKUL,GOKUL REFOILS AND SOLVENT LIMITED,Bhikhiben Balvantsinh Rajput,Promoter,2026-09-02,BUY,35000.0,1443317.0,41.23762857142857,23072607,23.29%,23107607,23.34%,02-09-2026,02-09-2026,Market Purchase,03-Sep-2026 18:35:58,https://nsearchives.nseindia.com/corporate/ixbrl/IT_2754_20260903_183558735_WEB.html
GOKUL,GOKUL REFOILS AND SOLVENT LIMITED,Bhikhiben Balvantsinh Rajput,Promoter,2026-09-02,BUY,15000.0,618851.0,41.25673333333334,23057607,23.29%,23072607,23.31%,02-09-2026,02-09-2026,Market Purchase,03-Sep-2026 18:21:18,https://nsearchives.nseindia.com/corporate/ixbrl/IT_2754_20260903_182118802_WEB.html
GOKUL,GOKUL REFOILS AND SOLVENT LIMITED,Bhikhiben Balvantsinh Rajput,Promoter,2026-09-02,BUY,35000.0,1443317.0,41.23762857142857,23072607,23.29%,23107607,23.34%,02-09-2026,02-09-2026,Market Purchase,03-Sep-2026 18:21:18,https://nsearchives.nseindia.com/corporate/ixbrl/IT_2754_20260903_182118802_WEB.html
GOKUL,GOKUL REFOILS AND SOLVENT LIMITED,Bhikhiben Balvantsinh Rajput,Promoter,2026-09-02,BUY,15000.0,618851.0,41.25673333333334,23057607,23.29%,23072607,23.31%,02-09-2026,02-09-2026,Market Purchase,03-Sep-2026 18:42:21,https://nsearchives.nseindia.com/corporate/ixbrl/IT_2754_20260903_184221618_WEB.html
GOKUL,GOKUL REFOILS AND SOLVENT LIMITED,Bhikhiben Balvantsinh Rajput,Promoter,2026-09-02,BUY,35000.0,1443317.0,41.23762857142857,23072607,23.29%,23107607,23.34%,02-09-2026,02-09-2026,Market Purchase,03-Sep-2026 18:42:21,https://nsearchives.nseindia.com/corporate/ixbrl/IT_2754_20260903_184221618_WEB.html
GOKUL,GOKUL REFOILS AND SOLVENT LIMITED,Bhikhiben Balvantsinh Rajput,Promoter,2026-09-02,BUY,15000.0,618851.0,41.25673333333334,23057607,23.29%,23072607,23.31%,02-09-2026,02-09-2026,Market Purchase,03-Sep-2026 18:20:30,https://nsearchives.nseindia.com/corporate/ixbrl/IT_2754_20260903_182030604_WEB.html
GOKUL,GOKUL REFOILS AND SOLVENT LIMITED,Bhikhiben Balvantsinh Rajput,Promoter,2026-09-02,BUY,35000.0,1443317.0,41.23762857142857,23072607,23.29%,23107607,23.34%,02-09-2026,02-09-2026,Market Purchase,03-Sep-2026 18:20:30,https://nsearchives.nseindia.com/corporate/ixbrl/IT_2754_20260903_182030604_WEB.html
GRMOVER,GRM OVERSEAS LIMITED,Mamta Garg,Promoter and Director,2026-06-24,BUY,150000.0,13682958.0,91.21972,41848924,20.20%,41998924,20.27%,24-06-2026,24-06-2026,Market Purchase,29-Jun-2026 18:38:21,https://nsearchives.nseindia.com/corporate/ixbrl/IT_20861_20260629_183821311_WEB.html
GRMOVER,GRM OVERSEAS LIMITED,Mamta Garg,Promoter and Director,2026-06-24,BUY,150000.0,13682958.0,91.21972,41848924,20.20%,41998924,20.27%,24-06-2026,24-06-2026,Market Purchase,29-Jun-2026 18:42:32,https://nsearchives.nseindia.com/corporate/ixbrl/IT_20861_20260629_184232799_WEB.html
HEXAGON,HEXAGON NUTRITION LIMITED,DR. NIKHIL KELKAR,Promoter,2026-08-17,BUY,16400.0,1050131.0,64.03237804878049,21216068,17.26%,21232468,17.27%,17-08-2026,17-08-2026,Market Purchase,19-Aug-2026 17:36:24,https://nsearchives.nseindia.com/corporate/ixbrl/IT_20301_20260819_173624881_WEB.html
HEXAGON,HEXAGON NUTRITION LIMITED,DR. NIKHIL KELKAR,Promoter,2026-08-17,BUY,16400.0,1050131.0,64.03237804878049,21216068,17.26%,21232468,17.27%,17-08-2026,17-08-2026,Market Purchase,19-Aug-2026 17:10:14,https://nsearchives.nseindia.com/corporate/ixbrl/IT_20301_20260819_171014866_WEB.html
HEXAGON,HEXAGON NUTRITION LIMITED,MR. VIKRAM KELKAR,Promoter,2026-08-17,BUY,16300.0,1044058.0,64.05263803680981,25945044,21.11%,25961344,21.12%,17-08-2026,17-08-2026,Market Purchase,19-Aug-2026 17:36:24,https://nsearchives.nseindia.com/corporate/ixbrl/IT_20301_20260819_173624881_WEB.html
HEXAGON,HEXAGON NUTRITION LIMITED,MR. VIKRAM KELKAR,Promoter,2026-08-17,BUY,16300.0,1044058.0,64.05263803680981,25945044,21.11%,25961344,21.12%,17-08-2026,17-08-2026,Market Purchase,19-Aug-2026 17:10:14,https://nsearchives.nseindia.com/corporate/ixbrl/IT_20301_20260819_171014866_WEB.html
HEXAGON,HEXAGON NUTRITION LIMITED,MS. ANURADHA KELKAR,Promoter Group,2026-08-17,BUY,15000.0,960728.0,64.04853333333334,9053059,7.37%,9068059,7.38%,17-08-2026,17-08-2026,Market Purchase,19-Aug-2026 17:36:24,https://nsearchives.nseindia.com/corporate/ixbrl/IT_20301_20260819_173624881_WEB.html
HEXAGON,HEXAGON NUTRITION LIMITED,MS. ANURADHA KELKAR,Promoter Group,2026-08-17,BUY,15000.0,960728.0,64.04853333333334,9053059,7.37%,9068059,7.38%,17-08-2026,17-08-2026,Market Purchase,19-Aug-2026 17:10:14,https://nsearchives.nseindia.com/corporate/ixbrl/IT_20301_20260819_171014866_WEB.html
HEXAGON,HEXAGON NUTRITION LIMITED,DR. NIKHIL KELKAR,Promoter and Director,2026-09-16,BUY,10000.0,647207.0,64.7207,21232468,17.27%,21242468,17.28%,16-09-2026,16-09-2026,Market Purchase,19-Sep-2026 15:13:09,https://nsearchives.nseindia.com/corporate/ixbrl/IT_20301_20260919_151308904_WEB.html
HEXAGON,HEXAGON NUTRITION LIMITED,MS. ANURADHA KELKAR,Promoter Group,2026-09-16,BUY,5000.0,325785.0,65.157,9068059,7.37%,9073059,7.38%,16-09-2026,16-09-2026,Market Purchase,19-Sep-2026 15:13:09,https://nsearchives.nseindia.com/corporate/ixbrl/IT_20301_20260919_151308904_WEB.html
HEXAGON,HEXAGON NUTRITION LIMITED,MR. VIKRAM KELKAR,Promoter and Director,2026-09-17,BUY,10000.0,651548.0,65.1548,25961344,21.12%,25971344,21.13%,17-09-2026,17-09-2026,Market Purchase,19-Sep-2026 15:13:09,https://nsearchives.nseindia.com/corporate/ixbrl/IT_20301_20260919_151308904_WEB.html
HEXAGON,HEXAGON NUTRITION LIMITED,MS. ANURADHA KELKAR,Promoter Group,2026-09-17,BUY,5000.0,325962.0,65.1924,9073059,7.38%,9078059,7.38%,17-09-2026,17-09-2026,Market Purchase,19-Sep-2026 15:13:09,https://nsearchives.nseindia.com/corporate/ixbrl/IT_20301_20260919_151308904_WEB.html
HEXAGON,HEXAGON NUTRITION LIMITED,Ms Preeti Vikram Kelkar,Promoter Group,2026-09-17,BUY,5000.0,324834.0,64.9668,0,0.00%,5000,0.00%,17-09-2026,17-09-2026,Market Purchase,19-Sep-2026 15:13:09,https://nsearchives.nseindia.com/corporate/ixbrl/IT_20301_20260919_151308904_WEB.html
HEXAGON,HEXAGON NUTRITION LIMITED,DR. NIKHIL KELKAR,Promoter and Director,2026-09-18,BUY,5000.0,325785.0,65.157,21242468,17.28%,21247468,17.29%,18-09-2026,18-09-2026,Market Purchase,19-Sep-2026 15:13:09,https://nsearchives.nseindia.com/corporate/ixbrl/IT_20301_20260919_151308904_WEB.html
HINDCON,Hindcon Chemicals Limited,Nilima Goenka,Promoter,2026-08-20,BUY,5000.0,110100.0,22.02,7349470,14.36%,7354470,14.37%,20-08-2026,20-08-2026,Market Purchase,22-Aug-2026 16:22:29,https://nsearchives.nseindia.com/corporate/ixbrl/IT_15847_20260822_162229535_WEB.html
HINDCON,Hindcon Chemicals Limited,Sanjay Goenka,Promoter,2026-08-20,BUY,6722.0,147871.0,21.998066051770305,9723278,18.99%,9730000,19.00%,20-08-2026,20-08-2026,Market Purchase,22-Aug-2026 16:22:29,https://nsearchives.nseindia.com/corporate/ixbrl/IT_15847_20260822_162229535_WEB.html
HINDCON,Hindcon Chemicals Limited,Hindcon Solutions Private Limited,Promoter Group,2026-08-21,BUY,1058.0,23441.0,22.155954631379963,12668655,24.75%,12669713,24.75%,21-08-2026,21-08-2026,Market Purchase,22-Aug-2026 16:22:29,https://nsearchives.nseindia.com/corporate/ixbrl/IT_15847_20260822_162229535_WEB.html
HINDCON,Hindcon Chemicals Limited,Hindcon Solutions Private Limited,Promoter,2026-08-24,BUY,3675.0,80925.0,22.020408163265305,12669713,24.75%,12673388,24.76%,24-08-2026,24-08-2026,Market Purchase,25-Aug-2026 15:44:20,https://nsearchives.nseindia.com/corporate/ixbrl/IT_15847_20260825_154420438_WEB.html
HINDCON,Hindcon Chemicals Limited,Hindcon Solutions Private Limited,Promoter,2026-08-28,BUY,4714.0,107542.0,22.813322019516335,12673388,24.76%,12678102,24.77%,28-08-2026,28-08-2026,Market Purchase,31-Aug-2026 14:42:43,https://nsearchives.nseindia.com/corporate/ixbrl/IT_15847_20260831_144243248_WEB.html
HINDCON,Hindcon Chemicals Limited,Hindcon Solutions Private Limited,Promoter,2026-08-31,BUY,4018.0,90824.0,22.604280736684917,12678102,24.77%,12682120,24.78%,31-08-2026,31-08-2026,Market Purchase,02-Sep-2026 12:11:45,https://nsearchives.nseindia.com/corporate/ixbrl/IT_15847_20260902_121145881_WEB.html
HINDCON,Hindcon Chemicals Limited,SANJAY GOENKA,Promoter,2026-09-02,BUY,2500.0,58035.0,23.214,9730000,19.01%,9732500,19.01%,02-09-2026,02-09-2026,Market Purchase,03-Sep-2026 16:50:13,https://nsearchives.nseindia.com/corporate/ixbrl/IT_15847_20260903_165013237_WEB.html
HINDCON,Hindcon Chemicals Limited,HINDCON SOLUTIONS PRIVATE LIMITED,Promoter,2026-09-04,BUY,2000.0,47840.0,23.92,12682120,24.78%,12684120,24.78%,04-09-2026,04-09-2026,Market Purchase,05-Sep-2026 16:34:48,https://nsearchives.nseindia.com/corporate/ixbrl/IT_15847_20260905_163448920_WEB.html
HINDCON,Hindcon Chemicals Limited,HINDCON SOLUTIONS PRIVATE LIMITED,Promoter,2026-09-11,BUY,1859.0,43545.0,23.423883808499195,12684120,24.78%,12685979,24.78%,11-09-2026,11-09-2026,Market Purchase,12-Sep-2026 15:52:05,https://nsearchives.nseindia.com/corporate/ixbrl/IT_15847_20260912_155205612_WEB.html
HINDCON,Hindcon Chemicals Limited,SANJAY GOENKA,Promoter,2026-09-16,BUY,5000.0,119751.0,23.9502,9732500,19.01%,9737500,19.02%,16-09-2026,16-09-2026,Market Purchase,17-Sep-2026 14:28:21,https://nsearchives.nseindia.com/corporate/ixbrl/IT_15847_20260917_142821469_WEB.html
HINDCON,Hindcon Chemicals Limited,Hindcon Solutions Pvt Ltd,Promoter,2026-09-17,BUY,27000.0,642624.0,23.80088888888889,12685979,24.78%,12712979,24.83%,17-09-2026,17-09-2026,Market Purchase,19-Sep-2026 15:17:14,https://nsearchives.nseindia.com/corporate/ixbrl/IT_15847_20260919_151714719_WEB.html
HINDCON,Hindcon Chemicals Limited,Nilima Goenka,Promoter,2026-09-17,BUY,1000.0,23020.0,23.02,7354470,14.37%,7355470,14.37%,17-09-2026,17-09-2026,Market Purchase,19-Sep-2026 15:17:14,https://nsearchives.nseindia.com/corporate/ixbrl/IT_15847_20260919_151714719_WEB.html
HINDCON,Hindcon Chemicals Limited,Sanjay Goenka,Promoter,2026-09-17,BUY,2000.0,47559.0,23.7795,9737500,19.02%,9739500,19.03%,17-09-2026,17-09-2026,Market Purchase,19-Sep-2026 15:17:14,https://nsearchives.nseindia.com/corporate/ixbrl/IT_15847_20260919_151714719_WEB.html
HINDCON,Hindcon Chemicals Limited,Vansh Goenka,Promoter,2026-09-17,BUY,2000.0,47640.0,23.82,2935586,5.74%,2937586,5.74%,17-09-2026,17-09-2026,Market Purchase,19-Sep-2026 15:17:14,https://nsearchives.nseindia.com/corporate/ixbrl/IT_15847_20260919_151714719_WEB.html
HINDCON,Hindcon Chemicals Limited,Hindcon Solutions Pvt Ltd,Promoter,2026-09-18,BUY,1025.0,24484.0,23.886829268292683,12712979,24.83%,12714004,24.84%,18-09-2026,18-09-2026,Market Purchase,19-Sep-2026 15:17:14,https://nsearchives.nseindia.com/corporate/ixbrl/IT_15847_20260919_151714719_WEB.html
HINDCON,Hindcon Chemicals Limited,Hindcon Solutions Pvt Ltd,Promoter,2026-09-22,BUY,15000.0,374546.0,24.969733333333334,12714004,24.84%,12729004,24.87%,22-09-2026,22-09-2026,Market Purchase,24-Sep-2026 12:34:51,https://nsearchives.nseindia.com/corporate/ixbrl/IT_15847_20260924_123451262_WEB.html
HINDCON,Hindcon Chemicals Limited,Hindcon Solutions Pvt Ltd,Promoter,2026-09-23,BUY,1146.0,28656.0,25.005235602094242,12729004,24.87%,12730150,24.87%,23-09-2026,23-09-2026,Market Purchase,24-Sep-2026 12:34:51,https://nsearchives.nseindia.com/corporate/ixbrl/IT_15847_20260924_123451262_WEB.html
INDORAMA,INDO RAMA SYNTHETICS (INDIA) LIMITED,URMILA LOHIA,Promoter,2026-09-08,BUY,217137.0,16096417.0,74.1302357497801,54209930,20.76%,54427067,20.84%,08-09-2026,08-09-2026,Market Purchase,10-Sep-2026 14:54:48,https://nsearchives.nseindia.com/corporate/ixbrl/IT_2141_20260910_145448458_WEB.html
INDORAMA,INDO RAMA SYNTHETICS (INDIA) LIMITED,URMILA LOHIA,Promoter,2026-09-09,BUY,197659.0,15297171.0,77.39172514279643,54427067,20.84%,54624726,20.92%,09-09-2026,09-09-2026,Market Purchase,10-Sep-2026 14:54:48,https://nsearchives.nseindia.com/corporate/ixbrl/IT_2141_20260910_145448458_WEB.html
JAYAGROGN,Jayant Agro-Organics Limited,Sanjhali Potdar,Promoter Group,2026-09-21,BUY,6997.0,1637629.0,234.0473059882807,450,0.00%,7447,0.02%,21-09-2026,21-09-2026,Market Purchase,23-Sep-2026 19:39:37,https://nsearchives.nseindia.com/corporate/ixbrl/IT_1351_20260923_193937870_WEB.html
JAYAGROGN,Jayant Agro-Organics Limited,Sanjhali Potdar,Promoter Group,2026-09-22,BUY,4823.0,1132574.0,234.8277006012855,7447,0.02%,12270,0.04%,22-09-2026,22-09-2026,Market Purchase,23-Sep-2026 19:39:37,https://nsearchives.nseindia.com/corporate/ixbrl/IT_1351_20260923_193937870_WEB.html
JAYAGROGN,Jayant Agro-Organics Limited,Sanjhali Potdar,Promoter Group,2026-09-23,BUY,961.0,225674.0,234.8324661810614,12270,0.04%,13231,0.04%,23-09-2026,23-09-2026,Market Purchase,24-Sep-2026 17:49:26,https://nsearchives.nseindia.com/corporate/ixbrl/IT_1351_20260924_174926146_WEB.html
JINDALSTEL,Jindal Steel Limited,JSL Overseas Limited,Promoter Group,2026-07-07,OTHER,750000.0,776550000.0,1035.4,6529360,0.64%,6529360,0.64%,07-07-2026,07-07-2026,Pledge Release,10-Jul-2026 18:19:38,https://nsearchives.nseindia.com/corporate/ixbrl/IT_1816_20260710_181938513_WEB.html
JINDALSTEL,JINDAL STEEL LIMITED,Sarika Jhunjhnuwala,Promoter Group,2026-08-25,SELL,95000.0,108203920.0,1138.9886315789474,477400,0.05%,382400,0.04%,24-08-2026,25-08-2026,Market Sale,28-Aug-2026 18:43:30,https://nsearchives.nseindia.com/corporate/ixbrl/IT_1816_20260828_184330314_WEB.html
JINDALSTEL,JINDAL STEEL LIMITED,Sarika Jhunjhnuwala,Promoter Group,2026-09-03,BUY,79600.0,92111332.0,1157.1775376884423,382400,0.04%,462000,0.04%,02-09-2026,03-09-2026,Market Purchase,06-Sep-2026 23:53:28,https://nsearchives.nseindia.com/corporate/ixbrl/IT_1816_20260906_235328373_WEB.html
KABRAEXTRU,KABRA EXTRUSION TECHNIK LIMITED,Anand Kabra,Promoter,2026-06-25,BUY,83000.0,20182173.0,243.15871084337348,6572705,18.79%,6655705,19.03%,24-06-2026,25-06-2026,Market Purchase,26-Jun-2026 17:39:19,https://nsearchives.nseindia.com/corporate/ixbrl/IT_690_20260626_173919813_WEB.html
KABRAEXTRU,KABRA EXTRUSION TECHNIK LIMITED,Ekta Kabra,Promoter,2026-06-25,BUY,67116.0,16355786.0,243.6942904821503,3476250,9.94%,3543366,10.13%,24-06-2026,25-06-2026,Market Purchase,26-Jun-2026 17:39:19,https://nsearchives.nseindia.com/corporate/ixbrl/IT_690_20260626_173919813_WEB.html
KABRAEXTRU,KABRA EXTRUSION TECHNIK LIMITED,Kolsite Corporation LLP,Promoter Group,2026-06-25,SELL,166000.0,40279632.0,242.64838554216868,3389995,9.69%,3223995,9.22%,24-06-2026,25-06-2026,Market Sale,26-Jun-2026 17:39:19,https://nsearchives.nseindia.com/corporate/ixbrl/IT_690_20260626_173919813_WEB.html
LAOPALA,LA OPALA RG LIMITED,GENESIS EXPORTS PRIVATE LIMITED,Promoter,2026-09-16,BUY,200000.0,32071613.0,160.358065,52250000,47.07%,52450000,47.25%,15-09-2026,16-09-2026,Market Purchase,17-Sep-2026 16:59:38,https://nsearchives.nseindia.com/corporate/ixbrl/IT_2553_20260917_165938510_WEB.html
LAOPALA,LA OPALA RG LIMITED,GENESIS EXPORTS PRIVATE LIMITED,Promoter,2026-09-17,BUY,50000.0,7834435.0,156.6887,52450000,47.25%,52500000,47.30%,17-09-2026,17-09-2026,Market Purchase,18-Sep-2026 15:46:46,https://nsearchives.nseindia.com/corporate/ixbrl/IT_2553_20260918_154646684_WEB.html
MAHSEAMLES,Maharashtra Seamless Limited,Odd & Even Trades & Finance Limited,Promoter Group,2026-06-30,BUY,1659700.0,1026988804.0,618.7797818882931,24388633,18.20%,26048333,19.44%,29-06-2026,30-06-2026,Market Purchase,01-Jul-2026 10:46:47,https://nsearchives.nseindia.com/corporate/ixbrl/IT_263_20260701_104647046_WEB.html
MAHSEAMLES,Maharashtra Seamless Limited,Saket Jindal,Promoter,2026-06-30,SELL,1629700.0,1007459825.0,618.1872890716082,3940194,2.94%,2310494,1.72%,29-06-2026,30-06-2026,Market Sale,01-Jul-2026 10:46:47,https://nsearchives.nseindia.com/corporate/ixbrl/IT_263_20260701_104647046_WEB.html
MANINFRA,MAN INFRACONSTRUCTION LIMITED,Parag K. Shah,Promoter and Director,2026-06-25,BUY,250000.0,26297500.0,105.19,119746405,29.66%,119996405,29.72%,25-06-2026,25-06-2026,Market Purchase,29-Jun-2026 10:03:32,https://nsearchives.nseindia.com/corporate/ixbrl/IT_3094_20260629_100332585_WEB.html
MANINFRA,MAN INFRACONSTRUCTION LIMITED,Parag K. Shah,Promoter and Director,2026-06-25,BUY,250000.0,26297500.0,105.19,119746405,29.66%,119996405,29.72%,25-06-2026,25-06-2026,Market Purchase,29-Jun-2026 09:19:14,https://nsearchives.nseindia.com/corporate/ixbrl/IT_3094_20260629_091914135_WEB.html
MANINFRA,MAN INFRACONSTRUCTION LIMITED,Parag K. Shah,Promoter and Director,2026-06-25,BUY,250000.0,26297500.0,105.19,119746405,29.66%,119996405,29.72%,25-06-2026,25-06-2026,Market Purchase,29-Jun-2026 09:18:47,https://nsearchives.nseindia.com/corporate/ixbrl/IT_3094_20260629_091847271_WEB.html
NPST,NETWORK PEOPLE SERVICES TECHNOLOGIES LIMITED,ASHISH AGGARWAL,Promoter and Director,2026-06-25,BUY,30491.0,48023325.0,1575.0,3786470,18.15%,3816961,18.29%,25-06-2026,25-06-2026,Market Purchase,16-Sep-2026 16:38:02,https://nsearchives.nseindia.com/corporate/ixbrl/IT_19148_20260916_163802378_WEB.html
NPST,NETWORK PEOPLE SERVICES TECHNOLOGIES LIMITED,ASHISH AGGARWAL,Promoter and Director,2026-06-25,BUY,30491.0,48023325.0,1575.0,3786470,18.15%,3816961,18.29%,25-06-2026,25-06-2026,Market Purchase,16-Sep-2026 16:34:56,https://nsearchives.nseindia.com/corporate/ixbrl/IT_19148_20260916_163456581_WEB.html
NPST,NETWORK PEOPLE SERVICES TECHNOLOGIES LIMITED,ASHISH AGGARWAL,Promoter and Director,2026-06-25,BUY,30491.0,1575.0,0.05165458659932439,3786470,18.15%,3816961,18.29%,25-06-2026,25-06-2026,Market Purchase,01-Jul-2026 17:34:08,https://nsearchives.nseindia.com/corporate/ixbrl/IT_19148_20260701_173408099_WEB.html
NPST,NETWORK PEOPLE SERVICES TECHNOLOGIES LIMITED,ASHISH AGGARWAL,Promoter and Director,2026-06-25,BUY,30491.0,1575.0,0.05165458659932439,3786470,18.15%,3816961,18.29%,25-06-2026,25-06-2026,Market Purchase,01-Jul-2026 17:33:31,https://nsearchives.nseindia.com/corporate/ixbrl/IT_19148_20260701_173331220_WEB.html
NPST,NETWORK PEOPLE SERVICES TECHNOLOGIES LIMITED,DEEPAK CHAND THAKUR,Promoter and Director,2026-06-25,BUY,1246.0,1972119.0,1582.7600321027287,3789487,18.16%,3790733,18.17%,25-06-2026,25-06-2026,Market Purchase,16-Sep-2026 16:38:02,https://nsearchives.nseindia.com/corporate/ixbrl/IT_19148_20260916_163802378_WEB.html
NPST,NETWORK PEOPLE SERVICES TECHNOLOGIES LIMITED,DEEPAK CHAND THAKUR,Promoter and Director,2026-06-25,BUY,49032.0,77605888.0,1582.75999347365,3790733,18.17%,3839765,18.40%,25-06-2026,25-06-2026,Market Purchase,16-Sep-2026 16:38:02,https://nsearchives.nseindia.com/corporate/ixbrl/IT_19148_20260916_163802378_WEB.html
NPST,NETWORK PEOPLE SERVICES TECHNOLOGIES LIMITED,DEEPAK CHAND THAKUR,Promoter and Director,2026-06-25,BUY,1246.0,1972119.0,1582.7600321027287,3789487,18.16%,3790733,18.17%,25-06-2026,25-06-2026,Market Purchase,16-Sep-2026 16:34:56,https://nsearchives.nseindia.com/corporate/ixbrl/IT_19148_20260916_163456581_WEB.html
NPST,NETWORK PEOPLE SERVICES TECHNOLOGIES LIMITED,DEEPAK CHAND THAKUR,Promoter and Director,2026-06-25,BUY,49032.0,77605888.0,1582.75999347365,3790733,18.17%,3839765,18.40%,25-06-2026,25-06-2026,Market Purchase,16-Sep-2026 16:34:56,https://nsearchives.nseindia.com/corporate/ixbrl/IT_19148_20260916_163456581_WEB.html
NPST,NETWORK PEOPLE SERVICES TECHNOLOGIES LIMITED,DEEPAK CHAND THAKUR,Promoter and Director,2026-06-25,BUY,1246.0,1583.0,1.2704654895666132,3789487,18.16%,3790733,18.17%,25-06-2026,25-06-2026,Market Purchase,01-Jul-2026 17:34:08,https://nsearchives.nseindia.com/corporate/ixbrl/IT_19148_20260701_173408099_WEB.html
NPST,NETWORK PEOPLE SERVICES TECHNOLOGIES LIMITED,DEEPAK CHAND THAKUR,Promoter and Director,2026-06-25,BUY,49032.0,1583.0,0.03228503834230707,3790733,18.17%,3839765,18.40%,25-06-2026,25-06-2026,Market Purchase,01-Jul-2026 17:34:08,https://nsearchives.nseindia.com/corporate/ixbrl/IT_19148_20260701_173408099_WEB.html
NPST,NETWORK PEOPLE SERVICES TECHNOLOGIES LIMITED,DEEPAK CHAND THAKUR,Promoter and Director,2026-06-25,BUY,1246.0,1583.0,1.2704654895666132,3789487,18.16%,3790733,18.17%,25-06-2026,25-06-2026,Market Purchase,01-Jul-2026 17:33:31,https://nsearchives.nseindia.com/corporate/ixbrl/IT_19148_20260701_173331220_WEB.html
NPST,NETWORK PEOPLE SERVICES TECHNOLOGIES LIMITED,DEEPAK CHAND THAKUR,Promoter and Director,2026-06-25,BUY,49032.0,1583.0,0.03228503834230707,3790733,18.17%,3839765,18.40%,25-06-2026,25-06-2026,Market Purchase,01-Jul-2026 17:33:31,https://nsearchives.nseindia.com/corporate/ixbrl/IT_19148_20260701_173331220_WEB.html
NPST,NETWORK PEOPLE SERVICES TECHNOLOGIES LIMITED,SAVITA VASHIST,Promoter and Director,2026-06-25,SELL,82313.0,130031492.0,1579.7199956264503,5028000,24.10%,4945687,23.70%,25-06-2026,25-06-2026,Market Sale,16-Sep-2026 16:38:02,https://nsearchives.nseindia.com/corporate/ixbrl/IT_19148_20260916_163802378_WEB.html
NPST,NETWORK PEOPLE SERVICES TECHNOLOGIES LIMITED,SAVITA VASHIST,Promoter and Director,2026-06-25,SELL,82313.0,130031492.0,1579.7199956264503,5028000,24.10%,4945687,23.70%,25-06-2026,25-06-2026,Market Sale,16-Sep-2026 16:34:56,https://nsearchives.nseindia.com/corporate/ixbrl/IT_19148_20260916_163456581_WEB.html
NPST,NETWORK PEOPLE SERVICES TECHNOLOGIES LIMITED,SAVITA VASHIST,Promoter and Director,2026-06-25,SELL,82313.0,1580.0,0.019195023872292348,5028000,24.10%,4945687,23.70%,25-06-2026,25-06-2026,Market Sale,01-Jul-2026 17:34:08,https://nsearchives.nseindia.com/corporate/ixbrl/IT_19148_20260701_173408099_WEB.html
NPST,NETWORK PEOPLE SERVICES TECHNOLOGIES LIMITED,SAVITA VASHIST,Promoter and Director,2026-06-25,SELL,82313.0,1580.0,0.019195023872292348,5028000,24.10%,4945687,23.70%,25-06-2026,25-06-2026,Market Sale,01-Jul-2026 17:33:31,https://nsearchives.nseindia.com/corporate/ixbrl/IT_19148_20260701_173331220_WEB.html
NRL,NUPUR RECYCLERS LIMITED,NUPUR GUPTA,Promoter Group,2026-06-24,BUY,50400.0,4186225.0,83.06001984126983,312580,0.45%,362980,0.52%,24-06-2026,24-06-2026,Market Purchase,26-Jun-2026 15:57:01,https://nsearchives.nseindia.com/corporate/ixbrl/IT_20108_20260626_155701561_WEB.html
NURECA,NURECA LIMITED,Aryan Goyal,Promoter Group,2026-07-02,OTHER,1159185.0,0.0,0.0,1159185,12.15%,0,0.00%,02-07-2026,02-07-2026,Off Market,03-Jul-2026 19:26:41,https://nsearchives.nseindia.com/corporate/ixbrl/IT_18918_20260703_192641581_WEB.html
NURECA,NURECA LIMITED,Aryan Goyal,Promoter Group,2026-07-02,OTHER,1159185.0,0.0,0.0,1159185,12.15%,0,0.00%,02-07-2026,02-07-2026,Off Market,03-Jul-2026 19:26:14,https://nsearchives.nseindia.com/corporate/ixbrl/IT_18918_20260703_192614683_WEB.html
NURECA,NURECA LIMITED,Payal Goyal,Promoter Group,2026-07-02,OTHER,2059928.0,0.0,0.0,2059928,21.59%,0,0.00%,02-07-2026,02-07-2026,Off Market,03-Jul-2026 19:26:41,https://nsearchives.nseindia.com/corporate/ixbrl/IT_18918_20260703_192641581_WEB.html
NURECA,NURECA LIMITED,Payal Goyal,Promoter Group,2026-07-02,OTHER,2059928.0,0.0,0.0,2059928,21.59%,0,0.00%,02-07-2026,02-07-2026,Off Market,03-Jul-2026 19:26:14,https://nsearchives.nseindia.com/corporate/ixbrl/IT_18918_20260703_192614683_WEB.html
NURECA,NURECA LIMITED,Saurabh Goyal,Promoter,2026-07-02,OTHER,3219113.0,0.0,0.0,3278056,34.35%,6497169,68.09%,02-07-2026,02-07-2026,Off Market,03-Jul-2026 19:26:41,https://nsearchives.nseindia.com/corporate/ixbrl/IT_18918_20260703_192641581_WEB.html
NURECA,NURECA LIMITED,Saurabh Goyal,Promoter,2026-07-02,OTHER,3219113.0,0.0,0.0,3278056,34.35%,6497169,68.09%,02-07-2026,02-07-2026,Off Market,03-Jul-2026 19:26:14,https://nsearchives.nseindia.com/corporate/ixbrl/IT_18918_20260703_192614683_WEB.html
NURECA,NURECA LIMITED,Smita Goyal,Promoter Group,2026-07-24,BUY,5975.0,1799371.0,301.14995815899584,7,0.00%,5982,0.06%,24-07-2026,24-07-2026,Market Purchase,11-Aug-2026 17:31:48,https://nsearchives.nseindia.com/corporate/ixbrl/IT_18918_20260811_173148073_WEB.html
NURECA,NURECA LIMITED,Smita Goyal,Promoter Group,2026-07-24,BUY,800.0,240280.0,300.35,5982,0.06%,6782,0.07%,24-07-2026,24-07-2026,Market Purchase,11-Aug-2026 17:31:48,https://nsearchives.nseindia.com/corporate/ixbrl/IT_18918_20260811_173148073_WEB.html
NURECA,NURECA LIMITED,Smita Goyal,Promoter Group,2026-07-27,BUY,20355.0,6327962.0,310.87998034880866,6782,0.07%,27137,0.28%,27-07-2026,27-07-2026,Market Purchase,11-Aug-2026 17:31:48,https://nsearchives.nseindia.com/corporate/ixbrl/IT_18918_20260811_173148073_WEB.html
NURECA,NURECA LIMITED,Smita Goyal,Promoter Group,2026-07-28,BUY,6500.0,2017990.0,310.46,27137,0.28%,33637,0.35%,28-07-2026,28-07-2026,Market Purchase,11-Aug-2026 17:31:48,https://nsearchives.nseindia.com/corporate/ixbrl/IT_18918_20260811_173148073_WEB.html
NURECA,NURECA LIMITED,Smita Goyal,Promoter Group,2026-07-29,BUY,8000.0,2545920.0,318.24,33637,0.35%,41637,0.44%,29-07-2026,29-07-2026,Market Purchase,11-Aug-2026 17:31:48,https://nsearchives.nseindia.com/corporate/ixbrl/IT_18918_20260811_173148073_WEB.html
NURECA,NURECA LIMITED,Smita Goyal,Promoter Group,2026-07-29,BUY,1000.0,323225.0,323.225,41637,0.44%,42637,0.45%,29-07-2026,29-07-2026,Market Purchase,11-Aug-2026 17:31:48,https://nsearchives.nseindia.com/corporate/ixbrl/IT_18918_20260811_173148073_WEB.html
NURECA,NURECA LIMITED,Smita Goyal,Promoter Group,2026-07-31,BUY,2683.0,868970.0,323.8799850913157,42637,0.45%,45320,0.47%,31-07-2026,31-07-2026,Market Purchase,11-Aug-2026 17:31:48,https://nsearchives.nseindia.com/corporate/ixbrl/IT_18918_20260811_173148073_WEB.html
NURECA,NURECA LIMITED,SMITA GOYAL,Promoter Group,2026-08-26,BUY,1035.0,313232.0,302.63961352657003,45320,0.47%,46355,0.49%,26-08-2026,26-08-2026,Market Purchase,29-Aug-2026 17:08:28,https://nsearchives.nseindia.com/corporate/ixbrl/IT_18918_20260829_170828470_WEB.html
NURECA,NURECA LIMITED,SMITA GOYAL,Promoter Group,2026-08-26,BUY,1035.0,313232.0,302.63961352657003,45320,0.47%,46355,0.49%,26-08-2026,26-08-2026,Market Purchase,29-Aug-2026 17:08:45,https://nsearchives.nseindia.com/corporate/ixbrl/IT_18918_20260829_170845743_WEB.html
NURECA,NURECA LIMITED,SMITA GOYAL,Promoter Group,2026-08-27,BUY,1657.0,510373.0,308.01025950512974,46355,0.49%,48012,0.50%,27-08-2026,27-08-2026,Market Purchase,29-Aug-2026 17:08:28,https://nsearchives.nseindia.com/corporate/ixbrl/IT_18918_20260829_170828470_WEB.html
NURECA,NURECA LIMITED,SMITA GOYAL,Promoter Group,2026-08-27,BUY,1657.0,510373.0,308.01025950512974,46355,0.49%,48012,0.50%,27-08-2026,27-08-2026,Market Purchase,29-Aug-2026 17:08:45,https://nsearchives.nseindia.com/corporate/ixbrl/IT_18918_20260829_170845743_WEB.html
NURECA,NURECA LIMITED,SMITA GOYAL,Promoter Group,2026-08-28,BUY,6682.0,2228982.0,333.5800658485483,48012,0.50%,54694,0.57%,28-08-2026,28-08-2026,Market Purchase,29-Aug-2026 17:08:28,https://nsearchives.nseindia.com/corporate/ixbrl/IT_18918_20260829_170828470_WEB.html
NURECA,NURECA LIMITED,SMITA GOYAL,Promoter Group,2026-08-28,BUY,600.0,201583.0,335.9716666666667,54694,0.57%,55294,0.58%,28-08-2026,28-08-2026,Market Purchase,29-Aug-2026 17:08:28,https://nsearchives.nseindia.com/corporate/ixbrl/IT_18918_20260829_170828470_WEB.html
NURECA,NURECA LIMITED,SMITA GOYAL,Promoter Group,2026-08-28,BUY,6682.0,2228982.0,333.5800658485483,48012,0.50%,54694,0.57%,28-08-2026,28-08-2026,Market Purchase,29-Aug-2026 17:08:45,https://nsearchives.nseindia.com/corporate/ixbrl/IT_18918_20260829_170845743_WEB.html
NURECA,NURECA LIMITED,SMITA GOYAL,Promoter Group,2026-08-28,BUY,600.0,201583.0,335.9716666666667,54694,0.57%,55294,0.58%,28-08-2026,28-08-2026,Market Purchase,29-Aug-2026 17:08:45,https://nsearchives.nseindia.com/corporate/ixbrl/IT_18918_20260829_170845743_WEB.html
NURECA,NURECA LIMITED,SMITA GOYAL,Promoter Group,2026-09-08,BUY,850.0,272400.0,320.47058823529414,55294,0.58%,56144,0.59%,08-09-2026,08-09-2026,Market Purchase,09-Sep-2026 12:45:50,https://nsearchives.nseindia.com/corporate/ixbrl/IT_18918_20260909_124550641_WEB.html
NURECA,NURECA LIMITED,SMITA GOYAL,Promoter Group,2026-09-08,BUY,200.0,64400.0,322.0,56144,0.59%,56344,0.59%,08-09-2026,08-09-2026,Market Purchase,09-Sep-2026 12:45:50,https://nsearchives.nseindia.com/corporate/ixbrl/IT_18918_20260909_124550641_WEB.html
NURECA,NURECA LIMITED,SMITA GOYAL,Promoter Group,2026-09-09,BUY,1000.0,334000.0,334.0,56344,0.59%,57344,0.60%,09-09-2026,09-09-2026,Market Purchase,10-Sep-2026 16:05:02,https://nsearchives.nseindia.com/corporate/ixbrl/IT_18918_20260910_160502422_WEB.html
NURECA,NURECA LIMITED,Saurabh Goyal,Promoter,2026-09-10,BUY,100.0,34800.0,348.0,6643357,69.62%,6643457,69.62%,10-09-2026,10-09-2026,Market Purchase,25-Sep-2026 12:57:45,https://nsearchives.nseindia.com/corporate/ixbrl/IT_18918_20260925_125745089_WEB.html
NURECA,NURECA LIMITED,Saurabh Goyal,Promoter,2026-09-16,BUY,5569.0,1867954.0,335.420003591309,6643457,69.62%,6649026,69.68%,16-09-2026,16-09-2026,Market Purchase,25-Sep-2026 12:57:45,https://nsearchives.nseindia.com/corporate/ixbrl/IT_18918_20260925_125745089_WEB.html
NURECA,NURECA LIMITED,Saurabh Goyal,Promoter,2026-09-16,BUY,746.0,251472.0,337.0938337801609,6649026,69.68%,6649772,69.69%,16-09-2026,16-09-2026,Market Purchase,25-Sep-2026 12:57:45,https://nsearchives.nseindia.com/corporate/ixbrl/IT_18918_20260925_125745089_WEB.html
NURECA,NURECA LIMITED,Saurabh Goyal,Promoter,2026-09-18,BUY,19380.0,6735325.0,347.53998968008256,6649772,69.69%,6669152,69.89%,18-09-2026,18-09-2026,Market Purchase,25-Sep-2026 12:57:45,https://nsearchives.nseindia.com/corporate/ixbrl/IT_18918_20260925_125745089_WEB.html
NURECA,NURECA LIMITED,Saurabh Goyal,Promoter,2026-09-18,BUY,761.0,263115.0,345.7490144546649,6669152,69.89%,6669913,69.90%,18-09-2026,18-09-2026,Market Purchase,25-Sep-2026 12:57:45,https://nsearchives.nseindia.com/corporate/ixbrl/IT_18918_20260925_125745089_WEB.html
NURECA,NURECA LIMITED,Saurabh Goyal,Promoter,2026-09-22,BUY,450.0,151389.0,336.42,6669913,69.90%,6670363,69.91%,22-09-2026,22-09-2026,Market Purchase,25-Sep-2026 12:57:45,https://nsearchives.nseindia.com/corporate/ixbrl/IT_18918_20260925_125745089_WEB.html
OBCL,OBCL LIMITED,OBCL INFRASTRUCTURE PRIVATE LIMITED,Promoter Group,2026-08-05,BUY,232.0,12412.0,53.5,2000000,9.49%,2000232,9.49%,03-08-2026,05-08-2026,Market Purchase,06-Aug-2026 17:19:48,https://nsearchives.nseindia.com/corporate/ixbrl/IT_20443_20260806_171948390_WEB.html
OBCL,OBCL LIMITED,OBCL INFRASTRUCTURE PRIVATE LIMITED,Promoter Group,2026-08-05,BUY,66849.0,3546892.0,53.05826564346512,2000232,9.49%,2067081,9.80%,03-08-2026,05-08-2026,Market Purchase,06-Aug-2026 17:19:48,https://nsearchives.nseindia.com/corporate/ixbrl/IT_20443_20260806_171948390_WEB.html
OBCL,OBCL LIMITED,OBCL INFRASTRUCTURE PRIVATE LIMITED,Promoter Group,2026-08-10,BUY,7101.0,379842.0,53.49133924799324,2067081,9.80%,2074182,9.84%,06-08-2026,10-08-2026,Market Purchase,11-Aug-2026 15:56:52,https://nsearchives.nseindia.com/corporate/ixbrl/IT_20443_20260811_155652381_WEB.html
OBCL,OBCL LIMITED,OBCL INFRASTRUCTURE PRIVATE LIMITED,Promoter Group,2026-08-13,BUY,160579.0,8490131.0,52.87198824254728,2074182,9.84%,2234761,10.59%,11-08-2026,13-08-2026,Market Purchase,18-Aug-2026 10:27:46,https://nsearchives.nseindia.com/corporate/ixbrl/IT_20443_20260818_102746360_WEB.html
OBCL,OBCL LIMITED,OBCL INFRASTRUCTURE PRIVATE LIMITED,Promoter Group,2026-08-18,BUY,19181.0,1035518.0,53.986653459152286,2234761,10.59%,2253942,10.69%,14-08-2026,18-08-2026,Market Purchase,19-Aug-2026 09:56:56,https://nsearchives.nseindia.com/corporate/ixbrl/IT_20443_20260819_095656608_WEB.html
OBCL,OBCL LIMITED,OBCL INFRASTRUCTURE PRIVATE LIMITED,Promoter Group,2026-08-21,BUY,56675.0,3049556.0,53.807781208645785,2253942,10.69%,2310617,10.95%,19-08-2026,21-08-2026,Market Purchase,21-Aug-2026 22:29:06,https://nsearchives.nseindia.com/corporate/ixbrl/IT_20443_20260821_222906324_WEB.html
OBCL,OBCL LIMITED,OBCL INFRASTRUCTURE PRIVATE LIMITED,Promoter Group,2026-08-25,BUY,20629.0,1120264.0,54.30529836637743,2310617,10.95%,2331246,11.05%,24-08-2026,25-08-2026,Market Purchase,31-Aug-2026 17:27:10,https://nsearchives.nseindia.com/corporate/ixbrl/IT_20443_20260831_172710703_WEB.html
OBCL,OBCL LIMITED,OBCL INFRASTRUCTURE PRIVATE LIMITED,Promoter Group,2026-09-02,BUY,7489.0,409902.0,54.73387635198291,2331246,11.05%,2338735,11.09%,31-08-2026,02-09-2026,Market Purchase,02-Sep-2026 17:59:10,https://nsearchives.nseindia.com/corporate/ixbrl/IT_20443_20260902_175910303_WEB.html
OBCL,OBCL LIMITED,OBCL INFRASTRUCTURE PRIVATE LIMITED,Promoter Group,2026-09-07,BUY,6553.0,359742.0,54.897298947047155,2338735,11.09%,2345288,11.12%,03-09-2026,07-09-2026,Market Purchase,07-Sep-2026 18:10:24,https://nsearchives.nseindia.com/corporate/ixbrl/IT_20443_20260907_181024331_WEB.html
OBCL,OBCL LIMITED,OBCL INFRASTRUCTURE PRIVATE LIMITED,Promoter Group,2026-09-10,BUY,4750.0,264002.0,55.579368421052635,2345288,11.12%,2350038,11.14%,08-09-2026,10-09-2026,Market Purchase,11-Sep-2026 13:35:40,https://nsearchives.nseindia.com/corporate/ixbrl/IT_20443_20260911_133540302_WEB.html
OBCL,OBCL LIMITED,OBCL INFRASTRUCTURE PRIVATE LIMITED,Promoter Group,2026-09-15,BUY,14007.0,789002.0,56.32912115370886,2350038,11.14%,2364045,11.21%,11-09-2026,15-09-2026,Market Purchase,16-Sep-2026 13:42:26,https://nsearchives.nseindia.com/corporate/ixbrl/IT_20443_20260916_134226418_WEB.html
OBCL,OBCL LIMITED,OBCL INFRASTRUCTURE PRIVATE LIMITED,Promoter Group,2026-09-22,BUY,11502.0,667320.0,58.01773604590506,2364045,11.21%,2375547,11.26%,18-09-2026,22-09-2026,Market Purchase,22-Sep-2026 18:06:24,https://nsearchives.nseindia.com/corporate/ixbrl/IT_20443_20260922_180624209_WEB.html
OMPOWER,Om Power Transmission Limited,Kalpesh Dhanjibhai Patel,Promoter and Director,2026-06-24,BUY,14221.0,2601006.0,182.8989522537093,8260000,24.12%,8274221,24.16%,23-06-2026,24-06-2026,Market Purchase,27-Jun-2026 01:10:04,https://nsearchives.nseindia.com/corporate/ixbrl/IT_27090_20260627_011004700_WEB.html
OMPOWER,Om Power Transmission Limited,Kanubhai Patel,Promoter and Director,2026-06-24,BUY,14195.0,2600640.0,183.20817189151109,8260000,24.12%,8274195,24.16%,23-06-2026,24-06-2026,Market Purchase,27-Jun-2026 01:10:04,https://nsearchives.nseindia.com/corporate/ixbrl/IT_27090_20260627_011004700_WEB.html
OMPOWER,Om Power Transmission Limited,Vasantkumar Narayanbhai Patel,Promoter and Director,2026-06-24,BUY,12347.0,2245533.0,181.8687130477039,7080000,20.67%,7092347,20.71%,23-06-2026,24-06-2026,Market Purchase,27-Jun-2026 01:10:04,https://nsearchives.nseindia.com/corporate/ixbrl/IT_27090_20260627_011004700_WEB.html
PKTEA,THE PERIA KARAMALAI TEA & PRODUCE COMPANY LIMITED,KIRAN VYAPAR LIMITED,Promoter Group,2026-08-17,BUY,10455.0,7344674.0,702.5034911525586,470224,15.19%,480679,15.53%,17-08-2026,17-08-2026,Market Purchase,19-Aug-2026 17:58:23,https://nsearchives.nseindia.com/corporate/ixbrl/IT_12988_20260819_175823095_WEB.html
PKTEA,THE PERIA KARAMALAI TEA & PRODUCE COMPANY LIMITED,KIRAN VYAPAR LIMITED,Promoter Group,2026-08-17,BUY,10455.0,7344674.0,702.5034911525586,470224,15.19%,480679,15.53%,17-08-2026,17-08-2026,Market Purchase,19-Aug-2026 17:57:53,https://nsearchives.nseindia.com/corporate/ixbrl/IT_12988_20260819_175753329_WEB.html
PKTEA,THE PERIA KARAMALAI TEA & PRODUCE COMPANY LIMITED,KIRAN VYAPAR LIMITED,Promoter Group,2026-08-19,BUY,10556.0,7699314.0,729.3779840848806,480679,15.53%,491235,15.87%,19-08-2026,19-08-2026,Market Purchase,22-Aug-2026 16:56:01,https://nsearchives.nseindia.com/corporate/ixbrl/IT_12988_20260822_165601837_WEB.html
PKTEA,THE PERIA KARAMALAI TEA & PRODUCE COMPANY LIMITED,KIRAN VYAPAR LIMITED,Promoter Group,2026-08-20,BUY,1443.0,1072915.0,743.5308385308385,491235,15.87%,492678,15.91%,20-08-2026,20-08-2026,Market Purchase,25-Aug-2026 17:11:33,https://nsearchives.nseindia.com/corporate/ixbrl/IT_12988_20260825_171133852_WEB.html
PKTEA,THE PERIA KARAMALAI TEA & PRODUCE COMPANY LIMITED,KIRAN VYAPAR LIMITED,Promoter Group,2026-09-04,BUY,6547.0,5174686.0,790.3904078203758,492678,15.91%,499225,16.13%,21-08-2026,04-09-2026,Market Purchase,08-Sep-2026 16:56:12,https://nsearchives.nseindia.com/corporate/ixbrl/IT_12988_20260908_165612670_WEB.html
PKTEA,THE PERIA KARAMALAI TEA & PRODUCE COMPANY LIMITED,KIRAN VYAPAR LIMITED,Promoter Group,2026-09-21,BUY,6755.0,6467878.0,957.4948926720947,499225,16.13%,505980,16.34%,21-09-2026,21-09-2026,Market Purchase,23-Sep-2026 18:18:59,https://nsearchives.nseindia.com/corporate/ixbrl/IT_12988_20260923_181859819_WEB.html
PKTEA,THE PERIA KARAMALAI TEA & PRODUCE COMPANY LIMITED,KIRAN VYAPAR LIMITED,Promoter Group,2026-09-22,BUY,1006.0,1006028.0,1000.027833001988,505980,16.34%,506986,16.38%,22-09-2026,22-09-2026,Market Purchase,24-Sep-2026 18:50:41,https://nsearchives.nseindia.com/corporate/ixbrl/IT_12988_20260924_185041014_WEB.html
PLASTIBLEN,PLASTIBLENDS INDIA LIMITED,JYOTI VARUN KABRA,Promoter,2026-06-25,BUY,226200.0,39812966.0,176.00780725022105,1539056,5.92%,1765256,6.79%,22-06-2026,25-06-2026,Market Purchase,26-Jun-2026 17:35:51,https://nsearchives.nseindia.com/corporate/ixbrl/IT_2485_20260626_173551100_WEB.html
PLASTIBLEN,PLASTIBLENDS INDIA LIMITED,KOLSITE CORPORATION LLP,Promoter Group,2026-06-25,SELL,452400.0,79241813.0,175.15873784261714,2755484,10.60%,2303084,8.86%,22-06-2026,25-06-2026,Market Sale,26-Jun-2026 17:35:51,https://nsearchives.nseindia.com/corporate/ixbrl/IT_2485_20260626_173551100_WEB.html
PLASTIBLEN,PLASTIBLENDS INDIA LIMITED,VARUN SATYANARAYAN KABRA,Promoter,2026-06-25,BUY,226200.0,39736578.0,175.67010610079575,7670553,29.51%,7896753,30.38%,22-06-2026,25-06-2026,Market Purchase,26-Jun-2026 17:35:51,https://nsearchives.nseindia.com/corporate/ixbrl/IT_2485_20260626_173551100_WEB.html
PLASTIBLEN,PLASTIBLENDS INDIA LIMITED,KABRA EXTRUSIONTECHNIK LIMITED,Promoter Group,2026-07-17,SELL,105000.0,21373395.0,203.55614285714285,1376519,5.30%,1271519,4.89%,16-07-2026,17-07-2026,Market Sale,20-Jul-2026 19:28:40,https://nsearchives.nseindia.com/corporate/ixbrl/IT_2485_20260720_192840264_WEB.html
PLASTIBLEN,PLASTIBLENDS INDIA LIMITED,KABRA EXTRUSIONTECHNIK LIMITED,Promoter Group,2026-07-20,SELL,30000.0,5991582.0,199.7194,1271519,4.89%,1241519,4.78%,20-07-2026,20-07-2026,Market Sale,22-Jul-2026 16:28:02,https://nsearchives.nseindia.com/corporate/ixbrl/IT_2485_20260722_162802334_WEB.html
PLASTIBLEN,PLASTIBLENDS INDIA LIMITED,KABRA EXTRUSIONTECHNIK LIMITED,Promoter Group,2026-07-22,SELL,19466.0,3890319.0,199.85199835610808,1241519,4.78%,1222053,4.70%,21-07-2026,22-07-2026,Market Sale,23-Jul-2026 14:34:22,https://nsearchives.nseindia.com/corporate/ixbrl/IT_2485_20260723_143421993_WEB.html
SANDUMA,SANDUR MANGANESE & IRON ORES LIMITED,Ekambar Ajai Ghorpade,Promoter,2026-06-29,SELL,226218.0,46898837.0,207.31699953142544,230418,0.05%,4200,0.00%,29-06-2026,29-06-2026,Market Sale,02-Jul-2026 10:26:22,https://nsearchives.nseindia.com/corporate/ixbrl/IT_22157_20260702_102622824_WEB.html
SANDUMA,SANDUR MANGANESE & IRON ORES LIMITED,Skand Private Limited,Promoter,2026-06-29,BUY,226218.0,46970458.0,207.63360121652565,254561910,52.37%,254788128,52.41%,29-06-2026,29-06-2026,Market Purchase,02-Jul-2026 10:26:22,https://nsearchives.nseindia.com/corporate/ixbrl/IT_22157_20260702_102622824_WEB.html
SENCO,SENCO GOLD LIMITED,Jai Hanuman Shri Siddhivinayak Trust (Trustee- Mr. Suvankar Sen & Mrs. Joita Sen),Promoter,2026-06-30,BUY,8920.0,2987130.0,334.88004484304935,67973586,41.49%,67982506,41.49%,30-06-2026,30-06-2026,Market Purchase,03-Jul-2026 19:48:34,https://nsearchives.nseindia.com/corporate/ixbrl/IT_20714_20260703_194833980_WEB.html
SENCO,SENCO GOLD LIMITED,Jai Hanuman Shri Siddhivinayak Trust (Trustee- Mr. Suvankar Sen & Mrs. Joita Sen),Promoter,2026-08-18,BUY,3250.0,1094828.0,336.87015384615387,67982506,41.48%,67985756,41.48%,18-08-2026,18-08-2026,Market Purchase,20-Aug-2026 19:24:14,https://nsearchives.nseindia.com/corporate/ixbrl/IT_20714_20260820_192414322_WEB.html
SGIL,SYNERGY GREEN INDUSTRIES LIMITED,TARINI SANAT SHIRGAOKAR,Promoter Group,2026-08-28,BUY,2000.0,1170000.0,585.0,82000,0.53%,84000,0.54%,27-08-2026,28-08-2026,Market Purchase,30-Aug-2026 17:41:52,https://nsearchives.nseindia.com/corporate/ixbrl/IT_19808_20260830_174152408_WEB.html
SGIL,SYNERGY GREEN INDUSTRIES LIMITED,PRABHAKAR SHIRGAOKAR ENTERPRISES LLP,Promoter Group,2026-09-07,BUY,1600.0,966192.0,603.87,13037,0.08%,14637,0.09%,07-09-2026,07-09-2026,Market Purchase,11-Sep-2026 11:12:04,https://nsearchives.nseindia.com/corporate/ixbrl/IT_19808_20260911_111204765_WEB.html
SGIL,SYNERGY GREEN INDUSTRIES LIMITED,RISHABH SANAT SHIRGAOKAR,Promoter Group,2026-09-11,BUY,541.0,322003.0,595.1996303142329,4950,0.03%,5491,0.04%,11-09-2026,11-09-2026,Market Purchase,15-Sep-2026 10:36:42,https://nsearchives.nseindia.com/corporate/ixbrl/IT_19808_20260915_103642505_WEB.html
SIGIND,Signet Industries Limited,Mukesh Sangla,Promoter and Director,2026-08-17,BUY,13904.0,956643.0,68.80343785960875,1169885,3.97%,1183789,4.02%,17-08-2026,17-08-2026,Market Purchase,18-Aug-2026 13:42:31,https://nsearchives.nseindia.com/corporate/ixbrl/IT_16593_20260818_134231601_WEB.html
SIGIND,Signet Industries Limited,Mukesh Sangla,Promoter and Director,2026-08-18,BUY,20806.0,1407942.0,67.66999903873882,1183789,4.02%,1204595,4.09%,18-08-2026,18-08-2026,Market Purchase,19-Aug-2026 10:51:24,https://nsearchives.nseindia.com/corporate/ixbrl/IT_16593_20260819_105124536_WEB.html
SIGIND,Signet Industries Limited,Mukesh Sangla,Promoter and Director,2026-08-19,BUY,32187.0,2241595.0,69.64286823872992,1204595,4.09%,1236782,4.20%,19-08-2026,19-08-2026,Market Purchase,20-Aug-2026 16:08:19,https://nsearchives.nseindia.com/corporate/ixbrl/IT_16593_20260820_160818957_WEB.html
SIGIND,Signet Industries Limited,Mukesh Sangla,Promoter and Director,2026-08-20,BUY,30350.0,2222216.0,73.21963756177924,1236782,4.20%,1267132,4.30%,20-08-2026,20-08-2026,Market Purchase,24-Aug-2026 21:54:30,https://nsearchives.nseindia.com/corporate/ixbrl/IT_16593_20260824_215430244_WEB.html
SIGIND,Signet Industries Limited,Mukesh Sangla,Promoter and Director,2026-08-21,BUY,2716.0,196041.0,72.1800441826215,1267132,4.30%,1269848,4.31%,21-08-2026,21-08-2026,Market Purchase,24-Aug-2026 21:56:51,https://nsearchives.nseindia.com/corporate/ixbrl/IT_16593_20260824_215651526_WEB.html
SIGIND,Signet Industries Limited,Mukesh Sangla,Promoter and Director,2026-08-25,BUY,10179.0,694714.0,68.24972983593673,1269848,4.31%,1280027,4.34%,25-08-2026,25-08-2026,Market Purchase,29-Aug-2026 14:54:05,https://nsearchives.nseindia.com/corporate/ixbrl/IT_16593_20260829_145405541_WEB.html
SIGIND,Signet Industries Limited,Mukesh Sangla,Promoter and Director,2026-08-27,BUY,15961.0,1130760.0,70.84518513877576,1280027,4.34%,1295988,4.40%,27-08-2026,27-08-2026,Market Purchase,29-Aug-2026 15:06:50,https://nsearchives.nseindia.com/corporate/ixbrl/IT_16593_20260829_150650400_WEB.html
SIGIND,Signet Industries Limited,Mukesh Sangla,Promoter and Director,2026-08-28,BUY,17756.0,1269936.0,71.52151385447173,1299998,4.42%,1317754,4.48%,28-08-2026,28-08-2026,Market Purchase,31-Aug-2026 12:59:32,https://nsearchives.nseindia.com/corporate/ixbrl/IT_16593_20260831_125931999_WEB.html
SIGIND,Signet Industries Limited,Mukesh Sangla,Promoter and Director,2026-08-28,BUY,4010.0,282647.0,70.485536159601,1295988,4.40%,1299998,4.42%,28-08-2026,28-08-2026,Market Purchase,29-Aug-2026 15:07:09,https://nsearchives.nseindia.com/corporate/ixbrl/IT_16593_20260829_150709884_WEB.html
SIGIND,Signet Industries Limited,Mukesh Sangla,Promoter and Director,2026-09-04,BUY,10880.0,770287.0,70.7984375,1317754,4.48%,1328634,4.51%,04-09-2026,04-09-2026,Market Purchase,08-Sep-2026 15:52:21,https://nsearchives.nseindia.com/corporate/ixbrl/IT_16593_20260908_155221662_WEB.html
SIGIND,Signet Industries Limited,Mukesh Sangla,Promoter and Director,2026-09-07,BUY,28511.0,2026713.0,71.08530041036792,1328634,4.51%,1357145,4.61%,07-09-2026,07-09-2026,Market Purchase,08-Sep-2026 15:52:45,https://nsearchives.nseindia.com/corporate/ixbrl/IT_16593_20260908_155245428_WEB.html
SIGIND,Signet Industries Limited,Mukesh Sangla,Promoter and Director,2026-09-08,BUY,20841.0,1448160.0,69.48610911184684,1364787,4.64%,1385628,4.71%,08-09-2026,08-09-2026,Market Purchase,10-Sep-2026 20:31:30,https://nsearchives.nseindia.com/corporate/ixbrl/IT_16593_20260910_203129967_WEB.html
SIGIND,Signet Industries Limited,Mukesh Sangla,Promoter and Director,2026-09-08,BUY,7642.0,541402.0,70.84559015964408,1357145,4.61%,1364787,4.64%,08-09-2026,08-09-2026,Market Purchase,10-Sep-2026 20:30:39,https://nsearchives.nseindia.com/corporate/ixbrl/IT_16593_20260910_203039295_WEB.html
SIGIND,Signet Industries Limited,Mukesh Sangla,Promoter and Director,2026-09-09,BUY,5478.0,382198.0,69.76962395034684,1385628,4.71%,1391106,4.73%,09-09-2026,09-09-2026,Market Purchase,11-Sep-2026 12:10:10,https://nsearchives.nseindia.com/corporate/ixbrl/IT_16593_20260911_121010537_WEB.html
SIGIND,Signet Industries Limited,Mukesh Sangla,Promoter and Director,2026-09-10,BUY,21464.0,1484985.0,69.18491427506522,1391106,4.73%,1412570,4.80%,10-09-2026,10-09-2026,Market Purchase,14-Sep-2026 10:37:11,https://nsearchives.nseindia.com/corporate/ixbrl/IT_16593_20260914_103711122_WEB.html
SIGIND,Signet Industries Limited,Mukesh Sangla,Promoter and Director,2026-09-11,BUY,5989.0,1484985.0,247.95207881115377,1412570,4.80%,1418559,4.82%,11-09-2026,11-09-2026,Market Purchase,14-Sep-2026 12:14:31,https://nsearchives.nseindia.com/corporate/ixbrl/IT_16593_20260914_121431232_WEB.html
SIGIND,Signet Industries Limited,Mukesh Sangla,Promoter and Director,2026-09-18,BUY,10747.0,751503.0,69.92677026146832,1418559,4.82%,1429306,4.86%,18-09-2026,18-09-2026,Market Purchase,22-Sep-2026 10:18:34,https://nsearchives.nseindia.com/corporate/ixbrl/IT_16593_20260922_101834716_WEB.html
SIGIND,Signet Industries Limited,Mukesh Sangla,Promoter and Director,2026-09-21,BUY,10948.0,773602.0,70.66149068322981,1429306,4.86%,1440254,4.89%,21-09-2026,21-09-2026,Market Purchase,22-Sep-2026 15:00:08,https://nsearchives.nseindia.com/corporate/ixbrl/IT_16593_20260922_150008170_WEB.html
SILVERTUC,SILVER TOUCH TECHNOLOGIES LIMITED,Vipul Haridas Thakkar,Promoter and Director,2026-08-25,BUY,14000.0,2533675.0,180.9767857142857,26829760,21.16%,26843760,21.17%,25-08-2026,25-08-2026,Market Purchase,26-Aug-2026 16:34:21,https://nsearchives.nseindia.com/corporate/ixbrl/IT_15598_20260826_163421280_WEB.html
SILVERTUC,SILVER TOUCH TECHNOLOGIES LIMITED,Vipul Haridas Thakkar,Promoter and Director,2026-08-25,BUY,14000.0,2533675.0,180.9767857142857,26829760,21.16%,26843760,21.17%,25-08-2026,25-08-2026,Market Purchase,26-Aug-2026 16:32:12,https://nsearchives.nseindia.com/corporate/ixbrl/IT_15598_20260826_163212172_WEB.html
SILVERTUC,SILVER TOUCH TECHNOLOGIES LIMITED,Vipul Haridas Thakkar,Promoter and Director,2026-08-31,BUY,14000.0,2387180.0,170.51285714285714,26843760,21.17%,26857760,21.18%,31-08-2026,31-08-2026,Market Purchase,01-Sep-2026 16:12:20,https://nsearchives.nseindia.com/corporate/ixbrl/IT_15598_20260901_161220738_WEB.html
SILVERTUC,SILVER TOUCH TECHNOLOGIES LIMITED,Vipul Haridas Thakkar,Promoter and Director,2026-08-31,BUY,14000.0,2387180.0,170.51285714285714,26843760,21.17%,26857760,21.18%,31-08-2026,31-08-2026,Market Purchase,01-Sep-2026 16:10:37,https://nsearchives.nseindia.com/corporate/ixbrl/IT_15598_20260901_161037604_WEB.html
SILVERTUC,SILVER TOUCH TECHNOLOGIES LIMITED,Vipul Haridas Thakkar,Promoter and Director,2026-09-03,BUY,35000.0,5915209.0,169.00597142857143,26857760,21.18%,26892760,21.21%,03-09-2026,03-09-2026,Market Purchase,03-Sep-2026 18:38:53,https://nsearchives.nseindia.com/corporate/ixbrl/IT_15598_20260903_183852991_WEB.html
SILVERTUC,SILVER TOUCH TECHNOLOGIES LIMITED,Vipul Haridas Thakkar,Promoter and Director,2026-09-03,BUY,35000.0,5915209.0,169.00597142857143,26857760,21.18%,26892760,21.21%,03-09-2026,03-09-2026,Market Purchase,03-Sep-2026 18:30:53,https://nsearchives.nseindia.com/corporate/ixbrl/IT_15598_20260903_183053771_WEB.html
SILVERTUC,SILVER TOUCH TECHNOLOGIES LIMITED,Vipul Haridas Thakkar,Promoter and Director,2026-09-03,BUY,35000.0,5915209.0,169.00597142857143,26857760,21.18%,26892760,21.21%,03-09-2026,03-09-2026,Market Purchase,03-Sep-2026 18:36:03,https://nsearchives.nseindia.com/corporate/ixbrl/IT_15598_20260903_183603816_WEB.html
SILVERTUC,SILVER TOUCH TECHNOLOGIES LIMITED,Vipul Haridas Thakkar,Promoter and Director,2026-09-03,BUY,35000.0,5915209.0,169.00597142857143,26857760,21.18%,26892760,21.21%,03-09-2026,03-09-2026,Market Purchase,03-Sep-2026 18:32:34,https://nsearchives.nseindia.com/corporate/ixbrl/IT_15598_20260903_183234413_WEB.html
SILVERTUC,SILVER TOUCH TECHNOLOGIES LIMITED,Vipul Haridas Thakkar,Promoter and Director,2026-09-09,BUY,1000.0,161560.0,161.56,26892760,21.21%,26893760,21.21%,09-09-2026,09-09-2026,Market Purchase,11-Sep-2026 18:28:49,https://nsearchives.nseindia.com/corporate/ixbrl/IT_15598_20260911_182849199_WEB.html
SILVERTUC,SILVER TOUCH TECHNOLOGIES LIMITED,Vipul Haridas Thakkar,Promoter and Director,2026-09-09,BUY,1000.0,161560.0,161.56,26892760,21.21%,26893760,21.21%,09-09-2026,09-09-2026,Market Purchase,11-Sep-2026 18:28:31,https://nsearchives.nseindia.com/corporate/ixbrl/IT_15598_20260911_182831782_WEB.html
SILVERTUC,SILVER TOUCH TECHNOLOGIES LIMITED,Vipul Haridas Thakkar,Promoter and Director,2026-09-09,BUY,1000.0,161560.0,161.56,26892760,21.21%,26893760,21.21%,09-09-2026,09-09-2026,Market Purchase,11-Sep-2026 18:26:34,https://nsearchives.nseindia.com/corporate/ixbrl/IT_15598_20260911_182634489_WEB.html
SINCLAIR,SINCLAIRS HOTELS LIMITED,NAVIN CHAND SUCHANTI,Promoter,2026-08-28,BUY,145991.0,11646625.0,79.77632182805789,3565505,6.95%,3711496,7.23%,27-08-2026,28-08-2026,Market Purchase,29-Aug-2026 13:39:28,https://nsearchives.nseindia.com/corporate/ixbrl/IT_22933_20260829_133928320_WEB.html
SINCLAIR,SINCLAIRS HOTELS LIMITED,NAVIN CHAND SUCHANTI,Promoter,2026-09-01,BUY,15518.0,1294817.0,83.4396829488336,3711496,7.23%,3727014,7.26%,31-08-2026,01-09-2026,Market Purchase,02-Sep-2026 13:04:31,https://nsearchives.nseindia.com/corporate/ixbrl/IT_22933_20260902_130431804_WEB.html
SINCLAIR,SINCLAIRS HOTELS LIMITED,NAVIN CHAND SUCHANTI,Promoter,2026-09-03,BUY,17860.0,1505524.0,84.29585666293393,3727014,7.26%,3744874,7.30%,02-09-2026,03-09-2026,Market Purchase,04-Sep-2026 15:12:10,https://nsearchives.nseindia.com/corporate/ixbrl/IT_22933_20260904_151210358_WEB.html
SINCLAIR,SINCLAIRS HOTELS LIMITED,NAVIN CHAND SUCHANTI,Promoter,2026-09-04,BUY,5993.0,504730.0,84.21992324378442,3744874,7.30%,3750867,7.31%,04-09-2026,04-09-2026,Market Purchase,07-Sep-2026 15:37:56,https://nsearchives.nseindia.com/corporate/ixbrl/IT_22933_20260907_153756689_WEB.html
SINCLAIR,SINCLAIRS HOTELS LIMITED,NAVIN CHAND SUCHANTI,Promoter,2026-09-08,BUY,19278.0,1650464.0,85.6138603589584,3750867,7.31%,3770145,7.35%,07-09-2026,08-09-2026,Market Purchase,09-Sep-2026 13:34:52,https://nsearchives.nseindia.com/corporate/ixbrl/IT_22933_20260909_133452281_WEB.html
SINCLAIR,SINCLAIRS HOTELS LIMITED,NAVIN CHAND SUCHANTI,Promoter,2026-09-09,BUY,6659.0,554715.0,83.30304850578165,3770145,7.35%,3776804,7.36%,09-09-2026,09-09-2026,Market Purchase,11-Sep-2026 13:48:46,https://nsearchives.nseindia.com/corporate/ixbrl/IT_22933_20260911_134846621_WEB.html
SINCLAIR,SINCLAIRS HOTELS LIMITED,NAVIN CHAND SUCHANTI,Promoter,2026-09-15,BUY,17305.0,1385656.0,80.07258017913898,3776804,7.36%,3794109,7.40%,15-09-2026,15-09-2026,Market Purchase,17-Sep-2026 13:20:38,https://nsearchives.nseindia.com/corporate/ixbrl/IT_22933_20260917_132038586_WEB.html
SINCLAIR,SINCLAIRS HOTELS LIMITED,NAVIN CHAND SUCHANTI,Promoter,2026-09-24,BUY,17500.0,1417187.0,80.98211428571429,3794109,7.40%,3811609,7.43%,23-09-2026,24-09-2026,Market Purchase,25-Sep-2026 13:20:11,https://nsearchives.nseindia.com/corporate/ixbrl/IT_22933_20260925_132011140_WEB.html
SRGHFL,SRG HOUSING FINANCE LIMITED,Vinod Kumar Jain,Promoter,2026-09-15,BUY,70000.0,9777670.0,139.681,3216387,20.48%,3286387,20.92%,15-09-2026,15-09-2026,Market Purchase,17-Sep-2026 12:19:13,https://nsearchives.nseindia.com/corporate/ixbrl/IT_22272_20260917_121913528_WEB.html
SRGHFL,SRG HOUSING FINANCE LIMITED,Archis Jain,Promoter Group,2026-09-16,BUY,40000.0,5012220.0,125.3055,1176392,7.49%,1216392,7.74%,16-09-2026,16-09-2026,Market Purchase,17-Sep-2026 12:19:13,https://nsearchives.nseindia.com/corporate/ixbrl/IT_22272_20260917_121913528_WEB.html
SRGHFL,SRG HOUSING FINANCE LIMITED,Vinod Kumar Jain,Promoter,2026-09-16,BUY,40000.0,5040520.0,126.013,3286387,20.92%,3326387,21.18%,16-09-2026,16-09-2026,Market Purchase,17-Sep-2026 12:19:13,https://nsearchives.nseindia.com/corporate/ixbrl/IT_22272_20260917_121913528_WEB.html
SRHHYPOLTD,Sree Rayalaseema Hi-Strength Hypo Limited,TGV Industries Private Limited,Promoter Group,2026-08-26,BUY,1000.0,473208.0,473.208,8000,0.05%,9000,0.05%,26-08-2026,26-08-2026,Market Purchase,27-Aug-2026 17:04:54,https://nsearchives.nseindia.com/corporate/ixbrl/IT_2588_20260827_170454525_WEB.html
SRHHYPOLTD,Sree Rayalaseema Hi-Strength Hypo Limited,TGV Industries Private Limited,Promoter Group,2026-08-27,BUY,5600.0,2639678.0,471.37107142857144,9000,0.05%,14600,0.09%,27-08-2026,27-08-2026,Market Purchase,27-Aug-2026 17:04:54,https://nsearchives.nseindia.com/corporate/ixbrl/IT_2588_20260827_170454525_WEB.html
SRHHYPOLTD,Sree Rayalaseema Hi-Strength Hypo Limited,TGV Industries Private Limited,Promoter Group,2026-08-28,BUY,2596.0,1226875.0,472.60208012326655,14600,0.09%,17196,0.10%,28-08-2026,28-08-2026,Market Purchase,28-Aug-2026 17:01:46,https://nsearchives.nseindia.com/corporate/ixbrl/IT_2588_20260828_170146433_WEB.html
SRHHYPOLTD,Sree Rayalaseema Hi-Strength Hypo Limited,TGV Industries Private Limited,Promoter Group,2026-08-31,BUY,2663.0,1314723.0,493.6999624483665,17196,0.10%,19859,0.12%,31-08-2026,31-08-2026,Market Purchase,31-Aug-2026 16:08:56,https://nsearchives.nseindia.com/corporate/ixbrl/IT_2588_20260831_160856411_WEB.html
SRHHYPOLTD,Sree Rayalaseema Hi-Strength Hypo Limited,TGV Industries Private Limited,Promoter Group,2026-09-01,BUY,2000.0,993490.0,496.745,19859,0.12%,21859,0.13%,01-09-2026,01-09-2026,Market Purchase,01-Sep-2026 18:29:34,https://nsearchives.nseindia.com/corporate/ixbrl/IT_2588_20260901_182934590_WEB.html
SRHHYPOLTD,Sree Rayalaseema Hi-Strength Hypo Limited,TGV Industries Private Limited,Promoter Group,2026-09-02,BUY,2500.0,1240668.0,496.2672,21859,0.13%,24359,0.14%,02-09-2026,02-09-2026,Market Purchase,02-Sep-2026 16:26:58,https://nsearchives.nseindia.com/corporate/ixbrl/IT_2588_20260902_162658365_WEB.html
SRHHYPOLTD,Sree Rayalaseema Hi-Strength Hypo Limited,TGV Industries Private Limited,Promoter Group,2026-09-03,BUY,148.0,73733.0,498.19594594594594,24359,0.14%,24507,0.14%,03-09-2026,03-09-2026,Market Purchase,08-Sep-2026 17:27:36,https://nsearchives.nseindia.com/corporate/ixbrl/IT_2588_20260908_172736432_WEB.html
SRHHYPOLTD,Sree Rayalaseema Hi-Strength Hypo Limited,TGV IndustriesPrivate Limited,Promoter Group,2026-09-07,BUY,1500.0,799433.0,532.9553333333333,24507,0.14%,26007,0.15%,07-09-2026,07-09-2026,Market Purchase,08-Sep-2026 17:27:36,https://nsearchives.nseindia.com/corporate/ixbrl/IT_2588_20260908_172736432_WEB.html
SRHHYPOLTD,Sree Rayalaseema Hi-Strength Hypo Limited,TGV IndustriesPrivate Limited,Promoter Group,2026-09-08,BUY,4500.0,2388874.0,530.8608888888889,26007,0.15%,30507,0.18%,08-09-2026,08-09-2026,Market Purchase,08-Sep-2026 17:27:36,https://nsearchives.nseindia.com/corporate/ixbrl/IT_2588_20260908_172736432_WEB.html
SRHHYPOLTD,Sree Rayalaseema Hi-Strength Hypo Limited,TGV IndustriesPrivate Limited,Promoter Group,2026-09-09,BUY,2573.0,1371806.0,533.1542945977458,30507,0.18%,33080,0.19%,09-09-2026,09-09-2026,Market Purchase,10-Sep-2026 16:50:24,https://nsearchives.nseindia.com/corporate/ixbrl/IT_2588_20260910_165024316_WEB.html
SRHHYPOLTD,Sree Rayalaseema Hi-Strength Hypo Limited,TGV IndustriesPrivate Limited,Promoter Group,2026-09-10,BUY,5493.0,2869345.0,522.3639177134535,33080,0.19%,38573,0.22%,10-09-2026,10-09-2026,Market Purchase,10-Sep-2026 16:50:52,https://nsearchives.nseindia.com/corporate/ixbrl/IT_2588_20260910_165052307_WEB.html
SRHHYPOLTD,Sree Rayalaseema Hi-Strength Hypo Limited,TGV IndustriesPrivate Limited,Promoter Group,2026-09-11,BUY,3680.0,1918555.0,521.3464673913044,38573,0.22%,42253,0.25%,11-09-2026,11-09-2026,Market Purchase,11-Sep-2026 16:34:30,https://nsearchives.nseindia.com/corporate/ixbrl/IT_2588_20260911_163430650_WEB.html
SRHHYPOLTD,Sree Rayalaseema Hi-Strength Hypo Limited,TGV IndustriesPrivate Limited,Promoter Group,2026-09-15,BUY,8322.0,4293289.0,515.8962989665946,42253,0.25%,50575,0.29%,15-09-2026,15-09-2026,Market Purchase,16-Sep-2026 11:34:54,https://nsearchives.nseindia.com/corporate/ixbrl/IT_2588_20260916_113454389_WEB.html
SRHHYPOLTD,Sree Rayalaseema Hi-Strength Hypo Limited,TGV IndustriesPrivate Limited,Promoter Group,2026-09-16,BUY,2708.0,1363284.0,503.42836041358936,50575,0.29%,53283,0.31%,16-09-2026,16-09-2026,Market Purchase,16-Sep-2026 16:55:14,https://nsearchives.nseindia.com/corporate/ixbrl/IT_2588_20260916_165514424_WEB.html
SRHHYPOLTD,Sree Rayalaseema Hi-Strength Hypo Limited,TGV IndustriesPrivate Limited,Promoter Group,2026-09-17,BUY,4650.0,2403102.0,516.796129032258,53283,0.31%,57933,0.34%,17-09-2026,17-09-2026,Market Purchase,17-Sep-2026 16:38:24,https://nsearchives.nseindia.com/corporate/ixbrl/IT_2588_20260917_163824403_WEB.html
SRHHYPOLTD,Sree Rayalaseema Hi-Strength Hypo Limited,TGV IndustriesPrivate Limited,Promoter Group,2026-09-18,BUY,5000.0,2616997.0,523.3994,57933,0.34%,62933,0.37%,18-09-2026,18-09-2026,Market Purchase,18-Sep-2026 17:23:14,https://nsearchives.nseindia.com/corporate/ixbrl/IT_2588_20260918_172314343_WEB.html
SRHHYPOLTD,Sree Rayalaseema Hi-Strength Hypo Limited,TGV IndustriesPrivate Limited,Promoter Group,2026-09-21,BUY,5000.0,2634989.0,526.9978,62933,0.37%,67933,0.40%,21-09-2026,21-09-2026,Market Purchase,21-Sep-2026 16:40:55,https://nsearchives.nseindia.com/corporate/ixbrl/IT_2588_20260921_164055267_WEB.html
STEL,INE577L01016,SOFREAL MERCANTRADE PRIVATE LTD,Promoter Group,2026-06-23,BUY,2750.0,1673700.0,608.6181818181818,224432,1.22%,227182,1.23%,23-06-2026,23-06-2026,Market Purchase,26-Jun-2026 10:33:57,https://nsearchives.nseindia.com/corporate/ixbrl/IT_4020_20260626_103357905_WEB.html
STEL,STEL HOLDINGS LIMITED,SOFREAL MERCANTRADE PRIVATE LTD,Promoter Group,2026-06-24,BUY,6061.0,3702340.0,610.846394984326,227182,1.23%,233243,1.26%,24-06-2026,24-06-2026,Market Purchase,26-Jun-2026 10:34:03,https://nsearchives.nseindia.com/corporate/ixbrl/IT_4020_20260626_103402978_WEB.html
STEL,STEL HOLDINGS LIMITED,SOFREAL MERCANTRADE PRIVATE LTD,Promoter Group,2026-06-25,BUY,4767.0,2909040.0,610.2454373820012,233243,1.26%,238010,1.29%,25-06-2026,25-06-2026,Market Purchase,29-Jun-2026 20:45:20,https://nsearchives.nseindia.com/corporate/ixbrl/IT_4020_20260629_204519955_WEB.html
STEL,STEL HOLDINGS LIMITED,SOFREAL MERCANTRADE PRIVATE LTD,Promoter Group,2026-08-14,BUY,595.0,342016.0,574.8168067226891,238010,1.29%,238605,1.29%,14-08-2026,14-08-2026,Market Purchase,20-Aug-2026 23:58:57,https://nsearchives.nseindia.com/corporate/ixbrl/IT_4020_20260820_235857704_WEB.html
STEL,STEL HOLDINGS LIMITED,SOFREAL MERCANTRADE PRIVATE LTD,Promoter Group,2026-08-17,BUY,814.0,473110.0,581.2162162162163,238605,1.29%,239419,1.30%,17-08-2026,17-08-2026,Market Purchase,20-Aug-2026 23:58:57,https://nsearchives.nseindia.com/corporate/ixbrl/IT_4020_20260820_235857704_WEB.html
STEL,STEL HOLDINGS LIMITED,SOFREAL MERCANTRADE PRIVATE LTD,Promoter Group,2026-08-18,BUY,3317.0,1925522.0,580.5010551703347,239419,1.30%,242736,1.32%,18-08-2026,18-08-2026,Market Purchase,20-Aug-2026 23:58:57,https://nsearchives.nseindia.com/corporate/ixbrl/IT_4020_20260820_235857704_WEB.html
STEL,STEL HOLDINGS LIMITED,SOFREAL MERCANTRADE PRIVATE LTD,Promoter Group,2026-08-18,BUY,1.0,581.0,581.0,242736,1.32%,242737,1.32%,18-08-2026,18-08-2026,Market Purchase,20-Aug-2026 23:58:57,https://nsearchives.nseindia.com/corporate/ixbrl/IT_4020_20260820_235857704_WEB.html
STEL,STEL HOLDINGS LIMITED,SOFREAL MERCANTRADE PRIVATE LTD,Promoter Group,2026-08-19,BUY,2321.0,1347086.0,580.3903489875054,242737,1.32%,245058,1.33%,19-08-2026,19-08-2026,Market Purchase,20-Aug-2026 23:58:57,https://nsearchives.nseindia.com/corporate/ixbrl/IT_4020_20260820_235857704_WEB.html
STEL,STEL HOLDINGS LIMITED,SOFREAL MERCANTRADE PRIVATE LTD,Promoter Group,2026-08-19,BUY,164.0,95134.0,580.0853658536586,245058,1.33%,245222,1.33%,19-08-2026,19-08-2026,Market Purchase,20-Aug-2026 23:58:57,https://nsearchives.nseindia.com/corporate/ixbrl/IT_4020_20260820_235857704_WEB.html
STEL,STEL HOLDINGS LIMITED,SOFREAL MERCANTRADE PRIVATE LTD,Promoter Group,2026-08-20,BUY,1266.0,741145.0,585.4225908372828,245222,1.33%,246488,1.34%,20-08-2026,20-08-2026,Market Purchase,25-Aug-2026 20:51:44,https://nsearchives.nseindia.com/corporate/ixbrl/IT_4020_20260825_205144388_WEB.html
STEL,STEL HOLDINGS LIMITED,SOFREAL MERCANTRADE PRIVATE LTD,Promoter Group,2026-08-20,BUY,50.0,29275.0,585.5,246488,1.34%,246538,1.34%,20-08-2026,20-08-2026,Market Purchase,25-Aug-2026 20:51:44,https://nsearchives.nseindia.com/corporate/ixbrl/IT_4020_20260825_205144388_WEB.html
STEL,STEL HOLDINGS LIMITED,SOFREAL MERCANTRADE PRIVATE LTD,Promoter Group,2026-08-21,BUY,2249.0,1353958.0,602.0266785237884,246538,1.34%,248787,1.35%,21-08-2026,21-08-2026,Market Purchase,25-Aug-2026 20:51:44,https://nsearchives.nseindia.com/corporate/ixbrl/IT_4020_20260825_205144388_WEB.html
STEL,STEL HOLDINGS LIMITED,SOFREAL MERCANTRADE PRIVATE LTD,Promoter Group,2026-08-21,BUY,1.0,580.0,580.0,248787,1.35%,248788,1.35%,21-08-2026,21-08-2026,Market Purchase,25-Aug-2026 20:51:44,https://nsearchives.nseindia.com/corporate/ixbrl/IT_4020_20260825_205144388_WEB.html
STEL,STEL HOLDINGS LIMITED,SOFREAL MERCANTRADE PRIVATE LTD,Promoter Group,2026-08-24,BUY,10724.0,6659825.0,621.0206079820962,248788,1.35%,259512,1.41%,24-08-2026,24-08-2026,Market Purchase,27-Aug-2026 15:59:08,https://nsearchives.nseindia.com/corporate/ixbrl/IT_4020_20260827_155908916_WEB.html
STEL,STEL HOLDINGS LIMITED,SOFREAL MERCANTRADE PRIVATE LTD,Promoter Group,2026-08-24,BUY,145.0,89465.0,617.0,259512,1.41%,259657,1.41%,24-08-2026,24-08-2026,Market Purchase,27-Aug-2026 15:59:08,https://nsearchives.nseindia.com/corporate/ixbrl/IT_4020_20260827_155908916_WEB.html
STEL,STEL HOLDINGS LIMITED,SOFREAL MERCANTRADE PRIVATE LTD,Promoter Group,2026-08-25,BUY,704.0,430673.0,611.7514204545455,259657,1.41%,260361,1.41%,25-08-2026,25-08-2026,Market Purchase,27-Aug-2026 15:59:08,https://nsearchives.nseindia.com/corporate/ixbrl/IT_4020_20260827_155908916_WEB.html
STEL,STEL HOLDINGS LIMITED,SOFREAL MERCANTRADE PRIVATE LTD,Promoter Group,2026-08-25,BUY,12.0,7332.0,611.0,260361,1.41%,260373,1.41%,25-08-2026,25-08-2026,Market Purchase,27-Aug-2026 15:59:08,https://nsearchives.nseindia.com/corporate/ixbrl/IT_4020_20260827_155908916_WEB.html
STEL,STEL HOLDINGS LIMITED,SOFREAL MERCANTRADE PRIVATE LTD,Promoter Group,2026-08-26,BUY,1353.0,839768.0,620.6711012564671,260373,1.41%,261726,1.42%,26-08-2026,26-08-2026,Market Purchase,31-Aug-2026 23:39:52,https://nsearchives.nseindia.com/corporate/ixbrl/IT_4020_20260831_233952436_WEB.html
STEL,STEL HOLDINGS LIMITED,SOFREAL MERCANTRADE PRIVATE LTD,Promoter Group,2026-08-27,BUY,2543.0,2423421.0,952.9771922925678,261726,1.42%,264269,1.43%,27-08-2026,27-08-2026,Market Purchase,31-Aug-2026 23:39:52,https://nsearchives.nseindia.com/corporate/ixbrl/IT_4020_20260831_233952436_WEB.html
STEL,STEL HOLDINGS LIMITED,SOFREAL MERCANTRADE PRIVATE LTD,Promoter Group,2026-08-27,BUY,8.0,4935.0,616.875,264269,1.43%,264277,1.43%,27-08-2026,27-08-2026,Market Purchase,31-Aug-2026 23:39:52,https://nsearchives.nseindia.com/corporate/ixbrl/IT_4020_20260831_233952436_WEB.html
STEL,STEL HOLDINGS LIMITED,SOFREAL MERCANTRADE PRIVATE LTD,Promoter Group,2026-08-28,BUY,359.0,224299.0,624.7883008356546,264277,1.43%,264636,1.43%,28-08-2026,28-08-2026,Market Purchase,02-Sep-2026 15:04:18,https://nsearchives.nseindia.com/corporate/ixbrl/IT_4020_20260902_150418353_WEB.html
STEL,STEL HOLDINGS LIMITED,SOFREAL MERCANTRADE PRIVATE LTD,Promoter Group,2026-08-28,BUY,103.0,64375.0,625.0,264636,1.43%,264739,1.43%,28-08-2026,28-08-2026,Market Purchase,02-Sep-2026 15:04:18,https://nsearchives.nseindia.com/corporate/ixbrl/IT_4020_20260902_150418353_WEB.html
STEL,STEL HOLDINGS LIMITED,SOFREAL MERCANTRADE PRIVATE LTD,Promoter Group,2026-08-31,BUY,2961.0,1958329.0,661.3741979061128,264739,1.43%,267700,1.45%,31-08-2026,31-08-2026,Market Purchase,02-Sep-2026 15:04:18,https://nsearchives.nseindia.com/corporate/ixbrl/IT_4020_20260902_150418353_WEB.html
STEL,STEL HOLDINGS LIMITED,SOFREAL MERCANTRADE PRIVATE LTD,Promoter Group,2026-08-31,BUY,310.0,201765.0,650.8548387096774,267700,1.45%,268010,1.45%,31-08-2026,31-08-2026,Market Purchase,02-Sep-2026 15:04:18,https://nsearchives.nseindia.com/corporate/ixbrl/IT_4020_20260902_150418353_WEB.html
STEL,STEL HOLDINGS LIMITED,LEBNITZE REAL ESTATES PVT LTD,Promoter Group,2026-09-02,BUY,114.0,69007.0,605.3245614035088,551727,2.99%,551841,2.99%,02-09-2026,02-09-2026,Market Purchase,13-Sep-2026 18:37:00,https://nsearchives.nseindia.com/corporate/ixbrl/IT_4020_20260913_183700599_WEB.html
STEL,STEL HOLDINGS LIMITED,LEBNITZE REAL ESTATES PVT LTD,Promoter Group,2026-09-09,BUY,778.0,459694.0,590.866323907455,551841,2.99%,552619,2.99%,09-09-2026,09-09-2026,Market Purchase,13-Sep-2026 18:37:00,https://nsearchives.nseindia.com/corporate/ixbrl/IT_4020_20260913_183700599_WEB.html
STEL,STEL HOLDINGS LIMITED,LEBNITZE REAL ESTATES PVT LTD,Promoter Group,2026-09-10,BUY,1840.0,1088460.0,591.554347826087,552619,2.99%,554459,3.00%,10-09-2026,10-09-2026,Market Purchase,13-Sep-2026 18:37:00,https://nsearchives.nseindia.com/corporate/ixbrl/IT_4020_20260913_183700599_WEB.html
STEL,STEL HOLDINGS LIMITED,LEBNITZE REAL ESTATES PVT LTD,Promoter Group,2026-09-11,BUY,1561.0,938665.0,601.322869955157,554459,3.00%,556020,3.01%,11-09-2026,11-09-2026,Market Purchase,13-Sep-2026 23:19:14,https://nsearchives.nseindia.com/corporate/ixbrl/IT_4020_20260913_231914122_WEB.html
STEL,STEL HOLDINGS LIMITED,LEBNITZE REAL ESTATES PVT LTD,Promoter Group,2026-09-15,BUY,1073.0,641809.0,598.1444547996272,556020,3.01%,557093,3.02%,15-09-2026,15-09-2026,Market Purchase,18-Sep-2026 00:04:46,https://nsearchives.nseindia.com/corporate/ixbrl/IT_4020_20260918_000446655_WEB.html
STEL,STEL HOLDINGS LIMITED,LEBNITZE REAL ESTATES PVT LTD,Promoter Group,2026-09-16,BUY,3481.0,2091925.0,600.9551852915829,557093,3.02%,560574,3.03%,16-09-2026,16-09-2026,Market Purchase,18-Sep-2026 00:04:46,https://nsearchives.nseindia.com/corporate/ixbrl/IT_4020_20260918_000446655_WEB.html
STEL,STEL HOLDINGS LIMITED,LEBNITZE REAL ESTATES PVT LTD,Promoter Group,2026-09-17,BUY,930.0,579156.0,622.7483870967742,560574,3.03%,561504,3.04%,17-09-2026,17-09-2026,Market Purchase,19-Sep-2026 14:11:02,https://nsearchives.nseindia.com/corporate/ixbrl/IT_4020_20260919_141102351_WEB.html
STEL,STEL HOLDINGS LIMITED,LEBNITZE REAL ESTATES PVT LTD,Promoter Group,2026-09-18,BUY,5558.0,3595398.0,646.8870097157251,561504,3.04%,567062,3.07%,18-09-2026,18-09-2026,Market Purchase,19-Sep-2026 14:11:02,https://nsearchives.nseindia.com/corporate/ixbrl/IT_4020_20260919_141102351_WEB.html
STEL,STEL HOLDINGS LIMITED,LEBNITZE REAL ESTATES PVT LTD,Promoter Group,2026-09-21,BUY,11202.0,7397087.0,660.3362792358507,567062,3.07%,578264,3.13%,21-09-2026,21-09-2026,Market Purchase,22-Sep-2026 11:41:47,https://nsearchives.nseindia.com/corporate/ixbrl/IT_4020_20260922_114147462_WEB.html
STUDDS,Studds Accessories Limited,Sidhartha Bhushan Khurana,Promoter and Director,2026-09-11,BUY,16609.0,6931636.0,417.3421638870492,11709360,29.75%,11725969,29.80%,11-09-2026,11-09-2026,Market Purchase,15-Sep-2026 15:41:06,https://nsearchives.nseindia.com/corporate/ixbrl/IT_25886_20260915_154106461_WEB.html
STUDDS,Studds Accessories Limited,Sidhartha Bhushan Khurana,Promoter and Director,2026-09-11,BUY,16609.0,6931636.0,417.3421638870492,11709360,29.75%,11725969,29.80%,11-09-2026,11-09-2026,Market Purchase,15-Sep-2026 15:39:28,https://nsearchives.nseindia.com/corporate/ixbrl/IT_25886_20260915_153927950_WEB.html
TAINWALCHM,TAINWALA CHEMICALS AND PLASTICS (INDIA) LIMITED,Periwinkle Fashions Private Limited,Promoter Group,2026-06-09,OTHER,25000.0,4831250.0,193.25,8844,0.09%,33844,0.36%,09-06-2026,09-06-2026,Off Market,31-Aug-2026 12:10:46,https://nsearchives.nseindia.com/corporate/ixbrl/IT_481_20260831_121046633_WEB.html
TAINWALCHM,TAINWALA CHEMICALS AND PLASTICS (INDIA) LIMITED,PERIWINKLE FASHIONS PRIVATE LIMITED,Promoter Group,2026-08-18,BUY,9473.0,1967586.0,207.70463422358281,33844,0.36%,43317,0.46%,10-08-2026,18-08-2026,Market Purchase,19-Aug-2026 16:42:48,https://nsearchives.nseindia.com/corporate/ixbrl/IT_481_20260819_164248373_WEB.html
TAINWALCHM,TAINWALA CHEMICALS AND PLASTICS (INDIA) LIMITED,PERIWINKLE FASHIONS PRIVATE LIMITED,Promoter Group,2026-08-19,BUY,1000.0,214000.0,214.0,43317,0.46%,44317,0.47%,19-08-2026,19-08-2026,Market Purchase,22-Aug-2026 13:04:06,https://nsearchives.nseindia.com/corporate/ixbrl/IT_481_20260822_130406340_WEB.html
TAINWALCHM,TAINWALA CHEMICALS AND PLASTICS (INDIA) LIMITED,PERIWINKLE FASHIONS PRIVATE LIMITED,Promoter Group,2026-08-25,BUY,1140.0,249925.0,219.23245614035088,44317,0.47%,45457,0.48%,24-08-2026,25-08-2026,Market Purchase,26-Aug-2026 15:08:32,https://nsearchives.nseindia.com/corporate/ixbrl/IT_481_20260826_150832299_WEB.html
TAINWALCHM,TAINWALA CHEMICALS AND PLASTICS (INDIA) LIMITED,PERIWINKLE FASHIONS PRIVATE LIMITED,Promoter Group,2026-08-26,BUY,1000.0,216990.0,216.99,45457,0.48%,46457,0.49%,26-08-2026,26-08-2026,Market Purchase,27-Aug-2026 15:34:23,https://nsearchives.nseindia.com/corporate/ixbrl/IT_481_20260827_153423148_WEB.html
TAINWALCHM,TAINWALA CHEMICALS AND PLASTICS (INDIA) LIMITED,PERIWINKLE FASHIONS PRIVATE LIMITED,Promoter Group,2026-08-27,BUY,1000.0,215000.0,215.0,46457,0.49%,47457,0.50%,27-08-2026,27-08-2026,Market Purchase,01-Sep-2026 13:52:46,https://nsearchives.nseindia.com/corporate/ixbrl/IT_481_20260901_135246310_WEB.html
TAINWALCHM,TAINWALA CHEMICALS AND PLASTICS (INDIA) LIMITED,PERIWINKLE FASHIONS PRIVATE LIMITED,Promoter Group,2026-09-01,BUY,168.0,34776.0,207.0,47457,0.50%,47625,0.51%,01-09-2026,01-09-2026,Market Purchase,02-Sep-2026 15:58:08,https://nsearchives.nseindia.com/corporate/ixbrl/IT_481_20260902_155808250_WEB.html
TAINWALCHM,TAINWALA CHEMICALS AND PLASTICS (INDIA) LIMITED,PERIWINKLE FASHIONS PRIVATE LIMITED,Promoter Group,2026-09-07,BUY,1168.0,248707.0,212.93407534246575,47625,0.51%,48793,0.52%,04-09-2026,07-09-2026,Market Purchase,08-Sep-2026 14:11:26,https://nsearchives.nseindia.com/corporate/ixbrl/IT_481_20260908_141126695_WEB.html
TAINWALCHM,TAINWALA CHEMICALS AND PLASTICS (INDIA) LIMITED,PERIWINKLE FASHIONS PRIVATE LIMITED,Promoter Group,2026-09-09,BUY,2349.0,502360.0,213.86121753937846,48793,0.52%,51142,0.54%,08-09-2026,09-09-2026,Market Purchase,10-Sep-2026 14:04:40,https://nsearchives.nseindia.com/corporate/ixbrl/IT_481_20260910_140440149_WEB.html
TAINWALCHM,TAINWALA CHEMICALS AND PLASTICS (INDIA) LIMITED,PERIWINKLE FASHIONS PRIVATE LIMITED,Promoter Group,2026-09-10,BUY,2787.0,585437.0,210.05992106207393,51142,0.54%,53929,0.57%,10-09-2026,10-09-2026,Market Purchase,11-Sep-2026 11:54:10,https://nsearchives.nseindia.com/corporate/ixbrl/IT_481_20260911_115410478_WEB.html
TAINWALCHM,TAINWALA CHEMICALS AND PLASTICS (INDIA) LIMITED,PERIWINKLE FASHIONS PRIVATE LIMITED,Promoter Group,2026-09-15,BUY,4747.0,981110.0,206.68000842637454,53929,0.57%,58676,0.63%,15-09-2026,15-09-2026,Market Purchase,17-Sep-2026 12:23:20,https://nsearchives.nseindia.com/corporate/ixbrl/IT_481_20260917_122320334_WEB.html
TAINWALCHM,TAINWALA CHEMICALS AND PLASTICS (INDIA) LIMITED,PERIWINKLE FASHIONS PRIVATE LIMITED,Promoter Group,2026-09-16,BUY,1875.0,392681.0,209.42986666666667,58676,0.63%,60551,0.65%,16-09-2026,16-09-2026,Market Purchase,17-Sep-2026 12:23:20,https://nsearchives.nseindia.com/corporate/ixbrl/IT_481_20260917_122320334_WEB.html
TAINWALCHM,TAINWALA CHEMICALS AND PLASTICS (INDIA) LIMITED,PERIWINKLE FASHIONS PRIVATE LIMITED,Promoter Group,2026-09-17,BUY,1602.0,336420.0,210.0,60551,0.65%,62153,0.66%,17-09-2026,17-09-2026,Market Purchase,21-Sep-2026 17:20:10,https://nsearchives.nseindia.com/corporate/ixbrl/IT_481_20260921_172009942_WEB.html
TAINWALCHM,TAINWALA CHEMICALS AND PLASTICS (INDIA) LIMITED,PERIWINKLE FASHIONS PRIVATE LIMITED,Promoter Group,2026-09-22,BUY,428.0,94734.0,221.34112149532712,62153,0.66%,62581,0.67%,22-09-2026,22-09-2026,Market Purchase,25-Sep-2026 11:37:12,https://nsearchives.nseindia.com/corporate/ixbrl/IT_481_20260925_113712443_WEB.html
THANGAMAYL,THANGAMYAYIL JEWELLERY LIMITED,THANGAMAYIL GOLD AND DIAMOND PRIVATE LIMITED,Promoter Group,2026-08-04,BUY,3600.0,17318295.0,4810.6375,1698513,5.46%,1702113,5.48%,04-08-2026,04-08-2026,Market Purchase,06-Aug-2026 10:49:08,https://nsearchives.nseindia.com/corporate/ixbrl/IT_3067_20260806_104908492_WEB.html
THANGAMAYL,THANGAMAYIL JEWELLERY LIMITED,BALUSAMY SILVEARS JEWELLERY PRIVATE LIMITED,Promoter Group,2026-08-06,BUY,1080.0,5476270.0,5070.62037037037,545756,1.76%,546836,1.76%,06-08-2026,06-08-2026,Market Purchase,07-Aug-2026 17:39:45,https://nsearchives.nseindia.com/corporate/ixbrl/IT_3067_20260807_173945153_WEB.html
THANGAMAYL,THANGAMAIYL JEWELLERY LIMITED,BALUSAMY SILVEARS JEWELLERY PRIVATE LIMITED,Promoter Group,2026-08-07,BUY,1330.0,6982391.0,5249.918045112782,546836,1.76%,548166,1.76%,07-08-2026,07-08-2026,Market Purchase,11-Aug-2026 12:22:42,https://nsearchives.nseindia.com/corporate/ixbrl/IT_3067_20260811_122242812_WEB.html
THANGAMAYL,THANGAMAYIL JEWELLERY LIMITED,THANGAMAYIL GOLD AND DIAMOND PRIVATE LIMITED,Promoter Group,2026-08-07,BUY,4250.0,22398800.0,5270.305882352941,1702113,5.48%,1706363,5.49%,07-08-2026,07-08-2026,Market Purchase,11-Aug-2026 12:49:29,https://nsearchives.nseindia.com/corporate/ixbrl/IT_3067_20260811_124929643_WEB.html
THANGAMAYL,THANGAMAYIL JEWELLERY LIMITED,NARAYANAN BALUSAMY KUMAR,Promoter,2026-08-24,BUY,2675.0,14921891.0,5578.277009345795,5453497,17.55%,5456172,17.55%,24-08-2026,24-08-2026,Market Purchase,25-Aug-2026 14:43:56,https://nsearchives.nseindia.com/corporate/ixbrl/IT_3067_20260825_144356651_WEB.html
THANGAMAYL,THANGAMAYIL JEWELLERY LIMITED,NARAYANAN BALUSAMY KUMAR,Promoter,2026-08-31,BUY,925.0,4957111.0,5359.038918918919,5456172,17.55%,5457097,17.56%,31-08-2026,31-08-2026,Market Purchase,01-Sep-2026 17:23:46,https://nsearchives.nseindia.com/corporate/ixbrl/IT_3067_20260901_172346316_WEB.html
TIGERLOGS,Tiger Logistics (India) Limited,Brahma Suppliers Private Limited,Promoter Group,2026-06-24,BUY,19000.0,727320.0,38.28,35090000,33.19%,35109000,33.21%,24-06-2026,24-06-2026,Market Purchase,25-Jun-2026 17:54:39,https://nsearchives.nseindia.com/corporate/ixbrl/IT_26474_20260625_175439702_WEB.html
TIGERLOGS,Tiger Logistics (India) Limited,Brahma Suppliers Private Limited,Promoter Group,2026-06-25,BUY,20000.0,760800.0,38.04,35109000,33.21%,35129000,33.23%,25-06-2026,25-06-2026,Market Purchase,26-Jun-2026 16:33:07,https://nsearchives.nseindia.com/corporate/ixbrl/IT_26474_20260626_163307897_WEB.html
TIGERLOGS,Tiger Logistics (India) Limited,Brahma Suppliers Private Limited,Promoter Group,2026-06-29,BUY,25000.0,934500.0,37.38,35129000,33.23%,35154000,33.25%,29-06-2026,29-06-2026,Market Purchase,30-Jun-2026 20:08:13,https://nsearchives.nseindia.com/corporate/ixbrl/IT_26474_20260630_200813429_WEB.html
TIGERLOGS,Tiger Logistics (India) Limited,Brahma Suppliers Private Limited,Promoter Group,2026-06-30,BUY,25000.0,930750.0,37.23,35154000,33.25%,35179000,33.27%,30-06-2026,30-06-2026,Market Purchase,30-Jun-2026 20:08:13,https://nsearchives.nseindia.com/corporate/ixbrl/IT_26474_20260630_200813429_WEB.html
TIGERLOGS,Tiger Logistics (India) Limited,Brahma Suppliers Private Limited,Promoter Group,2026-08-19,BUY,25000.0,728000.0,29.12,35179000,33.27%,35204000,33.30%,19-08-2026,19-08-2026,Market Purchase,20-Aug-2026 20:20:08,https://nsearchives.nseindia.com/corporate/ixbrl/IT_26474_20260820_202008480_WEB.html
TIGERLOGS,Tiger Logistics (India) Limited,Brahma Suppliers Private Limited,Promoter Group,2026-08-20,BUY,25000.0,731000.0,29.24,35204000,33.30%,35229000,33.32%,20-08-2026,20-08-2026,Market Purchase,20-Aug-2026 20:20:08,https://nsearchives.nseindia.com/corporate/ixbrl/IT_26474_20260820_202008480_WEB.html
TIGERLOGS,Tiger Logistics (India) Limited,Brahma Suppliers Private Limited,Promoter Group,2026-08-24,BUY,25000.0,743750.0,29.75,35229000,33.32%,35254000,33.34%,24-08-2026,24-08-2026,Market Purchase,25-Aug-2026 19:19:21,https://nsearchives.nseindia.com/corporate/ixbrl/IT_26474_20260825_191921374_WEB.html
TIGERLOGS,Tiger Logistics (India) Limited,Brahma Suppliers Private Limited,Promoter Group,2026-09-16,BUY,25000.0,691000.0,27.64,35254000,33.34%,35279000,33.37%,16-09-2026,16-09-2026,Market Purchase,17-Sep-2026 17:04:11,https://nsearchives.nseindia.com/corporate/ixbrl/IT_26474_20260917_170411865_WEB.html
TIGERLOGS,Tiger Logistics (India) Limited,Brahma Suppliers Private Limited,Promoter Group,2026-09-22,BUY,25000.0,647750.0,25.91,35279000,33.37%,35304000,33.39%,22-09-2026,22-09-2026,Market Purchase,23-Sep-2026 20:19:19,https://nsearchives.nseindia.com/corporate/ixbrl/IT_26474_20260923_201919573_WEB.html
TIGERLOGS,Tiger Logistics (India) Limited,Brahma Suppliers Private Limited,Promoter Group,2026-09-23,BUY,25000.0,672500.0,26.9,35304000,33.39%,35329000,33.42%,23-09-2026,23-09-2026,Market Purchase,23-Sep-2026 20:19:19,https://nsearchives.nseindia.com/corporate/ixbrl/IT_26474_20260923_201919573_WEB.html
TRUALT,TRUALT BIOENERGY LIMITED,NIRANI HOLDINGS PRIVATE LIMITED,Promoter Group,2026-08-05,BUY,21600.0,10000363.0,462.97976851851854,1223830,1.43%,1245430,1.45%,05-08-2026,05-08-2026,Market Purchase,07-Aug-2026 15:32:53,https://nsearchives.nseindia.com/corporate/ixbrl/IT_24291_20260807_153253079_WEB.html
TRUALT,TRUALT BIOENERGY LIMITED,NIRANI HOLDINGS PRIVATE LIMITED,Promoter Group,2026-08-05,BUY,21600.0,10000363.0,462.97976851851854,1223830,1.43%,1245430,1.45%,05-08-2026,05-08-2026,Market Purchase,07-Aug-2026 15:32:32,https://nsearchives.nseindia.com/corporate/ixbrl/IT_24291_20260807_153232932_WEB.html
TRUALT,TRUALT BIOENERGY LIMITED,NIRANI HOLDINGS PRIVATE LIMITED,Promoter Group,2026-08-07,BUY,91705.0,43664418.0,476.13999236682844,1245430,1.45%,1337135,1.56%,07-08-2026,07-08-2026,Market Purchase,07-Aug-2026 20:34:49,https://nsearchives.nseindia.com/corporate/ixbrl/IT_24291_20260807_203449321_WEB.html
TRUALT,TRUALT BIOENERGY LIMITED,NIRANI HOLDINGS PRIVATE LIMITED,Promoter Group,2026-08-07,BUY,91705.0,43664418.0,476.13999236682844,1245430,1.45%,1337135,1.56%,07-08-2026,07-08-2026,Market Purchase,07-Aug-2026 20:26:38,https://nsearchives.nseindia.com/corporate/ixbrl/IT_24291_20260807_202638399_WEB.html
TRUALT,TRUALT BIOENERGY LIMITED,NIRANI HOLDINGS PRIVATE LIMITED,Promoter Group,2026-08-10,BUY,57801.0,27638126.0,478.1599972318818,1337135,1.56%,1394936,1.63%,10-08-2026,10-08-2026,Market Purchase,10-Aug-2026 19:07:20,https://nsearchives.nseindia.com/corporate/ixbrl/IT_24291_20260810_190720578_WEB.html
TRUALT,TRUALT BIOENERGY LIMITED,NIRANI HOLDINGS PRIVATE LIMITED,Promoter Group,2026-08-10,BUY,57801.0,27638126.0,478.1599972318818,1337135,1.56%,1394936,1.63%,10-08-2026,10-08-2026,Market Purchase,10-Aug-2026 19:03:48,https://nsearchives.nseindia.com/corporate/ixbrl/IT_24291_20260810_190347981_WEB.html
TRUALT,TRUALT BIOENERGY LIMITED,NIRANI HOLDINGS PRIVATE LIMITED,Promoter Group,2026-08-11,BUY,24200.0,11576796.0,478.38,1394936,1.63%,1419136,1.65%,11-08-2026,11-08-2026,Market Purchase,12-Aug-2026 14:55:22,https://nsearchives.nseindia.com/corporate/ixbrl/IT_24291_20260812_145522890_WEB.html
TRUALT,TRUALT BIOENERGY LIMITED,NIRANI HOLDINGS PRIVATE LIMITED,Promoter Group,2026-08-12,BUY,20000.0,9351200.0,467.56,1419136,1.65%,1439136,1.68%,12-08-2026,12-08-2026,Market Purchase,13-Aug-2026 14:39:22,https://nsearchives.nseindia.com/corporate/ixbrl/IT_24291_20260813_143922650_WEB.html
TRUALT,TRUALT BIOENERGY LIMITED,NIRANI HOLDINGS PRIVATE LIMITED,Promoter Group,2026-09-15,BUY,98700.0,40550895.0,410.85,1439136,1.68%,1537836,1.79%,15-09-2026,15-09-2026,Market Purchase,15-Sep-2026 19:19:58,https://nsearchives.nseindia.com/corporate/ixbrl/IT_24291_20260915_191958634_WEB.html
TRUALT,TRUALT BIOENERGY LIMITED,NIRANI HOLDINGS PRIVATE LIMITED,Promoter Group,2026-09-16,BUY,69575.0,29379435.0,422.2699964067553,1537836,1.79%,1607411,1.87%,15-09-2026,16-09-2026,Market Purchase,16-Sep-2026 22:42:46,https://nsearchives.nseindia.com/corporate/ixbrl/IT_24291_20260916_224246486_WEB.html
TRUALT,TRUALT BIOENERGY LIMITED,NIRANI HOLDINGS PRIVATE LIMITED,Promoter Group,2026-09-17,BUY,50000.0,21232000.0,424.64,1607411,1.87%,1657411,1.93%,17-09-2026,17-09-2026,Market Purchase,17-Sep-2026 17:43:07,https://nsearchives.nseindia.com/corporate/ixbrl/IT_24291_20260917_174307808_WEB.html
TRUALT,TRUALT BIOENERGY LIMITED,NIRANI HOLDINGS PRIVATE LIMITED,Promoter Group,2026-09-22,OTHER,1400000.0,581000000.0,415.0,1657411,1.93%,1657411,1.93%,22-09-2026,22-09-2026,Pledge Creation,24-Sep-2026 17:13:20,https://nsearchives.nseindia.com/corporate/ixbrl/IT_24291_20260924_171320124_WEB.html
UYFINCORP,U. Y. Fincorp Limited,Dipti Deepak Kothari,Promoter Group,2026-08-17,BUY,36123.0,768438.0,21.272817872269744,3689002,1.94%,3725125,1.96%,17-08-2026,17-08-2026,Market Purchase,20-Aug-2026 17:49:28,https://nsearchives.nseindia.com/corporate/ixbrl/IT_21090_20260820_174928450_WEB.html
UYFINCORP,U. Y. Fincorp Limited,Dipti Deepak Kothari,Promoter Group,2026-08-19,BUY,50000.0,1036722.0,20.73444,3725125,1.96%,3775125,1.98%,19-08-2026,19-08-2026,Market Purchase,20-Aug-2026 17:49:28,https://nsearchives.nseindia.com/corporate/ixbrl/IT_21090_20260820_174928450_WEB.html
UYFINCORP,U. Y. Fincorp Limited,Dipti Deepak Kothari,Promoter Group,2026-08-19,BUY,150000.0,3155173.0,21.034486666666666,3775125,1.98%,3925125,2.06%,19-08-2026,19-08-2026,Market Purchase,20-Aug-2026 17:49:28,https://nsearchives.nseindia.com/corporate/ixbrl/IT_21090_20260820_174928450_WEB.html
VEEGALAND,Veegaland Developers Limited,Kochouseph Thomas Chittilappilly,Promoter and Director,2026-09-18,BUY,800000.0,117176839.0,146.47104875,22698500,46.56%,23498500,48.20%,18-09-2026,18-09-2026,Market Purchase,21-Sep-2026 15:20:04,https://nsearchives.nseindia.com/corporate/ixbrl/IT_27602_20260921_152004390_WEB.html
VEEGALAND,Veegaland Developers Limited,Kochouseph Thomas Chittilappilly,Promoter and Director,2026-09-21,BUY,107946.0,15013939.0,139.08749745242991,23498500,48.20%,23606446,48.42%,21-09-2026,21-09-2026,Market Purchase,22-Sep-2026 15:08:43,https://nsearchives.nseindia.com/corporate/ixbrl/IT_27602_20260922_150843623_WEB.html
VEEGALAND,Veegaland Developers Limited,Kochouseph Thomas Chittilappilly,Promoter and Director,2026-09-21,BUY,192054.0,27287946.0,142.08475741197788,23606446,48.42%,23798500,48.82%,21-09-2026,21-09-2026,Market Purchase,22-Sep-2026 15:08:43,https://nsearchives.nseindia.com/corporate/ixbrl/IT_27602_20260922_150843623_WEB.html
VEEGALAND,Veegaland Developers Limited,Kochouseph Thomas Chittilappilly,Promoter and Director,2026-09-22,BUY,269246.0,37304401.0,138.5513656655995,23798500,48.82%,24067746,49.37%,22-09-2026,22-09-2026,Market Purchase,23-Sep-2026 16:49:23,https://nsearchives.nseindia.com/corporate/ixbrl/IT_27602_20260923_164923521_WEB.html
VIVIANA,VIVIANA POWER TECH LIMITED,Priyanka Richi Choksi,Promoter and Director,2026-06-29,BUY,4379.0,3623803.0,827.541219456497,207420,2.05%,211799,2.09%,25-06-2026,29-06-2026,Market Purchase,30-Jun-2026 10:58:27,https://nsearchives.nseindia.com/corporate/ixbrl/IT_20783_20260630_105827892_WEB.html
VIVIANA,VIVIANA POWER TECH LIMITED,Priyanka Richi Choksi,Promoter and Director,2026-09-17,BUY,2490.0,1751854.0,703.5558232931727,211781,2.09%,214271,2.11%,13-08-2026,17-09-2026,Market Purchase,19-Sep-2026 16:39:39,https://nsearchives.nseindia.com/corporate/ixbrl/IT_20783_20260919_163939771_WEB.html
VSTL,VIBHOR STEEL TUBES LIMITED,VIJAY KUMAR KAUSHIK,Promoter and Director,2026-08-17,BUY,5000.0,534796.0,106.9592,4170400,21.99%,4175400,22.02%,14-08-2026,17-08-2026,Market Purchase,18-Aug-2026 10:51:14,https://nsearchives.nseindia.com/corporate/ixbrl/IT_22607_20260818_105114099_WEB.html
VSTL,VIBHOR STEEL TUBES LIMITED,VIJAY KUMAR KAUSHIK,Promoter and Director,2026-08-18,BUY,2000.0,213642.0,106.821,4175400,22.02%,4177400,22.03%,18-08-2026,18-08-2026,Market Purchase,19-Aug-2026 10:35:57,https://nsearchives.nseindia.com/corporate/ixbrl/IT_22607_20260819_103557390_WEB.html
VSTL,VIBHOR STEEL TUBES LIMITED,VIJAY KUMAR KAUSHIK,Promoter and Director,2026-08-19,BUY,2000.0,214322.0,107.161,4177400,22.03%,4179400,22.04%,19-08-2026,19-08-2026,Market Purchase,20-Aug-2026 12:43:06,https://nsearchives.nseindia.com/corporate/ixbrl/IT_22607_20260820_124306685_WEB.html
VSTL,VIBHOR STEEL TUBES LIMITED,VIJAY KUMAR KAUSHIK,Promoter and Director,2026-08-24,BUY,5600.0,621635.0,111.00625,4179400,22.04%,4185000,22.07%,24-08-2026,24-08-2026,Market Purchase,25-Aug-2026 12:15:11,https://nsearchives.nseindia.com/corporate/ixbrl/IT_22607_20260825_121511740_WEB.html
VSTL,VIBHOR STEEL TUBES LIMITED,VIJAY KUMAR KAUSHIK,Promoter and Director,2026-08-31,BUY,15000.0,1674120.0,111.608,4185000,22.07%,4200000,22.15%,31-08-2026,31-08-2026,Market Purchase,01-Sep-2026 10:30:35,https://nsearchives.nseindia.com/corporate/ixbrl/IT_22607_20260901_103035441_WEB.html
VSTL,VIBHOR STEEL TUBES LIMITED,VIJAY KUMAR KAUSHIK,Promoter and Director,2026-09-01,BUY,5000.0,563113.0,112.6226,4200000,22.15%,4205000,22.18%,01-09-2026,01-09-2026,Market Purchase,02-Sep-2026 10:48:47,https://nsearchives.nseindia.com/corporate/ixbrl/IT_22607_20260902_104847229_WEB.html
VSTL,VIBHOR STEEL TUBES LIMITED,VIJAY KUMAR KAUSHIK,Promoter and Director,2026-09-02,BUY,4000.0,455892.0,113.973,4205000,22.18%,4209000,22.20%,02-09-2026,02-09-2026,Market Purchase,03-Sep-2026 16:29:58,https://nsearchives.nseindia.com/corporate/ixbrl/IT_22607_20260903_162958633_WEB.html
VSTL,VIBHOR STEEL TUBES LIMITED,VIJAY KUMAR KAUSHIK,Promoter and Director,2026-09-03,BUY,1800.0,207193.0,115.10722222222222,4209000,22.20%,4210800,22.21%,03-09-2026,03-09-2026,Market Purchase,04-Sep-2026 19:21:01,https://nsearchives.nseindia.com/corporate/ixbrl/IT_22607_20260904_192101609_WEB.html
VSTL,VIBHOR STEEL TUBES LIMITED,VIJAY KUMAR KAUSHIK,Promoter and Director,2026-09-03,BUY,1800.0,207193.0,115.10722222222222,4209000,22.20%,4210800,22.21%,03-09-2026,03-09-2026,Market Purchase,04-Sep-2026 19:37:09,https://nsearchives.nseindia.com/corporate/ixbrl/IT_22607_20260904_193709123_WEB.html
VSTL,VIBHOR STEEL TUBES LIMITED,VIJAY KUMAR KAUSHIK,Promoter and Director,2026-09-03,BUY,1800.0,207193.0,115.10722222222222,4209000,22.20%,4210800,22.21%,03-09-2026,03-09-2026,Market Purchase,04-Sep-2026 19:19:25,https://nsearchives.nseindia.com/corporate/ixbrl/IT_22607_20260904_191925838_WEB.html
WCIL,WESTERN CARRIERS (INDIA) LIMITED,RAJENDRA SETHIA,Promoter and Director,2026-06-24,BUY,20000.0,2099200.0,104.96,74227605,72.80%,74247605,72.82%,24-06-2026,24-06-2026,Market Purchase,25-Jun-2026 20:47:06,https://nsearchives.nseindia.com/corporate/ixbrl/IT_22116_20260625_204706001_WEB.html
WCIL,WESTERN CARRIERS (INDIA) LIMITED,RAJENDRA SETHIA,Promoter and Director,2026-06-29,BUY,1106.0,110379.0,99.8001808318264,74247605,72.82%,74248711,72.82%,29-06-2026,29-06-2026,Market Purchase,30-Jun-2026 20:27:08,https://nsearchives.nseindia.com/corporate/ixbrl/IT_22116_20260630_202708536_WEB.html
WCIL,WESTERN CARRIERS (INDIA) LIMITED,RAJENDRA SETHIA,Promoter and Director,2026-06-30,BUY,5000.0,503500.0,100.7,74248711,72.82%,74253711,72.83%,30-06-2026,30-06-2026,Market Purchase,30-Jun-2026 20:27:08,https://nsearchives.nseindia.com/corporate/ixbrl/IT_22116_20260630_202708536_WEB.html
WCIL,WESTERN CARRIERS (INDIA) LIMITED,RAJENDRA SETHIA,Promoter and Director,2026-09-18,BUY,100000.0,9750000.0,97.5,74253711,72.83%,74353711,72.93%,18-09-2026,18-09-2026,Market Purchase,19-Sep-2026 14:05:00,https://nsearchives.nseindia.com/corporate/ixbrl/IT_22116_20260919_140500583_WEB.html
WCIL,WESTERN CARRIERS (INDIA) LIMITED,RAJENDRA SETHIA,Promoter and Director,2026-09-22,BUY,105000.0,10070550.0,95.91,74353711,72.93%,74458711,73.03%,22-09-2026,22-09-2026,Market Purchase,22-Sep-2026 18:59:05,https://nsearchives.nseindia.com/corporate/ixbrl/IT_22116_20260922_185905088_WEB.html
