Symbol,Company Name,Name of Person,Category of Person,TransactionDate,DisclosureDate,Broadcast Date/Time,Type of Instrument,Transaction Type,BuySell,MarketTransaction,Quantity,Value,Price,Securities Held Prior (No.),Securities Held Prior (%),Securities Held Post (No.),Securities Held Post (%),Date From,Date To,Mode of Acquisition/Disposal,Details URL
AAATECH,AAA TECHNOLOGIES LIMITED,VENUGOPAL MADANLAL DHOOT,Promoter,2026-08-04,2026-08-05 18:11:44,05-Aug-2026 18:11:44,Equity,Sell,SELL,OTHER,1102500.0,81651150.0,74.06,1102500,8.60%,0,0.00%,04-08-2026,04-08-2026,Off Market,https://nsearchives.nseindia.com/corporate/ixbrl/IT_18645_20260805_181144637_WEB.html
AAATECH,AAA TECHNOLOGIES LIMITED,SHOBHA VENUGOPAL DHOOT,Promoter,2026-08-04,2026-08-05 18:11:44,05-Aug-2026 18:11:44,Equity,Sell,SELL,OTHER,1102500.0,81651150.0,74.06,1102500,8.60%,0,0.00%,04-08-2026,04-08-2026,Off Market,https://nsearchives.nseindia.com/corporate/ixbrl/IT_18645_20260805_181144637_WEB.html
AAATECH,AAA TECHNOLOGIES LIMITED,ANIRUDH VENUGOPAL DHOOT,Promoter,2026-08-04,2026-08-05 18:11:44,05-Aug-2026 18:11:44,Equity,Sell,SELL,OTHER,1102500.0,81651150.0,74.06,1102500,8.60%,0,0.00%,04-08-2026,04-08-2026,Off Market,https://nsearchives.nseindia.com/corporate/ixbrl/IT_18645_20260805_181144637_WEB.html
AAATECH,AAA TECHNOLOGIES LIMITED,VINEET VENUGOPAL DHOOT,Promoter,2026-08-04,2026-08-05 18:11:44,05-Aug-2026 18:11:44,Equity,Sell,SELL,OTHER,1102500.0,81651150.0,74.06,1102500,8.60%,0,0.00%,04-08-2026,04-08-2026,Off Market,https://nsearchives.nseindia.com/corporate/ixbrl/IT_18645_20260805_181144637_WEB.html
AAATECH,AAA TECHNOLOGIES LIMITED,ASHOK KUMAR CHORDIA,Promoter,2026-08-04,2026-08-06 11:52:08,06-Aug-2026 11:52:08,Equity,Buy,BUY,OTHER,641340.0,47497640.0,74.05999937630585,4587,0.04%,645927,5.04%,04-08-2026,04-08-2026,Off Market,https://nsearchives.nseindia.com/corporate/ixbrl/IT_18645_20260806_115208265_WEB.html
AAATECH,AAA TECHNOLOGIES LIMITED,JYOTIRGAMYA ADVISORS PRIVATE LIMITED,Promoter,2026-08-04,2026-08-06 11:52:08,06-Aug-2026 11:52:08,Equity,Buy,BUY,OTHER,3768660.0,279106960.0,74.06000010613852,46469,0.36%,3815129,29.74%,04-08-2026,04-08-2026,Off Market,https://nsearchives.nseindia.com/corporate/ixbrl/IT_18645_20260806_115208265_WEB.html
AAKASH,AAKASH EXPLORATION SERVICES LIMITED,Krunal Pravin Haria,Promoter,2026-08-10,2026-08-14 15:59:11,14-Aug-2026 15:59:11,Equity,Sell,SELL,OTHER,7277950.0,7.0,9.618093006959376e-07,7277950,7.19%,0,0.00%,10-08-2026,10-08-2026,Inter-se-Transfer,https://nsearchives.nseindia.com/corporate/ixbrl/IT_16114_20260814_155911199_WEB.html
AAKASH,AAKASH EXPLORATION SERVICES LIMITED,Pravin Vershibhai Haria,Promoter Group,2026-08-10,2026-08-14 15:59:11,14-Aug-2026 15:59:11,Equity,Buy,BUY,OTHER,7277950.0,7.0,9.618093006959376e-07,0,0.00%,7277950,7.19%,10-08-2026,10-08-2026,Inter-se-Transfer,https://nsearchives.nseindia.com/corporate/ixbrl/IT_16114_20260814_155911199_WEB.html
AAKASH,AAKASH EXPLORATION SERVICES LIMITED,Krunal Pravin Haria,Promoter,2026-08-10,2026-08-14 16:00:51,14-Aug-2026 16:00:51,Equity,Sell,SELL,OTHER,7277950.0,7.0,9.618093006959376e-07,7277950,7.19%,0,0.00%,10-08-2026,10-08-2026,Inter-se-Transfer,https://nsearchives.nseindia.com/corporate/ixbrl/IT_16114_20260814_160051234_WEB.html
AAKASH,AAKASH EXPLORATION SERVICES LIMITED,Pravin Vershibhai Haria,Promoter Group,2026-08-10,2026-08-14 16:00:51,14-Aug-2026 16:00:51,Equity,Buy,BUY,OTHER,7277950.0,7.0,9.618093006959376e-07,0,0.00%,7277950,7.19%,10-08-2026,10-08-2026,Inter-se-Transfer,https://nsearchives.nseindia.com/corporate/ixbrl/IT_16114_20260814_160051234_WEB.html
AARTIPHARM,Aarti Pharmalabs Ltd,Safechem Enterprises Private Limited,Promoter Group,2026-06-24,2026-06-25 17:45:19,25-Jun-2026 17:45:19,Equity,Sell,SELL,MARKET_SELL,110000.0,79463186.0,722.3926,833000,0.92%,723000,0.80%,23-06-2026,24-06-2026,Market Sale,https://nsearchives.nseindia.com/corporate/ixbrl/IT_21272_20260625_174519156_WEB.html
AARTIPHARM,Aarti Pharmalabs Ltd,Safechem Enterprises Private Limited,Promoter Group,2026-06-25,2026-06-25 17:45:19,25-Jun-2026 17:45:19,Equity,Sell,SELL,MARKET_SELL,20500.0,14544504.0,709.488,723000,0.80%,702500,0.77%,24-06-2026,25-06-2026,Market Sale,https://nsearchives.nseindia.com/corporate/ixbrl/IT_21272_20260625_174519156_WEB.html
AARTIPHARM,Aarti Pharmalabs Ltd,Safechem Enterprises Private Limited,Promoter Group,2026-06-30,2026-07-01 12:21:21,01-Jul-2026 12:21:21,Equity,Sell,SELL,MARKET_SELL,65000.0,44651113.0,686.9402,702500,0.77%,637500,0.70%,29-06-2026,30-06-2026,Market Sale,https://nsearchives.nseindia.com/corporate/ixbrl/IT_21272_20260701_122121198_WEB.html
AARTIPHARM,Aarti Pharmalabs Ltd,Safechem Enterprises Private Limited,Promoter Group,2026-07-01,2026-07-02 18:25:54,02-Jul-2026 18:25:54,Equity,Sell,SELL,MARKET_SELL,88268.0,60257280.0,682.6627996555943,637500,0.70%,549232,0.60%,30-06-2026,01-07-2026,Market Sale,https://nsearchives.nseindia.com/corporate/ixbrl/IT_21272_20260702_182554552_WEB.html
AARTIPHARM,Aarti Pharmalabs Ltd,Safechem Enterprises Private Limited,Promoter Group,2026-08-14,2026-08-18 17:14:44,18-Aug-2026 17:14:44,Equity,Sell,SELL,MARKET_SELL,23482.0,20706197.0,881.7901797121199,549232,0.60%,525750,0.58%,13-08-2026,14-08-2026,Market Sale,https://nsearchives.nseindia.com/corporate/ixbrl/IT_21272_20260818_171444397_WEB.html
AARTIPHARM,Aarti Pharmalabs Ltd,Nikhil Parimal Desai,Promoter Group,2026-08-14,2026-08-18 17:14:44,18-Aug-2026 17:14:44,Equity,Sell,SELL,MARKET_SELL,10000.0,8683188.0,868.3188,681754,0.75%,671754,0.74%,13-08-2026,14-08-2026,Market Sale,https://nsearchives.nseindia.com/corporate/ixbrl/IT_21272_20260818_171444397_WEB.html
AARTIPHARM,Aarti Pharmalabs Ltd,Safechem Enterprises Private Limited,Promoter Group,2026-08-18,2026-08-18 17:14:44,18-Aug-2026 17:14:44,Equity,Sell,SELL,MARKET_SELL,55000.0,47292306.0,859.8601090909091,525750,0.58%,470750,0.52%,17-08-2026,18-08-2026,Market Sale,https://nsearchives.nseindia.com/corporate/ixbrl/IT_21272_20260818_171444397_WEB.html
AARTIPHARM,Aarti Pharmalabs Ltd,Nikhil Parimal Desai,Promoter Group,2026-08-18,2026-08-18 17:14:44,18-Aug-2026 17:14:44,Equity,Sell,SELL,MARKET_SELL,5000.0,4408950.0,881.79,671754,0.74%,666754,0.73%,17-08-2026,18-08-2026,Market Sale,https://nsearchives.nseindia.com/corporate/ixbrl/IT_21272_20260818_171444397_WEB.html
AARTIPHARM,Aarti Pharmalabs Limited,Safechem Enterprises Private Limited,Promoter Group,2026-08-19,2026-08-19 18:04:31,19-Aug-2026 18:04:31,Equity,Sell,SELL,MARKET_SELL,15000.0,13180373.0,878.6915333333334,470750,0.52%,455750,0.50%,18-08-2026,19-08-2026,Market Sale,https://nsearchives.nseindia.com/corporate/ixbrl/IT_21272_20260819_180431315_WEB.html
AARTIPHARM,Aarti Pharmalabs Limited,Safechem Enterprises Private Limited,Promoter Group,2026-08-27,2026-08-31 14:39:06,31-Aug-2026 14:39:06,Equity,Sell,SELL,MARKET_SELL,600.0,511888.0,853.1466666666666,455750,0.50%,455150,0.50%,26-08-2026,27-08-2026,Market Sale,https://nsearchives.nseindia.com/corporate/ixbrl/IT_21272_20260831_143906615_WEB.html
ADL,ARCHIDPLY DECOR LIMITED,ASSAM TIMBER PRODUCTS PRIVATE LIMITED,Promoter,2026-06-05,2026-06-09 20:16:47,09-Jun-2026 20:16:47,Equity,Buy,BUY,OTHER,706962.0,0.0,0.0,1102937,19.81%,1809899,32.51%,05-06-2026,05-06-2026,Scheme of Amalgamation/Merger/Demerger/Arrangement,https://nsearchives.nseindia.com/corporate/ixbrl/IT_20260609_201647924_WEB.html
ADL,ARCHIDPLY DECOR LIMITED,RAVI MARKETING AND SERVICES PRIVATE LIMITED,Promoter,2026-06-05,2026-06-09 20:16:47,09-Jun-2026 20:16:47,Equity,Sell,SELL,OTHER,706962.0,0.0,0.0,706962,12.70%,0,0.00%,05-06-2026,05-06-2026,Scheme of Amalgamation/Merger/Demerger/Arrangement,https://nsearchives.nseindia.com/corporate/ixbrl/IT_20260609_201647924_WEB.html
ADL,ARCHIDPLY DECOR LIMITED,SHREE SHYAM TEA PVT LTD,Promoter,2026-06-05,2026-06-09 20:16:47,09-Jun-2026 20:16:47,Equity,Buy,BUY,OTHER,985877.0,0.0,0.0,69475,1.25%,1055352,18.96%,05-06-2026,05-06-2026,Scheme of Amalgamation/Merger/Demerger/Arrangement,https://nsearchives.nseindia.com/corporate/ixbrl/IT_20260609_201647924_WEB.html
ADL,ARCHIDPLY DECOR LIMITED,VANRAJ SUPPLIERS PVT. LTD,Promoter,2026-06-05,2026-06-09 20:16:47,09-Jun-2026 20:16:47,Equity,Sell,SELL,OTHER,985877.0,0.0,0.0,985877,17.71%,0,0.00%,05-06-2026,05-06-2026,Scheme of Amalgamation/Merger/Demerger/Arrangement,https://nsearchives.nseindia.com/corporate/ixbrl/IT_20260609_201647924_WEB.html
ADOR,ADOR WELDING LIMITED,LATE PRAVENA KRISHNA MATHUR,Promoter,2026-07-24,2026-08-03 15:54:29,03-Aug-2026 15:54:29,Equity,Sell,SELL,MARKET_SELL,19232.0,27703790.0,1440.504887687188,20132,0.12%,900,0.01%,24-07-2026,24-07-2026,Market Sale,https://nsearchives.nseindia.com/corporate/ixbrl/IT_301_20260803_155429860_WEB.html
ADVAIT,ADVAIT ENERGY TRANSITIONS LIMITED,Rejal Sheth,Promoter,2026-06-16,2026-06-18 16:42:44,18-Jun-2026 16:42:44,Equity,Sell,SELL,OTHER,1000000.0,0.0,0.0,1628179,14.88%,628179,5.74%,16-06-2026,16-06-2026,Inter-se-Transfer,https://nsearchives.nseindia.com/corporate/ixbrl/IT_26866_20260618_164244793_WEB.html
ADVAIT,ADVAIT ENERGY TRANSITIONS LIMITED,Shalin Sheth,Promoter,2026-06-16,2026-06-18 16:42:44,18-Jun-2026 16:42:44,Equity,Buy,BUY,OTHER,1000000.0,0.0,0.0,5602500,51.20%,6602500,60.34%,16-06-2026,16-06-2026,Inter-se-Transfer,https://nsearchives.nseindia.com/corporate/ixbrl/IT_26866_20260618_164244793_WEB.html
AEROENTER,AEROFLEX ENTERPRISES LIMITED,A Flex Invest Private Limited,Promoter Group,2026-06-05,2026-06-05 20:29:00,05-Jun-2026 20:29:00,Equity,Buy,BUY,MARKET_BUY,233500.0,23753120.0,101.72642398286938,7500000,6.63%,7733500,6.84%,04-06-2026,05-06-2026,Market Purchase,https://nsearchives.nseindia.com/corporate/ixbrl/IT_20260605_202900601_WEB.html
AEROENTER,AEROFLEX ENTERPRISES LIMITED,A Flex Invest Private Limited,Promoter Group,2026-06-05,2026-06-05 20:45:14,05-Jun-2026 20:45:14,Equity,Buy,BUY,MARKET_BUY,233500.0,23753120.0,101.72642398286938,7500000,6.63%,7733500,6.84%,04-06-2026,05-06-2026,Market Purchase,https://nsearchives.nseindia.com/corporate/ixbrl/IT_20260605_204514271_WEB.html
AEROENTER,AEROFLEX ENTERPRISES LIMITED,A Flex Invest Private Limited,Promoter Group,2026-06-09,2026-06-09 19:08:41,09-Jun-2026 19:08:41,Equity,Buy,BUY,MARKET_BUY,174000.0,17824560.0,102.44,7733500,6.84%,7907500,6.99%,08-06-2026,09-06-2026,Market Purchase,https://nsearchives.nseindia.com/corporate/ixbrl/IT_20260609_190841484_WEB.html
AEROENTER,AEROFLEX ENTERPRISES LIMITED,A Flex Invest Private Limited,Promoter Group,2026-06-11,2026-06-11 19:16:59,11-Jun-2026 19:16:59,Equity,Buy,BUY,MARKET_BUY,150000.0,15862500.0,105.75,7907500,6.99%,8057500,7.13%,10-06-2026,11-06-2026,Market Purchase,https://nsearchives.nseindia.com/corporate/ixbrl/IT_20260611_191659172_WEB.html
AEROENTER,AEROFLEX ENTERPRISES LIMITED,A Flex Invest Private Limited,Promoter Group,2026-06-16,2026-06-16 19:12:39,16-Jun-2026 19:12:39,Equity,Buy,BUY,MARKET_BUY,190000.0,20824000.0,109.6,8057500,7.13%,8247500,7.29%,15-06-2026,16-06-2026,Market Purchase,https://nsearchives.nseindia.com/corporate/ixbrl/IT_21141_20260616_191239194_WEB.html
AEROENTER,AEROFLEX ENTERPRISES LIMITED,A Flex Invest Private Limited,Promoter Group,2026-06-17,2026-06-18 20:53:36,18-Jun-2026 20:53:36,Equity,Buy,BUY,MARKET_BUY,100000.0,11330000.0,113.3,8247500,7.29%,8347500,7.38%,17-06-2026,17-06-2026,Market Purchase,https://nsearchives.nseindia.com/corporate/ixbrl/IT_21141_20260618_205336745_WEB.html
AFCONS,Afcons Infrastructure Limited,GOSWAMI INFRATECH PRIVATE LIMITED,Promoter,2026-07-21,2026-07-24 11:28:24,24-Jul-2026 11:28:24,Equity,Pledge,OTHER,OTHER,92072053.0,26705498973.0,290.05000000380136,92072053,25.03%,92072053,25.03%,21-07-2026,21-07-2026,Pledge Release,https://nsearchives.nseindia.com/corporate/ixbrl/IT_23599_20260724_112824337_WEB.html
AFCONS,Afcons Infrastructure Limited,GOSWAMI INFRATECH PRIVATE LIMITED,Promoter,2026-07-21,2026-07-24 11:28:24,24-Jul-2026 11:28:24,Equity,Pledge,OTHER,OTHER,92072053.0,26705498973.0,290.05000000380136,92072053,25.03%,92072053,25.03%,21-07-2026,21-07-2026,Pledge Creation,https://nsearchives.nseindia.com/corporate/ixbrl/IT_23599_20260724_112824337_WEB.html
AFCONS,Afcons Infrastructure Limited,GOSWAMI INFRATECH PRIVATE LIMITED,Promoter,2026-07-21,2026-07-24 11:33:33,24-Jul-2026 11:33:33,Equity,Pledge,OTHER,OTHER,92072053.0,26705498973.0,290.05000000380136,92072053,25.03%,92072053,25.03%,21-07-2026,21-07-2026,Pledge Release,https://nsearchives.nseindia.com/corporate/ixbrl/IT_23599_20260724_113332924_WEB.html
AFCONS,Afcons Infrastructure Limited,GOSWAMI INFRATECH PRIVATE LIMITED,Promoter,2026-07-21,2026-07-24 11:33:33,24-Jul-2026 11:33:33,Equity,Pledge,OTHER,OTHER,92072053.0,26705498973.0,290.05000000380136,92072053,25.03%,92072053,25.03%,21-07-2026,21-07-2026,Pledge Creation,https://nsearchives.nseindia.com/corporate/ixbrl/IT_23599_20260724_113332924_WEB.html
AFCONS,Afcons Infrastructure Limited,GOSWAMI INFRATECH PRIVATE LIMITED,Promoter,2026-07-21,2026-07-24 11:33:57,24-Jul-2026 11:33:57,Equity,Pledge,OTHER,OTHER,92072053.0,26705498973.0,290.05000000380136,92072053,25.03%,92072053,25.03%,21-07-2026,21-07-2026,Pledge Release,https://nsearchives.nseindia.com/corporate/ixbrl/IT_23599_20260724_113357517_WEB.html
AFCONS,Afcons Infrastructure Limited,GOSWAMI INFRATECH PRIVATE LIMITED,Promoter,2026-07-21,2026-07-24 11:33:57,24-Jul-2026 11:33:57,Equity,Pledge,OTHER,OTHER,92072053.0,26705498973.0,290.05000000380136,92072053,25.03%,92072053,25.03%,21-07-2026,21-07-2026,Pledge Creation,https://nsearchives.nseindia.com/corporate/ixbrl/IT_23599_20260724_113357517_WEB.html
AJANTPHARM,Ajanta Pharma Limited,GABS INVESTMENTS PVT LTD,Promoter Group,2026-06-02,2026-06-05 11:14:14,05-Jun-2026 11:14:14,Equity,Pledge,OTHER,OTHER,2770000.0,8076766000.0,2915.8,12588393,10.08%,12588393,10.08%,02-06-2026,02-06-2026,Pledge Creation,https://nsearchives.nseindia.com/corporate/ixbrl/IT_20260605_111414787_WEB.html
AJANTPHARM,Ajanta Pharma Limited,"AAYUSH M AGRAWAL, TRUSTEE AAYUSH AGRAWAL TRUST",Promoter,2026-06-02,2026-06-05 11:14:14,05-Jun-2026 11:14:14,Equity,Pledge,OTHER,OTHER,2855925.0,8327306115.0,2915.8,14112924,11.30%,14112924,11.30%,02-06-2026,02-06-2026,Pledge Creation,https://nsearchives.nseindia.com/corporate/ixbrl/IT_20260605_111414787_WEB.html
AJANTPHARM,Ajanta Pharma Limited,"RAVI P AGRAWAL, TRUSTEE RAVI AGRAWAL TRUST",Promoter,2026-06-09,2026-06-09 12:59:27,09-Jun-2026 12:59:27,Equity,Sell,SELL,MARKET_SELL,3450000.0,10239600000.0,2968.0,16242904,13.00%,12792904,10.24%,09-06-2026,09-06-2026,Market Sale,https://nsearchives.nseindia.com/corporate/ixbrl/IT_20260609_125927219_WEB.html
AKI,AKI India Limited,ASAD KAMAL IRAQI,Promoter,2026-09-01,2026-09-03 18:06:02,03-Sep-2026 18:06:02,Equity,Buy,BUY,OTHER,100000.0,1000000.0,10.0,40671843,39.41%,40771843,39.51%,01-09-2026,01-09-2026,Off Market,https://nsearchives.nseindia.com/corporate/ixbrl/IT_21546_20260903_180602092_WEB.html
AKI,AKI India Limited,ASAD KAMAL IRAQI,Promoter,2026-09-01,2026-09-03 18:46:34,03-Sep-2026 18:46:34,Equity,Buy,BUY,OTHER,100000.0,1000000.0,10.0,40671843,39.41%,40771843,39.51%,01-09-2026,01-09-2026,Off Market,https://nsearchives.nseindia.com/corporate/ixbrl/IT_21546_20260903_184634349_WEB.html
AKI,AKI India Limited,ASAD KAMAL IRAQI,Promoter,2026-09-01,2026-09-03 18:59:41,03-Sep-2026 18:59:41,Equity,Buy,BUY,OTHER,100000.0,1000000.0,10.0,40671843,39.41%,40771843,39.51%,01-09-2026,01-09-2026,Off Market,https://nsearchives.nseindia.com/corporate/ixbrl/IT_21546_20260903_185941783_WEB.html
AKI,AKI India Limited,ASAD KAMAL IRAQI,Promoter,2026-09-01,2026-09-03 19:01:34,03-Sep-2026 19:01:34,Equity,Buy,BUY,OTHER,100000.0,1000000.0,10.0,40671843,39.41%,40771843,39.51%,01-09-2026,01-09-2026,Off Market,https://nsearchives.nseindia.com/corporate/ixbrl/IT_21546_20260903_190134461_WEB.html
AKI,AKI India Limited,ASAD KAMAL IRAQI,Promoter,2026-09-01,2026-09-03 19:04:35,03-Sep-2026 19:04:35,Equity,Buy,BUY,OTHER,100000.0,1000000.0,10.0,40671843,39.41%,40771843,39.51%,01-09-2026,01-09-2026,Off Market,https://nsearchives.nseindia.com/corporate/ixbrl/IT_21546_20260903_190435836_WEB.html
AKI,AKI India Limited,ASAD KAMAL IRAQI,Promoter,2026-09-01,2026-09-03 19:06:20,03-Sep-2026 19:06:20,Equity,Buy,BUY,OTHER,100000.0,1000000.0,10.0,40671843,39.41%,40771843,39.51%,01-09-2026,01-09-2026,Off Market,https://nsearchives.nseindia.com/corporate/ixbrl/IT_21546_20260903_190620242_WEB.html
AKI,AKI India Limited,ASAD KAMAL IRAQI,Promoter,2026-09-01,2026-09-03 19:12:09,03-Sep-2026 19:12:09,Equity,Buy,BUY,OTHER,100000.0,1000000.0,10.0,40671843,39.41%,40771843,39.51%,01-09-2026,01-09-2026,Off Market,https://nsearchives.nseindia.com/corporate/ixbrl/IT_21546_20260903_191209074_WEB.html
AKI,AKI India Limited,ASAD KAMAL IRAQI,Promoter,2026-09-02,2026-09-03 18:50:50,03-Sep-2026 18:50:50,Equity,Buy,BUY,OTHER,100000.0,1000000.0,10.0,40671843,39.41%,40771843,39.51%,01-09-2026,02-09-2026,Off Market,https://nsearchives.nseindia.com/corporate/ixbrl/IT_21546_20260903_185050864_WEB.html
ALEMBICLTD,Alembic Limited,Nirayu  Private Limited,Promoter Group,2026-08-17,2026-08-17 19:34:08,17-Aug-2026 19:34:08,Equity,Buy,BUY,MARKET_BUY,454376.0,39869975.0,87.74665695371235,161915052,63.06%,162369428,63.23%,14-08-2026,17-08-2026,Market Purchase,https://nsearchives.nseindia.com/corporate/ixbrl/IT_1817_20260817_193408112_WEB.html
ALEMBICLTD,Alembic Limited,Nirayu  Private Limited,Promoter Group,2026-08-19,2026-08-19 19:40:50,19-Aug-2026 19:40:50,Equity,Buy,BUY,MARKET_BUY,115719.0,10337171.0,89.32993717539902,162369428,63.23%,162485147,63.28%,18-08-2026,19-08-2026,Market Purchase,https://nsearchives.nseindia.com/corporate/ixbrl/IT_1817_20260819_194050349_WEB.html
ALEMBICLTD,Alembic Limited,Nirayu  Private Limited,Promoter Group,2026-08-25,2026-08-26 19:34:06,26-Aug-2026 19:34:06,Equity,Buy,BUY,MARKET_BUY,129136.0,12261881.0,94.95323534877959,162485147,63.28%,162614283,63.33%,25-08-2026,25-08-2026,Market Purchase,https://nsearchives.nseindia.com/corporate/ixbrl/IT_1817_20260826_193406018_WEB.html
ALEMBICLTD,Alembic Limited,Nirayu  Private Limited,Promoter Group,2026-09-01,2026-09-01 19:19:49,01-Sep-2026 19:19:49,Equity,Buy,BUY,MARKET_BUY,216969.0,21475422.0,98.9792182293323,162614283,63.33%,162831252,63.41%,31-08-2026,01-09-2026,Market Purchase,https://nsearchives.nseindia.com/corporate/ixbrl/IT_1817_20260901_191949048_WEB.html
ALEMBICLTD,Alembic Limited,Nirayu  Private Limited,Promoter Group,2026-09-02,2026-09-03 20:25:22,03-Sep-2026 20:25:22,Equity,Buy,BUY,MARKET_BUY,9495.0,940827.0,99.08657187993681,162831252,63.41%,162840747,63.42%,02-09-2026,02-09-2026,Market Purchase,https://nsearchives.nseindia.com/corporate/ixbrl/IT_1817_20260903_202522327_WEB.html
ALEMBICLTD,Alembic Limited,Nirayu  Private Limited,Promoter Group,2026-09-02,2026-09-03 20:35:49,03-Sep-2026 20:35:49,Equity,Buy,BUY,MARKET_BUY,9495.0,940827.0,99.08657187993681,162831252,63.41%,162840747,63.42%,02-09-2026,02-09-2026,Market Purchase,https://nsearchives.nseindia.com/corporate/ixbrl/IT_1817_20260903_203549258_WEB.html
ALICON,ALICON CASTALLOY LIMITED,Ishaan Rai,Promoter and Director,2026-06-08,2026-06-09 13:14:06,09-Jun-2026 13:14:06,Equity,Buy,BUY,MARKET_BUY,1850.0,1188833.0,642.6124324324325,12,0.00%,1862,0.01%,08-06-2026,08-06-2026,Market Purchase,https://nsearchives.nseindia.com/corporate/ixbrl/IT_20260609_131406681_WEB.html
ALICON,ALICON CASTALLOY LIMITED,UC Rai Holding Private Limited,Promoter Group,2026-06-10,2026-06-11 16:33:00,11-Jun-2026 16:33:00,Equity,Buy,BUY,MARKET_BUY,1650.0,1077573.0,653.0745454545455,334998,2.05%,336648,2.06%,09-06-2026,10-06-2026,Market Purchase,https://nsearchives.nseindia.com/corporate/ixbrl/IT_20260611_163259924_WEB.html
ALMONDZ,ALMONDZ GLOBAL SECURITIES LIMITED,INNOVATIVE MONEY MATTERS PRIVATE LIMITED,Promoter,2026-08-27,2026-08-28 11:38:26,28-Aug-2026 11:38:26,Equity,Buy,BUY,MARKET_BUY,195000.0,3173606.0,16.274902564102565,0,0.00%,195000,0.10%,27-08-2026,27-08-2026,Market Purchase,https://nsearchives.nseindia.com/corporate/ixbrl/IT_2757_20260828_113826331_WEB.html
ALMONDZ,ALMONDZ GLOBAL SECURITIES LIMITED,INNOVATIVE MONEY MATTERS PRIVATE LIMITED,Promoter,2026-08-28,2026-08-31 12:19:26,31-Aug-2026 12:19:26,Equity,Buy,BUY,MARKET_BUY,5000.0,80864.0,16.1728,195000,0.10%,200000,0.10%,28-08-2026,28-08-2026,Market Purchase,https://nsearchives.nseindia.com/corporate/ixbrl/IT_2757_20260831_121926092_WEB.html
ALMONDZ,ALMONDZ GLOBAL SECURITIES LIMITED,INNOVATIVE MONEY MATTERS PRIVATE LIMITED,Promoter,2026-08-31,2026-09-01 09:40:10,01-Sep-2026 09:40:10,Equity,Buy,BUY,MARKET_BUY,137858.0,2404057.0,17.438647013593698,200000,0.10%,337858,0.17%,31-08-2026,31-08-2026,Market Purchase,https://nsearchives.nseindia.com/corporate/ixbrl/IT_2757_20260901_094010637_WEB.html
ALMONDZ,ALMONDZ GLOBAL SECURITIES LIMITED,INNOVATIVE MONEY MATTERS PRIVATE LIMITED,Promoter,2026-09-01,2026-09-02 10:24:38,02-Sep-2026 10:24:38,Equity,Buy,BUY,MARKET_BUY,150000.0,2624105.0,17.494033333333334,337858,0.17%,487858,0.25%,01-09-2026,01-09-2026,Market Purchase,https://nsearchives.nseindia.com/corporate/ixbrl/IT_2757_20260902_102438386_WEB.html
ALMONDZ,ALMONDZ GLOBAL SECURITIES LIMITED,INNOVATIVE MONEY MATTERS PRIVATE LIMITED,Promoter,2026-09-02,2026-09-03 16:25:17,03-Sep-2026 16:25:17,Equity,Buy,BUY,MARKET_BUY,100000.0,1736212.0,17.36212,487858,0.25%,587858,0.30%,02-09-2026,02-09-2026,Market Purchase,https://nsearchives.nseindia.com/corporate/ixbrl/IT_2757_20260903_162516987_WEB.html
ALPHAGEO,ALPHAGEO (INDIA) LIMITED,ANISHA ALLA,Promoter Group,2026-08-17,2026-08-18 17:49:35,18-Aug-2026 17:49:35,Equity,Sell,SELL,MARKET_SELL,2100.0,663858.0,316.12285714285713,192600,3.03%,190500,3.00%,17-08-2026,17-08-2026,Market Sale,https://nsearchives.nseindia.com/corporate/ixbrl/IT_2590_20260818_174935187_WEB.html
ALPHAGEO,ALPHAGEO (INDIA) LIMITED,SASHANK ALLA,Promoter Group,2026-08-17,2026-08-18 17:49:35,18-Aug-2026 17:49:35,Equity,Sell,SELL,MARKET_SELL,1500.0,508011.0,338.674,224000,3.52%,222500,3.50%,17-08-2026,17-08-2026,Market Sale,https://nsearchives.nseindia.com/corporate/ixbrl/IT_2590_20260818_174935187_WEB.html
AMANTA,Amanta Healthcare Limited,Kirit Ambalal Desai,Promoter Group,2026-06-15,2026-06-17 16:18:23,17-Jun-2026 16:18:23,Equity,Sell,SELL,MARKET_SELL,5000.0,786550.0,157.31,1133079,2.92%,1128079,2.91%,15-06-2026,15-06-2026,Market Sale,https://nsearchives.nseindia.com/corporate/ixbrl/IT_24620_20260617_161823294_WEB.html
AMANTA,Amanta Healthcare Limited,Bhavesh Girishbhai Patel,Promoter and Director,2026-06-17,2026-06-18 14:04:20,18-Jun-2026 14:04:20,Equity,Buy,BUY,MARKET_BUY,4635.0,696730.0,150.319309600863,6326544,16.29%,6331179,16.31%,17-06-2026,17-06-2026,Market Purchase,https://nsearchives.nseindia.com/corporate/ixbrl/IT_24620_20260618_140420647_WEB.html
AMANTA,Amanta Healthcare Limited,Jitendrakumar Jashbhai Patel,Promoter,2026-06-18,2026-06-22 14:03:14,22-Jun-2026 14:03:14,Equity,Buy,BUY,MARKET_BUY,16200.0,2429680.0,149.98024691358026,3485838,8.98%,3502038,9.02%,16-06-2026,18-06-2026,Market Purchase,https://nsearchives.nseindia.com/corporate/ixbrl/IT_24620_20260622_140314871_WEB.html
AMANTA,Amanta Healthcare Limited,Bhavesh Girishbhai Patel,Promoter and Director,2026-06-30,2026-07-01 14:05:14,01-Jul-2026 14:05:14,Equity,Buy,BUY,OTHER,1000.0,160000.0,160.0,6331179,16.31%,6332179,16.31%,30-06-2026,30-06-2026,Off Market,https://nsearchives.nseindia.com/corporate/ixbrl/IT_24620_20260701_140514746_WEB.html
AMANTA,Amanta Healthcare Limited,Kirit Ambalal Desai,Promoter Group,2026-06-30,2026-07-01 14:05:14,01-Jul-2026 14:05:14,Equity,Sell,SELL,OTHER,1000.0,160000.0,160.0,1128079,2.91%,1127079,2.90%,30-06-2026,30-06-2026,Off Market,https://nsearchives.nseindia.com/corporate/ixbrl/IT_24620_20260701_140514746_WEB.html
ANMOL,ANMOL INDIA LIMITED,Vijay Kumar,Promoter and Director,2026-06-16,2026-06-17 19:04:06,17-Jun-2026 19:04:06,Equity,Buy,BUY,MARKET_BUY,3440000.0,38803200.0,11.28,4683750,8.23%,8123750,14.27%,16-06-2026,16-06-2026,Market Purchase,https://nsearchives.nseindia.com/corporate/ixbrl/IT_19518_20260617_190406534_WEB.html
ANMOL,ANMOL INDIA LIMITED,Tilak Raj,Promoter Group,2026-06-16,2026-06-17 19:04:06,17-Jun-2026 19:04:06,Equity,Sell,SELL,MARKET_SELL,3440000.0,38803200.0,11.28,7648400,13.44%,4208400,7.39%,16-06-2026,16-06-2026,Market Sale,https://nsearchives.nseindia.com/corporate/ixbrl/IT_19518_20260617_190406534_WEB.html
ANMOL,ANMOL INDIA LIMITED,Chakshu Goyal,Promoter and Director,2026-09-02,2026-09-03 20:48:30,03-Sep-2026 20:48:30,Equity,Pledge,OTHER,OTHER,3295400.0,27846130.0,8.45,10679400,18.76%,10679400,18.76%,02-09-2026,02-09-2026,Pledge Creation,https://nsearchives.nseindia.com/corporate/ixbrl/IT_19518_20260903_204830258_WEB.html
ANMOL,ANMOL INDIA LIMITED,Chakshu Goyal,Promoter and Director,2026-09-02,2026-09-03 20:50:50,03-Sep-2026 20:50:50,Equity,Pledge,OTHER,OTHER,3295400.0,27846130.0,8.45,10679400,18.76%,10679400,18.76%,02-09-2026,02-09-2026,Pledge Creation,https://nsearchives.nseindia.com/corporate/ixbrl/IT_19518_20260903_205050119_WEB.html
APCOTEXIND,APCOTEX INDUSTRIES LIMITED,Ankur Girish Choksey,Promoter Group,2026-08-11,2026-08-12 17:14:08,12-Aug-2026 17:14:08,Equity,Buy,BUY,MARKET_BUY,500.0,309000.0,618.0,34000,0.07%,34500,0.07%,11-08-2026,11-08-2026,Market Purchase,https://nsearchives.nseindia.com/corporate/ixbrl/IT_519_20260812_171408443_WEB.html
APCOTEXIND,APCOTEX INDUSTRIES LIMITED,Aquamarine Trading and Investments Private Limited,Promoter Group,2026-08-11,2026-08-12 17:14:08,12-Aug-2026 17:14:08,Equity,Buy,BUY,MARKET_BUY,500.0,307500.0,615.0,250315,0.48%,250815,0.48%,11-08-2026,11-08-2026,Market Purchase,https://nsearchives.nseindia.com/corporate/ixbrl/IT_519_20260812_171408443_WEB.html
APCOTEXIND,APCOTEX INDUSTRIES LIMITED,Ankur Girish Choksey,Promoter Group,2026-08-12,2026-08-13 14:34:20,13-Aug-2026 14:34:20,Equity,Buy,BUY,MARKET_BUY,500.0,299000.0,598.0,34500,0.07%,35000,0.07%,12-08-2026,12-08-2026,Market Purchase,https://nsearchives.nseindia.com/corporate/ixbrl/IT_519_20260813_143420715_WEB.html
APCOTEXIND,APCOTEX INDUSTRIES LIMITED,Aquamarine Trading and Investments Private Limited,Promoter Group,2026-08-12,2026-08-13 14:34:20,13-Aug-2026 14:34:20,Equity,Buy,BUY,MARKET_BUY,500.0,299000.0,598.0,250815,0.48%,251315,0.48%,12-08-2026,12-08-2026,Market Purchase,https://nsearchives.nseindia.com/corporate/ixbrl/IT_519_20260813_143420715_WEB.html
APLLTD,Alembic Pharmaceuticals Limited,Nirayu Private Limited,Promoter Group,2026-06-11,2026-06-12 18:37:16,12-Jun-2026 18:37:16,Equity,Buy,BUY,MARKET_BUY,75000.0,55951874.0,746.0249866666667,70228700,35.73%,70303700,35.77%,11-06-2026,11-06-2026,Market Purchase,https://nsearchives.nseindia.com/corporate/ixbrl/IT_20260612_183716903_WEB.html
APLLTD,Alembic Pharmaceuticals Limited,Nirayu Private Limited,Promoter Group,2026-06-17,2026-06-18 12:16:40,18-Jun-2026 12:16:40,Equity,Buy,BUY,MARKET_BUY,24832.0,18533069.0,746.3381523840206,70303700,35.77%,70328532,35.78%,16-06-2026,17-06-2026,Market Purchase,https://nsearchives.nseindia.com/corporate/ixbrl/IT_5232_20260618_121640491_WEB.html
APLLTD,Alembic Pharmaceuticals Limited,Nirayu Private Limited,Promoter Group,2026-06-18,2026-06-19 19:09:52,19-Jun-2026 19:09:52,Equity,Buy,BUY,MARKET_BUY,3278.0,2437173.0,743.493898718731,70328532,35.78%,70331810,35.78%,18-06-2026,18-06-2026,Market Purchase,https://nsearchives.nseindia.com/corporate/ixbrl/IT_5232_20260619_190952608_WEB.html
APOLLOHOSP,APOLLO HOSPITALS ENTERPRISE LIMITED,K VISHWESHWAR REDDY,Promoter,2026-08-17,2026-08-19 17:49:29,19-Aug-2026 17:49:29,Equity,Pledge,OTHER,OTHER,81000.0,714900000.0,8825.925925925925,1577350,1.10%,1577350,1.10%,17-08-2026,17-08-2026,Pledge Creation,https://nsearchives.nseindia.com/corporate/ixbrl/IT_417_20260819_174929279_WEB.html
APOLLOHOSP,APOLLO HOSPITALS ENTERPRISE LIMITED,K VISHWESHWAR REDDY,Promoter,2026-08-19,2026-08-20 16:08:34,20-Aug-2026 16:08:34,Equity,Pledge Revoke,OTHER,OTHER,115000.0,1006300000.0,8750.434782608696,1577350,1.10%,1577350,1.10%,19-08-2026,19-08-2026,Pledge Release,https://nsearchives.nseindia.com/corporate/ixbrl/IT_417_20260820_160834350_WEB.html
APOLLOHOSP,APOLLO HOSPITALS ENTERPRISE LIMITED,K VISHWESHWAR REDDY,Promoter,2026-08-25,2026-08-26 17:40:44,26-Aug-2026 17:40:44,Equity,Pledge,OTHER,OTHER,200000.0,1777800000.0,8889.0,1577350,1.10%,1577350,1.10%,25-08-2026,25-08-2026,Pledge Creation,https://nsearchives.nseindia.com/corporate/ixbrl/IT_417_20260826_174044314_WEB.html
AQYLON,AQYLON NEXUS LIMITED,KURJIBHAI PREMJIBHAI RUPARELIYA,Promoter,2026-06-04,2026-06-05 16:47:58,05-Jun-2026 16:47:58,Equity,Sell,SELL,MARKET_SELL,3758170.0,211133991.0,56.18000010643478,123322428,48.60%,119564258,47.12%,04-06-2026,04-06-2026,Market Sale,https://nsearchives.nseindia.com/corporate/ixbrl/IT_20260605_164758403_WEB.html
AQYLON,AQYLON NEXUS LIMITED,KURJIBHAI PREMJIBHAI RUPARELIYA,Promoter,2026-06-09,2026-06-10 18:38:56,10-Jun-2026 18:38:56,Equity,Sell,SELL,MARKET_SELL,3869282.0,225849990.0,58.3699999121284,119564258,47.12%,115694976,45.60%,09-06-2026,09-06-2026,Market Sale,https://nsearchives.nseindia.com/corporate/ixbrl/IT_20260610_183856568_WEB.html
ARCHIDPLY,ARCHIDPLY INDUSTRIES LIMITED,ASSAM TIMBER PRODUCTS PRIVATE LIMITED,Promoter,2026-06-05,2026-06-09 17:19:06,09-Jun-2026 17:19:06,Equity,Buy,BUY,OTHER,2827850.0,0.0,0.0,2255786,11.36%,5083636,25.60%,05-06-2026,05-06-2026,Scheme of Amalgamation/Merger/Demerger/Arrangement,https://nsearchives.nseindia.com/corporate/ixbrl/IT_20260609_171906551_WEB.html
ARCHIDPLY,ARCHIDPLY INDUSTRIES LIMITED,RAVI MARKETING AND SERVICES PRIVATE LIMITED,Promoter,2026-06-05,2026-06-09 17:19:06,09-Jun-2026 17:19:06,Equity,Sell,SELL,OTHER,2827850.0,0.0,0.0,2827850,14.24%,0,0.00%,05-06-2026,05-06-2026,Scheme of Amalgamation/Merger/Demerger/Arrangement,https://nsearchives.nseindia.com/corporate/ixbrl/IT_20260609_171906551_WEB.html
ARCHIDPLY,ARCHIDPLY INDUSTRIES LIMITED,SHREE SHYAM TEA PVT LTD,Promoter,2026-06-05,2026-06-09 17:19:06,09-Jun-2026 17:19:06,Equity,Buy,BUY,OTHER,3943509.0,0.0,0.0,277900,1.40%,4221409,21.25%,05-06-2026,05-06-2026,Scheme of Amalgamation/Merger/Demerger/Arrangement,https://nsearchives.nseindia.com/corporate/ixbrl/IT_20260609_171906551_WEB.html
ARCHIDPLY,ARCHIDPLY INDUSTRIES LIMITED,VANRAJ SUPPLIERS PVT. LTD,Promoter,2026-06-05,2026-06-09 17:19:06,09-Jun-2026 17:19:06,Equity,Sell,SELL,OTHER,3943509.0,0.0,0.0,3943509,19.85%,0,0.00%,05-06-2026,05-06-2026,Scheme of Amalgamation/Merger/Demerger/Arrangement,https://nsearchives.nseindia.com/corporate/ixbrl/IT_20260609_171906551_WEB.html
ARMANFIN,ARMAN FINANCIAL SERVICES LIMITED,Himani A. Manakiwala,Promoter Group,2026-08-28,2026-09-02 15:52:56,02-Sep-2026 15:52:56,Equity,Sell,SELL,MARKET_SELL,500.0,1015000.0,2030.0,4834,0.05%,4334,0.04%,28-08-2026,28-08-2026,Market Sale,https://nsearchives.nseindia.com/corporate/ixbrl/IT_13898_20260902_155256261_WEB.html
ARSSBL,Anand Rathi Share and Stock Brokers Limited,Asha Biyani,Promoter Group,2026-06-16,2026-06-18 15:06:24,18-Jun-2026 15:06:24,Equity,Buy,BUY,MARKET_BUY,20000.0,10900691.0,545.03455,0,0.00%,20000,0.03%,16-06-2026,16-06-2026,Market Purchase,https://nsearchives.nseindia.com/corporate/ixbrl/IT_25015_20260618_150624573_WEB.html
ARSSBL,Anand Rathi Share and Stock Brokers Limited,Asha Biyani,Promoter Group,2026-06-16,2026-06-18 15:11:13,18-Jun-2026 15:11:13,Equity,Buy,BUY,MARKET_BUY,20000.0,10900691.0,545.03455,0,0.00%,20000,0.03%,16-06-2026,16-06-2026,Market Purchase,https://nsearchives.nseindia.com/corporate/ixbrl/IT_25015_20260618_151113771_WEB.html
ASAHIINDIA,ASAHI INDIA GLASS LIMITED,Malathi Raghunand,Promoter Group,2026-06-17,2026-07-01 16:58:35,01-Jul-2026 16:58:35,Equity,Buy,BUY,OTHER,64000.0,56601600.0,884.4,306423,0.12%,370423,0.15%,17-06-2026,17-06-2026,Inheritance,https://nsearchives.nseindia.com/corporate/ixbrl/IT_1672_20260701_165835158_WEB.html
ASAHIINDIA,ASAHI INDIA GLASS LIMITED,Malathi Raghunand,Promoter Group,2026-06-22,2026-07-01 16:58:35,01-Jul-2026 16:58:35,Equity,Sell,SELL,OTHER,48000.0,41409600.0,862.7,370423,0.15%,322423,0.13%,22-06-2026,22-06-2026,Inheritance,https://nsearchives.nseindia.com/corporate/ixbrl/IT_1672_20260701_165835158_WEB.html
ASAHIINDIA,ASAHI INDIA GLASS LIMITED,Manjula Milind Pishawikar,Promoter Group,2026-06-22,2026-07-01 16:58:35,01-Jul-2026 16:58:35,Equity,Buy,BUY,OTHER,16000.0,13803200.0,862.7,60000,0.02%,76000,0.03%,22-06-2026,22-06-2026,Inheritance,https://nsearchives.nseindia.com/corporate/ixbrl/IT_1672_20260701_165835158_WEB.html
ASAHIINDIA,ASAHI INDIA GLASS LIMITED,Padma N Rao,Promoter Group,2026-06-22,2026-07-01 16:58:35,01-Jul-2026 16:58:35,Equity,Buy,BUY,OTHER,16000.0,13803200.0,862.7,25600,0.01%,41600,0.02%,22-06-2026,22-06-2026,Inheritance,https://nsearchives.nseindia.com/corporate/ixbrl/IT_1672_20260701_165835158_WEB.html
ASAHIINDIA,ASAHI INDIA GLASS LIMITED,M N Chaitanya,Promoter Group,2026-06-22,2026-07-01 16:58:35,01-Jul-2026 16:58:35,Equity,Buy,BUY,OTHER,16000.0,13803200.0,862.7,50800,0.02%,66800,0.03%,22-06-2026,22-06-2026,Inheritance,https://nsearchives.nseindia.com/corporate/ixbrl/IT_1672_20260701_165835158_WEB.html
ASAHIINDIA,ASAHI INDIA GLASS LIMITED,LANS Business LLP,Promoter Group,2026-06-29,2026-07-01 16:58:35,01-Jul-2026 16:58:35,Equity,Buy,BUY,MARKET_BUY,5000.0,4251250.0,850.25,60000,0.02%,65000,0.03%,29-06-2026,29-06-2026,Market Purchase,https://nsearchives.nseindia.com/corporate/ixbrl/IT_1672_20260701_165835158_WEB.html
ASAHISONG,ASAHI SONGWON COLORS LIMITED,Arjun Gokul Jaykrishna,Promoter and Director,2026-08-11,2026-08-12 16:35:54,12-Aug-2026 16:35:54,Equity,Buy,BUY,MARKET_BUY,10000.0,3381000.0,338.1,39950,0.34%,49950,0.42%,11-08-2026,11-08-2026,Market Purchase,https://nsearchives.nseindia.com/corporate/ixbrl/IT_5165_20260812_163554411_WEB.html
ASHAPURMIN,ASHAPURA MINECHEM LIMITED,CHETAN NAVNITLAL SHAH,Promoter,2026-08-26,2026-08-27 17:02:55,27-Aug-2026 17:02:55,Equity,Buy,BUY,MARKET_BUY,25000.0,14607763.0,584.31052,6627767,6.94%,6652767,6.96%,26-08-2026,26-08-2026,Market Purchase,https://nsearchives.nseindia.com/corporate/ixbrl/IT_1262_20260827_170255350_WEB.html
ASHAPURMIN,ASHAPURA MINECHEM LIMITED,CHETAN NAVNITLAL SHAH,Promoter,2026-08-27,2026-08-31 16:10:02,31-Aug-2026 16:10:02,Equity,Buy,BUY,MARKET_BUY,25000.0,14592790.0,583.7116,6652767,6.96%,6677767,6.99%,27-08-2026,27-08-2026,Market Purchase,https://nsearchives.nseindia.com/corporate/ixbrl/IT_1262_20260831_161002703_WEB.html
ASHAPURMIN,ASHAPURA MINECHEM LIMITED,Dina Chetan Shah,Promoter,2026-09-01,2026-09-03 16:29:50,03-Sep-2026 16:29:50,Equity,Sell,SELL,OTHER,6696379.0,0.0,0.0,9202360,9.63%,2505981,2.62%,01-09-2026,01-09-2026,Off Market,https://nsearchives.nseindia.com/corporate/ixbrl/IT_1262_20260903_162949960_WEB.html
ASHAPURMIN,ASHAPURA MINECHEM LIMITED,Himani Ankur Shah Family Trust,Promoter Group,2026-09-01,2026-09-03 16:29:54,03-Sep-2026 16:29:54,Equity,Buy,BUY,OTHER,6696379.0,0.0,0.0,0,0.00%,6696379,7.01%,01-09-2026,01-09-2026,Off Market,https://nsearchives.nseindia.com/corporate/ixbrl/IT_1262_20260903_162954302_WEB.html
ASTERDM,Aster DM Quality Care Limited,Union (Mauritius) Holdings Limited,Promoter Group,2026-08-31,2026-09-02 20:28:54,02-Sep-2026 20:28:54,Equity,Buy,BUY,MARKET_BUY,91174.0,68577326.0,752.1587952705815,19980522,2.29%,20071696,2.30%,31-08-2026,31-08-2026,Market Purchase,https://nsearchives.nseindia.com/corporate/ixbrl/IT_15805_20260902_202854340_WEB.html
ASTERDM,Aster DM Quality Care Limited,Union (Mauritius) Holdings Limited,Promoter Group,2026-09-01,2026-09-02 20:28:54,02-Sep-2026 20:28:54,Equity,Buy,BUY,MARKET_BUY,295823.0,223758239.0,756.392298773253,20071696,2.30%,20367519,2.34%,01-09-2026,01-09-2026,Market Purchase,https://nsearchives.nseindia.com/corporate/ixbrl/IT_15805_20260902_202854340_WEB.html
ASTERDM,Aster DM Quality Care Limited,Union (Mauritius) Holdings Limited,Promoter Group,2026-09-02,2026-09-02 20:28:54,02-Sep-2026 20:28:54,Equity,Buy,BUY,MARKET_BUY,4609800.0,3503448000.0,760.0,20367519,2.34%,24977319,2.87%,02-09-2026,02-09-2026,Market Purchase,https://nsearchives.nseindia.com/corporate/ixbrl/IT_15805_20260902_202854340_WEB.html
AURUM,Aurum PropTech Limited,Aurum RealEstate Developers Limited,Promoter,2026-06-04,2026-06-05 10:48:18,05-Jun-2026 10:48:18,Equity,Buy,BUY,MARKET_BUY,25000.0,4643445.0,185.7378,36518355,47.64%,36543355,47.67%,04-06-2026,04-06-2026,Market Purchase,https://nsearchives.nseindia.com/corporate/ixbrl/IT_20260605_104818873_WEB.html
AURUM,Aurum PropTech Limited,Aurum RealEstate Developers Limited,Promoter,2026-06-05,2026-06-08 10:45:43,08-Jun-2026 10:45:43,Equity,Buy,BUY,MARKET_BUY,25000.0,4788163.0,191.52652,36543355,47.67%,36568355,47.70%,05-06-2026,05-06-2026,Market Purchase,https://nsearchives.nseindia.com/corporate/ixbrl/IT_20260608_104543322_WEB.html
AURUM,Aurum PropTech Limited,Aurum RealEstate Developers Limited,Promoter,2026-06-08,2026-06-09 10:42:01,09-Jun-2026 10:42:01,Equity,Buy,BUY,MARKET_BUY,25000.0,4663589.0,186.54356,36568355,47.70%,36593355,47.74%,08-06-2026,08-06-2026,Market Purchase,https://nsearchives.nseindia.com/corporate/ixbrl/IT_20260609_104201082_WEB.html
AURUM,Aurum PropTech Limited,Aurum RealEstate Developers Limited,Promoter,2026-06-09,2026-06-10 10:50:41,10-Jun-2026 10:50:41,Equity,Buy,BUY,MARKET_BUY,15000.0,2804507.0,186.96713333333332,36593355,47.74%,36608355,47.76%,09-06-2026,09-06-2026,Market Purchase,https://nsearchives.nseindia.com/corporate/ixbrl/IT_20260610_105041212_WEB.html
AURUM,Aurum PropTech Limited,Aurum RealEstate Developers Limited,Promoter,2026-06-10,2026-06-11 10:48:47,11-Jun-2026 10:48:47,Equity,Buy,BUY,MARKET_BUY,20000.0,3674965.0,183.74825,36608355,47.76%,36628355,47.78%,10-06-2026,10-06-2026,Market Purchase,https://nsearchives.nseindia.com/corporate/ixbrl/IT_20260611_104847654_WEB.html
AURUM,Aurum PropTech Limited,Aurum RealEstate Developers Limited,Promoter,2026-06-15,2026-06-16 10:44:15,16-Jun-2026 10:44:15,Equity,Buy,BUY,MARKET_BUY,25000.0,4813908.0,192.55632,36628355,47.78%,36653355,47.81%,15-06-2026,15-06-2026,Market Purchase,https://nsearchives.nseindia.com/corporate/ixbrl/IT_12987_20260616_104415700_WEB.html
AURUM,Aurum PropTech Limited,Aurum RealEstate Developers Limited,Promoter,2026-06-18,2026-06-19 10:41:17,19-Jun-2026 10:41:17,Equity,Buy,BUY,MARKET_BUY,20000.0,4005342.0,200.2671,36653355,47.81%,36673355,47.84%,18-06-2026,18-06-2026,Market Purchase,https://nsearchives.nseindia.com/corporate/ixbrl/IT_12987_20260619_104117399_WEB.html
AURUM,Aurum PropTech Limited,Aurum RealEstate Developers Limited,Promoter,2026-06-19,2026-06-22 10:58:04,22-Jun-2026 10:58:04,Equity,Buy,BUY,MARKET_BUY,25000.0,5097745.0,203.9098,36673355,47.84%,36698355,47.87%,19-06-2026,19-06-2026,Market Purchase,https://nsearchives.nseindia.com/corporate/ixbrl/IT_12987_20260622_105804505_WEB.html
AURUM,Aurum PropTech Limited,Aurum RealEstate Developers Limited,Promoter,2026-06-22,2026-06-23 10:47:42,23-Jun-2026 10:47:42,Equity,Buy,BUY,MARKET_BUY,30000.0,6235185.0,207.8395,36698355,47.87%,36728355,47.91%,22-06-2026,22-06-2026,Market Purchase,https://nsearchives.nseindia.com/corporate/ixbrl/IT_12987_20260623_104742804_WEB.html
AURUM,Aurum PropTech Limited,Aurum RealEstate Developers Limited,Promoter,2026-06-24,2026-06-25 10:42:32,25-Jun-2026 10:42:32,Equity,Buy,BUY,MARKET_BUY,10000.0,2114070.0,211.407,36728355,47.91%,36738355,47.92%,24-06-2026,24-06-2026,Market Purchase,https://nsearchives.nseindia.com/corporate/ixbrl/IT_12987_20260625_104232056_WEB.html
AURUM,Aurum PropTech Limited,Aurum RealEstate Developers Limited,Promoter,2026-06-29,2026-06-30 10:49:30,30-Jun-2026 10:49:30,Equity,Buy,BUY,MARKET_BUY,10000.0,2182369.0,218.2369,36738355,47.92%,36748355,47.94%,29-06-2026,29-06-2026,Market Purchase,https://nsearchives.nseindia.com/corporate/ixbrl/IT_12987_20260630_104930235_WEB.html
AVANTEL,AVANTEL LIMITED,ABBURI VIDYASAGAR,Promoter,2026-07-16,2026-07-17 12:13:21,17-Jul-2026 12:13:21,Equity,Sell,SELL,MARKET_SELL,500000.0,86266900.0,172.5338,38992324,14.67%,38492324,14.49%,16-07-2026,16-07-2026,Market Sale,https://nsearchives.nseindia.com/corporate/ixbrl/IT_23772_20260717_121320975_WEB.html
AVONMORE,AVONMORE CAPITAL & MANAGEMENT SERVICES LIMITED,INNOVATIVE MONEY MATTERS PRIVATE LIMITED,Promoter,2026-08-10,2026-08-11 10:39:48,11-Aug-2026 10:39:48,Equity,Buy,BUY,MARKET_BUY,300000.0,3386121.0,11.28707,93504900,33.13%,93804900,33.24%,10-08-2026,10-08-2026,Market Purchase,https://nsearchives.nseindia.com/corporate/ixbrl/IT_20397_20260811_103948643_WEB.html
AVONMORE,AVONMORE CAPITAL & MANAGEMENT SERVICES LIMITED,INNOVATIVE MONEY MATTERS PRIVATE LIMITED,Promoter,2026-08-11,2026-08-12 10:11:30,12-Aug-2026 10:11:30,Equity,Buy,BUY,MARKET_BUY,260000.0,2963578.0,11.398376923076922,93804900,33.24%,94064900,33.33%,11-08-2026,11-08-2026,Market Purchase,https://nsearchives.nseindia.com/corporate/ixbrl/IT_20397_20260812_101130527_WEB.html
AVONMORE,AVONMORE CAPITAL & MANAGEMENT SERVICES LIMITED,INNOVATIVE MONEY MATTERS PRIVATE LIMITED,Promoter,2026-08-12,2026-08-18 13:08:35,18-Aug-2026 13:08:35,Equity,Buy,BUY,MARKET_BUY,50000.0,570345.0,11.4069,94064900,33.33%,94114900,33.35%,12-08-2026,12-08-2026,Market Purchase,https://nsearchives.nseindia.com/corporate/ixbrl/IT_20397_20260818_130835104_WEB.html
AVONMORE,AVONMORE CAPITAL & MANAGEMENT SERVICES LIMITED,INNOVATIVE MONEY MATTERS PRIVATE LIMITED,Promoter,2026-08-12,2026-08-18 13:11:16,18-Aug-2026 13:11:16,Equity,Buy,BUY,MARKET_BUY,50000.0,570345.0,11.4069,94064900,33.33%,94114900,33.35%,12-08-2026,12-08-2026,Market Purchase,https://nsearchives.nseindia.com/corporate/ixbrl/IT_20397_20260818_131116559_WEB.html
AVONMORE,AVONMORE CAPITAL & MANAGEMENT SERVICES LIMITED,INNOVATIVE MONEY MATTERS PRIVATE LIMITED,Promoter,2026-08-18,2026-08-19 10:36:06,19-Aug-2026 10:36:06,Equity,Buy,BUY,MARKET_BUY,100000.0,1333405.0,13.33405,94114900,33.35%,94214900,33.38%,18-08-2026,18-08-2026,Market Purchase,https://nsearchives.nseindia.com/corporate/ixbrl/IT_20397_20260819_103606504_WEB.html
AVONMORE,AVONMORE CAPITAL & MANAGEMENT SERVICES LIMITED,INNOVATIVE MONEY MATTERS PRIVATE LIMITED,Promoter,2026-08-19,2026-08-20 10:41:16,20-Aug-2026 10:41:16,Equity,Buy,BUY,MARKET_BUY,60831.0,809518.0,13.30765563610659,94214900,33.38%,94275731,33.40%,19-08-2026,19-08-2026,Market Purchase,https://nsearchives.nseindia.com/corporate/ixbrl/IT_20397_20260820_104116797_WEB.html
AVONMORE,AVONMORE CAPITAL & MANAGEMENT SERVICES LIMITED,INNOVATIVE MONEY MATTERS PRIVATE LIMITED,Promoter,2026-08-20,2026-08-21 10:19:17,21-Aug-2026 10:19:17,Equity,Buy,BUY,MARKET_BUY,55000.0,740000.0,13.454545454545455,94275731,33.40%,94330731,33.42%,20-08-2026,20-08-2026,Market Purchase,https://nsearchives.nseindia.com/corporate/ixbrl/IT_20397_20260821_101917612_WEB.html
AVONMORE,AVONMORE CAPITAL & MANAGEMENT SERVICES LIMITED,INNOVATIVE MONEY MATTERS PRIVATE LIMITED,Promoter,2026-08-21,2026-08-24 10:19:04,24-Aug-2026 10:19:04,Equity,Buy,BUY,MARKET_BUY,64000.0,851693.0,13.307703125,94330731,33.42%,94394731,33.45%,21-08-2026,21-08-2026,Market Purchase,https://nsearchives.nseindia.com/corporate/ixbrl/IT_20397_20260824_101904756_WEB.html
AVONMORE,AVONMORE CAPITAL & MANAGEMENT SERVICES LIMITED,INNOVATIVE MONEY MATTERS PRIVATE LIMITED,Promoter,2026-08-24,2026-08-25 11:57:24,25-Aug-2026 11:57:24,Equity,Buy,BUY,MARKET_BUY,65347.0,886448.0,13.56524400508057,94394731,33.45%,94460078,33.47%,24-08-2026,24-08-2026,Market Purchase,https://nsearchives.nseindia.com/corporate/ixbrl/IT_20397_20260825_115724415_WEB.html
AVONMORE,AVONMORE CAPITAL & MANAGEMENT SERVICES LIMITED,INNOVATIVE MONEY MATTERS PRIVATE LIMITED,Promoter,2026-08-25,2026-08-26 10:35:22,26-Aug-2026 10:35:22,Equity,Buy,BUY,MARKET_BUY,35000.0,470500.0,13.442857142857143,94460078,33.47%,94495078,33.48%,25-08-2026,25-08-2026,Market Purchase,https://nsearchives.nseindia.com/corporate/ixbrl/IT_20397_20260826_103522339_WEB.html
AVONMORE,AVONMORE CAPITAL & MANAGEMENT SERVICES LIMITED,INNOVATIVE MONEY MATTERS PRIVATE LIMITED,Promoter,2026-08-26,2026-08-27 11:19:19,27-Aug-2026 11:19:19,Equity,Buy,BUY,MARKET_BUY,89000.0,1240525.0,13.938483146067416,94495078,33.48%,94584078,33.51%,26-08-2026,26-08-2026,Market Purchase,https://nsearchives.nseindia.com/corporate/ixbrl/IT_20397_20260827_111919080_WEB.html
AVONMORE,AVONMORE CAPITAL & MANAGEMENT SERVICES LIMITED,INNOVATIVE MONEY MATTERS PRIVATE LIMITED,Promoter,2026-08-27,2026-08-28 11:16:34,28-Aug-2026 11:16:34,Equity,Buy,BUY,MARKET_BUY,20707.0,285045.0,13.765634809484716,94584078,33.51%,94604785,33.52%,27-08-2026,27-08-2026,Market Purchase,https://nsearchives.nseindia.com/corporate/ixbrl/IT_20397_20260828_111634274_WEB.html
AVONMORE,AVONMORE CAPITAL & MANAGEMENT SERVICES LIMITED,INNOVATIVE MONEY MATTERS PRIVATE LIMITED,Promoter,2026-08-28,2026-08-31 12:42:46,31-Aug-2026 12:42:46,Equity,Buy,BUY,MARKET_BUY,20000.0,278200.0,13.91,94604785,33.52%,94624785,33.53%,28-08-2026,28-08-2026,Market Purchase,https://nsearchives.nseindia.com/corporate/ixbrl/IT_20397_20260831_124246541_WEB.html
AVONMORE,AVONMORE CAPITAL & MANAGEMENT SERVICES LIMITED,INNOVATIVE MONEY MATTERS PRIVATE LIMITED,Promoter,2026-08-31,2026-09-01 10:04:36,01-Sep-2026 10:04:36,Equity,Buy,BUY,MARKET_BUY,60000.0,816560.0,13.609333333333334,94624785,33.53%,94684785,33.55%,31-08-2026,31-08-2026,Market Purchase,https://nsearchives.nseindia.com/corporate/ixbrl/IT_20397_20260901_100436129_WEB.html
AVONMORE,AVONMORE CAPITAL & MANAGEMENT SERVICES LIMITED,INNOVATIVE MONEY MATTERS PRIVATE LIMITED,Promoter,2026-09-01,2026-09-02 10:59:14,02-Sep-2026 10:59:14,Equity,Buy,BUY,MARKET_BUY,10000.0,133250.0,13.325,94684785,33.55%,94694785,33.55%,01-09-2026,01-09-2026,Market Purchase,https://nsearchives.nseindia.com/corporate/ixbrl/IT_20397_20260902_105914420_WEB.html
AVONMORE,AVONMORE CAPITAL & MANAGEMENT SERVICES LIMITED,INNOVATIVE MONEY MATTERS PRIVATE LIMITED,Promoter,2026-09-03,2026-09-04 10:35:26,04-Sep-2026 10:35:26,Equity,Buy,BUY,MARKET_BUY,55000.0,719000.0,13.072727272727272,94694785,33.55%,94749785,33.57%,03-09-2026,03-09-2026,Market Purchase,https://nsearchives.nseindia.com/corporate/ixbrl/IT_20397_20260904_103526497_WEB.html
AXISCADES,AXISCADES Technologies Limited,Jupiter Capital Private Limited,Promoter,2026-06-18,2026-06-22 12:40:16,22-Jun-2026 12:40:16,Equity,Pledge Revoke,OTHER,OTHER,250000.0,485000000.0,1940.0,24682047,58.03%,24682047,58.03%,18-06-2026,18-06-2026,Pledge Release,https://nsearchives.nseindia.com/corporate/ixbrl/IT_1939_20260622_124016584_WEB.html
AXISCADES,AXISCADES Technologies Limited,Jupiter Capital Private Limited,Promoter,2026-06-23,2026-06-25 18:44:49,25-Jun-2026 18:44:49,Equity,Pledge Revoke,OTHER,OTHER,450000.0,828900000.0,1842.0,24682047,58.03%,24682047,58.03%,23-06-2026,23-06-2026,Pledge Release,https://nsearchives.nseindia.com/corporate/ixbrl/IT_1939_20260625_184449750_WEB.html
AXISCADES,AXISCADES Technologies Limited,Jupiter Capital Private Limited,Promoter,2026-06-25,2026-06-29 19:57:52,29-Jun-2026 19:57:52,Equity,Pledge Revoke,OTHER,OTHER,86000.0,146114000.0,1699.0,24682047,58.03%,24682047,58.03%,25-06-2026,25-06-2026,Pledge Release,https://nsearchives.nseindia.com/corporate/ixbrl/IT_1939_20260629_195752538_WEB.html
AXISCADES,AXISCADES Technologies Limited,Jupiter Capital Private Limited,Promoter,2026-06-26,2026-06-29 19:57:52,29-Jun-2026 19:57:52,Equity,Pledge Revoke,OTHER,OTHER,200000.0,339800000.0,1699.0,24682047,58.03%,24682047,58.03%,26-06-2026,26-06-2026,Pledge Release,https://nsearchives.nseindia.com/corporate/ixbrl/IT_1939_20260629_195752538_WEB.html
AXISCADES,AXISCADES Technologies Limited,Jupiter Capital Private Limited,Promoter,2026-06-30,2026-07-01 19:06:24,01-Jul-2026 19:06:24,Equity,Sell,SELL,MARKET_SELL,1000000.0,1667750000.0,1667.75,24682047,58.03%,23682047,55.68%,30-06-2026,30-06-2026,Market Sale,https://nsearchives.nseindia.com/corporate/ixbrl/IT_1939_20260701_190624294_WEB.html
AXISCADES,AXISCADES Technologies Limited,Jupiter Capital Private Limited,Promoter,2026-07-07,2026-07-09 16:20:36,09-Jul-2026 16:20:36,Equity,Pledge,OTHER,OTHER,1000000.0,153900000.0,153.9,23682047,55.68%,23682047,55.68%,07-07-2026,07-07-2026,Pledge Creation,https://nsearchives.nseindia.com/corporate/ixbrl/IT_1939_20260709_162036464_WEB.html
BAGFILMS,B.A.G FILMS AND MEDIA LIMITED,SKYLINE TELE MEDIA SERVICES LIMITED,Promoter Group,2026-06-27,2026-07-01 17:20:36,01-Jul-2026 17:20:36,Equity,Buy,BUY,OTHER,10200000.0,84150000.0,8.25,37025524,17.82%,47225524,21.67%,27-06-2026,27-06-2026,Conversion of security,https://nsearchives.nseindia.com/corporate/ixbrl/IT_2153_20260701_172036514_WEB.html
BAIDFIN,BAID FINSERV LIMITED,ADITYA BAID,Promoter Group,2026-08-26,2026-08-27 11:52:44,27-Aug-2026 11:52:44,Equity,Buy,BUY,OTHER,1200683.0,18130313.0,15.09999975014221,3908625,2.52%,5109308,3.15%,26-08-2026,26-08-2026,Preferential Offer,https://nsearchives.nseindia.com/corporate/ixbrl/IT_21019_20260827_115244795_WEB.html
BAIDFIN,BAID FINSERV LIMITED,ALPANA BAID,Promoter Group,2026-08-26,2026-08-27 11:52:44,27-Aug-2026 11:52:44,Equity,Buy,BUY,OTHER,2401366.0,36260627.0,15.10000016657186,3286875,2.12%,5688241,3.51%,26-08-2026,26-08-2026,Preferential Offer,https://nsearchives.nseindia.com/corporate/ixbrl/IT_21019_20260827_115244795_WEB.html
BAIDFIN,BAID FINSERV LIMITED,ASMITA BAID,Promoter Group,2026-08-26,2026-08-27 11:52:44,27-Aug-2026 11:52:44,Equity,Buy,BUY,OTHER,1801025.0,27195477.0,15.09999972238031,168875,0.11%,1969900,1.22%,26-08-2026,26-08-2026,Preferential Offer,https://nsearchives.nseindia.com/corporate/ixbrl/IT_21019_20260827_115244795_WEB.html
BAIDFIN,BAID FINSERV LIMITED,DALIMA BAID,Promoter Group,2026-08-26,2026-08-27 11:52:44,27-Aug-2026 11:52:44,Equity,Buy,BUY,OTHER,1801025.0,27195477.0,15.09999972238031,175126,0.11%,1976151,1.22%,26-08-2026,26-08-2026,Preferential Offer,https://nsearchives.nseindia.com/corporate/ixbrl/IT_21019_20260827_115244795_WEB.html
BAJFINANCE,BAJAJ FINANCE LIMITED,Bajaj General Insurance Limited,Promoter Group,2026-08-06,2026-08-07 16:13:06,07-Aug-2026 16:13:06,Equity,Sell,SELL,MARKET_SELL,259000.0,297824834.0,1149.902833976834,921000,0.01%,662000,0.01%,06-08-2026,06-08-2026,Market Sale,https://nsearchives.nseindia.com/corporate/ixbrl/IT_1257_20260807_161306336_WEB.html
BALRAMCHIN,BALRAMPUR CHINI MILLS LIMITED,VIVEK SARAOGI,Promoter,2026-06-03,2026-06-06 18:23:50,06-Jun-2026 18:23:50,Equity,Buy,BUY,OTHER,2400000.0,1159200000.0,483.0,5376618,2.66%,7776618,3.68%,03-06-2026,03-06-2026,Preferential Offer,https://nsearchives.nseindia.com/corporate/ixbrl/IT_20260606_182350689_WEB.html
BALRAMCHIN,BALRAMPUR CHINI MILLS LIMITED,SUMEDHA SARAOGI,Promoter,2026-06-03,2026-06-06 18:23:50,06-Jun-2026 18:23:50,Equity,Buy,BUY,OTHER,345864.0,167052312.0,483.0,5376618,2.66%,5722482,2.71%,03-06-2026,03-06-2026,Preferential Offer,https://nsearchives.nseindia.com/corporate/ixbrl/IT_20260606_182350689_WEB.html
BALRAMCHIN,BALRAMPUR CHINI MILLS LIMITED,MEENAKSHI MERCANTILES LTD,Promoter Group,2026-06-03,2026-06-06 18:23:50,06-Jun-2026 18:23:50,Equity,Buy,BUY,OTHER,1250000.0,603750000.0,483.0,6484233,3.21%,7734233,3.66%,03-06-2026,03-06-2026,Preferential Offer,https://nsearchives.nseindia.com/corporate/ixbrl/IT_20260606_182350689_WEB.html
BALUFORGE,BALU FORGE INDUSTRIES LIMITED,JAIKARAN JASPALSINGH CHANDOCK,Promoter and Director,2026-03-06,2026-08-17 15:56:47,17-Aug-2026 15:56:47,Equity,Buy,BUY,OTHER,1500000.0,540000000.0,360.0,1010150,0.88%,2510150,2.10%,06-03-2026,06-03-2026,Allotment,https://nsearchives.nseindia.com/corporate/ixbrl/IT_21961_20260817_155647519_WEB.html
BALUFORGE,BALU FORGE INDUSTRIES LIMITED,TRIMAAN JASPALSINGH CHANDOCK,Promoter and Director,2026-03-09,2026-08-17 16:48:19,17-Aug-2026 16:48:19,Equity,Buy,BUY,OTHER,1500000.0,540000000.0,360.0,1075900,0.94%,2575900,2.12%,09-03-2026,09-03-2026,Allotment,https://nsearchives.nseindia.com/corporate/ixbrl/IT_21961_20260817_164819646_WEB.html
BANSALWIRE,BANSAL WIRE INDUSTRIES LIMITED,Mrinaal Mittal,Promoter Group,2026-06-25,2026-06-29 19:40:25,29-Jun-2026 19:40:25,Equity,Sell,SELL,MARKET_SELL,4682916.0,1447021044.0,309.0,6370000,4.07%,1687084,1.08%,25-06-2026,25-06-2026,Market Sale,https://nsearchives.nseindia.com/corporate/ixbrl/IT_23147_20260629_194025548_WEB.html
BHAGERIA,Bhageria Industries Limited,Aditya Bhageria,Promoter Group,2026-08-20,2026-08-21 11:47:39,21-Aug-2026 11:47:39,Equity,Buy,BUY,MARKET_BUY,6122.0,1252826.0,204.64325383861484,157987,0.36%,164109,0.38%,20-08-2026,20-08-2026,Market Purchase,https://nsearchives.nseindia.com/corporate/ixbrl/IT_13498_20260821_114739171_WEB.html
BHAGERIA,Bhageria Industries Limited,Aditya Bhageria,Promoter Group,2026-08-20,2026-08-21 11:57:35,21-Aug-2026 11:57:35,Equity,Buy,BUY,MARKET_BUY,6122.0,1252826.0,204.64325383861484,157987,0.36%,164109,0.38%,20-08-2026,20-08-2026,Market Purchase,https://nsearchives.nseindia.com/corporate/ixbrl/IT_13498_20260821_115735521_WEB.html
BHAGERIA,Bhageria Industries Limited,Aditya Bhageria,Promoter Group,2026-08-21,2026-08-21 17:19:08,21-Aug-2026 17:19:08,Equity,Buy,BUY,MARKET_BUY,5000.0,1035000.0,207.0,164109,0.36%,169109,0.39%,21-08-2026,21-08-2026,Market Purchase,https://nsearchives.nseindia.com/corporate/ixbrl/IT_13498_20260821_171908530_WEB.html
BHAGERIA,Bhageria Industries Limited,Aditya Bhageria,Promoter Group,2026-08-24,2026-08-24 14:59:24,24-Aug-2026 14:59:24,Equity,Buy,BUY,MARKET_BUY,5000.0,1108600.0,221.72,169109,0.39%,174109,0.40%,24-08-2026,24-08-2026,Market Purchase,https://nsearchives.nseindia.com/corporate/ixbrl/IT_13498_20260824_145924397_WEB.html
BHAGERIA,Bhageria Industries Limited,Aditya Bhageria,Promoter Group,2026-08-25,2026-08-25 16:55:12,25-Aug-2026 16:55:12,Equity,Buy,BUY,MARKET_BUY,11652.0,2601998.0,223.30913147957432,174109,0.40%,185761,0.42%,25-08-2026,25-08-2026,Market Purchase,https://nsearchives.nseindia.com/corporate/ixbrl/IT_13498_20260825_165512735_WEB.html
BHAGERIA,Bhageria Industries Limited,Aditya Bhageria,Promoter Group,2026-08-26,2026-08-26 15:35:44,26-Aug-2026 15:35:44,Equity,Buy,BUY,MARKET_BUY,10000.0,2228700.0,222.87,185761,0.42%,195761,0.45%,26-08-2026,26-08-2026,Market Purchase,https://nsearchives.nseindia.com/corporate/ixbrl/IT_13498_20260826_153544422_WEB.html
BLACKBUCK,BlackBuck Limited,Ramasubramanian  Balasubramaniam,Promoter and Director,2026-06-29,2026-06-30 19:07:58,30-Jun-2026 19:07:58,Equity,Pledge,OTHER,OTHER,630000.0,337500000.0,535.7142857142857,12612601,6.94%,12612601,6.94%,29-06-2026,29-06-2026,Pledge Creation,https://nsearchives.nseindia.com/corporate/ixbrl/IT_24066_20260630_190758488_WEB.html
BLBLIMITED,BLB LIMITED,Brij Rattan Bagri,Promoter and Director,2026-08-25,2026-08-26 15:25:36,26-Aug-2026 15:25:36,Equity,Buy,BUY,MARKET_BUY,244352.0,3914519.0,16.01999983630173,24195548,45.77%,24439900,46.23%,25-08-2026,25-08-2026,Market Purchase,https://nsearchives.nseindia.com/corporate/ixbrl/IT_1893_20260826_152536610_WEB.html
BLBLIMITED,BLB LIMITED,Brij Rattan Bagri,Promoter and Director,2026-08-27,2026-08-28 12:53:50,28-Aug-2026 12:53:50,Equity,Buy,BUY,MARKET_BUY,24242.0,388842.0,16.040013200231005,24439900,46.23%,24464142,46.28%,27-08-2026,27-08-2026,Market Purchase,https://nsearchives.nseindia.com/corporate/ixbrl/IT_1893_20260828_125350565_WEB.html
BLBLIMITED,BLB LIMITED,Brij Rattan Bagri,Promoter and Director,2026-08-28,2026-08-29 13:03:51,29-Aug-2026 13:03:51,Equity,Buy,BUY,MARKET_BUY,20000.0,319800.0,15.99,24464142,46.28%,24484142,46.31%,28-08-2026,28-08-2026,Market Purchase,https://nsearchives.nseindia.com/corporate/ixbrl/IT_1893_20260829_130351822_WEB.html
BLBLIMITED,BLB LIMITED,Brij Rattan Bagri,Promoter and Director,2026-08-31,2026-09-01 11:52:30,01-Sep-2026 11:52:30,Equity,Buy,BUY,MARKET_BUY,40589.0,652265.0,16.069994333440096,24484142,46.31%,24524731,46.39%,31-08-2026,31-08-2026,Market Purchase,https://nsearchives.nseindia.com/corporate/ixbrl/IT_1893_20260901_115230752_WEB.html
BLBLIMITED,BLB LIMITED,Brij Rattan Bagri,Promoter and Director,2026-09-01,2026-09-02 12:03:46,02-Sep-2026 12:03:46,Equity,Buy,BUY,MARKET_BUY,57234.0,917461.0,16.02999965055736,24524731,46.39%,24581965,46.50%,01-09-2026,01-09-2026,Market Purchase,https://nsearchives.nseindia.com/corporate/ixbrl/IT_1893_20260902_120346829_WEB.html
BLBLIMITED,BLB LIMITED,Brij Rattan Bagri,Promoter and Director,2026-09-02,2026-09-03 16:32:13,03-Sep-2026 16:32:13,Equity,Buy,BUY,MARKET_BUY,23035.0,370172.0,16.06998046451053,24581965,46.50%,24605000,46.54%,02-09-2026,02-09-2026,Market Purchase,https://nsearchives.nseindia.com/corporate/ixbrl/IT_1893_20260903_163213893_WEB.html
BMWVENTLTD,BMW VENTURES LIMITED,SHIVANSH KISHOREPURIA,Promoter Group,2026-08-05,2026-08-06 15:58:40,06-Aug-2026 15:58:40,Equity,Buy,BUY,MARKET_BUY,85000.0,5107928.0,60.09327058823529,0,0.00%,85000,0.10%,05-08-2026,05-08-2026,Market Purchase,https://nsearchives.nseindia.com/corporate/ixbrl/IT_24065_20260806_155840243_WEB.html
BMWVENTLTD,BMW VENTURES LIMITED,SHIVANSH KISHOREPURIA,Promoter Group,2026-08-05,2026-08-06 16:03:29,06-Aug-2026 16:03:29,Equity,Buy,BUY,MARKET_BUY,85000.0,5107928.0,60.09327058823529,0,0.00%,85000,0.10%,05-08-2026,05-08-2026,Market Purchase,https://nsearchives.nseindia.com/corporate/ixbrl/IT_24065_20260806_160329737_WEB.html
BMWVENTLTD,BMW VENTURES LIMITED,SHIVANSH KISHOREPURIA,Promoter Group,2026-08-06,2026-08-07 13:32:29,07-Aug-2026 13:32:29,Equity,Buy,BUY,MARKET_BUY,65000.0,3915213.0,60.23404615384615,85000,0.10%,150000,0.17%,06-08-2026,06-08-2026,Market Purchase,https://nsearchives.nseindia.com/corporate/ixbrl/IT_24065_20260807_133229209_WEB.html
BOSCH-HCIL,Bosch Home Comfort India Limited,Bosch Global Software Technologies Private Limited,Promoter,2026-06-18,2026-06-24 13:40:38,24-Jun-2026 13:40:38,Equity,Sell,SELL,MARKET_SELL,1949964.0,2689310236.0,1379.1589157543422,2166628,7.97%,216664,0.80%,18-06-2026,18-06-2026,Market Sale,https://nsearchives.nseindia.com/corporate/ixbrl/IT_1528_20260624_134038576_WEB.html
BOSCH-HCIL,Bosch Home Comfort India Limited,Bosch Global Software Technologies Private Limited,Promoter,2026-06-19,2026-06-24 13:40:38,24-Jun-2026 13:40:38,Equity,Sell,SELL,MARKET_SELL,142476.0,196320765.0,1377.9216499620989,216664,0.80%,74188,0.27%,19-06-2026,19-06-2026,Market Sale,https://nsearchives.nseindia.com/corporate/ixbrl/IT_1528_20260624_134038576_WEB.html
BOSCHLTD,BOSCH LIMITED,Robert Bosch Investment Nederland BV,Promoter Group,2026-06-10,2026-06-12 18:33:46,12-Jun-2026 18:33:46,Equity,Buy,BUY,OTHER,1230.0,43599445.0,35446.70325203252,0,0.00%,1230,0.00%,10-06-2026,10-06-2026,Preferential Offer,https://nsearchives.nseindia.com/corporate/ixbrl/IT_20260612_183346678_WEB.html
BOSCHLTD,BOSCH LIMITED,Robert Bosch LLC,Promoter Group,2026-06-10,2026-06-12 18:33:46,12-Jun-2026 18:33:46,Equity,Buy,BUY,OTHER,1230.0,43599445.0,35446.70325203252,0,0.00%,1230,0.00%,10-06-2026,10-06-2026,Preferential Offer,https://nsearchives.nseindia.com/corporate/ixbrl/IT_20260612_183346678_WEB.html
BOSCHLTD,BOSCH LIMITED,Robert Bosch Investment Nederland BV,Promoter Group,2026-06-10,2026-06-12 18:36:11,12-Jun-2026 18:36:11,Equity,Buy,BUY,OTHER,1230.0,43599445.0,35446.70325203252,0,0.00%,1230,0.00%,10-06-2026,10-06-2026,Preferential Offer,https://nsearchives.nseindia.com/corporate/ixbrl/IT_20260612_183611871_WEB.html
BOSCHLTD,BOSCH LIMITED,Robert Bosch LLC,Promoter Group,2026-06-10,2026-06-12 18:36:11,12-Jun-2026 18:36:11,Equity,Buy,BUY,OTHER,1230.0,43599445.0,35446.70325203252,0,0.00%,1230,0.00%,10-06-2026,10-06-2026,Preferential Offer,https://nsearchives.nseindia.com/corporate/ixbrl/IT_20260612_183611871_WEB.html
BOSCHLTD,BOSCH LIMITED,Robert Bosch Investment Nederland BV,Promoter Group,2026-06-10,2026-06-12 18:38:12,12-Jun-2026 18:38:12,Equity,Buy,BUY,OTHER,1230.0,43599445.0,35446.70325203252,0,0.00%,1230,0.00%,10-06-2026,10-06-2026,Preferential Offer,https://nsearchives.nseindia.com/corporate/ixbrl/IT_20260612_183812841_WEB.html
BOSCHLTD,BOSCH LIMITED,Robert Bosch LLC,Promoter Group,2026-06-10,2026-06-12 18:38:12,12-Jun-2026 18:38:12,Equity,Buy,BUY,OTHER,1230.0,43599445.0,35446.70325203252,0,0.00%,1230,0.00%,10-06-2026,10-06-2026,Preferential Offer,https://nsearchives.nseindia.com/corporate/ixbrl/IT_20260612_183812841_WEB.html
CAPILLARY,CAPILLARY TECHNOLOGIES INDIA LIMITED,Capillary Technologies International Pte.Ltd,Promoter,2026-06-12,2026-07-02 14:54:04,02-Jul-2026 14:54:04,Equity,Sell,SELL,OTHER,586021.0,291549819.0,497.5074596302863,39467268,49.66%,38881247,48.92%,12-06-2026,12-06-2026,Block Deal,https://nsearchives.nseindia.com/corporate/ixbrl/IT_20334_20260702_145404533_WEB.html
CHEMBONDCH,CHEMBOND CHEMICALS LIMITED,NIRMAL V SHAH,Promoter and Director,2026-08-06,2026-08-09 14:50:46,09-Aug-2026 14:50:46,Equity,Buy,BUY,MARKET_BUY,10000.0,2300000.0,230.0,6996413,26.02%,7006413,26.05%,06-08-2026,06-08-2026,Market Purchase,https://nsearchives.nseindia.com/corporate/ixbrl/IT_26029_20260809_145046436_WEB.html
CHEMBONDCH,CHEMBOND CHEMICALS LIMITED,MAMTA N SHAH,Promoter Group,2026-08-06,2026-08-09 14:50:46,09-Aug-2026 14:50:46,Equity,Buy,BUY,MARKET_BUY,20500.0,4715000.0,230.0,186600,0.69%,207100,0.77%,06-08-2026,06-08-2026,Market Purchase,https://nsearchives.nseindia.com/corporate/ixbrl/IT_26029_20260809_145046436_WEB.html
CHEMBONDCH,CHEMBOND CHEMICALS LIMITED,NIRMAL V SHAH,Promoter and Director,2026-08-06,2026-08-09 15:09:36,09-Aug-2026 15:09:36,Equity,Buy,BUY,MARKET_BUY,10000.0,2300000.0,230.0,6996413,26.02%,7006413,26.05%,06-08-2026,06-08-2026,Market Purchase,https://nsearchives.nseindia.com/corporate/ixbrl/IT_26029_20260809_150936453_WEB.html
CHEMBONDCH,CHEMBOND CHEMICALS LIMITED,MAMTA N SHAH,Promoter Group,2026-08-06,2026-08-09 15:09:36,09-Aug-2026 15:09:36,Equity,Buy,BUY,MARKET_BUY,20500.0,4715000.0,230.0,186600,0.69%,207100,0.77%,06-08-2026,06-08-2026,Market Purchase,https://nsearchives.nseindia.com/corporate/ixbrl/IT_26029_20260809_150936453_WEB.html
CHEMBONDCH,CHEMBOND CHEMICALS LIMITED,NIRMAL V SHAH,Promoter and Director,2026-08-25,2026-08-26 10:06:10,26-Aug-2026 10:06:10,Equity,Buy,BUY,MARKET_BUY,15000.0,4065000.0,271.0,7006413,26.05%,7021413,26.11%,25-08-2026,25-08-2026,Market Purchase,https://nsearchives.nseindia.com/corporate/ixbrl/IT_26029_20260826_100610592_WEB.html
CHOICEIN,Choice International Limited,Arun Kumar Poddar,Promoter,2026-09-03,2026-09-04 12:50:19,04-Sep-2026 12:50:19,Equity,Pledge,OTHER,OTHER,600000.0,461070000.0,768.45,16200000,7.27%,16200000,7.27%,03-09-2026,03-09-2026,Pledge Release,https://nsearchives.nseindia.com/corporate/ixbrl/IT_20116_20260904_125019732_WEB.html
CINELINE,CINELINE INDIA LIMITED,Ashish Benefit Trust,Promoter Group,2026-06-24,2026-06-26 16:40:47,26-Jun-2026 16:40:47,Equity,Pledge,OTHER,OTHER,3050000.0,241468500.0,79.17,3068800,8.96%,3068800,8.96%,24-06-2026,24-06-2026,Pledge Creation,https://nsearchives.nseindia.com/corporate/ixbrl/IT_5974_20260626_164047941_WEB.html
CINELINE,CINELINE INDIA LIMITED,Himanshu Kanakia,Promoter,2026-06-24,2026-06-26 16:41:48,26-Jun-2026 16:41:48,Equity,Pledge,OTHER,OTHER,200000.0,15834000.0,79.17,1273824,3.72%,1273824,3.72%,24-06-2026,24-06-2026,Pledge Creation,https://nsearchives.nseindia.com/corporate/ixbrl/IT_5974_20260626_164148743_WEB.html
CINELINE,CINELINE INDIA LIMITED,Rasesh Kanakia,Promoter,2026-06-24,2026-06-26 16:42:36,26-Jun-2026 16:42:36,Equity,Pledge,OTHER,OTHER,200000.0,15834000.0,79.17,1273824,3.72%,1273824,3.72%,24-06-2026,24-06-2026,Pledge Creation,https://nsearchives.nseindia.com/corporate/ixbrl/IT_5974_20260626_164236477_WEB.html
CINELINE,CINELINE INDIA LIMITED,Vrutant Benefit Trust,Promoter Group,2026-06-24,2026-06-26 16:43:24,26-Jun-2026 16:43:24,Equity,Pledge,OTHER,OTHER,3050000.0,241468500.0,79.17,3068800,8.96%,3068800,8.96%,24-06-2026,24-06-2026,Pledge Creation,https://nsearchives.nseindia.com/corporate/ixbrl/IT_5974_20260626_164324549_WEB.html
CINELINE,CINELINE INDIA LIMITED,Ashish Benefit Trust,Promoter Group,2026-06-24,2026-06-26 16:56:54,26-Jun-2026 16:56:54,Equity,Pledge,OTHER,OTHER,3050000.0,241468500.0,79.17,3068800,8.96%,3068800,8.96%,24-06-2026,24-06-2026,Pledge Creation,https://nsearchives.nseindia.com/corporate/ixbrl/IT_5974_20260626_165654329_WEB.html
CINELINE,Cineline India Limited,Ashish Rasesh Kanakia,Promoter Group,2026-07-30,2026-08-04 15:57:38,04-Aug-2026 15:57:38,Equity,Buy,BUY,OTHER,534188.0,62499996.0,117.0,1042133,3.04%,1576321,4.12%,30-07-2026,30-07-2026,Allotment,https://nsearchives.nseindia.com/corporate/ixbrl/IT_5974_20260804_155738500_WEB.html
CINELINE,Cineline India Limited,Niyati Rasesh Kanakia,Promoter Group,2026-07-30,2026-08-04 15:57:38,04-Aug-2026 15:57:38,Equity,Buy,BUY,OTHER,534188.0,62499996.0,117.0,1042133,3.04%,1576321,4.12%,30-07-2026,30-07-2026,Allotment,https://nsearchives.nseindia.com/corporate/ixbrl/IT_5974_20260804_155738500_WEB.html
CINELINE,Cineline India Limited,Vrutant Himanshu Kanakia,Promoter Group,2026-07-30,2026-08-04 15:57:38,04-Aug-2026 15:57:38,Equity,Buy,BUY,OTHER,534188.0,62499996.0,117.0,1042133,3.04%,1576321,4.12%,30-07-2026,30-07-2026,Allotment,https://nsearchives.nseindia.com/corporate/ixbrl/IT_5974_20260804_155738500_WEB.html
CINELINE,Cineline India Limited,Vrusti Benefit Trust,Promoter Group,2026-07-30,2026-08-04 15:57:38,04-Aug-2026 15:57:38,Equity,Buy,BUY,OTHER,534188.0,62499996.0,117.0,1042133,3.04%,1576321,4.12%,30-07-2026,30-07-2026,Allotment,https://nsearchives.nseindia.com/corporate/ixbrl/IT_5974_20260804_155738500_WEB.html
COCHINSHIP,Cochin Shipyard Limited,"President of India acting through the Ministry of Ports, Shipping and Waterways, Government of India",Promoter,2026-07-08,2026-07-10 14:14:51,10-Jul-2026 14:14:51,Equity,Sell,SELL,MARKET_SELL,12049170.0,17132754601.0,1421.903301306231,178671239,67.91%,166622069,63.33%,07-07-2026,08-07-2026,Market Sale,https://nsearchives.nseindia.com/corporate/ixbrl/IT_15406_20260710_141451684_WEB.html
COFFEEDAY,Coffee Day Enterprises Limited,Coffee Day Consolidations Private Limited,Promoter Group,2026-03-25,2026-06-23 10:49:32,23-Jun-2026 10:49:32,Equity,Pledge Revoke,OTHER,OTHER,4269780.0,100766808.0,23.6,5454823,2.58%,5454823,2.58%,26-02-2026,25-03-2026,Pledge Release,https://nsearchives.nseindia.com/corporate/ixbrl/IT_13209_20260623_104932862_WEB.html
COFFEEDAY,Coffee Day Enterprises Limited,Coffee Day Consolidations Private Limited,Promoter Group,2026-04-24,2026-06-23 10:50:40,23-Jun-2026 10:50:40,Equity,Pledge Revoke,OTHER,OTHER,150000.0,3948000.0,26.32,5454823,2.58%,5454823,2.58%,24-04-2026,24-04-2026,Pledge Release,https://nsearchives.nseindia.com/corporate/ixbrl/IT_13209_20260623_105040674_WEB.html
COFFEEDAY,Coffee Day Enterprises Limited,V G Siddhartha,Promoter,2026-06-25,2026-06-26 15:59:14,26-Jun-2026 15:59:14,Equity,Pledge Invoke,OTHER,OTHER,200000.0,6660000.0,33.3,200000,0.09%,0,0.00%,25-06-2026,25-06-2026,Invocation of pledge,https://nsearchives.nseindia.com/corporate/ixbrl/IT_13209_20260626_155914610_WEB.html
COFFEEDAY,Coffee Day Enterprises Limited,V G Siddhartha,Promoter,2026-06-25,2026-06-26 16:01:32,26-Jun-2026 16:01:32,Equity,Pledge Invoke,OTHER,OTHER,200000.0,6660000.0,33.3,200000,0.09%,0,0.00%,25-06-2026,25-06-2026,Invocation of pledge,https://nsearchives.nseindia.com/corporate/ixbrl/IT_13209_20260626_160132604_WEB.html
COFFEEDAY,Coffee Day Enterprises Limited,One-AHIH Real Estates Private Limited,Promoter Group,2026-06-25,2026-07-02 13:03:57,02-Jul-2026 13:03:57,Equity,Buy,BUY,OTHER,200000.0,6660000.0,33.3,0,0.00%,200000,0.09%,25-06-2026,25-06-2026,Others,https://nsearchives.nseindia.com/corporate/ixbrl/IT_13209_20260702_130357652_WEB.html
COFFEEDAY,Coffee Day Enterprises Limited,One-AHIH Real Estates Private Limited,Promoter Group,2026-06-25,2026-07-02 13:28:03,02-Jul-2026 13:28:03,Equity,Buy,BUY,OTHER,200000.0,6660000.0,33.3,0,0.00%,200000,0.09%,25-06-2026,25-06-2026,Others,https://nsearchives.nseindia.com/corporate/ixbrl/IT_13209_20260702_132803244_WEB.html
COFFEEDAY,Coffee Day Enterprises Limited,One-AHIH Real Estates Private Limited,Promoter Group,2026-06-30,2026-07-02 13:03:57,02-Jul-2026 13:03:57,Equity,Sell,SELL,MARKET_SELL,200000.0,6273695.0,31.368475,200000,0.09%,0,0.00%,30-06-2026,30-06-2026,Market Sale,https://nsearchives.nseindia.com/corporate/ixbrl/IT_13209_20260702_130357652_WEB.html
COFFEEDAY,Coffee Day Enterprises Limited,One-AHIH Real Estates Private Limited,Promoter Group,2026-06-30,2026-07-02 13:28:03,02-Jul-2026 13:28:03,Equity,Sell,SELL,MARKET_SELL,200000.0,6273695.0,31.368475,200000,0.09%,0,0.00%,30-06-2026,30-06-2026,Market Sale,https://nsearchives.nseindia.com/corporate/ixbrl/IT_13209_20260702_132803244_WEB.html
COFFEEDAY,Coffee Day Enterprises Limited,Malavika Hegde,Promoter Group,2026-08-18,2026-08-20 17:50:32,20-Aug-2026 17:50:32,Equity,Pledge Revoke,OTHER,OTHER,18745.0,555602.0,29.64001066951187,1537402,0.73%,1556147,0.74%,18-08-2026,18-08-2026,Pledge Release,https://nsearchives.nseindia.com/corporate/ixbrl/IT_13209_20260820_175032473_WEB.html
COFFEEDAY,Coffee Day Enterprises Limited,Coffee Day Consolidations Private Limited,Promoter Group,2026-08-18,2026-08-20 17:50:32,20-Aug-2026 17:50:32,Equity,Pledge Revoke,OTHER,OTHER,47293.0,1401765.0,29.640010149493584,5454823,2.58%,5502116,2.60%,18-08-2026,18-08-2026,Pledge Release,https://nsearchives.nseindia.com/corporate/ixbrl/IT_13209_20260820_175032473_WEB.html
COFFEEDAY,Coffee Day Enterprises Limited,Malavika Hegde,Promoter Group,2026-08-18,2026-08-20 17:54:49,20-Aug-2026 17:54:49,Equity,Pledge Revoke,OTHER,OTHER,18745.0,555602.0,29.64001066951187,1537402,0.73%,1556147,0.74%,18-08-2026,18-08-2026,Pledge Release,https://nsearchives.nseindia.com/corporate/ixbrl/IT_13209_20260820_175449365_WEB.html
COFFEEDAY,Coffee Day Enterprises Limited,Coffee Day Consolidations Private Limited,Promoter Group,2026-08-18,2026-08-20 17:54:49,20-Aug-2026 17:54:49,Equity,Pledge Revoke,OTHER,OTHER,47293.0,1401765.0,29.640010149493584,5454823,2.58%,5502116,2.60%,18-08-2026,18-08-2026,Pledge Release,https://nsearchives.nseindia.com/corporate/ixbrl/IT_13209_20260820_175449365_WEB.html
COFFEEDAY,Coffee Day Enterprises Limited,Malavika Hegde,Promoter Group,2026-08-18,2026-08-20 17:55:23,20-Aug-2026 17:55:23,Equity,Pledge Revoke,OTHER,OTHER,18745.0,555602.0,29.64001066951187,1537402,0.73%,1556147,0.74%,18-08-2026,18-08-2026,Pledge Release,https://nsearchives.nseindia.com/corporate/ixbrl/IT_13209_20260820_175523310_WEB.html
COFFEEDAY,Coffee Day Enterprises Limited,Coffee Day Consolidations Private Limited,Promoter Group,2026-08-18,2026-08-20 17:55:23,20-Aug-2026 17:55:23,Equity,Pledge Revoke,OTHER,OTHER,47293.0,1401765.0,29.640010149493584,5454823,2.58%,5502116,2.60%,18-08-2026,18-08-2026,Pledge Release,https://nsearchives.nseindia.com/corporate/ixbrl/IT_13209_20260820_175523310_WEB.html
CONFIPET,CONFIDENCE PETROLEUM INDIA LIMITED,CONFIDENCE LPG BOTTLING PRIVATE LIMITED,Promoter Group,2026-06-19,2026-06-23 13:36:06,23-Jun-2026 13:36:06,Equity,Buy,BUY,MARKET_BUY,1400000.0,98938000.0,70.67,11145698,3.35%,12545698,3.77%,19-06-2026,19-06-2026,Market Purchase,https://nsearchives.nseindia.com/corporate/ixbrl/IT_17510_20260623_133606508_WEB.html
CONFIPET,CONFIDENCE PETROLEUM INDIA LIMITED,CONFIDENCE LPG BOTTLING PRIVATE LIMITED,Promoter Group,2026-06-19,2026-06-23 13:37:31,23-Jun-2026 13:37:31,Equity,Buy,BUY,MARKET_BUY,1400000.0,98938000.0,70.67,11145698,3.35%,12545698,3.77%,19-06-2026,19-06-2026,Market Purchase,https://nsearchives.nseindia.com/corporate/ixbrl/IT_17510_20260623_133731133_WEB.html
CONFIPET,CONFIDENCE PETROLEUM INDIA LIMITED,CONFIDENCE LPG BOTTLING PRIVATE LIMITED,Promoter Group,2026-06-24,2026-06-29 17:58:26,29-Jun-2026 17:58:26,Equity,Buy,BUY,MARKET_BUY,1120791.0,79609785.0,71.03000024090129,12545698,3.77%,13666489,4.11%,24-06-2026,24-06-2026,Market Purchase,https://nsearchives.nseindia.com/corporate/ixbrl/IT_17510_20260629_175826218_WEB.html
CONFIPET,CONFIDENCE PETROLEUM INDIA LIMITED,CONFIDENCE LPG BOTTLING PRIVATE LIMITED,Promoter Group,2026-06-24,2026-06-29 18:58:48,29-Jun-2026 18:58:48,Equity,Buy,BUY,MARKET_BUY,1120791.0,79609785.0,71.03000024090129,12545698,3.77%,13666489,4.11%,24-06-2026,24-06-2026,Market Purchase,https://nsearchives.nseindia.com/corporate/ixbrl/IT_17510_20260629_185848763_WEB.html
CONFIPET,CONFIDENCE PETROLEUM INDIA LIMITED,CONFIDENCE LPG BOTTLING PRIVATE LIMITED,Promoter Group,2026-06-25,2026-06-30 18:18:43,30-Jun-2026 18:18:43,Equity,Buy,BUY,MARKET_BUY,1400000.0,100632000.0,71.88,13666489,4.11%,15066489,4.53%,25-06-2026,25-06-2026,Market Purchase,https://nsearchives.nseindia.com/corporate/ixbrl/IT_17510_20260630_181843632_WEB.html
CONFIPET,CONFIDENCE PETROLEUM INDIA LIMITED,Essenn LPG Bottling Private Limited,Promoter Group,2026-06-29,2026-07-02 23:40:51,02-Jul-2026 23:40:51,Equity,Buy,BUY,MARKET_BUY,1048000.0,74932000.0,71.5,30437981,9.16%,31485981,9.48%,29-06-2026,29-06-2026,Market Purchase,https://nsearchives.nseindia.com/corporate/ixbrl/IT_17510_20260702_234051087_WEB.html
CONFIPET,CONFIDENCE PETROLEUM INDIA LIMITED,Essenn LPG Bottling Private Limited,Promoter Group,2026-06-30,2026-07-02 23:40:46,02-Jul-2026 23:40:46,Equity,Buy,BUY,MARKET_BUY,1026000.0,74939040.0,73.04,31485981,9.48%,32511981,9.79%,30-06-2026,30-06-2026,Market Purchase,https://nsearchives.nseindia.com/corporate/ixbrl/IT_17510_20260702_234046215_WEB.html
CONFIPET,CONFIDENCE PETROLEUM INDIA LIMITED,CONFIDENCE LPG BOTTLING PRIVATE LIMITED,Promoter Group,2026-06-30,2026-08-24 19:34:18,24-Aug-2026 19:34:18,Equity,Buy,BUY,MARKET_BUY,1387500.0,101592750.0,73.22,15066489,4.53%,16453989,4.95%,30-06-2026,30-06-2026,Market Purchase,https://nsearchives.nseindia.com/corporate/ixbrl/IT_17510_20260824_193418510_WEB.html
CONFIPET,CONFIDENCE PETROLEUM INDIA LIMITED,CONFIDENCE LPG BOTTLING PRIVATE LIMITED,Promoter Group,2026-08-21,2026-08-24 19:34:39,24-Aug-2026 19:34:39,Equity,Buy,BUY,MARKET_BUY,2772372.0,202734295.0,73.12665652372769,16453989,4.95%,19226361,5.79%,19-08-2026,21-08-2026,Market Purchase,https://nsearchives.nseindia.com/corporate/ixbrl/IT_17510_20260824_193439888_WEB.html
CONFIPET,CONFIDENCE PETROLEUM INDIA LIMITED,CONFIDENCE LPG BOTTLING PRIVATE LIMITED,Promoter Group,2026-08-21,2026-08-24 19:41:35,24-Aug-2026 19:41:35,Equity,Buy,BUY,MARKET_BUY,2772372.0,202734295.0,73.12665652372769,16453989,4.95%,19226361,5.79%,19-08-2026,21-08-2026,Market Purchase,https://nsearchives.nseindia.com/corporate/ixbrl/IT_17510_20260824_194135252_WEB.html
CONFIPET,CONFIDENCE PETROLEUM INDIA LIMITED,CONFIDENCE LPG BOTTLING PRIVATE LIMITED,Promoter Group,2026-08-24,2026-08-28 21:36:16,28-Aug-2026 21:36:16,Equity,Buy,BUY,MARKET_BUY,419447.0,30279990.0,72.19026480103565,19226361,5.79%,19645808,5.91%,24-08-2026,24-08-2026,Market Purchase,https://nsearchives.nseindia.com/corporate/ixbrl/IT_17510_20260828_213616323_WEB.html
CONFIPET,CONFIDENCE PETROLEUM INDIA LIMITED,Essenn LPG Bottling Private Limited,Promoter Group,2026-08-26,2026-08-28 21:41:26,28-Aug-2026 21:41:26,Equity,Buy,BUY,MARKET_BUY,746000.0,60232040.0,80.74,32511981,9.79%,33257981,10.01%,26-08-2026,26-08-2026,Market Purchase,https://nsearchives.nseindia.com/corporate/ixbrl/IT_17510_20260828_214126275_WEB.html
CRAFTSMAN,CRAFTSMAN AUTOMATION LIMITED,Mr. Srinivasan Ravi,Promoter and Director,2026-06-23,2026-06-25 10:30:14,25-Jun-2026 10:30:14,Equity,Sell,SELL,OTHER,525000.0,4856250000.0,9250.0,10500000,40.15%,9975000,38.14%,23-06-2026,23-06-2026,Block Deal,https://nsearchives.nseindia.com/corporate/ixbrl/IT_19266_20260625_103014848_WEB.html
CRAFTSMAN,CRAFTSMAN AUTOMATION LIMITED,Mr. Srinivasan Ravi,Promoter and Director,2026-06-23,2026-06-25 10:30:41,25-Jun-2026 10:30:41,Equity,Sell,SELL,OTHER,525000.0,4856250000.0,9250.0,10500000,40.15%,9975000,38.14%,23-06-2026,23-06-2026,Block Deal,https://nsearchives.nseindia.com/corporate/ixbrl/IT_19266_20260625_103041304_WEB.html
CRAFTSMAN,CRAFTSMAN AUTOMATION LIMITED,Mr. Srinivasan Ravi,Promoter and Director,2026-06-23,2026-06-25 10:58:19,25-Jun-2026 10:58:19,Equity,Sell,SELL,OTHER,525000.0,4856250000.0,9250.0,10500000,40.15%,9975000,38.14%,23-06-2026,23-06-2026,Block Deal,https://nsearchives.nseindia.com/corporate/ixbrl/IT_19266_20260625_105819094_WEB.html
CRAFTSMAN,CRAFTSMAN AUTOMATION LIMITED,Mr. Srinivasan Ravi,Promoter and Director,2026-06-23,2026-06-25 11:04:10,25-Jun-2026 11:04:10,Equity,Sell,SELL,OTHER,525000.0,4856250000.0,9250.0,10500000,40.15%,9975000,38.14%,23-06-2026,23-06-2026,Block Deal,https://nsearchives.nseindia.com/corporate/ixbrl/IT_19266_20260625_110410761_WEB.html
CSLFINANCE,CSL Finance Limited,Rohit Gupta HUF,Promoter,2026-08-17,2026-08-20 14:43:52,20-Aug-2026 14:43:52,Equity,Buy,BUY,MARKET_BUY,20000.0,0.0,0.0,281462,1.23%,301462,1.32%,17-08-2026,17-08-2026,Market Purchase,https://nsearchives.nseindia.com/corporate/ixbrl/IT_20784_20260820_144352399_WEB.html
CSLFINANCE,CSL Finance Limited,CSL Capital Private Limited,Promoter,2026-08-18,2026-08-20 14:43:52,20-Aug-2026 14:43:52,Equity,Buy,BUY,MARKET_BUY,35200.0,0.0,0.0,6785727,29.78%,6820927,29.93%,17-08-2026,18-08-2026,Market Purchase,https://nsearchives.nseindia.com/corporate/ixbrl/IT_20784_20260820_144352399_WEB.html
CSLFINANCE,CSL Finance Limited,Rohit Gupta HUF,Promoter,2026-08-18,2026-08-20 14:43:52,20-Aug-2026 14:43:52,Equity,Buy,BUY,MARKET_BUY,1399.0,0.0,0.0,301462,1.32%,302861,1.32%,18-08-2026,18-08-2026,Market Purchase,https://nsearchives.nseindia.com/corporate/ixbrl/IT_20784_20260820_144352399_WEB.html
CSLFINANCE,CSL Finance Limited,Rohit Gupta HUF,Promoter,2026-08-18,2026-08-20 14:43:52,20-Aug-2026 14:43:52,Equity,Buy,BUY,MARKET_BUY,15480.0,1.0,6.459948320413436e-05,302861,1.32%,318341,1.39%,18-08-2026,18-08-2026,Market Purchase,https://nsearchives.nseindia.com/corporate/ixbrl/IT_20784_20260820_144352399_WEB.html
CSLFINANCE,CSL Finance Limited,Rohit Gupta HUF,Promoter,2026-08-19,2026-08-24 12:07:58,24-Aug-2026 12:07:58,Equity,Buy,BUY,MARKET_BUY,12380.0,0.0,0.0,318341,1.39%,330721,1.45%,19-08-2026,19-08-2026,Market Purchase,https://nsearchives.nseindia.com/corporate/ixbrl/IT_20784_20260824_120758845_WEB.html
CSLFINANCE,CSL Finance Limited,Rohit Gupta HUF,Promoter,2026-08-19,2026-08-24 12:21:00,24-Aug-2026 12:21:00,Equity,Buy,BUY,MARKET_BUY,12380.0,0.0,0.0,318341,1.39%,330721,1.45%,19-08-2026,19-08-2026,Market Purchase,https://nsearchives.nseindia.com/corporate/ixbrl/IT_20784_20260824_122100612_WEB.html
CSLFINANCE,CSL Finance Limited,Rohit Gupta HUF,Promoter,2026-08-20,2026-08-24 12:07:58,24-Aug-2026 12:07:58,Equity,Buy,BUY,MARKET_BUY,18471.0,0.0,0.0,330721,1.45%,349192,1.53%,20-08-2026,20-08-2026,Market Purchase,https://nsearchives.nseindia.com/corporate/ixbrl/IT_20784_20260824_120758845_WEB.html
CSLFINANCE,CSL Finance Limited,Rohit Gupta HUF,Promoter,2026-08-20,2026-08-24 12:07:58,24-Aug-2026 12:07:58,Equity,Buy,BUY,MARKET_BUY,944.0,0.0,0.0,349192,1.53%,350136,1.53%,20-08-2026,20-08-2026,Market Purchase,https://nsearchives.nseindia.com/corporate/ixbrl/IT_20784_20260824_120758845_WEB.html
CSLFINANCE,CSL Finance Limited,Rohit Gupta HUF,Promoter,2026-08-20,2026-08-24 12:21:00,24-Aug-2026 12:21:00,Equity,Buy,BUY,MARKET_BUY,18471.0,0.0,0.0,330721,1.45%,349192,1.53%,20-08-2026,20-08-2026,Market Purchase,https://nsearchives.nseindia.com/corporate/ixbrl/IT_20784_20260824_122100612_WEB.html
CSLFINANCE,CSL Finance Limited,Rohit Gupta HUF,Promoter,2026-08-20,2026-08-24 12:21:00,24-Aug-2026 12:21:00,Equity,Buy,BUY,MARKET_BUY,944.0,0.0,0.0,349192,1.53%,350136,1.53%,20-08-2026,20-08-2026,Market Purchase,https://nsearchives.nseindia.com/corporate/ixbrl/IT_20784_20260824_122100612_WEB.html
CSLFINANCE,CSL Finance Limited,CSL Capital Private Limited,Promoter,2026-08-21,2026-08-24 12:07:58,24-Aug-2026 12:07:58,Equity,Buy,BUY,MARKET_BUY,10000.0,0.0,0.0,6820927,29.93%,6830927,29.98%,21-08-2026,21-08-2026,Market Purchase,https://nsearchives.nseindia.com/corporate/ixbrl/IT_20784_20260824_120758845_WEB.html
CSLFINANCE,CSL Finance Limited,Rohit Gupta HUF,Promoter,2026-08-21,2026-08-24 12:07:58,24-Aug-2026 12:07:58,Equity,Buy,BUY,MARKET_BUY,10000.0,0.0,0.0,350136,1.53%,360136,1.58%,21-08-2026,21-08-2026,Market Purchase,https://nsearchives.nseindia.com/corporate/ixbrl/IT_20784_20260824_120758845_WEB.html
CSLFINANCE,CSL Finance Limited,CSL Capital Private Limited,Promoter,2026-08-21,2026-08-24 12:21:00,24-Aug-2026 12:21:00,Equity,Buy,BUY,MARKET_BUY,10000.0,0.0,0.0,6820927,29.93%,6830927,29.98%,21-08-2026,21-08-2026,Market Purchase,https://nsearchives.nseindia.com/corporate/ixbrl/IT_20784_20260824_122100612_WEB.html
CSLFINANCE,CSL Finance Limited,Rohit Gupta HUF,Promoter,2026-08-21,2026-08-24 12:21:00,24-Aug-2026 12:21:00,Equity,Buy,BUY,MARKET_BUY,10000.0,0.0,0.0,350136,1.53%,360136,1.58%,21-08-2026,21-08-2026,Market Purchase,https://nsearchives.nseindia.com/corporate/ixbrl/IT_20784_20260824_122100612_WEB.html
CSLFINANCE,CSL Finance Limited,Rohit Gupta HUF,Promoter,2026-08-24,2026-08-27 14:53:28,27-Aug-2026 14:53:28,Equity,Buy,BUY,MARKET_BUY,2058.0,466014.0,226.4402332361516,360136,1.58%,362194,1.59%,24-08-2026,24-08-2026,Market Purchase,https://nsearchives.nseindia.com/corporate/ixbrl/IT_20784_20260827_145328549_WEB.html
CSLFINANCE,CSL Finance Limited,Rohit Gupta HUF,Promoter,2026-08-24,2026-08-27 14:53:28,27-Aug-2026 14:53:28,Equity,Buy,BUY,MARKET_BUY,10000.0,2300000.0,230.0,362194,1.58%,372194,1.63%,24-08-2026,24-08-2026,Market Purchase,https://nsearchives.nseindia.com/corporate/ixbrl/IT_20784_20260827_145328549_WEB.html
CSLFINANCE,CSL Finance Limited,Rohit Gupta HUF,Promoter,2026-08-24,2026-08-27 14:55:32,27-Aug-2026 14:55:32,Equity,Buy,BUY,MARKET_BUY,2058.0,466014.0,226.4402332361516,360136,1.58%,362194,1.59%,24-08-2026,24-08-2026,Market Purchase,https://nsearchives.nseindia.com/corporate/ixbrl/IT_20784_20260827_145532475_WEB.html
CSLFINANCE,CSL Finance Limited,Rohit Gupta HUF,Promoter,2026-08-24,2026-08-27 14:55:32,27-Aug-2026 14:55:32,Equity,Buy,BUY,MARKET_BUY,10000.0,2300000.0,230.0,362194,1.58%,372194,1.63%,24-08-2026,24-08-2026,Market Purchase,https://nsearchives.nseindia.com/corporate/ixbrl/IT_20784_20260827_145532475_WEB.html
CSLFINANCE,CSL Finance Limited,Rohit Gupta HUF,Promoter,2026-08-25,2026-08-27 14:53:28,27-Aug-2026 14:53:28,Equity,Buy,BUY,MARKET_BUY,5915.0,1354476.0,228.99002535925612,372194,1.63%,378109,1.66%,25-08-2026,25-08-2026,Market Purchase,https://nsearchives.nseindia.com/corporate/ixbrl/IT_20784_20260827_145328549_WEB.html
CSLFINANCE,CSL Finance Limited,Rohit Gupta HUF,Promoter,2026-08-25,2026-08-27 14:55:32,27-Aug-2026 14:55:32,Equity,Buy,BUY,MARKET_BUY,5915.0,1354476.0,228.99002535925612,372194,1.63%,378109,1.66%,25-08-2026,25-08-2026,Market Purchase,https://nsearchives.nseindia.com/corporate/ixbrl/IT_20784_20260827_145532475_WEB.html
CSLFINANCE,CSL Finance Limited,Rohit Gupta HUF,Promoter,2026-08-26,2026-08-27 14:53:28,27-Aug-2026 14:53:28,Equity,Buy,BUY,MARKET_BUY,20000.0,4600000.0,230.0,378109,1.65%,398109,1.75%,26-08-2026,26-08-2026,Market Purchase,https://nsearchives.nseindia.com/corporate/ixbrl/IT_20784_20260827_145328549_WEB.html
CSLFINANCE,CSL Finance Limited,Rohit Gupta HUF,Promoter,2026-08-26,2026-08-27 14:53:28,27-Aug-2026 14:53:28,Equity,Buy,BUY,MARKET_BUY,10000.0,2300000.0,230.0,398109,1.74%,408109,1.79%,26-08-2026,26-08-2026,Market Purchase,https://nsearchives.nseindia.com/corporate/ixbrl/IT_20784_20260827_145328549_WEB.html
CSLFINANCE,CSL Finance Limited,Rohit Gupta HUF,Promoter,2026-08-26,2026-08-27 14:55:32,27-Aug-2026 14:55:32,Equity,Buy,BUY,MARKET_BUY,20000.0,4600000.0,230.0,378109,1.65%,398109,1.75%,26-08-2026,26-08-2026,Market Purchase,https://nsearchives.nseindia.com/corporate/ixbrl/IT_20784_20260827_145532475_WEB.html
CSLFINANCE,CSL Finance Limited,Rohit Gupta HUF,Promoter,2026-08-26,2026-08-27 14:55:32,27-Aug-2026 14:55:32,Equity,Buy,BUY,MARKET_BUY,10000.0,2300000.0,230.0,398109,1.74%,408109,1.79%,26-08-2026,26-08-2026,Market Purchase,https://nsearchives.nseindia.com/corporate/ixbrl/IT_20784_20260827_145532475_WEB.html
CSLFINANCE,CSL Finance Limited,Rohit Gupta HUF,Promoter,2026-08-27,2026-09-01 15:23:12,01-Sep-2026 15:23:12,Equity,Buy,BUY,MARKET_BUY,10000.0,2300000.0,230.0,408109,1.79%,418109,1.83%,27-08-2026,27-08-2026,Market Purchase,https://nsearchives.nseindia.com/corporate/ixbrl/IT_20784_20260901_152312478_WEB.html
CSLFINANCE,CSL Finance Limited,Rohit Gupta HUF,Promoter,2026-08-27,2026-09-01 15:25:05,01-Sep-2026 15:25:05,Equity,Buy,BUY,MARKET_BUY,10000.0,2300000.0,230.0,408109,1.79%,418109,1.83%,27-08-2026,27-08-2026,Market Purchase,https://nsearchives.nseindia.com/corporate/ixbrl/IT_20784_20260901_152505002_WEB.html
CSLFINANCE,CSL Finance Limited,Rohit Gupta HUF,Promoter,2026-08-28,2026-09-01 15:23:12,01-Sep-2026 15:23:12,Equity,Buy,BUY,MARKET_BUY,8049.0,1835172.0,228.0,418109,1.83%,426158,1.87%,28-08-2026,28-08-2026,Market Purchase,https://nsearchives.nseindia.com/corporate/ixbrl/IT_20784_20260901_152312478_WEB.html
CSLFINANCE,CSL Finance Limited,Rohit Gupta HUF,Promoter,2026-08-28,2026-09-01 15:23:12,01-Sep-2026 15:23:12,Equity,Buy,BUY,MARKET_BUY,8528.0,1944384.0,228.0,426158,1.87%,434686,1.90%,28-08-2026,28-08-2026,Market Purchase,https://nsearchives.nseindia.com/corporate/ixbrl/IT_20784_20260901_152312478_WEB.html
CSLFINANCE,CSL Finance Limited,Rohit Gupta HUF,Promoter,2026-08-28,2026-09-01 15:25:05,01-Sep-2026 15:25:05,Equity,Buy,BUY,MARKET_BUY,8049.0,1835172.0,228.0,418109,1.83%,426158,1.87%,28-08-2026,28-08-2026,Market Purchase,https://nsearchives.nseindia.com/corporate/ixbrl/IT_20784_20260901_152505002_WEB.html
CSLFINANCE,CSL Finance Limited,Rohit Gupta HUF,Promoter,2026-08-28,2026-09-01 15:25:05,01-Sep-2026 15:25:05,Equity,Buy,BUY,MARKET_BUY,8528.0,1944384.0,228.0,426158,1.87%,434686,1.90%,28-08-2026,28-08-2026,Market Purchase,https://nsearchives.nseindia.com/corporate/ixbrl/IT_20784_20260901_152505002_WEB.html
CTE,Cambridge Technology Enterprises Limited,Cloud Computing LLC,Promoter,2026-03-25,2026-06-19 12:43:07,19-Jun-2026 12:43:07,Equity,Buy,BUY,OTHER,950000.0,22230000.0,23.4,9994693,50.91%,10944693,55.75%,25-03-2026,25-03-2026,Off Market,https://nsearchives.nseindia.com/corporate/ixbrl/IT_2522_20260619_124307651_WEB.html
CTE,Cambridge Technology Enterprises Limited,Cloud Computing LLC,Promoter,2026-06-30,2026-07-02 17:54:38,02-Jul-2026 17:54:38,Equity,Buy,BUY,OTHER,271100.0,8620980.0,31.8,10944693,55.75%,11215793,57.13%,30-06-2026,30-06-2026,Off Market,https://nsearchives.nseindia.com/corporate/ixbrl/IT_2522_20260702_175438574_WEB.html
CTE,Cambridge Technology Enterprises Limited,Cloud Computing LLC,Promoter,2026-06-30,2026-07-02 17:56:03,02-Jul-2026 17:56:03,Equity,Buy,BUY,OTHER,271100.0,8620980.0,31.8,10944693,55.75%,11215793,57.13%,30-06-2026,30-06-2026,Off Market,https://nsearchives.nseindia.com/corporate/ixbrl/IT_2522_20260702_175603121_WEB.html
CTE,Cambridge Technology Enterprises Limited,Cloud Computing LLC,Promoter,2026-06-30,2026-07-02 17:57:26,02-Jul-2026 17:57:26,Equity,Buy,BUY,OTHER,271100.0,8620980.0,31.8,10944693,55.75%,11215793,57.13%,30-06-2026,30-06-2026,Off Market,https://nsearchives.nseindia.com/corporate/ixbrl/IT_2522_20260702_175726900_WEB.html
DALBHARAT,Dalmia Bharat Limited,"Rama Investment Company
Private Limited",Promoter Group,2026-06-19,2026-06-24 18:55:20,24-Jun-2026 18:55:20,Equity,Buy,BUY,OTHER,1290773.0,1.0,7.747295612783967e-07,9451790,5.04%,10742563,5.73%,19-06-2026,19-06-2026,Scheme of Amalgamation/Merger/Demerger/Arrangement,https://nsearchives.nseindia.com/corporate/ixbrl/IT_17144_20260624_185520661_WEB.html
DALBHARAT,Dalmia Bharat Limited,Shri Brahma Creation Trust,Promoter Group,2026-08-10,2026-08-12 15:42:43,12-Aug-2026 15:42:43,Equity,Sell,SELL,OTHER,359710.0,0.0,0.0,359710,0.19%,0,0.00%,10-08-2026,10-08-2026,Inter-se-Transfer,https://nsearchives.nseindia.com/corporate/ixbrl/IT_17144_20260812_154243440_WEB.html
DALBHARAT,Dalmia Bharat Limited,Priyang Dalmia,Promoter Group,2026-08-10,2026-08-12 15:42:43,12-Aug-2026 15:42:43,Equity,Buy,BUY,OTHER,359710.0,0.0,0.0,0,0.00%,359710,0.19%,10-08-2026,10-08-2026,Inter-se-Transfer,https://nsearchives.nseindia.com/corporate/ixbrl/IT_17144_20260812_154243440_WEB.html
DBCORP,D.B.Corp Limited,Sudhir Agarwal,Promoter and Director,2026-06-03,2026-06-08 18:53:02,08-Jun-2026 18:53:02,Equity,Buy,BUY,OTHER,99795.0,20487914.0,205.30000501027106,6523000,3.66%,6622795,3.72%,03-06-2026,03-06-2026,Inheritance,https://nsearchives.nseindia.com/corporate/ixbrl/IT_20260608_185302510_WEB.html
DBCORP,D.B.Corp Limited,Sudhir Agarwal,Promoter and Director,2026-08-28,2026-09-01 17:13:45,01-Sep-2026 17:13:45,Equity,Sell,SELL,OTHER,66530.0,0.0,0.0,6622795,3.72%,6556265,3.68%,28-08-2026,28-08-2026,Gift,https://nsearchives.nseindia.com/corporate/ixbrl/IT_3015_20260901_171345439_WEB.html
DBCORP,D.B.Corp Limited,Girish Agarwal,Promoter and Director,2026-08-28,2026-09-01 17:13:45,01-Sep-2026 17:13:45,Equity,Buy,BUY,OTHER,33265.0,0.0,0.0,6523000,3.66%,6556265,3.68%,28-08-2026,28-08-2026,Gift,https://nsearchives.nseindia.com/corporate/ixbrl/IT_3015_20260901_171345439_WEB.html
DBCORP,D.B.Corp Limited,Pawan Agarwal,Promoter and Director,2026-08-28,2026-09-01 17:13:45,01-Sep-2026 17:13:45,Equity,Buy,BUY,OTHER,33265.0,0.0,0.0,6523000,3.66%,6556265,3.68%,28-08-2026,28-08-2026,Gift,https://nsearchives.nseindia.com/corporate/ixbrl/IT_3015_20260901_171345439_WEB.html
DBOL,Dhampur Bio Organics Limited,Shudh Edible Products Private Limited,Promoter Group,2026-06-25,2026-06-26 19:18:14,26-Jun-2026 19:18:14,Equity,Buy,BUY,MARKET_BUY,18000.0,2010960.0,111.72,11218180,16.90%,11236180,16.93%,25-06-2026,25-06-2026,Market Purchase,https://nsearchives.nseindia.com/corporate/ixbrl/IT_20812_20260626_191814446_WEB.html
DBOL,Dhampur Bio Organics Limited,Shudh Edible Products Private Limited,Promoter Group,2026-06-29,2026-07-01 19:05:05,01-Jul-2026 19:05:05,Equity,Buy,BUY,MARKET_BUY,70000.0,7721000.0,110.3,11236180,16.93%,11306180,17.03%,29-06-2026,29-06-2026,Market Purchase,https://nsearchives.nseindia.com/corporate/ixbrl/IT_20812_20260701_190505136_WEB.html
DBOL,Dhampur Bio Organics Limited,Sonitron Limited,Promoter Group,2026-07-24,2026-07-28 18:33:58,28-Jul-2026 18:33:58,Equity,Buy,BUY,MARKET_BUY,3719.0,379338.0,102.0,11471231,17.28%,11474950,17.28%,24-07-2026,24-07-2026,Market Purchase,https://nsearchives.nseindia.com/corporate/ixbrl/IT_20812_20260728_183358502_WEB.html
DBOL,Dhampur Bio Organics Limited,Sonitron Limited,Promoter Group,2026-07-27,2026-07-28 18:33:58,28-Jul-2026 18:33:58,Equity,Buy,BUY,MARKET_BUY,5549.0,565998.0,102.0,11474950,17.28%,11480499,17.29%,27-07-2026,27-07-2026,Market Purchase,https://nsearchives.nseindia.com/corporate/ixbrl/IT_20812_20260728_183358502_WEB.html
DBOL,Dhampur Bio Organics Limited,Sonitron Limited,Promoter Group,2026-08-05,2026-08-07 19:08:39,07-Aug-2026 19:08:39,Equity,Buy,BUY,MARKET_BUY,25000.0,2815225.0,112.609,11480499,17.29%,11505499,17.33%,05-08-2026,05-08-2026,Market Purchase,https://nsearchives.nseindia.com/corporate/ixbrl/IT_20812_20260807_190839670_WEB.html
DBOL,Dhampur Bio Organics Limited,Sonitron Limited,Promoter Group,2026-08-06,2026-08-07 19:08:39,07-Aug-2026 19:08:39,Equity,Buy,BUY,MARKET_BUY,15000.0,1664845.0,110.98966666666666,11505499,17.33%,11520499,17.35%,06-08-2026,06-08-2026,Market Purchase,https://nsearchives.nseindia.com/corporate/ixbrl/IT_20812_20260807_190839670_WEB.html
DEEDEV,DEE Development Engineers Limited,Krishan Lalit Bansal,Promoter and Director,2026-07-29,2026-08-14 00:30:53,14-Aug-2026 00:30:53,Equity,Buy,BUY,OTHER,398406.0,4.0,1.004000943760887e-05,35200366,50.82%,35598772,47.31%,29-07-2026,29-07-2026,Allotment,https://nsearchives.nseindia.com/corporate/ixbrl/IT_22583_20260814_003050881_WEB.html
DEEDEV,DEE Development Engineers Limited,Krishan Lalit Bansal,Promoter and Director,2026-07-29,2026-08-14 00:30:53,14-Aug-2026 00:30:53,Equity,Buy,BUY,OTHER,398406.0,4.0,1.004000943760887e-05,35200366,50.82%,35598772,47.31%,29-07-2026,29-07-2026,Allotment,https://nsearchives.nseindia.com/corporate/ixbrl/IT_22583_20260814_003050881_WEB.html
DHAMPURSUG,DHAMPUR SUGAR MILLS LIMITED,AJAY SANGHI,Promoter Group,2026-06-10,2026-07-20 18:57:51,20-Jul-2026 18:57:51,Equity,Sell,SELL,OTHER,3500.0,0.0,0.0,10500,0.02%,7000,0.01%,10-06-2026,10-06-2026,Gift,https://nsearchives.nseindia.com/corporate/ixbrl/IT_783_20260720_185751510_WEB.html
DIAMONDYD,Prataap Snacks Limited,Authum Investment & Infrastructure Limited,Promoter,2026-06-25,2026-06-26 14:48:07,26-Jun-2026 14:48:07,Equity,Buy,BUY,MARKET_BUY,8099.0,8827910.0,1090.0,11014501,46.07%,11022600,46.11%,25-06-2026,25-06-2026,Market Purchase,https://nsearchives.nseindia.com/corporate/ixbrl/IT_15510_20260626_144807161_WEB.html
DIAMONDYD,Prataap Snacks Limited,Authum Investment & Infrastructure Limited,Promoter,2026-08-05,2026-08-06 19:29:40,06-Aug-2026 19:29:40,Equity,Buy,BUY,MARKET_BUY,217598.0,254587484.0,1169.9899999080874,11022600,46.11%,11240198,47.01%,05-08-2026,05-08-2026,Market Purchase,https://nsearchives.nseindia.com/corporate/ixbrl/IT_15510_20260806_192940276_WEB.html
DIAMONDYD,Prataap Snacks Limited,Authum Investment & Infrastructure Limited,Promoter,2026-08-06,2026-08-08 16:44:23,08-Aug-2026 16:44:23,Equity,Buy,BUY,MARKET_BUY,7841.0,9134765.0,1165.0,11240198,47.01%,11248039,47.04%,06-08-2026,06-08-2026,Market Purchase,https://nsearchives.nseindia.com/corporate/ixbrl/IT_15510_20260808_164422970_WEB.html
DIAMONDYD,Prataap Snacks Limited,Authum Investment & Infrastructure Limited,Promoter,2026-08-07,2026-08-11 17:51:19,11-Aug-2026 17:51:19,Equity,Buy,BUY,MARKET_BUY,273968.0,323243885.0,1179.860001898032,11248039,47.04%,11522007,48.19%,07-08-2026,07-08-2026,Market Purchase,https://nsearchives.nseindia.com/corporate/ixbrl/IT_15510_20260811_175119465_WEB.html
DIVISLAB,Divi's Laboratories Limited,Divi Madhusudana Rao,Promoter Group,2026-08-11,2026-08-13 08:43:12,13-Aug-2026 08:43:12,Equity,Sell,SELL,MARKET_SELL,20000.0,168321848.0,8416.0924,168090,0.06%,148090,0.06%,11-08-2026,11-08-2026,Market Sale,https://nsearchives.nseindia.com/corporate/ixbrl/IT_2132_20260813_084312377_WEB.html
DOLLAR,DOLLAR INDUSTRIES LIMITED,VK Mercantile Private Limited,Promoter Group,2026-06-24,2026-06-25 17:59:15,25-Jun-2026 17:59:15,Equity,Buy,BUY,MARKET_BUY,55000.0,14833500.0,269.7,8004670,14.11%,8059670,14.21%,24-06-2026,24-06-2026,Market Purchase,https://nsearchives.nseindia.com/corporate/ixbrl/IT_14920_20260625_175915415_WEB.html
DOMS,DOMS INDUSTRIES LIMITED,FILA Fabbrica Italiana Lapis Ed Affini Spa,Promoter,2026-06-17,2026-06-19 18:39:14,19-Jun-2026 18:39:14,Equity,Sell,SELL,MARKET_SELL,4248184.0,9347431131.0,2200.335750758442,15787746,26.01%,11539562,19.01%,17-06-2026,17-06-2026,Market Sale,https://nsearchives.nseindia.com/corporate/ixbrl/IT_22419_20260619_183914526_WEB.html
DOMS,DOMS INDUSTRIES LIMITED,FILA Fabbrica Italiana Lapis Ed Affini Spa,Promoter,2026-06-17,2026-06-19 18:44:15,19-Jun-2026 18:44:15,Equity,Sell,SELL,MARKET_SELL,4248184.0,9347431131.0,2200.335750758442,15787746,26.01%,11539562,19.01%,17-06-2026,17-06-2026,Market Sale,https://nsearchives.nseindia.com/corporate/ixbrl/IT_22419_20260619_184415280_WEB.html
DPSCLTD,DPSC Limited,Aksara Commercial Private Ltd,Promoter Group,2026-06-04,2026-06-08 16:07:22,08-Jun-2026 16:07:22,Equity,Sell,SELL,MARKET_SELL,435907.0,3453176.0,7.921818185989213,61580741,6.33%,61144834,6.28%,03-06-2026,04-06-2026,Market Sale,https://nsearchives.nseindia.com/corporate/ixbrl/IT_20260608_160722653_WEB.html
DPSCLTD,DPSC LIMITED,Aksara Commercial Private Ltd,Promoter Group,2026-06-05,2026-06-08 16:08:52,08-Jun-2026 16:08:52,Equity,Sell,SELL,MARKET_SELL,150000.0,1183491.0,7.88994,61144834,6.28%,60994834,6.26%,05-06-2026,05-06-2026,Market Sale,https://nsearchives.nseindia.com/corporate/ixbrl/IT_20260608_160852045_WEB.html
DPSCLTD,DPSC LIMITED,Aksara Commercial Private Ltd,Promoter Group,2026-06-09,2026-06-11 12:30:02,11-Jun-2026 12:30:02,Equity,Sell,SELL,MARKET_SELL,339901.0,2580444.0,7.591751715940818,60994834,6.26%,60654933,6.23%,08-06-2026,09-06-2026,Market Sale,https://nsearchives.nseindia.com/corporate/ixbrl/IT_20260611_123002435_WEB.html
DPSCLTD,DPSC LIMITED,Aksara Commercial Private Ltd,Promoter Group,2026-06-11,2026-06-15 14:30:39,15-Jun-2026 14:30:39,Equity,Sell,SELL,MARKET_SELL,180190.0,1354662.0,7.517964370941784,60654933,6.23%,60474743,6.21%,10-06-2026,11-06-2026,Market Sale,https://nsearchives.nseindia.com/corporate/ixbrl/IT_2743_20260615_143039015_WEB.html
DPSCLTD,DPSC LIMITED,Aksara Commercial Private Ltd,Promoter Group,2026-06-12,2026-06-16 14:33:26,16-Jun-2026 14:33:26,Equity,Sell,SELL,MARKET_SELL,25786.0,192742.0,7.474676180873342,60474743,6.21%,60448957,6.20%,12-06-2026,12-06-2026,Market Sale,https://nsearchives.nseindia.com/corporate/ixbrl/IT_2743_20260616_143326829_WEB.html
DPSCLTD,DPSC LIMITED,Aksara Commercial Private Ltd,Promoter Group,2026-06-16,2026-06-18 12:47:23,18-Jun-2026 12:47:23,Equity,Sell,SELL,MARKET_SELL,383498.0,2874720.0,7.4960495230744355,60448957,6.20%,60065459,6.17%,15-06-2026,16-06-2026,Market Sale,https://nsearchives.nseindia.com/corporate/ixbrl/IT_2743_20260618_124722966_WEB.html
DPSCLTD,DPSC LIMITED,Aksara Commercial Private Ltd,Promoter Group,2026-06-24,2026-06-26 10:40:28,26-Jun-2026 10:40:28,Equity,Sell,SELL,MARKET_SELL,197082.0,1476337.0,7.490978374483717,60065459,6.17%,59868377,6.15%,17-06-2026,24-06-2026,Market Sale,https://nsearchives.nseindia.com/corporate/ixbrl/IT_2743_20260626_104028486_WEB.html
DPSCLTD,DPSC LIMITED,Aksara Commercial Private Ltd,Promoter Group,2026-06-30,2026-07-02 16:01:48,02-Jul-2026 16:01:48,Equity,Sell,SELL,MARKET_SELL,62402.0,454714.0,7.286849780455754,59868377,6.15%,59805975,6.14%,25-06-2026,30-06-2026,Market Sale,https://nsearchives.nseindia.com/corporate/ixbrl/IT_2743_20260702_160148625_WEB.html
DPSCLTD,DPSC LIMITED,Aksara Commercial Private Ltd,Promoter Group,2026-08-18,2026-08-21 17:48:30,21-Aug-2026 17:48:30,Equity,Sell,SELL,MARKET_SELL,50000.0,352776.0,7.05552,59805975,6.14%,59755975,6.13%,18-08-2026,18-08-2026,Market Sale,https://nsearchives.nseindia.com/corporate/ixbrl/IT_2743_20260821_174830489_WEB.html
DTIL,DHUNSERI TEA & INDUSTRIES LIMITED,Naga Dhunseri Group Limited,Promoter Group,2026-06-03,2026-06-09 15:22:35,09-Jun-2026 15:22:35,Equity,Buy,BUY,MARKET_BUY,11000.0,1468500.0,133.5,5733221,54.56%,5744221,54.67%,02-06-2026,03-06-2026,Market Purchase,https://nsearchives.nseindia.com/corporate/ixbrl/IT_20260609_152235624_WEB.html
EBGNG,GNG ELECTRONICS LIMITED,Vidhi S Khandelwal,Promoter,2026-06-11,2026-06-11 17:24:18,11-Jun-2026 17:24:18,Equity,Sell,SELL,MARKET_SELL,4487203.0,390.0,8.691383028581502e-05,17935870,15.73%,13448667,11.80%,11-06-2026,11-06-2026,Market Sale,https://nsearchives.nseindia.com/corporate/ixbrl/IT_20260611_172418792_WEB.html
EIEL,ENVIRO INFRA ENGINEERS LIMITED,Manish Jain,Promoter and Director,2026-08-31,2026-09-01 16:59:53,01-Sep-2026 16:59:53,Equity,Buy,BUY,MARKET_BUY,7471.0,1464316.0,196.0,48931000,27.88%,48938471,27.88%,31-08-2026,31-08-2026,Market Purchase,https://nsearchives.nseindia.com/corporate/ixbrl/IT_21143_20260901_165953824_WEB.html
EIEL,ENVIRO INFRA ENGINEERS LIMITED,MANISH JAIN,Promoter and Director,2026-09-01,2026-09-03 16:29:20,03-Sep-2026 16:29:20,Equity,Buy,BUY,MARKET_BUY,40000.0,7691600.0,192.29,48938471,27.88%,48978471,27.90%,01-09-2026,01-09-2026,Market Purchase,https://nsearchives.nseindia.com/corporate/ixbrl/IT_21143_20260903_162920238_WEB.html
EIEL,ENVIRO INFRA ENGINEERS LIMITED,MANISH JAIN,Promoter and Director,2026-09-02,2026-09-03 16:29:20,03-Sep-2026 16:29:20,Equity,Buy,BUY,MARKET_BUY,22529.0,4274878.0,189.75001109680855,48978471,27.90%,49001000,27.92%,02-09-2026,02-09-2026,Market Purchase,https://nsearchives.nseindia.com/corporate/ixbrl/IT_21143_20260903_162920238_WEB.html
EMBDL,EMBASSY DEVELOPMENTS LIMITED,Embassy Property Developments Private Limited,Promoter Group,2026-06-04,2026-06-09 14:22:23,09-Jun-2026 14:22:23,Equity,Pledge Revoke,OTHER,OTHER,20000000.0,1172600000.0,58.63,193792592,13.94%,193792592,13.94%,04-06-2026,04-06-2026,Pledge Release,https://nsearchives.nseindia.com/corporate/ixbrl/IT_20260609_142223686_WEB.html
EMBDL,EMBASSY DEVELOPMENTS LIMITED,Embassy Property Developments Private Limited,Promoter Group,2026-07-14,2026-07-16 11:43:41,16-Jul-2026 11:43:41,Equity,Pledge Revoke,OTHER,OTHER,10000000.0,647900000.0,64.79,193792592,13.94%,193792592,13.94%,14-07-2026,14-07-2026,Pledge Release,https://nsearchives.nseindia.com/corporate/ixbrl/IT_2560_20260716_114340960_WEB.html
EMBDL,EMBASSY DEVELOPMENTS LIMITED,Embassy Property Developments Private Limited,Promoter Group,2026-07-31,2026-07-31 23:19:10,31-Jul-2026 23:19:10,Equity,Pledge Revoke,OTHER,OTHER,33634560.0,2056416998.0,61.13999998810747,193792592,13.94%,193792592,13.94%,31-07-2026,31-07-2026,Pledge Release,https://nsearchives.nseindia.com/corporate/ixbrl/IT_2560_20260731_231910585_WEB.html
ENIL,ENTERTAINMENT NETWORK (INDIA) LIMITED,"Bennett, Coleman & Company Limited",Promoter,2026-09-01,2026-09-02 22:26:03,02-Sep-2026 22:26:03,Equity,Sell,SELL,OTHER,33918400.0,3458659248.0,101.97,33918400,71.15%,0,0.00%,01-09-2026,01-09-2026,Scheme of Amalgamation/Merger/Demerger/Arrangement,https://nsearchives.nseindia.com/corporate/ixbrl/IT_2356_20260902_222603015_WEB.html
ENRIN,SIEMENS ENERGY INDIA LIMITED,"Siemens Aktiengesellschaft, Germany",Promoter,2026-06-08,2026-06-09 20:17:58,09-Jun-2026 20:17:58,Equity,Sell,SELL,OTHER,3623806.0,11612015232.0,3204.36999993929,58033729,16.30%,54409923,15.28%,08-06-2026,08-06-2026,Inter-se-Transfer,https://nsearchives.nseindia.com/corporate/ixbrl/IT_20260609_201758919_WEB.html
ENRIN,SIEMENS ENERGY INDIA LIMITED,Siemens Energy Holding B.V.,Promoter,2026-06-08,2026-06-09 20:18:04,09-Jun-2026 20:18:04,Equity,Buy,BUY,OTHER,3623806.0,11612015232.0,3204.36999993929,21367128,6.00%,24990934,7.02%,08-06-2026,08-06-2026,Inter-se-Transfer,https://nsearchives.nseindia.com/corporate/ixbrl/IT_20260609_201803974_WEB.html
ENRIN,SIEMENS ENERGY INDIA LIMITED,"Siemens Aktiengesellschaft, Germany",Promoter,2026-06-23,2026-06-24 14:42:36,24-Jun-2026 14:42:36,Equity,Sell,SELL,OTHER,14182219.0,46292748327.0,3264.1400000239737,54409923,15.28%,40227704,11.30%,23-06-2026,23-06-2026,Inter-se-Transfer,https://nsearchives.nseindia.com/corporate/ixbrl/IT_25774_20260624_144236541_WEB.html
ENRIN,SIEMENS ENERGY INDIA LIMITED,Siemens Energy Holding B.V.,Promoter,2026-06-23,2026-06-24 14:43:48,24-Jun-2026 14:43:48,Equity,Buy,BUY,OTHER,14182219.0,46292748327.0,3264.1400000239737,24990934,7.02%,39173153,11.00%,23-06-2026,23-06-2026,Inter-se-Transfer,https://nsearchives.nseindia.com/corporate/ixbrl/IT_25774_20260624_144348048_WEB.html
ESCORTS,ESCORTS KUBOTA LIMITED,NIKY TASHA PRIVATE LIMITED,Promoter Group,2026-08-25,2026-08-27 20:51:25,27-Aug-2026 20:51:25,Equity,Buy,BUY,OTHER,2600.0,0.0,0.0,0,0.00%,2600,0.00%,25-08-2026,25-08-2026,Scheme of Amalgamation/Merger/Demerger/Arrangement,https://nsearchives.nseindia.com/corporate/ixbrl/IT_224_20260827_205125376_WEB.html
ESCORTS,ESCORTS KUBOTA LIMITED,NIKY TASHA ENERGIES PRIVATE LIMITED,Promoter Group,2026-08-25,2026-08-27 20:51:25,27-Aug-2026 20:51:25,Equity,Sell,SELL,OTHER,1250.0,0.0,0.0,1250,0.00%,0,0.00%,25-08-2026,25-08-2026,Scheme of Amalgamation/Merger/Demerger/Arrangement,https://nsearchives.nseindia.com/corporate/ixbrl/IT_224_20260827_205125376_WEB.html
ESCORTS,ESCORTS KUBOTA LIMITED,NIKY TASHA COMMUNICATIONS PRIVATE LIMITED,Promoter Group,2026-08-25,2026-08-27 20:51:25,27-Aug-2026 20:51:25,Equity,Sell,SELL,OTHER,1350.0,0.0,0.0,1350,0.00%,0,0.00%,25-08-2026,25-08-2026,Scheme of Amalgamation/Merger/Demerger/Arrangement,https://nsearchives.nseindia.com/corporate/ixbrl/IT_224_20260827_205125376_WEB.html
ESCORTS,ESCORTS KUBOTA LIMITED,NIKY TASHA PRIVATE LIMITED,Promoter Group,2026-09-02,2026-09-04 18:52:42,04-Sep-2026 18:52:42,Equity,Buy,BUY,OTHER,2500.0,0.0,0.0,2600,0.00%,5100,0.00%,02-09-2026,02-09-2026,Scheme of Amalgamation/Merger/Demerger/Arrangement,https://nsearchives.nseindia.com/corporate/ixbrl/IT_224_20260904_185242438_WEB.html
ESCORTS,ESCORTS KUBOTA LIMITED,NIKY TASHA COMMUNICATIONS PRIVATE LIMITED,Promoter Group,2026-09-02,2026-09-04 18:52:42,04-Sep-2026 18:52:42,Equity,Sell,SELL,OTHER,2500.0,0.0,0.0,2500,0.00%,0,0.00%,02-09-2026,02-09-2026,Scheme of Amalgamation/Merger/Demerger/Arrangement,https://nsearchives.nseindia.com/corporate/ixbrl/IT_224_20260904_185242438_WEB.html
ESTER,ESTER INDUSTRIES LIMITED,Modi Rubber Limited,Promoter Group,2026-08-14,2026-08-17 12:19:41,17-Aug-2026 12:19:41,Equity,Sell,SELL,MARKET_SELL,17000.0,1742500.0,102.5,2629019,2.52%,2612019,2.50%,14-08-2026,14-08-2026,Market Sale,https://nsearchives.nseindia.com/corporate/ixbrl/IT_4930_20260817_121941570_WEB.html
EVEREADY,EVEREADY INDUSTRIES INDIA LIMITED,GYAN ENTERPRISES PRIVATE LIMITED,Promoter,2026-06-10,2026-06-12 11:18:30,12-Jun-2026 11:18:30,Equity,Buy,BUY,MARKET_BUY,52202.0,17369986.0,332.7456036167197,1415863,1.95%,1468065,2.02%,10-06-2026,10-06-2026,Market Purchase,https://nsearchives.nseindia.com/corporate/ixbrl/IT_20260612_111830801_WEB.html
EVEREADY,EVEREADY INDUSTRIES INDIA LIMITED,GYAN ENTERPRISES PRIVATE LIMITED,Promoter,2026-06-10,2026-06-12 11:21:25,12-Jun-2026 11:21:25,Equity,Buy,BUY,MARKET_BUY,52202.0,17369986.0,332.7456036167197,1415863,1.95%,1468065,2.02%,10-06-2026,10-06-2026,Market Purchase,https://nsearchives.nseindia.com/corporate/ixbrl/IT_20260612_112125532_WEB.html
EVEREADY,EVEREADY INDUSTRIES INDIA LIMITED,GYAN ENTERPRISES PRIVATE LIMITED,Promoter,2026-06-11,2026-06-12 11:18:30,12-Jun-2026 11:18:30,Equity,Buy,BUY,MARKET_BUY,59000.0,19704802.0,333.97969491525424,1468065,2.02%,1527065,2.10%,11-06-2026,11-06-2026,Market Purchase,https://nsearchives.nseindia.com/corporate/ixbrl/IT_20260612_111830801_WEB.html
EVEREADY,EVEREADY INDUSTRIES INDIA LIMITED,GYAN ENTERPRISES PRIVATE LIMITED,Promoter,2026-06-11,2026-06-12 11:21:25,12-Jun-2026 11:21:25,Equity,Buy,BUY,MARKET_BUY,59000.0,19704802.0,333.97969491525424,1468065,2.02%,1527065,2.10%,11-06-2026,11-06-2026,Market Purchase,https://nsearchives.nseindia.com/corporate/ixbrl/IT_20260612_112125532_WEB.html
EVEREADY,EVEREADY INDUSTRIES INDIA LIMITED,GYAN ENTERPRISES PRIVATE LIMITED,Promoter,2026-06-12,2026-06-16 11:26:40,16-Jun-2026 11:26:40,Equity,Buy,BUY,MARKET_BUY,50249.0,17253507.0,343.36020617325715,1527065,2.10%,1577314,2.17%,12-06-2026,12-06-2026,Market Purchase,https://nsearchives.nseindia.com/corporate/ixbrl/IT_2275_20260616_112640817_WEB.html
EVEREADY,EVEREADY INDUSTRIES INDIA LIMITED,GYAN ENTERPRISES PRIVATE LIMITED,Promoter,2026-06-15,2026-06-16 11:26:40,16-Jun-2026 11:26:40,Equity,Buy,BUY,MARKET_BUY,121237.0,42173188.0,347.85740326797924,1577314,2.17%,1698551,2.34%,15-06-2026,15-06-2026,Market Purchase,https://nsearchives.nseindia.com/corporate/ixbrl/IT_2275_20260616_112640817_WEB.html
EVEREADY,EVEREADY INDUSTRIES INDIA LIMITED,GYAN ENTERPRISES PRIVATE LIMITED,Promoter,2026-06-16,2026-06-17 17:59:41,17-Jun-2026 17:59:41,Equity,Buy,BUY,MARKET_BUY,8312.0,2914681.0,350.65940808469685,1698551,2.34%,1706863,2.35%,16-06-2026,16-06-2026,Market Purchase,https://nsearchives.nseindia.com/corporate/ixbrl/IT_2275_20260617_175941370_WEB.html
EVEREADY,EVEREADY INDUSTRIES INDIA LIMITED,ADITYA KHAITAN,Promoter,2026-08-17,2026-08-19 17:37:38,19-Aug-2026 17:37:38,Equity,Pledge,OTHER,OTHER,232266.0,81966671.0,352.89999827783663,232266,0.32%,232266,0.32%,17-08-2026,17-08-2026,Pledge Creation,https://nsearchives.nseindia.com/corporate/ixbrl/IT_2275_20260819_173738785_WEB.html
EVEREADY,EVEREADY INDUSTRIES INDIA LIMITED,ADITYA KHAITAN,Promoter,2026-08-17,2026-08-19 18:03:09,19-Aug-2026 18:03:09,Equity,Pledge,OTHER,OTHER,232266.0,81966671.0,352.89999827783663,232266,0.32%,232266,0.32%,17-08-2026,17-08-2026,Pledge Creation,https://nsearchives.nseindia.com/corporate/ixbrl/IT_2275_20260819_180309346_WEB.html
EVEREADY,EVEREADY INDUSTRIES INDIA LIMITED,VIVAYA ENTERPRISES PRIVATE LIMITED,Promoter,2026-08-24,2026-08-26 18:37:10,26-Aug-2026 18:37:10,Equity,Pledge,OTHER,OTHER,44558.0,15617579.0,350.5,494558,0.68%,494558,0.68%,24-08-2026,24-08-2026,Pledge Creation,https://nsearchives.nseindia.com/corporate/ixbrl/IT_2275_20260826_183710294_WEB.html
EVEREADY,EVEREADY INDUSTRIES INDIA LIMITED,VIVAYA ENTERPRISES PRIVATE LIMITED,Promoter,2026-08-24,2026-08-26 18:42:57,26-Aug-2026 18:42:57,Equity,Pledge,OTHER,OTHER,44558.0,15617579.0,350.5,494558,0.68%,494558,0.68%,24-08-2026,24-08-2026,Pledge Creation,https://nsearchives.nseindia.com/corporate/ixbrl/IT_2275_20260826_184257662_WEB.html
EVEREADY,EVEREADY INDUSTRIES INDIA LIMITED,Times Horizon Private Limited,Promoter Group,2026-09-01,2026-09-04 12:35:00,04-Sep-2026 12:35:00,Equity,Buy,BUY,OTHER,307400.0,101380520.0,329.8,0,0.00%,307400,0.42%,01-09-2026,01-09-2026,Scheme of Amalgamation/Merger/Demerger/Arrangement,https://nsearchives.nseindia.com/corporate/ixbrl/IT_2275_20260904_123459876_WEB.html
EVEREADY,EVEREADY INDUSTRIES INDIA LIMITED,Bennett Coleman & Company Limited,Promoter,2026-09-01,2026-09-04 12:35:00,04-Sep-2026 12:35:00,Equity,Sell,SELL,OTHER,307400.0,101380520.0,329.8,307400,0.42%,0,0.00%,01-09-2026,01-09-2026,Scheme of Amalgamation/Merger/Demerger/Arrangement,https://nsearchives.nseindia.com/corporate/ixbrl/IT_2275_20260904_123459876_WEB.html
EXCELSOFT,Excelsoft Technologies Limited,Mysore Sudhindratheertha Adarsh,Promoter Group,2026-08-14,2026-08-19 19:27:44,19-Aug-2026 19:27:44,Equity,Buy,BUY,MARKET_BUY,30000.0,2246700.0,74.89,915000,0.80%,945000,0.82%,14-08-2026,14-08-2026,Market Purchase,https://nsearchives.nseindia.com/corporate/ixbrl/IT_25530_20260819_192744359_WEB.html
EXCELSOFT,Excelsoft Technologies Limited,Mysore Sudhindratheertha Adarsh,Promoter Group,2026-09-04,2026-09-04 19:17:07,04-Sep-2026 19:17:07,Equity,Buy,BUY,MARKET_BUY,10000.0,714500.0,71.45,945000,0.82%,955000,0.83%,04-09-2026,04-09-2026,Market Purchase,https://nsearchives.nseindia.com/corporate/ixbrl/IT_25530_20260904_191707896_WEB.html
EXCELSOFT,Excelsoft Technologies Limited,Mysore Sudhindratheertha Adarsh,Promoter Group,2026-09-04,2026-09-04 19:20:32,04-Sep-2026 19:20:32,Equity,Buy,BUY,MARKET_BUY,10000.0,714500.0,71.45,945000,0.82%,955000,0.83%,04-09-2026,04-09-2026,Market Purchase,https://nsearchives.nseindia.com/corporate/ixbrl/IT_25530_20260904_192032111_WEB.html
FDC,FDC LIMITED,NANDAN MOHAN CHANDAVARKAR,Promoter,2026-06-24,2026-07-09 16:57:00,09-Jul-2026 16:57:00,Equity,Sell,SELL,OTHER,5030086.0,0.0,0.0,5041086,3.10%,11000,0.01%,24-06-2026,24-06-2026,Inter-se-Transfer,https://nsearchives.nseindia.com/corporate/ixbrl/IT_1626_20260709_165700607_WEB.html
FDC,FDC LIMITED,NANDAN MOHAN CHANDAVARKAR (In the capacity of Trustee Mohan Anand Chandavarkar Trust),Promoter,2026-06-24,2026-07-09 16:57:00,09-Jul-2026 16:57:00,Equity,Buy,BUY,OTHER,2670316.0,0.0,0.0,17606855,10.81%,20277171,12.45%,24-06-2026,24-06-2026,Inter-se-Transfer,https://nsearchives.nseindia.com/corporate/ixbrl/IT_1626_20260709_165700607_WEB.html
FDC,FDC LIMITED,NANDAN MOHAN CHANDAVARKAR (In the capacity of Trustee Sandhya Mohan Chandavarkar Trust),Promoter,2026-06-24,2026-07-09 16:57:00,09-Jul-2026 16:57:00,Equity,Buy,BUY,OTHER,2359770.0,0.0,0.0,17917400,11.01%,20277170,12.45%,24-06-2026,24-06-2026,Inter-se-Transfer,https://nsearchives.nseindia.com/corporate/ixbrl/IT_1626_20260709_165700607_WEB.html
FIBERWEB,Fiberweb (India) Limited,GAYATRI PIPES AND FITTINGS PRIVATE LIMITED,Promoter Group,2026-06-15,2026-06-16 15:06:59,16-Jun-2026 15:06:59,Equity,Buy,BUY,MARKET_BUY,20000.0,582128.0,29.1064,3561535,12.37%,3581535,12.44%,15-06-2026,15-06-2026,Market Purchase,https://nsearchives.nseindia.com/corporate/ixbrl/IT_19088_20260616_150659158_WEB.html
FIBERWEB,Fiberweb (India) Limited,GAYATRI PIPES AND FITTINGS PRIVATE LIMITED,Promoter Group,2026-06-15,2026-06-16 15:11:43,16-Jun-2026 15:11:43,Equity,Buy,BUY,MARKET_BUY,20000.0,582128.0,29.1064,3561535,12.37%,3581535,12.44%,15-06-2026,15-06-2026,Market Purchase,https://nsearchives.nseindia.com/corporate/ixbrl/IT_19088_20260616_151142967_WEB.html
FIBERWEB,Fiberweb (India) Limited,GAYATRI PIPES AND FITTINGS PRIVATE LIMITED,Promoter Group,2026-06-16,2026-06-22 14:22:26,22-Jun-2026 14:22:26,Equity,Buy,BUY,MARKET_BUY,7000.0,207781.0,29.683,3581535,12.44%,3588535,12.46%,16-06-2026,16-06-2026,Market Purchase,https://nsearchives.nseindia.com/corporate/ixbrl/IT_19088_20260622_142226782_WEB.html
FIBERWEB,Fiberweb (India) Limited,GAYATRI PIPES AND FITTINGS PRIVATE LIMITED,Promoter Group,2026-06-16,2026-06-22 14:25:31,22-Jun-2026 14:25:31,Equity,Buy,BUY,MARKET_BUY,7000.0,207781.0,29.683,3581535,12.44%,3588535,12.46%,16-06-2026,16-06-2026,Market Purchase,https://nsearchives.nseindia.com/corporate/ixbrl/IT_19088_20260622_142531509_WEB.html
FIBERWEB,Fiberweb (India) Limited,Pravin V Sheth,Promoter and Director,2026-06-19,2026-06-22 14:22:26,22-Jun-2026 14:22:26,Equity,Buy,BUY,MARKET_BUY,17695.0,524254.0,29.627239333144956,1675565,5.82%,1693260,5.88%,17-06-2026,19-06-2026,Market Purchase,https://nsearchives.nseindia.com/corporate/ixbrl/IT_19088_20260622_142226782_WEB.html
FIBERWEB,Fiberweb (India) Limited,Pravin V Sheth,Promoter and Director,2026-06-19,2026-06-22 14:25:31,22-Jun-2026 14:25:31,Equity,Buy,BUY,MARKET_BUY,17695.0,524254.0,29.627239333144956,1675565,5.82%,1693260,5.88%,17-06-2026,19-06-2026,Market Purchase,https://nsearchives.nseindia.com/corporate/ixbrl/IT_19088_20260622_142531509_WEB.html
FISCHER,Fischer Medical Ventures Limited,Shankar Varadharajan,Promoter,2026-08-11,2026-08-11 17:50:35,11-Aug-2026 17:50:35,Equity,Buy,BUY,OTHER,2300000.0,53820000.0,23.4,75001530,11.46%,77301530,11.77%,11-08-2026,11-08-2026,Conversion of security,https://nsearchives.nseindia.com/corporate/ixbrl/IT_26115_20260811_175035858_WEB.html
FISCHER,Fischer Medical Ventures Limited,Shankar Varadharajan,Promoter,2026-08-11,2026-08-11 17:54:23,11-Aug-2026 17:54:23,Equity,Buy,BUY,OTHER,2300000.0,53820000.0,23.4,75001530,11.46%,77301530,11.77%,11-08-2026,11-08-2026,Conversion of security,https://nsearchives.nseindia.com/corporate/ixbrl/IT_26115_20260811_175423413_WEB.html
FISCHER,Fischer Medical Ventures Limited,Shankar Varadharajan,Promoter,2026-08-12,2026-08-12 18:54:05,12-Aug-2026 18:54:05,Equity,Buy,BUY,OTHER,1200000.0,28080000.0,23.4,77301530,11.77%,78501530,11.83%,12-08-2026,12-08-2026,Conversion of security,https://nsearchives.nseindia.com/corporate/ixbrl/IT_26115_20260812_185405470_WEB.html
FISCHER,Fischer Medical Ventures Limited,FMV Holdings Pte Ltd,Promoter,2026-08-12,2026-08-12 18:54:05,12-Aug-2026 18:54:05,Equity,Buy,BUY,OTHER,5431664.0,127100938.0,23.400000073642257,331761120,50.51%,337192784,50.82%,12-08-2026,12-08-2026,Conversion of security,https://nsearchives.nseindia.com/corporate/ixbrl/IT_26115_20260812_185405470_WEB.html
FISCHER,Fischer Medical Ventures Limited,Shankar Varadharajan,Promoter,2026-08-13,2026-08-13 19:02:56,13-Aug-2026 19:02:56,Equity,Buy,BUY,OTHER,1500000.0,35100000.0,23.4,78501530,11.83%,80001530,11.80%,13-08-2026,13-08-2026,Conversion of security,https://nsearchives.nseindia.com/corporate/ixbrl/IT_26115_20260813_190255997_WEB.html
FISCHER,Fischer Medical Ventures Limited,FMV Holdings Pte Ltd,Promoter,2026-08-13,2026-08-13 19:02:56,13-Aug-2026 19:02:56,Equity,Buy,BUY,OTHER,9778217.0,228810278.0,23.400000020453625,337192784,50.82%,346971001,51.20%,13-08-2026,13-08-2026,Conversion of security,https://nsearchives.nseindia.com/corporate/ixbrl/IT_26115_20260813_190255997_WEB.html
FISCHER,Fischer Medical Ventures Limited,Shankar Varadharajan,Promoter,2026-08-14,2026-08-17 15:09:20,17-Aug-2026 15:09:20,Equity,Buy,BUY,OTHER,6000000.0,140400000.0,23.4,80001530,11.80%,86001530,12.32%,14-08-2026,14-08-2026,Conversion of security,https://nsearchives.nseindia.com/corporate/ixbrl/IT_26115_20260817_150920573_WEB.html
FISCHER,Fischer Medical Ventures Limited,FMV Holdings Pte Ltd,Promoter,2026-08-14,2026-08-17 15:09:20,17-Aug-2026 15:09:20,Equity,Buy,BUY,OTHER,7335909.0,171660271.0,23.400000054526302,346971001,51.20%,354306910,50.74%,14-08-2026,14-08-2026,Conversion of security,https://nsearchives.nseindia.com/corporate/ixbrl/IT_26115_20260817_150920573_WEB.html
FISCHER,Fischer Medical Ventures Limited,FMV Holdings Pte Ltd,Promoter,2026-08-17,2026-08-18 12:12:57,18-Aug-2026 12:12:57,Equity,Buy,BUY,OTHER,454210.0,10628514.0,23.4,354306910,50.74%,354761120,50.78%,17-08-2026,17-08-2026,Conversion of security,https://nsearchives.nseindia.com/corporate/ixbrl/IT_26115_20260818_121257576_WEB.html
FMNL,Future Market Networks Limited,Surplus Finvest Private Limited,Promoter Group,2026-06-13,2026-06-16 14:48:20,16-Jun-2026 14:48:20,Equity,Buy,BUY,OTHER,3118574.0,34959215.0,11.210000147503314,6245494,9.81%,9364068,14.03%,13-06-2026,13-06-2026,Conversion of security,https://nsearchives.nseindia.com/corporate/ixbrl/IT_3870_20260616_144820680_WEB.html
FOCUS,Focus Lighting And Fixtures Limited,Amit Vinod Sheth,Promoter,2026-08-27,2026-08-31 17:36:19,31-Aug-2026 17:36:19,Equity,Buy,BUY,MARKET_BUY,80165.0,5331774.0,66.50999812885922,34428304,51.04%,34508469,51.16%,25-08-2026,27-08-2026,Market Purchase,https://nsearchives.nseindia.com/corporate/ixbrl/IT_14891_20260831_173619171_WEB.html
FUSION,FUSION FINANCE LIMITED,Devesh Sachdev,Promoter,2026-06-05,2026-06-08 18:01:45,08-Jun-2026 18:01:45,Equity,Sell,SELL,MARKET_SELL,150000.0,26142615.0,174.2841,3377519,2.08%,3227519,1.99%,05-06-2026,05-06-2026,Market Sale,https://nsearchives.nseindia.com/corporate/ixbrl/IT_20260608_180145046_WEB.html
FUSION,FUSION FINANCE LIMITED,Devesh Sachdev,Promoter,2026-06-15,2026-06-16 17:04:31,16-Jun-2026 17:04:31,Equity,Sell,SELL,MARKET_SELL,800000.0,142436560.0,178.0457,3227519,1.99%,2427519,1.50%,15-06-2026,15-06-2026,Market Sale,https://nsearchives.nseindia.com/corporate/ixbrl/IT_19884_20260616_170431044_WEB.html
FUSION,FUSION FINANCE LIMITED,Devesh Sachdev,Promoter,2026-06-30,2026-07-02 16:24:56,02-Jul-2026 16:24:56,Equity,Sell,SELL,MARKET_SELL,271000.0,51712599.0,190.82139852398524,2427519,1.50%,2156519,1.33%,30-06-2026,30-06-2026,Market Sale,https://nsearchives.nseindia.com/corporate/ixbrl/IT_19884_20260702_162456629_WEB.html
GANDHAR,Gandhar Oil Refinery (India) Limited,Ramesh Babulal Parekh,Promoter and Director,2026-06-08,2026-06-10 15:18:10,10-Jun-2026 15:18:10,Equity,Buy,BUY,MARKET_BUY,50000.0,7876602.0,157.53204,28013889,28.62%,28063889,28.67%,08-06-2026,08-06-2026,Market Purchase,https://nsearchives.nseindia.com/corporate/ixbrl/IT_20260610_151810681_WEB.html
GANDHAR,GANDHAR OIL REFINERY (INDIA) LIMITED,Ramesh Babulal Parekh,Promoter and Director,2026-06-09,2026-06-11 17:50:56,11-Jun-2026 17:50:56,Equity,Buy,BUY,MARKET_BUY,25738.0,4088705.0,158.85869142901547,28063889,28.67%,28089627,28.69%,09-06-2026,09-06-2026,Market Purchase,https://nsearchives.nseindia.com/corporate/ixbrl/IT_20260611_175056670_WEB.html
GANDHAR,GANDHAR OIL REFINERY (INDIA) LIMITED,Ramesh Babulal Parekh,Promoter and Director,2026-06-16,2026-06-18 10:49:13,18-Jun-2026 10:49:13,Equity,Buy,BUY,MARKET_BUY,50000.0,7976605.0,159.5321,28089627,28.69%,28139627,28.74%,16-06-2026,16-06-2026,Market Purchase,https://nsearchives.nseindia.com/corporate/ixbrl/IT_21453_20260618_104913026_WEB.html
GANESHBE,GANESH BENZOPLAST LIMITED,RISHI PILANI,Promoter,2026-08-26,2026-08-28 17:53:48,28-Aug-2026 17:53:48,Equity,Sell,SELL,OTHER,1776003.0,2.0,1.1261242238892613e-06,1776003,2.47%,0,0.00%,26-08-2026,26-08-2026,Inter-se-Transfer,https://nsearchives.nseindia.com/corporate/ixbrl/IT_19975_20260828_175348328_WEB.html
GANESHBE,GANESH BENZOPLAST LIMITED,POONAM PILANI,Promoter,2026-08-26,2026-08-28 17:53:48,28-Aug-2026 17:53:48,Equity,Sell,SELL,OTHER,1080807.0,2.0,1.8504691401887664e-06,1080807,1.50%,0,0.00%,26-08-2026,26-08-2026,Inter-se-Transfer,https://nsearchives.nseindia.com/corporate/ixbrl/IT_19975_20260828_175348328_WEB.html
GANESHCP,GANESH CONSUMER PRODUCTS LIMITED,MANISH MIMANI,Promoter and Director,2026-06-19,2026-06-22 15:49:14,22-Jun-2026 15:49:14,Equity,Buy,BUY,MARKET_BUY,50000.0,9969935.0,199.3987,2560657,6.34%,2610657,6.46%,19-06-2026,19-06-2026,Market Purchase,https://nsearchives.nseindia.com/corporate/ixbrl/IT_25074_20260622_154914774_WEB.html
GANESHCP,GANESH CONSUMER PRODUCTS LIMITED,Manish Mimani,Promoter and Director,2026-06-23,2026-06-26 12:06:11,26-Jun-2026 12:06:11,Equity,Buy,BUY,MARKET_BUY,50000.0,10000475.0,200.0095,2610657,6.46%,2660657,6.58%,23-06-2026,23-06-2026,Market Purchase,https://nsearchives.nseindia.com/corporate/ixbrl/IT_25074_20260626_120611461_WEB.html
GANESHCP,GANESH CONSUMER PRODUCTS LIMITED,Manish Mimani,Promoter and Director,2026-06-30,2026-07-03 11:51:02,03-Jul-2026 11:51:02,Equity,Buy,BUY,MARKET_BUY,31100.0,5997467.0,192.84459807073955,2660657,6.58%,2691757,6.66%,30-06-2026,30-06-2026,Market Purchase,https://nsearchives.nseindia.com/corporate/ixbrl/IT_25074_20260703_115102118_WEB.html
GANESHCP,GANESH CONSUMER PRODUCTS LIMITED,Manish Mimani,Promoter and Director,2026-08-25,2026-08-28 11:24:00,28-Aug-2026 11:24:00,Equity,Buy,BUY,MARKET_BUY,30200.0,4991046.0,165.2664238410596,2691757,6.66%,2721957,6.74%,25-08-2026,25-08-2026,Market Purchase,https://nsearchives.nseindia.com/corporate/ixbrl/IT_25074_20260828_112400421_WEB.html
GANESHCP,GANESH CONSUMER PRODUCTS LIMITED,Manish Mimani,Promoter and Director,2026-09-02,2026-09-04 11:36:05,04-Sep-2026 11:36:05,Equity,Buy,BUY,MARKET_BUY,18000.0,3009963.0,167.22016666666667,2721957,6.74%,2739957,6.78%,02-09-2026,02-09-2026,Market Purchase,https://nsearchives.nseindia.com/corporate/ixbrl/IT_25074_20260904_113605225_WEB.html
GAYAPROJ,GAYATRI PROJECTS LIMITED,T V SANDEEP KUMAR REDDY,Promoter and Director,2026-06-16,2026-06-19 19:33:22,19-Jun-2026 19:33:22,Equity,Buy,BUY,OTHER,1450000.0,14862500.0,10.25,100000000,21.54%,101450000,21.85%,16-06-2026,16-06-2026,Off Market,https://nsearchives.nseindia.com/corporate/ixbrl/IT_5145_20260619_193322437_WEB.html
GAYAPROJ,GAYATRI PROJECTS LIMITED,INDIRA REDDY TIKKAVARAPU,Promoter Group,2026-06-16,2026-06-19 19:33:22,19-Jun-2026 19:33:22,Equity,Buy,BUY,OTHER,550000.0,5637500.0,10.25,6859085,3.66%,7409085,1.60%,16-06-2026,16-06-2026,Off Market,https://nsearchives.nseindia.com/corporate/ixbrl/IT_5145_20260619_193322437_WEB.html
GAYAPROJ,GAYATRI PROJECTS LIMITED,T V SANDEEP KUMAR REDDY,Promoter and Director,2026-06-16,2026-06-19 19:39:34,19-Jun-2026 19:39:34,Equity,Buy,BUY,OTHER,1450000.0,14862500.0,10.25,100000000,21.54%,101450000,21.85%,16-06-2026,16-06-2026,Off Market,https://nsearchives.nseindia.com/corporate/ixbrl/IT_5145_20260619_193934756_WEB.html
GAYAPROJ,GAYATRI PROJECTS LIMITED,INDIRA REDDY TIKKAVARAPU,Promoter Group,2026-06-16,2026-06-19 19:39:34,19-Jun-2026 19:39:34,Equity,Buy,BUY,OTHER,550000.0,5637500.0,10.25,6859085,3.66%,7409085,1.60%,16-06-2026,16-06-2026,Off Market,https://nsearchives.nseindia.com/corporate/ixbrl/IT_5145_20260619_193934756_WEB.html
GEOJITFSL,Geojit Financial Services Limited,C J George,Promoter and Director,2026-07-29,2026-07-30 16:26:42,30-Jul-2026 16:26:42,Equity,Pledge Revoke,OTHER,OTHER,7500000.0,565350000.0,75.38,50503236,19.53%,50503236,19.53%,29-07-2026,29-07-2026,Pledge Release,https://nsearchives.nseindia.com/corporate/ixbrl/IT_2301_20260730_162642630_WEB.html
GFLLIMITED,GFL LIMITED,Siddharth Jain,Promoter and Director,2026-08-24,2026-08-26 13:44:06,26-Aug-2026 13:44:06,Equity,Buy,BUY,OTHER,32955000.0,0.0,0.0,14807953,13.48%,47762953,43.48%,24-08-2026,24-08-2026,Gift,https://nsearchives.nseindia.com/corporate/ixbrl/IT_198_20260826_134406863_WEB.html
GFLLIMITED,GFL LIMITED,Pavan Kumar Jain,Promoter and Director,2026-08-24,2026-08-26 13:44:06,26-Aug-2026 13:44:06,Equity,Sell,SELL,OTHER,32955000.0,0.0,0.0,46308012,42.16%,13353012,12.16%,24-08-2026,24-08-2026,Gift,https://nsearchives.nseindia.com/corporate/ixbrl/IT_198_20260826_134406863_WEB.html
GFLLIMITED,GFL LIMITED,Siddharth Jain,Promoter and Director,2026-08-24,2026-08-26 13:44:40,26-Aug-2026 13:44:40,Equity,Buy,BUY,OTHER,32955000.0,0.0,0.0,14807953,13.48%,47762953,43.48%,24-08-2026,24-08-2026,Gift,https://nsearchives.nseindia.com/corporate/ixbrl/IT_198_20260826_134440827_WEB.html
GFLLIMITED,GFL LIMITED,Pavan Kumar Jain,Promoter and Director,2026-08-24,2026-08-26 13:44:40,26-Aug-2026 13:44:40,Equity,Sell,SELL,OTHER,32955000.0,0.0,0.0,46308012,42.16%,13353012,12.16%,24-08-2026,24-08-2026,Gift,https://nsearchives.nseindia.com/corporate/ixbrl/IT_198_20260826_134440827_WEB.html
GHCL,GHCL Limited,Neelabh Dalmia,Promoter,2026-06-16,2026-06-17 17:03:13,17-Jun-2026 17:03:13,Equity,Buy,BUY,MARKET_BUY,1400.0,635890.0,454.20714285714286,125401,0.14%,126801,0.14%,16-06-2026,16-06-2026,Market Purchase,https://nsearchives.nseindia.com/corporate/ixbrl/IT_1006_20260617_170313725_WEB.html
GICL,Globe International Carriers Limited,Subhash Agrawal,Promoter and Director,2026-06-04,2026-06-24 12:25:50,24-Jun-2026 12:25:50,Equity,Buy,BUY,MARKET_BUY,5000.0,133614.0,26.7228,42068000,37.57%,42073000,37.58%,04-06-2026,04-06-2026,Market Purchase,https://nsearchives.nseindia.com/corporate/ixbrl/IT_14315_20260624_122550439_WEB.html
GICL,Globe International Carriers Limited,Subhash Agrawal,Promoter and Director,2026-06-04,2026-06-24 12:25:50,24-Jun-2026 12:25:50,Equity,Buy,BUY,MARKET_BUY,10000.0,266083.0,26.6083,42073000,37.58%,42083000,37.58%,04-06-2026,04-06-2026,Market Purchase,https://nsearchives.nseindia.com/corporate/ixbrl/IT_14315_20260624_122550439_WEB.html
GICL,Globe International Carriers Limited,Subhash Agrawal,Promoter and Director,2026-06-04,2026-06-24 12:25:50,24-Jun-2026 12:25:50,Equity,Buy,BUY,MARKET_BUY,70.0,2170.0,31.0,42083000,37.58%,42083070,37.58%,04-06-2026,04-06-2026,Market Purchase,https://nsearchives.nseindia.com/corporate/ixbrl/IT_14315_20260624_122550439_WEB.html
GICL,Globe International Carriers Limited,Subhash Agrawal,Promoter and Director,2026-06-05,2026-06-24 12:25:50,24-Jun-2026 12:25:50,Equity,Buy,BUY,MARKET_BUY,5000.0,128193.0,25.6386,42083070,37.58%,42088070,37.59%,05-06-2026,05-06-2026,Market Purchase,https://nsearchives.nseindia.com/corporate/ixbrl/IT_14315_20260624_122550439_WEB.html
GICL,Globe International Carriers Limited,Subhash Agrawal,Promoter and Director,2026-06-05,2026-06-24 12:25:50,24-Jun-2026 12:25:50,Equity,Buy,BUY,MARKET_BUY,10000.0,254910.0,25.491,42088070,37.59%,42098070,37.60%,05-06-2026,05-06-2026,Market Purchase,https://nsearchives.nseindia.com/corporate/ixbrl/IT_14315_20260624_122550439_WEB.html
GICRE,GENERAL INSURANCE CORPORATION OF INDIA,"The President of India acting through and represented by the Ministry of Finance, Government of India",Promoter,2026-06-17,2026-06-19 18:25:04,19-Jun-2026 18:25:04,Equity,Sell,SELL,MARKET_SELL,87720505.0,30940260806.0,352.71412090023875,1445567615,82.40%,1357847110,77.40%,16-06-2026,17-06-2026,Market Sale,https://nsearchives.nseindia.com/corporate/ixbrl/IT_15548_20260619_182504114_WEB.html
GMMPFAUDLR,GMM PFAUDLER LIMITED,Ms. Pragna Patel,Promoter Group,2026-09-01,2026-09-03 16:22:28,03-Sep-2026 16:22:28,Equity,Sell,SELL,OTHER,10000.0,11000000.0,1100.0,23480,0.05%,13480,0.03%,01-09-2026,01-09-2026,Inter-se-Transfer,https://nsearchives.nseindia.com/corporate/ixbrl/IT_15823_20260903_162228316_WEB.html
GMMPFAUDLR,GMM PFAUDLER LIMITED,Ms. Urmi Patel,Promoter Group,2026-09-01,2026-09-03 16:22:28,03-Sep-2026 16:22:28,Equity,Buy,BUY,OTHER,10000.0,11000000.0,1100.0,2360022,5.25%,2370022,5.27%,01-09-2026,01-09-2026,Inter-se-Transfer,https://nsearchives.nseindia.com/corporate/ixbrl/IT_15823_20260903_162228316_WEB.html
GMMPFAUDLR,GMM PFAUDLER LIMITED,Ms. Pragna Patel,Promoter Group,2026-09-02,2026-09-03 16:22:32,03-Sep-2026 16:22:32,Equity,Sell,SELL,OTHER,13480.0,14828000.0,1100.0,13480,0.03%,0,0.00%,02-09-2026,02-09-2026,Inter-se-Transfer,https://nsearchives.nseindia.com/corporate/ixbrl/IT_15823_20260903_162232797_WEB.html
GMMPFAUDLR,GMM PFAUDLER LIMITED,Mr. Tarak Patel,Promoter,2026-09-02,2026-09-03 16:22:32,03-Sep-2026 16:22:32,Equity,Buy,BUY,OTHER,13480.0,14828000.0,1100.0,521880,1.16%,535360,1.19%,02-09-2026,02-09-2026,Inter-se-Transfer,https://nsearchives.nseindia.com/corporate/ixbrl/IT_15823_20260903_162232797_WEB.html
GNA,GNA AXLES LIMITED,MANINDER SINGH SEEHRA,Promoter Group,2022-06-24,2026-06-27 10:51:34,27-Jun-2026 10:51:34,Equity,Sell,SELL,MARKET_SELL,1135767.0,485485492.0,427.45166218071137,4549426,10.60%,3413659,7.95%,18-06-2022,24-06-2022,Market Sale,https://nsearchives.nseindia.com/corporate/ixbrl/IT_14236_20260627_105134497_WEB.html
GNA,GNA AXLES LIMITED,MANINDER SINGH SEEHRA,Promoter Group,2022-06-24,2026-06-27 12:20:25,27-Jun-2026 12:20:25,Equity,Sell,SELL,MARKET_SELL,1135767.0,485485492.0,427.45166218071137,4549426,10.60%,3413659,7.95%,18-06-2022,24-06-2022,Market Sale,https://nsearchives.nseindia.com/corporate/ixbrl/IT_14236_20260627_122025016_WEB.html
GNA,G N A AXLES LIMITED,MANINDER SINGH SEEHRA,Promoter Group,2026-07-20,2026-07-24 16:05:10,24-Jul-2026 16:05:10,Equity,Sell,SELL,MARKET_SELL,471000.0,250380846.0,531.594152866242,3413659,7.95%,2942659,6.85%,20-07-2026,20-07-2026,Market Sale,https://nsearchives.nseindia.com/corporate/ixbrl/IT_14236_20260724_160510467_WEB.html
GNA,GNA AXLES LIMITED,MANINDER SINGH SEEHRA,Promoter Group,2026-07-20,2026-07-24 16:08:22,24-Jul-2026 16:08:22,Equity,Sell,SELL,MARKET_SELL,471000.0,250380846.0,531.594152866242,3413659,7.95%,2942659,6.85%,20-07-2026,20-07-2026,Market Sale,https://nsearchives.nseindia.com/corporate/ixbrl/IT_14236_20260724_160822305_WEB.html
GNA,GNA AXLES LIMITED,MANINDER SINGH SEEHRA,Promoter Group,2026-08-07,2026-08-11 16:25:10,11-Aug-2026 16:25:10,Equity,Sell,SELL,MARKET_SELL,417943.0,222448000.0,532.244827643961,2942659,6.85%,2524716,5.88%,04-08-2026,07-08-2026,Market Sale,https://nsearchives.nseindia.com/corporate/ixbrl/IT_14236_20260811_162510485_WEB.html
GNA,GNA AXLES LIMITED,HARJINDER KAUR,Promoter Group,2026-08-10,2026-08-12 15:32:43,12-Aug-2026 15:32:43,Equity,Sell,SELL,MARKET_SELL,224800.0,118263543.0,526.0833763345196,507800,1.18%,283000,0.66%,07-08-2026,10-08-2026,Market Sale,https://nsearchives.nseindia.com/corporate/ixbrl/IT_14236_20260812_153243470_WEB.html
GNA,GNA AXLES LIMITED,MANINDER SINGH SEEHRA,Promoter Group,2026-08-11,2026-08-12 15:32:37,12-Aug-2026 15:32:37,Equity,Sell,SELL,MARKET_SELL,494966.0,264218999.0,533.8124214592517,2524716,5.88%,2029750,4.73%,10-08-2026,11-08-2026,Market Sale,https://nsearchives.nseindia.com/corporate/ixbrl/IT_14236_20260812_153237573_WEB.html
GNA,GNA AXLES LIMITED,MANINDER SINGH SEEHRA,Promoter Group,2026-08-24,2026-08-26 13:06:04,26-Aug-2026 13:06:04,Equity,Sell,SELL,MARKET_SELL,447644.0,254116904.0,567.6763320853178,2029750,4.73%,1582106,3.69%,18-08-2026,24-08-2026,Market Sale,https://nsearchives.nseindia.com/corporate/ixbrl/IT_14236_20260826_130604337_WEB.html
GNA,GNA AXLES LIMITED,MANINDER SINGH SEEHRA,Promoter Group,2026-08-24,2026-08-26 13:10:13,26-Aug-2026 13:10:13,Equity,Sell,SELL,MARKET_SELL,447644.0,254116904.0,567.6763320853178,2029750,4.73%,1582106,3.69%,18-08-2026,24-08-2026,Market Sale,https://nsearchives.nseindia.com/corporate/ixbrl/IT_14236_20260826_131013087_WEB.html
GOCOLORS,GO FASHION (INDIA) LIMITED,RAHUL SARAOGI,Promoter,2026-06-19,2026-06-22 17:51:14,22-Jun-2026 17:51:14,Equity,Pledge Revoke,OTHER,OTHER,4681752.0,1657808383.0,354.09999995728094,9932320,18.88%,9932320,18.88%,19-06-2026,19-06-2026,Pledge Release,https://nsearchives.nseindia.com/corporate/ixbrl/IT_19868_20260622_175114641_WEB.html
GOCOLORS,GO FASHION (INDIA) LIMITED,RAHUL SARAOGI,Promoter,2026-06-20,2026-06-24 17:29:50,24-Jun-2026 17:29:50,Equity,Pledge Revoke,OTHER,OTHER,4681752.0,1657808383.0,354.09999995728094,9932320,18.88%,9932320,18.88%,20-06-2026,20-06-2026,Pledge Release,https://nsearchives.nseindia.com/corporate/ixbrl/IT_19868_20260624_172950652_WEB.html
GOCOLORS,GO FASHION (INDIA) LIMITED,RAHUL SARAOGI,Promoter,2026-08-13,2026-08-18 16:20:00,18-Aug-2026 16:20:00,Equity,Pledge,OTHER,OTHER,1625000.0,537875000.0,331.0,9932320,18.88%,9932320,18.88%,13-08-2026,13-08-2026,Pledge Creation,https://nsearchives.nseindia.com/corporate/ixbrl/IT_19868_20260818_162000683_WEB.html
GOKUL,GOKUL REFOILS AND SOLVENT LIMITED,Bhikhiben Balvantsinh Rajput,Promoter,2026-06-09,2026-06-10 18:08:25,10-Jun-2026 18:08:25,Equity,Buy,BUY,MARKET_BUY,2142.0,87765.0,40.9733893557423,22717500,22.95%,22719642,22.95%,09-06-2026,09-06-2026,Market Purchase,https://nsearchives.nseindia.com/corporate/ixbrl/IT_20260610_180825903_WEB.html
GOKUL,GOKUL REFOILS AND SOLVENT LIMITED,Bhikhiben Balvantsinh Rajput,Promoter,2026-06-09,2026-06-10 18:08:25,10-Jun-2026 18:08:25,Equity,Buy,BUY,MARKET_BUY,1758.0,71813.0,40.84926052332196,22719642,22.95%,22721400,22.95%,09-06-2026,09-06-2026,Market Purchase,https://nsearchives.nseindia.com/corporate/ixbrl/IT_20260610_180825903_WEB.html
GOKUL,GOKUL REFOILS AND SOLVENT LIMITED,Bhikhiben Balvantsinh Rajput,Promoter,2026-06-10,2026-06-11 16:58:05,11-Jun-2026 16:58:05,Equity,Buy,BUY,MARKET_BUY,1000.0,41123.0,41.123,22721400,22.96%,22722400,22.95%,10-06-2026,10-06-2026,Market Purchase,https://nsearchives.nseindia.com/corporate/ixbrl/IT_20260611_165805270_WEB.html
GOKUL,GOKUL REFOILS AND SOLVENT LIMITED,Bhikhiben Balvantsinh Rajput,Promoter,2026-06-10,2026-06-11 16:58:05,11-Jun-2026 16:58:05,Equity,Buy,BUY,MARKET_BUY,3000.0,123020.0,41.00666666666667,22722400,22.95%,22725400,22.96%,10-06-2026,10-06-2026,Market Purchase,https://nsearchives.nseindia.com/corporate/ixbrl/IT_20260611_165805270_WEB.html
GOKUL,GOKUL REFOILS AND SOLVENT LIMITED,Bhikhiben Balvantsinh Rajput,Promoter,2026-06-11,2026-06-12 18:23:09,12-Jun-2026 18:23:09,Equity,Buy,BUY,MARKET_BUY,2200.0,90070.0,40.94090909090909,22725400,22.96%,22727600,22.96%,11-06-2026,11-06-2026,Market Purchase,https://nsearchives.nseindia.com/corporate/ixbrl/IT_20260612_182309128_WEB.html
GOKUL,GOKUL REFOILS AND SOLVENT LIMITED,Bhikhiben Balvantsinh Rajput,Promoter,2026-06-11,2026-06-12 18:23:09,12-Jun-2026 18:23:09,Equity,Buy,BUY,MARKET_BUY,4000.0,164239.0,41.05975,22727600,22.96%,22731600,22.96%,11-06-2026,11-06-2026,Market Purchase,https://nsearchives.nseindia.com/corporate/ixbrl/IT_20260612_182309128_WEB.html
GOKUL,GOKUL REFOILS AND SOLVENT LIMITED,Bhikhiben Balvantsinh Rajput,Promoter,2026-06-12,2026-06-15 18:28:37,15-Jun-2026 18:28:37,Equity,Buy,BUY,MARKET_BUY,2673.0,113749.0,42.55480733258511,22731600,22.96%,22734273,22.97%,12-06-2026,12-06-2026,Market Purchase,https://nsearchives.nseindia.com/corporate/ixbrl/IT_2754_20260615_182837464_WEB.html
GOKUL,GOKUL REFOILS AND SOLVENT LIMITED,Bhikhiben Balvantsinh Rajput,Promoter,2026-06-12,2026-06-15 18:28:37,15-Jun-2026 18:28:37,Equity,Buy,BUY,MARKET_BUY,16327.0,685166.0,41.96521100018374,22734273,22.97%,22750600,22.98%,12-06-2026,12-06-2026,Market Purchase,https://nsearchives.nseindia.com/corporate/ixbrl/IT_2754_20260615_182837464_WEB.html
GOKUL,GOKUL REFOILS AND SOLVENT LIMITED,Bhikhiben Balvantsinh Rajput,Promoter,2026-06-15,2026-06-16 18:28:16,16-Jun-2026 18:28:16,Equity,Buy,BUY,MARKET_BUY,1444.0,59356.0,41.10526315789474,22750600,22.98%,22752044,22.98%,15-06-2026,15-06-2026,Market Purchase,https://nsearchives.nseindia.com/corporate/ixbrl/IT_2754_20260616_182816621_WEB.html
GOKUL,GOKUL REFOILS AND SOLVENT LIMITED,Bhikhiben Balvantsinh Rajput,Promoter,2026-06-15,2026-06-16 18:28:16,16-Jun-2026 18:28:16,Equity,Buy,BUY,MARKET_BUY,6456.0,265349.0,41.101146220570016,22752044,22.98%,22758500,22.99%,15-06-2026,15-06-2026,Market Purchase,https://nsearchives.nseindia.com/corporate/ixbrl/IT_2754_20260616_182816621_WEB.html
GOKUL,GOKUL REFOILS AND SOLVENT LIMITED,Bhikhiben Balvantsinh Rajput,Promoter,2026-06-16,2026-06-17 17:31:35,17-Jun-2026 17:31:35,Equity,Buy,BUY,MARKET_BUY,1000.0,40972.0,40.972,22758500,22.99%,22759500,22.99%,16-06-2026,16-06-2026,Market Purchase,https://nsearchives.nseindia.com/corporate/ixbrl/IT_2754_20260617_173135777_WEB.html
GOKUL,GOKUL REFOILS AND SOLVENT LIMITED,Bhikhiben Balvantsinh Rajput,Promoter,2026-06-16,2026-06-17 17:31:35,17-Jun-2026 17:31:35,Equity,Buy,BUY,MARKET_BUY,1000.0,40972.0,40.972,22759500,22.99%,22760500,22.99%,16-06-2026,16-06-2026,Market Purchase,https://nsearchives.nseindia.com/corporate/ixbrl/IT_2754_20260617_173135777_WEB.html
GOKUL,GOKUL REFOILS AND SOLVENT LIMITED,Bhikhiben Balvantsinh Rajput,Promoter,2026-06-17,2026-06-18 17:44:58,18-Jun-2026 17:44:58,Equity,Buy,BUY,MARKET_BUY,1500.0,63415.0,42.276666666666664,22760500,22.99%,22762000,22.99%,17-06-2026,17-06-2026,Market Purchase,https://nsearchives.nseindia.com/corporate/ixbrl/IT_2754_20260618_174458839_WEB.html
GOKUL,GOKUL REFOILS AND SOLVENT LIMITED,Bhikhiben Balvantsinh Rajput,Promoter,2026-06-17,2026-06-18 17:44:58,18-Jun-2026 17:44:58,Equity,Buy,BUY,MARKET_BUY,17000.0,720494.0,42.382,22762000,22.99%,22779000,23.01%,17-06-2026,17-06-2026,Market Purchase,https://nsearchives.nseindia.com/corporate/ixbrl/IT_2754_20260618_174458839_WEB.html
GOKUL,GOKUL REFOILS AND SOLVENT LIMITED,Bhikhiben Balvantsinh Rajput,Promoter,2026-08-20,2026-08-21 18:11:36,21-Aug-2026 18:11:36,Equity,Buy,BUY,MARKET_BUY,2250.0,91098.0,40.488,22779000,23.01%,22781250,23.01%,20-08-2026,20-08-2026,Market Purchase,https://nsearchives.nseindia.com/corporate/ixbrl/IT_2754_20260821_181136807_WEB.html
GOKUL,GOKUL REFOILS AND SOLVENT LIMITED,Bhikhiben Balvantsinh Rajput,Promoter,2026-08-20,2026-08-21 18:11:36,21-Aug-2026 18:11:36,Equity,Buy,BUY,MARKET_BUY,7500.0,304146.0,40.5528,22781250,23.01%,22788750,23.02%,20-08-2026,20-08-2026,Market Purchase,https://nsearchives.nseindia.com/corporate/ixbrl/IT_2754_20260821_181136807_WEB.html
GOKUL,GOKUL REFOILS AND SOLVENT LIMITED,Bhikhiben Balvantsinh Rajput,Promoter,2026-08-21,2026-08-25 12:49:10,25-Aug-2026 12:49:10,Equity,Buy,BUY,MARKET_BUY,27257.0,1151863.0,42.25934622298859,22788750,23.02%,22816007,23.05%,21-08-2026,21-08-2026,Market Purchase,https://nsearchives.nseindia.com/corporate/ixbrl/IT_2754_20260825_124910470_WEB.html
GOKUL,GOKUL REFOILS AND SOLVENT LIMITED,Bhikhiben Balvantsinh Rajput,Promoter,2026-08-21,2026-08-25 12:49:10,25-Aug-2026 12:49:10,Equity,Buy,BUY,MARKET_BUY,55243.0,2329970.0,42.17674637510635,22816007,23.05%,22871250,23.10%,21-08-2026,21-08-2026,Market Purchase,https://nsearchives.nseindia.com/corporate/ixbrl/IT_2754_20260825_124910470_WEB.html
GOKUL,GOKUL REFOILS AND SOLVENT LIMITED,Bhikhiben Balvantsinh Rajput,Promoter,2026-08-24,2026-08-26 12:03:53,26-Aug-2026 12:03:53,Equity,Buy,BUY,MARKET_BUY,20000.0,904186.0,45.2093,22871250,23.10%,22891250,23.12%,24-08-2026,24-08-2026,Market Purchase,https://nsearchives.nseindia.com/corporate/ixbrl/IT_2754_20260826_120353444_WEB.html
GOKUL,GOKUL REFOILS AND SOLVENT LIMITED,Bhikhiben Balvantsinh Rajput,Promoter,2026-08-24,2026-08-26 12:03:53,26-Aug-2026 12:03:53,Equity,Buy,BUY,MARKET_BUY,60000.0,2706348.0,45.1058,22891250,23.12%,22951250,23.18%,24-08-2026,24-08-2026,Market Purchase,https://nsearchives.nseindia.com/corporate/ixbrl/IT_2754_20260826_120353444_WEB.html
GOKUL,GOKUL REFOILS AND SOLVENT LIMITED,Bhikhiben Balvantsinh Rajput,Promoter,2026-08-25,2026-08-27 11:25:10,27-Aug-2026 11:25:10,Equity,Buy,BUY,MARKET_BUY,707.0,31188.0,44.113154172560115,22951250,23.18%,22951957,23.18%,25-08-2026,25-08-2026,Market Purchase,https://nsearchives.nseindia.com/corporate/ixbrl/IT_2754_20260827_112510291_WEB.html
GOKUL,GOKUL REFOILS AND SOLVENT LIMITED,Bhikhiben Balvantsinh Rajput,Promoter,2026-08-26,2026-08-27 22:07:16,27-Aug-2026 22:07:16,Equity,Buy,BUY,MARKET_BUY,3650.0,162818.0,44.60767123287671,22951957,23.18%,22955607,23.19%,26-08-2026,26-08-2026,Market Purchase,https://nsearchives.nseindia.com/corporate/ixbrl/IT_2754_20260827_220716089_WEB.html
GOKUL,GOKUL REFOILS AND SOLVENT LIMITED,Bhikhiben Balvantsinh Rajput,Promoter,2026-09-01,2026-09-02 16:59:41,02-Sep-2026 16:59:41,Equity,Buy,BUY,MARKET_BUY,25000.0,1040110.0,41.6044,22955607,23.19%,22980607,23.21%,01-09-2026,01-09-2026,Market Purchase,https://nsearchives.nseindia.com/corporate/ixbrl/IT_2754_20260902_165941294_WEB.html
GOKUL,GOKUL REFOILS AND SOLVENT LIMITED,Bhikhiben Balvantsinh Rajput,Promoter,2026-09-01,2026-09-02 16:59:41,02-Sep-2026 16:59:41,Equity,Buy,BUY,MARKET_BUY,77000.0,3214871.0,41.75157142857143,22980607,23.19%,23057607,23.29%,01-09-2026,01-09-2026,Market Purchase,https://nsearchives.nseindia.com/corporate/ixbrl/IT_2754_20260902_165941294_WEB.html
GOKUL,GOKUL REFOILS AND SOLVENT LIMITED,Bhikhiben Balvantsinh Rajput,Promoter,2026-09-02,2026-09-03 18:20:30,03-Sep-2026 18:20:30,Equity,Buy,BUY,MARKET_BUY,15000.0,618851.0,41.25673333333334,23057607,23.29%,23072607,23.31%,02-09-2026,02-09-2026,Market Purchase,https://nsearchives.nseindia.com/corporate/ixbrl/IT_2754_20260903_182030604_WEB.html
GOKUL,GOKUL REFOILS AND SOLVENT LIMITED,Bhikhiben Balvantsinh Rajput,Promoter,2026-09-02,2026-09-03 18:20:30,03-Sep-2026 18:20:30,Equity,Buy,BUY,MARKET_BUY,35000.0,1443317.0,41.23762857142857,23072607,23.29%,23107607,23.34%,02-09-2026,02-09-2026,Market Purchase,https://nsearchives.nseindia.com/corporate/ixbrl/IT_2754_20260903_182030604_WEB.html
GOKUL,GOKUL REFOILS AND SOLVENT LIMITED,Bhikhiben Balvantsinh Rajput,Promoter,2026-09-02,2026-09-03 18:21:18,03-Sep-2026 18:21:18,Equity,Buy,BUY,MARKET_BUY,15000.0,618851.0,41.25673333333334,23057607,23.29%,23072607,23.31%,02-09-2026,02-09-2026,Market Purchase,https://nsearchives.nseindia.com/corporate/ixbrl/IT_2754_20260903_182118802_WEB.html
GOKUL,GOKUL REFOILS AND SOLVENT LIMITED,Bhikhiben Balvantsinh Rajput,Promoter,2026-09-02,2026-09-03 18:21:18,03-Sep-2026 18:21:18,Equity,Buy,BUY,MARKET_BUY,35000.0,1443317.0,41.23762857142857,23072607,23.29%,23107607,23.34%,02-09-2026,02-09-2026,Market Purchase,https://nsearchives.nseindia.com/corporate/ixbrl/IT_2754_20260903_182118802_WEB.html
GOKUL,GOKUL REFOILS AND SOLVENT LIMITED,Bhikhiben Balvantsinh Rajput,Promoter,2026-09-02,2026-09-03 18:22:12,03-Sep-2026 18:22:12,Equity,Buy,BUY,MARKET_BUY,15000.0,618851.0,41.25673333333334,23057607,23.29%,23072607,23.31%,02-09-2026,02-09-2026,Market Purchase,https://nsearchives.nseindia.com/corporate/ixbrl/IT_2754_20260903_182212602_WEB.html
GOKUL,GOKUL REFOILS AND SOLVENT LIMITED,Bhikhiben Balvantsinh Rajput,Promoter,2026-09-02,2026-09-03 18:22:12,03-Sep-2026 18:22:12,Equity,Buy,BUY,MARKET_BUY,35000.0,1443317.0,41.23762857142857,23072607,23.29%,23107607,23.34%,02-09-2026,02-09-2026,Market Purchase,https://nsearchives.nseindia.com/corporate/ixbrl/IT_2754_20260903_182212602_WEB.html
GOKUL,GOKUL REFOILS AND SOLVENT LIMITED,Bhikhiben Balvantsinh Rajput,Promoter,2026-09-02,2026-09-03 18:35:58,03-Sep-2026 18:35:58,Equity,Buy,BUY,MARKET_BUY,15000.0,618851.0,41.25673333333334,23057607,23.29%,23072607,23.31%,02-09-2026,02-09-2026,Market Purchase,https://nsearchives.nseindia.com/corporate/ixbrl/IT_2754_20260903_183558735_WEB.html
GOKUL,GOKUL REFOILS AND SOLVENT LIMITED,Bhikhiben Balvantsinh Rajput,Promoter,2026-09-02,2026-09-03 18:35:58,03-Sep-2026 18:35:58,Equity,Buy,BUY,MARKET_BUY,35000.0,1443317.0,41.23762857142857,23072607,23.29%,23107607,23.34%,02-09-2026,02-09-2026,Market Purchase,https://nsearchives.nseindia.com/corporate/ixbrl/IT_2754_20260903_183558735_WEB.html
GOKUL,GOKUL REFOILS AND SOLVENT LIMITED,Bhikhiben Balvantsinh Rajput,Promoter,2026-09-02,2026-09-03 18:42:21,03-Sep-2026 18:42:21,Equity,Buy,BUY,MARKET_BUY,15000.0,618851.0,41.25673333333334,23057607,23.29%,23072607,23.31%,02-09-2026,02-09-2026,Market Purchase,https://nsearchives.nseindia.com/corporate/ixbrl/IT_2754_20260903_184221618_WEB.html
GOKUL,GOKUL REFOILS AND SOLVENT LIMITED,Bhikhiben Balvantsinh Rajput,Promoter,2026-09-02,2026-09-03 18:42:21,03-Sep-2026 18:42:21,Equity,Buy,BUY,MARKET_BUY,35000.0,1443317.0,41.23762857142857,23072607,23.29%,23107607,23.34%,02-09-2026,02-09-2026,Market Purchase,https://nsearchives.nseindia.com/corporate/ixbrl/IT_2754_20260903_184221618_WEB.html
GOLDTECH,AION-TECH SOLUTIONS LIMITED,Trinity Infraventures Limited,Promoter,2026-06-10,2026-06-11 16:26:33,11-Jun-2026 16:26:33,Equity,Sell,SELL,MARKET_SELL,200000.0,8710500.0,43.5525,18945812,36.25%,18745812,35.86%,10-06-2026,10-06-2026,Market Sale,https://nsearchives.nseindia.com/corporate/ixbrl/IT_20260611_162633463_WEB.html
GOLDTECH,AION-TECH SOLUTIONS LIMITED,Trinity Infraventures Limited,Promoter,2026-06-12,2026-06-15 16:58:47,15-Jun-2026 16:58:47,Equity,Buy,BUY,MARKET_BUY,200000.0,8492000.0,42.46,18745812,35.86%,18945812,36.25%,12-06-2026,12-06-2026,Market Purchase,https://nsearchives.nseindia.com/corporate/ixbrl/IT_1976_20260615_165847461_WEB.html
GOODLUCK,Goodluck India Limited,Manish Garg and Sons HUF,Promoter Group,2026-06-29,2026-07-01 10:05:42,01-Jul-2026 10:05:42,Equity,Sell,SELL,MARKET_SELL,76200.0,108205647.0,1420.0216141732283,127708,0.38%,51508,0.15%,29-06-2026,29-06-2026,Market Sale,https://nsearchives.nseindia.com/corporate/ixbrl/IT_11300_20260701_100542689_WEB.html
GOODLUCK,Goodluck India Limited,ASHISH GARG AND SONS HUF,Promoter Group,2026-06-29,2026-07-01 10:05:42,01-Jul-2026 10:05:42,Equity,Sell,SELL,MARKET_SELL,78930.0,112230801.0,1421.9029646522235,153938,0.46%,75008,0.23%,29-06-2026,29-06-2026,Market Sale,https://nsearchives.nseindia.com/corporate/ixbrl/IT_11300_20260701_100542689_WEB.html
GOODLUCK,Goodluck India Limited,MUNNI LAL AND SONS HUF,Promoter Group,2026-06-29,2026-07-01 10:05:42,01-Jul-2026 10:05:42,Equity,Sell,SELL,MARKET_SELL,110000.0,156215220.0,1420.1383636363637,234092,0.70%,124092,0.37%,29-06-2026,29-06-2026,Market Sale,https://nsearchives.nseindia.com/corporate/ixbrl/IT_11300_20260701_100542689_WEB.html
GOODLUCK,Goodluck India Limited,R C GARG AND SONS HUF,Promoter Group,2026-06-29,2026-07-01 10:05:42,01-Jul-2026 10:05:42,Equity,Sell,SELL,MARKET_SELL,48554.0,68946913.0,1420.004798780739,680167,2.05%,631613,1.90%,29-06-2026,29-06-2026,Market Sale,https://nsearchives.nseindia.com/corporate/ixbrl/IT_11300_20260701_100542689_WEB.html
GOODLUCK,Goodluck India Limited,Manish Garg,Promoter Group,2026-06-29,2026-07-01 10:05:42,01-Jul-2026 10:05:42,Equity,Sell,SELL,MARKET_SELL,290000.0,412034266.0,1420.8078137931034,921457,2.77%,631457,1.90%,29-06-2026,29-06-2026,Market Sale,https://nsearchives.nseindia.com/corporate/ixbrl/IT_11300_20260701_100542689_WEB.html
GOODLUCK,Goodluck India Limited,ASHISH GARG,Promoter Group,2026-06-29,2026-07-01 10:05:42,01-Jul-2026 10:05:42,Equity,Sell,SELL,MARKET_SELL,50000.0,71950500.0,1439.01,1131637,3.40%,1081637,3.25%,29-06-2026,29-06-2026,Market Sale,https://nsearchives.nseindia.com/corporate/ixbrl/IT_11300_20260701_100542689_WEB.html
GOODLUCK,Goodluck India Limited,Dhruv Aggarwal,Promoter Group,2026-06-29,2026-07-01 10:05:42,01-Jul-2026 10:05:42,Equity,Sell,SELL,MARKET_SELL,160000.0,227267774.0,1420.4235875,204500,0.62%,44500,0.13%,29-06-2026,29-06-2026,Market Sale,https://nsearchives.nseindia.com/corporate/ixbrl/IT_11300_20260701_100542689_WEB.html
GPIL,Godawari Power And Ispat Limited,Kumar Agrawal,Promoter Group,2026-06-23,2026-06-26 13:14:36,26-Jun-2026 13:14:36,Equity,Buy,BUY,OTHER,150000.0,0.0,0.0,22191055,3.30%,22341055,3.32%,23-06-2026,23-06-2026,Inheritance,https://nsearchives.nseindia.com/corporate/ixbrl/IT_2397_20260626_131436869_WEB.html
GPIL,Godawari Power And Ispat Limited,N P Agrawal,Promoter,2026-08-17,2026-08-19 17:55:09,19-Aug-2026 17:55:09,Equity,Buy,BUY,OTHER,19911155.0,0.0,0.0,23391990,3.48%,43303145,6.43%,17-08-2026,17-08-2026,Inheritance,https://nsearchives.nseindia.com/corporate/ixbrl/IT_2397_20260819_175509055_WEB.html
GREENPANEL,Greenpanel Industries Limited,Shobhan Mittal,Promoter and Director,2026-08-28,2026-08-31 17:05:53,31-Aug-2026 17:05:53,Equity,Buy,BUY,MARKET_BUY,61500.0,9904150.0,161.0430894308943,16823899,13.72%,16885399,13.77%,27-08-2026,28-08-2026,Market Purchase,https://nsearchives.nseindia.com/corporate/ixbrl/IT_17613_20260831_170553237_WEB.html
GREENPANEL,Greenpanel Industries Limited,Shobhan Mittal,Promoter and Director,2026-08-28,2026-08-31 17:10:38,31-Aug-2026 17:10:38,Equity,Buy,BUY,MARKET_BUY,61500.0,9904150.0,161.0430894308943,16823899,13.72%,16885399,13.77%,27-08-2026,28-08-2026,Market Purchase,https://nsearchives.nseindia.com/corporate/ixbrl/IT_17613_20260831_171038477_WEB.html
GRMOVER,GRM OVERSEAS LIMITED,Atul Garg,Promoter and Director,2026-06-08,2026-06-11 16:50:32,11-Jun-2026 16:50:32,Equity,Buy,BUY,MARKET_BUY,150000.0,18299025.0,121.9935,42492067,20.50%,42642067,20.58%,08-06-2026,08-06-2026,Market Purchase,https://nsearchives.nseindia.com/corporate/ixbrl/IT_20260611_165032453_WEB.html
GRMOVER,GRM OVERSEAS LIMITED,Atul Garg,Promoter and Director,2026-06-08,2026-06-11 16:50:57,11-Jun-2026 16:50:57,Equity,Buy,BUY,MARKET_BUY,150000.0,18299025.0,121.9935,42492067,20.50%,42642067,20.58%,08-06-2026,08-06-2026,Market Purchase,https://nsearchives.nseindia.com/corporate/ixbrl/IT_20260611_165057102_WEB.html
GRMOVER,GRM OVERSEAS LIMITED,Atul Garg,Promoter and Director,2026-06-08,2026-06-11 17:08:04,11-Jun-2026 17:08:04,Equity,Buy,BUY,MARKET_BUY,150000.0,18299025.0,121.9935,42492067,20.50%,42642067,20.58%,08-06-2026,08-06-2026,Market Purchase,https://nsearchives.nseindia.com/corporate/ixbrl/IT_20260611_170804250_WEB.html
GRMOVER,GRM OVERSEAS LIMITED,Atul Garg,Promoter and Director,2026-06-11,2026-06-12 17:17:59,12-Jun-2026 17:17:59,Equity,Buy,BUY,MARKET_BUY,238281.0,20795511.0,87.27305576189457,42642067,20.58%,42880348,20.69%,11-06-2026,11-06-2026,Market Purchase,https://nsearchives.nseindia.com/corporate/ixbrl/IT_20260612_171759467_WEB.html
GRMOVER,GRM OVERSEAS LIMITED,Mamta Garg,Promoter and Director,2026-06-11,2026-06-12 17:17:59,12-Jun-2026 17:17:59,Equity,Buy,BUY,MARKET_BUY,50000.0,4311105.0,86.2221,41699378,20.12%,41749378,20.15%,11-06-2026,11-06-2026,Market Purchase,https://nsearchives.nseindia.com/corporate/ixbrl/IT_20260612_171759467_WEB.html
GRMOVER,GRM OVERSEAS LIMITED,Atul Garg,Promoter and Director,2026-06-12,2026-06-15 18:34:40,15-Jun-2026 18:34:40,Equity,Buy,BUY,MARKET_BUY,450000.0,42332394.0,94.07198666666666,42880348,20.69%,43330348,20.91%,12-06-2026,12-06-2026,Market Purchase,https://nsearchives.nseindia.com/corporate/ixbrl/IT_20861_20260615_183439947_WEB.html
GRMOVER,GRM OVERSEAS LIMITED,Mamta Garg,Promoter and Director,2026-06-17,2026-06-20 18:53:02,20-Jun-2026 18:53:02,Equity,Buy,BUY,MARKET_BUY,99546.0,9288336.0,93.3069736604183,41749378,20.15%,41848924,20.20%,17-06-2026,17-06-2026,Market Purchase,https://nsearchives.nseindia.com/corporate/ixbrl/IT_20861_20260620_185302006_WEB.html
GRMOVER,GRM OVERSEAS LIMITED,Mamta Garg,Promoter and Director,2026-06-24,2026-06-29 18:38:21,29-Jun-2026 18:38:21,Equity,Buy,BUY,MARKET_BUY,150000.0,13682958.0,91.21972,41848924,20.20%,41998924,20.27%,24-06-2026,24-06-2026,Market Purchase,https://nsearchives.nseindia.com/corporate/ixbrl/IT_20861_20260629_183821311_WEB.html
GRMOVER,GRM OVERSEAS LIMITED,Mamta Garg,Promoter and Director,2026-06-24,2026-06-29 18:42:32,29-Jun-2026 18:42:32,Equity,Buy,BUY,MARKET_BUY,150000.0,13682958.0,91.21972,41848924,20.20%,41998924,20.27%,24-06-2026,24-06-2026,Market Purchase,https://nsearchives.nseindia.com/corporate/ixbrl/IT_20861_20260629_184232799_WEB.html
GRPLTD,GRP LIMITED,JAGDISH M DESAI HUF,Promoter Group,2026-06-24,2026-06-25 12:24:43,25-Jun-2026 12:24:43,Equity,Sell,SELL,MARKET_SELL,300.0,570339.0,1901.13,900,0.02%,600,0.01%,24-06-2026,24-06-2026,Market Sale,https://nsearchives.nseindia.com/corporate/ixbrl/IT_11464_20260625_122443385_WEB.html
GRPLTD,GRP LIMITED,JAGDISH M DESAI HUF,Promoter Group,2026-06-24,2026-06-25 12:40:55,25-Jun-2026 12:40:55,Equity,Sell,SELL,MARKET_SELL,300.0,570339.0,1901.13,900,0.02%,600,0.01%,24-06-2026,24-06-2026,Market Sale,https://nsearchives.nseindia.com/corporate/ixbrl/IT_11464_20260625_124055470_WEB.html
HCLTECH,HCL Technologies Limited,Vama Sundari Investments (Delhi) Private Limited,Promoter,2026-06-12,2026-06-16 18:37:38,16-Jun-2026 18:37:38,Equity,Buy,BUY,MARKET_BUY,47261.0,52192113.0,1104.337889591841,1200314255,44.23%,1200361516,44.23%,11-06-2026,12-06-2026,Market Purchase,https://nsearchives.nseindia.com/corporate/ixbrl/IT_1828_20260616_183738581_WEB.html
HEALTHX,HEALTH X PLATFORM LIMITED,Ravi Kant Sharma,Promoter,2026-06-03,2026-06-05 17:44:48,05-Jun-2026 17:44:48,Equity,Sell,SELL,MARKET_SELL,250000.0,74977529.0,299.910116,997393,3.14%,747393,2.35%,03-06-2026,03-06-2026,Market Sale,https://nsearchives.nseindia.com/corporate/ixbrl/IT_20260605_174448475_WEB.html
HEXAGON,HEXAGON NUTRITION LIMITED,DR. NIKHIL KELKAR,Promoter,2026-08-17,2026-08-19 17:10:14,19-Aug-2026 17:10:14,Equity,Buy,BUY,MARKET_BUY,16400.0,1050131.0,64.03237804878049,21216068,17.26%,21232468,17.27%,17-08-2026,17-08-2026,Market Purchase,https://nsearchives.nseindia.com/corporate/ixbrl/IT_20301_20260819_171014866_WEB.html
HEXAGON,HEXAGON NUTRITION LIMITED,MR. VIKRAM KELKAR,Promoter,2026-08-17,2026-08-19 17:10:14,19-Aug-2026 17:10:14,Equity,Buy,BUY,MARKET_BUY,16300.0,1044058.0,64.05263803680981,25945044,21.11%,25961344,21.12%,17-08-2026,17-08-2026,Market Purchase,https://nsearchives.nseindia.com/corporate/ixbrl/IT_20301_20260819_171014866_WEB.html
HEXAGON,HEXAGON NUTRITION LIMITED,MS. ANURADHA KELKAR,Promoter Group,2026-08-17,2026-08-19 17:10:14,19-Aug-2026 17:10:14,Equity,Buy,BUY,MARKET_BUY,15000.0,960728.0,64.04853333333334,9053059,7.37%,9068059,7.38%,17-08-2026,17-08-2026,Market Purchase,https://nsearchives.nseindia.com/corporate/ixbrl/IT_20301_20260819_171014866_WEB.html
HEXAGON,HEXAGON NUTRITION LIMITED,DR. NIKHIL KELKAR,Promoter,2026-08-17,2026-08-19 17:36:24,19-Aug-2026 17:36:24,Equity,Buy,BUY,MARKET_BUY,16400.0,1050131.0,64.03237804878049,21216068,17.26%,21232468,17.27%,17-08-2026,17-08-2026,Market Purchase,https://nsearchives.nseindia.com/corporate/ixbrl/IT_20301_20260819_173624881_WEB.html
HEXAGON,HEXAGON NUTRITION LIMITED,MR. VIKRAM KELKAR,Promoter,2026-08-17,2026-08-19 17:36:24,19-Aug-2026 17:36:24,Equity,Buy,BUY,MARKET_BUY,16300.0,1044058.0,64.05263803680981,25945044,21.11%,25961344,21.12%,17-08-2026,17-08-2026,Market Purchase,https://nsearchives.nseindia.com/corporate/ixbrl/IT_20301_20260819_173624881_WEB.html
HEXAGON,HEXAGON NUTRITION LIMITED,MS. ANURADHA KELKAR,Promoter Group,2026-08-17,2026-08-19 17:36:24,19-Aug-2026 17:36:24,Equity,Buy,BUY,MARKET_BUY,15000.0,960728.0,64.04853333333334,9053059,7.37%,9068059,7.38%,17-08-2026,17-08-2026,Market Purchase,https://nsearchives.nseindia.com/corporate/ixbrl/IT_20301_20260819_173624881_WEB.html
HGS,HINDUJA GLOBAL SOLUTIONS LIMITED,Hinduja Realty Ventures Limited,Promoter Group,2026-08-19,2026-08-21 16:05:46,21-Aug-2026 16:05:46,Equity,Buy,BUY,OTHER,803885.0,327181195.0,407.0,2983382,6.41%,3787267,8.14%,19-08-2026,19-08-2026,Off Market,https://nsearchives.nseindia.com/corporate/ixbrl/IT_2614_20260821_160546566_WEB.html
HGS,HINDUJA GLOBAL SOLUTIONS LIMITED,Hinduja Group Limited jointly with Hinduja Realty Ventures Limited (As Demat Account holder and partners of Aasia Exports),Promoter Group,2026-08-19,2026-08-21 16:07:10,21-Aug-2026 16:07:10,Equity,Sell,SELL,OTHER,437000.0,177859000.0,407.0,605862,1.30%,168862,0.36%,19-08-2026,19-08-2026,Off Market,https://nsearchives.nseindia.com/corporate/ixbrl/IT_2614_20260821_160710607_WEB.html
HGS,HINDUJA GLOBAL SOLUTIONS LIMITED,Aasia Corporation LLP,Promoter Group,2026-08-19,2026-08-21 16:07:10,21-Aug-2026 16:07:10,Equity,Sell,SELL,OTHER,366885.0,149322195.0,407.0,366885,0.79%,0,0.00%,19-08-2026,19-08-2026,Off Market,https://nsearchives.nseindia.com/corporate/ixbrl/IT_2614_20260821_160710607_WEB.html
HINDCON,Hindcon Chemicals Limited,Sanjay Goenka,Promoter,2026-08-20,2026-08-22 16:22:29,22-Aug-2026 16:22:29,Equity,Buy,BUY,MARKET_BUY,6722.0,147871.0,21.998066051770305,9723278,18.99%,9730000,19.00%,20-08-2026,20-08-2026,Market Purchase,https://nsearchives.nseindia.com/corporate/ixbrl/IT_15847_20260822_162229535_WEB.html
HINDCON,Hindcon Chemicals Limited,Nilima Goenka,Promoter,2026-08-20,2026-08-22 16:22:29,22-Aug-2026 16:22:29,Equity,Buy,BUY,MARKET_BUY,5000.0,110100.0,22.02,7349470,14.36%,7354470,14.37%,20-08-2026,20-08-2026,Market Purchase,https://nsearchives.nseindia.com/corporate/ixbrl/IT_15847_20260822_162229535_WEB.html
HINDCON,Hindcon Chemicals Limited,Hindcon Solutions Private Limited,Promoter Group,2026-08-21,2026-08-22 16:22:29,22-Aug-2026 16:22:29,Equity,Buy,BUY,MARKET_BUY,1058.0,23441.0,22.155954631379963,12668655,24.75%,12669713,24.75%,21-08-2026,21-08-2026,Market Purchase,https://nsearchives.nseindia.com/corporate/ixbrl/IT_15847_20260822_162229535_WEB.html
HINDCON,Hindcon Chemicals Limited,Hindcon Solutions Private Limited,Promoter,2026-08-24,2026-08-25 15:44:20,25-Aug-2026 15:44:20,Equity,Buy,BUY,MARKET_BUY,3675.0,80925.0,22.020408163265305,12669713,24.75%,12673388,24.76%,24-08-2026,24-08-2026,Market Purchase,https://nsearchives.nseindia.com/corporate/ixbrl/IT_15847_20260825_154420438_WEB.html
HINDCON,Hindcon Chemicals Limited,Hindcon Solutions Private Limited,Promoter,2026-08-28,2026-08-31 14:42:43,31-Aug-2026 14:42:43,Equity,Buy,BUY,MARKET_BUY,4714.0,107542.0,22.813322019516335,12673388,24.76%,12678102,24.77%,28-08-2026,28-08-2026,Market Purchase,https://nsearchives.nseindia.com/corporate/ixbrl/IT_15847_20260831_144243248_WEB.html
HINDCON,Hindcon Chemicals Limited,Hindcon Solutions Private Limited,Promoter,2026-08-31,2026-09-02 12:11:45,02-Sep-2026 12:11:45,Equity,Buy,BUY,MARKET_BUY,4018.0,90824.0,22.604280736684917,12678102,24.77%,12682120,24.78%,31-08-2026,31-08-2026,Market Purchase,https://nsearchives.nseindia.com/corporate/ixbrl/IT_15847_20260902_121145881_WEB.html
HINDCON,Hindcon Chemicals Limited,SANJAY GOENKA,Promoter,2026-09-02,2026-09-03 16:50:13,03-Sep-2026 16:50:13,Equity,Buy,BUY,MARKET_BUY,2500.0,58035.0,23.214,9730000,19.01%,9732500,19.01%,02-09-2026,02-09-2026,Market Purchase,https://nsearchives.nseindia.com/corporate/ixbrl/IT_15847_20260903_165013237_WEB.html
HINDCOPPER,Hindustan Copper Limited,"The President of India acting through and represented by Ministry of Mines, Government of India",Promoter,2026-08-26,2026-08-27 18:32:37,27-Aug-2026 18:32:37,Equity,Sell,SELL,MARKET_SELL,58037605.0,30448780891.0,524.6388249652962,639613373,66.14%,581575768,60.14%,25-08-2026,26-08-2026,Market Sale,https://nsearchives.nseindia.com/corporate/ixbrl/IT_3022_20260827_183237602_WEB.html
HMAAGRO,HMA AGRO INDUSTRIES LIMITED,WAJID AHMED,Promoter,2026-08-07,2026-08-11 16:36:18,11-Aug-2026 16:36:18,Equity,Sell,SELL,OTHER,42575347.0,0.0,0.0,42575347,8.50%,0,0.00%,07-08-2026,07-08-2026,Gift,https://nsearchives.nseindia.com/corporate/ixbrl/IT_20597_20260811_163618600_WEB.html
HMAAGRO,HMA AGRO INDUSTRIES LIMITED,WAJID AHMED,Promoter,2026-08-07,2026-08-11 16:36:38,11-Aug-2026 16:36:38,Equity,Sell,SELL,OTHER,42575347.0,0.0,0.0,42575347,8.50%,0,0.00%,07-08-2026,07-08-2026,Gift,https://nsearchives.nseindia.com/corporate/ixbrl/IT_20597_20260811_163638414_WEB.html
HUBTOWN,HUBTOWN LIMITED,Vyomesh Mahipatray Shah (HUF),Promoter Group,2026-06-25,2026-06-26 17:22:50,26-Jun-2026 17:22:50,Equity,Buy,BUY,OTHER,472354.0,100000000.0,211.70562755899178,2213830,1.56%,2686184,1.89%,25-06-2026,25-06-2026,Others,https://nsearchives.nseindia.com/corporate/ixbrl/IT_2521_20260626_172250915_WEB.html
HUBTOWN,HUBTOWN LIMITED,Vyomesh Mahipatray Shah (HUF),Promoter Group,2026-06-25,2026-06-26 17:42:03,26-Jun-2026 17:42:03,Equity,Buy,BUY,OTHER,472354.0,100000000.0,211.70562755899178,2213830,1.56%,2686184,1.89%,25-06-2026,25-06-2026,Others,https://nsearchives.nseindia.com/corporate/ixbrl/IT_2521_20260626_174203959_WEB.html
INDIQUBE,Indiqube Spaces Limited,MEGHNA AGARWAL,Promoter and Director,2026-06-09,2026-06-15 21:46:47,15-Jun-2026 21:46:47,Equity,Buy,BUY,MARKET_BUY,5500.0,878953.0,159.80963636363637,33676053,15.89%,33681553,15.89%,09-06-2026,09-06-2026,Market Purchase,https://nsearchives.nseindia.com/corporate/ixbrl/IT_25080_20260615_214647161_WEB.html
INDIQUBE,Indiqube Spaces Limited,MEGHNA AGARWAL,Promoter and Director,2026-06-12,2026-06-18 20:52:16,18-Jun-2026 20:52:16,Equity,Buy,BUY,MARKET_BUY,2000.0,306302.0,153.151,33681553,15.89%,33683553,15.89%,12-06-2026,12-06-2026,Market Purchase,https://nsearchives.nseindia.com/corporate/ixbrl/IT_25080_20260618_205216567_WEB.html
INDIQUBE,Indiqube Spaces Limited,MEGHNA AGARWAL,Promoter and Director,2026-06-22,2026-06-27 01:19:14,27-Jun-2026 01:19:14,Equity,Buy,BUY,MARKET_BUY,3000.0,515026.0,171.67533333333333,33683553,15.89%,33686553,15.89%,22-06-2026,22-06-2026,Market Purchase,https://nsearchives.nseindia.com/corporate/ixbrl/IT_25080_20260627_011913968_WEB.html
INDIQUBE,Indiqube Spaces Limited,MEGHNA AGARWAL,Promoter and Director,2026-06-24,2026-06-27 18:33:54,27-Jun-2026 18:33:54,Equity,Buy,BUY,MARKET_BUY,5000.0,843343.0,168.6686,33686553,15.89%,33691553,15.89%,23-06-2026,24-06-2026,Market Purchase,https://nsearchives.nseindia.com/corporate/ixbrl/IT_25080_20260627_183354662_WEB.html
INDOCO,INDOCO REMEDIES LIMITED,ADITI M. PANANDIKAR,Promoter and Director,2026-08-31,2026-08-31 17:56:35,31-Aug-2026 17:56:35,Equity,Buy,BUY,MARKET_BUY,5000.0,1224240.0,244.848,2917158,3.16%,2922158,3.17%,28-08-2026,31-08-2026,Market Purchase,https://nsearchives.nseindia.com/corporate/ixbrl/IT_2257_20260831_175634950_WEB.html
INDOCO,INDOCO REMEDIES LIMITED,MADHURA SURESH KARE,Promoter,2026-08-31,2026-08-31 17:56:35,31-Aug-2026 17:56:35,Equity,Buy,BUY,MARKET_BUY,5000.0,1224220.0,244.844,2479513,2.69%,2484513,2.69%,28-08-2026,31-08-2026,Market Purchase,https://nsearchives.nseindia.com/corporate/ixbrl/IT_2257_20260831_175634950_WEB.html
INDOCO,INDOCO REMEDIES LIMITED,ADITI M. PANANDIKAR,Promoter and Director,2026-09-01,2026-09-02 17:19:24,02-Sep-2026 17:19:24,Equity,Buy,BUY,MARKET_BUY,2000.0,482000.0,241.0,2922158,3.17%,2924158,3.17%,01-09-2026,01-09-2026,Market Purchase,https://nsearchives.nseindia.com/corporate/ixbrl/IT_2257_20260902_171924096_WEB.html
INDOCO,INDOCO REMEDIES LIMITED,MADHURA SURESH KARE,Promoter,2026-09-01,2026-09-02 17:19:24,02-Sep-2026 17:19:24,Equity,Buy,BUY,MARKET_BUY,2000.0,482000.0,241.0,2484513,2.69%,2486513,2.69%,01-09-2026,01-09-2026,Market Purchase,https://nsearchives.nseindia.com/corporate/ixbrl/IT_2257_20260902_171924096_WEB.html
INDOTECH,INDO TECH TRANSFORMERS LIMITED,Shirdi Sai Electricals Limited,Promoter,2026-06-29,2026-07-01 17:19:56,01-Jul-2026 17:19:56,Equity,Sell,SELL,MARKET_SELL,300000.0,904695000.0,3015.65,7965000,75.00%,7665000,72.18%,29-06-2026,29-06-2026,Market Sale,https://nsearchives.nseindia.com/corporate/ixbrl/IT_2373_20260701_171956511_WEB.html
INDOTECH,INDO TECH TRANSFORMERS LIMITED,Shirdi Sai Electricals Limited,Promoter,2026-06-29,2026-07-01 17:20:54,01-Jul-2026 17:20:54,Equity,Sell,SELL,MARKET_SELL,300000.0,904695000.0,3015.65,7965000,75.00%,7665000,72.18%,29-06-2026,29-06-2026,Market Sale,https://nsearchives.nseindia.com/corporate/ixbrl/IT_2373_20260701_172054510_WEB.html
INDOTECH,INDO TECH TRANSFORMERS LIMITED,Shirdi Sai Electricals Limited,Promoter,2026-06-30,2026-07-02 10:38:24,02-Jul-2026 10:38:24,Equity,Sell,SELL,MARKET_SELL,131952.0,424277200.0,3215.390445010307,7665000,72.18%,7533048,70.93%,30-06-2026,30-06-2026,Market Sale,https://nsearchives.nseindia.com/corporate/ixbrl/IT_2373_20260702_103824699_WEB.html
INDOTECH,INDO TECH TRANSFORMERS LIMITED,Shirdi Sai Electricals Limited,Promoter,2026-06-30,2026-07-02 10:38:24,02-Jul-2026 10:38:24,Equity,Sell,SELL,MARKET_SELL,68048.0,219878739.0,3231.2299994121795,7533048,70.93%,7465000,70.29%,30-06-2026,30-06-2026,Market Sale,https://nsearchives.nseindia.com/corporate/ixbrl/IT_2373_20260702_103824699_WEB.html
INDOWIND,INDOWIND ENERGY LIMITED,INDUS FINANCE LIMITED,Promoter,2026-06-30,2026-07-06 14:28:34,06-Jul-2026 14:28:34,Equity,Sell,SELL,MARKET_SELL,2000000.0,18341017.0,9.1705085,2331765,1.45%,331765,0.21%,30-06-2026,30-06-2026,Market Sale,https://nsearchives.nseindia.com/corporate/ixbrl/IT_2653_20260706_142834555_WEB.html
INDOWIND,INDOWIND ENERGY LIMITED,INDUS CAPITAL PRIVATE LIMITED,Promoter Group,2026-06-30,2026-07-06 14:28:34,06-Jul-2026 14:28:34,Equity,Buy,BUY,MARKET_BUY,2278711.0,21182897.0,9.295999799886866,14494530,9.00%,16773241,10.46%,30-06-2026,30-06-2026,Market Purchase,https://nsearchives.nseindia.com/corporate/ixbrl/IT_2653_20260706_142834555_WEB.html
INDOWIND,INDOWIND ENERGY LIMITED,INDUS CAPITAL PRIVATE LIMITED,Promoter Group,2026-06-30,2026-07-06 14:28:34,06-Jul-2026 14:28:34,Equity,Buy,BUY,MARKET_BUY,71318.0,663207.0,9.299293306037747,14494530,9.00%,14565848,10.46%,30-06-2026,30-06-2026,Market Purchase,https://nsearchives.nseindia.com/corporate/ixbrl/IT_2653_20260706_142834555_WEB.html
INDOWIND,INDOWIND ENERGY LIMITED,INDUS CAPITAL PRIVATE LIMITED,Promoter Group,2026-08-21,2026-08-24 17:35:31,24-Aug-2026 17:35:31,Equity,Buy,BUY,MARKET_BUY,405500.0,3494363.0,8.617418002466092,16844559,10.46%,17250059,10.71%,19-08-2026,21-08-2026,Market Purchase,https://nsearchives.nseindia.com/corporate/ixbrl/IT_2653_20260824_173531869_WEB.html
INDOWIND,INDOWIND ENERGY LIMITED,INDUS CAPITAL PRIVATE LIMITED,Promoter Group,2026-08-25,2026-08-27 11:09:36,27-Aug-2026 11:09:36,Equity,Buy,BUY,MARKET_BUY,146546.0,1370924.0,9.354905626902132,17250059,10.71%,17396605,10.81%,24-08-2026,25-08-2026,Market Purchase,https://nsearchives.nseindia.com/corporate/ixbrl/IT_2653_20260827_110936588_WEB.html
INFOBEAN,INFOBEANS TECHNO. LTD.,Mitesh Bohra,Promoter,2026-08-28,2026-08-31 16:19:44,31-Aug-2026 16:19:44,Equity,Sell,SELL,MARKET_SELL,40619.0,7233025.0,178.0699918757232,6126600,6.32%,6085981,6.28%,28-08-2026,28-08-2026,Market Sale,https://nsearchives.nseindia.com/corporate/ixbrl/IT_14975_20260831_161944298_WEB.html
INFOBEAN,INFOBEANS TECHNO. LTD.,Shashikala Bohra,Promoter Group,2026-08-28,2026-08-31 16:44:00,31-Aug-2026 16:44:00,Equity,Sell,SELL,MARKET_SELL,467909.0,79226352.0,169.32000025646013,3447800,3.55%,2979891,3.07%,28-08-2026,28-08-2026,Market Sale,https://nsearchives.nseindia.com/corporate/ixbrl/IT_14975_20260831_164400483_WEB.html
INFOBEAN,INFOBEANS TECHNO. LTD.,Shashikala Bohra,Promoter Group,2026-08-31,2026-09-01 16:11:34,01-Sep-2026 16:11:34,Equity,Sell,SELL,MARKET_SELL,121516.0,20168011.0,165.9700039500971,2979891,3.07%,2858375,2.95%,31-08-2026,31-08-2026,Market Sale,https://nsearchives.nseindia.com/corporate/ixbrl/IT_14975_20260901_161134533_WEB.html
INOXINDIA,INOX INDIA LIMITED,Manju Jain,Promoter Group,2026-06-12,2026-06-17 11:09:26,17-Jun-2026 11:09:26,Equity,Sell,SELL,MARKET_SELL,2840.0,5390235.0,1897.9700704225352,645840,0.71%,643000,0.70%,12-06-2026,12-06-2026,Market Sale,https://nsearchives.nseindia.com/corporate/ixbrl/IT_22456_20260617_110926942_WEB.html
INOXINDIA,INOX INDIA LIMITED,Manju Jain,Promoter Group,2026-06-17,2026-06-22 16:19:08,22-Jun-2026 16:19:08,Equity,Sell,SELL,MARKET_SELL,3000.0,5720070.0,1906.69,643000,0.71%,640000,0.70%,17-06-2026,17-06-2026,Market Sale,https://nsearchives.nseindia.com/corporate/ixbrl/IT_22456_20260622_161908657_WEB.html
INOXINDIA,INOX INDIA LIMITED,Lata Madhusudan Rungta,Promoter Group,2026-06-18,2026-06-22 16:18:29,22-Jun-2026 16:18:29,Equity,Sell,SELL,MARKET_SELL,500.0,930500.0,1861.0,501840,0.55%,501340,0.55%,18-06-2026,18-06-2026,Market Sale,https://nsearchives.nseindia.com/corporate/ixbrl/IT_22456_20260622_161829907_WEB.html
INOXINDIA,INOX INDIA LIMITED,Manju Jain,Promoter Group,2026-06-23,2026-06-30 13:07:34,30-Jun-2026 13:07:34,Equity,Sell,SELL,MARKET_SELL,6000.0,12351000.0,2058.5,640000,0.70%,634000,0.70%,22-06-2026,23-06-2026,Market Sale,https://nsearchives.nseindia.com/corporate/ixbrl/IT_22456_20260630_130734507_WEB.html
INOXWIND,Inox Wind Limited,INOX LEASING AND FINANCE LIMITED,Promoter,2026-08-25,2026-08-27 19:11:58,27-Aug-2026 19:11:58,Equity,Sell,SELL,OTHER,3000000.0,221640000.0,73.88,478915610,27.71%,475915610,27.54%,25-08-2026,25-08-2026,Inter-se-Transfer,https://nsearchives.nseindia.com/corporate/ixbrl/IT_11855_20260827_191158380_WEB.html
INOXWIND,Inox Wind Limited,Devansh Trademart LLP,Promoter Group,2026-08-25,2026-08-27 19:11:58,27-Aug-2026 19:11:58,Equity,Buy,BUY,OTHER,3000000.0,221640000.0,73.88,149018522,8.62%,152018522,8.80%,25-08-2026,25-08-2026,Inter-se-Transfer,https://nsearchives.nseindia.com/corporate/ixbrl/IT_11855_20260827_191158380_WEB.html
IONEXCHANG,ION EXCHANGE (INDIA) LIMITED,Dinesh Sharma,Promoter Group,2026-08-19,2026-08-25 17:43:26,25-Aug-2026 17:43:26,Equity,Sell,SELL,OTHER,230000.0,0.0,0.0,5712710,3.90%,5482710,3.73%,19-08-2026,19-08-2026,Gift,https://nsearchives.nseindia.com/corporate/ixbrl/IT_185_20260825_174326419_WEB.html
IONEXCHANG,ION EXCHANGE (INDIA) LIMITED,Dhruv Dinesh Trigunayat,Promoter Group,2026-08-19,2026-08-25 17:43:26,25-Aug-2026 17:43:26,Equity,Buy,BUY,OTHER,230000.0,0.0,0.0,150000,0.10%,380000,0.25%,19-08-2026,19-08-2026,Gift,https://nsearchives.nseindia.com/corporate/ixbrl/IT_185_20260825_174326419_WEB.html
IRB,IRB INFRASTRUCTURE DEVELOPERS LIMITED,IRB Holding Private Limited,Promoter Group,2026-08-31,2026-09-02 20:13:34,02-Sep-2026 20:13:34,Equity,Buy,BUY,MARKET_BUY,10500000.0,204084517.0,19.436620666666666,3616308700,29.94%,3626808700,30.02%,31-08-2026,31-08-2026,Market Purchase,https://nsearchives.nseindia.com/corporate/ixbrl/IT_2724_20260902_201334367_WEB.html
IRB,IRB INFRASTRUCTURE DEVELOPERS LIMITED,IRB Holding Private Limited,Promoter Group,2026-09-01,2026-09-02 20:13:34,02-Sep-2026 20:13:34,Equity,Buy,BUY,MARKET_BUY,10500000.0,202402521.0,19.27643057142857,3626808700,30.02%,3637308700,30.11%,01-09-2026,01-09-2026,Market Purchase,https://nsearchives.nseindia.com/corporate/ixbrl/IT_2724_20260902_201334367_WEB.html
IRB,IRB INFRASTRUCTURE DEVELOPERS LIMITED,IRB Holding Private Limited,Promoter Group,2026-09-02,2026-09-02 20:13:34,02-Sep-2026 20:13:34,Equity,Buy,BUY,MARKET_BUY,10500000.0,202928140.0,19.326489523809524,3637308700,30.11%,3647808700,30.20%,02-09-2026,02-09-2026,Market Purchase,https://nsearchives.nseindia.com/corporate/ixbrl/IT_2724_20260902_201334367_WEB.html
IRFC,INDIAN RAILWAY FINANCE CORPORATION LIMITED,"The President of India, acting through and represented by the Ministry of Railways, Government of India",Promoter,2026-06-25,2026-06-30 15:26:11,30-Jun-2026 15:26:11,Equity,Sell,SELL,OTHER,228744407.0,20837409748.0,91.0947289216125,11062396171,84.65%,10833651764,82.90%,24-06-2026,25-06-2026,Others,https://nsearchives.nseindia.com/corporate/ixbrl/IT_5625_20260630_152611159_WEB.html
JARO,JARO INSTITUTE OF TECHNOLOGY MANAGEMENT AND RESEARCH LIMITED,Sanjay Namdeo Salunkhe,Promoter,2026-06-04,2026-06-06 19:28:34,06-Jun-2026 19:28:34,Equity,Buy,BUY,MARKET_BUY,52154.0,31878767.0,611.2429919085785,12213525,54.84%,12265679,55.07%,04-06-2026,04-06-2026,Market Purchase,https://nsearchives.nseindia.com/corporate/ixbrl/IT_20260606_192834631_WEB.html
JARO,JARO INSTITUTE OF TECHNOLOGY MANAGEMENT AND RESEARCH LIMITED,Balkrishna Namdeo Salunkhe,Promoter,2026-06-09,2026-06-20 17:57:20,20-Jun-2026 17:57:20,Equity,Buy,BUY,OTHER,455098.0,0.0,0.0,457098,2.05%,912196,4.10%,09-06-2026,09-06-2026,Off Market,https://nsearchives.nseindia.com/corporate/ixbrl/IT_24645_20260620_175720437_WEB.html
JARO,JARO INSTITUTE OF TECHNOLOGY MANAGEMENT AND RESEARCH LIMITED,Sanjay Namdeo Salunkhe,Promoter,2026-06-10,2026-06-11 12:40:14,11-Jun-2026 12:40:14,Equity,Buy,BUY,MARKET_BUY,8806.0,4757760.0,540.2861685214626,12265679,55.07%,12274485,55.11%,10-06-2026,10-06-2026,Market Purchase,https://nsearchives.nseindia.com/corporate/ixbrl/IT_20260611_124014771_WEB.html
JARO,JARO INSTITUTE OF TECHNOLOGY MANAGEMENT AND RESEARCH LIMITED,Sanjay Namdeo Salunkhe,Promoter,2026-06-11,2026-06-12 12:39:19,12-Jun-2026 12:39:19,Equity,Buy,BUY,MARKET_BUY,24355.0,13328387.0,547.2546499692055,12274485,55.11%,12298840,55.23%,11-06-2026,11-06-2026,Market Purchase,https://nsearchives.nseindia.com/corporate/ixbrl/IT_20260612_123918989_WEB.html
JARO,JARO INSTITUTE OF TECHNOLOGY MANAGEMENT AND RESEARCH LIMITED,Sanjay Namdeo Salunkhe,Promoter,2026-06-12,2026-06-13 12:53:28,13-Jun-2026 12:53:28,Equity,Buy,BUY,MARKET_BUY,15326.0,8658985.0,564.9866240375832,12298840,55.23%,12314166,55.29%,12-06-2026,12-06-2026,Market Purchase,https://nsearchives.nseindia.com/corporate/ixbrl/IT_20260613_125328596_WEB.html
JARO,JARO INSTITUTE OF TECHNOLOGY MANAGEMENT AND RESEARCH LIMITED,Balkrishna Namdeo Salunkhe,Promoter,2026-08-17,2026-08-18 17:19:52,18-Aug-2026 17:19:52,Equity,Buy,BUY,MARKET_BUY,22100.0,9988144.0,451.95221719457015,912196,4.10%,934296,4.20%,17-08-2026,17-08-2026,Market Purchase,https://nsearchives.nseindia.com/corporate/ixbrl/IT_24645_20260818_171952665_WEB.html
JARO,JARO INSTITUTE OF TECHNOLOGY MANAGEMENT AND RESEARCH LIMITED,Balkrishna Namdeo Salunkhe,Promoter,2026-08-19,2026-08-21 15:37:40,21-Aug-2026 15:37:40,Equity,Buy,BUY,MARKET_BUY,1500.0,661908.0,441.272,934296,4.20%,935796,4.20%,19-08-2026,19-08-2026,Market Purchase,https://nsearchives.nseindia.com/corporate/ixbrl/IT_24645_20260821_153740440_WEB.html
JARO,JARO INSTITUTE OF TECHNOLOGY MANAGEMENT AND RESEARCH LIMITED,Balkrishna Namdeo Salunkhe,Promoter,2026-08-20,2026-08-21 15:37:40,21-Aug-2026 15:37:40,Equity,Buy,BUY,MARKET_BUY,300.0,132024.0,440.08,935796,4.20%,936096,4.20%,20-08-2026,20-08-2026,Market Purchase,https://nsearchives.nseindia.com/corporate/ixbrl/IT_24645_20260821_153740440_WEB.html
JARO,JARO INSTITUTE OF TECHNOLOGY MANAGEMENT AND RESEARCH LIMITED,Balkrishna Namdeo Salunkhe,Promoter,2026-08-21,2026-08-22 17:50:32,22-Aug-2026 17:50:32,Equity,Buy,BUY,MARKET_BUY,7390.0,3257871.0,440.8485791610284,936096,4.20%,943486,4.24%,21-08-2026,21-08-2026,Market Purchase,https://nsearchives.nseindia.com/corporate/ixbrl/IT_24645_20260822_175032334_WEB.html
JARO,JARO INSTITUTE OF TECHNOLOGY MANAGEMENT AND RESEARCH LIMITED,Sanjay Namdeo Salunkhe,Promoter,2026-08-26,2026-08-27 18:34:17,27-Aug-2026 18:34:17,Equity,Buy,BUY,MARKET_BUY,20018.0,9251606.0,462.1643520831252,12314166,55.29%,12334184,55.38%,26-08-2026,26-08-2026,Market Purchase,https://nsearchives.nseindia.com/corporate/ixbrl/IT_24645_20260827_183417085_WEB.html
JAYSREETEA,JAY SHREE TEA & INDUSTRIES LTD,MRS.JAYASHREE MOHTA,Promoter and Director,2026-08-17,2026-08-18 20:38:34,18-Aug-2026 20:38:34,Equity,Buy,BUY,MARKET_BUY,1252262.0,110814212.0,88.49123585958849,1105770,3.83%,2358032,8.16%,17-08-2026,17-08-2026,Market Purchase,https://nsearchives.nseindia.com/corporate/ixbrl/IT_1139_20260818_203834364_WEB.html
JAYSREETEA,JAY SHREE TEA & INDUSTRIES LTD,MRS.JAYASHREE MOHTA,Promoter and Director,2026-08-17,2026-08-18 20:38:34,18-Aug-2026 20:38:34,Equity,Buy,BUY,MARKET_BUY,11223.0,982000.0,87.49888621580682,2358032,8.16%,2369255,8.20%,17-08-2026,17-08-2026,Market Purchase,https://nsearchives.nseindia.com/corporate/ixbrl/IT_1139_20260818_203834364_WEB.html
JAYSREETEA,JAY SHREE TEA & INDUSTRIES LTD,MRS.JAYASHREE MOHTA,Promoter and Director,2026-08-18,2026-08-20 17:11:16,20-Aug-2026 17:11:16,Equity,Buy,BUY,MARKET_BUY,227.0,20030.0,88.23788546255507,2369255,8.20%,2369482,8.21%,18-08-2026,18-08-2026,Market Purchase,https://nsearchives.nseindia.com/corporate/ixbrl/IT_1139_20260820_171116333_WEB.html
JINDALSTEL,JINDAL STEEL LIMITED,Beaufield Holdings Limited,Promoter Group,2026-06-18,2026-06-24 11:33:58,24-Jun-2026 11:33:58,Equity,Pledge Revoke,OTHER,OTHER,1700000.0,1934090000.0,1137.7,5991720,0.59%,5991720,0.59%,18-06-2026,18-06-2026,Pledge Release,https://nsearchives.nseindia.com/corporate/ixbrl/IT_1816_20260624_113358398_WEB.html
JINDALSTEL,Jindal Steel Limited,JSL Overseas Limited,Promoter Group,2026-07-07,2026-07-10 18:19:38,10-Jul-2026 18:19:38,Equity,Pledge Revoke,OTHER,OTHER,750000.0,776550000.0,1035.4,6529360,0.64%,6529360,0.64%,07-07-2026,07-07-2026,Pledge Release,https://nsearchives.nseindia.com/corporate/ixbrl/IT_1816_20260710_181938513_WEB.html
JINDALSTEL,JINDAL STEEL LIMITED,Sarika Jhunjhnuwala,Promoter Group,2026-08-25,2026-08-28 18:43:30,28-Aug-2026 18:43:30,Equity,Sell,SELL,MARKET_SELL,95000.0,108203920.0,1138.9886315789474,477400,0.05%,382400,0.04%,24-08-2026,25-08-2026,Market Sale,https://nsearchives.nseindia.com/corporate/ixbrl/IT_1816_20260828_184330314_WEB.html
JKCEMENT,J. K. CEMENT LIMITED,Kalpana Singhania,Promoter Group,2026-07-27,2026-07-29 11:55:16,29-Jul-2026 11:55:16,Equity,Sell,SELL,OTHER,5000.0,0.0,0.0,330296,0.42%,325296,0.41%,27-07-2026,27-07-2026,Inter-se-Transfer,https://nsearchives.nseindia.com/corporate/ixbrl/IT_2371_20260729_115516781_WEB.html
JKCEMENT,J. K. CEMENT LIMITED,Nidhipati Singhania,Promoter Group,2026-07-27,2026-07-29 11:55:16,29-Jul-2026 11:55:16,Equity,Buy,BUY,OTHER,5000.0,0.0,0.0,48728,0.06%,53728,0.07%,27-07-2026,27-07-2026,Inter-se-Transfer,https://nsearchives.nseindia.com/corporate/ixbrl/IT_2371_20260729_115516781_WEB.html
JKIPL,JINKUSHAL INDUSTRIES LIMITED,Sandhya Jain,Promoter,2026-09-01,2026-09-03 19:07:04,03-Sep-2026 19:07:04,Equity,Sell,SELL,OTHER,1487300.0,161223320.0,108.4,2853472,7.43%,1366172,3.56%,01-09-2026,01-09-2026,Gift,https://nsearchives.nseindia.com/corporate/ixbrl/IT_25984_20260903_190704234_WEB.html
JKIPL,JINKUSHAL INDUSTRIES LIMITED,Sandhya Jain,Promoter,2026-09-01,2026-09-03 19:07:41,03-Sep-2026 19:07:41,Equity,Sell,SELL,OTHER,1487300.0,161223320.0,108.4,2853472,7.43%,1366172,3.56%,01-09-2026,01-09-2026,Gift,https://nsearchives.nseindia.com/corporate/ixbrl/IT_25984_20260903_190741342_WEB.html
JKIPL,JINKUSHAL INDUSTRIES LIMITED,Sandhya Jain,Promoter,2026-09-01,2026-09-03 19:12:24,03-Sep-2026 19:12:24,Equity,Sell,SELL,OTHER,1487300.0,161223320.0,108.4,2853472,7.43%,1366172,3.56%,01-09-2026,01-09-2026,Gift,https://nsearchives.nseindia.com/corporate/ixbrl/IT_25984_20260903_191224505_WEB.html
JKIPL,JINKUSHAL INDUSTRIES LIMITED,Sandhya Jain,Promoter,2026-09-01,2026-09-03 19:14:09,03-Sep-2026 19:14:09,Equity,Sell,SELL,OTHER,1487300.0,161223320.0,108.4,2853472,7.43%,1366172,3.56%,01-09-2026,01-09-2026,Gift,https://nsearchives.nseindia.com/corporate/ixbrl/IT_25984_20260903_191409423_WEB.html
JKIPL,JINKUSHAL INDUSTRIES LIMITED,Sandhya Jain,Promoter,2026-09-01,2026-09-03 19:20:37,03-Sep-2026 19:20:37,Equity,Sell,SELL,OTHER,1487300.0,161223320.0,108.4,2853472,7.43%,1366172,3.56%,01-09-2026,01-09-2026,Gift,https://nsearchives.nseindia.com/corporate/ixbrl/IT_25984_20260903_192037750_WEB.html
JMA,JULLUNDUR MOTOR AGENCY (DELHI) LIMITED,Shuchi Arora,Promoter and Director,2026-06-17,2026-06-19 14:58:22,19-Jun-2026 14:58:22,Equity,Buy,BUY,OTHER,7206400.0,0.0,0.0,1867311,8.18%,9073711,39.73%,17-06-2026,17-06-2026,Inheritance,https://nsearchives.nseindia.com/corporate/ixbrl/IT_11641_20260619_145822074_WEB.html
JSWENERGY,JSW Energy Limited,ANUSHREE JINDAL,Promoter Group,2026-08-05,2026-08-07 19:39:48,07-Aug-2026 19:39:48,Equity,Buy,BUY,OTHER,2290000.0,1282400000.0,560.0,0,0.00%,2290000,0.12%,05-08-2026,05-08-2026,Gift,https://nsearchives.nseindia.com/corporate/ixbrl/IT_3013_20260807_193948282_WEB.html
KABRAEXTRU,KABRA EXTRUSION TECHNIK LIMITED,Kolsite Corporation LLP,Promoter Group,2026-06-19,2026-06-19 18:07:36,19-Jun-2026 18:07:36,Equity,Sell,SELL,MARKET_SELL,250000.0,59736002.0,238.944008,3807295,10.89%,3557295,10.17%,17-06-2026,19-06-2026,Market Sale,https://nsearchives.nseindia.com/corporate/ixbrl/IT_690_20260619_180736802_WEB.html
KABRAEXTRU,KABRA EXTRUSION TECHNIK LIMITED,Anand Kabra,Promoter,2026-06-19,2026-06-19 18:07:36,19-Jun-2026 18:07:36,Equity,Buy,BUY,MARKET_BUY,125000.0,29874591.0,238.996728,6364055,18.20%,6489055,18.55%,17-06-2026,19-06-2026,Market Purchase,https://nsearchives.nseindia.com/corporate/ixbrl/IT_690_20260619_180736802_WEB.html
KABRAEXTRU,KABRA EXTRUSION TECHNIK LIMITED,Ekta Kabra,Promoter,2026-06-19,2026-06-19 18:07:36,19-Jun-2026 18:07:36,Equity,Buy,BUY,MARKET_BUY,125000.0,29875691.0,239.005528,3267600,9.34%,3392600,9.70%,17-06-2026,19-06-2026,Market Purchase,https://nsearchives.nseindia.com/corporate/ixbrl/IT_690_20260619_180736802_WEB.html
KABRAEXTRU,KABRA EXTRUSION TECHNIK LIMITED,Kolsite Corporation LLP,Promoter Group,2026-06-23,2026-06-24 18:27:34,24-Jun-2026 18:27:34,Equity,Sell,SELL,MARKET_SELL,167300.0,40096638.0,239.66908547519427,3557295,10.17%,3389995,9.69%,22-06-2026,23-06-2026,Market Sale,https://nsearchives.nseindia.com/corporate/ixbrl/IT_690_20260624_182734906_WEB.html
KABRAEXTRU,KABRA EXTRUSION TECHNIK LIMITED,Anand Kabra,Promoter,2026-06-23,2026-06-24 18:27:34,24-Jun-2026 18:27:34,Equity,Buy,BUY,MARKET_BUY,83650.0,20076798.0,240.00953974895398,6489055,18.55%,6572705,18.79%,22-06-2026,23-06-2026,Market Purchase,https://nsearchives.nseindia.com/corporate/ixbrl/IT_690_20260624_182734906_WEB.html
KABRAEXTRU,KABRA EXTRUSION TECHNIK LIMITED,Ekta Kabra,Promoter,2026-06-23,2026-06-24 18:27:34,24-Jun-2026 18:27:34,Equity,Buy,BUY,MARKET_BUY,83650.0,20080988.0,240.05962940824867,3392600,9.70%,3476250,9.94%,22-06-2026,23-06-2026,Market Purchase,https://nsearchives.nseindia.com/corporate/ixbrl/IT_690_20260624_182734906_WEB.html
KABRAEXTRU,KABRA EXTRUSION TECHNIK LIMITED,Kolsite Corporation LLP,Promoter Group,2026-06-25,2026-06-26 17:39:19,26-Jun-2026 17:39:19,Equity,Sell,SELL,MARKET_SELL,166000.0,40279632.0,242.64838554216868,3389995,9.69%,3223995,9.22%,24-06-2026,25-06-2026,Market Sale,https://nsearchives.nseindia.com/corporate/ixbrl/IT_690_20260626_173919813_WEB.html
KABRAEXTRU,KABRA EXTRUSION TECHNIK LIMITED,Anand Kabra,Promoter,2026-06-25,2026-06-26 17:39:19,26-Jun-2026 17:39:19,Equity,Buy,BUY,MARKET_BUY,83000.0,20182173.0,243.15871084337348,6572705,18.79%,6655705,19.03%,24-06-2026,25-06-2026,Market Purchase,https://nsearchives.nseindia.com/corporate/ixbrl/IT_690_20260626_173919813_WEB.html
KABRAEXTRU,KABRA EXTRUSION TECHNIK LIMITED,Ekta Kabra,Promoter,2026-06-25,2026-06-26 17:39:19,26-Jun-2026 17:39:19,Equity,Buy,BUY,MARKET_BUY,67116.0,16355786.0,243.6942904821503,3476250,9.94%,3543366,10.13%,24-06-2026,25-06-2026,Market Purchase,https://nsearchives.nseindia.com/corporate/ixbrl/IT_690_20260626_173919813_WEB.html
KANPRPLA,Kanpur Plastipack Limited,Shashank Agarwal,Promoter and Director,2026-08-13,2026-08-13 13:49:50,13-Aug-2026 13:49:50,Equity,Buy,BUY,OTHER,27500.0,3575000.0,130.0,2211346,9.03%,2238846,9.11%,13-08-2026,13-08-2026,Allotment,https://nsearchives.nseindia.com/corporate/ixbrl/IT_19045_20260813_134950582_WEB.html
KANPRPLA,Kanpur Plastipack Limited,Raghushree Earning Solutions LLP,Promoter Group,2026-08-13,2026-08-13 13:49:50,13-Aug-2026 13:49:50,Equity,Buy,BUY,OTHER,66000.0,8580000.0,130.0,355556,1.45%,421556,1.72%,13-08-2026,13-08-2026,Allotment,https://nsearchives.nseindia.com/corporate/ixbrl/IT_19045_20260813_134950582_WEB.html
KARURVYSYA,THE KARUR VYSYA BANK LIMITED,G Rajasekaran,Promoter,2026-07-29,2026-07-31 20:39:09,31-Jul-2026 20:39:09,Equity,Sell,SELL,MARKET_SELL,1000.0,341658.0,341.658,1999479,0.21%,1998479,0.21%,29-07-2026,29-07-2026,Market Sale,https://nsearchives.nseindia.com/corporate/ixbrl/IT_539_20260731_203909576_WEB.html
KARURVYSYA,THE KARUR VYSYA BANK LIMITED,R Nageswari,Promoter Group,2026-07-29,2026-07-31 20:39:09,31-Jul-2026 20:39:09,Equity,Sell,SELL,MARKET_SELL,1000.0,341658.0,341.658,1432011,0.15%,1431011,0.15%,29-07-2026,29-07-2026,Market Sale,https://nsearchives.nseindia.com/corporate/ixbrl/IT_539_20260731_203909576_WEB.html
KARURVYSYA,THE KARUR VYSYA BANK LIMITED,G Mani,Promoter Group,2026-07-29,2026-07-31 20:39:09,31-Jul-2026 20:39:09,Equity,Sell,SELL,MARKET_SELL,1000.0,341658.0,341.658,1293652,0.13%,1292652,0.13%,29-07-2026,29-07-2026,Market Sale,https://nsearchives.nseindia.com/corporate/ixbrl/IT_539_20260731_203909576_WEB.html
KARURVYSYA,THE KARUR VYSYA BANK LIMITED,G Rajasekaran,Promoter,2026-08-03,2026-08-04 21:13:48,04-Aug-2026 21:13:48,Equity,Sell,SELL,MARKET_SELL,3000.0,1041757.0,347.25233333333335,1998479,0.21%,1995479,0.21%,31-07-2026,03-08-2026,Market Sale,https://nsearchives.nseindia.com/corporate/ixbrl/IT_539_20260804_211348674_WEB.html
KARURVYSYA,THE KARUR VYSYA BANK LIMITED,R Nageswari,Promoter Group,2026-08-03,2026-08-04 21:13:48,04-Aug-2026 21:13:48,Equity,Sell,SELL,MARKET_SELL,3000.0,1041757.0,347.25233333333335,1431011,0.15%,1428011,0.15%,31-07-2026,03-08-2026,Market Sale,https://nsearchives.nseindia.com/corporate/ixbrl/IT_539_20260804_211348674_WEB.html
KARURVYSYA,THE KARUR VYSYA BANK LIMITED,G Mani,Promoter Group,2026-08-03,2026-08-04 21:13:48,04-Aug-2026 21:13:48,Equity,Sell,SELL,MARKET_SELL,3000.0,1041757.0,347.25233333333335,1292652,0.13%,1289652,0.13%,31-07-2026,03-08-2026,Market Sale,https://nsearchives.nseindia.com/corporate/ixbrl/IT_539_20260804_211348674_WEB.html
KARURVYSYA,THE KARUR VYSYA BANK LIMITED,M V Usha,Promoter Group,2026-08-20,2026-08-21 18:50:17,21-Aug-2026 18:50:17,Equity,Sell,SELL,MARKET_SELL,3000.0,1010145.0,336.715,321903,0.03%,318903,0.03%,20-08-2026,20-08-2026,Market Sale,https://nsearchives.nseindia.com/corporate/ixbrl/IT_539_20260821_185017730_WEB.html
KARURVYSYA,KARUR VYSYA BANK LIMITED,G Rajasekaran,Promoter,2026-08-26,2026-08-27 19:50:48,27-Aug-2026 19:50:48,Equity,Sell,SELL,MARKET_SELL,9103.0,3210116.0,352.64374382071844,1995479,0.21%,1986376,0.21%,26-08-2026,26-08-2026,Market Sale,https://nsearchives.nseindia.com/corporate/ixbrl/IT_539_20260827_195048801_WEB.html
KARURVYSYA,KARUR VYSYA BANK LIMITED,R Nageswari,Promoter Group,2026-08-26,2026-08-27 19:50:48,27-Aug-2026 19:50:48,Equity,Sell,SELL,MARKET_SELL,9103.0,3210116.0,352.64374382071844,1428011,0.15%,1418908,0.15%,26-08-2026,26-08-2026,Market Sale,https://nsearchives.nseindia.com/corporate/ixbrl/IT_539_20260827_195048801_WEB.html
KARURVYSYA,KARUR VYSYA BANK LIMITED,G Mani,Promoter Group,2026-08-26,2026-08-27 19:50:48,27-Aug-2026 19:50:48,Equity,Sell,SELL,MARKET_SELL,9103.0,3210116.0,352.64374382071844,1289652,0.13%,1280549,0.13%,26-08-2026,26-08-2026,Market Sale,https://nsearchives.nseindia.com/corporate/ixbrl/IT_539_20260827_195048801_WEB.html
KARURVYSYA,KARUR VYSYA BANK LIMITED,G Rajasekaran,Promoter,2026-08-27,2026-08-28 20:57:17,28-Aug-2026 20:57:17,Equity,Sell,SELL,MARKET_SELL,1000.0,357642.0,357.642,1986376,0.21%,1985376,0.21%,27-08-2026,27-08-2026,Market Sale,https://nsearchives.nseindia.com/corporate/ixbrl/IT_539_20260828_205716768_WEB.html
KARURVYSYA,KARUR VYSYA BANK LIMITED,R Nageswari,Promoter Group,2026-08-27,2026-08-28 20:57:17,28-Aug-2026 20:57:17,Equity,Sell,SELL,MARKET_SELL,1000.0,357642.0,357.642,1418908,0.15%,1417908,0.15%,27-08-2026,27-08-2026,Market Sale,https://nsearchives.nseindia.com/corporate/ixbrl/IT_539_20260828_205716768_WEB.html
KARURVYSYA,KARUR VYSYA BANK LIMITED,G Mani,Promoter Group,2026-08-27,2026-08-28 20:57:17,28-Aug-2026 20:57:17,Equity,Sell,SELL,MARKET_SELL,1000.0,357642.0,357.642,1280549,0.13%,1279549,0.13%,27-08-2026,27-08-2026,Market Sale,https://nsearchives.nseindia.com/corporate/ixbrl/IT_539_20260828_205716768_WEB.html
KCP,KCP LIMITED,DR. V.L. INDIRA DUTT,Promoter,2026-06-05,2026-06-08 15:50:20,08-Jun-2026 15:50:20,Equity,Buy,BUY,MARKET_BUY,13358.0,2148509.0,160.84061985327145,10239673,7.94%,10253031,7.95%,04-06-2026,05-06-2026,Market Purchase,https://nsearchives.nseindia.com/corporate/ixbrl/IT_20260608_155020715_WEB.html
KCP,KCP LIMITED,DR. V.L. INDIRA DUTT,Promoter,2026-06-05,2026-06-08 16:34:43,08-Jun-2026 16:34:43,Equity,Buy,BUY,MARKET_BUY,13358.0,2148509.0,160.84061985327145,10239673,7.94%,10253031,7.95%,04-06-2026,05-06-2026,Market Purchase,https://nsearchives.nseindia.com/corporate/ixbrl/IT_20260608_163443188_WEB.html
KCP,KCP LIMITED,VRK GRANDSONS INVESTMENT LTD,Promoter Group,2026-06-10,2026-06-11 10:10:01,11-Jun-2026 10:10:01,Equity,Buy,BUY,MARKET_BUY,89505.0,14338397.0,160.1966035417016,4249193,3.30%,4338698,3.36%,04-06-2026,10-06-2026,Market Purchase,https://nsearchives.nseindia.com/corporate/ixbrl/IT_20260611_101001254_WEB.html
KCP,KCP LIMITED,VRK GRANDSONS INVESTMENT LTD,Promoter Group,2026-06-11,2026-06-26 10:33:52,26-Jun-2026 10:33:52,Equity,Buy,BUY,MARKET_BUY,10495.0,1686890.0,160.73272987136733,4389505,3.40%,4400000,3.41%,11-06-2026,11-06-2026,Market Purchase,https://nsearchives.nseindia.com/corporate/ixbrl/IT_176_20260626_103352356_WEB.html
KCP,KCP LIMITED,VRK GRANDSONS INVESTMENT LTD,Promoter Group,2026-06-16,2026-06-17 10:21:43,17-Jun-2026 10:21:43,Equity,Buy,BUY,MARKET_BUY,15807.0,2636492.0,166.79268678433604,4338698,3.36%,4354505,3.38%,11-06-2026,16-06-2026,Market Purchase,https://nsearchives.nseindia.com/corporate/ixbrl/IT_176_20260617_102143627_WEB.html
KCP,KCP LIMITED,VRK GRANDSONS INVESTMENT LTD,Promoter Group,2026-06-18,2026-06-23 09:29:52,23-Jun-2026 09:29:52,Equity,Buy,BUY,MARKET_BUY,35000.0,5779717.0,165.13477142857144,4354505,3.38%,4389505,3.40%,17-06-2026,18-06-2026,Market Purchase,https://nsearchives.nseindia.com/corporate/ixbrl/IT_176_20260623_092952659_WEB.html
KCP,KCP LIMITED,VRK GRANDSONS INVESTMENT LTD,Promoter Group,2026-06-19,2026-06-26 10:33:52,26-Jun-2026 10:33:52,Equity,Buy,BUY,MARKET_BUY,15000.0,2486499.0,165.7666,4400000,3.41%,4415000,3.42%,19-06-2026,19-06-2026,Market Purchase,https://nsearchives.nseindia.com/corporate/ixbrl/IT_176_20260626_103352356_WEB.html
KCP,KCP LIMITED,RAJIV RANGASAMI,Promoter Group,2026-06-23,2026-06-24 16:22:42,24-Jun-2026 16:22:42,Equity,Sell,SELL,MARKET_SELL,20000.0,3500000.0,175.0,50000,0.03%,30000,0.02%,22-06-2026,23-06-2026,Market Sale,https://nsearchives.nseindia.com/corporate/ixbrl/IT_176_20260624_162242818_WEB.html
KCP,KCP LIMITED,RAJIV RANGASAMI,Promoter Group,2026-06-29,2026-06-30 14:23:22,30-Jun-2026 14:23:22,Equity,Sell,SELL,MARKET_SELL,10000.0,1740000.0,174.0,30000,0.02%,20000,0.02%,24-06-2026,29-06-2026,Market Sale,https://nsearchives.nseindia.com/corporate/ixbrl/IT_176_20260630_142322528_WEB.html
KCP,KCP LIMITED,VRK GRANDSONS INVESTMENT LTD,Promoter Group,2026-06-30,2026-08-07 09:55:16,07-Aug-2026 09:55:16,Equity,Buy,BUY,MARKET_BUY,12009.0,1686890.0,140.46881505537513,4415000,3.42%,4427009,3.43%,29-06-2026,30-06-2026,Market Purchase,https://nsearchives.nseindia.com/corporate/ixbrl/IT_176_20260807_095516290_WEB.html
KDDL,KDDL LIMITED,DREAM DIGITAL TECHNOLOGY PRIVATE LIMITED,Promoter Group,2026-06-29,2026-07-02 09:57:17,02-Jul-2026 09:57:17,Equity,Sell,SELL,OTHER,27000.0,85590000.0,3170.0,28925,0.24%,1925,0.02%,29-06-2026,29-06-2026,Inter-se-Transfer,https://nsearchives.nseindia.com/corporate/ixbrl/IT_13614_20260702_095717023_WEB.html
KDDL,KDDL LIMITED,VARDHAN PROPERTIES & INVESTMENT PRIVATE LIMITED,Promoter Group,2026-06-29,2026-07-02 09:57:17,02-Jul-2026 09:57:17,Equity,Buy,BUY,OTHER,27000.0,85590000.0,3170.0,37518,0.31%,64518,0.52%,29-06-2026,29-06-2026,Inter-se-Transfer,https://nsearchives.nseindia.com/corporate/ixbrl/IT_13614_20260702_095717023_WEB.html
KDDL,KDDL LIMITED,PRANAV SHANKAR SABOO,Promoter Group,2026-08-21,2026-08-25 10:36:48,25-Aug-2026 10:36:48,Equity,Sell,SELL,MARKET_SELL,246000.0,898100017.0,3650.813077235772,764511,6.22%,518511,4.22%,21-08-2026,21-08-2026,Market Sale,https://nsearchives.nseindia.com/corporate/ixbrl/IT_13614_20260825_103648588_WEB.html
KMEW,Knowledge Marine & Engineering Works Limited,Kanak Kewalramani,Promoter and Director,2026-06-19,2026-06-21 21:49:34,21-Jun-2026 21:49:34,Equity,Sell,SELL,MARKET_SELL,345620.0,678286162.0,1962.5199988426596,7142470,29.22%,6796850,27.81%,19-06-2026,19-06-2026,Market Sale,https://nsearchives.nseindia.com/corporate/ixbrl/IT_24147_20260621_214934448_WEB.html
KMEW,Knowledge Marine & Engineering Works Limited,Dinesh Kewalramani,Promoter Group,2026-06-19,2026-06-21 21:49:34,21-Jun-2026 21:49:34,Equity,Sell,SELL,MARKET_SELL,167200.0,328046918.0,1962.0030980861245,817800,3.35%,650600,2.66%,19-06-2026,19-06-2026,Market Sale,https://nsearchives.nseindia.com/corporate/ixbrl/IT_24147_20260621_214934448_WEB.html
KMSUGAR,K M Sugar Mills Limited,L K Jhunjhunwala,Promoter and Director,2026-06-04,2026-06-08 19:59:06,08-Jun-2026 19:59:06,Equity,Sell,SELL,OTHER,14302600.0,28605200.0,2.0,14302600,15.55%,0,0.00%,04-06-2026,04-06-2026,Others,https://nsearchives.nseindia.com/corporate/ixbrl/IT_20260608_195906764_WEB.html
KMSUGAR,K M Sugar Mills Limited,Naina Devi Jhunjhunwala,Promoter and Director,2026-06-04,2026-06-08 19:59:06,08-Jun-2026 19:59:06,Equity,Buy,BUY,OTHER,14302600.0,28605200.0,2.0,4180748,4.54%,18483348,20.09%,04-06-2026,04-06-2026,Others,https://nsearchives.nseindia.com/corporate/ixbrl/IT_20260608_195906764_WEB.html
KOTYARK,KOTYARK INDUSTRIES LIMITED,BHAVINIBEN GAURANG SHAH,Promoter Group,2026-06-11,2026-06-16 16:53:00,16-Jun-2026 16:53:00,Equity,Sell,SELL,MARKET_SELL,25000.0,10000000.0,400.0,656343,6.39%,631343,6.14%,11-06-2026,11-06-2026,Market Sale,https://nsearchives.nseindia.com/corporate/ixbrl/IT_19992_20260616_165300143_WEB.html
KOTYARK,KOTYARK INDUSTRIES LIMITED,BHAVINIBEN GAURANG SHAH,Promoter Group,2026-06-15,2026-06-18 17:50:24,18-Jun-2026 17:50:24,Equity,Sell,SELL,MARKET_SELL,26000.0,10738000.0,413.0,631343,6.14%,605343,5.89%,15-06-2026,15-06-2026,Market Sale,https://nsearchives.nseindia.com/corporate/ixbrl/IT_19992_20260618_175024377_WEB.html
KOTYARK,KOTYARK INDUSTRIES LIMITED,BHAVINIBEN GAURANG SHAH,Promoter Group,2026-06-16,2026-06-18 17:50:24,18-Jun-2026 17:50:24,Equity,Sell,SELL,MARKET_SELL,10223.0,4130092.0,404.0,605343,5.89%,595120,5.79%,16-06-2026,16-06-2026,Market Sale,https://nsearchives.nseindia.com/corporate/ixbrl/IT_19992_20260618_175024377_WEB.html
KOTYARK,KOTYARK INDUSTRIES LIMITED,BHAVINIBEN GAURANG SHAH,Promoter Group,2026-06-18,2026-06-23 17:42:29,23-Jun-2026 17:42:29,Equity,Sell,SELL,MARKET_SELL,9500.0,3800000.0,400.0,595120,5.79%,585620,5.70%,18-06-2026,18-06-2026,Market Sale,https://nsearchives.nseindia.com/corporate/ixbrl/IT_19992_20260623_174229386_WEB.html
KOTYARK,KOTYARK INDUSTRIES LIMITED,BHAVINIBEN GAURANG SHAH,Promoter Group,2026-06-19,2026-06-23 17:42:29,23-Jun-2026 17:42:29,Equity,Sell,SELL,MARKET_SELL,23051.0,9091314.0,394.39998264717366,585620,5.70%,562569,5.47%,19-06-2026,19-06-2026,Market Sale,https://nsearchives.nseindia.com/corporate/ixbrl/IT_19992_20260623_174229386_WEB.html
KRISHIVAL,Krishival Foods Limited,APARNA ARUN MORALE,Promoter,2026-08-05,2026-08-08 16:59:50,08-Aug-2026 16:59:50,Equity,Buy,BUY,OTHER,1240361.0,12403610.0,10.0,7690641,34.85%,8931002,34.85%,05-08-2026,05-08-2026,Allotment,https://nsearchives.nseindia.com/corporate/ixbrl/IT_20442_20260808_165950209_WEB.html
KRN,KRN HEAT EXCHANGER AND REFRIGERATION LIMITED,Santosh Kumar Yadav,Promoter and Director,2026-06-09,2026-06-11 11:29:40,11-Jun-2026 11:29:40,Equity,Sell,SELL,OTHER,500000.0,558500062.0,1117.000124,20299950,31.01%,19799950,30.24%,09-06-2026,09-06-2026,Block Deal,https://nsearchives.nseindia.com/corporate/ixbrl/IT_20260611_112940721_WEB.html
KRN,KRN HEAT EXCHANGER AND REFRIGERATION LIMITED,Anju Devi,Promoter and Director,2026-06-09,2026-06-11 11:29:40,11-Jun-2026 11:29:40,Equity,Sell,SELL,OTHER,500000.0,558651815.0,1117.30363,23700000,36.21%,23200000,35.44%,09-06-2026,09-06-2026,Block Deal,https://nsearchives.nseindia.com/corporate/ixbrl/IT_20260611_112940721_WEB.html
LALPATHLAB,DR. LAL PATHLABS LIMITED,(Hony) Brig Dr Arvind Lal,Promoter and Director,2026-08-04,2026-08-06 17:49:08,06-Aug-2026 17:49:08,Equity,Sell,SELL,MARKET_SELL,320000.0,609742252.0,1905.4445375,50530886,30.14%,50210886,29.95%,03-08-2026,04-08-2026,Market Sale,https://nsearchives.nseindia.com/corporate/ixbrl/IT_13310_20260806_174908144_WEB.html
LANDMARK,Landmark Cars Limited,Aryaman Sanjay Thakker,Promoter Group,2026-06-10,2026-06-10 17:18:13,10-Jun-2026 17:18:13,Equity,Buy,BUY,MARKET_BUY,5000.0,2106684.0,421.3368,40040,0.10%,45040,0.11%,10-06-2026,10-06-2026,Market Purchase,https://nsearchives.nseindia.com/corporate/ixbrl/IT_20260610_171813254_WEB.html
LAOPALA,LA OPALA RG LIMITED,GENESIS EXPORTS PRIVATE LIMITED,Promoter,2026-06-04,2026-06-05 17:08:26,05-Jun-2026 17:08:26,Equity,Buy,BUY,MARKET_BUY,45000.0,7882532.0,175.16737777777777,52160000,46.99%,52205000,47.03%,03-06-2026,04-06-2026,Market Purchase,https://nsearchives.nseindia.com/corporate/ixbrl/IT_20260605_170826638_WEB.html
LAOPALA,LA OPALA RG LIMITED,GENESIS EXPORTS PRIVATE LIMITED,Promoter,2026-06-08,2026-06-09 17:22:04,09-Jun-2026 17:22:04,Equity,Buy,BUY,MARKET_BUY,45000.0,7874393.0,174.9865111111111,52205000,47.03%,52250000,47.07%,05-06-2026,08-06-2026,Market Purchase,https://nsearchives.nseindia.com/corporate/ixbrl/IT_20260609_172204552_WEB.html
LEAPIND,LEAP India Limited,KIA EBT Scheme 3 (through Catalyst Trusteeship limited),Promoter Group,2026-08-12,2026-08-17 15:57:40,17-Aug-2026 15:57:40,Equity,Sell,SELL,OTHER,86603.0,13769877.0,159.0,209332,0.05%,122729,0.03%,12-08-2026,12-08-2026,Others,https://nsearchives.nseindia.com/corporate/ixbrl/IT_26828_20260817_155740568_WEB.html
LEAPIND,LEAP India Limited,Vertical Holdings II Pte. Ltd,Promoter,2026-08-12,2026-08-17 15:57:40,17-Aug-2026 15:57:40,Equity,Sell,SELL,OTHER,125699559.0,19986229881.0,159.0,280386936,68.06%,154687377,34.98%,12-08-2026,12-08-2026,Others,https://nsearchives.nseindia.com/corporate/ixbrl/IT_26828_20260817_155740568_WEB.html
LIBAS,Libas Consumer Products Limited,Riyaz Ganji,Promoter and Director,2026-08-21,2026-08-24 17:56:31,24-Aug-2026 17:56:31,Equity,Buy,BUY,MARKET_BUY,36204.0,362755.0,10.019749198983538,4402562,16.71%,4438766,16.85%,21-08-2026,21-08-2026,Market Purchase,https://nsearchives.nseindia.com/corporate/ixbrl/IT_14456_20260824_175631786_WEB.html
LIBAS,Libas Consumer Products Limited,Riyaz Ganji,Promoter and Director,2026-08-24,2026-08-26 16:58:55,26-Aug-2026 16:58:55,Equity,Buy,BUY,MARKET_BUY,15500.0,156510.0,10.09741935483871,4438766,16.85%,4454266,16.91%,24-08-2026,24-08-2026,Market Purchase,https://nsearchives.nseindia.com/corporate/ixbrl/IT_14456_20260826_165855257_WEB.html
LIBAS,Libas Consumer Products Limited,Riyaz Ganji,Promoter and Director,2026-08-27,2026-08-31 17:30:20,31-Aug-2026 17:30:20,Equity,Buy,BUY,MARKET_BUY,79566.0,874081.0,10.985609431164065,4454266,16.91%,4533832,17.21%,26-08-2026,27-08-2026,Market Purchase,https://nsearchives.nseindia.com/corporate/ixbrl/IT_14456_20260831_173020315_WEB.html
LIBAS,Libas Consumer Products Limited,Riyaz Ganji,Promoter and Director,2026-08-31,2026-09-01 11:32:20,01-Sep-2026 11:32:20,Equity,Buy,BUY,MARKET_BUY,58722.0,644635.0,10.977742583699465,4533832,17.21%,4592554,17.43%,31-08-2026,31-08-2026,Market Purchase,https://nsearchives.nseindia.com/corporate/ixbrl/IT_14456_20260901_113220489_WEB.html
LIBAS,Libas Consumer Products Limited,Riyaz Ganji,Promoter and Director,2026-09-02,2026-09-04 15:50:33,04-Sep-2026 15:50:33,Equity,Buy,BUY,MARKET_BUY,3550.0,38019.0,10.709577464788733,4592554,17.43%,4596104,17.45%,01-09-2026,02-09-2026,Market Purchase,https://nsearchives.nseindia.com/corporate/ixbrl/IT_14456_20260904_155033703_WEB.html
LIBAS,Libas Consumer Products Limited,Nishant Mahimtura,Promoter and Director,2026-09-02,2026-09-04 15:52:17,04-Sep-2026 15:52:17,Equity,Buy,BUY,MARKET_BUY,2000.0,20820.0,10.41,0,0.00%,2000,0.01%,02-09-2026,02-09-2026,Market Purchase,https://nsearchives.nseindia.com/corporate/ixbrl/IT_14456_20260904_155217344_WEB.html
LIBERTSHOE,LIBERTY SHOES LIMITED,ARPAN GUPTA KARTA DINESH KUMAR GUPTA HUF,Promoter Group,2026-06-25,2026-06-30 20:21:16,30-Jun-2026 20:21:16,Equity,Sell,SELL,MARKET_SELL,10000.0,2774200.0,277.42,324594,1.90%,314594,1.85%,25-06-2026,25-06-2026,Market Sale,https://nsearchives.nseindia.com/corporate/ixbrl/IT_681_20260630_202116532_WEB.html
LIBERTSHOE,LIBERTY SHOES LIMITED,ARPAN GUPTA KARTA DINESH KUMAR GUPTA HUF,Promoter Group,2026-06-25,2026-06-30 20:39:40,30-Jun-2026 20:39:40,Equity,Sell,SELL,MARKET_SELL,10000.0,2774200.0,277.42,324594,1.90%,314594,1.85%,25-06-2026,25-06-2026,Market Sale,https://nsearchives.nseindia.com/corporate/ixbrl/IT_681_20260630_203940949_WEB.html
LIBERTSHOE,LIBERTY SHOES LIMITED,Anupam Bansal,Promoter,2026-06-30,2026-06-30 20:21:46,30-Jun-2026 20:21:46,Equity,Buy,BUY,MARKET_BUY,40000.0,10751357.0,268.783925,555605,3.26%,595605,1.85%,29-06-2026,30-06-2026,Market Purchase,https://nsearchives.nseindia.com/corporate/ixbrl/IT_681_20260630_202146588_WEB.html
LIBERTSHOE,LIBERTY SHOES LIMITED,Shammi Bansal,Promoter,2026-06-30,2026-06-30 20:21:46,30-Jun-2026 20:21:46,Equity,Buy,BUY,MARKET_BUY,25000.0,6794088.0,271.76352,272360,1.60%,297360,3.49%,29-06-2026,30-06-2026,Market Purchase,https://nsearchives.nseindia.com/corporate/ixbrl/IT_681_20260630_202146588_WEB.html
LIBERTSHOE,LIBERTY SHOES LIMITED,Anupam Bansal,Promoter,2026-08-17,2026-08-20 19:12:40,20-Aug-2026 19:12:40,Equity,Buy,BUY,MARKET_BUY,50100.0,12230412.0,244.12,595605,3.50%,645705,3.79%,17-08-2026,17-08-2026,Market Purchase,https://nsearchives.nseindia.com/corporate/ixbrl/IT_681_20260820_191240366_WEB.html
LIBERTSHOE,LIBERTY SHOES LIMITED,Anupam Bansal,Promoter,2026-08-17,2026-08-20 19:12:40,20-Aug-2026 19:12:40,Equity,Buy,BUY,MARKET_BUY,233.0,55920.0,240.0,645705,3.79%,645938,3.79%,17-08-2026,17-08-2026,Market Purchase,https://nsearchives.nseindia.com/corporate/ixbrl/IT_681_20260820_191240366_WEB.html
LIBERTSHOE,LIBERTY SHOES LIMITED,Anupam Bansal,Promoter,2026-08-18,2026-08-20 19:12:40,20-Aug-2026 19:12:40,Equity,Buy,BUY,MARKET_BUY,15004.0,3672797.0,244.7878565715809,645938,3.79%,660942,3.88%,18-08-2026,18-08-2026,Market Purchase,https://nsearchives.nseindia.com/corporate/ixbrl/IT_681_20260820_191240366_WEB.html
LIBERTSHOE,LIBERTY SHOES LIMITED,Anupam Bansal,Promoter,2026-08-18,2026-08-20 19:12:40,20-Aug-2026 19:12:40,Equity,Buy,BUY,MARKET_BUY,115.0,28164.0,244.90434782608696,660942,3.88%,661057,3.89%,18-08-2026,18-08-2026,Market Purchase,https://nsearchives.nseindia.com/corporate/ixbrl/IT_681_20260820_191240366_WEB.html
LIBERTSHOE,LIBERTY SHOES LIMITED,Anupam Bansal,Promoter,2026-08-19,2026-08-20 19:12:40,20-Aug-2026 19:12:40,Equity,Buy,BUY,MARKET_BUY,4548.0,1109712.0,244.0,661057,3.89%,665605,3.91%,19-08-2026,19-08-2026,Market Purchase,https://nsearchives.nseindia.com/corporate/ixbrl/IT_681_20260820_191240366_WEB.html
LICI,Life Insurance Corporation of India,President of India acting through and represented by Minstry of Finance,Promoter,2026-08-05,2026-08-10 17:20:58,10-Aug-2026 17:20:58,Equity,Sell,SELL,MARKET_SELL,822333558.0,315523400000.0,383.6927204666017,12207245562,96.50%,11384912004,90.00%,04-08-2026,05-08-2026,Market Sale,https://nsearchives.nseindia.com/corporate/ixbrl/IT_20463_20260810_172058524_WEB.html
LINC,LINC LIMITED,DEVANSHI JALAN,Promoter Group,2026-06-04,2026-06-05 15:20:54,05-Jun-2026 15:20:54,Equity,Sell,SELL,MARKET_SELL,65000.0,6485001.0,99.76924615384615,1626928,2.73%,1561928,2.63%,04-06-2026,04-06-2026,Market Sale,https://nsearchives.nseindia.com/corporate/ixbrl/IT_20260605_152054606_WEB.html
LINC,LINC LIMITED,DEEPAK JALAN,Promoter,2026-06-04,2026-06-05 15:20:54,05-Jun-2026 15:20:54,Equity,Buy,BUY,MARKET_BUY,65000.0,6484995.0,99.76915384615384,1754208,2.95%,1819208,3.06%,04-06-2026,04-06-2026,Market Purchase,https://nsearchives.nseindia.com/corporate/ixbrl/IT_20260605_152054606_WEB.html
LINC,LINC LIMITED,BIMLA DEVI JALAN TRUST,Promoter Group,2026-06-09,2026-06-10 17:27:44,10-Jun-2026 17:27:44,Equity,Sell,SELL,OTHER,2249924.0,0.0,0.0,2249924,3.78%,0,0.00%,09-06-2026,09-06-2026,Off Market,https://nsearchives.nseindia.com/corporate/ixbrl/IT_20260610_172744487_WEB.html
LINC,LINC LIMITED,DEEPAK JALAN,Promoter,2026-06-09,2026-06-10 17:27:44,10-Jun-2026 17:27:44,Equity,Buy,BUY,OTHER,1124962.0,0.0,0.0,1819208,3.06%,2944170,4.95%,09-06-2026,09-06-2026,Off Market,https://nsearchives.nseindia.com/corporate/ixbrl/IT_20260610_172744487_WEB.html
LINC,LINC LIMITED,ALOKE JALAN,Promoter,2026-06-09,2026-06-10 17:27:44,10-Jun-2026 17:27:44,Equity,Buy,BUY,OTHER,1124962.0,0.0,0.0,2419684,4.07%,3544646,5.96%,09-06-2026,09-06-2026,Off Market,https://nsearchives.nseindia.com/corporate/ixbrl/IT_20260610_172744487_WEB.html
LINC,LINC LIMITED,BIMLA DEVI JALAN,Promoter Group,2026-06-16,2026-06-18 15:53:35,18-Jun-2026 15:53:35,Equity,Sell,SELL,OTHER,100000.0,0.0,0.0,1000000,1.68%,900000,1.51%,16-06-2026,16-06-2026,Off Market,https://nsearchives.nseindia.com/corporate/ixbrl/IT_11602_20260618_155335065_WEB.html
LINC,LINC LIMITED,JYOTI MAHESH GOENKA,Promoter Group,2026-06-16,2026-06-18 15:53:35,18-Jun-2026 15:53:35,Equity,Buy,BUY,OTHER,100000.0,0.0,0.0,100000,0.17%,200000,0.34%,16-06-2026,16-06-2026,Off Market,https://nsearchives.nseindia.com/corporate/ixbrl/IT_11602_20260618_155335065_WEB.html
LINC,LINC LIMITED,BIMLA DEVI JALAN,Promoter Group,2026-06-24,2026-06-25 18:49:44,25-Jun-2026 18:49:44,Equity,Sell,SELL,OTHER,800000.0,0.0,0.0,900000,1.51%,100000,0.17%,24-06-2026,24-06-2026,Off Market,https://nsearchives.nseindia.com/corporate/ixbrl/IT_11602_20260625_184944505_WEB.html
LINC,LINC LIMITED,AAKASH ALOKE JALAN,Promoter Group,2026-06-24,2026-06-25 18:49:44,25-Jun-2026 18:49:44,Equity,Buy,BUY,OTHER,100000.0,0.0,0.0,2629200,4.42%,2729200,4.59%,24-06-2026,24-06-2026,Off Market,https://nsearchives.nseindia.com/corporate/ixbrl/IT_11602_20260625_184944505_WEB.html
LINC,LINC LIMITED,UTKARSH ALOKE JALAN,Promoter Group,2026-06-24,2026-06-25 18:49:44,25-Jun-2026 18:49:44,Equity,Buy,BUY,OTHER,100000.0,0.0,0.0,2583600,4.34%,2683600,4.51%,24-06-2026,24-06-2026,Off Market,https://nsearchives.nseindia.com/corporate/ixbrl/IT_11602_20260625_184944505_WEB.html
LINC,LINC LIMITED,EKTA JALAN,Promoter Group,2026-06-24,2026-06-25 18:49:44,25-Jun-2026 18:49:44,Equity,Buy,BUY,OTHER,100000.0,0.0,0.0,1959356,3.29%,2059356,3.46%,24-06-2026,24-06-2026,Off Market,https://nsearchives.nseindia.com/corporate/ixbrl/IT_11602_20260625_184944505_WEB.html
LINC,LINC LIMITED,ROHIT DEEPAK JALAN,Promoter Group,2026-06-24,2026-06-25 18:49:44,25-Jun-2026 18:49:44,Equity,Buy,BUY,OTHER,100000.0,0.0,0.0,2053512,3.45%,2153512,3.62%,24-06-2026,24-06-2026,Off Market,https://nsearchives.nseindia.com/corporate/ixbrl/IT_11602_20260625_184944505_WEB.html
LINC,LINC LIMITED,DEVANSHI JALAN,Promoter Group,2026-06-24,2026-06-25 18:49:44,25-Jun-2026 18:49:44,Equity,Buy,BUY,OTHER,100000.0,0.0,0.0,1561928,2.63%,1661928,2.79%,24-06-2026,24-06-2026,Off Market,https://nsearchives.nseindia.com/corporate/ixbrl/IT_11602_20260625_184944505_WEB.html
LINC,LINC LIMITED,DIVYA JALAN,Promoter Group,2026-06-24,2026-06-25 18:49:44,25-Jun-2026 18:49:44,Equity,Buy,BUY,OTHER,100000.0,0.0,0.0,556000,0.93%,656000,1.10%,24-06-2026,24-06-2026,Off Market,https://nsearchives.nseindia.com/corporate/ixbrl/IT_11602_20260625_184944505_WEB.html
LINC,LINC LIMITED,RAGHAV JALAN,Promoter Group,2026-06-24,2026-06-25 18:49:44,25-Jun-2026 18:49:44,Equity,Buy,BUY,OTHER,100000.0,0.0,0.0,0,0.00%,100000,0.17%,24-06-2026,24-06-2026,Off Market,https://nsearchives.nseindia.com/corporate/ixbrl/IT_11602_20260625_184944505_WEB.html
LINC,LINC LIMITED,RADHIKA JALAN,Promoter Group,2026-06-24,2026-06-25 18:49:44,25-Jun-2026 18:49:44,Equity,Buy,BUY,OTHER,100000.0,0.0,0.0,0,0.00%,100000,0.17%,24-06-2026,24-06-2026,Off Market,https://nsearchives.nseindia.com/corporate/ixbrl/IT_11602_20260625_184944505_WEB.html
LINC,LINC LIMITED,BIMLA DEVI JALAN,Promoter Group,2026-06-29,2026-07-01 11:11:13,01-Jul-2026 11:11:13,Equity,Sell,SELL,OTHER,100000.0,0.0,0.0,100000,0.17%,0,0.00%,29-06-2026,29-06-2026,Off Market,https://nsearchives.nseindia.com/corporate/ixbrl/IT_11602_20260701_111112957_WEB.html
LINC,LINC LIMITED,NIYATI SHARMA,Promoter Group,2026-06-29,2026-07-01 11:11:13,01-Jul-2026 11:11:13,Equity,Buy,BUY,OTHER,100000.0,0.0,0.0,0,0.00%,100000,0.17%,29-06-2026,29-06-2026,Off Market,https://nsearchives.nseindia.com/corporate/ixbrl/IT_11602_20260701_111112957_WEB.html
LYKALABS,Lyka Labs Limited,Alisha Gandhi,Promoter Group,2026-06-24,2026-06-26 17:21:16,26-Jun-2026 17:21:16,Equity,Buy,BUY,MARKET_BUY,5000.0,339569.0,67.9138,45000,0.13%,50000,0.14%,24-06-2026,24-06-2026,Market Purchase,https://nsearchives.nseindia.com/corporate/ixbrl/IT_1127_20260626_172116631_WEB.html
LYKALABS,Lyka Labs Limited,Enai Trading and Investment Pvt.,Promoter Group,2026-06-24,2026-06-26 17:21:16,26-Jun-2026 17:21:16,Equity,Buy,BUY,MARKET_BUY,11312.0,805323.0,71.19192008486563,1000000,2.80%,1011312,2.83%,24-06-2026,24-06-2026,Market Purchase,https://nsearchives.nseindia.com/corporate/ixbrl/IT_1127_20260626_172116631_WEB.html
LYKALABS,Lyka Labs Limited,Alisha Gandhi,Promoter Group,2026-06-24,2026-06-26 17:23:42,26-Jun-2026 17:23:42,Equity,Buy,BUY,MARKET_BUY,5000.0,339569.0,67.9138,45000,0.13%,50000,0.14%,24-06-2026,24-06-2026,Market Purchase,https://nsearchives.nseindia.com/corporate/ixbrl/IT_1127_20260626_172342073_WEB.html
LYKALABS,Lyka Labs Limited,Enai Trading and Investment Pvt.,Promoter Group,2026-06-24,2026-06-26 17:23:42,26-Jun-2026 17:23:42,Equity,Buy,BUY,MARKET_BUY,11312.0,805323.0,71.19192008486563,1000000,2.80%,1011312,2.83%,24-06-2026,24-06-2026,Market Purchase,https://nsearchives.nseindia.com/corporate/ixbrl/IT_1127_20260626_172342073_WEB.html
LYKALABS,Lyka Labs Limited,Alisha Gandhi,Promoter Group,2026-06-24,2026-06-26 17:36:30,26-Jun-2026 17:36:30,Equity,Buy,BUY,MARKET_BUY,5000.0,339569.0,67.9138,45000,0.13%,50000,0.14%,24-06-2026,24-06-2026,Market Purchase,https://nsearchives.nseindia.com/corporate/ixbrl/IT_1127_20260626_173630829_WEB.html
LYKALABS,Lyka Labs Limited,Enai Trading and Investment Pvt.,Promoter Group,2026-06-24,2026-06-26 17:36:30,26-Jun-2026 17:36:30,Equity,Buy,BUY,MARKET_BUY,11312.0,805323.0,71.19192008486563,1000000,2.80%,1011312,2.83%,24-06-2026,24-06-2026,Market Purchase,https://nsearchives.nseindia.com/corporate/ixbrl/IT_1127_20260626_173630829_WEB.html
LYKALABS,Lyka Labs Limited,Kunal Gandhi,Promoter,2026-06-25,2026-06-26 17:21:16,26-Jun-2026 17:21:16,Equity,Buy,BUY,MARKET_BUY,6533.0,460482.0,70.4855349762743,3493629,9.79%,3500162,9.81%,25-06-2026,25-06-2026,Market Purchase,https://nsearchives.nseindia.com/corporate/ixbrl/IT_1127_20260626_172116631_WEB.html
LYKALABS,Lyka Labs Limited,Nehal Gandhi,Promoter,2026-06-25,2026-06-26 17:21:16,26-Jun-2026 17:21:16,Equity,Buy,BUY,MARKET_BUY,33122.0,2341493.0,70.6929835154882,1162371,3.26%,1195493,3.35%,24-06-2026,25-06-2026,Market Purchase,https://nsearchives.nseindia.com/corporate/ixbrl/IT_1127_20260626_172116631_WEB.html
LYKALABS,Lyka Labs Limited,Kunal Gandhi,Promoter,2026-06-25,2026-06-26 17:23:42,26-Jun-2026 17:23:42,Equity,Buy,BUY,MARKET_BUY,6533.0,460482.0,70.4855349762743,3493629,9.79%,3500162,9.81%,25-06-2026,25-06-2026,Market Purchase,https://nsearchives.nseindia.com/corporate/ixbrl/IT_1127_20260626_172342073_WEB.html
LYKALABS,Lyka Labs Limited,Nehal Gandhi,Promoter,2026-06-25,2026-06-26 17:23:42,26-Jun-2026 17:23:42,Equity,Buy,BUY,MARKET_BUY,33122.0,2341493.0,70.6929835154882,1162371,3.26%,1195493,3.35%,24-06-2026,25-06-2026,Market Purchase,https://nsearchives.nseindia.com/corporate/ixbrl/IT_1127_20260626_172342073_WEB.html
LYKALABS,Lyka Labs Limited,Kunal Gandhi,Promoter,2026-06-25,2026-06-26 17:36:30,26-Jun-2026 17:36:30,Equity,Buy,BUY,MARKET_BUY,6533.0,460482.0,70.4855349762743,3493629,9.79%,3500162,9.81%,25-06-2026,25-06-2026,Market Purchase,https://nsearchives.nseindia.com/corporate/ixbrl/IT_1127_20260626_173630829_WEB.html
LYKALABS,Lyka Labs Limited,Nehal Gandhi,Promoter,2026-06-25,2026-06-26 17:36:30,26-Jun-2026 17:36:30,Equity,Buy,BUY,MARKET_BUY,33122.0,2341493.0,70.6929835154882,1162371,3.26%,1195493,3.35%,24-06-2026,25-06-2026,Market Purchase,https://nsearchives.nseindia.com/corporate/ixbrl/IT_1127_20260626_173630829_WEB.html
LYKALABS,Lyka Labs Limited,Kunal N Gandhi,Promoter,2026-06-29,2026-06-30 12:07:10,30-Jun-2026 12:07:10,Equity,Buy,BUY,MARKET_BUY,12914.0,936398.0,72.51029890041815,3500162,9.81%,3513076,9.84%,29-06-2026,29-06-2026,Market Purchase,https://nsearchives.nseindia.com/corporate/ixbrl/IT_1127_20260630_120710182_WEB.html
LYKALABS,Lyka Labs Limited,Kunal N Gandhi,Promoter,2026-06-29,2026-06-30 12:07:10,30-Jun-2026 12:07:10,Equity,Buy,BUY,MARKET_BUY,1262.0,92015.0,72.91204437400951,3513076,9.84%,3514338,9.85%,29-06-2026,29-06-2026,Market Purchase,https://nsearchives.nseindia.com/corporate/ixbrl/IT_1127_20260630_120710182_WEB.html
LYKALABS,Lyka Labs Limited,Kunal N Gandhi,Promoter,2026-06-29,2026-06-30 13:07:29,30-Jun-2026 13:07:29,Equity,Buy,BUY,MARKET_BUY,12914.0,936398.0,72.51029890041815,3500162,9.81%,3513076,9.84%,29-06-2026,29-06-2026,Market Purchase,https://nsearchives.nseindia.com/corporate/ixbrl/IT_1127_20260630_130729816_WEB.html
LYKALABS,Lyka Labs Limited,Kunal N Gandhi,Promoter,2026-06-29,2026-06-30 13:07:29,30-Jun-2026 13:07:29,Equity,Buy,BUY,MARKET_BUY,1262.0,92015.0,72.91204437400951,3513076,9.84%,3514338,9.85%,29-06-2026,29-06-2026,Market Purchase,https://nsearchives.nseindia.com/corporate/ixbrl/IT_1127_20260630_130729816_WEB.html
MACPOWER,MACPOWER CNC MACHINES LIMITED,RIYABEN RUPESHKUMAR MEHTA,Promoter Group,2026-08-14,2026-08-17 16:25:06,17-Aug-2026 16:25:06,Equity,Sell,SELL,OTHER,475000.0,0.0,0.0,1814982,18.14%,1339982,13.39%,14-08-2026,14-08-2026,Gift,https://nsearchives.nseindia.com/corporate/ixbrl/IT_15961_20260817_162506723_WEB.html
MACPOWER,MACPOWER CNC MACHINES LIMITED,MEHTA REYAN RUPESHBHAI,Promoter Group,2026-08-14,2026-08-17 16:25:06,17-Aug-2026 16:25:06,Equity,Buy,BUY,OTHER,475000.0,0.0,0.0,0,0.00%,475000,4.75%,14-08-2026,14-08-2026,Gift,https://nsearchives.nseindia.com/corporate/ixbrl/IT_15961_20260817_162506723_WEB.html
MAGNUM,MAGNUM VENTURES LIMITED,Parv Jain,Promoter Group,2026-06-08,2026-06-10 18:14:54,10-Jun-2026 18:14:54,Equity,Pledge,OTHER,OTHER,8324255.0,83242550.0,10.0,12761755,18.65%,12761755,18.65%,08-06-2026,08-06-2026,Others,https://nsearchives.nseindia.com/corporate/ixbrl/IT_20260610_181454064_WEB.html
MAGNUM,MAGNUM VENTURES LIMITED,Parv Jain,Promoter Group,2026-06-08,2026-06-10 18:25:14,10-Jun-2026 18:25:14,Equity,Pledge,OTHER,OTHER,8324255.0,83242550.0,10.0,12761755,18.65%,12761755,18.65%,08-06-2026,08-06-2026,Others,https://nsearchives.nseindia.com/corporate/ixbrl/IT_20260610_182514592_WEB.html
MAGNUM,MAGNUM VENTURES LIMITED,Veena Jain,Promoter Group,2026-06-25,2026-06-25 15:23:48,25-Jun-2026 15:23:48,Equity,Buy,BUY,OTHER,5067750.0,50677500.0,10.0,385000,0.56%,5452750,7.97%,25-06-2026,25-06-2026,Others,https://nsearchives.nseindia.com/corporate/ixbrl/IT_2655_20260625_152348866_WEB.html
MAGNUM,MAGNUM VENTURES LIMITED,Veena Jain,Promoter Group,2026-06-25,2026-06-25 17:47:10,25-Jun-2026 17:47:10,Equity,Buy,BUY,OTHER,5067750.0,50677500.0,10.0,385000,0.56%,5452750,7.97%,25-06-2026,25-06-2026,Others,https://nsearchives.nseindia.com/corporate/ixbrl/IT_2655_20260625_174710891_WEB.html
MAHSEAMLES,Maharashtra Seamless Limited,Odd & Even Trades & Finance Limited,Promoter Group,2026-06-30,2026-07-01 10:46:47,01-Jul-2026 10:46:47,Equity,Buy,BUY,MARKET_BUY,1659700.0,1026988804.0,618.7797818882931,24388633,18.20%,26048333,19.44%,29-06-2026,30-06-2026,Market Purchase,https://nsearchives.nseindia.com/corporate/ixbrl/IT_263_20260701_104647046_WEB.html
MAHSEAMLES,Maharashtra Seamless Limited,Saket Jindal,Promoter,2026-06-30,2026-07-01 10:46:47,01-Jul-2026 10:46:47,Equity,Sell,SELL,MARKET_SELL,1629700.0,1007459825.0,618.1872890716082,3940194,2.94%,2310494,1.72%,29-06-2026,30-06-2026,Market Sale,https://nsearchives.nseindia.com/corporate/ixbrl/IT_263_20260701_104647046_WEB.html
MANAKCOAT,MANAKSIA COATED METALS AND INDUSTRIES LIMITED,SUSHIL KUMAR AGRAWAL,Promoter Group,2026-06-23,2026-06-26 14:44:42,26-Jun-2026 14:44:42,Equity,Buy,BUY,OTHER,2020827.0,2.0,9.896938233703331e-07,32088205,30.32%,34109032,32.23%,23-06-2026,23-06-2026,Gift,https://nsearchives.nseindia.com/corporate/ixbrl/IT_11754_20260626_144442477_WEB.html
MANAKCOAT,MANAKSIA COATED METALS AND INDUSTRIES LIMITED,SUMITRA DEVI AGARWALLA,Promoter Group,2026-06-23,2026-06-26 14:44:42,26-Jun-2026 14:44:42,Equity,Sell,SELL,OTHER,2020827.0,2.0,9.896938233703331e-07,2020827,1.91%,0,0.00%,23-06-2026,23-06-2026,Gift,https://nsearchives.nseindia.com/corporate/ixbrl/IT_11754_20260626_144442477_WEB.html
MANAKCOAT,MANAKSIA COATED METALS AND INDUSTRIES LIMITED,KARAN AGRAWAL,Promoter Group,2026-06-30,2026-07-01 17:09:17,01-Jul-2026 17:09:17,Equity,Buy,BUY,OTHER,400000.0,0.0,0.0,6597185,6.23%,6997185,6.56%,30-06-2026,30-06-2026,Allotment,https://nsearchives.nseindia.com/corporate/ixbrl/IT_11754_20260701_170917078_WEB.html
MANAKCOAT,MANAKSIA COATED METALS AND INDUSTRIES LIMITED,TUSHAR AGRAWAL,Promoter Group,2026-06-30,2026-07-01 17:09:17,01-Jul-2026 17:09:17,Equity,Buy,BUY,OTHER,400000.0,0.0,0.0,5972190,5.64%,6372190,5.98%,30-06-2026,30-06-2026,Allotment,https://nsearchives.nseindia.com/corporate/ixbrl/IT_11754_20260701_170917078_WEB.html
MANINFRA,MAN INFRACONSTRUCTION LIMITED,Parag K. Shah,Promoter and Director,2026-06-25,2026-06-29 09:18:47,29-Jun-2026 09:18:47,Equity,Buy,BUY,MARKET_BUY,250000.0,26297500.0,105.19,119746405,29.66%,119996405,29.72%,25-06-2026,25-06-2026,Market Purchase,https://nsearchives.nseindia.com/corporate/ixbrl/IT_3094_20260629_091847271_WEB.html
MANINFRA,MAN INFRACONSTRUCTION LIMITED,Parag K. Shah,Promoter and Director,2026-06-25,2026-06-29 09:19:14,29-Jun-2026 09:19:14,Equity,Buy,BUY,MARKET_BUY,250000.0,26297500.0,105.19,119746405,29.66%,119996405,29.72%,25-06-2026,25-06-2026,Market Purchase,https://nsearchives.nseindia.com/corporate/ixbrl/IT_3094_20260629_091914135_WEB.html
MANINFRA,MAN INFRACONSTRUCTION LIMITED,Parag K. Shah,Promoter and Director,2026-06-25,2026-06-29 10:03:32,29-Jun-2026 10:03:32,Equity,Buy,BUY,MARKET_BUY,250000.0,26297500.0,105.19,119746405,29.66%,119996405,29.72%,25-06-2026,25-06-2026,Market Purchase,https://nsearchives.nseindia.com/corporate/ixbrl/IT_3094_20260629_100332585_WEB.html
MASTERTR,MASTER TRUST LIMITED,HARJEET SINGH ARORA,Promoter and Director,2026-06-29,2026-06-30 18:06:59,30-Jun-2026 18:06:59,Equity,Pledge Revoke,OTHER,OTHER,7500000.0,566400000.0,75.52,15868480,12.90%,15868480,12.90%,29-06-2026,29-06-2026,Pledge Release,https://nsearchives.nseindia.com/corporate/ixbrl/IT_22191_20260630_180659445_WEB.html
MASTERTR,MASTER TRUST LIMITED,RAJINDER KUMAR SINGHANIA,Promoter and Director,2026-06-29,2026-06-30 18:06:59,30-Jun-2026 18:06:59,Equity,Pledge Revoke,OTHER,OTHER,7500000.0,566400000.0,75.52,28728570,23.35%,28728570,23.35%,29-06-2026,29-06-2026,Pledge Release,https://nsearchives.nseindia.com/corporate/ixbrl/IT_22191_20260630_180659445_WEB.html
MASTERTR,MASTER TRUST LIMITED,HARJEET SINGH ARORA,Promoter and Director,2026-06-30,2026-06-30 18:09:18,30-Jun-2026 18:09:18,Equity,Pledge,OTHER,OTHER,7500000.0,564300000.0,75.24,15868480,12.90%,15868480,12.90%,30-06-2026,30-06-2026,Pledge Creation,https://nsearchives.nseindia.com/corporate/ixbrl/IT_22191_20260630_180918618_WEB.html
MASTERTR,MASTER TRUST LIMITED,RAJINDER KUMAR SINGHANIA,Promoter and Director,2026-06-30,2026-06-30 18:09:18,30-Jun-2026 18:09:18,Equity,Pledge,OTHER,OTHER,7500000.0,564300000.0,75.24,28728570,23.35%,28728570,23.35%,30-06-2026,30-06-2026,Pledge Creation,https://nsearchives.nseindia.com/corporate/ixbrl/IT_22191_20260630_180918618_WEB.html
MASTERTR,MASTER TRUST LIMITED,HARJEET SINGH ARORA,Promoter and Director,2026-08-10,2026-08-12 11:42:16,12-Aug-2026 11:42:16,Equity,Pledge Revoke,OTHER,OTHER,7500000.0,604575000.0,80.61,15868480,12.90%,15868480,12.90%,10-08-2026,10-08-2026,Pledge Release,https://nsearchives.nseindia.com/corporate/ixbrl/IT_22191_20260812_114216374_WEB.html
MASTERTR,MASTER TRUST LIMITED,RAJINDER KUMAR SINGHANIA,Promoter and Director,2026-08-10,2026-08-12 11:42:16,12-Aug-2026 11:42:16,Equity,Pledge Revoke,OTHER,OTHER,7500000.0,604575000.0,80.61,28728570,23.35%,28728570,23.35%,10-08-2026,10-08-2026,Pledge Release,https://nsearchives.nseindia.com/corporate/ixbrl/IT_22191_20260812_114216374_WEB.html
MAZDA,MAZDA LIMITED,SHANAYA MODY KHATUA,Promoter and Director,2026-06-18,2026-06-20 12:48:58,20-Jun-2026 12:48:58,Equity,Buy,BUY,MARKET_BUY,7000.0,1686886.0,240.98371428571429,6312571,31.52%,6319571,31.56%,18-06-2026,18-06-2026,Market Purchase,https://nsearchives.nseindia.com/corporate/ixbrl/IT_14337_20260620_124857992_WEB.html
MAZDA,MAZDA LIMITED,SHANAYA MODY KHATUA,Promoter and Director,2026-06-18,2026-06-20 12:49:54,20-Jun-2026 12:49:54,Equity,Buy,BUY,MARKET_BUY,7000.0,1686886.0,240.98371428571429,6312571,31.52%,6319571,31.56%,18-06-2026,18-06-2026,Market Purchase,https://nsearchives.nseindia.com/corporate/ixbrl/IT_14337_20260620_124954237_WEB.html
MAZDA,MAZDA LIMITED,SHANAYA MODY KHATUA,Promoter and Director,2026-06-18,2026-06-20 12:54:51,20-Jun-2026 12:54:51,Equity,Buy,BUY,MARKET_BUY,7000.0,1686886.0,240.98371428571429,6312571,31.52%,6319571,31.56%,18-06-2026,18-06-2026,Market Purchase,https://nsearchives.nseindia.com/corporate/ixbrl/IT_14337_20260620_125451119_WEB.html
MAZDA,MAZDA LIMITED,SHANAYA MODY KHATUA,Promoter and Director,2026-06-18,2026-06-20 14:48:29,20-Jun-2026 14:48:29,Equity,Buy,BUY,MARKET_BUY,7000.0,1686886.0,240.98371428571429,6312571,31.52%,6319571,31.56%,18-06-2026,18-06-2026,Market Purchase,https://nsearchives.nseindia.com/corporate/ixbrl/IT_14337_20260620_144829220_WEB.html
MBEL,M & B Engineering Limited,Chirag Hasmukhbhai Patel,Promoter and Director,2026-06-11,2026-06-12 08:57:04,12-Jun-2026 08:57:04,Equity,Buy,BUY,MARKET_BUY,12000.0,3396671.0,283.0559166666667,14126884,24.72%,14138884,24.74%,11-06-2026,11-06-2026,Market Purchase,https://nsearchives.nseindia.com/corporate/ixbrl/IT_20260612_085704163_WEB.html
MBEL,M & B Engineering Limited,Girishbhai Manibhai Patel,Promoter and Director,2026-06-11,2026-06-12 08:57:04,12-Jun-2026 08:57:04,Equity,Buy,BUY,MARKET_BUY,12000.0,3302122.0,275.1768333333333,15506881,27.13%,15518881,27.16%,11-06-2026,11-06-2026,Market Purchase,https://nsearchives.nseindia.com/corporate/ixbrl/IT_20260612_085704163_WEB.html
MBEL,M & B Engineering Limited,Birva Chirag Patel,Promoter and Director,2026-06-16,2026-06-17 08:55:47,17-Jun-2026 08:55:47,Equity,Buy,BUY,MARKET_BUY,10000.0,3065597.0,306.5597,4007500,7.01%,4017500,7.03%,16-06-2026,16-06-2026,Market Purchase,https://nsearchives.nseindia.com/corporate/ixbrl/IT_24557_20260617_085547709_WEB.html
MBEL,M & B Engineering Limited,Umaben Girishbhai Patel,Promoter and Director,2026-06-16,2026-06-17 08:55:47,17-Jun-2026 08:55:47,Equity,Buy,BUY,MARKET_BUY,10000.0,3095979.0,309.5979,1610000,2.82%,1620000,2.83%,16-06-2026,16-06-2026,Market Purchase,https://nsearchives.nseindia.com/corporate/ixbrl/IT_24557_20260617_085547709_WEB.html
MBEL,M & B Engineering Limited,Birva Chirag Patel,Promoter and Director,2026-06-16,2026-06-17 09:01:24,17-Jun-2026 09:01:24,Equity,Buy,BUY,MARKET_BUY,10000.0,3065597.0,306.5597,4007500,7.01%,4017500,7.03%,16-06-2026,16-06-2026,Market Purchase,https://nsearchives.nseindia.com/corporate/ixbrl/IT_24557_20260617_090124455_WEB.html
MBEL,M & B Engineering Limited,Umaben Girishbhai Patel,Promoter Group,2026-06-16,2026-06-17 09:01:24,17-Jun-2026 09:01:24,Equity,Buy,BUY,MARKET_BUY,10000.0,3095979.0,309.5979,1610000,2.82%,1620000,2.83%,16-06-2026,16-06-2026,Market Purchase,https://nsearchives.nseindia.com/corporate/ixbrl/IT_24557_20260617_090124455_WEB.html
MCL,M TEK COPPER LIMITED,MR. RAJESH ODHAVJIBHAI PATEL,Promoter Group,2026-08-18,2026-08-21 13:21:49,21-Aug-2026 13:21:49,Equity,Sell,SELL,MARKET_SELL,2500.0,148951.0,59.5804,1650000,6.08%,1647500,5.93%,18-08-2026,18-08-2026,Market Sale,https://nsearchives.nseindia.com/corporate/ixbrl/IT_14514_20260821_132149554_WEB.html
MCL,M TEK COPPER LIMITED,MR. DIVYA ARVINDBHAI MONPARA,Promoter,2026-08-18,2026-08-21 13:21:49,21-Aug-2026 13:21:49,Equity,Sell,SELL,MARKET_SELL,1000.0,59520.0,59.52,1800000,6.63%,1799000,6.58%,18-08-2026,18-08-2026,Market Sale,https://nsearchives.nseindia.com/corporate/ixbrl/IT_14514_20260821_132149554_WEB.html
MCL,M TEK COPPER LIMITED,MR. VISHAL TALSIBHAI MONPARA,Promoter Group,2026-08-18,2026-08-21 13:21:49,21-Aug-2026 13:21:49,Equity,Sell,SELL,MARKET_SELL,1000.0,59537.0,59.537,1644000,6.06%,1643000,6.00%,18-08-2026,18-08-2026,Market Sale,https://nsearchives.nseindia.com/corporate/ixbrl/IT_14514_20260821_132149554_WEB.html
MCL,M TEK COPPER LIMITED,MR. RAJESH ODHAVJIBHAI PATEL,Promoter Group,2026-08-18,2026-08-21 13:23:43,21-Aug-2026 13:23:43,Equity,Sell,SELL,MARKET_SELL,2500.0,148951.0,59.5804,1650000,6.08%,1647500,5.93%,18-08-2026,18-08-2026,Market Sale,https://nsearchives.nseindia.com/corporate/ixbrl/IT_14514_20260821_132343451_WEB.html
MCL,M TEK COPPER LIMITED,MR. DIVYA ARVINDBHAI MONPARA,Promoter,2026-08-18,2026-08-21 13:23:43,21-Aug-2026 13:23:43,Equity,Sell,SELL,MARKET_SELL,1000.0,59520.0,59.52,1800000,6.63%,1799000,6.58%,18-08-2026,18-08-2026,Market Sale,https://nsearchives.nseindia.com/corporate/ixbrl/IT_14514_20260821_132343451_WEB.html
MCL,M TEK COPPER LIMITED,MR. VISHAL TALSIBHAI MONPARA,Promoter Group,2026-08-18,2026-08-21 13:23:43,21-Aug-2026 13:23:43,Equity,Sell,SELL,MARKET_SELL,1000.0,59537.0,59.537,1644000,6.06%,1643000,6.00%,18-08-2026,18-08-2026,Market Sale,https://nsearchives.nseindia.com/corporate/ixbrl/IT_14514_20260821_132343451_WEB.html
MENONBE,Menon Bearings Limited,Aditya Nitin Menon,Promoter Group,2026-08-14,2026-08-18 17:34:29,18-Aug-2026 17:34:29,Equity,Sell,SELL,MARKET_SELL,350000.0,84000000.0,240.0,3244978,5.79%,2894978,5.17%,14-08-2026,14-08-2026,Market Sale,https://nsearchives.nseindia.com/corporate/ixbrl/IT_11603_20260818_173429720_WEB.html
MENONBE,Menon Bearings Limited,Anshul Nitin Menon,Promoter Group,2026-08-14,2026-08-18 17:34:29,18-Aug-2026 17:34:29,Equity,Sell,SELL,MARKET_SELL,350000.0,84000000.0,240.0,3244978,5.79%,2894978,5.17%,14-08-2026,14-08-2026,Market Sale,https://nsearchives.nseindia.com/corporate/ixbrl/IT_11603_20260818_173429720_WEB.html
MENONBE,Menon Bearings Limited,Aditya Nitin Menon,Promoter Group,2026-08-14,2026-08-18 17:35:06,18-Aug-2026 17:35:06,Equity,Sell,SELL,MARKET_SELL,350000.0,84000000.0,240.0,3244978,5.79%,2894978,5.17%,14-08-2026,14-08-2026,Market Sale,https://nsearchives.nseindia.com/corporate/ixbrl/IT_11603_20260818_173506342_WEB.html
MENONBE,Menon Bearings Limited,Anshul Nitin Menon,Promoter Group,2026-08-14,2026-08-18 17:35:06,18-Aug-2026 17:35:06,Equity,Sell,SELL,MARKET_SELL,350000.0,84000000.0,240.0,3244978,5.79%,2894978,5.17%,14-08-2026,14-08-2026,Market Sale,https://nsearchives.nseindia.com/corporate/ixbrl/IT_11603_20260818_173506342_WEB.html
MENONBE,Menon Bearings Limited,Aditya Nitin Menon,Promoter Group,2026-08-14,2026-08-18 17:36:08,18-Aug-2026 17:36:08,Equity,Sell,SELL,MARKET_SELL,350000.0,84000000.0,240.0,3244978,5.79%,2894978,5.17%,14-08-2026,14-08-2026,Market Sale,https://nsearchives.nseindia.com/corporate/ixbrl/IT_11603_20260818_173608391_WEB.html
MENONBE,Menon Bearings Limited,Anshul Nitin Menon,Promoter Group,2026-08-14,2026-08-18 17:36:08,18-Aug-2026 17:36:08,Equity,Sell,SELL,MARKET_SELL,350000.0,84000000.0,240.0,3244978,5.79%,2894978,5.17%,14-08-2026,14-08-2026,Market Sale,https://nsearchives.nseindia.com/corporate/ixbrl/IT_11603_20260818_173608391_WEB.html
MENONBE,Menon Bearings Limited,Sucheta Nitin Menon,Promoter Group,2026-08-17,2026-08-18 17:34:29,18-Aug-2026 17:34:29,Equity,Sell,SELL,MARKET_SELL,300000.0,72013600.0,240.04533333333333,2801964,5.00%,2501964,4.46%,14-08-2026,17-08-2026,Market Sale,https://nsearchives.nseindia.com/corporate/ixbrl/IT_11603_20260818_173429720_WEB.html
MENONBE,Menon Bearings Limited,Sucheta Nitin Menon,Promoter Group,2026-08-17,2026-08-18 17:35:06,18-Aug-2026 17:35:06,Equity,Sell,SELL,MARKET_SELL,300000.0,72013600.0,240.04533333333333,2801964,5.00%,2501964,4.46%,14-08-2026,17-08-2026,Market Sale,https://nsearchives.nseindia.com/corporate/ixbrl/IT_11603_20260818_173506342_WEB.html
MENONBE,Menon Bearings Limited,Sucheta Nitin Menon,Promoter Group,2026-08-17,2026-08-18 17:36:08,18-Aug-2026 17:36:08,Equity,Sell,SELL,MARKET_SELL,300000.0,72013600.0,240.04533333333333,2801964,5.00%,2501964,4.46%,14-08-2026,17-08-2026,Market Sale,https://nsearchives.nseindia.com/corporate/ixbrl/IT_11603_20260818_173608391_WEB.html
METROPOLIS,Metropolis Healthcare Limited,Metz Advisory LLP,Promoter,2026-08-11,2026-08-13 18:50:45,13-Aug-2026 18:50:45,Equity,Sell,SELL,MARKET_SELL,1050000.0,592200000.0,564.0,62764864,30.26%,61714864,29.76%,11-08-2026,11-08-2026,Market Sale,https://nsearchives.nseindia.com/corporate/ixbrl/IT_17414_20260813_185045900_WEB.html
METROPOLIS,Metropolis Healthcare Limited,Duru Shah Family Trust,Promoter Group,2026-08-11,2026-08-13 18:50:45,13-Aug-2026 18:50:45,Equity,Sell,SELL,MARKET_SELL,1050000.0,592200000.0,564.0,22918740,11.05%,21868740,10.54%,11-08-2026,11-08-2026,Market Sale,https://nsearchives.nseindia.com/corporate/ixbrl/IT_17414_20260813_185045900_WEB.html
MOTHERSON,Samvardhana Motherson International Limited,Vivek Chaand Sehgal,Promoter,2026-08-17,2026-08-21 17:35:18,21-Aug-2026 17:35:18,Equity,Buy,BUY,OTHER,295000.0,50002500.0,169.5,1318173966,12.49%,1318468966,12.49%,17-08-2026,17-08-2026,Inter-se-Transfer,https://nsearchives.nseindia.com/corporate/ixbrl/IT_1385_20260821_173518713_WEB.html
MOTHERSON,Samvardhana Motherson International Limited,Geeta Soni,Promoter Group,2026-08-17,2026-08-21 17:35:18,21-Aug-2026 17:35:18,Equity,Sell,SELL,OTHER,295000.0,50002500.0,169.5,33813219,0.32%,33518219,0.32%,17-08-2026,17-08-2026,Inter-se-Transfer,https://nsearchives.nseindia.com/corporate/ixbrl/IT_1385_20260821_173518713_WEB.html
MOTHERSON,Samvardhana Motherson International Limited,Vivek Chaand Sehgal,Promoter,2026-08-18,2026-08-21 17:35:18,21-Aug-2026 17:35:18,Equity,Buy,BUY,OTHER,177000.0,30001500.0,169.5,1318468966,12.49%,1318645966,12.49%,18-08-2026,18-08-2026,Inter-se-Transfer,https://nsearchives.nseindia.com/corporate/ixbrl/IT_1385_20260821_173518713_WEB.html
MOTHERSON,Samvardhana Motherson International Limited,Nilu Mehra,Promoter Group,2026-08-18,2026-08-21 17:35:18,21-Aug-2026 17:35:18,Equity,Sell,SELL,OTHER,177000.0,30001500.0,169.5,22567327,0.21%,22390327,0.21%,18-08-2026,18-08-2026,Inter-se-Transfer,https://nsearchives.nseindia.com/corporate/ixbrl/IT_1385_20260821_173518713_WEB.html
MOTILALOFS,Motilal Oswal Financial Services Limited,Vimla Motilal Oswal,Promoter Group,2026-06-08,2026-06-08 20:14:34,08-Jun-2026 20:14:34,Equity,Sell,SELL,OTHER,910000.0,766675000.0,842.5,9912516,1.65%,9002516,1.50%,08-06-2026,08-06-2026,Inter-se-Transfer,https://nsearchives.nseindia.com/corporate/ixbrl/IT_20260608_201434533_WEB.html
MOTILALOFS,Motilal Oswal Financial Services Limited,Raamdeo Ramgopal Agrawal,Promoter,2026-06-08,2026-06-08 20:14:34,08-Jun-2026 20:14:34,Equity,Sell,SELL,OTHER,910000.0,766675000.0,842.5,125607260,20.86%,124697260,20.71%,08-06-2026,08-06-2026,Inter-se-Transfer,https://nsearchives.nseindia.com/corporate/ixbrl/IT_20260608_201434533_WEB.html
MOTILALOFS,Motilal Oswal Financial Services Limited,Motilal Oswal Foundation,Promoter Group,2026-06-08,2026-06-08 20:14:34,08-Jun-2026 20:14:34,Equity,Buy,BUY,OTHER,1455000.0,1225837500.0,842.5,0,0.00%,1455000,0.24%,08-06-2026,08-06-2026,Inter-se-Transfer,https://nsearchives.nseindia.com/corporate/ixbrl/IT_20260608_201434533_WEB.html
MOTILALOFS,Motilal Oswal Financial Services Limited,Motilal Oswal Healthcare Foundation,Promoter Group,2026-06-08,2026-06-08 20:14:34,08-Jun-2026 20:14:34,Equity,Buy,BUY,OTHER,365000.0,307512500.0,842.5,0,0.00%,365000,0.06%,08-06-2026,08-06-2026,Inter-se-Transfer,https://nsearchives.nseindia.com/corporate/ixbrl/IT_20260608_201434533_WEB.html
MOTILALOFS,Motilal Oswal Financial Services Limited,Motilal Oswal Foundation,Promoter Group,2026-06-08,2026-06-08 20:14:34,08-Jun-2026 20:14:34,Equity,Sell,SELL,OTHER,1455000.0,1225837500.0,842.5,1455000,0.24%,0,0.00%,08-06-2026,08-06-2026,Block Deal,https://nsearchives.nseindia.com/corporate/ixbrl/IT_20260608_201434533_WEB.html
MOTILALOFS,Motilal Oswal Financial Services Limited,Motilal Oswal Healthcare Foundation,Promoter Group,2026-06-08,2026-06-08 20:14:34,08-Jun-2026 20:14:34,Equity,Sell,SELL,OTHER,365000.0,307512500.0,842.5,365000,0.06%,0,0.00%,08-06-2026,08-06-2026,Block Deal,https://nsearchives.nseindia.com/corporate/ixbrl/IT_20260608_201434533_WEB.html
MOTILALOFS,Motilal Oswal Financial Services Limited,Vimla Motilal Oswal,Promoter Group,2026-06-08,2026-06-08 20:18:21,08-Jun-2026 20:18:21,Equity,Sell,SELL,OTHER,910000.0,766675000.0,842.5,9912516,1.65%,9002516,1.50%,08-06-2026,08-06-2026,Inter-se-Transfer,https://nsearchives.nseindia.com/corporate/ixbrl/IT_20260608_201821477_WEB.html
MOTILALOFS,Motilal Oswal Financial Services Limited,Raamdeo Ramgopal Agrawal,Promoter,2026-06-08,2026-06-08 20:18:21,08-Jun-2026 20:18:21,Equity,Sell,SELL,OTHER,910000.0,766675000.0,842.5,125607260,20.86%,124697260,20.71%,08-06-2026,08-06-2026,Inter-se-Transfer,https://nsearchives.nseindia.com/corporate/ixbrl/IT_20260608_201821477_WEB.html
MOTILALOFS,Motilal Oswal Financial Services Limited,Motilal Oswal Foundation,Promoter Group,2026-06-08,2026-06-08 20:18:21,08-Jun-2026 20:18:21,Equity,Buy,BUY,OTHER,1455000.0,1225837500.0,842.5,0,0.00%,1455000,0.24%,08-06-2026,08-06-2026,Inter-se-Transfer,https://nsearchives.nseindia.com/corporate/ixbrl/IT_20260608_201821477_WEB.html
MOTILALOFS,Motilal Oswal Financial Services Limited,Motilal Oswal Healthcare Foundation,Promoter Group,2026-06-08,2026-06-08 20:18:21,08-Jun-2026 20:18:21,Equity,Buy,BUY,OTHER,365000.0,307512500.0,842.5,0,0.00%,365000,0.06%,08-06-2026,08-06-2026,Inter-se-Transfer,https://nsearchives.nseindia.com/corporate/ixbrl/IT_20260608_201821477_WEB.html
MOTILALOFS,Motilal Oswal Financial Services Limited,Motilal Oswal Foundation,Promoter Group,2026-06-08,2026-06-08 20:18:21,08-Jun-2026 20:18:21,Equity,Sell,SELL,OTHER,1455000.0,1225837500.0,842.5,1455000,0.24%,0,0.00%,08-06-2026,08-06-2026,Block Deal,https://nsearchives.nseindia.com/corporate/ixbrl/IT_20260608_201821477_WEB.html
MOTILALOFS,Motilal Oswal Financial Services Limited,Motilal Oswal Healthcare Foundation,Promoter Group,2026-06-08,2026-06-08 20:18:21,08-Jun-2026 20:18:21,Equity,Sell,SELL,OTHER,365000.0,307512500.0,842.5,365000,0.06%,0,0.00%,08-06-2026,08-06-2026,Block Deal,https://nsearchives.nseindia.com/corporate/ixbrl/IT_20260608_201821477_WEB.html
MOTOGENFIN,THE MOTOR & GENERAL FINANCE LIMITED,RAM PRAKASH & CO.(P) LTD,Promoter Group,2026-06-05,2026-06-05 16:03:21,05-Jun-2026 16:03:21,Equity,Buy,BUY,MARKET_BUY,62790.0,1840948.0,29.319127249562033,2647592,6.84%,2710382,6.99%,05-06-2026,05-06-2026,Market Purchase,https://nsearchives.nseindia.com/corporate/ixbrl/IT_20260605_160321467_WEB.html
MOTOGENFIN,THE MOTOR & GENERAL FINANCE LIMITED,RAM PRAKASH & CO.(P) LTD,Promoter Group,2026-06-08,2026-06-08 15:19:56,08-Jun-2026 15:19:56,Equity,Buy,BUY,MARKET_BUY,16000.0,464317.0,29.0198125,2710382,6.99%,2726382,7.04%,08-06-2026,08-06-2026,Market Purchase,https://nsearchives.nseindia.com/corporate/ixbrl/IT_20260608_151956543_WEB.html
MOTOGENFIN,THE MOTOR & GENERAL FINANCE LIMITED,RAM PRAKASH & CO.(P) LTD,Promoter Group,2026-06-09,2026-06-09 16:02:55,09-Jun-2026 16:02:55,Equity,Buy,BUY,MARKET_BUY,109612.0,3274270.0,29.871455680035034,2726382,7.04%,2835994,7.32%,09-06-2026,09-06-2026,Market Purchase,https://nsearchives.nseindia.com/corporate/ixbrl/IT_20260609_160255219_WEB.html
MOTOGENFIN,THE MOTOR & GENERAL FINANCE LIMITED,RAM PRAKASH & CO.(P) LTD,Promoter Group,2026-06-10,2026-06-10 15:48:20,10-Jun-2026 15:48:20,Equity,Buy,BUY,MARKET_BUY,16820.0,506626.0,30.120451843043995,2835994,7.32%,2852814,7.37%,10-06-2026,10-06-2026,Market Purchase,https://nsearchives.nseindia.com/corporate/ixbrl/IT_20260610_154820896_WEB.html
MOTOGENFIN,THE MOTOR & GENERAL FINANCE LIMITED,RAM PRAKASH & CO.(P) LTD,Promoter Group,2026-06-11,2026-06-11 16:03:01,11-Jun-2026 16:03:01,Equity,Buy,BUY,MARKET_BUY,14241.0,416549.0,29.249982445053018,2852814,7.37%,2867055,7.40%,11-06-2026,11-06-2026,Market Purchase,https://nsearchives.nseindia.com/corporate/ixbrl/IT_20260611_160301674_WEB.html
MOTOGENFIN,THE MOTOR & GENERAL FINANCE LIMITED,RAM PRAKASH & CO.(P) LTD,Promoter Group,2026-06-12,2026-06-12 15:48:35,12-Jun-2026 15:48:35,Equity,Buy,BUY,MARKET_BUY,25000.0,748584.0,29.94336,2867055,7.40%,2892055,7.47%,12-06-2026,12-06-2026,Market Purchase,https://nsearchives.nseindia.com/corporate/ixbrl/IT_20260612_154834988_WEB.html
MOTOGENFIN,THE MOTOR & GENERAL FINANCE LIMITED,RAM PRAKASH & CO.(P) LTD,Promoter Group,2026-06-16,2026-06-16 16:53:00,16-Jun-2026 16:53:00,Equity,Buy,BUY,MARKET_BUY,22826.0,659216.0,28.880049066853587,2892055,7.47%,2914881,7.53%,16-06-2026,16-06-2026,Market Purchase,https://nsearchives.nseindia.com/corporate/ixbrl/IT_279_20260616_165300075_WEB.html
MOTOGENFIN,THE MOTOR & GENERAL FINANCE LIMITED,RAM PRAKASH & CO.(P) LTD,Promoter Group,2026-06-16,2026-06-16 17:04:36,16-Jun-2026 17:04:36,Equity,Buy,BUY,MARKET_BUY,22826.0,659216.0,28.880049066853587,2892055,7.47%,2914881,7.53%,16-06-2026,16-06-2026,Market Purchase,https://nsearchives.nseindia.com/corporate/ixbrl/IT_279_20260616_170436158_WEB.html
MOTOGENFIN,THE MOTOR & GENERAL FINANCE LIMITED,RAM PRAKASH & CO.(P) LTD,Promoter Group,2026-06-17,2026-06-17 15:46:46,17-Jun-2026 15:46:46,Equity,Buy,BUY,MARKET_BUY,40000.0,1197485.0,29.937125,2914881,7.53%,2954881,7.63%,17-06-2026,17-06-2026,Market Purchase,https://nsearchives.nseindia.com/corporate/ixbrl/IT_279_20260617_154646606_WEB.html
MOTOGENFIN,THE MOTOR & GENERAL FINANCE LIMITED,RAM PRAKASH & CO.(P) LTD,Promoter Group,2026-06-18,2026-06-18 17:04:22,18-Jun-2026 17:04:22,Equity,Buy,BUY,MARKET_BUY,8161.0,244278.0,29.93236123024139,2954881,7.63%,2963042,7.65%,18-06-2026,18-06-2026,Market Purchase,https://nsearchives.nseindia.com/corporate/ixbrl/IT_279_20260618_170422280_WEB.html
MOTOGENFIN,THE MOTOR & GENERAL FINANCE LIMITED,RAM PRAKASH & CO.(P) LTD,Promoter Group,2026-06-19,2026-06-19 15:55:52,19-Jun-2026 15:55:52,Equity,Buy,BUY,MARKET_BUY,14959.0,448770.0,30.0,2963042,7.65%,2978001,7.69%,19-06-2026,19-06-2026,Market Purchase,https://nsearchives.nseindia.com/corporate/ixbrl/IT_279_20260619_155552507_WEB.html
MOTOGENFIN,THE MOTOR & GENERAL FINANCE LIMITED,RAM PRAKASH & CO.(P) LTD,Promoter Group,2026-06-22,2026-06-22 16:48:14,22-Jun-2026 16:48:14,Equity,Buy,BUY,MARKET_BUY,7574.0,227205.0,29.998019540533402,2978001,7.69%,2985575,7.71%,22-06-2026,22-06-2026,Market Purchase,https://nsearchives.nseindia.com/corporate/ixbrl/IT_279_20260622_164814441_WEB.html
MOTOGENFIN,THE MOTOR & GENERAL FINANCE LIMITED,RAM PRAKASH & CO.(P) LTD,Promoter Group,2026-06-24,2026-06-24 16:59:18,24-Jun-2026 16:59:18,Equity,Buy,BUY,MARKET_BUY,19550.0,588027.0,30.078107416879796,2985575,7.71%,3005125,7.76%,24-06-2026,24-06-2026,Market Purchase,https://nsearchives.nseindia.com/corporate/ixbrl/IT_279_20260624_165918760_WEB.html
MOTOGENFIN,THE MOTOR & GENERAL FINANCE LIMITED,RAM PRAKASH & CO.(P) LTD,Promoter Group,2026-06-24,2026-06-24 17:34:45,24-Jun-2026 17:34:45,Equity,Buy,BUY,MARKET_BUY,19550.0,588027.0,30.078107416879796,2985575,7.71%,3005125,7.76%,24-06-2026,24-06-2026,Market Purchase,https://nsearchives.nseindia.com/corporate/ixbrl/IT_279_20260624_173445009_WEB.html
MOTOGENFIN,THE MOTOR & GENERAL FINANCE LIMITED,RAM PRAKASH & CO.(P) LTD,Promoter Group,2026-06-25,2026-06-25 17:21:57,25-Jun-2026 17:21:57,Equity,Buy,BUY,MARKET_BUY,5916.0,177480.0,30.0,3005125,7.76%,3011041,7.78%,25-06-2026,25-06-2026,Market Purchase,https://nsearchives.nseindia.com/corporate/ixbrl/IT_279_20260625_172157616_WEB.html
MOTOGENFIN,THE MOTOR & GENERAL FINANCE LIMITED,RAM PRAKASH & CO.(P) LTD,Promoter Group,2026-06-25,2026-06-25 17:50:18,25-Jun-2026 17:50:18,Equity,Buy,BUY,MARKET_BUY,5916.0,177480.0,30.0,3005125,7.76%,3011041,7.78%,25-06-2026,25-06-2026,Market Purchase,https://nsearchives.nseindia.com/corporate/ixbrl/IT_279_20260625_175018102_WEB.html
MSPL,MSP STEEL & POWER LTD,Ginny Traders Private Limited,Promoter Group,2026-06-02,2026-06-09 17:35:56,09-Jun-2026 17:35:56,Equity,Buy,BUY,MARKET_BUY,2350000.0,99400300.0,42.298,8443819,1.49%,10793819,1.90%,02-06-2026,02-06-2026,Market Purchase,https://nsearchives.nseindia.com/corporate/ixbrl/IT_20260609_173556529_WEB.html
MSPL,MSP STEEL & POWER LIMITED,Ginny Traders Private Limited,Promoter Group,2026-06-02,2026-06-09 17:52:10,09-Jun-2026 17:52:10,Equity,Buy,BUY,MARKET_BUY,2350000.0,99400300.0,42.298,8443819,1.49%,10793819,1.90%,02-06-2026,02-06-2026,Market Purchase,https://nsearchives.nseindia.com/corporate/ixbrl/IT_20260609_175210558_WEB.html
MSPL,MSP STEEL & POWER LTD,Sampat Marketing Company Pvt Ltd,Promoter Group,2026-06-03,2026-06-09 17:35:56,09-Jun-2026 17:35:56,Equity,Buy,BUY,MARKET_BUY,1105000.0,45640581.0,41.303693212669685,10176642,1.80%,11281642,1.99%,02-06-2026,03-06-2026,Market Purchase,https://nsearchives.nseindia.com/corporate/ixbrl/IT_20260609_173556529_WEB.html
MSPL,MSP STEEL & POWER LIMITED,Sampat Marketing Company Pvt Ltd,Promoter Group,2026-06-03,2026-06-09 17:52:10,09-Jun-2026 17:52:10,Equity,Buy,BUY,MARKET_BUY,1105000.0,45640581.0,41.303693212669685,10176642,1.80%,11281642,1.99%,02-06-2026,03-06-2026,Market Purchase,https://nsearchives.nseindia.com/corporate/ixbrl/IT_20260609_175210558_WEB.html
MSPL,MSP STEEL & POWER LIMITED,Sampat Marketing Company Pvt Ltd,Promoter Group,2026-06-04,2026-06-11 13:51:07,11-Jun-2026 13:51:07,Equity,Buy,BUY,MARKET_BUY,700000.0,28963830.0,41.3769,11281642,1.99%,11981642,2.12%,04-06-2026,04-06-2026,Market Purchase,https://nsearchives.nseindia.com/corporate/ixbrl/IT_20260611_135107007_WEB.html
MSPL,MSP STEEL & POWER LIMITED,Sampat Marketing Company Pvt Ltd,Promoter Group,2026-06-04,2026-06-11 13:53:35,11-Jun-2026 13:53:35,Equity,Buy,BUY,MARKET_BUY,700000.0,28963830.0,41.3769,11281642,1.99%,11981642,2.12%,04-06-2026,04-06-2026,Market Purchase,https://nsearchives.nseindia.com/corporate/ixbrl/IT_20260611_135335765_WEB.html
MSPL,MSP STEEL & POWER LIMITED,Sampat Marketing Company Pvt Ltd,Promoter Group,2026-06-04,2026-06-11 14:04:57,11-Jun-2026 14:04:57,Equity,Buy,BUY,MARKET_BUY,700000.0,28963830.0,41.3769,11281642,1.99%,11981642,2.12%,04-06-2026,04-06-2026,Market Purchase,https://nsearchives.nseindia.com/corporate/ixbrl/IT_20260611_140457707_WEB.html
MSPL,MSP STEEL & POWER LIMITED,Shree Vinay Finvest P Ltd.,Promoter Group,2026-06-08,2026-06-11 13:51:07,11-Jun-2026 13:51:07,Equity,Buy,BUY,MARKET_BUY,2850000.0,117572474.0,41.25349964912281,16836843,2.97%,19686843,3.47%,04-06-2026,08-06-2026,Market Purchase,https://nsearchives.nseindia.com/corporate/ixbrl/IT_20260611_135107007_WEB.html
MSPL,MSP STEEL & POWER LIMITED,Ilex Private Limited,Promoter Group,2026-06-08,2026-06-11 13:51:07,11-Jun-2026 13:51:07,Equity,Buy,BUY,MARKET_BUY,1660000.0,68971086.0,41.548846987951805,13518500,2.39%,15178500,2.68%,05-06-2026,08-06-2026,Market Purchase,https://nsearchives.nseindia.com/corporate/ixbrl/IT_20260611_135107007_WEB.html
MSPL,MSP STEEL & POWER LIMITED,Shree Vinay Finvest P Ltd.,Promoter Group,2026-06-08,2026-06-11 13:53:35,11-Jun-2026 13:53:35,Equity,Buy,BUY,MARKET_BUY,2850000.0,117572474.0,41.25349964912281,16836843,2.97%,19686843,3.47%,04-06-2026,08-06-2026,Market Purchase,https://nsearchives.nseindia.com/corporate/ixbrl/IT_20260611_135335765_WEB.html
MSPL,MSP STEEL & POWER LIMITED,Ilex Private Limited,Promoter Group,2026-06-08,2026-06-11 13:53:35,11-Jun-2026 13:53:35,Equity,Buy,BUY,MARKET_BUY,1660000.0,68971086.0,41.548846987951805,13518500,2.39%,15178500,2.68%,05-06-2026,08-06-2026,Market Purchase,https://nsearchives.nseindia.com/corporate/ixbrl/IT_20260611_135335765_WEB.html
MSPL,MSP STEEL & POWER LIMITED,Shree Vinay Finvest P Ltd.,Promoter Group,2026-06-08,2026-06-11 14:04:57,11-Jun-2026 14:04:57,Equity,Buy,BUY,MARKET_BUY,2850000.0,117572474.0,41.25349964912281,16836843,2.97%,19686843,3.47%,04-06-2026,08-06-2026,Market Purchase,https://nsearchives.nseindia.com/corporate/ixbrl/IT_20260611_140457707_WEB.html
MSPL,MSP STEEL & POWER LIMITED,Ilex Private Limited,Promoter Group,2026-06-08,2026-06-11 14:04:57,11-Jun-2026 14:04:57,Equity,Buy,BUY,MARKET_BUY,1660000.0,68971086.0,41.548846987951805,13518500,2.39%,15178500,2.68%,05-06-2026,08-06-2026,Market Purchase,https://nsearchives.nseindia.com/corporate/ixbrl/IT_20260611_140457707_WEB.html
MSPL,MSP STEEL & POWER LIMITED,M A Hire Purchase Private Limited,Promoter Group,2026-06-09,2026-06-15 16:49:20,15-Jun-2026 16:49:20,Equity,Buy,BUY,MARKET_BUY,765000.0,31359569.0,40.99290065359477,12965000,2.29%,13730000,2.42%,09-06-2026,09-06-2026,Market Purchase,https://nsearchives.nseindia.com/corporate/ixbrl/IT_2306_20260615_164920793_WEB.html
MSPL,MSP STEEL & POWER LIMITED,Ilex Private Limited,Promoter Group,2026-06-09,2026-06-15 16:49:20,15-Jun-2026 16:49:20,Equity,Buy,BUY,MARKET_BUY,1340000.0,54480782.0,40.6573,15178500,2.68%,16518500,2.92%,09-06-2026,09-06-2026,Market Purchase,https://nsearchives.nseindia.com/corporate/ixbrl/IT_2306_20260615_164920793_WEB.html
MSPL,MSP STEEL & POWER LIMITED,M A Hire Purchase Private Limited,Promoter Group,2026-06-10,2026-06-15 16:49:20,15-Jun-2026 16:49:20,Equity,Buy,BUY,MARKET_BUY,1050000.0,42950775.0,40.9055,13730000,2.42%,14780000,2.61%,10-06-2026,10-06-2026,Market Purchase,https://nsearchives.nseindia.com/corporate/ixbrl/IT_2306_20260615_164920793_WEB.html
MSPL,MSP STEEL & POWER LIMITED,Shree Vinay Finvest P Ltd.,Promoter Group,2026-06-11,2026-06-15 16:49:20,15-Jun-2026 16:49:20,Equity,Buy,BUY,MARKET_BUY,2050000.0,83172570.0,40.571985365853656,19686843,3.47%,21736843,3.84%,10-06-2026,11-06-2026,Market Purchase,https://nsearchives.nseindia.com/corporate/ixbrl/IT_2306_20260615_164920793_WEB.html
MSPL,MSP STEEL & POWER LIMITED,Ginny Traders Pvt Ltd,Promoter Group,2026-06-11,2026-06-15 16:49:20,15-Jun-2026 16:49:20,Equity,Buy,BUY,MARKET_BUY,900000.0,36573750.0,40.6375,10793819,1.90%,11693819,2.06%,11-06-2026,11-06-2026,Market Purchase,https://nsearchives.nseindia.com/corporate/ixbrl/IT_2306_20260615_164920793_WEB.html
MSPL,MSP STEEL & POWER LIMITED,Shree Vinay Finvest P Ltd.,Promoter Group,2026-06-12,2026-06-18 17:17:56,18-Jun-2026 17:17:56,Equity,Buy,BUY,MARKET_BUY,400000.0,16587600.0,41.469,21736843,3.84%,22136843,3.91%,12-06-2026,12-06-2026,Market Purchase,https://nsearchives.nseindia.com/corporate/ixbrl/IT_2306_20260618_171756029_WEB.html
MSPL,MSP STEEL & POWER LIMITED,Shree Vinay Finvest P Ltd.,Promoter Group,2026-06-12,2026-06-18 17:18:27,18-Jun-2026 17:18:27,Equity,Buy,BUY,MARKET_BUY,400000.0,16587600.0,41.469,21736843,3.84%,22136843,3.91%,12-06-2026,12-06-2026,Market Purchase,https://nsearchives.nseindia.com/corporate/ixbrl/IT_2306_20260618_171827641_WEB.html
MSPL,MSP STEEL & POWER LIMITED,M A Hire Purchase Private Limited,Promoter Group,2026-06-15,2026-06-18 17:17:56,18-Jun-2026 17:17:56,Equity,Buy,BUY,MARKET_BUY,2400000.0,100796400.0,41.9985,14780000,2.61%,17180000,3.03%,12-06-2026,15-06-2026,Market Purchase,https://nsearchives.nseindia.com/corporate/ixbrl/IT_2306_20260618_171756029_WEB.html
MSPL,MSP STEEL & POWER LIMITED,Sampat Marketing Company Pvt Ltd,Promoter Group,2026-06-15,2026-06-18 17:17:56,18-Jun-2026 17:17:56,Equity,Buy,BUY,MARKET_BUY,1025000.0,42828848.0,41.784241951219514,11981642,2.12%,13006642,2.30%,12-06-2026,15-06-2026,Market Purchase,https://nsearchives.nseindia.com/corporate/ixbrl/IT_2306_20260618_171756029_WEB.html
MSPL,MSP STEEL & POWER LIMITED,M A Hire Purchase Private Limited,Promoter Group,2026-06-15,2026-06-18 17:18:27,18-Jun-2026 17:18:27,Equity,Buy,BUY,MARKET_BUY,2400000.0,100796400.0,41.9985,14780000,2.61%,17180000,3.03%,12-06-2026,15-06-2026,Market Purchase,https://nsearchives.nseindia.com/corporate/ixbrl/IT_2306_20260618_171827641_WEB.html
MSPL,MSP STEEL & POWER LIMITED,Sampat Marketing Company Pvt Ltd,Promoter Group,2026-06-15,2026-06-18 17:18:27,18-Jun-2026 17:18:27,Equity,Buy,BUY,MARKET_BUY,1025000.0,42828848.0,41.784241951219514,11981642,2.12%,13006642,2.30%,12-06-2026,15-06-2026,Market Purchase,https://nsearchives.nseindia.com/corporate/ixbrl/IT_2306_20260618_171827641_WEB.html
MSPL,MSP STEEL & POWER LIMITED,Ilex Private Limited,Promoter Group,2026-06-15,2026-06-20 14:27:48,20-Jun-2026 14:27:48,Equity,Buy,BUY,MARKET_BUY,645000.0,27250992.0,42.2496,16518500,2.92%,17163500,3.03%,15-06-2026,15-06-2026,Market Purchase,https://nsearchives.nseindia.com/corporate/ixbrl/IT_2306_20260620_142748451_WEB.html
MSPL,MSP STEEL & POWER LIMITED,Ilex Private Limited,Promoter Group,2026-06-15,2026-06-20 14:29:25,20-Jun-2026 14:29:25,Equity,Buy,BUY,MARKET_BUY,645000.0,27250992.0,42.2496,16518500,2.92%,17163500,3.03%,15-06-2026,15-06-2026,Market Purchase,https://nsearchives.nseindia.com/corporate/ixbrl/IT_2306_20260620_142925421_WEB.html
MSPL,MSP STEEL & POWER LIMITED,Ilex Private Limited,Promoter Group,2026-06-15,2026-06-20 14:48:24,20-Jun-2026 14:48:24,Equity,Buy,BUY,MARKET_BUY,645000.0,27250992.0,42.2496,16518500,2.92%,17163500,3.03%,15-06-2026,15-06-2026,Market Purchase,https://nsearchives.nseindia.com/corporate/ixbrl/IT_2306_20260620_144824342_WEB.html
MSPL,MSP STEEL & POWER LIMITED,Shree Vinay Finvest P Ltd.,Promoter Group,2026-06-16,2026-06-22 17:31:23,22-Jun-2026 17:31:23,Equity,Buy,BUY,MARKET_BUY,730000.0,31466285.0,43.1045,22136843,3.91%,22866843,4.03%,16-06-2026,16-06-2026,Market Purchase,https://nsearchives.nseindia.com/corporate/ixbrl/IT_2306_20260622_173123687_WEB.html
MSPL,MSP STEEL & POWER LIMITED,Ginny Traders Pvt Ltd,Promoter Group,2026-06-16,2026-06-22 17:31:23,22-Jun-2026 17:31:23,Equity,Buy,BUY,MARKET_BUY,530000.0,22755497.0,42.9349,11693819,2.06%,12223819,2.16%,16-06-2026,16-06-2026,Market Purchase,https://nsearchives.nseindia.com/corporate/ixbrl/IT_2306_20260622_173123687_WEB.html
MSPL,MSP STEEL & POWER LIMITED,Sampat Marketing Company Pvt Ltd,Promoter Group,2026-06-16,2026-06-22 17:31:23,22-Jun-2026 17:31:23,Equity,Buy,BUY,MARKET_BUY,890000.0,38831857.0,43.6313,13006642,2.30%,13896642,2.46%,16-06-2026,16-06-2026,Market Purchase,https://nsearchives.nseindia.com/corporate/ixbrl/IT_2306_20260622_173123687_WEB.html
MSPL,MSP STEEL & POWER LIMITED,Shree Vinay Finvest P Ltd.,Promoter Group,2026-06-16,2026-06-22 17:33:26,22-Jun-2026 17:33:26,Equity,Buy,BUY,MARKET_BUY,730000.0,31466285.0,43.1045,22136843,3.91%,22866843,4.03%,16-06-2026,16-06-2026,Market Purchase,https://nsearchives.nseindia.com/corporate/ixbrl/IT_2306_20260622_173326406_WEB.html
MSPL,MSP STEEL & POWER LIMITED,Ginny Traders Pvt Ltd,Promoter Group,2026-06-16,2026-06-22 17:33:26,22-Jun-2026 17:33:26,Equity,Buy,BUY,MARKET_BUY,530000.0,22755497.0,42.9349,11693819,2.06%,12223819,2.16%,16-06-2026,16-06-2026,Market Purchase,https://nsearchives.nseindia.com/corporate/ixbrl/IT_2306_20260622_173326406_WEB.html
MSPL,MSP STEEL & POWER LIMITED,Sampat Marketing Company Pvt Ltd,Promoter Group,2026-06-16,2026-06-22 17:33:26,22-Jun-2026 17:33:26,Equity,Buy,BUY,MARKET_BUY,890000.0,38831857.0,43.6313,13006642,2.30%,13896642,2.46%,16-06-2026,16-06-2026,Market Purchase,https://nsearchives.nseindia.com/corporate/ixbrl/IT_2306_20260622_173326406_WEB.html
MSPL,MSP STEEL & POWER LIMITED,Sampat Marketing Company Pvt Ltd,Promoter Group,2026-06-17,2026-06-22 17:31:23,22-Jun-2026 17:31:23,Equity,Buy,BUY,MARKET_BUY,1100000.0,46406030.0,42.1873,13896642,2.46%,14996642,2.65%,17-06-2026,17-06-2026,Market Purchase,https://nsearchives.nseindia.com/corporate/ixbrl/IT_2306_20260622_173123687_WEB.html
MSPL,MSP STEEL & POWER LIMITED,Sampat Marketing Company Pvt Ltd,Promoter Group,2026-06-17,2026-06-22 17:33:26,22-Jun-2026 17:33:26,Equity,Buy,BUY,MARKET_BUY,1100000.0,46406030.0,42.1873,13896642,2.46%,14996642,2.65%,17-06-2026,17-06-2026,Market Purchase,https://nsearchives.nseindia.com/corporate/ixbrl/IT_2306_20260622_173326406_WEB.html
MSPL,MSP STEEL & POWER LIMITED,Ginny Traders Pvt Ltd,Promoter Group,2026-06-18,2026-06-22 17:31:23,22-Jun-2026 17:31:23,Equity,Buy,BUY,MARKET_BUY,1250000.0,52696485.0,42.157188,12223819,2.16%,13473819,2.38%,17-06-2026,18-06-2026,Market Purchase,https://nsearchives.nseindia.com/corporate/ixbrl/IT_2306_20260622_173123687_WEB.html
MSPL,MSP STEEL & POWER LIMITED,Ilex Private Limited,Promoter Group,2026-06-18,2026-06-22 17:31:23,22-Jun-2026 17:31:23,Equity,Buy,BUY,MARKET_BUY,1000000.0,42397025.0,42.397025,17163500,3.03%,18163500,3.21%,17-06-2026,18-06-2026,Market Purchase,https://nsearchives.nseindia.com/corporate/ixbrl/IT_2306_20260622_173123687_WEB.html
MSPL,MSP STEEL & POWER LIMITED,M A Hire Purchase Private Limited,Promoter Group,2026-06-18,2026-06-22 17:31:23,22-Jun-2026 17:31:23,Equity,Buy,BUY,MARKET_BUY,950000.0,40069290.0,42.1782,17180000,3.03%,18130000,3.20%,18-06-2026,18-06-2026,Market Purchase,https://nsearchives.nseindia.com/corporate/ixbrl/IT_2306_20260622_173123687_WEB.html
MSPL,MSP STEEL & POWER LIMITED,Ginny Traders Pvt Ltd,Promoter Group,2026-06-18,2026-06-22 17:33:26,22-Jun-2026 17:33:26,Equity,Buy,BUY,MARKET_BUY,1250000.0,52696485.0,42.157188,12223819,2.16%,13473819,2.38%,17-06-2026,18-06-2026,Market Purchase,https://nsearchives.nseindia.com/corporate/ixbrl/IT_2306_20260622_173326406_WEB.html
MSPL,MSP STEEL & POWER LIMITED,Ilex Private Limited,Promoter Group,2026-06-18,2026-06-22 17:33:26,22-Jun-2026 17:33:26,Equity,Buy,BUY,MARKET_BUY,1000000.0,42397025.0,42.397025,17163500,3.03%,18163500,3.21%,17-06-2026,18-06-2026,Market Purchase,https://nsearchives.nseindia.com/corporate/ixbrl/IT_2306_20260622_173326406_WEB.html
MSPL,MSP STEEL & POWER LIMITED,M A Hire Purchase Private Limited,Promoter Group,2026-06-18,2026-06-22 17:33:26,22-Jun-2026 17:33:26,Equity,Buy,BUY,MARKET_BUY,950000.0,40069290.0,42.1782,17180000,3.03%,18130000,3.20%,18-06-2026,18-06-2026,Market Purchase,https://nsearchives.nseindia.com/corporate/ixbrl/IT_2306_20260622_173326406_WEB.html
MSPL,MSP STEEL & POWER LIMITED,Ginny Traders Private Limited,Promoter Group,2026-06-19,2026-06-25 17:05:32,25-Jun-2026 17:05:32,Equity,Buy,BUY,MARKET_BUY,730000.0,32224828.0,44.1436,13473819,2.38%,14203819,2.51%,19-06-2026,19-06-2026,Market Purchase,https://nsearchives.nseindia.com/corporate/ixbrl/IT_2306_20260625_170531913_WEB.html
MSPL,MSP STEEL & POWER LTD,Ginny Traders Private Limited,Promoter Group,2026-06-19,2026-06-25 17:44:39,25-Jun-2026 17:44:39,Equity,Buy,BUY,MARKET_BUY,730000.0,32224828.0,44.1436,13473819,2.38%,14203819,2.51%,19-06-2026,19-06-2026,Market Purchase,https://nsearchives.nseindia.com/corporate/ixbrl/IT_2306_20260625_174439623_WEB.html
MSPL,MSP STEEL & POWER LIMITED,Sampat Marketing Company Pvt Ltd,Promoter Group,2026-06-22,2026-06-25 17:05:32,25-Jun-2026 17:05:32,Equity,Buy,BUY,MARKET_BUY,1204000.0,53872193.0,44.74434634551495,14996642,2.65%,16200642,2.86%,19-06-2026,22-06-2026,Market Purchase,https://nsearchives.nseindia.com/corporate/ixbrl/IT_2306_20260625_170531913_WEB.html
MSPL,MSP STEEL & POWER LIMITED,Ilex Private Limited,Promoter Group,2026-06-22,2026-06-25 17:05:32,25-Jun-2026 17:05:32,Equity,Buy,BUY,MARKET_BUY,166849.0,7461287.0,44.71879963320128,18163500,3.21%,18330349,3.24%,22-06-2026,22-06-2026,Market Purchase,https://nsearchives.nseindia.com/corporate/ixbrl/IT_2306_20260625_170531913_WEB.html
MSPL,MSP STEEL & POWER LTD,Sampat Marketing Company Pvt Ltd,Promoter Group,2026-06-22,2026-06-25 17:44:39,25-Jun-2026 17:44:39,Equity,Buy,BUY,MARKET_BUY,1204000.0,53872193.0,44.74434634551495,14996642,2.65%,16200642,2.86%,19-06-2026,22-06-2026,Market Purchase,https://nsearchives.nseindia.com/corporate/ixbrl/IT_2306_20260625_174439623_WEB.html
MSPL,MSP STEEL & POWER LTD,Ilex Private Limited,Promoter Group,2026-06-22,2026-06-25 17:44:39,25-Jun-2026 17:44:39,Equity,Buy,BUY,MARKET_BUY,166849.0,7461287.0,44.71879963320128,18163500,3.21%,18330349,3.24%,22-06-2026,22-06-2026,Market Purchase,https://nsearchives.nseindia.com/corporate/ixbrl/IT_2306_20260625_174439623_WEB.html
MTARTECH,MTAR TECHNOLOGIES LIMITED,Madhavi Mitta,Promoter,2026-06-04,2026-06-05 17:48:09,05-Jun-2026 17:48:09,Equity,Sell,SELL,MARKET_SELL,17000.0,128903064.0,7582.533176470588,1382983,4.50%,1365983,4.44%,03-06-2026,04-06-2026,Market Sale,https://nsearchives.nseindia.com/corporate/ixbrl/IT_20260605_174809768_WEB.html
MTARTECH,MTAR TECHNOLOGIES LIMITED,Kavitha Reddy Gangapatnam,Promoter,2026-06-16,2026-06-18 15:55:30,18-Jun-2026 15:55:30,Equity,Sell,SELL,MARKET_SELL,20000.0,153919509.0,7695.97545,220000,0.72%,200000,0.65%,16-06-2026,16-06-2026,Market Sale,https://nsearchives.nseindia.com/corporate/ixbrl/IT_19009_20260618_155530668_WEB.html
MTARTECH,MTAR TECHNOLOGIES LIMITED,Akepati Praval Reddy,Promoter Group,2026-06-18,2026-06-20 15:53:16,20-Jun-2026 15:53:16,Equity,Sell,SELL,MARKET_SELL,15100.0,126776995.0,8395.827483443709,250000,0.81%,234900,0.76%,18-06-2026,18-06-2026,Market Sale,https://nsearchives.nseindia.com/corporate/ixbrl/IT_19009_20260620_155316535_WEB.html
MTARTECH,MTAR TECHNOLOGIES LIMITED,Akepati Praval Reddy,Promoter Group,2026-06-23,2026-06-24 16:34:14,24-Jun-2026 16:34:14,Equity,Sell,SELL,MARKET_SELL,31811.0,263401549.0,8280.203357329226,234900,0.76%,203089,0.66%,22-06-2026,23-06-2026,Market Sale,https://nsearchives.nseindia.com/corporate/ixbrl/IT_19009_20260624_163414214_WEB.html
MTARTECH,MTAR TECHNOLOGIES LIMITED,Akepati Praval Reddy,Promoter Group,2026-06-24,2026-06-25 12:04:57,25-Jun-2026 12:04:57,Equity,Sell,SELL,MARKET_SELL,8089.0,65683752.0,8120.13252565212,203089,0.66%,195000,0.63%,24-06-2026,24-06-2026,Market Sale,https://nsearchives.nseindia.com/corporate/ixbrl/IT_19009_20260625_120457747_WEB.html
MTARTECH,MTAR TECHNOLOGIES LIMITED,Northeast Broking Services Limited,Promoter Group,2026-06-25,2026-06-29 18:58:38,29-Jun-2026 18:58:38,Equity,Sell,SELL,MARKET_SELL,2500.0,20010000.0,8004.0,12500,0.04%,10000,0.03%,25-06-2026,25-06-2026,Market Sale,https://nsearchives.nseindia.com/corporate/ixbrl/IT_19009_20260629_185838319_WEB.html
NATCOPHARM,NATCO PHARMA LIMITED,DURGA DEVI NANNAPANENI,Promoter,2026-08-24,2026-08-26 13:22:33,26-Aug-2026 13:22:33,Equity,Sell,SELL,OTHER,50000.0,0.0,0.0,3539100,1.98%,3489100,1.95%,24-08-2026,24-08-2026,Gift,https://nsearchives.nseindia.com/corporate/ixbrl/IT_1299_20260826_132233821_WEB.html
NAUKRI,Info Edge (India) Limited,Sanjeev Bikhchandani,Promoter and Director,2026-06-08,2026-06-08 16:56:04,08-Jun-2026 16:56:04,Equity,Sell,SELL,MARKET_SELL,150000.0,149920000.0,999.4666666666667,155995490,24.06%,155845490,24.03%,08-06-2026,08-06-2026,Market Sale,https://nsearchives.nseindia.com/corporate/ixbrl/IT_20260608_165604487_WEB.html
NAUKRI,Info Edge (India) Limited,Sanjeev Bikhchandani,Promoter and Director,2026-08-17,2026-08-17 20:05:12,17-Aug-2026 20:05:12,Equity,Sell,SELL,MARKET_SELL,850000.0,1158070471.0,1362.435848235294,155845490,24.03%,154995490,23.90%,17-08-2026,17-08-2026,Market Sale,https://nsearchives.nseindia.com/corporate/ixbrl/IT_2460_20260817_200512307_WEB.html
NAUKRI,Info Edge (India) Limited,Hitesh Oberoi,Promoter and Director,2026-08-17,2026-08-17 20:05:12,17-Aug-2026 20:05:12,Equity,Sell,SELL,MARKET_SELL,500000.0,682305000.0,1364.61,32007350,4.94%,31507350,4.86%,17-08-2026,17-08-2026,Market Sale,https://nsearchives.nseindia.com/corporate/ixbrl/IT_2460_20260817_200512307_WEB.html
NAUKRI,Info Edge (India) Limited,Hitesh Oberoi,Promoter and Director,2026-08-21,2026-08-21 19:56:34,21-Aug-2026 19:56:34,Equity,Sell,SELL,MARKET_SELL,398408.0,542329285.0,1361.240951486918,31507350,4.86%,31108942,4.80%,20-08-2026,21-08-2026,Market Sale,https://nsearchives.nseindia.com/corporate/ixbrl/IT_2460_20260821_195634622_WEB.html
NAUKRI,Info Edge (India) Limited,Hitesh Oberoi,Promoter and Director,2026-08-27,2026-08-27 16:57:40,27-Aug-2026 16:57:40,Equity,Sell,SELL,MARKET_SELL,101592.0,135782788.0,1336.5500039373178,31108942,4.80%,31007350,4.78%,27-08-2026,27-08-2026,Market Sale,https://nsearchives.nseindia.com/corporate/ixbrl/IT_2460_20260827_165740573_WEB.html
NAVA,NAVA LIMITED,A9 Homes Private Limited,Promoter Group,2026-08-25,2026-08-27 15:06:30,27-Aug-2026 15:06:30,Equity,Buy,BUY,MARKET_BUY,42000.0,23671379.0,563.6042619047619,5296200,1.87%,5338200,1.88%,25-08-2026,25-08-2026,Market Purchase,https://nsearchives.nseindia.com/corporate/ixbrl/IT_1264_20260827_150630537_WEB.html
NAVA,NAVA LIMITED,Devineni Ramaa,Promoter Group,2026-08-26,2026-08-27 15:06:30,27-Aug-2026 15:06:30,Equity,Buy,BUY,MARKET_BUY,46000.0,26249791.0,570.6476304347826,8017884,2.83%,8063884,2.85%,25-08-2026,26-08-2026,Market Purchase,https://nsearchives.nseindia.com/corporate/ixbrl/IT_1264_20260827_150630537_WEB.html
NAVA,NAVA LIMITED,ASHOK DEVINENI,Promoter,2026-09-02,2026-09-04 17:07:14,04-Sep-2026 17:07:14,Equity,Buy,BUY,OTHER,5483220.0,0.0,0.0,4652000,1.64%,10135220,3.58%,01-09-2026,02-09-2026,Inheritance,https://nsearchives.nseindia.com/corporate/ixbrl/IT_1264_20260904_170714064_WEB.html
NAVA,NAVA LIMITED,Late D BHAKATA PRIYA,Promoter Group,2026-09-02,2026-09-04 17:07:14,04-Sep-2026 17:07:14,Equity,Sell,SELL,OTHER,5483220.0,0.0,0.0,5483220,1.94%,0,0.00%,01-09-2026,02-09-2026,Inheritance,https://nsearchives.nseindia.com/corporate/ixbrl/IT_1264_20260904_170714064_WEB.html
NAVA,NAVA LIMITED,AV Dwellings Private Limited,Promoter Group,2026-09-03,2026-09-04 17:05:17,04-Sep-2026 17:05:17,Equity,Buy,BUY,MARKET_BUY,10000.0,5605844.0,560.5844,4910000,1.73%,4920000,1.74%,01-09-2026,03-09-2026,Market Purchase,https://nsearchives.nseindia.com/corporate/ixbrl/IT_1264_20260904_170517555_WEB.html
NCC,NCC LIMITED,Sirisha Projects Private Limited,Promoter,2026-06-03,2026-06-05 10:55:56,05-Jun-2026 10:55:56,Equity,Buy,BUY,MARKET_BUY,217236.0,32403960.0,149.164779318345,23097945,3.68%,23315181,3.71%,02-06-2026,03-06-2026,Market Purchase,https://nsearchives.nseindia.com/corporate/ixbrl/IT_20260605_105556629_WEB.html
NCC,NCC LIMITED,Sirisha Projects Private Limited,Promoter,2026-06-09,2026-06-10 16:06:14,10-Jun-2026 16:06:14,Equity,Buy,BUY,MARKET_BUY,346357.0,49748017.0,143.63219741480611,23315181,3.71%,23661538,3.77%,08-06-2026,09-06-2026,Market Purchase,https://nsearchives.nseindia.com/corporate/ixbrl/IT_20260610_160614888_WEB.html
NCC,NCC LIMITED,Sirisha Projects Private Limited,Promoter,2026-06-10,2026-06-12 17:07:36,12-Jun-2026 17:07:36,Equity,Pledge,OTHER,OTHER,5500000.0,790460000.0,143.72,23661538,3.77%,23661538,3.77%,10-06-2026,10-06-2026,Pledge Creation,https://nsearchives.nseindia.com/corporate/ixbrl/IT_20260612_170736495_WEB.html
NCC,NCC LIMITED,Sirisha Projects Private Limited,Promoter,2026-06-12,2026-06-16 11:35:08,16-Jun-2026 11:35:08,Equity,Buy,BUY,MARKET_BUY,324411.0,47271706.0,145.7154843701354,23661538,3.77%,23985949,3.82%,11-06-2026,12-06-2026,Market Purchase,https://nsearchives.nseindia.com/corporate/ixbrl/IT_917_20260616_113508685_WEB.html
NCC,NCC LIMITED,Sirisha Projects Private Limited,Promoter,2026-06-16,2026-06-17 15:15:00,17-Jun-2026 15:15:00,Equity,Buy,BUY,MARKET_BUY,327485.0,50262939.0,153.48165259477534,23985949,3.82%,24313434,3.87%,15-06-2026,16-06-2026,Market Purchase,https://nsearchives.nseindia.com/corporate/ixbrl/IT_917_20260617_151500302_WEB.html
NCC,NCC LIMITED,Sirisha Projects Private Limited,Promoter,2026-06-18,2026-06-22 15:10:44,22-Jun-2026 15:10:44,Equity,Buy,BUY,MARKET_BUY,40000.0,6121600.0,153.04,24313434,3.87%,24353434,3.88%,18-06-2026,18-06-2026,Market Purchase,https://nsearchives.nseindia.com/corporate/ixbrl/IT_917_20260622_151044722_WEB.html
NCC,NCC LIMITED,Sirisha Projects Private Limited,Promoter,2026-06-25,2026-06-26 16:38:47,26-Jun-2026 16:38:47,Equity,Buy,BUY,MARKET_BUY,294659.0,45197744.0,153.38999996606248,24353434,3.88%,24648093,3.93%,25-06-2026,25-06-2026,Market Purchase,https://nsearchives.nseindia.com/corporate/ixbrl/IT_917_20260626_163847816_WEB.html
NCC,NCC LIMITED,Sirisha Projects Private Limited,Promoter,2026-08-11,2026-08-13 11:53:44,13-Aug-2026 11:53:44,Equity,Buy,BUY,MARKET_BUY,442855.0,64733972.0,146.17419245576994,24648093,3.93%,25090948,3.99%,10-08-2026,11-08-2026,Market Purchase,https://nsearchives.nseindia.com/corporate/ixbrl/IT_917_20260813_115344552_WEB.html
NCC,NCC LIMITED,Sirisha Projects Private Limited,Promoter,2026-08-18,2026-08-19 16:34:14,19-Aug-2026 16:34:14,Equity,Buy,BUY,MARKET_BUY,214546.0,29815308.0,138.96930262041707,25090948,3.99%,25305494,4.03%,17-08-2026,18-08-2026,Market Purchase,https://nsearchives.nseindia.com/corporate/ixbrl/IT_917_20260819_163413967_WEB.html
NCLIND,NCL INDUSTRIES LIMITED,Kalidindi Ravi,Promoter and Director,2026-06-04,2026-06-05 12:33:15,05-Jun-2026 12:33:15,Equity,Buy,BUY,MARKET_BUY,3000.0,540000.0,180.0,3094183,6.84%,3097183,6.85%,04-06-2026,04-06-2026,Market Purchase,https://nsearchives.nseindia.com/corporate/ixbrl/IT_20260605_123315120_WEB.html
NCLIND,NCL INDUSTRIES LIMITED,Kalidindi Ravi,Promoter and Director,2026-06-04,2026-06-05 12:37:22,05-Jun-2026 12:37:22,Equity,Buy,BUY,MARKET_BUY,3000.0,540000.0,180.0,3094183,6.84%,3097183,6.85%,04-06-2026,04-06-2026,Market Purchase,https://nsearchives.nseindia.com/corporate/ixbrl/IT_20260605_123722114_WEB.html
NCLIND,NCL INDUSTRIES LIMITED,Kalidindi Ravi,Promoter and Director,2026-06-05,2026-06-08 21:32:58,08-Jun-2026 21:32:58,Equity,Buy,BUY,MARKET_BUY,261.0,46589.0,178.50191570881225,3097183,6.84%,3097444,6.85%,05-06-2026,05-06-2026,Market Purchase,https://nsearchives.nseindia.com/corporate/ixbrl/IT_20260608_213258679_WEB.html
NCLIND,NCL INDUSTRIES LIMITED,Kalidindi Ravi,Promoter and Director,2026-06-05,2026-06-08 21:32:58,08-Jun-2026 21:32:58,Equity,Buy,BUY,OTHER,20000.0,3620000.0,181.0,3097444,6.85%,3117444,6.89%,05-06-2026,05-06-2026,Inter-se-Transfer,https://nsearchives.nseindia.com/corporate/ixbrl/IT_20260608_213258679_WEB.html
NCLIND,NCL INDUSTRIES LIMITED,G.T.SANDEEP,Promoter Group,2026-06-05,2026-06-09 16:50:04,09-Jun-2026 16:50:04,Equity,Sell,SELL,OTHER,20000.0,3620000.0,181.0,81722,0.18%,61722,0.14%,05-06-2026,05-06-2026,Inter-se-Transfer,https://nsearchives.nseindia.com/corporate/ixbrl/IT_20260609_165004685_WEB.html
NCLIND,NCL INDUSTRIES LIMITED,Kalidindi Ravi,Promoter and Director,2026-06-08,2026-06-09 16:50:04,09-Jun-2026 16:50:04,Equity,Buy,BUY,MARKET_BUY,7064.0,1278584.0,181.0,3117444,6.89%,3124508,6.91%,08-06-2026,08-06-2026,Market Purchase,https://nsearchives.nseindia.com/corporate/ixbrl/IT_20260609_165004685_WEB.html
NCLIND,NCL INDUSTRIES LIMITED,Kalidindi Ravi,Promoter and Director,2026-06-09,2026-06-10 16:26:50,10-Jun-2026 16:26:50,Equity,Buy,BUY,OTHER,27322.0,5000000.0,183.00270844008492,3124508,6.91%,3151830,6.97%,09-06-2026,09-06-2026,Inter-se-Transfer,https://nsearchives.nseindia.com/corporate/ixbrl/IT_20260610_162650642_WEB.html
NCLIND,NCL INDUSTRIES LIMITED,Kakatiya Industries Pvt.Ltd,Promoter Group,2026-06-09,2026-06-10 16:26:50,10-Jun-2026 16:26:50,Equity,Buy,BUY,OTHER,13661.0,2500000.0,183.00270844008492,605572,1.34%,619233,1.37%,09-06-2026,09-06-2026,Inter-se-Transfer,https://nsearchives.nseindia.com/corporate/ixbrl/IT_20260610_162650642_WEB.html
NCLIND,NCL INDUSTRIES LIMITED,Subba Raju Bhupathiraju,Promoter Group,2026-06-09,2026-06-11 16:58:28,11-Jun-2026 16:58:28,Equity,Sell,SELL,OTHER,40983.0,7500000.0,183.00270844008492,300588,0.66%,259605,0.57%,09-06-2026,09-06-2026,Inter-se-Transfer,https://nsearchives.nseindia.com/corporate/ixbrl/IT_20260611_165828642_WEB.html
NCLIND,NCL INDUSTRIES LIMITED,Kalidindi Ravi,Promoter and Director,2026-06-10,2026-06-11 16:58:28,11-Jun-2026 16:58:28,Equity,Buy,BUY,MARKET_BUY,4873.0,896388.0,183.9499281756618,3151830,6.97%,3156703,6.98%,10-06-2026,10-06-2026,Market Purchase,https://nsearchives.nseindia.com/corporate/ixbrl/IT_20260611_165828642_WEB.html
NCLIND,NCL INDUSTRIES LIMITED,Kalidindi Ravi,Promoter and Director,2026-06-11,2026-06-12 16:17:52,12-Jun-2026 16:17:52,Equity,Buy,BUY,MARKET_BUY,7000.0,1261470.0,180.21,3156703,6.98%,3163703,6.99%,11-06-2026,11-06-2026,Market Purchase,https://nsearchives.nseindia.com/corporate/ixbrl/IT_20260612_161752503_WEB.html
NCLIND,NCL INDUSTRIES LIMITED,VIKRAM CHEMICALS PRIVATE LIMITED,Promoter Group,2026-06-11,2026-06-12 16:17:52,12-Jun-2026 16:17:52,Equity,Buy,BUY,MARKET_BUY,1000.0,180000.0,180.0,0,0.00%,1000,0.00%,11-06-2026,11-06-2026,Market Purchase,https://nsearchives.nseindia.com/corporate/ixbrl/IT_20260612_161752503_WEB.html
NCLIND,NCL INDUSTRIES LIMITED,Kalidindi Ravi,Promoter and Director,2026-06-25,2026-06-26 15:25:53,26-Jun-2026 15:25:53,Equity,Buy,BUY,MARKET_BUY,1000.0,193000.0,193.0,3163703,6.99%,3164703,7.00%,25-06-2026,25-06-2026,Market Purchase,https://nsearchives.nseindia.com/corporate/ixbrl/IT_2568_20260626_152553487_WEB.html
NCLIND,NCL INDUSTRIES LIMITED,Kakatiya Industries Pvt.Ltd,Promoter Group,2026-06-25,2026-06-26 15:25:53,26-Jun-2026 15:25:53,Equity,Buy,BUY,MARKET_BUY,3000.0,579510.0,193.17,619233,1.37%,622233,1.38%,25-06-2026,25-06-2026,Market Purchase,https://nsearchives.nseindia.com/corporate/ixbrl/IT_2568_20260626_152553487_WEB.html
NCLIND,NCL INDUSTRIES LIMITED,VIKRAM CHEMICALS PRIVATE LIMITED,Promoter Group,2026-06-25,2026-06-26 15:25:53,26-Jun-2026 15:25:53,Equity,Buy,BUY,MARKET_BUY,3700.0,714618.0,193.14,1000,0.00%,4700,0.01%,25-06-2026,25-06-2026,Market Purchase,https://nsearchives.nseindia.com/corporate/ixbrl/IT_2568_20260626_152553487_WEB.html
NCLIND,NCL INDUSTRIES LIMITED,Kalidindi Ravi,Promoter and Director,2026-06-30,2026-07-01 20:21:52,01-Jul-2026 20:21:52,Equity,Buy,BUY,MARKET_BUY,6189.0,1194381.0,192.9844886088221,3164703,7.00%,3170892,7.01%,29-06-2026,30-06-2026,Market Purchase,https://nsearchives.nseindia.com/corporate/ixbrl/IT_2568_20260701_202152620_WEB.html
NCLIND,NCL INDUSTRIES LIMITED,Kakatiya Industries Pvt.Ltd,Promoter Group,2026-06-30,2026-07-01 20:21:52,01-Jul-2026 20:21:52,Equity,Buy,BUY,MARKET_BUY,4270.0,826750.0,193.61826697892272,622233,1.38%,626503,1.39%,29-06-2026,30-06-2026,Market Purchase,https://nsearchives.nseindia.com/corporate/ixbrl/IT_2568_20260701_202152620_WEB.html
NCLIND,NCL INDUSTRIES LIMITED,VIKRAM CHEMICALS PRIVATE LIMITED,Promoter Group,2026-06-30,2026-07-01 20:21:52,01-Jul-2026 20:21:52,Equity,Buy,BUY,MARKET_BUY,8911.0,1724554.0,193.5309168443497,4700,0.01%,13611,0.03%,29-06-2026,30-06-2026,Market Purchase,https://nsearchives.nseindia.com/corporate/ixbrl/IT_2568_20260701_202152620_WEB.html
NCLIND,NCL INDUSTRIES LIMITED,NCL HOLDINGS (A&S) LTD,Promoter Group,2026-06-30,2026-07-02 17:41:58,02-Jul-2026 17:41:58,Equity,Buy,BUY,OTHER,10000.0,1945800.0,194.58,300000,0.66%,310000,0.68%,30-06-2026,30-06-2026,Inter-se-Transfer,https://nsearchives.nseindia.com/corporate/ixbrl/IT_2568_20260702_174158545_WEB.html
NCLIND,NCL INDUSTRIES LIMITED,BLUE VALLEY DEVELOPERS PRIVATE LIMITED,Promoter Group,2026-06-30,2026-07-02 17:41:58,02-Jul-2026 17:41:58,Equity,Buy,BUY,OTHER,7000.0,1550000.0,221.42857142857142,219485,0.49%,226485,0.50%,30-06-2026,30-06-2026,Inter-se-Transfer,https://nsearchives.nseindia.com/corporate/ixbrl/IT_2568_20260702_174158545_WEB.html
NCLIND,NCL INDUSTRIES LIMITED,G.T.SANDEEP,Promoter Group,2026-06-30,2026-07-02 17:41:58,02-Jul-2026 17:41:58,Equity,Sell,SELL,OTHER,17000.0,3495800.0,205.63529411764705,61722,0.14%,44722,0.10%,30-06-2026,30-06-2026,Inter-se-Transfer,https://nsearchives.nseindia.com/corporate/ixbrl/IT_2568_20260702_174158545_WEB.html
NCLIND,NCL INDUSTRIES LIMITED,Kalidindi Ravi,Promoter and Director,2026-08-11,2026-08-12 17:49:32,12-Aug-2026 17:49:32,Equity,Buy,BUY,MARKET_BUY,79419.0,13900341.0,175.02538435386998,3170892,7.01%,3250311,7.19%,10-08-2026,11-08-2026,Market Purchase,https://nsearchives.nseindia.com/corporate/ixbrl/IT_2568_20260812_174931963_WEB.html
NCLIND,NCL INDUSTRIES LIMITED,Kakatiya Industries Pvt.Ltd,Promoter Group,2026-08-11,2026-08-12 17:49:32,12-Aug-2026 17:49:32,Equity,Buy,BUY,MARKET_BUY,7261.0,1268058.0,174.6395813248864,626503,1.39%,633764,1.40%,10-08-2026,11-08-2026,Market Purchase,https://nsearchives.nseindia.com/corporate/ixbrl/IT_2568_20260812_174931963_WEB.html
NCLIND,NCL INDUSTRIES LIMITED,VIKRAM CHEMICALS PRIVATE LIMITED,Promoter Group,2026-08-11,2026-08-12 17:49:32,12-Aug-2026 17:49:32,Equity,Buy,BUY,MARKET_BUY,3800.0,662208.0,174.26526315789474,13611,0.03%,17411,0.04%,10-08-2026,11-08-2026,Market Purchase,https://nsearchives.nseindia.com/corporate/ixbrl/IT_2568_20260812_174931963_WEB.html
NCLIND,NCL INDUSTRIES LIMITED,Kalidindi Ravi,Promoter and Director,2026-08-12,2026-08-13 11:04:43,13-Aug-2026 11:04:43,Equity,Buy,BUY,MARKET_BUY,7394.0,1283377.0,173.5700568028131,3250311,7.19%,3257705,7.20%,12-08-2026,12-08-2026,Market Purchase,https://nsearchives.nseindia.com/corporate/ixbrl/IT_2568_20260813_110442973_WEB.html
NCLIND,NCL INDUSTRIES LIMITED,Kakatiya Industries Pvt.Ltd,Promoter Group,2026-08-12,2026-08-13 11:04:43,13-Aug-2026 11:04:43,Equity,Buy,BUY,MARKET_BUY,1500.0,260505.0,173.67,633764,1.40%,635264,1.40%,12-08-2026,12-08-2026,Market Purchase,https://nsearchives.nseindia.com/corporate/ixbrl/IT_2568_20260813_110442973_WEB.html
NCLIND,NCL INDUSTRIES LIMITED,VIKRAM CHEMICALS PRIVATE LIMITED,Promoter Group,2026-08-12,2026-08-13 11:04:43,13-Aug-2026 11:04:43,Equity,Buy,BUY,MARKET_BUY,200.0,34700.0,173.5,17411,0.04%,17611,0.04%,12-08-2026,12-08-2026,Market Purchase,https://nsearchives.nseindia.com/corporate/ixbrl/IT_2568_20260813_110442973_WEB.html
NCLIND,NCL INDUSTRIES LIMITED,Kalidindi Ravi,Promoter and Director,2026-08-13,2026-08-14 10:34:10,14-Aug-2026 10:34:10,Equity,Buy,BUY,MARKET_BUY,1698.0,294552.0,173.46996466431096,3257705,7.20%,3259403,7.20%,13-08-2026,13-08-2026,Market Purchase,https://nsearchives.nseindia.com/corporate/ixbrl/IT_2568_20260814_103410499_WEB.html
NCLIND,NCL INDUSTRIES LIMITED,Kalidindi Ravi,Promoter and Director,2026-08-14,2026-08-17 22:13:32,17-Aug-2026 22:13:32,Equity,Buy,BUY,MARKET_BUY,570.0,98610.0,173.0,3259403,7.20%,3259973,7.20%,14-08-2026,14-08-2026,Market Purchase,https://nsearchives.nseindia.com/corporate/ixbrl/IT_2568_20260817_221332402_WEB.html
NCLIND,NCL INDUSTRIES LIMITED,NCL HOLDINGS (A&S) LTD,Promoter Group,2026-08-18,2026-08-19 12:57:59,19-Aug-2026 12:57:59,Equity,Buy,BUY,MARKET_BUY,64311.0,11056896.0,171.9285347763213,310000,0.68%,374311,0.82%,17-08-2026,18-08-2026,Market Purchase,https://nsearchives.nseindia.com/corporate/ixbrl/IT_2568_20260819_125759462_WEB.html
NCLIND,NCL INDUSTRIES LIMITED,KALIDINDI RAVI,Promoter and Director,2026-08-18,2026-08-19 12:57:59,19-Aug-2026 12:57:59,Equity,Buy,BUY,MARKET_BUY,2950.0,507489.0,172.0301694915254,3259973,7.20%,3262923,7.21%,18-08-2026,18-08-2026,Market Purchase,https://nsearchives.nseindia.com/corporate/ixbrl/IT_2568_20260819_125759462_WEB.html
NCLIND,NCL INDUSTRIES LIMITED,NCL HOLDINGS (A&S) LTD,Promoter Group,2026-08-19,2026-08-21 13:13:07,21-Aug-2026 13:13:07,Equity,Buy,BUY,MARKET_BUY,13000.0,2243930.0,172.61,374311,0.82%,387311,0.85%,19-08-2026,19-08-2026,Market Purchase,https://nsearchives.nseindia.com/corporate/ixbrl/IT_2568_20260821_131307729_WEB.html
NCLIND,NCL INDUSTRIES LIMITED,Kakatiya Industries Pvt.Ltd,Promoter Group,2026-08-19,2026-08-21 13:13:07,21-Aug-2026 13:13:07,Equity,Buy,BUY,MARKET_BUY,5003.0,864019.0,172.70017989206477,635264,1.40%,640267,1.41%,19-08-2026,19-08-2026,Market Purchase,https://nsearchives.nseindia.com/corporate/ixbrl/IT_2568_20260821_131307729_WEB.html
NCLIND,NCL INDUSTRIES LIMITED,NCL HOLDINGS (A&S) LTD,Promoter Group,2026-08-20,2026-08-21 13:13:07,21-Aug-2026 13:13:07,Equity,Buy,BUY,MARKET_BUY,7272.0,1269255.0,174.54001650165017,387311,0.85%,394583,0.87%,20-08-2026,20-08-2026,Market Purchase,https://nsearchives.nseindia.com/corporate/ixbrl/IT_2568_20260821_131307729_WEB.html
NCLIND,NCL INDUSTRIES LIMITED,NCL HOLDINGS (A&S) LTD,Promoter Group,2026-08-21,2026-08-24 19:29:58,24-Aug-2026 19:29:58,Equity,Buy,BUY,MARKET_BUY,6955.0,1201963.0,172.81998562185478,394583,0.87%,401538,0.89%,21-08-2026,21-08-2026,Market Purchase,https://nsearchives.nseindia.com/corporate/ixbrl/IT_2568_20260824_192958578_WEB.html
NCLIND,NCL INDUSTRIES LIMITED,NCL HOLDINGS (A&S) LTD,Promoter Group,2026-08-24,2026-08-25 17:49:09,25-Aug-2026 17:49:09,Equity,Buy,BUY,MARKET_BUY,13580.0,2339834.0,172.3,401538,0.89%,415118,0.92%,24-08-2026,24-08-2026,Market Purchase,https://nsearchives.nseindia.com/corporate/ixbrl/IT_2568_20260825_174909840_WEB.html
NCLIND,NCL INDUSTRIES LIMITED,Kakatiya Industries Pvt.Ltd,Promoter Group,2026-08-24,2026-08-25 17:49:09,25-Aug-2026 17:49:09,Equity,Buy,BUY,MARKET_BUY,1150.0,199468.0,173.4504347826087,640267,1.41%,641417,1.41%,24-08-2026,24-08-2026,Market Purchase,https://nsearchives.nseindia.com/corporate/ixbrl/IT_2568_20260825_174909840_WEB.html
NCLIND,NCL INDUSTRIES LIMITED,NCL HOLDINGS (A&S) LTD,Promoter Group,2026-08-25,2026-08-27 15:19:02,27-Aug-2026 15:19:02,Equity,Buy,BUY,MARKET_BUY,154.0,26534.0,172.2987012987013,415118,0.92%,415272,0.92%,25-08-2026,25-08-2026,Market Purchase,https://nsearchives.nseindia.com/corporate/ixbrl/IT_2568_20260827_151902774_WEB.html
NCLIND,NCL INDUSTRIES LIMITED,NCL HOLDINGS (A&S) LTD,Promoter Group,2026-08-31,2026-09-01 18:18:53,01-Sep-2026 18:18:53,Equity,Buy,BUY,MARKET_BUY,5724.0,995232.0,173.87002096436058,415272,0.92%,420996,0.93%,31-08-2026,31-08-2026,Market Purchase,https://nsearchives.nseindia.com/corporate/ixbrl/IT_2568_20260901_181853550_WEB.html
NCLIND,NCL INDUSTRIES LIMITED,Kalidindi Ravi,Promoter and Director,2026-08-31,2026-09-01 18:18:53,01-Sep-2026 18:18:53,Equity,Buy,BUY,MARKET_BUY,1000.0,174250.0,174.25,3262923,7.21%,3263923,7.21%,31-08-2026,31-08-2026,Market Purchase,https://nsearchives.nseindia.com/corporate/ixbrl/IT_2568_20260901_181853550_WEB.html
NCLIND,NCL INDUSTRIES LIMITED,NCL HOLDINGS (A&S) LTD,Promoter Group,2026-09-01,2026-09-02 19:51:55,02-Sep-2026 19:51:55,Equity,Buy,BUY,MARKET_BUY,6903.0,1197671.0,173.50007243227583,420996,0.93%,427899,0.95%,01-09-2026,01-09-2026,Market Purchase,https://nsearchives.nseindia.com/corporate/ixbrl/IT_2568_20260902_195155464_WEB.html
NCLIND,NCL INDUSTRIES LIMITED,NCL HOLDINGS (A&S) LTD,Promoter Group,2026-09-01,2026-09-02 19:51:55,02-Sep-2026 19:51:55,Equity,Buy,BUY,OTHER,15000.0,2662500.0,177.5,427899,0.95%,442899,0.98%,01-09-2026,01-09-2026,Inter-se-Transfer,https://nsearchives.nseindia.com/corporate/ixbrl/IT_2568_20260902_195155464_WEB.html
NCLIND,NCL INDUSTRIES LIMITED,G.T.SANDEEP,Promoter Group,2026-09-01,2026-09-02 19:51:55,02-Sep-2026 19:51:55,Equity,Sell,SELL,OTHER,15000.0,2662500.0,177.5,44722,0.10%,29722,0.07%,01-09-2026,01-09-2026,Inter-se-Transfer,https://nsearchives.nseindia.com/corporate/ixbrl/IT_2568_20260902_195155464_WEB.html
NCLIND,NCL INDUSTRIES LIMITED,VIKRAM CHEMICALS PRIVATE LIMITED,Promoter Group,2026-09-02,2026-09-04 16:37:26,04-Sep-2026 16:37:26,Equity,Buy,BUY,MARKET_BUY,833.0,144109.0,173.0,17611,0.04%,18444,0.04%,02-09-2026,02-09-2026,Market Purchase,https://nsearchives.nseindia.com/corporate/ixbrl/IT_2568_20260904_163726559_WEB.html
NECCLTD,NORTH EASTERN CARRYING CORPORATION LIMITED,SUNIL KUMAR JAIN,Promoter and Director,2026-06-06,2026-06-08 10:26:13,08-Jun-2026 10:26:13,Equity,Buy,BUY,OTHER,4500000.0,68310000.0,15.18,3955062,3.96%,8455062,8.09%,06-06-2026,06-06-2026,Allotment,https://nsearchives.nseindia.com/corporate/ixbrl/IT_20260608_102612924_WEB.html
NECCLTD,NORTH EASTERN CARRYING CORPORATION LIMITED,N.E.C.C. SECURITIES PRIVATE LIMITED,Promoter Group,2026-08-27,2026-08-29 10:13:12,29-Aug-2026 10:13:12,Equity,Sell,SELL,MARKET_SELL,500000.0,8750000.0,17.5,14548072,13.92%,14048072,13.44%,26-08-2026,27-08-2026,Market Sale,https://nsearchives.nseindia.com/corporate/ixbrl/IT_13506_20260829_101312424_WEB.html
NECCLTD,NORTH EASTERN CARRYING CORPORATION LIMITED,N.E.C.C. SECURITIES PRIVATE LIMITED,Promoter Group,2026-08-27,2026-08-29 10:29:57,29-Aug-2026 10:29:57,Equity,Sell,SELL,MARKET_SELL,500000.0,8750000.0,17.5,14548072,13.92%,14048072,13.44%,26-08-2026,27-08-2026,Market Sale,https://nsearchives.nseindia.com/corporate/ixbrl/IT_13506_20260829_102957352_WEB.html
NECCLTD,NORTH EASTERN CARRYING CORPORATION LIMITED,N.E.C.C. SECURITIES PRIVATE LIMITED,Promoter Group,2026-09-02,2026-09-03 17:05:20,03-Sep-2026 17:05:20,Equity,Sell,SELL,MARKET_SELL,500010.0,8450169.0,16.9,14048072,13.44%,13548062,12.96%,02-09-2026,02-09-2026,Market Sale,https://nsearchives.nseindia.com/corporate/ixbrl/IT_13506_20260903_170520616_WEB.html
NEOGEN,Neogen Chemicals Limited,Haridas Thakarshi Kanani,Promoter,2026-06-29,2026-06-30 11:50:34,30-Jun-2026 11:50:34,Equity,Sell,SELL,OTHER,350000.0,700000000.0,2000.0,375387,1.37%,25387,0.09%,29-06-2026,29-06-2026,Off Market,https://nsearchives.nseindia.com/corporate/ixbrl/IT_17441_20260630_115034064_WEB.html
NEOGEN,Neogen Chemicals Limited,Cadamba Solutions Private Limited,Promoter Group,2026-06-29,2026-06-30 11:50:34,30-Jun-2026 11:50:34,Equity,Buy,BUY,OTHER,350000.0,700000000.0,2000.0,1000000,3.65%,1350000,4.93%,29-06-2026,29-06-2026,Off Market,https://nsearchives.nseindia.com/corporate/ixbrl/IT_17441_20260630_115034064_WEB.html
NEOGEN,Neogen Chemicals Limited,Haridas Thakarshi Kanani,Promoter,2026-06-29,2026-06-30 13:07:24,30-Jun-2026 13:07:24,Equity,Sell,SELL,OTHER,350000.0,700000000.0,2000.0,375387,1.37%,25387,0.09%,29-06-2026,29-06-2026,Off Market,https://nsearchives.nseindia.com/corporate/ixbrl/IT_17441_20260630_130724488_WEB.html
NEOGEN,Neogen Chemicals Limited,Cadamba Solutions Private Limited,Promoter Group,2026-06-29,2026-06-30 13:07:24,30-Jun-2026 13:07:24,Equity,Buy,BUY,OTHER,350000.0,700000000.0,2000.0,1000000,3.65%,1350000,4.93%,29-06-2026,29-06-2026,Off Market,https://nsearchives.nseindia.com/corporate/ixbrl/IT_17441_20260630_130724488_WEB.html
NGLFINE,NGL FINE-CHEM LIMITED,SUNITA POTDAR,Promoter Group,2026-06-03,2026-06-08 17:05:50,08-Jun-2026 17:05:50,Equity,Sell,SELL,MARKET_SELL,6424.0,16723128.0,2603.2266500622663,824788,13.35%,818364,13.25%,03-06-2026,03-06-2026,Market Sale,https://nsearchives.nseindia.com/corporate/ixbrl/IT_20260608_170550678_WEB.html
NGLFINE,NGL FINE-CHEM LIMITED,SUNITA POTDAR,Promoter Group,2026-06-04,2026-06-10 11:14:32,10-Jun-2026 11:14:32,Equity,Sell,SELL,MARKET_SELL,1364.0,3619379.0,2653.50366568915,818364,13.25%,817000,13.23%,04-06-2026,04-06-2026,Market Sale,https://nsearchives.nseindia.com/corporate/ixbrl/IT_20260610_111432751_WEB.html
NGLFINE,NGL FINE-CHEM LIMITED,SUNITA POTDAR,Promoter Group,2026-06-05,2026-06-10 11:46:19,10-Jun-2026 11:46:19,Equity,Sell,SELL,MARKET_SELL,1300.0,3542672.0,2725.1323076923077,817000,13.23%,815700,13.20%,05-06-2026,05-06-2026,Market Sale,https://nsearchives.nseindia.com/corporate/ixbrl/IT_20260610_114619301_WEB.html
NGLFINE,NGL FINE-CHEM LIMITED,SUNITA POTDAR,Promoter Group,2026-06-08,2026-06-15 11:43:47,15-Jun-2026 11:43:47,Equity,Sell,SELL,MARKET_SELL,282.0,765787.0,2715.5567375886526,815700,13.20%,815418,13.20%,08-06-2026,08-06-2026,Market Sale,https://nsearchives.nseindia.com/corporate/ixbrl/IT_20676_20260615_114347429_WEB.html
NGLFINE,NGL FINE-CHEM LIMITED,SUNITA POTDAR,Promoter Group,2026-06-09,2026-06-15 11:43:47,15-Jun-2026 11:43:47,Equity,Sell,SELL,MARKET_SELL,1190.0,3377316.0,2838.0806722689076,815418,13.20%,814228,13.18%,09-06-2026,09-06-2026,Market Sale,https://nsearchives.nseindia.com/corporate/ixbrl/IT_20676_20260615_114347429_WEB.html
NGLFINE,NGL FINE-CHEM LIMITED,SUNITA POTDAR,Promoter Group,2026-06-10,2026-06-16 17:25:24,16-Jun-2026 17:25:24,Equity,Sell,SELL,MARKET_SELL,1281.0,3649088.0,2848.624512099922,814228,13.18%,812947,13.16%,10-06-2026,10-06-2026,Market Sale,https://nsearchives.nseindia.com/corporate/ixbrl/IT_20676_20260616_172524517_WEB.html
NGLFINE,NGL FINE-CHEM LIMITED,SUNITA POTDAR,Promoter Group,2026-06-11,2026-06-17 17:03:35,17-Jun-2026 17:03:35,Equity,Sell,SELL,MARKET_SELL,368.0,1014001.0,2755.4375,812947,13.16%,812579,13.15%,11-06-2026,11-06-2026,Market Sale,https://nsearchives.nseindia.com/corporate/ixbrl/IT_20676_20260617_170335498_WEB.html
NGLFINE,NGL FINE-CHEM LIMITED,SUNITA POTDAR,Promoter Group,2026-06-12,2026-06-18 12:56:48,18-Jun-2026 12:56:48,Equity,Sell,SELL,MARKET_SELL,1069.0,3023962.0,2828.7764265668848,812579,13.15%,811510,13.14%,12-06-2026,12-06-2026,Market Sale,https://nsearchives.nseindia.com/corporate/ixbrl/IT_20676_20260618_125648569_WEB.html
NHPC,NHPC Limited,The President of India,Promoter,2026-06-03,2026-06-05 11:21:06,05-Jun-2026 11:21:06,Equity,Sell,SELL,OTHER,603847814.0,43623783982.0,72.24301052450278,6770146458,67.40%,6166298644,61.39%,02-06-2026,03-06-2026,Others,https://nsearchives.nseindia.com/corporate/ixbrl/IT_20260605_112106534_WEB.html
NIITLTD,NIIT Limited,Pawar Family Trust,Promoter Group,2026-06-04,2026-06-05 15:59:28,05-Jun-2026 15:59:28,Equity,Buy,BUY,MARKET_BUY,860000.0,79060200.0,91.93046511627907,25308170,18.54%,26168170,19.17%,03-06-2026,04-06-2026,Market Purchase,https://nsearchives.nseindia.com/corporate/ixbrl/IT_20260605_155928784_WEB.html
NIITLTD,NIIT Limited,Thadani Family Trust,Promoter Group,2026-06-04,2026-06-05 15:59:28,05-Jun-2026 15:59:28,Equity,Buy,BUY,MARKET_BUY,860000.0,79048981.0,91.91741976744186,25856754,18.94%,26716754,19.57%,03-06-2026,04-06-2026,Market Purchase,https://nsearchives.nseindia.com/corporate/ixbrl/IT_20260605_155928784_WEB.html
NIITLTD,NIIT Limited,Pawar Family Trust,Promoter Group,2026-06-08,2026-06-10 15:54:32,10-Jun-2026 15:54:32,Equity,Buy,BUY,MARKET_BUY,585000.0,54584250.0,93.30641025641026,26168170,19.17%,26753170,19.60%,05-06-2026,08-06-2026,Market Purchase,https://nsearchives.nseindia.com/corporate/ixbrl/IT_20260610_155432585_WEB.html
NIITLTD,NIIT Limited,Thadani Family Trust,Promoter Group,2026-06-08,2026-06-10 15:54:32,10-Jun-2026 15:54:32,Equity,Buy,BUY,MARKET_BUY,585000.0,54592200.0,93.32,26716754,19.57%,27301754,20.00%,05-06-2026,08-06-2026,Market Purchase,https://nsearchives.nseindia.com/corporate/ixbrl/IT_20260610_155432585_WEB.html
NIITLTD,NIIT Limited,Pawar Family Trust,Promoter Group,2026-06-09,2026-06-10 15:54:32,10-Jun-2026 15:54:32,Equity,Buy,BUY,MARKET_BUY,170500.0,16523155.0,96.91,26753170,19.60%,26923670,19.72%,09-06-2026,09-06-2026,Market Purchase,https://nsearchives.nseindia.com/corporate/ixbrl/IT_20260610_155432585_WEB.html
NIITLTD,NIIT Limited,Thadani Family Trust,Promoter Group,2026-06-09,2026-06-10 15:54:32,10-Jun-2026 15:54:32,Equity,Buy,BUY,MARKET_BUY,170500.0,16528270.0,96.94,27301754,20.00%,27472254,20.12%,09-06-2026,09-06-2026,Market Purchase,https://nsearchives.nseindia.com/corporate/ixbrl/IT_20260610_155432585_WEB.html
NIITLTD,NIIT Limited,Pawar Family Trust,Promoter Group,2026-08-24,2026-08-27 12:13:16,27-Aug-2026 12:13:16,Equity,Buy,BUY,MARKET_BUY,47110.0,4420551.0,93.8346635533857,26923670,19.65%,26970780,19.69%,21-08-2026,24-08-2026,Market Purchase,https://nsearchives.nseindia.com/corporate/ixbrl/IT_2209_20260827_121316584_WEB.html
NIITLTD,NIIT Limited,Thadani Family Trust,Promoter Group,2026-08-24,2026-08-27 12:13:16,27-Aug-2026 12:13:16,Equity,Buy,BUY,MARKET_BUY,47110.0,4420419.0,93.83186160050944,27472254,20.05%,27519364,20.09%,21-08-2026,24-08-2026,Market Purchase,https://nsearchives.nseindia.com/corporate/ixbrl/IT_2209_20260827_121316584_WEB.html
NIITLTD,NIIT Limited,Pawar Family Trust,Promoter Group,2026-08-26,2026-08-31 11:42:10,31-Aug-2026 11:42:10,Equity,Buy,BUY,MARKET_BUY,240890.0,24647489.0,102.31843995184524,26970780,19.69%,27211670,19.86%,25-08-2026,26-08-2026,Market Purchase,https://nsearchives.nseindia.com/corporate/ixbrl/IT_2209_20260831_114210660_WEB.html
NIITLTD,NIIT Limited,Thadani Family Trust,Promoter Group,2026-08-26,2026-08-31 11:42:10,31-Aug-2026 11:42:10,Equity,Buy,BUY,MARKET_BUY,240890.0,24648549.0,102.32284030055212,27519364,20.09%,27760254,20.26%,25-08-2026,26-08-2026,Market Purchase,https://nsearchives.nseindia.com/corporate/ixbrl/IT_2209_20260831_114210660_WEB.html
NIITLTD,NIIT Limited,Pawar Family Trust,Promoter Group,2026-08-28,2026-09-02 16:24:20,02-Sep-2026 16:24:20,Equity,Buy,BUY,MARKET_BUY,294300.0,30751680.0,104.49092762487258,27211670,19.86%,27505970,20.08%,27-08-2026,28-08-2026,Market Purchase,https://nsearchives.nseindia.com/corporate/ixbrl/IT_2209_20260902_162420192_WEB.html
NIITLTD,NIIT Limited,Thadani Family Trust,Promoter Group,2026-08-28,2026-09-02 16:24:20,02-Sep-2026 16:24:20,Equity,Buy,BUY,MARKET_BUY,294300.0,30750983.0,104.4885592932382,27760254,20.26%,28054554,20.48%,27-08-2026,28-08-2026,Market Purchase,https://nsearchives.nseindia.com/corporate/ixbrl/IT_2209_20260902_162420192_WEB.html
NIITLTD,NIIT Limited,Pawar Family Trust,Promoter Group,2026-08-31,2026-09-02 16:24:20,02-Sep-2026 16:24:20,Equity,Buy,BUY,MARKET_BUY,108700.0,11605899.0,106.77,27505970,20.08%,27614670,20.16%,31-08-2026,31-08-2026,Market Purchase,https://nsearchives.nseindia.com/corporate/ixbrl/IT_2209_20260902_162420192_WEB.html
NIITLTD,NIIT Limited,Thadani Family Trust,Promoter Group,2026-08-31,2026-09-02 16:24:20,02-Sep-2026 16:24:20,Equity,Buy,BUY,MARKET_BUY,108700.0,11605899.0,106.77,28054554,20.48%,28163254,20.56%,31-08-2026,31-08-2026,Market Purchase,https://nsearchives.nseindia.com/corporate/ixbrl/IT_2209_20260902_162420192_WEB.html
NIITMTS,NIIT Learning Systems Limited,Pawar Family Trust (Through its Trustee Rajendra Singh Pawar),Promoter Group,2026-06-08,2026-06-10 17:39:06,10-Jun-2026 17:39:06,Equity,Buy,BUY,MARKET_BUY,37500.0,8404125.0,224.11,22545644,16.38%,22583144,16.40%,08-06-2026,08-06-2026,Market Purchase,https://nsearchives.nseindia.com/corporate/ixbrl/IT_20260610_173906614_WEB.html
NIITMTS,NIIT Learning Systems Limited,Thadani Family Trust (Through its Trustee Vijay Kumar Thadani),Promoter Group,2026-06-08,2026-06-10 17:39:06,10-Jun-2026 17:39:06,Equity,Buy,BUY,MARKET_BUY,37500.0,8406750.0,224.18,23094229,16.77%,23131729,16.80%,08-06-2026,08-06-2026,Market Purchase,https://nsearchives.nseindia.com/corporate/ixbrl/IT_20260610_173906614_WEB.html
NIITMTS,NIIT Learning Systems Limited,Pawar Family Trust (Through its Trustee Rajendra Singh Pawar),Promoter Group,2026-06-09,2026-06-10 17:39:06,10-Jun-2026 17:39:06,Equity,Buy,BUY,MARKET_BUY,18794.0,4240490.0,225.62998829413644,22583144,16.40%,22601938,16.42%,09-06-2026,09-06-2026,Market Purchase,https://nsearchives.nseindia.com/corporate/ixbrl/IT_20260610_173906614_WEB.html
NIITMTS,NIIT Learning Systems Limited,Thadani Family Trust (Through its Trustee Vijay Kumar Thadani),Promoter Group,2026-06-09,2026-06-10 17:39:06,10-Jun-2026 17:39:06,Equity,Buy,BUY,MARKET_BUY,18794.0,4243497.0,225.7899861657976,23131729,16.80%,23150523,16.82%,09-06-2026,09-06-2026,Market Purchase,https://nsearchives.nseindia.com/corporate/ixbrl/IT_20260610_173906614_WEB.html
NILASPACES,NILA SPACES LIMITED,Kiran B Vadodaria,Promoter,2026-08-12,2026-08-12 16:54:36,12-Aug-2026 16:54:36,Equity,Sell,SELL,MARKET_SELL,840838.0,10123612.0,12.039907806259945,31758100,8.06%,30917262,7.85%,10-08-2026,12-08-2026,Market Sale,https://nsearchives.nseindia.com/corporate/ixbrl/IT_17088_20260812_165436480_WEB.html
NILASPACES,NILA SPACES LIMITED,Kiran B Vadodaria,Promoter,2026-08-18,2026-08-19 17:19:12,19-Aug-2026 17:19:12,Equity,Sell,SELL,MARKET_SELL,737197.0,9339194.0,12.66851872701598,30917262,7.85%,30180065,7.66%,17-08-2026,18-08-2026,Market Sale,https://nsearchives.nseindia.com/corporate/ixbrl/IT_17088_20260819_171912156_WEB.html
NILASPACES,NILA SPACES LIMITED,Kiran B Vadodaria,Promoter,2026-08-24,2026-08-24 18:25:38,24-Aug-2026 18:25:38,Equity,Sell,SELL,MARKET_SELL,1500000.0,19024000.0,12.682666666666666,30180065,7.66%,28680065,7.28%,20-08-2026,24-08-2026,Market Sale,https://nsearchives.nseindia.com/corporate/ixbrl/IT_17088_20260824_182538292_WEB.html
NILASPACES,NILA SPACES LIMITED,Kiran B Vadodaria,Promoter,2026-08-27,2026-08-27 17:05:39,27-Aug-2026 17:05:39,Equity,Sell,SELL,MARKET_SELL,1000000.0,12580000.0,12.58,28680065,7.28%,27680065,7.03%,25-08-2026,27-08-2026,Market Sale,https://nsearchives.nseindia.com/corporate/ixbrl/IT_17088_20260827_170539360_WEB.html
NILASPACES,NILA SPACES LIMITED,Kiran B Vadodaria,Promoter,2026-09-03,2026-09-03 18:50:47,03-Sep-2026 18:50:47,Equity,Sell,SELL,MARKET_SELL,1000000.0,12345000.0,12.345,27680065,7.03%,26680065,6.77%,02-09-2026,03-09-2026,Market Sale,https://nsearchives.nseindia.com/corporate/ixbrl/IT_17088_20260903_185047595_WEB.html
NINSYS,Nintec Systems Limited,Niraj Chhaganraj Gemawat,Promoter and Director,2026-06-19,2026-06-20 13:28:58,20-Jun-2026 13:28:58,Equity,Buy,BUY,MARKET_BUY,1000.0,700662.0,700.662,3399366,18.30%,3400366,18.31%,19-06-2026,19-06-2026,Market Purchase,https://nsearchives.nseindia.com/corporate/ixbrl/IT_21310_20260620_132858206_WEB.html
NINSYS,Nintec Systems Limited,Niraj Chhaganraj Gemawat,Promoter and Director,2026-06-19,2026-06-20 13:28:58,20-Jun-2026 13:28:58,Equity,Buy,BUY,MARKET_BUY,1000.0,710907.0,710.907,3400366,18.31%,3401366,18.31%,19-06-2026,19-06-2026,Market Purchase,https://nsearchives.nseindia.com/corporate/ixbrl/IT_21310_20260620_132858206_WEB.html
NINSYS,Nintec Systems Limited,Niraj Chhaganraj Gemawat,Promoter and Director,2026-06-19,2026-06-20 13:28:58,20-Jun-2026 13:28:58,Equity,Buy,BUY,MARKET_BUY,500.0,359598.0,719.196,3401366,18.31%,3401866,18.31%,19-06-2026,19-06-2026,Market Purchase,https://nsearchives.nseindia.com/corporate/ixbrl/IT_21310_20260620_132858206_WEB.html
NINSYS,Nintec Systems Limited,Niraj Chhaganraj Gemawat,Promoter and Director,2026-06-19,2026-06-20 13:28:58,20-Jun-2026 13:28:58,Equity,Buy,BUY,MARKET_BUY,200.0,144000.0,720.0,3401866,18.31%,3402066,18.31%,19-06-2026,19-06-2026,Market Purchase,https://nsearchives.nseindia.com/corporate/ixbrl/IT_21310_20260620_132858206_WEB.html
NINSYS,Nintec Systems Limited,Niraj Chhaganraj Gemawat,Promoter and Director,2026-06-19,2026-06-20 13:28:58,20-Jun-2026 13:28:58,Equity,Buy,BUY,MARKET_BUY,1000.0,720000.0,720.0,3402066,18.31%,3403066,18.32%,19-06-2026,19-06-2026,Market Purchase,https://nsearchives.nseindia.com/corporate/ixbrl/IT_21310_20260620_132858206_WEB.html
NINSYS,Nintec Systems Limited,Niraj Chhaganraj Gemawat,Promoter and Director,2026-06-19,2026-06-20 13:28:58,20-Jun-2026 13:28:58,Equity,Buy,BUY,MARKET_BUY,300.0,216000.0,720.0,3403066,18.32%,3403366,18.32%,19-06-2026,19-06-2026,Market Purchase,https://nsearchives.nseindia.com/corporate/ixbrl/IT_21310_20260620_132858206_WEB.html
NINSYS,Nintec Systems Limited,Niraj Chhaganraj Gemawat,Promoter and Director,2026-06-19,2026-06-20 13:30:27,20-Jun-2026 13:30:27,Equity,Buy,BUY,MARKET_BUY,1000.0,700662.0,700.662,3399366,18.30%,3400366,18.31%,19-06-2026,19-06-2026,Market Purchase,https://nsearchives.nseindia.com/corporate/ixbrl/IT_21310_20260620_133027293_WEB.html
NINSYS,Nintec Systems Limited,Niraj Chhaganraj Gemawat,Promoter and Director,2026-06-19,2026-06-20 13:30:27,20-Jun-2026 13:30:27,Equity,Buy,BUY,MARKET_BUY,1000.0,710907.0,710.907,3400366,18.31%,3401366,18.31%,19-06-2026,19-06-2026,Market Purchase,https://nsearchives.nseindia.com/corporate/ixbrl/IT_21310_20260620_133027293_WEB.html
NINSYS,Nintec Systems Limited,Niraj Chhaganraj Gemawat,Promoter and Director,2026-06-19,2026-06-20 13:30:27,20-Jun-2026 13:30:27,Equity,Buy,BUY,MARKET_BUY,500.0,359598.0,719.196,3401366,18.31%,3401866,18.31%,19-06-2026,19-06-2026,Market Purchase,https://nsearchives.nseindia.com/corporate/ixbrl/IT_21310_20260620_133027293_WEB.html
NINSYS,Nintec Systems Limited,Niraj Chhaganraj Gemawat,Promoter and Director,2026-06-19,2026-06-20 13:30:27,20-Jun-2026 13:30:27,Equity,Buy,BUY,MARKET_BUY,200.0,144000.0,720.0,3401866,18.31%,3402066,18.31%,19-06-2026,19-06-2026,Market Purchase,https://nsearchives.nseindia.com/corporate/ixbrl/IT_21310_20260620_133027293_WEB.html
NINSYS,Nintec Systems Limited,Niraj Chhaganraj Gemawat,Promoter and Director,2026-06-19,2026-06-20 13:30:27,20-Jun-2026 13:30:27,Equity,Buy,BUY,MARKET_BUY,1000.0,720000.0,720.0,3402066,18.31%,3403066,18.32%,19-06-2026,19-06-2026,Market Purchase,https://nsearchives.nseindia.com/corporate/ixbrl/IT_21310_20260620_133027293_WEB.html
NINSYS,Nintec Systems Limited,Niraj Chhaganraj Gemawat,Promoter and Director,2026-06-19,2026-06-20 13:30:27,20-Jun-2026 13:30:27,Equity,Buy,BUY,MARKET_BUY,300.0,216000.0,720.0,3403066,18.32%,3403366,18.32%,19-06-2026,19-06-2026,Market Purchase,https://nsearchives.nseindia.com/corporate/ixbrl/IT_21310_20260620_133027293_WEB.html
NINSYS,Nintec Systems Limited,Niraj Chhaganraj Gemawat,Promoter and Director,2026-06-19,2026-06-20 14:48:19,20-Jun-2026 14:48:19,Equity,Buy,BUY,MARKET_BUY,1000.0,700662.0,700.662,3399366,18.30%,3400366,18.31%,19-06-2026,19-06-2026,Market Purchase,https://nsearchives.nseindia.com/corporate/ixbrl/IT_21310_20260620_144819141_WEB.html
NINSYS,Nintec Systems Limited,Niraj Chhaganraj Gemawat,Promoter and Director,2026-06-19,2026-06-20 14:48:19,20-Jun-2026 14:48:19,Equity,Buy,BUY,MARKET_BUY,1000.0,710907.0,710.907,3400366,18.31%,3401366,18.31%,19-06-2026,19-06-2026,Market Purchase,https://nsearchives.nseindia.com/corporate/ixbrl/IT_21310_20260620_144819141_WEB.html
NINSYS,Nintec Systems Limited,Niraj Chhaganraj Gemawat,Promoter and Director,2026-06-19,2026-06-20 14:48:19,20-Jun-2026 14:48:19,Equity,Buy,BUY,MARKET_BUY,500.0,359598.0,719.196,3401366,18.31%,3401866,18.31%,19-06-2026,19-06-2026,Market Purchase,https://nsearchives.nseindia.com/corporate/ixbrl/IT_21310_20260620_144819141_WEB.html
NINSYS,Nintec Systems Limited,Niraj Chhaganraj Gemawat,Promoter and Director,2026-06-19,2026-06-20 14:48:19,20-Jun-2026 14:48:19,Equity,Buy,BUY,MARKET_BUY,200.0,144000.0,720.0,3401866,18.31%,3402066,18.31%,19-06-2026,19-06-2026,Market Purchase,https://nsearchives.nseindia.com/corporate/ixbrl/IT_21310_20260620_144819141_WEB.html
NINSYS,Nintec Systems Limited,Niraj Chhaganraj Gemawat,Promoter and Director,2026-06-19,2026-06-20 14:48:19,20-Jun-2026 14:48:19,Equity,Buy,BUY,MARKET_BUY,1000.0,720000.0,720.0,3402066,18.31%,3403066,18.32%,19-06-2026,19-06-2026,Market Purchase,https://nsearchives.nseindia.com/corporate/ixbrl/IT_21310_20260620_144819141_WEB.html
NINSYS,Nintec Systems Limited,Niraj Chhaganraj Gemawat,Promoter and Director,2026-06-19,2026-06-20 14:48:19,20-Jun-2026 14:48:19,Equity,Buy,BUY,MARKET_BUY,300.0,216000.0,720.0,3403066,18.32%,3403366,18.32%,19-06-2026,19-06-2026,Market Purchase,https://nsearchives.nseindia.com/corporate/ixbrl/IT_21310_20260620_144819141_WEB.html
NINSYS,Nintec Systems Limited,Niraj Chhaganraj Gemawat,Promoter and Director,2026-06-22,2026-06-23 19:31:35,23-Jun-2026 19:31:35,Equity,Buy,BUY,MARKET_BUY,2000.0,1443534.0,721.767,3403366,18.32%,3405366,18.33%,22-06-2026,22-06-2026,Market Purchase,https://nsearchives.nseindia.com/corporate/ixbrl/IT_21310_20260623_193135071_WEB.html
NINSYS,Nintec Systems Limited,Niraj Chhaganraj Gemawat,Promoter and Director,2026-06-22,2026-06-23 19:31:35,23-Jun-2026 19:31:35,Equity,Buy,BUY,MARKET_BUY,1000.0,724494.0,724.494,3405366,18.33%,3406366,18.34%,22-06-2026,22-06-2026,Market Purchase,https://nsearchives.nseindia.com/corporate/ixbrl/IT_21310_20260623_193135071_WEB.html
NINSYS,Nintec Systems Limited,Niraj Chhaganraj Gemawat,Promoter and Director,2026-06-22,2026-06-23 19:31:35,23-Jun-2026 19:31:35,Equity,Buy,BUY,MARKET_BUY,2000.0,1508906.0,754.453,3406366,18.34%,3408366,18.35%,22-06-2026,22-06-2026,Market Purchase,https://nsearchives.nseindia.com/corporate/ixbrl/IT_21310_20260623_193135071_WEB.html
NINSYS,Nintec Systems Limited,Niraj Chhaganraj Gemawat,Promoter and Director,2026-06-23,2026-06-23 19:31:35,23-Jun-2026 19:31:35,Equity,Buy,BUY,MARKET_BUY,2500.0,1945278.0,778.1112,3408366,18.35%,3410866,18.36%,23-06-2026,23-06-2026,Market Purchase,https://nsearchives.nseindia.com/corporate/ixbrl/IT_21310_20260623_193135071_WEB.html
NINSYS,Nintec Systems Limited,Niraj Chhaganraj Gemawat,Promoter and Director,2026-06-23,2026-06-23 19:31:35,23-Jun-2026 19:31:35,Equity,Buy,BUY,MARKET_BUY,2500.0,1937917.0,775.1668,3410866,18.36%,3413366,18.38%,23-06-2026,23-06-2026,Market Purchase,https://nsearchives.nseindia.com/corporate/ixbrl/IT_21310_20260623_193135071_WEB.html
NINSYS,Nintec Systems Limited,Niraj Chhaganraj Gemawat,Promoter and Director,2026-06-24,2026-06-25 18:35:16,25-Jun-2026 18:35:16,Equity,Buy,BUY,MARKET_BUY,2500.0,1942198.0,776.8792,3413366,18.38%,3415866,18.39%,24-06-2026,24-06-2026,Market Purchase,https://nsearchives.nseindia.com/corporate/ixbrl/IT_21310_20260625_183516410_WEB.html
NINSYS,Nintec Systems Limited,Niraj Chhaganraj Gemawat,Promoter and Director,2026-06-25,2026-06-25 18:35:16,25-Jun-2026 18:35:16,Equity,Buy,BUY,MARKET_BUY,3000.0,2365904.0,788.6346666666667,3415866,18.39%,3418866,18.40%,25-06-2026,25-06-2026,Market Purchase,https://nsearchives.nseindia.com/corporate/ixbrl/IT_21310_20260625_183516410_WEB.html
NINSYS,Nintec Systems Limited,Niraj Chhaganraj Gemawat,Promoter and Director,2026-06-29,2026-07-01 13:41:34,01-Jul-2026 13:41:34,Equity,Buy,BUY,MARKET_BUY,2700.0,2182282.0,808.2525925925926,3418866,18.40%,3421566,18.42%,29-06-2026,29-06-2026,Market Purchase,https://nsearchives.nseindia.com/corporate/ixbrl/IT_21310_20260701_134133946_WEB.html
NINSYS,Nintec Systems Limited,Niraj Chhaganraj Gemawat,Promoter and Director,2026-06-29,2026-07-01 13:41:34,01-Jul-2026 13:41:34,Equity,Buy,BUY,MARKET_BUY,300.0,242700.0,809.0,3421566,18.42%,3421866,18.42%,29-06-2026,29-06-2026,Market Purchase,https://nsearchives.nseindia.com/corporate/ixbrl/IT_21310_20260701_134133946_WEB.html
NINSYS,Nintec Systems Limited,Niraj Chhaganraj Gemawat,Promoter and Director,2026-06-29,2026-07-01 13:42:41,01-Jul-2026 13:42:41,Equity,Buy,BUY,MARKET_BUY,2700.0,2182282.0,808.2525925925926,3418866,18.40%,3421566,18.42%,29-06-2026,29-06-2026,Market Purchase,https://nsearchives.nseindia.com/corporate/ixbrl/IT_21310_20260701_134241086_WEB.html
NINSYS,Nintec Systems Limited,Niraj Chhaganraj Gemawat,Promoter and Director,2026-06-29,2026-07-01 13:42:41,01-Jul-2026 13:42:41,Equity,Buy,BUY,MARKET_BUY,300.0,242700.0,809.0,3421566,18.42%,3421866,18.42%,29-06-2026,29-06-2026,Market Purchase,https://nsearchives.nseindia.com/corporate/ixbrl/IT_21310_20260701_134241086_WEB.html
NINSYS,Nintec Systems Limited,Niraj Chhaganraj Gemawat,Promoter and Director,2026-06-30,2026-07-01 13:41:34,01-Jul-2026 13:41:34,Equity,Buy,BUY,MARKET_BUY,500.0,411910.0,823.82,3421866,18.42%,3422366,18.42%,30-06-2026,30-06-2026,Market Purchase,https://nsearchives.nseindia.com/corporate/ixbrl/IT_21310_20260701_134133946_WEB.html
NINSYS,Nintec Systems Limited,Niraj Chhaganraj Gemawat,Promoter and Director,2026-06-30,2026-07-01 13:41:34,01-Jul-2026 13:41:34,Equity,Buy,BUY,MARKET_BUY,3000.0,2482834.0,827.6113333333333,3422366,18.42%,3425366,18.44%,30-06-2026,30-06-2026,Market Purchase,https://nsearchives.nseindia.com/corporate/ixbrl/IT_21310_20260701_134133946_WEB.html
NINSYS,Nintec Systems Limited,Niraj Chhaganraj Gemawat,Promoter and Director,2026-06-30,2026-07-01 13:42:41,01-Jul-2026 13:42:41,Equity,Buy,BUY,MARKET_BUY,500.0,411910.0,823.82,3421866,18.42%,3422366,18.42%,30-06-2026,30-06-2026,Market Purchase,https://nsearchives.nseindia.com/corporate/ixbrl/IT_21310_20260701_134241086_WEB.html
NINSYS,Nintec Systems Limited,Niraj Chhaganraj Gemawat,Promoter and Director,2026-06-30,2026-07-01 13:42:41,01-Jul-2026 13:42:41,Equity,Buy,BUY,MARKET_BUY,3000.0,2482834.0,827.6113333333333,3422366,18.42%,3425366,18.44%,30-06-2026,30-06-2026,Market Purchase,https://nsearchives.nseindia.com/corporate/ixbrl/IT_21310_20260701_134241086_WEB.html
NITCO,NITCO Limited,Mr. Vivek Prannath Talwar,Promoter and Director,2026-07-23,2026-07-24 16:29:59,24-Jul-2026 16:29:59,Equity,Buy,BUY,OTHER,6504065.0,450000000.0,69.18750043242187,21223669,8.82%,27727734,11.53%,23-07-2026,23-07-2026,Conversion of security,https://nsearchives.nseindia.com/corporate/ixbrl/IT_2377_20260724_162959617_WEB.html
NITCO,NITCO Limited,Mr. Vivek Prannath Talwar,Promoter and Director,2026-07-24,2026-07-28 15:35:30,28-Jul-2026 15:35:30,Equity,Buy,BUY,OTHER,5505935.0,380941878.0,69.18750003405417,27727734,11.22%,33233669,13.16%,24-07-2026,24-07-2026,Conversion of security,https://nsearchives.nseindia.com/corporate/ixbrl/IT_2377_20260728_153530395_WEB.html
NLCINDIA,NLC India Limited,"The President of India acting through and represented by Ministry of Coal, Government of India.",Promoter,2026-06-10,2026-06-12 18:12:01,12-Jun-2026 18:12:01,Equity,Sell,SELL,MARKET_SELL,19922367.0,6457404857.0,324.1283958377034,1001156562,72.20%,981234195,70.76%,09-06-2026,10-06-2026,Market Sale,https://nsearchives.nseindia.com/corporate/ixbrl/IT_20260612_181201305_WEB.html
NLCINDIA,NLC India Limited,"The President of India acting through and represented by Ministry of Coal, Government of India.",Promoter,2026-06-10,2026-06-12 18:12:01,12-Jun-2026 18:12:01,Equity,Sell,SELL,MARKET_SELL,17870788.0,5792429847.0,324.1283958491366,981234195,70.76%,963363407,69.47%,09-06-2026,10-06-2026,Market Sale,https://nsearchives.nseindia.com/corporate/ixbrl/IT_20260612_181201305_WEB.html
NOVAAGRI,Nova Agritech Limited,Atukuri Soujanya,Promoter Group,2026-06-22,2026-06-24 16:58:41,24-Jun-2026 16:58:41,Equity,Buy,BUY,MARKET_BUY,4360.0,111180.0,25.5,5709,0.01%,10069,0.01%,22-06-2026,22-06-2026,Market Purchase,https://nsearchives.nseindia.com/corporate/ixbrl/IT_21751_20260624_165841279_WEB.html
NPST,NETWORK PEOPLE SERVICES TECHNOLOGIES LIMITED,SAVITA VASHIST,Promoter and Director,2026-06-25,2026-07-01 17:33:31,01-Jul-2026 17:33:31,Equity,Sell,SELL,MARKET_SELL,82313.0,1580.0,0.019195023872292348,5028000,24.10%,4945687,23.70%,25-06-2026,25-06-2026,Market Sale,https://nsearchives.nseindia.com/corporate/ixbrl/IT_19148_20260701_173331220_WEB.html
NPST,NETWORK PEOPLE SERVICES TECHNOLOGIES LIMITED,DEEPAK CHAND THAKUR,Promoter and Director,2026-06-25,2026-07-01 17:33:31,01-Jul-2026 17:33:31,Equity,Buy,BUY,MARKET_BUY,1246.0,1583.0,1.2704654895666132,3789487,18.16%,3790733,18.17%,25-06-2026,25-06-2026,Market Purchase,https://nsearchives.nseindia.com/corporate/ixbrl/IT_19148_20260701_173331220_WEB.html
NPST,NETWORK PEOPLE SERVICES TECHNOLOGIES LIMITED,DEEPAK CHAND THAKUR,Promoter and Director,2026-06-25,2026-07-01 17:33:31,01-Jul-2026 17:33:31,Equity,Buy,BUY,MARKET_BUY,49032.0,1583.0,0.03228503834230707,3790733,18.17%,3839765,18.40%,25-06-2026,25-06-2026,Market Purchase,https://nsearchives.nseindia.com/corporate/ixbrl/IT_19148_20260701_173331220_WEB.html
NPST,NETWORK PEOPLE SERVICES TECHNOLOGIES LIMITED,ASHISH AGGARWAL,Promoter and Director,2026-06-25,2026-07-01 17:33:31,01-Jul-2026 17:33:31,Equity,Buy,BUY,MARKET_BUY,30491.0,1575.0,0.05165458659932439,3786470,18.15%,3816961,18.29%,25-06-2026,25-06-2026,Market Purchase,https://nsearchives.nseindia.com/corporate/ixbrl/IT_19148_20260701_173331220_WEB.html
NPST,NETWORK PEOPLE SERVICES TECHNOLOGIES LIMITED,SAVITA VASHIST,Promoter and Director,2026-06-25,2026-07-01 17:34:08,01-Jul-2026 17:34:08,Equity,Sell,SELL,MARKET_SELL,82313.0,1580.0,0.019195023872292348,5028000,24.10%,4945687,23.70%,25-06-2026,25-06-2026,Market Sale,https://nsearchives.nseindia.com/corporate/ixbrl/IT_19148_20260701_173408099_WEB.html
NPST,NETWORK PEOPLE SERVICES TECHNOLOGIES LIMITED,DEEPAK CHAND THAKUR,Promoter and Director,2026-06-25,2026-07-01 17:34:08,01-Jul-2026 17:34:08,Equity,Buy,BUY,MARKET_BUY,1246.0,1583.0,1.2704654895666132,3789487,18.16%,3790733,18.17%,25-06-2026,25-06-2026,Market Purchase,https://nsearchives.nseindia.com/corporate/ixbrl/IT_19148_20260701_173408099_WEB.html
NPST,NETWORK PEOPLE SERVICES TECHNOLOGIES LIMITED,DEEPAK CHAND THAKUR,Promoter and Director,2026-06-25,2026-07-01 17:34:08,01-Jul-2026 17:34:08,Equity,Buy,BUY,MARKET_BUY,49032.0,1583.0,0.03228503834230707,3790733,18.17%,3839765,18.40%,25-06-2026,25-06-2026,Market Purchase,https://nsearchives.nseindia.com/corporate/ixbrl/IT_19148_20260701_173408099_WEB.html
NPST,NETWORK PEOPLE SERVICES TECHNOLOGIES LIMITED,ASHISH AGGARWAL,Promoter and Director,2026-06-25,2026-07-01 17:34:08,01-Jul-2026 17:34:08,Equity,Buy,BUY,MARKET_BUY,30491.0,1575.0,0.05165458659932439,3786470,18.15%,3816961,18.29%,25-06-2026,25-06-2026,Market Purchase,https://nsearchives.nseindia.com/corporate/ixbrl/IT_19148_20260701_173408099_WEB.html
NRBBEARING,NRB BEARING LIMITED,Trilochan Singh Sahney Trust 1,Promoter,2026-06-08,2026-06-09 18:11:17,09-Jun-2026 18:11:17,Equity,Sell,SELL,MARKET_SELL,4370000.0,1704300000.0,390.0,4881175,5.04%,511175,0.53%,08-06-2026,08-06-2026,Market Sale,https://nsearchives.nseindia.com/corporate/ixbrl/IT_20260609_181117899_WEB.html
NRBBEARING,NRB BEARING LIMITED,Trilochan Singh Sahney Trust 1,Promoter,2026-06-08,2026-06-10 18:44:50,10-Jun-2026 18:44:50,Equity,Pledge,OTHER,OTHER,70000.0,29956500.0,427.95,511175,0.53%,511175,0.53%,08-06-2026,08-06-2026,Pledge Release,https://nsearchives.nseindia.com/corporate/ixbrl/IT_20260610_184450813_WEB.html
NRBBEARING,NRB BEARING LIMITED,Harshbeena Zaveri,Promoter,2026-06-11,2026-06-12 18:22:59,12-Jun-2026 18:22:59,Equity,Pledge,OTHER,OTHER,6900000.0,2938710000.0,425.9,40207885,41.48%,40207885,41.48%,11-06-2026,11-06-2026,Pledge Release,https://nsearchives.nseindia.com/corporate/ixbrl/IT_20260612_182259340_WEB.html
NRBBEARING,NRB BEARING LIMITED,Harshbeena Zaveri,Promoter,2026-06-12,2026-06-12 18:22:59,12-Jun-2026 18:22:59,Equity,Pledge,OTHER,OTHER,12700000.0,5408930000.0,425.9,40207885,41.48%,40207885,41.48%,12-06-2026,12-06-2026,Pledge Release,https://nsearchives.nseindia.com/corporate/ixbrl/IT_20260612_182259340_WEB.html
NRBBEARING,NRB BEARING LIMITED,Harshbeena Zaveri,Promoter,2026-06-23,2026-06-26 16:32:26,26-Jun-2026 16:32:26,Equity,Pledge,OTHER,OTHER,3784427.0,1620870084.0,428.2999999735759,40207885,41.48%,40207885,41.48%,23-06-2026,23-06-2026,Pledge Release,https://nsearchives.nseindia.com/corporate/ixbrl/IT_1867_20260626_163226711_WEB.html
NRBBEARING,NRB BEARING LIMITED,Harshbeena Zaveri,Promoter,2026-06-23,2026-06-26 16:39:50,26-Jun-2026 16:39:50,Equity,Pledge,OTHER,OTHER,3784427.0,1620870084.0,428.2999999735759,40207885,41.48%,40207885,41.48%,23-06-2026,23-06-2026,Pledge Release,https://nsearchives.nseindia.com/corporate/ixbrl/IT_1867_20260626_163950579_WEB.html
NRBBEARING,NRB BEARING LIMITED,Harshbeena Zaveri,Promoter,2026-06-25,2026-06-26 16:32:26,26-Jun-2026 16:32:26,Equity,Pledge,OTHER,OTHER,784000.0,335787200.0,428.3,40207885,41.48%,40207885,41.48%,25-06-2026,25-06-2026,Pledge Release,https://nsearchives.nseindia.com/corporate/ixbrl/IT_1867_20260626_163226711_WEB.html
NRBBEARING,NRB BEARING LIMITED,Harshbeena Zaveri,Promoter,2026-06-25,2026-06-26 16:39:50,26-Jun-2026 16:39:50,Equity,Pledge,OTHER,OTHER,784000.0,335787200.0,428.3,40207885,41.48%,40207885,41.48%,25-06-2026,25-06-2026,Pledge Release,https://nsearchives.nseindia.com/corporate/ixbrl/IT_1867_20260626_163950579_WEB.html
NRBBEARING,NRB BEARING LIMITED,Harshbeena Zaveri,Promoter,2026-06-30,2026-07-02 15:56:31,02-Jul-2026 15:56:31,Equity,Sell,SELL,OTHER,17000.0,0.0,0.0,40207885,41.48%,40190885,41.47%,30-06-2026,30-06-2026,Gift,https://nsearchives.nseindia.com/corporate/ixbrl/IT_1867_20260702_155631435_WEB.html
NRBBEARING,NRB BEARING LIMITED,Karina Zaveri Whelan,Promoter Group,2026-06-30,2026-07-02 15:56:31,02-Jul-2026 15:56:31,Equity,Buy,BUY,OTHER,17000.0,0.0,0.0,0,0.00%,17000,0.02%,30-06-2026,30-06-2026,Gift,https://nsearchives.nseindia.com/corporate/ixbrl/IT_1867_20260702_155631435_WEB.html
NRBBEARING,NRB BEARING LIMITED,Harshbeena Zaveri,Promoter,2026-06-30,2026-07-02 16:05:42,02-Jul-2026 16:05:42,Equity,Sell,SELL,OTHER,17000.0,0.0,0.0,40207885,41.48%,40190885,41.47%,30-06-2026,30-06-2026,Gift,https://nsearchives.nseindia.com/corporate/ixbrl/IT_1867_20260702_160542619_WEB.html
NRBBEARING,NRB BEARING LIMITED,Karina Zaveri Whelan,Promoter Group,2026-06-30,2026-07-02 16:05:42,02-Jul-2026 16:05:42,Equity,Buy,BUY,OTHER,17000.0,0.0,0.0,0,0.00%,17000,0.02%,30-06-2026,30-06-2026,Gift,https://nsearchives.nseindia.com/corporate/ixbrl/IT_1867_20260702_160542619_WEB.html
NRBBEARING,NRB BEARING LIMITED,Harshbeena Zaveri,Promoter,2026-08-11,2026-08-12 18:05:35,12-Aug-2026 18:05:35,Equity,Pledge,OTHER,OTHER,1200000.0,547020000.0,455.85,40190885,41.47%,40190885,41.47%,11-08-2026,11-08-2026,Pledge Release,https://nsearchives.nseindia.com/corporate/ixbrl/IT_1867_20260812_180535011_WEB.html
NRBBEARING,NRB BEARING LIMITED,Harshbeena Zaveri,Promoter,2026-08-11,2026-08-12 18:08:03,12-Aug-2026 18:08:03,Equity,Pledge,OTHER,OTHER,1200000.0,547020000.0,455.85,40190885,41.47%,40190885,41.47%,11-08-2026,11-08-2026,Pledge Release,https://nsearchives.nseindia.com/corporate/ixbrl/IT_1867_20260812_180803057_WEB.html
NRL,NUPUR RECYCLERS LIMITED,NUPUR GUPTA,Promoter Group,2026-06-24,2026-06-26 15:57:01,26-Jun-2026 15:57:01,Equity,Buy,BUY,MARKET_BUY,50400.0,4186225.0,83.06001984126983,312580,0.45%,362980,0.52%,24-06-2026,24-06-2026,Market Purchase,https://nsearchives.nseindia.com/corporate/ixbrl/IT_20108_20260626_155701561_WEB.html
NURECA,NURECA LIMITED,Nectar Biopharma Private Limited,Promoter Group,2026-06-09,2026-06-10 12:58:44,10-Jun-2026 12:58:44,Equity,Sell,SELL,OTHER,60842.0,14370880.0,236.19999342559416,60842,0.63%,0,0.00%,09-06-2026,09-06-2026,Off Market,https://nsearchives.nseindia.com/corporate/ixbrl/IT_20260610_125844573_WEB.html
NURECA,NURECA LIMITED,Saurabh Goyal,Promoter,2026-07-02,2026-07-03 19:26:14,03-Jul-2026 19:26:14,Equity,Buy,BUY,OTHER,3219113.0,0.0,0.0,3278056,34.35%,6497169,68.09%,02-07-2026,02-07-2026,Off Market,https://nsearchives.nseindia.com/corporate/ixbrl/IT_18918_20260703_192614683_WEB.html
NURECA,NURECA LIMITED,Aryan Goyal,Promoter Group,2026-07-02,2026-07-03 19:26:14,03-Jul-2026 19:26:14,Equity,Sell,SELL,OTHER,1159185.0,0.0,0.0,1159185,12.15%,0,0.00%,02-07-2026,02-07-2026,Off Market,https://nsearchives.nseindia.com/corporate/ixbrl/IT_18918_20260703_192614683_WEB.html
NURECA,NURECA LIMITED,Payal Goyal,Promoter Group,2026-07-02,2026-07-03 19:26:14,03-Jul-2026 19:26:14,Equity,Sell,SELL,OTHER,2059928.0,0.0,0.0,2059928,21.59%,0,0.00%,02-07-2026,02-07-2026,Off Market,https://nsearchives.nseindia.com/corporate/ixbrl/IT_18918_20260703_192614683_WEB.html
NURECA,NURECA LIMITED,Saurabh Goyal,Promoter,2026-07-02,2026-07-03 19:26:41,03-Jul-2026 19:26:41,Equity,Buy,BUY,OTHER,3219113.0,0.0,0.0,3278056,34.35%,6497169,68.09%,02-07-2026,02-07-2026,Off Market,https://nsearchives.nseindia.com/corporate/ixbrl/IT_18918_20260703_192641581_WEB.html
NURECA,NURECA LIMITED,Aryan Goyal,Promoter Group,2026-07-02,2026-07-03 19:26:41,03-Jul-2026 19:26:41,Equity,Sell,SELL,OTHER,1159185.0,0.0,0.0,1159185,12.15%,0,0.00%,02-07-2026,02-07-2026,Off Market,https://nsearchives.nseindia.com/corporate/ixbrl/IT_18918_20260703_192641581_WEB.html
NURECA,NURECA LIMITED,Payal Goyal,Promoter Group,2026-07-02,2026-07-03 19:26:41,03-Jul-2026 19:26:41,Equity,Sell,SELL,OTHER,2059928.0,0.0,0.0,2059928,21.59%,0,0.00%,02-07-2026,02-07-2026,Off Market,https://nsearchives.nseindia.com/corporate/ixbrl/IT_18918_20260703_192641581_WEB.html
NURECA,NURECA LIMITED,Smita Goyal,Promoter Group,2026-07-24,2026-08-11 17:31:48,11-Aug-2026 17:31:48,Equity,Buy,BUY,MARKET_BUY,5975.0,1799371.0,301.14995815899584,7,0.00%,5982,0.06%,24-07-2026,24-07-2026,Market Purchase,https://nsearchives.nseindia.com/corporate/ixbrl/IT_18918_20260811_173148073_WEB.html
NURECA,NURECA LIMITED,Smita Goyal,Promoter Group,2026-07-24,2026-08-11 17:31:48,11-Aug-2026 17:31:48,Equity,Buy,BUY,MARKET_BUY,800.0,240280.0,300.35,5982,0.06%,6782,0.07%,24-07-2026,24-07-2026,Market Purchase,https://nsearchives.nseindia.com/corporate/ixbrl/IT_18918_20260811_173148073_WEB.html
NURECA,NURECA LIMITED,Smita Goyal,Promoter Group,2026-07-27,2026-08-11 17:31:48,11-Aug-2026 17:31:48,Equity,Buy,BUY,MARKET_BUY,20355.0,6327962.0,310.87998034880866,6782,0.07%,27137,0.28%,27-07-2026,27-07-2026,Market Purchase,https://nsearchives.nseindia.com/corporate/ixbrl/IT_18918_20260811_173148073_WEB.html
NURECA,NURECA LIMITED,Smita Goyal,Promoter Group,2026-07-28,2026-08-11 17:31:48,11-Aug-2026 17:31:48,Equity,Buy,BUY,MARKET_BUY,6500.0,2017990.0,310.46,27137,0.28%,33637,0.35%,28-07-2026,28-07-2026,Market Purchase,https://nsearchives.nseindia.com/corporate/ixbrl/IT_18918_20260811_173148073_WEB.html
NURECA,NURECA LIMITED,Smita Goyal,Promoter Group,2026-07-29,2026-08-11 17:31:48,11-Aug-2026 17:31:48,Equity,Buy,BUY,MARKET_BUY,8000.0,2545920.0,318.24,33637,0.35%,41637,0.44%,29-07-2026,29-07-2026,Market Purchase,https://nsearchives.nseindia.com/corporate/ixbrl/IT_18918_20260811_173148073_WEB.html
NURECA,NURECA LIMITED,Smita Goyal,Promoter Group,2026-07-29,2026-08-11 17:31:48,11-Aug-2026 17:31:48,Equity,Buy,BUY,MARKET_BUY,1000.0,323225.0,323.225,41637,0.44%,42637,0.45%,29-07-2026,29-07-2026,Market Purchase,https://nsearchives.nseindia.com/corporate/ixbrl/IT_18918_20260811_173148073_WEB.html
NURECA,NURECA LIMITED,Smita Goyal,Promoter Group,2026-07-31,2026-08-11 17:31:48,11-Aug-2026 17:31:48,Equity,Buy,BUY,MARKET_BUY,2683.0,868970.0,323.8799850913157,42637,0.45%,45320,0.47%,31-07-2026,31-07-2026,Market Purchase,https://nsearchives.nseindia.com/corporate/ixbrl/IT_18918_20260811_173148073_WEB.html
NURECA,NURECA LIMITED,SMITA GOYAL,Promoter Group,2026-08-26,2026-08-29 17:08:28,29-Aug-2026 17:08:28,Equity,Buy,BUY,MARKET_BUY,1035.0,313232.0,302.63961352657003,45320,0.47%,46355,0.49%,26-08-2026,26-08-2026,Market Purchase,https://nsearchives.nseindia.com/corporate/ixbrl/IT_18918_20260829_170828470_WEB.html
NURECA,NURECA LIMITED,SMITA GOYAL,Promoter Group,2026-08-26,2026-08-29 17:08:45,29-Aug-2026 17:08:45,Equity,Buy,BUY,MARKET_BUY,1035.0,313232.0,302.63961352657003,45320,0.47%,46355,0.49%,26-08-2026,26-08-2026,Market Purchase,https://nsearchives.nseindia.com/corporate/ixbrl/IT_18918_20260829_170845743_WEB.html
NURECA,NURECA LIMITED,SMITA GOYAL,Promoter Group,2026-08-27,2026-08-29 17:08:28,29-Aug-2026 17:08:28,Equity,Buy,BUY,MARKET_BUY,1657.0,510373.0,308.01025950512974,46355,0.49%,48012,0.50%,27-08-2026,27-08-2026,Market Purchase,https://nsearchives.nseindia.com/corporate/ixbrl/IT_18918_20260829_170828470_WEB.html
NURECA,NURECA LIMITED,SMITA GOYAL,Promoter Group,2026-08-27,2026-08-29 17:08:45,29-Aug-2026 17:08:45,Equity,Buy,BUY,MARKET_BUY,1657.0,510373.0,308.01025950512974,46355,0.49%,48012,0.50%,27-08-2026,27-08-2026,Market Purchase,https://nsearchives.nseindia.com/corporate/ixbrl/IT_18918_20260829_170845743_WEB.html
NURECA,NURECA LIMITED,SMITA GOYAL,Promoter Group,2026-08-28,2026-08-29 17:08:28,29-Aug-2026 17:08:28,Equity,Buy,BUY,MARKET_BUY,6682.0,2228982.0,333.5800658485483,48012,0.50%,54694,0.57%,28-08-2026,28-08-2026,Market Purchase,https://nsearchives.nseindia.com/corporate/ixbrl/IT_18918_20260829_170828470_WEB.html
NURECA,NURECA LIMITED,SMITA GOYAL,Promoter Group,2026-08-28,2026-08-29 17:08:28,29-Aug-2026 17:08:28,Equity,Buy,BUY,MARKET_BUY,600.0,201583.0,335.9716666666667,54694,0.57%,55294,0.58%,28-08-2026,28-08-2026,Market Purchase,https://nsearchives.nseindia.com/corporate/ixbrl/IT_18918_20260829_170828470_WEB.html
NURECA,NURECA LIMITED,SMITA GOYAL,Promoter Group,2026-08-28,2026-08-29 17:08:45,29-Aug-2026 17:08:45,Equity,Buy,BUY,MARKET_BUY,6682.0,2228982.0,333.5800658485483,48012,0.50%,54694,0.57%,28-08-2026,28-08-2026,Market Purchase,https://nsearchives.nseindia.com/corporate/ixbrl/IT_18918_20260829_170845743_WEB.html
NURECA,NURECA LIMITED,SMITA GOYAL,Promoter Group,2026-08-28,2026-08-29 17:08:45,29-Aug-2026 17:08:45,Equity,Buy,BUY,MARKET_BUY,600.0,201583.0,335.9716666666667,54694,0.57%,55294,0.58%,28-08-2026,28-08-2026,Market Purchase,https://nsearchives.nseindia.com/corporate/ixbrl/IT_18918_20260829_170845743_WEB.html
OBCL,OBCL LIMITED (FORMERLY KNOWN AS ORISSA BENGAL CARRIER LIMITED),RAVI AGRAWAL,Promoter and Director,2026-06-09,2026-06-10 17:41:12,10-Jun-2026 17:41:12,Equity,Buy,BUY,MARKET_BUY,41310.0,2292535.0,55.49588477366255,9903403,46.97%,9944713,47.16%,08-06-2026,09-06-2026,Market Purchase,https://nsearchives.nseindia.com/corporate/ixbrl/IT_20260610_174112797_WEB.html
OBCL,OBCL LIMITED,OBCL INFRASTRUCTURE PRIVATE LIMITED,Promoter Group,2026-08-05,2026-08-06 17:19:48,06-Aug-2026 17:19:48,Equity,Buy,BUY,MARKET_BUY,232.0,12412.0,53.5,2000000,9.49%,2000232,9.49%,03-08-2026,05-08-2026,Market Purchase,https://nsearchives.nseindia.com/corporate/ixbrl/IT_20443_20260806_171948390_WEB.html
OBCL,OBCL LIMITED,OBCL INFRASTRUCTURE PRIVATE LIMITED,Promoter Group,2026-08-05,2026-08-06 17:19:48,06-Aug-2026 17:19:48,Equity,Buy,BUY,MARKET_BUY,66849.0,3546892.0,53.05826564346512,2000232,9.49%,2067081,9.80%,03-08-2026,05-08-2026,Market Purchase,https://nsearchives.nseindia.com/corporate/ixbrl/IT_20443_20260806_171948390_WEB.html
OBCL,OBCL LIMITED,OBCL INFRASTRUCTURE PRIVATE LIMITED,Promoter Group,2026-08-10,2026-08-11 15:56:52,11-Aug-2026 15:56:52,Equity,Buy,BUY,MARKET_BUY,7101.0,379842.0,53.49133924799324,2067081,9.80%,2074182,9.84%,06-08-2026,10-08-2026,Market Purchase,https://nsearchives.nseindia.com/corporate/ixbrl/IT_20443_20260811_155652381_WEB.html
OBCL,OBCL LIMITED,OBCL INFRASTRUCTURE PRIVATE LIMITED,Promoter Group,2026-08-13,2026-08-18 10:27:46,18-Aug-2026 10:27:46,Equity,Buy,BUY,MARKET_BUY,160579.0,8490131.0,52.87198824254728,2074182,9.84%,2234761,10.59%,11-08-2026,13-08-2026,Market Purchase,https://nsearchives.nseindia.com/corporate/ixbrl/IT_20443_20260818_102746360_WEB.html
OBCL,OBCL LIMITED,OBCL INFRASTRUCTURE PRIVATE LIMITED,Promoter Group,2026-08-18,2026-08-19 09:56:56,19-Aug-2026 09:56:56,Equity,Buy,BUY,MARKET_BUY,19181.0,1035518.0,53.986653459152286,2234761,10.59%,2253942,10.69%,14-08-2026,18-08-2026,Market Purchase,https://nsearchives.nseindia.com/corporate/ixbrl/IT_20443_20260819_095656608_WEB.html
OBCL,OBCL LIMITED,OBCL INFRASTRUCTURE PRIVATE LIMITED,Promoter Group,2026-08-21,2026-08-21 22:29:06,21-Aug-2026 22:29:06,Equity,Buy,BUY,MARKET_BUY,56675.0,3049556.0,53.807781208645785,2253942,10.69%,2310617,10.95%,19-08-2026,21-08-2026,Market Purchase,https://nsearchives.nseindia.com/corporate/ixbrl/IT_20443_20260821_222906324_WEB.html
OBCL,OBCL LIMITED,OBCL INFRASTRUCTURE PRIVATE LIMITED,Promoter Group,2026-08-25,2026-08-31 17:27:10,31-Aug-2026 17:27:10,Equity,Buy,BUY,MARKET_BUY,20629.0,1120264.0,54.30529836637743,2310617,10.95%,2331246,11.05%,24-08-2026,25-08-2026,Market Purchase,https://nsearchives.nseindia.com/corporate/ixbrl/IT_20443_20260831_172710703_WEB.html
OBCL,OBCL LIMITED,OBCL INFRASTRUCTURE PRIVATE LIMITED,Promoter Group,2026-09-02,2026-09-02 17:59:10,02-Sep-2026 17:59:10,Equity,Buy,BUY,MARKET_BUY,7489.0,409902.0,54.73387635198291,2331246,11.05%,2338735,11.09%,31-08-2026,02-09-2026,Market Purchase,https://nsearchives.nseindia.com/corporate/ixbrl/IT_20443_20260902_175910303_WEB.html
OMAXAUTO,OMAX AUTOS LIMITED,Ravinder Mehta,Promoter,2026-07-29,2026-07-31 10:26:28,31-Jul-2026 10:26:28,Equity,Sell,SELL,MARKET_SELL,4500.0,879133.0,195.36288888888888,4500,0.02%,0,0.00%,29-07-2026,29-07-2026,Market Sale,https://nsearchives.nseindia.com/corporate/ixbrl/IT_2127_20260731_102628547_WEB.html
OMAXAUTO,OMAX AUTOS LIMITED,Ravinder Kumar Mehta,Promoter,2026-07-31,2026-08-06 12:55:59,06-Aug-2026 12:55:59,Equity,Sell,SELL,MARKET_SELL,10000.0,1848085.0,184.8085,240000,1.12%,230000,1.07%,31-07-2026,31-07-2026,Market Sale,https://nsearchives.nseindia.com/corporate/ixbrl/IT_2127_20260806_125559358_WEB.html
OMAXAUTO,OMAX AUTOS LIMITED,Ravinder Kumar Mehta,Promoter,2026-08-03,2026-08-06 12:55:59,06-Aug-2026 12:55:59,Equity,Sell,SELL,MARKET_SELL,10000.0,1901792.0,190.1792,230000,1.07%,220000,1.02%,03-08-2026,03-08-2026,Market Sale,https://nsearchives.nseindia.com/corporate/ixbrl/IT_2127_20260806_125559358_WEB.html
OMPOWER,Om Power Transmission Limited,Kalpesh Dhanjibhai Patel,Promoter and Director,2026-06-24,2026-06-27 01:10:04,27-Jun-2026 01:10:04,Equity,Buy,BUY,MARKET_BUY,14221.0,2601006.0,182.8989522537093,8260000,24.12%,8274221,24.16%,23-06-2026,24-06-2026,Market Purchase,https://nsearchives.nseindia.com/corporate/ixbrl/IT_27090_20260627_011004700_WEB.html
OMPOWER,Om Power Transmission Limited,Kanubhai Patel,Promoter and Director,2026-06-24,2026-06-27 01:10:04,27-Jun-2026 01:10:04,Equity,Buy,BUY,MARKET_BUY,14195.0,2600640.0,183.20817189151109,8260000,24.12%,8274195,24.16%,23-06-2026,24-06-2026,Market Purchase,https://nsearchives.nseindia.com/corporate/ixbrl/IT_27090_20260627_011004700_WEB.html
OMPOWER,Om Power Transmission Limited,Vasantkumar Narayanbhai Patel,Promoter and Director,2026-06-24,2026-06-27 01:10:04,27-Jun-2026 01:10:04,Equity,Buy,BUY,MARKET_BUY,12347.0,2245533.0,181.8687130477039,7080000,20.67%,7092347,20.71%,23-06-2026,24-06-2026,Market Purchase,https://nsearchives.nseindia.com/corporate/ixbrl/IT_27090_20260627_011004700_WEB.html
ORIENTLTD,ORIENT PRESS LIMITED,VARUN NAVEEN MAHESHWARI,Promoter Group,2026-06-17,2026-07-07 15:35:04,07-Jul-2026 15:35:04,Equity,Buy,BUY,MARKET_BUY,6001.0,395223.0,65.85952341276455,12594,0.13%,18595,0.19%,17-06-2026,17-06-2026,Market Purchase,https://nsearchives.nseindia.com/corporate/ixbrl/IT_3081_20260707_153504008_WEB.html
ORIENTLTD,ORIENT PRESS LIMITED,JUHI PRAKASH MAHESHWARI,Promoter Group,2026-06-29,2026-07-07 13:43:39,07-Jul-2026 13:43:39,Equity,Buy,BUY,MARKET_BUY,4573.0,324500.0,70.95998250601356,20664,0.21%,25237,0.25%,29-06-2026,29-06-2026,Market Purchase,https://nsearchives.nseindia.com/corporate/ixbrl/IT_3081_20260707_134339044_WEB.html
PAISALO,PAISALO DIGITAL LIMITED,SULABHYA PARAMITA PRIVATE TRUST,Promoter Group,2026-06-03,2026-06-05 17:57:34,05-Jun-2026 17:57:34,Equity,Pledge,OTHER,OTHER,1550000.0,84486252.0,54.50725935483871,4370000,0.48%,4370000,0.48%,03-06-2026,03-06-2026,Pledge Creation,https://nsearchives.nseindia.com/corporate/ixbrl/IT_20260605_175734595_WEB.html
PAISALO,PAISALO DIGITAL LIMITED,Pri Caf Private Limited,Promoter Group,2026-06-04,2026-06-05 17:57:34,05-Jun-2026 17:57:34,Equity,Pledge,OTHER,OTHER,1300000.0,71077241.0,54.67480076923077,31274400,3.44%,31274400,3.44%,03-06-2026,04-06-2026,Pledge Creation,https://nsearchives.nseindia.com/corporate/ixbrl/IT_20260605_175734595_WEB.html
PAISALO,PAISALO DIGITAL LIMITED,Pro Fitcch Private Limited,Promoter Group,2026-06-04,2026-06-05 17:57:34,05-Jun-2026 17:57:34,Equity,Pledge,OTHER,OTHER,1310000.0,72194512.0,55.110314503816795,29517220,3.25%,29517220,3.25%,04-06-2026,04-06-2026,Pledge Creation,https://nsearchives.nseindia.com/corporate/ixbrl/IT_20260605_175734595_WEB.html
PAISALO,PAISALO DIGITAL LIMITED,Equilibrated Venture Cflow Private Limited,Promoter Group,2026-06-04,2026-06-05 17:57:34,05-Jun-2026 17:57:34,Equity,Pledge,OTHER,OTHER,1300000.0,71070098.0,54.66930615384615,193989880,21.33%,193989880,21.33%,03-06-2026,04-06-2026,Pledge Creation,https://nsearchives.nseindia.com/corporate/ixbrl/IT_20260605_175734595_WEB.html
PAISALO,PAISALO DIGITAL LIMITED,Equilibrated Venture Cflow Private Limited,Promoter Group,2026-06-05,2026-06-08 09:29:29,08-Jun-2026 09:29:29,Equity,Pledge Revoke,OTHER,OTHER,2520000.0,145832400.0,57.87,193989880,21.33%,193989880,21.33%,05-06-2026,05-06-2026,Pledge Release,https://nsearchives.nseindia.com/corporate/ixbrl/IT_20260608_092929455_WEB.html
PAISALO,PAISALO DIGITAL LIMITED,Pri Caf Private Limited,Promoter Group,2026-06-09,2026-06-09 17:51:58,09-Jun-2026 17:51:58,Equity,Pledge Revoke,OTHER,OTHER,1810000.0,107405400.0,59.34,31274400,3.44%,31274400,3.44%,09-06-2026,09-06-2026,Pledge Release,https://nsearchives.nseindia.com/corporate/ixbrl/IT_20260609_175158697_WEB.html
PAISALO,PAISALO DIGITAL LIMITED,Pro Fitcch Private Limited,Promoter Group,2026-06-09,2026-06-09 17:51:58,09-Jun-2026 17:51:58,Equity,Pledge Revoke,OTHER,OTHER,1810000.0,107405400.0,59.34,29517220,3.25%,29517220,3.25%,09-06-2026,09-06-2026,Pledge Release,https://nsearchives.nseindia.com/corporate/ixbrl/IT_20260609_175158697_WEB.html
PAISALO,PAISALO DIGITAL LIMITED,Equilibrated Venture Cflow Private Limited,Promoter Group,2026-06-09,2026-06-09 17:51:58,09-Jun-2026 17:51:58,Equity,Pledge Revoke,OTHER,OTHER,4909002.0,291300179.0,59.340000065186366,193989880,21.33%,193989880,21.33%,09-06-2026,09-06-2026,Pledge Release,https://nsearchives.nseindia.com/corporate/ixbrl/IT_20260609_175158697_WEB.html
PAISALO,PAISALO DIGITAL LIMITED,Equilibrated Venture Cflow Private Limited,Promoter Group,2026-06-09,2026-06-10 11:03:00,10-Jun-2026 11:03:00,Equity,Pledge Revoke,OTHER,OTHER,2500000.0,150450000.0,60.18,193989880,21.33%,193989880,21.33%,09-06-2026,09-06-2026,Pledge Release,https://nsearchives.nseindia.com/corporate/ixbrl/IT_20260610_110300189_WEB.html
PAISALO,PAISALO DIGITAL LIMITED,Equilibrated Venture Cflow Private Limited,Promoter Group,2026-06-10,2026-06-25 18:51:48,25-Jun-2026 18:51:48,Equity,Pledge Revoke,OTHER,OTHER,74000.0,4395600.0,59.4,193989880,21.33%,193989880,21.33%,10-06-2026,10-06-2026,Pledge Release,https://nsearchives.nseindia.com/corporate/ixbrl/IT_5294_20260625_185148694_WEB.html
PAISALO,PAISALO DIGITAL LIMITED,Equilibrated Venture Cflow Private Limited,Promoter Group,2026-06-12,2026-06-15 09:50:04,15-Jun-2026 09:50:04,Equity,Pledge Revoke,OTHER,OTHER,5000000.0,292550000.0,58.51,193989880,21.33%,193989880,21.33%,12-06-2026,12-06-2026,Pledge Release,https://nsearchives.nseindia.com/corporate/ixbrl/IT_5294_20260615_095004731_WEB.html
PAISALO,PAISALO DIGITAL LIMITED,Equilibrated Venture Cflow Private Limited,Promoter Group,2026-07-01,2026-07-01 12:20:56,01-Jul-2026 12:20:56,Equity,Pledge Revoke,OTHER,OTHER,9000000.0,531900000.0,59.1,193989880,21.33%,193989880,21.33%,01-07-2026,01-07-2026,Pledge Release,https://nsearchives.nseindia.com/corporate/ixbrl/IT_5294_20260701_122056641_WEB.html
PAISALO,PAISALO DIGITAL LIMITED,Equilibrated Venture Cflow Private Limited,Promoter Group,2026-07-02,2026-07-03 18:25:42,03-Jul-2026 18:25:42,Equity,Pledge Revoke,OTHER,OTHER,12000000.0,863040000.0,71.92,193989880,21.33%,193989880,21.33%,02-07-2026,02-07-2026,Pledge Release,https://nsearchives.nseindia.com/corporate/ixbrl/IT_5294_20260703_182542287_WEB.html
PAISALO,PAISALO DIGITAL LIMITED,Pri Caf Private Limited,Promoter Group,2026-09-03,2026-09-04 18:21:25,04-Sep-2026 18:21:25,Equity,Pledge,OTHER,OTHER,8700000.0,612306000.0,70.38,31274400,3.42%,31274400,3.42%,03-09-2026,03-09-2026,Pledge Creation,https://nsearchives.nseindia.com/corporate/ixbrl/IT_5294_20260904_182125165_WEB.html
PAISALO,PAISALO DIGITAL LIMITED,Pro Fitcch Private Limited,Promoter Group,2026-09-03,2026-09-04 18:21:25,04-Sep-2026 18:21:25,Equity,Pledge,OTHER,OTHER,8700000.0,612306000.0,70.38,29517220,3.23%,29517220,3.23%,03-09-2026,03-09-2026,Pledge Creation,https://nsearchives.nseindia.com/corporate/ixbrl/IT_5294_20260904_182125165_WEB.html
PAISALO,PAISALO DIGITAL LIMITED,Equilibrated Venture Cflow Private Limited,Promoter Group,2026-09-03,2026-09-04 18:21:25,04-Sep-2026 18:21:25,Equity,Pledge,OTHER,OTHER,12200000.0,858636000.0,70.38,193989880,21.22%,193989880,21.22%,03-09-2026,03-09-2026,Pledge Creation,https://nsearchives.nseindia.com/corporate/ixbrl/IT_5294_20260904_182125165_WEB.html
PANACEABIO,Panaea Biotec Limited,Dr. Rajesh Jain,Promoter,2026-06-12,2026-06-16 11:35:24,16-Jun-2026 11:35:24,Equity,Sell,SELL,OTHER,200000.0,0.0,0.0,30217312,49.33%,30017312,49.00%,12-06-2026,12-06-2026,Gift,https://nsearchives.nseindia.com/corporate/ixbrl/IT_1350_20260616_113524489_WEB.html
PANACEABIO,Panaea Biotec Limited,Rajesh Jain (HUF),Promoter Group,2026-06-12,2026-06-16 11:35:24,16-Jun-2026 11:35:24,Equity,Buy,BUY,OTHER,200000.0,0.0,0.0,0,0.00%,200000,0.33%,12-06-2026,12-06-2026,Gift,https://nsearchives.nseindia.com/corporate/ixbrl/IT_1350_20260616_113524489_WEB.html
PARADEEP,PARADEEP PHOSPHATES LIMITED,ZUARI MAROC PHOSPHATES PRIVATE LIMITED,Promoter,2026-06-18,2026-06-23 16:21:06,23-Jun-2026 16:21:06,Equity,Buy,BUY,MARKET_BUY,80273.0,10671493.0,132.94000473384574,522826697,50.36%,522906970,50.37%,18-06-2026,18-06-2026,Market Purchase,https://nsearchives.nseindia.com/corporate/ixbrl/IT_19922_20260623_162106528_WEB.html
PARADEEP,PARADEEP PHOSPHATES LIMITED,ZUARI MAROC PHOSPHATES PRIVATE LIMITED,Promoter,2026-06-18,2026-06-23 16:24:30,23-Jun-2026 16:24:30,Equity,Buy,BUY,MARKET_BUY,80273.0,10671493.0,132.94000473384574,522826697,50.36%,522906970,50.37%,18-06-2026,18-06-2026,Market Purchase,https://nsearchives.nseindia.com/corporate/ixbrl/IT_19922_20260623_162430288_WEB.html
PARADEEP,PARADEEP PHOSPHATES LIMITED,ZUARI MAROC PHOSPHATES PRIVATE LIMITED,Promoter,2026-06-19,2026-06-23 16:21:06,23-Jun-2026 16:21:06,Equity,Buy,BUY,MARKET_BUY,65000.0,8871850.0,136.49,522906970,50.37%,522971970,50.37%,19-06-2026,19-06-2026,Market Purchase,https://nsearchives.nseindia.com/corporate/ixbrl/IT_19922_20260623_162106528_WEB.html
PARADEEP,PARADEEP PHOSPHATES LIMITED,ZUARI MAROC PHOSPHATES PRIVATE LIMITED,Promoter,2026-06-19,2026-06-23 16:24:30,23-Jun-2026 16:24:30,Equity,Buy,BUY,MARKET_BUY,65000.0,8871850.0,136.49,522906970,50.37%,522971970,50.37%,19-06-2026,19-06-2026,Market Purchase,https://nsearchives.nseindia.com/corporate/ixbrl/IT_19922_20260623_162430288_WEB.html
PARADEEP,PARADEEP PHOSPHATES LIMITED,ZUARI MAROC PHOSPHATES PRIVATE LIMITED,Promoter,2026-08-19,2026-08-21 10:22:56,21-Aug-2026 10:22:56,Equity,Pledge Revoke,OTHER,OTHER,40000000.0,6036000000.0,150.9,522971970,50.36%,522971970,50.36%,19-08-2026,19-08-2026,Pledge Release,https://nsearchives.nseindia.com/corporate/ixbrl/IT_19922_20260821_102256866_WEB.html
PARADEEP,PARADEEP PHOSPHATES LIMITED,ZUARI MAROC PHOSPHATES PRIVATE LIMITED,Promoter,2026-08-19,2026-08-21 10:22:56,21-Aug-2026 10:22:56,Equity,Pledge Revoke,OTHER,OTHER,24881500.0,3754618350.0,150.9,522971970,50.36%,522971970,50.36%,19-08-2026,19-08-2026,Pledge Release,https://nsearchives.nseindia.com/corporate/ixbrl/IT_19922_20260821_102256866_WEB.html
PARADEEP,PARADEEP PHOSPHATES LIMITED,ZUARI MAROC PHOSPHATES PRIVATE LIMITED,Promoter,2026-08-19,2026-08-21 10:23:18,21-Aug-2026 10:23:18,Equity,Buy,BUY,MARKET_BUY,100000.0,15060000.0,150.6,522971970,50.36%,523071970,50.36%,19-08-2026,19-08-2026,Market Purchase,https://nsearchives.nseindia.com/corporate/ixbrl/IT_19922_20260821_102318702_WEB.html
PARSVNATH,PARSVNATH DEVELOPERS LIMITED,PRADEEP  KUMAR JAIN,Promoter,2026-06-01,2026-06-05 13:04:57,05-Jun-2026 13:04:57,Equity,Pledge Invoke,OTHER,OTHER,503211.0,2007778.0,3.989932652505609,34136026,7.84%,33632815,7.73%,29-05-2026,01-06-2026,Invocation of pledge,https://nsearchives.nseindia.com/corporate/ixbrl/IT_20260605_130456990_WEB.html
PARSVNATH,PARSVNATH DEVELOPERS LIMITED,PRADEEP  KUMAR JAIN,Promoter,2026-06-03,2026-06-05 13:04:57,05-Jun-2026 13:04:57,Equity,Pledge Invoke,OTHER,OTHER,429495.0,1650658.0,3.843253122853584,33632815,7.73%,33203320,7.63%,02-06-2026,03-06-2026,Invocation of pledge,https://nsearchives.nseindia.com/corporate/ixbrl/IT_20260605_130456990_WEB.html
PARSVNATH,PARSVNATH DEVELOPERS LIMITED,PRADEEP  KUMAR JAIN,Promoter,2026-06-05,2026-06-10 13:18:15,10-Jun-2026 13:18:15,Equity,Pledge Invoke,OTHER,OTHER,180365.0,665707.0,3.6908879217143014,33203320,7.63%,33022955,7.59%,04-06-2026,05-06-2026,Invocation of pledge,https://nsearchives.nseindia.com/corporate/ixbrl/IT_20260610_131815370_WEB.html
PARSVNATH,PARSVNATH DEVELOPERS LIMITED,PRADEEP  KUMAR JAIN,Promoter,2026-06-05,2026-06-10 13:26:55,10-Jun-2026 13:26:55,Equity,Pledge Invoke,OTHER,OTHER,180365.0,665707.0,3.6908879217143014,33203320,7.63%,33022955,7.59%,04-06-2026,05-06-2026,Invocation of pledge,https://nsearchives.nseindia.com/corporate/ixbrl/IT_20260610_132655946_WEB.html
PARSVNATH,PARSVNATH DEVELOPERS LIMITED,PRADEEP  KUMAR JAIN,Promoter,2026-06-08,2026-06-10 13:18:15,10-Jun-2026 13:18:15,Equity,Pledge Invoke,OTHER,OTHER,81818.0,292908.0,3.5799946222102714,33022955,7.59%,32941137,7.57%,08-06-2026,08-06-2026,Invocation of pledge,https://nsearchives.nseindia.com/corporate/ixbrl/IT_20260610_131815370_WEB.html
PARSVNATH,PARSVNATH DEVELOPERS LIMITED,PRADEEP  KUMAR JAIN,Promoter,2026-06-08,2026-06-10 13:26:55,10-Jun-2026 13:26:55,Equity,Pledge Invoke,OTHER,OTHER,81818.0,292908.0,3.5799946222102714,33022955,7.59%,32941137,7.57%,08-06-2026,08-06-2026,Invocation of pledge,https://nsearchives.nseindia.com/corporate/ixbrl/IT_20260610_132655946_WEB.html
PARSVNATH,PARSVNATH DEVELOPERS LIMITED,PRADEEP  KUMAR JAIN,Promoter,2026-06-10,2026-06-16 14:44:41,16-Jun-2026 14:44:41,Equity,Pledge Invoke,OTHER,OTHER,669388.0,2308191.0,3.448210903093572,32941137,7.57%,32271749,7.42%,09-06-2026,10-06-2026,Invocation of pledge,https://nsearchives.nseindia.com/corporate/ixbrl/IT_2467_20260616_144441674_WEB.html
PARSVNATH,PARSVNATH DEVELOPERS LIMITED,PRADEEP  KUMAR JAIN,Promoter,2026-06-12,2026-06-16 14:44:41,16-Jun-2026 14:44:41,Equity,Pledge Invoke,OTHER,OTHER,242874.0,810510.0,3.3371624793102597,32271749,7.42%,32028875,7.36%,11-06-2026,12-06-2026,Invocation of pledge,https://nsearchives.nseindia.com/corporate/ixbrl/IT_2467_20260616_144441674_WEB.html
PARSVNATH,PARSVNATH DEVELOPERS LIMITED,PRADEEP  KUMAR JAIN,Promoter,2026-06-17,2026-06-22 14:33:35,22-Jun-2026 14:33:35,Equity,Pledge Invoke,OTHER,OTHER,541829.0,1737802.0,3.207288646417966,32028875,7.36%,31487046,7.24%,15-06-2026,17-06-2026,Invocation of pledge,https://nsearchives.nseindia.com/corporate/ixbrl/IT_2467_20260622_143335775_WEB.html
PARSVNATH,PARSVNATH DEVELOPERS LIMITED,PRADEEP  KUMAR JAIN,Promoter,2026-06-19,2026-06-22 14:33:35,22-Jun-2026 14:33:35,Equity,Pledge Invoke,OTHER,OTHER,295730.0,901672.0,3.0489703445710616,31487046,7.24%,31191316,7.17%,18-06-2026,19-06-2026,Invocation of pledge,https://nsearchives.nseindia.com/corporate/ixbrl/IT_2467_20260622_143335775_WEB.html
PARSVNATH,PARSVNATH DEVELOPERS LIMITED,PRADEEP  KUMAR JAIN,Promoter,2026-06-23,2026-06-25 15:03:32,25-Jun-2026 15:03:32,Equity,Pledge Invoke,OTHER,OTHER,829873.0,2439680.0,2.9398233223637833,31191316,7.17%,30361443,6.98%,22-06-2026,23-06-2026,Invocation of pledge,https://nsearchives.nseindia.com/corporate/ixbrl/IT_2467_20260625_150332475_WEB.html
PARSVNATH,PARSVNATH DEVELOPERS LIMITED,PRADEEP  KUMAR JAIN,Promoter,2026-06-23,2026-06-25 17:46:38,25-Jun-2026 17:46:38,Equity,Pledge Invoke,OTHER,OTHER,829873.0,2439680.0,2.9398233223637833,31191316,7.17%,30361443,6.98%,22-06-2026,23-06-2026,Invocation of pledge,https://nsearchives.nseindia.com/corporate/ixbrl/IT_2467_20260625_174638479_WEB.html
PARSVNATH,PARSVNATH DEVELOPERS LIMITED,PRADEEP  KUMAR JAIN,Promoter,2026-06-29,2026-07-02 13:35:41,02-Jul-2026 13:35:41,Equity,Pledge Invoke,OTHER,OTHER,385276.0,1082300.0,2.8091549953799353,30361443,6.98%,29976167,6.89%,24-06-2026,29-06-2026,Invocation of pledge,https://nsearchives.nseindia.com/corporate/ixbrl/IT_2467_20260702_133541372_WEB.html
PARSVNATH,PARSVNATH DEVELOPERS LIMITED,PRADEEP  KUMAR JAIN,Promoter,2026-06-30,2026-07-04 14:57:37,04-Jul-2026 14:57:37,Equity,Pledge Invoke,OTHER,OTHER,196025.0,531228.0,2.710001275347532,29976167,6.89%,29780142,6.84%,30-06-2026,30-06-2026,Invocation of pledge,https://nsearchives.nseindia.com/corporate/ixbrl/IT_2467_20260704_145737268_WEB.html
PATINTLOG,Patel Integrated Logistics Limited,Asgar Shakoor Patel,Promoter,2026-06-08,2026-06-10 19:18:00,10-Jun-2026 19:18:00,Equity,Buy,BUY,MARKET_BUY,13100.0,175671.0,13.41,5814806,8.36%,5827906,8.36%,08-06-2026,08-06-2026,Market Purchase,https://nsearchives.nseindia.com/corporate/ixbrl/IT_20260610_191800721_WEB.html
PATINTLOG,Patel Integrated Logistics Limited,Asgar Shakoor Patel,Promoter,2026-06-08,2026-06-10 19:18:00,10-Jun-2026 19:18:00,Equity,Buy,BUY,MARKET_BUY,8900.0,119260.0,13.4,5827906,8.36%,5836806,8.39%,08-06-2026,08-06-2026,Market Purchase,https://nsearchives.nseindia.com/corporate/ixbrl/IT_20260610_191800721_WEB.html
PATINTLOG,Patel Integrated Logistics Limited,Asgar Shakoor Patel,Promoter,2026-06-08,2026-06-10 19:49:52,10-Jun-2026 19:49:52,Equity,Buy,BUY,MARKET_BUY,13100.0,175671.0,13.41,5814806,8.36%,5827906,8.36%,08-06-2026,08-06-2026,Market Purchase,https://nsearchives.nseindia.com/corporate/ixbrl/IT_20260610_194952244_WEB.html
PATINTLOG,Patel Integrated Logistics Limited,Asgar Shakoor Patel,Promoter,2026-06-08,2026-06-10 19:49:52,10-Jun-2026 19:49:52,Equity,Buy,BUY,MARKET_BUY,8900.0,119260.0,13.4,5827906,8.36%,5836806,8.39%,08-06-2026,08-06-2026,Market Purchase,https://nsearchives.nseindia.com/corporate/ixbrl/IT_20260610_194952244_WEB.html
PATINTLOG,Patel Integrated Logistics Limited,Asgar Shakoor Patel,Promoter,2026-06-11,2026-06-15 15:39:24,15-Jun-2026 15:39:24,Equity,Buy,BUY,MARKET_BUY,14771.0,188626.0,12.770022341073725,5836806,8.39%,5851577,8.41%,11-06-2026,11-06-2026,Market Purchase,https://nsearchives.nseindia.com/corporate/ixbrl/IT_2705_20260615_153924670_WEB.html
PATINTLOG,Patel Integrated Logistics Limited,Asgar Shakoor Patel,Promoter,2026-06-11,2026-06-15 15:39:24,15-Jun-2026 15:39:24,Equity,Buy,BUY,MARKET_BUY,5229.0,66722.0,12.759992350353796,5851577,8.41%,5856806,8.42%,11-06-2026,11-06-2026,Market Purchase,https://nsearchives.nseindia.com/corporate/ixbrl/IT_2705_20260615_153924670_WEB.html
PATINTLOG,Patel Integrated Logistics Limited,Asgar Shakoor Patel,Promoter,2026-06-11,2026-06-15 15:51:14,15-Jun-2026 15:51:14,Equity,Buy,BUY,MARKET_BUY,14771.0,188626.0,12.770022341073725,5836806,8.39%,5851577,8.41%,11-06-2026,11-06-2026,Market Purchase,https://nsearchives.nseindia.com/corporate/ixbrl/IT_2705_20260615_155114391_WEB.html
PATINTLOG,Patel Integrated Logistics Limited,Asgar Shakoor Patel,Promoter,2026-06-11,2026-06-15 15:51:14,15-Jun-2026 15:51:14,Equity,Buy,BUY,MARKET_BUY,5229.0,66722.0,12.759992350353796,5851577,8.41%,5856806,8.42%,11-06-2026,11-06-2026,Market Purchase,https://nsearchives.nseindia.com/corporate/ixbrl/IT_2705_20260615_155114391_WEB.html
PATINTLOG,Patel Integrated Logistics Limited,Asgar Shakoor Patel,Promoter,2026-07-17,2026-07-23 19:25:58,23-Jul-2026 19:25:58,Equity,Sell,SELL,OTHER,645102.0,12902040.0,20.0,5856806,8.42%,5211704,8.12%,17-07-2026,17-07-2026,Buy Back,https://nsearchives.nseindia.com/corporate/ixbrl/IT_2705_20260723_192558301_WEB.html
PATINTLOG,Patel Integrated Logistics Limited,A S PATEL TRUST,Promoter Group,2026-07-17,2026-07-23 19:25:58,23-Jul-2026 19:25:58,Equity,Sell,SELL,OTHER,447050.0,8941000.0,20.0,3921185,5.63%,3474135,5.41%,17-07-2026,17-07-2026,Buy Back,https://nsearchives.nseindia.com/corporate/ixbrl/IT_2705_20260723_192558301_WEB.html
PATINTLOG,Patel Integrated Logistics Limited,PATEL HOLDINGS LIMITED,Promoter Group,2026-07-17,2026-07-23 19:25:58,23-Jul-2026 19:25:58,Equity,Sell,SELL,OTHER,902909.0,18058180.0,20.0,9306777,13.37%,8403868,13.09%,17-07-2026,17-07-2026,Buy Back,https://nsearchives.nseindia.com/corporate/ixbrl/IT_2705_20260723_192558301_WEB.html
PATINTLOG,Patel Integrated Logistics Limited,WALL STREET SECURITIES INVESTMENTS INDIA LIMITED,Promoter Group,2026-07-17,2026-07-23 19:25:58,23-Jul-2026 19:25:58,Equity,Sell,SELL,OTHER,48565.0,971300.0,20.0,425978,0.61%,377413,0.59%,17-07-2026,17-07-2026,Buy Back,https://nsearchives.nseindia.com/corporate/ixbrl/IT_2705_20260723_192558301_WEB.html
PATINTLOG,Patel Integrated Logistics Limited,NATASHA RAJESH PILLAI,Promoter Group,2026-07-17,2026-07-23 19:25:58,23-Jul-2026 19:25:58,Equity,Sell,SELL,OTHER,194725.0,3894500.0,20.0,1707988,2.45%,1513263,2.36%,17-07-2026,17-07-2026,Buy Back,https://nsearchives.nseindia.com/corporate/ixbrl/IT_2705_20260723_192558301_WEB.html
PATINTLOG,Patel Integrated Logistics Limited,WALL STREET DERIVATIVES AND FINANCIAL SERVICES INDIA PRIVATE LIMITED,Promoter Group,2026-07-17,2026-07-23 19:25:58,23-Jul-2026 19:25:58,Equity,Sell,SELL,OTHER,53414.0,1068280.0,20.0,468518,0.67%,415104,0.65%,17-07-2026,17-07-2026,Buy Back,https://nsearchives.nseindia.com/corporate/ixbrl/IT_2705_20260723_192558301_WEB.html
PATINTLOG,Patel Integrated Logistics Limited,ARHAAN NUMAIRE FAMILY BENEFICIARIES TRUST,Promoter Group,2026-07-17,2026-07-23 19:25:58,23-Jul-2026 19:25:58,Equity,Sell,SELL,OTHER,214635.0,4292700.0,20.0,1882621,2.70%,1667986,2.60%,17-07-2026,17-07-2026,Buy Back,https://nsearchives.nseindia.com/corporate/ixbrl/IT_2705_20260723_192558301_WEB.html
PATINTLOG,Patel Integrated Logistics Limited,NATASHA NISHQA TANISHA FAMILY BENEFICIARIES TRUST,Promoter Group,2026-07-17,2026-07-23 19:25:58,23-Jul-2026 19:25:58,Equity,Sell,SELL,OTHER,180754.0,3615080.0,20.0,1585437,2.28%,1404683,2.19%,17-07-2026,17-07-2026,Buy Back,https://nsearchives.nseindia.com/corporate/ixbrl/IT_2705_20260723_192558301_WEB.html
PATINTLOG,Patel Integrated Logistics Limited,Asgar Shakoor Patel,Promoter,2026-07-17,2026-07-23 19:32:51,23-Jul-2026 19:32:51,Equity,Sell,SELL,OTHER,645102.0,12902040.0,20.0,5856806,8.42%,5211704,8.12%,17-07-2026,17-07-2026,Buy Back,https://nsearchives.nseindia.com/corporate/ixbrl/IT_2705_20260723_193251085_WEB.html
PATINTLOG,Patel Integrated Logistics Limited,A S PATEL TRUST,Promoter Group,2026-07-17,2026-07-23 19:32:51,23-Jul-2026 19:32:51,Equity,Sell,SELL,OTHER,447050.0,8941000.0,20.0,3921185,5.63%,3474135,5.41%,17-07-2026,17-07-2026,Buy Back,https://nsearchives.nseindia.com/corporate/ixbrl/IT_2705_20260723_193251085_WEB.html
PATINTLOG,Patel Integrated Logistics Limited,PATEL HOLDINGS LIMITED,Promoter Group,2026-07-17,2026-07-23 19:32:51,23-Jul-2026 19:32:51,Equity,Sell,SELL,OTHER,902909.0,18058180.0,20.0,9306777,13.37%,8403868,13.09%,17-07-2026,17-07-2026,Buy Back,https://nsearchives.nseindia.com/corporate/ixbrl/IT_2705_20260723_193251085_WEB.html
PATINTLOG,Patel Integrated Logistics Limited,WALL STREET SECURITIES INVESTMENTS INDIA LIMITED,Promoter Group,2026-07-17,2026-07-23 19:32:51,23-Jul-2026 19:32:51,Equity,Sell,SELL,OTHER,48565.0,971300.0,20.0,425978,0.61%,377413,0.59%,17-07-2026,17-07-2026,Buy Back,https://nsearchives.nseindia.com/corporate/ixbrl/IT_2705_20260723_193251085_WEB.html
PATINTLOG,Patel Integrated Logistics Limited,NATASHA RAJESH PILLAI,Promoter Group,2026-07-17,2026-07-23 19:32:51,23-Jul-2026 19:32:51,Equity,Sell,SELL,OTHER,194725.0,3894500.0,20.0,1707988,2.45%,1513263,2.36%,17-07-2026,17-07-2026,Buy Back,https://nsearchives.nseindia.com/corporate/ixbrl/IT_2705_20260723_193251085_WEB.html
PATINTLOG,Patel Integrated Logistics Limited,WALL STREET DERIVATIVES AND FINANCIAL SERVICES INDIA PRIVATE LIMITED,Promoter Group,2026-07-17,2026-07-23 19:32:51,23-Jul-2026 19:32:51,Equity,Sell,SELL,OTHER,53414.0,1068280.0,20.0,468518,0.67%,415104,0.65%,17-07-2026,17-07-2026,Buy Back,https://nsearchives.nseindia.com/corporate/ixbrl/IT_2705_20260723_193251085_WEB.html
PATINTLOG,Patel Integrated Logistics Limited,ARHAAN NUMAIRE FAMILY BENEFICIARIES TRUST,Promoter Group,2026-07-17,2026-07-23 19:32:51,23-Jul-2026 19:32:51,Equity,Sell,SELL,OTHER,214635.0,4292700.0,20.0,1882621,2.70%,1667986,2.60%,17-07-2026,17-07-2026,Buy Back,https://nsearchives.nseindia.com/corporate/ixbrl/IT_2705_20260723_193251085_WEB.html
PATINTLOG,Patel Integrated Logistics Limited,NATASHA NISHQA TANISHA FAMILY BENEFICIARIES TRUST,Promoter Group,2026-07-17,2026-07-23 19:32:51,23-Jul-2026 19:32:51,Equity,Sell,SELL,OTHER,180754.0,3615080.0,20.0,1585437,2.28%,1404683,2.19%,17-07-2026,17-07-2026,Buy Back,https://nsearchives.nseindia.com/corporate/ixbrl/IT_2705_20260723_193251085_WEB.html
PATINTLOG,Patel Integrated Logistics Limited,Asgar Shakoor Patel,Promoter,2026-07-17,2026-07-23 19:33:25,23-Jul-2026 19:33:25,Equity,Sell,SELL,OTHER,645102.0,12902040.0,20.0,5856806,8.42%,5211704,8.12%,17-07-2026,17-07-2026,Buy Back,https://nsearchives.nseindia.com/corporate/ixbrl/IT_2705_20260723_193325500_WEB.html
PATINTLOG,Patel Integrated Logistics Limited,A S PATEL TRUST,Promoter Group,2026-07-17,2026-07-23 19:33:25,23-Jul-2026 19:33:25,Equity,Sell,SELL,OTHER,447050.0,8941000.0,20.0,3921185,5.63%,3474135,5.41%,17-07-2026,17-07-2026,Buy Back,https://nsearchives.nseindia.com/corporate/ixbrl/IT_2705_20260723_193325500_WEB.html
PATINTLOG,Patel Integrated Logistics Limited,PATEL HOLDINGS LIMITED,Promoter Group,2026-07-17,2026-07-23 19:33:25,23-Jul-2026 19:33:25,Equity,Sell,SELL,OTHER,902909.0,18058180.0,20.0,9306777,13.37%,8403868,13.09%,17-07-2026,17-07-2026,Buy Back,https://nsearchives.nseindia.com/corporate/ixbrl/IT_2705_20260723_193325500_WEB.html
PATINTLOG,Patel Integrated Logistics Limited,WALL STREET SECURITIES INVESTMENTS INDIA LIMITED,Promoter Group,2026-07-17,2026-07-23 19:33:25,23-Jul-2026 19:33:25,Equity,Sell,SELL,OTHER,48565.0,971300.0,20.0,425978,0.61%,377413,0.59%,17-07-2026,17-07-2026,Buy Back,https://nsearchives.nseindia.com/corporate/ixbrl/IT_2705_20260723_193325500_WEB.html
PATINTLOG,Patel Integrated Logistics Limited,NATASHA RAJESH PILLAI,Promoter Group,2026-07-17,2026-07-23 19:33:25,23-Jul-2026 19:33:25,Equity,Sell,SELL,OTHER,194725.0,3894500.0,20.0,1707988,2.45%,1513263,2.36%,17-07-2026,17-07-2026,Buy Back,https://nsearchives.nseindia.com/corporate/ixbrl/IT_2705_20260723_193325500_WEB.html
PATINTLOG,Patel Integrated Logistics Limited,WALL STREET DERIVATIVES AND FINANCIAL SERVICES INDIA PRIVATE LIMITED,Promoter Group,2026-07-17,2026-07-23 19:33:25,23-Jul-2026 19:33:25,Equity,Sell,SELL,OTHER,53414.0,1068280.0,20.0,468518,0.67%,415104,0.65%,17-07-2026,17-07-2026,Buy Back,https://nsearchives.nseindia.com/corporate/ixbrl/IT_2705_20260723_193325500_WEB.html
PATINTLOG,Patel Integrated Logistics Limited,ARHAAN NUMAIRE FAMILY BENEFICIARIES TRUST,Promoter Group,2026-07-17,2026-07-23 19:33:25,23-Jul-2026 19:33:25,Equity,Sell,SELL,OTHER,214635.0,4292700.0,20.0,1882621,2.70%,1667986,2.60%,17-07-2026,17-07-2026,Buy Back,https://nsearchives.nseindia.com/corporate/ixbrl/IT_2705_20260723_193325500_WEB.html
PATINTLOG,Patel Integrated Logistics Limited,NATASHA NISHQA TANISHA FAMILY BENEFICIARIES TRUST,Promoter Group,2026-07-17,2026-07-23 19:33:25,23-Jul-2026 19:33:25,Equity,Sell,SELL,OTHER,180754.0,3615080.0,20.0,1585437,2.28%,1404683,2.19%,17-07-2026,17-07-2026,Buy Back,https://nsearchives.nseindia.com/corporate/ixbrl/IT_2705_20260723_193325500_WEB.html
PATINTLOG,Patel Integrated Logistics Limited,Asgar Shakoor Patel,Promoter,2026-08-21,2026-08-25 16:12:10,25-Aug-2026 16:12:10,Equity,Sell,SELL,OTHER,300000.0,4116295.0,13.720983333333333,5211704,8.12%,4911704,7.65%,14-08-2026,21-08-2026,Inter-se-Transfer,https://nsearchives.nseindia.com/corporate/ixbrl/IT_2705_20260825_161210887_WEB.html
PATINTLOG,Patel Integrated Logistics Limited,ARHAAN NUMAIRE FAMILY BENEFICIARIES TRUST,Promoter Group,2026-08-21,2026-08-25 16:12:10,25-Aug-2026 16:12:10,Equity,Buy,BUY,OTHER,300000.0,4116295.0,13.720983333333333,1667986,2.60%,1967986,3.07%,14-08-2026,21-08-2026,Inter-se-Transfer,https://nsearchives.nseindia.com/corporate/ixbrl/IT_2705_20260825_161210887_WEB.html
PATINTLOG,Patel Integrated Logistics Limited,Asgar Shakoor Patel,Promoter,2026-08-21,2026-08-25 16:16:20,25-Aug-2026 16:16:20,Equity,Sell,SELL,OTHER,300000.0,4116295.0,13.720983333333333,5211704,8.12%,4911704,7.65%,14-08-2026,21-08-2026,Inter-se-Transfer,https://nsearchives.nseindia.com/corporate/ixbrl/IT_2705_20260825_161620576_WEB.html
PATINTLOG,Patel Integrated Logistics Limited,ARHAAN NUMAIRE FAMILY BENEFICIARIES TRUST,Promoter Group,2026-08-21,2026-08-25 16:16:20,25-Aug-2026 16:16:20,Equity,Buy,BUY,OTHER,300000.0,4116295.0,13.720983333333333,1667986,2.60%,1967986,3.07%,14-08-2026,21-08-2026,Inter-se-Transfer,https://nsearchives.nseindia.com/corporate/ixbrl/IT_2705_20260825_161620576_WEB.html
PATINTLOG,Patel Integrated Logistics Limited,Asgar Shakoor Patel,Promoter,2026-08-27,2026-08-29 19:57:22,29-Aug-2026 19:57:22,Equity,Sell,SELL,OTHER,263000.0,3504960.0,13.326844106463879,4911704,7.65%,4648704,7.24%,24-08-2026,27-08-2026,Inter-se-Transfer,https://nsearchives.nseindia.com/corporate/ixbrl/IT_2705_20260829_195722297_WEB.html
PATINTLOG,Patel Integrated Logistics Limited,NATASHA NISHQA TANISHA FAMILY BENEFICIARIES TRUST,Promoter Group,2026-08-27,2026-08-29 19:57:22,29-Aug-2026 19:57:22,Equity,Buy,BUY,OTHER,263000.0,3526000.0,13.406844106463879,1404683,2.19%,1667683,2.60%,24-08-2026,27-08-2026,Inter-se-Transfer,https://nsearchives.nseindia.com/corporate/ixbrl/IT_2705_20260829_195722297_WEB.html
PATINTLOG,Patel Integrated Logistics Limited,Asgar Shakoor Patel,Promoter,2026-08-27,2026-08-29 20:06:19,29-Aug-2026 20:06:19,Equity,Sell,SELL,OTHER,263000.0,3504960.0,13.326844106463879,4911704,7.65%,4648704,7.24%,24-08-2026,27-08-2026,Inter-se-Transfer,https://nsearchives.nseindia.com/corporate/ixbrl/IT_2705_20260829_200619689_WEB.html
PATINTLOG,Patel Integrated Logistics Limited,NATASHA NISHQA TANISHA FAMILY BENEFICIARIES TRUST,Promoter Group,2026-08-27,2026-08-29 20:06:19,29-Aug-2026 20:06:19,Equity,Buy,BUY,OTHER,263000.0,3526000.0,13.406844106463879,1404683,2.19%,1667683,2.60%,24-08-2026,27-08-2026,Inter-se-Transfer,https://nsearchives.nseindia.com/corporate/ixbrl/IT_2705_20260829_200619689_WEB.html
PATINTLOG,Patel Integrated Logistics Limited,Asgar Shakoor Patel,Promoter,2026-09-02,2026-09-04 19:37:14,04-Sep-2026 19:37:14,Equity,Sell,SELL,OTHER,100000.0,1292000.0,12.92,4648704,7.24%,4548704,7.09%,02-09-2026,02-09-2026,Inter-se-Transfer,https://nsearchives.nseindia.com/corporate/ixbrl/IT_2705_20260904_193714431_WEB.html
PATINTLOG,Patel Integrated Logistics Limited,NATASHA NISHQA TANISHA FAMILY BENEFICIARIES TRUST,Promoter Group,2026-09-02,2026-09-04 19:37:14,04-Sep-2026 19:37:14,Equity,Buy,BUY,OTHER,100000.0,1300000.0,13.0,1667683,2.60%,1767683,2.75%,02-09-2026,02-09-2026,Inter-se-Transfer,https://nsearchives.nseindia.com/corporate/ixbrl/IT_2705_20260904_193714431_WEB.html
PATINTLOG,Patel Integrated Logistics Limited,Asgar Shakoor Patel,Promoter,2026-09-02,2026-09-04 19:38:13,04-Sep-2026 19:38:13,Equity,Sell,SELL,OTHER,100000.0,1292000.0,12.92,4648704,7.24%,4548704,7.09%,02-09-2026,02-09-2026,Inter-se-Transfer,https://nsearchives.nseindia.com/corporate/ixbrl/IT_2705_20260904_193813658_WEB.html
PATINTLOG,Patel Integrated Logistics Limited,NATASHA NISHQA TANISHA FAMILY BENEFICIARIES TRUST,Promoter Group,2026-09-02,2026-09-04 19:38:13,04-Sep-2026 19:38:13,Equity,Buy,BUY,OTHER,100000.0,1300000.0,13.0,1667683,2.60%,1767683,2.75%,02-09-2026,02-09-2026,Inter-se-Transfer,https://nsearchives.nseindia.com/corporate/ixbrl/IT_2705_20260904_193813658_WEB.html
PENIND,PENNAR INDUSTRIES LIMITED,Aditya Narsing Rao,Promoter,2026-06-17,2026-06-18 22:18:57,18-Jun-2026 22:18:57,Equity,Pledge,OTHER,OTHER,3173000.0,508155950.0,160.15,9001133,6.67%,9001133,6.67%,17-06-2026,17-06-2026,Pledge Creation,https://nsearchives.nseindia.com/corporate/ixbrl/IT_3769_20260618_221857518_WEB.html
PENIND,PENNAR INDUSTRIES LIMITED,Pennar Holdings Private Limited,Promoter,2026-07-14,2026-07-14 14:04:32,14-Jul-2026 14:04:32,Equity,Buy,BUY,OTHER,550000.0,92400000.0,168.0,21005455,15.57%,21555455,15.97%,14-07-2026,14-07-2026,Conversion of security,https://nsearchives.nseindia.com/corporate/ixbrl/IT_3769_20260714_140431999_WEB.html
PGHH,Procter & Gamble Hygiene and Health Care Limited,Temple Trees Impex and Investment Private Limited,Promoter Group,2026-06-19,2026-06-19 15:04:29,19-Jun-2026 15:04:29,Equity,Sell,SELL,MARKET_SELL,619683.0,5574358427.0,8995.500000806864,619683,1.91%,0,0.00%,18-06-2026,19-06-2026,Market Sale,https://nsearchives.nseindia.com/corporate/ixbrl/IT_1062_20260619_150429716_WEB.html
PGHH,Procter & Gamble Hygiene and Health Care Limited,Procter & Gamble Home Products Private Limited,Promoter Group,2026-06-19,2026-06-19 15:04:29,19-Jun-2026 15:04:29,Equity,Buy,BUY,MARKET_BUY,619683.0,5574358427.0,8995.500000806864,0,0.00%,619683,1.91%,18-06-2026,19-06-2026,Market Purchase,https://nsearchives.nseindia.com/corporate/ixbrl/IT_1062_20260619_150429716_WEB.html
PKTEA,THE PERIA KARAMALAI TEA & PRODUCE COMPANY LIMITED,KIRAN VYAPAR LIMITED,Promoter Group,2026-08-17,2026-08-19 17:57:53,19-Aug-2026 17:57:53,Equity,Buy,BUY,MARKET_BUY,10455.0,7344674.0,702.5034911525586,470224,15.19%,480679,15.53%,17-08-2026,17-08-2026,Market Purchase,https://nsearchives.nseindia.com/corporate/ixbrl/IT_12988_20260819_175753329_WEB.html
PKTEA,THE PERIA KARAMALAI TEA & PRODUCE COMPANY LIMITED,KIRAN VYAPAR LIMITED,Promoter Group,2026-08-17,2026-08-19 17:58:23,19-Aug-2026 17:58:23,Equity,Buy,BUY,MARKET_BUY,10455.0,7344674.0,702.5034911525586,470224,15.19%,480679,15.53%,17-08-2026,17-08-2026,Market Purchase,https://nsearchives.nseindia.com/corporate/ixbrl/IT_12988_20260819_175823095_WEB.html
PKTEA,THE PERIA KARAMALAI TEA & PRODUCE COMPANY LIMITED,KIRAN VYAPAR LIMITED,Promoter Group,2026-08-19,2026-08-22 16:56:01,22-Aug-2026 16:56:01,Equity,Buy,BUY,MARKET_BUY,10556.0,7699314.0,729.3779840848806,480679,15.53%,491235,15.87%,19-08-2026,19-08-2026,Market Purchase,https://nsearchives.nseindia.com/corporate/ixbrl/IT_12988_20260822_165601837_WEB.html
PKTEA,THE PERIA KARAMALAI TEA & PRODUCE COMPANY LIMITED,KIRAN VYAPAR LIMITED,Promoter Group,2026-08-20,2026-08-25 17:11:33,25-Aug-2026 17:11:33,Equity,Buy,BUY,MARKET_BUY,1443.0,1072915.0,743.5308385308385,491235,15.87%,492678,15.91%,20-08-2026,20-08-2026,Market Purchase,https://nsearchives.nseindia.com/corporate/ixbrl/IT_12988_20260825_171133852_WEB.html
PLASTIBLEN,PLASTIBLENDS INDIA LIMITED,KOLSITE CORPORATION LLP,Promoter Group,2026-06-19,2026-06-19 22:11:52,19-Jun-2026 22:11:52,Equity,Sell,SELL,MARKET_SELL,343000.0,59559149.0,173.64183381924198,3098848,11.92%,2755848,10.60%,17-06-2026,19-06-2026,Market Sale,https://nsearchives.nseindia.com/corporate/ixbrl/IT_2485_20260619_221152542_WEB.html
PLASTIBLEN,PLASTIBLENDS INDIA LIMITED,VARUN SATYANARAYAN KABRA,Promoter,2026-06-19,2026-06-19 22:11:52,19-Jun-2026 22:11:52,Equity,Buy,BUY,MARKET_BUY,171500.0,29895000.0,174.3148688046647,7499053,28.85%,7670553,29.51%,17-06-2026,19-06-2026,Market Purchase,https://nsearchives.nseindia.com/corporate/ixbrl/IT_2485_20260619_221152542_WEB.html
PLASTIBLEN,PLASTIBLENDS INDIA LIMITED,JYOTI VARUN KABRA,Promoter,2026-06-19,2026-06-19 22:11:52,19-Jun-2026 22:11:52,Equity,Buy,BUY,MARKET_BUY,171500.0,29895127.0,174.31560932944606,1367556,5.26%,1539056,5.92%,17-06-2026,19-06-2026,Market Purchase,https://nsearchives.nseindia.com/corporate/ixbrl/IT_2485_20260619_221152542_WEB.html
PLASTIBLEN,PLASTIBLENDS INDIA LIMITED,KOLSITE CORPORATION LLP,Promoter Group,2026-06-25,2026-06-26 17:35:51,26-Jun-2026 17:35:51,Equity,Sell,SELL,MARKET_SELL,452400.0,79241813.0,175.15873784261714,2755484,10.60%,2303084,8.86%,22-06-2026,25-06-2026,Market Sale,https://nsearchives.nseindia.com/corporate/ixbrl/IT_2485_20260626_173551100_WEB.html
PLASTIBLEN,PLASTIBLENDS INDIA LIMITED,VARUN SATYANARAYAN KABRA,Promoter,2026-06-25,2026-06-26 17:35:51,26-Jun-2026 17:35:51,Equity,Buy,BUY,MARKET_BUY,226200.0,39736578.0,175.67010610079575,7670553,29.51%,7896753,30.38%,22-06-2026,25-06-2026,Market Purchase,https://nsearchives.nseindia.com/corporate/ixbrl/IT_2485_20260626_173551100_WEB.html
PLASTIBLEN,PLASTIBLENDS INDIA LIMITED,JYOTI VARUN KABRA,Promoter,2026-06-25,2026-06-26 17:35:51,26-Jun-2026 17:35:51,Equity,Buy,BUY,MARKET_BUY,226200.0,39812966.0,176.00780725022105,1539056,5.92%,1765256,6.79%,22-06-2026,25-06-2026,Market Purchase,https://nsearchives.nseindia.com/corporate/ixbrl/IT_2485_20260626_173551100_WEB.html
PLASTIBLEN,PLASTIBLENDS INDIA LIMITED,KABRA EXTRUSIONTECHNIK LIMITED,Promoter Group,2026-07-17,2026-07-20 19:28:40,20-Jul-2026 19:28:40,Equity,Sell,SELL,MARKET_SELL,105000.0,21373395.0,203.55614285714285,1376519,5.30%,1271519,4.89%,16-07-2026,17-07-2026,Market Sale,https://nsearchives.nseindia.com/corporate/ixbrl/IT_2485_20260720_192840264_WEB.html
PLASTIBLEN,PLASTIBLENDS INDIA LIMITED,KABRA EXTRUSIONTECHNIK LIMITED,Promoter Group,2026-07-20,2026-07-22 16:28:02,22-Jul-2026 16:28:02,Equity,Sell,SELL,MARKET_SELL,30000.0,5991582.0,199.7194,1271519,4.89%,1241519,4.78%,20-07-2026,20-07-2026,Market Sale,https://nsearchives.nseindia.com/corporate/ixbrl/IT_2485_20260722_162802334_WEB.html
PLASTIBLEN,PLASTIBLENDS INDIA LIMITED,KABRA EXTRUSIONTECHNIK LIMITED,Promoter Group,2026-07-22,2026-07-23 14:34:22,23-Jul-2026 14:34:22,Equity,Sell,SELL,MARKET_SELL,19466.0,3890319.0,199.85199835610808,1241519,4.78%,1222053,4.70%,21-07-2026,22-07-2026,Market Sale,https://nsearchives.nseindia.com/corporate/ixbrl/IT_2485_20260723_143421993_WEB.html
PNC,Pritish Nandy Communications Limited,Ishita Pritish Nandy,Promoter,2025-12-24,2026-06-10 20:38:34,10-Jun-2026 20:38:34,Equity,Buy,BUY,OTHER,1071819.0,0.0,0.0,575610,3.98%,1647429,11.39%,24-12-2025,24-12-2025,Inheritance,https://nsearchives.nseindia.com/corporate/ixbrl/IT_20260610_203834547_WEB.html
PNC,Pritish Nandy Communications Limited,Rangita Pritish Nandy,Promoter and Director,2025-12-24,2026-06-10 20:38:58,10-Jun-2026 20:38:58,Equity,Buy,BUY,OTHER,1071819.0,0.0,0.0,643500,4.45%,1715319,11.86%,24-12-2025,24-12-2025,Inheritance,https://nsearchives.nseindia.com/corporate/ixbrl/IT_20260610_203858467_WEB.html
PNC,Pritish Nandy Communications Limited,Ishita Pritish Nandy,Promoter,2025-12-24,2026-06-10 20:48:00,10-Jun-2026 20:48:00,Equity,Buy,BUY,OTHER,1071819.0,0.0,0.0,575610,3.98%,1647429,11.39%,24-12-2025,24-12-2025,Inheritance,https://nsearchives.nseindia.com/corporate/ixbrl/IT_20260610_204800352_WEB.html
PNGSREVA,PNGS REVA DIAMOND JEWELLERY LIMITED,P. N. Gadgil & Sons Limited,Promoter,2026-06-05,2026-06-05 18:48:00,05-Jun-2026 18:48:00,Equity,Buy,BUY,MARKET_BUY,160000.0,62652800.0,391.58,4207500,13.27%,4367500,13.77%,05-06-2026,05-06-2026,Market Purchase,https://nsearchives.nseindia.com/corporate/ixbrl/IT_20260605_184800764_WEB.html
PNGSREVA,PNGS REVA DIAMOND JEWELLERY LIMITED,P. N. Gadgil & Sons Limited,Promoter,2026-06-18,2026-06-18 18:06:12,18-Jun-2026 18:06:12,Equity,Buy,BUY,MARKET_BUY,45000.0,17424450.0,387.21,4367500,13.77%,4412500,13.91%,18-06-2026,18-06-2026,Market Purchase,https://nsearchives.nseindia.com/corporate/ixbrl/IT_26347_20260618_180612524_WEB.html
PNGSREVA,PNGS REVA DIAMOND JEWELLERY LIMITED,P. N. Gadgil & Sons Limited,Promoter,2026-06-24,2026-06-25 17:44:58,25-Jun-2026 17:44:58,Equity,Buy,BUY,MARKET_BUY,238.0,91630.0,385.0,4412500,13.92%,4412738,13.92%,24-06-2026,24-06-2026,Market Purchase,https://nsearchives.nseindia.com/corporate/ixbrl/IT_26347_20260625_174458869_WEB.html
PNGSREVA,PNGS Reva Diamond Jewellery Limited,P. N. Gadgil & Sons Limited,Promoter,2026-06-25,2026-06-25 20:44:09,25-Jun-2026 20:44:09,Equity,Buy,BUY,MARKET_BUY,5000.0,0.0,0.0,4412738,13.92%,4417738,13.94%,25-06-2026,25-06-2026,Market Purchase,https://nsearchives.nseindia.com/corporate/ixbrl/IT_26347_20260625_204409718_WEB.html
POCL,Pondy Oxides & Chemicals Limited,Manju Bansal,Promoter,2026-06-29,2026-06-30 17:02:09,30-Jun-2026 17:02:09,Equity,Sell,SELL,MARKET_SELL,900000.0,1126094193.0,1251.21577,2223308,7.29%,1323308,4.34%,29-06-2026,29-06-2026,Market Sale,https://nsearchives.nseindia.com/corporate/ixbrl/IT_21714_20260630_170209086_WEB.html
POCL,Pondy Oxides & Chemicals Limited,Manju Bansal,Promoter,2026-06-29,2026-06-30 17:46:53,30-Jun-2026 17:46:53,Equity,Sell,SELL,MARKET_SELL,900000.0,1126094193.0,1251.21577,2223308,7.29%,1323308,4.34%,29-06-2026,29-06-2026,Market Sale,https://nsearchives.nseindia.com/corporate/ixbrl/IT_21714_20260630_174653922_WEB.html
PONNIERODE,PONNI SUGARS (ERODE) LIMITED,Seshasayee Paper and Boards Limited,Promoter,2026-08-17,2026-08-17 15:19:38,17-Aug-2026 15:19:38,Equity,Buy,BUY,MARKET_BUY,290000.0,101498680.0,349.9954482758621,2781362,32.35%,3071362,35.72%,17-08-2026,17-08-2026,Market Purchase,https://nsearchives.nseindia.com/corporate/ixbrl/IT_2008_20260817_151938834_WEB.html
POWERMECH,Power Mech Projects Limited,SAI MALLESWARA RAO SAJJA,Promoter Group,2026-06-24,2026-06-29 18:45:59,29-Jun-2026 18:45:59,Equity,Sell,SELL,MARKET_SELL,400.0,1112440.0,2781.1,510,0.00%,110,0.00%,24-06-2026,24-06-2026,Market Sale,https://nsearchives.nseindia.com/corporate/ixbrl/IT_13016_20260629_184559689_WEB.html
PREMIERPOL,PREMIER POLYFILM LIMITED,D L MILLAR & CO LTD,Promoter Group,2026-06-09,2026-06-10 10:26:01,10-Jun-2026 10:26:01,Equity,Buy,BUY,MARKET_BUY,199218.0,11058591.0,55.50999909646718,15341027,14.65%,15540245,14.84%,09-06-2026,09-06-2026,Market Purchase,https://nsearchives.nseindia.com/corporate/ixbrl/IT_20260610_102601861_WEB.html
PREMIERPOL,PREMIER POLYFILM LIMITED,D L MILLAR & CO LTD,Promoter Group,2026-06-12,2026-06-12 16:05:52,12-Jun-2026 16:05:52,Equity,Buy,BUY,MARKET_BUY,202190.0,11322640.0,56.0,15540245,14.84%,15742435,15.03%,12-06-2026,12-06-2026,Market Purchase,https://nsearchives.nseindia.com/corporate/ixbrl/IT_20260612_160552594_WEB.html
PREMIERPOL,PREMIER POLYFILM LIMITED,D L MILLAR & CO LTD,Promoter Group,2026-06-16,2026-06-17 10:28:54,17-Jun-2026 10:28:54,Equity,Buy,BUY,MARKET_BUY,201500.0,11525800.0,57.2,15742435,15.03%,15943935,15.22%,16-06-2026,16-06-2026,Market Purchase,https://nsearchives.nseindia.com/corporate/ixbrl/IT_91_20260617_102854114_WEB.html
PREMIERPOL,PREMIER POLYFILM LIMITED,D L MILLAR & CO LTD,Promoter Group,2026-06-17,2026-06-18 10:39:18,18-Jun-2026 10:39:18,Equity,Buy,BUY,MARKET_BUY,95270.0,5525660.0,58.0,15943935,15.22%,16039205,15.31%,17-06-2026,17-06-2026,Market Purchase,https://nsearchives.nseindia.com/corporate/ixbrl/IT_91_20260618_103918503_WEB.html
PREMIERPOL,PREMIER POLYFILM LIMITED,D L MILLAR & CO LTD,Promoter Group,2026-07-23,2026-07-24 15:55:26,24-Jul-2026 15:55:26,Equity,Sell,SELL,MARKET_SELL,82001.0,5525660.0,67.38527578931964,16039205,15.31%,15957204,15.23%,23-07-2026,23-07-2026,Market Sale,https://nsearchives.nseindia.com/corporate/ixbrl/IT_91_20260724_155525994_WEB.html
PREMIERPOL,PREMIER POLYFILM LIMITED,D L MILLAR & CO LTD,Promoter Group,2026-07-23,2026-07-24 15:58:00,24-Jul-2026 15:58:00,Equity,Sell,SELL,MARKET_SELL,82001.0,5525660.0,67.38527578931964,16039205,15.31%,15957204,15.23%,23-07-2026,23-07-2026,Market Sale,https://nsearchives.nseindia.com/corporate/ixbrl/IT_91_20260724_155800097_WEB.html
RADIANTCMS,RADIANT CASH MANAGEMENT SERVICES LIMITED,Col David Devasahayam,Promoter and Director,2026-06-08,2026-06-10 17:18:25,10-Jun-2026 17:18:25,Equity,Buy,BUY,MARKET_BUY,30037.0,1167238.0,38.86000599260912,52235575,48.96%,52265612,48.98%,08-06-2026,08-06-2026,Market Purchase,https://nsearchives.nseindia.com/corporate/ixbrl/IT_20260610_171825886_WEB.html
RAJMET,Rajnandini Metal Limited,Het Ram,Promoter,2026-08-24,2026-08-27 15:57:46,27-Aug-2026 15:57:46,Equity,Sell,SELL,MARKET_SELL,1325000.0,4783250.0,3.61,87379477,31.60%,86054477,31.12%,24-08-2026,24-08-2026,Market Sale,https://nsearchives.nseindia.com/corporate/ixbrl/IT_16759_20260827_155745971_WEB.html
RAJMET,Rajnandini Metal Limited,Het Ram,Promoter,2026-08-25,2026-08-27 15:58:13,27-Aug-2026 15:58:13,Equity,Sell,SELL,MARKET_SELL,700000.0,2261000.0,3.23,86054477,31.12%,85354477,30.87%,25-08-2026,25-08-2026,Market Sale,https://nsearchives.nseindia.com/corporate/ixbrl/IT_16759_20260827_155813718_WEB.html
RAJMET,Rajnandini Metal Limited,Het Ram,Promoter,2026-08-26,2026-08-31 11:31:08,31-Aug-2026 11:31:08,Equity,Sell,SELL,MARKET_SELL,500000.0,1565000.0,3.13,85354477,30.87%,84854477,30.69%,26-08-2026,26-08-2026,Market Sale,https://nsearchives.nseindia.com/corporate/ixbrl/IT_16759_20260831_113108111_WEB.html
RAJMET,Rajnandini Metal Limited,Het Ram,Promoter,2026-08-27,2026-08-31 11:38:52,31-Aug-2026 11:38:52,Equity,Sell,SELL,MARKET_SELL,575000.0,1788250.0,3.11,84854477,30.69%,84279477,30.48%,27-08-2026,27-08-2026,Market Sale,https://nsearchives.nseindia.com/corporate/ixbrl/IT_16759_20260831_113852151_WEB.html
RAMCOIND,RAMCO INDUSTRIES LIMITED,SARADHA DEEPA,Promoter Group,2026-06-05,2026-06-18 16:20:30,18-Jun-2026 16:20:30,Equity,Buy,BUY,OTHER,40000.0,12290000.0,307.25,3526824,4.06%,3566824,4.11%,05-06-2026,05-06-2026,Inheritance,https://nsearchives.nseindia.com/corporate/ixbrl/IT_1560_20260618_162030686_WEB.html
RAMCOIND,RAMCO INDUSTRIES LIMITED,RAJAPALAYAM MILLS LIMITED,Promoter Group,2026-07-22,2026-07-23 16:05:24,23-Jul-2026 16:05:24,Equity,Pledge Revoke,OTHER,OTHER,255000.0,86802000.0,340.4,12293180,14.16%,12293180,14.16%,22-07-2026,22-07-2026,Pledge Release,https://nsearchives.nseindia.com/corporate/ixbrl/IT_1560_20260723_160524648_WEB.html
RAMCOIND,RAMCO INDUSTRIES LIMITED,RAJAPALAYAM MILLS LIMITED,Promoter Group,2026-07-24,2026-07-25 12:59:04,25-Jul-2026 12:59:04,Equity,Pledge Revoke,OTHER,OTHER,130000.0,42789500.0,329.15,12293180,14.16%,12293180,14.16%,24-07-2026,24-07-2026,Pledge Release,https://nsearchives.nseindia.com/corporate/ixbrl/IT_1560_20260725_125904256_WEB.html
RBA,RESTAURANT BRANDS ASIA LIMITED,F&B Asia Ventures (Singapore) Pte. Ltd.,Promoter Group,2026-07-07,2026-07-09 12:24:54,09-Jul-2026 12:24:54,Equity,Sell,SELL,OTHER,1.0,70.0,70.0,1,0.00%,0,0.00%,07-07-2026,07-07-2026,Off Market,https://nsearchives.nseindia.com/corporate/ixbrl/IT_17627_20260709_122454529_WEB.html
RBA,RESTAURANT BRANDS ASIA LIMITED,QSR Asia Pte. Ltd.,Promoter,2026-07-07,2026-07-09 12:24:54,09-Jul-2026 12:24:54,Equity,Sell,SELL,OTHER,65623090.0,4593616300.0,70.0,65623090,9.22%,0,0.00%,07-07-2026,07-07-2026,Off Market,https://nsearchives.nseindia.com/corporate/ixbrl/IT_17627_20260709_122454529_WEB.html
RBA,RESTAURANT BRANDS ASIA LIMITED,Lenexis Foodworks Private Limited,Promoter,2026-07-07,2026-07-10 12:53:47,10-Jul-2026 12:53:47,Equity,Buy,BUY,OTHER,65622791.0,4593595370.0,70.0,231610152,32.55%,297232943,41.78%,07-07-2026,07-07-2026,Off Market,https://nsearchives.nseindia.com/corporate/ixbrl/IT_17627_20260710_125346933_WEB.html
RBA,RESTAURANT BRANDS ASIA LIMITED,Aayush Agrawal Trust,Promoter,2026-07-07,2026-07-10 12:53:47,10-Jul-2026 12:53:47,Equity,Buy,BUY,OTHER,100.0,7000.0,70.0,100,0.00%,200,0.00%,07-07-2026,07-07-2026,Off Market,https://nsearchives.nseindia.com/corporate/ixbrl/IT_17627_20260710_125346933_WEB.html
RBA,RESTAURANT BRANDS ASIA LIMITED,Inspira Foodworks Private Limited,Promoter,2026-07-07,2026-07-10 12:53:47,10-Jul-2026 12:53:47,Equity,Buy,BUY,OTHER,100.0,7000.0,70.0,100,0.00%,200,0.00%,07-07-2026,07-07-2026,Off Market,https://nsearchives.nseindia.com/corporate/ixbrl/IT_17627_20260710_125346933_WEB.html
RBA,RESTAURANT BRANDS ASIA LIMITED,Aayush Madhusudan Agrawal,Promoter,2026-07-07,2026-07-10 12:53:47,10-Jul-2026 12:53:47,Equity,Buy,BUY,OTHER,100.0,7000.0,70.0,100,0.00%,200,0.00%,07-07-2026,07-07-2026,Off Market,https://nsearchives.nseindia.com/corporate/ixbrl/IT_17627_20260710_125346933_WEB.html
RBA,RESTAURANT BRANDS ASIA LIMITED,Lenexis Foodworks Private Limited,Promoter,2026-07-14,2026-07-16 19:58:48,16-Jul-2026 19:58:48,Equity,Pledge,OTHER,OTHER,118893177.0,8444982363.0,71.03000000580353,297232943,41.76%,297232943,41.76%,14-07-2026,14-07-2026,Pledge Creation,https://nsearchives.nseindia.com/corporate/ixbrl/IT_17627_20260716_195848554_WEB.html
RELTD,Ravindra Energy Limited,"Khandepar
Investments
Private
Limited",Promoter,2026-06-09,2026-06-11 19:03:48,11-Jun-2026 19:03:48,Equity,Pledge,OTHER,OTHER,7000000.0,900900000.0,128.7,57708844,32.29%,57708844,32.29%,09-06-2026,09-06-2026,Pledge Creation,https://nsearchives.nseindia.com/corporate/ixbrl/IT_20260611_190348623_WEB.html
RELTD,Ravindra Energy Limited,Khandepar Investments Private Limited,Promoter,2026-06-17,2026-06-18 16:34:25,18-Jun-2026 16:34:25,Equity,Pledge,OTHER,OTHER,7610000.0,1110070700.0,145.87,57708844,32.29%,57708844,32.29%,17-06-2026,17-06-2026,Pledge Creation,https://nsearchives.nseindia.com/corporate/ixbrl/IT_23918_20260618_163425451_WEB.html
RELTD,Ravindra Energy Limited,Khandepar Investments Private Limited,Promoter,2026-06-17,2026-06-18 16:53:03,18-Jun-2026 16:53:03,Equity,Pledge,OTHER,OTHER,7610000.0,1110070700.0,145.87,57708844,32.29%,57708844,32.29%,17-06-2026,17-06-2026,Pledge Creation,https://nsearchives.nseindia.com/corporate/ixbrl/IT_23918_20260618_165303288_WEB.html
RELTD,Ravindra Energy Limited,Vidya Murkumbi,Promoter and Director,2026-06-25,2026-07-01 22:09:38,01-Jul-2026 22:09:38,Equity,Buy,BUY,OTHER,44777.0,4522477.0,101.0,403000,0.23%,447777,0.23%,25-06-2026,25-06-2026,Allotment,https://nsearchives.nseindia.com/corporate/ixbrl/IT_23918_20260701_220938325_WEB.html
RELTD,Ravindra Energy Limited,Supriya Shailesh Rojekar,Promoter,2026-06-25,2026-07-01 22:09:38,01-Jul-2026 22:09:38,Equity,Buy,BUY,OTHER,27777.0,2805477.0,101.0,250000,0.14%,277777,0.14%,25-06-2026,25-06-2026,Allotment,https://nsearchives.nseindia.com/corporate/ixbrl/IT_23918_20260701_220938325_WEB.html
RELTD,Ravindra Energy Limited,"Khandepar Investments
Private Limited",Promoter,2026-06-25,2026-07-01 22:09:38,01-Jul-2026 22:09:38,Equity,Buy,BUY,OTHER,2827016.0,285528616.0,101.0,57708844,32.29%,60535860,30.49%,25-06-2026,25-06-2026,Allotment,https://nsearchives.nseindia.com/corporate/ixbrl/IT_23918_20260701_220938325_WEB.html
RELTD,Ravindra Energy Limited,Apoorva Narendra Murkumbi,Promoter Group,2026-06-25,2026-07-01 22:09:38,01-Jul-2026 22:09:38,Equity,Buy,BUY,OTHER,1111111.0,112222211.0,101.0,10000000,5.60%,11111111,5.60%,25-06-2026,25-06-2026,Allotment,https://nsearchives.nseindia.com/corporate/ixbrl/IT_23918_20260701_220938325_WEB.html
RELTD,Ravindra Energy Limited,Aalok Wadhwa,Promoter Group,2026-06-25,2026-07-01 22:09:38,01-Jul-2026 22:09:38,Equity,Buy,BUY,OTHER,27777.0,2805477.0,101.0,250000,0.14%,277777,0.14%,25-06-2026,25-06-2026,Allotment,https://nsearchives.nseindia.com/corporate/ixbrl/IT_23918_20260701_220938325_WEB.html
RELTD,Ravindra Energy Limited,Aryaa Shailesh Rojekar,Promoter Group,2026-06-25,2026-07-01 22:09:38,01-Jul-2026 22:09:38,Equity,Buy,BUY,OTHER,27777.0,2805477.0,101.0,250000,0.14%,277777,0.14%,25-06-2026,25-06-2026,Allotment,https://nsearchives.nseindia.com/corporate/ixbrl/IT_23918_20260701_220938325_WEB.html
RELTD,Ravindra Energy Limited,Dhruva Shailesh Rojekar,Promoter Group,2026-06-25,2026-07-01 22:09:38,01-Jul-2026 22:09:38,Equity,Buy,BUY,OTHER,27777.0,2805477.0,101.0,250000,0.14%,277777,0.14%,25-06-2026,25-06-2026,Allotment,https://nsearchives.nseindia.com/corporate/ixbrl/IT_23918_20260701_220938325_WEB.html
RELTD,Ravindra Energy Limited,Malvika Narendra Murkumbi,Promoter Group,2026-06-25,2026-07-01 22:09:38,01-Jul-2026 22:09:38,Equity,Buy,BUY,OTHER,27777.0,2805477.0,101.0,250000,0.14%,277777,0.14%,25-06-2026,25-06-2026,Allotment,https://nsearchives.nseindia.com/corporate/ixbrl/IT_23918_20260701_220938325_WEB.html
RELTD,Ravindra Energy Limited,Inika Narendra Murkumbi,Promoter Group,2026-06-25,2026-07-01 22:09:38,01-Jul-2026 22:09:38,Equity,Buy,BUY,OTHER,27777.0,2805477.0,101.0,250000,0.14%,277777,0.14%,25-06-2026,25-06-2026,Allotment,https://nsearchives.nseindia.com/corporate/ixbrl/IT_23918_20260701_220938325_WEB.html
RELTD,Ravindra Energy Limited,Anuradha Ravindra Kulkarni,Promoter Group,2026-06-25,2026-07-01 22:09:38,01-Jul-2026 22:09:38,Equity,Buy,BUY,OTHER,12777.0,1290477.0,101.0,115000,0.06%,127777,0.06%,25-06-2026,25-06-2026,Allotment,https://nsearchives.nseindia.com/corporate/ixbrl/IT_23918_20260701_220938325_WEB.html
RELTD,Ravindra Energy Limited,Khandepar Investments Private Limited,Promoter,2026-08-05,2026-08-07 18:29:00,07-Aug-2026 18:29:00,Equity,Pledge,OTHER,OTHER,2630500.0,451577935.0,171.67,60535860,30.49%,60535860,30.49%,05-08-2026,05-08-2026,Pledge Creation,https://nsearchives.nseindia.com/corporate/ixbrl/IT_23918_20260807_182900282_WEB.html
RELTD,Ravindra Energy Limited,Narendra Murkumbi,Promoter and Director,2026-08-05,2026-08-07 18:29:00,07-Aug-2026 18:29:00,Equity,Pledge,OTHER,OTHER,500000.0,85835000.0,171.67,41534310,20.92%,41534310,20.92%,05-08-2026,05-08-2026,Pledge Creation,https://nsearchives.nseindia.com/corporate/ixbrl/IT_23918_20260807_182900282_WEB.html
RELTD,Ravindra Energy Limited,Khandepar Investments Private Limited,Promoter,2026-08-20,2026-08-22 00:16:42,22-Aug-2026 00:16:42,Equity,Pledge,OTHER,OTHER,1870800.0,311881068.0,166.71,60535860,30.49%,60535860,30.49%,20-08-2026,20-08-2026,Off Market,https://nsearchives.nseindia.com/corporate/ixbrl/IT_23918_20260822_001642854_WEB.html
RELTD,Ravindra Energy Limited,Narendra Madhusudan Murkumbi,Promoter and Director,2026-08-20,2026-08-22 00:16:42,22-Aug-2026 00:16:42,Equity,Pledge,OTHER,OTHER,300000.0,50013000.0,166.71,41534310,20.92%,41534310,20.92%,20-08-2026,20-08-2026,Off Market,https://nsearchives.nseindia.com/corporate/ixbrl/IT_23918_20260822_001642854_WEB.html
RELTD,Ravindra Energy Limited,Khandepar Investments Private Limited,Promoter,2026-08-20,2026-08-22 00:24:20,22-Aug-2026 00:24:20,Equity,Pledge,OTHER,OTHER,1870800.0,311881068.0,166.71,60535860,30.49%,60535860,30.49%,20-08-2026,20-08-2026,Pledge Creation,https://nsearchives.nseindia.com/corporate/ixbrl/IT_23918_20260822_002420334_WEB.html
RELTD,Ravindra Energy Limited,Narendra Madhusudan Murkumbi,Promoter and Director,2026-08-20,2026-08-22 00:24:20,22-Aug-2026 00:24:20,Equity,Pledge,OTHER,OTHER,300000.0,50013000.0,166.71,41534310,20.92%,41534310,20.92%,20-08-2026,20-08-2026,Pledge Creation,https://nsearchives.nseindia.com/corporate/ixbrl/IT_23918_20260822_002420334_WEB.html
REMSONSIND,REMSONS INDUSTRIES LIMITED,Chand Krishna Kejriwal,Promoter,2026-06-01,2026-06-05 17:07:47,05-Jun-2026 17:07:47,Equity,Sell,SELL,MARKET_SELL,25000.0,2329000.0,93.16,8515020,24.41%,8490020,24.34%,01-06-2026,01-06-2026,Market Sale,https://nsearchives.nseindia.com/corporate/ixbrl/IT_20260605_170747012_WEB.html
REMSONSIND,REMSONS INDUSTRIES LIMITED,Chand Krishna Kejriwal,Promoter,2026-06-02,2026-06-05 17:07:47,05-Jun-2026 17:07:47,Equity,Sell,SELL,MARKET_SELL,25000.0,2281250.0,91.25,8490020,24.34%,8465020,24.27%,02-06-2026,02-06-2026,Market Sale,https://nsearchives.nseindia.com/corporate/ixbrl/IT_20260605_170747012_WEB.html
REMSONSIND,REMSONS INDUSTRIES LIMITED,Krishna Radhakrishna Kejriwal,Promoter,2026-06-03,2026-06-05 17:07:47,05-Jun-2026 17:07:47,Equity,Sell,SELL,MARKET_SELL,25000.0,2163000.0,86.52,8390895,24.06%,8365895,23.99%,03-06-2026,03-06-2026,Market Sale,https://nsearchives.nseindia.com/corporate/ixbrl/IT_20260605_170747012_WEB.html
REMSONSIND,REMSONS INDUSTRIES LIMITED,Krishna Radhakrishna Kejriwal,Promoter,2026-06-04,2026-06-05 17:07:47,05-Jun-2026 17:07:47,Equity,Sell,SELL,MARKET_SELL,50000.0,8315895.0,166.3179,8365895,23.99%,8315895,23.82%,04-06-2026,04-06-2026,Market Sale,https://nsearchives.nseindia.com/corporate/ixbrl/IT_20260605_170747012_WEB.html
REMSONSIND,REMSONS INDUSTRIES LIMITED,Krishna Radhakrishna Kejriwal,Promoter,2026-06-05,2026-06-05 17:07:47,05-Jun-2026 17:07:47,Equity,Sell,SELL,MARKET_SELL,25000.0,2086000.0,83.44,8315895,23.82%,8290895,23.77%,05-06-2026,05-06-2026,Market Sale,https://nsearchives.nseindia.com/corporate/ixbrl/IT_20260605_170747012_WEB.html
REMSONSIND,REMSONS INDUSTRIES LIMITED,Krishna Radhakrishna Kejriwal,Promoter,2026-06-08,2026-06-22 16:42:31,22-Jun-2026 16:42:31,Equity,Sell,SELL,MARKET_SELL,25000.0,2043500.0,81.74,8290895,23.77%,8265895,23.70%,08-06-2026,08-06-2026,Market Sale,https://nsearchives.nseindia.com/corporate/ixbrl/IT_1286_20260622_164231141_WEB.html
REMSONSIND,REMSONS INDUSTRIES LIMITED,Krishna Radhakrishna Kejriwal,Promoter,2026-06-18,2026-06-22 16:42:31,22-Jun-2026 16:42:31,Equity,Sell,SELL,MARKET_SELL,100000.0,8625000.0,86.25,8265895,23.70%,8165895,23.41%,18-06-2026,18-06-2026,Market Sale,https://nsearchives.nseindia.com/corporate/ixbrl/IT_1286_20260622_164231141_WEB.html
REMSONSIND,REMSONS INDUSTRIES LIMITED,Krishna Radhakrishna Kejriwal,Promoter,2026-06-19,2026-06-22 16:42:31,22-Jun-2026 16:42:31,Equity,Sell,SELL,MARKET_SELL,100000.0,8521000.0,85.21,8165895,23.41%,8065895,23.13%,19-06-2026,19-06-2026,Market Sale,https://nsearchives.nseindia.com/corporate/ixbrl/IT_1286_20260622_164231141_WEB.html
REMSONSIND,REMSONS INDUSTRIES LIMITED,Krishna Radhakrishna Kejriwal,Promoter,2026-06-22,2026-06-22 16:42:31,22-Jun-2026 16:42:31,Equity,Sell,SELL,MARKET_SELL,50000.0,8015895.0,160.3179,8065895,23.13%,8015895,22.98%,22-06-2026,22-06-2026,Market Sale,https://nsearchives.nseindia.com/corporate/ixbrl/IT_1286_20260622_164231141_WEB.html
RESPONIND,Responsive Industries Limited,Fairpoint Tradecom LLP,Promoter Group,2026-06-04,2026-06-10 12:54:41,10-Jun-2026 12:54:41,Equity,Pledge,OTHER,OTHER,300000.0,57405000.0,191.35,24650000,9.25%,24650000,9.25%,04-06-2026,04-06-2026,Pledge Creation,https://nsearchives.nseindia.com/corporate/ixbrl/IT_20260610_125440975_WEB.html
RESPONIND,Responsive Industries Limited,Fairpoint Tradecom LLP,Promoter Group,2026-06-04,2026-06-10 12:54:41,10-Jun-2026 12:54:41,Equity,Pledge Revoke,OTHER,OTHER,100000.0,18000000.0,180.0,24650000,9.25%,24650000,9.25%,04-06-2026,04-06-2026,Pledge Release,https://nsearchives.nseindia.com/corporate/ixbrl/IT_20260610_125440975_WEB.html
RESPONIND,Responsive Industries Limited,Fairpoint Tradecom LLP,Promoter Group,2026-06-04,2026-06-10 13:02:59,10-Jun-2026 13:02:59,Equity,Pledge,OTHER,OTHER,300000.0,57405000.0,191.35,24650000,9.25%,24650000,9.25%,04-06-2026,04-06-2026,Pledge Creation,https://nsearchives.nseindia.com/corporate/ixbrl/IT_20260610_130259558_WEB.html
RESPONIND,Responsive Industries Limited,Fairpoint Tradecom LLP,Promoter Group,2026-06-04,2026-06-10 13:02:59,10-Jun-2026 13:02:59,Equity,Pledge Revoke,OTHER,OTHER,100000.0,18000000.0,180.0,24650000,9.25%,24650000,9.25%,04-06-2026,04-06-2026,Pledge Release,https://nsearchives.nseindia.com/corporate/ixbrl/IT_20260610_130259558_WEB.html
RESPONIND,Responsive Industries Limited,Fairpoint Tradecom LLP,Promoter Group,2026-06-08,2026-06-10 12:54:41,10-Jun-2026 12:54:41,Equity,Pledge,OTHER,OTHER,100000.0,18000000.0,180.0,24650000,9.25%,24650000,9.25%,08-06-2026,08-06-2026,Pledge Creation,https://nsearchives.nseindia.com/corporate/ixbrl/IT_20260610_125440975_WEB.html
RESPONIND,Responsive Industries Limited,Fairpoint Tradecom LLP,Promoter Group,2026-06-08,2026-06-10 12:54:41,10-Jun-2026 12:54:41,Equity,Pledge Revoke,OTHER,OTHER,320000.0,54377600.0,169.93,24650000,9.25%,24650000,9.25%,08-06-2026,08-06-2026,Pledge Release,https://nsearchives.nseindia.com/corporate/ixbrl/IT_20260610_125440975_WEB.html
RESPONIND,Responsive Industries Limited,Fairpoint Tradecom LLP,Promoter Group,2026-06-08,2026-06-10 13:02:59,10-Jun-2026 13:02:59,Equity,Pledge,OTHER,OTHER,100000.0,18000000.0,180.0,24650000,9.25%,24650000,9.25%,08-06-2026,08-06-2026,Pledge Creation,https://nsearchives.nseindia.com/corporate/ixbrl/IT_20260610_130259558_WEB.html
RESPONIND,Responsive Industries Limited,Fairpoint Tradecom LLP,Promoter Group,2026-06-08,2026-06-10 13:02:59,10-Jun-2026 13:02:59,Equity,Pledge Revoke,OTHER,OTHER,320000.0,54377600.0,169.93,24650000,9.25%,24650000,9.25%,08-06-2026,08-06-2026,Pledge Release,https://nsearchives.nseindia.com/corporate/ixbrl/IT_20260610_130259558_WEB.html
RESPONIND,Responsive Industries Limited,Fairpoint Tradecom LLP,Promoter Group,2026-06-10,2026-06-15 12:32:16,15-Jun-2026 12:32:16,Equity,Pledge,OTHER,OTHER,320000.0,55000000.0,171.875,24650000,9.25%,24650000,9.25%,10-06-2026,10-06-2026,Pledge Creation,https://nsearchives.nseindia.com/corporate/ixbrl/IT_3674_20260615_123216561_WEB.html
RESPONIND,Responsive Industries Limited,Fairpoint Tradecom LLP,Promoter Group,2026-06-10,2026-06-15 12:33:12,15-Jun-2026 12:33:12,Equity,Pledge,OTHER,OTHER,320000.0,55000000.0,171.875,24650000,9.25%,24650000,9.25%,10-06-2026,10-06-2026,Pledge Creation,https://nsearchives.nseindia.com/corporate/ixbrl/IT_3674_20260615_123312223_WEB.html
RESPONIND,Responsive Industries Limited,Fairpoint Tradecom LLP,Promoter Group,2026-07-07,2026-07-09 17:56:44,09-Jul-2026 17:56:44,Equity,Pledge Revoke,OTHER,OTHER,174000.0,36783600.0,211.4,24650000,9.25%,24650000,9.25%,07-07-2026,07-07-2026,Off Market,https://nsearchives.nseindia.com/corporate/ixbrl/IT_3674_20260709_175644776_WEB.html
RESPONIND,Responsive Industries Limited,Fairpoint Tradecom LLP,Promoter Group,2026-07-07,2026-07-09 17:58:08,09-Jul-2026 17:58:08,Equity,Pledge Revoke,OTHER,OTHER,174000.0,36783600.0,211.4,24650000,9.25%,24650000,9.25%,07-07-2026,07-07-2026,Off Market,https://nsearchives.nseindia.com/corporate/ixbrl/IT_3674_20260709_175808155_WEB.html
RESPONIND,Responsive Industries Limited,Fairpoint Tradecom LLP,Promoter Group,2026-07-07,2026-07-09 17:58:46,09-Jul-2026 17:58:46,Equity,Pledge Revoke,OTHER,OTHER,174000.0,36783600.0,211.4,24650000,9.25%,24650000,9.25%,07-07-2026,07-07-2026,Off Market,https://nsearchives.nseindia.com/corporate/ixbrl/IT_3674_20260709_175846570_WEB.html
RESPONIND,Responsive Industries Limited,Fairpoint Tradecom LLP,Promoter Group,2026-08-18,2026-09-01 17:03:21,01-Sep-2026 17:03:21,Equity,Pledge,OTHER,OTHER,1000000.0,159010000.0,159.01,24650000,9.25%,24650000,9.25%,18-08-2026,18-08-2026,Others,https://nsearchives.nseindia.com/corporate/ixbrl/IT_3674_20260901_170321635_WEB.html
RESPONIND,Responsive Industries Limited,Fairpoint Tradecom LLP,Promoter Group,2026-08-18,2026-09-01 17:03:21,01-Sep-2026 17:03:21,Equity,Pledge,OTHER,OTHER,100000.0,15901000.0,159.01,24650000,9.25%,24650000,9.25%,18-08-2026,18-08-2026,Off Market,https://nsearchives.nseindia.com/corporate/ixbrl/IT_3674_20260901_170321635_WEB.html
RESPONIND,Responsive Industries Limited,Fairpoint Tradecom LLP,Promoter Group,2026-08-19,2026-09-01 17:03:21,01-Sep-2026 17:03:21,Equity,Pledge,OTHER,OTHER,400000.0,63604000.0,159.01,24650000,9.25%,24650000,9.25%,19-08-2026,19-08-2026,Off Market,https://nsearchives.nseindia.com/corporate/ixbrl/IT_3674_20260901_170321635_WEB.html
RGL,Renaissance Global Limited,Sumit Shah,Promoter and Director,2026-06-10,2026-06-11 11:35:36,11-Jun-2026 11:35:36,Equity,Buy,BUY,MARKET_BUY,41874.0,4007413.0,95.70170033911258,1030830,0.96%,1072704,1.00%,10-06-2026,10-06-2026,Market Purchase,https://nsearchives.nseindia.com/corporate/ixbrl/IT_20260611_113536642_WEB.html
RGL,Renaissance Global Limited,Sumit Shah,Promoter and Director,2026-06-11,2026-06-11 16:04:56,11-Jun-2026 16:04:56,Equity,Buy,BUY,MARKET_BUY,256091.0,26056348.0,101.7464416945539,1072704,1.00%,1328795,1.24%,11-06-2026,11-06-2026,Market Purchase,https://nsearchives.nseindia.com/corporate/ixbrl/IT_20260611_160456555_WEB.html
RKFORGE,RAMKRISHNA FORGINGS LIMITED,Riddhi Portfolio Pvt. Ltd.,Promoter,2026-06-09,2026-06-11 14:52:34,11-Jun-2026 14:52:34,Equity,Buy,BUY,OTHER,335000.0,703500000.0,2100.0,62947039,34.62%,63282039,34.74%,09-06-2026,09-06-2026,Preferential Offer,https://nsearchives.nseindia.com/corporate/ixbrl/IT_20260611_145234572_WEB.html
RKFORGE,RAMKRISHNA FORGINGS LIMITED,Riddhi Portfolio Pvt. Ltd.,Promoter,2026-06-09,2026-06-11 14:59:18,11-Jun-2026 14:59:18,Equity,Buy,BUY,OTHER,335000.0,703500000.0,2100.0,62947039,34.62%,63282039,34.74%,09-06-2026,09-06-2026,Preferential Offer,https://nsearchives.nseindia.com/corporate/ixbrl/IT_20260611_145918551_WEB.html
RMCL,RADHA MADHAV CORPORATION LIMITED,Plug & Play Retail and Distribution Private Limited,Promoter,2026-07-18,2026-07-30 16:57:18,30-Jul-2026 16:57:18,Equity,Buy,BUY,OTHER,11170000.0,111700000.0,10.0,1540000,11.50%,12710000,94.91%,18-07-2026,18-07-2026,Allotment,https://nsearchives.nseindia.com/corporate/ixbrl/IT_2680_20260730_165718715_WEB.html
ROSSELLIND,ROSSELL INDIA LIMITED,HARSH MOHAN GUPTA,Promoter,2026-06-17,2026-06-18 16:44:40,18-Jun-2026 16:44:40,Equity,Sell,SELL,OTHER,200.0,0.0,0.0,11308943,30.00%,11308743,30.00%,17-06-2026,17-06-2026,Inter-se-Transfer,https://nsearchives.nseindia.com/corporate/ixbrl/IT_6150_20260618_164440589_WEB.html
ROSSTECH,Rossell Techsys Limited,Harsh Mohan Gupta & Son Huf,Promoter,2026-07-31,2026-07-31 16:34:07,31-Jul-2026 16:34:07,Equity,Sell,SELL,OTHER,1507849.0,1357064100.0,900.0,2875180,7.62%,1367331,3.62%,31-07-2026,31-07-2026,Block Deal,https://nsearchives.nseindia.com/corporate/ixbrl/IT_24460_20260731_163407812_WEB.html
ROSSTECH,Rossell Techsys Limited,"Rishab
Mohan
Gupta",Promoter,2026-07-31,2026-07-31 16:34:07,31-Jul-2026 16:34:07,Equity,Sell,SELL,OTHER,339268.0,305341200.0,900.0,6662598,17.67%,6323330,16.77%,31-07-2026,31-07-2026,Block Deal,https://nsearchives.nseindia.com/corporate/ixbrl/IT_24460_20260731_163407812_WEB.html
ROSSTECH,Rossell Techsys Limited,Harsh Mohan Gupta & Son Huf,Promoter,2026-07-31,2026-07-31 16:34:22,31-Jul-2026 16:34:22,Equity,Sell,SELL,OTHER,1507849.0,1357064100.0,900.0,2875180,7.62%,1367331,3.62%,31-07-2026,31-07-2026,Block Deal,https://nsearchives.nseindia.com/corporate/ixbrl/IT_24460_20260731_163422129_WEB.html
ROSSTECH,Rossell Techsys Limited,"Rishab
Mohan
Gupta",Promoter,2026-07-31,2026-07-31 16:34:22,31-Jul-2026 16:34:22,Equity,Sell,SELL,OTHER,339268.0,305341200.0,900.0,6662598,17.67%,6323330,16.77%,31-07-2026,31-07-2026,Block Deal,https://nsearchives.nseindia.com/corporate/ixbrl/IT_24460_20260731_163422129_WEB.html
ROTO,Roto Pumps Limited,Shalini Gupta,Promoter Group,2026-06-19,2026-06-23 16:33:20,23-Jun-2026 16:33:20,Equity,Sell,SELL,MARKET_SELL,1000.0,65240.0,65.24,627043,0.33%,626043,0.33%,18-06-2026,19-06-2026,Market Sale,https://nsearchives.nseindia.com/corporate/ixbrl/IT_20335_20260623_163320648_WEB.html
ROTO,Roto Pumps Limited,Shalini Gupta,Promoter Group,2026-06-24,2026-06-26 19:03:13,26-Jun-2026 19:03:13,Equity,Sell,SELL,MARKET_SELL,12023.0,815301.0,67.81177742659902,626043,0.33%,614020,0.33%,22-06-2026,24-06-2026,Market Sale,https://nsearchives.nseindia.com/corporate/ixbrl/IT_20335_20260626_190313010_WEB.html
ROTO,Roto Pumps Limited,Shalini Gupta,Promoter Group,2026-08-27,2026-08-31 18:17:24,31-Aug-2026 18:17:24,Equity,Sell,SELL,MARKET_SELL,4900.0,317830.0,64.86326530612244,614020,0.33%,609120,0.32%,25-08-2026,27-08-2026,Market Sale,https://nsearchives.nseindia.com/corporate/ixbrl/IT_20335_20260831_181723967_WEB.html
RPPINFRA,R P P Infra Projects Limited,P Arul Sundaram,Promoter and Director,2026-08-06,2026-08-10 16:58:54,10-Aug-2026 16:58:54,Equity,Sell,SELL,MARKET_SELL,1015000.0,59824100.0,58.94,7679837,15.49%,6664837,13.44%,06-08-2026,06-08-2026,Market Sale,https://nsearchives.nseindia.com/corporate/ixbrl/IT_3798_20260810_165854511_WEB.html
RPPINFRA,R P P Infra Projects Limited,P Arul Sundaram,Promoter and Director,2026-08-07,2026-08-10 16:58:54,10-Aug-2026 16:58:54,Equity,Sell,SELL,MARKET_SELL,697000.0,39896280.0,57.24,6664837,13.44%,5967837,12.04%,07-08-2026,07-08-2026,Market Sale,https://nsearchives.nseindia.com/corporate/ixbrl/IT_3798_20260810_165854511_WEB.html
RPPINFRA,R P P Infra Projects Limited,Mr. P Arul Sundaram,Promoter and Director,2026-08-12,2026-08-13 16:12:41,13-Aug-2026 16:12:41,Equity,Sell,SELL,MARKET_SELL,359837.0,21305949.0,59.2100006391783,5967837,12.04%,5608000,11.31%,11-08-2026,12-08-2026,Market Sale,https://nsearchives.nseindia.com/corporate/ixbrl/IT_3798_20260813_161241606_WEB.html
RPPINFRA,R P P Infra Projects Limited,Ms. A Nithya,Promoter and Director,2026-08-12,2026-08-13 16:12:41,13-Aug-2026 16:12:41,Equity,Sell,SELL,MARKET_SELL,1092242.0,63915013.0,58.517263573457164,3719669,7.50%,2627427,5.30%,11-08-2026,12-08-2026,Market Sale,https://nsearchives.nseindia.com/corporate/ixbrl/IT_3798_20260813_161241606_WEB.html
RPPINFRA,R P P Infra Projects Limited,Ms. N A Yagavi,Promoter Group,2026-08-13,2026-08-17 17:13:20,17-Aug-2026 17:13:20,Equity,Sell,SELL,MARKET_SELL,1734389.0,102228843.0,58.94228053798773,3973672,8.01%,2239283,4.51%,12-08-2026,13-08-2026,Market Sale,https://nsearchives.nseindia.com/corporate/ixbrl/IT_3798_20260817_171320324_WEB.html
RPPINFRA,R P P Infra Projects Limited,Ms. N A Yagavi,Promoter Group,2026-08-17,2026-08-19 15:52:48,19-Aug-2026 15:52:48,Equity,Sell,SELL,MARKET_SELL,881286.0,51722675.0,58.689999614200154,2239283,4.51%,1357997,2.73%,17-08-2026,17-08-2026,Market Sale,https://nsearchives.nseindia.com/corporate/ixbrl/IT_3798_20260819_155248381_WEB.html
RSL,RAJPUTANA STAINLESS LIMITED,YASHKUMAR SHANKARLAL MEHTA,Promoter,2026-06-16,2026-06-17 17:50:43,17-Jun-2026 17:50:43,Equity,Buy,BUY,MARKET_BUY,50000.0,6545735.0,130.9147,0,0.00%,50000,0.06%,16-06-2026,16-06-2026,Market Purchase,https://nsearchives.nseindia.com/corporate/ixbrl/IT_25166_20260617_175043548_WEB.html
RUBICON,RUBICON RESEARCH LIMITED,General Atlantic Singapore RR Pte Ltd,Promoter,2026-08-25,2026-08-28 18:43:23,28-Aug-2026 18:43:23,Equity,Sell,SELL,MARKET_SELL,146927.0,254156749.0,1729.8165007112375,59258360,35.79%,59111433,35.70%,25-08-2026,25-08-2026,Market Sale,https://nsearchives.nseindia.com/corporate/ixbrl/IT_24193_20260828_184323413_WEB.html
RUBICON,RUBICON RESEARCH LIMITED,General Atlantic Singapore RR Pte Ltd,Promoter,2026-08-26,2026-08-28 18:43:23,28-Aug-2026 18:43:23,Equity,Sell,SELL,MARKET_SELL,13853073.0,22996101180.0,1660.0,59111433,35.70%,45258360,27.34%,26-08-2026,26-08-2026,Market Sale,https://nsearchives.nseindia.com/corporate/ixbrl/IT_24193_20260828_184323413_WEB.html
RUCHIRA,RUCHIRA PAPERS LIMITED,SHELLY GARG,Promoter Group,2026-06-22,2026-06-25 16:38:18,25-Jun-2026 16:38:18,Equity,Buy,BUY,OTHER,634.0,0.0,0.0,88000,0.29%,88634,0.30%,22-06-2026,22-06-2026,Gift,https://nsearchives.nseindia.com/corporate/ixbrl/IT_2475_20260625_163817970_WEB.html
RUCHIRA,RUCHIRA PAPERS LIMITED,ATUL GARG,Promoter Group,2026-06-22,2026-06-25 16:38:18,25-Jun-2026 16:38:18,Equity,Buy,BUY,OTHER,876.0,0.0,0.0,901124,3.02%,902000,3.02%,22-06-2026,22-06-2026,Gift,https://nsearchives.nseindia.com/corporate/ixbrl/IT_2475_20260625_163817970_WEB.html
RUCHIRA,RUCHIRA PAPERS LIMITED,APEKSHA KOTAHWALA GARG,Promoter Group,2026-06-22,2026-06-25 16:38:18,25-Jun-2026 16:38:18,Equity,Buy,BUY,OTHER,33633.0,0.0,0.0,55000,0.18%,88633,0.30%,22-06-2026,22-06-2026,Gift,https://nsearchives.nseindia.com/corporate/ixbrl/IT_2475_20260625_163817970_WEB.html
RUCHIRA,RUCHIRA PAPERS LIMITED,LUCKY GARG,Promoter Group,2026-06-22,2026-06-25 16:38:18,25-Jun-2026 16:38:18,Equity,Buy,BUY,OTHER,889.0,0.0,0.0,901111,3.02%,902000,3.02%,22-06-2026,22-06-2026,Gift,https://nsearchives.nseindia.com/corporate/ixbrl/IT_2475_20260625_163817970_WEB.html
RUCHIRA,RUCHIRA PAPERS LIMITED,ANKITA GARG,Promoter Group,2026-06-22,2026-06-25 16:38:18,25-Jun-2026 16:38:18,Equity,Buy,BUY,OTHER,15483.0,0.0,0.0,73150,0.25%,88633,0.30%,22-06-2026,22-06-2026,Gift,https://nsearchives.nseindia.com/corporate/ixbrl/IT_2475_20260625_163817970_WEB.html
RUCHIRA,RUCHIRA PAPERS LIMITED,SHELLY GARG,Promoter Group,2026-06-22,2026-06-25 17:44:13,25-Jun-2026 17:44:13,Equity,Buy,BUY,OTHER,634.0,0.0,0.0,88000,0.29%,88634,0.30%,22-06-2026,22-06-2026,Gift,https://nsearchives.nseindia.com/corporate/ixbrl/IT_2475_20260625_174413223_WEB.html
RUCHIRA,RUCHIRA PAPERS LIMITED,ATUL GARG,Promoter Group,2026-06-22,2026-06-25 17:44:13,25-Jun-2026 17:44:13,Equity,Buy,BUY,OTHER,876.0,0.0,0.0,901124,3.02%,902000,3.02%,22-06-2026,22-06-2026,Gift,https://nsearchives.nseindia.com/corporate/ixbrl/IT_2475_20260625_174413223_WEB.html
RUCHIRA,RUCHIRA PAPERS LIMITED,APEKSHA KOTAHWALA GARG,Promoter Group,2026-06-22,2026-06-25 17:44:13,25-Jun-2026 17:44:13,Equity,Buy,BUY,OTHER,33633.0,0.0,0.0,55000,0.18%,88633,0.30%,22-06-2026,22-06-2026,Gift,https://nsearchives.nseindia.com/corporate/ixbrl/IT_2475_20260625_174413223_WEB.html
RUCHIRA,RUCHIRA PAPERS LIMITED,LUCKY GARG,Promoter Group,2026-06-22,2026-06-25 17:44:13,25-Jun-2026 17:44:13,Equity,Buy,BUY,OTHER,889.0,0.0,0.0,901111,3.02%,902000,3.02%,22-06-2026,22-06-2026,Gift,https://nsearchives.nseindia.com/corporate/ixbrl/IT_2475_20260625_174413223_WEB.html
RUCHIRA,RUCHIRA PAPERS LIMITED,ANKITA GARG,Promoter Group,2026-06-22,2026-06-25 17:44:13,25-Jun-2026 17:44:13,Equity,Buy,BUY,OTHER,15483.0,0.0,0.0,73150,0.25%,88633,0.30%,22-06-2026,22-06-2026,Gift,https://nsearchives.nseindia.com/corporate/ixbrl/IT_2475_20260625_174413223_WEB.html
RUCHIRA,RUCHIRA PAPERS LIMITED,DEEPAN GARG (HUF),Promoter Group,2026-08-21,2026-08-22 17:18:51,22-Aug-2026 17:18:51,Equity,Buy,BUY,OTHER,300000.0,0.0,0.0,0,0.00%,300000,1.00%,21-08-2026,21-08-2026,Gift,https://nsearchives.nseindia.com/corporate/ixbrl/IT_2475_20260822_171851453_WEB.html
RUCHIRA,RUCHIRA PAPERS LIMITED,ATUL GARG (HUF),Promoter Group,2026-08-21,2026-08-22 17:18:51,22-Aug-2026 17:18:51,Equity,Buy,BUY,OTHER,300000.0,0.0,0.0,0,0.00%,300000,1.00%,21-08-2026,21-08-2026,Gift,https://nsearchives.nseindia.com/corporate/ixbrl/IT_2475_20260822_171851453_WEB.html
RUCHIRA,RUCHIRA PAPERS LIMITED,LUCKY GARG HUF,Promoter Group,2026-08-21,2026-08-22 17:18:51,22-Aug-2026 17:18:51,Equity,Buy,BUY,OTHER,300000.0,0.0,0.0,0,0.00%,300000,1.00%,21-08-2026,21-08-2026,Gift,https://nsearchives.nseindia.com/corporate/ixbrl/IT_2475_20260822_171851453_WEB.html
SAHLIBHFI,Shalibhadra Finance Limited,Ayushi Minesh Doshi,Promoter Group,2026-06-05,2026-06-05 17:43:40,05-Jun-2026 17:43:40,Equity,Buy,BUY,MARKET_BUY,100000.0,8294696.0,82.94696,754100,2.44%,854100,2.77%,05-06-2026,05-06-2026,Market Purchase,https://nsearchives.nseindia.com/corporate/ixbrl/IT_20260605_174340499_WEB.html
SAHLIBHFI,Shalibhadra Finance Limited,Ayushi Minesh Doshi,Promoter Group,2026-06-05,2026-06-05 17:59:53,05-Jun-2026 17:59:53,Equity,Buy,BUY,MARKET_BUY,100000.0,8294696.0,82.94696,754100,2.44%,854100,2.77%,05-06-2026,05-06-2026,Market Purchase,https://nsearchives.nseindia.com/corporate/ixbrl/IT_20260605_175953629_WEB.html
SAKAR,Sakar Healthcare Limited,Aarsh S. Shah,Promoter,2026-08-03,2026-08-05 15:35:15,05-Aug-2026 15:35:15,Equity,Sell,SELL,MARKET_SELL,15000.0,13815300.0,921.02,1407500,6.33%,1392500,6.26%,03-08-2026,03-08-2026,Market Sale,https://nsearchives.nseindia.com/corporate/ixbrl/IT_14283_20260805_153515155_WEB.html
SAKAR,Sakar Healthcare Limited,Aarsh S. Shah,Promoter,2026-08-06,2026-08-07 14:50:45,07-Aug-2026 14:50:45,Equity,Sell,SELL,MARKET_SELL,15000.0,13856100.0,923.74,1392500,6.26%,1377500,6.19%,06-08-2026,06-08-2026,Market Sale,https://nsearchives.nseindia.com/corporate/ixbrl/IT_14283_20260807_145045552_WEB.html
SAKAR,Sakar Healthcare Limited,Aarsh S. Shah,Promoter,2026-08-10,2026-08-13 16:39:54,13-Aug-2026 16:39:54,Equity,Sell,SELL,MARKET_SELL,1025.0,974734.0,950.96,1377500,6.19%,1376475,6.19%,10-08-2026,10-08-2026,Market Sale,https://nsearchives.nseindia.com/corporate/ixbrl/IT_14283_20260813_163954414_WEB.html
SAKAR,SAKAR HEALTHCARE LIMITED,Aarsh S. Shah,Promoter,2026-08-11,2026-08-13 16:44:38,13-Aug-2026 16:44:38,Equity,Sell,SELL,MARKET_SELL,10000.0,9615200.0,961.52,1376475,6.19%,1366475,6.14%,11-08-2026,11-08-2026,Market Sale,https://nsearchives.nseindia.com/corporate/ixbrl/IT_14283_20260813_164438386_WEB.html
SAKHTISUG,SAKTHI SUGARS LIMITED,ABT Investments (India) Private Limited,Promoter Group,2026-06-05,2026-06-10 14:24:32,10-Jun-2026 14:24:32,Equity,Pledge Revoke,OTHER,OTHER,7450000.0,130375000.0,17.5,49613540,41.75%,49613540,41.75%,05-06-2026,05-06-2026,Revocation of Pledge,https://nsearchives.nseindia.com/corporate/ixbrl/IT_20260610_142432865_WEB.html
SALASAR,SALASAR TECHNO ENGINEERING LIMITED,Kamlesh Gupta,Promoter Group,2026-06-22,2026-06-24 19:14:58,24-Jun-2026 19:14:58,Equity,Sell,SELL,MARKET_SELL,450000.0,3191500.0,7.092222222222222,25076327,1.43%,24626327,1.41%,19-06-2026,22-06-2026,Market Sale,https://nsearchives.nseindia.com/corporate/ixbrl/IT_15362_20260624_191458503_WEB.html
SALASAR,SALASAR TECHNO ENGINEERING LIMITED,Shikhar Fabtech Private Limited,Promoter Group,2026-06-22,2026-06-24 19:14:58,24-Jun-2026 19:14:58,Equity,Sell,SELL,MARKET_SELL,200000.0,1418000.0,7.09,60369120,3.45%,60169120,3.44%,22-06-2026,22-06-2026,Market Sale,https://nsearchives.nseindia.com/corporate/ixbrl/IT_15362_20260624_191458503_WEB.html
SALASAR,SALASAR TECHNO ENGINEERING LIMITED,Alok Kumar,Promoter and Director,2026-06-23,2026-06-24 19:14:58,24-Jun-2026 19:14:58,Equity,Sell,SELL,MARKET_SELL,6650075.0,46608866.0,7.0087729837633415,34841088,1.99%,28191013,1.61%,19-06-2026,23-06-2026,Market Sale,https://nsearchives.nseindia.com/corporate/ixbrl/IT_15362_20260624_191458503_WEB.html
SALASAR,SALASAR TECHNO ENGINEERING LIMITED,Shikhar Gupta,Promoter Group,2026-06-24,2026-06-26 19:12:33,26-Jun-2026 19:12:33,Equity,Sell,SELL,MARKET_SELL,5000000.0,31750000.0,6.35,16491299,0.94%,11491299,0.66%,24-06-2026,24-06-2026,Market Sale,https://nsearchives.nseindia.com/corporate/ixbrl/IT_15362_20260626_191233780_WEB.html
SALASAR,SALASAR TECHNO ENGINEERING LIMITED,Shikhar Fabtech Private Limited,Promoter Group,2026-06-24,2026-06-30 19:21:34,30-Jun-2026 19:21:34,Equity,Sell,SELL,MARKET_SELL,5000000.0,31750000.0,6.35,60169120,3.44%,55169120,3.16%,24-06-2026,24-06-2026,Market Sale,https://nsearchives.nseindia.com/corporate/ixbrl/IT_15362_20260630_192134642_WEB.html
SALASAR,SALASAR TECHNO ENGINEERING LIMITED,Alok Kumar,Promoter and Director,2026-06-25,2026-06-26 19:12:33,26-Jun-2026 19:12:33,Equity,Sell,SELL,MARKET_SELL,20506141.0,132740653.0,6.473214682372466,28191013,1.61%,7684872,0.44%,24-06-2026,25-06-2026,Market Sale,https://nsearchives.nseindia.com/corporate/ixbrl/IT_15362_20260626_191233780_WEB.html
SALASAR,SALASAR TECHNO ENGINEERING LIMITED,Kamlesh Gupta,Promoter Group,2026-06-25,2026-06-26 19:12:33,26-Jun-2026 19:12:33,Equity,Sell,SELL,MARKET_SELL,11500000.0,73350000.0,6.378260869565217,24626327,1.41%,13126327,0.75%,24-06-2026,25-06-2026,Market Sale,https://nsearchives.nseindia.com/corporate/ixbrl/IT_15362_20260626_191233780_WEB.html
SALASAR,SALASAR TECHNO ENGINEERING LIMITED,Shikhar Fabtech Private Limited,Promoter Group,2026-06-25,2026-06-26 19:12:33,26-Jun-2026 19:12:33,Equity,Sell,SELL,MARKET_SELL,3500000.0,21665000.0,6.19,60169120,3.44%,56669120,3.24%,25-06-2026,25-06-2026,Market Sale,https://nsearchives.nseindia.com/corporate/ixbrl/IT_15362_20260626_191233780_WEB.html
SALASAR,SALASAR TECHNO ENGINEERING LIMITED,Alok Kumar,Promoter and Director,2026-06-25,2026-06-30 19:21:34,30-Jun-2026 19:21:34,Equity,Sell,SELL,MARKET_SELL,20506141.0,132740653.0,6.473214682372466,28191013,1.61%,7684872,0.44%,24-06-2026,25-06-2026,Market Sale,https://nsearchives.nseindia.com/corporate/ixbrl/IT_15362_20260630_192134642_WEB.html
SALASAR,SALASAR TECHNO ENGINEERING LIMITED,Kamlesh Gupta,Promoter Group,2026-06-25,2026-06-30 19:21:34,30-Jun-2026 19:21:34,Equity,Sell,SELL,MARKET_SELL,11500000.0,73350000.0,6.378260869565217,24626327,1.41%,13126327,0.75%,24-06-2026,25-06-2026,Market Sale,https://nsearchives.nseindia.com/corporate/ixbrl/IT_15362_20260630_192134642_WEB.html
SALASAR,SALASAR TECHNO ENGINEERING LIMITED,Shikhar Gupta,Promoter Group,2026-06-25,2026-06-30 19:21:34,30-Jun-2026 19:21:34,Equity,Sell,SELL,MARKET_SELL,3500000.0,21665000.0,6.19,16491299,0.94%,12991299,0.74%,25-06-2026,25-06-2026,Market Sale,https://nsearchives.nseindia.com/corporate/ixbrl/IT_15362_20260630_192134642_WEB.html
SALASAR,SALASAR TECHNO ENGINEERING LIMITED,Base Engineering LLP,Promoter Group,2026-06-29,2026-07-03 20:07:52,03-Jul-2026 20:07:52,Equity,Sell,SELL,MARKET_SELL,74575.0,453416.0,6.08,74575,0.00%,0,0.00%,29-06-2026,29-06-2026,Market Sale,https://nsearchives.nseindia.com/corporate/ixbrl/IT_15362_20260703_200752589_WEB.html
SALASAR,SALASAR TECHNO ENGINEERING LIMITED,Alok Kumar,Promoter and Director,2026-06-30,2026-07-03 20:07:52,03-Jul-2026 20:07:52,Equity,Sell,SELL,MARKET_SELL,349601.0,2097606.0,6.0,7684872,0.44%,7335271,0.42%,30-06-2026,30-06-2026,Market Sale,https://nsearchives.nseindia.com/corporate/ixbrl/IT_15362_20260703_200752589_WEB.html
SALASAR,SALASAR TECHNO ENGINEERING LIMITED,Shikhar Fabtech Private Limited,Promoter Group,2026-06-30,2026-07-03 20:07:52,03-Jul-2026 20:07:52,Equity,Sell,SELL,MARKET_SELL,9952283.0,59713698.0,6.0,55169120,3.16%,45216837,2.59%,30-06-2026,30-06-2026,Market Sale,https://nsearchives.nseindia.com/corporate/ixbrl/IT_15362_20260703_200752589_WEB.html
SAMPANN,Sampann Utpadan India Limited,Sachin Agarwal,Promoter,2026-08-04,2026-08-06 13:11:48,06-Aug-2026 13:11:48,Equity,Buy,BUY,OTHER,800000.0,27120000.0,33.9,8475837,17.36%,9275837,18.15%,04-08-2026,04-08-2026,Conversion of security,https://nsearchives.nseindia.com/corporate/ixbrl/IT_6066_20260806_131148310_WEB.html
SAMPANN,Sampann Utpadan India Limited,Sachin Agarwal,Promoter,2026-08-04,2026-08-06 13:14:25,06-Aug-2026 13:14:25,Equity,Buy,BUY,OTHER,800000.0,27120000.0,33.9,8475837,17.36%,9275837,18.15%,04-08-2026,04-08-2026,Conversion of security,https://nsearchives.nseindia.com/corporate/ixbrl/IT_6066_20260806_131425437_WEB.html
SANDUMA,SANDUR MANGANESE & IRON ORES LIMITED,Skand Private Limited,Promoter,2026-06-29,2026-07-02 10:26:22,02-Jul-2026 10:26:22,Equity,Buy,BUY,MARKET_BUY,226218.0,46970458.0,207.63360121652565,254561910,52.37%,254788128,52.41%,29-06-2026,29-06-2026,Market Purchase,https://nsearchives.nseindia.com/corporate/ixbrl/IT_22157_20260702_102622824_WEB.html
SANDUMA,SANDUR MANGANESE & IRON ORES LIMITED,Ekambar Ajai Ghorpade,Promoter,2026-06-29,2026-07-02 10:26:22,02-Jul-2026 10:26:22,Equity,Sell,SELL,MARKET_SELL,226218.0,46898837.0,207.31699953142544,230418,0.05%,4200,0.00%,29-06-2026,29-06-2026,Market Sale,https://nsearchives.nseindia.com/corporate/ixbrl/IT_22157_20260702_102622824_WEB.html
SANGINITA,SANGINITA CHEMICALS LIMITED,SANGINITA INDUSTRIES LLP,Promoter,2026-06-24,2026-06-25 18:25:17,25-Jun-2026 18:25:17,Equity,Sell,SELL,OTHER,2003183.0,26141538.0,13.049999925119172,2003183,7.73%,0,0.00%,24-06-2026,24-06-2026,Off Market,https://nsearchives.nseindia.com/corporate/ixbrl/IT_14640_20260625_182517439_WEB.html
SANGINITA,SANGINITA CHEMICALS LIMITED,DINESHSINH B CHAVADA,Promoter,2026-06-29,2026-06-29 18:31:15,29-Jun-2026 18:31:15,Equity,Sell,SELL,OTHER,2415400.0,31520970.0,13.05,2415400,9.33%,0,0.00%,29-06-2026,29-06-2026,Off Market,https://nsearchives.nseindia.com/corporate/ixbrl/IT_14640_20260629_183115676_WEB.html
SANGINITA,SANGINITA CHEMICALS LIMITED,VIJAYSINH D. CHAVDA,Promoter,2026-06-29,2026-06-29 18:31:15,29-Jun-2026 18:31:15,Equity,Sell,SELL,OTHER,565521.0,7380049.0,13.049999911585953,565521,2.18%,0,0.00%,29-06-2026,29-06-2026,Off Market,https://nsearchives.nseindia.com/corporate/ixbrl/IT_14640_20260629_183115676_WEB.html
SANGINITA,SANGINITA CHEMICALS LIMITED,HANSABEN D CHAVADA,Promoter Group,2026-06-29,2026-06-29 18:31:15,29-Jun-2026 18:31:15,Equity,Sell,SELL,OTHER,866460.0,11307303.0,13.05,866460,3.35%,0,0.00%,29-06-2026,29-06-2026,Off Market,https://nsearchives.nseindia.com/corporate/ixbrl/IT_14640_20260629_183115676_WEB.html
SANGINITA,SANGINITA CHEMICALS LIMITED,ANITABEN R ASWAR,Promoter Group,2026-06-29,2026-06-29 18:31:15,29-Jun-2026 18:31:15,Equity,Sell,SELL,OTHER,728430.0,9506011.0,13.049999313592247,728430,2.81%,0,0.00%,29-06-2026,29-06-2026,Off Market,https://nsearchives.nseindia.com/corporate/ixbrl/IT_14640_20260629_183115676_WEB.html
SANSERA,SANSERA ENGINEERING LIMITED,Devappa Devaraj,Promoter,2026-08-28,2026-08-31 15:35:41,31-Aug-2026 15:35:41,Equity,Sell,SELL,OTHER,70000.0,270186000.0,3859.8,176374,0.28%,106374,0.17%,28-08-2026,28-08-2026,Gift,https://nsearchives.nseindia.com/corporate/ixbrl/IT_19738_20260831_153540986_WEB.html
SASKEN,Sasken Technologies Limited,Dipak Harkisan Desai,Promoter Group,2026-06-01,2026-06-11 21:51:34,11-Jun-2026 21:51:34,Equity,Sell,SELL,MARKET_SELL,1000.0,2241751.0,2241.751,9502,0.06%,8502,0.06%,01-06-2026,01-06-2026,Market Sale,https://nsearchives.nseindia.com/corporate/ixbrl/IT_20260611_215134592_WEB.html
SASKEN,Sasken Technologies Limited,KUMUD DINESH MODY,Promoter Group,2026-06-04,2026-06-09 23:25:38,09-Jun-2026 23:25:38,Equity,Sell,SELL,OTHER,25.0,0.0,0.0,25,0.00%,0,0.00%,04-06-2026,04-06-2026,Inheritance,https://nsearchives.nseindia.com/corporate/ixbrl/IT_20260609_232538595_WEB.html
SASKEN,Sasken Technologies Limited,PRANABH DINESH MODY,Promoter,2026-06-04,2026-06-09 23:25:38,09-Jun-2026 23:25:38,Equity,Buy,BUY,OTHER,13.0,0.0,0.0,288534,1.89%,288547,1.90%,04-06-2026,04-06-2026,Inheritance,https://nsearchives.nseindia.com/corporate/ixbrl/IT_20260609_232538595_WEB.html
SASKEN,Sasken Technologies Limited,PURVI UDAY ASHER,Promoter Group,2026-06-04,2026-06-09 23:25:38,09-Jun-2026 23:25:38,Equity,Buy,BUY,OTHER,12.0,0.0,0.0,57351,0.37%,57363,0.00%,04-06-2026,04-06-2026,Inheritance,https://nsearchives.nseindia.com/corporate/ixbrl/IT_20260609_232538595_WEB.html
SASKEN,Sasken Technologies Limited,Rajiv C. Mody,Promoter,2026-08-25,2026-09-02 23:27:00,02-Sep-2026 23:27:00,Equity,Sell,SELL,OTHER,500.0,0.0,0.0,1556570,10.25%,1556070,10.24%,25-08-2026,25-08-2026,Gift,https://nsearchives.nseindia.com/corporate/ixbrl/IT_2320_20260902_232700452_WEB.html
SASKEN,Sasken Technologies Limited,Nilima Rajesh Doshi,Promoter Group,2026-08-25,2026-09-02 23:27:00,02-Sep-2026 23:27:00,Equity,Buy,BUY,OTHER,500.0,0.0,0.0,72554,0.48%,73054,0.48%,25-08-2026,25-08-2026,Gift,https://nsearchives.nseindia.com/corporate/ixbrl/IT_2320_20260902_232700452_WEB.html
SBCL,SHIVALIK BIMETAL CONTROLS LIMITED,Sumer Ghumman,Promoter and Director,2026-06-11,2026-06-13 14:32:23,13-Jun-2026 14:32:23,Equity,Buy,BUY,MARKET_BUY,2200.0,1483929.0,674.5131818181818,2175020,3.77%,2177220,3.78%,11-06-2026,11-06-2026,Market Purchase,https://nsearchives.nseindia.com/corporate/ixbrl/IT_20260613_143223853_WEB.html
SBCL,SHIVALIK BIMETAL CONTROLS LIMITED,Sumer Ghumman,Promoter and Director,2026-06-11,2026-06-13 14:41:00,13-Jun-2026 14:41:00,Equity,Buy,BUY,MARKET_BUY,2200.0,1483929.0,674.5131818181818,2175020,3.77%,2177220,3.78%,11-06-2026,11-06-2026,Market Purchase,https://nsearchives.nseindia.com/corporate/ixbrl/IT_20260613_144100670_WEB.html
SENCO,SENCO GOLD LIMITED,Jai Hanuman Shri Siddhivinayak Trust (Trustee- Mr. Suvankar Sen & Mrs. Joita Sen),Promoter,2026-06-30,2026-07-03 19:48:34,03-Jul-2026 19:48:34,Equity,Buy,BUY,MARKET_BUY,8920.0,2987130.0,334.88004484304935,67973586,41.49%,67982506,41.49%,30-06-2026,30-06-2026,Market Purchase,https://nsearchives.nseindia.com/corporate/ixbrl/IT_20714_20260703_194833980_WEB.html
SENCO,SENCO GOLD LIMITED,Jai Hanuman Shri Siddhivinayak Trust (Trustee- Mr. Suvankar Sen & Mrs. Joita Sen),Promoter,2026-08-18,2026-08-20 19:24:14,20-Aug-2026 19:24:14,Equity,Buy,BUY,MARKET_BUY,3250.0,1094828.0,336.87015384615387,67982506,41.48%,67985756,41.48%,18-08-2026,18-08-2026,Market Purchase,https://nsearchives.nseindia.com/corporate/ixbrl/IT_20714_20260820_192414322_WEB.html
SENORES,SENORES PHARMACEUTICALS LIMITED,DHANANJAY ASHOKKUMAR BAROT,Promoter Group,2026-08-10,2026-08-12 15:19:36,12-Aug-2026 15:19:36,Equity,Sell,SELL,OTHER,30000.0,0.0,0.0,312689,0.68%,282689,0.62%,10-08-2026,10-08-2026,Off Market,https://nsearchives.nseindia.com/corporate/ixbrl/IT_24156_20260812_151936241_WEB.html
SENORES,SENORES PHARMACEUTICALS LIMITED,ASHOKKUMAR VIJAYSINH BAROT,Promoter,2026-08-10,2026-08-12 15:19:36,12-Aug-2026 15:19:36,Equity,Buy,BUY,OTHER,30000.0,0.0,0.0,3444869,7.48%,3474869,7.55%,10-08-2026,10-08-2026,Off Market,https://nsearchives.nseindia.com/corporate/ixbrl/IT_24156_20260812_151936241_WEB.html
SENORES,SENORES PHARMACEUTICALS LIMITED,DHANANJAY ASHOKKUMAR BAROT,Promoter Group,2026-08-10,2026-08-12 15:31:06,12-Aug-2026 15:31:06,Equity,Sell,SELL,OTHER,30000.0,0.0,0.0,312689,0.68%,282689,0.62%,10-08-2026,10-08-2026,Off Market,https://nsearchives.nseindia.com/corporate/ixbrl/IT_24156_20260812_153106577_WEB.html
SENORES,SENORES PHARMACEUTICALS LIMITED,ASHOKKUMAR VIJAYSINH BAROT,Promoter,2026-08-10,2026-08-12 15:31:06,12-Aug-2026 15:31:06,Equity,Buy,BUY,OTHER,30000.0,0.0,0.0,3444869,7.48%,3474869,7.55%,10-08-2026,10-08-2026,Off Market,https://nsearchives.nseindia.com/corporate/ixbrl/IT_24156_20260812_153106577_WEB.html
SENORES,SENORES PHARMACEUTICALS LIMITED,DHANANJAY ASHOKKUMAR BAROT,Promoter Group,2026-08-10,2026-08-12 15:31:32,12-Aug-2026 15:31:32,Equity,Sell,SELL,OTHER,30000.0,0.0,0.0,312689,0.68%,282689,0.62%,10-08-2026,10-08-2026,Off Market,https://nsearchives.nseindia.com/corporate/ixbrl/IT_24156_20260812_153132401_WEB.html
SENORES,SENORES PHARMACEUTICALS LIMITED,ASHOKKUMAR VIJAYSINH BAROT,Promoter,2026-08-10,2026-08-12 15:31:32,12-Aug-2026 15:31:32,Equity,Buy,BUY,OTHER,30000.0,0.0,0.0,3444869,7.48%,3474869,7.55%,10-08-2026,10-08-2026,Off Market,https://nsearchives.nseindia.com/corporate/ixbrl/IT_24156_20260812_153132401_WEB.html
SESHAPAPER,SESHASAYEE PAPER AND BOARDS LIMITED,ULTRA INVESTMENTS AND LEASING COMPANY PRIVATE LIMITED,Promoter Group,2026-06-25,2026-06-25 18:00:46,25-Jun-2026 18:00:46,Equity,Buy,BUY,MARKET_BUY,20000.0,4496498.0,224.8249,927280,1.47%,947280,1.50%,25-06-2026,25-06-2026,Market Purchase,https://nsearchives.nseindia.com/corporate/ixbrl/IT_118_20260625_180046529_WEB.html
SESHAPAPER,SESHASAYEE PAPER AND BOARDS LIMITED,ULTRA INVESTMENTS AND LEASING COMPANY PRIVATE LIMITED,Promoter Group,2026-06-25,2026-06-25 18:43:30,25-Jun-2026 18:43:30,Equity,Buy,BUY,MARKET_BUY,20000.0,4496498.0,224.8249,927280,1.47%,947280,1.50%,25-06-2026,25-06-2026,Market Purchase,https://nsearchives.nseindia.com/corporate/ixbrl/IT_118_20260625_184330441_WEB.html
SESHAPAPER,SESHASAYEE PAPER AND BOARDS LIMITED,DHANASHREE INVESTMENTS PRIVATE LIMITED,Promoter Group,2026-06-25,2026-06-25 18:49:12,25-Jun-2026 18:49:12,Equity,Buy,BUY,MARKET_BUY,78202.0,17557664.0,224.51681542671543,3040047,4.82%,3118249,4.94%,25-06-2026,25-06-2026,Market Purchase,https://nsearchives.nseindia.com/corporate/ixbrl/IT_118_20260625_184912267_WEB.html
SESHAPAPER,SESHASAYEE PAPER AND BOARDS LIMITED,DHANASHREE INVESTMENTS PRIVATE LIMITED,Promoter Group,2026-06-25,2026-06-26 14:27:20,26-Jun-2026 14:27:20,Equity,Buy,BUY,MARKET_BUY,78202.0,17557664.0,224.51681542671543,3040047,4.82%,3118249,4.94%,25-06-2026,25-06-2026,Market Purchase,https://nsearchives.nseindia.com/corporate/ixbrl/IT_118_20260626_142720058_WEB.html
SESHAPAPER,SESHASAYEE PAPER AND BOARDS LIMITED,ULTRA INVESTMENTS AND LEASING COMPANY PRIVATE LIMITED,Promoter Group,2026-06-25,2026-06-26 14:31:07,26-Jun-2026 14:31:07,Equity,Buy,BUY,MARKET_BUY,20000.0,4496498.0,224.8249,927280,1.47%,947280,1.50%,25-06-2026,25-06-2026,Market Purchase,https://nsearchives.nseindia.com/corporate/ixbrl/IT_118_20260626_143107377_WEB.html
SESHAPAPER,SESHASAYEE PAPER AND BOARDS LIMITED,TIME SQUARE INVESTMENTS PRIVATE LIMITED,Promoter Group,2026-06-29,2026-06-29 17:35:12,29-Jun-2026 17:35:12,Equity,Buy,BUY,MARKET_BUY,3767.0,848764.0,225.31563578444386,6442502,10.22%,6446269,10.22%,29-06-2026,29-06-2026,Market Purchase,https://nsearchives.nseindia.com/corporate/ixbrl/IT_118_20260629_173512189_WEB.html
SESHAPAPER,SESHASAYEE PAPER AND BOARDS LIMITED,TIME SQUARE INVESTMENTS PRIVATE LIMITED,Promoter Group,2026-06-29,2026-06-29 17:35:38,29-Jun-2026 17:35:38,Equity,Buy,BUY,MARKET_BUY,3767.0,848764.0,225.31563578444386,6442502,10.22%,6446269,10.22%,29-06-2026,29-06-2026,Market Purchase,https://nsearchives.nseindia.com/corporate/ixbrl/IT_118_20260629_173538066_WEB.html
SESHAPAPER,SESHASAYEE PAPER AND BOARDS LIMITED,TIME SQUARE INVESTMENTS PRIVATE LIMITED,Promoter Group,2026-06-29,2026-06-29 18:43:32,29-Jun-2026 18:43:32,Equity,Buy,BUY,MARKET_BUY,3767.0,848764.0,225.31563578444386,6442502,10.22%,6446269,10.22%,29-06-2026,29-06-2026,Market Purchase,https://nsearchives.nseindia.com/corporate/ixbrl/IT_118_20260629_184332278_WEB.html
SESHAPAPER,SESHASAYEE PAPER AND BOARDS LIMITED,DHANASHREE INVESTMENTS PRIVATE LIMITED,Promoter Group,2026-07-30,2026-07-30 17:37:12,30-Jul-2026 17:37:12,Equity,Buy,BUY,MARKET_BUY,20695.0,4850664.0,234.38820971249095,3118249,4.94%,3138944,4.98%,30-07-2026,30-07-2026,Market Purchase,https://nsearchives.nseindia.com/corporate/ixbrl/IT_118_20260730_173712302_WEB.html
SESHAPAPER,SESHASAYEE PAPER AND BOARDS LIMITED,DHANASHREE INVESTMENTS PRIVATE LIMITED,Promoter Group,2026-07-30,2026-07-30 17:38:02,30-Jul-2026 17:38:02,Equity,Buy,BUY,MARKET_BUY,20695.0,4850664.0,234.38820971249095,3118249,4.94%,3138944,4.98%,30-07-2026,30-07-2026,Market Purchase,https://nsearchives.nseindia.com/corporate/ixbrl/IT_118_20260730_173802218_WEB.html
SGIL,SYNERGY GREEN INDUSTRIES LIMITED,TARINI SANAT SHIRGAOKAR,Promoter Group,2026-08-28,2026-08-30 17:41:52,30-Aug-2026 17:41:52,Equity,Buy,BUY,MARKET_BUY,2000.0,1170000.0,585.0,82000,0.53%,84000,0.54%,27-08-2026,28-08-2026,Market Purchase,https://nsearchives.nseindia.com/corporate/ixbrl/IT_19808_20260830_174152408_WEB.html
SHAH,SHAH METACORP LIMITED,MONA SHAH,Promoter and Director,2025-07-16,2026-07-18 15:14:14,18-Jul-2026 15:14:14,Equity,Buy,BUY,OTHER,10000000.0,1.0,1e-07,138248448,14.07%,148248448,14.94%,16-07-2025,16-07-2025,Conversion of security,https://nsearchives.nseindia.com/corporate/ixbrl/IT_3662_20260718_151414682_WEB.html
SHAH,Shah Metacorp Limited,Mona shah,Promoter,2026-06-30,2026-07-03 13:35:41,03-Jul-2026 13:35:41,Equity,Buy,BUY,OTHER,31628600.0,153715000.0,4.860000126467817,106619848,12.04%,138248448,40.07%,30-06-2026,30-06-2026,Allotment,https://nsearchives.nseindia.com/corporate/ixbrl/IT_3662_20260703_133541569_WEB.html
SHAH,Shah Metacorp Limited,Mona shah,Promoter,2026-06-30,2026-07-03 18:22:44,03-Jul-2026 18:22:44,Equity,Buy,BUY,OTHER,31628600.0,153715000.0,4.860000126467817,106619848,12.04%,138248448,40.07%,30-06-2026,30-06-2026,Allotment,https://nsearchives.nseindia.com/corporate/ixbrl/IT_3662_20260703_182243950_WEB.html
SHAKTIPUMP,SHAKTI PUMPS (INDIA) LIMITED,SHAKTI SONS TRUST,Promoter,2026-06-16,2026-06-17 12:10:54,17-Jun-2026 12:10:54,Equity,Buy,BUY,MARKET_BUY,9000.0,4945348.0,549.4831111111112,22645600,18.35%,22654600,18.36%,16-06-2026,16-06-2026,Market Purchase,https://nsearchives.nseindia.com/corporate/ixbrl/IT_5329_20260617_121054609_WEB.html
SHAKTIPUMP,SHAKTI PUMPS (INDIA) LIMITED,SHAKTI SONS TRUST,Promoter,2026-06-16,2026-06-17 12:23:53,17-Jun-2026 12:23:53,Equity,Buy,BUY,MARKET_BUY,9000.0,4945348.0,549.4831111111112,22645600,18.35%,22654600,18.36%,16-06-2026,16-06-2026,Market Purchase,https://nsearchives.nseindia.com/corporate/ixbrl/IT_5329_20260617_122353623_WEB.html
SHALBY,SHALBY LIMITED,VIKRAM INDRAJIT SHAH,Promoter and Director,2026-08-19,2026-08-21 13:04:54,21-Aug-2026 13:04:54,Equity,Buy,BUY,MARKET_BUY,5000.0,773616.0,154.7232,8005493,7.41%,8010493,7.42%,19-08-2026,19-08-2026,Market Purchase,https://nsearchives.nseindia.com/corporate/ixbrl/IT_15620_20260821_130454319_WEB.html
SHRADHA,SHRADHA REALTY LIMITED,MILLIA TRADING PVT LTD,Promoter Group,2026-06-04,2026-06-05 19:36:08,05-Jun-2026 19:36:08,Equity,Sell,SELL,MARKET_SELL,700000.0,1.0,1.4285714285714286e-06,1830192,2.26%,1130192,1.40%,04-06-2026,04-06-2026,Market Sale,https://nsearchives.nseindia.com/corporate/ixbrl/IT_20260605_193608407_WEB.html
SHRADHA,SHRADHA REALTY LIMITED,SGR VENTURES PRIVATE LIMITED,Promoter Group,2026-06-04,2026-06-05 19:36:08,05-Jun-2026 19:36:08,Equity,Buy,BUY,MARKET_BUY,700000.0,1.0,1.4285714285714286e-06,3200000,3.95%,3900000,4.81%,04-06-2026,04-06-2026,Market Purchase,https://nsearchives.nseindia.com/corporate/ixbrl/IT_20260605_193608407_WEB.html
SHREEJISPG,SHREEJI SHIPPING GLOBAL LIMITED,ASHOKKUMAR HARIDAS LAL,Promoter,2026-08-31,2026-09-02 15:57:02,02-Sep-2026 15:57:02,Equity,Sell,SELL,MARKET_SELL,531000.0,342654300.0,645.3,68178418,41.85%,67647418,41.52%,31-08-2026,31-08-2026,Market Sale,https://nsearchives.nseindia.com/corporate/ixbrl/IT_25314_20260902_155702307_WEB.html
SHREEJISPG,SHREEJI SHIPPING GLOBAL LIMITED,JITENDRAKUMAR HARIDAS LAL,Promoter,2026-08-31,2026-09-02 15:57:02,02-Sep-2026 15:57:02,Equity,Sell,SELL,MARKET_SELL,531000.0,342654300.0,645.3,68178418,41.85%,67647418,41.52%,31-08-2026,31-08-2026,Market Sale,https://nsearchives.nseindia.com/corporate/ixbrl/IT_25314_20260902_155702307_WEB.html
SHREEJISPG,SHREEJI SHIPPING GLOBAL LIMITED,ASHOKKUMAR HARIDAS LAL,Promoter,2026-09-02,2026-09-03 16:30:56,03-Sep-2026 16:30:56,Equity,Sell,SELL,MARKET_SELL,549000.0,354269700.0,645.3,67647418,41.52%,67098418,41.18%,02-09-2026,02-09-2026,Market Sale,https://nsearchives.nseindia.com/corporate/ixbrl/IT_25314_20260903_163056659_WEB.html
SHREEJISPG,SHREEJI SHIPPING GLOBAL LIMITED,JITENDRAKUMAR HARIDAS LAL,Promoter,2026-09-02,2026-09-03 16:30:56,03-Sep-2026 16:30:56,Equity,Sell,SELL,MARKET_SELL,549000.0,354269700.0,645.3,67647418,41.52%,67098418,41.18%,02-09-2026,02-09-2026,Market Sale,https://nsearchives.nseindia.com/corporate/ixbrl/IT_25314_20260903_163056659_WEB.html
SHREYANIND,SHREYANS INDUSTRIES LIMITED,VISHAL OSWAL,Promoter and Director,2026-06-17,2026-06-18 12:19:13,18-Jun-2026 12:19:13,Equity,Sell,SELL,MARKET_SELL,24500.0,3438196.0,140.3345306122449,44500,0.32%,20000,0.14%,15-06-2026,17-06-2026,Market Sale,https://nsearchives.nseindia.com/corporate/ixbrl/IT_399_20260618_121912980_WEB.html
SHREYANIND,SHREYANS INDUSTRIES LIMITED,VISHAL OSWAL,Promoter and Director,2026-08-24,2026-08-26 16:59:32,26-Aug-2026 16:59:32,Equity,Sell,SELL,MARKET_SELL,13950.0,1739242.0,124.6768458781362,15000,0.11%,1050,0.01%,19-08-2026,24-08-2026,Market Sale,https://nsearchives.nseindia.com/corporate/ixbrl/IT_399_20260826_165932779_WEB.html
SHYAMCENT,SHYAM CENTURY FERROUS LIMITED,Sri Ram Vanijya Private Limited,Promoter Group,2026-06-24,2026-06-29 18:59:54,29-Jun-2026 18:59:54,Equity,Buy,BUY,MARKET_BUY,292374.0,1571736.0,5.375772127480555,8090772,3.81%,8383146,3.95%,23-06-2026,24-06-2026,Market Purchase,https://nsearchives.nseindia.com/corporate/ixbrl/IT_12915_20260629_185954917_WEB.html
SHYAMCENT,SHYAM CENTURY FERROUS LIMITED,Sri Ram Vanijya Private Limited,Promoter Group,2026-06-25,2026-06-29 18:59:01,29-Jun-2026 18:59:01,Equity,Buy,BUY,MARKET_BUY,137691.0,751029.0,5.454452360720745,8383146,3.95%,8520837,4.02%,25-06-2026,25-06-2026,Market Purchase,https://nsearchives.nseindia.com/corporate/ixbrl/IT_12915_20260629_185901915_WEB.html
SHYAMCENT,SHYAM CENTURY FERROUS LIMITED,Sumangal International Private Limited,Promoter Group,2026-06-30,2026-07-03 11:50:26,03-Jul-2026 11:50:26,Equity,Buy,BUY,MARKET_BUY,328159.0,1922713.0,5.859089648615457,7295814,3.44%,7623973,3.59%,29-06-2026,30-06-2026,Market Purchase,https://nsearchives.nseindia.com/corporate/ixbrl/IT_12915_20260703_115026510_WEB.html
SIEMENS,SIEMENS LIMITED,Siemens International Holding B.V.,Promoter,2026-06-08,2026-06-09 19:34:26,09-Jun-2026 19:34:26,Equity,Buy,BUY,OTHER,3302987.0,11612014127.0,3515.609999978807,187947172,52.78%,191250159,53.70%,08-06-2026,08-06-2026,Inter-se-Transfer,https://nsearchives.nseindia.com/corporate/ixbrl/IT_20260609_193426528_WEB.html
SIEMENS,SIEMENS LIMITED,Siemens Energy Holdco B.V.,Promoter,2026-06-08,2026-06-09 19:34:26,09-Jun-2026 19:34:26,Equity,Sell,SELL,OTHER,3302987.0,11612014127.0,3515.609999978807,3302987,0.93%,0,0.00%,08-06-2026,08-06-2026,Inter-se-Transfer,https://nsearchives.nseindia.com/corporate/ixbrl/IT_20260609_193426528_WEB.html
SIGIND,Signet Industries Limited,Mukesh Sangla,Promoter and Director,2026-08-18,2026-08-19 10:51:24,19-Aug-2026 10:51:24,Equity,Buy,BUY,MARKET_BUY,20806.0,1407942.0,67.66999903873882,1183789,4.02%,1204595,4.09%,18-08-2026,18-08-2026,Market Purchase,https://nsearchives.nseindia.com/corporate/ixbrl/IT_16593_20260819_105124536_WEB.html
SIGIND,Signet Industries Limited,Mukesh Sangla,Promoter and Director,2026-08-19,2026-08-20 16:08:19,20-Aug-2026 16:08:19,Equity,Buy,BUY,MARKET_BUY,32187.0,2241595.0,69.64286823872992,1204595,4.09%,1236782,4.20%,19-08-2026,19-08-2026,Market Purchase,https://nsearchives.nseindia.com/corporate/ixbrl/IT_16593_20260820_160818957_WEB.html
SIGIND,Signet Industries Limited,Mukesh Sangla,Promoter and Director,2026-08-20,2026-08-24 21:54:30,24-Aug-2026 21:54:30,Equity,Buy,BUY,MARKET_BUY,30350.0,2222216.0,73.21963756177924,1236782,4.20%,1267132,4.30%,20-08-2026,20-08-2026,Market Purchase,https://nsearchives.nseindia.com/corporate/ixbrl/IT_16593_20260824_215430244_WEB.html
SIGIND,Signet Industries Limited,Mukesh Sangla,Promoter and Director,2026-08-21,2026-08-24 21:56:51,24-Aug-2026 21:56:51,Equity,Buy,BUY,MARKET_BUY,2716.0,196041.0,72.1800441826215,1267132,4.30%,1269848,4.31%,21-08-2026,21-08-2026,Market Purchase,https://nsearchives.nseindia.com/corporate/ixbrl/IT_16593_20260824_215651526_WEB.html
SIGIND,Signet Industries Limited,Mukesh Sangla,Promoter and Director,2026-08-25,2026-08-29 14:54:05,29-Aug-2026 14:54:05,Equity,Buy,BUY,MARKET_BUY,10179.0,694714.0,68.24972983593673,1269848,4.31%,1280027,4.34%,25-08-2026,25-08-2026,Market Purchase,https://nsearchives.nseindia.com/corporate/ixbrl/IT_16593_20260829_145405541_WEB.html
SIGIND,Signet Industries Limited,Mukesh Sangla,Promoter and Director,2026-08-27,2026-08-29 15:06:50,29-Aug-2026 15:06:50,Equity,Buy,BUY,MARKET_BUY,15961.0,1130760.0,70.84518513877576,1280027,4.34%,1295988,4.40%,27-08-2026,27-08-2026,Market Purchase,https://nsearchives.nseindia.com/corporate/ixbrl/IT_16593_20260829_150650400_WEB.html
SIGIND,Signet Industries Limited,Mukesh Sangla,Promoter and Director,2026-08-28,2026-08-29 15:07:09,29-Aug-2026 15:07:09,Equity,Buy,BUY,MARKET_BUY,4010.0,282647.0,70.485536159601,1295988,4.40%,1299998,4.42%,28-08-2026,28-08-2026,Market Purchase,https://nsearchives.nseindia.com/corporate/ixbrl/IT_16593_20260829_150709884_WEB.html
SIGIND,Signet Industries Limited,Mukesh Sangla,Promoter and Director,2026-08-28,2026-08-31 12:59:32,31-Aug-2026 12:59:32,Equity,Buy,BUY,MARKET_BUY,17756.0,1269936.0,71.52151385447173,1299998,4.42%,1317754,4.48%,28-08-2026,28-08-2026,Market Purchase,https://nsearchives.nseindia.com/corporate/ixbrl/IT_16593_20260831_125931999_WEB.html
SILVERTUC,SILVER TOUCH TECHNOLOGIES LIMITED,Vipul Haridas Thakkar,Promoter and Director,2026-08-25,2026-08-26 16:32:12,26-Aug-2026 16:32:12,Equity,Buy,BUY,MARKET_BUY,14000.0,2533675.0,180.9767857142857,26829760,21.16%,26843760,21.17%,25-08-2026,25-08-2026,Market Purchase,https://nsearchives.nseindia.com/corporate/ixbrl/IT_15598_20260826_163212172_WEB.html
SILVERTUC,SILVER TOUCH TECHNOLOGIES LIMITED,Vipul Haridas Thakkar,Promoter and Director,2026-08-25,2026-08-26 16:34:21,26-Aug-2026 16:34:21,Equity,Buy,BUY,MARKET_BUY,14000.0,2533675.0,180.9767857142857,26829760,21.16%,26843760,21.17%,25-08-2026,25-08-2026,Market Purchase,https://nsearchives.nseindia.com/corporate/ixbrl/IT_15598_20260826_163421280_WEB.html
SILVERTUC,SILVER TOUCH TECHNOLOGIES LIMITED,Vipul Haridas Thakkar,Promoter and Director,2026-08-31,2026-09-01 16:10:37,01-Sep-2026 16:10:37,Equity,Buy,BUY,MARKET_BUY,14000.0,2387180.0,170.51285714285714,26843760,21.17%,26857760,21.18%,31-08-2026,31-08-2026,Market Purchase,https://nsearchives.nseindia.com/corporate/ixbrl/IT_15598_20260901_161037604_WEB.html
SILVERTUC,SILVER TOUCH TECHNOLOGIES LIMITED,Vipul Haridas Thakkar,Promoter and Director,2026-08-31,2026-09-01 16:12:20,01-Sep-2026 16:12:20,Equity,Buy,BUY,MARKET_BUY,14000.0,2387180.0,170.51285714285714,26843760,21.17%,26857760,21.18%,31-08-2026,31-08-2026,Market Purchase,https://nsearchives.nseindia.com/corporate/ixbrl/IT_15598_20260901_161220738_WEB.html
SILVERTUC,SILVER TOUCH TECHNOLOGIES LIMITED,Vipul Haridas Thakkar,Promoter and Director,2026-09-03,2026-09-03 18:30:53,03-Sep-2026 18:30:53,Equity,Buy,BUY,MARKET_BUY,35000.0,5915209.0,169.00597142857143,26857760,21.18%,26892760,21.21%,03-09-2026,03-09-2026,Market Purchase,https://nsearchives.nseindia.com/corporate/ixbrl/IT_15598_20260903_183053771_WEB.html
SILVERTUC,SILVER TOUCH TECHNOLOGIES LIMITED,Vipul Haridas Thakkar,Promoter and Director,2026-09-03,2026-09-03 18:32:34,03-Sep-2026 18:32:34,Equity,Buy,BUY,MARKET_BUY,35000.0,5915209.0,169.00597142857143,26857760,21.18%,26892760,21.21%,03-09-2026,03-09-2026,Market Purchase,https://nsearchives.nseindia.com/corporate/ixbrl/IT_15598_20260903_183234413_WEB.html
SILVERTUC,SILVER TOUCH TECHNOLOGIES LIMITED,Vipul Haridas Thakkar,Promoter and Director,2026-09-03,2026-09-03 18:36:03,03-Sep-2026 18:36:03,Equity,Buy,BUY,MARKET_BUY,35000.0,5915209.0,169.00597142857143,26857760,21.18%,26892760,21.21%,03-09-2026,03-09-2026,Market Purchase,https://nsearchives.nseindia.com/corporate/ixbrl/IT_15598_20260903_183603816_WEB.html
SILVERTUC,SILVER TOUCH TECHNOLOGIES LIMITED,Vipul Haridas Thakkar,Promoter and Director,2026-09-03,2026-09-03 18:38:53,03-Sep-2026 18:38:53,Equity,Buy,BUY,MARKET_BUY,35000.0,5915209.0,169.00597142857143,26857760,21.18%,26892760,21.21%,03-09-2026,03-09-2026,Market Purchase,https://nsearchives.nseindia.com/corporate/ixbrl/IT_15598_20260903_183852991_WEB.html
SINCLAIR,SINCLAIRS HOTELS LIMITED,NAVIN CHAND SUCHANTI,Promoter,2026-06-05,2026-06-08 16:21:49,08-Jun-2026 16:21:49,Equity,Buy,BUY,MARKET_BUY,102253.0,7607523.0,74.39902007765053,3410825,6.65%,3513078,6.85%,04-06-2026,05-06-2026,Market Purchase,https://nsearchives.nseindia.com/corporate/ixbrl/IT_20260608_162149284_WEB.html
SINCLAIR,SINCLAIRS HOTELS LIMITED,NAVIN CHAND SUCHANTI,Promoter,2026-06-09,2026-06-10 13:42:46,10-Jun-2026 13:42:46,Equity,Buy,BUY,MARKET_BUY,30531.0,2314026.0,75.79266974550457,3513078,6.85%,3543609,6.91%,08-06-2026,09-06-2026,Market Purchase,https://nsearchives.nseindia.com/corporate/ixbrl/IT_20260610_134246682_WEB.html
SINCLAIR,SINCLAIRS HOTELS LIMITED,NAVIN CHAND SUCHANTI,Promoter,2026-06-11,2026-06-12 13:13:09,12-Jun-2026 13:13:09,Equity,Buy,BUY,MARKET_BUY,21896.0,1681380.0,76.78936792108148,3543609,6.91%,3565505,6.95%,10-06-2026,11-06-2026,Market Purchase,https://nsearchives.nseindia.com/corporate/ixbrl/IT_20260612_131309081_WEB.html
SINCLAIR,SINCLAIRS HOTELS LIMITED,NAVIN CHAND SUCHANTI,Promoter,2026-08-28,2026-08-29 13:39:28,29-Aug-2026 13:39:28,Equity,Buy,BUY,MARKET_BUY,145991.0,11646625.0,79.77632182805789,3565505,6.95%,3711496,7.23%,27-08-2026,28-08-2026,Market Purchase,https://nsearchives.nseindia.com/corporate/ixbrl/IT_22933_20260829_133928320_WEB.html
SINCLAIR,SINCLAIRS HOTELS LIMITED,NAVIN CHAND SUCHANTI,Promoter,2026-09-01,2026-09-02 13:04:31,02-Sep-2026 13:04:31,Equity,Buy,BUY,MARKET_BUY,15518.0,1294817.0,83.4396829488336,3711496,7.23%,3727014,7.26%,31-08-2026,01-09-2026,Market Purchase,https://nsearchives.nseindia.com/corporate/ixbrl/IT_22933_20260902_130431804_WEB.html
SINCLAIR,SINCLAIRS HOTELS LIMITED,NAVIN CHAND SUCHANTI,Promoter,2026-09-03,2026-09-04 15:12:10,04-Sep-2026 15:12:10,Equity,Buy,BUY,MARKET_BUY,17860.0,1505524.0,84.29585666293393,3727014,7.26%,3744874,7.30%,02-09-2026,03-09-2026,Market Purchase,https://nsearchives.nseindia.com/corporate/ixbrl/IT_22933_20260904_151210358_WEB.html
SIYSIL,SIYARAM SILK MILLS LIMITED,ABHISHEK S PODDAR,Promoter,2026-06-05,2026-06-06 17:11:34,06-Jun-2026 17:11:34,Equity,Sell,SELL,MARKET_SELL,200000.0,122509066.0,612.54533,200077,0.44%,77,0.00%,05-06-2026,05-06-2026,Market Sale,https://nsearchives.nseindia.com/corporate/ixbrl/IT_20260606_171134637_WEB.html
SIYSIL,SIYARAM SILK MILLS LIMITED,DPP ENTERPRISES LLP,Promoter Group,2026-06-05,2026-06-06 17:11:34,06-Jun-2026 17:11:34,Equity,Buy,BUY,MARKET_BUY,200000.0,123293344.0,616.46672,445408,0.98%,645408,1.42%,05-06-2026,05-06-2026,Market Purchase,https://nsearchives.nseindia.com/corporate/ixbrl/IT_20260606_171134637_WEB.html
SIYSIL,SIYARAM SILK MILLS LIMITED,ABHISHEK S PODDAR,Promoter,2026-06-05,2026-06-06 17:23:43,06-Jun-2026 17:23:43,Equity,Sell,SELL,MARKET_SELL,200000.0,122509066.0,612.54533,200077,0.44%,77,0.00%,05-06-2026,05-06-2026,Market Sale,https://nsearchives.nseindia.com/corporate/ixbrl/IT_20260606_172343573_WEB.html
SIYSIL,SIYARAM SILK MILLS LIMITED,DPP ENTERPRISES LLP,Promoter Group,2026-06-05,2026-06-06 17:23:43,06-Jun-2026 17:23:43,Equity,Buy,BUY,MARKET_BUY,200000.0,123293344.0,616.46672,445408,0.98%,645408,1.42%,05-06-2026,05-06-2026,Market Purchase,https://nsearchives.nseindia.com/corporate/ixbrl/IT_20260606_172343573_WEB.html
SIYSIL,SIYARAM SILK MILLS LIMITED,Ramesh Kumar Poddar,Promoter and Director,2026-06-08,2026-06-11 17:25:30,11-Jun-2026 17:25:30,Equity,Buy,BUY,OTHER,231168.0,0.0,0.0,2122615,4.68%,2353783,5.19%,08-06-2026,08-06-2026,Gift,https://nsearchives.nseindia.com/corporate/ixbrl/IT_20260611_172530548_WEB.html
SIYSIL,SIYARAM SILK MILLS LIMITED,Avnish Poddar,Promoter,2026-06-08,2026-06-11 17:25:30,11-Jun-2026 17:25:30,Equity,Buy,BUY,OTHER,228083.0,0.0,0.0,1740404,3.84%,1968487,4.34%,08-06-2026,08-06-2026,Gift,https://nsearchives.nseindia.com/corporate/ixbrl/IT_20260611_172530548_WEB.html
SIYSIL,SIYARAM SILK MILLS LIMITED,Gaurav Poddar,Promoter and Director,2026-06-08,2026-06-11 17:25:30,11-Jun-2026 17:25:30,Equity,Buy,BUY,OTHER,170583.0,0.0,0.0,2091814,4.61%,2262397,4.99%,08-06-2026,08-06-2026,Gift,https://nsearchives.nseindia.com/corporate/ixbrl/IT_20260611_172530548_WEB.html
SIYSIL,SIYARAM SILK MILLS LIMITED,Anurag Poddar,Promoter,2026-06-08,2026-06-11 17:25:30,11-Jun-2026 17:25:30,Equity,Buy,BUY,OTHER,228083.0,0.0,0.0,1740404,3.84%,1968487,4.34%,08-06-2026,08-06-2026,Gift,https://nsearchives.nseindia.com/corporate/ixbrl/IT_20260611_172530548_WEB.html
SIYSIL,SIYARAM SILK MILLS LIMITED,Ankit Poddar,Promoter,2026-06-08,2026-06-11 17:25:30,11-Jun-2026 17:25:30,Equity,Buy,BUY,OTHER,170583.0,0.0,0.0,2091813,4.61%,2262396,4.99%,08-06-2026,08-06-2026,Gift,https://nsearchives.nseindia.com/corporate/ixbrl/IT_20260611_172530548_WEB.html
SIYSIL,SIYARAM SILK MILLS LIMITED,Shrikishan Poddar,Promoter and Director,2026-06-08,2026-06-11 17:25:30,11-Jun-2026 17:25:30,Equity,Sell,SELL,OTHER,1028500.0,0.0,0.0,1028593,2.27%,93,0.00%,08-06-2026,08-06-2026,Gift,https://nsearchives.nseindia.com/corporate/ixbrl/IT_20260611_172530548_WEB.html
SIYSIL,SIYARAM SILK MILLS LIMITED,Ramesh Kumar Poddar,Promoter and Director,2026-06-08,2026-06-11 17:28:26,11-Jun-2026 17:28:26,Equity,Buy,BUY,OTHER,231168.0,0.0,0.0,2122615,4.68%,2353783,5.19%,08-06-2026,08-06-2026,Gift,https://nsearchives.nseindia.com/corporate/ixbrl/IT_20260611_172826771_WEB.html
SIYSIL,SIYARAM SILK MILLS LIMITED,Avnish Poddar,Promoter,2026-06-08,2026-06-11 17:28:26,11-Jun-2026 17:28:26,Equity,Buy,BUY,OTHER,228083.0,0.0,0.0,1740404,3.84%,1968487,4.34%,08-06-2026,08-06-2026,Gift,https://nsearchives.nseindia.com/corporate/ixbrl/IT_20260611_172826771_WEB.html
SIYSIL,SIYARAM SILK MILLS LIMITED,Gaurav Poddar,Promoter and Director,2026-06-08,2026-06-11 17:28:26,11-Jun-2026 17:28:26,Equity,Buy,BUY,OTHER,170583.0,0.0,0.0,2091814,4.61%,2262397,4.99%,08-06-2026,08-06-2026,Gift,https://nsearchives.nseindia.com/corporate/ixbrl/IT_20260611_172826771_WEB.html
SIYSIL,SIYARAM SILK MILLS LIMITED,Anurag Poddar,Promoter,2026-06-08,2026-06-11 17:28:26,11-Jun-2026 17:28:26,Equity,Buy,BUY,OTHER,228083.0,0.0,0.0,1740404,3.84%,1968487,4.34%,08-06-2026,08-06-2026,Gift,https://nsearchives.nseindia.com/corporate/ixbrl/IT_20260611_172826771_WEB.html
SIYSIL,SIYARAM SILK MILLS LIMITED,Ankit Poddar,Promoter,2026-06-08,2026-06-11 17:28:26,11-Jun-2026 17:28:26,Equity,Buy,BUY,OTHER,170583.0,0.0,0.0,2091813,4.61%,2262396,4.99%,08-06-2026,08-06-2026,Gift,https://nsearchives.nseindia.com/corporate/ixbrl/IT_20260611_172826771_WEB.html
SIYSIL,SIYARAM SILK MILLS LIMITED,Shrikishan Poddar,Promoter and Director,2026-06-08,2026-06-11 17:28:26,11-Jun-2026 17:28:26,Equity,Sell,SELL,OTHER,1028500.0,0.0,0.0,1028593,2.27%,93,0.00%,08-06-2026,08-06-2026,Gift,https://nsearchives.nseindia.com/corporate/ixbrl/IT_20260611_172826771_WEB.html
SIYSIL,SIYARAM SILK MILLS LIMITED,Ramesh Kumar Poddar,Promoter and Director,2026-08-14,2026-08-19 17:47:46,19-Aug-2026 17:47:46,Equity,Buy,BUY,OTHER,699367.0,0.0,0.0,2353783,5.19%,3053150,6.73%,14-08-2026,14-08-2026,Gift,https://nsearchives.nseindia.com/corporate/ixbrl/IT_903_20260819_174746315_WEB.html
SIYSIL,SIYARAM SILK MILLS LIMITED,Avnish Poddar,Promoter,2026-08-14,2026-08-19 17:47:46,19-Aug-2026 17:47:46,Equity,Buy,BUY,OTHER,349683.0,0.0,0.0,1968487,4.34%,2318170,5.11%,14-08-2026,14-08-2026,Gift,https://nsearchives.nseindia.com/corporate/ixbrl/IT_903_20260819_174746315_WEB.html
SIYSIL,SIYARAM SILK MILLS LIMITED,Anurag Poddar,Promoter,2026-08-14,2026-08-19 17:47:46,19-Aug-2026 17:47:46,Equity,Buy,BUY,OTHER,349683.0,0.0,0.0,1968487,4.34%,2318170,5.11%,14-08-2026,14-08-2026,Gift,https://nsearchives.nseindia.com/corporate/ixbrl/IT_903_20260819_174746315_WEB.html
SIYSIL,SIYARAM SILK MILLS LIMITED,Gaurav Poddar,Promoter and Director,2026-08-14,2026-08-19 17:47:46,19-Aug-2026 17:47:46,Equity,Buy,BUY,OTHER,349683.0,0.0,0.0,2262397,4.99%,2612080,5.76%,14-08-2026,14-08-2026,Gift,https://nsearchives.nseindia.com/corporate/ixbrl/IT_903_20260819_174746315_WEB.html
SIYSIL,SIYARAM SILK MILLS LIMITED,Ankit Poddar,Promoter,2026-08-14,2026-08-19 17:47:46,19-Aug-2026 17:47:46,Equity,Buy,BUY,OTHER,349683.0,0.0,0.0,2262396,4.99%,2612079,5.76%,14-08-2026,14-08-2026,Gift,https://nsearchives.nseindia.com/corporate/ixbrl/IT_903_20260819_174746315_WEB.html
SIYSIL,SIYARAM SILK MILLS LIMITED,Vibha Shrikishan Poddar,Promoter,2026-08-14,2026-08-19 17:47:46,19-Aug-2026 17:47:46,Equity,Sell,SELL,OTHER,2098099.0,0.0,0.0,2098189,4.62%,90,0.00%,14-08-2026,14-08-2026,Gift,https://nsearchives.nseindia.com/corporate/ixbrl/IT_903_20260819_174746315_WEB.html
SIYSIL,SIYARAM SILK MILLS LIMITED,Harshit S Poddar,Promoter,2026-08-17,2026-08-20 16:34:53,20-Aug-2026 16:34:53,Equity,Sell,SELL,OTHER,582900.0,360885105.0,619.1200977869274,582951,1.28%,51,0.00%,17-08-2026,17-08-2026,Block Deal,https://nsearchives.nseindia.com/corporate/ixbrl/IT_903_20260820_163453108_WEB.html
SIYSIL,SIYARAM SILK MILLS LIMITED,DPP Enterprises LLP,Promoter Group,2026-08-17,2026-08-20 16:34:53,20-Aug-2026 16:34:53,Equity,Buy,BUY,OTHER,582900.0,361957961.0,620.9606467661691,645408,1.42%,1228308,2.70%,17-08-2026,17-08-2026,Block Deal,https://nsearchives.nseindia.com/corporate/ixbrl/IT_903_20260820_163453108_WEB.html
SKIPPER,SKIPPER LIMITED,Ventex Trade Private Limited,Promoter Group,2026-06-29,2026-07-01 15:16:32,01-Jul-2026 15:16:32,Equity,Buy,BUY,OTHER,424627.0,225277362.0,530.5299992699476,5732269,5.08%,6156896,5.46%,29-06-2026,29-06-2026,Block Deal,https://nsearchives.nseindia.com/corporate/ixbrl/IT_12452_20260701_151632416_WEB.html
SKIPPER,SKIPPER LIMITED,Utsav Ispat LLP,Promoter Group,2026-06-29,2026-07-01 15:16:32,01-Jul-2026 15:16:32,Equity,Sell,SELL,OTHER,424627.0,224827258.0,529.4700007300524,424627,0.38%,0,0.00%,29-06-2026,29-06-2026,Block Deal,https://nsearchives.nseindia.com/corporate/ixbrl/IT_12452_20260701_151632416_WEB.html
SKIPPER,SKIPPER LIMITED,Ventex Trade Private Limited,Promoter Group,2026-06-29,2026-07-01 16:55:44,01-Jul-2026 16:55:44,Equity,Buy,BUY,OTHER,424627.0,225277362.0,530.5299992699476,5732269,5.08%,6156896,5.46%,29-06-2026,29-06-2026,Block Deal,https://nsearchives.nseindia.com/corporate/ixbrl/IT_12452_20260701_165544178_WEB.html
SKIPPER,SKIPPER LIMITED,Utsav Ispat LLP,Promoter Group,2026-06-29,2026-07-01 16:55:44,01-Jul-2026 16:55:44,Equity,Sell,SELL,OTHER,424627.0,224827258.0,529.4700007300524,424627,0.38%,0,0.00%,29-06-2026,29-06-2026,Block Deal,https://nsearchives.nseindia.com/corporate/ixbrl/IT_12452_20260701_165544178_WEB.html
SOTL,Savita Oil Technologies Limited,Gautam N. Mehra (as Trustee of Siddharth Mehra Trust),Promoter,2026-06-16,2026-06-17 17:25:26,17-Jun-2026 17:25:26,Equity,Sell,SELL,OTHER,333330.0,0.0,0.0,333330,0.49%,0,0.00%,16-06-2026,16-06-2026,Inter-se-Transfer,https://nsearchives.nseindia.com/corporate/ixbrl/IT_526_20260617_172526919_WEB.html
SOTL,Savita Oil Technologies Limited,Siddharth Mehra,Promoter,2026-06-16,2026-06-17 17:25:26,17-Jun-2026 17:25:26,Equity,Buy,BUY,OTHER,333330.0,0.0,0.0,93415,0.14%,426745,0.63%,16-06-2026,16-06-2026,Inter-se-Transfer,https://nsearchives.nseindia.com/corporate/ixbrl/IT_526_20260617_172526919_WEB.html
SOUTHWEST,SOUTH WEST PINNACLE EXPLORATION LIMITED,Mr. Vikas Jain,Promoter and Director,2026-06-23,2026-06-25 14:53:53,25-Jun-2026 14:53:53,Equity,Sell,SELL,MARKET_SELL,629678.0,156454530.0,248.4675183188868,11818922,39.62%,11189244,37.51%,22-06-2026,23-06-2026,Market Sale,https://nsearchives.nseindia.com/corporate/ixbrl/IT_15798_20260625_145353347_WEB.html
SOUTHWEST,SOUTH WEST PINNACLE EXPLORATION LIMITED,Mr. Piyush Jain,Promoter and Director,2026-06-23,2026-06-25 14:53:53,25-Jun-2026 14:53:53,Equity,Sell,SELL,MARKET_SELL,536142.0,133013232.0,248.0932887182873,6919861,23.20%,6383719,21.40%,22-06-2026,23-06-2026,Market Sale,https://nsearchives.nseindia.com/corporate/ixbrl/IT_15798_20260625_145353347_WEB.html
SOUTHWEST,SOUTH WEST PINNACLE EXPLORATION LIMITED,Mr. Vikas Jain,Promoter and Director,2026-06-30,2026-07-01 17:05:34,01-Jul-2026 17:05:34,Equity,Sell,SELL,MARKET_SELL,51546.0,11172036.0,216.7391456175067,11189244,37.51%,11137698,37.33%,29-06-2026,30-06-2026,Market Sale,https://nsearchives.nseindia.com/corporate/ixbrl/IT_15798_20260701_170534607_WEB.html
SOUTHWEST,SOUTH WEST PINNACLE EXPLORATION LIMITED,Mr. Piyush Jain,Promoter and Director,2026-06-30,2026-07-01 17:05:34,01-Jul-2026 17:05:34,Equity,Sell,SELL,MARKET_SELL,60105.0,13039179.0,216.94000499126528,6383719,21.40%,6323614,21.19%,30-06-2026,30-06-2026,Market Sale,https://nsearchives.nseindia.com/corporate/ixbrl/IT_15798_20260701_170534607_WEB.html
SOUTHWEST,SOUTH WEST PINNACLE EXPLORATION LIMITED,Mr. Vikas Jain,Promoter and Director,2026-07-10,2026-07-10 15:27:45,10-Jul-2026 15:27:45,Equity,Buy,BUY,OTHER,1134644.0,149999937.0,132.20000017626674,11137698,37.33%,12272342,37.58%,10-07-2026,10-07-2026,Conversion of security,https://nsearchives.nseindia.com/corporate/ixbrl/IT_15798_20260710_152745217_WEB.html
SOUTHWEST,SOUTH WEST PINNACLE EXPLORATION LIMITED,Mr. Piyush Jain,Promoter and Director,2026-07-10,2026-07-10 15:27:45,10-Jul-2026 15:27:45,Equity,Buy,BUY,OTHER,1134644.0,149999937.0,132.20000017626674,6323614,21.19%,7458258,22.84%,10-07-2026,10-07-2026,Conversion of security,https://nsearchives.nseindia.com/corporate/ixbrl/IT_15798_20260710_152745217_WEB.html
SOUTHWEST,SOUTH WEST PINNACLE EXPLORATION LIMITED,Vikas Jain,Promoter and Director,2026-08-18,2026-08-21 16:35:12,21-Aug-2026 16:35:12,Equity,Sell,SELL,MARKET_SELL,563138.0,129234540.0,229.4900006747902,12272342,37.58%,11709204,35.86%,18-08-2026,18-08-2026,Market Sale,https://nsearchives.nseindia.com/corporate/ixbrl/IT_15798_20260821_163512321_WEB.html
SOUTHWEST,SOUTH WEST PINNACLE EXPLORATION LIMITED,Vikas Jain,Promoter and Director,2026-08-18,2026-08-21 16:35:12,21-Aug-2026 16:35:12,Equity,Sell,SELL,MARKET_SELL,2700.0,656154.0,243.02,11709204,35.85%,11706504,35.85%,18-08-2026,18-08-2026,Market Sale,https://nsearchives.nseindia.com/corporate/ixbrl/IT_15798_20260821_163512321_WEB.html
SPAL,S. P. APPARELS LIMITED,P.Sundararajan,Promoter and Director,2026-08-28,2026-08-29 18:19:41,29-Aug-2026 18:19:41,Equity,Sell,SELL,MARKET_SELL,500000.0,462500000.0,925.0,12538759,49.88%,12038759,48.00%,28-08-2026,28-08-2026,Market Sale,https://nsearchives.nseindia.com/corporate/ixbrl/IT_14100_20260829_181940950_WEB.html
SPLIL,SPL Industries Limited,Kiran Aggarwal,Promoter,2026-06-25,2026-06-26 17:54:24,26-Jun-2026 17:54:24,Equity,Sell,SELL,OTHER,807784.0,0.0,0.0,6631393,22.87%,5823609,20.08%,25-06-2026,25-06-2026,Gift,https://nsearchives.nseindia.com/corporate/ixbrl/IT_2309_20260626_175424589_WEB.html
SPLIL,SPL Industries Limited,Kushal Aggarwal,Promoter,2026-06-25,2026-06-26 17:54:24,26-Jun-2026 17:54:24,Equity,Buy,BUY,OTHER,362430.0,0.0,0.0,681030,2.35%,1043460,3.60%,25-06-2026,25-06-2026,Gift,https://nsearchives.nseindia.com/corporate/ixbrl/IT_2309_20260626_175424589_WEB.html
SPLIL,SPL Industries Limited,Vipul Aggarwal,Promoter,2026-06-25,2026-06-26 17:54:24,26-Jun-2026 17:54:24,Equity,Buy,BUY,OTHER,445354.0,0.0,0.0,598105,2.06%,1043459,3.60%,25-06-2026,25-06-2026,Gift,https://nsearchives.nseindia.com/corporate/ixbrl/IT_2309_20260626_175424589_WEB.html
SPLIL,SPL Industries Limited,Kiran Aggarwal,Promoter,2026-06-25,2026-06-26 17:58:03,26-Jun-2026 17:58:03,Equity,Sell,SELL,OTHER,807784.0,0.0,0.0,6631393,22.87%,5823609,20.08%,25-06-2026,25-06-2026,Gift,https://nsearchives.nseindia.com/corporate/ixbrl/IT_2309_20260626_175803336_WEB.html
SPLIL,SPL Industries Limited,Kushal Aggarwal,Promoter,2026-06-25,2026-06-26 17:58:03,26-Jun-2026 17:58:03,Equity,Buy,BUY,OTHER,362430.0,0.0,0.0,681030,2.35%,1043460,3.60%,25-06-2026,25-06-2026,Gift,https://nsearchives.nseindia.com/corporate/ixbrl/IT_2309_20260626_175803336_WEB.html
SPLIL,SPL Industries Limited,Vipul Aggarwal,Promoter,2026-06-25,2026-06-26 17:58:03,26-Jun-2026 17:58:03,Equity,Buy,BUY,OTHER,445354.0,0.0,0.0,598105,2.06%,1043459,3.60%,25-06-2026,25-06-2026,Gift,https://nsearchives.nseindia.com/corporate/ixbrl/IT_2309_20260626_175803336_WEB.html
SPLIL,SPL Industries Limited,Kiran Aggarwal,Promoter,2026-06-25,2026-06-26 17:58:46,26-Jun-2026 17:58:46,Equity,Sell,SELL,OTHER,807784.0,0.0,0.0,6631393,22.87%,5823609,20.08%,25-06-2026,25-06-2026,Gift,https://nsearchives.nseindia.com/corporate/ixbrl/IT_2309_20260626_175846319_WEB.html
SPLIL,SPL Industries Limited,Kushal Aggarwal,Promoter,2026-06-25,2026-06-26 17:58:46,26-Jun-2026 17:58:46,Equity,Buy,BUY,OTHER,362430.0,0.0,0.0,681030,2.35%,1043460,3.60%,25-06-2026,25-06-2026,Gift,https://nsearchives.nseindia.com/corporate/ixbrl/IT_2309_20260626_175846319_WEB.html
SPLIL,SPL Industries Limited,Vipul Aggarwal,Promoter,2026-06-25,2026-06-26 17:58:46,26-Jun-2026 17:58:46,Equity,Buy,BUY,OTHER,445354.0,0.0,0.0,598105,2.06%,1043459,3.60%,25-06-2026,25-06-2026,Gift,https://nsearchives.nseindia.com/corporate/ixbrl/IT_2309_20260626_175846319_WEB.html
SRHHYPOLTD,Sree Rayalaseema Hi-Strength Hypo Limited,TGV Industries Private Limited,Promoter Group,2026-08-26,2026-08-27 17:04:54,27-Aug-2026 17:04:54,Equity,Buy,BUY,MARKET_BUY,1000.0,473208.0,473.208,8000,0.05%,9000,0.05%,26-08-2026,26-08-2026,Market Purchase,https://nsearchives.nseindia.com/corporate/ixbrl/IT_2588_20260827_170454525_WEB.html
SRHHYPOLTD,Sree Rayalaseema Hi-Strength Hypo Limited,TGV Industries Private Limited,Promoter Group,2026-08-27,2026-08-27 17:04:54,27-Aug-2026 17:04:54,Equity,Buy,BUY,MARKET_BUY,5600.0,2639678.0,471.37107142857144,9000,0.05%,14600,0.09%,27-08-2026,27-08-2026,Market Purchase,https://nsearchives.nseindia.com/corporate/ixbrl/IT_2588_20260827_170454525_WEB.html
SRHHYPOLTD,Sree Rayalaseema Hi-Strength Hypo Limited,TGV Industries Private Limited,Promoter Group,2026-08-28,2026-08-28 17:01:46,28-Aug-2026 17:01:46,Equity,Buy,BUY,MARKET_BUY,2596.0,1226875.0,472.60208012326655,14600,0.09%,17196,0.10%,28-08-2026,28-08-2026,Market Purchase,https://nsearchives.nseindia.com/corporate/ixbrl/IT_2588_20260828_170146433_WEB.html
SRHHYPOLTD,Sree Rayalaseema Hi-Strength Hypo Limited,TGV Industries Private Limited,Promoter Group,2026-08-31,2026-08-31 16:08:56,31-Aug-2026 16:08:56,Equity,Buy,BUY,MARKET_BUY,2663.0,1314723.0,493.6999624483665,17196,0.10%,19859,0.12%,31-08-2026,31-08-2026,Market Purchase,https://nsearchives.nseindia.com/corporate/ixbrl/IT_2588_20260831_160856411_WEB.html
SRHHYPOLTD,Sree Rayalaseema Hi-Strength Hypo Limited,TGV Industries Private Limited,Promoter Group,2026-09-01,2026-09-01 18:29:34,01-Sep-2026 18:29:34,Equity,Buy,BUY,MARKET_BUY,2000.0,993490.0,496.745,19859,0.12%,21859,0.13%,01-09-2026,01-09-2026,Market Purchase,https://nsearchives.nseindia.com/corporate/ixbrl/IT_2588_20260901_182934590_WEB.html
SRHHYPOLTD,Sree Rayalaseema Hi-Strength Hypo Limited,TGV Industries Private Limited,Promoter Group,2026-09-02,2026-09-02 16:26:58,02-Sep-2026 16:26:58,Equity,Buy,BUY,MARKET_BUY,2500.0,1240668.0,496.2672,21859,0.13%,24359,0.14%,02-09-2026,02-09-2026,Market Purchase,https://nsearchives.nseindia.com/corporate/ixbrl/IT_2588_20260902_162658365_WEB.html
STANLEY,STANLEY LIFESTYLES LIMITED,Sunil Suresh,Promoter and Director,2026-06-03,2026-06-08 18:24:49,08-Jun-2026 18:24:49,Equity,Buy,BUY,MARKET_BUY,101000.0,14688935.0,145.435,16193547,28.35%,16294547,28.47%,03-06-2026,03-06-2026,Market Purchase,https://nsearchives.nseindia.com/corporate/ixbrl/IT_20260608_182449791_WEB.html
STANLEY,STANLEY LIFESTYLES LIMITED,Sunil Suresh,Promoter and Director,2026-06-03,2026-06-08 18:28:22,08-Jun-2026 18:28:22,Equity,Buy,BUY,MARKET_BUY,101000.0,14688935.0,145.435,16193547,28.35%,16294547,28.47%,03-06-2026,03-06-2026,Market Purchase,https://nsearchives.nseindia.com/corporate/ixbrl/IT_20260608_182822508_WEB.html
STEELXIND,Steel Exchange India Limited,Suresh Kumar Bandi,Promoter and Director,2026-08-05,2026-08-06 15:43:42,06-Aug-2026 15:43:42,Equity,Buy,BUY,OTHER,4331500.0,49855565.0,11.51,41140520,3.23%,45472020,3.57%,05-08-2026,05-08-2026,Inheritance,https://nsearchives.nseindia.com/corporate/ixbrl/IT_15345_20260806_154342456_WEB.html
STEELXIND,Steel Exchange India Limited,Late Suguna Bandi,Promoter Group,2026-08-05,2026-08-06 15:43:42,06-Aug-2026 15:43:42,Equity,Sell,SELL,OTHER,4331500.0,49855565.0,11.51,4331500,0.34%,0,0.00%,05-08-2026,05-08-2026,Inheritance,https://nsearchives.nseindia.com/corporate/ixbrl/IT_15345_20260806_154342456_WEB.html
STEL,STEL HOLDINGS LIMITED,LEBNITZE REAL ESTATES PVT LTD,Promoter Group,2026-06-04,2026-06-08 15:03:01,08-Jun-2026 15:03:01,Equity,Buy,BUY,MARKET_BUY,3828.0,1900105.0,496.3701671891327,523361,2.83%,527189,2.85%,04-06-2026,04-06-2026,Market Purchase,https://nsearchives.nseindia.com/corporate/ixbrl/IT_20260608_150301514_WEB.html
STEL,STEL HOLDINGS LIMITED,LEBNITZE REAL ESTATES PVT LTD,Promoter Group,2026-06-04,2026-06-08 15:03:01,08-Jun-2026 15:03:01,Equity,Buy,BUY,MARKET_BUY,702.0,348453.0,496.37179487179486,527189,2.85%,527891,2.86%,04-06-2026,04-06-2026,Market Purchase,https://nsearchives.nseindia.com/corporate/ixbrl/IT_20260608_150301514_WEB.html
STEL,STEL HOLDINGS LIMITED,LEBNITZE REAL ESTATES PVT LTD,Promoter Group,2026-06-04,2026-06-08 15:05:48,08-Jun-2026 15:05:48,Equity,Buy,BUY,MARKET_BUY,3828.0,1900105.0,496.3701671891327,523361,2.83%,527189,2.85%,04-06-2026,04-06-2026,Market Purchase,https://nsearchives.nseindia.com/corporate/ixbrl/IT_20260608_150548384_WEB.html
STEL,STEL HOLDINGS LIMITED,LEBNITZE REAL ESTATES PVT LTD,Promoter Group,2026-06-04,2026-06-08 15:05:48,08-Jun-2026 15:05:48,Equity,Buy,BUY,MARKET_BUY,702.0,348453.0,496.37179487179486,527189,2.85%,527891,2.86%,04-06-2026,04-06-2026,Market Purchase,https://nsearchives.nseindia.com/corporate/ixbrl/IT_20260608_150548384_WEB.html
STEL,STEL HOLDINGS LIMITED,LEBNITZE REAL ESTATES PVT LTD,Promoter Group,2026-06-05,2026-06-08 15:03:01,08-Jun-2026 15:03:01,Equity,Buy,BUY,MARKET_BUY,3509.0,1753464.0,499.7047591906526,527891,2.86%,531400,2.88%,05-06-2026,05-06-2026,Market Purchase,https://nsearchives.nseindia.com/corporate/ixbrl/IT_20260608_150301514_WEB.html
STEL,STEL HOLDINGS LIMITED,LEBNITZE REAL ESTATES PVT LTD,Promoter Group,2026-06-05,2026-06-08 15:03:01,08-Jun-2026 15:03:01,Equity,Buy,BUY,MARKET_BUY,101.0,50470.0,499.7029702970297,531400,2.88%,531501,2.88%,05-06-2026,05-06-2026,Market Purchase,https://nsearchives.nseindia.com/corporate/ixbrl/IT_20260608_150301514_WEB.html
STEL,STEL HOLDINGS LIMITED,LEBNITZE REAL ESTATES PVT LTD,Promoter Group,2026-06-05,2026-06-08 15:05:48,08-Jun-2026 15:05:48,Equity,Buy,BUY,MARKET_BUY,3509.0,1753464.0,499.7047591906526,527891,2.86%,531400,2.88%,05-06-2026,05-06-2026,Market Purchase,https://nsearchives.nseindia.com/corporate/ixbrl/IT_20260608_150548384_WEB.html
STEL,STEL HOLDINGS LIMITED,LEBNITZE REAL ESTATES PVT LTD,Promoter Group,2026-06-05,2026-06-08 15:05:48,08-Jun-2026 15:05:48,Equity,Buy,BUY,MARKET_BUY,101.0,50470.0,499.7029702970297,531400,2.88%,531501,2.88%,05-06-2026,05-06-2026,Market Purchase,https://nsearchives.nseindia.com/corporate/ixbrl/IT_20260608_150548384_WEB.html
STEL,STEL HOLDINGS LIMITED,LEBNITZE REAL ESTATES PVT LTD,Promoter Group,2026-06-08,2026-06-10 14:59:23,10-Jun-2026 14:59:23,Equity,Buy,BUY,MARKET_BUY,4356.0,2208407.0,506.98048668503213,531501,2.88%,535857,2.90%,08-06-2026,08-06-2026,Market Purchase,https://nsearchives.nseindia.com/corporate/ixbrl/IT_20260610_145922953_WEB.html
STEL,STEL HOLDINGS LIMITED,LEBNITZE REAL ESTATES PVT LTD,Promoter Group,2026-06-08,2026-06-10 14:59:23,10-Jun-2026 14:59:23,Equity,Buy,BUY,MARKET_BUY,413.0,209381.0,506.9757869249395,535857,2.90%,536270,2.90%,08-06-2026,08-06-2026,Market Purchase,https://nsearchives.nseindia.com/corporate/ixbrl/IT_20260610_145922953_WEB.html
STEL,STEL HOLDINGS LIMITED,LEBNITZE REAL ESTATES PVT LTD,Promoter Group,2026-06-08,2026-06-10 15:02:05,10-Jun-2026 15:02:05,Equity,Buy,BUY,MARKET_BUY,4356.0,2208407.0,506.98048668503213,531501,2.88%,535857,2.90%,08-06-2026,08-06-2026,Market Purchase,https://nsearchives.nseindia.com/corporate/ixbrl/IT_20260610_150205900_WEB.html
STEL,STEL HOLDINGS LIMITED,LEBNITZE REAL ESTATES PVT LTD,Promoter Group,2026-06-08,2026-06-10 15:02:05,10-Jun-2026 15:02:05,Equity,Buy,BUY,MARKET_BUY,413.0,209381.0,506.9757869249395,535857,2.90%,536270,2.90%,08-06-2026,08-06-2026,Market Purchase,https://nsearchives.nseindia.com/corporate/ixbrl/IT_20260610_150205900_WEB.html
STEL,STEL HOLDINGS LIMITED,LEBNITZE REAL ESTATES PVT LTD,Promoter Group,2026-06-09,2026-06-10 14:59:23,10-Jun-2026 14:59:23,Equity,Buy,BUY,MARKET_BUY,562.0,292565.0,520.5782918149466,536270,2.90%,536832,2.91%,09-06-2026,09-06-2026,Market Purchase,https://nsearchives.nseindia.com/corporate/ixbrl/IT_20260610_145922953_WEB.html
STEL,STEL HOLDINGS LIMITED,LEBNITZE REAL ESTATES PVT LTD,Promoter Group,2026-06-09,2026-06-10 15:02:05,10-Jun-2026 15:02:05,Equity,Buy,BUY,MARKET_BUY,562.0,292565.0,520.5782918149466,536270,2.90%,536832,2.91%,09-06-2026,09-06-2026,Market Purchase,https://nsearchives.nseindia.com/corporate/ixbrl/IT_20260610_150205900_WEB.html
STEL,STEL HOLDINGS LIMITED,LEBNITZE REAL ESTATES PVT LTD,Promoter Group,2026-06-10,2026-06-12 17:34:28,12-Jun-2026 17:34:28,Equity,Buy,BUY,MARKET_BUY,4287.0,2288298.0,533.776067179846,536832,2.91%,541119,2.93%,10-06-2026,10-06-2026,Market Purchase,https://nsearchives.nseindia.com/corporate/ixbrl/IT_20260612_173428796_WEB.html
STEL,STEL HOLDINGS LIMITED,LEBNITZE REAL ESTATES PVT LTD,Promoter Group,2026-06-11,2026-06-12 17:38:01,12-Jun-2026 17:38:01,Equity,Buy,BUY,MARKET_BUY,350.0,189105.0,540.3,541119,2.93%,541469,2.93%,11-06-2026,11-06-2026,Market Purchase,https://nsearchives.nseindia.com/corporate/ixbrl/IT_20260612_173801264_WEB.html
STEL,STEL HOLDINGS LIMITED,LEBNITZE REAL ESTATES PVT LTD,Promoter Group,2026-06-11,2026-06-12 17:38:01,12-Jun-2026 17:38:01,Equity,Buy,BUY,MARKET_BUY,8011.0,4328405.0,540.3077019098739,541469,2.93%,549480,2.98%,11-06-2026,11-06-2026,Market Purchase,https://nsearchives.nseindia.com/corporate/ixbrl/IT_20260612_173801264_WEB.html
STEL,STEL HOLDINGS LIMITED,LEBNITZE REAL ESTATES PVT LTD,Promoter Group,2026-06-12,2026-06-15 10:54:22,15-Jun-2026 10:54:22,Equity,Buy,BUY,MARKET_BUY,2074.0,1149599.0,554.2907425265188,549480,2.98%,551554,2.99%,12-06-2026,12-06-2026,Market Purchase,https://nsearchives.nseindia.com/corporate/ixbrl/IT_4020_20260615_105422832_WEB.html
STEL,STEL HOLDINGS LIMITED,LEBNITZE REAL ESTATES PVT LTD,Promoter Group,2026-06-12,2026-06-15 10:54:22,15-Jun-2026 10:54:22,Equity,Buy,BUY,MARKET_BUY,173.0,95892.0,554.2890173410404,551554,2.99%,551727,2.99%,12-06-2026,12-06-2026,Market Purchase,https://nsearchives.nseindia.com/corporate/ixbrl/IT_4020_20260615_105422832_WEB.html
STEL,STEL HOLDINGS LIMITED,SOFREAL MERCANTRADE PRIVATE LTD,Promoter Group,2026-06-15,2026-06-18 11:15:17,18-Jun-2026 11:15:17,Equity,Buy,BUY,MARKET_BUY,3619.0,2091964.0,578.0502901353965,201010,1.09%,204629,1.11%,15-06-2026,15-06-2026,Market Purchase,https://nsearchives.nseindia.com/corporate/ixbrl/IT_4020_20260618_111516908_WEB.html
STEL,STEL HOLDINGS LIMITED,SOFREAL MERCANTRADE PRIVATE LTD,Promoter Group,2026-06-17,2026-06-19 23:09:12,19-Jun-2026 23:09:12,Equity,Buy,BUY,MARKET_BUY,1921.0,1113057.0,579.4154086413326,204629,1.11%,206550,1.12%,17-06-2026,17-06-2026,Market Purchase,https://nsearchives.nseindia.com/corporate/ixbrl/IT_4020_20260619_230912585_WEB.html
STEL,STEL HOLDINGS LIMITED,SOFREAL MERCANTRADE PRIVATE LTD,Promoter Group,2026-06-18,2026-06-19 23:09:12,19-Jun-2026 23:09:12,Equity,Buy,BUY,MARKET_BUY,13544.0,8115025.0,599.1601447135263,206550,1.12%,220094,1.19%,18-06-2026,18-06-2026,Market Purchase,https://nsearchives.nseindia.com/corporate/ixbrl/IT_4020_20260619_230912585_WEB.html
STEL,STEL HOLDINGS LIMITED,SOFREAL MERCANTRADE PRIVATE LTD,Promoter Group,2026-06-19,2026-06-24 11:34:04,24-Jun-2026 11:34:04,Equity,Buy,BUY,MARKET_BUY,4338.0,2596309.0,598.5036883356386,220094,1.19%,224432,1.22%,19-06-2026,19-06-2026,Market Purchase,https://nsearchives.nseindia.com/corporate/ixbrl/IT_4020_20260624_113404785_WEB.html
STEL,INE577L01016,SOFREAL MERCANTRADE PRIVATE LTD,Promoter Group,2026-06-23,2026-06-26 10:33:57,26-Jun-2026 10:33:57,Equity,Buy,BUY,MARKET_BUY,2750.0,1673700.0,608.6181818181818,224432,1.22%,227182,1.23%,23-06-2026,23-06-2026,Market Purchase,https://nsearchives.nseindia.com/corporate/ixbrl/IT_4020_20260626_103357905_WEB.html
STEL,STEL HOLDINGS LIMITED,SOFREAL MERCANTRADE PRIVATE LTD,Promoter Group,2026-06-24,2026-06-26 10:34:03,26-Jun-2026 10:34:03,Equity,Buy,BUY,MARKET_BUY,6061.0,3702340.0,610.846394984326,227182,1.23%,233243,1.26%,24-06-2026,24-06-2026,Market Purchase,https://nsearchives.nseindia.com/corporate/ixbrl/IT_4020_20260626_103402978_WEB.html
STEL,STEL HOLDINGS LIMITED,SOFREAL MERCANTRADE PRIVATE LTD,Promoter Group,2026-06-25,2026-06-29 20:45:20,29-Jun-2026 20:45:20,Equity,Buy,BUY,MARKET_BUY,4767.0,2909040.0,610.2454373820012,233243,1.26%,238010,1.29%,25-06-2026,25-06-2026,Market Purchase,https://nsearchives.nseindia.com/corporate/ixbrl/IT_4020_20260629_204519955_WEB.html
STEL,STEL HOLDINGS LIMITED,SOFREAL MERCANTRADE PRIVATE LTD,Promoter Group,2026-08-14,2026-08-20 23:58:57,20-Aug-2026 23:58:57,Equity,Buy,BUY,MARKET_BUY,595.0,342016.0,574.8168067226891,238010,1.29%,238605,1.29%,14-08-2026,14-08-2026,Market Purchase,https://nsearchives.nseindia.com/corporate/ixbrl/IT_4020_20260820_235857704_WEB.html
STEL,STEL HOLDINGS LIMITED,SOFREAL MERCANTRADE PRIVATE LTD,Promoter Group,2026-08-17,2026-08-20 23:58:57,20-Aug-2026 23:58:57,Equity,Buy,BUY,MARKET_BUY,814.0,473110.0,581.2162162162163,238605,1.29%,239419,1.30%,17-08-2026,17-08-2026,Market Purchase,https://nsearchives.nseindia.com/corporate/ixbrl/IT_4020_20260820_235857704_WEB.html
STEL,STEL HOLDINGS LIMITED,SOFREAL MERCANTRADE PRIVATE LTD,Promoter Group,2026-08-18,2026-08-20 23:58:57,20-Aug-2026 23:58:57,Equity,Buy,BUY,MARKET_BUY,3317.0,1925522.0,580.5010551703347,239419,1.30%,242736,1.32%,18-08-2026,18-08-2026,Market Purchase,https://nsearchives.nseindia.com/corporate/ixbrl/IT_4020_20260820_235857704_WEB.html
STEL,STEL HOLDINGS LIMITED,SOFREAL MERCANTRADE PRIVATE LTD,Promoter Group,2026-08-18,2026-08-20 23:58:57,20-Aug-2026 23:58:57,Equity,Buy,BUY,MARKET_BUY,1.0,581.0,581.0,242736,1.32%,242737,1.32%,18-08-2026,18-08-2026,Market Purchase,https://nsearchives.nseindia.com/corporate/ixbrl/IT_4020_20260820_235857704_WEB.html
STEL,STEL HOLDINGS LIMITED,SOFREAL MERCANTRADE PRIVATE LTD,Promoter Group,2026-08-19,2026-08-20 23:58:57,20-Aug-2026 23:58:57,Equity,Buy,BUY,MARKET_BUY,2321.0,1347086.0,580.3903489875054,242737,1.32%,245058,1.33%,19-08-2026,19-08-2026,Market Purchase,https://nsearchives.nseindia.com/corporate/ixbrl/IT_4020_20260820_235857704_WEB.html
STEL,STEL HOLDINGS LIMITED,SOFREAL MERCANTRADE PRIVATE LTD,Promoter Group,2026-08-19,2026-08-20 23:58:57,20-Aug-2026 23:58:57,Equity,Buy,BUY,MARKET_BUY,164.0,95134.0,580.0853658536586,245058,1.33%,245222,1.33%,19-08-2026,19-08-2026,Market Purchase,https://nsearchives.nseindia.com/corporate/ixbrl/IT_4020_20260820_235857704_WEB.html
STEL,STEL HOLDINGS LIMITED,SOFREAL MERCANTRADE PRIVATE LTD,Promoter Group,2026-08-20,2026-08-25 20:51:44,25-Aug-2026 20:51:44,Equity,Buy,BUY,MARKET_BUY,1266.0,741145.0,585.4225908372828,245222,1.33%,246488,1.34%,20-08-2026,20-08-2026,Market Purchase,https://nsearchives.nseindia.com/corporate/ixbrl/IT_4020_20260825_205144388_WEB.html
STEL,STEL HOLDINGS LIMITED,SOFREAL MERCANTRADE PRIVATE LTD,Promoter Group,2026-08-20,2026-08-25 20:51:44,25-Aug-2026 20:51:44,Equity,Buy,BUY,MARKET_BUY,50.0,29275.0,585.5,246488,1.34%,246538,1.34%,20-08-2026,20-08-2026,Market Purchase,https://nsearchives.nseindia.com/corporate/ixbrl/IT_4020_20260825_205144388_WEB.html
STEL,STEL HOLDINGS LIMITED,SOFREAL MERCANTRADE PRIVATE LTD,Promoter Group,2026-08-21,2026-08-25 20:51:44,25-Aug-2026 20:51:44,Equity,Buy,BUY,MARKET_BUY,2249.0,1353958.0,602.0266785237884,246538,1.34%,248787,1.35%,21-08-2026,21-08-2026,Market Purchase,https://nsearchives.nseindia.com/corporate/ixbrl/IT_4020_20260825_205144388_WEB.html
STEL,STEL HOLDINGS LIMITED,SOFREAL MERCANTRADE PRIVATE LTD,Promoter Group,2026-08-21,2026-08-25 20:51:44,25-Aug-2026 20:51:44,Equity,Buy,BUY,MARKET_BUY,1.0,580.0,580.0,248787,1.35%,248788,1.35%,21-08-2026,21-08-2026,Market Purchase,https://nsearchives.nseindia.com/corporate/ixbrl/IT_4020_20260825_205144388_WEB.html
STEL,STEL HOLDINGS LIMITED,SOFREAL MERCANTRADE PRIVATE LTD,Promoter Group,2026-08-24,2026-08-27 15:59:08,27-Aug-2026 15:59:08,Equity,Buy,BUY,MARKET_BUY,10724.0,6659825.0,621.0206079820962,248788,1.35%,259512,1.41%,24-08-2026,24-08-2026,Market Purchase,https://nsearchives.nseindia.com/corporate/ixbrl/IT_4020_20260827_155908916_WEB.html
STEL,STEL HOLDINGS LIMITED,SOFREAL MERCANTRADE PRIVATE LTD,Promoter Group,2026-08-24,2026-08-27 15:59:08,27-Aug-2026 15:59:08,Equity,Buy,BUY,MARKET_BUY,145.0,89465.0,617.0,259512,1.41%,259657,1.41%,24-08-2026,24-08-2026,Market Purchase,https://nsearchives.nseindia.com/corporate/ixbrl/IT_4020_20260827_155908916_WEB.html
STEL,STEL HOLDINGS LIMITED,SOFREAL MERCANTRADE PRIVATE LTD,Promoter Group,2026-08-25,2026-08-27 15:59:08,27-Aug-2026 15:59:08,Equity,Buy,BUY,MARKET_BUY,704.0,430673.0,611.7514204545455,259657,1.41%,260361,1.41%,25-08-2026,25-08-2026,Market Purchase,https://nsearchives.nseindia.com/corporate/ixbrl/IT_4020_20260827_155908916_WEB.html
STEL,STEL HOLDINGS LIMITED,SOFREAL MERCANTRADE PRIVATE LTD,Promoter Group,2026-08-25,2026-08-27 15:59:08,27-Aug-2026 15:59:08,Equity,Buy,BUY,MARKET_BUY,12.0,7332.0,611.0,260361,1.41%,260373,1.41%,25-08-2026,25-08-2026,Market Purchase,https://nsearchives.nseindia.com/corporate/ixbrl/IT_4020_20260827_155908916_WEB.html
STEL,STEL HOLDINGS LIMITED,SOFREAL MERCANTRADE PRIVATE LTD,Promoter Group,2026-08-26,2026-08-31 23:39:52,31-Aug-2026 23:39:52,Equity,Buy,BUY,MARKET_BUY,1353.0,839768.0,620.6711012564671,260373,1.41%,261726,1.42%,26-08-2026,26-08-2026,Market Purchase,https://nsearchives.nseindia.com/corporate/ixbrl/IT_4020_20260831_233952436_WEB.html
STEL,STEL HOLDINGS LIMITED,SOFREAL MERCANTRADE PRIVATE LTD,Promoter Group,2026-08-27,2026-08-31 23:39:52,31-Aug-2026 23:39:52,Equity,Buy,BUY,MARKET_BUY,2543.0,2423421.0,952.9771922925678,261726,1.42%,264269,1.43%,27-08-2026,27-08-2026,Market Purchase,https://nsearchives.nseindia.com/corporate/ixbrl/IT_4020_20260831_233952436_WEB.html
STEL,STEL HOLDINGS LIMITED,SOFREAL MERCANTRADE PRIVATE LTD,Promoter Group,2026-08-27,2026-08-31 23:39:52,31-Aug-2026 23:39:52,Equity,Buy,BUY,MARKET_BUY,8.0,4935.0,616.875,264269,1.43%,264277,1.43%,27-08-2026,27-08-2026,Market Purchase,https://nsearchives.nseindia.com/corporate/ixbrl/IT_4020_20260831_233952436_WEB.html
STEL,STEL HOLDINGS LIMITED,SOFREAL MERCANTRADE PRIVATE LTD,Promoter Group,2026-08-28,2026-09-02 15:04:18,02-Sep-2026 15:04:18,Equity,Buy,BUY,MARKET_BUY,359.0,224299.0,624.7883008356546,264277,1.43%,264636,1.43%,28-08-2026,28-08-2026,Market Purchase,https://nsearchives.nseindia.com/corporate/ixbrl/IT_4020_20260902_150418353_WEB.html
STEL,STEL HOLDINGS LIMITED,SOFREAL MERCANTRADE PRIVATE LTD,Promoter Group,2026-08-28,2026-09-02 15:04:18,02-Sep-2026 15:04:18,Equity,Buy,BUY,MARKET_BUY,103.0,64375.0,625.0,264636,1.43%,264739,1.43%,28-08-2026,28-08-2026,Market Purchase,https://nsearchives.nseindia.com/corporate/ixbrl/IT_4020_20260902_150418353_WEB.html
STEL,STEL HOLDINGS LIMITED,SOFREAL MERCANTRADE PRIVATE LTD,Promoter Group,2026-08-31,2026-09-02 15:04:18,02-Sep-2026 15:04:18,Equity,Buy,BUY,MARKET_BUY,2961.0,1958329.0,661.3741979061128,264739,1.43%,267700,1.45%,31-08-2026,31-08-2026,Market Purchase,https://nsearchives.nseindia.com/corporate/ixbrl/IT_4020_20260902_150418353_WEB.html
STEL,STEL HOLDINGS LIMITED,SOFREAL MERCANTRADE PRIVATE LTD,Promoter Group,2026-08-31,2026-09-02 15:04:18,02-Sep-2026 15:04:18,Equity,Buy,BUY,MARKET_BUY,310.0,201765.0,650.8548387096774,267700,1.45%,268010,1.45%,31-08-2026,31-08-2026,Market Purchase,https://nsearchives.nseindia.com/corporate/ixbrl/IT_4020_20260902_150418353_WEB.html
STERTOOLS,STERLING TOOLS LIMITED,ANIL AGGARWAL,Promoter and Director,2026-06-05,2026-06-08 17:23:58,08-Jun-2026 17:23:58,Equity,Sell,SELL,OTHER,1000000.0,0.0,0.0,6110583,16.81%,5110583,14.06%,05-06-2026,05-06-2026,Gift,https://nsearchives.nseindia.com/corporate/ixbrl/IT_20260608_172358740_WEB.html
STERTOOLS,STERLING TOOLS LIMITED,AKHILL AGGARWAL,Promoter and Director,2026-06-05,2026-06-08 17:23:58,08-Jun-2026 17:23:58,Equity,Buy,BUY,OTHER,500000.0,0.0,0.0,2671838,7.35%,3171838,8.73%,05-06-2026,05-06-2026,Gift,https://nsearchives.nseindia.com/corporate/ixbrl/IT_20260608_172358740_WEB.html
STERTOOLS,STERLING TOOLS LIMITED,ANISH AGARWAL,Promoter Group,2026-06-05,2026-06-08 17:23:58,08-Jun-2026 17:23:58,Equity,Buy,BUY,OTHER,500000.0,0.0,0.0,2737317,7.53%,3237317,8.91%,05-06-2026,05-06-2026,Gift,https://nsearchives.nseindia.com/corporate/ixbrl/IT_20260608_172358740_WEB.html
STERTOOLS,STERLING TOOLS LIMITED,ANIL AGGARWAL,Promoter and Director,2026-08-24,2026-08-24 21:04:17,24-Aug-2026 21:04:17,Equity,Sell,SELL,OTHER,80000.0,0.0,0.0,5110583,14.06%,5030583,13.84%,24-08-2026,24-08-2026,Gift,https://nsearchives.nseindia.com/corporate/ixbrl/IT_1404_20260824_210417375_WEB.html
STERTOOLS,STERLING TOOLS LIMITED,AKHILL AGGARWAL,Promoter and Director,2026-08-24,2026-08-24 21:04:17,24-Aug-2026 21:04:17,Equity,Buy,BUY,OTHER,80000.0,0.0,0.0,3171838,8.73%,3251838,8.95%,24-08-2026,24-08-2026,Gift,https://nsearchives.nseindia.com/corporate/ixbrl/IT_1404_20260824_210417375_WEB.html
STLTECH,Sterlite Technologies Limited,Pratik Praveen Agarwal,Promoter Group,2026-07-29,2026-07-31 19:34:05,31-Jul-2026 19:34:05,Equity,Buy,BUY,MARKET_BUY,49000.0,24801506.0,506.1531836734694,52500,0.00%,101500,0.02%,29-07-2026,29-07-2026,Market Purchase,https://nsearchives.nseindia.com/corporate/ixbrl/IT_1950_20260731_193405326_WEB.html
STLTECH,Sterlite Technologies Limited,Pratik Praveen Agarwal,Promoter Group,2026-07-30,2026-07-31 19:34:05,31-Jul-2026 19:34:05,Equity,Buy,BUY,MARKET_BUY,44500.0,22341847.0,502.0639775280899,101500,0.02%,146000,0.03%,30-07-2026,30-07-2026,Market Purchase,https://nsearchives.nseindia.com/corporate/ixbrl/IT_1950_20260731_193405326_WEB.html
STLTECH,Sterlite Technologies Limited,Navin Agarwal,Promoter Group,2026-07-31,2026-08-03 20:48:57,03-Aug-2026 20:48:57,Equity,Sell,SELL,MARKET_SELL,5000.0,2785250.0,557.05,166945,0.03%,161945,0.03%,31-07-2026,31-07-2026,Market Sale,https://nsearchives.nseindia.com/corporate/ixbrl/IT_1950_20260803_204857915_WEB.html
STLTECH,Sterlite Technologies Limited,Sonakshi Agarwal,Promoter Group,2026-07-31,2026-08-03 20:51:12,03-Aug-2026 20:51:12,Equity,Buy,BUY,OTHER,18000.0,0.0,0.0,21000,0.00%,39000,0.00%,31-07-2026,31-07-2026,Gift,https://nsearchives.nseindia.com/corporate/ixbrl/IT_1950_20260803_205112279_WEB.html
STLTECH,Sterlite Technologies Limited,Navin Agarwal,Promoter Group,2026-08-04,2026-08-05 15:54:50,05-Aug-2026 15:54:50,Equity,Sell,SELL,MARKET_SELL,5000.0,3034506.0,606.9012,161945,0.03%,156945,0.03%,04-08-2026,04-08-2026,Market Sale,https://nsearchives.nseindia.com/corporate/ixbrl/IT_1950_20260805_155450703_WEB.html
STLTECH,Sterlite Technologies Limited,Navin Agarwal,Promoter Group,2026-08-06,2026-08-07 18:23:03,07-Aug-2026 18:23:03,Equity,Sell,SELL,MARKET_SELL,2500.0,1661250.0,664.5,156945,0.03%,154445,0.03%,06-08-2026,06-08-2026,Market Sale,https://nsearchives.nseindia.com/corporate/ixbrl/IT_1950_20260807_182303170_WEB.html
STLTECH,Sterlite Technologies Limited,Navin Agarwal,Promoter Group,2026-08-12,2026-08-12 18:11:06,12-Aug-2026 18:11:06,Equity,Sell,SELL,MARKET_SELL,5000.0,3180000.0,636.0,154445,0.03%,149445,0.02%,12-08-2026,12-08-2026,Market Sale,https://nsearchives.nseindia.com/corporate/ixbrl/IT_1950_20260812_181106303_WEB.html
STLTECH,Sterlite Technologies Limited,Navin Agarwal,Promoter Group,2026-08-13,2026-08-13 18:08:28,13-Aug-2026 18:08:28,Equity,Sell,SELL,MARKET_SELL,2500.0,1705000.0,682.0,149445,0.02%,146945,0.02%,13-08-2026,13-08-2026,Market Sale,https://nsearchives.nseindia.com/corporate/ixbrl/IT_1950_20260813_180828436_WEB.html
STLTECH,Sterlite Technologies Limited,Navin Agarwal,Promoter Group,2026-08-28,2026-09-01 11:14:22,01-Sep-2026 11:14:22,Equity,Sell,SELL,MARKET_SELL,5000.0,3617500.0,723.5,146945,0.02%,141945,0.02%,28-08-2026,28-08-2026,Market Sale,https://nsearchives.nseindia.com/corporate/ixbrl/IT_1950_20260901_111422617_WEB.html
STYLAMIND,STYLAM INDUSTRIES LIMITED,"Aica Kogyo Company, Limited",Promoter,2026-06-17,2026-06-19 12:59:56,19-Jun-2026 12:59:56,Equity,Buy,BUY,OTHER,1716240.0,3861540000.0,2250.0,5062984,29.87%,6779224,40.00%,17-06-2026,17-06-2026,Off Market,https://nsearchives.nseindia.com/corporate/ixbrl/IT_19048_20260619_125956708_WEB.html
STYLAMIND,STYLAM INDUSTRIES LIMITED,Jagdish Gupta,Promoter,2026-06-17,2026-06-19 13:04:25,19-Jun-2026 13:04:25,Equity,Sell,SELL,OTHER,1281786.0,2884018500.0,2250.0,3164762,18.67%,1882976,11.11%,17-06-2026,17-06-2026,Off Market,https://nsearchives.nseindia.com/corporate/ixbrl/IT_19048_20260619_130425809_WEB.html
STYLAMIND,STYLAM INDUSTRIES LIMITED,Nidhi Gupta,Promoter,2026-06-17,2026-06-19 13:04:25,19-Jun-2026 13:04:25,Equity,Sell,SELL,OTHER,368200.0,828450000.0,2250.0,368200,2.17%,0,0.00%,17-06-2026,17-06-2026,Off Market,https://nsearchives.nseindia.com/corporate/ixbrl/IT_19048_20260619_130425809_WEB.html
STYLAMIND,STYLAM INDUSTRIES LIMITED,Saru Gupta,Promoter,2026-06-17,2026-06-19 13:04:25,19-Jun-2026 13:04:25,Equity,Sell,SELL,OTHER,66254.0,149071500.0,2250.0,66254,0.39%,0,0.00%,17-06-2026,17-06-2026,Off Market,https://nsearchives.nseindia.com/corporate/ixbrl/IT_19048_20260619_130425809_WEB.html
STYLEBAAZA,Baazar Style Retail Limited,Shreyans Surana,Promoter and Director,2026-08-17,2026-08-18 18:05:18,18-Aug-2026 18:05:18,Equity,Sell,SELL,MARKET_SELL,2100000.0,362.0,0.0001723809523809524,3888248,5.11%,1788248,2.35%,17-08-2026,17-08-2026,Market Sale,https://nsearchives.nseindia.com/corporate/ixbrl/IT_23456_20260818_180518701_WEB.html
STYLEBAAZA,Baazar Style Retail Limited,Sidharth Surana,Promoter Group,2026-08-17,2026-08-18 18:05:18,18-Aug-2026 18:05:18,Equity,Sell,SELL,MARKET_SELL,900000.0,362.0,0.0004022222222222222,1414378,1.86%,514378,0.68%,17-08-2026,17-08-2026,Market Sale,https://nsearchives.nseindia.com/corporate/ixbrl/IT_23456_20260818_180518701_WEB.html
STYLEBAAZA,Baazar Style Retail Limited,Bhagwan Prasad,Promoter and Director,2026-08-17,2026-08-18 18:05:18,18-Aug-2026 18:05:18,Equity,Sell,SELL,MARKET_SELL,1500000.0,362.0,0.00024133333333333334,4405142,5.79%,2905142,3.82%,17-08-2026,17-08-2026,Market Sale,https://nsearchives.nseindia.com/corporate/ixbrl/IT_23456_20260818_180518701_WEB.html
STYLEBAAZA,Baazar Style Retail Limited,Rajendra Kumar Gupta HUF,Promoter,2026-08-17,2026-08-18 18:05:18,18-Aug-2026 18:05:18,Equity,Sell,SELL,MARKET_SELL,100000.0,384.0,0.00384,2998800,3.94%,2898800,3.81%,17-08-2026,17-08-2026,Market Sale,https://nsearchives.nseindia.com/corporate/ixbrl/IT_23456_20260818_180518701_WEB.html
STYLEBAAZA,Baazar Style Retail Limited,Rajendra Kumar Gupta HUF,Promoter,2026-08-18,2026-08-19 17:34:39,19-Aug-2026 17:34:39,Equity,Sell,SELL,MARKET_SELL,150000.0,402.0,0.00268,2898800,3.81%,2748800,3.61%,18-08-2026,18-08-2026,Market Sale,https://nsearchives.nseindia.com/corporate/ixbrl/IT_23456_20260819_173439383_WEB.html
STYLEBAAZA,Baazar Style Retail Limited,Rajendra Kumar Gupta HUF,Promoter,2026-08-19,2026-08-21 18:59:06,21-Aug-2026 18:59:06,Equity,Sell,SELL,MARKET_SELL,75000.0,422.0,0.005626666666666667,2748800,3.61%,2673800,3.51%,19-08-2026,19-08-2026,Market Sale,https://nsearchives.nseindia.com/corporate/ixbrl/IT_23456_20260821_185906531_WEB.html
STYLEBAAZA,Baazar Style Retail Limited,Rajendra Kumar Gupta HUF,Promoter,2026-08-19,2026-08-21 19:04:08,21-Aug-2026 19:04:08,Equity,Sell,SELL,MARKET_SELL,75000.0,422.0,0.005626666666666667,2748800,3.61%,2673800,3.51%,19-08-2026,19-08-2026,Market Sale,https://nsearchives.nseindia.com/corporate/ixbrl/IT_23456_20260821_190408649_WEB.html
STYLEBAAZA,Baazar Style Retail Limited,Rajendra Kumar Gupta HUF,Promoter,2026-08-20,2026-08-21 18:59:06,21-Aug-2026 18:59:06,Equity,Sell,SELL,MARKET_SELL,75000.0,440.0,0.005866666666666667,2673800,3.51%,2598800,3.41%,20-08-2026,20-08-2026,Market Sale,https://nsearchives.nseindia.com/corporate/ixbrl/IT_23456_20260821_185906531_WEB.html
STYLEBAAZA,Baazar Style Retail Limited,Rajendra Kumar Gupta HUF,Promoter,2026-08-20,2026-08-21 19:04:08,21-Aug-2026 19:04:08,Equity,Sell,SELL,MARKET_SELL,75000.0,440.0,0.005866666666666667,2673800,3.51%,2598800,3.41%,20-08-2026,20-08-2026,Market Sale,https://nsearchives.nseindia.com/corporate/ixbrl/IT_23456_20260821_190408649_WEB.html
SUMEETINDS,SUMEET INDUSTRIES LIMITED,Eagle  Fibres Limited,Promoter Group,2026-08-12,2026-08-13 11:56:24,13-Aug-2026 11:56:24,Equity,Buy,BUY,MARKET_BUY,3700000.0,54834000.0,14.82,25000000,3.60%,28700000,4.13%,12-08-2026,12-08-2026,Market Purchase,https://nsearchives.nseindia.com/corporate/ixbrl/IT_3809_20260813_115624406_WEB.html
SUMEETINDS,SUMEET INDUSTRIES LIMITED,JPB FIBRES,Promoter Group,2026-08-12,2026-08-13 11:56:24,13-Aug-2026 11:56:24,Equity,Buy,BUY,MARKET_BUY,3700000.0,54834000.0,14.82,38050000,5.48%,41750000,6.00%,12-08-2026,12-08-2026,Market Purchase,https://nsearchives.nseindia.com/corporate/ixbrl/IT_3809_20260813_115624406_WEB.html
SUMEETINDS,SUMEET INDUSTRIES LIMITED,ROHAN D MODH,Promoter Group,2026-08-12,2026-08-13 11:56:24,13-Aug-2026 11:56:24,Equity,Buy,BUY,MARKET_BUY,3950000.0,58539000.0,14.82,100000000,14.39%,103950000,14.96%,12-08-2026,12-08-2026,Market Purchase,https://nsearchives.nseindia.com/corporate/ixbrl/IT_3809_20260813_115624406_WEB.html
SUMEETINDS,SUMEET INDUSTRIES LIMITED,SUPREME( INDIA ) IMPEX LIMITED,Promoter Group,2026-08-12,2026-08-13 11:56:24,13-Aug-2026 11:56:24,Equity,Buy,BUY,MARKET_BUY,3550000.0,52611000.0,14.82,9250000,1.33%,12800000,1.84%,12-08-2026,12-08-2026,Market Purchase,https://nsearchives.nseindia.com/corporate/ixbrl/IT_3809_20260813_115624406_WEB.html
SUMEETINDS,SUMEET INDUSTRIES LIMITED,Eagle  Fibres Limited,Promoter Group,2026-08-14,2026-08-17 16:35:26,17-Aug-2026 16:35:26,Equity,Buy,BUY,MARKET_BUY,1000000.0,14640000.0,14.64,28700000,4.13%,29700000,4.27%,14-08-2026,14-08-2026,Market Purchase,https://nsearchives.nseindia.com/corporate/ixbrl/IT_3809_20260817_163526266_WEB.html
SUNDROP,SUNDROP BRANDS LIMITED,CAG-TECH (MAURITIUS) LIMITED,Promoter,2026-06-04,2026-06-05 12:02:50,05-Jun-2026 12:02:50,Equity,Buy,BUY,OTHER,1881073.0,1344967195.0,715.0,14666522,38.91%,16547595,43.90%,04-06-2026,04-06-2026,Off Market,https://nsearchives.nseindia.com/corporate/ixbrl/IT_20260605_120250628_WEB.html
SUPERSPIN,SUPER SPINNING MILLS LIMITED,SUMANTH RAMAMURTHI,Promoter,2026-06-23,2026-06-25 17:06:46,25-Jun-2026 17:06:46,Equity,Buy,BUY,MARKET_BUY,254811.0,1351921.0,5.305583353936839,9440530,17.16%,9695341,17.63%,23-06-2026,23-06-2026,Market Purchase,https://nsearchives.nseindia.com/corporate/ixbrl/IT_122_20260625_170646140_WEB.html
SUPERSPIN,SUPER SPINNING MILLS LIMITED,SUMANTH RAMAMURTHI,Promoter,2026-06-24,2026-06-25 17:06:46,25-Jun-2026 17:06:46,Equity,Buy,BUY,MARKET_BUY,25646.0,140186.0,5.46619355844966,9695341,17.63%,9720987,17.67%,24-06-2026,24-06-2026,Market Purchase,https://nsearchives.nseindia.com/corporate/ixbrl/IT_122_20260625_170646140_WEB.html
SUPERSPIN,SUPER SPINNING MILLS LIMITED,SUPER SARA TEXTILES LIMITED,Promoter Group,2026-08-31,2026-09-02 18:56:47,02-Sep-2026 18:56:47,Equity,Buy,BUY,MARKET_BUY,153055.0,939764.0,6.140041161673908,122077,0.22%,275132,0.50%,17-08-2026,31-08-2026,Market Purchase,https://nsearchives.nseindia.com/corporate/ixbrl/IT_122_20260902_185647901_WEB.html
SUPERSPIN,SUPER SPINNING MILLS LIMITED,SUPER SARA TEXTILES LIMITED,Promoter Group,2026-08-31,2026-09-02 18:56:47,02-Sep-2026 18:56:47,Equity,Buy,BUY,MARKET_BUY,26144.0,154275.0,5.900971542227662,275132,0.50%,301276,0.55%,17-08-2026,31-08-2026,Market Purchase,https://nsearchives.nseindia.com/corporate/ixbrl/IT_122_20260902_185647901_WEB.html
SUPREMEIND,Supreme Indsutries Limited,Vijay Kumar Taparia,Promoter and Director,2026-08-24,2026-09-04 16:32:55,04-Sep-2026 16:32:55,Equity,Buy,BUY,OTHER,317398.0,0.0,0.0,244890,0.19%,562288,0.44%,24-08-2026,24-08-2026,Inheritance,https://nsearchives.nseindia.com/corporate/ixbrl/IT_322_20260904_163254952_WEB.html
SWANCORP,Swan Corp Limited,Swan Engitech Private Limited,Promoter Group,2026-06-24,2026-06-26 11:49:19,26-Jun-2026 11:49:19,Equity,Pledge,OTHER,OTHER,4500000.0,1432575000.0,318.35,38402858,12.25%,38402858,12.25%,24-06-2026,24-06-2026,Pledge Creation,https://nsearchives.nseindia.com/corporate/ixbrl/IT_5939_20260626_114919418_WEB.html
SWARAJ,SWARAJ SUITING LIMITED,GOMOTO TEXTILES PRIVATE LIMITED,Promoter Group,2026-08-11,2026-08-17 18:56:23,17-Aug-2026 18:56:23,Equity,Sell,SELL,MARKET_SELL,77000.0,27833975.0,361.4801948051948,1590400,6.02%,1513400,5.73%,11-08-2026,11-08-2026,Market Sale,https://nsearchives.nseindia.com/corporate/ixbrl/IT_20487_20260817_185623460_WEB.html
SWARAJ,SWARAJ SUITING LIMITED,JAMUNA SYNTHETICS PRIVATE LIMITED,Promoter Group,2026-08-13,2026-08-17 18:56:23,17-Aug-2026 18:56:23,Equity,Sell,SELL,MARKET_SELL,107500.0,39928227.0,371.4253674418605,1718700,6.51%,1611200,6.10%,12-08-2026,13-08-2026,Market Sale,https://nsearchives.nseindia.com/corporate/ixbrl/IT_20487_20260817_185623460_WEB.html
SWARAJ,SWARAJ SUITING LIMITED,JAMUNA SYNTHETICS PRIVATE LIMITED,Promoter Group,2026-08-19,2026-08-19 21:57:02,19-Aug-2026 21:57:02,Equity,Sell,SELL,MARKET_SELL,89500.0,33471765.0,373.98620111731844,1611200,6.10%,1521700,5.76%,17-08-2026,19-08-2026,Market Sale,https://nsearchives.nseindia.com/corporate/ixbrl/IT_20487_20260819_215702137_WEB.html
SWARAJ,SWARAJ SUITING LIMITED,JAMUNA SYNTHETICS PRIVATE LIMITED,Promoter Group,2026-08-19,2026-08-19 21:57:02,19-Aug-2026 21:57:02,Equity,Sell,SELL,MARKET_SELL,40000.0,14902000.0,372.55,1521700,5.76%,1481700,5.61%,19-08-2026,19-08-2026,Market Sale,https://nsearchives.nseindia.com/corporate/ixbrl/IT_20487_20260819_215702137_WEB.html
SWARAJ,SWARAJ SUITING LIMITED,GOMOTO TEXTILES PRIVATE LIMITED,Promoter Group,2026-08-20,2026-08-24 23:40:01,24-Aug-2026 23:40:01,Equity,Sell,SELL,MARKET_SELL,15000.0,5511000.0,367.4,1513400,5.73%,1498400,5.67%,20-08-2026,20-08-2026,Market Sale,https://nsearchives.nseindia.com/corporate/ixbrl/IT_20487_20260824_234001650_WEB.html
SWARAJ,SWARAJ SUITING LIMITED,GOMOTO TEXTILES PRIVATE LIMITED,Promoter Group,2026-08-24,2026-08-24 23:40:01,24-Aug-2026 23:40:01,Equity,Sell,SELL,MARKET_SELL,95000.0,35254851.0,371.1036947368421,1498400,5.67%,1403400,5.31%,20-08-2026,24-08-2026,Market Sale,https://nsearchives.nseindia.com/corporate/ixbrl/IT_20487_20260824_234001650_WEB.html
SWARAJ,SWARAJ SUITING LIMITED,GOMOTO TEXTILES PRIVATE LIMITED,Promoter Group,2026-08-26,2026-08-27 23:10:16,27-Aug-2026 23:10:16,Equity,Sell,SELL,MARKET_SELL,60177.0,22501834.0,373.92748059889993,1403400,5.31%,1343223,5.08%,25-08-2026,26-08-2026,Market Sale,https://nsearchives.nseindia.com/corporate/ixbrl/IT_20487_20260827_231015931_WEB.html
SWARAJ,SWARAJ SUITING LIMITED,GOMOTO TEXTILES PRIVATE LIMITED,Promoter Group,2026-08-31,2026-09-03 18:55:32,03-Sep-2026 18:55:32,Equity,Sell,SELL,MARKET_SELL,35447.0,13196178.0,372.2791209411234,1343223,5.08%,1307776,4.95%,31-08-2026,31-08-2026,Market Sale,https://nsearchives.nseindia.com/corporate/ixbrl/IT_20487_20260903_185532022_WEB.html
SWARAJ,SWARAJ SUITING LIMITED,GOMOTO TEXTILES PRIVATE LIMITED,Promoter Group,2026-08-31,2026-09-03 18:56:27,03-Sep-2026 18:56:27,Equity,Sell,SELL,MARKET_SELL,35447.0,13196178.0,372.2791209411234,1343223,5.08%,1307776,4.95%,31-08-2026,31-08-2026,Market Sale,https://nsearchives.nseindia.com/corporate/ixbrl/IT_20487_20260903_185627792_WEB.html
SWARAJ,SWARAJ SUITING LIMITED,GOMOTO TEXTILES PRIVATE LIMITED,Promoter Group,2026-08-31,2026-09-03 19:04:13,03-Sep-2026 19:04:13,Equity,Sell,SELL,MARKET_SELL,35447.0,13196178.0,372.2791209411234,1343223,5.08%,1307776,4.95%,31-08-2026,31-08-2026,Market Sale,https://nsearchives.nseindia.com/corporate/ixbrl/IT_20487_20260903_190413260_WEB.html
SWARAJ,SWARAJ SUITING LIMITED,GOMOTO TEXTILES PRIVATE LIMITED,Promoter Group,2026-08-31,2026-09-03 19:20:24,03-Sep-2026 19:20:24,Equity,Sell,SELL,MARKET_SELL,35447.0,13196178.0,372.2791209411234,1343223,5.08%,1307776,4.95%,31-08-2026,31-08-2026,Market Sale,https://nsearchives.nseindia.com/corporate/ixbrl/IT_20487_20260903_192024833_WEB.html
TAINWALCHM,TAINWALA CHEMICALS AND PLASTICS (INDIA) LIMITED,Rajkumar Tainwala,Promoter,2026-06-03,2026-06-05 11:23:46,05-Jun-2026 11:23:46,Equity,Sell,SELL,OTHER,586464.0,0.0,0.0,605060,6.46%,18596,0.20%,03-06-2026,03-06-2026,Gift,https://nsearchives.nseindia.com/corporate/ixbrl/IT_20260605_112346579_WEB.html
TAINWALCHM,TAINWALA CHEMICALS AND PLASTICS (INDIA) LIMITED,Periwinkle Fashions Private Limited,Promoter Group,2026-06-09,2026-06-11 12:23:13,11-Jun-2026 12:23:13,Equity,Buy,BUY,OTHER,25000.0,0.0,0.0,8844,0.09%,33844,0.36%,09-06-2026,09-06-2026,Off Market,https://nsearchives.nseindia.com/corporate/ixbrl/IT_20260611_122313791_WEB.html
TAINWALCHM,TAINWALA CHEMICALS AND PLASTICS (INDIA) LIMITED,Periwinkle Fashions Private Limited,Promoter Group,2026-06-09,2026-08-31 12:10:46,31-Aug-2026 12:10:46,Equity,Buy,BUY,OTHER,25000.0,4831250.0,193.25,8844,0.09%,33844,0.36%,09-06-2026,09-06-2026,Off Market,https://nsearchives.nseindia.com/corporate/ixbrl/IT_481_20260831_121046633_WEB.html
TAINWALCHM,TAINWALA CHEMICALS AND PLASTICS (INDIA) LIMITED,PERIWINKLE FASHIONS PRIVATE LIMITED,Promoter Group,2026-08-18,2026-08-19 16:42:48,19-Aug-2026 16:42:48,Equity,Buy,BUY,MARKET_BUY,9473.0,1967586.0,207.70463422358281,33844,0.36%,43317,0.46%,10-08-2026,18-08-2026,Market Purchase,https://nsearchives.nseindia.com/corporate/ixbrl/IT_481_20260819_164248373_WEB.html
TAINWALCHM,TAINWALA CHEMICALS AND PLASTICS (INDIA) LIMITED,PERIWINKLE FASHIONS PRIVATE LIMITED,Promoter Group,2026-08-19,2026-08-22 13:04:06,22-Aug-2026 13:04:06,Equity,Buy,BUY,MARKET_BUY,1000.0,214000.0,214.0,43317,0.46%,44317,0.47%,19-08-2026,19-08-2026,Market Purchase,https://nsearchives.nseindia.com/corporate/ixbrl/IT_481_20260822_130406340_WEB.html
TAINWALCHM,TAINWALA CHEMICALS AND PLASTICS (INDIA) LIMITED,PERIWINKLE FASHIONS PRIVATE LIMITED,Promoter Group,2026-08-25,2026-08-26 15:08:32,26-Aug-2026 15:08:32,Equity,Buy,BUY,MARKET_BUY,1140.0,249925.0,219.23245614035088,44317,0.47%,45457,0.48%,24-08-2026,25-08-2026,Market Purchase,https://nsearchives.nseindia.com/corporate/ixbrl/IT_481_20260826_150832299_WEB.html
TAINWALCHM,TAINWALA CHEMICALS AND PLASTICS (INDIA) LIMITED,PERIWINKLE FASHIONS PRIVATE LIMITED,Promoter Group,2026-08-26,2026-08-27 15:34:23,27-Aug-2026 15:34:23,Equity,Buy,BUY,MARKET_BUY,1000.0,216990.0,216.99,45457,0.48%,46457,0.49%,26-08-2026,26-08-2026,Market Purchase,https://nsearchives.nseindia.com/corporate/ixbrl/IT_481_20260827_153423148_WEB.html
TAINWALCHM,TAINWALA CHEMICALS AND PLASTICS (INDIA) LIMITED,PERIWINKLE FASHIONS PRIVATE LIMITED,Promoter Group,2026-08-27,2026-09-01 13:52:46,01-Sep-2026 13:52:46,Equity,Buy,BUY,MARKET_BUY,1000.0,215000.0,215.0,46457,0.49%,47457,0.50%,27-08-2026,27-08-2026,Market Purchase,https://nsearchives.nseindia.com/corporate/ixbrl/IT_481_20260901_135246310_WEB.html
TAINWALCHM,TAINWALA CHEMICALS AND PLASTICS (INDIA) LIMITED,PERIWINKLE FASHIONS PRIVATE LIMITED,Promoter Group,2026-09-01,2026-09-02 15:58:08,02-Sep-2026 15:58:08,Equity,Buy,BUY,MARKET_BUY,168.0,34776.0,207.0,47457,0.50%,47625,0.51%,01-09-2026,01-09-2026,Market Purchase,https://nsearchives.nseindia.com/corporate/ixbrl/IT_481_20260902_155808250_WEB.html
TCPLPACK,TCPL PACKAGING LIMITED,Sangita Jindal,Promoter Group,2026-06-24,2026-06-27 12:34:12,27-Jun-2026 12:34:12,Equity,Sell,SELL,OTHER,20067.0,58495506.0,2915.0100164449095,40067,0.44%,20000,0.22%,24-06-2026,24-06-2026,Inter-se-Transfer,https://nsearchives.nseindia.com/corporate/ixbrl/IT_15535_20260627_123412091_WEB.html
TCPLPACK,TCPL PACKAGING LIMITED,Narmada Fintrade Private Limited,Promoter Group,2026-06-25,2026-06-27 12:34:12,27-Jun-2026 12:34:12,Equity,Buy,BUY,OTHER,24417.0,71466496.0,2926.9155096858744,1885911,20.72%,1910328,20.99%,24-06-2026,25-06-2026,Inter-se-Transfer,https://nsearchives.nseindia.com/corporate/ixbrl/IT_15535_20260627_123412091_WEB.html
TCPLPACK,TCPL PACKAGING LIMITED,Urmila Kanoria,Promoter Group,2026-06-25,2026-06-27 12:34:12,27-Jun-2026 12:34:12,Equity,Sell,SELL,OTHER,4350.0,12528353.0,2880.0811494252875,121250,1.33%,116900,1.28%,25-06-2026,25-06-2026,Inter-se-Transfer,https://nsearchives.nseindia.com/corporate/ixbrl/IT_15535_20260627_123412091_WEB.html
TCPLPACK,TCPL PACKAGING LIMITED,Narmada Fintrade Private Limited,Promoter Group,2026-06-29,2026-06-30 15:05:56,30-Jun-2026 15:05:56,Equity,Buy,BUY,OTHER,36900.0,113599296.0,3078.571707317073,1910328,20.99%,1947228,21.40%,29-06-2026,29-06-2026,Inter-se-Transfer,https://nsearchives.nseindia.com/corporate/ixbrl/IT_15535_20260630_150556005_WEB.html
TCPLPACK,TCPL PACKAGING LIMITED,Urmila Kanoria,Promoter Group,2026-06-29,2026-06-30 15:05:56,30-Jun-2026 15:05:56,Equity,Sell,SELL,OTHER,36900.0,112738192.0,3055.2355555555555,116900,1.28%,80000,0.88%,29-06-2026,29-06-2026,Inter-se-Transfer,https://nsearchives.nseindia.com/corporate/ixbrl/IT_15535_20260630_150556005_WEB.html
TCPLPACK,TCPL PACKAGING LIMITED,Narmada Fintrade Private Limited,Promoter Group,2026-06-29,2026-06-30 15:22:00,30-Jun-2026 15:22:00,Equity,Buy,BUY,OTHER,36900.0,113599296.0,3078.571707317073,1910328,20.99%,1947228,21.40%,29-06-2026,29-06-2026,Inter-se-Transfer,https://nsearchives.nseindia.com/corporate/ixbrl/IT_15535_20260630_152200656_WEB.html
TCPLPACK,TCPL PACKAGING LIMITED,Urmila Kanoria,Promoter Group,2026-06-29,2026-06-30 15:22:00,30-Jun-2026 15:22:00,Equity,Sell,SELL,OTHER,36900.0,112738192.0,3055.2355555555555,116900,1.28%,80000,0.88%,29-06-2026,29-06-2026,Inter-se-Transfer,https://nsearchives.nseindia.com/corporate/ixbrl/IT_15535_20260630_152200656_WEB.html
TENNIND,Tenneco Clean Air India Limited,Tenneco Mauritius Holdings Limited,Promoter,2026-08-12,2026-08-14 14:38:16,14-Aug-2026 14:38:16,Equity,Sell,SELL,MARKET_SELL,50572736.0,26567438894.0,525.3312554416673,243045425,60.22%,192472689,47.69%,12-08-2026,12-08-2026,Market Sale,https://nsearchives.nseindia.com/corporate/ixbrl/IT_26440_20260814_143816658_WEB.html
TENNIND,Tenneco Clean Air India Limited,Tenneco (Mauritius) Limited,Promoter,2026-08-12,2026-08-14 14:38:16,14-Aug-2026 14:38:16,Equity,Sell,SELL,MARKET_SELL,9967910.0,5233152750.0,525.0,26734261,6.62%,16766351,4.15%,12-08-2026,12-08-2026,Market Sale,https://nsearchives.nseindia.com/corporate/ixbrl/IT_26440_20260814_143816658_WEB.html
THANGAMAYL,THANGAMYAYIL JEWELLERY LIMITED,THANGAMAYIL GOLD AND DIAMOND PRIVATE LIMITED,Promoter Group,2026-08-04,2026-08-06 10:49:08,06-Aug-2026 10:49:08,Equity,Buy,BUY,MARKET_BUY,3600.0,17318295.0,4810.6375,1698513,5.46%,1702113,5.48%,04-08-2026,04-08-2026,Market Purchase,https://nsearchives.nseindia.com/corporate/ixbrl/IT_3067_20260806_104908492_WEB.html
THANGAMAYL,THANGAMAYIL JEWELLERY LIMITED,BALUSAMY SILVEARS JEWELLERY PRIVATE LIMITED,Promoter Group,2026-08-06,2026-08-07 17:39:45,07-Aug-2026 17:39:45,Equity,Buy,BUY,MARKET_BUY,1080.0,5476270.0,5070.62037037037,545756,1.76%,546836,1.76%,06-08-2026,06-08-2026,Market Purchase,https://nsearchives.nseindia.com/corporate/ixbrl/IT_3067_20260807_173945153_WEB.html
THANGAMAYL,THANGAMAIYL JEWELLERY LIMITED,BALUSAMY SILVEARS JEWELLERY PRIVATE LIMITED,Promoter Group,2026-08-07,2026-08-11 12:22:42,11-Aug-2026 12:22:42,Equity,Buy,BUY,MARKET_BUY,1330.0,6982391.0,5249.918045112782,546836,1.76%,548166,1.76%,07-08-2026,07-08-2026,Market Purchase,https://nsearchives.nseindia.com/corporate/ixbrl/IT_3067_20260811_122242812_WEB.html
THANGAMAYL,THANGAMAYIL JEWELLERY LIMITED,THANGAMAYIL GOLD AND DIAMOND PRIVATE LIMITED,Promoter Group,2026-08-07,2026-08-11 12:49:29,11-Aug-2026 12:49:29,Equity,Buy,BUY,MARKET_BUY,4250.0,22398800.0,5270.305882352941,1702113,5.48%,1706363,5.49%,07-08-2026,07-08-2026,Market Purchase,https://nsearchives.nseindia.com/corporate/ixbrl/IT_3067_20260811_124929643_WEB.html
THANGAMAYL,THANGAMAYIL JEWELLERY LIMITED,NARAYANAN BALUSAMY KUMAR,Promoter,2026-08-24,2026-08-25 14:43:56,25-Aug-2026 14:43:56,Equity,Buy,BUY,MARKET_BUY,2675.0,14921891.0,5578.277009345795,5453497,17.55%,5456172,17.55%,24-08-2026,24-08-2026,Market Purchase,https://nsearchives.nseindia.com/corporate/ixbrl/IT_3067_20260825_144356651_WEB.html
THANGAMAYL,THANGAMAYIL JEWELLERY LIMITED,NARAYANAN BALUSAMY KUMAR,Promoter,2026-08-31,2026-09-01 17:23:46,01-Sep-2026 17:23:46,Equity,Buy,BUY,MARKET_BUY,925.0,4957111.0,5359.038918918919,5456172,17.55%,5457097,17.56%,31-08-2026,31-08-2026,Market Purchase,https://nsearchives.nseindia.com/corporate/ixbrl/IT_3067_20260901_172346316_WEB.html
THOMASCOOK,THOMAS COOK (INDIA) LIMITED,FAIRBRIDGE CAPITAL MAURITIUS LIMITED,Promoter,2026-06-08,2026-06-12 10:34:56,12-Jun-2026 10:34:56,Equity,Buy,BUY,MARKET_BUY,1360664.0,141178551.0,103.75710020989752,300258798,63.83%,301619462,64.12%,08-06-2026,08-06-2026,Market Purchase,https://nsearchives.nseindia.com/corporate/ixbrl/IT_20260612_103456089_WEB.html
THOMASCOOK,THOMAS COOK (INDIA) LIMITED,FAIRBRIDGE CAPITAL MAURITIUS LIMITED,Promoter,2026-06-09,2026-06-12 10:34:56,12-Jun-2026 10:34:56,Equity,Buy,BUY,MARKET_BUY,1383156.0,150683919.0,108.94209980652941,301619462,64.12%,303002618,64.42%,09-06-2026,09-06-2026,Market Purchase,https://nsearchives.nseindia.com/corporate/ixbrl/IT_20260612_103456089_WEB.html
THOMASCOOK,THOMAS COOK (INDIA) LIMITED,FAIRBRIDGE CAPITAL MAURITIUS LIMITED,Promoter,2026-06-10,2026-06-12 17:38:16,12-Jun-2026 17:38:16,Equity,Buy,BUY,MARKET_BUY,1606456.0,183763305.0,114.3904999576708,303002618,64.42%,304609074,64.76%,10-06-2026,10-06-2026,Market Purchase,https://nsearchives.nseindia.com/corporate/ixbrl/IT_20260612_173816029_WEB.html
THOMASCOOK,THOMAS COOK (INDIA) LIMITED,FAIRBRIDGE CAPITAL MAURITIUS LIMITED,Promoter,2026-06-11,2026-06-12 17:38:16,12-Jun-2026 17:38:16,Equity,Buy,BUY,MARKET_BUY,77341.0,8348760.0,107.94740176620421,304609074,64.76%,304686415,64.77%,11-06-2026,11-06-2026,Market Purchase,https://nsearchives.nseindia.com/corporate/ixbrl/IT_20260612_173816029_WEB.html
THYROCARE,Thyrocare Technologies Limited,Docon Technologies Private Limited,Promoter,2026-08-11,2026-08-13 17:34:30,13-Aug-2026 17:34:30,Equity,Pledge,OTHER,OTHER,17500000.0,10886750000.0,622.1,96969696,60.92%,96969696,60.92%,11-08-2026,11-08-2026,Pledge Release,https://nsearchives.nseindia.com/corporate/ixbrl/IT_13770_20260813_173430467_WEB.html
THYROCARE,Thyrocare Technologies Limited,Docon Technologies Private Limited,Promoter,2026-08-13,2026-08-13 17:34:30,13-Aug-2026 17:34:30,Equity,Sell,SELL,OTHER,13168657.0,8150539280.0,618.9347387512637,96969696,60.92%,83801039,52.65%,13-08-2026,13-08-2026,Block Deal,https://nsearchives.nseindia.com/corporate/ixbrl/IT_13770_20260813_173430467_WEB.html
THYROCARE,Thyrocare Technologies Limited,Docon Technologies Private Limited,Promoter,2026-08-13,2026-08-13 17:34:30,13-Aug-2026 17:34:30,Equity,Sell,SELL,MARKET_SELL,2601039.0,1628065198.0,625.928791532922,83801039,52.65%,81200000,51.02%,13-08-2026,13-08-2026,Market Sale,https://nsearchives.nseindia.com/corporate/ixbrl/IT_13770_20260813_173430467_WEB.html
THYROCARE,Thyrocare Technologies Limited,Docon Technologies Private Limited,Promoter,2026-08-17,2026-08-18 10:54:22,18-Aug-2026 10:54:22,Equity,Pledge,OTHER,OTHER,79469696.0,49159953946.0,618.6000000050334,81200000,51.02%,81200000,51.02%,17-08-2026,17-08-2026,Pledge Release,https://nsearchives.nseindia.com/corporate/ixbrl/IT_13770_20260818_105422722_WEB.html
TICL,TWAMEV CONSTRUCTION AND INFRASTRUCTURE LIMITED,SHRISH TAPURIA,Promoter,2026-06-30,2026-07-01 12:04:17,01-Jul-2026 12:04:17,Equity,Sell,SELL,MARKET_SELL,975000.0,1.0,1.0256410256410257e-06,8147260,5.26%,7172260,4.63%,30-06-2026,30-06-2026,Market Sale,https://nsearchives.nseindia.com/corporate/ixbrl/IT_22331_20260701_120417913_WEB.html
TICL,TWAMEV CONSTRUCTION AND INFRASTRUCTURE LIMITED,SHRISH TAPURIA,Promoter,2026-06-30,2026-07-01 12:21:02,01-Jul-2026 12:21:02,Equity,Sell,SELL,MARKET_SELL,975000.0,1.0,1.0256410256410257e-06,8147260,5.26%,7172260,4.63%,30-06-2026,30-06-2026,Market Sale,https://nsearchives.nseindia.com/corporate/ixbrl/IT_22331_20260701_122102143_WEB.html
TICL,TWAMEV CONSTRUCTION AND INFRASTRUCTURE LIMITED,RAVI TODI,Promoter,2026-06-30,2026-07-01 12:53:21,01-Jul-2026 12:53:21,Equity,Sell,SELL,MARKET_SELL,0.0,0.0,,49272278,31.79%,49272278,31.79%,22-06-2026,30-06-2026,Market Sale,https://nsearchives.nseindia.com/corporate/ixbrl/IT_22331_20260701_125321274_WEB.html
TICL,TWAMEV CONSTRUCTION AND INFRASTRUCTURE LIMITED,RAVI TODI,Promoter,2026-06-30,2026-07-01 13:00:13,01-Jul-2026 13:00:13,Equity,Sell,SELL,MARKET_SELL,0.0,0.0,,49272278,31.79%,49272278,31.79%,22-06-2026,30-06-2026,Market Sale,https://nsearchives.nseindia.com/corporate/ixbrl/IT_22331_20260701_130013452_WEB.html
TICL,TWAMEV CONSTRUCTION AND INFRASTRUCTURE LIMITED,Upendra Singh Constructions Private Limited,Promoter Group,2026-06-30,2026-07-07 15:35:17,07-Jul-2026 15:35:17,Equity,Sell,SELL,MARKET_SELL,1652777.0,0.0,0.0,18765717,12.11%,17112940,11.04%,10-06-2026,30-06-2026,Market Sale,https://nsearchives.nseindia.com/corporate/ixbrl/IT_22331_20260707_153517388_WEB.html
TIGERLOGS,Tiger Logistics (India) Limited,Brahma Suppliers Private Limited,Promoter Group,2026-06-04,2026-06-05 20:33:52,05-Jun-2026 20:33:52,Equity,Buy,BUY,MARKET_BUY,15322.0,508853.0,33.210612191619894,35000000,33.10%,35015322,33.12%,04-06-2026,04-06-2026,Market Purchase,https://nsearchives.nseindia.com/corporate/ixbrl/IT_20260605_203352505_WEB.html
TIGERLOGS,Tiger Logistics (India) Limited,Brahma Suppliers Private Limited,Promoter Group,2026-06-04,2026-06-05 20:33:52,05-Jun-2026 20:33:52,Equity,Buy,BUY,MARKET_BUY,4678.0,156522.0,33.45917058572039,35015322,33.12%,35020000,33.12%,04-06-2026,04-06-2026,Market Purchase,https://nsearchives.nseindia.com/corporate/ixbrl/IT_20260605_203352505_WEB.html
TIGERLOGS,Tiger Logistics (India) Limited,Brahma Suppliers Private Limited,Promoter Group,2026-06-05,2026-06-08 18:12:30,08-Jun-2026 18:12:30,Equity,Buy,BUY,MARKET_BUY,10000.0,348071.0,34.8071,35020000,33.12%,35030000,33.13%,05-06-2026,05-06-2026,Market Purchase,https://nsearchives.nseindia.com/corporate/ixbrl/IT_20260608_181230600_WEB.html
TIGERLOGS,Tiger Logistics (India) Limited,Brahma Suppliers Private Limited,Promoter Group,2026-06-10,2026-06-11 18:14:26,11-Jun-2026 18:14:26,Equity,Buy,BUY,MARKET_BUY,20000.0,722531.0,36.12655,35030000,33.13%,35050000,33.15%,10-06-2026,10-06-2026,Market Purchase,https://nsearchives.nseindia.com/corporate/ixbrl/IT_20260611_181426523_WEB.html
TIGERLOGS,Tiger Logistics (India) Limited,Brahma Suppliers Private Limited,Promoter Group,2026-06-15,2026-06-16 18:10:40,16-Jun-2026 18:10:40,Equity,Buy,BUY,MARKET_BUY,20000.0,705928.0,35.2964,35050000,33.15%,35070000,33.17%,15-06-2026,15-06-2026,Market Purchase,https://nsearchives.nseindia.com/corporate/ixbrl/IT_26474_20260616_181040558_WEB.html
TIGERLOGS,Tiger Logistics (India) Limited,Brahma Suppliers Private Limited,Promoter Group,2026-06-23,2026-06-24 18:38:22,24-Jun-2026 18:38:22,Equity,Buy,BUY,MARKET_BUY,20000.0,774000.0,38.7,35070000,33.17%,35090000,33.19%,23-06-2026,23-06-2026,Market Purchase,https://nsearchives.nseindia.com/corporate/ixbrl/IT_26474_20260624_183822530_WEB.html
TIGERLOGS,Tiger Logistics (India) Limited,Brahma Suppliers Private Limited,Promoter Group,2026-06-24,2026-06-25 17:54:39,25-Jun-2026 17:54:39,Equity,Buy,BUY,MARKET_BUY,19000.0,727320.0,38.28,35090000,33.19%,35109000,33.21%,24-06-2026,24-06-2026,Market Purchase,https://nsearchives.nseindia.com/corporate/ixbrl/IT_26474_20260625_175439702_WEB.html
TIGERLOGS,Tiger Logistics (India) Limited,Brahma Suppliers Private Limited,Promoter Group,2026-06-25,2026-06-26 16:33:07,26-Jun-2026 16:33:07,Equity,Buy,BUY,MARKET_BUY,20000.0,760800.0,38.04,35109000,33.21%,35129000,33.23%,25-06-2026,25-06-2026,Market Purchase,https://nsearchives.nseindia.com/corporate/ixbrl/IT_26474_20260626_163307897_WEB.html
TIGERLOGS,Tiger Logistics (India) Limited,Brahma Suppliers Private Limited,Promoter Group,2026-06-29,2026-06-30 20:08:13,30-Jun-2026 20:08:13,Equity,Buy,BUY,MARKET_BUY,25000.0,934500.0,37.38,35129000,33.23%,35154000,33.25%,29-06-2026,29-06-2026,Market Purchase,https://nsearchives.nseindia.com/corporate/ixbrl/IT_26474_20260630_200813429_WEB.html
TIGERLOGS,Tiger Logistics (India) Limited,Brahma Suppliers Private Limited,Promoter Group,2026-06-30,2026-06-30 20:08:13,30-Jun-2026 20:08:13,Equity,Buy,BUY,MARKET_BUY,25000.0,930750.0,37.23,35154000,33.25%,35179000,33.27%,30-06-2026,30-06-2026,Market Purchase,https://nsearchives.nseindia.com/corporate/ixbrl/IT_26474_20260630_200813429_WEB.html
TIGERLOGS,Tiger Logistics (India) Limited,Brahma Suppliers Private Limited,Promoter Group,2026-08-19,2026-08-20 20:20:08,20-Aug-2026 20:20:08,Equity,Buy,BUY,MARKET_BUY,25000.0,728000.0,29.12,35179000,33.27%,35204000,33.30%,19-08-2026,19-08-2026,Market Purchase,https://nsearchives.nseindia.com/corporate/ixbrl/IT_26474_20260820_202008480_WEB.html
TIGERLOGS,Tiger Logistics (India) Limited,Brahma Suppliers Private Limited,Promoter Group,2026-08-20,2026-08-20 20:20:08,20-Aug-2026 20:20:08,Equity,Buy,BUY,MARKET_BUY,25000.0,731000.0,29.24,35204000,33.30%,35229000,33.32%,20-08-2026,20-08-2026,Market Purchase,https://nsearchives.nseindia.com/corporate/ixbrl/IT_26474_20260820_202008480_WEB.html
TIGERLOGS,Tiger Logistics (India) Limited,Brahma Suppliers Private Limited,Promoter Group,2026-08-24,2026-08-25 19:19:21,25-Aug-2026 19:19:21,Equity,Buy,BUY,MARKET_BUY,25000.0,743750.0,29.75,35229000,33.32%,35254000,33.34%,24-08-2026,24-08-2026,Market Purchase,https://nsearchives.nseindia.com/corporate/ixbrl/IT_26474_20260825_191921374_WEB.html
TIMETECHNO,TIME TECHNOPLAST LIMITED,Time Securities Services Private Limited,Promoter,2026-06-23,2026-06-23 19:43:12,23-Jun-2026 19:43:12,Equity,Buy,BUY,OTHER,1000000.0,178024228.0,178.024228,84692772,17.16%,85692772,17.36%,23-06-2026,23-06-2026,Inter-se-Transfer,https://nsearchives.nseindia.com/corporate/ixbrl/IT_2609_20260623_194312428_WEB.html
TIMETECHNO,TIME TECHNOPLAST LIMITED,Raghupathy Thyagarajan,Promoter and Director,2026-06-23,2026-06-23 19:43:12,23-Jun-2026 19:43:12,Equity,Sell,SELL,OTHER,400000.0,71352000.0,178.38,9077500,1.84%,8677500,1.76%,23-06-2026,23-06-2026,Inter-se-Transfer,https://nsearchives.nseindia.com/corporate/ixbrl/IT_2609_20260623_194312428_WEB.html
TIMETECHNO,TIME TECHNOPLAST LIMITED,Naveen Kumar Jain,Promoter and Director,2026-06-23,2026-06-23 19:43:12,23-Jun-2026 19:43:12,Equity,Sell,SELL,OTHER,200000.0,35304000.0,176.52,8997500,1.82%,8797500,1.78%,23-06-2026,23-06-2026,Inter-se-Transfer,https://nsearchives.nseindia.com/corporate/ixbrl/IT_2609_20260623_194312428_WEB.html
TIMETECHNO,TIME TECHNOPLAST LIMITED,Vishal Anil Jain,Promoter Group,2026-06-23,2026-06-23 19:43:12,23-Jun-2026 19:43:12,Equity,Sell,SELL,OTHER,400000.0,71316000.0,178.29,599880,0.12%,199880,0.04%,23-06-2026,23-06-2026,Inter-se-Transfer,https://nsearchives.nseindia.com/corporate/ixbrl/IT_2609_20260623_194312428_WEB.html
TINNARUBR,TINNA RUBBER AND INFRASTRUCTURE LIMITED,Bhupinder Sekhri & Sons HUF,Promoter,2026-06-22,2026-06-24 17:21:57,24-Jun-2026 17:21:57,Equity,Sell,SELL,MARKET_SELL,65322.0,58313591.0,892.7098221119991,102511,0.57%,37189,0.21%,19-06-2026,22-06-2026,Market Sale,https://nsearchives.nseindia.com/corporate/ixbrl/IT_25068_20260624_172157717_WEB.html
TINNARUBR,TINNA RUBBER AND INFRASTRUCTURE LIMITED,Puja Sekhri,Promoter Group,2026-06-24,2026-06-25 18:44:16,25-Jun-2026 18:44:16,Equity,Sell,SELL,OTHER,578274.0,0.0,0.0,1648868,9.15%,1070594,5.94%,24-06-2026,24-06-2026,Inter-se-Transfer,https://nsearchives.nseindia.com/corporate/ixbrl/IT_25068_20260625_184416520_WEB.html
TINNARUBR,TINNA RUBBER AND INFRASTRUCTURE LIMITED,Gaurav Sekhri,Promoter and Director,2026-06-24,2026-06-25 18:44:16,25-Jun-2026 18:44:16,Equity,Buy,BUY,OTHER,578274.0,0.0,0.0,132600,0.74%,710874,3.95%,24-06-2026,24-06-2026,Inter-se-Transfer,https://nsearchives.nseindia.com/corporate/ixbrl/IT_25068_20260625_184416520_WEB.html
TINNARUBR,TINNA RUBBER AND INFRASTRUCTURE LIMITED,Keshav Sekhri,Promoter Group,2026-07-27,2026-07-28 17:38:52,28-Jul-2026 17:38:52,Equity,Buy,BUY,OTHER,179860.0,0.0,0.0,0,0.00%,179860,1.00%,27-07-2026,27-07-2026,Inter-se-Transfer,https://nsearchives.nseindia.com/corporate/ixbrl/IT_25068_20260728_173852814_WEB.html
TINNARUBR,TINNA RUBBER AND INFRASTRUCTURE LIMITED,Bhupinder Kumar Sekhri,Promoter and Director,2026-07-27,2026-07-28 17:38:52,28-Jul-2026 17:38:52,Equity,Sell,SELL,OTHER,179860.0,0.0,0.0,3616056,20.07%,3436196,19.07%,27-07-2026,27-07-2026,Inter-se-Transfer,https://nsearchives.nseindia.com/corporate/ixbrl/IT_25068_20260728_173852814_WEB.html
TIPSMUSIC,TIPS MUSIC LIMITED,Girish Kumar Taurani,Promoter Group,2026-06-30,2026-07-01 13:35:50,01-Jul-2026 13:35:50,Equity,Sell,SELL,OTHER,2500000.0,0.0,0.0,5943340,4.65%,3443340,2.69%,30-06-2026,30-06-2026,Off Market,https://nsearchives.nseindia.com/corporate/ixbrl/IT_1945_20260701_133550514_WEB.html
TIPSMUSIC,TIPS MUSIC LIMITED,Krsna Girish Taurani,Promoter Group,2026-06-30,2026-07-01 13:35:50,01-Jul-2026 13:35:50,Equity,Buy,BUY,OTHER,2500000.0,0.0,0.0,25000,0.02%,2525000,1.98%,30-06-2026,30-06-2026,Off Market,https://nsearchives.nseindia.com/corporate/ixbrl/IT_1945_20260701_133550514_WEB.html
TIRUMALCHM,Thirumalai Chemicals Limited,RAMYA BHARATHRAM,Promoter Group,2026-07-03,2026-07-07 21:40:52,07-Jul-2026 21:40:52,Equity,Sell,SELL,OTHER,40000.0,7388000.0,184.7,395811,0.33%,355811,0.30%,03-07-2026,03-07-2026,Inter-se-Transfer,https://nsearchives.nseindia.com/corporate/ixbrl/IT_442_20260707_214052590_WEB.html
TIRUMALCHM,Thirumalai Chemicals Limited,Uttara and Mukund Family Trust,Promoter Group,2026-07-03,2026-07-07 21:40:52,07-Jul-2026 21:40:52,Equity,Buy,BUY,OTHER,40000.0,7388000.0,184.7,5067,0.00%,45067,0.04%,03-07-2026,03-07-2026,Inter-se-Transfer,https://nsearchives.nseindia.com/corporate/ixbrl/IT_442_20260707_214052590_WEB.html
TRUALT,TRUALT BIOENERGY LIMITED,NIRANI HOLDINGS PRIVATE LIMITED,Promoter Group,2026-08-05,2026-08-07 15:32:32,07-Aug-2026 15:32:32,Equity,Buy,BUY,MARKET_BUY,21600.0,10000363.0,462.97976851851854,1223830,1.43%,1245430,1.45%,05-08-2026,05-08-2026,Market Purchase,https://nsearchives.nseindia.com/corporate/ixbrl/IT_24291_20260807_153232932_WEB.html
TRUALT,TRUALT BIOENERGY LIMITED,NIRANI HOLDINGS PRIVATE LIMITED,Promoter Group,2026-08-05,2026-08-07 15:32:53,07-Aug-2026 15:32:53,Equity,Buy,BUY,MARKET_BUY,21600.0,10000363.0,462.97976851851854,1223830,1.43%,1245430,1.45%,05-08-2026,05-08-2026,Market Purchase,https://nsearchives.nseindia.com/corporate/ixbrl/IT_24291_20260807_153253079_WEB.html
TRUALT,TRUALT BIOENERGY LIMITED,NIRANI HOLDINGS PRIVATE LIMITED,Promoter Group,2026-08-07,2026-08-07 20:26:38,07-Aug-2026 20:26:38,Equity,Buy,BUY,MARKET_BUY,91705.0,43664418.0,476.13999236682844,1245430,1.45%,1337135,1.56%,07-08-2026,07-08-2026,Market Purchase,https://nsearchives.nseindia.com/corporate/ixbrl/IT_24291_20260807_202638399_WEB.html
TRUALT,TRUALT BIOENERGY LIMITED,NIRANI HOLDINGS PRIVATE LIMITED,Promoter Group,2026-08-07,2026-08-07 20:34:49,07-Aug-2026 20:34:49,Equity,Buy,BUY,MARKET_BUY,91705.0,43664418.0,476.13999236682844,1245430,1.45%,1337135,1.56%,07-08-2026,07-08-2026,Market Purchase,https://nsearchives.nseindia.com/corporate/ixbrl/IT_24291_20260807_203449321_WEB.html
TRUALT,TRUALT BIOENERGY LIMITED,NIRANI HOLDINGS PRIVATE LIMITED,Promoter Group,2026-08-10,2026-08-10 19:03:48,10-Aug-2026 19:03:48,Equity,Buy,BUY,MARKET_BUY,57801.0,27638126.0,478.1599972318818,1337135,1.56%,1394936,1.63%,10-08-2026,10-08-2026,Market Purchase,https://nsearchives.nseindia.com/corporate/ixbrl/IT_24291_20260810_190347981_WEB.html
TRUALT,TRUALT BIOENERGY LIMITED,NIRANI HOLDINGS PRIVATE LIMITED,Promoter Group,2026-08-10,2026-08-10 19:07:20,10-Aug-2026 19:07:20,Equity,Buy,BUY,MARKET_BUY,57801.0,27638126.0,478.1599972318818,1337135,1.56%,1394936,1.63%,10-08-2026,10-08-2026,Market Purchase,https://nsearchives.nseindia.com/corporate/ixbrl/IT_24291_20260810_190720578_WEB.html
TRUALT,TRUALT BIOENERGY LIMITED,NIRANI HOLDINGS PRIVATE LIMITED,Promoter Group,2026-08-11,2026-08-12 14:55:22,12-Aug-2026 14:55:22,Equity,Buy,BUY,MARKET_BUY,24200.0,11576796.0,478.38,1394936,1.63%,1419136,1.65%,11-08-2026,11-08-2026,Market Purchase,https://nsearchives.nseindia.com/corporate/ixbrl/IT_24291_20260812_145522890_WEB.html
TRUALT,TRUALT BIOENERGY LIMITED,NIRANI HOLDINGS PRIVATE LIMITED,Promoter Group,2026-08-12,2026-08-13 14:39:22,13-Aug-2026 14:39:22,Equity,Buy,BUY,MARKET_BUY,20000.0,9351200.0,467.56,1419136,1.65%,1439136,1.68%,12-08-2026,12-08-2026,Market Purchase,https://nsearchives.nseindia.com/corporate/ixbrl/IT_24291_20260813_143922650_WEB.html
TTL,T T LIMITED,SANJAY KUMAR JAIN,Promoter Group,2026-06-18,2026-06-19 17:54:32,19-Jun-2026 17:54:32,Equity,Buy,BUY,MARKET_BUY,54300.0,376638.0,6.936243093922652,5988795,2.31%,6043095,2.33%,17-06-2026,18-06-2026,Market Purchase,https://nsearchives.nseindia.com/corporate/ixbrl/IT_2534_20260619_175432581_WEB.html
TTL,T T LIMITED,SANJAY KUMAR JAIN,Promoter Group,2026-06-29,2026-06-30 19:06:47,30-Jun-2026 19:06:47,Equity,Buy,BUY,MARKET_BUY,34251.0,236674.0,6.909988029546582,6043095,2.33%,6077346,2.35%,24-06-2026,29-06-2026,Market Purchase,https://nsearchives.nseindia.com/corporate/ixbrl/IT_2534_20260630_190647041_WEB.html
TTL,T T LIMITED,SANJAY KUMAR JAIN,Promoter Group,2026-08-12,2026-08-13 18:37:09,13-Aug-2026 18:37:09,Equity,Buy,BUY,MARKET_BUY,14202.0,83648.0,5.889874665540065,6077346,2.35%,6091548,2.36%,12-08-2026,12-08-2026,Market Purchase,https://nsearchives.nseindia.com/corporate/ixbrl/IT_2534_20260813_183709639_WEB.html
TTL,T T LIMITED,T. T. BRANDS LIMITED,Promoter Group,2026-08-13,2026-08-13 18:53:52,13-Aug-2026 18:53:52,Equity,Buy,BUY,MARKET_BUY,77385.0,466963.0,6.034283129805518,88961322,34.44%,89038707,34.47%,12-08-2026,13-08-2026,Market Purchase,https://nsearchives.nseindia.com/corporate/ixbrl/IT_2534_20260813_185352320_WEB.html
TTL,T T LIMITED,T. T. BRANDS LIMITED,Promoter Group,2026-08-18,2026-08-18 18:49:34,18-Aug-2026 18:49:34,Equity,Buy,BUY,MARKET_BUY,127200.0,804339.0,6.323419811320755,89038707,34.47%,89165907,34.52%,17-08-2026,18-08-2026,Market Purchase,https://nsearchives.nseindia.com/corporate/ixbrl/IT_2534_20260818_184934159_WEB.html
TTL,T T LIMITED,T. T. BRANDS LIMITED,Promoter Group,2026-08-20,2026-08-20 19:02:46,20-Aug-2026 19:02:46,Equity,Buy,BUY,MARKET_BUY,67775.0,437467.0,6.454695684249354,89165907,34.52%,89233682,34.55%,19-08-2026,20-08-2026,Market Purchase,https://nsearchives.nseindia.com/corporate/ixbrl/IT_2534_20260820_190246785_WEB.html
TTL,T T LIMITED,T. T. BRANDS LIMITED,Promoter Group,2026-08-21,2026-08-22 16:34:11,22-Aug-2026 16:34:11,Equity,Buy,BUY,MARKET_BUY,85474.0,557102.0,6.5177948849942675,89233682,34.55%,89319156,34.58%,21-08-2026,21-08-2026,Market Purchase,https://nsearchives.nseindia.com/corporate/ixbrl/IT_2534_20260822_163411819_WEB.html
TTL,T T LIMITED,T. T. BRANDS LIMITED,Promoter Group,2026-08-25,2026-08-25 17:52:12,25-Aug-2026 17:52:12,Equity,Buy,BUY,MARKET_BUY,93044.0,601368.0,6.46326469197369,89319156,34.58%,89412200,34.61%,24-08-2026,25-08-2026,Market Purchase,https://nsearchives.nseindia.com/corporate/ixbrl/IT_2534_20260825_175212686_WEB.html
TTL,T T LIMITED,T. T. BRANDS LIMITED,Promoter Group,2026-08-27,2026-08-27 18:36:36,27-Aug-2026 18:36:36,Equity,Buy,BUY,MARKET_BUY,166620.0,1097839.0,6.5888788860881045,89412200,34.61%,89578820,34.67%,26-08-2026,27-08-2026,Market Purchase,https://nsearchives.nseindia.com/corporate/ixbrl/IT_2534_20260827_183636348_WEB.html
TTL,T T LIMITED,T. T. BRANDS LIMITED,Promoter Group,2026-08-28,2026-08-29 18:49:09,29-Aug-2026 18:49:09,Equity,Buy,BUY,MARKET_BUY,40600.0,269797.0,6.645246305418719,89578820,34.67%,89619420,34.69%,28-08-2026,28-08-2026,Market Purchase,https://nsearchives.nseindia.com/corporate/ixbrl/IT_2534_20260829_184909376_WEB.html
TTL,T T LIMITED,T. T. BRANDS LIMITED,Promoter Group,2026-09-01,2026-09-01 18:43:02,01-Sep-2026 18:43:02,Equity,Buy,BUY,MARKET_BUY,160741.0,1070092.0,6.657243640390441,89619420,34.69%,89780161,34.75%,31-08-2026,01-09-2026,Market Purchase,https://nsearchives.nseindia.com/corporate/ixbrl/IT_2534_20260901_184302399_WEB.html
TTL,T T LIMITED,T. T. BRANDS LIMITED,Promoter Group,2026-09-03,2026-09-03 18:55:32,03-Sep-2026 18:55:32,Equity,Buy,BUY,MARKET_BUY,212896.0,1444877.0,6.786773823838869,89780161,34.76%,89993057,34.84%,02-09-2026,03-09-2026,Market Purchase,https://nsearchives.nseindia.com/corporate/ixbrl/IT_2534_20260903_185532381_WEB.html
TVSHLTD,TVS HOLDINGS LIMITED,"VS Trust (Venu Srinivasan, Trustee)",Promoter,2026-07-07,2026-07-09 16:27:55,09-Jul-2026 16:27:55,Equity,Pledge,OTHER,OTHER,420400.0,5966737200.0,14193.0,13464665,66.55%,13464665,66.55%,07-07-2026,07-07-2026,Others,https://nsearchives.nseindia.com/corporate/ixbrl/IT_6193_20260709_162755804_WEB.html
UDS,UPDATER SERVICES LIMITED,Anjan Sarma,Promoter,2026-06-30,2026-07-01 18:03:14,01-Jul-2026 18:03:14,Equity,Sell,SELL,OTHER,2344025.0,0.0,0.0,2344025,3.50%,0,0.00%,30-06-2026,30-06-2026,Gift,https://nsearchives.nseindia.com/corporate/ixbrl/IT_21897_20260701_180314222_WEB.html
UDS,UPDATER SERVICES LIMITED,Tangirala Venkata Subbiah Sarma,Promoter,2026-06-30,2026-07-01 18:03:14,01-Jul-2026 18:03:14,Equity,Buy,BUY,OTHER,2344025.0,0.0,0.0,0,0.00%,2344025,3.50%,30-06-2026,30-06-2026,Gift,https://nsearchives.nseindia.com/corporate/ixbrl/IT_21897_20260701_180314222_WEB.html
UDS,UPDATER SERVICES LIMITED,Anjan Sarma,Promoter,2026-06-30,2026-07-01 19:05:23,01-Jul-2026 19:05:23,Equity,Sell,SELL,OTHER,2344025.0,0.0,0.0,2344025,3.50%,0,0.00%,30-06-2026,30-06-2026,Gift,https://nsearchives.nseindia.com/corporate/ixbrl/IT_21897_20260701_190523458_WEB.html
UDS,UPDATER SERVICES LIMITED,Tangirala Venkata Subbiah Sarma,Promoter,2026-06-30,2026-07-01 19:05:23,01-Jul-2026 19:05:23,Equity,Buy,BUY,OTHER,2344025.0,0.0,0.0,0,0.00%,2344025,3.50%,30-06-2026,30-06-2026,Gift,https://nsearchives.nseindia.com/corporate/ixbrl/IT_21897_20260701_190523458_WEB.html
UMAEXPORTS,Uma Exports Limited,Sumitra Devi Khemuka,Promoter,2026-06-17,2026-06-18 18:34:36,18-Jun-2026 18:34:36,Equity,Sell,SELL,MARKET_SELL,179483.0,4312768.0,24.028838385808125,2576800,7.62%,2397317,7.09%,17-06-2026,17-06-2026,Market Sale,https://nsearchives.nseindia.com/corporate/ixbrl/IT_20022_20260618_183436706_WEB.html
UMAEXPORTS,Uma Exports Limited,Sumitra Devi Khemuka,Promoter,2026-06-17,2026-06-18 18:36:58,18-Jun-2026 18:36:58,Equity,Sell,SELL,MARKET_SELL,179483.0,4312768.0,24.028838385808125,2576800,7.62%,2397317,7.09%,17-06-2026,17-06-2026,Market Sale,https://nsearchives.nseindia.com/corporate/ixbrl/IT_20022_20260618_183658356_WEB.html
UMAEXPORTS,Uma Exports Limited,Sumitra Devi Khemuka,Promoter,2026-06-19,2026-06-20 17:33:48,20-Jun-2026 17:33:48,Equity,Sell,SELL,MARKET_SELL,110000.0,2530742.0,23.006745454545456,2397317,7.09%,2287317,6.77%,19-06-2026,19-06-2026,Market Sale,https://nsearchives.nseindia.com/corporate/ixbrl/IT_20022_20260620_173348388_WEB.html
UMAEXPORTS,Uma Exports Limited,Sumitra Devi Khemuka,Promoter,2026-06-23,2026-06-24 20:10:51,24-Jun-2026 20:10:51,Equity,Sell,SELL,MARKET_SELL,150000.0,3309913.0,22.066086666666667,2287317,6.77%,2137317,6.33%,23-06-2026,23-06-2026,Market Sale,https://nsearchives.nseindia.com/corporate/ixbrl/IT_20022_20260624_201051744_WEB.html
UMAEXPORTS,Uma Exports Limited,Sumitra Devi Khemuka,Promoter,2026-06-23,2026-06-24 20:34:15,24-Jun-2026 20:34:15,Equity,Sell,SELL,MARKET_SELL,150000.0,3309913.0,22.066086666666667,2287317,6.77%,2137317,6.33%,23-06-2026,23-06-2026,Market Sale,https://nsearchives.nseindia.com/corporate/ixbrl/IT_20022_20260624_203415738_WEB.html
UMAEXPORTS,Uma Exports Limited,Sumitra Devi Khemuka,Promoter,2026-06-24,2026-06-25 18:02:17,25-Jun-2026 18:02:17,Equity,Sell,SELL,MARKET_SELL,105000.0,2263308.0,21.555314285714285,2137317,6.33%,2032317,6.02%,24-06-2026,24-06-2026,Market Sale,https://nsearchives.nseindia.com/corporate/ixbrl/IT_20022_20260625_180217714_WEB.html
UMAEXPORTS,Uma Exports Limited,Sumitra Devi Khemuka,Promoter,2026-06-24,2026-06-25 18:47:27,25-Jun-2026 18:47:27,Equity,Sell,SELL,MARKET_SELL,105000.0,2263308.0,21.555314285714285,2137317,6.33%,2032317,6.02%,24-06-2026,24-06-2026,Market Sale,https://nsearchives.nseindia.com/corporate/ixbrl/IT_20022_20260625_184727271_WEB.html
USHAMART,USHA MARTIN LIMITED,Peterhouse Investments India Limited,Promoter Group,2026-06-18,2026-06-20 16:37:18,20-Jun-2026 16:37:18,Equity,Sell,SELL,MARKET_SELL,816.0,408000.0,500.0,1696529,0.56%,1695713,0.56%,18-06-2026,18-06-2026,Market Sale,https://nsearchives.nseindia.com/corporate/ixbrl/IT_1938_20260620_163718500_WEB.html
UYFINCORP,U. Y. Fincorp Limited,Dipti Deepak Kothari,Promoter Group,2026-08-17,2026-08-20 17:49:28,20-Aug-2026 17:49:28,Equity,Buy,BUY,MARKET_BUY,36123.0,768438.0,21.272817872269744,3689002,1.94%,3725125,1.96%,17-08-2026,17-08-2026,Market Purchase,https://nsearchives.nseindia.com/corporate/ixbrl/IT_21090_20260820_174928450_WEB.html
UYFINCORP,U. Y. Fincorp Limited,Dipti Deepak Kothari,Promoter Group,2026-08-19,2026-08-20 17:49:28,20-Aug-2026 17:49:28,Equity,Buy,BUY,MARKET_BUY,50000.0,1036722.0,20.73444,3725125,1.96%,3775125,1.98%,19-08-2026,19-08-2026,Market Purchase,https://nsearchives.nseindia.com/corporate/ixbrl/IT_21090_20260820_174928450_WEB.html
UYFINCORP,U. Y. Fincorp Limited,Dipti Deepak Kothari,Promoter Group,2026-08-19,2026-08-20 17:49:28,20-Aug-2026 17:49:28,Equity,Buy,BUY,MARKET_BUY,150000.0,3155173.0,21.034486666666666,3775125,1.98%,3925125,2.06%,19-08-2026,19-08-2026,Market Purchase,https://nsearchives.nseindia.com/corporate/ixbrl/IT_21090_20260820_174928450_WEB.html
VARROC,Varroc Engineering Limited,Tarang Jain,Promoter,2026-06-29,2026-06-30 12:54:37,30-Jun-2026 12:54:37,Equity,Sell,SELL,OTHER,5000.0,0.0,0.0,60729800,39.75%,60724800,39.75%,29-06-2026,29-06-2026,Inter-se-Transfer,https://nsearchives.nseindia.com/corporate/ixbrl/IT_16405_20260630_125437734_WEB.html
VARROC,Varroc Engineering Limited,Tarang Jain,Promoter,2026-06-29,2026-06-30 12:55:39,30-Jun-2026 12:55:39,Equity,Sell,SELL,OTHER,5000.0,0.0,0.0,60729800,39.75%,60724800,39.75%,29-06-2026,29-06-2026,Inter-se-Transfer,https://nsearchives.nseindia.com/corporate/ixbrl/IT_16405_20260630_125539767_WEB.html
VIKRAMSOLR,VIKRAM SOLAR LIMITED,Vikram India Limited,Promoter Group,2026-06-04,2026-06-09 18:11:00,09-Jun-2026 18:11:00,Equity,Pledge,OTHER,OTHER,3000000.0,643620000.0,214.54,9991750,2.76%,9991750,2.76%,04-06-2026,04-06-2026,Pledge Creation,https://nsearchives.nseindia.com/corporate/ixbrl/IT_20260609_181100434_WEB.html
VINCOFE,Vintage Coffee And Beverages Limited,Tati Sai Teja,Promoter and Director,2026-07-07,2026-07-09 14:28:26,09-Jul-2026 14:28:26,Equity,Buy,BUY,OTHER,800000.0,99200000.0,124.0,1627025,1.12%,2427025,1.66%,07-07-2026,07-07-2026,Conversion of security,https://nsearchives.nseindia.com/corporate/ixbrl/IT_24345_20260709_142826802_WEB.html
VINCOFE,Vintage Coffee And Beverages Limited,Tati Sai Teja,Promoter and Director,2026-07-07,2026-07-09 14:30:36,09-Jul-2026 14:30:36,Equity,Buy,BUY,OTHER,800000.0,99200000.0,124.0,1627025,1.12%,2427025,1.66%,07-07-2026,07-07-2026,Conversion of security,https://nsearchives.nseindia.com/corporate/ixbrl/IT_24345_20260709_143036250_WEB.html
VISAKAIND,Visaka Industries Limited,VIGILANCE SECURITY SERVICES PRIVATE LIMITED,Promoter Group,2026-06-04,2026-06-08 17:21:48,08-Jun-2026 17:21:48,Equity,Buy,BUY,MARKET_BUY,7842.0,562086.0,71.67635807192043,4169120,4.83%,4176962,4.83%,04-06-2026,04-06-2026,Market Purchase,https://nsearchives.nseindia.com/corporate/ixbrl/IT_20260608_172148598_WEB.html
VISAKAIND,Visaka Industries Limited,VIGILANCE SECURITY SERVICES PRIVATE LIMITED,Promoter Group,2026-06-05,2026-06-08 17:21:48,08-Jun-2026 17:21:48,Equity,Buy,BUY,MARKET_BUY,7000.0,508985.0,72.71214285714285,4176962,4.83%,4183962,4.84%,05-06-2026,05-06-2026,Market Purchase,https://nsearchives.nseindia.com/corporate/ixbrl/IT_20260608_172148598_WEB.html
VISAKAIND,Visaka Industries Limited,VIGILANCE SECURITY SERVICES PRIVATE LIMITED,Promoter Group,2026-06-08,2026-06-09 13:05:24,09-Jun-2026 13:05:24,Equity,Buy,BUY,MARKET_BUY,1883.0,135847.0,72.14391927774827,4183962,4.84%,4185845,4.84%,08-06-2026,08-06-2026,Market Purchase,https://nsearchives.nseindia.com/corporate/ixbrl/IT_20260609_130524777_WEB.html
VISAKAIND,Visaka Industries Limited,VIGILANCE SECURITY SERVICES PRIVATE LIMITED,Promoter Group,2026-06-08,2026-06-09 13:05:24,09-Jun-2026 13:05:24,Equity,Buy,BUY,MARKET_BUY,36217.0,2612837.0,72.14393792970152,4185845,4.84%,4222062,4.89%,08-06-2026,08-06-2026,Market Purchase,https://nsearchives.nseindia.com/corporate/ixbrl/IT_20260609_130524777_WEB.html
VISAKAIND,Visaka Industries Limited,VIGILANCE SECURITY SERVICES PRIVATE LIMITED,Promoter Group,2026-06-09,2026-06-10 12:55:54,10-Jun-2026 12:55:54,Equity,Buy,BUY,MARKET_BUY,43214.0,3177597.0,73.53165640764567,4222062,4.89%,4265276,4.94%,09-06-2026,09-06-2026,Market Purchase,https://nsearchives.nseindia.com/corporate/ixbrl/IT_20260610_125554538_WEB.html
VISAKAIND,Visaka Industries Limited,VIGILANCE SECURITY SERVICES PRIVATE LIMITED,Promoter Group,2026-06-15,2026-06-16 11:48:14,16-Jun-2026 11:48:14,Equity,Buy,BUY,MARKET_BUY,38400.0,2945151.0,76.696640625,4265276,4.94%,4303676,4.98%,15-06-2026,15-06-2026,Market Purchase,https://nsearchives.nseindia.com/corporate/ixbrl/IT_1388_20260616_114814658_WEB.html
VISAKAIND,Visaka Industries Limited,VIGILANCE SECURITY SERVICES PRIVATE LIMITED,Promoter Group,2026-06-16,2026-06-17 12:50:26,17-Jun-2026 12:50:26,Equity,Buy,BUY,MARKET_BUY,450.0,34403.0,76.45111111111112,4303676,4.98%,4304126,4.98%,16-06-2026,16-06-2026,Market Purchase,https://nsearchives.nseindia.com/corporate/ixbrl/IT_1388_20260617_125026635_WEB.html
VISAKAIND,Visaka Industries Limited,VIGILANCE SECURITY SERVICES PRIVATE LIMITED,Promoter Group,2026-06-18,2026-06-19 13:54:16,19-Jun-2026 13:54:16,Equity,Buy,BUY,MARKET_BUY,43.0,3323.0,77.27906976744185,4304126,4.98%,4304169,4.98%,18-06-2026,18-06-2026,Market Purchase,https://nsearchives.nseindia.com/corporate/ixbrl/IT_1388_20260619_135416577_WEB.html
VIVIANA,VIVIANA POWER TECH LIMITED,Richi Nikeshbhai Choksi,Promoter and Director,2026-06-19,2026-06-20 16:08:22,20-Jun-2026 16:08:22,Equity,Buy,BUY,MARKET_BUY,2101.0,1664245.0,792.1204188481676,198400,1.96%,200501,1.98%,19-06-2026,19-06-2026,Market Purchase,https://nsearchives.nseindia.com/corporate/ixbrl/IT_20783_20260620_160822581_WEB.html
VIVIANA,VIVIANA POWER TECH LIMITED,Priyanka Richi Choksi,Promoter and Director,2026-06-19,2026-06-20 16:08:22,20-Jun-2026 16:08:22,Equity,Buy,BUY,MARKET_BUY,8742.0,7120272.0,814.4900480439259,198600,1.96%,207342,2.05%,19-06-2026,19-06-2026,Market Purchase,https://nsearchives.nseindia.com/corporate/ixbrl/IT_20783_20260620_160822581_WEB.html
VIVIANA,VIVIANA POWER TECH LIMITED,Priyanka Richi Choksi,Promoter and Director,2026-06-29,2026-06-30 10:58:27,30-Jun-2026 10:58:27,Equity,Buy,BUY,MARKET_BUY,4379.0,3623803.0,827.541219456497,207420,2.05%,211799,2.09%,25-06-2026,29-06-2026,Market Purchase,https://nsearchives.nseindia.com/corporate/ixbrl/IT_20783_20260630_105827892_WEB.html
VMSTMT,VMS TMT LIMITED,Sunny Sunil Singhi,Promoter Group,2026-06-22,2026-06-24 17:37:02,24-Jun-2026 17:37:02,Equity,Buy,BUY,OTHER,1322154.0,59496930.0,45.0,250,0.00%,1322404,2.66%,22-06-2026,22-06-2026,Off Market,https://nsearchives.nseindia.com/corporate/ixbrl/IT_24632_20260624_173702537_WEB.html
VMSTMT,VMS TMT LIMITED,Varun Manojkumar Jain,Promoter,2026-06-22,2026-06-24 17:37:02,24-Jun-2026 17:37:02,Equity,Sell,SELL,OTHER,1322154.0,59496930.0,45.0,8500000,17.13%,7177846,14.46%,22-06-2026,22-06-2026,Off Market,https://nsearchives.nseindia.com/corporate/ixbrl/IT_24632_20260624_173702537_WEB.html
VPRPL,VISHNU PRAKASH R PUNGLIA LIMITED,Anil Punglia,Promoter Group,2026-06-03,2026-06-12 19:24:32,12-Jun-2026 19:24:32,Equity,Pledge Invoke,OTHER,OTHER,730000.0,25039000.0,34.3,3300000,2.65%,2570000,2.06%,03-06-2026,03-06-2026,Invocation of pledge,https://nsearchives.nseindia.com/corporate/ixbrl/IT_20260612_192432546_WEB.html
VPRPL,VISHNU PRAKASH R PUNGLIA LIMITED,Pushpa Devi Pungalia,Promoter Group,2026-06-03,2026-06-12 19:24:32,12-Jun-2026 19:24:32,Equity,Pledge Invoke,OTHER,OTHER,860000.0,29498000.0,34.3,3395493,2.72%,2535493,2.03%,03-06-2026,03-06-2026,Invocation of pledge,https://nsearchives.nseindia.com/corporate/ixbrl/IT_20260612_192432546_WEB.html
VPRPL,VISHNU PRAKASH R PUNGLIA LIMITED,Pushpa Pungalia,Promoter Group,2026-06-03,2026-06-12 19:24:32,12-Jun-2026 19:24:32,Equity,Pledge Invoke,OTHER,OTHER,3200000.0,109760000.0,34.3,3490000,2.80%,290000,0.23%,03-06-2026,03-06-2026,Invocation of pledge,https://nsearchives.nseindia.com/corporate/ixbrl/IT_20260612_192432546_WEB.html
VPRPL,VISHNU PRAKASH R PUNGLIA LIMITED,Vishnu Prakash Punglia,Promoter,2026-06-03,2026-06-12 19:24:32,12-Jun-2026 19:24:32,Equity,Pledge Invoke,OTHER,OTHER,3409000.0,116928700.0,34.3,10675000,8.65%,7266000,5.83%,03-06-2026,03-06-2026,Invocation of pledge,https://nsearchives.nseindia.com/corporate/ixbrl/IT_20260612_192432546_WEB.html
VPRPL,VISHNU PRAKASH R PUNGLIA LIMITED,AJAY PUNGALIYA,Promoter and Director,2026-06-09,2026-06-16 20:31:25,16-Jun-2026 20:31:25,Equity,Pledge,OTHER,OTHER,175000.0,4639250.0,26.51,6650000,5.34%,6650000,5.34%,09-06-2026,09-06-2026,Pledge Creation,https://nsearchives.nseindia.com/corporate/ixbrl/IT_21894_20260616_203125365_WEB.html
VPRPL,VISHNU PRAKASH R PUNGLIA LIMITED,AJAY PUNGALIYA,Promoter and Director,2026-06-09,2026-06-16 20:31:29,16-Jun-2026 20:31:29,Equity,Pledge,OTHER,OTHER,175000.0,4639250.0,26.51,6650000,5.34%,6650000,5.34%,09-06-2026,09-06-2026,Pledge Creation,https://nsearchives.nseindia.com/corporate/ixbrl/IT_21894_20260616_203129267_WEB.html
VPRPL,VISHNU PRAKASH R PUNGLIA LIMITED,POOJA PUNGLIA,Promoter Group,2026-06-12,2026-06-16 20:31:25,16-Jun-2026 20:31:25,Equity,Pledge,OTHER,OTHER,700000.0,19432000.0,27.76,1405000,1.13%,1405000,1.13%,12-06-2026,12-06-2026,Pledge Creation,https://nsearchives.nseindia.com/corporate/ixbrl/IT_21894_20260616_203125365_WEB.html
VPRPL,VISHNU PRAKASH R PUNGLIA LIMITED,POOJA PUNGLIA,Promoter Group,2026-06-12,2026-06-16 20:31:29,16-Jun-2026 20:31:29,Equity,Pledge,OTHER,OTHER,700000.0,19432000.0,27.76,1405000,1.13%,1405000,1.13%,12-06-2026,12-06-2026,Pledge Creation,https://nsearchives.nseindia.com/corporate/ixbrl/IT_21894_20260616_203129267_WEB.html
VPRPL,VISHNU PRAKASH R PUNGLIA LIMITED,Pooja Punglia,Promoter Group,2026-06-23,2026-06-30 18:06:06,30-Jun-2026 18:06:06,Equity,Pledge,OTHER,OTHER,100000.0,3024000.0,30.24,1405000,1.13%,1405000,1.13%,23-06-2026,23-06-2026,Pledge Creation,https://nsearchives.nseindia.com/corporate/ixbrl/IT_21894_20260630_180606592_WEB.html
VPRPL,VISHNU PRAKASH R PUNGLIA LIMITED,Pushpa Devi Punglia,Promoter Group,2026-06-23,2026-06-30 18:06:06,30-Jun-2026 18:06:06,Equity,Pledge,OTHER,OTHER,100000.0,3024000.0,30.24,2535493,2.03%,2535493,2.03%,23-06-2026,23-06-2026,Pledge Creation,https://nsearchives.nseindia.com/corporate/ixbrl/IT_21894_20260630_180606592_WEB.html
VPRPL,VISHNU PRAKASH R PUNGLIA LIMITED,Sanjay Kumar Punglia,Promoter,2026-06-23,2026-06-30 18:06:06,30-Jun-2026 18:06:06,Equity,Pledge,OTHER,OTHER,50000.0,1512000.0,30.24,5349883,4.29%,5349883,4.29%,23-06-2026,23-06-2026,Pledge Creation,https://nsearchives.nseindia.com/corporate/ixbrl/IT_21894_20260630_180606592_WEB.html
VPRPL,VISHNU PRAKASH R PUNGLIA LIMITED,Anil Punglia,Promoter Group,2026-07-07,2026-07-13 18:59:44,13-Jul-2026 18:59:44,Equity,Pledge Revoke,OTHER,OTHER,1640000.0,27850000.0,16.98170731707317,2570000,2.06%,2570000,2.06%,07-07-2026,07-07-2026,Pledge Release,https://nsearchives.nseindia.com/corporate/ixbrl/IT_21894_20260713_185944558_WEB.html
VPRPL,VISHNU PRAKASH R PUNGLIA LIMITED,Vijay Punglia,Promoter Group,2026-07-07,2026-07-13 18:59:44,13-Jul-2026 18:59:44,Equity,Pledge Revoke,OTHER,OTHER,2560000.0,41775000.0,16.318359375,4515000,3.62%,4515000,3.62%,07-07-2026,07-07-2026,Pledge Release,https://nsearchives.nseindia.com/corporate/ixbrl/IT_21894_20260713_185944558_WEB.html
VPRPL,VISHNU PRAKASH R PUNGLIA LIMITED,Anil Punglia,Promoter Group,2026-07-16,2026-08-04 13:04:24,04-Aug-2026 13:04:24,Equity,Pledge,OTHER,OTHER,350000.0,9030000.0,25.8,2570000,2.06%,2570000,2.06%,16-07-2026,16-07-2026,Pledge Creation,https://nsearchives.nseindia.com/corporate/ixbrl/IT_21894_20260804_130424466_WEB.html
VPRPL,VISHNU PRAKASH R PUNGLIA LIMITED,Vijay Punglia,Promoter Group,2026-08-13,2026-08-14 18:57:22,14-Aug-2026 18:57:22,Equity,Pledge Invoke,OTHER,OTHER,700000.0,23030000.0,32.9,3815000,3.06%,3115000,2.50%,13-08-2026,13-08-2026,Invocation of pledge,https://nsearchives.nseindia.com/corporate/ixbrl/IT_21894_20260814_185722357_WEB.html
VPRPL,VISHNU PRAKASH R PUNGLIA LIMITED,Vijay Punglia,Promoter Group,2026-08-13,2026-08-18 17:28:22,18-Aug-2026 17:28:22,Equity,Pledge Invoke,OTHER,OTHER,700000.0,24549000.0,35.07,4515000,3.62%,3815000,3.06%,13-08-2026,13-08-2026,Invocation of pledge,https://nsearchives.nseindia.com/corporate/ixbrl/IT_21894_20260818_172822345_WEB.html
VPRPL,VISHNU PRAKASH R PUNGLIA LIMITED,Vishnu Prakash Punglia,Promoter and Director,2026-08-21,2026-08-25 17:36:38,25-Aug-2026 17:36:38,Equity,Pledge Revoke,OTHER,OTHER,2553491.0,83805575.0,32.82000014881588,7266000,5.83%,9819491,7.88%,21-08-2026,21-08-2026,Revocation of Pledge,https://nsearchives.nseindia.com/corporate/ixbrl/IT_21894_20260825_173638374_WEB.html
VPRPL,VISHNU PRAKASH R PUNGLIA LIMITED,Ajay Pungalia,Promoter and Director,2026-08-24,2026-08-27 17:37:26,27-Aug-2026 17:37:26,Equity,Pledge Revoke,OTHER,OTHER,175000.0,5873000.0,33.56,6650000,5.34%,6650000,5.34%,24-08-2026,24-08-2026,Pledge Release,https://nsearchives.nseindia.com/corporate/ixbrl/IT_21894_20260827_173726519_WEB.html
VPRPL,VISHNU PRAKASH R PUNGLIA LIMITED,Pushpa Devi Pungalia,Promoter Group,2026-08-24,2026-08-27 17:37:26,27-Aug-2026 17:37:26,Equity,Pledge Revoke,OTHER,OTHER,2300000.0,77188000.0,33.56,2535493,2.03%,2535493,2.03%,24-08-2026,24-08-2026,Pledge Release,https://nsearchives.nseindia.com/corporate/ixbrl/IT_21894_20260827_173726519_WEB.html
VPRPL,VISHNU PRAKASH R PUNGLIA LIMITED,Vijay Punglia,Promoter Group,2026-08-27,2026-08-31 15:41:26,31-Aug-2026 15:41:26,Equity,Pledge Revoke,OTHER,OTHER,350000.0,11546500.0,32.99,3815000,3.06%,4165000,3.34%,27-08-2026,27-08-2026,Revocation of Pledge,https://nsearchives.nseindia.com/corporate/ixbrl/IT_21894_20260831_154126771_WEB.html
VSTL,VIBHOR STEEL TUBES LIMITED,VIJAY KUMAR KAUSHIK,Promoter and Director,2026-06-08,2026-06-09 14:53:00,09-Jun-2026 14:53:00,Equity,Buy,BUY,MARKET_BUY,7350.0,853528.0,116.12625850340136,4147304,21.87%,4154654,21.91%,08-06-2026,08-06-2026,Market Purchase,https://nsearchives.nseindia.com/corporate/ixbrl/IT_20260609_145300807_WEB.html
VSTL,VIBHOR STEEL TUBES LIMITED,VIJAY KUMAR KAUSHIK,Promoter and Director,2026-06-09,2026-06-10 16:51:12,10-Jun-2026 16:51:12,Equity,Buy,BUY,MARKET_BUY,4000.0,472704.0,118.176,4154654,21.91%,4158654,21.93%,09-06-2026,09-06-2026,Market Purchase,https://nsearchives.nseindia.com/corporate/ixbrl/IT_20260610_165111932_WEB.html
VSTL,VIBHOR STEEL TUBES LIMITED,VIJAY KUMAR KAUSHIK,Promoter and Director,2026-06-10,2026-06-11 15:11:19,11-Jun-2026 15:11:19,Equity,Buy,BUY,MARKET_BUY,5446.0,648405.0,119.06077855306647,4158654,21.93%,4164100,21.96%,10-06-2026,10-06-2026,Market Purchase,https://nsearchives.nseindia.com/corporate/ixbrl/IT_20260611_151119145_WEB.html
VSTL,VIBHOR STEEL TUBES LIMITED,VIJAY KUMAR KAUSHIK,Promoter and Director,2026-06-11,2026-06-12 10:58:46,12-Jun-2026 10:58:46,Equity,Buy,BUY,MARKET_BUY,4200.0,496796.0,118.28476190476191,4164100,21.96%,4168300,21.98%,11-06-2026,11-06-2026,Market Purchase,https://nsearchives.nseindia.com/corporate/ixbrl/IT_20260612_105846244_WEB.html
VSTL,VIBHOR STEEL TUBES LIMITED,VIJAY KUMAR KAUSHIK,Promoter and Director,2026-06-12,2026-06-13 15:40:10,13-Jun-2026 15:40:10,Equity,Buy,BUY,MARKET_BUY,2100.0,251022.0,119.53428571428572,4168300,21.98%,4170400,21.99%,12-06-2026,12-06-2026,Market Purchase,https://nsearchives.nseindia.com/corporate/ixbrl/IT_20260613_154010870_WEB.html
VSTL,VIBHOR STEEL TUBES LIMITED,VIJAY KUMAR KAUSHIK,Promoter and Director,2026-08-17,2026-08-18 10:51:14,18-Aug-2026 10:51:14,Equity,Buy,BUY,MARKET_BUY,5000.0,534796.0,106.9592,4170400,21.99%,4175400,22.02%,14-08-2026,17-08-2026,Market Purchase,https://nsearchives.nseindia.com/corporate/ixbrl/IT_22607_20260818_105114099_WEB.html
VSTL,VIBHOR STEEL TUBES LIMITED,VIJAY KUMAR KAUSHIK,Promoter and Director,2026-08-18,2026-08-19 10:35:57,19-Aug-2026 10:35:57,Equity,Buy,BUY,MARKET_BUY,2000.0,213642.0,106.821,4175400,22.02%,4177400,22.03%,18-08-2026,18-08-2026,Market Purchase,https://nsearchives.nseindia.com/corporate/ixbrl/IT_22607_20260819_103557390_WEB.html
VSTL,VIBHOR STEEL TUBES LIMITED,VIJAY KUMAR KAUSHIK,Promoter and Director,2026-08-19,2026-08-20 12:43:06,20-Aug-2026 12:43:06,Equity,Buy,BUY,MARKET_BUY,2000.0,214322.0,107.161,4177400,22.03%,4179400,22.04%,19-08-2026,19-08-2026,Market Purchase,https://nsearchives.nseindia.com/corporate/ixbrl/IT_22607_20260820_124306685_WEB.html
VSTL,VIBHOR STEEL TUBES LIMITED,VIJAY KUMAR KAUSHIK,Promoter and Director,2026-08-24,2026-08-25 12:15:11,25-Aug-2026 12:15:11,Equity,Buy,BUY,MARKET_BUY,5600.0,621635.0,111.00625,4179400,22.04%,4185000,22.07%,24-08-2026,24-08-2026,Market Purchase,https://nsearchives.nseindia.com/corporate/ixbrl/IT_22607_20260825_121511740_WEB.html
VSTL,VIBHOR STEEL TUBES LIMITED,VIJAY KUMAR KAUSHIK,Promoter and Director,2026-08-31,2026-09-01 10:30:35,01-Sep-2026 10:30:35,Equity,Buy,BUY,MARKET_BUY,15000.0,1674120.0,111.608,4185000,22.07%,4200000,22.15%,31-08-2026,31-08-2026,Market Purchase,https://nsearchives.nseindia.com/corporate/ixbrl/IT_22607_20260901_103035441_WEB.html
VSTL,VIBHOR STEEL TUBES LIMITED,VIJAY KUMAR KAUSHIK,Promoter and Director,2026-09-01,2026-09-02 10:48:47,02-Sep-2026 10:48:47,Equity,Buy,BUY,MARKET_BUY,5000.0,563113.0,112.6226,4200000,22.15%,4205000,22.18%,01-09-2026,01-09-2026,Market Purchase,https://nsearchives.nseindia.com/corporate/ixbrl/IT_22607_20260902_104847229_WEB.html
VSTL,VIBHOR STEEL TUBES LIMITED,VIJAY KUMAR KAUSHIK,Promoter and Director,2026-09-02,2026-09-03 16:29:58,03-Sep-2026 16:29:58,Equity,Buy,BUY,MARKET_BUY,4000.0,455892.0,113.973,4205000,22.18%,4209000,22.20%,02-09-2026,02-09-2026,Market Purchase,https://nsearchives.nseindia.com/corporate/ixbrl/IT_22607_20260903_162958633_WEB.html
VSTL,VIBHOR STEEL TUBES LIMITED,VIJAY KUMAR KAUSHIK,Promoter and Director,2026-09-03,2026-09-04 19:19:25,04-Sep-2026 19:19:25,Equity,Buy,BUY,MARKET_BUY,1800.0,207193.0,115.10722222222222,4209000,22.20%,4210800,22.21%,03-09-2026,03-09-2026,Market Purchase,https://nsearchives.nseindia.com/corporate/ixbrl/IT_22607_20260904_191925838_WEB.html
VSTL,VIBHOR STEEL TUBES LIMITED,VIJAY KUMAR KAUSHIK,Promoter and Director,2026-09-03,2026-09-04 19:21:01,04-Sep-2026 19:21:01,Equity,Buy,BUY,MARKET_BUY,1800.0,207193.0,115.10722222222222,4209000,22.20%,4210800,22.21%,03-09-2026,03-09-2026,Market Purchase,https://nsearchives.nseindia.com/corporate/ixbrl/IT_22607_20260904_192101609_WEB.html
VSTL,VIBHOR STEEL TUBES LIMITED,VIJAY KUMAR KAUSHIK,Promoter and Director,2026-09-03,2026-09-04 19:37:09,04-Sep-2026 19:37:09,Equity,Buy,BUY,MARKET_BUY,1800.0,207193.0,115.10722222222222,4209000,22.20%,4210800,22.21%,03-09-2026,03-09-2026,Market Purchase,https://nsearchives.nseindia.com/corporate/ixbrl/IT_22607_20260904_193709123_WEB.html
VSTTILLERS,V.S.T TILLERS TRACTORS LIMITED,ARUN VELLORE SURENDRA,Promoter,2026-06-25,2026-06-29 16:40:30,29-Jun-2026 16:40:30,Equity,Buy,BUY,OTHER,0.0,0.0,,215630,2.49%,215630,2.49%,25-06-2026,25-06-2026,Inter-se-Transfer,https://nsearchives.nseindia.com/corporate/ixbrl/IT_4929_20260629_164030069_WEB.html
VSTTILLERS,V.S.T TILLERS TRACTORS LIMITED,SITA RAJGOPAL,Promoter,2026-06-25,2026-06-29 16:40:30,29-Jun-2026 16:40:30,Equity,Buy,BUY,OTHER,0.0,0.0,,11500,0.13%,11500,0.13%,25-06-2026,25-06-2026,Inter-se-Transfer,https://nsearchives.nseindia.com/corporate/ixbrl/IT_4929_20260629_164030069_WEB.html
VSTTILLERS,V.S.T TILLERS TRACTORS LIMITED,V.V.VIJAYENDRA,Promoter,2026-06-25,2026-06-29 16:40:30,29-Jun-2026 16:40:30,Equity,Buy,BUY,OTHER,1049875.0,0.0,0.0,626012,7.24%,1675887,19.37%,25-06-2026,25-06-2026,Inter-se-Transfer,https://nsearchives.nseindia.com/corporate/ixbrl/IT_4929_20260629_164030069_WEB.html
VSTTILLERS,V.S.T TILLERS TRACTORS LIMITED,V.V.PRAVINDRA,Promoter,2026-06-25,2026-06-29 16:40:30,29-Jun-2026 16:40:30,Equity,Buy,BUY,OTHER,0.0,0.0,,224146,2.59%,224146,2.59%,25-06-2026,25-06-2026,Inter-se-Transfer,https://nsearchives.nseindia.com/corporate/ixbrl/IT_4929_20260629_164030069_WEB.html
VSTTILLERS,V.S.T TILLERS TRACTORS LIMITED,V P Tiruvengadaswamy,Promoter,2026-06-25,2026-06-29 16:40:30,29-Jun-2026 16:40:30,Equity,Buy,BUY,OTHER,654235.0,0.0,0.0,244692,2.83%,898927,10.39%,25-06-2026,25-06-2026,Inter-se-Transfer,https://nsearchives.nseindia.com/corporate/ixbrl/IT_4929_20260629_164030069_WEB.html
VSTTILLERS,V.S.T Tillers Tractors Limited,S Mahalakshmi,Promoter,2026-08-04,2026-08-05 16:36:21,05-Aug-2026 16:36:21,Equity,Buy,BUY,OTHER,230424.0,0.0,0.0,35375,0.41%,265799,3.07%,04-08-2026,04-08-2026,Off Market,https://nsearchives.nseindia.com/corporate/ixbrl/IT_4929_20260805_163621824_WEB.html
VSTTILLERS,V.S.T Tillers Tractors Limited,S Mahalakshmi,Promoter,2026-08-04,2026-08-05 16:58:41,05-Aug-2026 16:58:41,Equity,Buy,BUY,OTHER,230424.0,0.0,0.0,35375,0.41%,265799,3.07%,04-08-2026,04-08-2026,Off Market,https://nsearchives.nseindia.com/corporate/ixbrl/IT_4929_20260805_165841304_WEB.html
WCIL,WESTERN CARRIERS (INDIA) LIMITED,RAJENDRA SETHIA,Promoter and Director,2026-06-05,2026-06-06 13:49:08,06-Jun-2026 13:49:08,Equity,Buy,BUY,MARKET_BUY,16585.0,1583204.0,95.45999397045523,74191020,72.77%,74207605,72.78%,05-06-2026,05-06-2026,Market Purchase,https://nsearchives.nseindia.com/corporate/ixbrl/IT_20260606_134908795_WEB.html
WCIL,WESTERN CARRIERS (INDIA) LIMITED,RAJENDRA SETHIA,Promoter and Director,2026-06-16,2026-06-17 18:26:12,17-Jun-2026 18:26:12,Equity,Buy,BUY,MARKET_BUY,20000.0,1993600.0,99.68,74207605,72.78%,74227605,72.80%,16-06-2026,16-06-2026,Market Purchase,https://nsearchives.nseindia.com/corporate/ixbrl/IT_22116_20260617_182612844_WEB.html
WCIL,WESTERN CARRIERS (INDIA) LIMITED,RAJENDRA SETHIA,Promoter and Director,2026-06-24,2026-06-25 20:47:06,25-Jun-2026 20:47:06,Equity,Buy,BUY,MARKET_BUY,20000.0,2099200.0,104.96,74227605,72.80%,74247605,72.82%,24-06-2026,24-06-2026,Market Purchase,https://nsearchives.nseindia.com/corporate/ixbrl/IT_22116_20260625_204706001_WEB.html
WCIL,WESTERN CARRIERS (INDIA) LIMITED,RAJENDRA SETHIA,Promoter and Director,2026-06-29,2026-06-30 20:27:08,30-Jun-2026 20:27:08,Equity,Buy,BUY,MARKET_BUY,1106.0,110379.0,99.8001808318264,74247605,72.82%,74248711,72.82%,29-06-2026,29-06-2026,Market Purchase,https://nsearchives.nseindia.com/corporate/ixbrl/IT_22116_20260630_202708536_WEB.html
WCIL,WESTERN CARRIERS (INDIA) LIMITED,RAJENDRA SETHIA,Promoter and Director,2026-06-30,2026-06-30 20:27:08,30-Jun-2026 20:27:08,Equity,Buy,BUY,MARKET_BUY,5000.0,503500.0,100.7,74248711,72.82%,74253711,72.83%,30-06-2026,30-06-2026,Market Purchase,https://nsearchives.nseindia.com/corporate/ixbrl/IT_22116_20260630_202708536_WEB.html
WELSPUNLIV,Welspun Living Limited,"Balkrishan Goenka, Trustee of Welspun Group Master Trust",Promoter,2026-06-11,2026-06-15 19:16:08,15-Jun-2026 19:16:08,Equity,Sell,SELL,OTHER,8390785.0,1468387375.0,175.0,630468259,65.73%,622077474,65.85%,11-06-2026,11-06-2026,Buy Back,https://nsearchives.nseindia.com/corporate/ixbrl/IT_2160_20260615_191608731_WEB.html
WELSPUNLIV,Welspun Living Limited,Aryabhat Vyapar Private Limited,Promoter Group,2026-06-11,2026-06-15 19:16:08,15-Jun-2026 19:16:08,Equity,Sell,SELL,OTHER,19214.0,3362450.0,175.0,1443750,0.15%,1424536,0.15%,11-06-2026,11-06-2026,Buy Back,https://nsearchives.nseindia.com/corporate/ixbrl/IT_2160_20260615_191608731_WEB.html
WESTLIFE,WESTLIFE FOODWORLD LIMITED,Mr. Achal Jatia,Promoter Group,2026-07-28,2026-07-30 10:36:48,30-Jul-2026 10:36:48,Equity,Sell,SELL,OTHER,2974065.0,0.0,0.0,2974075,1.91%,10,0.00%,28-07-2026,28-07-2026,Inter-se-Transfer,https://nsearchives.nseindia.com/corporate/ixbrl/IT_17571_20260730_103648444_WEB.html
WESTLIFE,WESTLIFE FOODWORLD LIMITED,Starlight Trust,Promoter Group,2026-07-28,2026-07-30 10:36:48,30-Jul-2026 10:36:48,Equity,Buy,BUY,OTHER,2974065.0,0.0,0.0,0,0.00%,2974065,1.91%,28-07-2026,28-07-2026,Inter-se-Transfer,https://nsearchives.nseindia.com/corporate/ixbrl/IT_17571_20260730_103648444_WEB.html
WHEELS,Wheels India Limited,TRICHUR SUNDARAM SANTHANAM & FAMILY PRIVATE LIMITED,Promoter,2026-08-07,2026-08-11 12:25:35,11-Aug-2026 12:25:35,Equity,Sell,SELL,OTHER,256547.0,389597405.0,1518.619999454291,7294514,29.86%,7037967,28.81%,07-08-2026,07-08-2026,Off Market,https://nsearchives.nseindia.com/corporate/ixbrl/IT_76_20260811_122535256_WEB.html
WHEELS,Wheels India Limited,TSF Investments Limited,Promoter,2026-08-07,2026-08-11 12:26:03,11-Aug-2026 12:26:03,Equity,Buy,BUY,OTHER,256547.0,389597405.0,1518.619999454291,5853367,23.96%,6109914,25.01%,07-08-2026,07-08-2026,Off Market,https://nsearchives.nseindia.com/corporate/ixbrl/IT_76_20260811_122603317_WEB.html
WSI,W.S. Industries (India) Limited,S. Anandavadivel,Promoter and Director,2026-08-14,2026-08-18 17:27:00,18-Aug-2026 17:27:00,Equity,Buy,BUY,MARKET_BUY,5000.0,302442.0,60.4884,4624297,6.09%,4629297,6.10%,14-08-2026,14-08-2026,Market Purchase,https://nsearchives.nseindia.com/corporate/ixbrl/IT_587_20260818_172700371_WEB.html
WSI,W.S. Industries (India) Limited,S. Anandavadivel,Promoter and Director,2026-08-14,2026-08-18 17:27:00,18-Aug-2026 17:27:00,Equity,Buy,BUY,MARKET_BUY,10000.0,600576.0,60.0576,4629297,6.10%,4639297,6.11%,14-08-2026,14-08-2026,Market Purchase,https://nsearchives.nseindia.com/corporate/ixbrl/IT_587_20260818_172700371_WEB.html
WSI,W S Industries (I) Limited,S. Anandavadivel,Promoter and Director,2026-08-14,2026-08-18 17:41:42,18-Aug-2026 17:41:42,Equity,Buy,BUY,MARKET_BUY,5000.0,302442.0,60.4884,4624297,6.09%,4629297,6.10%,14-08-2026,14-08-2026,Market Purchase,https://nsearchives.nseindia.com/corporate/ixbrl/IT_587_20260818_174142271_WEB.html
WSI,W S Industries (I) Limited,S. Anandavadivel,Promoter and Director,2026-08-14,2026-08-18 17:41:42,18-Aug-2026 17:41:42,Equity,Buy,BUY,MARKET_BUY,10000.0,600576.0,60.0576,4629297,6.10%,4639297,6.11%,14-08-2026,14-08-2026,Market Purchase,https://nsearchives.nseindia.com/corporate/ixbrl/IT_587_20260818_174142271_WEB.html
WSI,W S Industries (I) Limited,S. Aravindan,Promoter,2026-08-17,2026-08-19 17:40:49,19-Aug-2026 17:40:49,Equity,Buy,BUY,MARKET_BUY,1765.0,109988.0,62.31614730878187,4624318,6.09%,4626083,6.10%,17-08-2026,17-08-2026,Market Purchase,https://nsearchives.nseindia.com/corporate/ixbrl/IT_587_20260819_174048902_WEB.html
WSI,W S Industries (I) Limited,S. Aravindan,Promoter,2026-08-17,2026-08-19 17:40:49,19-Aug-2026 17:40:49,Equity,Buy,BUY,MARKET_BUY,15873.0,985416.0,62.081270081270084,4626083,6.10%,4641956,6.12%,17-08-2026,17-08-2026,Market Purchase,https://nsearchives.nseindia.com/corporate/ixbrl/IT_587_20260819_174048902_WEB.html
WSI,W S Industries (I) Limited,Dhanu Adhav Arvindan,Promoter Group,2026-08-17,2026-08-19 17:40:49,19-Aug-2026 17:40:49,Equity,Buy,BUY,MARKET_BUY,1180.0,73719.0,62.47372881355932,12000,0.02%,13180,0.02%,17-08-2026,17-08-2026,Market Purchase,https://nsearchives.nseindia.com/corporate/ixbrl/IT_587_20260819_174048902_WEB.html
WSI,W S Industries (I) Limited,S. Anandavadivel,Promoter and Director,2026-08-18,2026-08-20 17:42:44,20-Aug-2026 17:42:44,Equity,Buy,BUY,MARKET_BUY,10027.0,607986.0,60.63488580831754,4639297,6.11%,4649324,6.12%,17-08-2026,18-08-2026,Market Purchase,https://nsearchives.nseindia.com/corporate/ixbrl/IT_587_20260820_174244358_WEB.html
WSI,W S Industries (I) Limited,Mamatha P,Promoter Group,2026-08-19,2026-08-20 17:42:44,20-Aug-2026 17:42:44,Equity,Buy,BUY,MARKET_BUY,20000.0,1215589.0,60.77945,991298,1.31%,1011298,1.33%,18-08-2026,19-08-2026,Market Purchase,https://nsearchives.nseindia.com/corporate/ixbrl/IT_587_20260820_174244358_WEB.html
WSI,W S Industries (I) Limited,K V Prakash,Promoter and Director,2026-08-20,2026-08-21 16:34:08,21-Aug-2026 16:34:08,Equity,Pledge,OTHER,OTHER,200000.0,10000000.0,50.0,2150914,2.83%,2150914,2.83%,20-08-2026,20-08-2026,Pledge Creation,https://nsearchives.nseindia.com/corporate/ixbrl/IT_587_20260821_163408222_WEB.html
WSI,W S Industries (I) Limited,S. Aravindan,Promoter,2026-08-21,2026-08-22 16:37:57,22-Aug-2026 16:37:57,Equity,Buy,BUY,MARKET_BUY,29300.0,1783245.0,60.86160409556314,4641956,6.12%,4671256,6.15%,20-08-2026,21-08-2026,Market Purchase,https://nsearchives.nseindia.com/corporate/ixbrl/IT_587_20260822_163757788_WEB.html
WSI,W S Industries (I) Limited,Mamatha P,Promoter Group,2026-08-21,2026-08-22 16:37:57,22-Aug-2026 16:37:57,Equity,Buy,BUY,MARKET_BUY,9490.0,576911.0,60.79146469968388,1011298,1.33%,1020788,1.34%,20-08-2026,21-08-2026,Market Purchase,https://nsearchives.nseindia.com/corporate/ixbrl/IT_587_20260822_163757788_WEB.html
WSI,W S Industries (I) Limited,Mamatha P,Promoter Group,2026-08-25,2026-08-26 17:39:44,26-Aug-2026 17:39:44,Equity,Buy,BUY,MARKET_BUY,11499.0,710868.0,61.81998434646491,1020788,1.34%,1032287,1.36%,24-08-2026,25-08-2026,Market Purchase,https://nsearchives.nseindia.com/corporate/ixbrl/IT_587_20260826_173943981_WEB.html
WSI,W S Industries (I) Limited,Mamatha P,Promoter Group,2026-08-27,2026-08-29 10:31:04,29-Aug-2026 10:31:04,Equity,Buy,BUY,MARKET_BUY,7900.0,480156.0,60.77924050632912,1032287,1.36%,1040187,1.37%,26-08-2026,27-08-2026,Market Purchase,https://nsearchives.nseindia.com/corporate/ixbrl/IT_587_20260829_103104247_WEB.html
WSI,W S Industries (I) Limited,S. Aravindan,Promoter,2026-08-28,2026-09-01 16:51:13,01-Sep-2026 16:51:13,Equity,Buy,BUY,MARKET_BUY,1885.0,114991.0,61.00318302387268,4671256,6.15%,4673141,6.16%,28-08-2026,28-08-2026,Market Purchase,https://nsearchives.nseindia.com/corporate/ixbrl/IT_587_20260901_165113681_WEB.html
WSI,W S Industries (I) Limited,Mamatha P,Promoter Group,2026-08-31,2026-09-01 16:51:13,01-Sep-2026 16:51:13,Equity,Buy,BUY,MARKET_BUY,8067.0,495567.0,61.431387132763106,1040187,1.37%,1048254,1.38%,28-08-2026,31-08-2026,Market Purchase,https://nsearchives.nseindia.com/corporate/ixbrl/IT_587_20260901_165113681_WEB.html
WSI,W S Industries (I) Limited,S. Aravindan,Promoter,2026-09-01,2026-09-04 11:05:32,04-Sep-2026 11:05:32,Equity,Buy,BUY,MARKET_BUY,737.0,44220.0,60.0,4673141,6.16%,4673878,6.16%,01-09-2026,01-09-2026,Market Purchase,https://nsearchives.nseindia.com/corporate/ixbrl/IT_587_20260904_110532765_WEB.html
WSI,W S Industries (I) Limited,S. Aravindan,Promoter,2026-09-01,2026-09-04 11:06:02,04-Sep-2026 11:06:02,Equity,Buy,BUY,MARKET_BUY,737.0,44220.0,60.0,4673141,6.16%,4673878,6.16%,01-09-2026,01-09-2026,Market Purchase,https://nsearchives.nseindia.com/corporate/ixbrl/IT_587_20260904_110602074_WEB.html
WSI,W S Industries (I) Limited,S. Aravindan,Promoter,2026-09-01,2026-09-04 11:10:01,04-Sep-2026 11:10:01,Equity,Buy,BUY,MARKET_BUY,737.0,44220.0,60.0,4673141,6.16%,4673878,6.16%,01-09-2026,01-09-2026,Market Purchase,https://nsearchives.nseindia.com/corporate/ixbrl/IT_587_20260904_111001666_WEB.html
WSI,W S Industries (I) Limited,S. Aravindan,Promoter,2026-09-01,2026-09-04 11:17:43,04-Sep-2026 11:17:43,Equity,Buy,BUY,MARKET_BUY,737.0,44220.0,60.0,4673141,6.16%,4673878,6.16%,01-09-2026,01-09-2026,Market Purchase,https://nsearchives.nseindia.com/corporate/ixbrl/IT_587_20260904_111742937_WEB.html
WSI,W S Industries (I) Limited,S. Aravindan,Promoter,2026-09-01,2026-09-04 11:51:30,04-Sep-2026 11:51:30,Equity,Buy,BUY,MARKET_BUY,737.0,44220.0,60.0,4673141,6.16%,4673878,6.16%,01-09-2026,01-09-2026,Market Purchase,https://nsearchives.nseindia.com/corporate/ixbrl/IT_587_20260904_115130694_WEB.html
WSI,W S Industries (I) Limited,S. Aravindan,Promoter,2026-09-01,2026-09-04 12:01:44,04-Sep-2026 12:01:44,Equity,Buy,BUY,MARKET_BUY,737.0,44220.0,60.0,4673141,6.16%,4673878,6.16%,01-09-2026,01-09-2026,Market Purchase,https://nsearchives.nseindia.com/corporate/ixbrl/IT_587_20260904_120144012_WEB.html
WSI,W S Industries (I) Limited,S. Aravindan,Promoter,2026-09-01,2026-09-04 16:37:08,04-Sep-2026 16:37:08,Equity,Buy,BUY,MARKET_BUY,737.0,44220.0,60.0,4673141,6.16%,4673878,6.16%,01-09-2026,01-09-2026,Market Purchase,https://nsearchives.nseindia.com/corporate/ixbrl/IT_587_20260904_163708776_WEB.html
WSI,W S Industries (I) Limited,S. Aravindan,Promoter,2026-09-01,2026-09-04 16:42:39,04-Sep-2026 16:42:39,Equity,Buy,BUY,MARKET_BUY,737.0,44220.0,60.0,4673141,6.16%,4673878,6.16%,01-09-2026,01-09-2026,Market Purchase,https://nsearchives.nseindia.com/corporate/ixbrl/IT_587_20260904_164239646_WEB.html
WSI,W S Industries (I) Limited,S. Aravindan,Promoter,2026-09-01,2026-09-04 16:45:50,04-Sep-2026 16:45:50,Equity,Buy,BUY,MARKET_BUY,737.0,44220.0,60.0,4673141,6.16%,4673878,6.16%,01-09-2026,01-09-2026,Market Purchase,https://nsearchives.nseindia.com/corporate/ixbrl/IT_587_20260904_164550074_WEB.html
WSI,W S Industries (I) Limited,S. Aravindan,Promoter,2026-09-02,2026-09-04 11:05:32,04-Sep-2026 11:05:32,Equity,Buy,BUY,MARKET_BUY,244.0,14518.0,59.5,4673878,6.16%,4674122,6.16%,02-09-2026,02-09-2026,Market Purchase,https://nsearchives.nseindia.com/corporate/ixbrl/IT_587_20260904_110532765_WEB.html
WSI,W S Industries (I) Limited,S. Aravindan,Promoter,2026-09-02,2026-09-04 11:05:32,04-Sep-2026 11:05:32,Equity,Buy,BUY,MARKET_BUY,8500.0,512053.0,60.24152941176471,4674122,6.16%,4682622,6.17%,02-09-2026,02-09-2026,Market Purchase,https://nsearchives.nseindia.com/corporate/ixbrl/IT_587_20260904_110532765_WEB.html
WSI,W S Industries (I) Limited,Mamatha P,Promoter Group,2026-09-02,2026-09-04 11:05:32,04-Sep-2026 11:05:32,Equity,Buy,BUY,MARKET_BUY,7033.0,431922.0,61.41362149864923,1048254,1.38%,1055287,1.39%,01-09-2026,02-09-2026,Market Purchase,https://nsearchives.nseindia.com/corporate/ixbrl/IT_587_20260904_110532765_WEB.html
WSI,W S Industries (I) Limited,S. Aravindan,Promoter,2026-09-02,2026-09-04 11:06:02,04-Sep-2026 11:06:02,Equity,Buy,BUY,MARKET_BUY,244.0,14518.0,59.5,4673878,6.16%,4674122,6.16%,02-09-2026,02-09-2026,Market Purchase,https://nsearchives.nseindia.com/corporate/ixbrl/IT_587_20260904_110602074_WEB.html
WSI,W S Industries (I) Limited,S. Aravindan,Promoter,2026-09-02,2026-09-04 11:06:02,04-Sep-2026 11:06:02,Equity,Buy,BUY,MARKET_BUY,8500.0,512053.0,60.24152941176471,4674122,6.16%,4682622,6.17%,02-09-2026,02-09-2026,Market Purchase,https://nsearchives.nseindia.com/corporate/ixbrl/IT_587_20260904_110602074_WEB.html
WSI,W S Industries (I) Limited,Mamatha P,Promoter Group,2026-09-02,2026-09-04 11:06:02,04-Sep-2026 11:06:02,Equity,Buy,BUY,MARKET_BUY,7033.0,431922.0,61.41362149864923,1048254,1.38%,1055287,1.39%,01-09-2026,02-09-2026,Market Purchase,https://nsearchives.nseindia.com/corporate/ixbrl/IT_587_20260904_110602074_WEB.html
WSI,W S Industries (I) Limited,S. Aravindan,Promoter,2026-09-02,2026-09-04 11:10:01,04-Sep-2026 11:10:01,Equity,Buy,BUY,MARKET_BUY,244.0,14518.0,59.5,4673878,6.16%,4674122,6.16%,02-09-2026,02-09-2026,Market Purchase,https://nsearchives.nseindia.com/corporate/ixbrl/IT_587_20260904_111001666_WEB.html
WSI,W S Industries (I) Limited,S. Aravindan,Promoter,2026-09-02,2026-09-04 11:10:01,04-Sep-2026 11:10:01,Equity,Buy,BUY,MARKET_BUY,8500.0,512053.0,60.24152941176471,4674122,6.16%,4682622,6.17%,02-09-2026,02-09-2026,Market Purchase,https://nsearchives.nseindia.com/corporate/ixbrl/IT_587_20260904_111001666_WEB.html
WSI,W S Industries (I) Limited,Mamatha P,Promoter Group,2026-09-02,2026-09-04 11:10:01,04-Sep-2026 11:10:01,Equity,Buy,BUY,MARKET_BUY,7033.0,431922.0,61.41362149864923,1048254,1.38%,1055287,1.39%,01-09-2026,02-09-2026,Market Purchase,https://nsearchives.nseindia.com/corporate/ixbrl/IT_587_20260904_111001666_WEB.html
WSI,W S Industries (I) Limited,S. Aravindan,Promoter,2026-09-02,2026-09-04 11:17:43,04-Sep-2026 11:17:43,Equity,Buy,BUY,MARKET_BUY,244.0,14518.0,59.5,4673878,6.16%,4674122,6.16%,02-09-2026,02-09-2026,Market Purchase,https://nsearchives.nseindia.com/corporate/ixbrl/IT_587_20260904_111742937_WEB.html
WSI,W S Industries (I) Limited,S. Aravindan,Promoter,2026-09-02,2026-09-04 11:17:43,04-Sep-2026 11:17:43,Equity,Buy,BUY,MARKET_BUY,8500.0,512053.0,60.24152941176471,4674122,6.16%,4682622,6.17%,02-09-2026,02-09-2026,Market Purchase,https://nsearchives.nseindia.com/corporate/ixbrl/IT_587_20260904_111742937_WEB.html
WSI,W S Industries (I) Limited,Mamatha P,Promoter Group,2026-09-02,2026-09-04 11:17:43,04-Sep-2026 11:17:43,Equity,Buy,BUY,MARKET_BUY,7033.0,431922.0,61.41362149864923,1048254,1.38%,1055287,1.39%,01-09-2026,02-09-2026,Market Purchase,https://nsearchives.nseindia.com/corporate/ixbrl/IT_587_20260904_111742937_WEB.html
WSI,W S Industries (I) Limited,S. Aravindan,Promoter,2026-09-02,2026-09-04 11:51:30,04-Sep-2026 11:51:30,Equity,Buy,BUY,MARKET_BUY,244.0,14518.0,59.5,4673878,6.16%,4674122,6.16%,02-09-2026,02-09-2026,Market Purchase,https://nsearchives.nseindia.com/corporate/ixbrl/IT_587_20260904_115130694_WEB.html
WSI,W S Industries (I) Limited,S. Aravindan,Promoter,2026-09-02,2026-09-04 11:51:30,04-Sep-2026 11:51:30,Equity,Buy,BUY,MARKET_BUY,8500.0,512053.0,60.24152941176471,4674122,6.16%,4682622,6.17%,02-09-2026,02-09-2026,Market Purchase,https://nsearchives.nseindia.com/corporate/ixbrl/IT_587_20260904_115130694_WEB.html
WSI,W S Industries (I) Limited,Mamatha P,Promoter Group,2026-09-02,2026-09-04 11:51:30,04-Sep-2026 11:51:30,Equity,Buy,BUY,MARKET_BUY,7033.0,431922.0,61.41362149864923,1048254,1.38%,1055287,1.39%,01-09-2026,02-09-2026,Market Purchase,https://nsearchives.nseindia.com/corporate/ixbrl/IT_587_20260904_115130694_WEB.html
WSI,W S Industries (I) Limited,S. Aravindan,Promoter,2026-09-02,2026-09-04 12:01:44,04-Sep-2026 12:01:44,Equity,Buy,BUY,MARKET_BUY,244.0,14518.0,59.5,4673878,6.16%,4674122,6.16%,02-09-2026,02-09-2026,Market Purchase,https://nsearchives.nseindia.com/corporate/ixbrl/IT_587_20260904_120144012_WEB.html
WSI,W S Industries (I) Limited,S. Aravindan,Promoter,2026-09-02,2026-09-04 12:01:44,04-Sep-2026 12:01:44,Equity,Buy,BUY,MARKET_BUY,8500.0,512053.0,60.24152941176471,4674122,6.16%,4682622,6.17%,02-09-2026,02-09-2026,Market Purchase,https://nsearchives.nseindia.com/corporate/ixbrl/IT_587_20260904_120144012_WEB.html
WSI,W S Industries (I) Limited,Mamatha P,Promoter Group,2026-09-02,2026-09-04 12:01:44,04-Sep-2026 12:01:44,Equity,Buy,BUY,MARKET_BUY,7033.0,431922.0,61.41362149864923,1048254,1.38%,1055287,1.39%,01-09-2026,02-09-2026,Market Purchase,https://nsearchives.nseindia.com/corporate/ixbrl/IT_587_20260904_120144012_WEB.html
WSI,W S Industries (I) Limited,S. Aravindan,Promoter,2026-09-02,2026-09-04 16:37:08,04-Sep-2026 16:37:08,Equity,Buy,BUY,MARKET_BUY,244.0,14518.0,59.5,4673878,6.16%,4674122,6.16%,02-09-2026,02-09-2026,Market Purchase,https://nsearchives.nseindia.com/corporate/ixbrl/IT_587_20260904_163708776_WEB.html
WSI,W S Industries (I) Limited,S. Aravindan,Promoter,2026-09-02,2026-09-04 16:37:08,04-Sep-2026 16:37:08,Equity,Buy,BUY,MARKET_BUY,8500.0,512053.0,60.24152941176471,4674122,6.16%,4682622,6.17%,02-09-2026,02-09-2026,Market Purchase,https://nsearchives.nseindia.com/corporate/ixbrl/IT_587_20260904_163708776_WEB.html
WSI,W S Industries (I) Limited,Mamatha P,Promoter Group,2026-09-02,2026-09-04 16:37:08,04-Sep-2026 16:37:08,Equity,Buy,BUY,MARKET_BUY,7033.0,431922.0,61.41362149864923,1048254,1.38%,1055287,1.39%,01-09-2026,02-09-2026,Market Purchase,https://nsearchives.nseindia.com/corporate/ixbrl/IT_587_20260904_163708776_WEB.html
WSI,W S Industries (I) Limited,S. Aravindan,Promoter,2026-09-02,2026-09-04 16:42:39,04-Sep-2026 16:42:39,Equity,Buy,BUY,MARKET_BUY,244.0,14518.0,59.5,4673878,6.16%,4674122,6.16%,02-09-2026,02-09-2026,Market Purchase,https://nsearchives.nseindia.com/corporate/ixbrl/IT_587_20260904_164239646_WEB.html
WSI,W S Industries (I) Limited,S. Aravindan,Promoter,2026-09-02,2026-09-04 16:42:39,04-Sep-2026 16:42:39,Equity,Buy,BUY,MARKET_BUY,8500.0,512053.0,60.24152941176471,4674122,6.16%,4682622,6.17%,02-09-2026,02-09-2026,Market Purchase,https://nsearchives.nseindia.com/corporate/ixbrl/IT_587_20260904_164239646_WEB.html
WSI,W S Industries (I) Limited,Mamatha P,Promoter Group,2026-09-02,2026-09-04 16:42:39,04-Sep-2026 16:42:39,Equity,Buy,BUY,MARKET_BUY,7033.0,431922.0,61.41362149864923,1048254,1.38%,1055287,1.39%,01-09-2026,02-09-2026,Market Purchase,https://nsearchives.nseindia.com/corporate/ixbrl/IT_587_20260904_164239646_WEB.html
WSI,W S Industries (I) Limited,S. Aravindan,Promoter,2026-09-02,2026-09-04 16:45:50,04-Sep-2026 16:45:50,Equity,Buy,BUY,MARKET_BUY,244.0,14518.0,59.5,4673878,6.16%,4674122,6.16%,02-09-2026,02-09-2026,Market Purchase,https://nsearchives.nseindia.com/corporate/ixbrl/IT_587_20260904_164550074_WEB.html
WSI,W S Industries (I) Limited,S. Aravindan,Promoter,2026-09-02,2026-09-04 16:45:50,04-Sep-2026 16:45:50,Equity,Buy,BUY,MARKET_BUY,8500.0,512053.0,60.24152941176471,4674122,6.16%,4682622,6.17%,02-09-2026,02-09-2026,Market Purchase,https://nsearchives.nseindia.com/corporate/ixbrl/IT_587_20260904_164550074_WEB.html
WSI,W S Industries (I) Limited,Mamatha P,Promoter Group,2026-09-02,2026-09-04 16:45:50,04-Sep-2026 16:45:50,Equity,Buy,BUY,MARKET_BUY,7033.0,431922.0,61.41362149864923,1048254,1.38%,1055287,1.39%,01-09-2026,02-09-2026,Market Purchase,https://nsearchives.nseindia.com/corporate/ixbrl/IT_587_20260904_164550074_WEB.html
XPROINDIA,XPRO INDIA LIMITED,iPro Capital Limited,Promoter Group,2026-08-05,2026-08-05 17:25:33,05-Aug-2026 17:25:33,Equity,Buy,BUY,OTHER,45001.0,52517031.0,1167.0191995733428,4409999,18.79%,4455000,18.98%,05-08-2026,05-08-2026,Inter-se-Transfer,https://nsearchives.nseindia.com/corporate/ixbrl/IT_2185_20260805_172533342_WEB.html
XPROINDIA,XPRO INDIA LIMITED,Janardhan Trading Company Limited,Promoter Group,2026-08-05,2026-08-05 17:25:33,05-Aug-2026 17:25:33,Equity,Sell,SELL,OTHER,9750.0,11232179.0,1152.018358974359,129750,0.55%,120000,0.51%,05-08-2026,05-08-2026,Inter-se-Transfer,https://nsearchives.nseindia.com/corporate/ixbrl/IT_2185_20260805_172533342_WEB.html
XPROINDIA,XPRO INDIA LIMITED,Birla Holdings Limited,Promoter Group,2026-08-05,2026-08-05 17:25:33,05-Aug-2026 17:25:33,Equity,Sell,SELL,OTHER,2001.0,2379190.0,1189.0004997501248,249975,1.07%,247974,1.06%,05-08-2026,05-08-2026,Inter-se-Transfer,https://nsearchives.nseindia.com/corporate/ixbrl/IT_2185_20260805_172533342_WEB.html
XPROINDIA,XPRO INDIA LIMITED,Birla Eastern Limited,Promoter Group,2026-08-05,2026-08-05 17:25:33,05-Aug-2026 17:25:33,Equity,Sell,SELL,OTHER,10750.0,12639740.0,1175.7897674418605,27600,0.12%,16850,0.07%,05-08-2026,05-08-2026,Inter-se-Transfer,https://nsearchives.nseindia.com/corporate/ixbrl/IT_2185_20260805_172533342_WEB.html
XPROINDIA,XPRO INDIA LIMITED,Central India General Agents Limited,Promoter Group,2026-08-05,2026-08-05 17:25:33,05-Aug-2026 17:25:33,Equity,Sell,SELL,OTHER,22500.0,26167525.0,1163.0011111111112,880500,3.75%,858000,3.66%,05-08-2026,05-08-2026,Inter-se-Transfer,https://nsearchives.nseindia.com/corporate/ixbrl/IT_2185_20260805_172533342_WEB.html
ZOTA,ZOTA HEALTH CARE LIMITED,PRAFUL RATILAL VORA,Promoter Group,2026-06-29,2026-07-02 18:03:45,02-Jul-2026 18:03:45,Equity,Sell,SELL,MARKET_SELL,780.0,1015470.0,1301.8846153846155,11930,0.03%,11150,0.03%,05-06-2026,29-06-2026,Market Sale,https://nsearchives.nseindia.com/corporate/ixbrl/IT_15030_20260702_180345592_WEB.html
ZYDUSLIFE,ZYDUS LIFESCIENCES LIMITED,Zydus Family Trust,Promoter,2026-06-17,2026-06-20 14:47:27,20-Jun-2026 14:47:27,Equity,Sell,SELL,OTHER,6349542.0,8000422920.0,1260.0,754313343,74.96%,747963801,74.98%,17-06-2026,17-06-2026,Buy Back,https://nsearchives.nseindia.com/corporate/ixbrl/IT_1852_20260620_144727382_WEB.html
ZYDUSLIFE,ZYDUS LIFESCIENCES LIMITED,Pripan Investment Private Limited,Promoter Group,2026-06-17,2026-06-20 14:47:27,20-Jun-2026 14:47:27,Equity,Sell,SELL,OTHER,149.0,1877440.0,12600.26845637584,17730,0.00%,17581,0.00%,17-06-2026,17-06-2026,Buy Back,https://nsearchives.nseindia.com/corporate/ixbrl/IT_1852_20260620_144727382_WEB.html
ZYDUSLIFE,ZYDUS LIFESCIENCES LIMITED,Pankaj Ramanbhai Patel,Promoter and Director,2026-06-17,2026-06-20 14:47:27,20-Jun-2026 14:47:27,Equity,Sell,SELL,OTHER,124.0,156240.0,1260.0,14851,0.00%,14727,0.00%,17-06-2026,17-06-2026,Buy Back,https://nsearchives.nseindia.com/corporate/ixbrl/IT_1852_20260620_144727382_WEB.html
ZYDUSLIFE,ZYDUS LIFESCIENCES LIMITED,Pankaj Ramanbhai Patel HUF,Promoter Group,2026-06-17,2026-06-20 14:47:27,20-Jun-2026 14:47:27,Equity,Sell,SELL,OTHER,248.0,312480.0,1260.0,29550,0.00%,29302,0.00%,17-06-2026,17-06-2026,Buy Back,https://nsearchives.nseindia.com/corporate/ixbrl/IT_1852_20260620_144727382_WEB.html
ZYDUSLIFE,ZYDUS LIFESCIENCES LIMITED,Pankaj Ramanbhai Patel (Smaller) HUF,Promoter Group,2026-06-17,2026-06-20 14:47:27,20-Jun-2026 14:47:27,Equity,Sell,SELL,OTHER,124.0,156240.0,1260.0,14775,0.00%,14651,0.00%,17-06-2026,17-06-2026,Buy Back,https://nsearchives.nseindia.com/corporate/ixbrl/IT_1852_20260620_144727382_WEB.html
ZYDUSLIFE,ZYDUS LIFESCIENCES LIMITED,Taraben Patel Family Will Trust,Promoter Group,2026-06-17,2026-06-20 14:47:27,20-Jun-2026 14:47:27,Equity,Sell,SELL,OTHER,124.0,156240.0,1260.0,14775,0.00%,14651,0.00%,17-06-2026,17-06-2026,Buy Back,https://nsearchives.nseindia.com/corporate/ixbrl/IT_1852_20260620_144727382_WEB.html
ZYDUSLIFE,ZYDUS LIFESCIENCES LIMITED,Sharvil Pankajbhai Patel,Promoter,2026-06-17,2026-06-20 14:47:27,20-Jun-2026 14:47:27,Equity,Sell,SELL,OTHER,124.0,156240.0,1260.0,14775,0.00%,14651,0.00%,17-06-2026,17-06-2026,Buy Back,https://nsearchives.nseindia.com/corporate/ixbrl/IT_1852_20260620_144727382_WEB.html
ZYDUSLIFE,ZYDUS LIFESCIENCES LIMITED,Shivani Patel,Promoter Group,2026-06-17,2026-06-20 14:47:27,20-Jun-2026 14:47:27,Equity,Sell,SELL,OTHER,124.0,156240.0,1260.0,14775,0.00%,14651,0.00%,17-06-2026,17-06-2026,Buy Back,https://nsearchives.nseindia.com/corporate/ixbrl/IT_1852_20260620_144727382_WEB.html
ZYDUSLIFE,ZYDUS LIFESCIENCES LIMITED,Pritiben Pankajbhai Patel,Promoter Group,2026-06-17,2026-06-20 14:47:27,20-Jun-2026 14:47:27,Equity,Sell,SELL,OTHER,124.0,156240.0,1260.0,14775,0.00%,14651,0.00%,17-06-2026,17-06-2026,Buy Back,https://nsearchives.nseindia.com/corporate/ixbrl/IT_1852_20260620_144727382_WEB.html
ZYDUSLIFE,ZYDUS LIFESCIENCES LIMITED,R B Patel Will Pankaj Trust,Promoter Group,2026-06-17,2026-06-20 14:47:27,20-Jun-2026 14:47:27,Equity,Sell,SELL,OTHER,109.0,137340.0,1260.0,14700,0.00%,14591,0.00%,17-06-2026,17-06-2026,Buy Back,https://nsearchives.nseindia.com/corporate/ixbrl/IT_1852_20260620_144727382_WEB.html
ZYDUSLIFE,ZYDUS LIFESCIENCES LIMITED,Arati Rajiv Mehta Joint with Rajiv Vastupal Mehta,Promoter Group,2026-06-17,2026-06-20 14:47:27,20-Jun-2026 14:47:27,Equity,Sell,SELL,OTHER,640.0,806400.0,1260.0,76087,0.01%,75447,0.01%,17-06-2026,17-06-2026,Buy Back,https://nsearchives.nseindia.com/corporate/ixbrl/IT_1852_20260620_144727382_WEB.html
ZYDUSLIFE,ZYDUS LIFESCIENCES LIMITED,Ritaben Yatin Desai,Promoter Group,2026-06-17,2026-06-20 14:47:27,20-Jun-2026 14:47:27,Equity,Sell,SELL,OTHER,209.0,263340.0,1260.0,24874,0.00%,24665,0.00%,17-06-2026,17-06-2026,Buy Back,https://nsearchives.nseindia.com/corporate/ixbrl/IT_1852_20260620_144727382_WEB.html
ZYDUSLIFE,ZYDUS LIFESCIENCES LIMITED,Zydus Family Trust,Promoter,2026-06-17,2026-06-20 14:49:38,20-Jun-2026 14:49:38,Equity,Sell,SELL,OTHER,6349542.0,8000422920.0,1260.0,754313343,74.96%,747963801,74.98%,17-06-2026,17-06-2026,Buy Back,https://nsearchives.nseindia.com/corporate/ixbrl/IT_1852_20260620_144938588_WEB.html
ZYDUSLIFE,ZYDUS LIFESCIENCES LIMITED,Pripan Investment Private Limited,Promoter Group,2026-06-17,2026-06-20 14:49:38,20-Jun-2026 14:49:38,Equity,Sell,SELL,OTHER,149.0,1877440.0,12600.26845637584,17730,0.00%,17581,0.00%,17-06-2026,17-06-2026,Buy Back,https://nsearchives.nseindia.com/corporate/ixbrl/IT_1852_20260620_144938588_WEB.html
ZYDUSLIFE,ZYDUS LIFESCIENCES LIMITED,Pankaj Ramanbhai Patel,Promoter and Director,2026-06-17,2026-06-20 14:49:38,20-Jun-2026 14:49:38,Equity,Sell,SELL,OTHER,124.0,156240.0,1260.0,14851,0.00%,14727,0.00%,17-06-2026,17-06-2026,Buy Back,https://nsearchives.nseindia.com/corporate/ixbrl/IT_1852_20260620_144938588_WEB.html
ZYDUSLIFE,ZYDUS LIFESCIENCES LIMITED,Pankaj Ramanbhai Patel HUF,Promoter Group,2026-06-17,2026-06-20 14:49:38,20-Jun-2026 14:49:38,Equity,Sell,SELL,OTHER,248.0,312480.0,1260.0,29550,0.00%,29302,0.00%,17-06-2026,17-06-2026,Buy Back,https://nsearchives.nseindia.com/corporate/ixbrl/IT_1852_20260620_144938588_WEB.html
ZYDUSLIFE,ZYDUS LIFESCIENCES LIMITED,Pankaj Ramanbhai Patel (Smaller) HUF,Promoter Group,2026-06-17,2026-06-20 14:49:38,20-Jun-2026 14:49:38,Equity,Sell,SELL,OTHER,124.0,156240.0,1260.0,14775,0.00%,14651,0.00%,17-06-2026,17-06-2026,Buy Back,https://nsearchives.nseindia.com/corporate/ixbrl/IT_1852_20260620_144938588_WEB.html
ZYDUSLIFE,ZYDUS LIFESCIENCES LIMITED,Taraben Patel Family Will Trust,Promoter Group,2026-06-17,2026-06-20 14:49:38,20-Jun-2026 14:49:38,Equity,Sell,SELL,OTHER,124.0,156240.0,1260.0,14775,0.00%,14651,0.00%,17-06-2026,17-06-2026,Buy Back,https://nsearchives.nseindia.com/corporate/ixbrl/IT_1852_20260620_144938588_WEB.html
ZYDUSLIFE,ZYDUS LIFESCIENCES LIMITED,Sharvil Pankajbhai Patel,Promoter,2026-06-17,2026-06-20 14:49:38,20-Jun-2026 14:49:38,Equity,Sell,SELL,OTHER,124.0,156240.0,1260.0,14775,0.00%,14651,0.00%,17-06-2026,17-06-2026,Buy Back,https://nsearchives.nseindia.com/corporate/ixbrl/IT_1852_20260620_144938588_WEB.html
ZYDUSLIFE,ZYDUS LIFESCIENCES LIMITED,Shivani Patel,Promoter Group,2026-06-17,2026-06-20 14:49:38,20-Jun-2026 14:49:38,Equity,Sell,SELL,OTHER,124.0,156240.0,1260.0,14775,0.00%,14651,0.00%,17-06-2026,17-06-2026,Buy Back,https://nsearchives.nseindia.com/corporate/ixbrl/IT_1852_20260620_144938588_WEB.html
ZYDUSLIFE,ZYDUS LIFESCIENCES LIMITED,Pritiben Pankajbhai Patel,Promoter Group,2026-06-17,2026-06-20 14:49:38,20-Jun-2026 14:49:38,Equity,Sell,SELL,OTHER,124.0,156240.0,1260.0,14775,0.00%,14651,0.00%,17-06-2026,17-06-2026,Buy Back,https://nsearchives.nseindia.com/corporate/ixbrl/IT_1852_20260620_144938588_WEB.html
ZYDUSLIFE,ZYDUS LIFESCIENCES LIMITED,R B Patel Will Pankaj Trust,Promoter Group,2026-06-17,2026-06-20 14:49:38,20-Jun-2026 14:49:38,Equity,Sell,SELL,OTHER,109.0,137340.0,1260.0,14700,0.00%,14591,0.00%,17-06-2026,17-06-2026,Buy Back,https://nsearchives.nseindia.com/corporate/ixbrl/IT_1852_20260620_144938588_WEB.html
ZYDUSLIFE,ZYDUS LIFESCIENCES LIMITED,Arati Rajiv Mehta Joint with Rajiv Vastupal Mehta,Promoter Group,2026-06-17,2026-06-20 14:49:38,20-Jun-2026 14:49:38,Equity,Sell,SELL,OTHER,640.0,806400.0,1260.0,76087,0.01%,75447,0.01%,17-06-2026,17-06-2026,Buy Back,https://nsearchives.nseindia.com/corporate/ixbrl/IT_1852_20260620_144938588_WEB.html
ZYDUSLIFE,ZYDUS LIFESCIENCES LIMITED,Ritaben Yatin Desai,Promoter Group,2026-06-17,2026-06-20 14:49:38,20-Jun-2026 14:49:38,Equity,Sell,SELL,OTHER,209.0,263340.0,1260.0,24874,0.00%,24665,0.00%,17-06-2026,17-06-2026,Buy Back,https://nsearchives.nseindia.com/corporate/ixbrl/IT_1852_20260620_144938588_WEB.html
ZYDUSLIFE,ZYDUS LIFESCIENCES LIMITED,Prashant Babubhai Patel,Promoter Group,2026-08-19,2026-08-24 19:45:40,24-Aug-2026 19:45:40,Equity,Buy,BUY,OTHER,32577.0,0.0,0.0,0,0.00%,32577,0.00%,19-08-2026,19-08-2026,Others,https://nsearchives.nseindia.com/corporate/ixbrl/IT_1852_20260824_194540033_WEB.html
ZYDUSWELL,ZYDUS WELLNESS LIMITED,Samar Babubhai Patel,Promoter Group,2026-06-12,2026-06-16 11:18:12,16-Jun-2026 11:18:12,Equity,Buy,BUY,MARKET_BUY,500.0,252798.0,505.596,10000,0.00%,10500,0.00%,12-06-2026,12-06-2026,Market Purchase,https://nsearchives.nseindia.com/corporate/ixbrl/IT_2952_20260616_111812146_WEB.html
ZYDUSWELL,Zydus Wellness Limited,Samar Babubhai Patel,Promoter Group,2026-06-15,2026-06-17 14:07:57,17-Jun-2026 14:07:57,Equity,Buy,BUY,MARKET_BUY,500.0,254578.0,509.156,10500,0.00%,11000,0.00%,15-06-2026,15-06-2026,Market Purchase,https://nsearchives.nseindia.com/corporate/ixbrl/IT_2952_20260617_140757068_WEB.html
ZYDUSWELL,Zydus Wellness Limited,Samar Babubhai Patel,Promoter Group,2026-06-17,2026-06-18 15:35:55,18-Jun-2026 15:35:55,Equity,Buy,BUY,MARKET_BUY,1000.0,505695.0,505.695,11000,0.00%,12000,0.00%,16-06-2026,17-06-2026,Market Purchase,https://nsearchives.nseindia.com/corporate/ixbrl/IT_2952_20260618_153555710_WEB.html
ZYDUSWELL,ZYDUS WELLNESS LIMITED,Prashant Babubhai Patel,Promoter Group,2026-08-19,2026-08-24 21:53:50,24-Aug-2026 21:53:50,Equity,Buy,BUY,OTHER,27250.0,0.0,0.0,0,0.00%,27250,0.00%,19-08-2026,19-08-2026,Off Market,https://nsearchives.nseindia.com/corporate/ixbrl/IT_2952_20260824_215350235_WEB.html
