Date,Symbol,Open,High,Low,Close,Volume,TurnoverCr
2025-09-10,AFFORDABLE,250.45,273.0,241.85,256.75,266323.0,
2025-09-11,AFFORDABLE,256.75,256.75,238.0,240.15,181080.0,
2025-09-12,AFFORDABLE,242.65,264.15,240.3,254.2,287154.0,
2025-09-15,AFFORDABLE,255.0,258.6,249.3,253.35,53192.0,
2025-09-16,AFFORDABLE,258.0,270.0,255.2,265.8,99559.0,
2025-09-17,AFFORDABLE,271.0,279.9,255.0,259.75,153646.0,
2025-09-18,AFFORDABLE,266.95,266.95,250.7,253.15,191395.0,
2025-09-19,AFFORDABLE,257.6,265.65,253.0,255.55,216751.0,
2025-09-22,AFFORDABLE,259.8,259.8,248.4,249.75,96867.0,
2025-09-23,AFFORDABLE,254.5,254.5,246.0,249.5,381820.0,
2025-09-24,AFFORDABLE,255.15,264.0,252.0,255.15,63391.0,
2025-09-25,AFFORDABLE,259.95,260.0,244.0,245.45,68317.0,
2025-09-26,AFFORDABLE,244.8,248.0,238.75,240.8,52883.0,
2025-09-29,AFFORDABLE,248.0,248.0,221.0,226.9,96843.0,
2025-09-30,AFFORDABLE,232.55,237.75,218.0,229.75,247077.0,
2025-10-01,AFFORDABLE,230.85,250.0,227.98,242.89,216930.0,
2025-10-03,AFFORDABLE,242.89,247.29,236.16,240.84,53164.0,
2025-10-06,AFFORDABLE,247.0,253.99,238.15,243.64,83646.0,
2025-10-07,AFFORDABLE,245.0,258.79,239.5,254.26,113299.0,
2025-10-08,AFFORDABLE,254.26,256.0,244.0,247.01,46611.0,
2025-10-09,AFFORDABLE,250.1,250.1,238.79,246.43,72004.0,
2025-10-10,AFFORDABLE,249.45,253.84,244.28,248.01,55942.0,
2025-10-13,AFFORDABLE,267.0,272.81,261.0,263.13,637990.0,
2025-10-14,AFFORDABLE,264.0,289.0,263.99,284.02,468377.0,
2025-10-15,AFFORDABLE,288.95,288.95,274.41,283.89,151727.0,
2025-10-16,AFFORDABLE,284.9,297.0,278.12,282.33,220740.0,
2025-10-17,AFFORDABLE,280.0,281.8,270.26,274.24,92179.0,
2025-10-20,AFFORDABLE,274.0,277.15,264.23,270.15,65075.0,
2025-10-21,AFFORDABLE,265.0,277.95,264.99,274.12,19395.0,
2025-10-23,AFFORDABLE,274.01,276.92,266.0,268.78,36129.0,
2025-10-24,AFFORDABLE,272.95,272.95,262.5,264.58,33014.0,
2025-10-27,AFFORDABLE,266.3,266.3,254.98,256.47,48087.0,
2025-10-28,AFFORDABLE,258.7,267.23,255.55,256.97,351049.0,
2025-10-29,AFFORDABLE,258.0,259.48,251.72,255.16,54498.0,
2025-10-30,AFFORDABLE,258.0,258.0,248.0,249.64,43984.0,
2025-10-31,AFFORDABLE,251.01,257.0,245.0,253.98,322177.0,
2025-11-03,AFFORDABLE,255.0,262.15,250.1,258.05,89490.0,
2025-11-04,AFFORDABLE,260.1,260.1,250.0,250.7,28716.0,
2025-11-06,AFFORDABLE,252.95,253.05,225.65,242.6,120321.0,
2025-11-07,AFFORDABLE,241.0,241.0,231.4,235.0,68075.0,
2025-11-10,AFFORDABLE,235.0,236.15,228.0,229.75,44904.0,
2025-11-11,AFFORDABLE,231.25,233.0,223.05,226.35,46441.0,
2025-11-12,AFFORDABLE,232.0,238.8,229.05,235.5,69345.0,
2025-11-13,AFFORDABLE,236.0,236.4,230.65,232.1,32489.0,
2025-11-14,AFFORDABLE,232.0,233.1,228.0,230.6,23374.0,
2025-11-17,AFFORDABLE,234.1,234.15,226.6,229.35,32714.0,
2025-11-18,AFFORDABLE,231.0,231.0,221.95,225.9,36250.0,
2025-11-19,AFFORDABLE,225.9,229.95,221.5,223.8,27628.0,
2025-11-20,AFFORDABLE,223.8,226.3,221.0,221.85,22579.0,
2025-11-21,AFFORDABLE,220.0,225.15,216.5,221.95,37818.0,
2025-11-24,AFFORDABLE,223.0,223.8,208.0,211.0,57146.0,
2025-11-25,AFFORDABLE,219.7,225.95,210.0,213.85,37164.0,
2025-11-26,AFFORDABLE,218.0,220.0,215.0,217.95,26903.0,
2025-11-27,AFFORDABLE,221.95,227.95,215.0,222.4,50418.0,
2025-11-28,AFFORDABLE,222.9,231.4,219.3,224.55,46311.0,
2025-12-01,AFFORDABLE,228.0,230.5,222.5,225.3,41071.0,
2025-12-02,AFFORDABLE,225.98,226.61,217.3,219.06,15179.0,
2025-12-03,AFFORDABLE,220.0,225.0,216.59,219.03,13620.0,
2025-12-04,AFFORDABLE,219.0,219.47,212.71,217.57,19749.0,
2025-12-05,AFFORDABLE,218.0,220.0,213.22,215.38,15491.0,
2025-12-08,AFFORDABLE,215.0,218.62,205.71,207.52,37926.0,
2025-12-09,AFFORDABLE,207.0,212.45,204.0,211.52,19908.0,
2025-12-10,AFFORDABLE,211.57,213.9,208.16,211.91,22524.0,
2025-12-11,AFFORDABLE,211.91,213.23,208.32,210.48,19562.0,
2025-12-12,AFFORDABLE,210.03,213.76,208.2,210.36,15049.0,
2025-12-15,AFFORDABLE,212.0,213.94,208.0,212.04,15735.0,
2025-12-16,AFFORDABLE,213.0,214.97,207.72,212.97,28094.0,
2025-12-17,AFFORDABLE,211.05,212.47,203.58,206.34,18916.0,
2025-12-18,AFFORDABLE,206.34,210.46,191.86,194.67,90299.0,
2025-12-19,AFFORDABLE,194.67,198.0,192.68,196.09,33016.0,
2025-12-22,AFFORDABLE,199.0,220.99,198.68,208.31,157407.0,
2025-12-23,AFFORDABLE,208.0,212.5,206.4,208.56,31872.0,
2025-12-24,AFFORDABLE,206.6,212.58,206.6,210.33,33217.0,
2025-12-26,AFFORDABLE,211.6,211.6,206.8,207.89,11003.0,
2025-12-29,AFFORDABLE,211.3,211.75,203.07,204.33,14351.0,
2025-12-30,AFFORDABLE,203.0,205.19,200.0,201.96,20468.0,
2025-12-31,AFFORDABLE,203.94,207.98,198.35,201.85,31647.0,
2026-01-01,AFFORDABLE,204.82,209.0,202.1,204.12,17206.0,
2026-01-02,AFFORDABLE,205.0,210.8,203.44,208.78,29398.0,
2026-01-05,AFFORDABLE,209.9,209.9,203.8,207.53,25656.0,
2026-01-06,AFFORDABLE,208.24,208.24,200.96,201.63,21781.0,
2026-01-07,AFFORDABLE,201.63,206.5,201.63,204.03,19043.0,
2026-01-08,AFFORDABLE,204.05,206.46,197.88,199.54,15101.0,
2026-01-09,AFFORDABLE,200.0,200.0,191.53,193.86,17074.0,
2026-01-12,AFFORDABLE,196.55,196.55,184.82,188.05,29552.0,
2026-01-13,AFFORDABLE,189.04,192.4,183.42,186.34,37253.0,
2026-01-14,AFFORDABLE,186.7,189.08,182.35,184.38,19116.0,
2026-01-16,AFFORDABLE,183.8,188.69,183.79,185.56,16737.0,
2026-01-19,AFFORDABLE,185.56,185.56,178.0,179.37,17741.0,
2026-01-20,AFFORDABLE,177.0,177.58,167.0,169.28,60347.0,
2026-01-21,AFFORDABLE,167.6,173.0,160.62,164.44,44027.0,
2026-01-22,AFFORDABLE,164.46,169.61,164.46,166.71,20776.0,
2026-01-23,AFFORDABLE,170.0,174.51,161.71,164.44,24061.0,
2026-01-27,AFFORDABLE,163.1,164.99,157.53,159.75,28165.0,
2026-01-28,AFFORDABLE,164.99,175.0,160.2,170.95,29657.0,
2026-01-29,AFFORDABLE,174.39,179.86,171.61,173.82,36094.0,
2026-01-30,AFFORDABLE,174.5,175.2,166.9,169.08,28695.0,
2026-02-02,AFFORDABLE,174.0,175.85,164.71,170.37,23654.0,
2026-02-03,AFFORDABLE,180.0,201.0,180.0,193.17,139009.0,
2026-02-04,AFFORDABLE,199.9,200.0,193.85,199.33,30410.0,
2026-02-05,AFFORDABLE,199.0,199.0,188.0,190.56,25149.0,
2026-02-06,AFFORDABLE,193.89,193.89,183.54,189.69,28502.0,
2026-02-09,AFFORDABLE,189.7,208.8,189.7,203.38,66923.0,
2026-02-10,AFFORDABLE,205.7,211.4,204.0,210.21,37499.0,
2026-02-11,AFFORDABLE,212.3,214.0,198.25,208.92,82618.0,
2026-02-12,AFFORDABLE,198.89,205.55,194.18,199.54,58522.0,
2026-02-13,AFFORDABLE,202.55,207.0,196.55,203.67,35369.0,
2026-02-16,AFFORDABLE,207.8,207.8,192.1,194.07,28305.0,
2026-02-17,AFFORDABLE,195.7,211.0,191.73,209.04,69510.0,
2026-02-18,AFFORDABLE,209.0,223.45,202.85,216.77,103331.0,
2026-02-19,AFFORDABLE,220.0,224.89,206.33,208.94,63231.0,
2026-02-20,AFFORDABLE,206.0,209.99,200.35,204.39,25767.0,
2026-02-23,AFFORDABLE,200.15,207.27,196.36,198.28,33509.0,
2026-02-24,AFFORDABLE,194.08,199.77,192.0,195.0,17542.0,
2026-02-25,AFFORDABLE,195.3,199.52,190.45,191.58,26890.0,
2026-02-26,AFFORDABLE,191.58,193.48,177.37,181.17,75225.0,
2026-02-27,AFFORDABLE,182.8,185.38,177.0,178.7,33198.0,
2026-03-02,AFFORDABLE,169.51,180.79,169.51,174.41,37622.0,
2026-03-04,AFFORDABLE,171.01,183.0,171.0,180.02,62923.0,
2026-03-05,AFFORDABLE,182.49,184.99,172.1,173.91,27145.0,
2026-03-06,AFFORDABLE,175.0,176.02,168.36,170.65,23999.0,
2026-03-09,AFFORDABLE,167.5,170.65,163.54,170.02,35610.0,
2026-03-10,AFFORDABLE,172.0,173.03,167.3,172.33,34361.0,
2026-03-11,AFFORDABLE,175.0,178.08,167.6,168.49,35621.0,
2026-03-12,AFFORDABLE,165.6,166.79,162.77,164.34,34231.0,
2026-03-13,AFFORDABLE,163.49,164.22,158.0,159.4,43588.0,
2026-03-16,AFFORDABLE,158.6,159.94,154.42,156.48,33427.0,
2026-03-17,AFFORDABLE,156.45,158.09,150.35,151.59,51045.0,
2026-03-18,AFFORDABLE,151.6,158.58,150.52,151.59,55983.0,
2026-03-19,AFFORDABLE,146.55,151.5,144.1,146.79,104474.0,
2026-03-20,AFFORDABLE,149.7,153.92,141.0,142.09,45016.0,
2026-03-23,AFFORDABLE,142.6,142.6,137.01,139.11,41915.0,
2026-03-24,AFFORDABLE,140.5,144.54,137.0,142.49,61167.0,
2026-03-25,AFFORDABLE,142.5,149.41,140.0,141.82,116340.0,
2026-03-27,AFFORDABLE,140.0,141.26,130.0,131.51,149837.0,
2026-03-30,AFFORDABLE,131.0,131.0,119.71,120.87,142736.0,
2026-04-01,AFFORDABLE,128.0,145.0,128.0,140.94,108708.0,
2026-04-02,AFFORDABLE,139.0,147.56,135.3,144.3,59575.0,
2026-04-06,AFFORDABLE,147.77,159.89,144.66,158.71,113574.0,
2026-04-07,AFFORDABLE,161.0,165.0,155.63,157.15,45138.0,
2026-04-08,AFFORDABLE,163.6,169.0,159.21,167.09,115122.0,
2026-04-09,AFFORDABLE,167.09,174.79,164.44,168.06,81587.0,
2026-04-10,AFFORDABLE,165.54,176.5,165.54,171.19,66044.0,
2026-04-13,AFFORDABLE,171.19,180.99,162.61,176.34,48361.0,
2026-04-15,AFFORDABLE,187.0,190.99,182.41,186.76,72324.0,
2026-04-16,AFFORDABLE,191.0,194.96,182.83,184.43,47118.0,
2026-04-17,AFFORDABLE,188.0,190.5,182.5,186.93,29395.0,
2026-04-20,AFFORDABLE,188.9,188.9,181.5,185.7,16538.0,
2026-04-21,AFFORDABLE,184.0,190.0,184.0,187.82,16564.0,
2026-04-22,AFFORDABLE,185.0,190.2,183.65,187.85,10034.0,
2026-04-23,AFFORDABLE,186.0,187.61,182.0,183.04,16951.0,
2026-04-24,AFFORDABLE,186.65,186.65,179.0,181.27,9638.0,
2026-04-27,AFFORDABLE,184.85,184.85,174.0,180.29,23722.0,
2026-04-28,AFFORDABLE,178.67,179.6,175.2,177.1,9293.0,
2026-04-29,AFFORDABLE,177.98,183.4,176.0,181.16,13331.0,
2026-04-30,AFFORDABLE,182.6,182.6,175.2,178.21,10990.0,
2026-05-04,AFFORDABLE,178.21,178.21,174.0,175.48,15884.0,
2026-05-05,AFFORDABLE,175.48,176.9,172.55,173.7,9086.0,
2026-05-06,AFFORDABLE,173.81,174.9,167.31,171.19,21758.0,
2026-05-07,AFFORDABLE,171.19,175.85,171.19,174.12,13941.0,
2026-05-08,AFFORDABLE,174.95,177.0,173.0,175.94,4882.0,
2026-05-11,AFFORDABLE,175.8,180.9,171.1,178.8,16526.0,
2026-05-12,AFFORDABLE,178.55,182.8,170.6,171.86,9189.0,
2026-05-13,AFFORDABLE,171.0,172.13,164.0,165.27,27749.0,
2026-05-14,AFFORDABLE,164.99,165.95,160.52,161.51,9701.0,
2026-05-15,AFFORDABLE,161.0,162.7,160.0,161.37,6663.0,
2026-05-18,AFFORDABLE,160.0,165.95,156.25,164.49,8115.0,
2026-05-19,AFFORDABLE,164.95,169.05,159.4,163.9,16370.0,
2026-05-20,AFFORDABLE,163.9,166.85,162.8,164.26,5663.0,
2026-05-21,AFFORDABLE,164.85,172.0,161.6,168.94,10163.0,
2026-05-22,AFFORDABLE,169.97,173.6,168.0,169.87,9108.0,
2026-05-25,AFFORDABLE,174.11,174.11,164.6,171.31,9218.0,
2026-05-26,AFFORDABLE,174.89,174.89,165.2,173.06,13120.0,
2026-05-27,AFFORDABLE,172.98,172.98,169.25,171.09,5139.0,
2026-05-29,AFFORDABLE,175.86,175.86,169.0,172.52,11721.0,
2026-06-01,AFFORDABLE,179.0,181.14,176.6,181.14,24905.0,
2026-06-02,AFFORDABLE,189.8,189.8,183.0,185.94,35052.0,
2026-06-03,AFFORDABLE,187.55,187.6,181.3,185.0,16172.0,
2026-06-04,AFFORDABLE,188.9,188.9,175.75,176.68,14647.0,
2026-06-05,AFFORDABLE,179.5,179.79,170.2,172.41,12374.0,
2026-06-08,AFFORDABLE,172.9,174.99,169.0,171.29,15685.0,
2026-06-09,AFFORDABLE,171.99,179.85,168.7,178.82,20095.0,
2026-06-10,AFFORDABLE,183.0,184.8,175.5,178.44,15159.0,
2026-06-11,AFFORDABLE,181.0,181.0,172.61,173.43,10896.0,
2026-06-12,AFFORDABLE,176.9,178.0,169.5,176.8,12475.0,
2026-06-15,AFFORDABLE,182.95,185.0,172.68,174.42,29541.0,
2026-06-16,AFFORDABLE,175.98,176.99,170.55,172.48,10150.0,
2026-06-17,AFFORDABLE,171.0,174.9,168.55,171.61,22309.0,
2026-06-18,AFFORDABLE,172.46,172.98,167.8,169.26,25630.0,
2026-06-19,AFFORDABLE,170.0,172.79,169.26,171.39,13158.0,
2026-06-22,AFFORDABLE,171.39,171.39,169.6,170.48,18340.0,
2026-06-23,AFFORDABLE,170.0,176.7,170.0,174.42,19011.0,
2026-06-24,AFFORDABLE,174.3,174.3,170.0,172.4,12636.0,
2026-06-25,AFFORDABLE,171.54,173.94,165.2,169.49,12449.0,
2026-06-29,AFFORDABLE,172.0,172.48,167.3,167.89,7854.0,
2026-06-30,AFFORDABLE,167.0,172.47,166.05,169.24,7074.0,
2026-07-01,AFFORDABLE,172.25,174.0,168.02,173.26,13834.0,
2026-07-02,AFFORDABLE,170.0,174.0,170.0,172.36,17653.0,
2026-07-03,AFFORDABLE,172.33,175.0,170.55,174.0,14314.0,
2026-07-06,AFFORDABLE,174.98,179.95,172.0,178.49,19513.0,
2026-07-07,AFFORDABLE,178.49,181.9,175.8,177.67,12473.0,
2026-07-08,AFFORDABLE,177.0,177.6,169.0,169.25,16826.0,
2026-07-09,AFFORDABLE,169.25,172.79,162.6,169.72,12340.0,
2026-07-10,AFFORDABLE,169.16,174.8,164.6,173.33,16835.0,
2026-07-13,AFFORDABLE,173.33,181.99,169.31,181.99,33184.0,
2026-07-14,AFFORDABLE,181.99,191.08,181.0,191.08,28346.0,
2026-07-15,AFFORDABLE,200.63,200.63,195.0,200.63,42022.0,
2026-07-16,AFFORDABLE,204.0,210.66,190.7,208.04,76968.0,
2026-07-17,AFFORDABLE,209.9,213.1,200.5,201.51,31294.0,
2026-07-20,AFFORDABLE,201.51,201.51,191.44,191.44,15366.0,
2026-07-21,AFFORDABLE,188.0,196.5,182.06,196.02,28661.0,
2026-07-22,AFFORDABLE,195.99,197.98,186.22,188.48,24719.0,
2026-07-23,AFFORDABLE,185.0,191.84,181.3,185.48,10363.0,
2026-07-24,AFFORDABLE,183.0,185.8,177.2,183.49,20899.0,
2026-07-27,AFFORDABLE,186.9,186.95,180.81,184.13,7372.0,
2026-07-28,AFFORDABLE,184.13,187.95,181.0,183.08,9743.0,
2026-07-29,AFFORDABLE,185.85,185.85,177.61,178.77,6881.0,
2026-07-30,AFFORDABLE,180.8,183.86,177.1,181.6,9808.0,
2026-07-31,AFFORDABLE,181.6,183.79,179.01,180.86,7609.0,
2026-08-03,AFFORDABLE,182.95,182.95,175.3,177.54,12142.0,
2026-08-04,AFFORDABLE,178.9,181.9,173.0,180.29,10863.0,
2026-08-05,AFFORDABLE,179.97,182.4,177.6,181.77,12852.0,
2026-08-06,AFFORDABLE,180.87,190.85,180.01,190.85,17931.0,
2026-08-07,AFFORDABLE,200.2,200.2,193.01,196.05,23434.0,
2026-08-10,AFFORDABLE,198.9,199.0,190.25,193.77,11482.0,
2026-08-11,AFFORDABLE,190.65,194.99,188.74,192.56,8352.0,
2026-08-12,AFFORDABLE,190.05,192.5,184.2,185.49,11476.0,
2026-08-13,AFFORDABLE,185.49,192.0,182.0,191.46,11413.0,
2026-08-14,AFFORDABLE,181.89,181.89,181.89,181.89,9572.0,
2026-08-17,AFFORDABLE,172.86,177.0,172.8,172.8,23224.0,
2026-08-18,AFFORDABLE,172.5,172.5,164.16,164.16,52609.0,
2026-08-19,AFFORDABLE,160.05,172.36,160.05,170.0,29759.0,
2026-08-20,AFFORDABLE,171.0,171.0,164.0,164.71,37564.0,
2026-08-21,AFFORDABLE,164.7,169.18,162.01,166.81,13464.0,
2026-08-24,AFFORDABLE,169.98,169.98,165.3,165.84,12740.0,
2026-08-25,AFFORDABLE,169.29,169.29,161.11,162.99,10966.0,
2026-08-26,AFFORDABLE,165.99,167.9,163.99,165.92,13642.0,
2026-08-27,AFFORDABLE,163.55,169.55,162.1,167.47,8922.0,
2026-08-28,AFFORDABLE,166.0,168.95,162.15,165.31,5551.0,
2026-08-31,AFFORDABLE,164.99,165.31,157.05,161.13,10121.0,
2026-09-01,AFFORDABLE,160.05,163.96,155.01,157.07,16546.0,
2026-09-02,AFFORDABLE,160.99,161.8,157.05,159.41,7436.0,
2026-09-03,AFFORDABLE,163.88,163.88,159.0,159.68,12094.0,
2026-09-04,AFFORDABLE,164.93,164.93,155.15,157.47,21622.0,
2026-09-07,AFFORDABLE,156.1,162.0,155.71,160.03,23084.0,
2026-09-08,AFFORDABLE,160.55,168.03,159.32,164.23,38881.0,
2026-09-09,AFFORDABLE,166.0,166.0,157.21,161.71,23690.0,
2026-09-10,AFFORDABLE,161.94,165.19,160.5,162.34,29015.0,
2026-09-11,AFFORDABLE,165.9,165.9,157.9,159.88,15027.0,
2026-09-15,AFFORDABLE,159.09,161.88,156.01,158.93,16702.0,
2026-09-16,AFFORDABLE,158.0,162.86,153.61,162.29,20433.0,
2026-09-17,AFFORDABLE,165.99,169.0,156.91,167.31,20592.0,
2026-09-18,AFFORDABLE,164.0,175.0,162.93,172.31,29285.0,
2026-09-21,AFFORDABLE,177.0,177.0,167.61,168.63,10396.0,
2026-09-22,AFFORDABLE,172.5,172.5,168.0,170.77,16709.0,
2026-09-23,AFFORDABLE,173.0,179.3,166.5,174.65,33674.0,
2026-09-24,AFFORDABLE,174.65,183.38,169.47,177.35,60546.0,
2025-09-10,ALEMBICLTD,104.0,105.96,103.56,104.66,235257.0,
2025-09-11,ALEMBICLTD,105.04,105.8,103.71,103.99,221974.0,
2025-09-12,ALEMBICLTD,104.24,104.66,102.5,103.16,256898.0,
2025-09-15,ALEMBICLTD,103.59,105.95,103.59,105.48,325720.0,
2025-09-16,ALEMBICLTD,105.43,108.29,105.0,107.86,606845.0,
2025-09-17,ALEMBICLTD,108.0,108.5,106.26,106.93,280731.0,
2025-09-18,ALEMBICLTD,107.06,107.77,106.0,106.49,193085.0,
2025-09-19,ALEMBICLTD,106.35,107.05,106.2,106.53,155419.0,
2025-09-22,ALEMBICLTD,106.1,107.96,104.94,105.11,176877.0,
2025-09-23,ALEMBICLTD,105.3,105.89,103.6,104.33,184535.0,
2025-09-24,ALEMBICLTD,104.31,104.8,103.48,104.19,168155.0,
2025-09-25,ALEMBICLTD,104.19,104.79,102.8,103.11,153139.0,
2025-09-26,ALEMBICLTD,103.9,104.5,99.4,99.78,507054.0,
2025-09-29,ALEMBICLTD,100.8,101.36,99.62,100.47,252304.0,
2025-09-30,ALEMBICLTD,100.49,100.5,99.4,99.78,181199.0,
2025-10-01,ALEMBICLTD,99.78,104.28,99.5,103.45,495629.0,
2025-10-03,ALEMBICLTD,103.0,103.66,102.56,103.37,156367.0,
2025-10-06,ALEMBICLTD,103.25,103.29,102.0,102.14,175157.0,
2025-10-07,ALEMBICLTD,102.15,102.66,101.32,101.61,217608.0,
2025-10-08,ALEMBICLTD,101.65,101.9,100.03,100.94,240431.0,
2025-10-09,ALEMBICLTD,100.26,101.0,99.9,100.18,192687.0,
2025-10-10,ALEMBICLTD,100.39,101.0,100.25,100.51,159178.0,
2025-10-13,ALEMBICLTD,99.99,100.39,96.31,98.33,456691.0,
2025-10-14,ALEMBICLTD,98.99,98.99,96.6,97.58,259951.0,
2025-10-15,ALEMBICLTD,97.5,99.9,97.0,99.66,207465.0,
2025-10-16,ALEMBICLTD,99.8,100.19,97.0,97.9,483865.0,
2025-10-17,ALEMBICLTD,98.35,100.65,97.58,99.95,529255.0,
2025-10-20,ALEMBICLTD,101.0,101.6,99.0,101.44,237278.0,
2025-10-21,ALEMBICLTD,101.5,102.8,101.5,102.56,178225.0,
2025-10-23,ALEMBICLTD,102.7,103.4,100.64,100.91,202240.0,
2025-10-24,ALEMBICLTD,100.61,101.57,100.0,100.8,165114.0,
2025-10-27,ALEMBICLTD,101.7,101.7,100.1,100.28,148923.0,
2025-10-28,ALEMBICLTD,100.77,100.94,96.7,98.83,259576.0,
2025-10-29,ALEMBICLTD,99.25,102.18,98.85,100.84,507871.0,
2025-10-30,ALEMBICLTD,100.49,101.55,99.6,100.42,166237.0,
2025-10-31,ALEMBICLTD,100.42,100.5,99.1,99.4,176384.0,
2025-11-03,ALEMBICLTD,99.5,102.49,99.44,101.95,364147.0,
2025-11-04,ALEMBICLTD,101.95,103.39,101.2,102.33,407347.0,
2025-11-06,ALEMBICLTD,102.9,102.9,99.27,99.79,244467.0,
2025-11-07,ALEMBICLTD,99.79,99.9,98.07,99.61,219086.0,
2025-11-10,ALEMBICLTD,100.0,100.23,97.81,98.05,273916.0,
2025-11-11,ALEMBICLTD,100.86,101.25,98.81,100.56,391773.0,
2025-11-12,ALEMBICLTD,100.8,101.4,99.1,99.76,280121.0,
2025-11-13,ALEMBICLTD,100.0,103.0,100.0,100.95,529902.0,
2025-11-14,ALEMBICLTD,100.6,101.55,100.11,101.34,245537.0,
2025-11-17,ALEMBICLTD,102.4,103.4,101.78,102.03,393898.0,
2025-11-18,ALEMBICLTD,102.0,102.1,99.7,99.96,246982.0,
2025-11-19,ALEMBICLTD,100.0,100.0,99.3,99.67,140292.0,
2025-11-20,ALEMBICLTD,100.0,100.01,98.5,98.95,134690.0,
2025-11-21,ALEMBICLTD,98.95,99.8,98.0,98.51,257941.0,
2025-11-24,ALEMBICLTD,98.51,98.79,97.51,97.87,118658.0,
2025-11-25,ALEMBICLTD,97.9,98.54,97.38,97.77,149171.0,
2025-11-26,ALEMBICLTD,97.9,99.9,97.73,99.02,113918.0,
2025-11-27,ALEMBICLTD,99.1,100.68,98.86,99.99,283307.0,
2025-11-28,ALEMBICLTD,99.15,100.25,99.15,100.04,141466.0,
2025-12-01,ALEMBICLTD,100.0,100.35,98.62,100.22,195039.0,
2025-12-02,ALEMBICLTD,100.11,104.5,98.84,102.31,1311702.0,
2025-12-03,ALEMBICLTD,102.99,106.39,102.05,102.6,1734095.0,
2025-12-04,ALEMBICLTD,103.0,103.29,101.3,102.74,284931.0,
2025-12-05,ALEMBICLTD,102.8,102.81,100.25,100.85,248072.0,
2025-12-08,ALEMBICLTD,100.99,102.31,97.41,97.96,412548.0,
2025-12-09,ALEMBICLTD,97.97,98.39,94.83,98.06,359715.0,
2025-12-10,ALEMBICLTD,98.49,99.18,97.25,97.68,219827.0,
2025-12-11,ALEMBICLTD,98.0,99.89,96.27,99.02,275752.0,
2025-12-12,ALEMBICLTD,99.02,102.46,99.0,102.1,518694.0,
2025-12-15,ALEMBICLTD,102.1,104.6,101.36,102.35,379321.0,
2025-12-16,ALEMBICLTD,101.9,102.5,101.1,102.35,173263.0,
2025-12-17,ALEMBICLTD,102.2,102.62,101.05,101.7,113746.0,
2025-12-18,ALEMBICLTD,101.45,101.45,99.7,99.95,149660.0,
2025-12-19,ALEMBICLTD,100.3,101.2,99.7,99.88,207536.0,
2025-12-22,ALEMBICLTD,100.75,102.0,100.48,101.28,186226.0,
2025-12-23,ALEMBICLTD,101.3,102.5,100.87,101.84,161166.0,
2025-12-24,ALEMBICLTD,101.85,102.92,101.0,101.11,178235.0,
2025-12-26,ALEMBICLTD,100.4,102.0,100.26,100.85,151834.0,
2025-12-29,ALEMBICLTD,100.9,101.57,99.95,100.06,171523.0,
2025-12-30,ALEMBICLTD,100.66,100.66,99.21,99.95,123927.0,
2025-12-31,ALEMBICLTD,101.0,101.3,100.39,101.19,184404.0,
2026-01-01,ALEMBICLTD,101.19,102.45,100.9,102.08,181633.0,
2026-01-02,ALEMBICLTD,102.22,103.6,101.94,103.37,297137.0,
2026-01-05,ALEMBICLTD,105.0,105.0,101.35,101.59,217555.0,
2026-01-06,ALEMBICLTD,101.98,101.98,100.13,100.6,126520.0,
2026-01-07,ALEMBICLTD,100.6,101.49,100.0,100.66,155970.0,
2026-01-08,ALEMBICLTD,100.76,100.98,98.11,98.52,214731.0,
2026-01-09,ALEMBICLTD,98.52,99.24,97.01,98.01,302623.0,
2026-01-12,ALEMBICLTD,98.01,98.44,97.0,97.86,395367.0,
2026-01-13,ALEMBICLTD,97.5,99.4,97.38,98.45,225146.0,
2026-01-14,ALEMBICLTD,98.34,98.4,97.3,97.54,163842.0,
2026-01-16,ALEMBICLTD,97.26,98.05,95.71,96.17,261239.0,
2026-01-19,ALEMBICLTD,95.8,95.9,95.0,95.16,157293.0,
2026-01-20,ALEMBICLTD,95.31,95.31,91.2,91.77,327008.0,
2026-01-21,ALEMBICLTD,90.9,92.24,89.8,91.16,303750.0,
2026-01-22,ALEMBICLTD,92.4,93.8,91.59,93.54,137988.0,
2026-01-23,ALEMBICLTD,94.0,94.0,91.0,91.89,175819.0,
2026-01-27,ALEMBICLTD,91.98,92.34,89.97,91.34,206648.0,
2026-01-28,ALEMBICLTD,91.35,93.89,90.96,93.4,174577.0,
2026-01-29,ALEMBICLTD,93.0,93.51,91.5,93.06,141171.0,
2026-01-30,ALEMBICLTD,93.49,94.22,91.46,92.93,196080.0,
2026-02-02,ALEMBICLTD,92.2,92.6,89.9,92.18,168918.0,
2026-02-03,ALEMBICLTD,95.02,96.1,93.52,94.67,148796.0,
2026-02-04,ALEMBICLTD,94.67,96.5,93.66,96.23,143475.0,
2026-02-05,ALEMBICLTD,96.0,97.49,94.8,96.98,154047.0,
2026-02-06,ALEMBICLTD,96.49,97.61,95.41,97.12,168342.0,
2026-02-09,ALEMBICLTD,97.57,99.89,97.57,98.89,300939.0,
2026-02-10,ALEMBICLTD,99.06,100.87,98.85,100.11,325251.0,
2026-02-11,ALEMBICLTD,100.7,100.7,98.1,99.12,146907.0,
2026-02-12,ALEMBICLTD,99.45,99.56,98.13,98.58,168717.0,
2026-02-13,ALEMBICLTD,96.99,96.99,94.2,95.47,244042.0,
2026-02-16,ALEMBICLTD,95.47,96.09,94.0,94.92,147583.0,
2026-02-17,ALEMBICLTD,94.85,97.01,94.06,95.71,198230.0,
2026-02-18,ALEMBICLTD,96.0,96.13,95.0,95.59,112222.0,
2026-02-19,ALEMBICLTD,96.0,96.0,93.0,93.52,204725.0,
2026-02-20,ALEMBICLTD,95.35,95.35,93.0,93.96,130220.0,
2026-02-23,ALEMBICLTD,94.05,95.9,93.96,94.76,146139.0,
2026-02-24,ALEMBICLTD,94.5,94.75,91.45,92.47,268112.0,
2026-02-25,ALEMBICLTD,92.5,93.74,91.77,92.1,125607.0,
2026-02-26,ALEMBICLTD,92.19,92.88,90.1,91.14,372342.0,
2026-02-27,ALEMBICLTD,91.2,92.6,90.72,91.72,193348.0,
2026-03-02,ALEMBICLTD,86.8,91.0,86.8,88.88,339190.0,
2026-03-04,ALEMBICLTD,87.5,87.71,84.62,86.3,326050.0,
2026-03-05,ALEMBICLTD,87.7,89.75,87.3,88.86,279208.0,
2026-03-06,ALEMBICLTD,88.66,88.66,86.92,87.15,184882.0,
2026-03-09,ALEMBICLTD,86.99,86.99,84.05,85.39,192936.0,
2026-03-10,ALEMBICLTD,86.1,87.12,84.5,84.77,385740.0,
2026-03-11,ALEMBICLTD,85.06,86.33,84.51,84.79,177931.0,
2026-03-12,ALEMBICLTD,84.3,84.52,82.75,82.97,320310.0,
2026-03-13,ALEMBICLTD,82.5,83.8,80.0,80.75,378755.0,
2026-03-16,ALEMBICLTD,80.99,81.01,77.94,79.5,415541.0,
2026-03-17,ALEMBICLTD,79.61,83.0,78.59,79.44,443135.0,
2026-03-18,ALEMBICLTD,79.7,82.26,79.7,81.36,295143.0,
2026-03-19,ALEMBICLTD,80.0,80.9,78.0,78.38,247492.0,
2026-03-20,ALEMBICLTD,78.85,80.45,78.75,79.9,130101.0,
2026-03-23,ALEMBICLTD,77.78,78.37,74.93,75.33,490303.0,
2026-03-24,ALEMBICLTD,77.0,77.49,76.01,76.88,367758.0,
2026-03-25,ALEMBICLTD,77.4,80.15,77.4,79.27,344393.0,
2026-03-27,ALEMBICLTD,78.46,78.6,74.9,75.39,687701.0,
2026-03-30,ALEMBICLTD,74.9,74.91,70.46,70.9,681261.0,
2026-04-01,ALEMBICLTD,72.09,77.08,72.09,76.49,362653.0,
2026-04-02,ALEMBICLTD,75.0,78.01,73.41,77.87,281400.0,
2026-04-06,ALEMBICLTD,78.0,81.0,76.04,80.39,307414.0,
2026-04-07,ALEMBICLTD,80.39,81.59,79.0,80.76,255930.0,
2026-04-08,ALEMBICLTD,85.0,86.22,83.0,85.62,326523.0,
2026-04-09,ALEMBICLTD,86.45,86.91,83.9,84.67,346159.0,
2026-04-10,ALEMBICLTD,84.8,86.45,84.8,86.09,159157.0,
2026-04-13,ALEMBICLTD,83.4,85.92,83.04,84.64,161681.0,
2026-04-15,ALEMBICLTD,86.0,88.8,86.0,88.17,352176.0,
2026-04-16,ALEMBICLTD,88.85,89.6,88.01,89.44,193980.0,
2026-04-17,ALEMBICLTD,91.0,91.89,90.0,91.45,313927.0,
2026-04-20,ALEMBICLTD,91.0,91.49,89.51,90.22,240701.0,
2026-04-21,ALEMBICLTD,90.0,94.2,89.9,93.77,562035.0,
2026-04-22,ALEMBICLTD,94.5,95.0,93.0,93.12,388895.0,
2026-04-23,ALEMBICLTD,92.49,94.34,92.42,93.43,182690.0,
2026-04-24,ALEMBICLTD,94.26,94.32,91.0,91.42,136073.0,
2026-04-27,ALEMBICLTD,91.5,93.2,91.5,92.39,168802.0,
2026-04-28,ALEMBICLTD,92.8,93.38,91.52,92.27,115257.0,
2026-04-29,ALEMBICLTD,93.0,93.66,92.4,93.23,149228.0,
2026-04-30,ALEMBICLTD,92.68,92.68,90.0,91.2,248929.0,
2026-05-04,ALEMBICLTD,91.2,92.95,91.12,91.57,134252.0,
2026-05-05,ALEMBICLTD,91.57,92.55,90.1,91.13,137727.0,
2026-05-06,ALEMBICLTD,91.5,93.31,91.5,93.08,247140.0,
2026-05-07,ALEMBICLTD,93.08,96.37,92.7,95.34,538484.0,
2026-05-08,ALEMBICLTD,95.42,95.5,94.35,94.89,160433.0,
2026-05-11,ALEMBICLTD,94.75,94.75,92.0,92.62,177930.0,
2026-05-12,ALEMBICLTD,92.0,92.94,89.8,90.43,219737.0,
2026-05-13,ALEMBICLTD,89.0,90.64,88.8,89.93,215987.0,
2026-05-14,ALEMBICLTD,90.0,91.75,89.7,91.34,180369.0,
2026-05-15,ALEMBICLTD,91.8,92.1,89.62,89.95,109204.0,
2026-05-18,ALEMBICLTD,89.65,89.65,86.8,88.36,237044.0,
2026-05-19,ALEMBICLTD,88.55,91.26,88.55,89.84,179530.0,
2026-05-20,ALEMBICLTD,87.0,88.57,86.02,87.27,371452.0,
2026-05-21,ALEMBICLTD,88.75,89.76,87.06,87.41,172234.0,
2026-05-22,ALEMBICLTD,87.03,88.1,87.03,87.34,136619.0,
2026-05-25,ALEMBICLTD,88.19,89.5,86.5,87.62,313434.0,
2026-05-26,ALEMBICLTD,87.62,88.89,87.51,87.91,170557.0,
2026-05-27,ALEMBICLTD,88.12,88.12,86.97,87.13,256271.0,
2026-05-29,ALEMBICLTD,87.4,88.9,87.26,87.64,276516.0,
2026-06-01,ALEMBICLTD,88.95,88.95,85.76,86.65,189020.0,
2026-06-02,ALEMBICLTD,86.41,88.28,85.86,87.35,183167.0,
2026-06-03,ALEMBICLTD,87.0,87.1,84.44,86.0,225970.0,
2026-06-04,ALEMBICLTD,85.86,86.95,85.07,86.0,241079.0,
2026-06-05,ALEMBICLTD,87.02,88.4,86.1,87.12,326110.0,
2026-06-08,ALEMBICLTD,86.9,87.4,85.2,85.73,131380.0,
2026-06-09,ALEMBICLTD,85.75,87.68,85.56,86.73,154241.0,
2026-06-10,ALEMBICLTD,87.0,88.3,86.0,86.16,179207.0,
2026-06-11,ALEMBICLTD,86.25,86.3,85.05,85.36,61573.0,
2026-06-12,ALEMBICLTD,86.96,87.51,85.3,87.06,205247.0,
2026-06-15,ALEMBICLTD,89.5,90.55,88.01,89.38,347028.0,
2026-06-16,ALEMBICLTD,89.38,90.0,88.41,89.25,162109.0,
2026-06-17,ALEMBICLTD,89.69,91.75,89.08,90.79,337113.0,
2026-06-18,ALEMBICLTD,91.94,95.53,91.79,93.77,845453.0,
2026-06-19,ALEMBICLTD,93.75,94.1,89.36,89.98,2079838.0,
2026-06-22,ALEMBICLTD,91.29,92.0,90.37,91.33,424306.0,
2026-06-23,ALEMBICLTD,92.8,95.5,91.1,91.93,1468639.0,
2026-06-24,ALEMBICLTD,91.9,93.15,91.5,92.3,331378.0,
2026-06-25,ALEMBICLTD,92.3,92.9,91.35,91.54,227735.0,
2026-06-29,ALEMBICLTD,91.54,91.86,89.91,90.4,225942.0,
2026-06-30,ALEMBICLTD,90.6,92.4,90.39,91.58,206773.0,
2026-07-01,ALEMBICLTD,92.0,92.8,91.18,91.54,248321.0,
2026-07-02,ALEMBICLTD,91.91,93.9,91.54,93.31,416644.0,
2026-07-03,ALEMBICLTD,93.4,93.77,92.4,92.86,162004.0,
2026-07-06,ALEMBICLTD,92.5,92.86,91.0,91.67,127762.0,
2026-07-07,ALEMBICLTD,91.5,91.91,90.05,90.79,197824.0,
2026-07-08,ALEMBICLTD,90.79,91.55,87.51,87.87,264160.0,
2026-07-09,ALEMBICLTD,88.3,89.88,88.1,88.76,177685.0,
2026-07-10,ALEMBICLTD,88.99,90.4,88.99,89.97,169050.0,
2026-07-13,ALEMBICLTD,89.5,90.5,88.98,89.84,173711.0,
2026-07-14,ALEMBICLTD,89.45,89.82,88.4,88.97,192650.0,
2026-07-15,ALEMBICLTD,88.97,90.22,88.92,89.48,277553.0,
2026-07-16,ALEMBICLTD,89.5,90.22,89.0,89.51,383207.0,
2026-07-17,ALEMBICLTD,89.51,89.81,88.06,88.42,136984.0,
2026-07-20,ALEMBICLTD,88.12,90.99,88.12,90.27,144325.0,
2026-07-21,ALEMBICLTD,91.14,91.14,90.11,90.37,98543.0,
2026-07-22,ALEMBICLTD,90.37,90.41,88.1,88.59,159288.0,
2026-07-23,ALEMBICLTD,88.1,89.11,87.88,88.3,94263.0,
2026-07-24,ALEMBICLTD,87.9,88.8,86.81,87.94,234145.0,
2026-07-27,ALEMBICLTD,88.0,90.85,88.0,90.15,223367.0,
2026-07-28,ALEMBICLTD,90.02,90.75,89.01,89.23,127695.0,
2026-07-29,ALEMBICLTD,89.32,90.75,89.32,90.28,166165.0,
2026-07-30,ALEMBICLTD,90.73,90.86,89.5,89.63,196795.0,
2026-07-31,ALEMBICLTD,90.0,91.35,89.65,91.13,223183.0,
2026-08-03,ALEMBICLTD,91.35,92.17,91.07,91.67,594583.0,
2026-08-04,ALEMBICLTD,89.0,89.1,87.6,88.55,418274.0,
2026-08-05,ALEMBICLTD,88.6,88.99,86.5,87.14,370022.0,
2026-08-06,ALEMBICLTD,87.5,87.5,86.5,86.66,272858.0,
2026-08-07,ALEMBICLTD,86.66,86.97,84.01,84.75,405809.0,
2026-08-10,ALEMBICLTD,84.94,85.92,83.0,84.84,209367.0,
2026-08-11,ALEMBICLTD,84.84,86.94,84.65,86.73,238817.0,
2026-08-12,ALEMBICLTD,86.5,86.5,83.31,84.79,341002.0,
2026-08-13,ALEMBICLTD,84.76,84.96,83.2,83.39,181457.0,
2026-08-14,ALEMBICLTD,83.35,87.56,83.12,86.85,445111.0,
2026-08-17,ALEMBICLTD,87.75,90.6,85.78,90.15,600808.0,
2026-08-18,ALEMBICLTD,90.31,90.4,87.8,89.87,276330.0,
2026-08-19,ALEMBICLTD,89.15,89.87,87.8,88.43,236169.0,
2026-08-20,ALEMBICLTD,88.0,92.6,88.0,91.63,740114.0,
2026-08-21,ALEMBICLTD,92.0,93.2,90.42,92.73,636995.0,
2026-08-24,ALEMBICLTD,93.4,93.4,91.23,91.64,281312.0,
2026-08-25,ALEMBICLTD,92.37,97.0,91.16,94.66,1990793.0,
2026-08-26,ALEMBICLTD,95.86,99.41,95.03,98.7,1303903.0,
2026-08-27,ALEMBICLTD,99.0,104.45,97.85,102.77,2895906.0,
2026-08-28,ALEMBICLTD,102.77,103.23,99.47,100.04,645251.0,
2026-08-31,ALEMBICLTD,100.04,100.04,97.0,98.74,925255.0,
2026-09-01,ALEMBICLTD,99.0,101.87,96.95,98.85,848069.0,
2026-09-02,ALEMBICLTD,98.85,101.0,98.0,100.14,645226.0,
2026-09-03,ALEMBICLTD,100.52,117.72,100.52,109.51,35036495.0,
2026-09-04,ALEMBICLTD,111.6,114.8,109.81,111.41,5309246.0,
2026-09-07,ALEMBICLTD,112.3,114.34,107.53,108.05,1721715.0,
2026-09-08,ALEMBICLTD,109.1,112.08,107.24,109.73,1417837.0,
2026-09-09,ALEMBICLTD,109.73,109.73,106.08,106.95,694090.0,
2026-09-10,ALEMBICLTD,106.1,109.9,105.55,106.5,819704.0,
2026-09-11,ALEMBICLTD,105.32,105.9,103.14,104.33,698680.0,
2026-09-15,ALEMBICLTD,105.3,106.49,100.0,100.51,840743.0,
2026-09-16,ALEMBICLTD,100.5,101.57,97.4,98.95,707870.0,
2026-09-17,ALEMBICLTD,99.0,105.75,99.0,102.72,1416945.0,
2026-09-18,ALEMBICLTD,102.1,106.0,102.1,102.63,829029.0,
2026-09-21,ALEMBICLTD,102.95,105.39,102.21,103.54,427143.0,
2026-09-22,ALEMBICLTD,103.54,106.7,102.56,104.79,709434.0,
2026-09-23,ALEMBICLTD,105.9,108.0,105.2,106.04,694993.0,
2026-09-24,ALEMBICLTD,105.0,107.85,104.5,107.18,1227728.0,
2025-09-10,ASAHISONG,284.2,293.25,283.0,287.45,11461.0,
2025-09-11,ASAHISONG,291.0,292.0,285.0,286.45,21380.0,
2025-09-12,ASAHISONG,290.75,293.35,284.9,287.05,23889.0,
2025-09-15,ASAHISONG,289.0,289.4,273.95,280.25,38607.0,
2025-09-16,ASAHISONG,284.45,296.5,282.55,287.1,11599.0,
2025-09-17,ASAHISONG,286.0,291.4,280.1,281.6,13665.0,
2025-09-18,ASAHISONG,285.8,293.45,282.05,282.5,10945.0,
2025-09-19,ASAHISONG,286.75,286.75,282.5,283.35,4874.0,
2025-09-22,ASAHISONG,281.0,291.5,280.05,284.1,9523.0,
2025-09-23,ASAHISONG,286.4,289.85,284.05,288.05,5864.0,
2025-09-24,ASAHISONG,282.2,294.25,281.05,283.6,9616.0,
2025-09-25,ASAHISONG,284.55,289.0,279.15,285.8,14612.0,
2025-09-26,ASAHISONG,289.95,289.95,281.25,286.55,5848.0,
2025-09-29,ASAHISONG,286.55,290.6,275.25,277.85,10871.0,
2025-09-30,ASAHISONG,281.1,281.1,275.25,277.55,3301.0,
2025-10-01,ASAHISONG,279.85,280.3,275.25,276.55,3766.0,
2025-10-03,ASAHISONG,278.8,285.35,277.0,281.65,3907.0,
2025-10-06,ASAHISONG,282.0,305.0,279.2,299.8,57536.0,
2025-10-07,ASAHISONG,302.8,302.8,288.2,289.9,7555.0,
2025-10-08,ASAHISONG,290.05,290.05,283.55,285.9,5248.0,
2025-10-09,ASAHISONG,290.0,290.0,285.25,285.8,2678.0,
2025-10-10,ASAHISONG,287.45,289.45,278.0,279.0,11781.0,
2025-10-13,ASAHISONG,282.9,282.9,268.4,269.65,17717.0,
2025-10-14,ASAHISONG,270.5,272.0,260.0,261.4,14696.0,
2025-10-15,ASAHISONG,265.25,278.0,265.25,274.55,10424.0,
2025-10-16,ASAHISONG,278.7,284.3,271.3,273.9,14475.0,
2025-10-17,ASAHISONG,277.6,284.2,268.0,269.75,21657.0,
2025-10-20,ASAHISONG,266.2,282.0,266.2,276.7,11585.0,
2025-10-21,ASAHISONG,271.0,283.0,271.0,282.3,4749.0,
2025-10-23,ASAHISONG,286.5,286.5,274.0,275.8,12439.0,
2025-10-24,ASAHISONG,275.8,282.95,273.0,275.65,7862.0,
2025-10-27,ASAHISONG,275.85,281.95,275.85,279.1,4451.0,
2025-10-28,ASAHISONG,281.7,286.5,274.2,285.1,13348.0,
2025-10-29,ASAHISONG,285.3,293.75,282.6,288.65,29689.0,
2025-10-30,ASAHISONG,291.95,291.95,281.35,284.55,8272.0,
2025-10-31,ASAHISONG,285.7,288.25,272.25,275.55,8687.0,
2025-11-03,ASAHISONG,277.05,284.8,277.05,283.45,8911.0,
2025-11-04,ASAHISONG,284.9,285.25,277.2,278.6,7125.0,
2025-11-06,ASAHISONG,278.0,278.0,270.05,272.2,6777.0,
2025-11-07,ASAHISONG,273.7,273.7,268.65,271.25,2716.0,
2025-11-10,ASAHISONG,275.0,275.0,263.25,265.5,7684.0,
2025-11-11,ASAHISONG,266.7,268.0,245.5,254.5,27161.0,
2025-11-12,ASAHISONG,256.9,271.95,255.0,262.25,29792.0,
2025-11-13,ASAHISONG,262.75,262.75,256.2,260.25,9791.0,
2025-11-14,ASAHISONG,263.0,265.95,261.1,264.65,4973.0,
2025-11-17,ASAHISONG,264.65,265.5,259.0,262.6,16693.0,
2025-11-18,ASAHISONG,257.7,263.3,257.7,258.65,12182.0,
2025-11-19,ASAHISONG,260.7,260.7,257.0,257.1,4528.0,
2025-11-20,ASAHISONG,258.5,264.0,256.2,260.0,4888.0,
2025-11-21,ASAHISONG,260.85,261.95,256.55,258.2,2145.0,
2025-11-24,ASAHISONG,269.0,269.0,247.4,249.05,4475.0,
2025-11-25,ASAHISONG,246.0,249.05,243.95,247.0,6345.0,
2025-11-26,ASAHISONG,255.95,263.0,249.65,254.5,11757.0,
2025-11-27,ASAHISONG,259.45,259.45,252.5,258.3,8447.0,
2025-11-28,ASAHISONG,260.75,268.0,253.4,265.35,8072.0,
2025-12-01,ASAHISONG,267.9,267.9,257.55,258.1,2663.0,
2025-12-02,ASAHISONG,265.35,265.35,254.0,257.55,5428.0,
2025-12-03,ASAHISONG,262.05,262.05,255.6,256.85,2202.0,
2025-12-04,ASAHISONG,260.7,260.7,255.1,255.8,1156.0,
2025-12-05,ASAHISONG,253.05,257.0,252.0,255.75,1058.0,
2025-12-08,ASAHISONG,256.0,257.9,246.2,248.35,5801.0,
2025-12-09,ASAHISONG,245.4,252.45,245.4,246.55,6797.0,
2025-12-10,ASAHISONG,248.45,249.0,245.6,246.15,2139.0,
2025-12-11,ASAHISONG,246.95,250.0,244.0,247.0,4845.0,
2025-12-12,ASAHISONG,247.05,252.0,247.0,250.8,5824.0,
2025-12-15,ASAHISONG,268.0,268.0,255.0,259.8,6559.0,
2025-12-16,ASAHISONG,260.65,311.75,257.45,311.75,183979.0,
2025-12-17,ASAHISONG,332.95,338.6,285.95,289.55,288080.0,
2025-12-18,ASAHISONG,292.95,297.5,275.0,283.3,35742.0,
2025-12-19,ASAHISONG,278.2,293.2,274.7,284.15,28620.0,
2025-12-22,ASAHISONG,284.2,299.0,266.0,271.35,60579.0,
2025-12-23,ASAHISONG,272.0,277.15,267.05,269.4,13814.0,
2025-12-24,ASAHISONG,270.0,274.0,270.0,272.8,5142.0,
2025-12-26,ASAHISONG,272.8,285.0,270.0,270.7,10515.0,
2025-12-29,ASAHISONG,270.7,272.45,261.2,264.1,11867.0,
2025-12-30,ASAHISONG,269.0,269.0,255.4,256.15,14571.0,
2025-12-31,ASAHISONG,260.0,270.95,259.05,266.5,10539.0,
2026-01-01,ASAHISONG,269.3,272.65,260.05,262.2,8046.0,
2026-01-02,ASAHISONG,260.5,268.1,259.0,260.95,7079.0,
2026-01-05,ASAHISONG,265.85,265.9,258.0,260.1,4328.0,
2026-01-06,ASAHISONG,264.8,266.05,255.85,260.0,6096.0,
2026-01-07,ASAHISONG,259.95,266.95,252.0,253.55,24069.0,
2026-01-08,ASAHISONG,257.95,257.95,251.0,252.0,6362.0,
2026-01-09,ASAHISONG,251.2,252.6,243.15,244.65,6345.0,
2026-01-12,ASAHISONG,241.0,246.35,235.0,239.65,5466.0,
2026-01-13,ASAHISONG,240.1,243.9,240.1,241.95,5933.0,
2026-01-14,ASAHISONG,241.85,242.0,235.0,239.3,7849.0,
2026-01-16,ASAHISONG,241.95,246.6,239.4,241.15,5510.0,
2026-01-19,ASAHISONG,240.5,240.5,231.5,234.55,8282.0,
2026-01-20,ASAHISONG,241.8,241.8,231.8,232.4,5028.0,
2026-01-21,ASAHISONG,241.95,241.95,220.0,222.85,14921.0,
2026-01-22,ASAHISONG,228.0,235.5,225.65,231.6,3229.0,
2026-01-23,ASAHISONG,233.3,239.6,226.45,235.55,5000.0,
2026-01-27,ASAHISONG,230.85,234.2,223.65,226.9,7283.0,
2026-01-28,ASAHISONG,228.2,234.65,228.2,229.35,3673.0,
2026-01-29,ASAHISONG,236.95,236.95,218.55,220.25,13101.0,
2026-01-30,ASAHISONG,222.15,225.0,216.35,223.95,7699.0,
2026-02-02,ASAHISONG,225.99,225.99,212.2,213.96,9437.0,
2026-02-03,ASAHISONG,234.99,234.99,223.4,224.46,13467.0,
2026-02-04,ASAHISONG,225.9,239.14,225.66,234.28,10737.0,
2026-02-05,ASAHISONG,237.0,238.45,228.25,233.84,19626.0,
2026-02-06,ASAHISONG,231.0,236.35,225.0,226.11,13917.0,
2026-02-09,ASAHISONG,226.0,237.85,224.6,230.67,22463.0,
2026-02-10,ASAHISONG,237.99,240.99,235.1,238.37,8447.0,
2026-02-11,ASAHISONG,236.01,237.89,230.36,232.92,13719.0,
2026-02-12,ASAHISONG,234.52,235.25,231.12,233.65,4541.0,
2026-02-13,ASAHISONG,233.7,237.25,221.1,226.74,14265.0,
2026-02-16,ASAHISONG,229.31,229.31,221.3,224.81,6831.0,
2026-02-17,ASAHISONG,232.0,232.0,223.0,224.8,2482.0,
2026-02-18,ASAHISONG,224.0,231.98,221.21,222.48,5437.0,
2026-02-19,ASAHISONG,225.6,225.6,220.0,221.31,2458.0,
2026-02-20,ASAHISONG,222.88,223.98,217.3,219.33,2713.0,
2026-02-23,ASAHISONG,219.33,229.0,216.81,224.61,7160.0,
2026-02-24,ASAHISONG,216.02,222.74,211.22,214.62,12302.0,
2026-02-25,ASAHISONG,216.9,218.04,207.0,210.57,3818.0,
2026-02-26,ASAHISONG,215.79,216.0,209.24,215.23,5118.0,
2026-02-27,ASAHISONG,218.6,228.48,211.13,224.61,9488.0,
2026-03-02,ASAHISONG,219.85,224.0,213.98,219.84,23480.0,
2026-03-04,ASAHISONG,219.01,219.01,215.51,218.24,6706.0,
2026-03-05,ASAHISONG,217.89,229.92,215.97,225.28,14470.0,
2026-03-06,ASAHISONG,227.53,227.53,219.1,219.99,17502.0,
2026-03-09,ASAHISONG,220.0,220.0,211.0,214.72,20220.0,
2026-03-10,ASAHISONG,216.4,220.52,214.04,214.64,10845.0,
2026-03-11,ASAHISONG,214.64,219.0,195.0,196.05,55409.0,
2026-03-12,ASAHISONG,195.9,195.9,188.1,188.74,58468.0,
2026-03-13,ASAHISONG,190.0,190.0,179.64,182.78,32915.0,
2026-03-16,ASAHISONG,183.0,189.75,181.0,187.28,38632.0,
2026-03-17,ASAHISONG,189.46,193.0,185.11,190.75,23335.0,
2026-03-18,ASAHISONG,193.69,198.26,190.55,197.3,23320.0,
2026-03-19,ASAHISONG,199.89,201.53,192.31,199.46,20118.0,
2026-03-20,ASAHISONG,201.99,212.78,201.99,206.92,26271.0,
2026-03-23,ASAHISONG,204.11,207.89,195.0,200.23,24545.0,
2026-03-24,ASAHISONG,200.65,203.75,194.0,198.13,13365.0,
2026-03-25,ASAHISONG,204.58,206.0,200.0,200.6,13976.0,
2026-03-27,ASAHISONG,196.0,201.75,193.7,195.07,28960.0,
2026-03-30,ASAHISONG,195.1,195.1,184.71,186.45,12784.0,
2026-04-01,ASAHISONG,194.0,201.9,187.59,200.75,8985.0,
2026-04-02,ASAHISONG,196.89,209.79,196.41,206.47,5997.0,
2026-04-06,ASAHISONG,206.6,218.9,202.52,215.98,7488.0,
2026-04-07,ASAHISONG,230.0,231.99,224.63,230.4,18616.0,
2026-04-08,ASAHISONG,234.0,239.0,226.0,227.87,15042.0,
2026-04-09,ASAHISONG,228.88,234.6,228.01,232.43,6675.0,
2026-04-10,ASAHISONG,226.1,237.08,226.1,230.06,6632.0,
2026-04-13,ASAHISONG,228.57,230.2,220.53,225.06,6350.0,
2026-04-15,ASAHISONG,230.11,236.48,226.0,228.75,15680.0,
2026-04-16,ASAHISONG,230.0,232.78,226.03,228.17,5214.0,
2026-04-17,ASAHISONG,229.88,233.0,226.51,230.78,5137.0,
2026-04-20,ASAHISONG,234.59,245.0,234.59,240.35,30082.0,
2026-04-21,ASAHISONG,244.82,244.82,235.19,242.49,9710.0,
2026-04-22,ASAHISONG,240.2,244.32,234.75,236.47,10883.0,
2026-04-23,ASAHISONG,236.75,240.02,233.01,235.19,5695.0,
2026-04-24,ASAHISONG,235.45,235.45,220.81,223.19,6836.0,
2026-04-27,ASAHISONG,228.23,245.5,226.01,240.21,21900.0,
2026-04-28,ASAHISONG,243.0,254.49,229.37,234.31,71176.0,
2026-04-29,ASAHISONG,236.49,252.0,231.1,245.13,70827.0,
2026-04-30,ASAHISONG,246.0,258.59,238.34,247.29,34451.0,
2026-05-04,ASAHISONG,243.0,257.57,243.0,244.97,28138.0,
2026-05-05,ASAHISONG,251.0,257.9,242.0,243.31,41040.0,
2026-05-06,ASAHISONG,244.03,251.5,244.03,249.04,7503.0,
2026-05-07,ASAHISONG,245.0,267.99,245.0,262.25,25562.0,
2026-05-08,ASAHISONG,260.0,262.34,244.03,255.91,17226.0,
2026-05-11,ASAHISONG,248.1,261.16,248.1,257.35,4643.0,
2026-05-12,ASAHISONG,254.05,254.63,245.0,246.92,6022.0,
2026-05-13,ASAHISONG,244.43,254.0,243.0,244.94,4621.0,
2026-05-14,ASAHISONG,248.91,253.99,243.0,244.1,2128.0,
2026-05-15,ASAHISONG,245.04,250.09,238.1,241.12,7496.0,
2026-05-18,ASAHISONG,230.75,235.05,225.01,227.92,20099.0,
2026-05-19,ASAHISONG,228.12,240.9,227.08,239.22,47764.0,
2026-05-20,ASAHISONG,240.0,240.05,235.51,237.39,4775.0,
2026-05-21,ASAHISONG,240.0,249.88,236.59,241.17,50117.0,
2026-05-22,ASAHISONG,238.67,245.46,231.25,236.12,22791.0,
2026-05-25,ASAHISONG,237.09,242.2,232.15,234.91,35614.0,
2026-05-26,ASAHISONG,234.91,274.9,231.9,254.69,148424.0,
2026-05-27,ASAHISONG,256.0,268.35,248.01,252.66,37153.0,
2026-05-29,ASAHISONG,250.04,250.75,242.78,244.61,35768.0,
2026-06-01,ASAHISONG,240.0,263.0,240.0,258.58,124541.0,
2026-06-02,ASAHISONG,255.0,262.14,252.41,259.14,10435.0,
2026-06-03,ASAHISONG,261.0,261.0,254.1,257.84,11330.0,
2026-06-04,ASAHISONG,259.45,262.74,258.99,259.28,24138.0,
2026-06-05,ASAHISONG,259.5,262.0,253.15,254.36,12827.0,
2026-06-08,ASAHISONG,254.21,257.71,244.1,245.49,22867.0,
2026-06-09,ASAHISONG,248.78,273.3,248.78,262.8,80349.0,
2026-06-10,ASAHISONG,265.91,268.38,255.01,257.72,14477.0,
2026-06-11,ASAHISONG,259.0,259.0,250.0,251.65,9872.0,
2026-06-12,ASAHISONG,259.8,259.8,253.5,257.32,7217.0,
2026-06-15,ASAHISONG,259.5,264.7,258.0,261.24,15667.0,
2026-06-16,ASAHISONG,261.26,261.26,248.3,250.19,13092.0,
2026-06-17,ASAHISONG,250.19,257.0,250.19,255.2,5745.0,
2026-06-18,ASAHISONG,258.9,261.5,253.21,257.89,9775.0,
2026-06-19,ASAHISONG,260.39,261.0,256.19,258.92,7929.0,
2026-06-22,ASAHISONG,261.0,261.0,255.02,257.21,3188.0,
2026-06-23,ASAHISONG,255.93,260.5,255.0,256.2,4440.0,
2026-06-24,ASAHISONG,256.0,259.77,255.0,257.19,6074.0,
2026-06-25,ASAHISONG,257.31,263.77,253.7,255.96,6188.0,
2026-06-29,ASAHISONG,254.7,258.0,247.75,249.42,5027.0,
2026-06-30,ASAHISONG,249.83,259.02,249.83,251.44,5460.0,
2026-07-01,ASAHISONG,257.65,257.95,250.0,250.9,6195.0,
2026-07-02,ASAHISONG,252.15,257.75,249.95,253.15,4342.0,
2026-07-03,ASAHISONG,253.55,256.35,249.9,253.05,3233.0,
2026-07-06,ASAHISONG,250.15,261.0,250.15,256.1,6426.0,
2026-07-07,ASAHISONG,259.9,259.9,250.4,257.1,9503.0,
2026-07-08,ASAHISONG,258.1,272.75,253.05,261.8,49283.0,
2026-07-09,ASAHISONG,256.35,283.95,256.35,275.85,33421.0,
2026-07-10,ASAHISONG,283.0,285.0,267.6,269.65,14760.0,
2026-07-13,ASAHISONG,274.1,286.8,274.0,283.95,16187.0,
2026-07-14,ASAHISONG,287.0,290.0,275.5,284.55,19844.0,
2026-07-15,ASAHISONG,284.55,288.45,273.75,275.35,11457.0,
2026-07-16,ASAHISONG,275.45,283.3,271.55,272.2,4667.0,
2026-07-17,ASAHISONG,279.65,279.65,266.0,266.5,7714.0,
2026-07-20,ASAHISONG,266.75,279.9,264.0,270.9,7884.0,
2026-07-21,ASAHISONG,280.4,280.4,263.6,268.75,16596.0,
2026-07-22,ASAHISONG,284.8,307.9,272.0,299.4,181522.0,
2026-07-23,ASAHISONG,300.0,324.0,300.0,318.9,130203.0,
2026-07-24,ASAHISONG,322.0,336.0,317.0,332.95,63845.0,
2026-07-27,ASAHISONG,342.0,366.45,329.8,339.85,248295.0,
2026-07-28,ASAHISONG,344.9,366.6,334.5,352.9,81750.0,
2026-07-29,ASAHISONG,352.95,386.95,345.0,356.35,538492.0,
2026-07-30,ASAHISONG,365.2,407.7,365.2,376.1,480857.0,
2026-07-31,ASAHISONG,377.6,394.9,376.1,394.9,51277.0,
2026-08-03,ASAHISONG,413.95,413.95,378.0,391.35,36757.0,
2026-08-04,ASAHISONG,378.15,404.9,376.0,391.2,26857.0,
2026-08-05,ASAHISONG,392.6,399.0,378.0,385.6,19390.0,
2026-08-06,ASAHISONG,385.6,385.6,370.0,373.7,21298.0,
2026-08-07,ASAHISONG,364.05,370.0,364.0,365.5,10346.0,
2026-08-10,ASAHISONG,368.5,368.5,352.7,355.85,22641.0,
2026-08-11,ASAHISONG,355.85,355.85,338.1,338.1,57907.0,
2026-08-12,ASAHISONG,338.1,354.0,328.0,329.5,65981.0,
2026-08-13,ASAHISONG,323.15,345.95,323.15,345.95,21459.0,
2026-08-14,ASAHISONG,363.2,363.2,358.35,361.9,18049.0,
2026-08-17,ASAHISONG,362.95,371.95,355.0,357.0,9254.0,
2026-08-18,ASAHISONG,348.1,351.5,340.0,345.2,23392.0,
2026-08-19,ASAHISONG,345.2,361.7,337.0,357.3,17852.0,
2026-08-20,ASAHISONG,357.3,366.9,349.0,359.6,5591.0,
2026-08-21,ASAHISONG,366.0,369.65,360.1,368.0,5233.0,
2026-08-24,ASAHISONG,368.0,379.0,359.0,376.15,8558.0,
2026-08-25,ASAHISONG,373.0,373.0,365.6,369.7,3462.0,
2026-08-26,ASAHISONG,370.5,370.5,363.2,364.85,6965.0,
2026-08-27,ASAHISONG,364.55,370.0,360.05,365.9,5181.0,
2026-08-28,ASAHISONG,355.4,375.0,352.0,366.7,9722.0,
2026-08-31,ASAHISONG,355.35,380.0,355.35,378.75,22699.0,
2026-09-01,ASAHISONG,379.7,385.0,371.1,374.55,7685.0,
2026-09-02,ASAHISONG,364.15,374.55,364.0,367.9,12724.0,
2026-09-03,ASAHISONG,374.3,380.0,368.05,368.8,14633.0,
2026-09-04,ASAHISONG,372.0,377.0,367.1,372.65,18001.0,
2026-09-07,ASAHISONG,373.2,391.25,373.2,391.15,43329.0,
2026-09-08,ASAHISONG,388.0,389.0,381.2,385.35,16905.0,
2026-09-09,ASAHISONG,385.35,391.0,380.0,389.9,15423.0,
2026-09-10,ASAHISONG,392.55,392.55,375.05,375.65,11155.0,
2026-09-11,ASAHISONG,365.55,370.0,356.9,363.95,22015.0,
2026-09-15,ASAHISONG,356.05,367.95,353.0,354.55,8660.0,
2026-09-16,ASAHISONG,354.0,360.0,341.2,347.95,8191.0,
2026-09-17,ASAHISONG,352.0,365.3,352.0,365.15,8168.0,
2026-09-18,ASAHISONG,365.3,380.0,362.05,372.8,9338.0,
2026-09-21,ASAHISONG,360.0,388.8,356.55,381.75,12889.0,
2026-09-22,ASAHISONG,388.95,388.95,366.0,371.2,8790.0,
2026-09-23,ASAHISONG,371.95,385.0,365.15,382.9,13292.0,
2026-09-24,ASAHISONG,382.9,393.0,376.0,388.0,12997.0,
2025-09-10,AVONMORE,22.51,23.9,20.92,21.55,1405143.0,
2025-09-11,AVONMORE,21.53,21.99,20.91,21.52,602428.0,
2025-09-12,AVONMORE,21.51,22.0,21.1,21.59,347550.0,
2025-09-15,AVONMORE,21.57,21.8,20.09,20.37,468427.0,
2025-09-16,AVONMORE,20.19,20.79,20.19,20.54,173988.0,
2025-09-17,AVONMORE,20.35,20.72,20.26,20.32,191971.0,
2025-09-18,AVONMORE,20.36,20.75,19.91,20.2,319454.0,
2025-09-19,AVONMORE,20.11,20.59,19.9,20.31,173673.0,
2025-09-22,AVONMORE,20.31,20.67,19.72,19.83,348039.0,
2025-09-23,AVONMORE,19.71,20.11,19.45,19.48,244340.0,
2025-09-24,AVONMORE,19.8,19.8,19.25,19.33,171436.0,
2025-09-25,AVONMORE,19.33,19.63,18.95,19.09,280664.0,
2025-09-26,AVONMORE,19.09,19.57,18.54,18.7,413792.0,
2025-09-29,AVONMORE,18.7,19.05,18.36,18.61,396199.0,
2025-09-30,AVONMORE,18.53,18.8,18.13,18.19,230635.0,
2025-10-01,AVONMORE,18.21,19.08,18.21,18.9,168185.0,
2025-10-03,AVONMORE,18.96,18.96,18.51,18.78,110425.0,
2025-10-06,AVONMORE,18.88,19.15,18.35,18.99,324781.0,
2025-10-07,AVONMORE,18.55,19.28,18.55,19.04,315776.0,
2025-10-08,AVONMORE,19.26,19.28,19.0,19.19,128608.0,
2025-10-09,AVONMORE,19.18,19.31,18.91,19.19,164384.0,
2025-10-10,AVONMORE,19.09,19.3,18.93,19.01,132285.0,
2025-10-13,AVONMORE,18.84,18.88,18.57,18.62,144144.0,
2025-10-14,AVONMORE,18.85,18.85,17.64,17.9,520050.0,
2025-10-15,AVONMORE,17.9,18.8,17.85,18.58,179807.0,
2025-10-16,AVONMORE,18.26,18.57,18.08,18.19,84142.0,
2025-10-17,AVONMORE,18.45,18.45,17.86,17.94,176599.0,
2025-10-20,AVONMORE,18.28,18.3,17.7,17.83,119495.0,
2025-10-21,AVONMORE,17.83,18.51,17.83,18.16,52826.0,
2025-10-23,AVONMORE,18.21,18.48,17.86,17.98,162233.0,
2025-10-24,AVONMORE,17.8,18.09,17.25,17.85,167984.0,
2025-10-27,AVONMORE,17.5,18.13,17.16,17.58,142048.0,
2025-10-28,AVONMORE,17.59,17.89,17.5,17.66,80046.0,
2025-10-29,AVONMORE,17.66,17.81,17.4,17.61,103903.0,
2025-10-30,AVONMORE,17.55,17.9,17.36,17.6,144790.0,
2025-10-31,AVONMORE,17.55,18.0,17.2,17.27,154720.0,
2025-11-03,AVONMORE,17.25,17.79,17.2,17.44,114841.0,
2025-11-04,AVONMORE,17.7,17.99,17.26,17.45,72828.0,
2025-11-06,AVONMORE,17.79,17.79,17.12,17.45,104063.0,
2025-11-07,AVONMORE,17.13,18.5,17.08,17.71,136425.0,
2025-11-10,AVONMORE,18.09,18.09,17.16,17.2,120519.0,
2025-11-11,AVONMORE,17.24,17.28,16.9,16.95,149200.0,
2025-11-12,AVONMORE,17.2,17.31,16.25,16.69,384185.0,
2025-11-13,AVONMORE,16.85,17.55,16.84,17.21,465596.0,
2025-11-14,AVONMORE,17.5,19.68,17.26,18.68,1066642.0,
2025-11-17,AVONMORE,18.64,19.9,17.93,18.51,1136481.0,
2025-11-18,AVONMORE,18.49,18.72,18.03,18.37,169919.0,
2025-11-19,AVONMORE,18.37,18.93,18.3,18.53,194230.0,
2025-11-20,AVONMORE,18.89,19.2,18.23,18.86,190624.0,
2025-11-21,AVONMORE,19.03,19.19,18.45,18.72,170701.0,
2025-11-24,AVONMORE,18.72,18.79,17.65,17.92,224636.0,
2025-11-25,AVONMORE,18.0,19.05,17.72,18.5,566707.0,
2025-11-26,AVONMORE,18.16,19.0,18.1,18.19,186258.0,
2025-11-27,AVONMORE,18.25,18.58,17.98,18.07,367527.0,
2025-11-28,AVONMORE,18.11,18.49,17.8,17.9,380895.0,
2025-12-01,AVONMORE,17.9,18.4,17.79,17.89,348411.0,
2025-12-02,AVONMORE,17.81,18.26,17.66,17.68,404402.0,
2025-12-03,AVONMORE,17.52,18.04,16.97,17.04,247553.0,
2025-12-04,AVONMORE,17.48,17.48,17.0,17.11,328546.0,
2025-12-05,AVONMORE,17.49,17.49,17.0,17.03,317759.0,
2025-12-08,AVONMORE,17.1,17.16,16.78,16.94,114792.0,
2025-12-09,AVONMORE,17.0,17.0,16.5,16.72,152678.0,
2025-12-10,AVONMORE,17.1,17.1,15.93,16.14,221464.0,
2025-12-11,AVONMORE,16.01,16.5,16.01,16.19,121258.0,
2025-12-12,AVONMORE,16.19,16.46,16.0,16.08,113730.0,
2025-12-15,AVONMORE,16.0,16.39,15.9,16.05,148321.0,
2025-12-16,AVONMORE,16.0,16.78,15.8,15.97,93537.0,
2025-12-17,AVONMORE,15.9,15.97,15.1,15.22,293504.0,
2025-12-18,AVONMORE,15.31,16.9,15.0,16.77,417216.0,
2025-12-19,AVONMORE,17.05,17.7,16.96,17.4,667373.0,
2025-12-22,AVONMORE,17.4,18.6,17.4,18.44,918290.0,
2025-12-23,AVONMORE,18.44,19.15,18.27,19.03,389919.0,
2025-12-24,AVONMORE,19.0,19.6,18.52,19.11,593605.0,
2025-12-26,AVONMORE,18.8,19.24,18.56,18.59,120594.0,
2025-12-29,AVONMORE,18.13,19.92,18.13,18.8,485695.0,
2025-12-30,AVONMORE,18.9,19.39,18.35,18.72,209583.0,
2025-12-31,AVONMORE,18.55,19.19,18.34,18.74,200009.0,
2026-01-01,AVONMORE,18.75,18.96,18.36,18.69,152772.0,
2026-01-02,AVONMORE,18.55,18.99,18.51,18.65,112619.0,
2026-01-05,AVONMORE,18.45,18.99,18.0,18.19,215324.0,
2026-01-06,AVONMORE,18.73,18.73,18.21,18.34,295031.0,
2026-01-07,AVONMORE,18.3,20.39,18.07,19.39,1843154.0,
2026-01-08,AVONMORE,19.75,20.1,18.3,18.38,446612.0,
2026-01-09,AVONMORE,18.71,19.0,17.38,17.81,223959.0,
2026-01-12,AVONMORE,17.84,18.37,17.12,17.27,286984.0,
2026-01-13,AVONMORE,17.25,17.99,17.25,17.73,93291.0,
2026-01-14,AVONMORE,17.56,18.1,17.26,17.4,193558.0,
2026-01-16,AVONMORE,17.4,17.99,17.02,17.41,297128.0,
2026-01-19,AVONMORE,17.31,17.63,17.0,17.29,267610.0,
2026-01-20,AVONMORE,17.2,17.34,16.21,16.46,309224.0,
2026-01-21,AVONMORE,16.35,17.37,16.02,16.17,250972.0,
2026-01-22,AVONMORE,16.41,16.98,15.83,16.11,295846.0,
2026-01-23,AVONMORE,16.06,16.7,15.27,15.77,271202.0,
2026-01-27,AVONMORE,16.0,16.0,15.1,15.58,557737.0,
2026-01-28,AVONMORE,15.6,16.23,15.27,15.53,235648.0,
2026-01-29,AVONMORE,15.6,15.94,14.8,15.05,619424.0,
2026-01-30,AVONMORE,15.1,15.38,14.82,15.11,170585.0,
2026-02-02,AVONMORE,14.82,15.5,14.6,14.87,94896.0,
2026-02-03,AVONMORE,15.35,15.8,14.7,14.8,132845.0,
2026-02-04,AVONMORE,15.0,15.15,14.6,14.84,172007.0,
2026-02-05,AVONMORE,14.9,15.13,14.52,14.71,132561.0,
2026-02-06,AVONMORE,14.98,14.99,14.5,14.55,96156.0,
2026-02-09,AVONMORE,14.79,15.07,14.62,14.96,148059.0,
2026-02-10,AVONMORE,15.1,15.27,14.78,14.84,133197.0,
2026-02-11,AVONMORE,14.62,15.3,14.62,15.01,118476.0,
2026-02-12,AVONMORE,15.08,15.24,14.6,14.69,182092.0,
2026-02-13,AVONMORE,14.38,15.15,13.86,15.06,250495.0,
2026-02-16,AVONMORE,15.4,15.75,15.21,15.72,270742.0,
2026-02-17,AVONMORE,15.72,15.99,14.15,14.9,259159.0,
2026-02-18,AVONMORE,15.19,15.32,14.67,14.87,61197.0,
2026-02-19,AVONMORE,14.85,15.2,14.56,14.63,148172.0,
2026-02-20,AVONMORE,14.89,15.33,14.71,14.96,101488.0,
2026-02-23,AVONMORE,15.3,15.4,14.91,15.08,142261.0,
2026-02-24,AVONMORE,15.35,15.35,14.84,15.14,138450.0,
2026-02-25,AVONMORE,15.0,15.31,14.88,15.01,113269.0,
2026-02-26,AVONMORE,15.21,15.21,14.7,14.76,158205.0,
2026-02-27,AVONMORE,15.0,15.01,14.51,14.6,77956.0,
2026-03-02,AVONMORE,13.81,14.59,13.21,13.88,413172.0,
2026-03-04,AVONMORE,13.53,13.99,13.25,13.72,271358.0,
2026-03-05,AVONMORE,13.72,15.15,13.72,14.8,300785.0,
2026-03-06,AVONMORE,14.22,14.84,13.9,14.1,159398.0,
2026-03-09,AVONMORE,14.4,14.4,13.64,13.86,64966.0,
2026-03-10,AVONMORE,13.87,14.49,13.65,13.72,113343.0,
2026-03-11,AVONMORE,14.22,14.3,13.5,13.72,91478.0,
2026-03-12,AVONMORE,13.72,13.73,12.25,12.56,893608.0,
2026-03-13,AVONMORE,12.6,12.95,11.4,11.65,793698.0,
2026-03-16,AVONMORE,11.9,12.19,11.75,11.97,535324.0,
2026-03-17,AVONMORE,12.0,12.44,11.47,12.19,525510.0,
2026-03-18,AVONMORE,12.25,13.02,12.2,12.89,206195.0,
2026-03-19,AVONMORE,13.1,14.25,12.14,12.43,333383.0,
2026-03-20,AVONMORE,12.44,12.85,12.01,12.08,256713.0,
2026-03-23,AVONMORE,12.4,12.4,11.17,11.4,317520.0,
2026-03-24,AVONMORE,11.97,11.97,11.34,11.49,325902.0,
2026-03-25,AVONMORE,12.01,12.49,11.57,11.69,929426.0,
2026-03-27,AVONMORE,11.92,11.99,10.91,11.0,430060.0,
2026-03-30,AVONMORE,11.0,11.31,10.0,10.14,591979.0,
2026-04-01,AVONMORE,11.25,11.55,10.93,11.41,183231.0,
2026-04-02,AVONMORE,11.41,11.61,10.8,10.86,302937.0,
2026-04-06,AVONMORE,11.4,11.78,11.0,11.71,287575.0,
2026-04-07,AVONMORE,11.71,12.1,11.37,11.74,104500.0,
2026-04-08,AVONMORE,12.15,12.49,12.1,12.45,131996.0,
2026-04-09,AVONMORE,12.49,12.88,11.65,11.89,1069180.0,
2026-04-10,AVONMORE,12.3,12.45,12.0,12.37,145852.0,
2026-04-13,AVONMORE,12.0,12.29,11.41,11.96,404028.0,
2026-04-15,AVONMORE,12.49,13.19,12.36,12.98,213422.0,
2026-04-16,AVONMORE,13.35,13.66,12.51,12.85,361043.0,
2026-04-17,AVONMORE,13.2,13.2,12.5,12.98,295710.0,
2026-04-20,AVONMORE,13.39,13.39,12.06,12.28,778149.0,
2026-04-21,AVONMORE,12.97,12.97,11.83,12.47,580213.0,
2026-04-22,AVONMORE,12.75,12.75,12.13,12.3,128476.0,
2026-04-23,AVONMORE,12.46,12.69,12.18,12.4,177688.0,
2026-04-24,AVONMORE,12.69,12.7,12.01,12.22,196220.0,
2026-04-27,AVONMORE,12.22,12.49,12.16,12.35,63473.0,
2026-04-28,AVONMORE,12.35,12.96,12.27,12.84,163609.0,
2026-04-29,AVONMORE,13.09,13.09,12.06,12.29,182270.0,
2026-04-30,AVONMORE,12.29,12.5,12.09,12.36,128636.0,
2026-05-04,AVONMORE,12.36,12.45,12.14,12.2,137793.0,
2026-05-05,AVONMORE,12.21,12.39,12.06,12.27,53896.0,
2026-05-06,AVONMORE,12.45,12.75,11.88,12.16,475735.0,
2026-05-07,AVONMORE,12.33,12.39,12.1,12.2,96751.0,
2026-05-08,AVONMORE,12.07,12.32,12.07,12.16,126669.0,
2026-05-11,AVONMORE,12.43,12.43,11.81,11.89,136577.0,
2026-05-12,AVONMORE,12.0,12.16,10.72,11.06,411298.0,
2026-05-13,AVONMORE,11.16,11.85,11.16,11.47,224348.0,
2026-05-14,AVONMORE,11.97,11.97,11.11,11.63,241085.0,
2026-05-15,AVONMORE,11.51,11.54,10.96,11.02,291223.0,
2026-05-18,AVONMORE,11.41,11.41,10.81,10.87,70367.0,
2026-05-19,AVONMORE,10.9,11.29,10.73,11.19,283381.0,
2026-05-20,AVONMORE,11.39,11.39,10.67,10.72,325843.0,
2026-05-21,AVONMORE,10.99,11.22,10.77,10.99,136624.0,
2026-05-22,AVONMORE,10.96,11.15,10.8,10.95,72876.0,
2026-05-25,AVONMORE,10.8,12.25,10.8,11.4,187870.0,
2026-05-26,AVONMORE,11.6,11.64,10.82,10.93,152631.0,
2026-05-27,AVONMORE,10.65,11.3,10.65,11.06,91528.0,
2026-05-29,AVONMORE,11.49,11.49,10.85,10.91,159435.0,
2026-06-01,AVONMORE,10.76,11.43,10.75,10.76,116697.0,
2026-06-02,AVONMORE,10.8,10.8,10.2,10.32,185060.0,
2026-06-03,AVONMORE,10.32,10.38,10.08,10.21,112134.0,
2026-06-04,AVONMORE,10.21,10.45,10.05,10.13,123932.0,
2026-06-05,AVONMORE,10.45,10.45,10.0,10.17,126905.0,
2026-06-08,AVONMORE,10.14,10.23,9.51,9.79,106997.0,
2026-06-09,AVONMORE,9.72,10.1,9.72,9.95,116209.0,
2026-06-10,AVONMORE,10.04,10.19,9.65,9.78,128861.0,
2026-06-11,AVONMORE,10.0,10.14,9.8,10.08,232581.0,
2026-06-12,AVONMORE,10.5,11.6,10.5,10.87,585278.0,
2026-06-15,AVONMORE,11.05,12.13,10.67,11.2,286345.0,
2026-06-16,AVONMORE,11.49,11.49,10.78,11.25,126249.0,
2026-06-17,AVONMORE,11.54,11.54,10.67,10.87,359789.0,
2026-06-18,AVONMORE,10.98,11.17,10.74,10.93,134887.0,
2026-06-19,AVONMORE,10.82,10.97,10.75,10.9,120825.0,
2026-06-22,AVONMORE,10.7,10.95,10.7,10.89,157976.0,
2026-06-23,AVONMORE,10.75,11.25,10.75,10.91,186358.0,
2026-06-24,AVONMORE,10.7,11.05,10.7,10.82,115360.0,
2026-06-25,AVONMORE,10.82,10.9,10.4,10.55,136513.0,
2026-06-29,AVONMORE,10.93,10.93,10.1,10.17,207152.0,
2026-06-30,AVONMORE,10.46,10.46,10.02,10.25,112604.0,
2026-07-01,AVONMORE,10.34,10.34,10.0,10.13,179482.0,
2026-07-02,AVONMORE,10.36,10.36,10.1,10.24,140560.0,
2026-07-03,AVONMORE,10.11,10.51,10.1,10.12,143945.0,
2026-07-06,AVONMORE,10.32,10.32,10.03,10.04,135736.0,
2026-07-07,AVONMORE,10.0,10.17,9.96,10.0,64751.0,
2026-07-08,AVONMORE,10.16,10.16,9.95,10.06,128470.0,
2026-07-09,AVONMORE,9.95,10.13,9.95,10.0,80340.0,
2026-07-10,AVONMORE,10.13,10.17,9.97,9.99,115771.0,
2026-07-13,AVONMORE,9.92,10.3,9.92,10.0,50968.0,
2026-07-14,AVONMORE,10.0,10.34,9.96,10.05,56105.0,
2026-07-15,AVONMORE,10.25,10.28,9.69,9.8,302871.0,
2026-07-16,AVONMORE,9.8,10.17,9.6,9.88,202878.0,
2026-07-17,AVONMORE,9.88,10.18,9.68,9.76,191237.0,
2026-07-20,AVONMORE,9.91,10.0,9.7,9.76,99127.0,
2026-07-21,AVONMORE,9.97,9.97,9.65,9.69,74382.0,
2026-07-22,AVONMORE,9.71,9.94,9.66,9.7,88917.0,
2026-07-23,AVONMORE,10.14,10.14,9.52,9.61,60958.0,
2026-07-24,AVONMORE,9.5,9.8,9.22,9.39,107725.0,
2026-07-27,AVONMORE,9.75,9.75,9.2,9.29,98601.0,
2026-07-28,AVONMORE,9.29,9.43,9.05,9.15,91849.0,
2026-07-29,AVONMORE,9.14,10.98,9.14,10.98,937993.0,
2026-07-30,AVONMORE,11.99,11.99,11.05,11.15,1318590.0,
2026-07-31,AVONMORE,11.0,11.5,10.98,11.17,453758.0,
2026-08-03,AVONMORE,11.35,11.48,11.25,11.36,126394.0,
2026-08-04,AVONMORE,11.13,11.39,11.04,11.16,125826.0,
2026-08-05,AVONMORE,11.21,11.88,11.07,11.37,146430.0,
2026-08-06,AVONMORE,11.55,11.58,11.02,11.1,163708.0,
2026-08-07,AVONMORE,11.1,11.18,10.85,10.93,76878.0,
2026-08-10,AVONMORE,11.0,11.55,10.65,11.09,514655.0,
2026-08-11,AVONMORE,11.09,11.45,11.01,11.36,501713.0,
2026-08-12,AVONMORE,11.35,11.71,11.22,11.37,192262.0,
2026-08-13,AVONMORE,11.63,12.22,11.25,11.98,550766.0,
2026-08-14,AVONMORE,12.39,12.85,12.0,12.35,445591.0,
2026-08-17,AVONMORE,12.45,13.14,12.4,13.01,339377.0,
2026-08-18,AVONMORE,13.49,13.64,13.0,13.18,404631.0,
2026-08-19,AVONMORE,13.57,13.65,12.97,13.03,244813.0,
2026-08-20,AVONMORE,13.29,13.9,13.14,13.3,411628.0,
2026-08-21,AVONMORE,13.16,13.67,13.16,13.23,201588.0,
2026-08-24,AVONMORE,13.34,13.98,13.31,13.58,547617.0,
2026-08-25,AVONMORE,13.79,13.8,13.3,13.44,233097.0,
2026-08-26,AVONMORE,13.7,14.2,13.52,13.97,439384.0,
2026-08-27,AVONMORE,14.2,14.44,13.5,13.68,135197.0,
2026-08-28,AVONMORE,13.72,14.15,13.72,13.9,145925.0,
2026-08-31,AVONMORE,13.9,14.19,13.36,13.79,422312.0,
2026-09-01,AVONMORE,14.0,14.0,13.2,13.34,185858.0,
2026-09-02,AVONMORE,13.3,13.3,12.85,13.1,194160.0,
2026-09-03,AVONMORE,12.95,13.79,12.85,13.12,262918.0,
2026-09-04,AVONMORE,13.74,13.74,12.93,13.02,310318.0,
2026-09-07,AVONMORE,13.07,14.22,13.07,14.1,647927.0,
2026-09-08,AVONMORE,14.35,14.35,14.0,14.06,152135.0,
2026-09-09,AVONMORE,14.25,14.25,13.54,13.99,229737.0,
2026-09-10,AVONMORE,14.1,14.67,13.85,14.19,441717.0,
2026-09-11,AVONMORE,14.2,14.6,13.85,14.0,258430.0,
2026-09-15,AVONMORE,14.0,14.29,13.66,13.79,298526.0,
2026-09-16,AVONMORE,13.61,13.83,12.9,13.06,280829.0,
2026-09-17,AVONMORE,13.4,13.4,11.76,12.02,703372.0,
2026-09-18,AVONMORE,12.2,12.5,12.09,12.46,98361.0,
2026-09-21,AVONMORE,12.56,13.27,12.07,13.01,197718.0,
2026-09-22,AVONMORE,13.01,13.27,12.77,12.87,95776.0,
2026-09-23,AVONMORE,12.87,13.88,12.81,13.48,375571.0,
2026-09-24,AVONMORE,13.64,13.64,13.01,13.1,174612.0,
2025-09-10,BERGEPAINT,532.0,536.5,530.25,535.65,231765.0,
2025-09-11,BERGEPAINT,534.7,555.0,532.5,551.35,650342.0,
2025-09-12,BERGEPAINT,552.3,557.85,535.25,539.35,497684.0,
2025-09-15,BERGEPAINT,541.85,546.25,536.1,544.25,306309.0,
2025-09-16,BERGEPAINT,543.0,554.4,535.35,536.75,547566.0,
2025-09-17,BERGEPAINT,539.0,547.2,532.15,534.25,570517.0,
2025-09-18,BERGEPAINT,535.0,543.0,532.6,535.35,476811.0,
2025-09-19,BERGEPAINT,538.0,540.7,530.2,531.6,866877.0,
2025-09-22,BERGEPAINT,533.95,539.85,530.2,531.55,477076.0,
2025-09-23,BERGEPAINT,532.05,535.6,529.5,532.6,263078.0,
2025-09-24,BERGEPAINT,533.85,539.3,530.05,535.8,495382.0,
2025-09-25,BERGEPAINT,532.4,536.55,529.85,531.2,551990.0,
2025-09-26,BERGEPAINT,530.0,532.2,513.35,521.45,870566.0,
2025-09-29,BERGEPAINT,518.0,518.85,507.45,516.7,613272.0,
2025-09-30,BERGEPAINT,520.8,522.15,506.1,515.2,253123.0,
2025-10-01,BERGEPAINT,512.1,532.9,511.05,529.65,401978.0,
2025-10-03,BERGEPAINT,528.0,543.45,527.0,542.6,907288.0,
2025-10-06,BERGEPAINT,537.3,539.9,531.2,532.2,192604.0,
2025-10-07,BERGEPAINT,532.5,537.25,529.55,536.1,243254.0,
2025-10-08,BERGEPAINT,534.3,536.4,525.0,526.2,147038.0,
2025-10-09,BERGEPAINT,526.2,534.0,524.35,533.0,234444.0,
2025-10-10,BERGEPAINT,531.0,535.75,529.2,535.15,273685.0,
2025-10-13,BERGEPAINT,531.95,536.4,530.0,534.1,187697.0,
2025-10-14,BERGEPAINT,536.0,537.6,531.3,533.95,445492.0,
2025-10-15,BERGEPAINT,532.1,537.1,525.0,526.25,604745.0,
2025-10-16,BERGEPAINT,526.95,535.7,526.95,532.9,419357.0,
2025-10-17,BERGEPAINT,531.0,545.8,531.0,544.9,1225794.0,
2025-10-20,BERGEPAINT,548.0,553.15,537.5,539.75,476268.0,
2025-10-21,BERGEPAINT,539.75,544.65,537.65,541.4,55165.0,
2025-10-23,BERGEPAINT,541.0,544.6,536.1,542.35,466320.0,
2025-10-24,BERGEPAINT,545.0,548.0,537.0,545.65,329427.0,
2025-10-27,BERGEPAINT,544.0,545.65,538.35,541.2,409556.0,
2025-10-28,BERGEPAINT,540.6,545.5,538.5,544.9,202771.0,
2025-10-29,BERGEPAINT,543.65,546.0,540.0,545.05,135812.0,
2025-10-30,BERGEPAINT,545.05,546.0,539.0,544.75,192527.0,
2025-10-31,BERGEPAINT,543.45,545.6,539.15,542.1,188516.0,
2025-11-03,BERGEPAINT,541.0,542.1,533.0,539.0,206023.0,
2025-11-04,BERGEPAINT,539.0,543.05,536.0,537.45,332455.0,
2025-11-06,BERGEPAINT,530.95,554.8,530.3,544.45,1118825.0,
2025-11-07,BERGEPAINT,544.5,544.55,528.35,531.05,353605.0,
2025-11-10,BERGEPAINT,530.65,537.5,528.9,535.6,180354.0,
2025-11-11,BERGEPAINT,535.6,558.6,535.6,546.2,615377.0,
2025-11-12,BERGEPAINT,546.2,569.4,546.2,560.1,501201.0,
2025-11-13,BERGEPAINT,567.0,582.0,564.75,577.9,1350351.0,
2025-11-14,BERGEPAINT,564.5,587.95,564.5,579.55,253136.0,
2025-11-17,BERGEPAINT,579.55,582.8,574.3,578.1,242696.0,
2025-11-18,BERGEPAINT,577.3,590.25,577.25,586.6,558549.0,
2025-11-19,BERGEPAINT,586.1,592.0,581.3,588.95,372375.0,
2025-11-20,BERGEPAINT,587.05,591.2,580.1,590.1,260687.0,
2025-11-21,BERGEPAINT,584.5,594.55,576.0,579.55,434629.0,
2025-11-24,BERGEPAINT,579.6,590.45,574.15,579.3,358255.0,
2025-11-25,BERGEPAINT,583.0,586.0,566.0,569.15,210209.0,
2025-11-26,BERGEPAINT,570.0,578.0,558.85,575.65,319450.0,
2025-11-27,BERGEPAINT,575.0,579.35,562.35,570.85,341692.0,
2025-11-28,BERGEPAINT,566.25,570.5,561.25,564.6,190459.0,
2025-12-01,BERGEPAINT,565.0,567.4,554.0,556.1,143456.0,
2025-12-02,BERGEPAINT,556.2,561.95,550.1,559.05,158188.0,
2025-12-03,BERGEPAINT,559.05,560.05,549.5,558.3,262442.0,
2025-12-04,BERGEPAINT,558.3,561.5,551.0,556.15,698092.0,
2025-12-05,BERGEPAINT,554.1,558.15,551.3,554.5,284404.0,
2025-12-08,BERGEPAINT,554.4,554.5,535.55,539.1,319910.0,
2025-12-09,BERGEPAINT,535.1,543.85,529.05,539.95,475084.0,
2025-12-10,BERGEPAINT,541.0,553.6,538.4,549.1,299565.0,
2025-12-11,BERGEPAINT,546.2,547.85,534.0,539.5,171222.0,
2025-12-12,BERGEPAINT,539.5,543.6,535.5,541.25,168351.0,
2025-12-15,BERGEPAINT,541.0,542.55,538.0,540.1,101735.0,
2025-12-16,BERGEPAINT,540.0,543.5,536.4,540.05,122982.0,
2025-12-17,BERGEPAINT,540.05,542.5,534.2,538.9,128096.0,
2025-12-18,BERGEPAINT,536.2,537.9,531.1,536.35,84320.0,
2025-12-19,BERGEPAINT,534.6,539.55,533.0,538.0,268604.0,
2025-12-22,BERGEPAINT,538.0,569.15,536.0,542.15,636894.0,
2025-12-23,BERGEPAINT,546.0,552.2,540.5,544.05,200833.0,
2025-12-24,BERGEPAINT,545.0,556.7,542.1,555.15,287246.0,
2025-12-26,BERGEPAINT,554.0,558.55,540.0,542.05,347472.0,
2025-12-29,BERGEPAINT,540.05,546.85,537.85,544.6,174890.0,
2025-12-30,BERGEPAINT,541.0,541.8,518.1,525.55,2245520.0,
2025-12-31,BERGEPAINT,528.2,540.95,526.5,536.55,327259.0,
2026-01-01,BERGEPAINT,539.0,539.0,529.3,533.65,206112.0,
2026-01-02,BERGEPAINT,536.2,536.2,521.65,524.1,342256.0,
2026-01-05,BERGEPAINT,524.1,529.5,522.2,528.6,206055.0,
2026-01-06,BERGEPAINT,530.15,531.8,522.0,526.8,305401.0,
2026-01-07,BERGEPAINT,524.0,527.25,521.4,526.15,218527.0,
2026-01-08,BERGEPAINT,522.0,527.15,515.0,519.7,257475.0,
2026-01-09,BERGEPAINT,519.9,520.0,511.0,514.2,323785.0,
2026-01-12,BERGEPAINT,512.0,516.8,505.0,509.9,250010.0,
2026-01-13,BERGEPAINT,509.05,526.4,508.0,520.75,193275.0,
2026-01-14,BERGEPAINT,519.45,526.25,512.75,525.15,181978.0,
2026-01-16,BERGEPAINT,525.15,526.0,516.05,519.75,163802.0,
2026-01-19,BERGEPAINT,515.55,521.35,512.0,519.7,188628.0,
2026-01-20,BERGEPAINT,515.5,521.0,507.25,514.35,242849.0,
2026-01-21,BERGEPAINT,507.05,518.0,506.0,515.8,213770.0,
2026-01-22,BERGEPAINT,512.1,520.1,506.75,507.8,236034.0,
2026-01-23,BERGEPAINT,508.65,510.5,502.6,504.5,236401.0,
2026-01-27,BERGEPAINT,505.0,506.0,489.1,495.3,233354.0,
2026-01-28,BERGEPAINT,494.85,494.85,477.45,478.85,327060.0,
2026-01-29,BERGEPAINT,478.85,480.0,461.75,463.5,418757.0,
2026-01-30,BERGEPAINT,461.9,466.4,459.25,462.9,262316.0,
2026-02-02,BERGEPAINT,467.05,470.5,452.85,466.15,225137.0,
2026-02-03,BERGEPAINT,476.15,481.0,468.65,480.05,370709.0,
2026-02-04,BERGEPAINT,480.05,484.35,470.0,480.1,179793.0,
2026-02-05,BERGEPAINT,484.95,484.95,470.0,472.3,153304.0,
2026-02-06,BERGEPAINT,465.0,473.95,458.45,472.4,341137.0,
2026-02-09,BERGEPAINT,471.1,472.4,463.8,467.15,748864.0,
2026-02-10,BERGEPAINT,469.8,470.0,457.45,458.65,1970914.0,
2026-02-11,BERGEPAINT,459.95,461.65,448.75,458.5,2687693.0,
2026-02-12,BERGEPAINT,460.45,465.4,457.25,460.75,952165.0,
2026-02-13,BERGEPAINT,460.0,464.2,452.5,462.0,309257.0,
2026-02-16,BERGEPAINT,462.0,465.35,458.0,462.4,240785.0,
2026-02-17,BERGEPAINT,463.45,465.5,461.1,463.4,124854.0,
2026-02-18,BERGEPAINT,463.1,465.0,458.1,460.4,168281.0,
2026-02-19,BERGEPAINT,461.75,462.6,455.6,457.45,163832.0,
2026-02-20,BERGEPAINT,456.35,461.9,451.95,455.45,285333.0,
2026-02-23,BERGEPAINT,457.0,465.5,455.9,464.8,315354.0,
2026-02-24,BERGEPAINT,464.8,465.15,459.3,462.7,177563.0,
2026-02-25,BERGEPAINT,462.7,464.55,454.05,456.05,241718.0,
2026-02-26,BERGEPAINT,458.25,462.45,456.15,459.25,210873.0,
2026-02-27,BERGEPAINT,459.25,460.95,454.6,456.1,1000790.0,
2026-03-02,BERGEPAINT,431.15,454.9,431.15,447.4,568619.0,
2026-03-04,BERGEPAINT,436.55,445.6,433.55,438.75,432782.0,
2026-03-05,BERGEPAINT,438.0,443.95,430.55,434.8,1057480.0,
2026-03-06,BERGEPAINT,434.0,444.0,429.05,440.3,350669.0,
2026-03-09,BERGEPAINT,428.65,442.0,421.15,434.2,419421.0,
2026-03-10,BERGEPAINT,441.15,444.75,435.0,436.7,406925.0,
2026-03-11,BERGEPAINT,441.8,444.1,429.5,430.65,562973.0,
2026-03-12,BERGEPAINT,428.7,428.7,419.2,422.7,357534.0,
2026-03-13,BERGEPAINT,417.85,418.85,404.6,407.8,356646.0,
2026-03-16,BERGEPAINT,405.0,407.7,391.1,404.5,457812.0,
2026-03-17,BERGEPAINT,404.8,420.4,404.3,416.15,676135.0,
2026-03-18,BERGEPAINT,416.3,419.0,411.1,414.95,288293.0,
2026-03-19,BERGEPAINT,408.8,415.9,407.15,409.45,290614.0,
2026-03-20,BERGEPAINT,417.0,420.0,412.5,416.7,489338.0,
2026-03-23,BERGEPAINT,410.9,414.75,403.65,405.45,356953.0,
2026-03-24,BERGEPAINT,420.0,420.25,407.35,413.8,366598.0,
2026-03-25,BERGEPAINT,418.95,427.7,416.15,425.45,349329.0,
2026-03-27,BERGEPAINT,420.0,425.0,410.45,414.65,632063.0,
2026-03-30,BERGEPAINT,412.75,415.0,404.45,410.0,382857.0,
2026-04-01,BERGEPAINT,419.15,419.2,413.2,417.8,178475.0,
2026-04-02,BERGEPAINT,413.75,424.9,405.75,422.25,345762.0,
2026-04-06,BERGEPAINT,422.6,435.0,416.85,431.0,207641.0,
2026-04-07,BERGEPAINT,431.0,434.55,424.05,429.85,156151.0,
2026-04-08,BERGEPAINT,450.4,450.4,433.55,435.7,599265.0,
2026-04-09,BERGEPAINT,437.75,440.95,431.7,435.0,285421.0,
2026-04-10,BERGEPAINT,430.0,457.9,428.95,454.0,627408.0,
2026-04-13,BERGEPAINT,446.5,465.0,439.7,460.7,334843.0,
2026-04-15,BERGEPAINT,468.2,476.7,463.1,474.6,434348.0,
2026-04-16,BERGEPAINT,477.0,481.95,468.0,472.1,182272.0,
2026-04-17,BERGEPAINT,472.4,477.0,460.0,468.6,159612.0,
2026-04-20,BERGEPAINT,469.95,490.0,463.3,483.95,402025.0,
2026-04-21,BERGEPAINT,484.45,485.0,478.35,480.6,133179.0,
2026-04-22,BERGEPAINT,478.0,479.6,470.7,478.25,163070.0,
2026-04-23,BERGEPAINT,470.5,476.4,467.0,468.65,123440.0,
2026-04-24,BERGEPAINT,468.65,474.6,458.2,460.4,113166.0,
2026-04-27,BERGEPAINT,460.4,466.75,459.0,463.6,93182.0,
2026-04-28,BERGEPAINT,463.6,469.0,459.0,459.85,73492.0,
2026-04-29,BERGEPAINT,459.95,469.05,456.85,463.8,96718.0,
2026-04-30,BERGEPAINT,458.0,474.9,455.75,473.1,251398.0,
2026-05-04,BERGEPAINT,473.1,480.2,468.1,470.3,159600.0,
2026-05-05,BERGEPAINT,469.1,476.0,465.9,470.6,78970.0,
2026-05-06,BERGEPAINT,474.65,480.0,470.3,478.45,129294.0,
2026-05-07,BERGEPAINT,488.0,498.95,484.6,488.25,432652.0,
2026-05-08,BERGEPAINT,490.0,521.95,488.05,515.75,2002819.0,
2026-05-11,BERGEPAINT,511.95,511.95,491.05,493.85,259609.0,
2026-05-12,BERGEPAINT,490.0,498.55,479.0,488.1,273268.0,
2026-05-13,BERGEPAINT,505.0,533.35,500.0,507.7,9314433.0,
2026-05-14,BERGEPAINT,514.95,540.35,512.0,533.9,4289866.0,
2026-05-15,BERGEPAINT,534.0,536.2,528.1,533.45,470935.0,
2026-05-18,BERGEPAINT,525.5,529.0,510.6,524.6,490228.0,
2026-05-19,BERGEPAINT,525.0,528.1,505.0,507.7,353321.0,
2026-05-20,BERGEPAINT,502.0,511.9,496.65,508.45,200794.0,
2026-05-21,BERGEPAINT,513.95,529.0,496.25,499.35,440704.0,
2026-05-22,BERGEPAINT,503.0,505.95,496.35,501.15,315514.0,
2026-05-25,BERGEPAINT,507.0,511.75,501.8,504.85,222668.0,
2026-05-26,BERGEPAINT,508.4,519.0,505.0,515.55,377263.0,
2026-05-27,BERGEPAINT,514.4,527.9,511.05,526.95,250085.0,
2026-05-29,BERGEPAINT,528.0,530.0,495.0,500.6,659911.0,
2026-06-01,BERGEPAINT,502.0,518.85,501.95,512.9,594208.0,
2026-06-02,BERGEPAINT,509.85,514.75,505.0,508.25,221082.0,
2026-06-03,BERGEPAINT,507.0,512.85,494.0,496.05,344743.0,
2026-06-04,BERGEPAINT,495.0,512.45,492.3,494.25,497863.0,
2026-06-05,BERGEPAINT,496.7,500.65,487.15,490.25,175032.0,
2026-06-08,BERGEPAINT,485.0,495.05,481.05,491.9,281633.0,
2026-06-09,BERGEPAINT,495.8,504.7,493.0,501.9,259875.0,
2026-06-10,BERGEPAINT,504.15,522.9,502.0,516.7,660384.0,
2026-06-11,BERGEPAINT,514.95,522.2,504.5,513.95,344492.0,
2026-06-12,BERGEPAINT,521.0,523.35,510.0,515.15,382979.0,
2026-06-15,BERGEPAINT,528.7,538.15,516.15,519.4,480247.0,
2026-06-16,BERGEPAINT,521.0,524.95,508.0,510.5,378494.0,
2026-06-17,BERGEPAINT,516.0,518.9,510.05,511.7,290258.0,
2026-06-18,BERGEPAINT,513.6,515.1,504.1,505.05,260296.0,
2026-06-19,BERGEPAINT,506.0,559.7,504.8,550.7,7790257.0,
2026-06-22,BERGEPAINT,550.7,559.7,540.45,550.05,1112892.0,
2026-06-23,BERGEPAINT,550.0,555.0,542.05,546.25,515787.0,
2026-06-24,BERGEPAINT,540.25,546.8,525.75,530.55,518210.0,
2026-06-25,BERGEPAINT,534.3,551.65,533.25,538.65,604446.0,
2026-06-29,BERGEPAINT,536.0,539.9,513.0,518.3,1267718.0,
2026-06-30,BERGEPAINT,522.0,526.35,508.75,510.1,506186.0,
2026-07-01,BERGEPAINT,510.1,518.6,507.15,515.35,496084.0,
2026-07-02,BERGEPAINT,520.0,525.0,514.9,520.75,358693.0,
2026-07-03,BERGEPAINT,520.9,529.0,517.0,519.45,490880.0,
2026-07-06,BERGEPAINT,518.05,525.5,514.4,521.85,498483.0,
2026-07-07,BERGEPAINT,525.5,526.0,508.0,508.7,274384.0,
2026-07-08,BERGEPAINT,503.0,510.0,495.25,498.1,355138.0,
2026-07-09,BERGEPAINT,498.0,502.7,486.0,497.0,334608.0,
2026-07-10,BERGEPAINT,503.75,504.5,495.5,497.25,155896.0,
2026-07-13,BERGEPAINT,491.15,494.8,486.5,492.95,111789.0,
2026-07-14,BERGEPAINT,486.3,495.0,484.35,489.1,220547.0,
2026-07-15,BERGEPAINT,489.85,496.35,489.4,491.7,124360.0,
2026-07-16,BERGEPAINT,490.25,510.0,490.25,498.3,162559.0,
2026-07-17,BERGEPAINT,498.35,501.0,491.55,493.7,171501.0,
2026-07-20,BERGEPAINT,494.7,498.7,489.1,490.7,242880.0,
2026-07-21,BERGEPAINT,492.45,513.35,491.0,506.4,668714.0,
2026-07-22,BERGEPAINT,507.0,507.0,495.0,496.45,137867.0,
2026-07-23,BERGEPAINT,499.8,503.9,492.2,493.6,143720.0,
2026-07-24,BERGEPAINT,489.7,499.9,488.9,497.95,99047.0,
2026-07-27,BERGEPAINT,502.1,506.9,499.55,504.0,173146.0,
2026-07-28,BERGEPAINT,507.0,507.0,498.1,499.35,103531.0,
2026-07-29,BERGEPAINT,499.35,528.1,497.25,520.05,746012.0,
2026-07-30,BERGEPAINT,516.9,526.0,512.2,521.35,315910.0,
2026-07-31,BERGEPAINT,524.95,524.95,515.4,520.45,241120.0,
2026-08-03,BERGEPAINT,522.3,536.55,522.0,526.55,389074.0,
2026-08-04,BERGEPAINT,527.0,544.0,526.6,533.8,488585.0,
2026-08-05,BERGEPAINT,534.0,555.0,525.1,545.2,1408654.0,
2026-08-06,BERGEPAINT,546.0,557.3,535.6,537.6,1078895.0,
2026-08-07,BERGEPAINT,538.0,544.85,529.05,530.55,286606.0,
2026-08-10,BERGEPAINT,536.0,543.5,530.8,542.1,272470.0,
2026-08-11,BERGEPAINT,541.8,545.0,533.65,534.95,291938.0,
2026-08-12,BERGEPAINT,539.8,564.9,535.9,559.8,1847256.0,
2026-08-13,BERGEPAINT,564.5,565.9,542.4,546.35,513795.0,
2026-08-14,BERGEPAINT,547.0,561.0,543.0,545.1,891866.0,
2026-08-17,BERGEPAINT,549.0,553.55,543.7,549.35,460725.0,
2026-08-18,BERGEPAINT,549.0,549.6,537.3,541.2,243429.0,
2026-08-19,BERGEPAINT,538.0,544.5,531.0,535.9,344433.0,
2026-08-20,BERGEPAINT,536.9,539.55,525.0,528.55,291505.0,
2026-08-21,BERGEPAINT,530.2,530.2,522.0,524.4,157453.0,
2026-08-24,BERGEPAINT,524.4,525.45,514.1,515.5,159390.0,
2026-08-25,BERGEPAINT,515.5,517.4,508.0,509.85,210006.0,
2026-08-26,BERGEPAINT,511.3,514.0,501.9,503.7,636414.0,
2026-08-27,BERGEPAINT,507.0,511.35,499.6,501.0,275124.0,
2026-08-28,BERGEPAINT,501.85,501.85,493.0,494.35,149998.0,
2026-08-31,BERGEPAINT,493.0,505.0,486.0,497.75,261810.0,
2026-09-01,BERGEPAINT,500.9,501.1,490.0,490.85,134383.0,
2026-09-02,BERGEPAINT,488.8,489.9,478.75,488.05,225836.0,
2026-09-03,BERGEPAINT,489.0,497.0,485.4,491.4,188441.0,
2026-09-04,BERGEPAINT,494.0,496.7,484.0,485.3,277300.0,
2026-09-07,BERGEPAINT,485.4,488.95,480.55,484.5,305409.0,
2026-09-08,BERGEPAINT,484.5,485.65,476.15,479.45,224801.0,
2026-09-09,BERGEPAINT,483.9,483.9,468.0,470.8,397752.0,
2026-09-10,BERGEPAINT,471.0,473.95,460.95,463.8,262246.0,
2026-09-11,BERGEPAINT,460.75,465.75,457.0,458.05,283827.0,
2026-09-15,BERGEPAINT,458.05,460.95,445.55,447.1,220721.0,
2026-09-16,BERGEPAINT,449.1,450.7,444.15,448.15,163379.0,
2026-09-17,BERGEPAINT,449.4,452.35,443.9,448.6,443456.0,
2026-09-18,BERGEPAINT,449.95,461.8,448.6,458.65,1220340.0,
2026-09-21,BERGEPAINT,460.8,463.0,448.1,450.6,860289.0,
2026-09-22,BERGEPAINT,453.0,456.9,448.0,452.6,454498.0,
2026-09-23,BERGEPAINT,459.7,462.0,455.3,459.75,320195.0,
2026-09-24,BERGEPAINT,457.85,457.85,444.35,449.4,671583.0,
2025-09-10,BHAGERIA,198.83,205.0,197.35,200.94,31488.0,
2025-09-11,BHAGERIA,203.0,214.0,200.0,206.84,248423.0,
2025-09-12,BHAGERIA,206.0,209.0,202.1,204.13,75726.0,
2025-09-15,BHAGERIA,204.13,207.7,190.5,191.67,235846.0,
2025-09-16,BHAGERIA,193.2,194.55,185.8,186.52,104777.0,
2025-09-17,BHAGERIA,188.4,190.8,184.0,184.67,192034.0,
2025-09-18,BHAGERIA,186.2,191.6,183.92,190.16,97116.0,
2025-09-19,BHAGERIA,191.0,220.5,180.92,182.27,2602425.0,
2025-09-22,BHAGERIA,182.4,189.0,178.86,179.59,277829.0,
2025-09-23,BHAGERIA,180.4,184.9,176.5,179.68,108859.0,
2025-09-24,BHAGERIA,182.25,182.39,173.8,174.64,466241.0,
2025-09-25,BHAGERIA,175.52,184.0,172.8,175.36,686198.0,
2025-09-26,BHAGERIA,174.1,179.7,172.22,177.22,203403.0,
2025-09-29,BHAGERIA,178.0,180.44,173.38,175.92,121603.0,
2025-09-30,BHAGERIA,177.7,179.46,172.37,172.99,172910.0,
2025-10-01,BHAGERIA,174.72,174.72,172.55,173.29,35620.0,
2025-10-03,BHAGERIA,173.29,181.9,173.29,177.09,291523.0,
2025-10-06,BHAGERIA,179.0,180.7,175.25,176.26,188063.0,
2025-10-07,BHAGERIA,178.0,181.0,173.95,177.53,92149.0,
2025-10-08,BHAGERIA,177.95,180.32,174.7,176.55,47303.0,
2025-10-09,BHAGERIA,178.7,184.6,176.63,182.36,393683.0,
2025-10-10,BHAGERIA,185.9,187.0,181.0,185.54,764053.0,
2025-10-13,BHAGERIA,186.47,187.9,173.24,174.71,577346.0,
2025-10-14,BHAGERIA,176.11,178.65,172.01,173.74,201736.0,
2025-10-15,BHAGERIA,174.95,176.0,173.1,174.18,237737.0,
2025-10-16,BHAGERIA,175.8,177.95,174.14,174.7,138789.0,
2025-10-17,BHAGERIA,175.57,176.98,171.9,172.78,126060.0,
2025-10-20,BHAGERIA,181.0,200.0,180.05,188.58,4198838.0,
2025-10-21,BHAGERIA,198.49,198.49,192.35,194.66,240945.0,
2025-10-23,BHAGERIA,199.3,233.59,199.0,228.6,8773759.0,
2025-10-24,BHAGERIA,230.0,244.6,222.34,235.94,7638962.0,
2025-10-27,BHAGERIA,237.0,244.0,224.1,232.67,1800262.0,
2025-10-28,BHAGERIA,227.81,239.0,215.0,220.09,1217996.0,
2025-10-29,BHAGERIA,221.0,224.18,212.0,216.91,423209.0,
2025-10-30,BHAGERIA,215.2,226.0,215.2,224.04,729613.0,
2025-10-31,BHAGERIA,225.16,228.89,218.8,223.91,305993.0,
2025-11-03,BHAGERIA,225.0,225.0,208.0,209.99,358404.0,
2025-11-04,BHAGERIA,212.0,217.36,210.54,213.5,235857.0,
2025-11-06,BHAGERIA,216.7,216.7,205.09,206.92,194651.0,
2025-11-07,BHAGERIA,208.58,212.79,205.57,209.4,187084.0,
2025-11-10,BHAGERIA,210.0,211.01,199.97,202.15,172008.0,
2025-11-11,BHAGERIA,202.73,203.62,197.69,200.03,140334.0,
2025-11-12,BHAGERIA,200.61,204.75,200.61,203.56,76293.0,
2025-11-13,BHAGERIA,204.15,204.15,197.7,199.14,102642.0,
2025-11-14,BHAGERIA,202.14,202.14,195.25,197.76,63417.0,
2025-11-17,BHAGERIA,198.33,203.0,198.33,200.46,73454.0,
2025-11-18,BHAGERIA,200.46,200.46,195.1,195.56,189064.0,
2025-11-19,BHAGERIA,195.9,199.0,193.0,194.5,91716.0,
2025-11-20,BHAGERIA,194.52,195.18,186.4,189.15,184269.0,
2025-11-21,BHAGERIA,188.37,190.39,185.0,185.97,103821.0,
2025-11-24,BHAGERIA,185.1,186.0,181.25,181.76,64395.0,
2025-11-25,BHAGERIA,181.0,185.09,179.46,183.5,58285.0,
2025-11-26,BHAGERIA,184.03,188.0,183.4,185.13,88803.0,
2025-11-27,BHAGERIA,185.66,186.79,181.71,182.69,34430.0,
2025-11-28,BHAGERIA,183.21,183.21,180.0,181.45,62734.0,
2025-12-01,BHAGERIA,181.1,184.46,162.95,174.97,155183.0,
2025-12-02,BHAGERIA,175.2,185.0,175.2,181.24,149614.0,
2025-12-03,BHAGERIA,181.05,184.0,179.2,182.16,53415.0,
2025-12-04,BHAGERIA,182.21,183.74,178.8,179.88,34261.0,
2025-12-05,BHAGERIA,181.85,182.17,175.2,176.91,62447.0,
2025-12-08,BHAGERIA,176.03,177.7,171.0,174.42,74787.0,
2025-12-09,BHAGERIA,173.55,179.9,169.39,178.79,60052.0,
2025-12-10,BHAGERIA,180.6,180.6,175.32,177.21,34842.0,
2025-12-11,BHAGERIA,178.5,180.09,174.81,176.33,43486.0,
2025-12-12,BHAGERIA,175.36,180.39,175.36,177.35,40871.0,
2025-12-15,BHAGERIA,179.09,183.26,177.24,181.99,46082.0,
2025-12-16,BHAGERIA,184.75,184.75,177.45,179.32,31364.0,
2025-12-17,BHAGERIA,179.7,183.19,174.5,176.75,98631.0,
2025-12-18,BHAGERIA,175.0,179.9,174.2,177.47,50505.0,
2025-12-19,BHAGERIA,181.0,184.0,176.11,182.26,86008.0,
2025-12-22,BHAGERIA,182.26,188.24,180.26,187.13,75909.0,
2025-12-23,BHAGERIA,188.0,190.52,185.22,188.31,47330.0,
2025-12-24,BHAGERIA,188.31,188.85,184.74,185.94,28561.0,
2025-12-26,BHAGERIA,185.94,185.94,182.0,182.91,31860.0,
2025-12-29,BHAGERIA,183.0,183.9,178.38,180.5,33369.0,
2025-12-30,BHAGERIA,180.5,181.21,178.02,180.21,32870.0,
2025-12-31,BHAGERIA,180.0,182.9,177.35,180.57,106748.0,
2026-01-01,BHAGERIA,181.8,181.8,178.2,180.63,23440.0,
2026-01-02,BHAGERIA,181.49,184.76,180.11,183.41,37212.0,
2026-01-05,BHAGERIA,182.99,183.9,179.33,179.77,26883.0,
2026-01-06,BHAGERIA,180.4,180.62,177.35,177.83,28746.0,
2026-01-07,BHAGERIA,179.26,180.95,177.81,180.12,19592.0,
2026-01-08,BHAGERIA,180.12,180.98,175.2,175.51,27236.0,
2026-01-09,BHAGERIA,175.51,175.75,170.1,170.71,57737.0,
2026-01-12,BHAGERIA,170.55,170.66,164.55,168.73,35840.0,
2026-01-13,BHAGERIA,169.5,171.35,166.0,167.62,20451.0,
2026-01-14,BHAGERIA,169.1,169.19,166.0,166.36,34791.0,
2026-01-16,BHAGERIA,166.99,171.39,166.99,168.88,53112.0,
2026-01-19,BHAGERIA,167.1,169.49,166.07,167.13,30614.0,
2026-01-20,BHAGERIA,165.7,171.0,160.03,161.07,47080.0,
2026-01-21,BHAGERIA,159.55,162.49,155.0,157.08,48154.0,
2026-01-22,BHAGERIA,156.15,163.0,156.15,159.3,34997.0,
2026-01-23,BHAGERIA,159.69,172.22,159.02,160.6,109042.0,
2026-01-27,BHAGERIA,162.99,163.0,157.61,160.17,41438.0,
2026-01-28,BHAGERIA,161.99,170.16,161.34,169.51,68589.0,
2026-01-29,BHAGERIA,167.0,175.0,166.01,172.83,59546.0,
2026-01-30,BHAGERIA,174.5,185.77,168.0,180.87,93661.0,
2026-02-02,BHAGERIA,185.9,188.0,171.4,174.4,109343.0,
2026-02-03,BHAGERIA,174.5,179.66,165.66,166.72,239200.0,
2026-02-04,BHAGERIA,167.0,176.49,167.0,171.88,74670.0,
2026-02-05,BHAGERIA,170.23,170.82,163.8,164.45,82120.0,
2026-02-06,BHAGERIA,164.6,165.4,159.2,160.66,72743.0,
2026-02-09,BHAGERIA,161.49,163.3,157.0,158.41,94718.0,
2026-02-10,BHAGERIA,159.0,161.22,157.62,159.99,53276.0,
2026-02-11,BHAGERIA,160.25,164.49,158.02,163.41,46861.0,
2026-02-12,BHAGERIA,163.0,163.0,158.5,159.15,33140.0,
2026-02-13,BHAGERIA,159.1,162.14,156.41,161.2,36058.0,
2026-02-16,BHAGERIA,163.55,163.55,158.43,159.63,22200.0,
2026-02-17,BHAGERIA,159.0,162.8,159.0,160.75,21147.0,
2026-02-18,BHAGERIA,161.01,161.99,160.0,161.25,11798.0,
2026-02-19,BHAGERIA,161.0,162.48,158.6,158.92,15116.0,
2026-02-20,BHAGERIA,158.13,159.51,156.54,157.18,39642.0,
2026-02-23,BHAGERIA,157.2,158.7,156.0,157.15,15679.0,
2026-02-24,BHAGERIA,158.02,158.23,153.37,156.33,31277.0,
2026-02-25,BHAGERIA,158.7,158.7,154.0,155.13,21736.0,
2026-02-26,BHAGERIA,157.5,157.5,153.0,153.8,15688.0,
2026-02-27,BHAGERIA,154.8,156.91,153.0,154.19,34242.0,
2026-03-02,BHAGERIA,147.9,153.0,147.9,152.69,41629.0,
2026-03-04,BHAGERIA,147.1,152.22,147.0,149.68,70198.0,
2026-03-05,BHAGERIA,149.05,153.2,148.0,151.44,24972.0,
2026-03-06,BHAGERIA,151.44,153.98,149.03,152.3,28383.0,
2026-03-09,BHAGERIA,152.3,154.0,145.0,151.35,43479.0,
2026-03-10,BHAGERIA,151.35,155.41,148.8,151.39,78871.0,
2026-03-11,BHAGERIA,153.5,153.96,150.0,151.92,25560.0,
2026-03-12,BHAGERIA,151.92,153.01,146.71,151.19,33213.0,
2026-03-13,BHAGERIA,151.9,151.9,145.0,146.96,31279.0,
2026-03-16,BHAGERIA,145.01,147.14,137.79,141.59,97046.0,
2026-03-17,BHAGERIA,141.61,143.54,139.22,141.03,32457.0,
2026-03-18,BHAGERIA,143.1,149.26,142.81,147.96,310927.0,
2026-03-19,BHAGERIA,143.2,149.76,142.3,143.48,36002.0,
2026-03-20,BHAGERIA,143.0,146.11,141.02,141.43,138789.0,
2026-03-23,BHAGERIA,143.0,143.0,135.0,135.35,58565.0,
2026-03-24,BHAGERIA,137.15,140.36,136.0,139.14,32609.0,
2026-03-25,BHAGERIA,142.0,145.3,140.97,142.92,339646.0,
2026-03-27,BHAGERIA,140.6,141.08,133.05,134.05,94269.0,
2026-03-30,BHAGERIA,133.38,135.2,127.51,128.54,66432.0,
2026-04-01,BHAGERIA,130.0,143.0,130.0,139.6,37469.0,
2026-04-02,BHAGERIA,135.55,153.3,135.55,147.81,45282.0,
2026-04-06,BHAGERIA,147.81,150.19,145.36,148.44,30510.0,
2026-04-07,BHAGERIA,148.0,158.0,146.8,154.59,42542.0,
2026-04-08,BHAGERIA,158.99,162.46,157.0,159.18,30828.0,
2026-04-09,BHAGERIA,160.21,163.7,153.4,154.72,47626.0,
2026-04-10,BHAGERIA,155.34,162.9,155.34,160.75,26644.0,
2026-04-13,BHAGERIA,157.65,160.2,155.0,157.67,33309.0,
2026-04-15,BHAGERIA,160.0,164.99,160.0,161.95,42703.0,
2026-04-16,BHAGERIA,162.83,164.95,159.1,162.22,21573.0,
2026-04-17,BHAGERIA,164.69,165.79,163.01,164.84,21965.0,
2026-04-20,BHAGERIA,164.7,164.7,160.1,160.5,16790.0,
2026-04-21,BHAGERIA,160.5,163.9,160.49,163.53,15706.0,
2026-04-22,BHAGERIA,162.39,165.58,161.5,163.12,11961.0,
2026-04-23,BHAGERIA,165.41,166.0,162.37,162.97,15669.0,
2026-04-24,BHAGERIA,162.97,185.37,159.41,175.13,174129.0,
2026-04-27,BHAGERIA,179.0,183.75,170.27,171.8,161801.0,
2026-04-28,BHAGERIA,171.0,180.5,171.0,176.71,41020.0,
2026-04-29,BHAGERIA,175.53,179.0,171.6,174.62,58881.0,
2026-04-30,BHAGERIA,172.01,176.0,170.01,173.32,22275.0,
2026-05-04,BHAGERIA,174.18,176.84,164.51,166.84,80248.0,
2026-05-05,BHAGERIA,168.89,169.85,163.7,165.16,27873.0,
2026-05-06,BHAGERIA,165.17,168.9,164.81,168.35,37826.0,
2026-05-07,BHAGERIA,169.0,169.9,166.0,166.99,29149.0,
2026-05-08,BHAGERIA,166.06,168.57,166.0,166.48,18231.0,
2026-05-11,BHAGERIA,166.48,166.48,161.65,163.23,16194.0,
2026-05-12,BHAGERIA,163.91,163.95,158.0,158.65,30009.0,
2026-05-13,BHAGERIA,161.8,163.68,156.35,157.29,27546.0,
2026-05-14,BHAGERIA,159.6,162.0,157.01,160.17,34005.0,
2026-05-15,BHAGERIA,161.4,161.4,155.25,156.62,16140.0,
2026-05-18,BHAGERIA,157.89,157.89,150.0,152.13,21793.0,
2026-05-19,BHAGERIA,155.95,155.95,150.35,151.87,19501.0,
2026-05-20,BHAGERIA,151.87,154.0,148.51,152.71,40819.0,
2026-05-21,BHAGERIA,153.1,155.14,151.8,152.14,22288.0,
2026-05-22,BHAGERIA,154.6,154.6,151.66,152.31,16347.0,
2026-05-25,BHAGERIA,153.15,155.0,152.22,154.52,21885.0,
2026-05-26,BHAGERIA,156.8,159.9,155.39,156.27,38728.0,
2026-05-27,BHAGERIA,158.4,159.5,156.0,158.06,15547.0,
2026-05-29,BHAGERIA,159.1,163.3,156.7,158.59,37098.0,
2026-06-01,BHAGERIA,157.0,161.76,152.0,153.12,20967.0,
2026-06-02,BHAGERIA,150.35,158.0,150.35,154.92,21923.0,
2026-06-03,BHAGERIA,157.93,158.95,153.02,156.22,38976.0,
2026-06-04,BHAGERIA,156.11,187.46,152.39,180.52,522784.0,
2026-06-05,BHAGERIA,205.0,216.0,196.02,209.09,2265151.0,
2026-06-08,BHAGERIA,211.98,219.73,205.0,210.93,1030701.0,
2026-06-09,BHAGERIA,214.0,220.0,213.0,216.4,230008.0,
2026-06-10,BHAGERIA,215.65,215.65,206.5,207.85,133265.0,
2026-06-11,BHAGERIA,205.25,209.12,202.6,205.37,72518.0,
2026-06-12,BHAGERIA,206.02,210.2,206.0,209.25,59871.0,
2026-06-15,BHAGERIA,215.0,220.0,208.04,217.8,244316.0,
2026-06-16,BHAGERIA,217.95,226.8,216.83,223.07,147811.0,
2026-06-17,BHAGERIA,226.53,232.99,224.12,227.52,200256.0,
2026-06-18,BHAGERIA,229.25,229.8,217.0,226.35,234250.0,
2026-06-19,BHAGERIA,229.99,229.99,217.8,224.67,73402.0,
2026-06-22,BHAGERIA,227.0,230.5,221.0,229.15,139110.0,
2026-06-23,BHAGERIA,228.5,234.0,225.0,229.08,71754.0,
2026-06-24,BHAGERIA,229.05,232.0,217.63,223.84,63018.0,
2026-06-25,BHAGERIA,219.0,223.84,218.0,219.13,32030.0,
2026-06-29,BHAGERIA,219.13,221.32,208.18,208.18,32647.0,
2026-06-30,BHAGERIA,197.78,216.5,197.78,211.01,87243.0,
2026-07-01,BHAGERIA,218.9,221.56,210.0,221.46,57628.0,
2026-07-02,BHAGERIA,219.02,232.0,215.25,229.38,208944.0,
2026-07-03,BHAGERIA,225.23,232.0,217.92,219.96,183188.0,
2026-07-06,BHAGERIA,219.0,219.0,212.52,216.85,22125.0,
2026-07-07,BHAGERIA,216.85,220.0,211.0,212.41,9612.0,
2026-07-08,BHAGERIA,212.4,216.0,202.25,204.04,16005.0,
2026-07-09,BHAGERIA,204.0,211.85,200.0,203.65,15569.0,
2026-07-10,BHAGERIA,206.0,213.83,204.0,212.32,13521.0,
2026-07-13,BHAGERIA,213.9,213.9,207.0,210.44,17325.0,
2026-07-14,BHAGERIA,209.25,214.12,201.0,207.53,11731.0,
2026-07-15,BHAGERIA,205.0,211.0,205.0,207.13,12241.0,
2026-07-16,BHAGERIA,207.13,211.27,201.0,203.22,14367.0,
2026-07-17,BHAGERIA,207.0,207.5,200.0,203.49,19169.0,
2026-07-20,BHAGERIA,207.5,213.0,206.0,211.56,28818.0,
2026-07-21,BHAGERIA,214.95,216.0,208.11,212.77,13763.0,
2026-07-22,BHAGERIA,212.99,221.8,212.5,217.26,52451.0,
2026-07-23,BHAGERIA,228.12,228.12,228.12,228.12,46013.0,
2026-07-24,BHAGERIA,236.9,236.9,227.9,228.98,190578.0,
2026-07-27,BHAGERIA,228.9,233.0,217.55,218.11,58952.0,
2026-07-28,BHAGERIA,220.0,220.0,207.21,207.99,50931.0,
2026-07-29,BHAGERIA,208.0,208.9,203.1,206.25,18380.0,
2026-07-30,BHAGERIA,205.2,209.0,199.0,202.08,27631.0,
2026-07-31,BHAGERIA,209.8,212.18,206.0,212.18,21706.0,
2026-08-03,BHAGERIA,222.78,222.78,214.11,219.57,46209.0,
2026-08-04,BHAGERIA,219.57,224.0,208.6,212.24,28286.0,
2026-08-05,BHAGERIA,214.4,218.0,209.0,210.72,17394.0,
2026-08-06,BHAGERIA,212.4,214.06,203.1,207.07,43484.0,
2026-08-07,BHAGERIA,208.9,210.4,205.0,207.43,13120.0,
2026-08-10,BHAGERIA,208.46,208.9,203.0,206.16,21888.0,
2026-08-11,BHAGERIA,208.8,210.0,206.11,206.98,20071.0,
2026-08-12,BHAGERIA,207.0,207.0,203.01,205.35,12301.0,
2026-08-13,BHAGERIA,205.35,207.5,200.0,200.36,33905.0,
2026-08-14,BHAGERIA,202.98,204.9,194.0,199.25,30048.0,
2026-08-17,BHAGERIA,199.25,205.0,196.0,202.08,15868.0,
2026-08-18,BHAGERIA,205.5,205.5,201.0,203.26,9489.0,
2026-08-19,BHAGERIA,203.8,206.35,203.1,204.4,14153.0,
2026-08-20,BHAGERIA,207.5,210.0,200.0,206.71,26302.0,
2026-08-21,BHAGERIA,207.0,213.75,207.0,212.7,49405.0,
2026-08-24,BHAGERIA,215.15,223.33,215.0,223.33,74373.0,
2026-08-25,BHAGERIA,227.0,233.0,218.0,222.19,106368.0,
2026-08-26,BHAGERIA,223.9,228.0,216.8,221.3,53236.0,
2026-08-27,BHAGERIA,220.15,232.1,218.32,227.39,187615.0,
2026-08-28,BHAGERIA,225.0,238.75,225.0,238.75,184545.0,
2026-08-31,BHAGERIA,250.68,250.68,250.68,250.68,147630.0,
2026-09-01,BHAGERIA,263.2,263.2,263.2,263.2,88629.0,
2026-09-02,BHAGERIA,273.0,276.35,253.05,276.35,613964.0,
2026-09-03,BHAGERIA,284.9,290.15,277.0,290.15,390157.0,
2026-09-04,BHAGERIA,288.0,304.65,286.0,304.65,218809.0,
2026-09-07,BHAGERIA,319.85,319.85,319.85,319.85,141581.0,
2026-09-08,BHAGERIA,335.8,335.8,321.0,335.8,263098.0,
2026-09-09,BHAGERIA,339.0,342.0,319.05,319.05,167841.0,
2026-09-10,BHAGERIA,303.1,303.1,303.1,303.1,34751.0,
2026-09-11,BHAGERIA,287.95,318.25,287.95,317.05,395692.0,
2026-09-15,BHAGERIA,317.05,329.0,305.0,306.5,176159.0,
2026-09-16,BHAGERIA,306.9,311.0,291.5,303.7,86277.0,
2026-09-17,BHAGERIA,306.95,318.85,306.75,318.85,65522.0,
2026-09-18,BHAGERIA,334.75,334.75,325.0,334.75,62603.0,
2026-09-21,BHAGERIA,351.05,368.2,348.0,361.4,595911.0,
2026-09-22,BHAGERIA,367.0,367.0,342.0,345.25,221218.0,
2026-09-23,BHAGERIA,352.0,356.0,341.4,351.75,147240.0,
2026-09-24,BHAGERIA,340.0,361.95,335.25,359.65,243343.0,
2025-10-01,BMWVENTLTD,78.0,78.0,74.1,74.1,1451832.0,
2025-10-03,BMWVENTLTD,70.39,70.39,70.39,70.39,262947.0,
2025-10-06,BMWVENTLTD,66.87,68.3,66.87,66.87,1218253.0,
2025-10-07,BMWVENTLTD,63.52,63.52,63.52,63.52,212378.0,
2025-10-08,BMWVENTLTD,60.34,63.0,60.34,60.57,2668963.0,
2025-10-09,BMWVENTLTD,58.81,60.34,57.54,57.71,806756.0,
2025-10-10,BMWVENTLTD,57.54,60.59,55.7,60.59,700476.0,
2025-10-13,BMWVENTLTD,62.0,63.61,60.89,63.61,324467.0,
2025-10-14,BMWVENTLTD,64.45,65.9,60.52,60.94,468852.0,
2025-10-15,BMWVENTLTD,60.93,63.45,58.55,61.0,205597.0,
2025-10-16,BMWVENTLTD,61.96,64.0,60.7,61.11,438290.0,
2025-10-17,BMWVENTLTD,61.7,61.7,59.05,60.04,277368.0,
2025-10-20,BMWVENTLTD,60.05,60.99,58.62,59.36,208564.0,
2025-10-21,BMWVENTLTD,59.48,61.01,59.48,60.6,117905.0,
2025-10-23,BMWVENTLTD,60.6,61.2,59.9,60.03,255385.0,
2025-10-24,BMWVENTLTD,60.33,61.0,59.95,60.75,240280.0,
2025-10-27,BMWVENTLTD,61.04,62.26,61.04,61.39,396898.0,
2025-10-28,BMWVENTLTD,61.68,70.42,61.16,67.15,4022428.0,
2025-10-29,BMWVENTLTD,66.52,69.54,65.01,66.14,886802.0,
2025-10-30,BMWVENTLTD,66.14,66.16,64.61,65.06,454390.0,
2025-10-31,BMWVENTLTD,65.49,66.98,64.7,66.02,436597.0,
2025-11-03,BMWVENTLTD,64.7,69.9,64.7,69.25,1100375.0,
2025-11-04,BMWVENTLTD,66.81,71.1,66.81,69.25,641551.0,
2025-11-06,BMWVENTLTD,69.47,69.89,66.21,67.03,320089.0,
2025-11-07,BMWVENTLTD,66.5,67.28,65.53,66.72,248187.0,
2025-11-10,BMWVENTLTD,68.0,68.9,65.65,67.21,507240.0,
2025-11-11,BMWVENTLTD,67.21,67.9,65.6,66.52,300918.0,
2025-11-12,BMWVENTLTD,66.99,66.99,65.4,65.66,208920.0,
2025-11-13,BMWVENTLTD,65.16,70.8,65.16,68.38,937571.0,
2025-11-14,BMWVENTLTD,68.0,70.37,68.0,69.7,560754.0,
2025-11-17,BMWVENTLTD,69.7,72.58,68.2,71.42,1064175.0,
2025-11-18,BMWVENTLTD,72.11,73.0,70.61,72.16,586808.0,
2025-11-19,BMWVENTLTD,72.0,73.0,67.64,71.45,1132159.0,
2025-11-20,BMWVENTLTD,72.2,73.2,69.0,71.3,403977.0,
2025-11-21,BMWVENTLTD,70.92,71.77,69.42,70.36,270134.0,
2025-11-24,BMWVENTLTD,69.65,70.0,67.1,67.41,298700.0,
2025-11-25,BMWVENTLTD,67.01,68.49,65.15,65.47,284483.0,
2025-11-26,BMWVENTLTD,65.47,66.0,64.31,64.7,305362.0,
2025-11-27,BMWVENTLTD,65.7,66.06,64.5,65.03,179300.0,
2025-11-28,BMWVENTLTD,65.05,65.53,63.35,64.77,335499.0,
2025-12-01,BMWVENTLTD,64.77,64.77,62.0,62.59,207853.0,
2025-12-02,BMWVENTLTD,62.59,62.59,60.97,61.26,181872.0,
2025-12-03,BMWVENTLTD,60.65,61.35,60.1,60.42,186381.0,
2025-12-04,BMWVENTLTD,60.25,61.84,59.12,60.82,233011.0,
2025-12-05,BMWVENTLTD,61.3,61.3,59.5,59.86,188196.0,
2025-12-08,BMWVENTLTD,59.3,63.49,57.5,59.83,3664442.0,
2025-12-09,BMWVENTLTD,60.8,62.5,58.0,61.52,938453.0,
2025-12-10,BMWVENTLTD,62.4,62.99,59.91,61.36,497477.0,
2025-12-11,BMWVENTLTD,61.35,61.35,59.9,60.62,163814.0,
2025-12-12,BMWVENTLTD,60.9,61.2,59.99,60.25,163552.0,
2025-12-15,BMWVENTLTD,60.2,60.63,59.56,59.87,169815.0,
2025-12-16,BMWVENTLTD,60.21,61.0,59.4,60.18,130109.0,
2025-12-17,BMWVENTLTD,60.3,60.3,58.55,58.91,130739.0,
2025-12-18,BMWVENTLTD,59.1,59.68,58.1,58.37,155267.0,
2025-12-19,BMWVENTLTD,58.02,58.7,58.0,58.55,140242.0,
2025-12-22,BMWVENTLTD,58.3,58.97,58.3,58.67,104665.0,
2025-12-23,BMWVENTLTD,58.67,60.78,58.24,58.52,256327.0,
2025-12-24,BMWVENTLTD,58.14,58.75,58.14,58.29,97663.0,
2025-12-26,BMWVENTLTD,58.29,59.0,57.88,58.57,190894.0,
2025-12-29,BMWVENTLTD,58.25,60.0,57.5,57.73,124296.0,
2025-12-30,BMWVENTLTD,58.0,58.0,57.0,57.29,108712.0,
2025-12-31,BMWVENTLTD,56.5,57.46,56.1,56.45,207746.0,
2026-01-01,BMWVENTLTD,56.11,58.7,56.11,58.05,372148.0,
2026-01-02,BMWVENTLTD,58.4,58.4,57.26,57.52,126568.0,
2026-01-05,BMWVENTLTD,57.1,57.24,56.51,56.53,123565.0,
2026-01-06,BMWVENTLTD,56.02,56.56,55.8,56.05,117361.0,
2026-01-07,BMWVENTLTD,56.05,56.61,56.05,56.22,76708.0,
2026-01-08,BMWVENTLTD,56.0,56.29,54.8,55.04,201782.0,
2026-01-09,BMWVENTLTD,55.04,55.04,53.8,54.09,144796.0,
2026-01-12,BMWVENTLTD,53.99,54.04,50.11,51.29,334898.0,
2026-01-13,BMWVENTLTD,51.05,52.3,50.02,50.74,160765.0,
2026-01-14,BMWVENTLTD,50.74,52.64,50.74,51.77,149421.0,
2026-01-16,BMWVENTLTD,51.99,52.0,50.6,51.12,259386.0,
2026-01-19,BMWVENTLTD,51.0,55.9,50.41,54.59,789278.0,
2026-01-20,BMWVENTLTD,55.0,55.01,53.66,54.82,185437.0,
2026-01-21,BMWVENTLTD,54.3,55.99,53.57,55.5,175868.0,
2026-01-22,BMWVENTLTD,55.5,57.99,55.4,57.53,258843.0,
2026-01-23,BMWVENTLTD,57.41,57.55,56.25,56.64,140251.0,
2026-01-27,BMWVENTLTD,56.64,56.64,55.44,55.66,97284.0,
2026-01-28,BMWVENTLTD,55.49,56.12,54.0,54.3,79830.0,
2026-01-29,BMWVENTLTD,54.02,55.34,53.06,53.59,152943.0,
2026-01-30,BMWVENTLTD,53.32,54.2,52.89,53.64,100321.0,
2026-02-02,BMWVENTLTD,53.33,55.48,52.8,55.09,142374.0,
2026-02-03,BMWVENTLTD,56.25,60.49,54.18,59.27,553675.0,
2026-02-04,BMWVENTLTD,59.27,60.0,57.01,58.66,169124.0,
2026-02-05,BMWVENTLTD,58.9,60.6,58.9,59.48,154859.0,
2026-02-06,BMWVENTLTD,59.61,60.2,58.01,59.94,380153.0,
2026-02-09,BMWVENTLTD,60.48,62.73,60.11,62.05,499671.0,
2026-02-10,BMWVENTLTD,60.4,60.94,58.25,58.97,211332.0,
2026-02-11,BMWVENTLTD,58.5,59.85,57.08,58.21,233232.0,
2026-02-12,BMWVENTLTD,57.35,58.66,56.5,57.57,88403.0,
2026-02-13,BMWVENTLTD,57.25,58.33,56.6,58.02,107765.0,
2026-02-16,BMWVENTLTD,56.61,57.99,56.61,57.49,63718.0,
2026-02-17,BMWVENTLTD,57.49,63.5,57.41,59.24,683252.0,
2026-02-18,BMWVENTLTD,61.5,61.5,58.2,58.79,82670.0,
2026-02-19,BMWVENTLTD,58.0,59.4,57.81,58.76,894121.0,
2026-02-20,BMWVENTLTD,58.76,60.23,58.16,59.09,157238.0,
2026-02-23,BMWVENTLTD,59.85,60.92,58.56,60.0,279544.0,
2026-02-24,BMWVENTLTD,60.0,61.8,59.4,60.39,508870.0,
2026-02-25,BMWVENTLTD,60.39,62.5,59.53,60.37,585815.0,
2026-02-26,BMWVENTLTD,61.8,62.4,59.61,61.68,616274.0,
2026-02-27,BMWVENTLTD,61.68,63.42,61.2,61.91,426011.0,
2026-03-02,BMWVENTLTD,57.92,59.68,57.78,58.53,213800.0,
2026-03-04,BMWVENTLTD,57.5,58.18,55.75,56.97,185896.0,
2026-03-05,BMWVENTLTD,57.8,58.19,56.9,57.41,99128.0,
2026-03-06,BMWVENTLTD,57.69,57.69,56.2,56.3,103273.0,
2026-03-09,BMWVENTLTD,55.25,56.55,54.01,55.02,148387.0,
2026-03-10,BMWVENTLTD,55.6,60.0,55.02,56.75,669601.0,
2026-03-11,BMWVENTLTD,57.61,57.8,56.1,56.77,134667.0,
2026-03-12,BMWVENTLTD,56.49,58.11,55.86,57.43,125885.0,
2026-03-13,BMWVENTLTD,57.02,63.0,56.1,60.85,1612881.0,
2026-03-16,BMWVENTLTD,60.79,62.25,58.5,60.58,348578.0,
2026-03-17,BMWVENTLTD,59.7,60.53,59.21,59.85,114502.0,
2026-03-18,BMWVENTLTD,59.29,60.55,59.29,59.69,101195.0,
2026-03-19,BMWVENTLTD,59.29,60.0,58.1,59.25,88055.0,
2026-03-20,BMWVENTLTD,59.94,59.94,58.01,58.24,76259.0,
2026-03-23,BMWVENTLTD,58.01,58.01,53.12,54.71,124921.0,
2026-03-24,BMWVENTLTD,56.0,56.51,54.11,54.41,159759.0,
2026-03-25,BMWVENTLTD,54.45,55.89,53.8,53.98,190834.0,
2026-03-27,BMWVENTLTD,53.0,53.79,50.5,51.17,371530.0,
2026-03-30,BMWVENTLTD,50.1,50.1,48.0,48.67,385181.0,
2026-04-01,BMWVENTLTD,49.5,53.14,49.5,51.97,162286.0,
2026-04-02,BMWVENTLTD,51.8,54.19,50.4,53.07,117629.0,
2026-04-06,BMWVENTLTD,54.64,54.64,52.2,53.0,79217.0,
2026-04-07,BMWVENTLTD,53.36,55.43,52.64,54.44,134055.0,
2026-04-08,BMWVENTLTD,55.56,59.6,55.0,58.34,330063.0,
2026-04-09,BMWVENTLTD,58.34,59.39,57.01,57.47,89264.0,
2026-04-10,BMWVENTLTD,57.48,58.63,57.05,57.96,134268.0,
2026-04-13,BMWVENTLTD,56.51,58.5,56.25,58.1,114992.0,
2026-04-15,BMWVENTLTD,58.5,60.0,58.35,59.19,191284.0,
2026-04-16,BMWVENTLTD,60.0,60.83,59.1,59.58,135596.0,
2026-04-17,BMWVENTLTD,61.0,61.62,59.15,61.12,232896.0,
2026-04-20,BMWVENTLTD,61.5,61.5,58.75,59.18,99771.0,
2026-04-21,BMWVENTLTD,60.4,60.4,58.5,59.08,50051.0,
2026-04-22,BMWVENTLTD,59.08,67.68,57.5,65.63,1172866.0,
2026-04-23,BMWVENTLTD,65.98,67.51,63.1,65.46,293510.0,
2026-04-24,BMWVENTLTD,64.48,66.01,63.54,64.01,86032.0,
2026-04-27,BMWVENTLTD,65.0,67.47,64.1,65.29,134423.0,
2026-04-28,BMWVENTLTD,65.56,65.85,64.6,65.16,45278.0,
2026-04-29,BMWVENTLTD,65.06,66.0,64.94,65.08,141542.0,
2026-04-30,BMWVENTLTD,64.3,65.0,63.87,64.0,42935.0,
2026-05-04,BMWVENTLTD,64.0,65.1,62.75,63.43,82469.0,
2026-05-05,BMWVENTLTD,64.7,64.7,63.0,63.37,45722.0,
2026-05-06,BMWVENTLTD,64.64,65.08,63.0,64.03,128633.0,
2026-05-07,BMWVENTLTD,66.29,66.29,64.25,64.76,128518.0,
2026-05-08,BMWVENTLTD,64.44,65.64,64.33,64.99,107848.0,
2026-05-11,BMWVENTLTD,65.99,67.63,64.09,64.8,201987.0,
2026-05-12,BMWVENTLTD,64.72,64.73,62.0,62.4,49540.0,
2026-05-13,BMWVENTLTD,62.0,62.83,61.0,61.21,106003.0,
2026-05-14,BMWVENTLTD,61.21,63.84,61.18,62.96,93483.0,
2026-05-15,BMWVENTLTD,64.0,64.0,61.6,61.91,48962.0,
2026-05-18,BMWVENTLTD,61.58,61.6,59.44,59.89,83779.0,
2026-05-19,BMWVENTLTD,61.45,61.45,59.13,60.11,31492.0,
2026-05-20,BMWVENTLTD,60.11,61.9,59.2,61.17,56261.0,
2026-05-21,BMWVENTLTD,62.09,62.18,60.82,61.41,56871.0,
2026-05-22,BMWVENTLTD,60.9,61.59,60.51,60.8,36085.0,
2026-05-25,BMWVENTLTD,60.99,63.0,60.95,62.33,79521.0,
2026-05-26,BMWVENTLTD,61.0,62.79,61.0,61.67,36043.0,
2026-05-27,BMWVENTLTD,62.4,64.9,61.35,62.57,84284.0,
2026-05-29,BMWVENTLTD,61.8,61.8,59.23,59.82,125278.0,
2026-06-01,BMWVENTLTD,59.0,59.82,58.6,58.9,53755.0,
2026-06-02,BMWVENTLTD,58.8,60.31,58.5,59.24,58290.0,
2026-06-03,BMWVENTLTD,58.0,59.2,58.0,58.73,27043.0,
2026-06-04,BMWVENTLTD,58.72,60.19,58.01,59.67,85597.0,
2026-06-05,BMWVENTLTD,60.05,64.46,59.75,61.79,253501.0,
2026-06-08,BMWVENTLTD,61.2,61.79,60.0,60.12,31600.0,
2026-06-09,BMWVENTLTD,61.47,61.89,60.11,60.83,36617.0,
2026-06-10,BMWVENTLTD,60.79,61.47,59.51,59.64,67142.0,
2026-06-11,BMWVENTLTD,58.37,61.09,58.37,59.16,72249.0,
2026-06-12,BMWVENTLTD,59.2,60.59,58.51,58.96,96888.0,
2026-06-15,BMWVENTLTD,59.35,60.7,59.12,59.4,63086.0,
2026-06-16,BMWVENTLTD,59.17,60.0,59.17,59.42,49217.0,
2026-06-17,BMWVENTLTD,60.3,60.3,58.8,59.55,40367.0,
2026-06-18,BMWVENTLTD,59.86,59.98,59.1,59.27,41782.0,
2026-06-19,BMWVENTLTD,59.56,59.88,58.01,58.56,65614.0,
2026-06-22,BMWVENTLTD,58.56,60.57,58.43,59.0,87210.0,
2026-06-23,BMWVENTLTD,58.55,59.85,57.5,58.03,81812.0,
2026-06-24,BMWVENTLTD,57.6,58.0,56.81,57.61,76782.0,
2026-06-25,BMWVENTLTD,58.5,59.55,57.15,57.87,86634.0,
2026-06-29,BMWVENTLTD,57.86,58.99,56.3,58.68,53931.0,
2026-06-30,BMWVENTLTD,58.68,58.68,56.7,57.21,50226.0,
2026-07-01,BMWVENTLTD,57.21,58.5,57.01,57.48,47890.0,
2026-07-02,BMWVENTLTD,57.1,58.25,57.1,57.54,41217.0,
2026-07-03,BMWVENTLTD,57.25,57.99,56.9,57.36,34718.0,
2026-07-06,BMWVENTLTD,57.63,58.39,57.02,58.05,29978.0,
2026-07-07,BMWVENTLTD,57.2,59.89,57.2,59.02,80821.0,
2026-07-08,BMWVENTLTD,58.6,59.8,58.0,58.07,64082.0,
2026-07-09,BMWVENTLTD,59.49,59.49,58.0,58.5,58324.0,
2026-07-10,BMWVENTLTD,58.5,60.0,58.23,58.82,74889.0,
2026-07-13,BMWVENTLTD,57.52,59.78,57.52,58.57,86944.0,
2026-07-14,BMWVENTLTD,58.01,59.37,57.5,58.52,84595.0,
2026-07-15,BMWVENTLTD,58.0,59.81,58.0,58.07,82743.0,
2026-07-16,BMWVENTLTD,58.0,60.0,57.52,59.08,79600.0,
2026-07-17,BMWVENTLTD,58.6,58.89,57.0,57.82,75568.0,
2026-07-20,BMWVENTLTD,57.83,57.84,57.0,57.1,44636.0,
2026-07-21,BMWVENTLTD,57.0,58.28,57.0,57.64,51068.0,
2026-07-22,BMWVENTLTD,57.02,57.85,55.99,56.68,61491.0,
2026-07-23,BMWVENTLTD,56.21,57.98,56.12,57.0,40499.0,
2026-07-24,BMWVENTLTD,57.0,57.28,56.12,56.52,43696.0,
2026-07-27,BMWVENTLTD,56.22,60.9,56.22,59.34,247389.0,
2026-07-28,BMWVENTLTD,59.34,59.34,57.5,57.71,61054.0,
2026-07-29,BMWVENTLTD,57.5,58.88,56.8,57.51,61071.0,
2026-07-30,BMWVENTLTD,57.49,57.49,56.21,56.32,81395.0,
2026-07-31,BMWVENTLTD,57.19,57.54,55.15,56.85,115661.0,
2026-08-03,BMWVENTLTD,56.86,58.41,56.76,57.69,76337.0,
2026-08-04,BMWVENTLTD,57.7,58.22,57.03,57.16,72361.0,
2026-08-05,BMWVENTLTD,57.35,63.63,56.85,59.97,132602.0,
2026-08-06,BMWVENTLTD,59.67,61.49,58.15,60.75,242546.0,
2026-08-07,BMWVENTLTD,60.11,61.0,59.0,59.3,93041.0,
2026-08-10,BMWVENTLTD,60.44,60.59,58.78,58.92,81890.0,
2026-08-11,BMWVENTLTD,59.22,60.29,58.21,58.84,97997.0,
2026-08-12,BMWVENTLTD,58.61,59.59,57.92,58.52,43361.0,
2026-08-13,BMWVENTLTD,58.81,59.39,57.53,57.68,61694.0,
2026-08-14,BMWVENTLTD,57.98,58.08,56.31,57.29,55064.0,
2026-08-17,BMWVENTLTD,57.29,58.19,57.11,57.62,41241.0,
2026-08-18,BMWVENTLTD,57.5,58.34,57.0,57.25,47589.0,
2026-08-19,BMWVENTLTD,57.02,60.0,56.7,57.18,133072.0,
2026-08-20,BMWVENTLTD,57.9,58.0,57.02,57.23,61200.0,
2026-08-21,BMWVENTLTD,57.12,59.0,57.0,58.13,55161.0,
2026-08-24,BMWVENTLTD,58.25,58.58,57.0,57.04,59329.0,
2026-08-25,BMWVENTLTD,57.05,58.4,56.75,56.97,78445.0,
2026-08-26,BMWVENTLTD,57.6,58.0,56.6,56.9,56772.0,
2026-08-27,BMWVENTLTD,57.0,57.24,56.5,56.95,36087.0,
2026-08-28,BMWVENTLTD,57.0,57.38,56.51,56.65,39438.0,
2026-08-31,BMWVENTLTD,56.55,57.95,56.5,56.57,45382.0,
2026-09-01,BMWVENTLTD,56.53,57.7,55.0,55.28,65868.0,
2026-09-02,BMWVENTLTD,56.24,56.24,55.0,55.23,51206.0,
2026-09-03,BMWVENTLTD,56.23,56.23,55.01,55.13,26435.0,
2026-09-04,BMWVENTLTD,56.22,56.22,55.1,55.36,40922.0,
2026-09-07,BMWVENTLTD,54.7,55.7,54.7,55.21,61090.0,
2026-09-08,BMWVENTLTD,55.98,55.98,54.5,54.8,51941.0,
2026-09-09,BMWVENTLTD,54.99,54.99,54.0,54.18,62136.0,
2026-09-10,BMWVENTLTD,54.45,54.89,54.22,54.59,26343.0,
2026-09-11,BMWVENTLTD,54.6,54.6,53.45,54.05,32634.0,
2026-09-15,BMWVENTLTD,53.73,54.35,50.16,51.61,133104.0,
2026-09-16,BMWVENTLTD,51.21,59.0,50.7,51.8,652482.0,
2026-09-17,BMWVENTLTD,51.0,51.75,49.95,50.22,139313.0,
2026-09-18,BMWVENTLTD,50.77,53.4,50.32,51.9,185490.0,
2026-09-21,BMWVENTLTD,51.95,52.8,49.95,50.47,204056.0,
2026-09-22,BMWVENTLTD,50.9,52.73,50.58,51.92,228231.0,
2026-09-23,BMWVENTLTD,52.49,52.83,50.55,51.2,178615.0,
2026-09-24,BMWVENTLTD,51.49,52.9,50.01,52.23,112493.0,
2025-09-10,CHEMBOND,180.24,189.89,179.0,181.01,40101.0,
2025-09-11,CHEMBOND,180.88,187.4,178.25,182.63,20306.0,
2025-09-12,CHEMBOND,182.51,185.22,181.21,183.42,4863.0,
2025-09-15,CHEMBOND,184.4,184.4,181.13,183.47,4067.0,
2025-09-16,CHEMBOND,182.0,196.54,180.11,184.0,17703.0,
2025-09-17,CHEMBOND,182.5,187.8,181.8,185.27,6100.0,
2025-09-18,CHEMBOND,185.0,185.0,181.0,181.88,3298.0,
2025-09-19,CHEMBOND,182.8,185.16,178.02,179.49,8479.0,
2025-09-22,CHEMBOND,180.0,188.3,176.7,183.62,27100.0,
2025-09-23,CHEMBOND,182.0,184.4,178.0,179.2,8423.0,
2025-09-24,CHEMBOND,179.2,184.0,176.0,177.86,27610.0,
2025-09-25,CHEMBOND,178.8,180.5,173.1,174.73,6148.0,
2025-09-26,CHEMBOND,175.59,177.5,165.0,166.73,26049.0,
2025-09-29,CHEMBOND,167.0,172.5,164.0,170.85,13760.0,
2025-09-30,CHEMBOND,170.11,179.2,170.11,176.95,10902.0,
2025-10-01,CHEMBOND,176.96,183.98,174.25,180.01,14619.0,
2025-10-03,CHEMBOND,181.0,184.48,176.0,178.91,22662.0,
2025-10-06,CHEMBOND,180.8,185.5,165.0,178.76,33738.0,
2025-10-07,CHEMBOND,183.0,183.0,173.0,174.24,9068.0,
2025-10-08,CHEMBOND,178.48,178.48,168.0,168.49,12769.0,
2025-10-09,CHEMBOND,172.5,172.5,163.55,166.4,24385.0,
2025-10-10,CHEMBOND,167.3,170.62,166.21,169.68,7158.0,
2025-10-13,CHEMBOND,170.5,170.5,162.68,166.75,8551.0,
2025-10-14,CHEMBOND,167.0,170.35,159.0,161.06,22846.0,
2025-10-15,CHEMBOND,161.9,166.79,161.6,165.26,12233.0,
2025-10-16,CHEMBOND,163.8,169.85,163.7,166.09,13172.0,
2025-10-17,CHEMBOND,166.99,169.9,162.0,166.7,12530.0,
2025-10-20,CHEMBOND,166.7,166.93,162.1,163.56,11285.0,
2025-10-21,CHEMBOND,168.5,170.98,163.05,169.12,16239.0,
2025-10-23,CHEMBOND,170.0,171.59,164.12,165.64,11155.0,
2025-10-24,CHEMBOND,166.17,166.46,162.9,163.55,10141.0,
2025-10-27,CHEMBOND,164.4,166.67,163.22,164.33,6762.0,
2025-10-28,CHEMBOND,162.8,169.43,162.8,166.71,8343.0,
2025-10-29,CHEMBOND,167.6,176.79,165.61,174.16,24491.0,
2025-10-30,CHEMBOND,177.0,185.0,167.96,178.84,16086.0,
2025-10-31,CHEMBOND,178.84,179.15,171.01,172.03,9482.0,
2025-11-03,CHEMBOND,174.0,174.0,170.81,172.51,2610.0,
2025-11-04,CHEMBOND,171.64,174.0,169.04,170.71,6746.0,
2025-11-06,CHEMBOND,171.68,171.68,165.0,166.63,5152.0,
2025-11-07,CHEMBOND,166.0,167.38,162.99,165.77,3316.0,
2025-11-10,CHEMBOND,163.0,169.64,163.0,163.78,5388.0,
2025-11-11,CHEMBOND,163.78,165.89,161.41,163.5,5601.0,
2025-11-12,CHEMBOND,163.16,190.9,163.16,179.48,61041.0,
2025-11-13,CHEMBOND,182.2,185.0,170.0,170.73,19399.0,
2025-11-14,CHEMBOND,170.1,173.67,167.46,169.89,4276.0,
2025-11-17,CHEMBOND,172.76,174.35,170.5,170.79,3595.0,
2025-11-18,CHEMBOND,168.2,171.02,164.75,166.4,6193.0,
2025-11-19,CHEMBOND,165.57,168.6,165.56,167.72,1369.0,
2025-11-20,CHEMBOND,167.03,175.0,165.91,172.43,6287.0,
2025-11-21,CHEMBOND,171.92,172.57,167.0,168.81,1751.0,
2025-11-24,CHEMBOND,168.81,169.73,163.5,164.99,4032.0,
2025-11-25,CHEMBOND,165.0,169.3,162.0,163.4,5006.0,
2025-11-26,CHEMBOND,166.8,169.78,162.0,166.66,5990.0,
2025-11-27,CHEMBOND,167.8,172.79,164.99,166.17,5529.0,
2025-11-28,CHEMBOND,165.0,168.8,160.0,160.86,9904.0,
2025-12-01,CHEMBOND,159.5,164.8,159.5,161.37,6259.0,
2025-12-02,CHEMBOND,161.38,162.0,158.0,158.52,7703.0,
2025-12-03,CHEMBOND,160.79,162.49,155.52,157.52,4888.0,
2025-12-04,CHEMBOND,159.99,162.0,151.6,158.01,12907.0,
2025-12-05,CHEMBOND,154.0,159.65,154.0,158.53,2715.0,
2025-12-08,CHEMBOND,158.53,164.99,155.0,157.94,6453.0,
2025-12-09,CHEMBOND,157.94,163.7,153.68,158.36,4597.0,
2025-12-10,CHEMBOND,159.3,162.98,155.8,159.11,11032.0,
2025-12-11,CHEMBOND,162.0,183.99,158.44,162.24,34336.0,
2025-12-12,CHEMBOND,161.0,170.18,161.0,164.39,4890.0,
2025-12-15,CHEMBOND,167.78,167.78,162.9,163.9,4128.0,
2025-12-16,CHEMBOND,167.7,167.7,162.1,163.19,1064.0,
2025-12-17,CHEMBOND,161.56,163.0,155.5,156.77,11010.0,
2025-12-18,CHEMBOND,155.25,162.43,155.25,158.23,13709.0,
2025-12-19,CHEMBOND,162.7,162.7,156.2,158.14,4696.0,
2025-12-22,CHEMBOND,158.14,163.9,157.02,159.71,8338.0,
2025-12-23,CHEMBOND,159.71,162.01,156.25,158.1,13433.0,
2025-12-24,CHEMBOND,159.19,168.99,157.0,165.32,24518.0,
2025-12-26,CHEMBOND,164.98,164.98,161.3,162.07,2383.0,
2025-12-29,CHEMBOND,161.26,165.99,158.5,159.29,9188.0,
2025-12-30,CHEMBOND,157.0,160.04,155.0,156.26,5894.0,
2025-12-31,CHEMBOND,156.26,164.0,156.26,161.69,9240.0,
2026-01-01,CHEMBOND,162.91,164.94,158.91,161.2,6920.0,
2026-01-02,CHEMBOND,163.09,164.81,160.6,161.36,7216.0,
2026-01-05,CHEMBOND,164.5,167.99,159.35,161.34,26072.0,
2026-01-06,CHEMBOND,163.78,163.78,158.5,160.08,23451.0,
2026-01-07,CHEMBOND,159.25,162.85,157.5,158.07,31064.0,
2026-01-08,CHEMBOND,158.2,161.41,157.0,157.86,8083.0,
2026-01-09,CHEMBOND,157.87,161.93,154.35,156.08,14599.0,
2026-01-12,CHEMBOND,154.0,158.0,153.2,154.18,5978.0,
2026-01-13,CHEMBOND,154.9,161.0,152.64,158.75,19216.0,
2026-01-14,CHEMBOND,159.95,159.95,155.27,159.04,17234.0,
2026-01-16,CHEMBOND,159.99,162.0,156.58,161.82,41752.0,
2026-01-19,CHEMBOND,155.0,158.12,145.37,146.74,65616.0,
2026-01-20,CHEMBOND,148.9,151.11,140.5,142.18,19989.0,
2026-01-21,CHEMBOND,140.0,149.69,136.21,147.0,57026.0,
2026-01-22,CHEMBOND,151.5,166.2,144.91,161.98,46974.0,
2026-01-23,CHEMBOND,162.0,162.0,152.08,155.13,14930.0,
2026-01-27,CHEMBOND,157.77,161.75,151.5,153.25,23579.0,
2026-01-28,CHEMBOND,153.0,157.49,151.7,152.7,11907.0,
2026-01-29,CHEMBOND,155.01,156.9,150.02,150.67,10299.0,
2026-01-30,CHEMBOND,148.12,154.41,146.01,148.06,14587.0,
2026-02-02,CHEMBOND,147.86,147.86,142.0,143.58,5817.0,
2026-02-03,CHEMBOND,149.8,152.28,145.1,150.64,16224.0,
2026-02-04,CHEMBOND,151.0,153.63,148.01,150.45,3969.0,
2026-02-05,CHEMBOND,150.49,151.0,145.0,148.42,6646.0,
2026-02-06,CHEMBOND,149.53,149.53,144.2,145.2,5691.0,
2026-02-09,CHEMBOND,148.0,149.44,145.48,146.46,7730.0,
2026-02-10,CHEMBOND,146.9,161.11,145.5,159.6,20905.0,
2026-02-11,CHEMBOND,161.0,163.48,156.96,159.61,12379.0,
2026-02-12,CHEMBOND,157.61,159.6,156.06,156.83,4123.0,
2026-02-13,CHEMBOND,159.0,159.89,154.1,155.69,5271.0,
2026-02-16,CHEMBOND,156.9,156.9,150.2,150.68,4608.0,
2026-02-17,CHEMBOND,152.79,155.01,148.03,154.09,9140.0,
2026-02-18,CHEMBOND,154.09,154.09,151.0,151.89,2562.0,
2026-02-19,CHEMBOND,153.22,153.22,145.0,147.03,5312.0,
2026-02-20,CHEMBOND,152.2,152.2,145.0,147.93,3068.0,
2026-02-23,CHEMBOND,148.69,150.2,142.0,144.42,4170.0,
2026-02-24,CHEMBOND,147.5,149.0,140.16,142.02,6955.0,
2026-02-25,CHEMBOND,144.51,150.35,142.51,147.72,10347.0,
2026-02-26,CHEMBOND,146.22,148.0,143.01,145.18,2359.0,
2026-02-27,CHEMBOND,145.19,148.0,141.01,147.01,5735.0,
2026-03-02,CHEMBOND,141.05,146.0,136.61,143.0,13220.0,
2026-03-04,CHEMBOND,143.95,145.97,135.01,139.43,5567.0,
2026-03-05,CHEMBOND,143.25,146.2,141.01,142.45,2228.0,
2026-03-06,CHEMBOND,141.21,146.0,139.68,143.4,2542.0,
2026-03-09,CHEMBOND,142.98,144.99,134.9,141.25,10921.0,
2026-03-10,CHEMBOND,141.9,142.98,137.0,138.69,2685.0,
2026-03-11,CHEMBOND,140.9,148.68,140.2,142.17,2370.0,
2026-03-12,CHEMBOND,142.17,144.55,137.5,143.23,10572.0,
2026-03-13,CHEMBOND,140.21,142.79,137.0,137.39,5352.0,
2026-03-16,CHEMBOND,137.39,139.5,127.0,129.84,23319.0,
2026-03-17,CHEMBOND,130.9,134.34,121.35,127.07,7911.0,
2026-03-18,CHEMBOND,129.0,133.97,126.5,128.98,5826.0,
2026-03-19,CHEMBOND,128.48,128.98,123.53,125.31,6961.0,
2026-03-20,CHEMBOND,124.69,135.4,124.69,126.32,6327.0,
2026-03-23,CHEMBOND,126.0,128.8,118.95,121.96,12825.0,
2026-03-24,CHEMBOND,124.94,126.5,119.7,121.37,7516.0,
2026-03-25,CHEMBOND,127.89,127.89,120.02,121.7,16660.0,
2026-03-27,CHEMBOND,121.0,123.93,108.9,111.32,40967.0,
2026-03-30,CHEMBOND,111.32,112.0,105.15,106.72,29721.0,
2026-04-01,CHEMBOND,105.2,124.98,105.2,122.1,20101.0,
2026-04-02,CHEMBOND,118.0,143.97,114.01,142.47,61593.0,
2026-04-06,CHEMBOND,144.6,149.0,138.21,141.74,14434.0,
2026-04-07,CHEMBOND,141.99,144.6,138.0,142.02,14521.0,
2026-04-08,CHEMBOND,146.3,149.0,135.52,144.2,25115.0,
2026-04-09,CHEMBOND,144.0,153.75,142.31,147.27,17450.0,
2026-04-10,CHEMBOND,148.99,154.0,145.61,150.64,10258.0,
2026-04-13,CHEMBOND,145.39,148.89,138.02,146.92,4264.0,
2026-04-15,CHEMBOND,147.0,152.98,147.0,149.51,6952.0,
2026-04-16,CHEMBOND,150.11,153.91,148.0,151.91,3867.0,
2026-04-17,CHEMBOND,153.8,155.0,149.0,150.68,2942.0,
2026-04-20,CHEMBOND,151.9,154.0,147.22,150.28,1956.0,
2026-04-21,CHEMBOND,147.22,153.0,147.21,148.51,6098.0,
2026-04-22,CHEMBOND,148.51,151.5,148.0,151.05,1631.0,
2026-04-23,CHEMBOND,150.27,152.25,148.0,148.37,2201.0,
2026-04-24,CHEMBOND,150.1,150.1,143.25,143.73,7528.0,
2026-04-27,CHEMBOND,148.37,156.8,144.42,152.85,12912.0,
2026-04-28,CHEMBOND,152.91,154.2,149.62,152.41,5805.0,
2026-04-29,CHEMBOND,152.03,154.88,150.0,150.92,4933.0,
2026-04-30,CHEMBOND,150.92,154.99,148.0,152.36,4131.0,
2026-05-04,CHEMBOND,157.44,159.23,151.7,156.03,5012.0,
2026-05-05,CHEMBOND,155.57,183.0,151.66,178.91,79061.0,
2026-05-06,CHEMBOND,173.81,194.0,173.81,191.92,87031.0,
2026-05-07,CHEMBOND,190.0,205.78,183.4,202.56,91102.0,
2026-05-08,CHEMBOND,198.33,203.0,187.15,191.18,36960.0,
2026-05-11,CHEMBOND,188.3,189.99,178.6,185.19,11572.0,
2026-05-12,CHEMBOND,187.0,187.0,175.94,178.7,4099.0,
2026-05-13,CHEMBOND,170.55,179.99,170.5,177.28,1590.0,
2026-05-14,CHEMBOND,176.4,178.0,169.05,170.42,4051.0,
2026-05-15,CHEMBOND,170.42,178.9,165.0,177.86,13169.0,
2026-05-18,CHEMBOND,186.75,186.75,169.0,186.75,62146.0,
2026-05-19,CHEMBOND,187.31,188.0,179.12,181.51,7115.0,
2026-05-20,CHEMBOND,185.0,185.0,172.44,173.49,18876.0,
2026-05-21,CHEMBOND,176.96,181.96,165.0,180.41,42872.0,
2026-05-22,CHEMBOND,180.41,180.41,171.5,171.82,11888.0,
2026-05-25,CHEMBOND,171.82,174.85,167.25,170.2,3804.0,
2026-05-26,CHEMBOND,170.2,177.52,168.0,175.55,16505.0,
2026-05-27,CHEMBOND,176.3,176.3,170.0,170.77,2082.0,
2026-05-29,CHEMBOND,170.77,175.0,162.24,166.4,2900.0,
2026-06-01,CHEMBOND,166.89,172.0,162.24,167.01,3975.0,
2026-06-02,CHEMBOND,171.99,171.99,159.0,159.9,5409.0,
2026-06-03,CHEMBOND,161.5,164.49,152.25,156.39,2274.0,
2026-06-04,CHEMBOND,156.0,163.4,152.0,159.62,5651.0,
2026-06-05,CHEMBOND,153.37,162.0,153.37,158.97,3576.0,
2026-06-08,CHEMBOND,158.97,160.99,152.0,156.01,3620.0,
2026-06-09,CHEMBOND,155.99,159.99,149.0,155.71,5487.0,
2026-06-10,CHEMBOND,156.0,156.0,150.3,154.04,1664.0,
2026-06-11,CHEMBOND,154.04,155.98,150.0,153.11,1082.0,
2026-06-12,CHEMBOND,153.5,155.9,148.5,152.67,3243.0,
2026-06-15,CHEMBOND,153.0,160.3,153.0,155.57,10349.0,
2026-06-16,CHEMBOND,162.95,163.34,160.0,162.88,5453.0,
2026-06-17,CHEMBOND,169.44,171.0,158.05,168.35,6224.0,
2026-06-18,CHEMBOND,174.99,176.76,162.55,176.49,11261.0,
2026-06-19,CHEMBOND,176.49,182.0,170.5,174.02,3938.0,
2026-06-22,CHEMBOND,174.02,182.71,172.5,180.43,10491.0,
2026-06-23,CHEMBOND,182.71,189.45,178.5,189.32,17331.0,
2026-06-24,CHEMBOND,195.9,195.9,179.86,184.53,6314.0,
2026-06-25,CHEMBOND,184.6,189.56,180.0,184.0,8879.0,
2026-06-29,CHEMBOND,185.84,189.9,178.1,186.01,5408.0,
2026-06-30,CHEMBOND,191.0,191.0,186.0,188.97,3679.0,
2026-07-01,CHEMBOND,188.97,194.39,180.5,187.18,3944.0,
2026-07-02,CHEMBOND,187.0,187.0,181.5,184.96,1855.0,
2026-07-03,CHEMBOND,176.51,186.35,176.25,183.5,2928.0,
2026-07-06,CHEMBOND,185.9,192.67,180.0,189.72,16057.0,
2026-07-07,CHEMBOND,194.09,197.44,185.0,190.08,3067.0,
2026-07-08,CHEMBOND,189.13,189.13,181.0,183.78,2279.0,
2026-07-09,CHEMBOND,180.0,183.82,176.2,179.83,1275.0,
2026-07-10,CHEMBOND,183.94,185.0,180.05,182.38,2639.0,
2026-07-13,CHEMBOND,182.4,190.0,180.0,184.91,8991.0,
2026-07-14,CHEMBOND,176.62,187.69,176.62,179.99,4278.0,
2026-07-15,CHEMBOND,179.1,184.98,179.1,180.43,2705.0,
2026-07-16,CHEMBOND,181.33,181.33,176.55,176.98,3569.0,
2026-07-17,CHEMBOND,176.8,180.5,174.1,177.4,2286.0,
2026-07-20,CHEMBOND,182.0,186.25,178.0,184.34,9919.0,
2026-07-21,CHEMBOND,184.45,188.0,179.0,183.0,3986.0,
2026-07-22,CHEMBOND,178.3,181.0,177.1,178.31,1094.0,
2026-07-23,CHEMBOND,177.5,179.99,174.2,179.71,2739.0,
2026-07-24,CHEMBOND,174.3,177.4,170.73,174.25,2483.0,
2026-07-27,CHEMBOND,177.75,177.79,170.0,171.85,3054.0,
2026-07-28,CHEMBOND,171.0,177.0,166.0,176.45,582.0,
2026-07-29,CHEMBOND,170.05,175.99,170.0,174.98,2230.0,
2026-07-30,CHEMBOND,173.99,173.99,166.6,167.22,2189.0,
2026-07-31,CHEMBOND,168.0,168.0,166.0,167.0,3456.0,
2026-08-03,CHEMBOND,165.5,175.3,161.6,173.91,7569.0,
2026-08-04,CHEMBOND,173.91,177.3,169.0,171.82,4827.0,
2026-08-05,CHEMBOND,171.82,180.4,170.1,177.83,3382.0,
2026-08-06,CHEMBOND,177.83,180.0,170.0,178.8,3364.0,
2026-08-07,CHEMBOND,177.99,179.0,175.0,177.06,2458.0,
2026-08-10,CHEMBOND,178.0,181.0,172.55,179.08,6434.0,
2026-08-11,CHEMBOND,180.0,180.0,170.13,178.32,7528.0,
2026-08-12,CHEMBOND,178.5,179.5,172.05,179.49,5152.0,
2026-08-13,CHEMBOND,180.0,180.25,173.1,180.0,2421.0,
2026-08-14,CHEMBOND,179.95,180.0,171.0,178.85,2395.0,
2026-08-17,CHEMBOND,175.4,187.0,167.52,172.41,3241.0,
2026-08-18,CHEMBOND,171.0,176.97,167.05,172.69,3264.0,
2026-08-19,CHEMBOND,173.69,173.69,163.0,166.0,6165.0,
2026-08-20,CHEMBOND,169.0,176.99,163.5,167.47,9118.0,
2026-08-21,CHEMBOND,163.5,195.0,163.0,172.63,31986.0,
2026-08-24,CHEMBOND,172.63,178.7,170.11,173.42,7216.0,
2026-08-25,CHEMBOND,178.45,178.45,170.0,170.5,3324.0,
2026-08-26,CHEMBOND,170.5,184.0,170.5,172.12,5609.0,
2026-08-27,CHEMBOND,170.0,178.0,166.51,173.59,3656.0,
2026-08-28,CHEMBOND,174.88,176.99,168.0,174.48,7183.0,
2026-08-31,CHEMBOND,175.8,177.0,170.0,174.47,9191.0,
2026-09-01,CHEMBOND,176.95,176.95,166.6,168.99,5663.0,
2026-09-02,CHEMBOND,174.44,174.44,165.61,167.67,3886.0,
2026-09-03,CHEMBOND,173.45,182.79,170.0,173.02,26644.0,
2026-09-04,CHEMBOND,178.96,178.96,169.01,170.9,6660.0,
2026-09-07,CHEMBOND,174.7,192.0,168.51,184.4,33357.0,
2026-09-08,CHEMBOND,190.0,199.0,187.2,197.72,63405.0,
2026-09-09,CHEMBOND,204.6,236.8,200.5,220.36,338501.0,
2026-09-10,CHEMBOND,220.86,232.8,220.25,225.82,47695.0,
2026-09-11,CHEMBOND,222.6,225.82,211.1,217.12,15946.0,
2026-09-15,CHEMBOND,219.99,223.0,190.6,195.52,32132.0,
2026-09-16,CHEMBOND,199.4,199.4,176.8,190.06,20839.0,
2026-09-17,CHEMBOND,197.44,203.99,185.03,196.18,10490.0,
2026-09-18,CHEMBOND,197.03,203.45,185.6,192.77,12271.0,
2026-09-21,CHEMBOND,192.77,197.59,183.5,187.04,10827.0,
2026-09-22,CHEMBOND,190.2,198.99,185.25,192.77,15681.0,
2026-09-23,CHEMBOND,197.44,197.44,190.02,193.68,8790.0,
2026-09-24,CHEMBOND,197.83,197.83,191.0,191.59,6927.0,
2025-09-10,CHEMBONDCH,188.0,218.0,188.0,194.9,288606.0,
2025-09-11,CHEMBONDCH,194.95,203.49,191.0,194.09,63970.0,
2025-09-12,CHEMBONDCH,199.85,199.9,191.02,192.3,19138.0,
2025-09-15,CHEMBONDCH,194.8,195.88,187.62,189.02,18936.0,
2025-09-16,CHEMBONDCH,190.93,193.97,187.21,189.18,17071.0,
2025-09-17,CHEMBONDCH,190.6,191.75,187.0,187.74,11254.0,
2025-09-18,CHEMBONDCH,189.59,195.58,186.11,189.49,17959.0,
2025-09-19,CHEMBONDCH,191.3,191.3,186.21,186.79,6150.0,
2025-09-22,CHEMBONDCH,191.78,193.99,181.2,183.64,11072.0,
2025-09-23,CHEMBONDCH,188.89,190.15,180.06,181.31,38638.0,
2025-09-24,CHEMBONDCH,184.13,184.33,181.35,181.51,13705.0,
2025-09-25,CHEMBONDCH,184.56,184.56,175.01,176.53,9089.0,
2025-09-26,CHEMBONDCH,175.0,179.89,164.0,164.91,75343.0,
2025-09-29,CHEMBONDCH,172.83,172.83,162.03,164.56,24876.0,
2025-09-30,CHEMBONDCH,167.0,169.85,157.51,163.28,36077.0,
2025-10-01,CHEMBONDCH,169.6,169.6,163.0,164.4,21463.0,
2025-10-03,CHEMBONDCH,167.0,171.27,163.0,164.78,33298.0,
2025-10-06,CHEMBONDCH,167.0,167.0,161.33,162.84,10926.0,
2025-10-07,CHEMBONDCH,165.8,165.82,161.1,161.72,9015.0,
2025-10-08,CHEMBONDCH,162.0,164.68,159.47,160.73,218796.0,
2025-10-09,CHEMBONDCH,162.57,163.0,158.41,159.12,17569.0,
2025-10-10,CHEMBONDCH,160.7,162.22,155.21,159.41,11828.0,
2025-10-13,CHEMBONDCH,155.5,163.99,154.82,156.12,20422.0,
2025-10-14,CHEMBONDCH,157.13,159.26,151.1,151.74,9776.0,
2025-10-15,CHEMBONDCH,151.74,157.32,151.1,154.36,23829.0,
2025-10-16,CHEMBONDCH,157.9,164.33,150.7,153.0,32910.0,
2025-10-17,CHEMBONDCH,154.0,155.9,150.7,151.36,19810.0,
2025-10-20,CHEMBONDCH,154.84,160.21,149.12,156.38,47825.0,
2025-10-21,CHEMBONDCH,157.5,163.8,156.0,161.64,17344.0,
2025-10-23,CHEMBONDCH,167.4,167.4,156.5,157.57,9383.0,
2025-10-24,CHEMBONDCH,161.99,161.99,152.0,155.75,14125.0,
2025-10-27,CHEMBONDCH,156.0,161.0,156.0,158.42,24041.0,
2025-10-28,CHEMBONDCH,159.6,161.4,157.4,158.64,14271.0,
2025-10-29,CHEMBONDCH,158.8,159.28,154.2,156.41,16793.0,
2025-10-30,CHEMBONDCH,159.55,159.55,156.01,157.82,5378.0,
2025-10-31,CHEMBONDCH,162.31,162.31,158.03,159.4,5220.0,
2025-11-03,CHEMBONDCH,162.7,162.7,153.41,156.0,10732.0,
2025-11-04,CHEMBONDCH,159.45,159.45,150.0,153.35,12042.0,
2025-11-06,CHEMBONDCH,156.0,156.01,151.11,153.76,6646.0,
2025-11-07,CHEMBONDCH,153.0,155.69,151.1,153.09,11141.0,
2025-11-10,CHEMBONDCH,152.0,155.38,145.21,146.37,19936.0,
2025-11-11,CHEMBONDCH,147.0,149.68,145.13,148.34,8153.0,
2025-11-12,CHEMBONDCH,149.0,153.85,147.0,149.07,16969.0,
2025-11-13,CHEMBONDCH,149.9,154.29,144.51,146.15,20510.0,
2025-11-14,CHEMBONDCH,146.15,148.07,143.71,146.11,12027.0,
2025-11-17,CHEMBONDCH,148.0,151.48,148.0,149.84,9681.0,
2025-11-18,CHEMBONDCH,153.0,153.0,149.0,151.04,27557.0,
2025-11-19,CHEMBONDCH,145.35,159.59,145.35,157.45,11261.0,
2025-11-20,CHEMBONDCH,157.45,162.29,157.14,160.86,14153.0,
2025-11-21,CHEMBONDCH,164.99,164.99,154.6,157.73,15625.0,
2025-11-24,CHEMBONDCH,157.0,159.08,149.27,153.0,71200.0,
2025-11-25,CHEMBONDCH,159.0,159.0,148.11,149.43,38994.0,
2025-11-26,CHEMBONDCH,150.0,152.99,148.2,150.24,14551.0,
2025-11-27,CHEMBONDCH,151.9,157.76,150.01,151.49,10512.0,
2025-11-28,CHEMBONDCH,152.9,152.9,145.8,149.89,17534.0,
2025-12-01,CHEMBONDCH,150.0,152.01,148.05,150.94,8801.0,
2025-12-02,CHEMBONDCH,154.5,154.5,146.11,147.75,9631.0,
2025-12-03,CHEMBONDCH,147.85,153.0,147.85,151.19,11477.0,
2025-12-04,CHEMBONDCH,148.4,152.94,148.4,149.9,3305.0,
2025-12-05,CHEMBONDCH,151.46,156.85,150.42,155.07,6989.0,
2025-12-08,CHEMBONDCH,153.5,153.5,144.0,144.43,13640.0,
2025-12-09,CHEMBONDCH,146.6,148.88,140.29,146.33,13769.0,
2025-12-10,CHEMBONDCH,146.01,149.99,141.83,149.83,2306.0,
2025-12-11,CHEMBONDCH,148.88,157.01,145.3,156.65,7922.0,
2025-12-12,CHEMBONDCH,156.06,161.0,155.68,160.31,15154.0,
2025-12-15,CHEMBONDCH,160.0,162.03,155.1,156.89,8052.0,
2025-12-16,CHEMBONDCH,157.67,159.6,153.7,157.43,11362.0,
2025-12-17,CHEMBONDCH,157.22,160.39,153.61,157.02,11614.0,
2025-12-18,CHEMBONDCH,157.0,158.92,155.61,158.03,8802.0,
2025-12-19,CHEMBONDCH,156.0,161.0,156.0,160.6,12145.0,
2025-12-22,CHEMBONDCH,161.0,166.0,159.6,164.43,15155.0,
2025-12-23,CHEMBONDCH,165.0,168.2,159.21,163.59,15875.0,
2025-12-24,CHEMBONDCH,161.6,164.99,159.01,160.24,4502.0,
2025-12-26,CHEMBONDCH,162.39,162.39,155.05,155.77,3433.0,
2025-12-29,CHEMBONDCH,159.44,159.44,149.26,152.0,14629.0,
2025-12-30,CHEMBONDCH,153.66,153.9,150.81,152.82,8991.0,
2025-12-31,CHEMBONDCH,152.82,157.9,149.98,151.6,8404.0,
2026-01-01,CHEMBONDCH,153.62,154.95,146.0,150.15,11695.0,
2026-01-02,CHEMBONDCH,151.18,154.0,148.1,152.88,6532.0,
2026-01-05,CHEMBONDCH,150.1,153.88,149.6,152.69,4726.0,
2026-01-06,CHEMBONDCH,153.99,168.0,148.1,156.56,15542.0,
2026-01-07,CHEMBONDCH,157.42,161.89,152.1,153.62,13171.0,
2026-01-08,CHEMBONDCH,153.54,157.21,147.65,149.92,16957.0,
2026-01-09,CHEMBONDCH,150.0,152.0,144.38,150.25,12051.0,
2026-01-12,CHEMBONDCH,149.58,149.65,141.1,144.53,17504.0,
2026-01-13,CHEMBONDCH,146.48,148.08,143.51,144.74,4002.0,
2026-01-14,CHEMBONDCH,146.58,147.3,143.1,143.99,1086.0,
2026-01-16,CHEMBONDCH,143.98,145.57,141.0,141.32,7472.0,
2026-01-19,CHEMBONDCH,139.99,141.99,132.0,135.97,13509.0,
2026-01-20,CHEMBONDCH,138.85,139.15,126.9,131.02,9711.0,
2026-01-21,CHEMBONDCH,130.26,130.89,127.0,129.27,23508.0,
2026-01-22,CHEMBONDCH,130.99,151.8,130.99,149.19,64027.0,
2026-01-23,CHEMBONDCH,146.53,149.7,143.21,143.47,13984.0,
2026-01-27,CHEMBONDCH,143.57,148.09,136.25,137.08,11099.0,
2026-01-28,CHEMBONDCH,137.0,144.88,137.0,139.8,12294.0,
2026-01-29,CHEMBONDCH,142.8,151.0,137.5,147.68,15529.0,
2026-01-30,CHEMBONDCH,145.57,151.58,140.2,142.95,10439.0,
2026-02-02,CHEMBONDCH,142.94,149.24,142.52,144.86,8278.0,
2026-02-03,CHEMBONDCH,155.0,155.0,144.1,151.33,40692.0,
2026-02-04,CHEMBONDCH,153.85,164.0,148.81,161.13,21969.0,
2026-02-05,CHEMBONDCH,161.13,161.13,153.25,154.54,8685.0,
2026-02-06,CHEMBONDCH,156.0,157.81,148.1,149.03,5706.0,
2026-02-09,CHEMBONDCH,149.03,160.66,149.03,153.87,11409.0,
2026-02-10,CHEMBONDCH,155.3,161.0,149.22,158.61,12351.0,
2026-02-11,CHEMBONDCH,161.0,165.55,158.61,162.85,28619.0,
2026-02-12,CHEMBONDCH,158.01,167.4,157.31,164.43,19735.0,
2026-02-13,CHEMBONDCH,162.54,164.0,156.0,158.64,9501.0,
2026-02-16,CHEMBONDCH,158.65,162.62,153.35,157.21,12914.0,
2026-02-17,CHEMBONDCH,157.26,165.95,155.75,164.67,17082.0,
2026-02-18,CHEMBONDCH,160.18,164.98,156.13,157.7,10454.0,
2026-02-19,CHEMBONDCH,160.0,164.38,157.49,158.42,14003.0,
2026-02-20,CHEMBONDCH,160.0,160.79,151.95,154.86,7952.0,
2026-02-23,CHEMBONDCH,157.99,159.18,149.15,152.31,8844.0,
2026-02-24,CHEMBONDCH,148.6,151.82,145.01,148.04,5816.0,
2026-02-25,CHEMBONDCH,148.33,152.4,146.0,151.22,9033.0,
2026-02-26,CHEMBONDCH,151.58,153.7,146.65,147.46,5148.0,
2026-02-27,CHEMBONDCH,150.67,150.9,145.71,146.85,4424.0,
2026-03-02,CHEMBONDCH,128.0,154.99,128.0,152.05,28117.0,
2026-03-04,CHEMBONDCH,149.9,149.9,139.8,142.53,11613.0,
2026-03-05,CHEMBONDCH,146.8,148.2,140.01,147.25,15915.0,
2026-03-06,CHEMBONDCH,146.11,148.0,142.2,143.27,1587.0,
2026-03-09,CHEMBONDCH,145.85,145.85,128.0,133.95,8402.0,
2026-03-10,CHEMBONDCH,139.8,139.8,132.84,134.29,8531.0,
2026-03-11,CHEMBONDCH,135.86,146.69,135.86,140.36,11812.0,
2026-03-12,CHEMBONDCH,141.18,141.18,134.0,134.82,10568.0,
2026-03-13,CHEMBONDCH,136.09,137.99,132.01,134.19,7504.0,
2026-03-16,CHEMBONDCH,132.12,133.91,124.99,126.42,10586.0,
2026-03-17,CHEMBONDCH,125.55,130.01,125.55,126.75,8912.0,
2026-03-18,CHEMBONDCH,125.0,131.15,125.0,129.44,4437.0,
2026-03-19,CHEMBONDCH,127.0,129.64,124.11,125.15,8383.0,
2026-03-20,CHEMBONDCH,129.45,130.0,124.12,127.99,17280.0,
2026-03-23,CHEMBONDCH,124.1,124.98,118.0,119.52,22217.0,
2026-03-24,CHEMBONDCH,121.5,123.0,117.6,118.45,8228.0,
2026-03-25,CHEMBONDCH,122.0,126.0,117.0,121.97,24079.0,
2026-03-27,CHEMBONDCH,121.71,121.85,108.0,112.15,46504.0,
2026-03-30,CHEMBONDCH,106.03,111.59,104.85,106.24,46882.0,
2026-04-01,CHEMBONDCH,109.85,123.93,107.65,118.94,21155.0,
2026-04-02,CHEMBONDCH,117.0,142.0,114.99,140.64,47649.0,
2026-04-06,CHEMBONDCH,140.64,144.99,130.4,137.56,15842.0,
2026-04-07,CHEMBONDCH,140.47,148.45,137.16,144.03,63377.0,
2026-04-08,CHEMBONDCH,148.4,151.0,137.1,147.0,42556.0,
2026-04-09,CHEMBONDCH,146.99,166.2,140.65,154.06,24647.0,
2026-04-10,CHEMBONDCH,156.3,157.35,150.0,152.95,12828.0,
2026-04-13,CHEMBONDCH,151.0,152.11,145.6,146.79,6409.0,
2026-04-15,CHEMBONDCH,146.06,161.0,146.06,153.86,12494.0,
2026-04-16,CHEMBONDCH,161.89,163.0,153.0,160.34,6555.0,
2026-04-17,CHEMBONDCH,163.0,167.0,156.8,157.77,7621.0,
2026-04-20,CHEMBONDCH,157.77,157.77,148.01,150.91,8817.0,
2026-04-21,CHEMBONDCH,148.1,160.4,148.1,159.53,10928.0,
2026-04-22,CHEMBONDCH,159.41,159.41,150.1,152.22,7976.0,
2026-04-23,CHEMBONDCH,152.58,152.58,140.01,142.58,15237.0,
2026-04-24,CHEMBONDCH,145.04,155.4,140.6,150.15,16329.0,
2026-04-27,CHEMBONDCH,154.05,154.05,147.3,152.14,17470.0,
2026-04-28,CHEMBONDCH,153.99,154.31,150.41,153.34,13923.0,
2026-04-29,CHEMBONDCH,153.89,154.98,151.03,151.83,5152.0,
2026-04-30,CHEMBONDCH,150.26,155.69,149.99,152.09,6857.0,
2026-05-04,CHEMBONDCH,145.2,164.4,145.2,156.9,7191.0,
2026-05-05,CHEMBONDCH,160.0,185.0,154.0,180.15,123290.0,
2026-05-06,CHEMBONDCH,178.01,195.25,174.63,192.53,97447.0,
2026-05-07,CHEMBONDCH,192.54,205.5,180.1,201.82,107005.0,
2026-05-08,CHEMBONDCH,205.0,205.0,187.0,187.28,31656.0,
2026-05-11,CHEMBONDCH,191.95,195.0,178.11,181.48,21561.0,
2026-05-12,CHEMBONDCH,185.0,188.9,172.41,177.07,12445.0,
2026-05-13,CHEMBONDCH,176.5,182.0,168.51,176.36,13014.0,
2026-05-14,CHEMBONDCH,177.24,179.36,170.0,174.91,7106.0,
2026-05-15,CHEMBONDCH,178.99,182.0,167.1,180.95,16895.0,
2026-05-18,CHEMBONDCH,186.0,189.99,177.25,189.97,85113.0,
2026-05-19,CHEMBONDCH,199.0,199.0,182.4,185.72,9034.0,
2026-05-20,CHEMBONDCH,187.0,195.0,185.0,187.24,10732.0,
2026-05-21,CHEMBONDCH,188.4,193.4,183.3,191.76,12393.0,
2026-05-22,CHEMBONDCH,191.76,194.0,185.4,191.88,2961.0,
2026-05-25,CHEMBONDCH,194.0,200.99,194.0,198.09,16681.0,
2026-05-26,CHEMBONDCH,207.9,207.99,188.9,202.51,35455.0,
2026-05-27,CHEMBONDCH,201.5,201.5,192.39,193.41,7965.0,
2026-05-29,CHEMBONDCH,193.41,199.5,184.11,185.32,7982.0,
2026-06-01,CHEMBONDCH,185.99,191.4,178.5,183.34,6500.0,
2026-06-02,CHEMBONDCH,187.4,187.4,175.0,176.78,10058.0,
2026-06-03,CHEMBONDCH,176.99,181.4,171.25,175.75,3832.0,
2026-06-04,CHEMBONDCH,175.0,184.53,171.0,183.12,11464.0,
2026-06-05,CHEMBONDCH,176.0,182.53,176.0,180.84,9865.0,
2026-06-08,CHEMBONDCH,180.84,185.0,172.0,173.22,7178.0,
2026-06-09,CHEMBONDCH,176.0,178.95,169.25,170.7,10764.0,
2026-06-10,CHEMBONDCH,174.99,175.0,170.15,174.72,3740.0,
2026-06-11,CHEMBONDCH,179.49,179.49,171.15,174.05,3148.0,
2026-06-12,CHEMBONDCH,174.5,176.0,171.5,172.63,5179.0,
2026-06-15,CHEMBONDCH,172.63,178.4,169.0,171.54,4900.0,
2026-06-16,CHEMBONDCH,174.0,180.11,174.0,180.11,10814.0,
2026-06-17,CHEMBONDCH,188.5,189.11,182.0,188.8,11460.0,
2026-06-18,CHEMBONDCH,197.0,198.24,190.11,198.05,14065.0,
2026-06-19,CHEMBONDCH,199.5,207.0,190.3,204.23,8252.0,
2026-06-22,CHEMBONDCH,205.25,214.44,205.0,214.44,32814.0,
2026-06-23,CHEMBONDCH,219.9,225.16,214.44,225.16,43194.0,
2026-06-24,CHEMBONDCH,236.4,236.4,213.91,222.94,55587.0,
2026-06-25,CHEMBONDCH,214.0,229.5,214.0,225.6,11501.0,
2026-06-29,CHEMBONDCH,225.0,230.0,214.32,217.17,10929.0,
2026-06-30,CHEMBONDCH,215.0,228.0,209.6,217.73,15186.0,
2026-07-01,CHEMBONDCH,219.0,224.99,212.25,222.53,7004.0,
2026-07-02,CHEMBONDCH,224.75,226.35,222.0,225.8,5082.0,
2026-07-03,CHEMBONDCH,215.0,235.9,215.0,228.66,17580.0,
2026-07-06,CHEMBONDCH,235.7,240.09,233.64,240.09,17922.0,
2026-07-07,CHEMBONDCH,247.9,252.09,240.09,249.57,26511.0,
2026-07-08,CHEMBONDCH,253.0,253.0,237.1,237.1,12599.0,
2026-07-09,CHEMBONDCH,237.1,237.5,226.25,231.56,9029.0,
2026-07-10,CHEMBONDCH,238.45,243.13,231.5,243.13,47201.0,
2026-07-13,CHEMBONDCH,254.9,255.28,245.0,255.28,26227.0,
2026-07-14,CHEMBONDCH,255.28,268.04,255.28,267.2,30903.0,
2026-07-15,CHEMBONDCH,275.0,279.8,256.5,262.54,12045.0,
2026-07-16,CHEMBONDCH,253.0,269.99,249.42,254.26,15147.0,
2026-07-17,CHEMBONDCH,245.5,251.46,241.55,241.55,11038.0,
2026-07-20,CHEMBONDCH,236.0,253.62,229.48,253.62,22830.0,
2026-07-21,CHEMBONDCH,263.0,263.0,243.05,250.21,7738.0,
2026-07-22,CHEMBONDCH,250.21,260.0,241.55,257.68,9416.0,
2026-07-23,CHEMBONDCH,251.0,253.9,244.8,247.86,6591.0,
2026-07-24,CHEMBONDCH,240.05,249.95,236.2,247.44,12195.0,
2026-07-27,CHEMBONDCH,252.4,252.95,239.08,240.62,5294.0,
2026-07-28,CHEMBONDCH,240.62,240.99,228.71,230.78,5145.0,
2026-07-29,CHEMBONDCH,234.99,238.95,219.25,228.77,15500.0,
2026-07-30,CHEMBONDCH,224.96,224.96,217.34,218.61,5781.0,
2026-07-31,CHEMBONDCH,217.5,229.0,216.4,226.41,33476.0,
2026-08-03,CHEMBONDCH,234.0,234.0,221.0,225.43,10415.0,
2026-08-04,CHEMBONDCH,230.3,230.3,222.0,229.11,1474.0,
2026-08-05,CHEMBONDCH,229.11,229.79,224.5,228.51,4649.0,
2026-08-06,CHEMBONDCH,229.8,234.2,221.32,231.77,45411.0,
2026-08-07,CHEMBONDCH,234.08,243.35,231.77,237.42,44693.0,
2026-08-10,CHEMBONDCH,243.99,249.29,235.5,249.29,36129.0,
2026-08-11,CHEMBONDCH,258.9,261.75,251.1,261.75,30864.0,
2026-08-12,CHEMBONDCH,259.0,274.83,253.0,274.82,62296.0,
2026-08-13,CHEMBONDCH,278.9,278.9,266.5,272.32,10426.0,
2026-08-14,CHEMBONDCH,272.34,277.99,266.5,269.06,12873.0,
2026-08-17,CHEMBONDCH,268.0,270.0,260.1,263.69,15083.0,
2026-08-18,CHEMBONDCH,263.69,269.0,260.1,266.23,10494.0,
2026-08-19,CHEMBONDCH,270.3,274.0,261.1,269.78,11521.0,
2026-08-20,CHEMBONDCH,269.78,283.26,269.78,282.0,21659.0,
2026-08-21,CHEMBONDCH,286.9,290.0,276.0,284.38,16188.0,
2026-08-24,CHEMBONDCH,280.2,287.0,271.0,273.91,12894.0,
2026-08-25,CHEMBONDCH,277.99,278.25,263.55,267.41,24279.0,
2026-08-26,CHEMBONDCH,266.25,275.5,264.5,267.76,17686.0,
2026-08-27,CHEMBONDCH,274.0,277.15,266.1,269.84,4068.0,
2026-08-28,CHEMBONDCH,274.8,274.8,266.0,267.49,4106.0,
2026-08-31,CHEMBONDCH,267.6,272.8,255.0,256.53,9504.0,
2026-09-01,CHEMBONDCH,255.4,269.0,255.0,267.6,6595.0,
2026-09-02,CHEMBONDCH,269.0,276.9,260.05,261.4,8614.0,
2026-09-03,CHEMBONDCH,269.45,272.0,255.5,259.0,3350.0,
2026-09-04,CHEMBONDCH,261.6,267.45,252.0,254.45,5353.0,
2026-09-07,CHEMBONDCH,259.95,267.15,253.0,267.15,9181.0,
2026-09-08,CHEMBONDCH,272.0,274.0,256.2,259.95,6271.0,
2026-09-09,CHEMBONDCH,259.95,265.95,250.0,251.75,12707.0,
2026-09-10,CHEMBONDCH,257.0,257.0,246.0,249.75,4895.0,
2026-09-11,CHEMBONDCH,249.75,262.2,243.6,262.2,8561.0,
2026-09-15,CHEMBONDCH,263.0,275.3,263.0,264.75,15600.0,
2026-09-16,CHEMBONDCH,263.0,272.0,252.1,270.75,6762.0,
2026-09-17,CHEMBONDCH,275.0,284.0,264.0,274.0,12782.0,
2026-09-18,CHEMBONDCH,275.35,279.5,261.45,272.55,8833.0,
2026-09-21,CHEMBONDCH,275.0,275.0,260.3,261.5,5030.0,
2026-09-22,CHEMBONDCH,260.2,268.25,258.0,260.4,4460.0,
2026-09-23,CHEMBONDCH,266.1,267.95,257.25,259.5,2935.0,
2026-09-24,CHEMBONDCH,252.0,260.0,248.1,249.6,6764.0,
2025-09-10,CONFIPET,48.96,49.5,48.56,49.31,362299.0,
2025-09-11,CONFIPET,48.71,49.85,48.5,48.76,389321.0,
2025-09-12,CONFIPET,48.77,49.3,48.7,49.1,310705.0,
2025-09-15,CONFIPET,49.1,50.73,48.5,48.68,945176.0,
2025-09-16,CONFIPET,49.07,49.5,47.96,48.06,830712.0,
2025-09-17,CONFIPET,48.1,49.0,48.1,48.86,399688.0,
2025-09-18,CONFIPET,49.25,49.3,47.65,47.93,1117220.0,
2025-09-19,CONFIPET,48.0,48.8,47.42,47.65,768567.0,
2025-09-22,CONFIPET,47.74,48.01,46.6,46.95,1319839.0,
2025-09-23,CONFIPET,47.18,47.51,46.25,46.74,721204.0,
2025-09-24,CONFIPET,46.79,47.7,46.55,46.69,398030.0,
2025-09-25,CONFIPET,46.82,47.0,46.0,46.4,479070.0,
2025-09-26,CONFIPET,46.39,46.43,45.25,45.5,501110.0,
2025-09-29,CONFIPET,45.68,46.0,44.85,45.0,348356.0,
2025-09-30,CONFIPET,45.17,45.38,44.91,45.06,294695.0,
2025-10-01,CONFIPET,45.06,45.81,45.0,45.68,442254.0,
2025-10-03,CONFIPET,45.9,46.1,45.58,45.83,234216.0,
2025-10-06,CONFIPET,45.98,46.79,45.86,46.45,428339.0,
2025-10-07,CONFIPET,46.35,48.25,43.01,46.52,3847874.0,
2025-10-08,CONFIPET,46.0,46.21,44.31,44.57,1460795.0,
2025-10-09,CONFIPET,44.93,44.95,42.01,42.24,2412382.0,
2025-10-10,CONFIPET,42.25,43.14,41.74,42.77,752190.0,
2025-10-13,CONFIPET,42.0,42.77,42.0,42.19,726378.0,
2025-10-14,CONFIPET,42.4,42.59,41.21,41.24,614481.0,
2025-10-15,CONFIPET,41.8,41.85,40.93,41.08,690744.0,
2025-10-16,CONFIPET,41.29,41.62,41.09,41.19,382145.0,
2025-10-17,CONFIPET,41.19,41.81,40.3,40.49,1132985.0,
2025-10-20,CONFIPET,40.31,41.25,40.07,41.02,526944.0,
2025-10-21,CONFIPET,41.23,42.5,41.15,41.98,324040.0,
2025-10-23,CONFIPET,42.0,42.66,42.0,42.3,377494.0,
2025-10-24,CONFIPET,42.38,42.38,41.06,41.24,445646.0,
2025-10-27,CONFIPET,41.23,41.5,40.71,41.05,347557.0,
2025-10-28,CONFIPET,41.0,42.6,40.75,41.69,455336.0,
2025-10-29,CONFIPET,41.69,42.55,41.26,42.27,408650.0,
2025-10-30,CONFIPET,42.26,42.96,41.99,42.17,480137.0,
2025-10-31,CONFIPET,42.37,42.55,41.48,41.65,326678.0,
2025-11-03,CONFIPET,41.56,41.94,41.25,41.59,332772.0,
2025-11-04,CONFIPET,41.59,42.3,41.05,41.32,392344.0,
2025-11-06,CONFIPET,41.01,41.4,40.0,40.34,541996.0,
2025-11-07,CONFIPET,40.15,41.38,39.7,40.9,596780.0,
2025-11-10,CONFIPET,40.51,40.93,39.5,39.96,445593.0,
2025-11-11,CONFIPET,40.5,40.84,39.73,40.39,392102.0,
2025-11-12,CONFIPET,40.37,41.68,40.17,41.18,370822.0,
2025-11-13,CONFIPET,41.18,41.64,40.8,41.04,375631.0,
2025-11-14,CONFIPET,41.34,41.34,40.21,40.41,276766.0,
2025-11-17,CONFIPET,40.65,41.3,40.15,41.13,427915.0,
2025-11-18,CONFIPET,41.13,41.55,40.39,40.84,259970.0,
2025-11-19,CONFIPET,40.6,40.89,40.15,40.54,291814.0,
2025-11-20,CONFIPET,40.98,40.98,40.0,40.1,234164.0,
2025-11-21,CONFIPET,40.14,40.9,39.51,39.7,497072.0,
2025-11-24,CONFIPET,39.5,39.74,38.44,38.63,536525.0,
2025-11-25,CONFIPET,38.96,39.12,37.89,38.2,659443.0,
2025-11-26,CONFIPET,38.8,39.17,38.32,38.89,359914.0,
2025-11-27,CONFIPET,38.99,39.37,38.11,38.32,293719.0,
2025-11-28,CONFIPET,38.36,38.44,37.54,38.08,478047.0,
2025-12-01,CONFIPET,38.14,39.3,38.0,38.12,322665.0,
2025-12-02,CONFIPET,38.48,38.48,37.71,37.93,347388.0,
2025-12-03,CONFIPET,38.09,38.49,37.05,37.17,401256.0,
2025-12-04,CONFIPET,37.7,37.7,36.5,36.6,474476.0,
2025-12-05,CONFIPET,36.6,36.8,35.85,36.03,405941.0,
2025-12-08,CONFIPET,36.09,36.09,34.17,34.63,968839.0,
2025-12-09,CONFIPET,34.99,35.0,32.66,33.33,2174713.0,
2025-12-10,CONFIPET,33.6,34.7,32.99,33.15,1125479.0,
2025-12-11,CONFIPET,33.25,33.59,32.51,33.43,868990.0,
2025-12-12,CONFIPET,33.6,34.42,33.23,34.04,562608.0,
2025-12-15,CONFIPET,34.04,34.7,33.67,34.34,408041.0,
2025-12-16,CONFIPET,34.49,35.32,33.96,35.12,741710.0,
2025-12-17,CONFIPET,35.65,35.68,34.11,34.43,447565.0,
2025-12-18,CONFIPET,34.43,34.5,33.0,33.5,535372.0,
2025-12-19,CONFIPET,33.5,34.68,33.3,34.39,297129.0,
2025-12-22,CONFIPET,34.58,37.2,34.44,36.04,1238343.0,
2025-12-23,CONFIPET,36.04,36.55,35.8,36.41,353955.0,
2025-12-24,CONFIPET,36.41,37.08,35.9,36.05,640619.0,
2025-12-26,CONFIPET,36.05,37.59,35.96,37.02,561149.0,
2025-12-29,CONFIPET,37.08,38.85,36.2,36.63,824516.0,
2025-12-30,CONFIPET,36.51,36.64,35.51,35.88,423604.0,
2025-12-31,CONFIPET,35.9,37.14,35.76,36.55,276217.0,
2026-01-01,CONFIPET,36.89,36.92,35.54,35.79,229286.0,
2026-01-02,CONFIPET,35.79,37.43,35.54,37.25,446405.0,
2026-01-05,CONFIPET,37.48,37.49,36.5,36.76,367529.0,
2026-01-06,CONFIPET,36.98,37.01,35.5,36.28,514739.0,
2026-01-07,CONFIPET,36.2,37.0,36.04,36.27,562088.0,
2026-01-08,CONFIPET,36.3,36.31,35.09,35.22,464245.0,
2026-01-09,CONFIPET,35.25,35.29,34.09,34.26,558411.0,
2026-01-12,CONFIPET,34.0,34.7,33.37,34.39,459623.0,
2026-01-13,CONFIPET,34.58,34.79,33.64,33.98,290609.0,
2026-01-14,CONFIPET,33.98,34.28,33.71,34.06,202313.0,
2026-01-16,CONFIPET,33.79,34.4,33.79,34.12,225361.0,
2026-01-19,CONFIPET,33.75,34.16,33.32,33.48,213770.0,
2026-01-20,CONFIPET,33.49,33.5,32.05,32.45,561756.0,
2026-01-21,CONFIPET,32.1,32.7,31.16,31.9,540034.0,
2026-01-22,CONFIPET,32.09,32.75,31.4,32.58,348978.0,
2026-01-23,CONFIPET,32.58,32.75,31.65,31.98,250260.0,
2026-01-27,CONFIPET,31.95,32.03,30.85,31.41,351788.0,
2026-01-28,CONFIPET,31.5,32.7,31.5,32.48,334390.0,
2026-01-29,CONFIPET,32.4,33.25,31.5,31.91,351614.0,
2026-01-30,CONFIPET,31.82,32.8,31.16,32.41,338466.0,
2026-02-02,CONFIPET,31.76,32.46,29.11,30.88,858194.0,
2026-02-03,CONFIPET,32.99,33.44,31.25,31.7,1069248.0,
2026-02-04,CONFIPET,31.62,32.9,31.5,32.63,493992.0,
2026-02-05,CONFIPET,32.51,32.63,31.48,31.59,386104.0,
2026-02-06,CONFIPET,31.59,33.0,30.48,31.25,425076.0,
2026-02-09,CONFIPET,31.25,33.79,31.25,33.57,883461.0,
2026-02-10,CONFIPET,33.73,34.55,33.19,34.13,413127.0,
2026-02-11,CONFIPET,34.28,34.35,33.5,34.08,349349.0,
2026-02-12,CONFIPET,34.5,34.56,33.5,34.11,281361.0,
2026-02-13,CONFIPET,33.94,33.94,32.02,32.52,473510.0,
2026-02-16,CONFIPET,32.0,33.71,31.52,32.29,671033.0,
2026-02-17,CONFIPET,32.2,33.75,32.0,33.6,458175.0,
2026-02-18,CONFIPET,33.43,34.15,33.16,33.4,257094.0,
2026-02-19,CONFIPET,33.4,33.8,32.0,32.18,346386.0,
2026-02-20,CONFIPET,32.01,32.2,31.45,31.64,263094.0,
2026-02-23,CONFIPET,32.0,32.6,31.26,31.77,234825.0,
2026-02-24,CONFIPET,31.65,31.84,31.02,31.54,294978.0,
2026-02-25,CONFIPET,31.54,31.98,31.15,31.49,226233.0,
2026-02-26,CONFIPET,31.44,32.1,31.25,31.84,228395.0,
2026-02-27,CONFIPET,32.0,32.19,31.46,31.75,172069.0,
2026-03-02,CONFIPET,30.35,31.0,29.82,30.37,714040.0,
2026-03-04,CONFIPET,30.5,30.5,29.6,30.2,657296.0,
2026-03-05,CONFIPET,30.06,30.7,28.52,29.18,608500.0,
2026-03-06,CONFIPET,29.18,30.6,28.87,29.73,511067.0,
2026-03-09,CONFIPET,29.91,30.0,28.06,28.81,555520.0,
2026-03-10,CONFIPET,28.91,29.76,28.65,29.34,477481.0,
2026-03-11,CONFIPET,29.38,30.5,29.38,29.58,678318.0,
2026-03-12,CONFIPET,29.8,35.49,29.35,35.45,9380060.0,
2026-03-13,CONFIPET,37.0,39.66,34.0,36.54,17012848.0,
2026-03-16,CONFIPET,36.9,36.9,31.26,32.06,3868129.0,
2026-03-17,CONFIPET,32.15,34.45,31.15,31.54,2611981.0,
2026-03-18,CONFIPET,31.7,37.78,31.65,36.6,7301274.0,
2026-03-19,CONFIPET,36.51,39.99,35.21,36.44,4509823.0,
2026-03-20,CONFIPET,37.0,38.13,36.0,36.28,1580039.0,
2026-03-23,CONFIPET,37.0,39.33,33.75,34.03,3782656.0,
2026-03-24,CONFIPET,34.8,36.78,34.39,35.15,1434603.0,
2026-03-25,CONFIPET,35.49,36.44,34.21,34.64,1220984.0,
2026-03-27,CONFIPET,33.6,39.6,33.6,38.61,16353097.0,
2026-03-30,CONFIPET,38.09,38.94,35.5,37.49,3036579.0,
2026-04-01,CONFIPET,38.8,44.48,38.4,44.03,7777041.0,
2026-04-02,CONFIPET,43.84,52.83,42.9,52.39,49374671.0,
2026-04-06,CONFIPET,54.4,57.62,54.0,57.62,5494142.0,
2026-04-07,CONFIPET,58.75,62.44,55.51,59.83,20866345.0,
2026-04-08,CONFIPET,62.0,62.28,53.85,53.85,8383533.0,
2026-04-09,CONFIPET,50.91,55.8,48.47,54.84,14312031.0,
2026-04-10,CONFIPET,54.84,59.8,53.28,55.97,9170851.0,
2026-04-13,CONFIPET,57.35,58.98,54.0,54.61,6550034.0,
2026-04-15,CONFIPET,54.79,55.56,51.81,52.61,2799697.0,
2026-04-16,CONFIPET,52.21,53.64,50.11,52.56,2945247.0,
2026-04-17,CONFIPET,52.88,53.9,52.25,52.68,1110965.0,
2026-04-20,CONFIPET,53.21,57.15,51.29,55.6,4844204.0,
2026-04-21,CONFIPET,56.23,58.0,54.75,55.74,3082064.0,
2026-04-22,CONFIPET,56.2,56.85,53.81,54.18,1379436.0,
2026-04-23,CONFIPET,54.11,56.7,53.16,55.58,2644366.0,
2026-04-24,CONFIPET,57.0,57.0,54.2,54.83,1431749.0,
2026-04-27,CONFIPET,55.09,59.65,52.61,57.73,4708667.0,
2026-04-28,CONFIPET,58.8,60.44,56.6,58.71,3933919.0,
2026-04-29,CONFIPET,59.44,59.69,52.84,56.76,4879607.0,
2026-04-30,CONFIPET,56.76,57.6,53.9,54.65,1833659.0,
2026-05-04,CONFIPET,55.0,56.8,54.96,55.49,1102756.0,
2026-05-05,CONFIPET,55.5,56.29,54.8,55.5,662863.0,
2026-05-06,CONFIPET,56.68,59.75,53.17,54.55,5059358.0,
2026-05-07,CONFIPET,55.3,56.3,54.74,55.01,888904.0,
2026-05-08,CONFIPET,55.01,55.41,53.65,54.72,1122772.0,
2026-05-11,CONFIPET,54.8,58.99,54.6,56.93,3463679.0,
2026-05-12,CONFIPET,57.5,58.99,56.05,56.86,2077510.0,
2026-05-13,CONFIPET,57.14,62.54,56.2,62.54,9750250.0,
2026-05-14,CONFIPET,64.74,67.08,58.02,61.63,9287285.0,
2026-05-15,CONFIPET,62.9,62.99,58.83,61.61,3029519.0,
2026-05-18,CONFIPET,61.11,62.77,58.8,61.6,2043920.0,
2026-05-19,CONFIPET,62.0,66.0,61.69,64.71,3426055.0,
2026-05-20,CONFIPET,64.5,64.84,62.56,63.57,1465081.0,
2026-05-21,CONFIPET,63.6,64.2,57.22,58.6,5195387.0,
2026-05-22,CONFIPET,59.68,60.3,57.0,57.51,2484732.0,
2026-05-25,CONFIPET,57.78,61.99,56.76,61.22,2945450.0,
2026-05-26,CONFIPET,61.15,64.28,61.0,63.67,2009355.0,
2026-05-27,CONFIPET,63.0,65.51,62.51,63.78,1899437.0,
2026-05-29,CONFIPET,63.85,70.15,63.85,67.77,5422010.0,
2026-06-01,CONFIPET,67.5,67.77,62.7,63.47,3374692.0,
2026-06-02,CONFIPET,62.5,69.81,59.95,69.81,4572557.0,
2026-06-03,CONFIPET,70.16,76.79,70.16,76.79,13245255.0,
2026-06-04,CONFIPET,78.0,80.57,74.0,76.89,7910840.0,
2026-06-05,CONFIPET,76.95,79.19,73.31,77.61,3889694.0,
2026-06-08,CONFIPET,77.61,80.0,76.0,77.4,2236361.0,
2026-06-09,CONFIPET,77.0,78.2,75.0,75.5,1574677.0,
2026-06-10,CONFIPET,75.98,75.98,71.61,72.92,3058277.0,
2026-06-11,CONFIPET,72.92,76.0,71.7,72.56,1851024.0,
2026-06-12,CONFIPET,74.0,74.9,69.51,70.42,1773569.0,
2026-06-15,CONFIPET,70.49,72.6,67.5,71.05,1923562.0,
2026-06-16,CONFIPET,71.4,73.38,68.6,69.66,1383732.0,
2026-06-17,CONFIPET,69.6,70.19,67.01,67.64,1524287.0,
2026-06-18,CONFIPET,68.0,73.8,67.55,67.89,2624100.0,
2026-06-19,CONFIPET,68.9,71.04,67.11,70.44,4124933.0,
2026-06-22,CONFIPET,72.5,72.9,68.95,69.2,1190150.0,
2026-06-23,CONFIPET,69.5,70.98,66.3,69.68,2003245.0,
2026-06-24,CONFIPET,69.0,75.0,68.59,73.44,12593883.0,
2026-06-25,CONFIPET,73.8,74.39,71.0,71.87,3302017.0,
2026-06-29,CONFIPET,72.0,73.42,69.52,71.47,4377488.0,
2026-06-30,CONFIPET,71.6,74.7,70.3,73.14,6762907.0,
2026-07-01,CONFIPET,75.25,77.85,74.66,76.89,6505900.0,
2026-07-02,CONFIPET,78.4,80.4,76.38,77.42,4071416.0,
2026-07-03,CONFIPET,77.77,77.77,72.09,74.17,4472397.0,
2026-07-06,CONFIPET,74.48,75.6,72.22,72.97,1169045.0,
2026-07-07,CONFIPET,72.5,72.99,69.61,70.37,1735019.0,
2026-07-08,CONFIPET,69.79,72.88,68.25,69.29,1990573.0,
2026-07-09,CONFIPET,69.39,73.18,69.39,72.32,1331851.0,
2026-07-10,CONFIPET,72.41,77.2,71.82,76.45,3329980.0,
2026-07-13,CONFIPET,75.86,77.8,73.8,75.35,1511454.0,
2026-07-14,CONFIPET,75.35,75.35,72.57,73.62,1652325.0,
2026-07-15,CONFIPET,73.62,76.0,73.01,75.35,1230780.0,
2026-07-16,CONFIPET,75.34,77.0,73.16,75.53,1755867.0,
2026-07-17,CONFIPET,75.99,75.99,71.35,73.12,2135928.0,
2026-07-20,CONFIPET,73.54,77.0,72.39,76.66,3877073.0,
2026-07-21,CONFIPET,77.0,77.0,75.02,75.65,1574754.0,
2026-07-22,CONFIPET,76.4,76.4,74.11,74.76,875846.0,
2026-07-23,CONFIPET,76.49,78.09,73.25,74.45,2971455.0,
2026-07-24,CONFIPET,74.4,79.5,73.5,78.3,3047292.0,
2026-07-27,CONFIPET,79.4,83.0,78.02,81.04,8619919.0,
2026-07-28,CONFIPET,81.7,81.7,76.1,77.49,3344524.0,
2026-07-29,CONFIPET,77.9,79.7,77.09,78.28,1713119.0,
2026-07-30,CONFIPET,79.7,79.7,76.9,78.27,1716785.0,
2026-07-31,CONFIPET,78.27,80.95,77.6,79.66,3040473.0,
2026-08-03,CONFIPET,80.03,84.4,80.0,83.77,5300850.0,
2026-08-04,CONFIPET,84.79,84.79,80.11,82.08,2152778.0,
2026-08-05,CONFIPET,83.3,84.66,81.0,81.8,1874656.0,
2026-08-06,CONFIPET,82.11,82.99,77.77,79.39,1931883.0,
2026-08-07,CONFIPET,79.9,81.5,79.61,81.28,1311439.0,
2026-08-10,CONFIPET,82.0,86.4,81.28,82.74,5858829.0,
2026-08-11,CONFIPET,83.15,86.0,75.18,78.42,15164879.0,
2026-08-12,CONFIPET,78.71,78.91,72.51,73.82,4555642.0,
2026-08-13,CONFIPET,74.1,74.79,72.0,73.8,2498663.0,
2026-08-14,CONFIPET,73.96,73.96,71.56,71.99,1331828.0,
2026-08-17,CONFIPET,72.39,73.39,71.41,72.55,1010011.0,
2026-08-18,CONFIPET,72.7,73.25,69.0,69.9,1806579.0,
2026-08-19,CONFIPET,70.19,73.89,69.92,72.49,3849623.0,
2026-08-20,CONFIPET,73.0,73.64,71.6,72.16,1976323.0,
2026-08-21,CONFIPET,72.46,76.2,71.21,74.8,3819920.0,
2026-08-24,CONFIPET,76.4,76.4,71.75,72.14,3160735.0,
2026-08-25,CONFIPET,73.45,78.42,71.6,77.85,8227545.0,
2026-08-26,CONFIPET,77.8,82.5,77.7,79.69,7543729.0,
2026-08-27,CONFIPET,79.66,80.86,78.22,79.01,2291261.0,
2026-08-28,CONFIPET,78.9,80.6,78.16,79.87,1407583.0,
2026-08-31,CONFIPET,79.85,83.4,79.1,81.37,3471549.0,
2026-09-01,CONFIPET,81.9,81.9,78.6,80.34,1499783.0,
2026-09-02,CONFIPET,80.11,84.4,78.85,82.55,5113322.0,
2026-09-03,CONFIPET,82.55,88.27,82.0,84.28,7328054.0,
2026-09-04,CONFIPET,84.7,85.3,82.0,82.48,2371168.0,
2026-09-07,CONFIPET,82.48,85.2,82.0,82.18,2942312.0,
2026-09-08,CONFIPET,82.88,85.0,82.0,82.49,3653848.0,
2026-09-09,CONFIPET,82.98,91.3,82.98,90.66,15689882.0,
2026-09-10,CONFIPET,90.95,90.95,87.01,87.84,3216537.0,
2026-09-11,CONFIPET,87.79,90.5,86.95,89.22,4722048.0,
2026-09-15,CONFIPET,90.2,91.65,84.1,86.1,4869333.0,
2026-09-16,CONFIPET,85.0,88.0,82.1,86.58,2646137.0,
2026-09-17,CONFIPET,86.5,88.59,85.5,86.76,1445669.0,
2026-09-18,CONFIPET,87.25,92.61,86.71,91.95,5542393.0,
2026-09-21,CONFIPET,92.01,93.2,87.62,88.96,3635567.0,
2026-09-22,CONFIPET,88.92,90.54,86.3,86.76,1813161.0,
2026-09-23,CONFIPET,87.39,92.75,86.77,89.12,5623265.0,
2026-09-24,CONFIPET,88.8,90.43,85.41,86.29,2532139.0,
2025-09-10,DIAMONDYD,1041.9,1056.0,976.1,1003.45,268495.0,
2025-09-11,DIAMONDYD,1004.0,1062.85,994.7,1057.55,175437.0,
2025-09-12,DIAMONDYD,1057.55,1068.8,1024.0,1051.55,135104.0,
2025-09-15,DIAMONDYD,1052.45,1067.2,1045.8,1063.2,34688.0,
2025-09-16,DIAMONDYD,1059.65,1068.6,1044.15,1051.55,27095.0,
2025-09-17,DIAMONDYD,1056.0,1060.95,1003.05,1033.05,163738.0,
2025-09-18,DIAMONDYD,1038.15,1038.2,1015.0,1021.4,80395.0,
2025-09-19,DIAMONDYD,1028.0,1065.95,1020.35,1035.85,153996.0,
2025-09-22,DIAMONDYD,1028.0,1046.5,1009.95,1016.95,58180.0,
2025-09-23,DIAMONDYD,1016.0,1018.95,998.0,1004.5,39756.0,
2025-09-24,DIAMONDYD,1006.0,1038.0,995.95,1034.55,124334.0,
2025-09-25,DIAMONDYD,1035.0,1035.0,1010.0,1012.75,60150.0,
2025-09-26,DIAMONDYD,1002.6,1009.45,990.0,990.55,41784.0,
2025-09-29,DIAMONDYD,990.55,1025.0,974.55,1003.25,92086.0,
2025-09-30,DIAMONDYD,1003.25,1058.45,986.0,1034.35,222969.0,
2025-10-01,DIAMONDYD,1025.8,1033.8,1006.2,1023.8,32829.0,
2025-10-03,DIAMONDYD,1016.9,1028.3,1013.5,1017.8,22622.0,
2025-10-06,DIAMONDYD,1022.8,1022.8,1007.6,1016.2,28961.0,
2025-10-07,DIAMONDYD,1022.9,1026.7,1008.2,1011.6,55130.0,
2025-10-08,DIAMONDYD,1015.0,1026.1,1007.0,1015.4,28141.0,
2025-10-09,DIAMONDYD,1019.5,1021.8,1008.5,1015.4,13356.0,
2025-10-10,DIAMONDYD,1013.4,1018.7,1007.3,1015.0,28137.0,
2025-10-13,DIAMONDYD,1022.0,1022.6,981.4,1005.9,98907.0,
2025-10-14,DIAMONDYD,1015.0,1031.2,1012.0,1014.2,35796.0,
2025-10-15,DIAMONDYD,1019.3,1058.0,1007.0,1045.3,658621.0,
2025-10-16,DIAMONDYD,1040.0,1064.7,1038.1,1058.4,76967.0,
2025-10-17,DIAMONDYD,1060.5,1068.3,1035.5,1045.9,35965.0,
2025-10-20,DIAMONDYD,1052.7,1052.7,1037.5,1045.8,25152.0,
2025-10-21,DIAMONDYD,1052.9,1069.9,1031.6,1055.5,84194.0,
2025-10-23,DIAMONDYD,1063.8,1065.0,1045.6,1058.8,42868.0,
2025-10-24,DIAMONDYD,1060.5,1060.5,1035.0,1037.5,42598.0,
2025-10-27,DIAMONDYD,1042.4,1069.8,1041.9,1057.7,55369.0,
2025-10-28,DIAMONDYD,1057.7,1062.5,1048.5,1052.8,35929.0,
2025-10-29,DIAMONDYD,1053.0,1070.0,1050.0,1062.1,33067.0,
2025-10-30,DIAMONDYD,1062.0,1065.0,1041.1,1056.9,66566.0,
2025-10-31,DIAMONDYD,1058.8,1100.0,1056.9,1087.5,160621.0,
2025-11-03,DIAMONDYD,1093.0,1110.9,1070.1,1105.3,94799.0,
2025-11-04,DIAMONDYD,1102.0,1119.9,1080.0,1112.2,185658.0,
2025-11-06,DIAMONDYD,1148.2,1152.2,1080.0,1091.6,161732.0,
2025-11-07,DIAMONDYD,1085.1,1103.3,1065.2,1083.4,87340.0,
2025-11-10,DIAMONDYD,1083.4,1094.1,1070.0,1075.3,22844.0,
2025-11-11,DIAMONDYD,1076.3,1080.0,1054.3,1067.8,44201.0,
2025-11-12,DIAMONDYD,1060.0,1095.1,1059.9,1078.1,20818.0,
2025-11-13,DIAMONDYD,1082.4,1083.8,1065.0,1065.5,25144.0,
2025-11-14,DIAMONDYD,1065.5,1079.5,1058.9,1064.3,14860.0,
2025-11-17,DIAMONDYD,1065.4,1072.0,1056.1,1061.0,23184.0,
2025-11-18,DIAMONDYD,1059.9,1064.7,1030.0,1047.5,75257.0,
2025-11-19,DIAMONDYD,1048.2,1053.3,1040.0,1046.7,26973.0,
2025-11-20,DIAMONDYD,1047.7,1054.5,1040.0,1040.7,18428.0,
2025-11-21,DIAMONDYD,1041.0,1042.6,1030.0,1030.8,13399.0,
2025-11-24,DIAMONDYD,1016.0,1030.0,997.4,1005.4,23529.0,
2025-11-25,DIAMONDYD,1005.4,1016.2,1000.1,1003.4,21022.0,
2025-11-26,DIAMONDYD,1004.4,1047.9,1004.4,1040.9,58466.0,
2025-11-27,DIAMONDYD,1051.3,1094.3,1033.4,1083.3,69748.0,
2025-11-28,DIAMONDYD,1088.0,1109.0,1078.1,1089.1,58866.0,
2025-12-01,DIAMONDYD,1090.0,1104.0,1070.0,1088.5,38660.0,
2025-12-02,DIAMONDYD,1080.6,1088.9,1055.0,1076.9,48665.0,
2025-12-03,DIAMONDYD,1075.0,1086.0,1055.1,1078.5,25892.0,
2025-12-04,DIAMONDYD,1080.1,1093.6,1060.1,1068.4,43732.0,
2025-12-05,DIAMONDYD,1069.5,1091.0,1063.9,1085.8,72707.0,
2025-12-08,DIAMONDYD,1085.8,1100.0,1049.6,1056.3,71914.0,
2025-12-09,DIAMONDYD,1050.0,1053.1,1024.4,1039.3,92605.0,
2025-12-10,DIAMONDYD,1042.7,1064.8,1020.5,1029.6,60766.0,
2025-12-11,DIAMONDYD,1030.5,1090.0,1030.5,1085.6,107439.0,
2025-12-12,DIAMONDYD,1085.6,1099.0,1076.2,1088.6,89657.0,
2025-12-15,DIAMONDYD,1083.2,1108.6,1076.1,1103.4,81452.0,
2025-12-16,DIAMONDYD,1101.0,1106.4,1083.9,1099.5,105672.0,
2025-12-17,DIAMONDYD,1098.0,1107.4,1072.0,1092.7,56398.0,
2025-12-18,DIAMONDYD,1091.4,1097.1,1084.6,1088.4,22631.0,
2025-12-19,DIAMONDYD,1088.8,1149.0,1086.0,1134.5,78656.0,
2025-12-22,DIAMONDYD,1150.9,1208.6,1150.9,1169.4,258520.0,
2025-12-23,DIAMONDYD,1155.0,1190.0,1155.0,1177.4,72327.0,
2025-12-24,DIAMONDYD,1188.0,1192.0,1169.9,1174.0,58943.0,
2025-12-26,DIAMONDYD,1161.0,1187.8,1161.0,1174.8,30146.0,
2025-12-29,DIAMONDYD,1174.9,1182.0,1170.2,1173.9,22557.0,
2025-12-30,DIAMONDYD,1163.0,1179.9,1163.0,1175.3,14262.0,
2025-12-31,DIAMONDYD,1185.0,1192.0,1172.7,1184.4,54160.0,
2026-01-01,DIAMONDYD,1181.9,1223.4,1181.9,1218.0,136744.0,
2026-01-02,DIAMONDYD,1221.0,1221.5,1180.0,1203.6,80710.0,
2026-01-05,DIAMONDYD,1203.6,1203.6,1179.0,1186.2,25074.0,
2026-01-06,DIAMONDYD,1188.0,1205.0,1171.1,1195.1,32246.0,
2026-01-07,DIAMONDYD,1200.6,1205.0,1183.5,1196.4,36814.0,
2026-01-08,DIAMONDYD,1215.0,1215.0,1165.2,1169.5,49179.0,
2026-01-09,DIAMONDYD,1169.5,1183.4,1165.2,1166.0,30918.0,
2026-01-12,DIAMONDYD,1166.0,1166.0,1120.0,1142.3,55729.0,
2026-01-13,DIAMONDYD,1138.0,1157.4,1118.0,1151.5,96905.0,
2026-01-14,DIAMONDYD,1148.6,1154.3,1135.0,1145.9,32624.0,
2026-01-16,DIAMONDYD,1134.4,1155.0,1125.1,1148.4,18963.0,
2026-01-19,DIAMONDYD,1148.4,1149.5,1114.1,1122.0,96840.0,
2026-01-20,DIAMONDYD,1127.6,1128.6,1099.3,1111.0,48606.0,
2026-01-21,DIAMONDYD,1102.6,1114.6,1071.0,1096.4,63091.0,
2026-01-22,DIAMONDYD,1112.0,1117.0,1081.1,1101.3,29979.0,
2026-01-23,DIAMONDYD,1111.0,1111.0,1068.0,1083.3,39894.0,
2026-01-27,DIAMONDYD,1088.8,1090.0,1052.1,1067.3,52916.0,
2026-01-28,DIAMONDYD,1065.1,1110.6,1065.1,1107.9,23009.0,
2026-01-29,DIAMONDYD,1097.9,1145.5,1085.0,1136.8,13209.0,
2026-01-30,DIAMONDYD,1134.0,1140.5,1112.0,1119.1,21481.0,
2026-02-02,DIAMONDYD,1099.5,1099.5,1064.4,1087.2,14873.0,
2026-02-03,DIAMONDYD,1105.0,1134.8,1085.7,1125.0,22189.0,
2026-02-04,DIAMONDYD,1125.0,1136.0,1111.0,1119.4,11209.0,
2026-02-05,DIAMONDYD,1122.4,1122.4,1077.3,1102.7,61802.0,
2026-02-06,DIAMONDYD,1108.3,1116.0,1084.8,1102.5,13797.0,
2026-02-09,DIAMONDYD,1117.0,1155.0,1060.0,1089.0,108234.0,
2026-02-10,DIAMONDYD,1092.8,1108.4,1066.9,1091.2,24511.0,
2026-02-11,DIAMONDYD,1096.6,1096.9,1072.0,1079.0,21401.0,
2026-02-12,DIAMONDYD,1071.3,1084.0,1062.1,1079.2,7312.0,
2026-02-13,DIAMONDYD,1076.7,1079.9,1066.0,1073.7,23533.0,
2026-02-16,DIAMONDYD,1077.0,1083.5,1070.0,1075.3,9812.0,
2026-02-17,DIAMONDYD,1071.0,1079.8,1063.2,1074.3,15763.0,
2026-02-18,DIAMONDYD,1080.3,1090.4,1069.3,1079.6,29229.0,
2026-02-19,DIAMONDYD,1080.7,1098.1,1077.5,1083.4,11067.0,
2026-02-20,DIAMONDYD,1072.9,1084.5,1067.1,1077.5,13264.0,
2026-02-23,DIAMONDYD,1081.8,1098.0,1068.7,1073.9,15380.0,
2026-02-24,DIAMONDYD,1075.0,1083.0,1063.5,1073.8,9873.0,
2026-02-25,DIAMONDYD,1074.0,1085.0,1066.5,1073.0,16003.0,
2026-02-26,DIAMONDYD,1069.8,1075.0,1061.4,1070.2,13625.0,
2026-02-27,DIAMONDYD,1086.3,1086.3,1065.0,1075.1,25562.0,
2026-03-02,DIAMONDYD,1050.0,1059.9,1005.0,1017.4,29077.0,
2026-03-04,DIAMONDYD,1017.4,1026.7,992.2,1017.4,15276.0,
2026-03-05,DIAMONDYD,1017.5,1024.7,990.9,1010.3,54989.0,
2026-03-06,DIAMONDYD,1010.2,1044.7,985.0,989.6,313869.0,
2026-03-09,DIAMONDYD,981.5,995.0,950.2,956.6,15123.0,
2026-03-10,DIAMONDYD,964.8,998.7,949.8,994.9,43146.0,
2026-03-11,DIAMONDYD,990.0,999.6,976.6,979.6,15768.0,
2026-03-12,DIAMONDYD,984.5,988.5,950.0,956.0,41915.0,
2026-03-13,DIAMONDYD,955.0,980.0,940.0,944.4,40439.0,
2026-03-16,DIAMONDYD,931.1,946.8,906.8,914.7,38588.0,
2026-03-17,DIAMONDYD,914.7,938.7,909.1,917.5,72411.0,
2026-03-18,DIAMONDYD,918.0,951.5,916.1,936.2,61014.0,
2026-03-19,DIAMONDYD,923.0,925.0,902.7,913.7,28058.0,
2026-03-20,DIAMONDYD,922.0,936.2,899.2,908.0,62148.0,
2026-03-23,DIAMONDYD,889.9,906.0,860.7,879.2,63592.0,
2026-03-24,DIAMONDYD,900.0,920.0,873.0,883.3,21661.0,
2026-03-25,DIAMONDYD,875.3,914.0,863.0,905.8,26846.0,
2026-03-27,DIAMONDYD,896.8,943.5,858.9,931.8,380650.0,
2026-03-30,DIAMONDYD,921.4,1030.0,898.1,1012.0,179015.0,
2026-04-01,DIAMONDYD,992.0,1032.9,960.0,968.5,42587.0,
2026-04-02,DIAMONDYD,968.5,985.2,940.1,955.5,20755.0,
2026-04-06,DIAMONDYD,955.3,973.8,939.2,949.2,9026.0,
2026-04-07,DIAMONDYD,945.6,979.7,937.7,972.6,11050.0,
2026-04-08,DIAMONDYD,1025.0,1025.0,982.5,995.9,16588.0,
2026-04-09,DIAMONDYD,992.0,1025.0,980.3,1007.8,9766.0,
2026-04-10,DIAMONDYD,1007.8,1013.4,993.0,994.4,5176.0,
2026-04-13,DIAMONDYD,1009.3,1009.3,950.0,952.9,32854.0,
2026-04-15,DIAMONDYD,973.0,986.0,942.0,954.0,88404.0,
2026-04-16,DIAMONDYD,958.5,967.0,926.6,952.5,127241.0,
2026-04-17,DIAMONDYD,958.0,998.7,945.4,974.0,99757.0,
2026-04-20,DIAMONDYD,965.0,995.6,961.0,992.9,32609.0,
2026-04-21,DIAMONDYD,1011.9,1011.9,976.0,983.5,14523.0,
2026-04-22,DIAMONDYD,983.5,991.8,971.2,978.6,8725.0,
2026-04-23,DIAMONDYD,980.9,1042.0,973.0,1022.5,38950.0,
2026-04-24,DIAMONDYD,1022.5,1028.9,985.0,992.4,16404.0,
2026-04-27,DIAMONDYD,992.4,1010.1,985.0,1002.6,26056.0,
2026-04-28,DIAMONDYD,1025.0,1058.8,1000.0,1008.0,146926.0,
2026-04-29,DIAMONDYD,1008.0,1009.8,995.4,1006.1,12612.0,
2026-04-30,DIAMONDYD,1006.1,1006.1,986.0,995.5,11826.0,
2026-05-04,DIAMONDYD,1003.4,1010.8,981.0,984.85,8135.0,
2026-05-05,DIAMONDYD,989.8,990.15,973.1,982.65,6182.0,
2026-05-06,DIAMONDYD,982.85,1022.9,976.9,1014.85,20682.0,
2026-05-07,DIAMONDYD,1009.15,1014.8,988.8,1009.45,17237.0,
2026-05-08,DIAMONDYD,994.3,1020.0,989.35,1009.15,16922.0,
2026-05-11,DIAMONDYD,989.05,1008.9,984.05,1000.7,6453.0,
2026-05-12,DIAMONDYD,994.9,994.9,975.0,975.1,21778.0,
2026-05-13,DIAMONDYD,980.0,1030.0,967.6,1003.45,26374.0,
2026-05-14,DIAMONDYD,1018.6,1020.25,993.0,1001.5,12724.0,
2026-05-15,DIAMONDYD,992.55,1009.0,991.1,1004.35,20841.0,
2026-05-18,DIAMONDYD,994.3,994.3,967.6,979.2,10886.0,
2026-05-19,DIAMONDYD,979.2,992.95,970.4,977.65,3650.0,
2026-05-20,DIAMONDYD,976.0,985.6,965.0,977.7,2531.0,
2026-05-21,DIAMONDYD,972.85,997.85,972.85,983.2,5681.0,
2026-05-22,DIAMONDYD,980.55,985.9,974.0,980.1,5810.0,
2026-05-25,DIAMONDYD,988.3,994.5,971.1,980.0,12246.0,
2026-05-26,DIAMONDYD,971.8,1128.7,971.05,1110.7,1881052.0,
2026-05-27,DIAMONDYD,1117.15,1150.0,1080.0,1144.65,417252.0,
2026-05-29,DIAMONDYD,1130.6,1156.85,1105.0,1106.8,46723.0,
2026-06-01,DIAMONDYD,1108.0,1128.3,1089.8,1103.0,62734.0,
2026-06-02,DIAMONDYD,1098.6,1098.6,1067.1,1087.1,49277.0,
2026-06-03,DIAMONDYD,1085.0,1212.5,1069.4,1186.6,173024.0,
2026-06-04,DIAMONDYD,1200.0,1200.0,1150.2,1165.8,58090.0,
2026-06-05,DIAMONDYD,1165.8,1169.4,1138.4,1165.9,49264.0,
2026-06-08,DIAMONDYD,1150.0,1160.1,1125.0,1128.1,13227.0,
2026-06-09,DIAMONDYD,1130.0,1146.9,1130.0,1132.3,9660.0,
2026-06-10,DIAMONDYD,1132.2,1136.9,1125.0,1126.3,5123.0,
2026-06-11,DIAMONDYD,1128.9,1132.8,1105.0,1121.3,32836.0,
2026-06-12,DIAMONDYD,1125.0,1142.3,1112.6,1129.4,14618.0,
2026-06-15,DIAMONDYD,1136.5,1160.1,1107.5,1116.0,17233.0,
2026-06-16,DIAMONDYD,1117.1,1139.3,1114.9,1128.6,14497.0,
2026-06-17,DIAMONDYD,1124.2,1140.0,1110.0,1116.6,15094.0,
2026-06-18,DIAMONDYD,1113.3,1135.9,1113.3,1124.8,25830.0,
2026-06-19,DIAMONDYD,1125.0,1149.0,1111.4,1135.7,20067.0,
2026-06-22,DIAMONDYD,1130.0,1133.6,1100.6,1106.5,21771.0,
2026-06-23,DIAMONDYD,1106.5,1129.7,1090.0,1110.5,32362.0,
2026-06-24,DIAMONDYD,1102.2,1108.4,1087.4,1099.2,26992.0,
2026-06-25,DIAMONDYD,1111.3,1142.0,1082.0,1130.2,56430.0,
2026-06-29,DIAMONDYD,1135.8,1149.8,1100.3,1115.9,16133.0,
2026-06-30,DIAMONDYD,1117.0,1158.0,1116.0,1150.6,33451.0,
2026-07-01,DIAMONDYD,1164.4,1164.4,1125.0,1130.8,7654.0,
2026-07-02,DIAMONDYD,1135.3,1200.9,1131.5,1192.2,156709.0,
2026-07-03,DIAMONDYD,1219.0,1219.0,1187.1,1204.7,57334.0,
2026-07-06,DIAMONDYD,1204.7,1208.0,1180.3,1197.5,16857.0,
2026-07-07,DIAMONDYD,1207.1,1228.9,1185.1,1225.1,54620.0,
2026-07-08,DIAMONDYD,1220.1,1222.9,1180.0,1190.7,30769.0,
2026-07-09,DIAMONDYD,1190.7,1212.0,1185.9,1198.3,21078.0,
2026-07-10,DIAMONDYD,1193.2,1218.5,1184.2,1190.8,27468.0,
2026-07-13,DIAMONDYD,1173.1,1205.1,1163.3,1197.1,10295.0,
2026-07-14,DIAMONDYD,1193.6,1200.9,1185.7,1195.8,7808.0,
2026-07-15,DIAMONDYD,1198.6,1198.7,1171.8,1181.3,8882.0,
2026-07-16,DIAMONDYD,1182.5,1199.5,1171.2,1184.7,13953.0,
2026-07-17,DIAMONDYD,1178.8,1196.9,1153.0,1176.9,25563.0,
2026-07-20,DIAMONDYD,1176.9,1182.9,1147.5,1155.7,11806.0,
2026-07-21,DIAMONDYD,1149.2,1167.4,1133.3,1148.9,27693.0,
2026-07-22,DIAMONDYD,1148.0,1149.7,1122.6,1132.0,7836.0,
2026-07-23,DIAMONDYD,1129.8,1133.7,1106.6,1114.7,6837.0,
2026-07-24,DIAMONDYD,1109.8,1120.9,1100.8,1111.4,4707.0,
2026-07-27,DIAMONDYD,1111.4,1122.8,1080.5,1097.6,17731.0,
2026-07-28,DIAMONDYD,1096.5,1098.0,1062.3,1073.5,13571.0,
2026-07-29,DIAMONDYD,1092.0,1133.9,1070.0,1126.6,27901.0,
2026-07-30,DIAMONDYD,1115.9,1129.8,1098.6,1125.2,16535.0,
2026-07-31,DIAMONDYD,1122.3,1171.2,1111.0,1159.5,19008.0,
2026-08-03,DIAMONDYD,1199.0,1199.0,1102.1,1163.8,412833.0,
2026-08-04,DIAMONDYD,1169.8,1180.0,1134.1,1171.5,18608.0,
2026-08-05,DIAMONDYD,1177.0,1192.8,1151.6,1174.2,270599.0,
2026-08-06,DIAMONDYD,1189.0,1194.0,1164.1,1166.2,14509.0,
2026-08-07,DIAMONDYD,1170.0,1239.0,1150.1,1227.4,445495.0,
2026-08-10,DIAMONDYD,1229.8,1242.3,1198.0,1206.4,56046.0,
2026-08-11,DIAMONDYD,1206.4,1245.0,1175.1,1207.5,86787.0,
2026-08-12,DIAMONDYD,1229.0,1229.0,1175.5,1192.6,27823.0,
2026-08-13,DIAMONDYD,1192.8,1196.6,1171.8,1184.2,11928.0,
2026-08-14,DIAMONDYD,1187.8,1195.0,1167.1,1191.4,19266.0,
2026-08-17,DIAMONDYD,1191.4,1199.9,1161.2,1190.4,14506.0,
2026-08-18,DIAMONDYD,1193.8,1203.8,1180.9,1193.8,11074.0,
2026-08-19,DIAMONDYD,1199.8,1199.8,1161.8,1179.2,10918.0,
2026-08-20,DIAMONDYD,1181.2,1189.9,1167.1,1175.0,8151.0,
2026-08-21,DIAMONDYD,1179.3,1192.6,1165.9,1179.3,17705.0,
2026-08-24,DIAMONDYD,1179.3,1185.3,1168.3,1176.5,4032.0,
2026-08-25,DIAMONDYD,1180.1,1190.3,1156.0,1165.2,15819.0,
2026-08-26,DIAMONDYD,1169.3,1180.9,1155.4,1167.3,14849.0,
2026-08-27,DIAMONDYD,1168.2,1187.2,1158.4,1175.0,35814.0,
2026-08-28,DIAMONDYD,1170.1,1175.9,1150.0,1162.8,11325.0,
2026-08-31,DIAMONDYD,1163.4,1163.4,1139.7,1147.1,14535.0,
2026-09-01,DIAMONDYD,1147.1,1160.1,1127.6,1144.8,27059.0,
2026-09-02,DIAMONDYD,1135.0,1169.9,1102.3,1155.2,7145.0,
2026-09-03,DIAMONDYD,1158.5,1163.8,1144.0,1159.8,22884.0,
2026-09-04,DIAMONDYD,1162.3,1162.3,1147.6,1158.3,5787.0,
2026-09-07,DIAMONDYD,1162.2,1168.3,1130.0,1142.2,23661.0,
2026-09-08,DIAMONDYD,1148.7,1168.3,1125.0,1129.3,30348.0,
2026-09-09,DIAMONDYD,1128.6,1131.4,1113.9,1123.6,4765.0,
2026-09-10,DIAMONDYD,1123.6,1126.8,1101.6,1115.6,14173.0,
2026-09-11,DIAMONDYD,1108.5,1110.0,1093.0,1108.4,6366.0,
2026-09-15,DIAMONDYD,1114.5,1150.0,1076.3,1107.4,11209.0,
2026-09-16,DIAMONDYD,1097.3,1119.9,1088.8,1102.2,6122.0,
2026-09-17,DIAMONDYD,1096.6,1106.3,1096.6,1100.4,5714.0,
2026-09-18,DIAMONDYD,1107.0,1122.0,1079.2,1088.1,15018.0,
2026-09-21,DIAMONDYD,1088.2,1107.7,1068.0,1099.3,14344.0,
2026-09-22,DIAMONDYD,1110.8,1110.8,1089.3,1090.3,3469.0,
2026-09-23,DIAMONDYD,1113.3,1114.3,1080.3,1088.0,4080.0,
2026-09-24,DIAMONDYD,1100.6,1100.6,1053.1,1065.3,8496.0,
2025-09-10,DOLLAR,359.15,363.3,359.15,361.65,73105.0,
2025-09-11,DOLLAR,362.55,366.2,360.15,361.55,129960.0,
2025-09-12,DOLLAR,362.9,365.0,359.2,364.4,96557.0,
2025-09-15,DOLLAR,362.25,384.4,361.6,376.2,160401.0,
2025-09-16,DOLLAR,376.1,390.8,375.25,387.5,115889.0,
2025-09-17,DOLLAR,389.0,391.8,377.1,379.7,54132.0,
2025-09-18,DOLLAR,381.85,383.5,376.35,377.8,41780.0,
2025-09-19,DOLLAR,378.8,385.0,377.3,379.3,40327.0,
2025-09-22,DOLLAR,378.9,378.9,372.0,373.55,37228.0,
2025-09-23,DOLLAR,374.0,377.0,367.85,369.6,78020.0,
2025-09-24,DOLLAR,369.4,373.2,368.65,369.5,44813.0,
2025-09-25,DOLLAR,368.75,372.9,368.0,369.7,73542.0,
2025-09-26,DOLLAR,370.6,373.15,363.65,366.65,40920.0,
2025-09-29,DOLLAR,376.0,396.0,361.3,366.0,761731.0,
2025-09-30,DOLLAR,370.0,372.75,362.2,367.25,29182.0,
2025-10-01,DOLLAR,369.8,373.9,363.3,372.35,77840.0,
2025-10-03,DOLLAR,373.0,374.45,368.55,372.75,29162.0,
2025-10-06,DOLLAR,370.25,372.75,366.3,369.7,38345.0,
2025-10-07,DOLLAR,368.0,369.4,365.35,366.75,32787.0,
2025-10-08,DOLLAR,366.8,367.6,361.85,363.1,32782.0,
2025-10-09,DOLLAR,364.35,364.4,361.65,362.6,19094.0,
2025-10-10,DOLLAR,363.5,364.5,361.45,362.3,28970.0,
2025-10-13,DOLLAR,361.0,361.0,355.85,358.35,29875.0,
2025-10-14,DOLLAR,359.3,359.9,353.0,355.2,30730.0,
2025-10-15,DOLLAR,356.6,359.7,352.65,356.2,43629.0,
2025-10-16,DOLLAR,356.6,364.25,356.05,360.05,108758.0,
2025-10-17,DOLLAR,360.0,360.15,355.25,358.0,17043.0,
2025-10-20,DOLLAR,360.0,360.0,351.55,355.75,67562.0,
2025-10-21,DOLLAR,354.05,359.5,353.0,355.5,13911.0,
2025-10-23,DOLLAR,358.95,360.0,355.0,357.55,39165.0,
2025-10-24,DOLLAR,358.2,359.7,356.2,358.65,26862.0,
2025-10-27,DOLLAR,367.7,367.7,355.85,359.0,51359.0,
2025-10-28,DOLLAR,357.0,360.3,357.0,357.25,15186.0,
2025-10-29,DOLLAR,359.0,359.6,355.9,358.3,16632.0,
2025-10-30,DOLLAR,359.3,359.8,357.0,358.55,22798.0,
2025-10-31,DOLLAR,358.9,359.9,356.15,358.1,23159.0,
2025-11-03,DOLLAR,355.15,358.8,352.1,354.1,39461.0,
2025-11-04,DOLLAR,354.1,358.6,353.5,354.6,34065.0,
2025-11-06,DOLLAR,353.6,355.0,345.7,347.0,83648.0,
2025-11-07,DOLLAR,347.0,347.0,341.8,342.85,58903.0,
2025-11-10,DOLLAR,342.3,347.25,341.4,343.25,28311.0,
2025-11-11,DOLLAR,343.25,344.95,337.1,339.45,39268.0,
2025-11-12,DOLLAR,341.0,350.2,340.05,349.25,36874.0,
2025-11-13,DOLLAR,351.2,356.0,346.5,348.25,71396.0,
2025-11-14,DOLLAR,374.0,385.0,358.1,366.2,1066598.0,
2025-11-17,DOLLAR,368.0,379.7,366.1,368.7,120487.0,
2025-11-18,DOLLAR,367.9,367.9,360.4,363.8,49678.0,
2025-11-19,DOLLAR,364.8,364.8,357.5,359.4,40062.0,
2025-11-20,DOLLAR,363.0,371.0,358.25,368.5,72071.0,
2025-11-21,DOLLAR,366.7,371.0,363.55,365.2,74601.0,
2025-11-24,DOLLAR,363.55,368.65,352.05,354.2,25300.0,
2025-11-25,DOLLAR,357.6,357.6,351.35,354.8,18850.0,
2025-11-26,DOLLAR,357.0,361.25,353.2,353.9,38729.0,
2025-11-27,DOLLAR,354.2,356.6,347.5,348.9,88173.0,
2025-11-28,DOLLAR,346.1,349.55,344.9,345.4,37475.0,
2025-12-01,DOLLAR,346.4,348.0,338.0,338.7,50131.0,
2025-12-02,DOLLAR,338.45,339.25,334.0,337.45,36636.0,
2025-12-03,DOLLAR,337.45,341.55,335.2,339.75,38922.0,
2025-12-04,DOLLAR,338.8,344.7,336.35,337.95,22725.0,
2025-12-05,DOLLAR,337.0,344.0,332.1,338.95,96101.0,
2025-12-08,DOLLAR,342.1,342.15,332.7,335.65,34526.0,
2025-12-09,DOLLAR,336.0,340.0,331.8,337.4,31955.0,
2025-12-10,DOLLAR,335.6,342.7,334.2,338.7,37018.0,
2025-12-11,DOLLAR,336.4,347.0,335.75,346.05,28161.0,
2025-12-12,DOLLAR,341.0,355.05,341.0,351.65,42709.0,
2025-12-15,DOLLAR,351.65,361.5,348.15,357.15,34038.0,
2025-12-16,DOLLAR,357.15,366.0,354.25,360.1,57190.0,
2025-12-17,DOLLAR,359.05,369.8,359.0,367.15,115384.0,
2025-12-18,DOLLAR,367.0,367.85,358.0,360.65,39486.0,
2025-12-19,DOLLAR,362.0,366.0,359.1,363.35,19714.0,
2025-12-22,DOLLAR,360.2,368.75,360.2,364.25,39430.0,
2025-12-23,DOLLAR,364.0,367.0,363.1,365.45,25044.0,
2025-12-24,DOLLAR,365.45,368.0,362.9,364.85,30825.0,
2025-12-26,DOLLAR,364.0,367.7,357.4,358.45,29245.0,
2025-12-29,DOLLAR,357.0,360.65,355.05,358.6,26243.0,
2025-12-30,DOLLAR,357.1,358.45,346.6,348.95,58729.0,
2025-12-31,DOLLAR,352.0,353.75,349.05,351.35,34657.0,
2026-01-01,DOLLAR,351.9,354.4,347.5,349.5,76890.0,
2026-01-02,DOLLAR,349.9,355.0,348.3,353.9,76029.0,
2026-01-05,DOLLAR,350.35,355.0,345.25,347.0,28558.0,
2026-01-06,DOLLAR,345.0,349.85,342.1,347.2,22891.0,
2026-01-07,DOLLAR,344.0,349.15,344.0,347.85,25372.0,
2026-01-08,DOLLAR,344.35,349.75,340.05,341.65,25038.0,
2026-01-09,DOLLAR,340.1,343.9,333.25,335.0,38779.0,
2026-01-12,DOLLAR,335.0,337.25,328.8,334.05,34107.0,
2026-01-13,DOLLAR,331.2,337.9,330.9,333.65,20946.0,
2026-01-14,DOLLAR,331.15,336.7,331.15,335.2,10013.0,
2026-01-16,DOLLAR,334.1,336.65,331.0,331.85,17756.0,
2026-01-19,DOLLAR,330.0,340.0,326.1,331.1,19696.0,
2026-01-20,DOLLAR,330.5,335.95,314.1,317.7,40338.0,
2026-01-21,DOLLAR,312.2,322.0,312.0,315.7,40051.0,
2026-01-22,DOLLAR,316.55,325.0,315.55,323.0,32452.0,
2026-01-23,DOLLAR,317.0,323.5,310.0,313.7,58876.0,
2026-01-27,DOLLAR,311.0,315.25,306.0,308.65,27118.0,
2026-01-28,DOLLAR,308.5,315.85,308.5,312.7,36443.0,
2026-01-29,DOLLAR,312.5,313.2,308.3,312.0,14666.0,
2026-01-30,DOLLAR,312.0,317.45,308.8,314.3,33158.0,
2026-02-02,DOLLAR,315.55,319.6,310.05,318.2,31756.0,
2026-02-03,DOLLAR,335.0,345.15,326.95,331.25,79629.0,
2026-02-04,DOLLAR,335.8,338.95,331.65,335.2,102704.0,
2026-02-05,DOLLAR,335.5,338.75,325.95,327.65,51371.0,
2026-02-06,DOLLAR,327.95,330.1,322.1,327.7,30363.0,
2026-02-09,DOLLAR,329.3,334.5,328.6,330.45,57417.0,
2026-02-10,DOLLAR,329.0,337.0,329.0,333.85,81083.0,
2026-02-11,DOLLAR,332.4,342.0,330.4,335.05,59877.0,
2026-02-12,DOLLAR,320.0,328.95,304.6,312.05,362798.0,
2026-02-13,DOLLAR,307.0,313.4,307.0,309.5,79125.0,
2026-02-16,DOLLAR,305.6,308.55,302.05,304.9,52836.0,
2026-02-17,DOLLAR,302.4,317.4,302.4,314.35,54231.0,
2026-02-18,DOLLAR,314.0,315.45,310.1,312.0,42273.0,
2026-02-19,DOLLAR,307.1,312.0,303.1,304.95,84473.0,
2026-02-20,DOLLAR,305.05,305.3,300.3,301.45,55200.0,
2026-02-23,DOLLAR,302.9,307.0,297.65,302.4,32366.0,
2026-02-24,DOLLAR,299.0,300.0,293.5,294.8,47051.0,
2026-02-25,DOLLAR,294.8,297.1,288.0,288.35,87897.0,
2026-02-26,DOLLAR,290.0,293.0,285.65,288.8,73787.0,
2026-02-27,DOLLAR,288.8,298.3,288.8,293.35,39098.0,
2026-03-02,DOLLAR,285.0,289.0,269.5,274.4,203439.0,
2026-03-04,DOLLAR,272.0,272.2,263.7,266.1,93678.0,
2026-03-05,DOLLAR,269.0,274.8,267.85,271.45,160834.0,
2026-03-06,DOLLAR,272.6,275.35,270.0,270.25,69868.0,
2026-03-09,DOLLAR,270.0,270.0,249.4,254.85,164165.0,
2026-03-10,DOLLAR,259.7,262.9,256.4,259.85,68078.0,
2026-03-11,DOLLAR,260.15,264.7,256.55,259.4,132772.0,
2026-03-12,DOLLAR,257.0,262.25,252.9,257.3,43358.0,
2026-03-13,DOLLAR,257.3,258.0,245.55,246.65,138779.0,
2026-03-16,DOLLAR,247.0,249.05,233.55,245.45,120884.0,
2026-03-17,DOLLAR,248.0,255.0,241.9,248.5,31770.0,
2026-03-18,DOLLAR,250.4,266.65,248.0,261.05,105699.0,
2026-03-19,DOLLAR,260.15,260.15,250.0,251.3,70892.0,
2026-03-20,DOLLAR,254.05,266.95,244.9,260.05,169857.0,
2026-03-23,DOLLAR,256.0,256.15,240.1,243.7,73283.0,
2026-03-24,DOLLAR,247.0,254.95,240.2,249.7,100267.0,
2026-03-25,DOLLAR,250.0,259.7,246.05,247.95,163190.0,
2026-03-27,DOLLAR,247.9,247.9,230.0,231.25,160933.0,
2026-03-30,DOLLAR,228.7,229.8,220.5,223.3,127509.0,
2026-04-01,DOLLAR,227.9,244.99,227.2,242.45,128867.0,
2026-04-02,DOLLAR,239.5,254.7,229.26,251.84,116482.0,
2026-04-06,DOLLAR,257.0,257.01,241.6,246.12,168107.0,
2026-04-07,DOLLAR,245.51,252.8,241.1,243.06,284213.0,
2026-04-08,DOLLAR,248.0,256.64,243.84,249.91,213398.0,
2026-04-09,DOLLAR,248.88,252.4,245.35,246.05,120390.0,
2026-04-10,DOLLAR,247.1,257.22,247.1,255.58,175453.0,
2026-04-13,DOLLAR,253.3,278.59,249.01,266.91,514154.0,
2026-04-15,DOLLAR,269.19,277.0,269.19,274.34,144384.0,
2026-04-16,DOLLAR,280.0,280.95,272.0,275.45,118443.0,
2026-04-17,DOLLAR,279.27,279.27,274.56,276.89,48075.0,
2026-04-20,DOLLAR,279.33,279.89,271.2,276.57,46066.0,
2026-04-21,DOLLAR,277.12,278.77,275.0,276.1,34136.0,
2026-04-22,DOLLAR,274.02,276.47,271.81,274.42,51468.0,
2026-04-23,DOLLAR,274.0,329.3,274.0,328.75,8146843.0,
2026-04-24,DOLLAR,335.0,354.4,320.63,337.39,6882583.0,
2026-04-27,DOLLAR,330.11,336.99,310.2,312.7,814931.0,
2026-04-28,DOLLAR,314.0,319.27,301.36,303.95,281291.0,
2026-04-29,DOLLAR,306.6,313.49,302.11,303.85,197466.0,
2026-04-30,DOLLAR,306.0,309.7,295.9,299.8,104120.0,
2026-05-04,DOLLAR,301.2,315.0,300.85,310.55,120447.0,
2026-05-05,DOLLAR,310.8,310.8,302.9,306.6,47367.0,
2026-05-06,DOLLAR,306.9,308.45,296.9,301.45,210271.0,
2026-05-07,DOLLAR,301.75,308.0,298.5,300.3,106458.0,
2026-05-08,DOLLAR,302.0,302.65,292.0,293.4,105108.0,
2026-05-11,DOLLAR,291.75,291.75,283.8,284.85,114789.0,
2026-05-12,DOLLAR,284.3,285.1,274.15,275.8,101888.0,
2026-05-13,DOLLAR,276.8,277.95,271.55,273.75,89649.0,
2026-05-14,DOLLAR,272.35,275.85,264.1,268.1,130373.0,
2026-05-15,DOLLAR,269.1,272.7,264.1,265.45,68762.0,
2026-05-18,DOLLAR,264.95,264.95,255.5,260.35,66231.0,
2026-05-19,DOLLAR,261.65,273.4,261.65,265.15,89363.0,
2026-05-20,DOLLAR,263.1,278.3,261.6,276.45,123324.0,
2026-05-21,DOLLAR,277.9,282.3,273.95,278.45,72200.0,
2026-05-22,DOLLAR,278.45,286.9,275.15,277.05,239820.0,
2026-05-25,DOLLAR,285.0,285.0,268.5,272.3,339042.0,
2026-05-26,DOLLAR,274.0,274.0,261.0,263.7,314522.0,
2026-05-27,DOLLAR,264.5,274.0,263.4,268.8,237598.0,
2026-05-29,DOLLAR,268.8,268.8,263.0,266.2,118872.0,
2026-06-01,DOLLAR,267.7,268.45,261.9,263.4,97379.0,
2026-06-02,DOLLAR,262.0,262.15,258.05,260.25,74878.0,
2026-06-03,DOLLAR,260.25,261.6,252.65,256.05,105353.0,
2026-06-04,DOLLAR,254.85,255.0,251.45,252.65,138470.0,
2026-06-05,DOLLAR,254.0,254.0,249.0,251.0,156472.0,
2026-06-08,DOLLAR,249.45,249.45,243.5,245.9,119997.0,
2026-06-09,DOLLAR,247.9,247.9,243.3,246.4,159773.0,
2026-06-10,DOLLAR,247.4,254.0,246.0,248.65,194145.0,
2026-06-11,DOLLAR,247.0,247.0,243.05,244.05,49574.0,
2026-06-12,DOLLAR,246.8,249.0,244.35,248.45,97485.0,
2026-06-15,DOLLAR,254.0,255.1,251.0,252.95,163180.0,
2026-06-16,DOLLAR,253.9,254.85,249.15,252.85,73135.0,
2026-06-17,DOLLAR,251.5,259.7,250.75,257.4,165074.0,
2026-06-18,DOLLAR,258.9,264.05,256.1,261.35,143810.0,
2026-06-19,DOLLAR,260.2,261.0,255.3,258.75,134615.0,
2026-06-22,DOLLAR,260.3,263.5,257.5,260.0,104539.0,
2026-06-23,DOLLAR,260.0,275.95,256.6,266.65,551974.0,
2026-06-24,DOLLAR,265.5,272.05,261.95,266.7,409835.0,
2026-06-25,DOLLAR,267.5,268.95,261.3,263.1,102017.0,
2026-06-29,DOLLAR,263.0,283.5,262.95,272.65,990936.0,
2026-06-30,DOLLAR,272.4,272.65,266.8,267.35,132921.0,
2026-07-01,DOLLAR,266.0,268.4,260.0,266.2,203743.0,
2026-07-02,DOLLAR,264.85,272.05,262.8,269.05,274428.0,
2026-07-03,DOLLAR,269.9,279.0,267.1,276.8,591052.0,
2026-07-06,DOLLAR,278.0,278.0,270.6,274.7,232212.0,
2026-07-07,DOLLAR,275.9,276.0,270.05,272.4,123990.0,
2026-07-08,DOLLAR,271.05,272.7,265.0,266.15,264328.0,
2026-07-09,DOLLAR,266.15,273.3,264.65,267.4,187420.0,
2026-07-10,DOLLAR,268.9,275.3,268.1,269.8,206441.0,
2026-07-13,DOLLAR,267.2,271.25,264.25,268.9,116123.0,
2026-07-14,DOLLAR,266.1,267.35,261.25,262.55,180358.0,
2026-07-15,DOLLAR,262.95,265.6,261.0,263.6,102795.0,
2026-07-16,DOLLAR,263.6,267.55,262.75,265.55,85714.0,
2026-07-17,DOLLAR,265.95,266.0,261.0,261.4,92014.0,
2026-07-20,DOLLAR,261.9,263.0,258.0,261.9,70646.0,
2026-07-21,DOLLAR,261.9,261.9,257.55,259.7,47154.0,
2026-07-22,DOLLAR,259.25,259.3,255.0,256.45,89539.0,
2026-07-23,DOLLAR,255.05,257.35,252.05,252.35,106164.0,
2026-07-24,DOLLAR,251.0,258.65,248.05,258.0,290796.0,
2026-07-27,DOLLAR,260.0,261.9,257.0,257.7,103287.0,
2026-07-28,DOLLAR,256.0,256.95,252.2,253.8,86730.0,
2026-07-29,DOLLAR,255.2,258.05,252.6,256.45,215053.0,
2026-07-30,DOLLAR,256.45,268.95,253.65,267.5,356342.0,
2026-07-31,DOLLAR,268.85,269.5,262.15,264.0,91101.0,
2026-08-03,DOLLAR,267.95,269.3,264.55,267.4,65550.0,
2026-08-04,DOLLAR,268.6,275.0,264.8,271.1,130195.0,
2026-08-05,DOLLAR,275.2,276.3,270.0,272.45,125220.0,
2026-08-06,DOLLAR,274.0,287.5,272.8,281.9,416827.0,
2026-08-07,DOLLAR,287.0,287.7,278.05,279.5,256155.0,
2026-08-10,DOLLAR,286.0,286.05,273.9,278.5,334657.0,
2026-08-11,DOLLAR,276.0,297.85,273.4,288.65,596668.0,
2026-08-12,DOLLAR,290.0,293.0,274.65,277.3,232706.0,
2026-08-13,DOLLAR,278.0,279.7,270.35,271.75,103095.0,
2026-08-14,DOLLAR,272.0,280.2,271.1,273.5,113741.0,
2026-08-17,DOLLAR,272.2,272.45,265.3,268.35,113675.0,
2026-08-18,DOLLAR,268.9,270.7,264.05,268.55,82886.0,
2026-08-19,DOLLAR,268.8,272.7,266.25,268.0,57593.0,
2026-08-20,DOLLAR,268.9,275.0,265.85,272.15,118163.0,
2026-08-21,DOLLAR,272.65,275.9,270.6,273.2,76343.0,
2026-08-24,DOLLAR,272.75,277.8,271.5,273.7,68689.0,
2026-08-25,DOLLAR,275.0,276.3,273.0,274.6,38650.0,
2026-08-26,DOLLAR,275.3,276.6,270.25,270.9,50245.0,
2026-08-27,DOLLAR,271.9,271.9,264.6,265.25,36835.0,
2026-08-28,DOLLAR,265.1,271.0,265.0,268.7,73785.0,
2026-08-31,DOLLAR,270.7,273.4,266.5,268.95,74760.0,
2026-09-01,DOLLAR,268.0,271.6,266.0,266.6,54534.0,
2026-09-02,DOLLAR,266.05,266.05,260.0,262.35,84900.0,
2026-09-03,DOLLAR,263.7,268.45,261.0,265.0,58091.0,
2026-09-04,DOLLAR,265.55,267.1,262.8,264.25,36786.0,
2026-09-07,DOLLAR,262.15,265.0,261.0,262.05,78512.0,
2026-09-08,DOLLAR,262.05,265.95,260.0,264.75,70109.0,
2026-09-09,DOLLAR,263.8,276.45,261.15,273.1,189227.0,
2026-09-10,DOLLAR,274.9,275.2,268.05,271.8,81680.0,
2026-09-11,DOLLAR,270.0,276.9,265.6,273.55,119178.0,
2026-09-15,DOLLAR,276.9,276.9,261.05,262.95,46906.0,
2026-09-16,DOLLAR,262.05,268.8,259.05,266.8,66963.0,
2026-09-17,DOLLAR,267.05,271.7,262.1,267.0,53788.0,
2026-09-18,DOLLAR,268.0,278.0,266.85,273.25,161698.0,
2026-09-21,DOLLAR,272.25,279.0,271.0,275.25,81750.0,
2026-09-22,DOLLAR,276.5,276.65,271.05,272.8,27774.0,
2026-09-23,DOLLAR,272.8,276.0,269.0,274.45,44194.0,
2026-09-24,DOLLAR,273.2,274.7,265.35,269.5,50023.0,
2025-09-10,EIEL,240.55,254.65,240.55,248.68,2714613.0,
2025-09-11,EIEL,248.7,249.62,245.5,246.49,651909.0,
2025-09-12,EIEL,247.89,255.0,244.8,253.7,1771102.0,
2025-09-15,EIEL,254.65,262.66,254.3,257.28,2103666.0,
2025-09-16,EIEL,257.54,272.0,255.7,263.1,4284933.0,
2025-09-17,EIEL,265.0,266.19,260.11,261.31,1350046.0,
2025-09-18,EIEL,262.2,265.5,258.1,260.21,1641890.0,
2025-09-19,EIEL,260.5,266.59,258.5,264.39,2056844.0,
2025-09-22,EIEL,264.9,276.1,261.63,271.52,5939551.0,
2025-09-23,EIEL,272.0,272.25,263.5,266.99,1969365.0,
2025-09-24,EIEL,265.0,266.17,253.22,254.5,2007727.0,
2025-09-25,EIEL,254.0,258.02,251.2,253.16,1066455.0,
2025-09-26,EIEL,253.0,253.0,243.3,247.13,1069615.0,
2025-09-29,EIEL,249.4,250.0,241.41,243.67,904739.0,
2025-09-30,EIEL,243.8,245.98,241.0,243.12,685967.0,
2025-10-01,EIEL,244.12,246.9,242.01,245.5,854748.0,
2025-10-03,EIEL,246.34,255.21,244.78,254.04,1431852.0,
2025-10-06,EIEL,254.04,254.3,248.17,248.89,673500.0,
2025-10-07,EIEL,250.0,251.86,246.4,247.54,689466.0,
2025-10-08,EIEL,246.1,249.43,243.73,246.0,639299.0,
2025-10-09,EIEL,245.9,245.9,242.61,243.62,577709.0,
2025-10-10,EIEL,243.89,249.48,243.7,248.82,704847.0,
2025-10-13,EIEL,246.89,247.95,244.55,246.53,868213.0,
2025-10-14,EIEL,247.0,247.82,238.51,241.26,1018420.0,
2025-10-15,EIEL,242.0,246.25,242.0,244.63,770652.0,
2025-10-16,EIEL,245.37,246.66,242.65,244.28,586894.0,
2025-10-17,EIEL,243.0,243.69,239.41,241.48,684412.0,
2025-10-20,EIEL,242.49,243.32,239.5,242.54,562920.0,
2025-10-21,EIEL,245.0,246.73,244.0,245.41,241840.0,
2025-10-23,EIEL,245.46,246.79,242.0,242.57,468258.0,
2025-10-24,EIEL,242.5,247.4,241.35,244.98,808684.0,
2025-10-27,EIEL,245.0,245.69,241.85,242.32,500461.0,
2025-10-28,EIEL,242.25,244.0,239.54,239.96,528520.0,
2025-10-29,EIEL,240.9,248.7,239.5,247.58,1590314.0,
2025-10-30,EIEL,248.61,257.66,248.61,250.19,1796837.0,
2025-10-31,EIEL,250.19,256.7,249.0,253.23,1227939.0,
2025-11-03,EIEL,254.15,254.5,250.0,251.75,646888.0,
2025-11-04,EIEL,252.85,254.45,247.5,251.7,1022131.0,
2025-11-06,EIEL,247.0,250.45,237.0,238.9,1930543.0,
2025-11-07,EIEL,237.65,237.65,227.15,228.9,2045009.0,
2025-11-10,EIEL,229.45,232.35,226.4,229.5,898403.0,
2025-11-11,EIEL,229.5,230.85,225.05,225.9,779960.0,
2025-11-12,EIEL,226.5,231.65,226.3,228.7,722947.0,
2025-11-13,EIEL,229.15,230.9,227.0,227.25,609331.0,
2025-11-14,EIEL,226.0,228.45,225.2,225.75,558407.0,
2025-11-17,EIEL,225.9,229.2,225.3,227.35,615610.0,
2025-11-18,EIEL,229.1,229.1,222.2,223.35,590861.0,
2025-11-19,EIEL,223.9,223.9,218.15,219.2,574102.0,
2025-11-20,EIEL,219.0,221.5,217.5,218.2,470559.0,
2025-11-21,EIEL,217.5,217.65,212.0,212.8,608830.0,
2025-11-24,EIEL,213.0,214.5,207.5,208.95,548461.0,
2025-11-25,EIEL,208.0,214.25,207.8,212.95,643265.0,
2025-11-26,EIEL,213.8,217.15,212.55,216.35,502060.0,
2025-11-27,EIEL,216.9,219.15,216.05,217.25,480460.0,
2025-11-28,EIEL,215.8,218.45,214.1,217.15,351237.0,
2025-12-01,EIEL,220.0,226.4,218.04,219.64,720144.0,
2025-12-02,EIEL,218.99,218.99,213.3,214.1,459942.0,
2025-12-03,EIEL,214.22,214.9,209.1,210.13,463713.0,
2025-12-04,EIEL,209.0,210.0,207.15,208.52,348920.0,
2025-12-05,EIEL,208.5,208.5,202.25,202.73,574631.0,
2025-12-08,EIEL,202.6,205.0,193.02,195.43,972211.0,
2025-12-09,EIEL,194.3,203.9,191.12,201.59,887571.0,
2025-12-10,EIEL,203.4,203.4,197.05,197.95,475510.0,
2025-12-11,EIEL,197.95,199.8,196.15,199.12,448708.0,
2025-12-12,EIEL,200.0,203.22,198.61,200.71,446572.0,
2025-12-15,EIEL,199.0,207.97,198.72,205.96,748281.0,
2025-12-16,EIEL,205.0,205.1,200.28,201.3,310665.0,
2025-12-17,EIEL,201.5,202.6,198.12,198.9,363594.0,
2025-12-18,EIEL,198.25,200.8,195.78,198.84,376504.0,
2025-12-19,EIEL,199.34,202.56,197.94,201.62,431301.0,
2025-12-22,EIEL,201.65,209.7,201.65,205.35,518018.0,
2025-12-23,EIEL,208.0,210.59,205.52,207.83,613394.0,
2025-12-24,EIEL,208.0,211.39,204.55,205.38,371894.0,
2025-12-26,EIEL,205.54,213.8,204.55,207.02,909227.0,
2025-12-29,EIEL,207.02,208.98,203.0,203.44,436965.0,
2025-12-30,EIEL,203.44,205.3,201.46,203.36,276188.0,
2025-12-31,EIEL,203.5,206.6,203.5,205.91,316792.0,
2026-01-01,EIEL,206.0,206.99,202.83,203.48,288522.0,
2026-01-02,EIEL,203.48,207.71,202.31,206.75,414384.0,
2026-01-05,EIEL,206.0,207.95,201.61,202.71,466052.0,
2026-01-06,EIEL,202.71,203.85,200.1,200.86,303015.0,
2026-01-07,EIEL,200.1,201.69,198.91,199.81,261947.0,
2026-01-08,EIEL,199.99,200.0,193.21,193.89,567757.0,
2026-01-09,EIEL,193.0,194.46,188.31,189.19,616609.0,
2026-01-12,EIEL,188.0,188.0,181.11,185.04,818699.0,
2026-01-13,EIEL,186.0,193.34,186.0,189.32,944633.0,
2026-01-14,EIEL,190.5,190.5,186.54,187.16,318702.0,
2026-01-16,EIEL,187.79,189.14,186.34,186.97,290869.0,
2026-01-19,EIEL,186.21,186.51,182.0,182.67,383903.0,
2026-01-20,EIEL,183.95,183.96,172.01,173.84,857662.0,
2026-01-21,EIEL,172.01,175.37,166.28,167.79,967228.0,
2026-01-22,EIEL,172.0,178.99,168.64,175.86,829760.0,
2026-01-23,EIEL,177.6,177.66,169.0,170.75,423745.0,
2026-01-27,EIEL,171.79,171.81,163.21,166.71,745363.0,
2026-01-28,EIEL,167.4,180.0,167.0,177.7,673449.0,
2026-01-29,EIEL,179.8,179.8,173.91,176.78,742369.0,
2026-01-30,EIEL,175.0,182.2,172.5,180.48,432249.0,
2026-02-02,EIEL,171.95,175.0,166.2,172.59,638563.0,
2026-02-03,EIEL,181.1,181.99,176.01,180.97,774752.0,
2026-02-04,EIEL,180.5,184.32,177.57,182.97,545186.0,
2026-02-05,EIEL,184.77,184.77,178.35,179.66,326872.0,
2026-02-06,EIEL,179.65,184.5,177.25,181.17,607428.0,
2026-02-09,EIEL,181.77,194.58,171.8,177.67,2991463.0,
2026-02-10,EIEL,177.51,182.39,172.3,174.28,1529425.0,
2026-02-11,EIEL,174.45,175.8,172.01,172.78,710816.0,
2026-02-12,EIEL,173.99,173.99,168.5,169.52,429396.0,
2026-02-13,EIEL,169.52,169.79,165.0,167.01,729175.0,
2026-02-16,EIEL,166.0,167.0,159.0,160.78,1135892.0,
2026-02-17,EIEL,160.78,165.59,160.7,163.18,691077.0,
2026-02-18,EIEL,163.65,167.09,163.0,165.56,491127.0,
2026-02-19,EIEL,166.9,166.9,161.2,162.31,324495.0,
2026-02-20,EIEL,161.26,164.3,160.1,160.93,528711.0,
2026-02-23,EIEL,163.0,166.9,161.14,163.48,651008.0,
2026-02-24,EIEL,164.0,164.0,159.05,160.41,501172.0,
2026-02-25,EIEL,161.69,162.49,158.0,158.98,330500.0,
2026-02-26,EIEL,160.09,163.5,159.25,160.07,484815.0,
2026-02-27,EIEL,159.9,160.55,157.6,158.05,360412.0,
2026-03-02,EIEL,150.0,154.9,150.0,152.59,797492.0,
2026-03-04,EIEL,149.33,149.62,142.7,143.59,1002106.0,
2026-03-05,EIEL,145.1,146.93,141.1,144.32,740561.0,
2026-03-06,EIEL,142.58,147.99,140.5,140.98,739275.0,
2026-03-09,EIEL,140.0,140.0,134.71,137.14,674492.0,
2026-03-10,EIEL,138.51,142.3,137.28,141.55,822258.0,
2026-03-11,EIEL,155.0,165.0,150.31,153.08,14968247.0,
2026-03-12,EIEL,156.28,170.0,151.74,159.98,24106180.0,
2026-03-13,EIEL,157.6,159.0,151.01,152.04,1693883.0,
2026-03-16,EIEL,152.04,152.05,142.72,145.26,1265292.0,
2026-03-17,EIEL,146.42,147.42,144.13,145.98,652077.0,
2026-03-18,EIEL,146.5,153.97,146.5,152.69,1270441.0,
2026-03-19,EIEL,150.0,150.0,145.31,145.88,959595.0,
2026-03-20,EIEL,147.95,153.2,147.07,147.86,951340.0,
2026-03-23,EIEL,146.0,146.01,139.38,141.88,1226439.0,
2026-03-24,EIEL,146.0,146.9,141.21,145.31,997398.0,
2026-03-25,EIEL,146.4,152.69,145.55,146.69,1167466.0,
2026-03-27,EIEL,146.0,146.5,137.4,138.0,1619393.0,
2026-03-30,EIEL,143.13,146.9,139.0,140.39,5841937.0,
2026-04-01,EIEL,147.0,166.8,146.16,163.57,25012765.0,
2026-04-02,EIEL,155.47,169.39,155.47,168.12,8678727.0,
2026-04-06,EIEL,168.25,171.59,163.41,167.05,2103249.0,
2026-04-07,EIEL,166.0,169.7,164.0,165.04,1099621.0,
2026-04-08,EIEL,173.0,173.95,169.2,171.08,1598120.0,
2026-04-09,EIEL,171.0,177.5,168.58,171.01,1342133.0,
2026-04-10,EIEL,171.9,175.2,171.61,173.15,925222.0,
2026-04-13,EIEL,190.0,203.5,185.31,199.17,85659777.0,
2026-04-15,EIEL,201.29,222.7,200.74,213.64,72027349.0,
2026-04-16,EIEL,219.32,224.79,213.66,217.13,19042123.0,
2026-04-17,EIEL,218.41,219.47,211.54,213.04,3288048.0,
2026-04-20,EIEL,214.69,214.69,201.1,206.24,2041545.0,
2026-04-21,EIEL,206.0,217.0,206.0,208.88,2607675.0,
2026-04-22,EIEL,208.88,213.83,206.42,212.19,2048116.0,
2026-04-23,EIEL,212.2,216.26,210.5,212.04,2029003.0,
2026-04-24,EIEL,212.65,214.43,204.3,206.61,1190476.0,
2026-04-27,EIEL,207.5,211.79,206.85,209.46,1202283.0,
2026-04-28,EIEL,209.65,219.89,209.65,216.78,3697274.0,
2026-04-29,EIEL,219.95,227.0,216.0,219.88,5316518.0,
2026-04-30,EIEL,218.2,218.2,208.23,211.94,2045173.0,
2026-05-04,EIEL,215.0,217.5,211.11,213.53,1303202.0,
2026-05-05,EIEL,213.2,214.89,210.53,211.51,995229.0,
2026-05-06,EIEL,212.54,214.85,206.59,211.39,1206221.0,
2026-05-07,EIEL,213.55,221.48,213.5,219.33,3152310.0,
2026-05-08,EIEL,220.0,221.66,215.3,217.18,1155978.0,
2026-05-11,EIEL,217.09,225.89,212.76,219.17,3222531.0,
2026-05-12,EIEL,218.29,218.29,200.11,203.03,2276157.0,
2026-05-13,EIEL,204.1,207.9,203.14,205.44,1075790.0,
2026-05-14,EIEL,207.0,207.95,193.8,198.63,1558379.0,
2026-05-15,EIEL,198.6,201.0,192.5,193.3,918398.0,
2026-05-18,EIEL,191.99,191.99,184.48,187.07,1047859.0,
2026-05-19,EIEL,187.4,191.5,185.34,189.53,1100632.0,
2026-05-20,EIEL,187.55,188.94,185.51,188.26,674570.0,
2026-05-21,EIEL,189.45,194.54,186.1,187.17,1111115.0,
2026-05-22,EIEL,189.0,189.0,185.6,186.96,758689.0,
2026-05-25,EIEL,190.05,213.49,189.9,209.69,18772998.0,
2026-05-26,EIEL,212.16,212.69,206.0,207.32,2448523.0,
2026-05-27,EIEL,207.31,209.09,203.51,206.0,1620398.0,
2026-05-29,EIEL,200.0,200.0,189.0,190.02,3232987.0,
2026-06-01,EIEL,192.0,192.05,183.72,185.25,1353053.0,
2026-06-02,EIEL,184.3,188.0,180.4,187.54,912859.0,
2026-06-03,EIEL,187.21,187.87,181.58,183.43,741939.0,
2026-06-04,EIEL,183.43,188.0,182.38,185.69,765670.0,
2026-06-05,EIEL,186.0,188.41,183.48,184.69,596964.0,
2026-06-08,EIEL,182.5,183.9,179.4,180.48,596368.0,
2026-06-09,EIEL,180.41,185.89,180.41,184.55,831529.0,
2026-06-10,EIEL,185.15,187.7,180.0,181.21,493908.0,
2026-06-11,EIEL,179.55,179.93,175.5,177.2,574508.0,
2026-06-12,EIEL,179.0,187.0,179.0,185.54,695272.0,
2026-06-15,EIEL,189.5,191.88,188.18,188.89,753462.0,
2026-06-16,EIEL,189.9,196.22,188.11,193.93,1505804.0,
2026-06-17,EIEL,195.2,196.79,192.61,195.18,1008876.0,
2026-06-18,EIEL,195.5,197.6,192.44,194.76,973338.0,
2026-06-19,EIEL,195.0,213.2,192.85,205.87,6450644.0,
2026-06-22,EIEL,213.01,233.9,208.63,224.91,22497383.0,
2026-06-23,EIEL,226.98,233.5,219.25,226.56,16380210.0,
2026-06-24,EIEL,226.0,226.83,217.01,220.29,2957758.0,
2026-06-25,EIEL,220.95,225.0,215.2,218.55,2749847.0,
2026-06-29,EIEL,218.0,223.9,212.35,219.46,2796253.0,
2026-06-30,EIEL,221.22,226.99,220.44,223.73,2102657.0,
2026-07-01,EIEL,224.6,231.8,220.5,221.72,2966872.0,
2026-07-02,EIEL,223.29,232.0,221.35,228.43,2756248.0,
2026-07-03,EIEL,231.6,247.4,231.01,235.46,14473171.0,
2026-07-06,EIEL,240.0,244.48,238.42,240.48,5069112.0,
2026-07-07,EIEL,242.0,242.63,227.36,231.49,2743728.0,
2026-07-08,EIEL,229.25,237.4,222.12,225.01,2998973.0,
2026-07-09,EIEL,227.0,233.5,226.14,228.39,1745090.0,
2026-07-10,EIEL,230.21,245.78,228.4,244.49,9010315.0,
2026-07-13,EIEL,241.9,241.9,235.1,235.89,2318472.0,
2026-07-14,EIEL,234.9,235.64,226.62,227.5,1560108.0,
2026-07-15,EIEL,229.0,233.6,227.05,228.24,1562685.0,
2026-07-16,EIEL,229.97,231.0,224.16,226.81,1116396.0,
2026-07-17,EIEL,225.34,225.85,218.53,220.23,1885166.0,
2026-07-20,EIEL,219.5,231.5,218.15,229.35,2460009.0,
2026-07-21,EIEL,229.0,233.49,225.78,229.46,1506675.0,
2026-07-22,EIEL,228.8,228.8,222.0,224.31,913022.0,
2026-07-23,EIEL,222.55,225.75,216.1,217.62,1011254.0,
2026-07-24,EIEL,217.61,221.4,212.11,220.16,1653480.0,
2026-07-27,EIEL,223.9,224.94,217.49,218.76,646608.0,
2026-07-28,EIEL,217.2,219.78,215.0,216.45,514458.0,
2026-07-29,EIEL,216.49,219.9,215.2,216.07,475163.0,
2026-07-30,EIEL,217.27,217.48,212.3,213.61,1232900.0,
2026-07-31,EIEL,213.61,223.99,213.01,220.06,1457887.0,
2026-08-03,EIEL,223.0,224.4,221.1,222.64,641485.0,
2026-08-04,EIEL,222.64,228.84,222.64,224.48,960834.0,
2026-08-05,EIEL,226.1,228.39,216.84,218.06,1566079.0,
2026-08-06,EIEL,218.0,219.95,214.56,215.5,644558.0,
2026-08-07,EIEL,215.5,216.64,212.15,213.16,557270.0,
2026-08-10,EIEL,214.08,217.98,212.65,215.63,668172.0,
2026-08-11,EIEL,218.95,219.39,205.5,213.97,865668.0,
2026-08-12,EIEL,212.0,212.89,200.84,203.13,2468285.0,
2026-08-13,EIEL,204.5,205.0,202.4,203.08,1361121.0,
2026-08-14,EIEL,203.0,204.12,195.67,196.73,895050.0,
2026-08-17,EIEL,198.3,201.96,196.73,200.16,606823.0,
2026-08-18,EIEL,200.24,201.89,196.5,197.18,439150.0,
2026-08-19,EIEL,198.16,201.9,196.0,196.12,447738.0,
2026-08-20,EIEL,197.94,201.48,197.94,199.01,504822.0,
2026-08-21,EIEL,199.01,200.34,193.91,194.73,1334529.0,
2026-08-24,EIEL,195.24,197.8,193.02,195.31,569963.0,
2026-08-25,EIEL,194.4,196.22,193.5,194.71,375300.0,
2026-08-26,EIEL,195.65,201.89,194.81,200.69,688902.0,
2026-08-27,EIEL,201.49,204.3,198.81,201.04,554248.0,
2026-08-28,EIEL,201.8,201.8,197.8,199.23,296099.0,
2026-08-31,EIEL,198.5,198.5,195.15,196.92,1014824.0,
2026-09-01,EIEL,196.5,196.82,190.1,190.82,590767.0,
2026-09-02,EIEL,190.0,194.0,188.0,192.36,446613.0,
2026-09-03,EIEL,192.9,197.0,192.9,195.66,360610.0,
2026-09-04,EIEL,196.9,201.7,195.65,199.17,769678.0,
2026-09-07,EIEL,199.2,204.7,197.25,198.33,824767.0,
2026-09-08,EIEL,198.03,200.0,195.68,196.2,1029574.0,
2026-09-09,EIEL,204.75,215.0,203.75,206.06,13186612.0,
2026-09-10,EIEL,211.03,215.74,209.0,211.65,5829468.0,
2026-09-11,EIEL,209.0,209.0,202.09,207.11,1550750.0,
2026-09-15,EIEL,207.11,208.25,196.0,196.91,875481.0,
2026-09-16,EIEL,197.98,198.99,190.5,194.87,495754.0,
2026-09-17,EIEL,194.85,201.67,193.21,199.64,1527032.0,
2026-09-18,EIEL,201.0,202.0,196.06,200.01,574560.0,
2026-09-21,EIEL,200.99,204.8,199.43,203.89,651755.0,
2026-09-22,EIEL,203.9,207.0,200.5,201.07,383292.0,
2026-09-23,EIEL,201.55,206.19,201.34,203.32,442187.0,
2026-09-24,EIEL,202.49,202.49,199.41,201.63,353347.0,
2025-09-10,GANDHAR,146.01,148.69,144.0,144.52,178057.0,
2025-09-11,GANDHAR,145.7,148.0,144.99,145.64,92656.0,
2025-09-12,GANDHAR,146.0,147.9,145.0,145.18,70509.0,
2025-09-15,GANDHAR,144.25,147.71,144.25,146.89,67455.0,
2025-09-16,GANDHAR,145.6,150.99,145.6,148.72,151231.0,
2025-09-17,GANDHAR,148.26,152.0,148.26,149.53,97497.0,
2025-09-18,GANDHAR,149.51,151.53,148.31,149.31,105614.0,
2025-09-19,GANDHAR,149.5,150.29,146.78,147.24,187949.0,
2025-09-22,GANDHAR,147.99,148.92,145.5,146.12,99220.0,
2025-09-23,GANDHAR,147.4,147.4,144.75,144.98,92912.0,
2025-09-24,GANDHAR,145.98,146.0,143.5,144.2,70979.0,
2025-09-25,GANDHAR,144.9,145.06,142.01,142.42,72456.0,
2025-09-26,GANDHAR,142.42,143.5,140.01,140.24,74000.0,
2025-09-29,GANDHAR,140.93,146.85,140.0,141.73,169876.0,
2025-09-30,GANDHAR,142.8,145.0,140.05,143.05,67337.0,
2025-10-01,GANDHAR,141.61,143.39,140.5,141.91,76701.0,
2025-10-03,GANDHAR,144.05,144.6,140.75,142.51,57995.0,
2025-10-06,GANDHAR,144.0,147.35,140.45,141.74,233251.0,
2025-10-07,GANDHAR,141.8,143.7,138.83,139.45,131911.0,
2025-10-08,GANDHAR,140.15,143.64,139.28,139.93,91472.0,
2025-10-09,GANDHAR,140.0,140.63,138.31,138.73,108840.0,
2025-10-10,GANDHAR,138.9,141.89,138.9,139.17,81029.0,
2025-10-13,GANDHAR,139.45,140.84,135.5,136.88,89461.0,
2025-10-14,GANDHAR,136.88,138.87,135.35,136.03,70916.0,
2025-10-15,GANDHAR,135.32,137.97,134.51,137.19,93133.0,
2025-10-16,GANDHAR,138.76,138.76,135.0,135.57,81054.0,
2025-10-17,GANDHAR,137.7,137.7,135.06,135.67,109833.0,
2025-10-20,GANDHAR,135.67,137.4,135.67,136.87,59470.0,
2025-10-21,GANDHAR,137.79,139.95,137.5,138.09,39246.0,
2025-10-23,GANDHAR,138.99,138.99,137.0,137.63,138905.0,
2025-10-24,GANDHAR,138.9,138.9,135.81,137.0,60599.0,
2025-10-27,GANDHAR,137.03,138.2,136.51,136.83,139343.0,
2025-10-28,GANDHAR,138.89,138.89,135.5,135.92,70648.0,
2025-10-29,GANDHAR,136.57,137.5,134.9,136.43,128052.0,
2025-10-30,GANDHAR,136.0,137.99,134.87,135.48,141634.0,
2025-10-31,GANDHAR,135.8,135.98,133.5,133.79,132052.0,
2025-11-03,GANDHAR,134.7,134.8,133.0,133.82,78818.0,
2025-11-04,GANDHAR,133.83,134.33,132.75,133.53,103639.0,
2025-11-06,GANDHAR,132.6,134.09,131.51,132.55,93506.0,
2025-11-07,GANDHAR,132.55,133.98,130.5,131.64,77044.0,
2025-11-10,GANDHAR,131.64,132.26,129.07,129.74,91585.0,
2025-11-11,GANDHAR,131.0,136.0,128.5,135.27,171571.0,
2025-11-12,GANDHAR,136.0,142.9,135.45,141.44,410113.0,
2025-11-13,GANDHAR,147.8,155.0,146.1,148.44,2063881.0,
2025-11-14,GANDHAR,147.5,147.78,143.0,145.03,185987.0,
2025-11-17,GANDHAR,146.02,147.38,143.2,143.96,163847.0,
2025-11-18,GANDHAR,145.89,145.89,140.95,141.3,90778.0,
2025-11-19,GANDHAR,141.0,142.8,137.99,138.59,146594.0,
2025-11-20,GANDHAR,139.7,139.7,136.96,137.65,146290.0,
2025-11-21,GANDHAR,137.65,138.01,134.46,134.9,132821.0,
2025-11-24,GANDHAR,134.99,135.25,132.22,132.51,117231.0,
2025-11-25,GANDHAR,132.51,133.44,130.3,131.09,142529.0,
2025-11-26,GANDHAR,131.5,133.29,131.0,131.39,109335.0,
2025-11-27,GANDHAR,132.7,132.8,129.22,130.78,151192.0,
2025-11-28,GANDHAR,131.45,131.45,130.3,130.75,101446.0,
2025-12-01,GANDHAR,131.5,131.99,129.8,129.99,113471.0,
2025-12-02,GANDHAR,130.05,130.14,128.52,129.0,119678.0,
2025-12-03,GANDHAR,129.0,130.0,127.25,127.8,81591.0,
2025-12-04,GANDHAR,127.8,128.29,124.42,125.22,164441.0,
2025-12-05,GANDHAR,125.22,126.68,123.57,124.6,128343.0,
2025-12-08,GANDHAR,125.1,125.73,122.3,123.06,123201.0,
2025-12-09,GANDHAR,123.08,125.0,120.56,121.88,182876.0,
2025-12-10,GANDHAR,122.35,123.56,121.5,122.46,199237.0,
2025-12-11,GANDHAR,122.7,126.89,121.5,124.34,266160.0,
2025-12-12,GANDHAR,125.03,125.73,123.57,124.64,532866.0,
2025-12-15,GANDHAR,124.7,135.6,124.7,133.51,1232683.0,
2025-12-16,GANDHAR,134.1,142.0,134.0,140.03,1020973.0,
2025-12-17,GANDHAR,141.45,146.5,138.31,142.52,632519.0,
2025-12-18,GANDHAR,142.0,147.5,136.81,145.87,396502.0,
2025-12-19,GANDHAR,145.87,146.88,142.5,145.75,310758.0,
2025-12-22,GANDHAR,145.76,147.76,145.07,146.29,217243.0,
2025-12-23,GANDHAR,146.99,152.0,145.51,148.48,242539.0,
2025-12-24,GANDHAR,149.95,150.75,147.25,147.56,178444.0,
2025-12-26,GANDHAR,147.31,151.34,146.0,150.13,298364.0,
2025-12-29,GANDHAR,150.13,150.6,146.75,147.3,139491.0,
2025-12-30,GANDHAR,146.8,150.58,145.0,148.17,217497.0,
2025-12-31,GANDHAR,148.17,155.18,148.17,154.36,630145.0,
2026-01-01,GANDHAR,154.58,158.4,153.96,154.28,289507.0,
2026-01-02,GANDHAR,156.45,156.45,151.21,151.76,137222.0,
2026-01-05,GANDHAR,153.8,177.79,152.51,166.8,45783339.0,
2026-01-06,GANDHAR,170.4,178.95,170.37,172.88,32200767.0,
2026-01-07,GANDHAR,171.85,171.85,161.9,163.66,3190826.0,
2026-01-08,GANDHAR,162.01,166.4,157.74,158.55,1466278.0,
2026-01-09,GANDHAR,159.1,160.87,152.1,152.99,841842.0,
2026-01-12,GANDHAR,151.98,152.83,147.91,150.24,929545.0,
2026-01-13,GANDHAR,151.0,164.49,150.9,161.69,2016533.0,
2026-01-14,GANDHAR,159.0,159.85,152.6,153.99,788937.0,
2026-01-16,GANDHAR,153.98,153.98,150.01,151.81,413473.0,
2026-01-19,GANDHAR,150.31,157.29,149.45,153.23,887408.0,
2026-01-20,GANDHAR,153.15,155.23,149.17,153.19,547343.0,
2026-01-21,GANDHAR,152.15,154.7,147.8,150.97,616486.0,
2026-01-22,GANDHAR,150.8,160.25,150.8,158.29,718768.0,
2026-01-23,GANDHAR,160.4,165.4,155.82,163.11,1229124.0,
2026-01-27,GANDHAR,163.0,163.0,149.1,152.48,1605243.0,
2026-01-28,GANDHAR,152.48,155.59,152.26,153.02,401288.0,
2026-01-29,GANDHAR,153.25,153.91,149.0,149.7,409676.0,
2026-01-30,GANDHAR,149.07,150.58,146.03,149.82,321319.0,
2026-02-02,GANDHAR,142.87,142.96,137.1,140.82,347261.0,
2026-02-03,GANDHAR,146.0,147.26,142.17,145.5,304045.0,
2026-02-04,GANDHAR,147.37,152.98,144.56,151.46,510872.0,
2026-02-05,GANDHAR,151.46,154.1,149.0,152.28,324237.0,
2026-02-06,GANDHAR,153.0,153.0,146.8,150.45,342265.0,
2026-02-09,GANDHAR,150.0,159.8,149.09,156.2,550067.0,
2026-02-10,GANDHAR,157.94,159.32,154.75,155.24,286802.0,
2026-02-11,GANDHAR,156.7,156.7,150.0,150.64,269091.0,
2026-02-12,GANDHAR,150.21,152.22,148.6,150.18,222123.0,
2026-02-13,GANDHAR,150.0,150.01,145.0,146.7,262984.0,
2026-02-16,GANDHAR,146.0,147.0,145.0,146.6,110958.0,
2026-02-17,GANDHAR,145.51,150.93,145.51,148.09,187799.0,
2026-02-18,GANDHAR,148.24,150.08,147.5,149.1,108460.0,
2026-02-19,GANDHAR,148.01,150.0,143.5,145.26,103649.0,
2026-02-20,GANDHAR,144.5,148.8,142.81,143.68,110947.0,
2026-02-23,GANDHAR,144.83,145.7,141.9,142.83,111241.0,
2026-02-24,GANDHAR,142.1,143.09,139.02,140.82,119120.0,
2026-02-25,GANDHAR,140.8,143.0,140.0,140.54,72419.0,
2026-02-26,GANDHAR,141.24,142.39,139.0,139.76,104618.0,
2026-02-27,GANDHAR,139.76,141.4,138.34,140.43,92044.0,
2026-03-02,GANDHAR,137.0,139.51,134.0,137.45,246929.0,
2026-03-04,GANDHAR,136.0,136.0,132.33,133.07,204415.0,
2026-03-05,GANDHAR,135.0,135.67,131.5,132.94,133741.0,
2026-03-06,GANDHAR,133.0,142.87,132.2,134.45,452639.0,
2026-03-09,GANDHAR,133.99,134.0,125.12,127.43,261342.0,
2026-03-10,GANDHAR,129.05,131.82,128.72,131.04,213632.0,
2026-03-11,GANDHAR,133.01,134.69,128.1,130.16,192715.0,
2026-03-12,GANDHAR,131.21,132.45,127.7,129.96,166498.0,
2026-03-13,GANDHAR,128.0,130.9,125.4,129.59,273234.0,
2026-03-16,GANDHAR,127.65,129.85,123.09,126.73,259351.0,
2026-03-17,GANDHAR,127.6,132.5,126.4,130.49,220395.0,
2026-03-18,GANDHAR,130.88,133.54,130.25,131.89,143874.0,
2026-03-19,GANDHAR,130.0,130.99,128.0,128.7,129532.0,
2026-03-20,GANDHAR,130.99,132.95,130.08,132.38,210490.0,
2026-03-23,GANDHAR,130.0,130.35,127.0,127.21,200462.0,
2026-03-24,GANDHAR,130.21,130.35,126.27,127.84,162148.0,
2026-03-25,GANDHAR,128.52,133.29,128.52,129.38,233240.0,
2026-03-27,GANDHAR,128.22,128.99,122.0,123.53,281756.0,
2026-03-30,GANDHAR,122.01,122.69,115.0,116.79,338111.0,
2026-04-01,GANDHAR,119.8,126.0,119.2,124.52,252198.0,
2026-04-02,GANDHAR,123.2,127.9,120.3,126.52,132052.0,
2026-04-06,GANDHAR,126.52,128.34,123.85,127.74,135004.0,
2026-04-07,GANDHAR,126.46,129.74,126.36,126.86,76115.0,
2026-04-08,GANDHAR,140.0,140.0,132.3,134.54,330213.0,
2026-04-09,GANDHAR,134.6,137.47,132.6,134.8,153304.0,
2026-04-10,GANDHAR,134.8,139.5,134.8,137.1,180643.0,
2026-04-13,GANDHAR,134.7,137.8,132.3,135.85,95614.0,
2026-04-15,GANDHAR,137.0,142.5,137.0,141.58,246273.0,
2026-04-16,GANDHAR,147.0,149.5,141.5,148.6,519733.0,
2026-04-17,GANDHAR,150.0,151.0,146.07,147.55,246292.0,
2026-04-20,GANDHAR,147.55,148.05,142.5,143.01,175550.0,
2026-04-21,GANDHAR,143.01,146.49,140.6,142.36,186222.0,
2026-04-22,GANDHAR,142.36,143.89,141.4,141.91,94436.0,
2026-04-23,GANDHAR,142.4,142.72,139.25,139.68,185186.0,
2026-04-24,GANDHAR,141.08,141.08,136.2,137.18,82385.0,
2026-04-27,GANDHAR,138.91,143.59,138.1,142.3,151154.0,
2026-04-28,GANDHAR,141.0,144.56,140.05,140.55,104724.0,
2026-04-29,GANDHAR,141.01,144.37,139.36,140.49,132994.0,
2026-04-30,GANDHAR,140.0,141.68,136.25,138.73,133807.0,
2026-05-04,GANDHAR,140.4,141.8,138.0,138.68,101201.0,
2026-05-05,GANDHAR,138.68,139.8,136.52,137.67,78988.0,
2026-05-06,GANDHAR,140.0,165.2,140.0,156.66,12007737.0,
2026-05-07,GANDHAR,162.23,163.75,151.59,153.0,1859705.0,
2026-05-08,GANDHAR,153.0,159.4,150.15,151.45,746507.0,
2026-05-11,GANDHAR,150.0,150.0,145.15,145.8,255092.0,
2026-05-12,GANDHAR,145.0,148.54,140.55,141.13,221485.0,
2026-05-13,GANDHAR,142.0,142.71,139.51,141.27,147324.0,
2026-05-14,GANDHAR,141.99,144.9,138.44,142.72,233783.0,
2026-05-15,GANDHAR,145.0,152.0,142.72,149.98,455425.0,
2026-05-18,GANDHAR,149.65,160.16,147.5,158.36,695375.0,
2026-05-19,GANDHAR,158.8,160.5,154.08,159.47,508094.0,
2026-05-20,GANDHAR,158.0,159.99,155.21,158.86,195241.0,
2026-05-21,GANDHAR,160.33,166.8,159.61,163.78,749808.0,
2026-05-22,GANDHAR,165.0,170.88,163.11,164.31,1195102.0,
2026-05-25,GANDHAR,165.5,172.2,165.5,169.99,1052892.0,
2026-05-26,GANDHAR,171.0,172.28,159.0,162.5,1536405.0,
2026-05-27,GANDHAR,169.0,174.8,160.1,162.86,4697033.0,
2026-05-29,GANDHAR,163.4,163.45,155.1,155.97,605478.0,
2026-06-01,GANDHAR,156.48,161.1,153.97,157.56,412108.0,
2026-06-02,GANDHAR,155.0,157.11,152.0,155.79,370189.0,
2026-06-03,GANDHAR,156.98,159.38,155.7,157.18,400161.0,
2026-06-04,GANDHAR,157.6,169.5,157.31,161.85,1641710.0,
2026-06-05,GANDHAR,165.64,167.9,158.35,160.73,709636.0,
2026-06-08,GANDHAR,160.0,161.6,156.0,157.58,322862.0,
2026-06-09,GANDHAR,158.0,159.99,155.91,159.34,254894.0,
2026-06-10,GANDHAR,160.8,161.7,154.2,156.08,234704.0,
2026-06-11,GANDHAR,156.0,156.51,153.5,155.43,164637.0,
2026-06-12,GANDHAR,158.0,161.0,156.26,159.48,230691.0,
2026-06-15,GANDHAR,164.7,164.7,157.14,158.48,389356.0,
2026-06-16,GANDHAR,160.89,162.44,157.01,157.81,321183.0,
2026-06-17,GANDHAR,158.1,159.5,155.71,156.15,336058.0,
2026-06-18,GANDHAR,156.6,182.0,156.6,174.11,10986216.0,
2026-06-19,GANDHAR,174.29,184.5,172.02,180.26,3490988.0,
2026-06-22,GANDHAR,181.0,182.59,174.45,175.82,905224.0,
2026-06-23,GANDHAR,176.1,185.0,176.1,180.85,2694715.0,
2026-06-24,GANDHAR,182.0,182.58,176.61,179.44,690955.0,
2026-06-25,GANDHAR,181.54,181.59,174.27,175.15,553223.0,
2026-06-29,GANDHAR,175.14,185.49,172.32,179.16,1020498.0,
2026-06-30,GANDHAR,179.1,184.4,178.2,183.45,599884.0,
2026-07-01,GANDHAR,186.5,186.76,182.1,184.39,616596.0,
2026-07-02,GANDHAR,185.95,188.89,184.02,186.84,1011803.0,
2026-07-03,GANDHAR,186.7,188.01,184.0,186.73,400627.0,
2026-07-06,GANDHAR,187.99,190.99,184.05,188.29,1206573.0,
2026-07-07,GANDHAR,189.5,195.8,184.0,192.65,1448177.0,
2026-07-08,GANDHAR,192.39,194.79,187.0,189.79,1179224.0,
2026-07-09,GANDHAR,190.1,196.8,189.26,193.35,721145.0,
2026-07-10,GANDHAR,196.0,209.8,194.16,203.15,3577702.0,
2026-07-13,GANDHAR,200.4,208.0,200.4,206.12,791984.0,
2026-07-14,GANDHAR,204.0,206.4,201.31,203.27,461951.0,
2026-07-15,GANDHAR,204.0,209.51,203.74,206.82,601959.0,
2026-07-16,GANDHAR,207.0,218.0,207.0,210.95,1252221.0,
2026-07-17,GANDHAR,212.4,212.4,202.53,207.93,586858.0,
2026-07-20,GANDHAR,209.48,231.0,209.1,228.32,3211670.0,
2026-07-21,GANDHAR,231.7,238.0,223.33,227.17,2846526.0,
2026-07-22,GANDHAR,229.49,245.0,228.76,236.19,6966318.0,
2026-07-23,GANDHAR,274.0,283.42,268.22,281.95,25146579.0,
2026-07-24,GANDHAR,290.25,303.17,275.53,282.46,35869266.0,
2026-07-27,GANDHAR,279.0,279.0,231.0,245.47,20541880.0,
2026-07-28,GANDHAR,252.0,255.99,235.55,237.93,9767141.0,
2026-07-29,GANDHAR,237.61,240.0,230.0,232.18,3607556.0,
2026-07-30,GANDHAR,230.45,230.99,215.7,216.93,4300534.0,
2026-07-31,GANDHAR,218.6,233.89,216.0,223.25,6637553.0,
2026-08-03,GANDHAR,224.78,238.27,223.52,231.64,3962749.0,
2026-08-04,GANDHAR,233.48,239.5,230.0,236.1,2789863.0,
2026-08-05,GANDHAR,239.0,239.98,230.0,231.41,1401577.0,
2026-08-06,GANDHAR,233.95,250.0,232.03,242.95,6759414.0,
2026-08-07,GANDHAR,243.7,245.46,239.01,242.71,1529441.0,
2026-08-10,GANDHAR,243.0,243.95,234.76,236.82,1261507.0,
2026-08-11,GANDHAR,237.7,245.8,237.0,243.41,1899221.0,
2026-08-12,GANDHAR,242.01,242.82,235.01,236.28,930996.0,
2026-08-13,GANDHAR,236.5,248.0,236.5,244.75,1608155.0,
2026-08-14,GANDHAR,243.03,247.66,241.0,245.57,807585.0,
2026-08-17,GANDHAR,245.26,250.98,242.71,246.69,953235.0,
2026-08-18,GANDHAR,247.4,256.9,247.4,255.1,2220605.0,
2026-08-19,GANDHAR,256.2,256.2,248.0,250.15,959345.0,
2026-08-20,GANDHAR,252.5,255.79,246.3,254.09,963327.0,
2026-08-21,GANDHAR,257.06,257.25,249.5,250.43,653970.0,
2026-08-24,GANDHAR,255.09,261.0,254.06,256.62,1589659.0,
2026-08-25,GANDHAR,257.35,257.4,251.0,255.42,667901.0,
2026-08-26,GANDHAR,255.48,260.05,254.55,255.39,611255.0,
2026-08-27,GANDHAR,255.39,256.7,251.9,254.85,646662.0,
2026-08-28,GANDHAR,255.0,259.0,253.55,256.47,553101.0,
2026-08-31,GANDHAR,256.46,258.38,251.25,257.72,664788.0,
2026-09-01,GANDHAR,257.7,268.5,255.05,261.8,2578536.0,
2026-09-02,GANDHAR,263.65,267.75,262.1,265.95,1018241.0,
2026-09-03,GANDHAR,268.5,270.95,264.05,267.4,788620.0,
2026-09-04,GANDHAR,268.4,269.05,261.0,267.6,860917.0,
2026-09-07,GANDHAR,268.0,271.8,261.8,264.85,719670.0,
2026-09-08,GANDHAR,263.15,265.95,261.3,264.05,528915.0,
2026-09-09,GANDHAR,264.05,273.45,263.0,265.85,926450.0,
2026-09-10,GANDHAR,269.0,278.0,269.0,271.3,1490894.0,
2026-09-11,GANDHAR,271.3,274.95,266.55,272.7,748277.0,
2026-09-15,GANDHAR,274.2,275.85,257.8,260.45,886074.0,
2026-09-16,GANDHAR,262.45,262.95,247.05,258.95,888416.0,
2026-09-17,GANDHAR,257.3,271.7,257.3,269.4,661006.0,
2026-09-18,GANDHAR,268.2,277.2,268.0,276.2,670870.0,
2026-09-21,GANDHAR,276.2,277.95,265.2,267.65,534706.0,
2026-09-22,GANDHAR,269.0,271.65,266.3,269.05,380656.0,
2026-09-23,GANDHAR,269.0,274.0,266.5,268.4,365423.0,
2026-09-24,GANDHAR,266.0,267.85,261.7,262.7,311752.0,
2025-09-29,GANESHCP,296.05,308.7,291.65,294.3,5493770.0,
2025-09-30,GANESHCP,290.0,299.7,280.35,285.1,934074.0,
2025-10-01,GANESHCP,283.0,290.4,280.7,282.3,319891.0,
2025-10-03,GANESHCP,282.0,298.9,280.1,290.05,655196.0,
2025-10-06,GANESHCP,290.05,309.95,286.45,305.55,957172.0,
2025-10-07,GANESHCP,305.0,306.9,288.8,292.3,411916.0,
2025-10-08,GANESHCP,290.4,298.95,286.85,295.15,344257.0,
2025-10-09,GANESHCP,294.0,302.85,290.2,293.75,297458.0,
2025-10-10,GANESHCP,292.95,307.4,292.25,302.6,449091.0,
2025-10-13,GANESHCP,302.25,303.1,290.25,294.15,320519.0,
2025-10-14,GANESHCP,294.15,296.0,281.15,283.0,224915.0,
2025-10-15,GANESHCP,285.0,288.7,281.4,286.75,169874.0,
2025-10-16,GANESHCP,287.7,294.4,283.5,285.45,470786.0,
2025-10-17,GANESHCP,286.0,295.0,285.0,288.35,386008.0,
2025-10-20,GANESHCP,288.9,289.95,282.85,284.55,610397.0,
2025-10-21,GANESHCP,289.85,292.0,280.0,281.3,273717.0,
2025-10-23,GANESHCP,282.7,287.0,282.0,282.9,238593.0,
2025-10-24,GANESHCP,283.0,284.95,279.15,283.85,464899.0,
2025-10-27,GANESHCP,283.0,286.2,277.5,278.75,293345.0,
2025-10-28,GANESHCP,280.0,284.2,278.1,283.4,83704.0,
2025-10-29,GANESHCP,281.05,285.5,280.0,282.4,119130.0,
2025-10-30,GANESHCP,282.3,294.3,281.95,291.8,405683.0,
2025-10-31,GANESHCP,291.8,293.95,281.8,284.5,196006.0,
2025-11-03,GANESHCP,284.5,287.45,281.1,282.3,114354.0,
2025-11-04,GANESHCP,282.3,283.5,271.15,274.4,149568.0,
2025-11-06,GANESHCP,274.4,276.5,261.0,262.9,141948.0,
2025-11-07,GANESHCP,263.05,280.8,250.1,276.85,686373.0,
2025-11-10,GANESHCP,276.4,292.45,274.4,288.6,384678.0,
2025-11-11,GANESHCP,285.6,287.9,279.95,282.05,113717.0,
2025-11-12,GANESHCP,285.0,285.95,281.05,284.4,79133.0,
2025-11-13,GANESHCP,287.8,295.65,283.15,293.3,187110.0,
2025-11-14,GANESHCP,290.0,291.7,286.6,288.95,66312.0,
2025-11-17,GANESHCP,287.5,290.95,280.2,283.6,77268.0,
2025-11-18,GANESHCP,283.5,285.55,275.3,276.45,81854.0,
2025-11-19,GANESHCP,277.1,278.8,272.05,272.7,65425.0,
2025-11-20,GANESHCP,272.7,278.0,270.1,271.5,49142.0,
2025-11-21,GANESHCP,270.8,274.95,269.05,272.4,35546.0,
2025-11-24,GANESHCP,272.0,273.55,252.4,256.25,149136.0,
2025-11-25,GANESHCP,259.0,274.75,256.35,269.45,250749.0,
2025-11-26,GANESHCP,269.7,272.9,265.9,270.05,69447.0,
2025-11-27,GANESHCP,271.35,280.15,264.5,274.9,113684.0,
2025-11-28,GANESHCP,270.85,279.5,270.8,273.35,81947.0,
2025-12-01,GANESHCP,272.0,274.5,265.85,267.8,33060.0,
2025-12-02,GANESHCP,269.95,269.95,253.6,257.15,74482.0,
2025-12-03,GANESHCP,257.9,260.0,250.1,250.85,50445.0,
2025-12-04,GANESHCP,250.95,251.45,239.7,243.45,210342.0,
2025-12-05,GANESHCP,241.0,243.0,238.5,240.65,51518.0,
2025-12-08,GANESHCP,240.65,250.75,228.4,247.2,185318.0,
2025-12-09,GANESHCP,247.2,247.2,237.2,240.85,93029.0,
2025-12-10,GANESHCP,240.0,242.1,233.05,235.85,41699.0,
2025-12-11,GANESHCP,234.4,237.1,232.0,235.55,26023.0,
2025-12-12,GANESHCP,236.0,247.0,235.65,239.1,152581.0,
2025-12-15,GANESHCP,242.0,242.05,235.0,235.4,42807.0,
2025-12-16,GANESHCP,237.7,237.7,233.0,234.2,28152.0,
2025-12-17,GANESHCP,236.55,238.05,232.8,233.7,32212.0,
2025-12-18,GANESHCP,233.75,233.75,224.0,227.1,120838.0,
2025-12-19,GANESHCP,228.0,230.95,227.85,229.1,29346.0,
2025-12-22,GANESHCP,228.55,237.15,221.0,221.75,220259.0,
2025-12-23,GANESHCP,221.7,231.0,217.0,229.5,130057.0,
2025-12-24,GANESHCP,229.5,229.5,226.0,227.15,41982.0,
2025-12-26,GANESHCP,228.0,228.0,217.25,218.35,143092.0,
2025-12-29,GANESHCP,218.9,219.45,210.0,211.5,104550.0,
2025-12-30,GANESHCP,212.45,217.5,211.35,216.0,45152.0,
2025-12-31,GANESHCP,216.0,237.0,214.5,227.0,472177.0,
2026-01-01,GANESHCP,227.0,230.87,225.0,226.38,34809.0,
2026-01-02,GANESHCP,227.0,228.21,222.8,224.77,56818.0,
2026-01-05,GANESHCP,224.77,225.4,221.4,222.54,20245.0,
2026-01-06,GANESHCP,222.33,223.0,219.55,220.23,21807.0,
2026-01-07,GANESHCP,219.75,222.0,217.0,217.45,27616.0,
2026-01-08,GANESHCP,218.0,219.0,209.0,209.24,74456.0,
2026-01-09,GANESHCP,209.22,210.06,203.25,204.08,43373.0,
2026-01-12,GANESHCP,204.05,209.45,195.1,205.19,119976.0,
2026-01-13,GANESHCP,205.19,211.0,203.22,209.33,39108.0,
2026-01-14,GANESHCP,209.0,209.0,203.05,204.17,90716.0,
2026-01-16,GANESHCP,203.3,204.52,199.0,200.59,124527.0,
2026-01-19,GANESHCP,200.0,207.35,198.32,204.92,223382.0,
2026-01-20,GANESHCP,205.05,209.7,195.1,201.16,298536.0,
2026-01-21,GANESHCP,198.55,201.39,190.8,193.84,296991.0,
2026-01-22,GANESHCP,196.36,200.19,195.78,199.22,80861.0,
2026-01-23,GANESHCP,197.25,200.0,192.6,194.58,58410.0,
2026-01-27,GANESHCP,193.81,197.94,188.3,195.9,260697.0,
2026-01-28,GANESHCP,192.55,205.0,192.55,199.21,115419.0,
2026-01-29,GANESHCP,201.05,203.19,194.3,194.86,61400.0,
2026-01-30,GANESHCP,194.5,202.31,191.21,194.4,207836.0,
2026-02-02,GANESHCP,198.0,199.27,193.25,196.25,24884.0,
2026-02-03,GANESHCP,201.5,211.84,200.0,203.57,169107.0,
2026-02-04,GANESHCP,205.0,218.0,203.68,216.6,61980.0,
2026-02-05,GANESHCP,212.0,215.99,198.61,201.1,184446.0,
2026-02-06,GANESHCP,201.1,201.17,196.22,196.76,30729.0,
2026-02-09,GANESHCP,194.76,199.73,194.76,197.06,121850.0,
2026-02-10,GANESHCP,196.2,203.0,195.39,197.52,204864.0,
2026-02-11,GANESHCP,198.66,198.66,195.43,196.37,35435.0,
2026-02-12,GANESHCP,195.81,197.91,190.0,191.55,65245.0,
2026-02-13,GANESHCP,191.0,192.0,186.71,189.93,102924.0,
2026-02-16,GANESHCP,188.9,189.11,186.61,187.21,62302.0,
2026-02-17,GANESHCP,187.5,193.5,185.21,190.38,696502.0,
2026-02-18,GANESHCP,190.0,192.29,187.03,190.93,55278.0,
2026-02-19,GANESHCP,190.0,192.0,183.72,184.77,64343.0,
2026-02-20,GANESHCP,185.12,185.78,181.1,182.23,96863.0,
2026-02-23,GANESHCP,184.0,185.79,177.01,179.66,80534.0,
2026-02-24,GANESHCP,178.05,178.72,167.67,170.71,113562.0,
2026-02-25,GANESHCP,170.0,172.45,162.42,164.29,128362.0,
2026-02-26,GANESHCP,164.29,177.71,164.29,173.02,470402.0,
2026-02-27,GANESHCP,173.0,179.0,168.91,176.08,267864.0,
2026-03-02,GANESHCP,174.0,188.0,166.86,185.7,808814.0,
2026-03-04,GANESHCP,182.5,189.38,178.25,184.31,185215.0,
2026-03-05,GANESHCP,187.81,187.81,172.4,177.43,351131.0,
2026-03-06,GANESHCP,177.45,177.8,168.19,169.43,130158.0,
2026-03-09,GANESHCP,165.0,165.82,160.4,162.91,200951.0,
2026-03-10,GANESHCP,165.82,174.5,164.34,173.29,373800.0,
2026-03-11,GANESHCP,176.58,178.0,166.8,170.1,176373.0,
2026-03-12,GANESHCP,169.5,171.42,165.66,169.69,51854.0,
2026-03-13,GANESHCP,169.69,169.69,154.23,155.5,214252.0,
2026-03-16,GANESHCP,156.99,159.98,152.0,157.91,152920.0,
2026-03-17,GANESHCP,158.0,164.0,157.0,158.18,99352.0,
2026-03-18,GANESHCP,159.45,178.0,159.45,170.16,580004.0,
2026-03-19,GANESHCP,165.34,171.0,163.33,170.4,193334.0,
2026-03-20,GANESHCP,170.99,177.0,170.0,174.04,183821.0,
2026-03-23,GANESHCP,169.95,171.9,157.82,161.62,247826.0,
2026-03-24,GANESHCP,164.6,167.09,159.3,165.41,143649.0,
2026-03-25,GANESHCP,166.35,174.83,166.09,167.14,313472.0,
2026-03-27,GANESHCP,167.13,172.7,162.99,166.44,286104.0,
2026-03-30,GANESHCP,164.0,177.0,160.21,170.38,608849.0,
2026-04-01,GANESHCP,170.38,177.79,170.38,174.32,165456.0,
2026-04-02,GANESHCP,173.5,182.68,171.0,180.3,221509.0,
2026-04-06,GANESHCP,182.45,196.15,176.1,194.68,281931.0,
2026-04-07,GANESHCP,195.89,202.0,195.65,198.14,230969.0,
2026-04-08,GANESHCP,203.0,209.0,200.51,204.26,119920.0,
2026-04-09,GANESHCP,204.26,205.09,192.15,195.58,217054.0,
2026-04-10,GANESHCP,198.0,203.43,193.6,195.25,157394.0,
2026-04-13,GANESHCP,193.85,195.18,188.86,191.44,80523.0,
2026-04-15,GANESHCP,197.0,200.6,193.53,196.57,106517.0,
2026-04-16,GANESHCP,199.5,199.5,194.08,196.28,69600.0,
2026-04-17,GANESHCP,196.05,201.34,194.99,195.82,165991.0,
2026-04-20,GANESHCP,197.39,197.39,190.2,191.15,74645.0,
2026-04-21,GANESHCP,192.95,195.0,190.0,191.01,62081.0,
2026-04-22,GANESHCP,191.01,196.73,188.21,195.34,73901.0,
2026-04-23,GANESHCP,195.2,195.97,189.61,190.52,55016.0,
2026-04-24,GANESHCP,192.85,194.0,185.28,187.1,84506.0,
2026-04-27,GANESHCP,189.51,193.5,187.0,191.58,71142.0,
2026-04-28,GANESHCP,192.0,200.93,189.05,195.68,194371.0,
2026-04-29,GANESHCP,195.68,197.46,192.25,194.17,92030.0,
2026-04-30,GANESHCP,193.1,197.12,192.0,195.08,44793.0,
2026-05-04,GANESHCP,195.5,218.24,194.65,204.41,382642.0,
2026-05-05,GANESHCP,204.41,205.0,198.22,203.15,65688.0,
2026-05-06,GANESHCP,206.0,209.04,202.82,207.8,99895.0,
2026-05-07,GANESHCP,207.99,213.0,206.42,210.41,90946.0,
2026-05-08,GANESHCP,208.79,227.0,206.04,219.22,263067.0,
2026-05-11,GANESHCP,218.93,218.93,206.69,210.22,36713.0,
2026-05-12,GANESHCP,210.21,210.21,194.63,195.77,70994.0,
2026-05-13,GANESHCP,197.34,206.0,193.71,201.72,45858.0,
2026-05-14,GANESHCP,203.0,206.06,195.61,196.44,38549.0,
2026-05-15,GANESHCP,197.7,199.74,195.1,195.77,15840.0,
2026-05-18,GANESHCP,195.0,195.0,186.56,189.73,57751.0,
2026-05-19,GANESHCP,192.33,194.69,190.0,190.82,20656.0,
2026-05-20,GANESHCP,192.49,192.89,189.0,192.39,20600.0,
2026-05-21,GANESHCP,191.72,212.0,191.72,205.91,149516.0,
2026-05-22,GANESHCP,205.0,212.0,204.36,209.33,118499.0,
2026-05-25,GANESHCP,209.21,217.0,201.66,203.23,171681.0,
2026-05-26,GANESHCP,203.0,205.36,197.0,199.06,61550.0,
2026-05-27,GANESHCP,200.4,200.63,193.8,196.53,77186.0,
2026-05-29,GANESHCP,196.4,204.76,193.5,196.56,104434.0,
2026-06-01,GANESHCP,198.1,209.9,197.8,203.83,228918.0,
2026-06-02,GANESHCP,200.77,223.33,198.91,216.77,255690.0,
2026-06-03,GANESHCP,216.77,222.7,208.55,211.36,137807.0,
2026-06-04,GANESHCP,208.62,215.0,206.36,208.92,72172.0,
2026-06-05,GANESHCP,208.09,211.17,206.71,208.92,63895.0,
2026-06-08,GANESHCP,209.4,210.28,203.0,204.18,33699.0,
2026-06-09,GANESHCP,204.2,209.8,202.44,204.57,68142.0,
2026-06-10,GANESHCP,206.47,210.2,200.2,200.85,64767.0,
2026-06-11,GANESHCP,201.99,204.09,197.54,198.18,42953.0,
2026-06-12,GANESHCP,200.29,204.75,198.02,198.7,81923.0,
2026-06-15,GANESHCP,203.8,207.19,202.0,202.72,33394.0,
2026-06-16,GANESHCP,205.71,205.71,202.0,204.1,56827.0,
2026-06-17,GANESHCP,205.62,205.62,203.03,203.98,25061.0,
2026-06-18,GANESHCP,204.7,205.32,195.25,198.16,87294.0,
2026-06-19,GANESHCP,197.85,201.18,194.51,198.04,138689.0,
2026-06-22,GANESHCP,198.04,204.65,198.0,201.14,80106.0,
2026-06-23,GANESHCP,200.1,210.41,196.0,197.13,205867.0,
2026-06-24,GANESHCP,197.63,203.01,197.0,199.96,90580.0,
2026-06-25,GANESHCP,200.05,201.89,192.32,193.67,114609.0,
2026-06-29,GANESHCP,193.0,195.45,191.31,193.55,52434.0,
2026-06-30,GANESHCP,193.5,195.32,191.08,191.9,99831.0,
2026-07-01,GANESHCP,192.15,198.5,192.15,197.91,37502.0,
2026-07-02,GANESHCP,198.8,199.58,196.2,197.72,32666.0,
2026-07-03,GANESHCP,199.19,199.9,196.33,197.47,48576.0,
2026-07-06,GANESHCP,198.45,200.9,194.1,195.66,101642.0,
2026-07-07,GANESHCP,196.0,197.0,194.0,195.57,40239.0,
2026-07-08,GANESHCP,196.4,196.4,189.1,190.91,75738.0,
2026-07-09,GANESHCP,191.01,193.45,188.21,190.02,78460.0,
2026-07-10,GANESHCP,189.61,192.12,188.62,189.85,35534.0,
2026-07-13,GANESHCP,189.6,189.6,187.55,189.23,16053.0,
2026-07-14,GANESHCP,189.1,189.1,182.45,184.41,72243.0,
2026-07-15,GANESHCP,183.2,188.53,180.0,182.39,52597.0,
2026-07-16,GANESHCP,183.69,184.0,181.05,182.15,35288.0,
2026-07-17,GANESHCP,183.19,183.19,176.26,177.86,70757.0,
2026-07-20,GANESHCP,179.0,179.01,163.0,172.89,521988.0,
2026-07-21,GANESHCP,172.89,179.35,172.77,178.47,61730.0,
2026-07-22,GANESHCP,176.89,177.12,173.81,175.13,34175.0,
2026-07-23,GANESHCP,175.13,176.98,169.44,170.57,35921.0,
2026-07-24,GANESHCP,171.83,175.19,169.31,171.84,77531.0,
2026-07-27,GANESHCP,173.7,174.58,168.1,169.9,32572.0,
2026-07-28,GANESHCP,169.3,171.9,168.06,168.96,42835.0,
2026-07-29,GANESHCP,169.2,173.69,166.56,167.19,120251.0,
2026-07-30,GANESHCP,168.0,168.99,162.91,164.08,120390.0,
2026-07-31,GANESHCP,164.08,183.31,164.08,178.28,1612846.0,
2026-08-03,GANESHCP,180.98,184.7,175.27,177.8,193376.0,
2026-08-04,GANESHCP,177.82,180.0,174.0,175.62,64425.0,
2026-08-05,GANESHCP,178.69,178.69,171.01,172.09,120476.0,
2026-08-06,GANESHCP,172.09,173.37,163.1,164.94,205454.0,
2026-08-07,GANESHCP,164.9,166.61,161.05,161.8,222144.0,
2026-08-10,GANESHCP,161.0,164.17,160.0,161.58,203788.0,
2026-08-11,GANESHCP,161.5,163.99,160.39,161.7,68827.0,
2026-08-12,GANESHCP,162.85,164.85,160.5,162.26,51839.0,
2026-08-13,GANESHCP,163.6,170.0,160.0,162.43,250672.0,
2026-08-14,GANESHCP,160.94,166.1,159.1,160.54,239392.0,
2026-08-17,GANESHCP,161.4,165.89,161.39,163.96,262720.0,
2026-08-18,GANESHCP,164.9,167.38,162.5,165.38,198021.0,
2026-08-19,GANESHCP,165.99,165.99,163.17,164.02,67750.0,
2026-08-20,GANESHCP,165.99,165.99,161.95,162.35,92665.0,
2026-08-21,GANESHCP,162.15,164.5,160.69,161.24,153099.0,
2026-08-24,GANESHCP,161.24,163.88,160.75,161.73,68311.0,
2026-08-25,GANESHCP,162.83,168.2,161.05,166.23,187614.0,
2026-08-26,GANESHCP,167.0,171.2,163.25,166.07,121189.0,
2026-08-27,GANESHCP,167.39,167.75,162.25,163.49,74014.0,
2026-08-28,GANESHCP,165.49,180.0,165.09,174.15,542827.0,
2026-08-31,GANESHCP,175.01,180.0,170.0,171.15,126452.0,
2026-09-01,GANESHCP,172.64,174.8,166.75,168.2,116515.0,
2026-09-02,GANESHCP,167.0,170.0,166.5,167.47,67303.0,
2026-09-03,GANESHCP,170.01,174.9,167.09,168.82,151836.0,
2026-09-04,GANESHCP,169.79,176.98,168.47,174.46,117370.0,
2026-09-07,GANESHCP,177.0,178.75,168.25,169.59,155960.0,
2026-09-08,GANESHCP,170.95,172.04,167.5,169.71,620162.0,
2026-09-09,GANESHCP,170.0,174.0,166.47,167.58,362392.0,
2026-09-10,GANESHCP,168.67,170.0,165.5,166.98,317609.0,
2026-09-11,GANESHCP,166.98,169.49,165.25,167.36,278416.0,
2026-09-15,GANESHCP,168.41,168.54,163.25,163.79,70307.0,
2026-09-16,GANESHCP,163.5,164.32,160.42,163.07,61120.0,
2026-09-17,GANESHCP,162.75,167.9,162.75,164.47,70600.0,
2026-09-18,GANESHCP,165.97,171.24,163.51,169.2,98944.0,
2026-09-21,GANESHCP,171.4,176.99,169.08,171.4,122957.0,
2026-09-22,GANESHCP,172.0,172.01,165.75,166.59,112408.0,
2026-09-23,GANESHCP,167.43,168.07,163.75,164.48,120311.0,
2026-09-24,GANESHCP,164.97,166.13,161.49,161.92,179057.0,
2025-09-10,GOKUL,39.93,40.4,39.52,39.96,24242.0,
2025-09-11,GOKUL,40.0,40.39,39.82,40.14,20997.0,
2025-09-12,GOKUL,40.49,40.5,39.56,39.83,18609.0,
2025-09-15,GOKUL,39.16,40.4,39.16,40.3,33796.0,
2025-09-16,GOKUL,40.7,44.0,40.51,43.5,241193.0,
2025-09-17,GOKUL,43.93,45.5,43.12,44.89,99807.0,
2025-09-18,GOKUL,45.49,45.49,43.0,43.49,43689.0,
2025-09-19,GOKUL,43.49,45.89,43.0,44.52,88341.0,
2025-09-22,GOKUL,45.8,45.8,43.6,44.44,36687.0,
2025-09-23,GOKUL,44.44,44.94,43.1,43.72,24615.0,
2025-09-24,GOKUL,43.41,43.71,43.05,43.36,11827.0,
2025-09-25,GOKUL,43.03,44.71,42.01,42.81,25158.0,
2025-09-26,GOKUL,42.05,44.09,40.55,41.13,63057.0,
2025-09-29,GOKUL,42.9,42.9,41.2,41.94,25614.0,
2025-09-30,GOKUL,42.5,42.5,41.1,42.04,12500.0,
2025-10-01,GOKUL,42.04,42.9,41.75,42.82,14184.0,
2025-10-03,GOKUL,44.0,44.0,42.41,43.27,23388.0,
2025-10-06,GOKUL,43.27,43.9,42.6,43.54,27587.0,
2025-10-07,GOKUL,43.54,43.82,42.5,42.89,21568.0,
2025-10-08,GOKUL,42.3,43.19,42.0,42.12,32118.0,
2025-10-09,GOKUL,42.98,43.2,41.83,42.83,17857.0,
2025-10-10,GOKUL,42.51,43.0,42.11,42.48,16762.0,
2025-10-13,GOKUL,42.48,43.98,41.05,41.42,27596.0,
2025-10-14,GOKUL,42.25,42.3,40.45,40.83,26720.0,
2025-10-15,GOKUL,40.15,41.62,40.15,40.98,19134.0,
2025-10-16,GOKUL,41.25,41.44,40.88,41.22,15458.0,
2025-10-17,GOKUL,40.88,41.38,40.05,40.46,21347.0,
2025-10-20,GOKUL,41.44,41.44,40.06,40.58,13094.0,
2025-10-21,GOKUL,41.0,41.39,40.0,40.44,5363.0,
2025-10-23,GOKUL,41.0,41.2,40.45,40.96,17550.0,
2025-10-24,GOKUL,41.39,41.39,40.8,41.01,6166.0,
2025-10-27,GOKUL,40.62,41.77,40.09,40.18,32406.0,
2025-10-28,GOKUL,40.38,40.79,40.01,40.16,13752.0,
2025-10-29,GOKUL,40.06,40.75,40.06,40.4,10369.0,
2025-10-30,GOKUL,40.75,40.75,40.15,40.54,10025.0,
2025-10-31,GOKUL,40.1,41.24,40.0,40.52,10012.0,
2025-11-03,GOKUL,41.32,41.79,40.1,41.01,30007.0,
2025-11-04,GOKUL,40.9,41.29,40.41,41.17,6949.0,
2025-11-06,GOKUL,40.4,41.2,40.0,40.33,15388.0,
2025-11-07,GOKUL,40.5,41.2,39.56,40.54,14781.0,
2025-11-10,GOKUL,39.8,41.5,39.8,40.52,33033.0,
2025-11-11,GOKUL,41.14,41.14,39.0,40.23,62089.0,
2025-11-12,GOKUL,40.35,40.87,40.19,40.4,6732.0,
2025-11-13,GOKUL,40.79,40.79,39.2,40.2,41502.0,
2025-11-14,GOKUL,40.19,40.82,39.5,39.89,15718.0,
2025-11-17,GOKUL,39.8,40.39,39.15,39.68,25494.0,
2025-11-18,GOKUL,39.31,39.93,37.7,38.19,68266.0,
2025-11-19,GOKUL,38.65,38.65,37.8,38.1,25520.0,
2025-11-20,GOKUL,38.5,38.85,36.21,36.95,45840.0,
2025-11-21,GOKUL,37.79,39.1,36.21,38.56,72720.0,
2025-11-24,GOKUL,38.99,40.1,38.5,39.89,102116.0,
2025-11-25,GOKUL,39.11,40.59,39.11,40.16,29460.0,
2025-11-26,GOKUL,40.0,40.45,39.0,40.14,28217.0,
2025-11-27,GOKUL,40.0,40.39,39.9,40.24,16342.0,
2025-11-28,GOKUL,40.5,40.58,39.9,40.23,10766.0,
2025-12-01,GOKUL,40.29,40.35,39.6,40.07,15977.0,
2025-12-02,GOKUL,39.6,40.07,39.5,39.89,11715.0,
2025-12-03,GOKUL,39.98,40.1,39.7,39.87,9251.0,
2025-12-04,GOKUL,39.98,40.0,39.6,39.83,14432.0,
2025-12-05,GOKUL,39.99,40.0,38.95,39.07,23078.0,
2025-12-08,GOKUL,38.52,40.01,38.5,38.71,26193.0,
2025-12-09,GOKUL,38.71,40.2,38.7,39.95,19720.0,
2025-12-10,GOKUL,40.15,40.65,39.27,40.03,9723.0,
2025-12-11,GOKUL,40.5,40.5,39.06,40.21,28845.0,
2025-12-12,GOKUL,40.55,41.5,39.9,40.8,44335.0,
2025-12-15,GOKUL,40.6,41.47,40.13,40.41,9629.0,
2025-12-16,GOKUL,40.61,40.67,39.4,39.82,12357.0,
2025-12-17,GOKUL,40.48,40.48,39.3,39.9,24018.0,
2025-12-18,GOKUL,40.8,40.8,39.1,39.62,14132.0,
2025-12-19,GOKUL,39.21,40.37,39.21,39.79,16434.0,
2025-12-22,GOKUL,39.55,39.8,38.7,39.03,29108.0,
2025-12-23,GOKUL,39.03,39.75,37.33,38.33,61346.0,
2025-12-24,GOKUL,39.32,39.32,37.8,38.25,25954.0,
2025-12-26,GOKUL,38.9,38.9,38.2,38.46,18672.0,
2025-12-29,GOKUL,38.46,38.85,37.6,38.25,24946.0,
2025-12-30,GOKUL,38.25,38.64,37.83,38.41,18974.0,
2025-12-31,GOKUL,38.05,38.41,37.4,38.25,24168.0,
2026-01-01,GOKUL,38.45,38.9,37.58,37.98,17371.0,
2026-01-02,GOKUL,38.01,39.95,37.7,39.38,20760.0,
2026-01-05,GOKUL,39.0,40.1,38.41,38.87,12562.0,
2026-01-06,GOKUL,38.52,39.98,37.71,39.24,56626.0,
2026-01-07,GOKUL,39.43,39.98,38.52,39.24,16513.0,
2026-01-08,GOKUL,39.01,39.23,38.1,38.91,9839.0,
2026-01-09,GOKUL,38.91,39.35,37.6,38.59,23166.0,
2026-01-12,GOKUL,38.4,40.0,37.0,37.44,166114.0,
2026-01-13,GOKUL,38.0,38.85,37.44,38.3,12728.0,
2026-01-14,GOKUL,38.87,38.87,37.21,38.07,29803.0,
2026-01-16,GOKUL,38.27,39.09,37.88,38.78,14447.0,
2026-01-19,GOKUL,38.78,39.01,37.72,38.38,25152.0,
2026-01-20,GOKUL,38.18,38.38,37.71,37.98,9109.0,
2026-01-21,GOKUL,37.98,37.98,36.0,36.71,23498.0,
2026-01-22,GOKUL,36.9,38.25,36.9,37.23,13871.0,
2026-01-23,GOKUL,37.99,38.0,36.41,36.63,28336.0,
2026-01-27,GOKUL,36.63,37.89,35.9,36.41,13871.0,
2026-01-28,GOKUL,37.01,37.55,36.01,36.57,8171.0,
2026-01-29,GOKUL,37.0,37.1,36.03,36.76,11106.0,
2026-01-30,GOKUL,36.11,36.89,36.04,36.15,10491.0,
2026-02-02,GOKUL,36.95,36.95,35.63,35.77,3717.0,
2026-02-03,GOKUL,37.45,37.5,35.15,35.53,38669.0,
2026-02-04,GOKUL,35.51,36.4,35.09,35.66,18042.0,
2026-02-05,GOKUL,36.5,36.5,34.96,35.03,24003.0,
2026-02-06,GOKUL,35.04,35.59,34.87,34.95,10158.0,
2026-02-09,GOKUL,35.69,35.69,34.1,34.87,17779.0,
2026-02-10,GOKUL,34.87,35.95,33.75,34.36,50426.0,
2026-02-11,GOKUL,34.87,34.87,32.15,32.94,58766.0,
2026-02-12,GOKUL,32.5,32.51,31.32,32.04,36444.0,
2026-02-13,GOKUL,32.45,32.45,31.0,31.72,25233.0,
2026-02-16,GOKUL,32.5,34.44,32.5,33.86,44113.0,
2026-02-17,GOKUL,34.2,34.2,32.77,33.57,44285.0,
2026-02-18,GOKUL,33.73,40.28,33.73,40.28,1222234.0,
2026-02-19,GOKUL,43.0,43.44,39.8,40.52,459761.0,
2026-02-20,GOKUL,39.15,41.9,38.61,39.56,194812.0,
2026-02-23,GOKUL,41.0,41.0,39.41,40.27,74155.0,
2026-02-24,GOKUL,39.9,40.8,38.9,40.39,97410.0,
2026-02-25,GOKUL,41.0,42.9,40.29,41.61,58932.0,
2026-02-26,GOKUL,42.9,42.9,40.82,41.4,52478.0,
2026-02-27,GOKUL,40.86,41.89,39.6,40.34,46382.0,
2026-03-02,GOKUL,38.5,39.26,36.3,36.58,46119.0,
2026-03-04,GOKUL,36.55,39.3,36.55,38.64,74091.0,
2026-03-05,GOKUL,39.4,40.87,39.06,39.91,47905.0,
2026-03-06,GOKUL,40.85,40.85,39.13,39.99,27816.0,
2026-03-09,GOKUL,37.55,40.8,37.55,40.02,71341.0,
2026-03-10,GOKUL,40.01,40.74,40.0,40.44,73253.0,
2026-03-11,GOKUL,40.57,42.8,40.2,41.78,66799.0,
2026-03-12,GOKUL,41.92,41.92,41.03,41.22,26450.0,
2026-03-13,GOKUL,42.0,43.88,39.3,40.7,94799.0,
2026-03-16,GOKUL,42.0,42.0,38.41,40.12,89672.0,
2026-03-17,GOKUL,40.35,41.4,40.05,40.57,30752.0,
2026-03-18,GOKUL,41.5,43.8,41.38,42.86,304102.0,
2026-03-19,GOKUL,42.7,42.7,40.9,41.11,111673.0,
2026-03-20,GOKUL,41.24,44.39,41.24,42.92,128442.0,
2026-03-23,GOKUL,42.05,42.19,39.24,39.53,83281.0,
2026-03-24,GOKUL,39.53,41.05,39.5,39.62,40037.0,
2026-03-25,GOKUL,40.41,40.6,39.12,39.44,14818.0,
2026-03-27,GOKUL,38.5,40.0,38.07,38.12,29047.0,
2026-03-30,GOKUL,37.73,37.73,34.1,34.66,76242.0,
2026-04-01,GOKUL,35.11,37.9,35.11,37.79,39052.0,
2026-04-02,GOKUL,36.95,39.49,35.8,38.2,30292.0,
2026-04-06,GOKUL,38.01,39.5,38.01,39.39,13360.0,
2026-04-07,GOKUL,39.99,39.99,38.4,39.19,14172.0,
2026-04-08,GOKUL,39.5,40.5,39.2,39.91,33058.0,
2026-04-09,GOKUL,39.91,40.1,39.01,39.06,11113.0,
2026-04-10,GOKUL,40.3,40.3,38.5,39.9,31722.0,
2026-04-13,GOKUL,40.3,40.3,38.2,38.84,14098.0,
2026-04-15,GOKUL,39.0,40.3,39.0,39.4,10271.0,
2026-04-16,GOKUL,39.58,40.24,39.0,39.44,9037.0,
2026-04-17,GOKUL,40.24,40.24,38.72,39.96,22941.0,
2026-04-20,GOKUL,40.48,42.4,39.15,41.25,76959.0,
2026-04-21,GOKUL,41.95,41.95,40.4,40.56,18174.0,
2026-04-22,GOKUL,40.23,41.75,40.23,40.86,43747.0,
2026-04-23,GOKUL,41.7,41.7,40.01,40.52,13701.0,
2026-04-24,GOKUL,41.45,41.45,39.03,39.41,14646.0,
2026-04-27,GOKUL,39.53,41.4,39.53,40.41,9438.0,
2026-04-28,GOKUL,39.11,41.44,39.11,40.74,12517.0,
2026-04-29,GOKUL,40.74,41.29,39.32,39.89,19492.0,
2026-04-30,GOKUL,39.89,40.7,39.05,39.65,13229.0,
2026-05-04,GOKUL,39.25,40.79,39.25,39.73,6374.0,
2026-05-05,GOKUL,39.32,40.86,39.32,40.28,33969.0,
2026-05-06,GOKUL,40.9,41.0,39.6,40.18,24003.0,
2026-05-07,GOKUL,40.78,40.78,38.7,39.64,36566.0,
2026-05-08,GOKUL,39.64,40.5,39.02,39.64,43629.0,
2026-05-11,GOKUL,39.64,40.6,38.8,40.23,132176.0,
2026-05-12,GOKUL,40.23,40.87,38.6,39.3,119511.0,
2026-05-13,GOKUL,38.81,40.79,38.81,40.19,156931.0,
2026-05-14,GOKUL,40.15,45.4,40.1,42.35,373369.0,
2026-05-15,GOKUL,43.9,45.0,42.56,42.92,174127.0,
2026-05-18,GOKUL,43.0,43.0,40.54,41.02,137721.0,
2026-05-19,GOKUL,41.88,42.05,40.52,41.6,135606.0,
2026-05-20,GOKUL,40.82,41.78,40.8,41.11,141817.0,
2026-05-21,GOKUL,41.11,41.87,39.5,39.82,217618.0,
2026-05-22,GOKUL,40.79,40.79,40.01,40.3,134349.0,
2026-05-25,GOKUL,40.54,41.5,40.5,41.3,167175.0,
2026-05-26,GOKUL,41.85,41.85,40.55,41.08,140560.0,
2026-05-27,GOKUL,41.32,44.99,40.8,43.84,275981.0,
2026-05-29,GOKUL,43.85,44.93,40.5,41.07,203541.0,
2026-06-01,GOKUL,41.29,42.8,40.55,42.0,145931.0,
2026-06-02,GOKUL,40.6,41.98,40.6,41.25,144278.0,
2026-06-03,GOKUL,41.45,42.5,40.2,40.47,163783.0,
2026-06-04,GOKUL,40.4,41.4,40.0,40.43,134821.0,
2026-06-05,GOKUL,41.85,41.85,40.01,40.29,124357.0,
2026-06-08,GOKUL,40.0,40.99,39.55,40.34,129499.0,
2026-06-09,GOKUL,40.95,41.7,40.21,40.68,150619.0,
2026-06-10,GOKUL,40.92,41.25,40.58,40.94,121538.0,
2026-06-11,GOKUL,41.47,41.92,39.51,39.99,180578.0,
2026-06-12,GOKUL,40.95,43.99,40.2,40.66,247910.0,
2026-06-15,GOKUL,42.2,42.2,40.7,40.97,145110.0,
2026-06-16,GOKUL,40.85,41.9,40.64,40.71,660590.0,
2026-06-17,GOKUL,41.5,43.5,41.31,42.5,244863.0,
2026-06-18,GOKUL,42.11,43.0,41.2,41.34,145636.0,
2026-06-19,GOKUL,41.45,42.4,41.21,41.67,162134.0,
2026-06-22,GOKUL,41.06,45.5,41.06,43.67,339398.0,
2026-06-23,GOKUL,44.24,44.24,42.1,42.29,172983.0,
2026-06-24,GOKUL,42.29,44.2,42.0,43.01,230793.0,
2026-06-25,GOKUL,43.0,43.17,41.5,41.6,194461.0,
2026-06-29,GOKUL,41.6,43.9,41.26,41.94,211983.0,
2026-06-30,GOKUL,41.3,42.96,41.2,41.25,177237.0,
2026-07-01,GOKUL,42.08,42.37,41.22,41.6,149891.0,
2026-07-02,GOKUL,41.78,42.18,41.63,41.67,136390.0,
2026-07-03,GOKUL,42.5,43.0,41.1,41.52,166608.0,
2026-07-06,GOKUL,42.0,42.55,41.46,41.64,128257.0,
2026-07-07,GOKUL,42.4,42.49,40.82,41.33,154839.0,
2026-07-08,GOKUL,41.1,41.65,40.05,40.12,157874.0,
2026-07-09,GOKUL,40.13,41.0,39.75,40.42,166713.0,
2026-07-10,GOKUL,40.98,43.0,40.32,41.72,190828.0,
2026-07-13,GOKUL,42.25,42.8,41.25,41.53,149655.0,
2026-07-14,GOKUL,41.86,42.24,41.0,41.04,140438.0,
2026-07-15,GOKUL,41.0,41.79,40.2,40.75,138450.0,
2026-07-16,GOKUL,40.75,41.47,40.11,40.24,157574.0,
2026-07-17,GOKUL,40.25,40.86,39.7,40.04,151277.0,
2026-07-20,GOKUL,40.04,40.5,39.67,40.15,145172.0,
2026-07-21,GOKUL,40.15,40.49,39.4,39.44,168632.0,
2026-07-22,GOKUL,39.52,40.0,38.74,38.93,153057.0,
2026-07-23,GOKUL,38.89,40.3,38.63,39.8,175400.0,
2026-07-24,GOKUL,39.01,39.98,39.01,39.28,131415.0,
2026-07-27,GOKUL,39.2,40.49,39.2,39.61,131018.0,
2026-07-28,GOKUL,40.17,40.35,38.46,38.87,155786.0,
2026-07-29,GOKUL,39.47,39.47,38.53,39.21,132901.0,
2026-07-30,GOKUL,39.02,39.49,38.86,39.18,122580.0,
2026-07-31,GOKUL,39.0,39.48,38.71,39.05,136006.0,
2026-08-03,GOKUL,39.05,39.99,38.9,39.43,148731.0,
2026-08-04,GOKUL,39.02,39.89,39.0,39.26,145431.0,
2026-08-05,GOKUL,40.0,40.0,39.12,39.46,129009.0,
2026-08-06,GOKUL,39.79,40.7,39.41,40.04,141015.0,
2026-08-07,GOKUL,40.46,40.59,39.52,39.68,141552.0,
2026-08-10,GOKUL,40.3,40.3,39.22,39.44,141483.0,
2026-08-11,GOKUL,39.22,40.5,39.22,40.1,147421.0,
2026-08-12,GOKUL,40.7,40.7,39.25,39.53,150973.0,
2026-08-13,GOKUL,39.94,40.53,39.25,39.34,155827.0,
2026-08-14,GOKUL,40.2,40.2,38.61,38.87,176871.0,
2026-08-17,GOKUL,38.87,39.25,38.15,38.68,152356.0,
2026-08-18,GOKUL,38.5,39.4,38.4,39.01,133664.0,
2026-08-19,GOKUL,38.93,40.8,38.71,40.12,221741.0,
2026-08-20,GOKUL,39.82,40.98,39.82,40.43,156742.0,
2026-08-21,GOKUL,40.96,43.1,40.5,42.55,377934.0,
2026-08-24,GOKUL,42.55,46.8,42.55,44.36,557589.0,
2026-08-25,GOKUL,44.87,46.0,43.56,44.98,289698.0,
2026-08-26,GOKUL,44.98,46.5,43.6,44.14,167894.0,
2026-08-27,GOKUL,45.7,45.7,42.82,43.09,254616.0,
2026-08-28,GOKUL,43.09,44.26,42.05,42.46,162046.0,
2026-08-31,GOKUL,42.46,42.88,41.12,41.65,162789.0,
2026-09-01,GOKUL,41.2,42.26,40.38,41.53,256692.0,
2026-09-02,GOKUL,40.7,41.77,40.5,41.37,219183.0,
2026-09-03,GOKUL,41.68,42.89,41.3,41.95,223577.0,
2026-09-04,GOKUL,41.6,43.9,41.44,42.96,221325.0,
2026-09-07,GOKUL,42.97,43.95,42.37,42.85,182713.0,
2026-09-08,GOKUL,43.8,44.4,42.02,42.54,154949.0,
2026-09-09,GOKUL,42.54,43.27,42.12,42.78,171792.0,
2026-09-10,GOKUL,43.8,43.8,41.6,42.61,242171.0,
2026-09-11,GOKUL,43.67,43.67,41.27,42.03,233417.0,
2026-09-15,GOKUL,42.03,42.03,39.51,39.92,194895.0,
2026-09-16,GOKUL,40.65,40.65,38.75,39.39,157381.0,
2026-09-17,GOKUL,40.35,40.35,39.12,39.74,161645.0,
2026-09-18,GOKUL,40.48,40.9,39.69,40.43,137161.0,
2026-09-21,GOKUL,39.71,40.8,39.33,39.56,140580.0,
2026-09-22,GOKUL,39.7,40.65,39.61,40.4,147335.0,
2026-09-23,GOKUL,40.59,41.39,39.62,40.42,163693.0,
2026-09-24,GOKUL,40.42,40.6,39.4,39.92,137327.0,
2025-09-10,GRMOVER,363.0,365.4,357.0,360.4,324881.0,
2025-09-11,GRMOVER,362.0,367.95,359.1,362.85,348398.0,
2025-09-12,GRMOVER,364.0,365.95,358.0,360.15,260083.0,
2025-09-15,GRMOVER,359.95,361.15,338.15,345.7,524269.0,
2025-09-16,GRMOVER,344.4,354.0,342.25,350.0,314870.0,
2025-09-17,GRMOVER,350.9,355.0,350.05,353.3,181150.0,
2025-09-18,GRMOVER,355.0,357.05,347.4,354.2,336376.0,
2025-09-19,GRMOVER,352.0,357.5,351.4,353.75,161626.0,
2025-09-22,GRMOVER,357.95,357.95,351.5,354.45,185570.0,
2025-09-23,GRMOVER,354.45,359.2,353.5,355.65,254963.0,
2025-09-24,GRMOVER,356.05,367.0,356.05,359.85,834955.0,
2025-09-25,GRMOVER,362.75,377.7,362.75,371.35,1244136.0,
2025-09-26,GRMOVER,378.0,378.0,358.1,361.1,1200456.0,
2025-09-29,GRMOVER,365.8,365.8,353.5,357.7,616855.0,
2025-09-30,GRMOVER,356.8,360.0,354.7,358.85,561511.0,
2025-10-01,GRMOVER,358.8,364.15,357.45,362.45,342514.0,
2025-10-03,GRMOVER,360.15,371.2,360.15,370.4,577598.0,
2025-10-06,GRMOVER,371.95,388.0,370.05,384.6,885742.0,
2025-10-07,GRMOVER,388.0,392.0,382.4,389.75,871693.0,
2025-10-08,GRMOVER,392.0,407.15,388.15,403.85,1891104.0,
2025-10-09,GRMOVER,407.0,407.25,398.9,401.6,1060431.0,
2025-10-10,GRMOVER,404.65,404.65,387.6,392.75,680930.0,
2025-10-13,GRMOVER,392.0,400.8,390.4,395.4,556535.0,
2025-10-14,GRMOVER,395.4,403.6,393.35,398.1,828270.0,
2025-10-15,GRMOVER,398.95,402.4,391.75,399.2,744016.0,
2025-10-16,GRMOVER,400.0,407.0,378.1,390.9,1481681.0,
2025-10-17,GRMOVER,389.0,401.0,388.7,398.6,1072122.0,
2025-10-20,GRMOVER,405.0,414.8,399.5,413.45,785216.0,
2025-10-21,GRMOVER,413.8,420.55,412.5,416.1,339127.0,
2025-10-23,GRMOVER,414.0,425.8,406.0,410.8,796498.0,
2025-10-24,GRMOVER,411.0,419.0,405.0,413.4,999456.0,
2025-10-27,GRMOVER,414.0,415.4,408.9,410.9,307689.0,
2025-10-28,GRMOVER,408.25,423.0,408.25,415.55,409584.0,
2025-10-29,GRMOVER,416.0,421.15,410.75,414.1,708543.0,
2025-10-30,GRMOVER,412.5,429.0,412.5,426.95,762415.0,
2025-10-31,GRMOVER,430.0,433.6,423.0,430.25,938395.0,
2025-11-03,GRMOVER,430.0,433.6,423.3,425.2,497889.0,
2025-11-04,GRMOVER,427.9,432.95,419.2,424.85,1128797.0,
2025-11-06,GRMOVER,425.95,444.7,424.0,443.0,1638296.0,
2025-11-07,GRMOVER,443.0,450.35,428.55,446.2,1394312.0,
2025-11-10,GRMOVER,442.0,442.0,424.2,429.85,566922.0,
2025-11-11,GRMOVER,433.75,447.0,430.0,445.15,814567.0,
2025-11-12,GRMOVER,449.9,449.9,435.6,441.1,417067.0,
2025-11-13,GRMOVER,444.95,455.5,439.5,450.3,882379.0,
2025-11-14,GRMOVER,455.0,488.9,445.9,480.75,3090831.0,
2025-11-17,GRMOVER,480.75,489.0,468.15,471.15,931916.0,
2025-11-18,GRMOVER,474.6,478.0,463.25,473.7,868667.0,
2025-11-19,GRMOVER,473.75,497.5,473.75,494.35,1430854.0,
2025-11-20,GRMOVER,496.8,503.0,484.55,487.05,952649.0,
2025-11-21,GRMOVER,486.9,498.4,483.0,487.2,835206.0,
2025-11-24,GRMOVER,489.8,492.6,462.05,466.0,1100156.0,
2025-11-25,GRMOVER,465.0,479.8,453.35,464.25,455355.0,
2025-11-26,GRMOVER,465.05,473.75,465.05,470.9,93855.0,
2025-11-27,GRMOVER,475.3,475.3,467.5,469.8,151732.0,
2025-11-28,GRMOVER,472.0,472.6,466.0,469.45,197904.0,
2025-12-01,GRMOVER,467.1,478.15,453.65,474.3,393257.0,
2025-12-02,GRMOVER,474.35,478.0,462.5,476.2,743513.0,
2025-12-03,GRMOVER,478.0,480.0,464.2,470.7,679038.0,
2025-12-04,GRMOVER,469.6,476.75,463.65,469.05,1127152.0,
2025-12-05,GRMOVER,466.0,474.45,461.0,470.25,984562.0,
2025-12-08,GRMOVER,470.25,472.05,457.8,464.8,798784.0,
2025-12-09,GRMOVER,459.0,466.45,439.0,464.95,731703.0,
2025-12-10,GRMOVER,469.0,470.7,455.8,460.35,540125.0,
2025-12-11,GRMOVER,460.35,461.0,448.2,451.55,511238.0,
2025-12-12,GRMOVER,447.5,457.0,445.3,450.9,553361.0,
2025-12-15,GRMOVER,450.6,464.8,450.6,454.9,754867.0,
2025-12-16,GRMOVER,456.9,456.95,448.0,454.05,759393.0,
2025-12-17,GRMOVER,454.0,471.95,451.25,470.25,920211.0,
2025-12-18,GRMOVER,473.2,473.2,466.0,470.5,543986.0,
2025-12-19,GRMOVER,470.0,475.0,467.95,470.2,216827.0,
2025-12-22,GRMOVER,474.95,487.75,465.5,484.0,726315.0,
2025-12-23,GRMOVER,485.0,517.7,481.85,505.55,1850003.0,
2025-12-24,GRMOVER,178.65,185.45,160.45,165.65,4367524.0,
2025-12-26,GRMOVER,166.5,169.0,162.05,167.55,2489744.0,
2025-12-29,GRMOVER,164.0,171.5,161.3,170.0,4207627.0,
2025-12-30,GRMOVER,166.9,169.1,162.1,164.4,3376554.0,
2025-12-31,GRMOVER,163.2,164.2,157.75,162.85,5295600.0,
2026-01-01,GRMOVER,162.0,162.69,160.0,161.46,977349.0,
2026-01-02,GRMOVER,161.4,167.58,161.2,163.92,3025279.0,
2026-01-05,GRMOVER,161.49,171.7,161.0,171.12,4265374.0,
2026-01-06,GRMOVER,171.0,175.5,168.25,170.42,3458829.0,
2026-01-07,GRMOVER,170.2,173.5,168.35,170.82,2307575.0,
2026-01-08,GRMOVER,169.1,171.34,166.23,169.76,2917450.0,
2026-01-09,GRMOVER,170.41,171.75,166.53,170.17,2728598.0,
2026-01-12,GRMOVER,171.56,171.56,165.18,168.2,2761267.0,
2026-01-13,GRMOVER,170.0,173.5,167.91,171.12,2699120.0,
2026-01-14,GRMOVER,171.99,173.2,168.98,171.05,1518491.0,
2026-01-16,GRMOVER,171.89,171.99,166.89,168.67,1333964.0,
2026-01-19,GRMOVER,169.0,169.0,159.3,161.05,1849386.0,
2026-01-20,GRMOVER,161.95,162.94,153.8,158.37,2233188.0,
2026-01-21,GRMOVER,158.0,158.71,151.0,155.33,1705412.0,
2026-01-22,GRMOVER,157.0,167.6,157.0,166.31,1196783.0,
2026-01-23,GRMOVER,166.0,167.97,158.15,162.16,1416139.0,
2026-01-27,GRMOVER,160.79,163.79,157.78,160.46,664225.0,
2026-01-28,GRMOVER,160.36,163.5,160.36,161.81,863892.0,
2026-01-29,GRMOVER,160.0,163.2,158.16,161.75,2137801.0,
2026-01-30,GRMOVER,161.75,166.0,160.25,165.01,2285695.0,
2026-02-02,GRMOVER,165.68,165.68,161.25,162.89,1374965.0,
2026-02-03,GRMOVER,170.0,170.0,161.25,164.74,1548564.0,
2026-02-04,GRMOVER,164.0,168.5,161.5,167.06,1308579.0,
2026-02-05,GRMOVER,170.0,170.0,159.25,162.91,1129077.0,
2026-02-06,GRMOVER,163.0,166.6,158.76,165.05,1387855.0,
2026-02-09,GRMOVER,168.03,168.31,161.0,162.78,1235319.0,
2026-02-10,GRMOVER,162.9,164.0,159.5,161.25,1658016.0,
2026-02-11,GRMOVER,161.82,165.0,161.1,162.55,1407155.0,
2026-02-12,GRMOVER,163.0,164.74,161.6,162.83,902762.0,
2026-02-13,GRMOVER,162.84,164.08,160.86,163.75,1219705.0,
2026-02-16,GRMOVER,164.0,165.35,162.5,163.35,1190128.0,
2026-02-17,GRMOVER,163.0,164.0,162.1,162.82,955040.0,
2026-02-18,GRMOVER,162.5,164.1,160.8,161.61,1714417.0,
2026-02-19,GRMOVER,163.18,163.18,159.08,160.82,1914853.0,
2026-02-20,GRMOVER,161.59,162.53,158.53,161.39,1315218.0,
2026-02-23,GRMOVER,161.39,164.8,158.1,158.87,1103604.0,
2026-02-24,GRMOVER,159.0,160.88,154.55,159.67,1741185.0,
2026-02-25,GRMOVER,161.0,166.25,159.8,164.38,1547883.0,
2026-02-26,GRMOVER,165.64,165.64,159.85,161.0,1388870.0,
2026-02-27,GRMOVER,161.0,162.8,159.6,160.67,1459912.0,
2026-03-02,GRMOVER,160.2,161.81,155.58,158.96,1199356.0,
2026-03-04,GRMOVER,159.5,162.9,152.22,158.31,1511786.0,
2026-03-05,GRMOVER,160.15,163.8,159.56,162.88,1097662.0,
2026-03-06,GRMOVER,160.0,161.7,152.79,158.58,2150137.0,
2026-03-09,GRMOVER,158.58,158.58,153.0,153.82,1448012.0,
2026-03-10,GRMOVER,157.0,157.0,151.51,156.38,1975251.0,
2026-03-11,GRMOVER,159.5,159.5,156.05,157.29,1936474.0,
2026-03-12,GRMOVER,157.67,158.0,153.92,157.31,2464131.0,
2026-03-13,GRMOVER,157.0,159.0,151.49,154.44,1377590.0,
2026-03-16,GRMOVER,154.0,159.0,152.1,153.19,1460690.0,
2026-03-17,GRMOVER,154.0,154.4,151.6,152.67,1661850.0,
2026-03-18,GRMOVER,153.89,154.7,151.65,152.9,1435476.0,
2026-03-19,GRMOVER,152.9,153.86,152.2,152.95,1447905.0,
2026-03-20,GRMOVER,154.0,157.0,153.05,154.27,1454272.0,
2026-03-23,GRMOVER,154.0,155.5,148.01,152.12,1327816.0,
2026-03-24,GRMOVER,153.6,153.61,137.75,149.61,1876308.0,
2026-03-25,GRMOVER,149.9,156.9,149.9,151.23,1624602.0,
2026-03-27,GRMOVER,151.79,155.0,150.7,152.86,1619514.0,
2026-03-30,GRMOVER,151.8,155.5,150.81,152.73,1524073.0,
2026-04-01,GRMOVER,154.0,159.64,153.1,155.1,1929012.0,
2026-04-02,GRMOVER,154.1,157.0,152.22,155.48,1755108.0,
2026-04-06,GRMOVER,155.0,162.0,153.1,161.19,2745140.0,
2026-04-07,GRMOVER,161.83,168.4,160.4,167.09,2771093.0,
2026-04-08,GRMOVER,170.1,170.61,166.92,167.71,1759548.0,
2026-04-09,GRMOVER,168.79,170.75,165.74,167.95,1768410.0,
2026-04-10,GRMOVER,170.32,170.5,166.8,168.64,1341731.0,
2026-04-13,GRMOVER,167.7,168.45,165.5,167.33,1513525.0,
2026-04-15,GRMOVER,168.99,170.34,162.61,165.61,2104222.0,
2026-04-16,GRMOVER,167.0,167.42,162.3,163.37,1572649.0,
2026-04-17,GRMOVER,164.0,164.59,159.51,161.69,1496801.0,
2026-04-20,GRMOVER,161.51,162.8,155.87,161.88,2367324.0,
2026-04-21,GRMOVER,163.47,166.41,161.91,163.28,2018018.0,
2026-04-22,GRMOVER,165.5,165.5,162.5,163.68,1625696.0,
2026-04-23,GRMOVER,163.68,165.88,163.0,163.65,2464296.0,
2026-04-24,GRMOVER,163.65,168.19,161.79,165.57,3040481.0,
2026-04-27,GRMOVER,165.57,168.09,163.1,164.15,956192.0,
2026-04-28,GRMOVER,164.0,167.28,162.3,164.43,476026.0,
2026-04-29,GRMOVER,165.25,166.71,163.9,165.41,330216.0,
2026-04-30,GRMOVER,166.0,168.0,164.15,165.97,479418.0,
2026-05-04,GRMOVER,168.46,180.78,165.62,166.75,4045964.0,
2026-05-05,GRMOVER,167.0,171.89,163.1,165.32,1442506.0,
2026-05-06,GRMOVER,167.66,167.7,163.4,165.9,883282.0,
2026-05-07,GRMOVER,165.9,166.0,158.6,164.54,5043738.0,
2026-05-08,GRMOVER,166.0,166.8,159.01,160.92,2469164.0,
2026-05-11,GRMOVER,163.0,163.95,154.56,157.28,1893732.0,
2026-05-12,GRMOVER,157.99,158.65,153.22,158.12,2588487.0,
2026-05-13,GRMOVER,159.0,161.99,157.01,160.54,1824172.0,
2026-05-14,GRMOVER,163.02,163.02,160.0,161.56,2188332.0,
2026-05-15,GRMOVER,162.0,172.0,159.8,170.75,3720729.0,
2026-05-18,GRMOVER,170.0,175.6,167.0,169.49,5521871.0,
2026-05-19,GRMOVER,171.35,171.73,166.91,168.46,2689119.0,
2026-05-20,GRMOVER,168.46,170.6,162.96,165.23,4104465.0,
2026-05-21,GRMOVER,167.92,167.92,163.4,164.13,1612295.0,
2026-05-22,GRMOVER,165.0,165.46,161.15,162.33,1708561.0,
2026-05-25,GRMOVER,163.45,166.79,154.25,157.32,7410781.0,
2026-05-26,GRMOVER,156.16,165.39,153.6,163.84,5144801.0,
2026-05-27,GRMOVER,164.83,166.64,155.7,158.32,5201615.0,
2026-05-29,GRMOVER,160.0,167.0,158.35,160.03,5335694.0,
2026-06-01,GRMOVER,163.0,164.32,153.1,154.38,3469883.0,
2026-06-02,GRMOVER,153.8,157.0,152.1,155.67,4874414.0,
2026-06-03,GRMOVER,155.43,155.66,150.66,153.62,2468653.0,
2026-06-04,GRMOVER,153.99,156.79,151.12,151.69,2458876.0,
2026-06-05,GRMOVER,152.95,156.7,151.2,152.18,3741966.0,
2026-06-08,GRMOVER,151.0,153.58,121.75,121.75,6126607.0,
2026-06-09,GRMOVER,123.45,129.8,97.4,98.33,26718017.0,
2026-06-10,GRMOVER,100.0,102.51,89.1,91.05,19311850.0,
2026-06-11,GRMOVER,89.55,91.15,81.95,87.6,13567700.0,
2026-06-12,GRMOVER,90.0,96.36,90.0,93.23,8182576.0,
2026-06-15,GRMOVER,96.49,98.59,86.18,88.23,4462862.0,
2026-06-16,GRMOVER,89.4,94.25,86.71,92.96,3407254.0,
2026-06-17,GRMOVER,94.4,95.01,92.06,92.81,1624324.0,
2026-06-18,GRMOVER,93.5,97.4,92.7,93.27,1607609.0,
2026-06-19,GRMOVER,92.8,96.5,92.67,93.31,2032539.0,
2026-06-22,GRMOVER,93.99,95.0,92.98,93.19,874028.0,
2026-06-23,GRMOVER,93.19,94.07,91.15,91.66,691365.0,
2026-06-24,GRMOVER,92.0,92.53,88.5,91.04,1466079.0,
2026-06-25,GRMOVER,91.78,93.0,89.11,92.24,732931.0,
2026-06-29,GRMOVER,92.25,93.5,89.5,90.11,825850.0,
2026-06-30,GRMOVER,90.7,91.43,89.57,90.71,741501.0,
2026-07-01,GRMOVER,90.71,93.16,90.0,91.17,673298.0,
2026-07-02,GRMOVER,91.78,94.95,91.06,94.13,1250805.0,
2026-07-03,GRMOVER,94.8,101.8,94.26,98.76,2295623.0,
2026-07-06,GRMOVER,99.89,102.21,98.51,99.63,896135.0,
2026-07-07,GRMOVER,100.11,102.2,97.5,99.94,1692435.0,
2026-07-08,GRMOVER,102.0,102.0,95.2,96.53,1274630.0,
2026-07-09,GRMOVER,96.0,99.5,95.59,97.98,1733406.0,
2026-07-10,GRMOVER,99.25,99.78,97.2,97.58,394274.0,
2026-07-13,GRMOVER,96.0,97.54,94.0,94.73,635297.0,
2026-07-14,GRMOVER,94.56,97.66,93.15,94.0,1283920.0,
2026-07-15,GRMOVER,94.2,94.36,91.15,92.28,1607335.0,
2026-07-16,GRMOVER,91.6,93.97,91.6,92.78,567264.0,
2026-07-17,GRMOVER,92.78,93.2,90.74,92.05,329481.0,
2026-07-20,GRMOVER,90.5,92.56,90.3,90.99,698066.0,
2026-07-21,GRMOVER,90.15,91.61,90.15,91.37,373942.0,
2026-07-22,GRMOVER,92.06,92.5,89.56,90.14,398703.0,
2026-07-23,GRMOVER,90.0,91.4,89.37,89.87,311815.0,
2026-07-24,GRMOVER,89.02,91.0,88.35,90.2,152553.0,
2026-07-27,GRMOVER,91.6,92.27,89.85,90.12,340972.0,
2026-07-28,GRMOVER,90.0,91.38,88.98,89.57,213013.0,
2026-07-29,GRMOVER,89.57,90.16,88.3,88.91,317798.0,
2026-07-30,GRMOVER,89.0,91.9,85.55,88.08,1280806.0,
2026-07-31,GRMOVER,89.37,91.8,87.92,89.73,677064.0,
2026-08-03,GRMOVER,89.73,96.49,89.1,94.88,2999165.0,
2026-08-04,GRMOVER,95.9,95.9,91.5,91.78,1053722.0,
2026-08-05,GRMOVER,91.79,93.48,90.01,90.89,1078820.0,
2026-08-06,GRMOVER,90.9,91.87,89.75,90.09,1342331.0,
2026-08-07,GRMOVER,90.79,91.2,89.1,90.33,1015546.0,
2026-08-10,GRMOVER,90.55,91.23,89.11,90.55,1052168.0,
2026-08-11,GRMOVER,91.0,95.1,90.31,94.19,2788567.0,
2026-08-12,GRMOVER,94.84,96.49,90.02,91.38,1610382.0,
2026-08-13,GRMOVER,92.85,94.08,89.21,90.05,2647927.0,
2026-08-14,GRMOVER,90.1,90.99,89.01,89.66,922657.0,
2026-08-17,GRMOVER,89.87,90.49,87.58,88.28,1138255.0,
2026-08-18,GRMOVER,88.87,90.3,87.21,87.51,1117753.0,
2026-08-19,GRMOVER,87.6,90.0,87.5,88.79,1088405.0,
2026-08-20,GRMOVER,88.25,89.1,86.0,86.53,1318507.0,
2026-08-21,GRMOVER,87.21,87.25,86.4,86.71,1004043.0,
2026-08-24,GRMOVER,87.14,92.29,87.14,90.24,2490263.0,
2026-08-25,GRMOVER,90.2,90.25,88.26,89.13,1130114.0,
2026-08-26,GRMOVER,89.15,89.94,87.9,88.84,1065581.0,
2026-08-27,GRMOVER,89.46,89.94,87.0,87.76,843143.0,
2026-08-28,GRMOVER,87.07,88.65,86.0,86.38,956059.0,
2026-08-31,GRMOVER,87.09,87.89,84.5,86.47,1150228.0,
2026-09-01,GRMOVER,86.51,87.06,85.05,85.29,1039802.0,
2026-09-02,GRMOVER,85.05,86.47,83.72,86.03,1220718.0,
2026-09-03,GRMOVER,86.1,87.56,85.35,85.81,822411.0,
2026-09-04,GRMOVER,85.82,88.15,85.46,87.53,1151167.0,
2026-09-07,GRMOVER,87.36,87.36,85.0,85.8,1118026.0,
2026-09-08,GRMOVER,85.15,88.91,85.01,88.17,1436766.0,
2026-09-09,GRMOVER,88.99,88.99,85.46,88.14,1430309.0,
2026-09-10,GRMOVER,88.0,88.99,86.37,87.48,1190958.0,
2026-09-11,GRMOVER,86.37,87.38,82.2,84.45,1178962.0,
2026-09-15,GRMOVER,84.5,85.9,82.0,82.7,1030464.0,
2026-09-16,GRMOVER,82.6,83.85,79.34,82.02,1077928.0,
2026-09-17,GRMOVER,81.03,82.95,79.31,80.13,1105834.0,
2026-09-18,GRMOVER,80.0,82.38,79.76,81.64,1123465.0,
2026-09-21,GRMOVER,81.64,83.84,79.45,82.43,1190032.0,
2026-09-22,GRMOVER,82.43,82.65,80.11,80.59,1070563.0,
2026-09-23,GRMOVER,80.25,82.2,80.25,81.54,917723.0,
2026-09-24,GRMOVER,81.91,81.91,78.74,79.87,1104269.0,
2026-06-12,HEXAGON,48.25,50.66,48.1,50.66,11379734.0,
2026-06-15,HEXAGON,53.19,53.19,53.19,53.19,691949.0,
2026-06-16,HEXAGON,52.14,55.44,50.54,54.16,9169014.0,
2026-06-17,HEXAGON,51.75,53.9,51.6,51.98,1470704.0,
2026-06-18,HEXAGON,51.98,52.0,49.39,50.93,1656556.0,
2026-06-19,HEXAGON,51.1,53.0,50.5,52.6,1306148.0,
2026-06-22,HEXAGON,53.6,54.0,51.5,53.0,972340.0,
2026-06-23,HEXAGON,53.0,53.7,51.65,52.16,942353.0,
2026-06-24,HEXAGON,52.5,54.76,50.67,54.76,1275507.0,
2026-06-25,HEXAGON,57.49,57.49,57.49,57.49,321307.0,
2026-06-29,HEXAGON,60.36,67.9,59.0,65.56,8748631.0,
2026-06-30,HEXAGON,66.5,66.9,61.4,63.41,3794018.0,
2026-07-01,HEXAGON,65.0,65.0,58.61,60.0,2716984.0,
2026-07-02,HEXAGON,60.09,72.0,59.27,72.0,11354569.0,
2026-07-03,HEXAGON,74.0,76.9,70.31,73.39,8283484.0,
2026-07-06,HEXAGON,73.39,74.77,69.15,71.0,2410149.0,
2026-07-07,HEXAGON,71.0,71.55,68.0,68.38,1255265.0,
2026-07-08,HEXAGON,68.0,71.65,64.15,65.69,2555337.0,
2026-07-09,HEXAGON,67.99,70.0,65.84,68.45,1655678.0,
2026-07-10,HEXAGON,69.5,77.75,69.16,71.75,7073038.0,
2026-07-13,HEXAGON,72.09,78.0,71.55,76.16,4756376.0,
2026-07-14,HEXAGON,76.6,78.25,75.0,76.07,2991167.0,
2026-07-15,HEXAGON,77.02,77.49,73.05,74.97,2147027.0,
2026-07-16,HEXAGON,75.6,75.6,71.23,73.19,1387687.0,
2026-07-17,HEXAGON,74.0,74.0,69.54,69.54,712503.0,
2026-07-20,HEXAGON,69.9,72.5,66.11,71.39,920699.0,
2026-07-21,HEXAGON,71.99,71.99,69.0,69.43,309427.0,
2026-07-22,HEXAGON,69.36,69.36,66.9,67.82,408642.0,
2026-07-23,HEXAGON,68.0,68.0,64.43,64.43,755719.0,
2026-07-24,HEXAGON,63.0,65.89,61.21,65.51,1294879.0,
2026-07-27,HEXAGON,65.47,65.47,63.0,64.18,345574.0,
2026-07-28,HEXAGON,63.0,64.87,61.95,62.61,305850.0,
2026-07-29,HEXAGON,62.5,63.25,61.2,62.06,254298.0,
2026-07-30,HEXAGON,62.01,63.5,60.07,62.79,429038.0,
2026-07-31,HEXAGON,62.48,64.75,61.2,64.19,302061.0,
2026-08-03,HEXAGON,65.29,66.99,64.0,66.35,373945.0,
2026-08-04,HEXAGON,66.79,68.0,65.56,66.81,472479.0,
2026-08-05,HEXAGON,67.75,67.75,65.0,66.56,182340.0,
2026-08-06,HEXAGON,66.56,66.9,64.5,65.16,171999.0,
2026-08-07,HEXAGON,64.1,65.29,64.0,64.15,129510.0,
2026-08-10,HEXAGON,64.51,64.99,61.82,64.07,312379.0,
2026-08-11,HEXAGON,63.09,67.0,62.51,63.84,458678.0,
2026-08-12,HEXAGON,64.9,67.0,63.0,65.91,500920.0,
2026-08-13,HEXAGON,63.31,65.25,63.31,64.44,271960.0,
2026-08-14,HEXAGON,64.49,65.0,63.28,63.98,111505.0,
2026-08-17,HEXAGON,64.29,65.25,62.25,63.25,273962.0,
2026-08-18,HEXAGON,63.25,66.41,63.02,66.41,468436.0,
2026-08-19,HEXAGON,67.2,69.73,66.99,68.97,832383.0,
2026-08-20,HEXAGON,67.8,72.05,67.27,70.11,479308.0,
2026-08-21,HEXAGON,70.1,71.9,68.0,70.21,336961.0,
2026-08-24,HEXAGON,69.5,71.7,69.22,70.48,321512.0,
2026-08-25,HEXAGON,70.1,70.99,68.11,69.81,170310.0,
2026-08-26,HEXAGON,69.03,70.0,68.04,68.34,88988.0,
2026-08-27,HEXAGON,68.94,70.25,67.6,69.16,123134.0,
2026-08-28,HEXAGON,70.0,70.0,68.2,68.37,107913.0,
2026-08-31,HEXAGON,68.9,69.5,66.8,67.4,171956.0,
2026-09-01,HEXAGON,67.23,67.9,65.95,66.19,103313.0,
2026-09-02,HEXAGON,65.0,66.5,64.8,66.14,107199.0,
2026-09-03,HEXAGON,67.4,67.7,64.0,66.42,286912.0,
2026-09-04,HEXAGON,66.6,67.75,65.25,67.23,102191.0,
2026-09-07,HEXAGON,67.2,67.22,65.0,65.72,135136.0,
2026-09-08,HEXAGON,65.5,66.75,63.5,64.21,969542.0,
2026-09-09,HEXAGON,63.5,67.42,62.5,67.42,226751.0,
2026-09-10,HEXAGON,69.6,70.79,66.5,68.17,1057255.0,
2026-09-11,HEXAGON,68.0,70.0,66.75,67.99,310047.0,
2026-09-15,HEXAGON,68.98,69.0,64.31,64.54,140022.0,
2026-09-16,HEXAGON,64.54,65.27,63.0,63.96,872829.0,
2026-09-17,HEXAGON,64.6,65.7,63.5,64.29,246881.0,
2026-09-18,HEXAGON,64.42,67.0,63.5,66.26,200000.0,
2026-09-21,HEXAGON,66.89,67.5,65.3,66.36,289033.0,
2026-09-22,HEXAGON,65.35,67.0,64.55,65.07,203283.0,
2026-09-23,HEXAGON,65.05,67.0,64.69,65.68,129098.0,
2026-09-24,HEXAGON,64.7,66.7,64.7,64.8,93318.0,
2025-09-10,HINDCON,32.29,33.45,31.5,32.67,19476.0,
2025-09-11,HINDCON,33.0,33.25,31.55,31.96,33133.0,
2025-09-12,HINDCON,31.9,32.34,31.5,31.91,38481.0,
2025-09-15,HINDCON,31.55,32.7,31.55,31.76,58807.0,
2025-09-16,HINDCON,32.59,32.99,31.77,32.21,33971.0,
2025-09-17,HINDCON,31.9,32.92,31.9,32.25,20958.0,
2025-09-18,HINDCON,32.25,32.9,31.75,32.39,16552.0,
2025-09-19,HINDCON,32.94,32.94,32.12,32.35,14125.0,
2025-09-22,HINDCON,32.35,32.95,32.06,32.21,12977.0,
2025-09-23,HINDCON,32.1,33.21,32.1,33.02,24573.0,
2025-09-24,HINDCON,33.0,33.0,32.15,32.58,20187.0,
2025-09-25,HINDCON,32.3,33.0,31.5,32.06,21715.0,
2025-09-26,HINDCON,32.68,32.7,31.51,31.69,12928.0,
2025-09-29,HINDCON,31.5,31.95,31.42,31.63,18476.0,
2025-09-30,HINDCON,31.99,31.99,31.05,31.37,19387.0,
2025-10-01,HINDCON,31.5,32.19,31.01,31.79,10114.0,
2025-10-03,HINDCON,31.26,32.8,31.26,32.6,14484.0,
2025-10-06,HINDCON,32.6,32.79,31.71,32.12,13993.0,
2025-10-07,HINDCON,32.0,32.49,31.76,31.85,8735.0,
2025-10-08,HINDCON,31.51,32.52,31.51,31.67,15393.0,
2025-10-09,HINDCON,31.68,31.98,31.25,31.58,9106.0,
2025-10-10,HINDCON,31.6,31.99,31.11,31.31,16838.0,
2025-10-13,HINDCON,31.31,31.31,30.3,31.05,18733.0,
2025-10-14,HINDCON,31.49,31.49,30.2,30.38,23244.0,
2025-10-15,HINDCON,30.21,31.39,30.0,30.98,18936.0,
2025-10-16,HINDCON,31.25,31.5,30.29,31.2,12552.0,
2025-10-17,HINDCON,31.3,31.59,30.21,30.77,16087.0,
2025-10-20,HINDCON,30.77,31.22,29.15,30.78,16458.0,
2025-10-21,HINDCON,31.0,31.88,30.52,31.53,6860.0,
2025-10-23,HINDCON,31.59,37.75,30.75,33.44,347881.0,
2025-10-24,HINDCON,33.0,34.21,33.0,33.28,41746.0,
2025-10-27,HINDCON,33.05,33.25,32.6,32.7,22986.0,
2025-10-28,HINDCON,32.86,33.49,32.25,32.88,18766.0,
2025-10-29,HINDCON,33.3,33.3,32.25,32.51,22752.0,
2025-10-30,HINDCON,32.67,33.2,32.35,32.58,12746.0,
2025-10-31,HINDCON,32.25,33.0,31.01,32.66,22406.0,
2025-11-03,HINDCON,32.99,33.2,32.25,33.13,20628.0,
2025-11-04,HINDCON,33.73,33.73,32.5,32.57,10843.0,
2025-11-06,HINDCON,32.55,32.55,31.21,31.74,18722.0,
2025-11-07,HINDCON,31.99,32.0,31.0,31.27,21449.0,
2025-11-10,HINDCON,31.04,31.65,30.5,30.84,20136.0,
2025-11-11,HINDCON,31.45,31.5,31.05,31.26,10943.0,
2025-11-12,HINDCON,31.27,32.65,30.25,31.93,42178.0,
2025-11-13,HINDCON,32.5,32.51,31.2,31.26,29839.0,
2025-11-14,HINDCON,31.05,31.1,29.9,30.97,25417.0,
2025-11-17,HINDCON,30.95,31.5,30.95,31.07,11446.0,
2025-11-18,HINDCON,31.07,31.46,30.3,30.77,13416.0,
2025-11-19,HINDCON,31.31,31.31,30.0,30.42,18300.0,
2025-11-20,HINDCON,31.0,31.0,30.05,30.13,14847.0,
2025-11-21,HINDCON,30.9,30.9,30.0,30.14,15254.0,
2025-11-24,HINDCON,30.69,30.69,29.2,29.62,19290.0,
2025-11-25,HINDCON,29.26,29.84,28.5,28.98,21768.0,
2025-11-26,HINDCON,29.53,30.0,29.27,29.59,20692.0,
2025-11-27,HINDCON,30.4,30.89,30.15,30.66,12297.0,
2025-11-28,HINDCON,31.0,31.15,29.65,30.3,14864.0,
2025-12-01,HINDCON,30.5,30.94,30.0,30.04,12291.0,
2025-12-02,HINDCON,30.0,30.24,27.0,29.19,29448.0,
2025-12-03,HINDCON,28.76,29.88,28.76,29.58,10535.0,
2025-12-04,HINDCON,29.58,30.19,29.58,29.9,9703.0,
2025-12-05,HINDCON,30.24,30.24,27.2,28.5,51463.0,
2025-12-08,HINDCON,28.3,28.5,27.5,27.74,28765.0,
2025-12-09,HINDCON,27.1,27.99,27.1,27.84,10912.0,
2025-12-10,HINDCON,27.79,28.6,27.51,28.09,16779.0,
2025-12-11,HINDCON,28.08,28.44,27.7,27.86,12802.0,
2025-12-12,HINDCON,27.91,30.4,27.7,28.24,24707.0,
2025-12-15,HINDCON,28.83,28.83,28.0,28.46,59710.0,
2025-12-16,HINDCON,27.95,28.75,27.95,28.34,59304.0,
2025-12-17,HINDCON,28.02,28.64,27.75,27.97,70151.0,
2025-12-18,HINDCON,27.97,28.61,27.51,28.07,20072.0,
2025-12-19,HINDCON,28.71,28.74,26.1,27.36,52438.0,
2025-12-22,HINDCON,27.36,27.99,27.36,27.75,14596.0,
2025-12-23,HINDCON,28.14,28.2,26.5,27.3,19579.0,
2025-12-24,HINDCON,27.98,27.98,27.13,27.34,8864.0,
2025-12-26,HINDCON,27.9,27.96,27.06,27.2,11344.0,
2025-12-29,HINDCON,27.58,27.88,27.2,27.42,15390.0,
2025-12-30,HINDCON,27.42,27.83,27.13,27.2,15980.0,
2025-12-31,HINDCON,27.2,27.55,27.1,27.12,10700.0,
2026-01-01,HINDCON,27.12,27.99,27.0,27.23,19293.0,
2026-01-02,HINDCON,26.93,27.5,26.93,27.21,23177.0,
2026-01-05,HINDCON,27.88,28.2,27.02,27.34,23045.0,
2026-01-06,HINDCON,27.47,27.69,26.16,26.51,63036.0,
2026-01-07,HINDCON,26.1,26.93,26.1,26.13,12911.0,
2026-01-08,HINDCON,26.13,26.72,25.55,25.84,38018.0,
2026-01-09,HINDCON,25.3,26.47,25.3,25.95,40429.0,
2026-01-12,HINDCON,25.4,25.74,24.9,24.94,29770.0,
2026-01-13,HINDCON,24.94,25.24,24.81,24.83,24097.0,
2026-01-14,HINDCON,24.81,24.97,24.42,24.5,22497.0,
2026-01-16,HINDCON,24.5,24.78,24.5,24.57,12254.0,
2026-01-19,HINDCON,23.4,24.5,23.4,24.02,15276.0,
2026-01-20,HINDCON,24.02,24.02,22.16,22.65,41016.0,
2026-01-21,HINDCON,21.85,23.0,19.61,20.21,130809.0,
2026-01-22,HINDCON,20.01,23.44,20.01,22.8,57334.0,
2026-01-23,HINDCON,22.91,23.4,20.15,21.8,56617.0,
2026-01-27,HINDCON,21.74,23.0,21.0,21.06,24921.0,
2026-01-28,HINDCON,21.06,23.0,20.06,22.25,34915.0,
2026-01-29,HINDCON,22.7,23.25,21.5,22.18,46972.0,
2026-01-30,HINDCON,22.0,22.99,22.0,22.16,22613.0,
2026-02-02,HINDCON,24.0,24.0,21.58,22.46,20704.0,
2026-02-03,HINDCON,24.35,24.35,22.0,22.79,33971.0,
2026-02-04,HINDCON,23.01,23.71,22.26,22.99,55656.0,
2026-02-05,HINDCON,22.99,23.0,22.1,22.57,16052.0,
2026-02-06,HINDCON,22.46,23.11,22.07,22.41,8477.0,
2026-02-09,HINDCON,23.5,23.5,21.8,22.7,28128.0,
2026-02-10,HINDCON,23.24,23.24,22.5,22.95,39645.0,
2026-02-11,HINDCON,22.5,23.28,22.49,23.01,16792.0,
2026-02-12,HINDCON,23.0,23.01,22.41,22.57,15425.0,
2026-02-13,HINDCON,22.58,23.19,22.04,22.3,27163.0,
2026-02-16,HINDCON,22.0,22.83,21.57,21.64,13407.0,
2026-02-17,HINDCON,21.1,21.87,21.1,21.58,8639.0,
2026-02-18,HINDCON,22.8,22.8,22.0,22.35,18249.0,
2026-02-19,HINDCON,22.35,22.87,21.06,21.23,34932.0,
2026-02-20,HINDCON,21.15,21.48,21.01,21.04,14184.0,
2026-02-23,HINDCON,21.04,21.79,21.0,21.04,31674.0,
2026-02-24,HINDCON,21.49,21.49,20.71,20.76,25616.0,
2026-02-25,HINDCON,20.2,20.94,20.2,20.44,14412.0,
2026-02-26,HINDCON,20.9,20.94,20.51,20.55,12907.0,
2026-02-27,HINDCON,20.15,20.79,20.15,20.23,18606.0,
2026-03-02,HINDCON,19.1,19.83,19.1,19.24,42925.0,
2026-03-04,HINDCON,19.1,19.17,18.81,18.96,30338.0,
2026-03-05,HINDCON,18.65,19.23,18.65,19.08,18956.0,
2026-03-06,HINDCON,19.49,19.49,18.76,19.08,18651.0,
2026-03-09,HINDCON,19.01,19.01,18.55,18.55,21404.0,
2026-03-10,HINDCON,18.04,19.05,18.04,18.91,26962.0,
2026-03-11,HINDCON,19.29,20.13,19.05,19.28,36513.0,
2026-03-12,HINDCON,19.28,19.4,18.56,19.13,13760.0,
2026-03-13,HINDCON,19.25,19.57,18.51,18.95,13483.0,
2026-03-16,HINDCON,19.59,19.59,18.0,18.35,26226.0,
2026-03-17,HINDCON,19.0,19.0,18.07,18.23,38721.0,
2026-03-18,HINDCON,18.0,19.0,18.0,18.9,17682.0,
2026-03-19,HINDCON,18.94,18.94,18.32,18.72,14708.0,
2026-03-20,HINDCON,19.0,19.0,18.0,18.29,37644.0,
2026-03-23,HINDCON,18.29,18.29,17.21,17.46,63216.0,
2026-03-24,HINDCON,17.46,17.89,17.21,17.42,53081.0,
2026-03-25,HINDCON,17.77,20.0,17.73,18.92,90030.0,
2026-03-27,HINDCON,19.74,19.74,17.6,18.18,42037.0,
2026-03-30,HINDCON,18.05,18.06,15.66,16.75,104170.0,
2026-04-01,HINDCON,16.75,17.82,16.75,17.44,28207.0,
2026-04-02,HINDCON,17.44,18.3,17.35,18.09,26398.0,
2026-04-06,HINDCON,18.9,18.9,18.0,18.62,22290.0,
2026-04-07,HINDCON,18.13,19.62,18.13,19.31,27079.0,
2026-04-08,HINDCON,20.5,23.17,19.9,23.17,236141.0,
2026-04-09,HINDCON,23.19,26.78,23.0,24.78,345723.0,
2026-04-10,HINDCON,25.5,25.5,22.8,24.0,77229.0,
2026-04-13,HINDCON,23.98,23.98,21.7,23.24,75144.0,
2026-04-15,HINDCON,22.55,23.51,22.3,23.16,60445.0,
2026-04-16,HINDCON,23.99,23.99,22.3,23.09,36989.0,
2026-04-17,HINDCON,23.75,23.75,22.8,23.17,15225.0,
2026-04-20,HINDCON,23.69,23.69,22.35,22.57,11338.0,
2026-04-21,HINDCON,23.29,23.29,22.01,22.5,18594.0,
2026-04-22,HINDCON,22.5,22.5,21.9,22.0,25034.0,
2026-04-23,HINDCON,22.5,22.5,21.52,21.81,16038.0,
2026-04-24,HINDCON,21.81,22.44,21.6,21.73,40117.0,
2026-04-27,HINDCON,21.73,22.81,21.15,22.8,36114.0,
2026-04-28,HINDCON,23.49,23.49,22.8,23.07,36667.0,
2026-04-29,HINDCON,23.24,23.35,22.52,23.08,18610.0,
2026-04-30,HINDCON,22.8,23.49,22.55,23.23,26293.0,
2026-05-04,HINDCON,23.23,23.5,22.2,22.95,35033.0,
2026-05-05,HINDCON,22.95,23.19,22.95,23.11,7359.0,
2026-05-06,HINDCON,23.18,23.79,22.25,23.2,28765.0,
2026-05-07,HINDCON,23.21,23.5,23.2,23.35,11029.0,
2026-05-08,HINDCON,23.35,24.0,23.22,23.85,27948.0,
2026-05-11,HINDCON,22.85,25.04,22.85,25.04,51885.0,
2026-05-12,HINDCON,25.5,26.0,23.8,24.26,29432.0,
2026-05-13,HINDCON,24.18,24.18,23.2,23.41,12603.0,
2026-05-14,HINDCON,23.3,23.75,22.5,23.27,11716.0,
2026-05-15,HINDCON,24.38,24.38,23.01,23.35,11828.0,
2026-05-18,HINDCON,23.03,24.38,22.2,22.51,21752.0,
2026-05-19,HINDCON,23.5,23.5,22.03,23.07,7520.0,
2026-05-20,HINDCON,24.0,24.0,22.1,23.0,4935.0,
2026-05-21,HINDCON,23.5,23.5,22.5,22.86,12230.0,
2026-05-22,HINDCON,23.44,23.44,22.02,22.25,9981.0,
2026-05-25,HINDCON,22.25,23.35,21.25,23.31,39483.0,
2026-05-26,HINDCON,23.32,23.79,22.9,23.22,15556.0,
2026-05-27,HINDCON,23.0,23.79,22.22,22.69,9349.0,
2026-05-29,HINDCON,23.45,23.45,22.22,22.44,32520.0,
2026-06-01,HINDCON,22.44,23.35,22.2,22.66,7189.0,
2026-06-02,HINDCON,22.01,23.38,22.01,22.26,11298.0,
2026-06-03,HINDCON,22.26,23.34,22.2,22.68,48979.0,
2026-06-04,HINDCON,22.05,23.18,21.81,22.3,12969.0,
2026-06-05,HINDCON,22.2,22.74,21.6,22.0,17262.0,
2026-06-08,HINDCON,22.0,22.55,21.6,21.9,23734.0,
2026-06-09,HINDCON,21.9,21.9,20.91,21.17,26603.0,
2026-06-10,HINDCON,21.16,21.57,21.0,21.15,7499.0,
2026-06-11,HINDCON,21.98,21.98,20.1,20.24,13853.0,
2026-06-12,HINDCON,20.45,20.98,20.25,20.79,17816.0,
2026-06-15,HINDCON,21.0,21.59,21.0,21.41,23109.0,
2026-06-16,HINDCON,21.41,22.0,21.41,21.52,7730.0,
2026-06-17,HINDCON,21.99,21.99,21.32,21.76,17571.0,
2026-06-18,HINDCON,21.69,22.0,21.43,21.57,15572.0,
2026-06-19,HINDCON,21.5,21.95,21.11,21.54,7637.0,
2026-06-22,HINDCON,22.28,22.28,21.02,21.15,23012.0,
2026-06-23,HINDCON,21.25,21.49,21.0,21.07,7732.0,
2026-06-24,HINDCON,21.5,21.5,20.5,20.92,10417.0,
2026-06-25,HINDCON,21.49,21.49,20.48,20.51,19636.0,
2026-06-29,HINDCON,21.29,21.29,20.01,20.19,15946.0,
2026-06-30,HINDCON,20.19,21.19,20.0,21.0,31414.0,
2026-07-01,HINDCON,21.0,21.5,20.95,21.45,14737.0,
2026-07-02,HINDCON,21.82,21.82,21.2,21.66,14423.0,
2026-07-03,HINDCON,21.82,21.84,21.11,21.64,16878.0,
2026-07-06,HINDCON,21.85,22.15,21.06,21.88,19194.0,
2026-07-07,HINDCON,21.88,22.75,21.06,22.03,8667.0,
2026-07-08,HINDCON,22.14,22.7,20.95,21.64,18841.0,
2026-07-09,HINDCON,21.5,22.5,21.06,21.48,8669.0,
2026-07-10,HINDCON,22.25,22.25,21.0,21.13,6959.0,
2026-07-13,HINDCON,22.0,22.13,21.06,21.4,4810.0,
2026-07-14,HINDCON,21.4,21.98,20.65,21.68,21822.0,
2026-07-15,HINDCON,21.7,21.7,21.01,21.53,4974.0,
2026-07-16,HINDCON,21.45,21.89,20.7,21.24,8097.0,
2026-07-17,HINDCON,21.65,21.65,20.9,21.0,4260.0,
2026-07-20,HINDCON,21.96,21.96,20.61,21.45,8434.0,
2026-07-21,HINDCON,21.95,21.95,20.68,21.29,13840.0,
2026-07-22,HINDCON,21.49,21.49,20.7,20.76,6570.0,
2026-07-23,HINDCON,20.76,21.52,20.36,20.66,3051.0,
2026-07-24,HINDCON,20.66,20.66,20.05,20.51,15034.0,
2026-07-27,HINDCON,19.66,21.5,19.66,20.77,10048.0,
2026-07-28,HINDCON,20.05,21.8,20.05,21.8,61197.0,
2026-07-29,HINDCON,22.81,22.89,21.41,22.75,42839.0,
2026-07-30,HINDCON,22.55,23.35,21.7,23.16,66365.0,
2026-07-31,HINDCON,23.27,24.3,23.27,24.03,34348.0,
2026-08-03,HINDCON,24.44,24.44,23.06,23.15,16892.0,
2026-08-04,HINDCON,23.15,23.61,22.46,22.78,5356.0,
2026-08-05,HINDCON,22.9,23.22,22.51,22.97,9723.0,
2026-08-06,HINDCON,23.4,23.4,22.8,22.85,7908.0,
2026-08-07,HINDCON,22.41,23.0,22.41,22.5,7162.0,
2026-08-10,HINDCON,22.9,22.9,22.06,22.16,12394.0,
2026-08-11,HINDCON,22.5,23.0,22.16,22.96,46527.0,
2026-08-12,HINDCON,22.96,23.65,21.11,22.04,25880.0,
2026-08-13,HINDCON,23.4,23.4,22.26,22.75,16293.0,
2026-08-14,HINDCON,22.58,22.99,22.5,22.71,8941.0,
2026-08-17,HINDCON,22.71,22.84,22.12,22.13,13693.0,
2026-08-18,HINDCON,22.13,22.7,22.13,22.61,21792.0,
2026-08-19,HINDCON,22.61,22.89,21.15,21.55,16265.0,
2026-08-20,HINDCON,21.6,22.4,20.9,22.18,30965.0,
2026-08-21,HINDCON,22.5,22.75,22.0,22.21,12775.0,
2026-08-24,HINDCON,22.21,22.75,21.7,22.28,44228.0,
2026-08-25,HINDCON,22.95,24.5,21.85,23.92,157165.0,
2026-08-26,HINDCON,24.03,25.75,23.9,24.0,68392.0,
2026-08-27,HINDCON,24.15,24.5,22.02,22.6,59613.0,
2026-08-28,HINDCON,23.9,23.9,22.25,22.89,23694.0,
2026-08-31,HINDCON,23.0,24.58,22.36,23.57,70524.0,
2026-09-01,HINDCON,24.6,24.6,23.1,23.47,18087.0,
2026-09-02,HINDCON,23.5,23.5,22.81,23.16,15529.0,
2026-09-03,HINDCON,22.76,24.75,22.76,24.28,65009.0,
2026-09-04,HINDCON,25.19,25.19,23.0,23.9,42853.0,
2026-09-07,HINDCON,23.89,24.84,23.37,24.25,34266.0,
2026-09-08,HINDCON,24.83,24.83,24.25,24.39,18698.0,
2026-09-09,HINDCON,24.74,24.74,23.65,23.71,28580.0,
2026-09-10,HINDCON,23.55,24.24,23.31,23.34,15364.0,
2026-09-11,HINDCON,23.9,24.63,22.36,24.09,24080.0,
2026-09-15,HINDCON,23.2,24.5,23.2,23.74,23558.0,
2026-09-16,HINDCON,24.43,24.43,23.25,23.76,15512.0,
2026-09-17,HINDCON,24.5,24.5,21.96,23.73,59869.0,
2026-09-18,HINDCON,23.73,24.64,23.4,23.81,32398.0,
2026-09-21,HINDCON,23.81,25.0,23.65,24.44,60207.0,
2026-09-22,HINDCON,24.37,25.5,24.37,24.73,59407.0,
2026-09-23,HINDCON,24.56,25.4,24.56,25.21,28851.0,
2026-09-24,HINDCON,24.65,25.85,24.55,25.12,36583.0,
2025-09-10,INDORAMA,51.85,53.56,51.85,53.18,108144.0,
2025-09-11,INDORAMA,52.5,55.55,52.5,54.09,191081.0,
2025-09-12,INDORAMA,55.01,55.45,53.6,53.67,59953.0,
2025-09-15,INDORAMA,54.45,54.85,53.5,54.25,102144.0,
2025-09-16,INDORAMA,54.49,54.52,53.51,53.61,64939.0,
2025-09-17,INDORAMA,53.05,54.15,52.05,52.54,90038.0,
2025-09-18,INDORAMA,52.5,54.9,52.5,53.72,112254.0,
2025-09-19,INDORAMA,53.72,54.3,52.83,53.15,106985.0,
2025-09-22,INDORAMA,53.6,54.3,52.96,53.8,49505.0,
2025-09-23,INDORAMA,54.7,55.89,53.23,55.04,123306.0,
2025-09-24,INDORAMA,55.5,55.5,53.75,54.47,83231.0,
2025-09-25,INDORAMA,53.44,55.74,53.44,54.81,122966.0,
2025-09-26,INDORAMA,55.45,55.45,53.24,54.83,189447.0,
2025-09-29,INDORAMA,56.0,57.57,55.47,57.57,688764.0,
2025-09-30,INDORAMA,58.25,60.44,58.25,60.44,1218072.0,
2025-10-01,INDORAMA,60.45,62.8,58.0,59.38,604697.0,
2025-10-03,INDORAMA,59.38,62.34,59.34,62.34,323545.0,
2025-10-06,INDORAMA,62.65,62.7,60.55,60.87,301143.0,
2025-10-07,INDORAMA,60.9,62.2,59.09,59.48,393499.0,
2025-10-08,INDORAMA,61.0,62.0,59.61,60.13,413581.0,
2025-10-09,INDORAMA,59.5,60.15,57.22,57.56,289735.0,
2025-10-10,INDORAMA,58.02,61.48,58.0,59.57,454839.0,
2025-10-13,INDORAMA,59.55,59.55,57.55,57.87,115713.0,
2025-10-14,INDORAMA,57.0,58.84,56.7,57.09,191712.0,
2025-10-15,INDORAMA,57.6,59.09,57.0,57.7,118993.0,
2025-10-16,INDORAMA,57.01,62.0,57.01,59.87,747276.0,
2025-10-17,INDORAMA,60.0,61.09,59.0,60.3,303399.0,
2025-10-20,INDORAMA,61.51,72.36,60.89,68.88,4725021.0,
2025-10-21,INDORAMA,69.95,74.25,67.11,68.89,1379850.0,
2025-10-23,INDORAMA,69.95,70.0,66.5,67.21,529180.0,
2025-10-24,INDORAMA,67.3,69.7,64.35,66.99,784951.0,
2025-10-27,INDORAMA,67.53,67.84,66.19,66.6,224739.0,
2025-10-28,INDORAMA,66.93,67.26,65.47,66.45,204599.0,
2025-10-29,INDORAMA,66.75,70.9,66.75,68.6,776631.0,
2025-10-30,INDORAMA,68.91,71.65,68.12,70.19,553932.0,
2025-10-31,INDORAMA,70.45,71.15,68.25,68.83,305222.0,
2025-11-03,INDORAMA,68.9,75.0,67.06,73.88,2203378.0,
2025-11-04,INDORAMA,74.15,74.6,70.0,70.6,510952.0,
2025-11-06,INDORAMA,71.16,71.16,67.15,67.42,500981.0,
2025-11-07,INDORAMA,67.05,69.31,66.21,68.63,526805.0,
2025-11-10,INDORAMA,70.19,70.19,67.4,67.74,316637.0,
2025-11-11,INDORAMA,67.75,68.03,59.28,60.83,2027670.0,
2025-11-12,INDORAMA,60.51,62.21,57.58,59.29,792583.0,
2025-11-13,INDORAMA,59.8,61.07,57.5,58.25,1245033.0,
2025-11-14,INDORAMA,58.0,58.46,53.0,55.11,2416236.0,
2025-11-17,INDORAMA,55.11,57.23,53.7,54.06,630644.0,
2025-11-18,INDORAMA,54.25,55.39,52.02,52.69,667379.0,
2025-11-19,INDORAMA,52.22,53.3,51.91,52.35,303131.0,
2025-11-20,INDORAMA,52.4,53.3,51.93,52.65,358626.0,
2025-11-21,INDORAMA,52.64,52.95,51.0,52.0,258719.0,
2025-11-24,INDORAMA,52.02,53.5,50.0,50.4,305430.0,
2025-11-25,INDORAMA,50.12,54.24,50.12,52.48,370413.0,
2025-11-26,INDORAMA,52.45,53.6,51.86,52.55,230360.0,
2025-11-27,INDORAMA,52.6,53.23,51.95,52.35,185067.0,
2025-11-28,INDORAMA,52.35,53.0,50.26,51.24,347086.0,
2025-12-01,INDORAMA,51.01,51.95,50.25,50.58,169716.0,
2025-12-02,INDORAMA,50.63,51.1,50.01,50.12,128448.0,
2025-12-03,INDORAMA,50.12,50.25,48.75,49.24,177320.0,
2025-12-04,INDORAMA,49.29,50.0,48.56,48.87,158294.0,
2025-12-05,INDORAMA,48.87,49.5,48.34,49.07,188259.0,
2025-12-08,INDORAMA,49.45,49.45,46.01,46.5,243245.0,
2025-12-09,INDORAMA,46.1,48.3,45.35,47.7,206988.0,
2025-12-10,INDORAMA,47.71,49.5,46.01,46.39,250418.0,
2025-12-11,INDORAMA,46.3,47.5,46.1,47.18,118591.0,
2025-12-12,INDORAMA,47.18,48.0,46.82,47.39,72058.0,
2025-12-15,INDORAMA,47.1,47.49,46.73,47.24,63909.0,
2025-12-16,INDORAMA,46.7,48.38,46.6,47.33,74436.0,
2025-12-17,INDORAMA,46.71,47.61,46.14,46.48,127157.0,
2025-12-18,INDORAMA,46.25,47.99,45.47,47.46,259482.0,
2025-12-19,INDORAMA,47.95,48.65,46.9,48.26,111915.0,
2025-12-22,INDORAMA,49.02,49.44,48.02,49.12,81694.0,
2025-12-23,INDORAMA,49.49,49.89,48.81,49.45,82553.0,
2025-12-24,INDORAMA,49.01,50.2,48.5,48.91,87454.0,
2025-12-26,INDORAMA,48.91,49.98,48.15,48.54,87012.0,
2025-12-29,INDORAMA,48.5,48.84,47.4,47.84,54888.0,
2025-12-30,INDORAMA,47.83,48.26,46.86,47.98,130574.0,
2025-12-31,INDORAMA,48.45,49.25,47.92,48.57,69494.0,
2026-01-01,INDORAMA,48.03,48.94,47.5,48.0,45377.0,
2026-01-02,INDORAMA,48.99,48.99,47.42,48.11,70061.0,
2026-01-05,INDORAMA,48.9,49.75,46.95,47.56,116864.0,
2026-01-06,INDORAMA,47.54,47.8,46.5,46.65,160824.0,
2026-01-07,INDORAMA,47.67,47.67,46.33,46.55,90538.0,
2026-01-08,INDORAMA,46.55,47.75,45.05,45.27,454909.0,
2026-01-09,INDORAMA,45.27,45.99,43.51,44.47,152102.0,
2026-01-12,INDORAMA,44.95,44.95,42.37,44.02,75759.0,
2026-01-13,INDORAMA,44.1,45.25,42.56,43.63,583476.0,
2026-01-14,INDORAMA,43.85,44.94,43.2,43.46,72463.0,
2026-01-16,INDORAMA,43.46,43.76,41.5,42.73,64441.0,
2026-01-19,INDORAMA,42.7,42.7,41.21,41.52,63711.0,
2026-01-20,INDORAMA,42.35,42.35,37.56,38.8,193824.0,
2026-01-21,INDORAMA,38.95,40.5,37.56,38.84,190668.0,
2026-01-22,INDORAMA,39.5,41.0,39.34,40.88,84670.0,
2026-01-23,INDORAMA,41.08,42.0,40.65,41.12,88618.0,
2026-01-27,INDORAMA,42.99,42.99,40.45,42.41,89026.0,
2026-01-28,INDORAMA,42.03,45.0,42.03,44.57,81634.0,
2026-01-29,INDORAMA,45.0,45.78,42.71,43.59,81453.0,
2026-01-30,INDORAMA,43.6,44.97,43.04,43.56,122647.0,
2026-02-02,INDORAMA,39.45,40.4,37.85,40.15,123599.0,
2026-02-03,INDORAMA,42.0,44.0,41.12,41.96,169812.0,
2026-02-04,INDORAMA,42.0,43.83,41.83,42.82,132378.0,
2026-02-05,INDORAMA,42.0,43.0,41.06,41.46,57635.0,
2026-02-06,INDORAMA,41.01,41.97,40.46,41.26,36645.0,
2026-02-09,INDORAMA,42.0,43.25,41.42,42.98,83283.0,
2026-02-10,INDORAMA,43.5,43.5,39.55,40.24,423712.0,
2026-02-11,INDORAMA,40.5,40.71,39.61,39.91,98267.0,
2026-02-12,INDORAMA,39.5,40.11,36.75,37.6,300185.0,
2026-02-13,INDORAMA,37.51,39.7,36.7,38.54,574638.0,
2026-02-16,INDORAMA,38.96,38.97,36.3,36.95,215609.0,
2026-02-17,INDORAMA,36.55,38.38,36.55,37.59,103494.0,
2026-02-18,INDORAMA,37.41,38.22,37.41,37.56,53472.0,
2026-02-19,INDORAMA,37.6,37.89,36.36,36.59,49241.0,
2026-02-20,INDORAMA,36.59,37.12,36.11,36.88,62769.0,
2026-02-23,INDORAMA,36.86,37.44,36.05,36.48,95897.0,
2026-02-24,INDORAMA,36.15,36.9,35.79,36.12,71342.0,
2026-02-25,INDORAMA,36.2,36.49,35.53,35.86,93444.0,
2026-02-26,INDORAMA,35.26,36.68,35.2,35.86,199927.0,
2026-02-27,INDORAMA,35.26,36.1,34.97,35.43,82377.0,
2026-03-02,INDORAMA,34.76,35.31,33.91,34.64,142114.0,
2026-03-04,INDORAMA,33.16,34.14,33.16,33.75,94013.0,
2026-03-05,INDORAMA,34.07,34.79,33.5,34.54,62493.0,
2026-03-06,INDORAMA,34.48,35.42,33.1,33.89,264188.0,
2026-03-09,INDORAMA,33.05,34.45,31.0,33.9,171041.0,
2026-03-10,INDORAMA,34.2,34.43,33.6,34.1,77434.0,
2026-03-11,INDORAMA,34.18,35.05,34.0,34.81,63081.0,
2026-03-12,INDORAMA,34.32,35.65,34.15,35.25,69764.0,
2026-03-13,INDORAMA,35.5,35.5,31.75,32.67,259847.0,
2026-03-16,INDORAMA,32.97,33.3,30.3,31.95,385830.0,
2026-03-17,INDORAMA,32.2,32.48,30.91,31.95,386197.0,
2026-03-18,INDORAMA,32.0,33.35,31.81,32.97,229451.0,
2026-03-19,INDORAMA,33.0,33.0,31.2,31.33,185288.0,
2026-03-20,INDORAMA,32.7,32.7,30.9,31.35,274486.0,
2026-03-23,INDORAMA,31.35,31.81,29.0,31.52,985786.0,
2026-03-24,INDORAMA,32.85,32.85,30.31,31.4,272631.0,
2026-03-25,INDORAMA,31.7,33.8,30.9,32.58,264409.0,
2026-03-27,INDORAMA,32.75,33.3,30.51,31.03,690741.0,
2026-03-30,INDORAMA,32.0,32.01,30.0,30.09,163487.0,
2026-04-01,INDORAMA,30.26,32.98,30.26,32.63,105095.0,
2026-04-02,INDORAMA,32.64,32.91,31.6,32.56,89640.0,
2026-04-06,INDORAMA,33.13,33.9,32.35,33.52,54763.0,
2026-04-07,INDORAMA,33.36,34.49,32.84,33.94,62919.0,
2026-04-08,INDORAMA,35.0,35.7,34.26,35.13,138908.0,
2026-04-09,INDORAMA,35.7,35.79,34.58,34.97,60035.0,
2026-04-10,INDORAMA,35.05,36.4,35.05,35.58,99388.0,
2026-04-13,INDORAMA,34.8,37.54,33.96,37.1,208775.0,
2026-04-15,INDORAMA,37.51,39.45,37.51,39.16,206330.0,
2026-04-16,INDORAMA,39.6,40.65,38.85,39.21,215381.0,
2026-04-17,INDORAMA,39.49,39.97,39.1,39.69,90864.0,
2026-04-20,INDORAMA,39.68,40.92,38.25,38.45,94958.0,
2026-04-21,INDORAMA,38.25,38.37,37.7,37.81,96183.0,
2026-04-22,INDORAMA,38.47,38.47,37.72,37.99,110294.0,
2026-04-23,INDORAMA,38.0,38.2,37.6,37.74,89870.0,
2026-04-24,INDORAMA,37.8,39.13,37.56,38.11,70414.0,
2026-04-27,INDORAMA,38.9,40.58,38.35,39.6,262920.0,
2026-04-28,INDORAMA,39.7,39.7,38.81,39.23,84619.0,
2026-04-29,INDORAMA,39.4,39.87,37.79,38.13,164612.0,
2026-04-30,INDORAMA,38.65,38.65,37.94,38.36,47964.0,
2026-05-04,INDORAMA,38.99,39.0,37.76,38.1,83464.0,
2026-05-05,INDORAMA,38.28,38.74,37.75,37.98,38417.0,
2026-05-06,INDORAMA,38.15,39.35,37.95,39.07,85278.0,
2026-05-07,INDORAMA,39.33,39.78,38.5,39.4,62469.0,
2026-05-08,INDORAMA,38.6,39.59,38.6,39.29,59084.0,
2026-05-11,INDORAMA,38.51,39.8,38.07,39.27,93403.0,
2026-05-12,INDORAMA,39.94,39.94,37.12,37.81,81354.0,
2026-05-13,INDORAMA,38.98,38.98,37.41,37.53,34318.0,
2026-05-14,INDORAMA,38.0,38.23,36.5,36.74,55523.0,
2026-05-15,INDORAMA,36.74,37.35,35.9,36.07,62409.0,
2026-05-18,INDORAMA,37.64,37.64,34.46,35.16,74818.0,
2026-05-19,INDORAMA,35.28,36.29,34.21,35.31,55353.0,
2026-05-20,INDORAMA,35.15,35.98,35.15,35.46,36285.0,
2026-05-21,INDORAMA,36.45,36.45,34.5,35.34,110696.0,
2026-05-22,INDORAMA,35.5,36.59,35.31,35.97,120394.0,
2026-05-25,INDORAMA,36.03,37.71,36.03,37.06,60329.0,
2026-05-26,INDORAMA,40.0,44.47,39.4,44.47,1114662.0,
2026-05-27,INDORAMA,47.7,49.8,40.85,41.98,2406607.0,
2026-05-29,INDORAMA,42.47,42.82,40.6,41.1,285586.0,
2026-06-01,INDORAMA,41.25,44.47,41.25,42.83,640103.0,
2026-06-02,INDORAMA,42.8,43.4,42.36,42.82,229503.0,
2026-06-03,INDORAMA,44.0,44.84,42.4,43.78,211867.0,
2026-06-04,INDORAMA,44.6,45.78,43.9,44.46,264795.0,
2026-06-05,INDORAMA,45.0,46.0,44.67,45.78,292407.0,
2026-06-08,INDORAMA,45.78,46.6,43.0,43.83,426642.0,
2026-06-09,INDORAMA,44.5,49.52,44.5,46.96,535236.0,
2026-06-10,INDORAMA,47.69,49.45,45.23,45.68,236148.0,
2026-06-11,INDORAMA,45.68,45.99,44.12,44.27,65415.0,
2026-06-12,INDORAMA,45.38,46.29,44.17,45.35,204651.0,
2026-06-15,INDORAMA,46.6,47.74,45.65,45.91,208945.0,
2026-06-16,INDORAMA,45.91,46.77,45.3,45.95,138046.0,
2026-06-17,INDORAMA,46.0,46.23,44.8,45.2,208314.0,
2026-06-18,INDORAMA,45.47,47.2,45.22,46.62,157212.0,
2026-06-19,INDORAMA,46.58,46.9,45.7,46.17,90313.0,
2026-06-22,INDORAMA,46.17,47.55,46.0,46.42,132801.0,
2026-06-23,INDORAMA,46.4,46.79,44.85,45.12,76624.0,
2026-06-24,INDORAMA,45.51,47.0,45.15,46.03,125498.0,
2026-06-25,INDORAMA,46.38,46.38,45.12,45.63,95475.0,
2026-06-29,INDORAMA,45.79,45.79,44.64,44.88,45648.0,
2026-06-30,INDORAMA,44.92,44.92,44.1,44.32,42393.0,
2026-07-01,INDORAMA,44.36,46.75,44.35,45.3,169917.0,
2026-07-02,INDORAMA,45.35,45.95,45.03,45.72,37889.0,
2026-07-03,INDORAMA,45.77,52.6,45.45,50.38,3188679.0,
2026-07-06,INDORAMA,50.43,52.49,49.0,49.55,562143.0,
2026-07-07,INDORAMA,49.49,49.49,48.01,48.26,130269.0,
2026-07-08,INDORAMA,48.06,48.37,45.21,45.56,193447.0,
2026-07-09,INDORAMA,45.1,47.47,45.1,46.04,175781.0,
2026-07-10,INDORAMA,46.28,49.35,46.28,48.07,232596.0,
2026-07-13,INDORAMA,48.79,49.95,48.07,49.43,194214.0,
2026-07-14,INDORAMA,49.27,49.35,46.2,47.15,87296.0,
2026-07-15,INDORAMA,47.25,52.5,47.25,51.81,669197.0,
2026-07-16,INDORAMA,52.07,52.07,50.1,51.14,223705.0,
2026-07-17,INDORAMA,50.71,51.01,48.51,50.07,314481.0,
2026-07-20,INDORAMA,50.56,51.71,49.0,49.21,98003.0,
2026-07-21,INDORAMA,48.94,50.81,48.94,49.83,107050.0,
2026-07-22,INDORAMA,49.93,50.11,48.4,48.67,57293.0,
2026-07-23,INDORAMA,48.8,49.74,47.56,47.68,74317.0,
2026-07-24,INDORAMA,47.0,49.0,46.2,48.43,139569.0,
2026-07-27,INDORAMA,49.0,50.75,48.91,49.74,175679.0,
2026-07-28,INDORAMA,49.62,50.03,49.01,49.42,86995.0,
2026-07-29,INDORAMA,49.5,54.24,49.5,53.24,632024.0,
2026-07-30,INDORAMA,50.5,56.64,50.5,55.02,1548451.0,
2026-07-31,INDORAMA,55.0,57.9,55.0,56.25,662589.0,
2026-08-03,INDORAMA,56.55,64.85,56.55,63.49,2539412.0,
2026-08-04,INDORAMA,63.11,66.45,61.7,64.46,1285167.0,
2026-08-05,INDORAMA,64.47,65.41,62.1,62.84,305295.0,
2026-08-06,INDORAMA,63.0,64.0,59.51,60.37,399250.0,
2026-08-07,INDORAMA,60.0,62.04,59.1,59.45,124739.0,
2026-08-10,INDORAMA,58.21,60.7,56.01,56.41,259836.0,
2026-08-11,INDORAMA,56.56,59.3,56.1,58.05,232275.0,
2026-08-12,INDORAMA,58.4,60.35,57.07,58.16,239333.0,
2026-08-13,INDORAMA,58.1,58.85,56.52,57.07,131374.0,
2026-08-14,INDORAMA,57.07,57.99,55.52,56.09,120847.0,
2026-08-17,INDORAMA,56.09,56.37,54.32,54.76,98507.0,
2026-08-18,INDORAMA,54.2,59.29,54.1,56.81,1115047.0,
2026-08-19,INDORAMA,56.81,56.99,55.36,56.29,70893.0,
2026-08-20,INDORAMA,56.91,63.45,56.02,61.29,1356536.0,
2026-08-21,INDORAMA,61.76,65.82,61.01,62.69,871640.0,
2026-08-24,INDORAMA,62.69,63.8,62.1,62.61,206985.0,
2026-08-25,INDORAMA,62.61,62.76,59.89,60.53,148993.0,
2026-08-26,INDORAMA,60.2,62.88,59.41,61.22,163175.0,
2026-08-27,INDORAMA,61.56,64.98,61.21,63.87,532500.0,
2026-08-28,INDORAMA,64.89,64.89,61.81,63.65,451194.0,
2026-08-31,INDORAMA,65.85,69.0,63.17,65.92,1880656.0,
2026-09-01,INDORAMA,65.71,72.0,65.71,68.01,2138883.0,
2026-09-02,INDORAMA,69.99,69.99,65.5,66.77,435143.0,
2026-09-03,INDORAMA,67.6,72.44,67.57,68.87,873235.0,
2026-09-04,INDORAMA,69.79,74.25,69.55,72.96,1609101.0,
2026-09-07,INDORAMA,74.0,78.0,71.8,73.56,2102406.0,
2026-09-08,INDORAMA,74.25,76.0,70.72,74.98,1050466.0,
2026-09-09,INDORAMA,75.3,88.2,72.76,86.13,7613089.0,
2026-09-10,INDORAMA,85.68,90.0,81.75,82.93,3197552.0,
2026-09-11,INDORAMA,83.02,87.64,80.0,86.5,1794174.0,
2026-09-15,INDORAMA,90.0,96.5,81.56,82.81,4750924.0,
2026-09-16,INDORAMA,83.09,89.9,81.1,85.6,3645127.0,
2026-09-17,INDORAMA,85.46,91.4,84.5,89.19,1774157.0,
2026-09-18,INDORAMA,89.87,93.49,87.43,91.05,1163975.0,
2026-09-21,INDORAMA,91.5,109.26,91.09,106.55,13822935.0,
2026-09-22,INDORAMA,106.18,112.3,102.26,103.57,4610713.0,
2026-09-23,INDORAMA,104.29,105.54,97.62,100.0,1969705.0,
2026-09-24,INDORAMA,99.19,107.44,98.0,101.72,2652171.0,
2025-09-10,JAYAGROGN,239.7,244.0,239.25,241.59,3646.0,
2025-09-11,JAYAGROGN,242.5,244.89,241.3,241.7,6340.0,
2025-09-12,JAYAGROGN,242.36,244.9,238.25,239.81,5983.0,
2025-09-15,JAYAGROGN,240.0,242.89,237.1,237.48,8709.0,
2025-09-16,JAYAGROGN,239.5,244.7,239.5,242.89,6370.0,
2025-09-17,JAYAGROGN,243.8,244.3,241.0,241.62,2573.0,
2025-09-18,JAYAGROGN,241.36,249.0,241.35,245.15,4537.0,
2025-09-19,JAYAGROGN,246.1,246.89,240.0,241.22,4954.0,
2025-09-22,JAYAGROGN,242.0,256.8,241.75,247.85,26867.0,
2025-09-23,JAYAGROGN,250.59,250.59,243.29,247.01,8317.0,
2025-09-24,JAYAGROGN,246.15,248.38,241.0,244.06,12576.0,
2025-09-25,JAYAGROGN,242.0,246.19,241.0,242.88,6829.0,
2025-09-26,JAYAGROGN,242.13,242.81,233.75,235.25,5025.0,
2025-09-29,JAYAGROGN,237.0,237.7,230.0,231.91,4603.0,
2025-09-30,JAYAGROGN,232.9,234.5,225.25,228.41,13198.0,
2025-10-01,JAYAGROGN,231.5,248.78,231.5,240.62,34825.0,
2025-10-03,JAYAGROGN,243.03,243.03,236.89,240.74,2093.0,
2025-10-06,JAYAGROGN,241.7,241.7,234.26,236.69,3607.0,
2025-10-07,JAYAGROGN,238.0,239.4,233.0,233.95,8640.0,
2025-10-08,JAYAGROGN,234.79,238.39,230.05,231.59,7149.0,
2025-10-09,JAYAGROGN,232.34,237.8,231.0,234.57,3313.0,
2025-10-10,JAYAGROGN,234.38,236.05,232.0,234.03,4902.0,
2025-10-13,JAYAGROGN,233.0,233.7,230.0,230.84,3064.0,
2025-10-14,JAYAGROGN,231.7,232.2,227.25,227.7,6719.0,
2025-10-15,JAYAGROGN,228.6,232.11,228.6,231.25,4693.0,
2025-10-16,JAYAGROGN,232.1,233.3,228.21,229.62,3914.0,
2025-10-17,JAYAGROGN,229.62,230.39,221.96,224.25,6160.0,
2025-10-20,JAYAGROGN,224.99,225.8,222.0,223.52,5480.0,
2025-10-21,JAYAGROGN,221.0,225.29,221.0,224.15,1582.0,
2025-10-23,JAYAGROGN,224.9,226.27,222.62,224.64,3813.0,
2025-10-24,JAYAGROGN,225.9,230.84,225.8,229.65,7978.0,
2025-10-27,JAYAGROGN,229.66,234.65,229.65,233.43,7898.0,
2025-10-28,JAYAGROGN,233.9,234.18,229.99,232.43,4541.0,
2025-10-29,JAYAGROGN,232.53,237.59,232.27,234.46,9606.0,
2025-10-30,JAYAGROGN,235.3,236.5,231.21,232.11,5226.0,
2025-10-31,JAYAGROGN,232.64,234.0,232.1,232.11,5508.0,
2025-11-03,JAYAGROGN,232.11,233.0,229.51,230.23,2942.0,
2025-11-04,JAYAGROGN,229.58,233.84,229.58,230.37,4127.0,
2025-11-06,JAYAGROGN,227.15,231.7,220.0,222.15,15549.0,
2025-11-07,JAYAGROGN,223.0,227.5,219.5,225.35,4888.0,
2025-11-10,JAYAGROGN,221.5,223.9,211.5,214.21,33388.0,
2025-11-11,JAYAGROGN,213.05,216.29,210.0,211.18,10562.0,
2025-11-12,JAYAGROGN,211.8,224.01,210.42,220.17,17297.0,
2025-11-13,JAYAGROGN,221.0,229.0,221.0,224.3,12584.0,
2025-11-14,JAYAGROGN,224.56,227.43,217.05,219.29,7398.0,
2025-11-17,JAYAGROGN,218.81,225.19,217.1,218.94,9567.0,
2025-11-18,JAYAGROGN,217.7,224.68,216.0,221.97,4860.0,
2025-11-19,JAYAGROGN,222.8,223.0,216.25,217.07,8956.0,
2025-11-20,JAYAGROGN,216.6,222.98,216.6,217.83,11344.0,
2025-11-21,JAYAGROGN,218.45,218.59,216.0,216.87,6539.0,
2025-11-24,JAYAGROGN,216.89,217.5,215.0,215.3,6126.0,
2025-11-25,JAYAGROGN,215.8,215.83,213.0,213.91,5476.0,
2025-11-26,JAYAGROGN,214.7,218.7,214.0,214.45,14563.0,
2025-11-27,JAYAGROGN,215.18,218.39,212.0,212.7,17743.0,
2025-11-28,JAYAGROGN,213.5,215.8,212.7,213.27,6549.0,
2025-12-01,JAYAGROGN,213.0,217.96,203.88,204.83,17205.0,
2025-12-02,JAYAGROGN,202.65,208.26,202.65,205.07,11254.0,
2025-12-03,JAYAGROGN,206.0,206.42,200.95,203.67,4720.0,
2025-12-04,JAYAGROGN,201.05,216.0,201.05,211.85,14526.0,
2025-12-05,JAYAGROGN,209.0,217.0,207.03,215.41,8247.0,
2025-12-08,JAYAGROGN,215.41,216.59,203.0,205.22,13158.0,
2025-12-09,JAYAGROGN,204.2,207.37,200.98,203.14,8920.0,
2025-12-10,JAYAGROGN,203.8,207.6,202.13,203.64,7237.0,
2025-12-11,JAYAGROGN,203.65,205.5,203.0,203.08,2065.0,
2025-12-12,JAYAGROGN,203.69,205.74,203.03,204.27,3071.0,
2025-12-15,JAYAGROGN,202.18,206.1,202.09,203.88,5968.0,
2025-12-16,JAYAGROGN,203.5,204.39,202.0,202.5,2474.0,
2025-12-17,JAYAGROGN,203.01,207.05,201.1,202.43,5820.0,
2025-12-18,JAYAGROGN,203.1,203.7,200.42,202.7,7270.0,
2025-12-19,JAYAGROGN,203.27,213.0,201.75,202.62,8430.0,
2025-12-22,JAYAGROGN,204.01,204.92,202.17,203.76,1660.0,
2025-12-23,JAYAGROGN,204.01,207.37,201.43,202.0,21228.0,
2025-12-24,JAYAGROGN,202.01,206.39,202.01,204.21,8710.0,
2025-12-26,JAYAGROGN,204.9,205.79,200.0,201.77,11533.0,
2025-12-29,JAYAGROGN,201.77,204.89,199.76,202.39,6132.0,
2025-12-30,JAYAGROGN,201.1,203.59,200.0,201.99,3010.0,
2025-12-31,JAYAGROGN,201.99,206.8,200.39,205.42,10169.0,
2026-01-01,JAYAGROGN,206.0,206.0,201.41,201.69,2275.0,
2026-01-02,JAYAGROGN,202.19,203.4,200.25,201.54,6577.0,
2026-01-05,JAYAGROGN,201.54,204.39,196.76,200.61,4942.0,
2026-01-06,JAYAGROGN,201.8,204.0,199.76,202.73,4165.0,
2026-01-07,JAYAGROGN,203.99,203.99,198.36,199.78,5319.0,
2026-01-08,JAYAGROGN,200.5,201.98,197.0,201.89,6952.0,
2026-01-09,JAYAGROGN,199.92,201.0,196.25,196.73,2532.0,
2026-01-12,JAYAGROGN,197.2,197.45,189.0,190.15,7747.0,
2026-01-13,JAYAGROGN,191.2,197.8,191.13,196.4,5378.0,
2026-01-14,JAYAGROGN,192.61,196.0,192.03,193.32,1837.0,
2026-01-16,JAYAGROGN,193.04,193.79,191.71,192.11,984.0,
2026-01-19,JAYAGROGN,190.99,191.99,186.1,187.45,5721.0,
2026-01-20,JAYAGROGN,187.45,188.78,176.5,177.06,10510.0,
2026-01-21,JAYAGROGN,177.71,188.28,172.55,177.76,8325.0,
2026-01-22,JAYAGROGN,180.8,184.1,179.0,179.6,6568.0,
2026-01-23,JAYAGROGN,179.91,183.1,177.45,178.38,4230.0,
2026-01-27,JAYAGROGN,178.38,185.2,178.38,178.6,3021.0,
2026-01-28,JAYAGROGN,178.59,180.1,173.25,176.68,6404.0,
2026-01-29,JAYAGROGN,176.1,182.73,175.51,178.89,4534.0,
2026-01-30,JAYAGROGN,175.01,184.99,175.0,182.49,984.0,
2026-02-02,JAYAGROGN,174.32,184.88,172.01,176.86,11224.0,
2026-02-03,JAYAGROGN,180.0,189.0,178.0,179.34,27404.0,
2026-02-04,JAYAGROGN,180.99,184.0,178.1,181.84,8935.0,
2026-02-05,JAYAGROGN,182.75,184.85,178.25,180.98,17974.0,
2026-02-06,JAYAGROGN,180.0,184.48,174.92,175.99,13906.0,
2026-02-09,JAYAGROGN,173.2,177.0,173.2,174.23,10642.0,
2026-02-10,JAYAGROGN,174.6,185.0,174.6,183.12,26932.0,
2026-02-11,JAYAGROGN,184.03,184.03,179.2,181.08,3203.0,
2026-02-12,JAYAGROGN,181.39,181.4,174.61,177.15,7574.0,
2026-02-13,JAYAGROGN,174.99,188.01,174.05,183.37,16355.0,
2026-02-16,JAYAGROGN,185.0,185.0,172.4,175.47,11529.0,
2026-02-17,JAYAGROGN,175.9,178.61,175.89,177.76,5602.0,
2026-02-18,JAYAGROGN,178.1,179.25,174.26,175.01,14102.0,
2026-02-19,JAYAGROGN,175.7,178.14,174.9,176.63,5726.0,
2026-02-20,JAYAGROGN,176.8,178.6,175.06,176.49,3111.0,
2026-02-23,JAYAGROGN,176.7,177.85,175.05,176.61,4428.0,
2026-02-24,JAYAGROGN,176.61,177.29,173.5,175.18,4419.0,
2026-02-25,JAYAGROGN,174.49,179.8,174.29,178.19,8300.0,
2026-02-26,JAYAGROGN,177.58,179.8,176.05,179.15,9077.0,
2026-02-27,JAYAGROGN,179.22,179.22,175.25,176.35,4979.0,
2026-03-02,JAYAGROGN,170.0,176.35,170.0,173.94,8031.0,
2026-03-04,JAYAGROGN,174.5,191.2,170.71,186.85,32403.0,
2026-03-05,JAYAGROGN,188.0,188.0,179.82,182.44,4402.0,
2026-03-06,JAYAGROGN,181.54,187.9,181.53,183.25,2851.0,
2026-03-09,JAYAGROGN,183.31,185.0,176.01,181.77,10945.0,
2026-03-10,JAYAGROGN,182.89,185.9,182.1,184.82,8674.0,
2026-03-11,JAYAGROGN,184.83,189.0,181.55,188.45,16010.0,
2026-03-12,JAYAGROGN,189.0,189.0,181.21,183.8,11433.0,
2026-03-13,JAYAGROGN,182.99,183.74,170.0,171.59,21005.0,
2026-03-16,JAYAGROGN,171.5,173.98,167.41,168.35,14822.0,
2026-03-17,JAYAGROGN,169.2,170.88,165.0,165.91,28701.0,
2026-03-18,JAYAGROGN,166.6,172.71,166.6,170.48,5116.0,
2026-03-19,JAYAGROGN,170.0,170.2,166.1,166.45,4904.0,
2026-03-20,JAYAGROGN,170.0,170.95,166.7,167.59,5312.0,
2026-03-23,JAYAGROGN,166.0,170.9,162.0,166.94,17166.0,
2026-03-24,JAYAGROGN,167.1,191.2,167.0,175.15,23381.0,
2026-03-25,JAYAGROGN,175.21,178.06,170.95,172.37,26456.0,
2026-03-27,JAYAGROGN,170.2,172.95,162.96,167.55,12897.0,
2026-03-30,JAYAGROGN,161.37,166.27,147.26,149.77,24941.0,
2026-04-01,JAYAGROGN,152.1,165.0,152.1,161.5,9546.0,
2026-04-02,JAYAGROGN,158.0,167.88,156.11,166.13,2739.0,
2026-04-06,JAYAGROGN,171.0,173.14,165.44,172.7,6256.0,
2026-04-07,JAYAGROGN,173.0,189.0,171.57,185.92,29247.0,
2026-04-08,JAYAGROGN,190.0,195.0,188.98,192.07,10418.0,
2026-04-09,JAYAGROGN,192.3,192.65,187.62,189.64,6841.0,
2026-04-10,JAYAGROGN,195.2,200.0,190.23,199.08,15031.0,
2026-04-13,JAYAGROGN,196.0,198.0,193.21,195.87,8387.0,
2026-04-15,JAYAGROGN,195.6,201.01,195.6,199.12,7830.0,
2026-04-16,JAYAGROGN,200.0,205.85,198.61,203.57,12366.0,
2026-04-17,JAYAGROGN,204.68,204.68,200.42,202.52,2661.0,
2026-04-20,JAYAGROGN,196.0,204.36,196.0,198.19,1694.0,
2026-04-21,JAYAGROGN,198.19,209.0,198.19,206.53,14087.0,
2026-04-22,JAYAGROGN,207.2,209.99,201.8,204.96,12219.0,
2026-04-23,JAYAGROGN,204.79,207.38,201.02,201.62,7027.0,
2026-04-24,JAYAGROGN,205.23,205.23,194.0,195.73,4245.0,
2026-04-27,JAYAGROGN,197.4,203.09,197.4,201.18,3433.0,
2026-04-28,JAYAGROGN,201.7,205.5,197.97,204.54,16610.0,
2026-04-29,JAYAGROGN,204.54,205.0,198.2,198.93,3450.0,
2026-04-30,JAYAGROGN,198.46,199.24,195.84,196.98,3330.0,
2026-05-04,JAYAGROGN,196.2,200.48,196.2,197.68,4357.0,
2026-05-05,JAYAGROGN,197.8,200.5,192.95,199.9,4204.0,
2026-05-06,JAYAGROGN,199.9,203.99,199.48,203.03,3613.0,
2026-05-07,JAYAGROGN,203.03,205.2,201.01,203.64,5213.0,
2026-05-08,JAYAGROGN,203.98,204.0,202.0,202.78,1950.0,
2026-05-11,JAYAGROGN,200.0,203.0,198.0,200.01,6617.0,
2026-05-12,JAYAGROGN,200.0,210.0,198.99,208.15,20848.0,
2026-05-13,JAYAGROGN,209.8,224.2,209.8,222.69,54175.0,
2026-05-14,JAYAGROGN,225.4,239.7,222.0,234.77,60624.0,
2026-05-15,JAYAGROGN,238.3,240.0,222.2,223.1,22778.0,
2026-05-18,JAYAGROGN,225.0,225.0,207.0,210.91,21475.0,
2026-05-19,JAYAGROGN,214.2,214.2,206.1,207.4,5036.0,
2026-05-20,JAYAGROGN,207.4,225.2,204.01,211.35,7527.0,
2026-05-21,JAYAGROGN,215.4,221.19,210.35,219.15,12397.0,
2026-05-22,JAYAGROGN,219.97,232.98,219.59,231.72,32288.0,
2026-05-25,JAYAGROGN,232.95,234.15,223.0,230.76,6579.0,
2026-05-26,JAYAGROGN,230.9,233.0,217.6,220.66,14593.0,
2026-05-27,JAYAGROGN,219.2,225.01,215.21,219.3,18336.0,
2026-05-29,JAYAGROGN,221.0,229.8,220.0,224.47,11711.0,
2026-06-01,JAYAGROGN,234.25,243.0,228.0,231.55,24848.0,
2026-06-02,JAYAGROGN,232.93,236.0,229.73,235.63,10092.0,
2026-06-03,JAYAGROGN,235.9,236.5,227.22,229.71,6543.0,
2026-06-04,JAYAGROGN,229.71,233.73,222.4,224.8,6049.0,
2026-06-05,JAYAGROGN,225.5,227.5,218.3,220.64,8172.0,
2026-06-08,JAYAGROGN,217.0,227.02,216.01,219.8,8596.0,
2026-06-09,JAYAGROGN,221.49,226.79,219.4,220.38,2463.0,
2026-06-10,JAYAGROGN,220.38,227.5,220.38,222.06,8763.0,
2026-06-11,JAYAGROGN,222.7,225.97,213.95,216.31,5752.0,
2026-06-12,JAYAGROGN,218.9,226.5,218.9,225.85,10624.0,
2026-06-15,JAYAGROGN,227.0,228.79,216.85,218.92,10986.0,
2026-06-16,JAYAGROGN,220.8,226.0,220.52,224.71,9191.0,
2026-06-17,JAYAGROGN,225.4,232.0,219.0,219.77,12212.0,
2026-06-18,JAYAGROGN,221.8,227.15,214.8,216.58,7157.0,
2026-06-19,JAYAGROGN,218.5,219.9,216.01,219.8,2720.0,
2026-06-22,JAYAGROGN,218.71,226.65,213.2,216.05,17880.0,
2026-06-23,JAYAGROGN,218.2,218.2,205.27,209.25,19352.0,
2026-06-24,JAYAGROGN,211.6,214.68,202.0,203.74,28433.0,
2026-06-25,JAYAGROGN,204.8,214.0,202.4,210.85,13661.0,
2026-06-29,JAYAGROGN,212.6,212.6,201.8,204.86,19057.0,
2026-06-30,JAYAGROGN,205.6,206.3,199.99,203.95,6637.0,
2026-07-01,JAYAGROGN,204.49,211.8,204.49,209.95,5092.0,
2026-07-02,JAYAGROGN,210.7,213.95,204.0,209.57,10873.0,
2026-07-03,JAYAGROGN,210.8,210.8,201.27,204.77,11716.0,
2026-07-06,JAYAGROGN,206.0,210.0,204.9,208.59,4942.0,
2026-07-07,JAYAGROGN,209.75,209.82,201.4,202.11,7803.0,
2026-07-08,JAYAGROGN,203.55,208.8,201.23,205.93,7561.0,
2026-07-09,JAYAGROGN,205.93,212.9,204.15,208.11,4980.0,
2026-07-10,JAYAGROGN,207.14,227.48,207.13,222.42,42432.0,
2026-07-13,JAYAGROGN,225.9,231.77,220.0,222.95,26018.0,
2026-07-14,JAYAGROGN,224.8,224.8,217.56,222.06,5047.0,
2026-07-15,JAYAGROGN,220.0,222.11,216.0,221.07,5018.0,
2026-07-16,JAYAGROGN,221.66,227.0,218.9,221.57,12680.0,
2026-07-17,JAYAGROGN,222.5,224.8,218.0,220.26,5703.0,
2026-07-20,JAYAGROGN,219.5,229.5,219.5,225.91,14903.0,
2026-07-21,JAYAGROGN,226.99,226.99,219.2,221.87,6804.0,
2026-07-22,JAYAGROGN,223.0,224.8,217.21,220.28,6337.0,
2026-07-23,JAYAGROGN,218.23,228.95,216.02,224.73,16038.0,
2026-07-24,JAYAGROGN,220.6,227.0,220.6,222.32,4999.0,
2026-07-27,JAYAGROGN,222.32,237.0,219.11,232.68,13851.0,
2026-07-28,JAYAGROGN,237.0,237.0,226.95,230.1,25991.0,
2026-07-29,JAYAGROGN,226.37,231.59,221.66,224.29,13203.0,
2026-07-30,JAYAGROGN,224.1,225.55,219.1,220.39,6472.0,
2026-07-31,JAYAGROGN,218.08,231.0,218.01,229.35,15047.0,
2026-08-03,JAYAGROGN,236.0,241.35,229.2,230.95,42437.0,
2026-08-04,JAYAGROGN,231.9,232.8,221.0,222.64,20655.0,
2026-08-05,JAYAGROGN,224.5,229.7,222.01,224.2,8355.0,
2026-08-06,JAYAGROGN,224.3,227.5,221.41,224.47,9566.0,
2026-08-07,JAYAGROGN,220.0,224.88,218.3,220.7,4470.0,
2026-08-10,JAYAGROGN,220.0,220.0,213.26,217.04,9581.0,
2026-08-11,JAYAGROGN,217.04,217.5,213.0,214.3,5708.0,
2026-08-12,JAYAGROGN,214.95,221.0,208.5,210.37,8449.0,
2026-08-13,JAYAGROGN,210.5,229.8,210.41,226.37,39115.0,
2026-08-14,JAYAGROGN,226.37,228.63,221.0,222.54,4220.0,
2026-08-17,JAYAGROGN,222.2,223.7,217.1,217.68,4074.0,
2026-08-18,JAYAGROGN,218.0,221.0,217.3,220.41,2797.0,
2026-08-19,JAYAGROGN,221.1,223.49,217.0,220.45,6451.0,
2026-08-20,JAYAGROGN,221.1,221.68,217.0,220.19,9488.0,
2026-08-21,JAYAGROGN,219.09,222.0,217.75,220.69,3461.0,
2026-08-24,JAYAGROGN,221.25,230.5,219.11,228.63,11372.0,
2026-08-25,JAYAGROGN,228.63,233.98,227.0,229.64,24987.0,
2026-08-26,JAYAGROGN,229.64,229.64,218.51,223.25,11905.0,
2026-08-27,JAYAGROGN,224.9,230.7,220.15,222.07,17966.0,
2026-08-28,JAYAGROGN,223.11,227.58,222.32,223.14,3465.0,
2026-08-31,JAYAGROGN,220.5,235.0,220.02,232.93,18470.0,
2026-09-01,JAYAGROGN,235.0,236.0,227.04,229.42,8469.0,
2026-09-02,JAYAGROGN,227.18,233.95,222.32,229.57,18896.0,
2026-09-03,JAYAGROGN,231.3,241.0,227.0,230.83,24956.0,
2026-09-04,JAYAGROGN,232.04,235.96,227.01,230.6,8025.0,
2026-09-07,JAYAGROGN,230.6,234.0,227.0,228.33,11160.0,
2026-09-08,JAYAGROGN,228.3,256.0,227.21,249.04,266571.0,
2026-09-09,JAYAGROGN,254.0,265.0,248.0,256.9,140900.0,
2026-09-10,JAYAGROGN,259.0,265.0,253.0,258.18,75360.0,
2026-09-11,JAYAGROGN,257.0,257.0,239.09,244.13,47854.0,
2026-09-15,JAYAGROGN,244.09,244.13,223.13,227.39,35008.0,
2026-09-16,JAYAGROGN,227.0,234.9,217.52,231.66,36723.0,
2026-09-17,JAYAGROGN,234.8,238.79,223.85,225.41,8582.0,
2026-09-18,JAYAGROGN,228.3,229.5,225.02,227.39,6086.0,
2026-09-21,JAYAGROGN,228.8,235.7,224.12,235.12,23470.0,
2026-09-22,JAYAGROGN,232.0,238.0,227.67,233.47,12637.0,
2026-09-23,JAYAGROGN,233.92,238.98,232.0,237.12,21040.0,
2026-09-24,JAYAGROGN,235.4,236.0,228.1,230.91,35664.0,
2025-09-10,JINDALSTEL,1036.0,1042.05,1030.05,1039.6,722139.0,
2025-09-11,JINDALSTEL,1037.0,1044.7,1032.6,1040.4,882337.0,
2025-09-12,JINDALSTEL,1041.95,1046.3,1027.2,1035.95,578783.0,
2025-09-15,JINDALSTEL,1034.9,1049.95,1033.2,1046.3,618202.0,
2025-09-16,JINDALSTEL,1046.3,1056.0,1038.45,1053.35,1224328.0,
2025-09-17,JINDALSTEL,1056.95,1059.4,1029.35,1033.65,634304.0,
2025-09-18,JINDALSTEL,1039.95,1052.55,1030.3,1047.65,702731.0,
2025-09-19,JINDALSTEL,1048.0,1049.95,1036.0,1046.0,943974.0,
2025-09-22,JINDALSTEL,1045.5,1051.6,1029.6,1032.45,685776.0,
2025-09-23,JINDALSTEL,1035.0,1069.7,1028.05,1062.7,1889834.0,
2025-09-24,JINDALSTEL,1062.7,1065.75,1046.05,1052.65,729744.0,
2025-09-25,JINDALSTEL,1048.0,1059.3,1045.0,1051.7,1534438.0,
2025-09-26,JINDALSTEL,1048.0,1061.95,1027.85,1029.5,858507.0,
2025-09-29,JINDALSTEL,1035.1,1052.0,1035.1,1043.35,1278211.0,
2025-09-30,JINDALSTEL,1043.35,1069.0,1043.2,1063.75,1992711.0,
2025-10-01,JINDALSTEL,1063.8,1070.4,1055.0,1065.0,1125486.0,
2025-10-03,JINDALSTEL,1063.0,1087.6,1049.3,1076.5,2035582.0,
2025-10-06,JINDALSTEL,1077.0,1078.9,1043.7,1055.9,2301398.0,
2025-10-07,JINDALSTEL,1058.0,1059.3,1029.9,1033.7,1938416.0,
2025-10-08,JINDALSTEL,1031.1,1040.0,1016.0,1019.2,1436225.0,
2025-10-09,JINDALSTEL,1023.9,1044.4,1020.3,1040.3,2732150.0,
2025-10-10,JINDALSTEL,1037.2,1039.8,1010.2,1015.2,2426076.0,
2025-10-13,JINDALSTEL,1015.2,1016.1,1002.3,1007.6,1642367.0,
2025-10-14,JINDALSTEL,1017.3,1018.4,986.2,996.0,1404907.0,
2025-10-15,JINDALSTEL,996.0,1004.4,993.9,1001.4,1643008.0,
2025-10-16,JINDALSTEL,1005.7,1025.8,994.0,1022.8,1248871.0,
2025-10-17,JINDALSTEL,1022.8,1027.1,1004.8,1007.6,1530004.0,
2025-10-20,JINDALSTEL,1011.5,1013.6,998.6,1005.6,898357.0,
2025-10-21,JINDALSTEL,1010.0,1012.8,1003.0,1009.8,109029.0,
2025-10-23,JINDALSTEL,1012.0,1022.9,1005.8,1009.1,1065307.0,
2025-10-24,JINDALSTEL,1010.9,1027.9,1003.4,1008.2,1691676.0,
2025-10-27,JINDALSTEL,1011.2,1036.3,1011.2,1034.3,999054.0,
2025-10-28,JINDALSTEL,1034.3,1077.7,1027.1,1073.5,4445977.0,
2025-10-29,JINDALSTEL,1063.0,1097.7,1058.2,1070.6,3983488.0,
2025-10-30,JINDALSTEL,1072.9,1074.0,1058.1,1070.2,1514350.0,
2025-10-31,JINDALSTEL,1065.7,1074.2,1056.5,1066.8,1018215.0,
2025-11-03,JINDALSTEL,1066.0,1087.6,1063.0,1077.0,1193076.0,
2025-11-04,JINDALSTEL,1073.0,1085.2,1066.4,1080.7,2806142.0,
2025-11-06,JINDALSTEL,1080.7,1081.1,1042.3,1045.5,1497966.0,
2025-11-07,JINDALSTEL,1035.0,1075.1,1002.1,1069.9,1892592.0,
2025-11-10,JINDALSTEL,1069.9,1082.0,1069.1,1071.4,990878.0,
2025-11-11,JINDALSTEL,1076.6,1089.8,1057.0,1080.2,670521.0,
2025-11-12,JINDALSTEL,1080.3,1084.5,1072.5,1079.9,702572.0,
2025-11-13,JINDALSTEL,1087.5,1098.0,1075.9,1087.8,1863602.0,
2025-11-14,JINDALSTEL,1082.6,1096.0,1068.8,1076.2,1403097.0,
2025-11-17,JINDALSTEL,1080.6,1082.8,1071.8,1080.0,723524.0,
2025-11-18,JINDALSTEL,1078.1,1078.3,1057.2,1066.3,1437183.0,
2025-11-19,JINDALSTEL,1066.0,1076.0,1059.3,1071.0,933058.0,
2025-11-20,JINDALSTEL,1075.9,1078.0,1062.2,1069.4,834957.0,
2025-11-21,JINDALSTEL,1065.0,1065.0,1035.5,1038.6,1316935.0,
2025-11-24,JINDALSTEL,1040.4,1046.7,1014.7,1021.3,3883924.0,
2025-11-25,JINDALSTEL,1022.9,1029.9,1014.7,1022.6,1833665.0,
2025-11-26,JINDALSTEL,1029.0,1048.3,1023.8,1042.4,1580115.0,
2025-11-27,JINDALSTEL,1047.9,1053.1,1034.2,1041.1,893056.0,
2025-11-28,JINDALSTEL,1046.7,1054.9,1037.3,1044.4,1205893.0,
2025-12-01,JINDALSTEL,1053.5,1055.0,1039.0,1048.0,803834.0,
2025-12-02,JINDALSTEL,1046.0,1052.0,1024.6,1028.8,1634860.0,
2025-12-03,JINDALSTEL,1033.8,1033.8,1013.0,1017.9,1634772.0,
2025-12-04,JINDALSTEL,1020.1,1028.3,1003.0,1005.8,645481.0,
2025-12-05,JINDALSTEL,1009.0,1010.9,989.0,1006.8,1273166.0,
2025-12-08,JINDALSTEL,1007.0,1011.1,991.0,997.5,1118377.0,
2025-12-09,JINDALSTEL,996.0,1009.7,977.1,1002.8,1274066.0,
2025-12-10,JINDALSTEL,1004.2,1013.5,1001.1,1008.9,658048.0,
2025-12-11,JINDALSTEL,1009.0,1015.3,1002.6,1012.9,576973.0,
2025-12-12,JINDALSTEL,1019.0,1032.5,1017.9,1029.5,846932.0,
2025-12-15,JINDALSTEL,1032.0,1036.5,1023.2,1034.0,396392.0,
2025-12-16,JINDALSTEL,1032.0,1032.0,1005.1,1011.2,1561272.0,
2025-12-17,JINDALSTEL,1008.0,1012.4,998.0,1001.5,647160.0,
2025-12-18,JINDALSTEL,1001.5,1003.5,979.1,986.0,2600965.0,
2025-12-19,JINDALSTEL,986.6,1002.5,981.6,992.6,1137039.0,
2025-12-22,JINDALSTEL,998.0,1016.2,995.1,1002.1,1205035.0,
2025-12-23,JINDALSTEL,1008.0,1017.0,998.6,1012.6,682890.0,
2025-12-24,JINDALSTEL,1014.8,1014.8,997.0,999.0,617162.0,
2025-12-26,JINDALSTEL,997.9,999.0,985.4,986.5,780164.0,
2025-12-29,JINDALSTEL,991.2,1010.6,988.5,990.5,2221198.0,
2025-12-30,JINDALSTEL,992.0,1025.5,986.4,1021.3,2097101.0,
2025-12-31,JINDALSTEL,1042.4,1065.0,1042.4,1053.8,4643020.0,
2026-01-01,JINDALSTEL,1053.8,1070.0,1046.6,1068.4,1361672.0,
2026-01-02,JINDALSTEL,1068.8,1082.7,1065.0,1080.3,1931379.0,
2026-01-05,JINDALSTEL,1084.0,1087.5,1074.4,1081.6,900540.0,
2026-01-06,JINDALSTEL,1080.1,1090.6,1072.3,1079.8,1100849.0,
2026-01-07,JINDALSTEL,1080.0,1087.0,1067.6,1074.7,553494.0,
2026-01-08,JINDALSTEL,1075.3,1078.0,1010.0,1013.6,3223347.0,
2026-01-09,JINDALSTEL,1014.9,1021.2,1003.7,1010.3,994369.0,
2026-01-12,JINDALSTEL,1010.9,1029.6,997.1,1023.4,1469718.0,
2026-01-13,JINDALSTEL,1028.0,1031.8,1002.7,1010.8,977080.0,
2026-01-14,JINDALSTEL,1012.0,1046.0,1006.0,1040.7,1727062.0,
2026-01-16,JINDALSTEL,1045.9,1054.0,1035.5,1042.9,1500141.0,
2026-01-19,JINDALSTEL,1035.0,1062.9,1034.1,1055.6,1407699.0,
2026-01-20,JINDALSTEL,1053.5,1063.8,1034.0,1039.8,1518491.0,
2026-01-21,JINDALSTEL,1050.4,1055.6,1030.4,1041.4,1655357.0,
2026-01-22,JINDALSTEL,1045.9,1079.0,1044.0,1076.0,2032310.0,
2026-01-23,JINDALSTEL,1081.0,1104.0,1057.1,1063.6,2761031.0,
2026-01-27,JINDALSTEL,1067.0,1086.5,1059.4,1080.7,1951032.0,
2026-01-28,JINDALSTEL,1090.0,1122.0,1078.4,1119.4,2783493.0,
2026-01-29,JINDALSTEL,1125.0,1168.0,1125.0,1159.6,4011001.0,
2026-01-30,JINDALSTEL,1141.8,1164.7,1103.0,1132.0,3291975.0,
2026-02-02,JINDALSTEL,1100.0,1133.0,1082.7,1125.1,1460280.0,
2026-02-03,JINDALSTEL,1165.0,1170.6,1135.0,1149.7,1360519.0,
2026-02-04,JINDALSTEL,1155.0,1180.5,1154.9,1167.3,2332435.0,
2026-02-05,JINDALSTEL,1159.1,1185.0,1150.2,1178.0,1090941.0,
2026-02-06,JINDALSTEL,1171.5,1191.7,1162.9,1189.9,988037.0,
2026-02-09,JINDALSTEL,1196.3,1204.9,1178.9,1191.1,1017423.0,
2026-02-10,JINDALSTEL,1195.0,1203.7,1185.4,1191.4,677182.0,
2026-02-11,JINDALSTEL,1198.8,1202.0,1187.9,1190.5,670060.0,
2026-02-12,JINDALSTEL,1185.0,1207.0,1185.0,1203.4,627605.0,
2026-02-13,JINDALSTEL,1193.4,1193.4,1167.3,1184.7,1302484.0,
2026-02-16,JINDALSTEL,1168.0,1214.0,1165.0,1210.9,939983.0,
2026-02-17,JINDALSTEL,1210.0,1215.4,1190.4,1211.0,1950738.0,
2026-02-18,JINDALSTEL,1214.0,1229.3,1211.5,1221.8,918546.0,
2026-02-19,JINDALSTEL,1228.0,1232.8,1200.0,1211.1,966087.0,
2026-02-20,JINDALSTEL,1209.8,1230.0,1203.0,1217.1,662336.0,
2026-02-23,JINDALSTEL,1220.8,1230.0,1207.0,1216.6,562390.0,
2026-02-24,JINDALSTEL,1216.6,1240.0,1211.1,1233.3,1023225.0,
2026-02-25,JINDALSTEL,1241.9,1269.9,1237.7,1266.5,1271115.0,
2026-02-26,JINDALSTEL,1272.0,1272.1,1257.8,1261.0,942928.0,
2026-02-27,JINDALSTEL,1253.2,1267.0,1239.1,1244.2,1618136.0,
2026-03-02,JINDALSTEL,1215.0,1256.6,1215.0,1237.8,1589722.0,
2026-03-04,JINDALSTEL,1225.1,1227.0,1161.0,1168.4,2894114.0,
2026-03-05,JINDALSTEL,1172.3,1193.3,1169.4,1184.0,788753.0,
2026-03-06,JINDALSTEL,1184.0,1195.8,1176.6,1180.4,797237.0,
2026-03-09,JINDALSTEL,1157.0,1167.1,1132.0,1144.1,2194187.0,
2026-03-10,JINDALSTEL,1154.9,1190.9,1150.5,1187.2,1189789.0,
2026-03-11,JINDALSTEL,1187.0,1205.1,1183.2,1187.0,1055730.0,
2026-03-12,JINDALSTEL,1177.6,1232.1,1162.2,1225.0,1959835.0,
2026-03-13,JINDALSTEL,1216.3,1222.4,1136.1,1143.3,1866333.0,
2026-03-16,JINDALSTEL,1137.0,1156.2,1124.2,1133.0,1403667.0,
2026-03-17,JINDALSTEL,1135.9,1160.7,1128.0,1157.3,809027.0,
2026-03-18,JINDALSTEL,1157.3,1184.4,1140.2,1179.2,1013722.0,
2026-03-19,JINDALSTEL,1161.2,1162.7,1130.7,1138.1,542455.0,
2026-03-20,JINDALSTEL,1144.1,1196.0,1144.1,1186.5,1998983.0,
2026-03-23,JINDALSTEL,1162.0,1169.8,1101.6,1106.2,1880244.0,
2026-03-24,JINDALSTEL,1129.4,1138.5,1111.0,1120.6,1222265.0,
2026-03-25,JINDALSTEL,1132.2,1154.0,1130.5,1143.0,1230757.0,
2026-03-27,JINDALSTEL,1135.9,1154.7,1122.4,1131.4,1840045.0,
2026-03-30,JINDALSTEL,1117.0,1133.8,1106.9,1113.1,1729076.0,
2026-04-01,JINDALSTEL,1131.0,1158.3,1126.4,1137.4,1544180.0,
2026-04-02,JINDALSTEL,1131.0,1146.3,1093.8,1137.9,1485498.0,
2026-04-06,JINDALSTEL,1131.0,1156.4,1101.3,1134.0,4716546.0,
2026-04-07,JINDALSTEL,1124.1,1173.9,1124.1,1168.2,1729304.0,
2026-04-08,JINDALSTEL,1190.0,1223.1,1188.9,1213.1,1573122.0,
2026-04-09,JINDALSTEL,1213.3,1229.7,1194.8,1199.6,1807078.0,
2026-04-10,JINDALSTEL,1207.0,1223.1,1196.5,1219.2,1632332.0,
2026-04-13,JINDALSTEL,1205.0,1230.3,1185.5,1218.5,1075242.0,
2026-04-15,JINDALSTEL,1234.0,1249.5,1211.0,1221.3,1190536.0,
2026-04-16,JINDALSTEL,1226.0,1242.0,1219.5,1228.3,1381465.0,
2026-04-17,JINDALSTEL,1228.3,1284.0,1207.9,1270.0,2860655.0,
2026-04-20,JINDALSTEL,1274.9,1297.5,1250.0,1287.7,1852542.0,
2026-04-21,JINDALSTEL,1290.0,1306.2,1277.3,1288.8,1197265.0,
2026-04-22,JINDALSTEL,1289.0,1298.4,1272.3,1278.6,1550115.0,
2026-04-23,JINDALSTEL,1278.6,1279.9,1251.7,1254.5,843109.0,
2026-04-24,JINDALSTEL,1252.2,1273.1,1237.3,1256.0,1161639.0,
2026-04-27,JINDALSTEL,1257.9,1293.6,1257.6,1278.2,1150764.0,
2026-04-28,JINDALSTEL,1283.5,1290.5,1262.5,1265.5,858544.0,
2026-04-29,JINDALSTEL,1270.9,1270.9,1224.5,1228.1,1069141.0,
2026-04-30,JINDALSTEL,1224.0,1234.4,1201.1,1223.1,878441.0,
2026-05-04,JINDALSTEL,1245.0,1278.9,1234.1,1261.4,4141121.0,
2026-05-05,JINDALSTEL,1263.1,1283.3,1254.7,1261.2,2181399.0,
2026-05-06,JINDALSTEL,1272.0,1283.6,1250.0,1264.3,1985427.0,
2026-05-07,JINDALSTEL,1273.0,1284.4,1254.2,1258.2,992992.0,
2026-05-08,JINDALSTEL,1258.2,1260.0,1239.2,1248.4,995187.0,
2026-05-11,JINDALSTEL,1250.0,1256.0,1230.2,1232.0,699510.0,
2026-05-12,JINDALSTEL,1233.1,1242.8,1211.1,1214.3,1177173.0,
2026-05-13,JINDALSTEL,1219.0,1258.0,1216.1,1242.9,1024817.0,
2026-05-14,JINDALSTEL,1253.1,1258.4,1237.2,1252.8,1111090.0,
2026-05-15,JINDALSTEL,1255.0,1259.0,1225.7,1232.0,1171259.0,
2026-05-18,JINDALSTEL,1229.2,1246.3,1200.7,1231.8,923644.0,
2026-05-19,JINDALSTEL,1237.0,1237.7,1221.2,1226.3,634511.0,
2026-05-20,JINDALSTEL,1215.0,1244.0,1200.9,1223.1,1117681.0,
2026-05-21,JINDALSTEL,1243.0,1243.0,1194.0,1196.8,963285.0,
2026-05-22,JINDALSTEL,1198.6,1212.4,1192.3,1209.9,805924.0,
2026-05-25,JINDALSTEL,1224.4,1224.4,1209.1,1212.3,323348.0,
2026-05-26,JINDALSTEL,1212.3,1226.3,1205.0,1222.9,477830.0,
2026-05-27,JINDALSTEL,1225.0,1254.9,1211.0,1220.6,1184467.0,
2026-05-29,JINDALSTEL,1227.0,1230.5,1191.7,1207.2,4256869.0,
2026-06-01,JINDALSTEL,1219.0,1222.9,1203.1,1209.8,451079.0,
2026-06-02,JINDALSTEL,1199.7,1217.5,1196.7,1203.4,478492.0,
2026-06-03,JINDALSTEL,1213.2,1218.9,1190.0,1211.3,489001.0,
2026-06-04,JINDALSTEL,1210.8,1213.6,1195.0,1197.2,611274.0,
2026-06-05,JINDALSTEL,1199.4,1204.7,1165.4,1181.3,1034889.0,
2026-06-08,JINDALSTEL,1165.0,1181.9,1150.1,1156.3,610979.0,
2026-06-09,JINDALSTEL,1157.8,1168.4,1143.5,1149.9,745517.0,
2026-06-10,JINDALSTEL,1147.0,1147.6,1118.3,1121.1,1344851.0,
2026-06-11,JINDALSTEL,1119.0,1137.3,1109.5,1121.3,914820.0,
2026-06-12,JINDALSTEL,1140.0,1150.9,1128.1,1148.5,448591.0,
2026-06-15,JINDALSTEL,1156.6,1168.4,1142.6,1149.5,2612316.0,
2026-06-16,JINDALSTEL,1149.5,1152.9,1120.6,1139.8,810919.0,
2026-06-17,JINDALSTEL,1139.8,1142.3,1123.6,1135.8,1869441.0,
2026-06-18,JINDALSTEL,1136.0,1147.8,1126.4,1131.9,1279545.0,
2026-06-19,JINDALSTEL,1131.9,1143.0,1122.1,1137.7,1345823.0,
2026-06-22,JINDALSTEL,1146.5,1150.0,1125.9,1132.0,2311665.0,
2026-06-23,JINDALSTEL,1131.0,1131.9,1076.2,1082.6,2645410.0,
2026-06-24,JINDALSTEL,1076.0,1096.6,1064.5,1089.7,1420573.0,
2026-06-25,JINDALSTEL,1089.7,1093.0,1056.3,1059.5,3101359.0,
2026-06-29,JINDALSTEL,1059.6,1081.3,1056.6,1068.1,1129001.0,
2026-06-30,JINDALSTEL,1068.8,1075.0,1054.4,1060.1,1062138.0,
2026-07-01,JINDALSTEL,1045.5,1049.3,1024.2,1028.8,3331254.0,
2026-07-02,JINDALSTEL,1034.0,1049.9,1033.0,1043.8,816316.0,
2026-07-03,JINDALSTEL,1052.4,1073.8,1051.0,1054.0,932823.0,
2026-07-06,JINDALSTEL,1058.5,1065.5,1045.9,1059.5,1284371.0,
2026-07-07,JINDALSTEL,1053.9,1053.9,1027.3,1035.4,1217611.0,
2026-07-08,JINDALSTEL,1029.2,1048.0,1016.0,1021.5,939813.0,
2026-07-09,JINDALSTEL,1023.6,1037.7,1022.6,1029.8,641235.0,
2026-07-10,JINDALSTEL,1044.4,1063.6,1038.5,1051.3,1175870.0,
2026-07-13,JINDALSTEL,1044.3,1044.3,1010.1,1028.8,1907483.0,
2026-07-14,JINDALSTEL,1026.7,1049.9,1025.0,1040.1,2286094.0,
2026-07-15,JINDALSTEL,1045.7,1050.5,1037.9,1042.2,1751517.0,
2026-07-16,JINDALSTEL,1041.9,1044.2,1023.0,1028.0,1097051.0,
2026-07-17,JINDALSTEL,1031.0,1035.8,1018.4,1025.0,628804.0,
2026-07-20,JINDALSTEL,1025.0,1044.0,1020.0,1033.3,1212343.0,
2026-07-21,JINDALSTEL,1035.0,1050.5,1030.5,1044.7,638437.0,
2026-07-22,JINDALSTEL,1050.0,1051.0,1038.3,1045.0,842226.0,
2026-07-23,JINDALSTEL,1042.0,1056.3,1034.1,1041.9,1130348.0,
2026-07-24,JINDALSTEL,1032.0,1042.7,1021.0,1035.8,372876.0,
2026-07-27,JINDALSTEL,1055.0,1068.2,1036.0,1065.7,2617855.0,
2026-07-28,JINDALSTEL,1072.0,1072.0,1051.5,1054.4,957009.0,
2026-07-29,JINDALSTEL,1054.4,1099.9,1054.2,1088.7,1960722.0,
2026-07-30,JINDALSTEL,1090.0,1120.0,1085.9,1093.7,653708.0,
2026-07-31,JINDALSTEL,1094.5,1114.0,1093.6,1102.4,783287.0,
2026-08-03,JINDALSTEL,1114.0,1128.3,1105.1,1105.1,1173261.0,
2026-08-04,JINDALSTEL,1106.1,1124.0,1101.4,1124.0,822310.0,
2026-08-05,JINDALSTEL,1124.0,1126.8,1113.4,1113.4,622339.0,
2026-08-06,JINDALSTEL,1122.0,1124.5,1097.7,1101.0,1715023.0,
2026-08-07,JINDALSTEL,1101.0,1105.7,1092.1,1103.0,392474.0,
2026-08-10,JINDALSTEL,1107.6,1126.5,1100.0,1125.0,895998.0,
2026-08-11,JINDALSTEL,1125.0,1126.0,1094.5,1095.0,807811.0,
2026-08-12,JINDALSTEL,1096.0,1112.0,1093.2,1112.0,396526.0,
2026-08-13,JINDALSTEL,1105.6,1106.6,1090.6,1099.9,288897.0,
2026-08-14,JINDALSTEL,1098.9,1105.6,1086.0,1091.5,493678.0,
2026-08-17,JINDALSTEL,1090.1,1118.7,1090.0,1116.1,644163.0,
2026-08-18,JINDALSTEL,1119.0,1119.7,1100.0,1101.5,561974.0,
2026-08-19,JINDALSTEL,1102.3,1121.8,1095.2,1115.0,1140894.0,
2026-08-20,JINDALSTEL,1120.1,1142.0,1108.4,1118.9,992910.0,
2026-08-21,JINDALSTEL,1120.0,1135.0,1118.9,1127.8,999052.0,
2026-08-24,JINDALSTEL,1135.0,1149.0,1130.1,1149.0,908799.0,
2026-08-25,JINDALSTEL,1147.9,1157.0,1140.1,1154.1,670829.0,
2026-08-26,JINDALSTEL,1155.0,1183.3,1143.1,1175.4,896442.0,
2026-08-27,JINDALSTEL,1176.0,1196.4,1166.6,1170.0,1533812.0,
2026-08-28,JINDALSTEL,1172.7,1191.9,1170.0,1179.2,652427.0,
2026-08-31,JINDALSTEL,1174.1,1192.9,1150.9,1192.9,781759.0,
2026-09-01,JINDALSTEL,1175.7,1175.7,1147.0,1160.0,517597.0,
2026-09-02,JINDALSTEL,1149.0,1165.3,1141.0,1159.4,706262.0,
2026-09-03,JINDALSTEL,1165.0,1169.0,1134.7,1145.0,950251.0,
2026-09-04,JINDALSTEL,1147.0,1170.9,1138.7,1165.0,893053.0,
2026-09-07,JINDALSTEL,1164.5,1168.0,1130.0,1147.9,752810.0,
2026-09-08,JINDALSTEL,1147.9,1151.0,1135.0,1136.3,443885.0,
2026-09-09,JINDALSTEL,1139.6,1158.0,1130.6,1146.5,590734.0,
2026-09-10,JINDALSTEL,1149.7,1151.7,1131.0,1137.0,554299.0,
2026-09-11,JINDALSTEL,1111.0,1122.0,1058.0,1120.5,549857.0,
2026-09-15,JINDALSTEL,1119.7,1119.7,1090.5,1095.0,816410.0,
2026-09-16,JINDALSTEL,1088.0,1117.0,1085.4,1103.0,457237.0,
2026-09-17,JINDALSTEL,1104.1,1134.6,1104.1,1128.4,719206.0,
2026-09-18,JINDALSTEL,1128.9,1140.2,1119.5,1119.5,1056818.0,
2026-09-21,JINDALSTEL,1138.0,1143.5,1127.1,1130.6,708371.0,
2026-09-22,JINDALSTEL,1135.0,1147.5,1131.0,1141.0,891592.0,
2026-09-23,JINDALSTEL,1138.2,1187.4,1138.2,1175.3,994851.0,
2026-09-24,JINDALSTEL,1157.3,1174.7,1152.3,1157.8,598786.0,
2025-09-10,KABRAEXTRU,285.45,289.3,285.45,286.75,22323.0,
2025-09-11,KABRAEXTRU,288.15,289.7,284.85,287.05,17019.0,
2025-09-12,KABRAEXTRU,288.45,289.45,281.05,282.3,17352.0,
2025-09-15,KABRAEXTRU,286.0,287.2,276.0,279.35,13519.0,
2025-09-16,KABRAEXTRU,283.7,285.5,279.0,280.65,10969.0,
2025-09-17,KABRAEXTRU,283.9,285.0,278.0,278.5,14992.0,
2025-09-18,KABRAEXTRU,287.9,289.0,275.0,278.85,20280.0,
2025-09-19,KABRAEXTRU,274.1,281.0,265.0,269.9,177731.0,
2025-09-22,KABRAEXTRU,271.7,278.5,269.25,275.5,20660.0,
2025-09-23,KABRAEXTRU,276.85,285.0,275.7,277.6,30076.0,
2025-09-24,KABRAEXTRU,278.15,280.0,270.6,272.85,11981.0,
2025-09-25,KABRAEXTRU,275.3,275.3,262.0,263.75,30542.0,
2025-09-26,KABRAEXTRU,265.1,268.7,260.15,261.75,15485.0,
2025-09-29,KABRAEXTRU,263.85,265.45,258.8,260.75,13326.0,
2025-09-30,KABRAEXTRU,266.0,266.0,250.75,258.85,10715.0,
2025-10-01,KABRAEXTRU,261.35,262.65,255.0,257.15,36781.0,
2025-10-03,KABRAEXTRU,262.0,263.0,253.55,254.85,36481.0,
2025-10-06,KABRAEXTRU,255.0,259.95,253.85,255.2,20108.0,
2025-10-07,KABRAEXTRU,252.4,259.0,252.4,254.0,13922.0,
2025-10-08,KABRAEXTRU,260.0,264.9,254.0,255.85,32598.0,
2025-10-09,KABRAEXTRU,259.85,259.85,252.2,253.45,13023.0,
2025-10-10,KABRAEXTRU,253.45,257.0,252.1,253.15,13067.0,
2025-10-13,KABRAEXTRU,256.0,256.0,248.1,249.1,18418.0,
2025-10-14,KABRAEXTRU,248.0,251.05,244.7,246.4,14320.0,
2025-10-15,KABRAEXTRU,253.9,256.0,246.0,249.45,16078.0,
2025-10-16,KABRAEXTRU,247.0,254.5,247.0,250.15,6073.0,
2025-10-17,KABRAEXTRU,248.0,250.0,245.0,245.3,17120.0,
2025-10-20,KABRAEXTRU,245.3,249.9,243.0,246.55,13772.0,
2025-10-21,KABRAEXTRU,247.9,247.9,243.0,244.25,12836.0,
2025-10-23,KABRAEXTRU,246.9,247.4,243.4,244.8,18492.0,
2025-10-24,KABRAEXTRU,247.4,248.05,244.15,245.55,11443.0,
2025-10-27,KABRAEXTRU,245.55,247.95,241.35,242.7,25756.0,
2025-10-28,KABRAEXTRU,242.9,245.3,241.5,242.0,13381.0,
2025-10-29,KABRAEXTRU,241.0,248.9,241.0,244.9,23158.0,
2025-10-30,KABRAEXTRU,245.0,247.5,243.75,244.7,11950.0,
2025-10-31,KABRAEXTRU,245.1,246.2,240.3,240.9,12961.0,
2025-11-03,KABRAEXTRU,236.81,249.17,236.81,247.55,29708.0,
2025-11-04,KABRAEXTRU,248.5,250.89,242.12,243.03,12285.0,
2025-11-06,KABRAEXTRU,243.03,245.5,236.8,239.23,20689.0,
2025-11-07,KABRAEXTRU,237.05,239.96,224.71,230.83,46795.0,
2025-11-10,KABRAEXTRU,230.48,234.89,226.35,230.97,22699.0,
2025-11-11,KABRAEXTRU,230.97,230.97,226.7,227.27,12246.0,
2025-11-12,KABRAEXTRU,228.0,229.5,226.0,227.23,11174.0,
2025-11-13,KABRAEXTRU,226.0,230.3,215.11,218.49,47582.0,
2025-11-14,KABRAEXTRU,218.49,222.8,217.11,218.5,22683.0,
2025-11-17,KABRAEXTRU,218.5,225.44,216.08,219.29,96399.0,
2025-11-18,KABRAEXTRU,220.0,246.44,220.0,233.53,378942.0,
2025-11-19,KABRAEXTRU,235.85,240.0,230.0,233.64,70940.0,
2025-11-20,KABRAEXTRU,230.5,235.99,226.49,230.89,42077.0,
2025-11-21,KABRAEXTRU,230.0,239.0,228.79,236.99,36625.0,
2025-11-24,KABRAEXTRU,239.4,239.4,229.66,231.14,34714.0,
2025-11-25,KABRAEXTRU,230.5,238.99,230.3,237.19,34572.0,
2025-11-26,KABRAEXTRU,236.94,243.68,234.91,237.66,32153.0,
2025-11-27,KABRAEXTRU,238.35,241.46,236.0,238.57,11628.0,
2025-11-28,KABRAEXTRU,238.01,238.01,233.3,234.77,42239.0,
2025-12-01,KABRAEXTRU,234.75,238.0,231.05,233.43,17774.0,
2025-12-02,KABRAEXTRU,230.55,238.0,230.55,235.79,14277.0,
2025-12-03,KABRAEXTRU,235.79,243.46,231.6,237.43,32710.0,
2025-12-04,KABRAEXTRU,235.73,237.71,234.0,234.14,6404.0,
2025-12-05,KABRAEXTRU,234.14,234.36,232.02,233.38,6076.0,
2025-12-08,KABRAEXTRU,236.9,236.9,217.0,220.05,24664.0,
2025-12-09,KABRAEXTRU,220.0,233.0,215.76,230.19,21942.0,
2025-12-10,KABRAEXTRU,233.0,238.0,226.0,227.59,21676.0,
2025-12-11,KABRAEXTRU,229.5,230.01,222.94,224.69,11883.0,
2025-12-12,KABRAEXTRU,225.98,226.45,218.11,220.58,30871.0,
2025-12-15,KABRAEXTRU,218.68,222.29,218.68,221.2,16533.0,
2025-12-16,KABRAEXTRU,221.0,225.93,220.9,223.88,10705.0,
2025-12-17,KABRAEXTRU,225.86,225.86,219.1,220.3,13219.0,
2025-12-18,KABRAEXTRU,222.5,222.5,215.0,217.95,19466.0,
2025-12-19,KABRAEXTRU,220.1,221.0,217.0,219.86,10680.0,
2025-12-22,KABRAEXTRU,217.86,226.99,217.86,222.29,18283.0,
2025-12-23,KABRAEXTRU,220.5,225.99,220.5,223.93,7258.0,
2025-12-24,KABRAEXTRU,221.0,224.78,221.0,221.95,5388.0,
2025-12-26,KABRAEXTRU,221.95,225.94,220.5,221.7,8756.0,
2025-12-29,KABRAEXTRU,220.13,237.5,219.2,229.34,29572.0,
2025-12-30,KABRAEXTRU,229.34,229.34,221.05,222.02,9374.0,
2025-12-31,KABRAEXTRU,224.0,227.99,222.42,227.23,11251.0,
2026-01-01,KABRAEXTRU,229.03,230.0,224.37,226.07,13738.0,
2026-01-02,KABRAEXTRU,223.3,230.0,223.3,228.65,13569.0,
2026-01-05,KABRAEXTRU,228.65,232.78,222.05,223.58,30488.0,
2026-01-06,KABRAEXTRU,220.11,223.55,219.9,221.03,17844.0,
2026-01-07,KABRAEXTRU,219.5,222.87,217.21,218.48,13831.0,
2026-01-08,KABRAEXTRU,216.5,221.35,210.27,212.43,24620.0,
2026-01-09,KABRAEXTRU,207.2,213.0,205.25,207.03,23175.0,
2026-01-12,KABRAEXTRU,207.5,210.5,199.0,203.51,34764.0,
2026-01-13,KABRAEXTRU,203.51,207.2,200.9,204.58,14711.0,
2026-01-14,KABRAEXTRU,201.0,206.58,200.11,201.07,15864.0,
2026-01-16,KABRAEXTRU,200.07,204.1,198.0,199.09,22346.0,
2026-01-19,KABRAEXTRU,199.09,204.0,193.05,194.54,18131.0,
2026-01-20,KABRAEXTRU,193.03,194.71,180.0,182.58,34259.0,
2026-01-21,KABRAEXTRU,181.0,210.0,181.0,204.78,182984.0,
2026-01-22,KABRAEXTRU,199.4,228.0,199.4,225.4,139134.0,
2026-01-23,KABRAEXTRU,225.4,230.87,207.1,210.44,73838.0,
2026-01-27,KABRAEXTRU,206.2,212.48,198.48,201.0,25783.0,
2026-01-28,KABRAEXTRU,204.99,205.5,200.21,203.62,17358.0,
2026-01-29,KABRAEXTRU,200.65,206.0,199.36,202.1,18464.0,
2026-01-30,KABRAEXTRU,198.4,199.75,188.43,199.13,30928.0,
2026-02-02,KABRAEXTRU,190.0,200.9,190.0,199.77,42514.0,
2026-02-03,KABRAEXTRU,204.8,226.0,204.0,222.17,229510.0,
2026-02-04,KABRAEXTRU,221.05,245.8,216.03,240.48,138697.0,
2026-02-05,KABRAEXTRU,240.15,257.4,237.0,255.16,187608.0,
2026-02-06,KABRAEXTRU,253.89,262.5,247.51,259.56,121358.0,
2026-02-09,KABRAEXTRU,259.01,266.99,248.15,252.95,46810.0,
2026-02-10,KABRAEXTRU,249.55,256.2,243.05,244.25,21795.0,
2026-02-11,KABRAEXTRU,244.0,262.0,237.61,255.57,50444.0,
2026-02-12,KABRAEXTRU,254.3,261.0,245.0,247.51,31709.0,
2026-02-13,KABRAEXTRU,246.5,247.59,239.23,242.07,21216.0,
2026-02-16,KABRAEXTRU,242.0,269.0,228.14,266.93,254792.0,
2026-02-17,KABRAEXTRU,266.0,272.88,260.0,269.58,74398.0,
2026-02-18,KABRAEXTRU,267.3,270.5,255.85,261.88,47545.0,
2026-02-19,KABRAEXTRU,262.66,265.19,252.0,255.37,21252.0,
2026-02-20,KABRAEXTRU,253.0,257.5,248.19,250.41,17418.0,
2026-02-23,KABRAEXTRU,252.6,284.5,245.15,266.55,336817.0,
2026-02-24,KABRAEXTRU,266.55,270.4,255.34,266.63,56427.0,
2026-02-25,KABRAEXTRU,269.0,269.0,256.0,258.9,18714.0,
2026-02-26,KABRAEXTRU,260.79,262.93,250.0,251.07,33522.0,
2026-02-27,KABRAEXTRU,273.0,273.0,252.5,256.1,114299.0,
2026-03-02,KABRAEXTRU,254.8,254.8,241.0,246.25,39954.0,
2026-03-04,KABRAEXTRU,238.25,242.9,233.15,239.55,31323.0,
2026-03-05,KABRAEXTRU,243.15,254.4,240.5,251.0,31036.0,
2026-03-06,KABRAEXTRU,247.25,256.8,245.2,247.85,30984.0,
2026-03-09,KABRAEXTRU,244.0,244.0,233.0,235.85,27794.0,
2026-03-10,KABRAEXTRU,238.6,245.0,237.2,238.2,19392.0,
2026-03-11,KABRAEXTRU,238.2,251.4,232.15,238.1,54505.0,
2026-03-12,KABRAEXTRU,238.0,238.0,228.05,230.6,54545.0,
2026-03-13,KABRAEXTRU,227.15,232.5,221.9,224.95,30535.0,
2026-03-16,KABRAEXTRU,224.95,226.9,222.05,225.05,54331.0,
2026-03-17,KABRAEXTRU,225.05,230.0,220.55,223.3,52910.0,
2026-03-18,KABRAEXTRU,217.5,226.75,217.5,220.7,54941.0,
2026-03-19,KABRAEXTRU,221.7,221.7,209.05,210.75,23661.0,
2026-03-20,KABRAEXTRU,213.1,216.55,208.0,208.95,15128.0,
2026-03-23,KABRAEXTRU,208.1,209.55,192.8,194.95,72110.0,
2026-03-24,KABRAEXTRU,197.9,204.0,195.0,200.3,46655.0,
2026-03-25,KABRAEXTRU,200.3,212.85,200.3,203.5,151256.0,
2026-03-27,KABRAEXTRU,204.5,204.5,188.75,189.85,125339.0,
2026-03-30,KABRAEXTRU,189.85,190.2,182.05,183.0,56700.0,
2026-04-01,KABRAEXTRU,187.99,214.0,187.99,199.37,47961.0,
2026-04-02,KABRAEXTRU,198.91,209.0,190.81,207.2,32103.0,
2026-04-06,KABRAEXTRU,205.98,209.66,201.63,206.02,22524.0,
2026-04-07,KABRAEXTRU,206.0,210.9,203.0,209.67,16831.0,
2026-04-08,KABRAEXTRU,214.1,223.0,211.89,218.83,44193.0,
2026-04-09,KABRAEXTRU,223.0,230.0,216.58,227.06,48629.0,
2026-04-10,KABRAEXTRU,229.2,232.0,225.62,228.03,19213.0,
2026-04-13,KABRAEXTRU,226.89,233.98,218.27,231.22,28772.0,
2026-04-15,KABRAEXTRU,234.0,238.2,231.69,235.63,23519.0,
2026-04-16,KABRAEXTRU,237.92,246.94,233.67,244.31,38051.0,
2026-04-17,KABRAEXTRU,248.0,248.0,240.0,241.41,24594.0,
2026-04-20,KABRAEXTRU,240.0,243.51,235.7,236.54,15741.0,
2026-04-21,KABRAEXTRU,235.75,238.79,231.9,233.86,14129.0,
2026-04-22,KABRAEXTRU,232.64,265.0,231.0,253.67,251528.0,
2026-04-23,KABRAEXTRU,251.8,257.55,248.8,249.77,39242.0,
2026-04-24,KABRAEXTRU,249.75,249.75,237.66,240.64,29509.0,
2026-04-27,KABRAEXTRU,242.38,247.18,239.72,246.58,17138.0,
2026-04-28,KABRAEXTRU,242.88,255.53,242.88,253.26,27988.0,
2026-04-29,KABRAEXTRU,254.09,255.37,246.91,249.14,12775.0,
2026-04-30,KABRAEXTRU,249.99,252.0,241.97,249.47,17008.0,
2026-05-04,KABRAEXTRU,246.64,249.46,244.81,245.76,7739.0,
2026-05-05,KABRAEXTRU,242.0,244.75,238.6,243.38,13904.0,
2026-05-06,KABRAEXTRU,240.0,247.92,240.0,245.36,12735.0,
2026-05-07,KABRAEXTRU,245.36,247.0,241.21,245.72,14631.0,
2026-05-08,KABRAEXTRU,244.83,246.9,240.42,241.97,6188.0,
2026-05-11,KABRAEXTRU,244.0,245.11,236.7,238.4,16780.0,
2026-05-12,KABRAEXTRU,238.4,238.4,228.0,231.0,12828.0,
2026-05-13,KABRAEXTRU,232.16,235.9,227.25,229.22,12232.0,
2026-05-14,KABRAEXTRU,231.04,233.4,226.92,231.98,7169.0,
2026-05-15,KABRAEXTRU,231.98,233.0,226.1,226.94,6193.0,
2026-05-18,KABRAEXTRU,222.5,230.78,217.0,228.73,19502.0,
2026-05-19,KABRAEXTRU,229.74,229.74,223.0,226.38,10529.0,
2026-05-20,KABRAEXTRU,216.6,228.1,216.6,226.03,7167.0,
2026-05-21,KABRAEXTRU,227.0,230.1,223.0,225.79,10559.0,
2026-05-22,KABRAEXTRU,226.91,229.98,224.02,227.65,6122.0,
2026-05-25,KABRAEXTRU,227.65,235.0,220.55,230.93,11500.0,
2026-05-26,KABRAEXTRU,230.0,236.45,227.1,228.3,16967.0,
2026-05-27,KABRAEXTRU,228.3,230.48,225.05,227.97,24266.0,
2026-05-29,KABRAEXTRU,222.01,224.13,212.72,215.66,55619.0,
2026-06-01,KABRAEXTRU,214.11,225.95,214.11,224.4,15782.0,
2026-06-02,KABRAEXTRU,224.3,230.99,218.01,230.48,25180.0,
2026-06-03,KABRAEXTRU,231.63,244.38,228.5,236.2,38405.0,
2026-06-04,KABRAEXTRU,230.0,248.9,230.0,241.34,31494.0,
2026-06-05,KABRAEXTRU,240.62,244.76,234.0,235.45,24724.0,
2026-06-08,KABRAEXTRU,230.5,238.49,230.5,237.65,8674.0,
2026-06-09,KABRAEXTRU,244.0,244.0,235.03,237.73,16011.0,
2026-06-10,KABRAEXTRU,236.0,238.89,233.0,234.36,13140.0,
2026-06-11,KABRAEXTRU,230.3,236.14,225.23,227.91,27705.0,
2026-06-12,KABRAEXTRU,229.8,238.35,229.8,237.26,14923.0,
2026-06-15,KABRAEXTRU,239.2,244.0,235.47,240.31,12116.0,
2026-06-16,KABRAEXTRU,239.0,240.31,233.99,239.74,9057.0,
2026-06-17,KABRAEXTRU,240.8,249.98,239.68,243.98,14573.0,
2026-06-18,KABRAEXTRU,241.0,245.98,232.35,237.87,13697.0,
2026-06-19,KABRAEXTRU,239.24,240.0,234.0,237.74,12351.0,
2026-06-22,KABRAEXTRU,238.26,244.0,237.51,241.48,14555.0,
2026-06-23,KABRAEXTRU,241.48,252.0,237.6,240.52,114577.0,
2026-06-24,KABRAEXTRU,238.06,242.49,237.0,239.79,100255.0,
2026-06-25,KABRAEXTRU,240.02,256.32,240.02,245.02,87831.0,
2026-06-29,KABRAEXTRU,245.02,267.0,245.02,259.8,213069.0,
2026-06-30,KABRAEXTRU,264.09,272.0,260.5,269.61,151159.0,
2026-07-01,KABRAEXTRU,270.1,275.0,264.0,265.0,83267.0,
2026-07-02,KABRAEXTRU,268.0,289.9,265.2,278.45,517927.0,
2026-07-03,KABRAEXTRU,277.0,282.05,272.0,272.95,47679.0,
2026-07-06,KABRAEXTRU,273.0,304.85,273.0,294.9,618052.0,
2026-07-07,KABRAEXTRU,297.0,301.95,290.0,292.95,65261.0,
2026-07-08,KABRAEXTRU,290.0,295.7,277.0,280.45,104708.0,
2026-07-09,KABRAEXTRU,281.0,300.0,281.0,295.65,109327.0,
2026-07-10,KABRAEXTRU,295.65,299.5,290.35,294.35,39904.0,
2026-07-13,KABRAEXTRU,292.7,326.8,285.0,315.65,555362.0,
2026-07-14,KABRAEXTRU,315.1,340.0,306.0,317.75,500077.0,
2026-07-15,KABRAEXTRU,319.7,330.0,315.95,324.05,135009.0,
2026-07-16,KABRAEXTRU,324.0,332.85,317.3,330.25,91035.0,
2026-07-17,KABRAEXTRU,334.25,343.65,321.8,330.7,194546.0,
2026-07-20,KABRAEXTRU,332.0,355.0,327.1,351.65,355854.0,
2026-07-21,KABRAEXTRU,355.45,363.8,348.15,359.3,166119.0,
2026-07-22,KABRAEXTRU,356.85,358.15,339.0,341.0,104276.0,
2026-07-23,KABRAEXTRU,345.0,355.5,338.2,351.05,75154.0,
2026-07-24,KABRAEXTRU,353.0,382.6,345.65,376.8,315343.0,
2026-07-27,KABRAEXTRU,392.0,408.0,377.25,404.8,577413.0,
2026-07-28,KABRAEXTRU,405.2,405.2,390.0,399.3,132656.0,
2026-07-29,KABRAEXTRU,399.2,399.2,384.05,390.15,97830.0,
2026-07-30,KABRAEXTRU,390.15,390.15,350.05,365.2,330760.0,
2026-07-31,KABRAEXTRU,358.0,402.8,357.5,394.95,370346.0,
2026-08-03,KABRAEXTRU,401.0,447.95,395.0,418.6,873684.0,
2026-08-04,KABRAEXTRU,419.05,424.0,410.0,412.45,118797.0,
2026-08-05,KABRAEXTRU,415.0,460.5,415.0,454.4,1022255.0,
2026-08-06,KABRAEXTRU,457.0,485.45,452.85,477.6,1101775.0,
2026-08-07,KABRAEXTRU,472.0,482.8,439.5,448.6,810718.0,
2026-08-10,KABRAEXTRU,445.0,519.0,433.35,510.75,2087098.0,
2026-08-11,KABRAEXTRU,503.75,523.8,492.05,508.7,431893.0,
2026-08-12,KABRAEXTRU,505.0,516.85,488.8,494.9,170668.0,
2026-08-13,KABRAEXTRU,499.9,499.9,478.0,484.3,140616.0,
2026-08-14,KABRAEXTRU,486.2,521.4,486.2,517.4,485584.0,
2026-08-17,KABRAEXTRU,519.0,524.7,505.0,520.5,188101.0,
2026-08-18,KABRAEXTRU,522.95,522.95,504.25,512.6,124007.0,
2026-08-19,KABRAEXTRU,509.2,518.95,494.0,500.8,166334.0,
2026-08-20,KABRAEXTRU,506.1,541.0,506.1,529.1,491124.0,
2026-08-21,KABRAEXTRU,530.05,574.95,521.55,566.2,565475.0,
2026-08-24,KABRAEXTRU,567.0,625.15,567.0,611.1,1093357.0,
2026-08-25,KABRAEXTRU,611.95,616.45,591.25,609.15,270498.0,
2026-08-26,KABRAEXTRU,613.0,613.0,599.0,601.65,146744.0,
2026-08-27,KABRAEXTRU,602.85,609.8,587.0,589.6,129623.0,
2026-08-28,KABRAEXTRU,590.0,612.15,578.3,603.5,278180.0,
2026-08-31,KABRAEXTRU,606.8,608.9,585.0,600.3,208624.0,
2026-09-01,KABRAEXTRU,603.3,605.35,572.0,579.4,192747.0,
2026-09-02,KABRAEXTRU,567.35,580.0,552.35,559.95,315900.0,
2026-09-03,KABRAEXTRU,570.0,591.75,561.0,564.8,185596.0,
2026-09-04,KABRAEXTRU,566.0,583.95,560.35,579.15,130668.0,
2026-09-07,KABRAEXTRU,587.0,642.0,587.0,634.5,759426.0,
2026-09-08,KABRAEXTRU,639.5,677.75,639.0,656.45,524936.0,
2026-09-09,KABRAEXTRU,656.45,678.95,636.15,662.95,233277.0,
2026-09-10,KABRAEXTRU,659.9,717.0,655.0,707.55,773333.0,
2026-09-11,KABRAEXTRU,710.0,733.0,690.6,723.15,479794.0,
2026-09-15,KABRAEXTRU,741.9,741.9,650.85,650.85,313142.0,
2026-09-16,KABRAEXTRU,640.0,650.0,585.8,628.1,651043.0,
2026-09-17,KABRAEXTRU,628.05,648.0,623.55,632.75,162222.0,
2026-09-18,KABRAEXTRU,640.25,690.0,639.7,681.6,233883.0,
2026-09-21,KABRAEXTRU,674.25,691.8,655.2,676.1,165822.0,
2026-09-22,KABRAEXTRU,676.1,683.3,662.0,666.25,96279.0,
2026-09-23,KABRAEXTRU,693.95,732.85,678.55,732.85,402751.0,
2026-09-24,KABRAEXTRU,739.8,806.1,737.0,806.1,520858.0,
2025-09-10,LAOPALA,255.9,256.02,250.1,251.71,81675.0,
2025-09-11,LAOPALA,254.0,254.0,247.05,247.82,72133.0,
2025-09-12,LAOPALA,247.9,251.42,246.9,248.91,42466.0,
2025-09-15,LAOPALA,247.2,249.01,245.0,246.96,55242.0,
2025-09-16,LAOPALA,248.8,252.39,244.61,247.26,225319.0,
2025-09-17,LAOPALA,246.15,249.41,246.0,247.63,41670.0,
2025-09-18,LAOPALA,247.5,258.0,247.5,251.93,275818.0,
2025-09-19,LAOPALA,252.1,253.9,250.11,252.17,72465.0,
2025-09-22,LAOPALA,245.85,252.0,245.85,250.02,48569.0,
2025-09-23,LAOPALA,250.1,259.7,248.47,252.78,139008.0,
2025-09-24,LAOPALA,252.78,258.0,250.1,251.18,100432.0,
2025-09-25,LAOPALA,253.0,253.0,246.1,247.39,47692.0,
2025-09-26,LAOPALA,245.95,245.95,242.22,243.3,59928.0,
2025-09-29,LAOPALA,243.3,245.1,240.5,241.35,37091.0,
2025-09-30,LAOPALA,242.99,243.49,240.7,241.67,19696.0,
2025-10-01,LAOPALA,240.05,243.0,239.7,242.36,34124.0,
2025-10-03,LAOPALA,239.95,249.85,239.95,248.78,46455.0,
2025-10-06,LAOPALA,249.8,250.9,243.6,244.37,29123.0,
2025-10-07,LAOPALA,244.37,245.44,240.16,240.86,45868.0,
2025-10-08,LAOPALA,241.79,241.79,239.01,239.66,34192.0,
2025-10-09,LAOPALA,239.66,240.43,238.0,239.67,36247.0,
2025-10-10,LAOPALA,237.0,243.26,237.0,240.71,40654.0,
2025-10-13,LAOPALA,237.1,240.37,232.31,233.22,99541.0,
2025-10-14,LAOPALA,234.3,235.13,230.1,231.24,43724.0,
2025-10-15,LAOPALA,230.3,231.88,226.65,227.28,60396.0,
2025-10-16,LAOPALA,228.0,231.66,227.59,230.39,73636.0,
2025-10-17,LAOPALA,230.39,233.39,228.0,228.4,39798.0,
2025-10-20,LAOPALA,228.69,230.4,225.51,228.45,41909.0,
2025-10-21,LAOPALA,227.0,230.03,227.0,229.77,13035.0,
2025-10-23,LAOPALA,229.77,233.82,229.26,232.19,49869.0,
2025-10-24,LAOPALA,233.2,233.64,229.14,232.1,33445.0,
2025-10-27,LAOPALA,232.1,234.11,230.94,232.37,35280.0,
2025-10-28,LAOPALA,232.37,233.27,229.89,230.74,24384.0,
2025-10-29,LAOPALA,230.6,236.0,229.8,235.16,32089.0,
2025-10-30,LAOPALA,234.8,236.89,230.0,233.12,36407.0,
2025-10-31,LAOPALA,231.0,232.54,229.6,230.19,27670.0,
2025-11-03,LAOPALA,227.9,233.99,226.35,232.72,50922.0,
2025-11-04,LAOPALA,231.0,232.71,229.0,230.42,28477.0,
2025-11-06,LAOPALA,229.26,233.3,224.7,230.77,53356.0,
2025-11-07,LAOPALA,230.0,230.0,225.75,226.67,47591.0,
2025-11-10,LAOPALA,227.85,234.1,226.67,229.58,104018.0,
2025-11-11,LAOPALA,229.05,229.05,224.1,225.39,41027.0,
2025-11-12,LAOPALA,225.39,227.5,224.1,224.83,31147.0,
2025-11-13,LAOPALA,224.0,226.74,223.71,224.92,32325.0,
2025-11-14,LAOPALA,224.19,226.0,222.11,223.84,29771.0,
2025-11-17,LAOPALA,225.3,225.3,220.49,221.1,86277.0,
2025-11-18,LAOPALA,222.05,222.05,216.12,218.19,57327.0,
2025-11-19,LAOPALA,219.0,222.87,218.11,220.81,46365.0,
2025-11-20,LAOPALA,220.0,224.0,219.01,222.84,33365.0,
2025-11-21,LAOPALA,223.98,223.98,219.0,222.33,32753.0,
2025-11-24,LAOPALA,221.5,221.51,216.12,216.75,50321.0,
2025-11-25,LAOPALA,216.35,223.8,214.0,220.04,45166.0,
2025-11-26,LAOPALA,219.8,222.35,216.08,221.35,52011.0,
2025-11-27,LAOPALA,220.15,222.53,216.51,218.68,31173.0,
2025-11-28,LAOPALA,218.9,220.0,217.5,219.64,26985.0,
2025-12-01,LAOPALA,219.64,219.97,216.0,216.83,24551.0,
2025-12-02,LAOPALA,216.83,217.16,215.0,215.72,20469.0,
2025-12-03,LAOPALA,216.98,217.7,211.2,212.8,33386.0,
2025-12-04,LAOPALA,213.0,213.74,210.5,211.15,21320.0,
2025-12-05,LAOPALA,211.0,214.88,209.61,212.71,34620.0,
2025-12-08,LAOPALA,213.68,213.68,204.78,206.58,49535.0,
2025-12-09,LAOPALA,206.0,208.0,197.21,199.85,182427.0,
2025-12-10,LAOPALA,200.21,207.0,200.21,202.14,64928.0,
2025-12-11,LAOPALA,201.61,215.22,200.15,206.38,147739.0,
2025-12-12,LAOPALA,205.0,207.8,203.32,205.39,40374.0,
2025-12-15,LAOPALA,205.39,207.0,204.0,205.29,57877.0,
2025-12-16,LAOPALA,203.25,207.7,203.25,205.38,57112.0,
2025-12-17,LAOPALA,203.35,205.6,203.35,203.73,20136.0,
2025-12-18,LAOPALA,203.75,204.01,200.11,203.05,32582.0,
2025-12-19,LAOPALA,203.9,205.1,201.0,203.16,43181.0,
2025-12-22,LAOPALA,204.0,205.98,203.5,204.47,38380.0,
2025-12-23,LAOPALA,206.4,206.4,203.45,205.49,29538.0,
2025-12-24,LAOPALA,205.5,206.01,203.2,203.58,29390.0,
2025-12-26,LAOPALA,203.8,206.0,202.01,204.06,83970.0,
2025-12-29,LAOPALA,202.1,204.87,202.1,203.39,31742.0,
2025-12-30,LAOPALA,203.39,203.39,197.63,200.81,53682.0,
2025-12-31,LAOPALA,200.5,203.9,200.5,201.95,24397.0,
2026-01-01,LAOPALA,202.8,203.25,201.0,202.2,33284.0,
2026-01-02,LAOPALA,201.6,206.0,201.31,204.68,65875.0,
2026-01-05,LAOPALA,205.99,205.99,202.5,203.5,35360.0,
2026-01-06,LAOPALA,201.5,202.99,201.0,201.85,31905.0,
2026-01-07,LAOPALA,200.01,202.29,200.01,201.4,30249.0,
2026-01-08,LAOPALA,201.0,204.99,199.0,199.86,35915.0,
2026-01-09,LAOPALA,201.26,201.3,197.0,199.37,45483.0,
2026-01-12,LAOPALA,197.0,201.78,193.05,199.94,88233.0,
2026-01-13,LAOPALA,198.0,202.0,198.0,200.4,45579.0,
2026-01-14,LAOPALA,199.66,201.29,198.31,200.44,27767.0,
2026-01-16,LAOPALA,200.44,201.09,199.0,199.9,36932.0,
2026-01-19,LAOPALA,198.02,199.0,195.8,196.24,29373.0,
2026-01-20,LAOPALA,194.05,196.43,192.05,194.29,38405.0,
2026-01-21,LAOPALA,192.5,194.28,188.4,191.85,36563.0,
2026-01-22,LAOPALA,192.0,195.6,192.0,193.92,32056.0,
2026-01-23,LAOPALA,193.92,195.29,191.5,192.47,28006.0,
2026-01-27,LAOPALA,192.8,192.95,188.11,190.28,53479.0,
2026-01-28,LAOPALA,188.01,193.08,188.01,192.35,30582.0,
2026-01-29,LAOPALA,189.0,192.74,189.0,190.51,55046.0,
2026-01-30,LAOPALA,190.0,196.15,189.1,193.78,48358.0,
2026-02-02,LAOPALA,191.05,194.1,188.76,192.74,28947.0,
2026-02-03,LAOPALA,198.0,198.99,194.0,195.0,49833.0,
2026-02-04,LAOPALA,195.0,203.35,194.26,201.16,41883.0,
2026-02-05,LAOPALA,201.16,207.18,197.16,203.03,41899.0,
2026-02-06,LAOPALA,203.39,203.81,199.2,201.0,26475.0,
2026-02-09,LAOPALA,201.9,206.95,199.05,204.99,54080.0,
2026-02-10,LAOPALA,204.06,207.99,204.05,204.79,32530.0,
2026-02-11,LAOPALA,204.79,204.79,200.41,203.31,21323.0,
2026-02-12,LAOPALA,203.3,203.31,200.0,200.75,21038.0,
2026-02-13,LAOPALA,200.0,201.83,196.03,197.5,30349.0,
2026-02-16,LAOPALA,195.05,198.0,190.8,191.66,49085.0,
2026-02-17,LAOPALA,191.0,195.0,190.6,192.32,25449.0,
2026-02-18,LAOPALA,191.51,199.0,191.51,196.68,54390.0,
2026-02-19,LAOPALA,196.68,205.25,196.0,202.01,125323.0,
2026-02-20,LAOPALA,199.0,204.73,195.85,203.39,91871.0,
2026-02-23,LAOPALA,201.7,214.0,200.3,209.89,223285.0,
2026-02-24,LAOPALA,208.35,212.19,206.3,208.33,113130.0,
2026-02-25,LAOPALA,208.33,208.33,201.3,202.7,118417.0,
2026-02-26,LAOPALA,200.88,206.0,200.88,203.9,63449.0,
2026-02-27,LAOPALA,210.2,215.0,204.49,206.35,298559.0,
2026-03-02,LAOPALA,192.46,202.95,192.28,198.1,128604.0,
2026-03-04,LAOPALA,194.01,197.0,190.61,193.47,95650.0,
2026-03-05,LAOPALA,193.99,196.97,191.8,193.72,44096.0,
2026-03-06,LAOPALA,193.7,197.8,193.7,196.79,36760.0,
2026-03-09,LAOPALA,194.0,194.0,190.0,191.4,70788.0,
2026-03-10,LAOPALA,192.99,194.95,190.0,192.73,75489.0,
2026-03-11,LAOPALA,192.58,195.99,192.53,193.94,63363.0,
2026-03-12,LAOPALA,193.69,195.17,190.06,193.21,45565.0,
2026-03-13,LAOPALA,192.0,192.41,185.6,187.49,70664.0,
2026-03-16,LAOPALA,187.42,188.77,182.42,186.89,78926.0,
2026-03-17,LAOPALA,187.0,192.39,187.0,190.84,53114.0,
2026-03-18,LAOPALA,190.98,194.1,184.35,186.18,153895.0,
2026-03-19,LAOPALA,183.8,188.67,182.95,185.84,94768.0,
2026-03-20,LAOPALA,186.0,187.87,183.5,184.05,82749.0,
2026-03-23,LAOPALA,182.0,183.96,176.22,177.14,139225.0,
2026-03-24,LAOPALA,181.6,182.24,175.25,181.13,133175.0,
2026-03-25,LAOPALA,180.75,183.32,180.04,180.89,81975.0,
2026-03-27,LAOPALA,179.43,179.43,172.94,173.78,127465.0,
2026-03-30,LAOPALA,172.0,173.72,162.1,164.0,148976.0,
2026-04-01,LAOPALA,164.5,175.77,164.5,173.21,80356.0,
2026-04-02,LAOPALA,166.5,177.99,166.5,177.15,59424.0,
2026-04-06,LAOPALA,177.15,184.7,175.69,179.34,78028.0,
2026-04-07,LAOPALA,179.0,183.9,174.39,174.92,124461.0,
2026-04-08,LAOPALA,180.0,184.69,173.56,174.05,656176.0,
2026-04-09,LAOPALA,175.0,176.05,172.62,172.98,135348.0,
2026-04-10,LAOPALA,175.0,176.5,172.9,173.88,124963.0,
2026-04-13,LAOPALA,172.6,174.31,170.2,172.97,79548.0,
2026-04-15,LAOPALA,176.97,179.48,174.21,178.85,142228.0,
2026-04-16,LAOPALA,182.0,182.5,178.37,179.97,124397.0,
2026-04-17,LAOPALA,181.7,183.0,179.55,180.4,189339.0,
2026-04-20,LAOPALA,182.0,187.25,178.25,182.54,179150.0,
2026-04-21,LAOPALA,184.69,185.0,181.5,181.83,148329.0,
2026-04-22,LAOPALA,182.0,184.0,179.9,180.04,125097.0,
2026-04-23,LAOPALA,178.57,182.59,178.0,178.95,119567.0,
2026-04-24,LAOPALA,179.0,179.99,174.64,175.83,89703.0,
2026-04-27,LAOPALA,174.0,181.1,172.5,180.3,79259.0,
2026-04-28,LAOPALA,181.0,182.74,178.24,178.49,54532.0,
2026-04-29,LAOPALA,181.1,181.1,178.5,178.91,54603.0,
2026-04-30,LAOPALA,178.0,179.89,175.35,178.73,60990.0,
2026-05-04,LAOPALA,181.41,181.41,178.51,180.14,56049.0,
2026-05-05,LAOPALA,181.6,181.6,176.82,178.74,41370.0,
2026-05-06,LAOPALA,178.52,184.95,178.52,183.62,133832.0,
2026-05-07,LAOPALA,185.4,189.0,184.0,185.79,127342.0,
2026-05-08,LAOPALA,185.31,186.89,181.8,184.23,133664.0,
2026-05-11,LAOPALA,183.0,184.8,179.59,180.13,66720.0,
2026-05-12,LAOPALA,179.52,181.49,174.2,174.74,68145.0,
2026-05-13,LAOPALA,175.69,176.57,172.22,175.62,74110.0,
2026-05-14,LAOPALA,178.0,178.0,169.82,173.09,96824.0,
2026-05-15,LAOPALA,174.0,175.45,171.1,172.23,48089.0,
2026-05-18,LAOPALA,172.2,172.23,166.21,168.48,80678.0,
2026-05-19,LAOPALA,169.0,173.26,169.0,171.8,41498.0,
2026-05-20,LAOPALA,171.8,171.8,166.82,168.33,93071.0,
2026-05-21,LAOPALA,173.0,173.0,167.8,168.96,55224.0,
2026-05-22,LAOPALA,169.8,171.26,168.74,170.38,25022.0,
2026-05-25,LAOPALA,172.69,176.67,171.01,174.64,81418.0,
2026-05-26,LAOPALA,173.0,178.17,171.62,176.42,71095.0,
2026-05-27,LAOPALA,177.8,183.9,175.45,182.31,130339.0,
2026-05-29,LAOPALA,182.3,183.9,178.0,179.33,61241.0,
2026-06-01,LAOPALA,176.64,178.79,167.2,168.84,189051.0,
2026-06-02,LAOPALA,169.0,175.82,168.11,173.86,152644.0,
2026-06-03,LAOPALA,173.86,179.79,172.35,177.3,111491.0,
2026-06-04,LAOPALA,176.3,178.99,174.24,176.61,75959.0,
2026-06-05,LAOPALA,174.9,176.98,173.0,173.96,86004.0,
2026-06-08,LAOPALA,172.5,175.98,170.7,171.41,57518.0,
2026-06-09,LAOPALA,172.5,173.26,170.5,172.32,44677.0,
2026-06-10,LAOPALA,172.32,179.0,172.0,176.97,306440.0,
2026-06-11,LAOPALA,176.8,181.9,173.0,174.84,66529.0,
2026-06-12,LAOPALA,175.0,177.59,173.03,175.82,86307.0,
2026-06-15,LAOPALA,178.0,183.69,176.61,179.12,164683.0,
2026-06-16,LAOPALA,180.19,182.38,178.36,180.89,76627.0,
2026-06-17,LAOPALA,182.8,184.5,180.21,180.89,48708.0,
2026-06-18,LAOPALA,181.05,183.7,180.02,181.41,38421.0,
2026-06-19,LAOPALA,181.4,184.5,179.73,183.46,77135.0,
2026-06-22,LAOPALA,181.67,184.79,179.5,181.43,80475.0,
2026-06-23,LAOPALA,185.0,192.6,182.11,183.98,589756.0,
2026-06-24,LAOPALA,183.22,185.75,182.05,183.41,62924.0,
2026-06-25,LAOPALA,183.41,184.97,178.5,180.18,100558.0,
2026-06-29,LAOPALA,180.18,180.75,176.0,176.79,50512.0,
2026-06-30,LAOPALA,176.8,181.44,176.79,180.5,66648.0,
2026-07-01,LAOPALA,180.05,181.37,178.2,180.03,39199.0,
2026-07-02,LAOPALA,180.03,183.5,179.01,182.92,66395.0,
2026-07-03,LAOPALA,182.91,185.0,181.0,181.84,40832.0,
2026-07-06,LAOPALA,181.84,182.79,178.59,181.47,60629.0,
2026-07-07,LAOPALA,181.46,182.21,178.81,180.07,34093.0,
2026-07-08,LAOPALA,180.07,180.07,175.11,176.61,48401.0,
2026-07-09,LAOPALA,178.67,178.67,176.0,176.99,35405.0,
2026-07-10,LAOPALA,177.86,180.33,177.72,179.61,52693.0,
2026-07-13,LAOPALA,177.0,183.58,177.0,182.21,83873.0,
2026-07-14,LAOPALA,182.21,183.43,178.6,181.8,106093.0,
2026-07-15,LAOPALA,180.1,194.8,180.1,187.28,410139.0,
2026-07-16,LAOPALA,188.95,192.25,185.82,189.58,776813.0,
2026-07-17,LAOPALA,190.4,190.4,186.18,187.86,223317.0,
2026-07-20,LAOPALA,187.8,187.8,182.41,185.87,129016.0,
2026-07-21,LAOPALA,184.01,193.0,184.01,189.71,198714.0,
2026-07-22,LAOPALA,190.89,191.84,185.52,189.76,156261.0,
2026-07-23,LAOPALA,187.23,189.5,185.28,187.52,129280.0,
2026-07-24,LAOPALA,185.1,187.49,181.55,184.35,121977.0,
2026-07-27,LAOPALA,185.51,190.11,184.2,185.87,88612.0,
2026-07-28,LAOPALA,186.37,188.9,184.01,187.15,110872.0,
2026-07-29,LAOPALA,187.66,191.0,186.0,186.54,114387.0,
2026-07-30,LAOPALA,186.54,186.55,183.63,185.0,49099.0,
2026-07-31,LAOPALA,184.89,185.99,183.9,184.35,40252.0,
2026-08-03,LAOPALA,185.3,190.25,185.3,187.81,155641.0,
2026-08-04,LAOPALA,187.7,191.4,187.0,190.31,119245.0,
2026-08-05,LAOPALA,192.0,210.0,191.01,196.1,8551629.0,
2026-08-06,LAOPALA,196.56,200.37,192.3,193.79,689122.0,
2026-08-07,LAOPALA,193.0,193.53,189.0,189.96,238665.0,
2026-08-10,LAOPALA,191.0,194.0,189.55,193.7,168075.0,
2026-08-11,LAOPALA,194.8,194.8,190.5,190.79,120014.0,
2026-08-12,LAOPALA,191.7,192.0,187.25,189.83,212255.0,
2026-08-13,LAOPALA,191.0,196.58,188.84,194.26,490309.0,
2026-08-14,LAOPALA,194.0,195.2,191.05,192.51,167876.0,
2026-08-17,LAOPALA,194.45,195.3,189.5,191.22,185753.0,
2026-08-18,LAOPALA,191.0,192.42,188.6,189.31,213293.0,
2026-08-19,LAOPALA,190.0,190.7,186.45,187.24,204160.0,
2026-08-20,LAOPALA,182.05,182.05,176.5,178.35,396333.0,
2026-08-21,LAOPALA,178.01,179.4,172.6,173.12,203785.0,
2026-08-24,LAOPALA,173.0,173.92,168.9,169.46,251251.0,
2026-08-25,LAOPALA,169.46,173.95,166.5,170.88,276685.0,
2026-08-26,LAOPALA,170.86,171.3,169.27,170.17,120870.0,
2026-08-27,LAOPALA,170.06,170.4,167.2,169.92,128865.0,
2026-08-28,LAOPALA,169.91,179.9,168.3,175.95,551312.0,
2026-08-31,LAOPALA,175.2,175.2,171.1,173.61,159255.0,
2026-09-01,LAOPALA,172.01,174.29,171.5,173.3,58884.0,
2026-09-02,LAOPALA,173.0,173.0,169.26,171.87,79552.0,
2026-09-03,LAOPALA,171.87,172.6,169.6,171.55,72820.0,
2026-09-04,LAOPALA,171.56,174.86,171.56,173.9,75699.0,
2026-09-07,LAOPALA,174.0,174.59,171.2,171.96,38975.0,
2026-09-08,LAOPALA,171.2,171.78,169.3,169.92,82971.0,
2026-09-09,LAOPALA,170.59,170.97,166.81,167.46,103970.0,
2026-09-10,LAOPALA,168.4,168.4,162.0,162.4,237695.0,
2026-09-11,LAOPALA,161.79,161.79,158.51,158.93,142467.0,
2026-09-15,LAOPALA,158.93,165.79,158.7,160.63,442956.0,
2026-09-16,LAOPALA,162.13,162.13,155.0,156.01,336735.0,
2026-09-17,LAOPALA,156.45,158.03,155.4,156.13,218566.0,
2026-09-18,LAOPALA,157.59,164.98,157.12,162.6,310800.0,
2026-09-21,LAOPALA,163.68,164.78,161.21,161.59,118158.0,
2026-09-22,LAOPALA,161.8,163.36,159.3,160.61,77552.0,
2026-09-23,LAOPALA,160.0,163.83,160.0,163.06,76706.0,
2026-09-24,LAOPALA,162.3,163.0,159.45,160.21,98696.0,
2025-09-10,MAHSEAMLES,641.4,643.15,634.0,635.4,102192.0,
2025-09-11,MAHSEAMLES,640.0,640.0,632.7,635.35,74492.0,
2025-09-12,MAHSEAMLES,636.0,641.1,626.0,626.85,208276.0,
2025-09-15,MAHSEAMLES,630.0,644.0,626.95,638.35,219238.0,
2025-09-16,MAHSEAMLES,638.0,642.75,628.25,629.35,232862.0,
2025-09-17,MAHSEAMLES,628.75,636.2,625.0,631.25,143563.0,
2025-09-18,MAHSEAMLES,634.8,636.2,628.85,629.9,135819.0,
2025-09-19,MAHSEAMLES,632.0,640.15,627.15,630.9,125818.0,
2025-09-22,MAHSEAMLES,633.4,633.4,612.5,613.95,234414.0,
2025-09-23,MAHSEAMLES,614.0,616.65,599.0,600.5,303588.0,
2025-09-24,MAHSEAMLES,595.05,629.8,595.05,603.7,597636.0,
2025-09-25,MAHSEAMLES,604.9,619.0,603.7,610.65,299661.0,
2025-09-26,MAHSEAMLES,611.1,612.15,595.0,596.8,213425.0,
2025-09-29,MAHSEAMLES,596.0,604.6,588.0,591.95,125698.0,
2025-09-30,MAHSEAMLES,597.2,604.9,593.0,597.95,96276.0,
2025-10-01,MAHSEAMLES,599.75,604.9,590.0,593.2,175698.0,
2025-10-03,MAHSEAMLES,597.9,610.55,595.7,601.55,282122.0,
2025-10-06,MAHSEAMLES,605.05,609.5,596.0,597.75,132075.0,
2025-10-07,MAHSEAMLES,597.75,601.0,582.0,584.95,249228.0,
2025-10-08,MAHSEAMLES,589.65,591.4,580.05,584.45,217923.0,
2025-10-09,MAHSEAMLES,583.85,590.0,582.1,583.35,165016.0,
2025-10-10,MAHSEAMLES,586.85,588.65,582.9,584.1,159078.0,
2025-10-13,MAHSEAMLES,584.5,587.8,579.3,582.3,195473.0,
2025-10-14,MAHSEAMLES,584.6,585.7,574.9,576.95,178723.0,
2025-10-15,MAHSEAMLES,574.95,581.95,574.9,580.15,228326.0,
2025-10-16,MAHSEAMLES,582.45,588.0,577.9,580.05,185393.0,
2025-10-17,MAHSEAMLES,580.15,581.9,567.0,568.2,247756.0,
2025-10-20,MAHSEAMLES,579.6,579.6,567.05,570.6,229367.0,
2025-10-21,MAHSEAMLES,574.0,587.25,573.3,583.95,59143.0,
2025-10-23,MAHSEAMLES,581.1,586.35,568.0,570.8,285821.0,
2025-10-24,MAHSEAMLES,570.0,576.6,569.0,570.7,184231.0,
2025-10-27,MAHSEAMLES,574.5,579.8,570.05,578.5,131919.0,
2025-10-28,MAHSEAMLES,582.45,584.0,572.85,574.2,123971.0,
2025-10-29,MAHSEAMLES,577.5,581.2,571.4,572.8,533598.0,
2025-10-30,MAHSEAMLES,574.5,581.1,572.8,579.25,141620.0,
2025-10-31,MAHSEAMLES,579.25,579.5,567.15,568.0,228401.0,
2025-11-03,MAHSEAMLES,570.25,582.25,568.3,580.7,210113.0,
2025-11-04,MAHSEAMLES,581.8,581.8,571.5,573.0,169002.0,
2025-11-06,MAHSEAMLES,559.6,559.8,540.5,547.65,514447.0,
2025-11-07,MAHSEAMLES,547.1,553.15,544.0,548.55,178941.0,
2025-11-10,MAHSEAMLES,548.2,554.0,544.0,550.45,238610.0,
2025-11-11,MAHSEAMLES,551.0,555.8,546.0,554.05,234765.0,
2025-11-12,MAHSEAMLES,554.5,563.8,549.0,562.3,167153.0,
2025-11-13,MAHSEAMLES,562.3,566.0,558.05,562.75,123714.0,
2025-11-14,MAHSEAMLES,560.05,564.65,556.3,562.95,113623.0,
2025-11-17,MAHSEAMLES,563.0,571.1,561.75,563.4,121206.0,
2025-11-18,MAHSEAMLES,560.9,567.9,558.55,565.2,127323.0,
2025-11-19,MAHSEAMLES,565.15,571.25,562.6,565.45,175978.0,
2025-11-20,MAHSEAMLES,567.9,573.9,563.35,571.0,141765.0,
2025-11-21,MAHSEAMLES,570.0,574.85,560.7,572.05,155676.0,
2025-11-24,MAHSEAMLES,574.0,575.9,563.4,571.05,269961.0,
2025-11-25,MAHSEAMLES,574.6,587.7,558.1,585.0,229233.0,
2025-11-26,MAHSEAMLES,587.65,587.65,575.75,579.45,480038.0,
2025-11-27,MAHSEAMLES,580.0,583.8,571.6,575.1,485246.0,
2025-11-28,MAHSEAMLES,575.0,597.9,572.1,589.1,317886.0,
2025-12-01,MAHSEAMLES,597.45,599.0,585.0,589.35,346902.0,
2025-12-02,MAHSEAMLES,587.8,587.8,570.5,572.9,101919.0,
2025-12-03,MAHSEAMLES,570.2,573.15,555.55,560.0,152375.0,
2025-12-04,MAHSEAMLES,561.25,578.0,558.8,572.45,122419.0,
2025-12-05,MAHSEAMLES,574.7,578.45,567.0,571.8,108101.0,
2025-12-08,MAHSEAMLES,575.3,580.0,554.15,564.8,117154.0,
2025-12-09,MAHSEAMLES,566.05,567.15,542.55,552.05,518391.0,
2025-12-10,MAHSEAMLES,554.15,566.0,552.1,562.5,91885.0,
2025-12-11,MAHSEAMLES,560.1,560.35,550.4,553.0,109574.0,
2025-12-12,MAHSEAMLES,554.0,563.2,553.45,559.65,78056.0,
2025-12-15,MAHSEAMLES,557.6,565.05,555.85,560.85,82716.0,
2025-12-16,MAHSEAMLES,560.85,574.1,558.25,564.85,142505.0,
2025-12-17,MAHSEAMLES,564.85,568.0,558.0,560.4,68699.0,
2025-12-18,MAHSEAMLES,561.7,566.55,555.05,560.95,165027.0,
2025-12-19,MAHSEAMLES,561.0,565.15,552.85,554.85,109504.0,
2025-12-22,MAHSEAMLES,559.8,575.5,547.9,550.1,252951.0,
2025-12-23,MAHSEAMLES,551.0,559.0,550.4,557.7,95171.0,
2025-12-24,MAHSEAMLES,557.7,558.5,548.15,551.35,144298.0,
2025-12-26,MAHSEAMLES,552.55,557.7,548.45,551.2,190670.0,
2025-12-29,MAHSEAMLES,551.2,556.95,550.15,551.1,132606.0,
2025-12-30,MAHSEAMLES,547.5,569.0,545.4,549.75,1017812.0,
2025-12-31,MAHSEAMLES,550.5,568.75,550.5,561.35,180262.0,
2026-01-01,MAHSEAMLES,564.4,564.85,553.5,554.8,63370.0,
2026-01-02,MAHSEAMLES,554.8,561.0,553.1,559.1,66328.0,
2026-01-05,MAHSEAMLES,559.1,563.75,556.0,557.8,112168.0,
2026-01-06,MAHSEAMLES,555.0,559.15,554.0,556.5,70063.0,
2026-01-07,MAHSEAMLES,552.15,560.0,551.0,555.35,71114.0,
2026-01-08,MAHSEAMLES,553.0,559.4,538.0,541.35,153929.0,
2026-01-09,MAHSEAMLES,539.85,545.0,533.0,535.3,128557.0,
2026-01-12,MAHSEAMLES,533.1,533.15,517.15,520.95,145608.0,
2026-01-13,MAHSEAMLES,521.9,529.15,520.0,521.15,62519.0,
2026-01-14,MAHSEAMLES,518.1,531.95,518.1,528.5,86739.0,
2026-01-16,MAHSEAMLES,528.5,533.05,517.7,518.65,112539.0,
2026-01-19,MAHSEAMLES,513.6,519.95,511.5,514.75,141261.0,
2026-01-20,MAHSEAMLES,512.0,522.8,511.1,513.0,153484.0,
2026-01-21,MAHSEAMLES,506.0,523.0,504.45,515.55,142111.0,
2026-01-22,MAHSEAMLES,516.15,525.6,515.55,517.55,65605.0,
2026-01-23,MAHSEAMLES,515.0,521.0,507.35,508.55,95397.0,
2026-01-27,MAHSEAMLES,509.95,513.4,500.7,506.45,122448.0,
2026-01-28,MAHSEAMLES,505.0,519.0,505.0,514.6,110968.0,
2026-01-29,MAHSEAMLES,525.0,525.0,509.0,517.25,213831.0,
2026-01-30,MAHSEAMLES,518.0,524.95,507.15,520.1,181643.0,
2026-02-02,MAHSEAMLES,504.1,521.8,503.65,515.9,127826.0,
2026-02-03,MAHSEAMLES,525.0,532.0,517.0,525.15,112370.0,
2026-02-04,MAHSEAMLES,525.15,540.0,522.65,536.65,168501.0,
2026-02-05,MAHSEAMLES,540.0,543.2,525.05,527.4,70738.0,
2026-02-06,MAHSEAMLES,530.2,533.2,521.85,526.7,73352.0,
2026-02-09,MAHSEAMLES,526.65,544.75,524.65,541.7,114162.0,
2026-02-10,MAHSEAMLES,544.0,552.0,541.45,547.15,103032.0,
2026-02-11,MAHSEAMLES,549.3,552.5,542.6,546.7,76404.0,
2026-02-12,MAHSEAMLES,546.7,550.0,536.15,547.1,66713.0,
2026-02-13,MAHSEAMLES,547.0,547.0,532.8,536.2,64856.0,
2026-02-16,MAHSEAMLES,535.0,535.05,526.85,532.6,80464.0,
2026-02-17,MAHSEAMLES,532.0,538.75,524.25,529.45,53395.0,
2026-02-18,MAHSEAMLES,527.9,535.2,525.85,529.6,72027.0,
2026-02-19,MAHSEAMLES,529.6,535.0,526.2,529.75,72534.0,
2026-02-20,MAHSEAMLES,525.6,534.9,522.0,532.55,67415.0,
2026-02-23,MAHSEAMLES,531.9,538.9,527.0,528.35,163616.0,
2026-02-24,MAHSEAMLES,525.7,535.85,525.05,533.85,86768.0,
2026-02-25,MAHSEAMLES,534.05,549.6,534.05,544.7,120061.0,
2026-02-26,MAHSEAMLES,548.6,572.35,547.45,568.95,774663.0,
2026-02-27,MAHSEAMLES,573.0,573.0,556.0,562.0,207833.0,
2026-03-02,MAHSEAMLES,536.0,564.0,535.0,553.15,255093.0,
2026-03-04,MAHSEAMLES,545.05,555.3,532.4,550.75,260331.0,
2026-03-05,MAHSEAMLES,554.1,562.2,546.7,552.35,131896.0,
2026-03-06,MAHSEAMLES,548.0,559.75,545.1,555.45,114935.0,
2026-03-09,MAHSEAMLES,550.0,550.5,527.55,542.15,195813.0,
2026-03-10,MAHSEAMLES,546.25,549.6,541.65,547.1,88883.0,
2026-03-11,MAHSEAMLES,548.0,577.85,548.0,556.9,392889.0,
2026-03-12,MAHSEAMLES,557.45,563.55,545.0,561.5,198181.0,
2026-03-13,MAHSEAMLES,556.9,558.65,544.0,549.8,159324.0,
2026-03-16,MAHSEAMLES,549.8,564.0,539.3,559.9,194689.0,
2026-03-17,MAHSEAMLES,559.9,560.9,549.95,557.85,323264.0,
2026-03-18,MAHSEAMLES,556.95,569.75,556.95,564.1,263644.0,
2026-03-19,MAHSEAMLES,556.0,569.0,550.85,554.2,279514.0,
2026-03-20,MAHSEAMLES,556.15,568.45,556.15,564.75,126663.0,
2026-03-23,MAHSEAMLES,559.85,559.95,535.05,537.7,155306.0,
2026-03-24,MAHSEAMLES,542.0,559.9,538.1,550.6,178706.0,
2026-03-25,MAHSEAMLES,560.0,581.8,553.5,579.75,307404.0,
2026-03-27,MAHSEAMLES,579.0,588.35,560.0,563.35,679224.0,
2026-03-30,MAHSEAMLES,554.1,569.7,549.35,560.15,348958.0,
2026-04-01,MAHSEAMLES,574.0,585.85,567.5,580.5,152502.0,
2026-04-02,MAHSEAMLES,567.8,592.25,563.6,588.4,220029.0,
2026-04-06,MAHSEAMLES,588.4,601.55,580.2,596.25,270881.0,
2026-04-07,MAHSEAMLES,595.0,610.25,590.0,603.95,202599.0,
2026-04-08,MAHSEAMLES,618.5,618.5,604.1,610.0,238500.0,
2026-04-09,MAHSEAMLES,611.0,614.0,601.0,608.6,168522.0,
2026-04-10,MAHSEAMLES,611.0,625.5,609.6,623.15,217710.0,
2026-04-13,MAHSEAMLES,611.15,632.0,604.15,628.75,238133.0,
2026-04-15,MAHSEAMLES,638.0,639.9,630.75,637.2,168554.0,
2026-04-16,MAHSEAMLES,644.0,647.5,634.05,642.55,218260.0,
2026-04-17,MAHSEAMLES,646.9,652.95,640.05,642.9,183499.0,
2026-04-20,MAHSEAMLES,644.5,650.7,638.0,644.9,203471.0,
2026-04-21,MAHSEAMLES,649.0,659.9,645.0,654.5,205242.0,
2026-04-22,MAHSEAMLES,655.0,669.4,650.6,664.6,177587.0,
2026-04-23,MAHSEAMLES,666.0,690.0,651.0,653.6,369683.0,
2026-04-24,MAHSEAMLES,658.6,658.6,639.2,642.35,114310.0,
2026-04-27,MAHSEAMLES,642.35,656.15,641.05,647.25,101713.0,
2026-04-28,MAHSEAMLES,651.0,654.85,646.3,649.7,117630.0,
2026-04-29,MAHSEAMLES,653.1,655.3,645.15,649.7,138628.0,
2026-04-30,MAHSEAMLES,646.0,650.0,634.0,640.0,106912.0,
2026-05-04,MAHSEAMLES,645.0,649.9,637.55,640.95,106948.0,
2026-05-05,MAHSEAMLES,641.0,643.4,629.0,634.95,90422.0,
2026-05-06,MAHSEAMLES,639.0,639.0,625.85,633.0,96539.0,
2026-05-07,MAHSEAMLES,638.0,656.2,636.2,652.5,148399.0,
2026-05-08,MAHSEAMLES,652.5,662.0,641.3,650.25,118881.0,
2026-05-11,MAHSEAMLES,648.0,655.3,639.7,648.5,86026.0,
2026-05-12,MAHSEAMLES,645.1,674.8,634.15,641.4,350540.0,
2026-05-13,MAHSEAMLES,641.4,659.5,640.7,648.8,106796.0,
2026-05-14,MAHSEAMLES,650.0,662.0,644.0,646.85,94544.0,
2026-05-15,MAHSEAMLES,649.9,650.0,633.05,644.75,124515.0,
2026-05-18,MAHSEAMLES,640.0,640.0,616.05,636.6,149307.0,
2026-05-19,MAHSEAMLES,636.95,647.95,631.15,635.25,78361.0,
2026-05-20,MAHSEAMLES,630.0,643.2,623.0,640.7,74691.0,
2026-05-21,MAHSEAMLES,642.0,653.9,636.1,638.8,69647.0,
2026-05-22,MAHSEAMLES,644.0,646.8,629.15,635.35,84348.0,
2026-05-25,MAHSEAMLES,617.0,630.0,600.5,626.05,332711.0,
2026-05-26,MAHSEAMLES,625.0,642.9,624.0,630.6,104360.0,
2026-05-27,MAHSEAMLES,630.0,640.0,627.0,635.2,96096.0,
2026-05-29,MAHSEAMLES,636.95,640.95,619.15,621.6,199636.0,
2026-06-01,MAHSEAMLES,623.15,627.85,607.5,614.9,82617.0,
2026-06-02,MAHSEAMLES,614.9,627.0,602.85,609.8,126162.0,
2026-06-03,MAHSEAMLES,605.0,613.4,600.2,610.6,95386.0,
2026-06-04,MAHSEAMLES,608.0,625.0,606.2,614.85,86103.0,
2026-06-05,MAHSEAMLES,613.0,625.9,610.65,623.95,132697.0,
2026-06-08,MAHSEAMLES,613.0,619.4,606.5,614.8,96484.0,
2026-06-09,MAHSEAMLES,619.0,619.0,607.1,610.05,47959.0,
2026-06-10,MAHSEAMLES,610.05,612.4,592.65,598.6,63740.0,
2026-06-11,MAHSEAMLES,602.0,603.7,590.0,594.65,82146.0,
2026-06-12,MAHSEAMLES,588.0,620.0,588.0,617.1,80492.0,
2026-06-15,MAHSEAMLES,618.0,632.95,618.0,629.95,104958.0,
2026-06-16,MAHSEAMLES,634.0,638.6,621.65,624.0,58542.0,
2026-06-17,MAHSEAMLES,624.0,630.95,611.7,614.9,55338.0,
2026-06-18,MAHSEAMLES,614.9,636.0,611.0,632.7,135603.0,
2026-06-19,MAHSEAMLES,635.0,637.0,624.0,630.65,96267.0,
2026-06-22,MAHSEAMLES,641.65,646.9,632.05,642.65,172931.0,
2026-06-23,MAHSEAMLES,642.65,661.5,641.0,649.1,249456.0,
2026-06-24,MAHSEAMLES,649.1,654.15,645.5,648.8,64346.0,
2026-06-25,MAHSEAMLES,648.8,651.0,623.9,628.4,241730.0,
2026-06-29,MAHSEAMLES,628.0,635.0,612.2,619.4,1644941.0,
2026-06-30,MAHSEAMLES,618.0,620.8,595.0,597.8,625689.0,
2026-07-01,MAHSEAMLES,597.8,606.0,591.1,596.1,141831.0,
2026-07-02,MAHSEAMLES,598.5,607.0,598.45,605.05,89027.0,
2026-07-03,MAHSEAMLES,609.0,613.0,601.0,610.05,83284.0,
2026-07-06,MAHSEAMLES,611.7,611.9,595.0,598.0,77802.0,
2026-07-07,MAHSEAMLES,603.0,605.95,593.45,602.75,67125.0,
2026-07-08,MAHSEAMLES,601.05,601.05,579.65,583.0,85774.0,
2026-07-09,MAHSEAMLES,586.0,592.95,582.0,591.05,68103.0,
2026-07-10,MAHSEAMLES,594.2,604.0,590.05,598.4,61755.0,
2026-07-13,MAHSEAMLES,596.6,597.1,590.0,591.85,51584.0,
2026-07-14,MAHSEAMLES,588.1,596.6,585.9,589.1,63817.0,
2026-07-15,MAHSEAMLES,585.1,593.2,585.1,588.75,52880.0,
2026-07-16,MAHSEAMLES,588.0,591.15,582.0,584.3,71662.0,
2026-07-17,MAHSEAMLES,584.9,592.65,577.2,580.45,59723.0,
2026-07-20,MAHSEAMLES,577.55,587.0,576.2,584.7,67945.0,
2026-07-21,MAHSEAMLES,584.7,585.85,578.0,580.05,30688.0,
2026-07-22,MAHSEAMLES,580.05,580.05,573.0,575.45,42822.0,
2026-07-23,MAHSEAMLES,572.2,575.4,557.85,565.1,108997.0,
2026-07-24,MAHSEAMLES,561.7,573.9,557.2,571.55,46882.0,
2026-07-27,MAHSEAMLES,574.6,581.4,573.4,576.85,30834.0,
2026-07-28,MAHSEAMLES,576.85,580.3,567.0,574.1,54003.0,
2026-07-29,MAHSEAMLES,576.85,585.0,575.0,581.95,34576.0,
2026-07-30,MAHSEAMLES,582.0,582.55,571.15,572.55,48318.0,
2026-07-31,MAHSEAMLES,572.65,573.25,560.0,565.35,208948.0,
2026-08-03,MAHSEAMLES,572.5,583.6,567.0,573.7,135333.0,
2026-08-04,MAHSEAMLES,573.7,582.5,571.05,579.1,70989.0,
2026-08-05,MAHSEAMLES,582.0,589.0,580.0,582.6,76222.0,
2026-08-06,MAHSEAMLES,585.7,590.3,580.0,583.8,65218.0,
2026-08-07,MAHSEAMLES,586.0,598.8,574.45,589.7,137498.0,
2026-08-10,MAHSEAMLES,595.1,617.9,589.2,607.85,371775.0,
2026-08-11,MAHSEAMLES,610.05,615.85,593.6,595.0,147431.0,
2026-08-12,MAHSEAMLES,597.75,612.05,592.9,609.95,118552.0,
2026-08-13,MAHSEAMLES,612.8,627.5,606.9,612.0,204844.0,
2026-08-14,MAHSEAMLES,610.0,615.0,606.5,612.45,85390.0,
2026-08-17,MAHSEAMLES,612.45,623.35,606.4,622.0,106253.0,
2026-08-18,MAHSEAMLES,622.0,627.95,616.1,620.9,127306.0,
2026-08-19,MAHSEAMLES,624.3,625.0,612.4,613.9,147532.0,
2026-08-20,MAHSEAMLES,617.2,618.6,608.2,610.6,187917.0,
2026-08-21,MAHSEAMLES,613.0,658.9,612.95,634.15,1005145.0,
2026-08-24,MAHSEAMLES,638.05,645.8,632.95,634.75,194133.0,
2026-08-25,MAHSEAMLES,634.9,655.95,632.0,636.55,305342.0,
2026-08-26,MAHSEAMLES,640.0,645.0,632.3,636.55,221620.0,
2026-08-27,MAHSEAMLES,635.0,652.65,634.95,642.05,302076.0,
2026-08-28,MAHSEAMLES,643.0,667.85,642.95,661.7,550119.0,
2026-08-31,MAHSEAMLES,665.0,668.6,650.1,663.2,393023.0,
2026-09-01,MAHSEAMLES,653.25,664.35,644.0,649.6,227231.0,
2026-09-02,MAHSEAMLES,647.0,673.9,645.0,665.05,492471.0,
2026-09-03,MAHSEAMLES,666.95,682.5,649.75,653.5,497338.0,
2026-09-04,MAHSEAMLES,654.75,695.8,651.5,688.1,1179393.0,
2026-09-07,MAHSEAMLES,691.0,717.8,676.95,688.95,911812.0,
2026-09-08,MAHSEAMLES,690.35,694.85,676.05,680.65,209156.0,
2026-09-09,MAHSEAMLES,679.65,683.2,668.7,676.2,167344.0,
2026-09-10,MAHSEAMLES,676.2,724.0,673.6,718.95,1256187.0,
2026-09-11,MAHSEAMLES,720.95,738.0,707.25,728.9,1045480.0,
2026-09-15,MAHSEAMLES,735.0,738.6,696.0,701.1,328878.0,
2026-09-16,MAHSEAMLES,701.1,702.05,674.15,692.95,217121.0,
2026-09-17,MAHSEAMLES,699.2,726.0,692.95,720.2,436705.0,
2026-09-18,MAHSEAMLES,724.0,725.9,712.15,717.55,177765.0,
2026-09-21,MAHSEAMLES,723.95,734.7,698.0,706.95,261787.0,
2026-09-22,MAHSEAMLES,707.0,712.85,695.0,697.35,112372.0,
2026-09-23,MAHSEAMLES,700.0,729.35,696.65,702.75,439951.0,
2026-09-24,MAHSEAMLES,698.7,723.9,696.05,708.55,232935.0,
2025-09-10,MANINFRA,154.0,159.95,154.0,156.16,287382.0,
2025-09-11,MANINFRA,156.0,157.5,155.01,155.59,243177.0,
2025-09-12,MANINFRA,156.95,156.95,152.86,153.36,249112.0,
2025-09-15,MANINFRA,154.0,157.04,153.64,154.12,398305.0,
2025-09-16,MANINFRA,154.81,159.0,153.8,158.45,493661.0,
2025-09-17,MANINFRA,158.5,159.69,157.21,158.04,251704.0,
2025-09-18,MANINFRA,157.99,160.39,155.0,157.7,1093612.0,
2025-09-19,MANINFRA,157.4,160.0,156.74,158.64,276877.0,
2025-09-22,MANINFRA,159.5,159.5,156.0,156.56,189844.0,
2025-09-23,MANINFRA,156.35,158.01,154.11,154.48,223970.0,
2025-09-24,MANINFRA,154.49,156.5,153.0,153.3,228952.0,
2025-09-25,MANINFRA,153.35,153.8,149.6,150.56,404784.0,
2025-09-26,MANINFRA,150.01,153.31,146.53,149.06,673049.0,
2025-09-29,MANINFRA,149.0,150.02,145.59,146.57,191230.0,
2025-09-30,MANINFRA,146.0,148.0,145.2,146.46,245950.0,
2025-10-01,MANINFRA,146.87,149.43,143.8,148.89,583776.0,
2025-10-03,MANINFRA,148.31,150.86,147.97,150.02,168047.0,
2025-10-06,MANINFRA,149.88,150.02,145.68,146.14,221480.0,
2025-10-07,MANINFRA,146.16,147.5,145.3,147.09,165958.0,
2025-10-08,MANINFRA,147.5,147.9,145.0,145.17,156711.0,
2025-10-09,MANINFRA,145.3,145.88,144.0,144.57,154613.0,
2025-10-10,MANINFRA,144.0,148.98,144.0,148.44,218619.0,
2025-10-13,MANINFRA,148.35,148.35,146.0,147.22,137549.0,
2025-10-14,MANINFRA,146.5,148.73,145.15,145.6,171866.0,
2025-10-15,MANINFRA,145.6,148.5,144.11,144.82,356875.0,
2025-10-16,MANINFRA,145.49,147.3,145.49,146.23,112593.0,
2025-10-17,MANINFRA,146.0,146.19,143.57,144.52,257129.0,
2025-10-20,MANINFRA,145.75,146.0,141.68,143.22,417491.0,
2025-10-21,MANINFRA,143.89,146.9,143.77,145.29,76909.0,
2025-10-23,MANINFRA,145.72,148.9,145.6,147.28,217267.0,
2025-10-24,MANINFRA,147.29,147.69,144.55,145.07,161101.0,
2025-10-27,MANINFRA,145.07,146.6,144.5,145.62,143101.0,
2025-10-28,MANINFRA,144.76,149.3,144.51,145.4,490944.0,
2025-10-29,MANINFRA,145.7,147.8,145.0,146.41,305832.0,
2025-10-30,MANINFRA,146.0,147.99,145.97,146.42,127227.0,
2025-10-31,MANINFRA,146.0,150.0,146.0,148.95,475591.0,
2025-11-03,MANINFRA,148.5,149.58,145.5,145.68,233778.0,
2025-11-04,MANINFRA,145.5,147.71,144.1,144.79,266423.0,
2025-11-06,MANINFRA,144.5,145.19,136.02,136.65,583601.0,
2025-11-07,MANINFRA,135.5,137.1,132.12,135.44,550779.0,
2025-11-10,MANINFRA,135.95,138.09,134.6,135.32,290032.0,
2025-11-11,MANINFRA,134.5,135.12,131.0,133.7,583876.0,
2025-11-12,MANINFRA,133.71,138.41,131.76,135.61,736506.0,
2025-11-13,MANINFRA,136.96,138.98,132.0,132.62,1617916.0,
2025-11-14,MANINFRA,132.62,135.62,130.1,132.83,930261.0,
2025-11-17,MANINFRA,132.8,135.2,132.1,134.31,579530.0,
2025-11-18,MANINFRA,133.79,134.29,129.6,130.07,675488.0,
2025-11-19,MANINFRA,129.7,131.75,125.8,127.9,1185398.0,
2025-11-20,MANINFRA,127.67,128.17,124.8,125.22,591157.0,
2025-11-21,MANINFRA,124.9,124.94,122.5,123.13,649329.0,
2025-11-24,MANINFRA,122.0,122.56,117.12,119.04,4222433.0,
2025-11-25,MANINFRA,117.25,123.78,117.25,122.39,710145.0,
2025-11-26,MANINFRA,122.99,129.5,122.99,128.37,1737951.0,
2025-11-27,MANINFRA,129.98,130.5,126.0,129.9,1256968.0,
2025-11-28,MANINFRA,129.9,130.35,127.6,128.19,387422.0,
2025-12-01,MANINFRA,128.4,133.76,128.16,133.06,806159.0,
2025-12-02,MANINFRA,133.45,133.62,130.01,131.87,516206.0,
2025-12-03,MANINFRA,131.5,137.45,130.1,134.46,797041.0,
2025-12-04,MANINFRA,135.43,137.41,133.63,136.53,836520.0,
2025-12-05,MANINFRA,135.9,136.09,132.11,134.38,539875.0,
2025-12-08,MANINFRA,133.0,133.47,130.0,131.11,406547.0,
2025-12-09,MANINFRA,129.8,135.6,128.11,134.17,727064.0,
2025-12-10,MANINFRA,133.81,134.43,130.0,130.38,218004.0,
2025-12-11,MANINFRA,130.3,132.52,129.3,130.36,278497.0,
2025-12-12,MANINFRA,130.36,132.0,128.67,131.1,296578.0,
2025-12-15,MANINFRA,131.07,131.07,129.0,129.26,169060.0,
2025-12-16,MANINFRA,129.26,130.24,128.0,128.45,369017.0,
2025-12-17,MANINFRA,128.5,129.3,127.0,128.63,231601.0,
2025-12-18,MANINFRA,128.18,128.87,126.4,126.72,139580.0,
2025-12-19,MANINFRA,126.92,128.74,126.52,127.7,163777.0,
2025-12-22,MANINFRA,128.01,131.0,126.42,129.93,826953.0,
2025-12-23,MANINFRA,129.53,132.03,128.65,130.29,272675.0,
2025-12-24,MANINFRA,130.0,132.4,128.4,129.25,494886.0,
2025-12-26,MANINFRA,129.25,131.86,128.36,129.14,208359.0,
2025-12-29,MANINFRA,129.14,133.3,128.61,129.01,399774.0,
2025-12-30,MANINFRA,129.0,129.06,125.8,126.17,216783.0,
2025-12-31,MANINFRA,126.0,129.41,126.0,127.88,173413.0,
2026-01-01,MANINFRA,127.9,128.9,127.15,127.68,83262.0,
2026-01-02,MANINFRA,127.6,130.31,127.31,129.57,655302.0,
2026-01-05,MANINFRA,130.2,131.76,127.31,128.52,277730.0,
2026-01-06,MANINFRA,128.3,129.4,126.25,126.96,187248.0,
2026-01-07,MANINFRA,126.96,127.0,125.0,125.13,156403.0,
2026-01-08,MANINFRA,124.46,125.04,121.51,122.38,234064.0,
2026-01-09,MANINFRA,121.5,122.1,119.56,120.23,297767.0,
2026-01-12,MANINFRA,119.98,120.2,115.8,118.44,326549.0,
2026-01-13,MANINFRA,118.0,120.69,117.56,118.6,231539.0,
2026-01-14,MANINFRA,118.0,119.22,115.56,116.05,370354.0,
2026-01-16,MANINFRA,116.9,118.9,114.25,115.5,479630.0,
2026-01-19,MANINFRA,114.32,117.0,112.53,115.25,641541.0,
2026-01-20,MANINFRA,115.0,115.0,110.2,110.63,432165.0,
2026-01-21,MANINFRA,110.0,111.0,107.05,107.78,407875.0,
2026-01-22,MANINFRA,108.99,110.0,106.74,107.18,378457.0,
2026-01-23,MANINFRA,107.1,108.5,104.13,105.39,638868.0,
2026-01-27,MANINFRA,105.0,106.04,99.0,103.38,378169.0,
2026-01-28,MANINFRA,103.0,107.49,103.0,106.96,349396.0,
2026-01-29,MANINFRA,106.95,109.52,103.55,108.3,872912.0,
2026-01-30,MANINFRA,107.94,111.17,105.49,110.09,457986.0,
2026-02-02,MANINFRA,105.69,107.5,104.34,106.96,300292.0,
2026-02-03,MANINFRA,110.94,111.0,107.12,110.41,412320.0,
2026-02-04,MANINFRA,109.55,118.34,109.55,117.29,997694.0,
2026-02-05,MANINFRA,118.7,119.29,116.24,116.65,278040.0,
2026-02-06,MANINFRA,115.99,116.2,113.53,115.37,188412.0,
2026-02-09,MANINFRA,116.0,121.29,116.0,120.13,474080.0,
2026-02-10,MANINFRA,120.0,124.8,120.0,124.23,689454.0,
2026-02-11,MANINFRA,125.19,125.83,114.67,117.33,1971455.0,
2026-02-12,MANINFRA,117.39,118.27,112.87,113.32,352989.0,
2026-02-13,MANINFRA,112.25,113.32,109.8,111.23,336507.0,
2026-02-16,MANINFRA,110.51,113.59,108.94,112.55,294914.0,
2026-02-17,MANINFRA,112.0,115.09,111.55,113.1,178795.0,
2026-02-18,MANINFRA,112.51,115.0,111.3,111.97,202680.0,
2026-02-19,MANINFRA,111.7,112.89,110.4,110.85,166523.0,
2026-02-20,MANINFRA,110.0,112.79,109.2,111.27,193473.0,
2026-02-23,MANINFRA,111.0,112.25,110.05,110.82,236328.0,
2026-02-24,MANINFRA,109.8,110.68,108.01,108.21,385315.0,
2026-02-25,MANINFRA,107.87,109.18,106.0,106.2,247361.0,
2026-02-26,MANINFRA,107.2,111.2,106.96,107.94,361791.0,
2026-02-27,MANINFRA,107.5,107.76,105.4,106.34,190422.0,
2026-03-02,MANINFRA,101.99,104.93,101.15,102.31,254758.0,
2026-03-04,MANINFRA,100.28,101.8,98.65,100.26,294126.0,
2026-03-05,MANINFRA,101.2,104.8,99.0,100.53,367304.0,
2026-03-06,MANINFRA,100.29,101.78,99.0,99.46,206335.0,
2026-03-09,MANINFRA,97.0,98.02,93.94,96.92,514564.0,
2026-03-10,MANINFRA,98.09,100.95,97.13,99.68,345195.0,
2026-03-11,MANINFRA,99.48,102.5,97.73,98.49,449105.0,
2026-03-12,MANINFRA,97.7,100.61,96.07,98.21,511960.0,
2026-03-13,MANINFRA,97.52,98.31,94.22,94.69,511967.0,
2026-03-16,MANINFRA,94.2,95.22,91.41,93.01,538684.0,
2026-03-17,MANINFRA,93.05,94.9,88.92,89.87,1251395.0,
2026-03-18,MANINFRA,89.87,95.64,89.87,93.63,906987.0,
2026-03-19,MANINFRA,92.22,93.51,90.0,90.36,427137.0,
2026-03-20,MANINFRA,90.95,93.56,90.75,91.09,454573.0,
2026-03-23,MANINFRA,90.01,90.32,85.1,85.8,943413.0,
2026-03-24,MANINFRA,86.86,88.89,85.01,86.73,944138.0,
2026-03-25,MANINFRA,87.3,90.23,87.3,88.91,1270477.0,
2026-03-27,MANINFRA,91.4,91.4,84.5,87.05,4662964.0,
2026-03-30,MANINFRA,86.0,86.79,77.12,78.44,1824059.0,
2026-04-01,MANINFRA,81.59,86.94,81.59,85.36,2121613.0,
2026-04-02,MANINFRA,84.0,86.04,80.3,85.48,1817500.0,
2026-04-06,MANINFRA,85.0,89.99,82.77,89.33,1202119.0,
2026-04-07,MANINFRA,88.12,90.9,88.12,89.41,339244.0,
2026-04-08,MANINFRA,97.8,97.8,92.28,93.9,645711.0,
2026-04-09,MANINFRA,93.15,95.0,91.56,92.18,294840.0,
2026-04-10,MANINFRA,92.2,95.0,92.2,92.98,648935.0,
2026-04-13,MANINFRA,89.11,94.2,89.11,93.06,765452.0,
2026-04-15,MANINFRA,94.58,99.0,94.53,96.52,802445.0,
2026-04-16,MANINFRA,97.24,99.18,95.62,97.28,309353.0,
2026-04-17,MANINFRA,97.45,100.74,96.0,96.78,619013.0,
2026-04-20,MANINFRA,97.55,97.55,94.54,96.08,393514.0,
2026-04-21,MANINFRA,96.48,101.99,95.51,100.62,1462681.0,
2026-04-22,MANINFRA,100.62,103.99,100.2,102.77,1523627.0,
2026-04-23,MANINFRA,102.65,112.89,101.92,110.59,4934417.0,
2026-04-24,MANINFRA,110.95,117.2,109.71,113.53,5649465.0,
2026-04-27,MANINFRA,114.1,116.9,113.61,116.47,3367468.0,
2026-04-28,MANINFRA,116.5,118.34,114.05,116.34,2682038.0,
2026-04-29,MANINFRA,116.9,124.48,116.01,118.9,7540163.0,
2026-04-30,MANINFRA,118.0,123.05,116.47,120.35,4071900.0,
2026-05-04,MANINFRA,122.05,126.49,121.1,123.64,3990608.0,
2026-05-05,MANINFRA,122.6,127.15,121.5,125.49,3576004.0,
2026-05-06,MANINFRA,126.0,128.5,123.51,127.51,3232778.0,
2026-05-07,MANINFRA,128.25,135.4,128.25,134.76,4911614.0,
2026-05-08,MANINFRA,134.61,138.69,134.0,134.73,3998025.0,
2026-05-11,MANINFRA,134.0,136.45,133.05,133.91,2569609.0,
2026-05-12,MANINFRA,134.0,137.35,129.51,130.24,3555270.0,
2026-05-13,MANINFRA,131.2,132.89,126.21,127.73,2391242.0,
2026-05-14,MANINFRA,125.0,125.5,117.1,119.06,3600954.0,
2026-05-15,MANINFRA,119.95,121.5,115.57,117.58,2095527.0,
2026-05-18,MANINFRA,120.0,122.49,116.09,119.02,3937892.0,
2026-05-19,MANINFRA,120.1,123.99,119.5,119.94,2868026.0,
2026-05-20,MANINFRA,120.16,122.95,119.07,119.82,2690195.0,
2026-05-21,MANINFRA,120.58,124.0,117.56,118.19,1284589.0,
2026-05-22,MANINFRA,118.95,120.5,116.55,118.34,1240723.0,
2026-05-25,MANINFRA,118.99,119.6,114.24,115.0,2065353.0,
2026-05-26,MANINFRA,115.59,119.4,115.0,115.57,1717776.0,
2026-05-27,MANINFRA,115.5,117.47,114.12,116.11,1629056.0,
2026-05-29,MANINFRA,116.35,120.5,113.35,115.24,1475016.0,
2026-06-01,MANINFRA,116.0,117.89,113.55,114.12,1100438.0,
2026-06-02,MANINFRA,113.9,119.49,112.5,118.3,2432161.0,
2026-06-03,MANINFRA,119.0,120.95,114.49,115.02,1483997.0,
2026-06-04,MANINFRA,114.98,116.0,110.71,111.36,2229991.0,
2026-06-05,MANINFRA,113.0,115.3,111.5,114.1,1828138.0,
2026-06-08,MANINFRA,112.99,115.5,110.8,111.33,1600770.0,
2026-06-09,MANINFRA,111.33,116.19,111.32,115.03,1305460.0,
2026-06-10,MANINFRA,115.03,117.4,112.54,112.97,2901758.0,
2026-06-11,MANINFRA,113.0,113.95,109.4,110.18,1753293.0,
2026-06-12,MANINFRA,111.7,112.81,110.01,110.98,1699848.0,
2026-06-15,MANINFRA,111.9,118.0,110.7,115.71,7366037.0,
2026-06-16,MANINFRA,116.03,116.53,112.81,113.26,2184861.0,
2026-06-17,MANINFRA,114.1,114.5,105.65,106.21,3052923.0,
2026-06-18,MANINFRA,106.4,108.99,105.2,105.63,2708622.0,
2026-06-19,MANINFRA,106.72,106.75,104.4,104.97,1035988.0,
2026-06-22,MANINFRA,105.5,110.25,105.06,106.78,3734680.0,
2026-06-23,MANINFRA,107.0,107.65,103.1,104.01,1225106.0,
2026-06-24,MANINFRA,104.05,107.5,102.83,104.69,4229669.0,
2026-06-25,MANINFRA,105.8,106.55,103.8,104.38,1745771.0,
2026-06-29,MANINFRA,104.38,106.8,102.75,104.64,2169848.0,
2026-06-30,MANINFRA,104.38,106.95,103.78,104.18,1748340.0,
2026-07-01,MANINFRA,104.18,107.0,103.74,104.05,1862560.0,
2026-07-02,MANINFRA,104.3,106.9,104.3,105.75,1893219.0,
2026-07-03,MANINFRA,106.36,108.0,105.15,105.35,1492624.0,
2026-07-06,MANINFRA,106.37,107.25,103.5,103.96,1236810.0,
2026-07-07,MANINFRA,104.02,104.04,101.3,102.19,548152.0,
2026-07-08,MANINFRA,101.9,104.4,99.6,100.52,1026450.0,
2026-07-09,MANINFRA,100.52,105.74,100.3,100.79,3336831.0,
2026-07-10,MANINFRA,101.5,104.9,101.5,104.65,1410725.0,
2026-07-13,MANINFRA,104.0,107.34,103.5,105.09,1712061.0,
2026-07-14,MANINFRA,104.9,104.91,102.45,102.7,782105.0,
2026-07-15,MANINFRA,103.72,103.75,102.1,102.57,419476.0,
2026-07-16,MANINFRA,102.8,102.89,101.15,101.6,341433.0,
2026-07-17,MANINFRA,101.88,101.88,100.01,101.28,278584.0,
2026-07-20,MANINFRA,102.59,102.59,100.25,100.54,436084.0,
2026-07-21,MANINFRA,100.75,100.75,99.5,99.67,567884.0,
2026-07-22,MANINFRA,99.99,100.15,97.5,98.61,855654.0,
2026-07-23,MANINFRA,97.81,100.15,97.01,97.68,1199604.0,
2026-07-24,MANINFRA,97.0,97.75,95.52,96.68,758346.0,
2026-07-27,MANINFRA,97.15,98.93,97.15,98.38,303888.0,
2026-07-28,MANINFRA,99.0,99.43,97.01,97.42,316061.0,
2026-07-29,MANINFRA,98.53,98.53,96.01,97.08,556330.0,
2026-07-30,MANINFRA,97.05,97.08,95.8,96.09,282015.0,
2026-07-31,MANINFRA,96.6,98.54,96.05,98.08,498292.0,
2026-08-03,MANINFRA,98.99,102.25,98.6,99.82,1280728.0,
2026-08-04,MANINFRA,99.24,113.2,99.11,111.61,9068086.0,
2026-08-05,MANINFRA,113.3,115.0,111.32,113.47,2340787.0,
2026-08-06,MANINFRA,113.0,114.4,109.51,110.41,911356.0,
2026-08-07,MANINFRA,111.15,117.3,111.1,113.85,4913160.0,
2026-08-10,MANINFRA,114.0,117.01,112.0,113.64,3616270.0,
2026-08-11,MANINFRA,114.0,114.7,110.96,111.36,1438179.0,
2026-08-12,MANINFRA,113.0,116.49,107.11,108.55,5029976.0,
2026-08-13,MANINFRA,108.2,109.07,103.36,104.77,1569756.0,
2026-08-14,MANINFRA,107.0,108.56,105.11,106.15,1031223.0,
2026-08-17,MANINFRA,106.15,107.25,103.6,104.12,1434348.0,
2026-08-18,MANINFRA,103.21,108.98,101.7,106.02,5583898.0,
2026-08-19,MANINFRA,106.02,110.45,105.24,109.99,2206548.0,
2026-08-20,MANINFRA,110.59,111.11,108.51,110.29,1279267.0,
2026-08-21,MANINFRA,110.92,111.0,107.65,108.67,572245.0,
2026-08-24,MANINFRA,109.54,114.4,108.7,113.68,2234263.0,
2026-08-25,MANINFRA,114.38,114.47,112.14,113.86,884939.0,
2026-08-26,MANINFRA,114.0,115.39,113.22,114.51,1094009.0,
2026-08-27,MANINFRA,116.85,116.9,114.9,115.46,2358626.0,
2026-08-28,MANINFRA,116.02,123.45,116.02,122.81,7397297.0,
2026-08-31,MANINFRA,122.81,123.9,120.81,122.62,2592923.0,
2026-09-01,MANINFRA,123.69,126.44,121.57,124.56,8700614.0,
2026-09-02,MANINFRA,124.99,125.08,119.11,123.27,3095001.0,
2026-09-03,MANINFRA,122.88,125.55,120.6,124.59,2550009.0,
2026-09-04,MANINFRA,126.0,128.3,123.78,124.8,1748780.0,
2026-09-07,MANINFRA,125.5,127.79,124.0,124.42,1448189.0,
2026-09-08,MANINFRA,124.75,131.0,123.15,127.75,4913934.0,
2026-09-09,MANINFRA,128.0,130.98,127.72,128.72,3598189.0,
2026-09-10,MANINFRA,129.1,129.65,127.42,128.66,1843204.0,
2026-09-11,MANINFRA,127.95,127.95,125.7,126.87,1968685.0,
2026-09-15,MANINFRA,127.48,127.48,122.89,124.83,1734690.0,
2026-09-16,MANINFRA,124.43,126.6,121.98,124.23,2441811.0,
2026-09-17,MANINFRA,122.5,126.59,122.5,125.71,1602110.0,
2026-09-18,MANINFRA,126.0,127.64,124.8,125.64,2921365.0,
2026-09-21,MANINFRA,125.99,126.41,122.21,123.22,1182512.0,
2026-09-22,MANINFRA,123.5,124.98,122.75,124.04,1053458.0,
2026-09-23,MANINFRA,123.9,125.47,122.9,124.75,1822660.0,
2026-09-24,MANINFRA,123.9,125.45,123.45,124.17,1221376.0,
2025-09-10,NPST,2100.8,2139.8,2089.4,2116.8,13393.0,
2025-09-11,NPST,2140.0,2199.8,2092.7,2101.0,14203.0,
2025-09-12,NPST,2116.7,2120.0,2065.0,2076.8,7736.0,
2025-09-15,NPST,2092.4,2120.0,2080.0,2106.9,7748.0,
2025-09-16,NPST,2138.4,2138.5,2065.0,2072.8,15541.0,
2025-09-17,NPST,2066.8,2111.9,2055.1,2088.2,12208.0,
2025-09-18,NPST,2090.0,2093.7,2045.0,2053.2,12284.0,
2025-09-19,NPST,2068.6,2105.0,1992.7,2062.2,24427.0,
2025-09-22,NPST,2087.0,2088.0,1951.2,1960.4,42713.0,
2025-09-23,NPST,1961.3,2040.9,1960.0,1971.0,17561.0,
2025-09-24,NPST,1988.3,1988.4,1906.2,1941.5,11144.0,
2025-09-25,NPST,1943.4,1971.4,1930.0,1935.4,7965.0,
2025-09-26,NPST,1935.4,1953.5,1888.8,1912.2,9226.0,
2025-09-29,NPST,1917.0,1949.9,1878.8,1899.8,5755.0,
2025-09-30,NPST,1932.6,1940.0,1906.0,1934.0,5934.0,
2025-10-01,NPST,1914.7,1949.0,1914.7,1936.9,3391.0,
2025-10-03,NPST,1937.2,2020.0,1936.2,2010.4,8242.0,
2025-10-06,NPST,2046.0,2046.0,1953.7,1990.6,5817.0,
2025-10-07,NPST,1990.6,2014.8,1886.0,1903.3,15240.0,
2025-10-08,NPST,1907.3,1939.3,1877.4,1904.1,10204.0,
2025-10-09,NPST,1909.0,1927.5,1887.1,1895.7,8190.0,
2025-10-10,NPST,1920.0,1920.0,1885.0,1898.4,6190.0,
2025-10-13,NPST,1885.0,1940.0,1880.0,1902.2,7129.0,
2025-10-14,NPST,1922.2,1922.2,1875.1,1886.5,4637.0,
2025-10-15,NPST,1880.0,1960.0,1880.0,1906.3,6159.0,
2025-10-16,NPST,1880.0,1918.9,1880.0,1901.1,6178.0,
2025-10-17,NPST,1882.0,1923.0,1880.1,1891.0,7322.0,
2025-10-20,NPST,1905.1,1995.0,1885.6,1933.4,16003.0,
2025-10-21,NPST,1901.0,2058.0,1901.0,1988.6,9473.0,
2025-10-23,NPST,2008.0,2034.0,1930.0,1940.7,9864.0,
2025-10-24,NPST,1958.8,1979.6,1901.6,1904.4,9044.0,
2025-10-27,NPST,1900.1,1912.4,1813.0,1817.5,27107.0,
2025-10-28,NPST,1820.1,1856.3,1760.0,1797.0,29879.0,
2025-10-29,NPST,1825.0,1872.3,1777.1,1866.2,15874.0,
2025-10-30,NPST,1867.1,1920.0,1851.5,1887.9,9647.0,
2025-10-31,NPST,1906.7,1906.7,1814.5,1856.8,5548.0,
2025-11-03,NPST,1884.7,1884.7,1731.0,1766.0,30179.0,
2025-11-04,NPST,1785.0,1794.0,1738.2,1762.1,9048.0,
2025-11-06,NPST,1790.0,1790.0,1703.1,1758.6,11393.0,
2025-11-07,NPST,1732.2,1774.0,1731.0,1770.0,5810.0,
2025-11-10,NPST,1785.0,1851.1,1780.0,1814.8,11083.0,
2025-11-11,NPST,1814.8,1822.6,1775.4,1807.7,5367.0,
2025-11-12,NPST,1834.6,1840.3,1775.0,1801.3,5113.0,
2025-11-13,NPST,1785.1,1860.2,1750.1,1829.4,23896.0,
2025-11-14,NPST,1800.0,1855.0,1800.0,1816.1,5896.0,
2025-11-17,NPST,1816.1,1817.1,1739.4,1754.7,10918.0,
2025-11-18,NPST,1768.7,1768.7,1689.8,1701.2,12313.0,
2025-11-19,NPST,1711.2,1711.2,1610.0,1619.1,36975.0,
2025-11-20,NPST,1630.0,1662.1,1610.0,1615.6,13841.0,
2025-11-21,NPST,1631.7,1631.7,1590.0,1601.0,16419.0,
2025-11-24,NPST,1601.0,1634.8,1550.0,1560.7,9604.0,
2025-11-25,NPST,1573.3,1629.0,1570.6,1586.1,8183.0,
2025-11-26,NPST,1598.8,1639.9,1594.9,1621.4,28754.0,
2025-11-27,NPST,1640.0,1700.0,1637.0,1657.9,17876.0,
2025-11-28,NPST,1666.1,1666.1,1637.9,1651.8,5768.0,
2025-12-01,NPST,1660.1,1699.0,1556.0,1579.4,22235.0,
2025-12-02,NPST,1587.3,1592.0,1526.1,1537.4,7199.0,
2025-12-03,NPST,1522.0,1563.2,1522.0,1539.2,5822.0,
2025-12-04,NPST,1562.3,1565.8,1495.0,1503.3,10894.0,
2025-12-05,NPST,1501.4,1520.3,1464.1,1479.1,12497.0,
2025-12-08,NPST,1482.0,1509.4,1405.0,1424.3,15869.0,
2025-12-09,NPST,1402.9,1525.0,1402.9,1481.6,17135.0,
2025-12-10,NPST,1493.5,1511.0,1458.0,1474.6,6331.0,
2025-12-11,NPST,1474.6,1501.8,1446.5,1490.2,9642.0,
2025-12-12,NPST,1497.7,1510.0,1422.5,1450.7,8748.0,
2025-12-15,NPST,1462.3,1499.9,1440.1,1477.1,7642.0,
2025-12-16,NPST,1460.0,1490.0,1431.2,1443.9,7434.0,
2025-12-17,NPST,1458.4,1470.0,1416.6,1429.0,5120.0,
2025-12-18,NPST,1459.2,1459.2,1384.1,1400.0,6534.0,
2025-12-19,NPST,1407.7,1416.0,1389.0,1407.6,9726.0,
2025-12-22,NPST,1409.9,1422.0,1395.0,1403.5,7721.0,
2025-12-23,NPST,1404.0,1418.2,1377.0,1382.3,7531.0,
2025-12-24,NPST,1397.6,1429.0,1370.0,1381.8,12311.0,
2025-12-26,NPST,1381.8,1409.9,1345.3,1351.5,11095.0,
2025-12-29,NPST,1370.0,1514.9,1370.0,1466.0,144418.0,
2025-12-30,NPST,1480.0,1480.0,1401.0,1405.3,17524.0,
2025-12-31,NPST,1401.0,1413.9,1375.0,1398.2,11844.0,
2026-01-01,NPST,1419.9,1419.9,1357.1,1366.3,6418.0,
2026-01-02,NPST,1373.2,1421.8,1360.2,1410.0,10600.0,
2026-01-05,NPST,1415.0,1425.0,1380.0,1392.7,11439.0,
2026-01-06,NPST,1409.0,1438.0,1367.5,1415.7,11399.0,
2026-01-07,NPST,1431.8,1431.8,1394.0,1408.6,9069.0,
2026-01-08,NPST,1413.4,1496.6,1413.4,1434.8,45030.0,
2026-01-09,NPST,1446.3,1450.1,1384.5,1399.9,17047.0,
2026-01-12,NPST,1399.9,1399.9,1318.2,1355.6,16496.0,
2026-01-13,NPST,1366.4,1366.4,1287.0,1322.9,29626.0,
2026-01-14,NPST,1329.6,1345.7,1305.2,1326.3,7467.0,
2026-01-16,NPST,1313.0,1422.9,1310.1,1396.9,21273.0,
2026-01-19,NPST,1400.0,1529.9,1382.4,1451.8,135549.0,
2026-01-20,NPST,1450.1,1450.1,1400.0,1400.4,14311.0,
2026-01-21,NPST,1400.0,1420.5,1334.2,1348.4,21214.0,
2026-01-22,NPST,1365.9,1377.6,1300.0,1341.4,15757.0,
2026-01-23,NPST,1330.1,1345.9,1285.0,1294.3,7467.0,
2026-01-27,NPST,1306.0,1311.1,1235.4,1242.8,13360.0,
2026-01-28,NPST,1249.8,1277.8,1214.0,1237.3,11209.0,
2026-01-29,NPST,1243.4,1269.0,1184.8,1212.0,17763.0,
2026-01-30,NPST,1210.0,1230.2,1180.6,1207.2,12941.0,
2026-02-02,NPST,1280.1,1280.1,1144.5,1187.4,16152.0,
2026-02-03,NPST,1240.0,1240.2,1195.0,1199.0,10470.0,
2026-02-04,NPST,1201.3,1255.0,1170.1,1217.2,20525.0,
2026-02-05,NPST,1219.3,1235.0,1188.1,1220.4,7229.0,
2026-02-06,NPST,1210.0,1359.8,1208.6,1281.9,77581.0,
2026-02-09,NPST,1289.9,1478.0,1272.7,1464.6,136706.0,
2026-02-10,NPST,1479.0,1494.7,1410.1,1431.5,38387.0,
2026-02-11,NPST,1432.1,1448.7,1380.0,1392.2,45025.0,
2026-02-12,NPST,1385.0,1385.0,1215.0,1230.8,145377.0,
2026-02-13,NPST,1152.0,1270.0,1152.0,1170.3,118309.0,
2026-02-16,NPST,1179.0,1248.5,1163.6,1175.2,48809.0,
2026-02-17,NPST,1181.0,1215.0,1161.3,1190.4,64347.0,
2026-02-18,NPST,1199.9,1258.0,1194.3,1245.8,55202.0,
2026-02-19,NPST,1190.0,1238.5,1165.0,1177.4,24711.0,
2026-02-20,NPST,1182.1,1220.0,1133.0,1217.1,61296.0,
2026-02-23,NPST,1225.0,1226.8,1133.3,1138.7,63553.0,
2026-02-24,NPST,1147.8,1148.0,1080.0,1130.8,29650.0,
2026-02-25,NPST,1162.5,1171.4,1131.1,1148.0,33973.0,
2026-02-26,NPST,1146.0,1180.0,1033.0,1137.7,184146.0,
2026-02-27,NPST,1146.8,1190.3,1132.4,1168.5,44282.0,
2026-03-02,NPST,1091.0,1150.0,1058.6,1076.2,60414.0,
2026-03-04,NPST,1050.0,1076.8,1036.7,1045.2,29402.0,
2026-03-05,NPST,1049.0,1080.0,1021.8,1070.2,21201.0,
2026-03-06,NPST,1057.9,1075.6,1032.1,1055.8,20771.0,
2026-03-09,NPST,1035.0,1055.0,1001.0,1020.4,14599.0,
2026-03-10,NPST,1040.0,1040.0,1011.2,1024.0,27643.0,
2026-03-11,NPST,1020.8,1040.4,1000.0,1008.2,20565.0,
2026-03-12,NPST,1008.2,1013.8,978.0,984.8,34981.0,
2026-03-13,NPST,970.0,985.0,875.5,890.6,69666.0,
2026-03-16,NPST,898.8,898.8,846.6,878.6,45461.0,
2026-03-17,NPST,875.0,949.0,875.0,932.9,63517.0,
2026-03-18,NPST,940.0,1096.4,940.0,1076.1,236413.0,
2026-03-19,NPST,1050.0,1070.9,1010.0,1032.6,44271.0,
2026-03-20,NPST,1035.0,1148.0,1032.6,1105.9,130311.0,
2026-03-23,NPST,1107.9,1119.0,1050.0,1060.9,86825.0,
2026-03-24,NPST,1079.9,1149.9,1070.0,1094.8,81791.0,
2026-03-25,NPST,1115.5,1160.0,1055.6,1148.8,105701.0,
2026-03-27,NPST,1140.0,1140.0,1061.5,1074.8,63098.0,
2026-03-30,NPST,1070.0,1072.4,951.0,959.3,104242.0,
2026-04-01,NPST,980.0,1151.15,975.05,1117.9,162644.0,
2026-04-02,NPST,1099.0,1139.0,1036.5,1129.65,57516.0,
2026-04-06,NPST,1129.65,1148.0,1090.0,1115.05,30533.0,
2026-04-07,NPST,1115.05,1142.95,1086.05,1132.7,19203.0,
2026-04-08,NPST,1159.2,1249.0,1150.05,1227.85,52695.0,
2026-04-09,NPST,1245.0,1299.55,1224.0,1261.1,59710.0,
2026-04-10,NPST,1259.0,1269.0,1234.55,1246.0,27444.0,
2026-04-13,NPST,1220.05,1246.4,1192.55,1225.2,16181.0,
2026-04-15,NPST,1284.0,1315.0,1240.8,1260.2,27392.0,
2026-04-16,NPST,1260.3,1288.0,1240.0,1247.3,15527.0,
2026-04-17,NPST,1279.6,1300.0,1237.95,1274.35,28988.0,
2026-04-20,NPST,1270.0,1290.0,1255.05,1266.55,11288.0,
2026-04-21,NPST,1286.0,1291.2,1254.1,1265.35,12399.0,
2026-04-22,NPST,1275.0,1275.0,1215.5,1219.5,19157.0,
2026-04-23,NPST,1232.5,1251.4,1202.25,1219.5,16523.0,
2026-04-24,NPST,1237.8,1237.8,1200.7,1212.6,7171.0,
2026-04-27,NPST,1222.95,1255.0,1192.2,1203.6,6995.0,
2026-04-28,NPST,1208.45,1235.05,1185.0,1213.05,15985.0,
2026-04-29,NPST,1229.95,1251.95,1200.0,1207.25,10137.0,
2026-04-30,NPST,1210.05,1220.0,1155.0,1192.85,10542.0,
2026-05-04,NPST,1211.8,1298.3,1195.3,1269.6,33612.0,
2026-05-05,NPST,1276.0,1279.8,1234.0,1241.2,8805.0,
2026-05-06,NPST,1255.0,1268.4,1221.2,1235.7,8710.0,
2026-05-07,NPST,1255.7,1255.7,1229.2,1235.5,9319.0,
2026-05-08,NPST,1235.5,1259.4,1230.1,1244.3,7960.0,
2026-05-11,NPST,1245.0,1253.5,1186.2,1210.5,21596.0,
2026-05-12,NPST,1198.1,1210.6,1118.0,1128.5,24981.0,
2026-05-13,NPST,1145.4,1145.4,1080.1,1086.3,27074.0,
2026-05-14,NPST,1102.6,1114.8,1024.8,1040.1,58075.0,
2026-05-15,NPST,1050.0,1082.9,1011.5,1051.2,43553.0,
2026-05-18,NPST,1053.7,1058.3,1001.0,1016.6,37260.0,
2026-05-19,NPST,1025.5,1061.7,1023.3,1043.0,8468.0,
2026-05-20,NPST,1031.1,1075.0,1004.0,1059.8,17712.0,
2026-05-21,NPST,1058.1,1080.4,1015.1,1035.9,12130.0,
2026-05-22,NPST,1034.6,1059.0,990.9,1021.8,20702.0,
2026-05-25,NPST,1040.2,1050.0,1017.6,1031.2,10409.0,
2026-05-26,NPST,1038.9,1112.8,1028.8,1063.7,38817.0,
2026-05-27,NPST,1040.7,1061.4,1020.0,1027.6,30613.0,
2026-05-29,NPST,1025.0,1200.9,932.8,1155.3,285957.0,
2026-06-01,NPST,1200.0,1245.5,1150.4,1203.0,98356.0,
2026-06-02,NPST,1175.0,1385.0,1160.0,1331.3,343147.0,
2026-06-03,NPST,1351.3,1408.0,1301.3,1389.8,97384.0,
2026-06-04,NPST,1400.0,1478.4,1385.0,1428.6,104574.0,
2026-06-05,NPST,1434.0,1490.0,1408.1,1442.4,54838.0,
2026-06-08,NPST,1402.0,1490.0,1395.1,1468.3,36603.0,
2026-06-09,NPST,1468.3,1598.0,1455.4,1572.8,103888.0,
2026-06-10,NPST,1576.7,1670.7,1576.7,1650.7,79294.0,
2026-06-11,NPST,1650.7,1679.8,1525.0,1531.0,58308.0,
2026-06-12,NPST,1644.0,1689.0,1588.2,1647.5,91349.0,
2026-06-15,NPST,1697.9,1700.0,1644.1,1653.4,36228.0,
2026-06-16,NPST,1669.8,1669.8,1550.0,1556.5,36259.0,
2026-06-17,NPST,1560.9,1632.9,1560.9,1623.9,20053.0,
2026-06-18,NPST,1632.1,1632.1,1576.0,1604.0,17694.0,
2026-06-19,NPST,1611.4,1633.9,1537.7,1572.0,20884.0,
2026-06-22,NPST,1580.0,1599.0,1512.9,1549.2,27172.0,
2026-06-23,NPST,1623.8,1693.8,1590.0,1639.4,106835.0,
2026-06-24,NPST,1647.6,1690.0,1620.0,1630.5,14888.0,
2026-06-25,NPST,1680.0,1680.0,1564.3,1584.9,107776.0,
2026-06-29,NPST,1608.0,1610.0,1561.5,1583.4,8367.0,
2026-06-30,NPST,1585.0,1639.0,1543.1,1618.6,22404.0,
2026-07-01,NPST,1619.2,1650.0,1604.0,1621.8,12090.0,
2026-07-02,NPST,1629.9,1783.9,1622.4,1695.4,128241.0,
2026-07-03,NPST,1699.0,1774.5,1655.5,1744.0,53004.0,
2026-07-06,NPST,1785.0,1785.0,1642.5,1666.2,44133.0,
2026-07-07,NPST,1662.0,1675.9,1609.6,1642.0,20587.0,
2026-07-08,NPST,1626.0,1638.6,1543.5,1571.8,30245.0,
2026-07-09,NPST,1571.8,1643.6,1556.1,1603.2,22023.0,
2026-07-10,NPST,1648.0,1669.4,1603.3,1619.7,13040.0,
2026-07-13,NPST,1619.7,1645.4,1576.3,1594.6,34601.0,
2026-07-14,NPST,1579.0,1597.8,1539.0,1571.8,14304.0,
2026-07-15,NPST,1569.9,1623.6,1562.4,1599.6,11280.0,
2026-07-16,NPST,1618.2,1666.0,1571.2,1633.8,53638.0,
2026-07-17,NPST,1640.1,1641.0,1551.0,1579.9,198397.0,
2026-07-20,NPST,1595.0,1596.0,1505.1,1530.3,46781.0,
2026-07-21,NPST,1522.6,1564.3,1520.0,1546.2,35139.0,
2026-07-22,NPST,1563.7,1582.6,1518.7,1539.1,27526.0,
2026-07-23,NPST,1540.2,1550.0,1500.0,1530.0,18494.0,
2026-07-24,NPST,1520.0,1548.0,1501.1,1519.2,23373.0,
2026-07-27,NPST,1533.9,1584.0,1510.2,1557.1,85342.0,
2026-07-28,NPST,1557.1,1589.0,1541.6,1550.7,25313.0,
2026-07-29,NPST,1573.4,1573.9,1489.1,1545.4,20131.0,
2026-07-30,NPST,1531.0,1539.0,1500.1,1505.2,11842.0,
2026-07-31,NPST,1527.2,1545.0,1499.1,1525.6,12730.0,
2026-08-03,NPST,1560.0,1560.0,1505.0,1523.0,25007.0,
2026-08-04,NPST,1550.0,1559.0,1500.0,1521.2,23141.0,
2026-08-05,NPST,1535.0,1560.0,1505.6,1539.6,58315.0,
2026-08-06,NPST,1533.5,1543.8,1506.0,1511.0,12218.0,
2026-08-07,NPST,1518.6,1525.0,1492.0,1505.4,14118.0,
2026-08-10,NPST,1518.0,1616.0,1484.6,1564.9,109687.0,
2026-08-11,NPST,1569.9,1600.0,1520.1,1535.1,35238.0,
2026-08-12,NPST,1435.0,1575.0,1416.3,1537.2,74068.0,
2026-08-13,NPST,1567.4,1686.9,1530.1,1635.5,152470.0,
2026-08-14,NPST,1648.0,1670.0,1572.0,1586.2,35535.0,
2026-08-17,NPST,1602.7,1679.0,1550.0,1622.8,57087.0,
2026-08-18,NPST,1638.0,1638.0,1540.8,1591.0,39454.0,
2026-08-19,NPST,1615.9,1615.9,1554.6,1594.2,20234.0,
2026-08-20,NPST,1582.5,1630.4,1582.5,1606.9,19960.0,
2026-08-21,NPST,1607.4,1615.0,1581.0,1588.5,8572.0,
2026-08-24,NPST,1588.5,1600.0,1545.6,1561.8,32088.0,
2026-08-25,NPST,1561.8,1638.7,1561.8,1608.0,29517.0,
2026-08-26,NPST,1628.1,1764.8,1615.3,1660.2,297644.0,
2026-08-27,NPST,1660.2,1690.0,1625.3,1638.8,20285.0,
2026-08-28,NPST,1645.0,1746.9,1629.2,1701.1,61681.0,
2026-08-31,NPST,1715.2,1715.5,1651.1,1670.6,19622.0,
2026-09-01,NPST,1670.6,1710.0,1635.2,1655.6,35959.0,
2026-09-02,NPST,1655.6,1753.0,1642.5,1690.0,79415.0,
2026-09-03,NPST,1700.0,1730.0,1666.5,1718.4,80429.0,
2026-09-04,NPST,1720.9,1775.0,1705.0,1718.8,56393.0,
2026-09-07,NPST,1713.8,1746.8,1691.2,1740.4,38352.0,
2026-09-08,NPST,1748.3,1753.5,1692.2,1716.5,22167.0,
2026-09-09,NPST,1743.4,1745.0,1621.0,1680.5,71432.0,
2026-09-10,NPST,1680.5,1742.0,1664.1,1718.5,25134.0,
2026-09-11,NPST,1720.0,1723.1,1663.4,1686.1,20477.0,
2026-09-15,NPST,1698.9,1700.0,1630.0,1639.5,27585.0,
2026-09-16,NPST,1730.0,1934.0,1673.5,1834.6,3028115.0,
2026-09-17,NPST,1855.0,1920.0,1823.4,1854.9,460726.0,
2026-09-18,NPST,1857.1,1899.5,1803.1,1828.5,139085.0,
2026-09-21,NPST,1820.0,1841.8,1770.0,1789.6,67676.0,
2026-09-22,NPST,1792.5,1930.0,1792.5,1888.8,163372.0,
2026-09-23,NPST,1905.3,1905.3,1837.6,1844.7,46146.0,
2026-09-24,NPST,1835.4,1852.2,1775.0,1782.3,54106.0,
2025-09-10,NRL,71.57,71.57,69.01,70.26,30159.0,
2025-09-11,NRL,70.2,71.84,68.55,70.1,19734.0,
2025-09-12,NRL,70.1,72.5,70.1,71.9,48815.0,
2025-09-15,NRL,71.52,78.75,71.52,75.93,254732.0,
2025-09-16,NRL,76.3,76.95,72.36,75.31,64343.0,
2025-09-17,NRL,75.5,76.18,74.1,74.3,86644.0,
2025-09-18,NRL,74.25,80.5,74.25,76.45,317298.0,
2025-09-19,NRL,77.98,79.0,76.51,77.65,95156.0,
2025-09-22,NRL,78.78,78.78,72.1,73.15,97722.0,
2025-09-23,NRL,72.8,75.65,72.8,74.76,50852.0,
2025-09-24,NRL,74.0,78.19,74.0,76.85,83861.0,
2025-09-25,NRL,77.47,78.0,75.19,75.43,29627.0,
2025-09-26,NRL,75.81,76.99,72.0,72.42,54542.0,
2025-09-29,NRL,72.42,76.84,71.1,72.05,81309.0,
2025-09-30,NRL,71.06,74.5,71.06,72.74,28448.0,
2025-10-01,NRL,72.87,73.5,71.3,71.81,49254.0,
2025-10-03,NRL,72.16,73.36,71.13,71.91,40926.0,
2025-10-06,NRL,72.8,72.9,68.8,69.61,119097.0,
2025-10-07,NRL,70.5,71.39,69.45,69.86,52218.0,
2025-10-08,NRL,70.9,70.9,68.0,68.74,64159.0,
2025-10-09,NRL,69.0,70.15,68.11,69.13,76006.0,
2025-10-10,NRL,68.55,71.18,68.55,70.86,32640.0,
2025-10-13,NRL,71.75,71.75,67.3,67.96,119322.0,
2025-10-14,NRL,67.16,68.74,61.99,65.08,126199.0,
2025-10-15,NRL,66.0,66.09,64.99,65.16,34605.0,
2025-10-16,NRL,65.7,69.5,64.51,67.43,74539.0,
2025-10-17,NRL,68.4,68.86,66.52,66.94,22723.0,
2025-10-20,NRL,67.0,67.8,66.25,67.56,26171.0,
2025-10-21,NRL,68.9,70.5,66.8,68.17,15686.0,
2025-10-23,NRL,68.2,69.49,67.06,67.66,26147.0,
2025-10-24,NRL,67.05,69.5,67.05,68.78,35138.0,
2025-10-27,NRL,69.79,69.81,67.1,67.46,79891.0,
2025-10-28,NRL,67.46,68.0,66.75,66.84,21537.0,
2025-10-29,NRL,66.1,68.48,66.1,66.95,85461.0,
2025-10-30,NRL,66.95,71.5,66.6,68.35,208402.0,
2025-10-31,NRL,68.5,69.83,67.52,68.12,100092.0,
2025-11-03,NRL,68.25,68.89,67.24,68.0,78252.0,
2025-11-04,NRL,68.0,69.98,67.32,69.22,84244.0,
2025-11-06,NRL,68.98,69.34,66.5,66.86,45249.0,
2025-11-07,NRL,67.0,67.5,64.51,66.64,49039.0,
2025-11-10,NRL,66.49,67.25,65.25,65.71,38014.0,
2025-11-11,NRL,65.0,66.89,64.83,65.61,40329.0,
2025-11-12,NRL,65.21,66.31,65.21,65.39,27416.0,
2025-11-13,NRL,65.0,66.2,65.0,65.69,25990.0,
2025-11-14,NRL,66.6,67.95,65.7,66.04,36229.0,
2025-11-17,NRL,68.0,68.13,65.12,65.56,32978.0,
2025-11-18,NRL,64.16,65.52,63.06,63.54,73083.0,
2025-11-19,NRL,63.5,64.9,63.5,64.19,60499.0,
2025-11-20,NRL,64.19,66.88,63.51,63.56,56889.0,
2025-11-21,NRL,63.99,64.87,61.72,62.24,67699.0,
2025-11-24,NRL,60.6,63.35,60.6,61.62,75824.0,
2025-11-25,NRL,63.5,63.5,61.05,61.56,62240.0,
2025-11-26,NRL,62.99,62.99,61.34,62.17,83932.0,
2025-11-27,NRL,63.41,63.87,61.75,61.85,58336.0,
2025-11-28,NRL,61.01,62.58,61.01,61.93,55120.0,
2025-12-01,NRL,63.79,63.79,59.8,60.52,101614.0,
2025-12-02,NRL,60.52,61.97,59.99,60.23,84634.0,
2025-12-03,NRL,61.0,61.49,60.1,60.79,39980.0,
2025-12-04,NRL,62.35,62.35,59.6,59.76,29073.0,
2025-12-05,NRL,61.99,61.99,58.17,58.25,61805.0,
2025-12-08,NRL,58.0,59.73,56.81,57.6,60822.0,
2025-12-09,NRL,57.0,58.0,55.8,56.6,65473.0,
2025-12-10,NRL,57.85,58.0,56.11,57.48,60300.0,
2025-12-11,NRL,59.8,59.89,56.99,58.55,64605.0,
2025-12-12,NRL,59.5,60.9,58.55,60.37,66399.0,
2025-12-15,NRL,59.5,60.79,59.07,59.37,24618.0,
2025-12-16,NRL,61.4,61.4,58.0,58.21,33261.0,
2025-12-17,NRL,59.8,59.8,57.2,57.76,15973.0,
2025-12-18,NRL,58.92,58.92,57.02,57.3,12081.0,
2025-12-19,NRL,58.32,58.39,57.32,57.95,13562.0,
2025-12-22,NRL,57.05,58.72,56.4,56.65,58469.0,
2025-12-23,NRL,57.95,57.95,56.5,57.05,44458.0,
2025-12-24,NRL,57.05,57.89,56.68,57.01,37282.0,
2025-12-26,NRL,59.9,59.9,57.14,57.54,26172.0,
2025-12-29,NRL,58.0,58.26,56.51,56.77,39955.0,
2025-12-30,NRL,57.3,57.3,55.3,55.74,66251.0,
2025-12-31,NRL,55.6,57.0,55.6,56.68,27198.0,
2026-01-01,NRL,56.97,57.02,56.37,56.68,17372.0,
2026-01-02,NRL,56.17,57.85,56.16,56.8,25884.0,
2026-01-05,NRL,57.5,57.5,56.51,56.82,22709.0,
2026-01-06,NRL,57.89,58.5,56.75,56.95,58215.0,
2026-01-07,NRL,56.8,57.44,56.36,56.88,29824.0,
2026-01-08,NRL,56.3,57.34,56.3,56.79,36008.0,
2026-01-09,NRL,56.7,56.77,55.5,56.0,51195.0,
2026-01-12,NRL,57.12,57.24,54.3,54.92,45173.0,
2026-01-13,NRL,55.5,55.5,54.26,54.64,22630.0,
2026-01-14,NRL,54.64,54.95,54.02,54.45,28019.0,
2026-01-16,NRL,54.63,54.76,52.8,54.24,85925.0,
2026-01-19,NRL,54.24,54.97,53.52,54.2,20380.0,
2026-01-20,NRL,53.56,54.91,53.06,53.69,80335.0,
2026-01-21,NRL,53.0,54.8,50.8,54.02,98423.0,
2026-01-22,NRL,57.6,57.6,53.0,53.11,38395.0,
2026-01-23,NRL,54.89,56.0,48.8,51.43,367834.0,
2026-01-27,NRL,51.5,53.22,51.5,52.39,37328.0,
2026-01-28,NRL,52.44,53.75,51.35,52.76,22771.0,
2026-01-29,NRL,56.99,56.99,52.2,52.79,42585.0,
2026-01-30,NRL,51.15,53.74,51.15,53.36,42685.0,
2026-02-02,NRL,51.6,53.39,51.6,52.03,25650.0,
2026-02-03,NRL,53.4,54.0,52.4,53.1,23148.0,
2026-02-04,NRL,52.12,54.0,52.12,53.51,18964.0,
2026-02-05,NRL,54.0,54.83,52.32,52.9,34171.0,
2026-02-06,NRL,52.56,53.44,52.25,52.68,14072.0,
2026-02-09,NRL,54.85,54.85,52.89,53.37,14522.0,
2026-02-10,NRL,53.05,53.88,52.55,53.03,22081.0,
2026-02-11,NRL,53.0,53.79,52.81,53.07,17484.0,
2026-02-12,NRL,52.6,56.68,52.6,55.08,56511.0,
2026-02-13,NRL,56.49,56.49,53.91,54.84,25684.0,
2026-02-16,NRL,53.77,54.44,50.81,52.36,29628.0,
2026-02-17,NRL,52.36,53.48,51.8,53.13,22145.0,
2026-02-18,NRL,53.47,54.29,52.3,53.04,43125.0,
2026-02-19,NRL,53.55,53.55,51.95,52.52,40657.0,
2026-02-20,NRL,52.5,54.4,52.3,53.46,31340.0,
2026-02-23,NRL,52.4,53.57,52.11,52.5,59053.0,
2026-02-24,NRL,54.49,54.49,51.51,51.78,31578.0,
2026-02-25,NRL,51.05,52.61,51.0,51.92,39275.0,
2026-02-26,NRL,54.2,54.2,51.21,51.34,28616.0,
2026-02-27,NRL,52.44,53.98,51.11,53.1,56515.0,
2026-03-02,NRL,50.7,53.1,50.68,52.54,52351.0,
2026-03-04,NRL,50.55,52.22,50.0,51.86,37368.0,
2026-03-05,NRL,52.6,52.8,51.5,52.0,23364.0,
2026-03-06,NRL,51.74,52.8,51.02,52.44,18948.0,
2026-03-09,NRL,50.5,52.8,50.5,51.11,24734.0,
2026-03-10,NRL,52.2,52.2,49.42,51.0,64639.0,
2026-03-11,NRL,51.11,51.47,50.51,50.79,20568.0,
2026-03-12,NRL,51.97,51.97,50.5,51.03,18719.0,
2026-03-13,NRL,51.5,51.5,49.0,50.34,27526.0,
2026-03-16,NRL,49.66,52.5,48.12,51.57,158842.0,
2026-03-17,NRL,52.85,52.85,50.02,50.15,40286.0,
2026-03-18,NRL,50.0,51.85,50.0,51.13,44552.0,
2026-03-19,NRL,51.13,51.5,49.32,49.5,39668.0,
2026-03-20,NRL,52.18,52.18,49.36,50.04,61080.0,
2026-03-23,NRL,49.6,51.16,46.2,47.26,86883.0,
2026-03-24,NRL,49.5,49.88,47.1,47.68,73390.0,
2026-03-25,NRL,47.55,49.03,47.2,47.61,68941.0,
2026-03-27,NRL,48.49,48.49,46.03,47.58,157563.0,
2026-03-30,NRL,47.99,48.58,45.1,46.75,257851.0,
2026-04-01,NRL,49.05,49.05,47.03,48.17,24088.0,
2026-04-02,NRL,49.45,49.45,47.73,48.41,18355.0,
2026-04-06,NRL,49.3,49.3,47.0,48.76,35458.0,
2026-04-07,NRL,49.85,49.9,48.52,49.32,23738.0,
2026-04-08,NRL,51.0,51.0,49.51,50.47,46447.0,
2026-04-09,NRL,50.9,50.98,49.96,50.77,11654.0,
2026-04-10,NRL,51.0,51.84,50.73,51.37,33536.0,
2026-04-13,NRL,51.95,54.89,50.34,53.83,50032.0,
2026-04-15,NRL,54.51,55.5,53.63,55.26,74213.0,
2026-04-16,NRL,55.99,56.44,54.75,55.78,66290.0,
2026-04-17,NRL,56.29,57.44,55.0,55.55,87920.0,
2026-04-20,NRL,57.0,57.0,54.21,54.75,34568.0,
2026-04-21,NRL,54.76,56.98,54.25,56.13,45272.0,
2026-04-22,NRL,56.49,57.5,55.13,56.42,60176.0,
2026-04-23,NRL,56.7,57.0,56.11,56.4,21567.0,
2026-04-24,NRL,57.5,57.5,54.0,54.66,19809.0,
2026-04-27,NRL,54.11,55.69,54.11,54.84,37187.0,
2026-04-28,NRL,55.55,55.99,54.44,55.38,34105.0,
2026-04-29,NRL,55.99,55.99,54.89,55.74,22505.0,
2026-04-30,NRL,56.3,57.45,54.84,55.29,85348.0,
2026-05-04,NRL,56.36,57.29,54.5,54.96,26773.0,
2026-05-05,NRL,55.54,55.54,54.63,54.91,11647.0,
2026-05-06,NRL,54.7,55.49,53.73,53.96,36991.0,
2026-05-07,NRL,54.22,57.0,54.22,56.55,76565.0,
2026-05-08,NRL,57.25,57.4,56.0,56.74,68364.0,
2026-05-11,NRL,57.39,57.39,54.2,54.76,49995.0,
2026-05-12,NRL,53.2,54.0,52.11,53.35,37352.0,
2026-05-13,NRL,53.99,56.5,52.52,54.95,73295.0,
2026-05-14,NRL,56.95,56.95,53.22,54.75,38303.0,
2026-05-15,NRL,55.7,55.7,53.36,53.56,36004.0,
2026-05-18,NRL,53.45,53.45,50.8,52.88,54084.0,
2026-05-19,NRL,52.88,54.59,52.26,52.91,32910.0,
2026-05-20,NRL,52.91,53.18,51.71,52.37,14445.0,
2026-05-21,NRL,52.38,53.4,52.0,52.61,23617.0,
2026-05-22,NRL,53.45,53.88,51.1,51.98,55718.0,
2026-05-25,NRL,52.01,54.36,52.01,53.73,30839.0,
2026-05-26,NRL,52.5,58.85,52.5,58.08,422296.0,
2026-05-27,NRL,59.15,65.0,58.0,63.16,811340.0,
2026-05-29,NRL,64.9,68.5,64.11,66.66,674920.0,
2026-06-01,NRL,69.0,69.0,66.0,66.87,146636.0,
2026-06-02,NRL,67.85,67.85,64.21,65.57,131892.0,
2026-06-03,NRL,66.81,73.4,65.55,71.51,277787.0,
2026-06-04,NRL,70.1,72.9,70.1,72.01,124247.0,
2026-06-05,NRL,72.01,72.75,69.1,70.62,72734.0,
2026-06-08,NRL,70.0,77.7,67.55,74.45,394212.0,
2026-06-09,NRL,74.4,77.0,72.1,76.19,164902.0,
2026-06-10,NRL,77.15,78.94,74.2,75.27,228038.0,
2026-06-11,NRL,75.56,76.24,73.61,75.12,127776.0,
2026-06-12,NRL,75.24,77.0,74.5,74.57,133426.0,
2026-06-15,NRL,74.6,78.0,74.6,75.73,87937.0,
2026-06-16,NRL,76.3,79.0,74.6,78.36,145103.0,
2026-06-17,NRL,77.97,79.9,75.55,76.61,105896.0,
2026-06-18,NRL,75.0,79.2,73.0,79.1,272824.0,
2026-06-19,NRL,79.9,80.9,79.0,79.74,73253.0,
2026-06-22,NRL,80.0,83.72,79.5,83.36,179514.0,
2026-06-23,NRL,84.98,84.98,81.1,82.75,115453.0,
2026-06-24,NRL,82.45,84.45,79.0,83.74,102155.0,
2026-06-25,NRL,84.95,84.95,82.0,83.01,135342.0,
2026-06-29,NRL,84.5,84.5,83.0,83.91,73094.0,
2026-06-30,NRL,84.74,84.95,81.55,83.7,63557.0,
2026-07-01,NRL,84.2,85.87,83.6,85.3,109487.0,
2026-07-02,NRL,85.1,88.9,84.3,88.21,132095.0,
2026-07-03,NRL,89.9,92.62,89.9,92.57,232421.0,
2026-07-06,NRL,94.96,97.0,92.1,95.75,135037.0,
2026-07-07,NRL,96.84,99.38,94.2,97.56,147044.0,
2026-07-08,NRL,99.0,99.0,93.0,96.28,190716.0,
2026-07-09,NRL,96.0,98.5,95.5,96.11,67582.0,
2026-07-10,NRL,95.63,100.9,95.6,100.29,386489.0,
2026-07-13,NRL,105.3,105.3,101.29,105.3,169663.0,
2026-07-14,NRL,107.99,110.0,103.0,109.68,173336.0,
2026-07-15,NRL,110.39,114.0,106.0,110.11,151243.0,
2026-07-16,NRL,107.61,111.95,106.0,107.9,63851.0,
2026-07-17,NRL,110.0,110.0,102.65,107.84,104598.0,
2026-07-20,NRL,107.84,111.85,102.45,110.1,189807.0,
2026-07-21,NRL,107.9,111.0,105.9,110.02,144280.0,
2026-07-22,NRL,107.82,107.82,107.82,107.82,1427.0,
2026-07-23,NRL,105.67,105.67,105.67,105.67,20958.0,
2026-07-24,NRL,103.56,105.0,103.56,105.0,84516.0,
2026-07-27,NRL,105.0,105.0,103.1,103.1,64455.0,
2026-07-28,NRL,101.04,102.0,101.04,102.0,131870.0,
2026-07-29,NRL,102.0,103.3,102.0,103.3,68690.0,
2026-07-30,NRL,103.0,104.5,103.0,104.5,52626.0,
2026-07-31,NRL,104.5,106.59,104.5,106.59,27861.0,
2026-08-03,NRL,108.72,108.72,108.72,108.72,42236.0,
2026-08-04,NRL,108.99,110.89,108.99,110.89,56716.0,
2026-08-05,NRL,113.1,113.1,112.5,113.1,60758.0,
2026-08-06,NRL,115.36,115.36,115.36,115.36,39063.0,
2026-08-07,NRL,117.66,117.66,115.99,116.9,139921.0,
2026-08-10,NRL,114.57,115.02,114.57,115.02,111173.0,
2026-08-11,NRL,114.0,117.32,114.0,117.32,79995.0,
2026-08-12,NRL,118.0,118.0,115.0,115.25,23933.0,
2026-08-13,NRL,117.0,117.0,117.0,117.0,46219.0,
2026-08-14,NRL,116.9,117.0,116.0,117.0,47212.0,
2026-08-17,NRL,115.0,116.0,114.66,116.0,29663.0,
2026-08-18,NRL,116.0,116.0,115.0,115.0,63961.0,
2026-08-19,NRL,114.0,114.0,113.0,113.1,18566.0,
2026-08-20,NRL,113.1,115.36,113.1,115.36,38910.0,
2026-08-21,NRL,117.66,117.66,117.66,117.66,47883.0,
2026-08-24,NRL,119.9,120.01,119.9,120.01,96266.0,
2026-08-25,NRL,120.05,122.41,120.05,122.41,117862.0,
2026-08-26,NRL,123.4,123.55,122.5,123.55,62620.0,
2026-08-27,NRL,122.8,125.0,122.8,125.0,101311.0,
2026-08-28,NRL,125.0,125.0,124.8,125.0,48524.0,
2026-08-31,NRL,124.0,124.0,122.5,122.5,65909.0,
2026-09-01,NRL,120.5,120.5,120.05,120.05,32512.0,
2026-09-02,NRL,120.05,122.0,120.05,122.0,159039.0,
2026-09-03,NRL,124.44,124.44,124.44,124.44,129262.0,
2026-09-04,NRL,126.92,126.92,126.92,126.92,109113.0,
2026-09-07,NRL,129.5,133.26,125.0,132.78,251730.0,
2026-09-08,NRL,135.5,137.79,126.15,130.46,112645.0,
2026-09-09,NRL,128.0,133.0,128.0,129.5,45722.0,
2026-09-10,NRL,129.5,135.97,128.2,134.84,115844.0,
2026-09-11,NRL,134.84,138.0,132.0,133.06,39928.0,
2026-09-15,NRL,127.0,136.5,126.41,135.35,118553.0,
2026-09-16,NRL,136.0,139.0,128.59,133.98,80531.0,
2026-09-17,NRL,133.0,138.0,130.98,137.13,56822.0,
2026-09-18,NRL,136.73,143.98,132.9,143.67,210713.0,
2026-09-21,NRL,144.1,150.85,144.1,150.81,157824.0,
2026-09-22,NRL,155.0,158.35,152.0,158.35,290325.0,
2026-09-23,NRL,163.9,166.26,163.69,166.26,78481.0,
2026-09-24,NRL,167.26,167.26,165.0,165.0,147046.0,
2025-09-10,NURECA,252.79,256.9,251.62,254.3,8235.0,
2025-09-11,NURECA,255.5,278.4,250.22,256.8,56078.0,
2025-09-12,NURECA,256.8,261.99,256.8,258.89,8165.0,
2025-09-15,NURECA,258.31,269.0,257.6,265.92,15157.0,
2025-09-16,NURECA,268.7,268.7,253.0,255.0,27059.0,
2025-09-17,NURECA,253.0,256.3,252.0,252.19,9806.0,
2025-09-18,NURECA,253.45,254.1,250.5,251.8,9108.0,
2025-09-19,NURECA,253.1,253.73,250.0,252.43,9813.0,
2025-09-22,NURECA,251.5,254.94,238.7,239.69,42502.0,
2025-09-23,NURECA,240.0,242.1,235.0,235.74,25904.0,
2025-09-24,NURECA,237.0,242.99,231.46,233.14,15803.0,
2025-09-25,NURECA,231.5,234.14,231.0,231.45,7406.0,
2025-09-26,NURECA,229.3,232.56,226.25,228.34,8505.0,
2025-09-29,NURECA,226.01,234.58,226.0,227.9,12059.0,
2025-09-30,NURECA,229.05,235.0,226.5,230.48,8357.0,
2025-10-01,NURECA,229.0,232.0,229.0,230.78,2489.0,
2025-10-03,NURECA,230.0,243.13,230.0,238.28,15958.0,
2025-10-06,NURECA,238.0,240.25,230.0,234.9,9285.0,
2025-10-07,NURECA,239.8,239.8,231.22,235.09,6401.0,
2025-10-08,NURECA,239.0,239.0,231.0,233.18,6486.0,
2025-10-09,NURECA,232.2,236.97,229.0,230.09,8982.0,
2025-10-10,NURECA,231.3,238.93,230.0,232.33,14825.0,
2025-10-13,NURECA,232.33,239.9,226.84,236.87,19868.0,
2025-10-14,NURECA,238.09,239.5,232.1,234.21,9307.0,
2025-10-15,NURECA,235.4,240.79,230.21,237.62,9772.0,
2025-10-16,NURECA,237.62,249.5,235.0,242.43,34076.0,
2025-10-17,NURECA,269.99,290.91,261.2,289.22,844529.0,
2025-10-20,NURECA,303.0,343.0,298.9,332.62,1057955.0,
2025-10-21,NURECA,329.99,329.99,307.6,319.24,88842.0,
2025-10-23,NURECA,320.89,338.64,303.65,317.86,230371.0,
2025-10-24,NURECA,324.56,327.29,302.99,305.69,66523.0,
2025-10-27,NURECA,320.0,324.1,304.39,312.08,139479.0,
2025-10-28,NURECA,312.07,312.41,283.05,286.78,112090.0,
2025-10-29,NURECA,290.8,290.82,259.1,262.1,315102.0,
2025-10-30,NURECA,260.0,269.0,258.0,265.73,26615.0,
2025-10-31,NURECA,268.0,268.95,260.0,261.5,14775.0,
2025-11-03,NURECA,260.0,260.05,251.0,255.55,9712.0,
2025-11-04,NURECA,259.9,260.0,255.75,258.3,11709.0,
2025-11-06,NURECA,266.0,271.2,263.0,271.2,50321.0,
2025-11-07,NURECA,278.45,284.75,271.2,284.75,79509.0,
2025-11-10,NURECA,284.75,293.0,272.65,278.3,30799.0,
2025-11-11,NURECA,282.0,282.0,270.0,272.6,8742.0,
2025-11-12,NURECA,273.95,276.0,270.1,272.8,7150.0,
2025-11-13,NURECA,270.0,273.6,265.0,268.35,9260.0,
2025-11-14,NURECA,266.0,273.5,266.0,272.3,7951.0,
2025-11-17,NURECA,266.55,273.0,266.55,269.65,7844.0,
2025-11-18,NURECA,268.0,273.7,264.5,265.95,4966.0,
2025-11-19,NURECA,265.0,268.0,263.3,263.9,4170.0,
2025-11-20,NURECA,268.75,268.75,258.1,259.6,5002.0,
2025-11-21,NURECA,259.6,263.9,254.05,254.9,5055.0,
2025-11-24,NURECA,259.3,259.3,248.85,250.4,6044.0,
2025-11-25,NURECA,247.0,256.75,247.0,250.25,3300.0,
2025-11-26,NURECA,262.75,262.75,262.75,262.75,4682.0,
2025-11-27,NURECA,271.8,275.85,265.0,275.85,24000.0,
2025-11-28,NURECA,280.0,289.6,280.0,289.6,35674.0,
2025-12-01,NURECA,294.0,304.0,292.0,297.55,48107.0,
2025-12-02,NURECA,294.65,302.1,283.55,294.6,38195.0,
2025-12-03,NURECA,295.0,304.2,294.1,299.8,33857.0,
2025-12-04,NURECA,303.0,308.0,299.1,305.65,41254.0,
2025-12-05,NURECA,308.0,308.9,304.55,305.5,28614.0,
2025-12-08,NURECA,308.9,308.9,295.0,305.55,47942.0,
2025-12-09,NURECA,305.0,307.9,301.05,306.7,36215.0,
2025-12-10,NURECA,307.7,315.0,306.0,312.25,40781.0,
2025-12-11,NURECA,313.45,315.0,305.0,313.1,91898.0,
2025-12-12,NURECA,305.05,307.8,297.45,297.45,28040.0,
2025-12-15,NURECA,295.1,295.1,282.6,282.6,23212.0,
2025-12-16,NURECA,281.9,281.9,270.5,274.5,40394.0,
2025-12-17,NURECA,280.1,287.95,277.55,282.25,26039.0,
2025-12-18,NURECA,289.0,289.0,279.3,281.85,14663.0,
2025-12-19,NURECA,283.0,288.0,275.0,283.75,22459.0,
2025-12-22,NURECA,285.0,288.95,282.0,287.15,13028.0,
2025-12-23,NURECA,290.85,290.85,282.25,284.8,20925.0,
2025-12-24,NURECA,286.25,287.6,280.5,284.75,17554.0,
2025-12-26,NURECA,284.0,298.95,282.3,284.85,28335.0,
2025-12-29,NURECA,282.5,285.75,278.85,283.75,14068.0,
2025-12-30,NURECA,288.9,297.5,285.75,293.3,28531.0,
2025-12-31,NURECA,294.0,307.95,294.0,307.95,19668.0,
2026-01-01,NURECA,316.0,317.95,306.65,310.8,36494.0,
2026-01-02,NURECA,316.9,317.95,301.1,302.7,13079.0,
2026-01-05,NURECA,303.0,303.05,295.85,298.2,9105.0,
2026-01-06,NURECA,300.0,303.05,295.85,296.5,8300.0,
2026-01-07,NURECA,295.9,302.4,288.2,296.3,18900.0,
2026-01-08,NURECA,295.2,298.45,291.9,292.7,8976.0,
2026-01-09,NURECA,296.25,296.5,280.5,282.8,20523.0,
2026-01-12,NURECA,285.0,285.0,271.15,279.5,17082.0,
2026-01-13,NURECA,275.0,292.8,272.45,284.05,16445.0,
2026-01-14,NURECA,284.05,298.25,280.95,297.0,35879.0,
2026-01-16,NURECA,300.0,311.85,287.7,311.85,48222.0,
2026-01-19,NURECA,327.4,327.4,314.0,326.85,130409.0,
2026-01-20,NURECA,330.4,334.5,310.55,310.55,54369.0,
2026-01-21,NURECA,308.0,315.95,296.05,299.35,27840.0,
2026-01-22,NURECA,293.05,304.95,288.0,290.6,16706.0,
2026-01-23,NURECA,290.6,299.95,278.0,281.85,27205.0,
2026-01-27,NURECA,281.85,282.15,270.0,277.8,19657.0,
2026-01-28,NURECA,279.0,289.8,278.85,285.9,11859.0,
2026-01-29,NURECA,289.95,295.6,275.0,279.3,21391.0,
2026-01-30,NURECA,272.1,283.8,272.1,277.85,14014.0,
2026-02-02,NURECA,275.0,284.75,265.15,274.4,21733.0,
2026-02-03,NURECA,285.0,285.0,271.95,277.15,13764.0,
2026-02-04,NURECA,280.4,284.0,277.1,282.3,11568.0,
2026-02-05,NURECA,282.3,287.4,276.55,281.15,4967.0,
2026-02-06,NURECA,284.25,284.35,271.0,277.0,10766.0,
2026-02-09,NURECA,281.9,296.5,276.3,289.85,22598.0,
2026-02-10,NURECA,282.3,297.8,282.3,290.1,12455.0,
2026-02-11,NURECA,290.1,294.0,281.05,283.05,20775.0,
2026-02-12,NURECA,283.2,292.0,280.05,285.5,9305.0,
2026-02-13,NURECA,280.0,287.0,278.0,281.45,25069.0,
2026-02-16,NURECA,284.45,284.55,276.55,282.3,13122.0,
2026-02-17,NURECA,281.6,287.6,281.6,284.7,4478.0,
2026-02-18,NURECA,284.7,290.25,281.1,287.85,11168.0,
2026-02-19,NURECA,287.85,296.0,283.0,285.3,13083.0,
2026-02-20,NURECA,282.1,296.95,282.1,291.8,18295.0,
2026-02-23,NURECA,286.1,296.8,286.05,288.9,7076.0,
2026-02-24,NURECA,294.0,305.0,286.05,300.35,36832.0,
2026-02-25,NURECA,302.0,307.0,287.55,290.95,13378.0,
2026-02-26,NURECA,295.95,304.85,290.8,299.65,22346.0,
2026-02-27,NURECA,297.7,301.8,292.0,295.2,28136.0,
2026-03-02,NURECA,289.2,295.15,280.05,282.25,26228.0,
2026-03-04,NURECA,282.25,282.25,266.25,272.05,26155.0,
2026-03-05,NURECA,285.0,285.0,268.4,275.7,14357.0,
2026-03-06,NURECA,276.75,278.45,270.0,271.55,13012.0,
2026-03-09,NURECA,271.1,273.45,255.55,262.65,12527.0,
2026-03-10,NURECA,268.0,271.7,259.15,263.35,11718.0,
2026-03-11,NURECA,266.0,270.4,255.55,260.35,20525.0,
2026-03-12,NURECA,260.35,270.0,255.0,267.9,14647.0,
2026-03-13,NURECA,265.05,271.0,256.2,257.45,8742.0,
2026-03-16,NURECA,259.05,262.25,242.0,246.2,24759.0,
2026-03-17,NURECA,246.2,255.45,243.9,247.05,16719.0,
2026-03-18,NURECA,249.4,254.9,243.0,248.4,30192.0,
2026-03-19,NURECA,248.45,248.45,240.0,241.3,6278.0,
2026-03-20,NURECA,241.4,246.2,236.6,237.75,16740.0,
2026-03-23,NURECA,237.75,239.0,220.6,222.5,26666.0,
2026-03-24,NURECA,224.05,233.5,212.0,229.2,26774.0,
2026-03-25,NURECA,229.2,236.5,229.2,233.4,15743.0,
2026-03-27,NURECA,227.1,231.2,213.0,216.25,29288.0,
2026-03-30,NURECA,217.25,221.0,204.0,206.75,34184.0,
2026-04-01,NURECA,208.05,227.42,208.05,227.42,10575.0,
2026-04-02,NURECA,216.0,242.0,216.0,237.8,18665.0,
2026-04-06,NURECA,245.0,245.0,233.0,240.85,8238.0,
2026-04-07,NURECA,235.68,243.16,235.0,238.56,11839.0,
2026-04-08,NURECA,246.0,259.89,244.58,255.3,13424.0,
2026-04-09,NURECA,259.34,259.34,248.37,254.91,7040.0,
2026-04-10,NURECA,254.78,265.0,252.01,261.42,12060.0,
2026-04-13,NURECA,260.0,260.6,249.93,254.35,12639.0,
2026-04-15,NURECA,264.0,270.0,260.4,261.6,11678.0,
2026-04-16,NURECA,269.0,269.0,258.0,262.46,7896.0,
2026-04-17,NURECA,264.9,266.53,260.72,263.83,7412.0,
2026-04-20,NURECA,262.35,267.0,257.01,259.51,6305.0,
2026-04-21,NURECA,259.51,266.84,256.13,258.59,6381.0,
2026-04-22,NURECA,258.59,271.08,258.37,269.85,10382.0,
2026-04-23,NURECA,274.9,274.9,262.0,267.3,11911.0,
2026-04-24,NURECA,274.7,274.7,261.31,268.86,8795.0,
2026-04-27,NURECA,268.26,269.52,264.1,265.8,5216.0,
2026-04-28,NURECA,265.06,274.15,262.03,266.24,15516.0,
2026-04-29,NURECA,271.95,271.95,262.05,266.26,14787.0,
2026-04-30,NURECA,262.2,270.39,262.15,266.51,3953.0,
2026-05-04,NURECA,265.45,272.0,258.95,260.25,21165.0,
2026-05-05,NURECA,262.85,294.15,260.0,280.8,34981.0,
2026-05-06,NURECA,282.0,287.0,275.0,283.65,20665.0,
2026-05-07,NURECA,285.8,296.0,284.0,289.95,16776.0,
2026-05-08,NURECA,291.0,300.0,284.8,293.15,12841.0,
2026-05-11,NURECA,294.0,294.0,281.55,288.45,10228.0,
2026-05-12,NURECA,288.45,288.45,271.05,271.75,20345.0,
2026-05-13,NURECA,271.05,283.4,269.0,276.85,18155.0,
2026-05-14,NURECA,283.0,283.0,269.7,271.25,10546.0,
2026-05-15,NURECA,271.25,276.25,270.5,273.0,4435.0,
2026-05-18,NURECA,271.5,271.6,267.55,269.25,5830.0,
2026-05-19,NURECA,272.9,279.9,271.55,276.45,5330.0,
2026-05-20,NURECA,274.5,276.85,270.3,272.65,4169.0,
2026-05-21,NURECA,271.4,279.45,271.2,271.8,7730.0,
2026-05-22,NURECA,272.3,274.0,270.65,272.2,4149.0,
2026-05-25,NURECA,279.65,279.65,270.55,273.35,5010.0,
2026-05-26,NURECA,273.0,277.7,273.0,274.35,5308.0,
2026-05-27,NURECA,274.55,276.35,270.85,272.15,5480.0,
2026-05-29,NURECA,274.95,287.05,272.4,281.45,17255.0,
2026-06-01,NURECA,232.3,249.6,232.3,240.05,125362.0,
2026-06-02,NURECA,236.0,244.65,235.1,237.25,21155.0,
2026-06-03,NURECA,237.25,240.1,232.3,234.9,14196.0,
2026-06-04,NURECA,235.0,238.5,231.35,232.5,19000.0,
2026-06-05,NURECA,234.4,237.45,234.2,236.2,6389.0,
2026-06-08,NURECA,234.2,239.95,228.1,229.25,12236.0,
2026-06-09,NURECA,234.95,234.95,230.95,231.8,6774.0,
2026-06-10,NURECA,232.2,238.5,228.05,229.7,13170.0,
2026-06-11,NURECA,228.05,232.2,226.55,230.5,7756.0,
2026-06-12,NURECA,230.5,233.45,230.0,232.1,5053.0,
2026-06-15,NURECA,245.45,245.45,232.3,235.65,15396.0,
2026-06-16,NURECA,239.0,241.0,234.4,238.4,9470.0,
2026-06-17,NURECA,238.4,240.9,235.0,239.05,9014.0,
2026-06-18,NURECA,236.55,239.8,235.15,238.85,6702.0,
2026-06-19,NURECA,237.0,239.0,235.4,237.05,5168.0,
2026-06-22,NURECA,242.0,242.5,236.25,238.6,6855.0,
2026-06-23,NURECA,236.25,243.65,235.1,236.8,8605.0,
2026-06-24,NURECA,238.75,241.1,234.0,238.6,9171.0,
2026-06-25,NURECA,237.6,242.0,236.3,240.3,7148.0,
2026-06-29,NURECA,236.55,243.1,233.35,234.8,6491.0,
2026-06-30,NURECA,236.05,239.9,234.3,237.4,5867.0,
2026-07-01,NURECA,239.81,241.0,235.0,235.75,4937.0,
2026-07-02,NURECA,241.0,241.0,231.01,233.96,9853.0,
2026-07-03,NURECA,234.08,238.7,228.0,228.96,45684.0,
2026-07-06,NURECA,234.0,234.0,228.0,229.04,7145.0,
2026-07-07,NURECA,230.01,234.0,224.02,227.51,9905.0,
2026-07-08,NURECA,228.95,229.0,225.03,226.23,6510.0,
2026-07-09,NURECA,227.4,231.77,226.95,230.08,6507.0,
2026-07-10,NURECA,230.0,235.01,228.93,233.18,7735.0,
2026-07-13,NURECA,236.7,254.9,233.2,245.57,32415.0,
2026-07-14,NURECA,245.57,294.68,244.9,275.07,504015.0,
2026-07-15,NURECA,272.0,287.5,269.15,271.4,85935.0,
2026-07-16,NURECA,272.0,274.4,265.81,271.58,24829.0,
2026-07-17,NURECA,274.8,281.7,261.2,279.79,55390.0,
2026-07-20,NURECA,279.0,284.0,275.55,282.46,34036.0,
2026-07-21,NURECA,282.46,295.0,276.0,292.19,40148.0,
2026-07-22,NURECA,324.99,331.89,304.02,311.13,579742.0,
2026-07-23,NURECA,302.25,316.39,295.15,296.76,73411.0,
2026-07-24,NURECA,295.3,309.68,290.12,301.64,43709.0,
2026-07-27,NURECA,306.16,317.9,300.61,315.7,41738.0,
2026-07-28,NURECA,314.0,319.0,306.01,311.76,18993.0,
2026-07-29,NURECA,313.92,328.0,311.9,326.79,43634.0,
2026-07-30,NURECA,322.5,327.59,317.31,322.21,15318.0,
2026-07-31,NURECA,326.33,347.45,320.41,343.6,60717.0,
2026-08-03,NURECA,332.2,346.6,327.0,333.4,36669.0,
2026-08-04,NURECA,335.55,335.55,325.0,326.05,14971.0,
2026-08-05,NURECA,329.0,348.0,327.0,343.95,31057.0,
2026-08-06,NURECA,339.0,354.0,335.85,338.65,34037.0,
2026-08-07,NURECA,334.4,348.0,332.55,342.6,24122.0,
2026-08-10,NURECA,339.9,345.0,326.0,334.25,32252.0,
2026-08-11,NURECA,334.25,334.25,317.7,324.1,12596.0,
2026-08-12,NURECA,334.9,340.3,320.1,340.3,19796.0,
2026-08-13,NURECA,340.3,355.0,340.3,344.6,15489.0,
2026-08-14,NURECA,349.5,358.0,345.0,346.3,9598.0,
2026-08-17,NURECA,354.6,355.0,340.0,340.3,6067.0,
2026-08-18,NURECA,349.3,349.3,327.0,329.9,6463.0,
2026-08-19,NURECA,327.75,329.9,316.1,317.0,5128.0,
2026-08-20,NURECA,317.1,326.8,317.1,319.5,2208.0,
2026-08-21,NURECA,327.9,327.9,304.2,306.7,6550.0,
2026-08-24,NURECA,301.1,314.95,296.25,300.4,19234.0,
2026-08-25,NURECA,301.0,309.9,290.2,296.65,12015.0,
2026-08-26,NURECA,295.0,307.9,295.0,304.7,3125.0,
2026-08-27,NURECA,309.0,319.9,302.0,319.9,8506.0,
2026-08-28,NURECA,334.75,335.85,321.1,331.05,14997.0,
2026-08-31,NURECA,336.1,339.45,323.0,331.8,4270.0,
2026-09-01,NURECA,332.45,348.35,324.05,339.0,18296.0,
2026-09-02,NURECA,338.05,338.05,330.3,336.75,1655.0,
2026-09-03,NURECA,333.0,345.55,321.25,332.6,4468.0,
2026-09-04,NURECA,331.9,331.9,320.1,322.7,5556.0,
2026-09-07,NURECA,322.7,325.0,313.1,319.2,2872.0,
2026-09-08,NURECA,320.0,324.9,311.0,318.1,3400.0,
2026-09-09,NURECA,316.55,334.0,316.55,334.0,12839.0,
2026-09-10,NURECA,335.0,350.7,335.0,343.55,21935.0,
2026-09-11,NURECA,343.55,346.95,330.0,332.75,5811.0,
2026-09-15,NURECA,330.0,345.0,322.1,322.2,5712.0,
2026-09-16,NURECA,322.2,338.3,318.0,338.3,12352.0,
2026-09-17,NURECA,339.95,344.9,325.2,332.35,7213.0,
2026-09-18,NURECA,330.0,348.95,327.15,345.95,28818.0,
2026-09-21,NURECA,348.6,355.0,335.0,338.8,9104.0,
2026-09-22,NURECA,338.8,346.0,334.0,336.0,2693.0,
2026-09-23,NURECA,342.4,345.0,333.2,335.6,3503.0,
2026-09-24,NURECA,341.0,346.0,336.0,342.35,8362.0,
2025-09-10,OBCL,58.7,59.5,55.3,56.42,8255.0,
2025-09-11,OBCL,57.25,59.98,55.56,56.92,7829.0,
2025-09-12,OBCL,57.65,57.65,55.61,56.59,4349.0,
2025-09-15,OBCL,55.71,56.99,55.05,56.27,19352.0,
2025-09-16,OBCL,55.31,58.0,55.31,55.78,4125.0,
2025-09-17,OBCL,56.6,59.5,56.01,58.67,24927.0,
2025-09-18,OBCL,58.67,61.9,57.21,57.96,51444.0,
2025-09-19,OBCL,57.1,58.84,57.1,57.59,9144.0,
2025-09-22,OBCL,58.4,59.69,56.3,57.7,26555.0,
2025-09-23,OBCL,57.5,58.55,56.16,56.83,4767.0,
2025-09-24,OBCL,57.2,57.98,56.01,56.28,3531.0,
2025-09-25,OBCL,56.28,57.1,55.1,55.52,68689.0,
2025-09-26,OBCL,56.3,56.3,55.0,55.14,65803.0,
2025-09-29,OBCL,54.6,56.0,54.6,55.82,4436.0,
2025-09-30,OBCL,56.64,56.65,55.0,55.44,10137.0,
2025-10-01,OBCL,55.06,55.97,55.0,55.27,16338.0,
2025-10-03,OBCL,56.1,56.1,55.0,56.01,3260.0,
2025-10-06,OBCL,55.15,56.19,55.0,55.09,5038.0,
2025-10-07,OBCL,55.89,55.9,55.0,55.62,4974.0,
2025-10-08,OBCL,55.12,56.49,55.0,55.16,3325.0,
2025-10-09,OBCL,54.44,55.95,54.44,55.5,2424.0,
2025-10-10,OBCL,56.3,56.3,55.0,55.01,6560.0,
2025-10-13,OBCL,55.02,55.79,54.1,54.7,15886.0,
2025-10-14,OBCL,55.01,55.5,55.0,55.11,8162.0,
2025-10-15,OBCL,55.14,56.0,55.0,55.05,11752.0,
2025-10-16,OBCL,55.06,55.88,55.0,55.06,3539.0,
2025-10-17,OBCL,55.01,55.87,55.0,55.01,7182.0,
2025-10-20,OBCL,55.01,55.28,55.0,55.02,1174.0,
2025-10-21,OBCL,55.02,55.86,55.0,55.25,296.0,
2025-10-23,OBCL,56.0,56.0,55.01,55.38,3810.0,
2025-10-24,OBCL,55.11,55.95,55.01,55.05,2536.0,
2025-10-27,OBCL,54.1,55.75,54.1,55.1,2209.0,
2025-10-28,OBCL,55.74,59.3,55.1,56.82,19670.0,
2025-10-29,OBCL,56.83,57.69,55.21,56.01,4240.0,
2025-10-30,OBCL,56.0,56.9,55.51,55.95,355.0,
2025-10-31,OBCL,56.0,56.0,53.0,55.0,22779.0,
2025-11-03,OBCL,54.4,58.14,54.4,57.25,44490.0,
2025-11-04,OBCL,57.88,57.88,55.4,56.82,4262.0,
2025-11-06,OBCL,56.5,57.2,55.21,56.07,13201.0,
2025-11-07,OBCL,56.07,58.65,55.5,57.18,2555.0,
2025-11-10,OBCL,57.18,57.95,55.42,55.92,6229.0,
2025-11-11,OBCL,55.71,56.05,55.0,55.32,4876.0,
2025-11-12,OBCL,54.14,56.49,54.14,56.07,9424.0,
2025-11-13,OBCL,56.05,56.07,54.2,55.68,31536.0,
2025-11-14,OBCL,55.68,56.89,55.0,56.03,26679.0,
2025-11-17,OBCL,55.5,55.5,54.25,54.99,52913.0,
2025-11-18,OBCL,54.27,55.25,54.27,54.92,7700.0,
2025-11-19,OBCL,54.51,55.19,54.02,54.42,9251.0,
2025-11-20,OBCL,55.96,55.97,53.05,53.29,11445.0,
2025-11-21,OBCL,53.24,55.0,53.24,54.06,7507.0,
2025-11-24,OBCL,54.06,55.42,54.0,54.01,5071.0,
2025-11-25,OBCL,54.02,55.97,54.0,55.14,9487.0,
2025-11-26,OBCL,56.4,58.05,54.99,56.47,26068.0,
2025-11-27,OBCL,56.2,56.75,54.0,55.59,38312.0,
2025-11-28,OBCL,55.07,57.8,55.0,56.54,61578.0,
2025-12-01,OBCL,55.19,56.54,55.19,55.21,5078.0,
2025-12-02,OBCL,55.5,56.0,55.0,55.88,9619.0,
2025-12-03,OBCL,56.3,56.3,55.0,55.86,3930.0,
2025-12-04,OBCL,55.2,55.27,55.0,55.02,6508.0,
2025-12-05,OBCL,55.2,56.0,55.0,55.71,14754.0,
2025-12-08,OBCL,55.05,55.79,55.0,55.0,6314.0,
2025-12-09,OBCL,55.0,55.79,54.99,55.05,9407.0,
2025-12-10,OBCL,55.9,57.9,55.0,56.83,41802.0,
2025-12-11,OBCL,57.7,57.7,55.11,55.24,7683.0,
2025-12-12,OBCL,55.3,56.49,55.25,55.63,2102.0,
2025-12-15,OBCL,55.26,56.29,55.25,55.31,1601.0,
2025-12-16,OBCL,55.2,55.5,55.0,55.03,53032.0,
2025-12-17,OBCL,55.16,55.6,55.0,55.04,23453.0,
2025-12-18,OBCL,55.21,55.74,55.0,55.1,7502.0,
2025-12-19,OBCL,55.1,59.6,55.0,58.29,28837.0,
2025-12-22,OBCL,59.0,59.0,55.31,56.55,1905.0,
2025-12-23,OBCL,56.0,57.0,55.2,56.72,22594.0,
2025-12-24,OBCL,56.0,56.85,55.21,55.25,2553.0,
2025-12-26,OBCL,55.25,55.29,54.65,55.0,25042.0,
2025-12-29,OBCL,55.11,56.37,55.11,55.2,2262.0,
2025-12-30,OBCL,57.0,57.0,55.0,56.36,5132.0,
2025-12-31,OBCL,55.5,56.9,55.0,56.65,4904.0,
2026-01-01,OBCL,56.0,56.5,55.03,55.68,645.0,
2026-01-02,OBCL,55.5,56.6,55.0,55.1,2709.0,
2026-01-05,OBCL,55.0,55.99,55.0,55.0,7590.0,
2026-01-06,OBCL,55.01,56.3,54.9,54.99,13183.0,
2026-01-07,OBCL,56.15,56.15,55.0,55.32,4914.0,
2026-01-08,OBCL,55.98,55.98,55.0,55.0,13090.0,
2026-01-09,OBCL,54.99,56.8,54.99,55.13,15163.0,
2026-01-12,OBCL,54.8,55.45,54.8,55.01,8954.0,
2026-01-13,OBCL,55.06,55.45,55.0,55.01,2182.0,
2026-01-14,OBCL,56.0,57.0,55.01,55.9,39410.0,
2026-01-16,OBCL,55.9,55.9,55.2,55.2,2402.0,
2026-01-19,OBCL,55.21,56.29,55.2,55.21,2478.0,
2026-01-20,OBCL,55.05,55.21,54.97,55.0,11473.0,
2026-01-21,OBCL,53.15,56.5,53.15,55.0,25953.0,
2026-01-22,OBCL,54.2,56.8,53.0,54.92,12644.0,
2026-01-23,OBCL,54.91,56.1,54.2,55.8,10808.0,
2026-01-27,OBCL,55.7,55.7,54.01,54.29,4400.0,
2026-01-28,OBCL,55.4,55.4,54.05,54.56,111506.0,
2026-01-29,OBCL,55.47,55.47,54.06,54.26,7189.0,
2026-01-30,OBCL,54.26,54.26,54.05,54.05,3105.0,
2026-02-02,OBCL,54.15,56.0,54.06,54.99,60380.0,
2026-02-03,OBCL,55.0,55.19,54.05,54.1,3913.0,
2026-02-04,OBCL,54.25,54.5,54.05,54.15,3072.0,
2026-02-05,OBCL,54.18,55.95,54.18,55.15,12836.0,
2026-02-06,OBCL,56.0,56.0,51.8,54.33,4730.0,
2026-02-09,OBCL,54.36,55.69,54.05,54.71,543.0,
2026-02-10,OBCL,56.07,56.07,54.05,54.05,287.0,
2026-02-11,OBCL,54.24,55.5,54.05,55.01,18790.0,
2026-02-12,OBCL,55.01,62.0,55.0,58.73,207816.0,
2026-02-13,OBCL,58.73,60.98,56.55,57.67,23934.0,
2026-02-16,OBCL,57.0,57.0,55.0,55.16,16875.0,
2026-02-17,OBCL,55.16,56.76,55.0,55.32,1472.0,
2026-02-18,OBCL,57.0,57.28,54.93,54.99,12270.0,
2026-02-19,OBCL,55.21,55.89,55.0,55.0,12257.0,
2026-02-20,OBCL,55.22,55.22,55.0,55.0,8649.0,
2026-02-23,OBCL,55.0,55.19,54.99,55.0,67142.0,
2026-02-24,OBCL,55.39,56.0,55.0,55.75,4675.0,
2026-02-25,OBCL,55.01,56.0,55.0,55.01,2864.0,
2026-02-26,OBCL,56.0,56.0,55.0,55.0,3621.0,
2026-02-27,OBCL,55.08,56.7,55.0,55.99,18008.0,
2026-03-02,OBCL,55.99,57.99,54.99,56.17,18460.0,
2026-03-04,OBCL,55.89,61.5,55.0,59.99,12641.0,
2026-03-05,OBCL,61.0,61.0,55.5,55.96,6711.0,
2026-03-06,OBCL,56.8,58.45,55.1,55.6,7933.0,
2026-03-09,OBCL,55.6,55.97,55.01,55.1,4088.0,
2026-03-10,OBCL,53.72,56.01,53.72,55.1,47548.0,
2026-03-11,OBCL,55.43,57.61,55.1,55.55,35332.0,
2026-03-12,OBCL,56.67,56.67,55.1,55.6,47254.0,
2026-03-13,OBCL,55.6,56.11,54.7,55.5,47771.0,
2026-03-16,OBCL,55.03,56.36,55.02,55.58,46529.0,
2026-03-17,OBCL,56.69,56.69,55.05,55.5,44305.0,
2026-03-18,OBCL,56.3,57.9,55.1,57.0,36992.0,
2026-03-19,OBCL,56.03,58.0,56.03,57.06,18429.0,
2026-03-20,OBCL,57.06,59.32,55.26,56.0,8355.0,
2026-03-23,OBCL,55.06,55.51,54.01,54.1,3007.0,
2026-03-24,OBCL,55.0,56.0,54.15,54.52,10493.0,
2026-03-25,OBCL,55.53,56.3,54.5,55.36,55118.0,
2026-03-27,OBCL,57.0,57.0,55.0,55.51,18776.0,
2026-03-30,OBCL,55.26,61.06,55.0,57.24,23447.0,
2026-04-01,OBCL,58.9,60.0,56.1,56.7,1550.0,
2026-04-02,OBCL,56.0,58.9,55.6,56.14,1725.0,
2026-04-06,OBCL,58.9,58.9,55.51,56.11,1146.0,
2026-04-07,OBCL,56.12,56.5,56.08,56.18,1667.0,
2026-04-08,OBCL,57.9,57.9,55.1,55.76,6486.0,
2026-04-09,OBCL,55.76,56.9,55.2,55.33,1318.0,
2026-04-10,OBCL,56.31,56.64,55.1,55.46,3479.0,
2026-04-13,OBCL,55.97,56.0,55.46,55.99,1426.0,
2026-04-15,OBCL,55.99,57.45,55.99,56.99,3387.0,
2026-04-16,OBCL,57.01,57.46,56.4,57.45,1762.0,
2026-04-17,OBCL,57.0,57.0,55.1,56.48,3207.0,
2026-04-20,OBCL,56.81,56.82,54.96,55.1,13240.0,
2026-04-21,OBCL,55.99,56.28,55.21,56.2,1767.0,
2026-04-22,OBCL,56.89,56.89,55.06,56.05,4074.0,
2026-04-23,OBCL,56.97,56.98,55.08,55.61,1485.0,
2026-04-24,OBCL,55.51,56.49,55.5,56.22,2495.0,
2026-04-27,OBCL,55.6,56.78,54.7,55.5,4244.0,
2026-04-28,OBCL,54.71,56.3,54.71,55.55,9645.0,
2026-04-29,OBCL,55.23,55.99,55.1,55.44,3162.0,
2026-04-30,OBCL,56.29,56.29,54.75,54.99,7544.0,
2026-05-04,OBCL,56.07,56.07,54.5,54.86,1334.0,
2026-05-05,OBCL,54.92,56.4,51.2,55.56,11448.0,
2026-05-06,OBCL,55.5,55.99,54.51,55.83,6824.0,
2026-05-07,OBCL,55.83,58.0,53.05,56.87,11744.0,
2026-05-08,OBCL,56.0,56.77,55.21,55.33,2814.0,
2026-05-11,OBCL,56.31,56.31,53.1,55.34,8642.0,
2026-05-12,OBCL,56.25,57.45,54.16,56.18,11798.0,
2026-05-13,OBCL,56.7,56.7,54.0,55.24,7019.0,
2026-05-14,OBCL,55.24,55.46,54.06,55.03,4745.0,
2026-05-15,OBCL,56.3,56.3,53.65,54.12,3994.0,
2026-05-18,OBCL,54.12,54.79,53.1,53.65,3759.0,
2026-05-19,OBCL,55.4,55.4,53.71,54.21,392.0,
2026-05-20,OBCL,54.05,54.9,53.8,53.89,3796.0,
2026-05-21,OBCL,54.05,54.52,53.51,53.75,1803.0,
2026-05-22,OBCL,53.11,54.59,53.11,54.48,1396.0,
2026-05-25,OBCL,54.0,54.97,52.91,53.18,6171.0,
2026-05-26,OBCL,53.18,54.05,53.18,53.18,645.0,
2026-05-27,OBCL,53.18,53.94,51.5,52.21,5067.0,
2026-05-29,OBCL,52.1,53.74,51.65,51.99,5431.0,
2026-06-01,OBCL,51.74,53.47,51.11,52.78,6804.0,
2026-06-02,OBCL,52.99,52.99,51.1,52.03,1428.0,
2026-06-03,OBCL,51.77,51.77,49.0,50.87,9413.0,
2026-06-04,OBCL,52.0,52.0,50.87,50.98,4584.0,
2026-06-05,OBCL,52.3,52.3,51.11,51.15,223.0,
2026-06-08,OBCL,51.15,53.95,51.15,53.73,13416.0,
2026-06-09,OBCL,54.9,59.0,54.5,58.71,59381.0,
2026-06-10,OBCL,58.45,59.0,55.5,57.37,25893.0,
2026-06-11,OBCL,57.2,62.0,56.92,58.77,32772.0,
2026-06-12,OBCL,58.8,61.35,58.55,59.89,19231.0,
2026-06-15,OBCL,59.6,62.0,58.6,59.44,11748.0,
2026-06-16,OBCL,59.1,60.97,54.85,57.26,154929.0,
2026-06-17,OBCL,56.33,60.1,56.33,58.6,36929.0,
2026-06-18,OBCL,58.0,60.0,56.05,56.61,10661.0,
2026-06-19,OBCL,57.0,59.73,55.0,57.88,8507.0,
2026-06-22,OBCL,60.86,60.86,56.15,56.52,70151.0,
2026-06-23,OBCL,56.35,58.0,56.1,57.3,8285.0,
2026-06-24,OBCL,56.42,58.7,56.42,57.48,5170.0,
2026-06-25,OBCL,56.8,57.15,56.5,56.5,859.0,
2026-06-29,OBCL,55.25,56.51,55.25,55.75,9550.0,
2026-06-30,OBCL,55.75,58.95,55.75,56.85,7770.0,
2026-07-01,OBCL,57.94,57.96,55.75,55.75,7075.0,
2026-07-02,OBCL,55.77,57.41,55.75,55.75,2135.0,
2026-07-03,OBCL,57.69,57.69,55.1,55.58,3178.0,
2026-07-06,OBCL,57.99,57.99,54.5,55.34,11721.0,
2026-07-07,OBCL,54.2,56.6,53.11,53.34,29889.0,
2026-07-08,OBCL,53.15,54.05,53.01,53.1,4272.0,
2026-07-09,OBCL,53.1,54.1,53.0,53.84,3692.0,
2026-07-10,OBCL,53.5,53.96,52.26,53.77,3302.0,
2026-07-13,OBCL,53.1,54.77,51.6,53.62,10842.0,
2026-07-14,OBCL,53.0,53.49,51.7,52.25,9667.0,
2026-07-15,OBCL,53.0,53.44,52.07,53.24,5733.0,
2026-07-16,OBCL,53.24,53.84,51.81,52.67,4682.0,
2026-07-17,OBCL,52.67,54.0,52.2,53.45,6869.0,
2026-07-20,OBCL,52.8,53.79,52.8,53.04,1442.0,
2026-07-21,OBCL,53.95,55.5,53.0,53.29,1653.0,
2026-07-22,OBCL,53.03,54.08,52.99,53.0,18119.0,
2026-07-23,OBCL,52.0,53.89,52.0,53.11,1502.0,
2026-07-24,OBCL,53.0,53.77,51.51,52.39,12262.0,
2026-07-27,OBCL,53.05,53.49,52.65,53.35,5694.0,
2026-07-28,OBCL,53.5,53.74,52.6,52.65,272.0,
2026-07-29,OBCL,52.72,53.5,52.15,52.41,3740.0,
2026-07-30,OBCL,52.41,53.39,51.35,52.43,4000.0,
2026-07-31,OBCL,54.25,54.25,52.2,52.68,1453.0,
2026-08-03,OBCL,52.0,53.9,52.0,53.1,65944.0,
2026-08-04,OBCL,53.9,54.29,52.82,53.18,4226.0,
2026-08-05,OBCL,53.95,54.19,52.54,53.5,4471.0,
2026-08-06,OBCL,53.34,55.0,53.0,53.5,9381.0,
2026-08-07,OBCL,53.95,55.0,52.2,53.5,2416.0,
2026-08-10,OBCL,54.79,54.8,53.0,53.48,2449.0,
2026-08-11,OBCL,53.49,53.88,52.11,52.72,55302.0,
2026-08-12,OBCL,52.75,53.82,52.7,53.0,52099.0,
2026-08-13,OBCL,53.1,54.8,53.1,53.5,66103.0,
2026-08-14,OBCL,53.5,54.69,53.5,54.43,2494.0,
2026-08-17,OBCL,54.45,54.45,53.5,53.99,4610.0,
2026-08-18,OBCL,54.0,54.6,53.16,54.0,20269.0,
2026-08-19,OBCL,54.4,54.4,53.75,54.19,53732.0,
2026-08-20,OBCL,55.25,55.25,54.0,54.2,17083.0,
2026-08-21,OBCL,54.99,54.99,54.25,54.25,9488.0,
2026-08-24,OBCL,55.0,59.91,54.5,54.81,100760.0,
2026-08-25,OBCL,54.81,58.0,46.51,56.72,40626.0,
2026-08-26,OBCL,56.0,58.0,55.51,57.68,7471.0,
2026-08-27,OBCL,58.0,58.0,55.7,56.16,3976.0,
2026-08-28,OBCL,56.1,56.1,55.21,55.4,774.0,
2026-08-31,OBCL,53.2,57.9,53.2,54.82,11302.0,
2026-09-01,OBCL,54.83,57.97,54.75,55.04,8158.0,
2026-09-02,OBCL,55.9,55.9,54.7,54.77,7881.0,
2026-09-03,OBCL,55.98,55.98,54.8,54.99,5857.0,
2026-09-04,OBCL,55.13,55.7,55.1,55.19,1073.0,
2026-09-07,OBCL,56.29,56.29,55.0,55.03,4087.0,
2026-09-08,OBCL,55.26,56.5,55.05,55.63,4553.0,
2026-09-09,OBCL,54.51,55.99,54.5,55.98,1427.0,
2026-09-10,OBCL,55.99,56.54,54.94,55.89,4444.0,
2026-09-11,OBCL,56.7,56.7,55.7,55.78,4948.0,
2026-09-15,OBCL,55.79,57.5,55.0,56.58,18533.0,
2026-09-16,OBCL,55.41,57.98,54.02,56.98,18956.0,
2026-09-17,OBCL,59.18,60.2,55.1,55.82,27171.0,
2026-09-18,OBCL,55.82,58.0,55.1,57.02,5689.0,
2026-09-21,OBCL,57.02,59.0,57.01,58.77,8699.0,
2026-09-22,OBCL,58.77,58.77,58.0,58.16,5112.0,
2026-09-23,OBCL,59.6,61.0,59.6,60.27,45135.0,
2026-09-24,OBCL,60.27,60.49,58.1,59.42,16912.0,
2026-04-17,OMPOWER,186.0,195.3,186.0,193.38,2366480.0,
2026-04-20,OMPOWER,198.0,203.04,195.2,203.04,1177265.0,
2026-04-21,OMPOWER,206.0,206.0,192.89,199.69,510701.0,
2026-04-22,OMPOWER,198.0,202.0,195.0,199.87,201424.0,
2026-04-23,OMPOWER,199.1,205.9,195.0,202.81,328949.0,
2026-04-24,OMPOWER,204.99,204.99,197.0,198.77,322448.0,
2026-04-27,OMPOWER,199.0,201.98,195.1,196.49,266818.0,
2026-04-28,OMPOWER,196.0,199.5,193.0,199.05,133270.0,
2026-04-29,OMPOWER,199.48,201.0,196.05,197.7,112409.0,
2026-04-30,OMPOWER,198.76,199.95,191.0,194.27,192282.0,
2026-05-04,OMPOWER,198.5,201.8,190.13,194.2,579224.0,
2026-05-05,OMPOWER,194.0,195.32,190.55,192.66,198486.0,
2026-05-06,OMPOWER,195.0,195.0,188.15,190.68,279254.0,
2026-05-07,OMPOWER,188.68,192.19,186.9,189.05,309905.0,
2026-05-08,OMPOWER,188.5,189.93,177.25,178.58,579165.0,
2026-05-11,OMPOWER,179.49,187.98,176.52,183.87,382389.0,
2026-05-12,OMPOWER,183.87,190.0,180.1,181.25,397829.0,
2026-05-13,OMPOWER,181.0,186.7,177.63,179.09,213632.0,
2026-05-14,OMPOWER,179.09,182.19,175.5,177.4,141492.0,
2026-05-15,OMPOWER,178.9,186.99,178.76,184.75,275440.0,
2026-05-18,OMPOWER,187.39,191.5,182.02,185.21,317945.0,
2026-05-19,OMPOWER,186.23,192.0,183.5,190.08,203279.0,
2026-05-20,OMPOWER,199.99,202.0,191.0,192.44,689309.0,
2026-05-21,OMPOWER,193.5,197.29,193.45,194.81,273345.0,
2026-05-22,OMPOWER,194.0,194.87,189.0,190.74,255617.0,
2026-05-25,OMPOWER,193.0,193.0,188.0,188.98,172337.0,
2026-05-26,OMPOWER,188.98,190.0,185.45,189.15,277806.0,
2026-05-27,OMPOWER,190.0,190.9,168.99,175.92,1082465.0,
2026-05-29,OMPOWER,182.71,182.71,169.0,170.69,705861.0,
2026-06-01,OMPOWER,176.0,178.94,167.4,168.39,421006.0,
2026-06-02,OMPOWER,169.5,171.2,167.13,170.12,166954.0,
2026-06-03,OMPOWER,173.3,174.42,167.0,168.45,708110.0,
2026-06-04,OMPOWER,170.0,171.23,168.19,169.31,555374.0,
2026-06-05,OMPOWER,170.4,189.4,169.03,182.55,1309804.0,
2026-06-08,OMPOWER,184.34,195.75,178.55,183.12,1351668.0,
2026-06-09,OMPOWER,182.75,185.49,180.16,181.08,200565.0,
2026-06-10,OMPOWER,180.95,182.94,174.11,175.09,140559.0,
2026-06-11,OMPOWER,177.0,183.49,172.18,175.31,310678.0,
2026-06-12,OMPOWER,179.94,183.0,174.98,177.96,114207.0,
2026-06-15,OMPOWER,180.6,185.0,177.0,178.96,168011.0,
2026-06-16,OMPOWER,180.0,180.85,176.74,178.77,87300.0,
2026-06-17,OMPOWER,178.77,182.19,176.2,178.38,117453.0,
2026-06-18,OMPOWER,178.31,180.8,176.5,178.38,109910.0,
2026-06-19,OMPOWER,184.0,184.0,178.15,179.43,129079.0,
2026-06-22,OMPOWER,179.04,191.01,179.04,182.95,350144.0,
2026-06-23,OMPOWER,183.0,186.39,180.05,181.78,149446.0,
2026-06-24,OMPOWER,182.0,185.0,179.61,183.42,158175.0,
2026-06-25,OMPOWER,183.3,184.9,179.0,182.46,99658.0,
2026-06-29,OMPOWER,186.0,190.0,179.41,180.45,239917.0,
2026-06-30,OMPOWER,182.0,182.29,179.0,180.22,74917.0,
2026-07-01,OMPOWER,179.5,186.44,179.5,181.84,154375.0,
2026-07-02,OMPOWER,181.5,183.97,180.51,181.59,55606.0,
2026-07-03,OMPOWER,181.59,182.79,178.09,178.47,115244.0,
2026-07-06,OMPOWER,178.49,180.0,176.98,177.4,106068.0,
2026-07-07,OMPOWER,179.17,179.17,170.5,172.69,206066.0,
2026-07-08,OMPOWER,172.98,175.59,169.0,170.73,130233.0,
2026-07-09,OMPOWER,171.0,181.45,170.85,173.43,376769.0,
2026-07-10,OMPOWER,178.0,179.86,175.5,176.16,180767.0,
2026-07-13,OMPOWER,176.17,179.97,174.71,175.58,110243.0,
2026-07-14,OMPOWER,176.55,176.55,168.08,172.73,175759.0,
2026-07-15,OMPOWER,173.55,175.0,171.5,173.9,142037.0,
2026-07-16,OMPOWER,173.9,174.0,172.0,172.21,52194.0,
2026-07-17,OMPOWER,172.05,172.39,169.27,169.99,85807.0,
2026-07-20,OMPOWER,172.0,172.9,169.0,169.92,97687.0,
2026-07-21,OMPOWER,170.0,173.57,168.25,169.34,206177.0,
2026-07-22,OMPOWER,169.95,169.95,166.83,167.11,85020.0,
2026-07-23,OMPOWER,167.26,167.29,165.05,165.84,82125.0,
2026-07-24,OMPOWER,166.0,169.56,165.14,169.2,102833.0,
2026-07-27,OMPOWER,170.0,171.25,167.41,169.87,78237.0,
2026-07-28,OMPOWER,167.71,170.0,167.01,167.74,36840.0,
2026-07-29,OMPOWER,167.26,168.24,161.55,164.07,163625.0,
2026-07-30,OMPOWER,164.0,164.51,158.4,159.16,95665.0,
2026-07-31,OMPOWER,161.0,169.7,159.5,167.93,141531.0,
2026-08-03,OMPOWER,171.99,171.99,167.01,169.4,59098.0,
2026-08-04,OMPOWER,169.4,176.8,168.0,170.54,122062.0,
2026-08-05,OMPOWER,174.49,174.49,168.0,169.04,30712.0,
2026-08-06,OMPOWER,167.85,176.5,167.85,172.57,183875.0,
2026-08-07,OMPOWER,173.0,173.56,169.22,171.03,44674.0,
2026-08-10,OMPOWER,169.78,172.0,168.52,170.16,63043.0,
2026-08-11,OMPOWER,171.41,172.9,167.56,168.9,72428.0,
2026-08-12,OMPOWER,166.0,167.49,158.01,160.2,212124.0,
2026-08-13,OMPOWER,160.65,172.0,160.0,170.73,465260.0,
2026-08-14,OMPOWER,170.73,172.0,167.46,169.95,101287.0,
2026-08-17,OMPOWER,169.94,169.94,166.43,167.96,34999.0,
2026-08-18,OMPOWER,167.13,168.0,164.6,167.64,44477.0,
2026-08-19,OMPOWER,165.89,167.3,164.0,165.28,77579.0,
2026-08-20,OMPOWER,165.28,169.34,160.05,162.7,73680.0,
2026-08-21,OMPOWER,162.7,165.01,161.4,163.09,70377.0,
2026-08-24,OMPOWER,162.01,165.0,161.0,163.53,71969.0,
2026-08-25,OMPOWER,164.12,171.24,162.06,167.7,153882.0,
2026-08-26,OMPOWER,173.75,173.95,170.4,172.84,142944.0,
2026-08-27,OMPOWER,172.84,173.0,170.0,172.27,84420.0,
2026-08-28,OMPOWER,172.0,177.0,168.86,175.31,232635.0,
2026-08-31,OMPOWER,175.41,179.0,173.03,174.16,160344.0,
2026-09-01,OMPOWER,175.02,176.8,168.42,169.08,62923.0,
2026-09-02,OMPOWER,169.0,175.03,162.9,171.86,76844.0,
2026-09-03,OMPOWER,171.86,173.8,170.15,171.09,32744.0,
2026-09-04,OMPOWER,171.23,176.9,170.2,175.68,75803.0,
2026-09-07,OMPOWER,175.6,178.0,169.06,170.31,142210.0,
2026-09-08,OMPOWER,171.73,171.73,168.31,170.0,34886.0,
2026-09-09,OMPOWER,170.92,171.56,168.01,168.7,34790.0,
2026-09-10,OMPOWER,169.8,171.0,167.0,168.11,35105.0,
2026-09-11,OMPOWER,167.01,174.95,165.0,171.54,206438.0,
2026-09-15,OMPOWER,171.1,173.72,165.35,168.2,103029.0,
2026-09-16,OMPOWER,165.35,168.19,162.1,164.82,96074.0,
2026-09-17,OMPOWER,165.92,170.0,164.02,166.7,136884.0,
2026-09-18,OMPOWER,167.53,175.4,167.11,172.37,71555.0,
2026-09-21,OMPOWER,171.1,172.39,169.01,170.5,68711.0,
2026-09-22,OMPOWER,169.37,171.99,167.0,170.34,50245.0,
2026-09-23,OMPOWER,170.24,171.53,168.67,170.39,18985.0,
2026-09-24,OMPOWER,171.01,171.01,165.05,166.03,28076.0,
2025-09-10,PKTEA,756.0,779.4,735.55,779.4,1008.0,
2025-09-11,PKTEA,775.45,775.45,745.0,745.05,274.0,
2025-09-12,PKTEA,740.0,759.95,735.0,757.6,309.0,
2025-09-15,PKTEA,757.6,760.0,738.0,756.0,355.0,
2025-09-16,PKTEA,757.0,793.8,755.25,793.8,993.0,
2025-09-17,PKTEA,833.45,833.45,833.45,833.45,1447.0,
2025-09-18,PKTEA,875.1,875.1,821.2,845.05,677.0,
2025-09-19,PKTEA,847.1,857.0,811.35,815.5,479.0,
2025-09-22,PKTEA,815.5,820.0,780.0,792.5,314.0,
2025-09-23,PKTEA,800.0,832.1,798.0,832.1,1217.0,
2025-09-24,PKTEA,873.7,873.7,873.7,873.7,1496.0,
2025-09-25,PKTEA,917.0,917.0,830.05,888.3,4114.0,
2025-09-26,PKTEA,888.3,888.3,844.5,851.3,447.0,
2025-09-29,PKTEA,860.0,888.0,815.0,825.0,921.0,
2025-09-30,PKTEA,832.0,832.0,803.0,832.0,29.0,
2025-10-01,PKTEA,832.0,838.9,825.0,836.25,34.0,
2025-10-03,PKTEA,848.0,877.0,840.0,850.0,171.0,
2025-10-06,PKTEA,854.25,854.25,808.0,815.35,71.0,
2025-10-07,PKTEA,795.0,852.0,781.1,799.4,226.0,
2025-10-08,PKTEA,830.0,836.9,795.0,795.95,209.0,
2025-10-09,PKTEA,810.0,814.05,780.0,790.0,258.0,
2025-10-10,PKTEA,789.0,809.0,780.0,780.0,222.0,
2025-10-13,PKTEA,773.0,779.2,741.0,755.0,1350.0,
2025-10-14,PKTEA,765.0,765.0,720.0,739.4,562.0,
2025-10-15,PKTEA,730.0,730.0,720.0,725.1,19.0,
2025-10-16,PKTEA,725.1,725.1,703.1,725.1,45.0,
2025-10-17,PKTEA,725.0,730.0,725.0,726.0,43.0,
2025-10-20,PKTEA,701.0,704.5,699.0,700.0,479.0,
2025-10-21,PKTEA,701.0,701.0,701.0,701.0,360.0,
2025-10-23,PKTEA,701.0,702.9,682.0,699.0,211.0,
2025-10-24,PKTEA,701.0,701.0,675.35,700.5,99.0,
2025-10-27,PKTEA,700.0,700.0,676.0,699.0,163.0,
2025-10-28,PKTEA,676.0,698.0,676.0,687.4,48.0,
2025-10-29,PKTEA,680.0,718.0,655.3,710.35,627.0,
2025-10-30,PKTEA,744.9,744.9,675.25,718.8,271.0,
2025-10-31,PKTEA,700.0,717.9,700.0,717.9,55.0,
2025-11-03,PKTEA,682.0,700.0,682.0,682.15,459.0,
2025-11-04,PKTEA,713.95,713.95,671.0,671.75,131.0,
2025-11-06,PKTEA,670.0,670.0,666.0,666.0,27.0,
2025-11-07,PKTEA,691.0,691.0,690.0,690.0,250.0,
2025-11-10,PKTEA,658.0,695.0,658.0,661.05,94.0,
2025-11-11,PKTEA,655.05,687.0,655.05,683.5,145.0,
2025-11-12,PKTEA,670.0,672.9,651.1,652.35,198.0,
2025-11-13,PKTEA,680.8,684.95,625.0,667.0,668.0,
2025-11-14,PKTEA,634.0,693.0,634.0,681.0,1280.0,
2025-11-17,PKTEA,690.0,702.0,690.0,695.05,582.0,
2025-11-18,PKTEA,694.0,694.0,685.0,685.0,13.0,
2025-11-19,PKTEA,690.0,719.25,685.0,713.7,109.0,
2025-11-20,PKTEA,695.0,749.35,695.0,749.35,2232.0,
2025-11-21,PKTEA,749.35,775.0,730.0,774.75,748.0,
2025-11-24,PKTEA,813.0,813.0,752.05,754.1,268.0,
2025-11-25,PKTEA,750.0,755.0,740.0,741.0,167.0,
2025-11-26,PKTEA,750.0,768.0,741.0,766.9,190.0,
2025-11-27,PKTEA,740.05,740.05,730.0,731.0,82.0,
2025-11-28,PKTEA,728.85,750.0,728.85,730.0,290.0,
2025-12-01,PKTEA,765.0,766.0,710.0,710.0,497.0,
2025-12-02,PKTEA,687.0,745.5,687.0,745.15,938.0,
2025-12-03,PKTEA,770.0,770.0,758.0,758.0,13.0,
2025-12-04,PKTEA,770.0,770.0,740.0,764.25,429.0,
2025-12-05,PKTEA,770.0,770.05,750.0,768.5,63.0,
2025-12-08,PKTEA,725.05,769.35,725.0,738.0,549.0,
2025-12-09,PKTEA,737.4,745.0,732.0,732.0,153.0,
2025-12-10,PKTEA,702.05,750.0,695.0,734.9,424.0,
2025-12-11,PKTEA,736.0,759.0,725.0,725.0,486.0,
2025-12-12,PKTEA,725.0,771.0,725.0,765.45,532.0,
2025-12-15,PKTEA,760.0,764.5,760.0,764.5,43.0,
2025-12-16,PKTEA,745.4,776.3,730.0,775.05,93.0,
2025-12-17,PKTEA,819.9,852.55,785.2,852.55,5562.0,
2025-12-18,PKTEA,937.8,937.8,872.4,895.55,6337.0,
2025-12-19,PKTEA,899.9,915.0,841.0,848.05,1118.0,
2025-12-22,PKTEA,925.0,929.45,860.0,866.25,842.0,
2025-12-23,PKTEA,859.4,952.85,845.0,918.85,1761.0,
2025-12-24,PKTEA,922.0,945.0,870.0,920.3,9763.0,
2025-12-26,PKTEA,998.0,998.0,851.0,856.65,9085.0,
2025-12-29,PKTEA,863.5,870.05,841.0,845.5,441.0,
2025-12-30,PKTEA,840.05,869.5,840.05,860.4,1084.0,
2025-12-31,PKTEA,869.35,895.0,825.0,882.05,877.0,
2026-01-01,PKTEA,884.05,885.0,850.0,852.6,310.0,
2026-01-02,PKTEA,857.75,877.4,842.4,850.35,412.0,
2026-01-05,PKTEA,830.0,868.8,830.0,836.45,258.0,
2026-01-06,PKTEA,842.1,842.15,805.0,809.2,372.0,
2026-01-07,PKTEA,813.9,813.9,789.2,789.85,157.0,
2026-01-08,PKTEA,791.9,799.7,711.1,731.5,1118.0,
2026-01-09,PKTEA,722.0,735.4,709.45,717.2,272.0,
2026-01-12,PKTEA,671.2,709.05,671.2,679.1,1567.0,
2026-01-13,PKTEA,679.95,680.0,631.0,645.85,1165.0,
2026-01-14,PKTEA,640.0,649.35,615.25,642.0,563.0,
2026-01-16,PKTEA,650.0,666.0,650.0,666.0,27.0,
2026-01-19,PKTEA,694.45,694.45,670.0,679.7,266.0,
2026-01-20,PKTEA,703.6,703.6,662.0,672.0,41.0,
2026-01-21,PKTEA,672.0,689.4,656.0,676.0,67.0,
2026-01-22,PKTEA,676.4,689.4,676.0,677.0,148.0,
2026-01-23,PKTEA,677.0,677.0,660.0,668.5,119.0,
2026-01-27,PKTEA,675.55,694.0,675.55,683.55,65.0,
2026-01-28,PKTEA,683.0,683.0,650.4,655.3,190.0,
2026-01-29,PKTEA,657.0,661.5,657.0,660.0,142.0,
2026-01-30,PKTEA,663.0,679.0,656.0,660.0,44.0,
2026-02-02,PKTEA,693.0,693.0,685.0,688.05,53.0,
2026-02-03,PKTEA,721.95,721.95,686.2,689.2,531.0,
2026-02-04,PKTEA,718.0,718.0,685.0,709.0,86.0,
2026-02-05,PKTEA,705.0,705.0,705.0,705.0,1.0,
2026-02-06,PKTEA,703.4,703.4,670.1,672.45,230.0,
2026-02-09,PKTEA,674.05,705.0,653.0,703.15,717.0,
2026-02-10,PKTEA,738.3,738.3,738.3,738.3,596.0,
2026-02-11,PKTEA,775.2,775.2,770.0,775.05,1015.0,
2026-02-12,PKTEA,751.4,785.0,750.0,775.05,451.0,
2026-02-13,PKTEA,775.0,805.0,750.0,773.3,5933.0,
2026-02-16,PKTEA,773.3,800.0,770.4,783.65,758.0,
2026-02-17,PKTEA,794.4,819.0,756.05,794.45,3782.0,
2026-02-18,PKTEA,785.0,801.95,775.0,775.5,2269.0,
2026-02-19,PKTEA,780.0,782.0,775.0,775.45,40.0,
2026-02-20,PKTEA,770.55,775.45,770.0,773.3,50.0,
2026-02-23,PKTEA,799.5,799.5,790.0,790.0,22.0,
2026-02-24,PKTEA,786.0,790.0,786.0,789.9,37.0,
2026-02-25,PKTEA,799.0,812.0,798.75,805.5,168.0,
2026-02-26,PKTEA,804.0,820.0,795.0,796.4,326.0,
2026-02-27,PKTEA,780.5,800.0,780.5,790.0,400.0,
2026-03-02,PKTEA,751.0,790.05,750.5,765.0,417.0,
2026-03-04,PKTEA,761.0,763.0,760.0,760.45,398.0,
2026-03-05,PKTEA,763.0,789.95,763.0,773.65,167.0,
2026-03-06,PKTEA,775.05,775.05,775.0,775.0,168.0,
2026-03-09,PKTEA,775.05,775.05,775.0,775.0,760.0,
2026-03-10,PKTEA,775.0,799.0,775.0,777.05,23.0,
2026-03-11,PKTEA,790.0,790.0,780.0,780.0,168.0,
2026-03-12,PKTEA,780.0,800.0,780.0,796.95,257.0,
2026-03-16,PKTEA,790.0,802.0,780.0,790.0,913.0,
2026-03-17,PKTEA,795.0,798.0,795.0,795.0,132.0,
2026-03-18,PKTEA,795.0,834.75,795.0,810.0,330.0,
2026-03-19,PKTEA,810.0,850.0,810.0,820.35,1899.0,
2026-03-20,PKTEA,845.0,845.0,815.0,845.0,147.0,
2026-03-23,PKTEA,842.0,842.05,805.0,805.0,390.0,
2026-03-24,PKTEA,805.05,806.0,805.0,805.0,310.0,
2026-03-25,PKTEA,810.0,820.0,795.4,816.25,37.0,
2026-03-27,PKTEA,816.25,816.25,816.25,816.25,2.0,
2026-03-30,PKTEA,816.25,816.25,816.25,816.25,1.0,
2026-04-01,PKTEA,833.0,852.0,833.0,840.0,26.0,
2026-04-02,PKTEA,840.0,878.0,799.0,804.6,169.0,
2026-04-06,PKTEA,824.7,824.7,821.0,821.0,10.0,
2026-04-07,PKTEA,814.0,814.0,814.0,814.0,5.0,
2026-04-08,PKTEA,814.95,814.95,750.0,758.2,247.0,
2026-04-09,PKTEA,794.0,794.0,750.0,771.8,92.0,
2026-04-13,PKTEA,772.0,772.0,772.0,772.0,4.0,
2026-04-15,PKTEA,772.0,772.0,763.05,769.6,117.0,
2026-04-16,PKTEA,763.0,763.0,750.05,754.4,73.0,
2026-04-20,PKTEA,761.0,769.0,761.0,769.0,9.0,
2026-04-21,PKTEA,775.0,793.95,759.95,782.0,82.0,
2026-04-22,PKTEA,782.0,782.0,755.1,759.0,72.0,
2026-04-23,PKTEA,759.95,811.0,759.95,785.0,14.0,
2026-04-24,PKTEA,814.9,814.9,726.35,746.65,165.0,
2026-04-27,PKTEA,751.0,782.0,744.95,763.85,167.0,
2026-04-28,PKTEA,771.95,800.0,771.95,791.35,176.0,
2026-04-29,PKTEA,790.95,809.0,777.05,809.0,8.0,
2026-04-30,PKTEA,807.0,807.0,770.0,790.0,62.0,
2026-05-04,PKTEA,814.95,869.0,805.0,869.0,1130.0,
2026-05-05,PKTEA,945.0,950.0,878.5,923.7,3925.0,
2026-05-06,PKTEA,945.0,945.0,895.0,900.1,747.0,
2026-05-07,PKTEA,900.1,900.1,878.0,879.1,742.0,
2026-05-08,PKTEA,880.0,884.9,857.0,861.1,151.0,
2026-05-11,PKTEA,861.0,865.0,819.0,863.95,344.0,
2026-05-12,PKTEA,910.0,910.0,837.05,860.0,57.0,
2026-05-14,PKTEA,864.3,887.95,840.0,848.05,85.0,
2026-05-15,PKTEA,848.05,848.05,809.0,820.1,187.0,
2026-05-18,PKTEA,880.0,898.95,810.6,827.75,196.0,
2026-05-19,PKTEA,831.85,879.95,825.0,825.0,21.0,
2026-05-20,PKTEA,820.0,824.0,778.0,781.1,308.0,
2026-05-21,PKTEA,781.2,814.5,781.2,800.0,3.0,
2026-05-22,PKTEA,850.0,859.0,780.2,785.35,84.0,
2026-05-25,PKTEA,848.0,848.0,784.0,834.9,128.0,
2026-05-26,PKTEA,835.9,918.0,806.75,838.65,9987.0,
2026-05-27,PKTEA,882.95,882.95,825.0,843.25,254.0,
2026-05-29,PKTEA,840.0,840.0,800.0,806.05,682.0,
2026-06-01,PKTEA,800.0,829.95,800.0,808.65,272.0,
2026-06-02,PKTEA,800.05,804.0,778.0,780.1,494.0,
2026-06-03,PKTEA,780.1,790.0,778.1,783.75,209.0,
2026-06-04,PKTEA,828.0,828.0,795.0,802.2,146.0,
2026-06-05,PKTEA,835.0,865.0,801.0,802.05,4342.0,
2026-06-08,PKTEA,803.5,803.5,778.0,784.35,144.0,
2026-06-09,PKTEA,783.0,798.0,778.0,798.0,109.0,
2026-06-10,PKTEA,791.0,791.0,791.0,791.0,9.0,
2026-06-11,PKTEA,785.0,785.0,760.0,780.0,240.0,
2026-06-12,PKTEA,780.0,780.0,725.05,757.95,423.0,
2026-06-15,PKTEA,814.0,814.0,755.0,759.05,437.0,
2026-06-16,PKTEA,770.0,770.0,730.15,765.0,144.0,
2026-06-17,PKTEA,765.0,765.0,765.0,765.0,15.0,
2026-06-18,PKTEA,765.0,765.0,738.0,764.35,95.0,
2026-06-19,PKTEA,760.0,770.0,760.0,763.0,28.0,
2026-06-22,PKTEA,778.0,778.0,778.0,778.0,1.0,
2026-06-23,PKTEA,798.0,812.0,770.0,790.0,791.0,
2026-06-24,PKTEA,790.0,790.0,780.0,780.0,47.0,
2026-06-25,PKTEA,775.0,805.0,745.0,764.65,121.0,
2026-06-29,PKTEA,732.0,750.0,701.0,726.1,350.0,
2026-06-30,PKTEA,726.2,780.0,726.2,764.85,107.0,
2026-07-01,PKTEA,791.6,800.0,740.3,755.45,15.0,
2026-07-02,PKTEA,779.0,787.0,779.0,786.9,75.0,
2026-07-03,PKTEA,747.0,783.25,743.0,763.85,349.0,
2026-07-06,PKTEA,750.0,760.0,750.0,750.2,51.0,
2026-07-08,PKTEA,742.05,816.0,710.2,736.95,419.0,
2026-07-09,PKTEA,794.0,794.45,741.0,763.7,47.0,
2026-07-10,PKTEA,797.0,797.0,734.05,734.95,2466.0,
2026-07-13,PKTEA,785.0,785.0,728.5,729.0,1949.0,
2026-07-14,PKTEA,713.1,722.0,713.1,718.85,47.0,
2026-07-15,PKTEA,719.0,727.0,718.85,727.0,53.0,
2026-07-16,PKTEA,725.95,726.0,707.35,725.95,77.0,
2026-07-17,PKTEA,712.4,712.75,712.4,712.7,37.0,
2026-07-20,PKTEA,712.7,718.9,705.55,718.9,390.0,
2026-07-21,PKTEA,724.8,752.0,724.8,743.9,32.0,
2026-07-22,PKTEA,743.4,743.4,743.4,743.4,10.0,
2026-07-24,PKTEA,712.3,728.0,605.0,677.15,2063.0,
2026-07-27,PKTEA,684.9,700.0,678.0,698.0,72.0,
2026-07-28,PKTEA,699.8,710.0,680.0,705.05,458.0,
2026-07-29,PKTEA,705.05,705.05,690.0,690.0,19.0,
2026-07-30,PKTEA,681.2,690.0,681.2,689.95,34.0,
2026-07-31,PKTEA,690.0,690.0,676.4,676.4,11.0,
2026-08-03,PKTEA,710.0,710.0,668.0,699.0,284.0,
2026-08-04,PKTEA,715.0,715.0,677.8,688.4,39.0,
2026-08-05,PKTEA,680.05,709.8,680.0,709.75,33.0,
2026-08-07,PKTEA,734.0,734.0,682.3,691.8,72.0,
2026-08-10,PKTEA,710.0,710.0,685.05,698.3,91.0,
2026-08-11,PKTEA,710.0,710.0,650.0,673.75,149.0,
2026-08-12,PKTEA,684.0,691.15,684.0,691.0,112.0,
2026-08-13,PKTEA,691.0,691.0,690.0,690.0,30.0,
2026-08-14,PKTEA,653.45,694.0,653.4,679.95,396.0,
2026-08-17,PKTEA,690.1,709.0,690.1,704.5,10552.0,
2026-08-18,PKTEA,704.5,733.0,675.25,723.75,77.0,
2026-08-19,PKTEA,703.8,735.0,680.0,728.35,11027.0,
2026-08-20,PKTEA,749.0,751.0,716.0,731.9,1755.0,
2026-08-21,PKTEA,759.9,759.9,732.05,732.2,81.0,
2026-08-24,PKTEA,733.1,779.0,733.0,770.35,287.0,
2026-08-25,PKTEA,749.2,778.0,746.4,762.95,486.0,
2026-08-26,PKTEA,730.05,819.0,730.05,785.0,264.0,
2026-08-27,PKTEA,785.0,785.0,737.0,751.85,80.0,
2026-08-28,PKTEA,752.0,796.95,731.05,744.75,89.0,
2026-08-31,PKTEA,744.75,765.0,744.75,746.0,336.0,
2026-09-01,PKTEA,758.0,765.0,735.0,739.5,65.0,
2026-09-02,PKTEA,719.2,745.0,700.0,728.65,176.0,
2026-09-03,PKTEA,735.55,770.0,735.0,751.75,477.0,
2026-09-04,PKTEA,777.7,810.0,740.05,802.65,6257.0,
2026-09-07,PKTEA,808.0,963.15,808.0,963.15,13475.0,
2026-09-08,PKTEA,999.0,1115.0,963.15,972.75,61700.0,
2026-09-09,PKTEA,976.85,1160.0,880.0,1136.3,59199.0,
2026-09-10,PKTEA,1169.0,1169.0,1072.4,1094.2,10161.0,
2026-09-11,PKTEA,1080.0,1150.0,1001.1,1121.75,25219.0,
2026-09-15,PKTEA,1121.75,1121.75,1009.6,1024.6,3649.0,
2026-09-16,PKTEA,1020.0,1020.0,922.2,936.95,5082.0,
2026-09-17,PKTEA,931.95,936.95,900.05,921.25,2604.0,
2026-09-18,PKTEA,921.25,966.5,904.0,910.0,10797.0,
2026-09-21,PKTEA,905.0,955.5,890.0,950.4,9455.0,
2026-09-22,PKTEA,997.9,997.9,997.9,997.9,1408.0,
2026-09-23,PKTEA,1046.8,1046.8,956.0,988.15,1354.0,
2026-09-24,PKTEA,990.0,1020.0,959.0,998.35,1326.0,
2025-09-10,PLASTIBLEN,195.0,197.5,193.75,195.16,11497.0,
2025-09-11,PLASTIBLEN,195.17,197.0,192.28,193.05,9775.0,
2025-09-12,PLASTIBLEN,193.71,198.0,193.05,196.0,10611.0,
2025-09-15,PLASTIBLEN,197.0,199.0,193.11,194.05,12317.0,
2025-09-16,PLASTIBLEN,194.05,195.79,190.0,191.32,19553.0,
2025-09-17,PLASTIBLEN,193.29,197.0,192.63,195.04,18421.0,
2025-09-18,PLASTIBLEN,195.8,196.97,193.0,194.11,12251.0,
2025-09-19,PLASTIBLEN,193.0,196.94,193.0,194.25,5295.0,
2025-09-22,PLASTIBLEN,196.75,196.75,191.0,192.14,12106.0,
2025-09-23,PLASTIBLEN,192.14,194.58,189.35,190.81,6300.0,
2025-09-24,PLASTIBLEN,192.54,193.52,191.0,192.87,4730.0,
2025-09-25,PLASTIBLEN,193.47,193.47,189.0,190.17,13104.0,
2025-09-26,PLASTIBLEN,192.55,192.55,185.2,185.54,6015.0,
2025-09-29,PLASTIBLEN,186.75,186.86,180.0,182.49,10620.0,
2025-09-30,PLASTIBLEN,187.0,187.0,182.65,183.11,5370.0,
2025-10-01,PLASTIBLEN,184.88,188.03,182.99,185.64,7584.0,
2025-10-03,PLASTIBLEN,185.64,189.02,185.64,188.41,10458.0,
2025-10-06,PLASTIBLEN,188.41,191.76,182.35,184.44,19527.0,
2025-10-07,PLASTIBLEN,183.22,186.91,183.22,183.86,5665.0,
2025-10-08,PLASTIBLEN,185.94,185.94,180.0,181.66,11328.0,
2025-10-09,PLASTIBLEN,183.36,184.01,181.66,181.87,2606.0,
2025-10-10,PLASTIBLEN,182.87,188.01,181.78,183.62,12541.0,
2025-10-13,PLASTIBLEN,182.0,183.65,179.11,179.99,14832.0,
2025-10-14,PLASTIBLEN,182.24,183.58,179.21,180.21,7288.0,
2025-10-15,PLASTIBLEN,182.11,184.34,179.0,184.14,9678.0,
2025-10-16,PLASTIBLEN,184.14,187.51,181.4,184.87,16614.0,
2025-10-17,PLASTIBLEN,181.55,184.95,176.0,177.15,38026.0,
2025-10-20,PLASTIBLEN,177.15,182.9,175.51,176.63,9592.0,
2025-10-21,PLASTIBLEN,176.63,179.0,176.39,177.71,2678.0,
2025-10-23,PLASTIBLEN,181.89,181.89,177.41,178.69,7324.0,
2025-10-24,PLASTIBLEN,180.4,180.79,177.95,179.09,5905.0,
2025-10-27,PLASTIBLEN,180.4,180.7,176.4,179.39,8856.0,
2025-10-28,PLASTIBLEN,178.62,179.56,177.01,178.38,3959.0,
2025-10-29,PLASTIBLEN,178.9,179.8,177.86,179.28,4357.0,
2025-10-30,PLASTIBLEN,179.71,183.0,178.21,180.76,11404.0,
2025-10-31,PLASTIBLEN,181.58,181.58,179.12,180.85,3897.0,
2025-11-03,PLASTIBLEN,181.31,181.75,178.21,179.08,5731.0,
2025-11-04,PLASTIBLEN,181.0,181.0,176.5,177.09,5977.0,
2025-11-06,PLASTIBLEN,177.0,177.1,170.2,171.01,21143.0,
2025-11-07,PLASTIBLEN,173.06,176.1,169.81,174.94,5940.0,
2025-11-10,PLASTIBLEN,175.99,176.01,166.0,168.75,11994.0,
2025-11-11,PLASTIBLEN,167.1,170.55,167.1,168.95,4183.0,
2025-11-12,PLASTIBLEN,170.72,175.75,170.0,174.39,8920.0,
2025-11-13,PLASTIBLEN,174.98,175.59,172.05,173.55,4326.0,
2025-11-14,PLASTIBLEN,175.11,175.43,170.03,171.79,3366.0,
2025-11-17,PLASTIBLEN,173.18,173.38,169.2,169.74,5586.0,
2025-11-18,PLASTIBLEN,170.06,171.99,166.6,170.12,5908.0,
2025-11-19,PLASTIBLEN,170.21,171.89,167.41,168.69,6224.0,
2025-11-20,PLASTIBLEN,170.6,170.95,167.51,169.27,5349.0,
2025-11-21,PLASTIBLEN,173.49,173.49,166.6,167.72,4677.0,
2025-11-24,PLASTIBLEN,167.12,171.69,164.0,165.3,4919.0,
2025-11-25,PLASTIBLEN,162.53,168.49,160.2,163.68,7614.0,
2025-11-26,PLASTIBLEN,164.49,170.0,162.9,167.59,5416.0,
2025-11-27,PLASTIBLEN,166.0,172.9,166.0,168.81,4932.0,
2025-11-28,PLASTIBLEN,171.68,172.95,168.41,169.62,3144.0,
2025-12-01,PLASTIBLEN,169.51,172.21,165.31,166.48,6132.0,
2025-12-02,PLASTIBLEN,166.48,169.0,163.3,164.63,9100.0,
2025-12-03,PLASTIBLEN,163.8,166.63,162.0,164.61,7258.0,
2025-12-04,PLASTIBLEN,163.5,166.5,163.0,164.69,3288.0,
2025-12-05,PLASTIBLEN,164.01,164.99,162.5,163.76,1806.0,
2025-12-08,PLASTIBLEN,165.99,168.0,158.11,160.76,7430.0,
2025-12-09,PLASTIBLEN,161.0,164.36,157.1,159.39,7682.0,
2025-12-10,PLASTIBLEN,162.39,166.0,158.25,159.68,11426.0,
2025-12-11,PLASTIBLEN,163.0,163.49,160.25,161.33,4665.0,
2025-12-12,PLASTIBLEN,160.01,164.65,160.0,163.26,7798.0,
2025-12-15,PLASTIBLEN,164.95,164.95,159.1,160.91,4818.0,
2025-12-16,PLASTIBLEN,161.01,163.93,161.01,163.48,2300.0,
2025-12-17,PLASTIBLEN,163.94,164.4,161.14,161.76,3885.0,
2025-12-18,PLASTIBLEN,164.64,164.65,161.06,162.36,3742.0,
2025-12-19,PLASTIBLEN,162.36,163.99,161.11,161.88,2089.0,
2025-12-22,PLASTIBLEN,162.51,163.98,160.03,162.19,7548.0,
2025-12-23,PLASTIBLEN,162.19,165.0,161.05,163.83,4444.0,
2025-12-24,PLASTIBLEN,164.41,165.0,162.52,163.03,4629.0,
2025-12-26,PLASTIBLEN,166.97,166.97,163.01,163.42,3023.0,
2025-12-29,PLASTIBLEN,163.0,164.99,162.25,163.61,3126.0,
2025-12-30,PLASTIBLEN,165.89,165.89,162.3,162.33,2164.0,
2025-12-31,PLASTIBLEN,162.34,166.0,161.56,164.69,12327.0,
2026-01-01,PLASTIBLEN,163.49,167.64,162.65,163.76,6630.0,
2026-01-02,PLASTIBLEN,167.4,167.4,162.36,166.03,7808.0,
2026-01-05,PLASTIBLEN,165.0,169.0,163.31,168.02,7293.0,
2026-01-06,PLASTIBLEN,168.9,169.41,164.0,165.86,8103.0,
2026-01-07,PLASTIBLEN,163.01,169.09,163.01,166.99,14904.0,
2026-01-08,PLASTIBLEN,168.01,168.01,162.25,162.68,10765.0,
2026-01-09,PLASTIBLEN,162.69,163.0,156.6,157.14,17537.0,
2026-01-12,PLASTIBLEN,157.14,160.75,155.2,157.82,6943.0,
2026-01-13,PLASTIBLEN,157.12,162.7,153.35,157.78,4504.0,
2026-01-14,PLASTIBLEN,159.99,162.92,157.0,158.96,17416.0,
2026-01-16,PLASTIBLEN,157.44,162.4,155.08,156.03,14762.0,
2026-01-19,PLASTIBLEN,158.0,158.74,155.0,155.03,3093.0,
2026-01-20,PLASTIBLEN,155.08,158.24,151.0,152.18,8257.0,
2026-01-21,PLASTIBLEN,152.75,153.97,150.51,151.39,6092.0,
2026-01-22,PLASTIBLEN,155.57,157.41,153.3,154.34,5943.0,
2026-01-23,PLASTIBLEN,153.1,153.57,146.0,148.42,13627.0,
2026-01-27,PLASTIBLEN,148.43,149.92,146.83,148.17,4376.0,
2026-01-28,PLASTIBLEN,145.55,151.9,145.55,150.83,5841.0,
2026-01-29,PLASTIBLEN,151.0,151.49,147.04,149.76,7544.0,
2026-01-30,PLASTIBLEN,150.16,151.48,148.5,149.71,3941.0,
2026-02-02,PLASTIBLEN,148.99,150.8,147.03,149.77,3501.0,
2026-02-03,PLASTIBLEN,152.25,154.01,151.41,152.41,6497.0,
2026-02-04,PLASTIBLEN,155.0,158.95,149.78,155.65,5727.0,
2026-02-05,PLASTIBLEN,154.0,159.7,154.0,158.57,4847.0,
2026-02-06,PLASTIBLEN,159.36,159.36,154.0,156.07,10258.0,
2026-02-09,PLASTIBLEN,159.47,159.47,156.04,157.52,4477.0,
2026-02-10,PLASTIBLEN,156.0,160.04,153.8,155.66,7794.0,
2026-02-11,PLASTIBLEN,156.28,162.3,155.1,161.05,15338.0,
2026-02-12,PLASTIBLEN,161.0,161.9,156.39,156.85,8770.0,
2026-02-13,PLASTIBLEN,155.55,156.79,151.0,154.57,18835.0,
2026-02-16,PLASTIBLEN,155.89,157.0,151.9,153.16,4493.0,
2026-02-17,PLASTIBLEN,153.19,154.82,150.25,153.93,5448.0,
2026-02-18,PLASTIBLEN,154.7,158.2,153.6,155.85,9528.0,
2026-02-19,PLASTIBLEN,155.9,155.9,151.8,153.65,2509.0,
2026-02-20,PLASTIBLEN,152.42,155.98,151.4,152.01,2053.0,
2026-02-23,PLASTIBLEN,152.24,152.4,149.0,149.13,5483.0,
2026-02-24,PLASTIBLEN,149.22,154.21,147.06,147.56,8483.0,
2026-02-25,PLASTIBLEN,148.11,151.69,146.0,146.96,2613.0,
2026-02-26,PLASTIBLEN,147.73,150.47,146.5,147.34,6363.0,
2026-02-27,PLASTIBLEN,150.9,150.9,145.1,146.8,12014.0,
2026-03-02,PLASTIBLEN,136.8,144.95,134.65,138.98,36905.0,
2026-03-04,PLASTIBLEN,136.1,139.0,136.0,136.39,11065.0,
2026-03-05,PLASTIBLEN,137.25,141.2,137.0,139.87,13323.0,
2026-03-06,PLASTIBLEN,139.99,140.0,137.24,138.0,1777.0,
2026-03-09,PLASTIBLEN,137.0,137.97,133.01,135.65,15524.0,
2026-03-10,PLASTIBLEN,139.9,139.9,135.09,139.22,10066.0,
2026-03-11,PLASTIBLEN,141.89,144.4,141.74,141.93,10427.0,
2026-03-12,PLASTIBLEN,141.93,143.35,137.0,138.35,4481.0,
2026-03-13,PLASTIBLEN,140.08,140.49,133.0,134.56,8382.0,
2026-03-16,PLASTIBLEN,134.23,135.65,131.0,131.77,10885.0,
2026-03-17,PLASTIBLEN,132.56,135.47,130.01,131.06,53427.0,
2026-03-18,PLASTIBLEN,133.99,141.98,131.44,137.08,22699.0,
2026-03-19,PLASTIBLEN,136.01,136.01,130.52,131.73,17450.0,
2026-03-20,PLASTIBLEN,136.97,136.97,132.38,133.82,10288.0,
2026-03-23,PLASTIBLEN,130.53,134.25,126.2,129.03,40394.0,
2026-03-24,PLASTIBLEN,134.3,134.55,129.01,130.27,15341.0,
2026-03-25,PLASTIBLEN,130.5,134.0,130.5,131.36,17175.0,
2026-03-27,PLASTIBLEN,134.0,134.0,126.0,126.51,31459.0,
2026-03-30,PLASTIBLEN,126.0,127.97,121.01,121.57,27702.0,
2026-04-01,PLASTIBLEN,129.51,132.73,125.1,126.0,9888.0,
2026-04-02,PLASTIBLEN,126.7,130.5,125.09,129.52,4415.0,
2026-04-06,PLASTIBLEN,131.79,134.55,128.96,134.35,4256.0,
2026-04-07,PLASTIBLEN,134.0,136.4,131.0,134.8,4367.0,
2026-04-08,PLASTIBLEN,135.1,144.0,135.1,142.43,8916.0,
2026-04-09,PLASTIBLEN,142.99,143.5,136.0,138.51,12631.0,
2026-04-10,PLASTIBLEN,141.87,144.4,138.56,141.49,9526.0,
2026-04-13,PLASTIBLEN,140.79,145.88,136.01,145.05,12506.0,
2026-04-15,PLASTIBLEN,145.06,152.0,145.06,151.25,12110.0,
2026-04-16,PLASTIBLEN,151.7,154.75,150.32,153.23,6452.0,
2026-04-17,PLASTIBLEN,154.74,154.74,149.0,153.36,4696.0,
2026-04-20,PLASTIBLEN,150.25,154.57,147.5,151.18,3215.0,
2026-04-21,PLASTIBLEN,152.0,152.78,150.25,151.96,5547.0,
2026-04-22,PLASTIBLEN,149.02,155.85,149.02,155.36,10798.0,
2026-04-23,PLASTIBLEN,155.69,158.05,155.06,155.97,5109.0,
2026-04-24,PLASTIBLEN,154.05,155.16,152.5,152.63,5197.0,
2026-04-27,PLASTIBLEN,155.99,157.9,152.05,157.65,15662.0,
2026-04-28,PLASTIBLEN,176.0,189.18,175.99,181.02,1057063.0,
2026-04-29,PLASTIBLEN,182.0,184.8,170.4,171.98,159744.0,
2026-04-30,PLASTIBLEN,170.1,170.48,165.63,167.22,45027.0,
2026-05-04,PLASTIBLEN,170.0,178.4,170.0,175.87,78214.0,
2026-05-05,PLASTIBLEN,175.99,181.0,173.51,173.93,56569.0,
2026-05-06,PLASTIBLEN,174.0,176.98,171.1,172.1,28935.0,
2026-05-07,PLASTIBLEN,173.25,179.99,171.46,173.1,77851.0,
2026-05-08,PLASTIBLEN,173.53,179.59,171.61,177.52,49039.0,
2026-05-11,PLASTIBLEN,179.29,179.29,170.93,172.36,30540.0,
2026-05-12,PLASTIBLEN,172.5,172.5,167.29,168.36,22446.0,
2026-05-13,PLASTIBLEN,170.98,170.98,165.51,165.73,38093.0,
2026-05-14,PLASTIBLEN,167.48,170.64,160.02,161.23,69546.0,
2026-05-15,PLASTIBLEN,161.3,169.77,159.08,163.02,36315.0,
2026-05-18,PLASTIBLEN,165.5,166.6,158.81,159.94,53100.0,
2026-05-19,PLASTIBLEN,160.29,166.9,160.29,165.92,13804.0,
2026-05-20,PLASTIBLEN,166.0,167.0,163.54,165.5,5841.0,
2026-05-21,PLASTIBLEN,169.23,169.23,163.01,163.14,6475.0,
2026-05-22,PLASTIBLEN,166.99,170.49,163.45,169.81,30668.0,
2026-05-25,PLASTIBLEN,174.11,177.41,174.0,176.83,78671.0,
2026-05-26,PLASTIBLEN,179.0,179.6,174.1,175.47,28205.0,
2026-05-27,PLASTIBLEN,177.9,178.0,175.21,177.43,20281.0,
2026-05-29,PLASTIBLEN,177.5,177.5,170.01,172.02,19355.0,
2026-06-01,PLASTIBLEN,172.15,175.59,170.01,171.33,17276.0,
2026-06-02,PLASTIBLEN,170.15,178.89,170.11,177.41,48211.0,
2026-06-03,PLASTIBLEN,178.7,180.3,174.01,177.9,18052.0,
2026-06-04,PLASTIBLEN,176.12,176.2,173.3,174.59,5931.0,
2026-06-05,PLASTIBLEN,174.59,176.6,172.01,172.92,7383.0,
2026-06-08,PLASTIBLEN,170.0,173.51,169.83,170.8,18911.0,
2026-06-09,PLASTIBLEN,170.9,172.99,170.22,171.01,7411.0,
2026-06-10,PLASTIBLEN,171.32,172.09,170.0,170.13,10121.0,
2026-06-11,PLASTIBLEN,169.1,171.57,163.98,168.17,9202.0,
2026-06-12,PLASTIBLEN,169.0,175.8,167.96,174.2,32926.0,
2026-06-15,PLASTIBLEN,175.07,177.85,172.51,173.96,6796.0,
2026-06-16,PLASTIBLEN,173.61,174.47,172.1,173.0,4427.0,
2026-06-17,PLASTIBLEN,176.45,176.45,170.25,171.37,10929.0,
2026-06-18,PLASTIBLEN,174.9,176.0,170.1,173.21,11360.0,
2026-06-19,PLASTIBLEN,174.92,174.92,172.5,173.52,8290.0,
2026-06-22,PLASTIBLEN,173.0,183.0,172.66,180.13,43381.0,
2026-06-23,PLASTIBLEN,182.78,182.78,175.01,177.43,127738.0,
2026-06-24,PLASTIBLEN,176.95,178.98,171.97,175.28,135843.0,
2026-06-25,PLASTIBLEN,174.04,179.0,172.02,176.34,13489.0,
2026-06-29,PLASTIBLEN,175.12,181.9,174.81,181.15,54369.0,
2026-06-30,PLASTIBLEN,182.0,182.91,179.13,181.04,20140.0,
2026-07-01,PLASTIBLEN,179.01,183.0,179.0,179.06,10054.0,
2026-07-02,PLASTIBLEN,179.16,185.3,179.16,181.3,23422.0,
2026-07-03,PLASTIBLEN,184.0,184.0,173.3,176.02,36346.0,
2026-07-06,PLASTIBLEN,178.2,181.94,176.76,179.53,12946.0,
2026-07-07,PLASTIBLEN,179.53,181.89,175.73,176.48,12179.0,
2026-07-08,PLASTIBLEN,179.91,179.91,168.1,170.17,8927.0,
2026-07-09,PLASTIBLEN,172.34,179.0,171.97,176.41,20018.0,
2026-07-10,PLASTIBLEN,177.34,184.0,176.42,182.77,26062.0,
2026-07-13,PLASTIBLEN,184.0,198.57,183.5,195.79,366957.0,
2026-07-14,PLASTIBLEN,207.0,216.29,198.1,199.82,1105978.0,
2026-07-15,PLASTIBLEN,198.0,201.78,192.3,196.77,171480.0,
2026-07-16,PLASTIBLEN,198.35,214.7,195.54,202.33,960081.0,
2026-07-17,PLASTIBLEN,201.0,206.95,197.66,198.57,110376.0,
2026-07-20,PLASTIBLEN,200.8,203.5,197.23,199.86,103179.0,
2026-07-21,PLASTIBLEN,199.86,201.99,196.4,197.84,76169.0,
2026-07-22,PLASTIBLEN,198.99,200.99,191.5,194.41,97379.0,
2026-07-23,PLASTIBLEN,195.38,197.83,188.25,189.77,89942.0,
2026-07-24,PLASTIBLEN,186.37,190.89,185.57,188.85,75608.0,
2026-07-27,PLASTIBLEN,190.9,194.79,188.81,191.08,70294.0,
2026-07-28,PLASTIBLEN,192.03,192.16,188.04,190.1,26455.0,
2026-07-29,PLASTIBLEN,191.79,191.79,187.0,187.56,26093.0,
2026-07-30,PLASTIBLEN,188.06,188.19,182.82,184.76,30547.0,
2026-07-31,PLASTIBLEN,184.0,188.0,184.0,186.14,21690.0,
2026-08-03,PLASTIBLEN,187.01,191.8,187.01,190.61,34535.0,
2026-08-04,PLASTIBLEN,191.0,192.8,187.62,188.44,22042.0,
2026-08-05,PLASTIBLEN,190.5,191.09,189.0,190.01,21067.0,
2026-08-06,PLASTIBLEN,188.72,205.2,188.72,197.49,355578.0,
2026-08-07,PLASTIBLEN,198.61,200.0,196.49,197.69,40091.0,
2026-08-10,PLASTIBLEN,197.69,201.85,196.44,198.44,57635.0,
2026-08-11,PLASTIBLEN,198.69,209.14,198.0,204.51,188013.0,
2026-08-12,PLASTIBLEN,206.0,206.19,201.0,201.48,56867.0,
2026-08-13,PLASTIBLEN,202.48,204.15,194.21,196.03,58604.0,
2026-08-14,PLASTIBLEN,197.47,202.8,197.13,199.17,44465.0,
2026-08-17,PLASTIBLEN,199.17,199.17,190.25,191.8,35458.0,
2026-08-18,PLASTIBLEN,191.3,193.0,188.8,190.71,22233.0,
2026-08-19,PLASTIBLEN,191.01,197.0,185.0,187.13,52775.0,
2026-08-20,PLASTIBLEN,187.0,190.04,187.0,188.93,15361.0,
2026-08-21,PLASTIBLEN,188.15,196.38,188.01,191.54,29163.0,
2026-08-24,PLASTIBLEN,193.51,196.7,189.81,192.5,40374.0,
2026-08-25,PLASTIBLEN,191.0,194.38,187.66,189.13,18317.0,
2026-08-26,PLASTIBLEN,188.0,192.9,188.0,188.89,18028.0,
2026-08-27,PLASTIBLEN,190.25,196.19,189.0,189.24,16361.0,
2026-08-28,PLASTIBLEN,189.95,191.69,188.08,189.56,17406.0,
2026-08-31,PLASTIBLEN,189.8,190.78,184.22,185.48,22938.0,
2026-09-01,PLASTIBLEN,186.78,187.75,184.5,185.59,20740.0,
2026-09-02,PLASTIBLEN,184.15,186.72,181.8,183.39,15465.0,
2026-09-03,PLASTIBLEN,184.4,195.0,184.4,188.33,53281.0,
2026-09-04,PLASTIBLEN,189.47,189.58,186.0,187.91,13407.0,
2026-09-07,PLASTIBLEN,187.91,197.69,185.0,193.14,57836.0,
2026-09-08,PLASTIBLEN,196.78,196.78,190.0,191.23,26956.0,
2026-09-09,PLASTIBLEN,191.59,193.42,187.2,189.3,13063.0,
2026-09-10,PLASTIBLEN,188.14,197.0,188.14,194.15,42721.0,
2026-09-11,PLASTIBLEN,194.4,195.04,186.73,192.78,28068.0,
2026-09-15,PLASTIBLEN,194.5,196.08,182.96,185.18,24239.0,
2026-09-16,PLASTIBLEN,183.6,188.09,180.86,182.75,12425.0,
2026-09-17,PLASTIBLEN,183.56,189.58,182.97,184.45,14285.0,
2026-09-18,PLASTIBLEN,187.5,187.92,185.75,186.63,5737.0,
2026-09-21,PLASTIBLEN,185.0,190.0,181.06,185.67,22944.0,
2026-09-22,PLASTIBLEN,186.79,189.5,185.0,185.94,7913.0,
2026-09-23,PLASTIBLEN,183.7,189.5,183.7,187.5,11036.0,
2026-09-24,PLASTIBLEN,187.0,194.27,187.0,189.71,29339.0,
2025-09-10,SANDUMA,457.0,465.1,454.5,456.2,148463.0,
2025-09-11,SANDUMA,458.5,468.7,458.15,460.75,135931.0,
2025-09-12,SANDUMA,464.8,469.8,457.6,464.55,153299.0,
2025-09-15,SANDUMA,467.15,487.0,466.05,482.05,448587.0,
2025-09-16,SANDUMA,485.5,492.9,475.9,480.2,293039.0,
2025-09-17,SANDUMA,491.5,493.4,479.2,482.2,397366.0,
2025-09-18,SANDUMA,485.45,487.0,468.0,472.6,320390.0,
2025-09-19,SANDUMA,474.85,484.7,473.25,478.0,515627.0,
2025-09-22,SANDUMA,162.9,168.5,158.75,160.05,679054.0,
2025-09-23,SANDUMA,159.0,160.0,156.3,158.75,520089.0,
2025-09-24,SANDUMA,158.75,174.45,156.3,170.45,6575373.0,
2025-09-25,SANDUMA,169.8,170.0,164.4,166.6,1918130.0,
2025-09-26,SANDUMA,166.0,166.3,160.0,162.1,862007.0,
2025-09-29,SANDUMA,161.8,173.25,160.8,167.95,2028014.0,
2025-09-30,SANDUMA,166.3,170.0,165.05,168.85,628366.0,
2025-10-01,SANDUMA,168.01,168.9,166.5,168.54,641163.0,
2025-10-03,SANDUMA,167.0,198.0,166.9,194.54,36311778.0,
2025-10-06,SANDUMA,198.0,214.1,197.13,204.01,28145341.0,
2025-10-07,SANDUMA,204.9,204.9,184.0,187.9,6756652.0,
2025-10-08,SANDUMA,189.0,191.4,184.59,186.25,4138284.0,
2025-10-09,SANDUMA,186.25,206.84,184.34,203.41,17661938.0,
2025-10-10,SANDUMA,205.9,211.9,197.79,205.46,8018995.0,
2025-10-13,SANDUMA,203.91,211.0,201.63,205.07,6225469.0,
2025-10-14,SANDUMA,207.0,217.9,201.35,205.52,14091710.0,
2025-10-15,SANDUMA,207.1,237.88,203.58,230.91,42739451.0,
2025-10-16,SANDUMA,232.7,235.9,222.47,229.39,12720151.0,
2025-10-17,SANDUMA,230.0,234.7,215.75,217.55,7697405.0,
2025-10-20,SANDUMA,218.0,225.76,212.1,220.59,8040821.0,
2025-10-21,SANDUMA,222.0,229.8,221.7,225.63,2103957.0,
2025-10-23,SANDUMA,225.9,226.6,211.15,212.61,3299055.0,
2025-10-24,SANDUMA,214.0,222.75,213.0,215.37,3555801.0,
2025-10-27,SANDUMA,215.01,217.9,210.01,211.82,2000392.0,
2025-10-28,SANDUMA,212.98,215.6,206.55,210.32,1547751.0,
2025-10-29,SANDUMA,211.0,226.9,210.6,219.98,7393517.0,
2025-10-30,SANDUMA,220.0,224.6,217.76,221.39,2871100.0,
2025-10-31,SANDUMA,222.5,227.45,215.8,216.88,3043574.0,
2025-11-03,SANDUMA,218.09,229.75,217.56,225.58,5244205.0,
2025-11-04,SANDUMA,227.0,227.0,218.71,219.93,1859832.0,
2025-11-06,SANDUMA,220.89,221.1,197.67,199.47,4258591.0,
2025-11-07,SANDUMA,197.99,209.05,196.59,204.74,2768382.0,
2025-11-10,SANDUMA,211.0,214.9,206.4,208.95,3535240.0,
2025-11-11,SANDUMA,208.95,209.0,201.15,206.11,1850307.0,
2025-11-12,SANDUMA,207.5,225.99,207.2,224.5,7894775.0,
2025-11-13,SANDUMA,226.45,227.5,218.1,219.63,2827665.0,
2025-11-14,SANDUMA,218.99,224.6,215.43,222.5,2162424.0,
2025-11-17,SANDUMA,224.0,227.8,218.28,218.99,1788821.0,
2025-11-18,SANDUMA,218.9,218.97,211.0,215.17,1941709.0,
2025-11-19,SANDUMA,216.47,218.3,205.7,206.76,2378763.0,
2025-11-20,SANDUMA,207.16,210.5,205.05,207.98,1480812.0,
2025-11-21,SANDUMA,207.0,207.43,202.0,202.69,1175835.0,
2025-11-24,SANDUMA,201.5,207.0,194.51,195.66,1954104.0,
2025-11-25,SANDUMA,195.6,200.2,193.71,199.13,1258614.0,
2025-11-26,SANDUMA,200.5,207.79,199.5,204.92,1862274.0,
2025-11-27,SANDUMA,208.01,218.8,207.5,211.73,5991987.0,
2025-11-28,SANDUMA,213.0,221.84,209.96,213.47,4470835.0,
2025-12-01,SANDUMA,215.61,217.25,210.2,211.88,1374022.0,
2025-12-02,SANDUMA,212.0,212.9,205.35,207.94,1267230.0,
2025-12-03,SANDUMA,209.0,211.4,205.1,207.48,743146.0,
2025-12-04,SANDUMA,207.0,210.39,205.1,205.87,968446.0,
2025-12-05,SANDUMA,205.02,206.34,201.0,201.97,860484.0,
2025-12-08,SANDUMA,202.8,207.89,194.47,197.63,1469607.0,
2025-12-09,SANDUMA,196.39,199.0,190.6,196.26,1550031.0,
2025-12-10,SANDUMA,197.66,202.4,195.35,197.66,1564414.0,
2025-12-11,SANDUMA,198.2,199.65,194.22,197.82,751835.0,
2025-12-12,SANDUMA,200.59,220.9,199.0,215.76,18495718.0,
2025-12-15,SANDUMA,214.1,217.4,211.03,213.54,2161549.0,
2025-12-16,SANDUMA,213.19,213.19,205.1,205.86,1488470.0,
2025-12-17,SANDUMA,206.0,211.97,202.5,204.2,1892720.0,
2025-12-18,SANDUMA,204.2,219.89,200.77,211.1,6577744.0,
2025-12-19,SANDUMA,213.0,222.5,211.6,216.91,5943917.0,
2025-12-22,SANDUMA,219.68,224.45,216.1,221.13,4609600.0,
2025-12-23,SANDUMA,222.39,233.7,220.5,227.3,9901449.0,
2025-12-24,SANDUMA,228.93,253.3,228.01,240.48,36036478.0,
2025-12-26,SANDUMA,242.0,253.0,239.35,242.5,10566331.0,
2025-12-29,SANDUMA,243.5,244.45,225.0,232.2,6664764.0,
2025-12-30,SANDUMA,230.91,243.8,230.64,240.96,6834890.0,
2025-12-31,SANDUMA,242.9,247.0,236.48,242.79,5355846.0,
2026-01-01,SANDUMA,243.5,245.9,241.0,244.44,2392307.0,
2026-01-02,SANDUMA,246.0,268.8,246.0,264.71,24904909.0,
2026-01-05,SANDUMA,266.0,273.0,255.35,259.69,5290457.0,
2026-01-06,SANDUMA,259.66,264.75,257.15,257.98,2919869.0,
2026-01-07,SANDUMA,257.94,266.9,256.23,263.26,4872073.0,
2026-01-08,SANDUMA,263.0,263.0,237.0,238.23,7708530.0,
2026-01-09,SANDUMA,237.04,242.39,220.65,224.77,5208753.0,
2026-01-12,SANDUMA,225.5,232.0,213.56,229.8,7281795.0,
2026-01-13,SANDUMA,232.75,236.49,222.55,227.92,3166305.0,
2026-01-14,SANDUMA,227.92,235.83,227.43,232.41,2908187.0,
2026-01-16,SANDUMA,234.14,235.2,226.2,227.78,1752698.0,
2026-01-19,SANDUMA,226.88,230.79,222.2,226.69,2270496.0,
2026-01-20,SANDUMA,226.0,227.09,213.0,215.45,3113534.0,
2026-01-21,SANDUMA,213.0,221.85,212.22,215.87,3788256.0,
2026-01-22,SANDUMA,220.0,223.01,213.51,215.16,1986897.0,
2026-01-23,SANDUMA,217.85,217.85,203.5,205.33,1794723.0,
2026-01-27,SANDUMA,205.33,212.85,204.58,210.33,2460290.0,
2026-01-28,SANDUMA,210.6,227.75,210.6,219.14,4987264.0,
2026-01-29,SANDUMA,222.0,231.99,220.23,230.93,3938910.0,
2026-01-30,SANDUMA,228.12,229.79,220.1,221.88,2770156.0,
2026-02-02,SANDUMA,213.1,219.0,210.0,216.72,1497236.0,
2026-02-03,SANDUMA,227.0,228.0,218.45,223.55,1764447.0,
2026-02-04,SANDUMA,222.1,232.0,222.1,231.41,3238629.0,
2026-02-05,SANDUMA,221.91,221.91,210.23,212.94,3272503.0,
2026-02-06,SANDUMA,211.55,215.31,209.2,212.6,1696627.0,
2026-02-09,SANDUMA,213.0,217.8,211.0,213.56,2045281.0,
2026-02-10,SANDUMA,214.8,216.7,211.1,211.75,1135697.0,
2026-02-11,SANDUMA,213.57,214.0,210.35,212.6,944212.0,
2026-02-12,SANDUMA,212.6,212.99,206.64,208.76,1395114.0,
2026-02-13,SANDUMA,204.65,211.42,204.65,206.75,1235472.0,
2026-02-16,SANDUMA,206.0,209.49,203.03,206.62,1233560.0,
2026-02-17,SANDUMA,206.0,207.4,203.8,204.18,1059032.0,
2026-02-18,SANDUMA,205.7,211.9,204.55,208.04,1640106.0,
2026-02-19,SANDUMA,210.0,210.0,202.25,203.18,1403730.0,
2026-02-20,SANDUMA,204.0,205.24,201.05,201.71,708121.0,
2026-02-23,SANDUMA,203.19,204.6,195.91,197.33,1121567.0,
2026-02-24,SANDUMA,195.85,197.89,192.66,195.06,844596.0,
2026-02-25,SANDUMA,195.25,215.05,195.25,213.07,12697266.0,
2026-02-26,SANDUMA,214.4,222.0,208.89,219.87,4362049.0,
2026-02-27,SANDUMA,222.0,223.95,214.5,216.08,2918663.0,
2026-03-02,SANDUMA,202.0,212.2,202.0,206.71,1505956.0,
2026-03-04,SANDUMA,200.31,204.94,196.48,197.38,1706243.0,
2026-03-05,SANDUMA,200.0,203.0,197.31,201.47,1235141.0,
2026-03-06,SANDUMA,200.1,204.2,199.2,200.89,832889.0,
2026-03-09,SANDUMA,196.4,197.71,191.1,192.21,1258097.0,
2026-03-10,SANDUMA,196.82,200.0,195.25,198.92,1244448.0,
2026-03-11,SANDUMA,198.05,207.92,198.05,200.86,1960023.0,
2026-03-12,SANDUMA,199.0,202.9,194.67,199.79,1338965.0,
2026-03-13,SANDUMA,197.49,198.64,190.8,191.63,1226099.0,
2026-03-16,SANDUMA,192.6,193.23,181.1,182.01,1790680.0,
2026-03-17,SANDUMA,184.55,190.1,180.89,188.45,2042022.0,
2026-03-18,SANDUMA,190.0,190.84,187.0,188.23,1520278.0,
2026-03-19,SANDUMA,186.88,186.88,179.57,180.37,812731.0,
2026-03-20,SANDUMA,183.0,192.0,182.04,185.29,1588764.0,
2026-03-23,SANDUMA,183.36,183.36,171.1,171.59,1817880.0,
2026-03-24,SANDUMA,175.0,179.03,172.1,176.83,1138506.0,
2026-03-25,SANDUMA,181.9,184.68,179.0,180.36,1582289.0,
2026-03-27,SANDUMA,179.01,180.99,172.25,178.97,1787516.0,
2026-03-30,SANDUMA,177.0,180.75,170.51,171.88,1621042.0,
2026-04-01,SANDUMA,177.25,183.63,175.75,181.74,1346909.0,
2026-04-02,SANDUMA,176.2,184.28,174.86,183.03,1025500.0,
2026-04-06,SANDUMA,182.2,187.2,178.91,186.75,995639.0,
2026-04-07,SANDUMA,185.81,189.91,182.97,184.15,1364427.0,
2026-04-08,SANDUMA,191.0,195.1,188.61,194.24,2520077.0,
2026-04-09,SANDUMA,194.24,203.39,191.7,196.92,1651495.0,
2026-04-10,SANDUMA,199.98,202.8,198.16,202.0,1100730.0,
2026-04-13,SANDUMA,198.0,206.2,194.11,202.59,2618708.0,
2026-04-15,SANDUMA,207.0,209.5,206.06,207.35,1213879.0,
2026-04-16,SANDUMA,210.0,219.5,209.15,217.54,5284902.0,
2026-04-17,SANDUMA,218.0,221.34,217.01,218.47,1684988.0,
2026-04-20,SANDUMA,218.48,219.9,212.05,213.39,1073883.0,
2026-04-21,SANDUMA,213.5,217.0,211.12,212.12,802388.0,
2026-04-22,SANDUMA,211.0,217.0,210.51,214.0,949005.0,
2026-04-23,SANDUMA,213.84,215.91,208.7,209.92,1379095.0,
2026-04-24,SANDUMA,209.93,213.0,206.0,209.35,1109076.0,
2026-04-27,SANDUMA,210.5,218.9,210.39,216.26,1420816.0,
2026-04-28,SANDUMA,217.2,223.44,216.0,216.75,2009538.0,
2026-04-29,SANDUMA,218.0,219.2,212.61,214.59,1255466.0,
2026-04-30,SANDUMA,213.5,215.01,207.75,210.61,1348618.0,
2026-05-04,SANDUMA,211.5,213.08,206.84,210.63,1150742.0,
2026-05-05,SANDUMA,210.01,211.8,206.63,207.8,623770.0,
2026-05-06,SANDUMA,209.39,214.95,209.39,213.93,944339.0,
2026-05-07,SANDUMA,215.61,220.89,214.6,216.96,1674031.0,
2026-05-08,SANDUMA,230.0,253.9,227.05,241.11,31359588.0,
2026-05-11,SANDUMA,239.4,243.8,232.96,234.41,2978987.0,
2026-05-12,SANDUMA,234.79,237.05,220.7,223.62,3179035.0,
2026-05-13,SANDUMA,223.62,234.5,223.62,229.38,2005189.0,
2026-05-14,SANDUMA,231.25,239.6,229.68,234.17,3445714.0,
2026-05-15,SANDUMA,234.17,239.74,223.0,224.24,2338378.0,
2026-05-18,SANDUMA,224.0,224.0,215.13,220.39,2269229.0,
2026-05-19,SANDUMA,223.01,231.7,220.39,226.15,1936504.0,
2026-05-20,SANDUMA,222.1,226.5,219.61,224.67,1173703.0,
2026-05-21,SANDUMA,226.3,232.24,225.0,226.5,1590321.0,
2026-05-22,SANDUMA,225.0,228.3,223.29,225.66,854805.0,
2026-05-25,SANDUMA,228.0,238.8,227.43,232.42,1868953.0,
2026-05-26,SANDUMA,233.9,242.15,231.39,237.34,3124557.0,
2026-05-27,SANDUMA,240.0,245.69,238.26,240.58,3241840.0,
2026-05-29,SANDUMA,240.0,241.19,222.2,226.31,2905983.0,
2026-06-01,SANDUMA,227.0,235.0,224.5,226.25,1521181.0,
2026-06-02,SANDUMA,224.55,232.0,222.7,229.2,1495685.0,
2026-06-03,SANDUMA,229.0,229.76,223.2,226.86,755688.0,
2026-06-04,SANDUMA,225.02,230.39,223.9,225.14,2002039.0,
2026-06-05,SANDUMA,225.14,226.76,222.4,222.86,871834.0,
2026-06-08,SANDUMA,219.05,220.59,212.4,212.92,944703.0,
2026-06-09,SANDUMA,214.8,219.52,213.65,218.59,683753.0,
2026-06-10,SANDUMA,217.67,218.3,209.02,210.05,1156169.0,
2026-06-11,SANDUMA,208.86,210.89,205.2,207.0,655624.0,
2026-06-12,SANDUMA,212.0,216.5,210.4,215.85,1249611.0,
2026-06-15,SANDUMA,221.0,221.0,214.0,214.45,1080312.0,
2026-06-16,SANDUMA,215.0,219.55,213.62,215.35,666781.0,
2026-06-17,SANDUMA,214.3,220.0,214.3,215.23,677896.0,
2026-06-18,SANDUMA,216.65,217.39,213.0,214.58,999265.0,
2026-06-19,SANDUMA,212.9,214.4,210.5,211.72,1075119.0,
2026-06-22,SANDUMA,211.95,215.98,211.0,213.55,507741.0,
2026-06-23,SANDUMA,213.5,214.19,209.0,209.83,571182.0,
2026-06-24,SANDUMA,208.6,210.0,204.32,207.7,838580.0,
2026-06-25,SANDUMA,207.0,209.18,205.0,207.03,573747.0,
2026-06-29,SANDUMA,206.75,210.0,206.19,207.95,729111.0,
2026-06-30,SANDUMA,207.7,207.85,201.45,202.85,1341172.0,
2026-07-01,SANDUMA,202.95,209.2,202.95,206.98,1120886.0,
2026-07-02,SANDUMA,208.2,210.48,205.65,207.05,519927.0,
2026-07-03,SANDUMA,207.5,213.97,207.5,209.73,838163.0,
2026-07-06,SANDUMA,209.0,213.9,207.29,210.97,670484.0,
2026-07-07,SANDUMA,210.97,211.32,203.83,204.24,610636.0,
2026-07-08,SANDUMA,202.5,208.33,198.1,199.91,1556799.0,
2026-07-09,SANDUMA,201.7,206.4,201.0,203.46,521256.0,
2026-07-10,SANDUMA,204.95,209.98,202.4,203.33,1122916.0,
2026-07-13,SANDUMA,202.5,205.39,200.55,203.25,826732.0,
2026-07-14,SANDUMA,202.0,205.0,198.84,199.38,556380.0,
2026-07-15,SANDUMA,200.48,202.56,199.49,200.32,431824.0,
2026-07-16,SANDUMA,201.61,201.7,197.75,198.91,481185.0,
2026-07-17,SANDUMA,199.87,199.87,193.57,195.9,809518.0,
2026-07-20,SANDUMA,195.9,198.7,192.21,193.84,892126.0,
2026-07-21,SANDUMA,193.96,198.86,193.0,197.84,533287.0,
2026-07-22,SANDUMA,197.98,198.78,193.5,194.94,407451.0,
2026-07-23,SANDUMA,193.94,197.36,193.73,194.52,581141.0,
2026-07-24,SANDUMA,193.36,195.91,191.0,195.04,374296.0,
2026-07-27,SANDUMA,195.15,200.69,195.15,198.15,457227.0,
2026-07-28,SANDUMA,198.0,203.2,196.48,201.55,680556.0,
2026-07-29,SANDUMA,205.0,213.4,204.6,208.56,1993264.0,
2026-07-30,SANDUMA,209.0,218.25,208.25,213.88,2644630.0,
2026-07-31,SANDUMA,215.9,218.02,212.0,212.84,820754.0,
2026-08-03,SANDUMA,214.0,215.86,210.5,212.05,507588.0,
2026-08-04,SANDUMA,212.07,214.05,209.05,210.98,516814.0,
2026-08-05,SANDUMA,212.95,215.1,210.1,214.15,672466.0,
2026-08-06,SANDUMA,216.0,217.1,212.1,213.88,870537.0,
2026-08-07,SANDUMA,213.88,216.48,204.7,205.37,1575057.0,
2026-08-10,SANDUMA,205.4,209.64,202.97,204.9,924941.0,
2026-08-11,SANDUMA,205.9,207.75,203.5,204.39,332474.0,
2026-08-12,SANDUMA,204.4,207.28,201.49,202.89,684005.0,
2026-08-13,SANDUMA,202.89,204.4,201.5,201.93,238458.0,
2026-08-14,SANDUMA,202.2,203.43,197.11,198.01,689151.0,
2026-08-17,SANDUMA,198.01,202.0,195.81,200.89,541280.0,
2026-08-18,SANDUMA,201.0,203.4,199.21,200.0,287962.0,
2026-08-19,SANDUMA,198.77,199.5,195.0,196.45,345453.0,
2026-08-20,SANDUMA,198.4,200.14,196.0,196.95,383955.0,
2026-08-21,SANDUMA,197.35,201.62,196.6,198.93,428622.0,
2026-08-24,SANDUMA,198.15,208.26,198.15,205.21,906743.0,
2026-08-25,SANDUMA,203.82,207.73,203.58,205.1,736690.0,
2026-08-26,SANDUMA,205.0,210.78,203.05,209.67,793435.0,
2026-08-27,SANDUMA,209.9,213.45,206.0,206.95,726534.0,
2026-08-28,SANDUMA,208.05,209.19,205.0,205.45,340342.0,
2026-08-31,SANDUMA,205.44,205.44,200.57,202.39,364416.0,
2026-09-01,SANDUMA,205.0,205.0,198.99,200.4,340989.0,
2026-09-02,SANDUMA,199.0,199.32,196.2,197.0,381024.0,
2026-09-03,SANDUMA,198.0,202.41,196.88,197.89,407132.0,
2026-09-04,SANDUMA,198.0,199.5,196.5,197.83,375487.0,
2026-09-07,SANDUMA,200.79,200.79,194.5,195.17,547791.0,
2026-09-08,SANDUMA,196.45,198.85,195.39,196.57,382799.0,
2026-09-09,SANDUMA,195.8,202.95,195.75,201.01,974554.0,
2026-09-10,SANDUMA,201.01,202.55,195.73,196.74,364928.0,
2026-09-11,SANDUMA,195.0,195.35,189.6,190.35,858154.0,
2026-09-15,SANDUMA,191.01,191.99,181.2,181.98,1127169.0,
2026-09-16,SANDUMA,182.34,183.49,178.2,180.6,619561.0,
2026-09-17,SANDUMA,180.6,183.78,180.6,182.53,389388.0,
2026-09-18,SANDUMA,183.2,186.25,183.0,185.4,462946.0,
2026-09-21,SANDUMA,185.0,186.52,182.46,183.15,365579.0,
2026-09-22,SANDUMA,183.15,186.47,182.21,183.24,386959.0,
2026-09-23,SANDUMA,183.99,190.09,183.24,188.06,548326.0,
2026-09-24,SANDUMA,186.4,186.4,182.66,183.11,365304.0,
2025-09-10,SENCO,388.45,392.55,378.35,382.1,491109.0,
2025-09-11,SENCO,380.9,386.4,373.6,377.75,371635.0,
2025-09-12,SENCO,377.7,389.55,373.5,374.5,570965.0,
2025-09-15,SENCO,375.95,378.0,367.0,372.85,443668.0,
2025-09-16,SENCO,370.0,376.45,370.0,373.6,391922.0,
2025-09-17,SENCO,374.9,388.6,372.7,376.5,749138.0,
2025-09-18,SENCO,378.9,386.4,372.1,373.05,617680.0,
2025-09-19,SENCO,374.3,375.95,368.1,373.25,640498.0,
2025-09-22,SENCO,371.0,373.7,365.0,367.8,457211.0,
2025-09-23,SENCO,369.45,373.0,361.15,362.1,307617.0,
2025-09-24,SENCO,360.0,361.6,352.55,354.8,327639.0,
2025-09-25,SENCO,354.8,355.95,344.4,345.9,292707.0,
2025-09-26,SENCO,344.4,345.2,335.25,338.4,252402.0,
2025-09-29,SENCO,339.7,343.65,334.75,341.2,379121.0,
2025-09-30,SENCO,345.0,347.8,340.55,343.45,363609.0,
2025-10-01,SENCO,343.8,346.45,339.35,344.65,246544.0,
2025-10-03,SENCO,346.5,353.9,341.55,349.05,473889.0,
2025-10-06,SENCO,353.4,366.7,346.5,352.2,601755.0,
2025-10-07,SENCO,353.8,355.0,346.0,347.65,287569.0,
2025-10-08,SENCO,348.7,350.0,338.7,339.5,700023.0,
2025-10-09,SENCO,339.5,339.5,323.5,324.75,2182640.0,
2025-10-10,SENCO,326.4,331.5,324.85,326.05,783380.0,
2025-10-13,SENCO,327.0,328.7,317.3,319.7,1001351.0,
2025-10-14,SENCO,321.2,321.2,313.7,315.9,415554.0,
2025-10-15,SENCO,317.7,320.5,311.55,315.25,611043.0,
2025-10-16,SENCO,319.0,320.4,316.55,317.35,745545.0,
2025-10-17,SENCO,318.9,320.25,314.5,315.05,364803.0,
2025-10-20,SENCO,319.6,329.3,316.2,325.3,775025.0,
2025-10-21,SENCO,327.75,329.95,324.7,326.35,148776.0,
2025-10-23,SENCO,329.15,335.85,326.35,328.15,718052.0,
2025-10-24,SENCO,327.0,329.0,319.4,320.35,667387.0,
2025-10-27,SENCO,321.8,325.55,319.1,322.3,867177.0,
2025-10-28,SENCO,323.75,331.5,321.75,325.6,925244.0,
2025-10-29,SENCO,325.6,326.75,322.2,325.85,321274.0,
2025-10-30,SENCO,325.85,329.0,325.2,328.3,321722.0,
2025-10-31,SENCO,327.0,329.5,323.65,324.45,247310.0,
2025-11-03,SENCO,324.45,330.3,321.95,329.2,466200.0,
2025-11-04,SENCO,330.0,338.05,329.95,334.15,717413.0,
2025-11-06,SENCO,340.0,340.9,325.95,327.95,579836.0,
2025-11-07,SENCO,328.0,333.5,321.25,332.1,410843.0,
2025-11-10,SENCO,337.4,339.5,333.05,336.6,538938.0,
2025-11-11,SENCO,336.6,336.95,323.55,325.65,680096.0,
2025-11-12,SENCO,327.35,329.15,322.65,325.35,923085.0,
2025-11-13,SENCO,325.0,338.1,319.25,330.0,1246906.0,
2025-11-14,SENCO,331.65,341.5,329.0,334.85,1229484.0,
2025-11-17,SENCO,338.0,339.55,329.6,331.0,540310.0,
2025-11-18,SENCO,330.9,333.0,320.8,321.35,582460.0,
2025-11-19,SENCO,322.1,324.85,318.15,323.05,310924.0,
2025-11-20,SENCO,323.05,324.8,316.5,320.1,612116.0,
2025-11-21,SENCO,320.1,322.0,317.0,320.5,274798.0,
2025-11-24,SENCO,317.0,320.4,315.0,316.2,250925.0,
2025-11-25,SENCO,315.75,315.75,311.0,313.25,245984.0,
2025-11-26,SENCO,312.65,316.9,310.35,311.45,320232.0,
2025-11-27,SENCO,313.5,313.5,309.5,310.45,236693.0,
2025-11-28,SENCO,310.45,311.9,306.2,311.15,289591.0,
2025-12-01,SENCO,311.15,314.75,309.35,310.8,226480.0,
2025-12-02,SENCO,310.7,316.4,309.5,314.85,224561.0,
2025-12-03,SENCO,314.8,314.8,301.95,303.95,244531.0,
2025-12-04,SENCO,303.5,310.8,299.95,308.8,345894.0,
2025-12-05,SENCO,308.75,309.85,302.6,308.15,286344.0,
2025-12-08,SENCO,307.5,318.0,297.0,312.35,615013.0,
2025-12-09,SENCO,310.45,315.0,301.2,312.35,411299.0,
2025-12-10,SENCO,311.0,311.95,304.5,307.95,203133.0,
2025-12-11,SENCO,307.0,308.1,303.1,305.0,188910.0,
2025-12-12,SENCO,306.65,313.65,305.0,312.15,492174.0,
2025-12-15,SENCO,312.15,313.0,306.1,311.45,261882.0,
2025-12-16,SENCO,312.2,321.35,308.0,318.05,526249.0,
2025-12-17,SENCO,319.35,324.75,315.0,318.65,376121.0,
2025-12-18,SENCO,317.7,318.55,311.0,312.2,252532.0,
2025-12-19,SENCO,311.3,319.5,309.5,317.9,242578.0,
2025-12-22,SENCO,322.0,322.0,310.0,317.6,534191.0,
2025-12-23,SENCO,319.35,322.6,316.0,321.3,338494.0,
2025-12-24,SENCO,321.3,325.5,318.2,319.15,396169.0,
2025-12-26,SENCO,317.8,323.0,316.9,320.25,194974.0,
2025-12-29,SENCO,317.25,320.5,315.05,317.95,314053.0,
2025-12-30,SENCO,316.2,322.0,312.3,318.3,288495.0,
2025-12-31,SENCO,317.1,322.0,315.5,317.95,373556.0,
2026-01-01,SENCO,316.65,319.35,315.0,318.25,194240.0,
2026-01-02,SENCO,318.9,325.5,316.25,324.25,271576.0,
2026-01-05,SENCO,328.0,337.5,323.0,330.05,985796.0,
2026-01-06,SENCO,330.1,334.4,322.1,323.35,346508.0,
2026-01-07,SENCO,350.95,371.3,345.0,360.8,29117456.0,
2026-01-08,SENCO,360.9,380.8,342.35,346.3,22022129.0,
2026-01-09,SENCO,352.15,361.3,335.9,353.6,6812462.0,
2026-01-12,SENCO,360.0,360.0,342.55,347.7,2109933.0,
2026-01-13,SENCO,348.3,352.75,334.1,336.65,2218131.0,
2026-01-14,SENCO,336.6,341.0,331.0,332.95,807612.0,
2026-01-16,SENCO,333.9,336.2,322.3,324.05,899508.0,
2026-01-19,SENCO,320.75,325.45,316.1,318.45,692427.0,
2026-01-20,SENCO,318.45,319.0,305.15,309.05,741418.0,
2026-01-21,SENCO,309.05,315.6,306.1,312.35,1060259.0,
2026-01-22,SENCO,319.05,319.2,308.0,311.7,502711.0,
2026-01-23,SENCO,310.95,311.0,300.0,305.85,1041133.0,
2026-01-27,SENCO,308.85,312.0,298.0,308.25,730191.0,
2026-01-28,SENCO,308.9,315.9,306.35,315.2,465407.0,
2026-01-29,SENCO,314.35,316.65,303.75,306.0,876232.0,
2026-01-30,SENCO,306.0,309.5,298.6,307.65,539396.0,
2026-02-02,SENCO,305.05,306.9,295.4,305.35,609855.0,
2026-02-03,SENCO,325.0,326.95,297.1,304.6,1018802.0,
2026-02-04,SENCO,305.75,318.0,302.2,311.8,804259.0,
2026-02-05,SENCO,311.8,315.0,304.75,313.1,537930.0,
2026-02-06,SENCO,311.55,338.1,304.5,332.75,3920068.0,
2026-02-09,SENCO,338.8,360.0,334.4,355.3,3989512.0,
2026-02-10,SENCO,356.9,364.3,353.2,357.4,1453204.0,
2026-02-11,SENCO,361.0,367.0,356.8,365.8,1513465.0,
2026-02-12,SENCO,366.95,376.0,362.1,373.5,2658898.0,
2026-02-13,SENCO,375.0,375.0,345.5,352.15,5995741.0,
2026-02-16,SENCO,354.0,354.0,338.6,341.8,1292118.0,
2026-02-17,SENCO,340.85,350.95,339.1,346.75,905047.0,
2026-02-18,SENCO,348.0,349.95,339.35,340.6,566230.0,
2026-02-19,SENCO,340.65,341.75,330.0,333.85,712570.0,
2026-02-20,SENCO,332.9,335.25,323.2,325.85,566289.0,
2026-02-23,SENCO,328.0,330.9,320.55,329.65,614693.0,
2026-02-24,SENCO,328.5,329.1,321.0,322.95,344821.0,
2026-02-25,SENCO,322.6,329.0,317.5,318.7,398785.0,
2026-02-26,SENCO,319.0,322.55,314.0,316.05,337908.0,
2026-02-27,SENCO,316.1,319.7,311.0,317.25,1448590.0,
2026-03-02,SENCO,310.1,313.8,302.5,307.0,630725.0,
2026-03-04,SENCO,301.0,301.4,291.55,295.75,840443.0,
2026-03-05,SENCO,298.0,302.5,293.25,300.45,676673.0,
2026-03-06,SENCO,302.0,305.2,298.6,301.8,427442.0,
2026-03-09,SENCO,298.0,298.0,288.15,292.45,384052.0,
2026-03-10,SENCO,296.0,299.0,293.0,298.1,408668.0,
2026-03-11,SENCO,299.0,304.6,295.25,297.35,309282.0,
2026-03-12,SENCO,297.35,304.3,289.6,298.05,416031.0,
2026-03-13,SENCO,296.0,297.05,288.6,290.55,409372.0,
2026-03-16,SENCO,290.55,294.5,282.85,290.85,546590.0,
2026-03-17,SENCO,293.8,298.0,289.35,295.9,235127.0,
2026-03-18,SENCO,295.9,306.15,295.85,303.55,421155.0,
2026-03-19,SENCO,299.95,299.95,289.15,291.25,312190.0,
2026-03-20,SENCO,291.25,298.8,291.25,295.95,424683.0,
2026-03-23,SENCO,291.65,294.0,281.0,284.95,575220.0,
2026-03-24,SENCO,295.0,295.35,283.1,294.0,480316.0,
2026-03-25,SENCO,294.0,300.05,291.0,295.5,410960.0,
2026-03-27,SENCO,291.5,297.7,283.0,285.25,602124.0,
2026-03-30,SENCO,290.4,295.0,276.0,278.85,772117.0,
2026-04-01,SENCO,283.0,290.75,283.0,288.6,503251.0,
2026-04-02,SENCO,285.0,291.0,279.45,288.8,242201.0,
2026-04-06,SENCO,300.45,334.45,300.45,323.45,37352103.0,
2026-04-07,SENCO,322.85,332.6,312.35,315.95,5410598.0,
2026-04-08,SENCO,326.0,338.0,318.2,334.0,3001567.0,
2026-04-09,SENCO,334.25,337.7,323.0,324.0,1126546.0,
2026-04-10,SENCO,326.8,329.8,321.5,323.0,1123976.0,
2026-04-13,SENCO,315.0,326.6,311.1,323.25,602571.0,
2026-04-15,SENCO,327.1,331.4,325.25,326.3,584288.0,
2026-04-16,SENCO,330.0,332.7,322.0,324.55,635158.0,
2026-04-17,SENCO,326.2,332.3,325.15,326.3,658114.0,
2026-04-20,SENCO,328.2,331.95,322.5,323.6,653059.0,
2026-04-21,SENCO,324.5,333.8,323.05,332.85,711107.0,
2026-04-22,SENCO,331.05,334.2,328.0,329.9,509521.0,
2026-04-23,SENCO,330.75,332.8,323.05,323.8,382615.0,
2026-04-24,SENCO,325.0,327.2,315.5,318.1,361662.0,
2026-04-27,SENCO,320.1,326.55,319.35,323.05,226141.0,
2026-04-28,SENCO,321.5,321.95,314.6,317.55,776955.0,
2026-04-29,SENCO,318.25,323.8,315.3,316.85,336845.0,
2026-04-30,SENCO,316.85,317.25,309.55,313.1,420274.0,
2026-05-04,SENCO,314.9,347.35,314.5,335.3,3252283.0,
2026-05-05,SENCO,338.15,353.0,337.2,345.7,2024483.0,
2026-05-06,SENCO,350.05,353.9,341.1,344.5,702716.0,
2026-05-07,SENCO,346.0,347.7,340.5,343.7,339185.0,
2026-05-08,SENCO,343.7,369.0,342.4,365.4,2921471.0,
2026-05-11,SENCO,349.0,349.0,325.05,334.25,3855500.0,
2026-05-12,SENCO,331.1,333.95,310.1,312.75,1866347.0,
2026-05-13,SENCO,303.65,329.0,302.05,325.5,3997948.0,
2026-05-14,SENCO,326.0,336.95,319.15,335.55,1297447.0,
2026-05-15,SENCO,332.25,341.0,328.0,334.7,996037.0,
2026-05-18,SENCO,329.95,333.0,324.0,330.5,609237.0,
2026-05-19,SENCO,330.55,336.9,330.0,335.05,337823.0,
2026-05-20,SENCO,334.6,341.65,328.5,338.7,480247.0,
2026-05-21,SENCO,341.5,355.5,340.0,345.7,1683517.0,
2026-05-22,SENCO,348.9,350.95,342.3,347.95,467506.0,
2026-05-25,SENCO,352.4,361.6,350.05,353.8,1069888.0,
2026-05-26,SENCO,355.0,357.55,347.55,349.1,638493.0,
2026-05-27,SENCO,350.0,353.65,330.6,340.15,3922799.0,
2026-05-29,SENCO,342.45,355.0,342.45,346.2,1065524.0,
2026-06-01,SENCO,350.8,350.8,335.1,339.5,611590.0,
2026-06-02,SENCO,339.5,349.0,335.15,345.35,455942.0,
2026-06-03,SENCO,345.8,346.3,340.65,343.4,273482.0,
2026-06-04,SENCO,343.5,348.55,341.05,344.5,408395.0,
2026-06-05,SENCO,345.5,354.0,345.05,350.75,590460.0,
2026-06-08,SENCO,345.0,361.1,340.1,343.1,792312.0,
2026-06-09,SENCO,345.0,349.0,342.6,345.7,255861.0,
2026-06-10,SENCO,348.0,348.6,328.1,330.2,730349.0,
2026-06-11,SENCO,331.0,332.0,323.9,328.05,215787.0,
2026-06-12,SENCO,337.25,340.0,329.15,338.35,332214.0,
2026-06-15,SENCO,344.75,358.7,342.15,350.2,1130498.0,
2026-06-16,SENCO,351.25,357.5,348.6,351.55,464408.0,
2026-06-17,SENCO,357.25,357.25,336.0,345.2,479131.0,
2026-06-18,SENCO,346.0,348.7,338.6,342.05,350128.0,
2026-06-19,SENCO,339.45,341.05,336.0,340.4,288718.0,
2026-06-22,SENCO,342.0,343.55,338.0,338.95,240938.0,
2026-06-23,SENCO,338.8,338.8,331.15,333.9,302281.0,
2026-06-24,SENCO,332.0,333.2,326.1,329.9,514145.0,
2026-06-25,SENCO,327.15,332.15,321.45,323.55,373815.0,
2026-06-29,SENCO,323.0,335.9,320.65,327.15,282226.0,
2026-06-30,SENCO,327.7,335.0,324.1,330.2,440711.0,
2026-07-01,SENCO,330.0,337.5,323.65,325.85,468845.0,
2026-07-02,SENCO,327.75,333.2,325.15,331.8,401943.0,
2026-07-03,SENCO,336.0,339.6,324.45,326.05,681032.0,
2026-07-06,SENCO,339.25,348.5,324.5,326.5,4230176.0,
2026-07-07,SENCO,329.0,330.65,319.1,327.25,1193066.0,
2026-07-08,SENCO,323.8,351.0,322.8,331.75,3139817.0,
2026-07-09,SENCO,334.4,360.95,333.0,348.65,7323847.0,
2026-07-10,SENCO,352.9,369.0,349.4,362.15,4077698.0,
2026-07-13,SENCO,362.2,384.7,358.5,381.0,5609385.0,
2026-07-14,SENCO,383.1,390.4,374.5,377.85,2601503.0,
2026-07-15,SENCO,381.6,381.65,367.4,373.2,1164432.0,
2026-07-16,SENCO,374.75,376.9,364.4,365.5,952347.0,
2026-07-17,SENCO,365.1,366.0,355.0,364.55,883913.0,
2026-07-20,SENCO,364.0,373.8,362.95,366.0,810390.0,
2026-07-21,SENCO,367.65,379.0,365.75,377.8,1122896.0,
2026-07-22,SENCO,379.5,399.8,376.3,391.65,5477340.0,
2026-07-23,SENCO,393.0,398.4,384.0,386.25,1922627.0,
2026-07-24,SENCO,383.9,388.95,377.2,382.85,858782.0,
2026-07-27,SENCO,386.65,430.0,386.65,417.95,18605457.0,
2026-07-28,SENCO,420.9,420.9,408.2,418.65,3081645.0,
2026-07-29,SENCO,421.9,422.0,409.0,413.4,1867704.0,
2026-07-30,SENCO,412.95,412.95,403.0,404.85,1193415.0,
2026-07-31,SENCO,407.4,409.8,401.0,403.2,782575.0,
2026-08-03,SENCO,408.9,408.9,366.5,388.1,1410396.0,
2026-08-04,SENCO,384.0,395.0,378.4,387.9,1428731.0,
2026-08-05,SENCO,387.85,401.85,384.6,399.05,1552723.0,
2026-08-06,SENCO,400.0,406.7,382.2,391.6,1362727.0,
2026-08-07,SENCO,386.95,405.2,386.6,388.8,1637736.0,
2026-08-10,SENCO,395.0,406.0,392.9,398.85,1660781.0,
2026-08-11,SENCO,400.5,405.8,397.3,401.25,1263839.0,
2026-08-12,SENCO,376.0,379.45,343.0,345.65,7359766.0,
2026-08-13,SENCO,342.2,353.7,338.05,351.9,2618964.0,
2026-08-14,SENCO,353.0,353.9,340.05,341.85,1086724.0,
2026-08-17,SENCO,340.0,343.6,333.3,341.55,1100322.0,
2026-08-18,SENCO,341.9,343.9,335.75,336.75,622417.0,
2026-08-19,SENCO,335.0,338.35,329.05,331.6,618055.0,
2026-08-20,SENCO,335.45,340.4,333.05,336.3,867529.0,
2026-08-21,SENCO,338.5,348.2,336.0,345.4,1151008.0,
2026-08-24,SENCO,349.0,377.75,347.0,371.75,4898448.0,
2026-08-25,SENCO,372.0,373.85,364.4,368.65,1124170.0,
2026-08-26,SENCO,369.45,369.65,359.1,367.15,754754.0,
2026-08-27,SENCO,369.0,369.6,361.05,362.75,378231.0,
2026-08-28,SENCO,362.8,363.7,352.5,354.85,639082.0,
2026-08-31,SENCO,354.25,354.75,345.35,348.6,579076.0,
2026-09-01,SENCO,350.0,360.75,347.4,352.75,926985.0,
2026-09-02,SENCO,351.0,351.95,342.7,348.6,564599.0,
2026-09-03,SENCO,353.0,354.9,347.25,349.05,580287.0,
2026-09-04,SENCO,349.85,362.8,349.85,358.65,1141834.0,
2026-09-07,SENCO,357.4,368.75,356.6,365.1,1718666.0,
2026-09-08,SENCO,368.0,369.5,359.05,361.85,591895.0,
2026-09-09,SENCO,360.0,363.7,354.45,355.8,534010.0,
2026-09-10,SENCO,355.5,358.45,348.4,349.9,392329.0,
2026-09-11,SENCO,349.9,349.9,340.25,346.4,676349.0,
2026-09-15,SENCO,348.95,351.0,335.15,336.4,504318.0,
2026-09-16,SENCO,337.9,337.95,325.65,332.25,473765.0,
2026-09-17,SENCO,331.55,344.95,330.35,342.35,492434.0,
2026-09-18,SENCO,344.5,352.8,341.1,348.0,606311.0,
2026-09-21,SENCO,349.8,350.05,340.1,341.9,295921.0,
2026-09-22,SENCO,341.9,344.7,336.0,337.35,343192.0,
2026-09-23,SENCO,338.35,346.35,337.1,342.25,1218885.0,
2026-09-24,SENCO,338.5,339.6,333.65,336.0,507270.0,
2025-09-10,SGIL,582.0,587.65,564.9,568.8,23537.0,
2025-09-11,SGIL,570.05,595.0,567.75,587.75,26920.0,
2025-09-12,SGIL,588.95,589.0,561.0,571.8,23768.0,
2025-09-15,SGIL,583.95,620.2,570.55,579.65,95431.0,
2025-09-16,SGIL,585.45,588.2,561.2,571.1,36230.0,
2025-09-17,SGIL,571.05,573.95,543.0,566.1,21605.0,
2025-09-18,SGIL,570.0,584.8,561.1,565.05,9742.0,
2025-09-19,SGIL,565.25,573.5,550.0,554.8,12132.0,
2025-09-22,SGIL,551.0,566.45,550.1,563.55,7235.0,
2025-09-23,SGIL,557.9,562.85,551.2,557.1,7061.0,
2025-09-24,SGIL,557.1,561.95,548.0,556.45,15139.0,
2025-09-25,SGIL,563.8,563.8,544.25,550.0,24332.0,
2025-09-26,SGIL,549.95,554.55,524.55,535.95,24424.0,
2025-09-29,SGIL,522.3,538.85,522.3,530.15,18250.0,
2025-09-30,SGIL,527.0,540.7,527.0,530.9,12957.0,
2025-10-01,SGIL,529.05,539.9,529.0,538.9,3526.0,
2025-10-03,SGIL,538.9,544.0,535.0,539.75,4384.0,
2025-10-06,SGIL,543.65,543.65,533.05,538.45,28823.0,
2025-10-07,SGIL,535.0,549.95,535.0,543.55,42310.0,
2025-10-08,SGIL,551.5,584.7,536.25,541.95,26366.0,
2025-10-09,SGIL,552.8,559.0,529.6,538.2,5979.0,
2025-10-10,SGIL,545.9,545.9,533.9,537.6,5129.0,
2025-10-13,SGIL,528.0,534.95,494.6,522.35,104622.0,
2025-10-14,SGIL,529.0,543.0,522.35,530.65,17094.0,
2025-10-15,SGIL,530.65,543.9,525.4,531.6,10199.0,
2025-10-16,SGIL,531.6,534.6,522.0,527.8,9076.0,
2025-10-17,SGIL,533.1,534.3,523.1,532.2,12174.0,
2025-10-20,SGIL,540.2,546.8,524.7,537.65,6513.0,
2025-10-21,SGIL,528.0,545.0,528.0,539.05,3602.0,
2025-10-23,SGIL,547.1,547.1,530.0,532.85,11024.0,
2025-10-24,SGIL,530.3,537.75,527.6,533.6,11226.0,
2025-10-27,SGIL,539.95,539.95,525.0,532.4,6632.0,
2025-10-28,SGIL,537.7,546.65,530.0,544.85,18792.0,
2025-10-29,SGIL,550.0,550.0,530.0,531.05,10679.0,
2025-10-30,SGIL,525.35,537.1,525.35,533.2,17403.0,
2025-10-31,SGIL,533.2,533.2,530.0,531.55,3846.0,
2025-11-03,SGIL,521.3,537.95,521.3,532.55,13281.0,
2025-11-04,SGIL,533.8,538.0,527.6,533.0,9294.0,
2025-11-06,SGIL,521.5,557.0,521.5,540.15,29426.0,
2025-11-07,SGIL,537.45,548.0,533.0,543.6,19132.0,
2025-11-10,SGIL,555.95,555.95,540.0,545.15,11573.0,
2025-11-11,SGIL,532.0,549.0,532.0,547.95,23292.0,
2025-11-12,SGIL,540.0,551.9,540.0,545.3,8528.0,
2025-11-13,SGIL,545.3,576.0,530.0,570.05,88384.0,
2025-11-14,SGIL,545.6,558.6,525.0,544.7,146122.0,
2025-11-17,SGIL,539.0,555.05,539.0,548.2,20562.0,
2025-11-18,SGIL,557.8,557.8,545.0,553.65,7047.0,
2025-11-19,SGIL,550.45,553.0,542.5,546.65,31984.0,
2025-11-20,SGIL,543.2,557.85,543.2,551.25,19314.0,
2025-11-21,SGIL,547.15,554.0,542.05,549.25,43282.0,
2025-11-24,SGIL,553.0,553.0,531.6,534.95,6647.0,
2025-11-25,SGIL,531.6,555.0,531.6,550.0,48255.0,
2025-11-26,SGIL,545.95,557.95,544.5,552.45,15246.0,
2025-11-27,SGIL,560.0,563.95,548.05,550.3,12811.0,
2025-11-28,SGIL,550.75,555.55,541.95,553.65,11636.0,
2025-12-01,SGIL,553.65,556.4,553.0,553.25,6585.0,
2025-12-02,SGIL,555.8,555.8,547.0,553.65,12531.0,
2025-12-03,SGIL,553.65,556.0,546.4,552.75,9880.0,
2025-12-04,SGIL,554.8,555.0,539.5,552.7,6293.0,
2025-12-05,SGIL,556.65,570.9,548.0,552.45,15379.0,
2025-12-08,SGIL,551.05,555.0,544.05,553.05,25996.0,
2025-12-09,SGIL,554.9,554.9,540.0,548.85,54407.0,
2025-12-10,SGIL,549.55,549.7,535.1,543.25,27437.0,
2025-12-11,SGIL,541.25,547.75,526.2,532.4,13989.0,
2025-12-12,SGIL,534.4,546.6,521.2,532.35,50845.0,
2025-12-15,SGIL,538.5,543.8,525.05,539.75,46727.0,
2025-12-16,SGIL,540.85,543.0,522.05,526.3,46412.0,
2025-12-17,SGIL,531.55,533.2,516.0,529.85,12268.0,
2025-12-18,SGIL,525.4,534.75,517.25,533.2,5645.0,
2025-12-19,SGIL,532.45,533.15,525.0,530.45,7892.0,
2025-12-22,SGIL,534.95,534.95,525.35,530.45,4396.0,
2025-12-23,SGIL,530.45,533.3,527.55,531.75,6714.0,
2025-12-24,SGIL,531.35,532.5,531.0,531.2,3411.0,
2025-12-26,SGIL,525.6,532.9,504.1,512.4,36020.0,
2025-12-29,SGIL,512.4,515.0,452.05,472.75,159137.0,
2025-12-30,SGIL,470.0,489.8,466.05,472.1,37683.0,
2025-12-31,SGIL,469.0,549.9,467.95,515.15,69898.0,
2026-01-01,SGIL,528.8,529.0,489.1,503.8,20293.0,
2026-01-02,SGIL,504.1,522.0,503.35,517.8,4641.0,
2026-01-05,SGIL,524.7,524.7,505.4,510.35,8259.0,
2026-01-06,SGIL,505.25,517.3,505.05,511.0,8573.0,
2026-01-07,SGIL,508.5,519.95,508.5,513.45,6021.0,
2026-01-08,SGIL,518.6,519.0,500.0,514.8,8798.0,
2026-01-09,SGIL,512.6,533.95,495.3,508.9,100565.0,
2026-01-12,SGIL,511.45,532.0,509.05,522.6,62120.0,
2026-01-13,SGIL,526.0,526.0,504.1,507.6,6300.0,
2026-01-14,SGIL,510.15,532.0,502.5,522.25,24183.0,
2026-01-16,SGIL,517.05,530.65,504.0,505.35,39928.0,
2026-01-19,SGIL,505.35,518.9,500.2,515.1,6246.0,
2026-01-20,SGIL,505.85,519.5,485.25,493.8,47884.0,
2026-01-21,SGIL,486.4,507.95,482.35,485.75,13823.0,
2026-01-22,SGIL,483.05,510.0,483.05,499.3,5748.0,
2026-01-23,SGIL,501.0,513.0,501.0,511.9,10145.0,
2026-01-27,SGIL,501.5,517.0,501.5,512.1,9456.0,
2026-01-28,SGIL,513.65,514.95,485.1,496.5,26286.0,
2026-01-29,SGIL,496.5,516.25,496.5,515.15,10020.0,
2026-01-30,SGIL,512.2,521.7,504.1,516.05,7242.0,
2026-02-02,SGIL,520.2,537.0,520.0,530.9,4637.0,
2026-02-03,SGIL,538.9,540.05,524.3,530.45,3110.0,
2026-02-04,SGIL,535.2,574.95,531.05,553.65,15289.0,
2026-02-05,SGIL,554.0,557.55,530.0,547.15,14255.0,
2026-02-06,SGIL,555.0,555.0,525.55,550.2,11106.0,
2026-02-09,SGIL,550.15,557.1,521.0,550.15,24191.0,
2026-02-10,SGIL,547.4,553.25,535.05,543.0,10335.0,
2026-02-11,SGIL,551.1,554.0,441.1,458.65,244165.0,
2026-02-12,SGIL,460.05,504.0,420.0,491.1,339350.0,
2026-02-13,SGIL,483.7,497.8,440.0,484.25,189914.0,
2026-02-16,SGIL,475.0,535.45,466.25,515.7,230515.0,
2026-02-17,SGIL,505.5,513.7,500.0,503.05,19335.0,
2026-02-18,SGIL,500.25,515.25,491.35,510.7,15245.0,
2026-02-19,SGIL,525.0,525.0,505.0,515.15,18823.0,
2026-02-20,SGIL,519.9,522.8,506.7,510.0,5471.0,
2026-02-23,SGIL,502.5,518.5,502.5,515.2,8287.0,
2026-02-24,SGIL,515.0,524.0,515.0,519.95,7499.0,
2026-02-25,SGIL,519.95,522.4,515.0,515.65,12230.0,
2026-02-26,SGIL,515.05,518.95,514.95,516.5,9615.0,
2026-02-27,SGIL,518.6,525.5,514.45,522.4,27859.0,
2026-03-02,SGIL,522.4,531.05,501.55,517.2,29181.0,
2026-03-04,SGIL,517.0,517.0,481.65,503.35,53812.0,
2026-03-05,SGIL,500.0,515.0,500.0,501.1,9560.0,
2026-03-06,SGIL,501.85,513.0,492.2,505.0,39435.0,
2026-03-09,SGIL,490.4,505.9,470.0,501.35,25243.0,
2026-03-10,SGIL,503.8,508.8,500.1,502.3,2778.0,
2026-03-11,SGIL,509.45,509.45,475.0,499.65,202677.0,
2026-03-12,SGIL,502.15,505.15,490.7,500.15,14062.0,
2026-03-13,SGIL,493.1,505.0,491.2,500.2,31685.0,
2026-03-16,SGIL,500.0,513.65,494.2,503.15,26160.0,
2026-03-17,SGIL,503.15,505.65,491.2,495.3,13265.0,
2026-03-18,SGIL,495.3,503.0,480.0,501.8,20626.0,
2026-03-19,SGIL,497.95,503.0,497.95,500.2,6875.0,
2026-03-20,SGIL,500.05,508.0,500.0,500.65,12302.0,
2026-03-23,SGIL,493.1,499.45,483.35,485.8,18532.0,
2026-03-24,SGIL,493.1,507.0,489.5,502.35,14552.0,
2026-03-25,SGIL,507.0,507.0,493.0,494.3,4491.0,
2026-03-27,SGIL,494.0,494.0,476.1,487.65,26981.0,
2026-03-30,SGIL,480.3,491.6,475.0,477.6,34555.0,
2026-04-01,SGIL,479.0,486.5,462.7,480.1,21286.0,
2026-04-02,SGIL,480.0,490.3,476.65,485.7,7697.0,
2026-04-06,SGIL,480.25,488.8,474.35,486.35,8772.0,
2026-04-07,SGIL,487.0,492.8,480.0,482.9,10297.0,
2026-04-08,SGIL,497.4,509.9,486.65,504.8,11312.0,
2026-04-09,SGIL,505.65,505.95,495.85,500.7,2986.0,
2026-04-10,SGIL,508.0,513.3,501.3,506.1,2726.0,
2026-04-13,SGIL,504.9,505.3,496.9,500.3,8954.0,
2026-04-15,SGIL,496.2,515.0,496.2,511.9,8122.0,
2026-04-16,SGIL,506.1,516.95,506.1,513.15,5792.0,
2026-04-17,SGIL,515.75,519.3,508.0,515.45,22194.0,
2026-04-20,SGIL,519.4,524.0,515.05,520.7,10789.0,
2026-04-21,SGIL,501.9,531.8,501.9,525.9,12802.0,
2026-04-22,SGIL,525.9,533.95,525.9,530.6,5293.0,
2026-04-23,SGIL,519.95,543.9,519.95,537.25,7287.0,
2026-04-24,SGIL,533.35,534.85,530.0,530.05,6735.0,
2026-04-27,SGIL,541.0,544.0,530.0,541.2,9646.0,
2026-04-28,SGIL,541.2,545.1,535.0,543.15,9650.0,
2026-04-29,SGIL,543.15,544.25,530.0,541.4,10598.0,
2026-04-30,SGIL,539.9,562.9,539.9,550.8,18474.0,
2026-05-04,SGIL,550.9,557.9,545.05,551.05,6191.0,
2026-05-05,SGIL,540.05,563.0,540.05,550.65,11499.0,
2026-05-06,SGIL,547.9,564.0,547.9,556.55,13010.0,
2026-05-07,SGIL,560.15,565.0,550.0,561.75,12968.0,
2026-05-08,SGIL,562.0,585.0,560.0,582.05,17125.0,
2026-05-11,SGIL,584.95,612.95,580.0,602.5,22255.0,
2026-05-12,SGIL,600.0,610.0,563.3,571.85,21625.0,
2026-05-13,SGIL,570.0,587.2,556.0,565.0,6255.0,
2026-05-14,SGIL,563.3,577.95,540.0,567.55,14240.0,
2026-05-15,SGIL,599.0,599.0,560.0,561.9,3717.0,
2026-05-18,SGIL,540.05,573.95,540.05,566.15,7585.0,
2026-05-19,SGIL,574.95,585.0,506.7,550.65,57296.0,
2026-05-20,SGIL,544.85,544.85,520.0,531.4,25819.0,
2026-05-21,SGIL,537.3,546.9,495.2,507.25,48939.0,
2026-05-22,SGIL,519.5,519.5,503.8,505.8,33305.0,
2026-05-25,SGIL,505.8,525.0,502.0,514.85,13212.0,
2026-05-26,SGIL,510.0,529.8,510.0,527.9,5471.0,
2026-05-27,SGIL,527.9,534.9,525.0,533.4,10848.0,
2026-05-29,SGIL,533.4,541.75,520.2,524.85,57416.0,
2026-06-01,SGIL,543.2,543.2,520.0,528.5,54965.0,
2026-06-02,SGIL,529.95,606.6,526.4,591.9,130165.0,
2026-06-03,SGIL,594.3,600.8,551.55,557.85,26523.0,
2026-06-04,SGIL,551.0,619.7,550.0,593.9,83544.0,
2026-06-05,SGIL,598.55,598.55,562.6,571.3,10882.0,
2026-06-08,SGIL,566.5,574.95,550.0,553.35,7653.0,
2026-06-09,SGIL,556.1,571.2,551.6,556.65,6275.0,
2026-06-10,SGIL,551.9,564.7,545.6,550.7,30522.0,
2026-06-11,SGIL,550.0,560.0,542.55,551.25,11306.0,
2026-06-12,SGIL,553.0,554.95,544.5,550.9,6936.0,
2026-06-15,SGIL,564.0,567.9,548.0,563.2,14743.0,
2026-06-16,SGIL,563.2,593.75,563.2,572.4,14451.0,
2026-06-17,SGIL,592.0,595.0,581.95,587.8,10530.0,
2026-06-18,SGIL,570.35,594.9,570.35,589.95,6196.0,
2026-06-19,SGIL,586.3,594.6,582.4,586.4,4722.0,
2026-06-22,SGIL,605.4,605.4,578.1,586.8,12168.0,
2026-06-23,SGIL,595.6,614.95,585.0,590.5,18942.0,
2026-06-24,SGIL,594.9,595.05,568.0,581.85,8141.0,
2026-06-25,SGIL,584.5,590.0,575.6,583.95,4698.0,
2026-06-29,SGIL,582.0,589.65,553.05,560.4,12853.0,
2026-06-30,SGIL,560.4,590.0,560.4,585.7,6805.0,
2026-07-01,SGIL,589.05,595.95,579.05,585.45,7860.0,
2026-07-02,SGIL,580.2,584.85,557.0,560.35,13036.0,
2026-07-03,SGIL,563.05,569.0,537.05,560.35,24513.0,
2026-07-06,SGIL,562.0,595.0,562.0,582.8,12944.0,
2026-07-07,SGIL,584.95,592.25,575.0,580.2,19821.0,
2026-07-08,SGIL,578.9,594.0,578.9,580.0,17106.0,
2026-07-09,SGIL,581.2,595.6,580.0,593.9,11808.0,
2026-07-10,SGIL,593.0,630.2,590.0,603.8,23897.0,
2026-07-13,SGIL,606.0,610.9,590.0,590.45,13373.0,
2026-07-14,SGIL,590.15,599.0,590.0,595.3,6879.0,
2026-07-15,SGIL,571.3,609.9,571.3,596.45,9917.0,
2026-07-16,SGIL,615.0,615.0,589.05,597.7,9253.0,
2026-07-17,SGIL,600.0,600.7,590.0,595.4,4354.0,
2026-07-20,SGIL,596.05,614.0,595.0,610.35,6975.0,
2026-07-21,SGIL,612.1,612.1,595.0,597.1,8038.0,
2026-07-22,SGIL,608.0,608.0,574.0,582.5,5894.0,
2026-07-23,SGIL,574.95,600.0,574.95,597.75,14828.0,
2026-07-24,SGIL,585.05,602.0,585.05,596.3,4731.0,
2026-07-27,SGIL,602.4,608.95,595.0,599.75,7999.0,
2026-07-28,SGIL,609.0,609.0,595.0,600.95,6992.0,
2026-07-29,SGIL,596.1,607.95,590.05,593.15,3947.0,
2026-07-30,SGIL,590.1,599.85,590.1,596.2,3538.0,
2026-07-31,SGIL,596.75,605.25,588.5,602.5,8758.0,
2026-08-03,SGIL,615.0,625.3,590.0,592.2,8367.0,
2026-08-04,SGIL,601.55,603.25,589.15,595.1,3691.0,
2026-08-05,SGIL,604.05,604.05,596.65,600.65,2684.0,
2026-08-06,SGIL,600.0,603.0,590.0,597.1,12068.0,
2026-08-07,SGIL,600.0,604.0,595.2,603.3,9026.0,
2026-08-10,SGIL,615.0,623.0,600.1,617.9,13818.0,
2026-08-11,SGIL,619.9,626.3,604.1,608.6,4069.0,
2026-08-12,SGIL,605.0,606.9,600.0,600.15,5343.0,
2026-08-13,SGIL,624.9,624.9,526.0,538.75,82482.0,
2026-08-14,SGIL,538.75,567.15,534.05,560.85,41218.0,
2026-08-17,SGIL,560.85,561.05,538.3,549.65,26164.0,
2026-08-18,SGIL,550.2,559.8,550.0,551.2,14203.0,
2026-08-19,SGIL,554.25,560.0,550.0,555.25,4996.0,
2026-08-20,SGIL,545.0,564.0,545.0,562.05,3017.0,
2026-08-21,SGIL,565.0,569.0,553.2,564.05,9769.0,
2026-08-24,SGIL,550.6,585.0,550.6,575.85,16792.0,
2026-08-25,SGIL,575.2,583.8,564.5,575.45,13932.0,
2026-08-26,SGIL,575.0,589.0,575.0,586.5,10310.0,
2026-08-27,SGIL,586.35,599.0,583.15,597.85,20282.0,
2026-08-28,SGIL,598.7,611.9,590.0,607.7,11281.0,
2026-08-31,SGIL,621.0,621.0,577.55,603.0,5022.0,
2026-09-01,SGIL,600.6,628.5,600.0,602.4,8195.0,
2026-09-02,SGIL,603.25,607.7,580.55,590.65,6679.0,
2026-09-03,SGIL,598.8,611.05,588.95,603.8,15558.0,
2026-09-04,SGIL,612.85,612.85,600.0,606.2,4698.0,
2026-09-07,SGIL,610.0,610.0,600.0,600.85,3866.0,
2026-09-08,SGIL,605.5,606.55,585.05,588.5,16342.0,
2026-09-09,SGIL,597.9,609.0,578.7,600.55,10782.0,
2026-09-10,SGIL,600.55,606.4,600.0,602.0,3236.0,
2026-09-11,SGIL,590.8,602.45,590.0,592.2,8771.0,
2026-09-15,SGIL,592.2,608.0,586.0,590.9,16573.0,
2026-09-16,SGIL,585.0,594.2,565.9,581.5,5232.0,
2026-09-17,SGIL,606.35,606.6,583.1,592.35,4910.0,
2026-09-18,SGIL,582.45,606.35,582.45,589.3,2487.0,
2026-09-21,SGIL,589.0,609.2,589.0,598.1,14075.0,
2026-09-22,SGIL,606.0,650.0,600.05,636.8,39063.0,
2026-09-23,SGIL,660.0,697.95,632.05,668.5,84520.0,
2026-09-24,SGIL,664.4,666.35,633.35,646.6,11360.0,
2025-09-10,SIGIND,55.44,56.0,54.81,55.42,17025.0,
2025-09-11,SIGIND,54.75,56.45,54.1,54.42,15730.0,
2025-09-12,SIGIND,54.76,56.0,53.57,54.46,19890.0,
2025-09-15,SIGIND,54.4,57.18,53.54,54.47,13609.0,
2025-09-16,SIGIND,55.56,56.6,54.1,55.01,9583.0,
2025-09-17,SIGIND,54.04,56.89,54.04,55.56,34531.0,
2025-09-18,SIGIND,55.5,56.4,54.11,55.24,28944.0,
2025-09-19,SIGIND,56.38,56.38,54.3,55.54,18431.0,
2025-09-22,SIGIND,56.98,56.98,55.0,55.89,24405.0,
2025-09-23,SIGIND,55.2,56.69,54.03,54.96,24431.0,
2025-09-24,SIGIND,54.96,56.4,53.1,54.84,20852.0,
2025-09-25,SIGIND,54.24,55.59,53.0,53.56,36872.0,
2025-09-26,SIGIND,53.01,55.01,51.73,52.02,21714.0,
2025-09-29,SIGIND,52.02,52.98,51.24,51.58,20091.0,
2025-09-30,SIGIND,51.22,52.5,50.44,50.92,44750.0,
2025-10-01,SIGIND,50.11,52.89,50.11,52.23,12772.0,
2025-10-03,SIGIND,51.88,53.1,51.23,52.55,18208.0,
2025-10-06,SIGIND,52.65,53.94,51.75,51.99,14395.0,
2025-10-07,SIGIND,52.0,53.1,50.6,51.21,12567.0,
2025-10-08,SIGIND,51.21,54.59,51.21,53.56,38031.0,
2025-10-09,SIGIND,55.77,55.77,50.35,51.88,11907.0,
2025-10-10,SIGIND,52.0,55.5,52.0,54.55,8065.0,
2025-10-13,SIGIND,54.55,59.1,53.02,56.73,51670.0,
2025-10-14,SIGIND,58.4,58.84,55.1,56.43,14870.0,
2025-10-15,SIGIND,57.96,59.95,57.1,57.86,52084.0,
2025-10-16,SIGIND,59.79,60.5,58.5,59.7,33050.0,
2025-10-17,SIGIND,60.6,61.95,58.6,59.67,38632.0,
2025-10-20,SIGIND,60.1,61.85,57.3,58.91,35126.0,
2025-10-21,SIGIND,60.8,60.8,57.8,59.4,4318.0,
2025-10-23,SIGIND,60.0,60.02,58.1,58.51,10776.0,
2025-10-24,SIGIND,58.99,60.6,58.01,58.8,8170.0,
2025-10-27,SIGIND,59.99,60.54,57.4,57.68,6914.0,
2025-10-28,SIGIND,59.59,59.6,57.11,58.25,1581.0,
2025-10-29,SIGIND,57.95,59.0,56.5,58.29,7087.0,
2025-10-30,SIGIND,61.4,61.4,57.0,58.01,18102.0,
2025-10-31,SIGIND,58.99,59.0,57.55,58.28,4481.0,
2025-11-03,SIGIND,57.12,59.8,56.32,57.41,7408.0,
2025-11-04,SIGIND,58.99,59.0,56.23,56.36,7507.0,
2025-11-06,SIGIND,57.85,59.44,55.0,55.99,4978.0,
2025-11-07,SIGIND,55.15,56.59,53.9,55.15,9525.0,
2025-11-10,SIGIND,54.65,56.69,53.5,53.66,5740.0,
2025-11-11,SIGIND,53.66,56.89,53.0,55.45,4135.0,
2025-11-12,SIGIND,55.9,57.69,54.34,56.6,5476.0,
2025-11-13,SIGIND,57.8,59.79,56.5,58.52,16822.0,
2025-11-14,SIGIND,59.0,59.49,57.0,57.41,7769.0,
2025-11-17,SIGIND,59.58,59.58,57.31,57.55,13880.0,
2025-11-18,SIGIND,58.49,58.49,54.6,55.37,6752.0,
2025-11-19,SIGIND,57.49,57.49,55.06,55.38,3995.0,
2025-11-20,SIGIND,55.3,57.92,51.61,52.92,27630.0,
2025-11-21,SIGIND,55.0,55.0,52.56,53.08,9638.0,
2025-11-24,SIGIND,52.82,53.5,52.0,52.35,5535.0,
2025-11-25,SIGIND,52.06,54.29,50.2,50.78,17067.0,
2025-11-26,SIGIND,53.79,53.79,51.15,51.92,3629.0,
2025-11-27,SIGIND,51.2,52.5,50.31,50.82,16563.0,
2025-11-28,SIGIND,50.82,51.6,49.0,51.5,43214.0,
2025-12-01,SIGIND,53.02,53.02,49.8,50.38,6197.0,
2025-12-02,SIGIND,50.7,50.7,48.0,48.78,8410.0,
2025-12-03,SIGIND,50.5,51.0,48.5,50.09,15665.0,
2025-12-04,SIGIND,51.69,51.69,49.1,49.53,3596.0,
2025-12-05,SIGIND,49.7,49.94,49.05,49.13,3501.0,
2025-12-08,SIGIND,49.14,52.09,49.14,51.03,24042.0,
2025-12-09,SIGIND,49.66,51.0,47.72,49.96,45961.0,
2025-12-10,SIGIND,51.01,53.6,50.0,51.64,28703.0,
2025-12-11,SIGIND,51.7,53.75,51.7,52.68,7470.0,
2025-12-12,SIGIND,53.0,55.99,53.0,55.8,53455.0,
2025-12-15,SIGIND,55.0,56.0,54.36,54.79,10151.0,
2025-12-16,SIGIND,54.79,56.99,53.01,55.86,29756.0,
2025-12-17,SIGIND,55.8,56.57,54.12,54.54,3387.0,
2025-12-18,SIGIND,54.54,55.48,53.05,53.82,2545.0,
2025-12-19,SIGIND,54.96,57.0,54.0,55.25,12342.0,
2025-12-22,SIGIND,55.5,56.7,54.5,55.45,5743.0,
2025-12-23,SIGIND,54.2,56.55,54.2,55.48,2010.0,
2025-12-24,SIGIND,55.48,55.48,54.2,54.29,2867.0,
2025-12-26,SIGIND,54.1,55.0,53.04,54.45,4411.0,
2025-12-29,SIGIND,56.8,61.0,54.05,57.1,49496.0,
2025-12-30,SIGIND,58.46,58.46,54.1,54.42,10986.0,
2025-12-31,SIGIND,54.42,60.0,52.99,57.28,51391.0,
2026-01-01,SIGIND,57.28,59.7,54.0,54.42,46887.0,
2026-01-02,SIGIND,55.91,57.99,54.6,55.99,47442.0,
2026-01-05,SIGIND,56.5,56.5,53.05,53.5,71113.0,
2026-01-06,SIGIND,53.99,54.99,52.53,53.47,13366.0,
2026-01-07,SIGIND,54.0,54.6,52.61,52.91,15077.0,
2026-01-08,SIGIND,53.9,53.9,51.85,51.96,7220.0,
2026-01-09,SIGIND,52.9,54.5,51.53,51.94,17692.0,
2026-01-12,SIGIND,51.69,52.75,50.8,50.99,18333.0,
2026-01-13,SIGIND,51.79,51.79,48.0,48.72,25858.0,
2026-01-14,SIGIND,50.97,50.97,48.3,49.94,13057.0,
2026-01-16,SIGIND,52.48,52.48,48.53,50.08,9399.0,
2026-01-19,SIGIND,49.99,49.99,48.25,48.68,3724.0,
2026-01-20,SIGIND,48.07,48.98,45.1,46.73,16839.0,
2026-01-21,SIGIND,46.73,49.24,45.24,45.99,18729.0,
2026-01-22,SIGIND,46.92,51.99,45.55,47.2,97616.0,
2026-01-23,SIGIND,47.2,50.48,46.1,47.74,56968.0,
2026-01-27,SIGIND,49.5,49.5,46.65,47.85,8275.0,
2026-01-28,SIGIND,49.7,49.7,47.3,48.93,5452.0,
2026-01-29,SIGIND,49.01,49.7,47.66,47.79,5071.0,
2026-01-30,SIGIND,48.01,49.0,47.0,47.25,7520.0,
2026-02-02,SIGIND,48.51,48.99,46.98,47.15,5011.0,
2026-02-03,SIGIND,50.0,50.1,46.65,46.96,33570.0,
2026-02-04,SIGIND,47.9,48.34,46.26,47.85,11560.0,
2026-02-05,SIGIND,48.08,48.89,47.17,48.44,4497.0,
2026-02-06,SIGIND,48.81,50.6,47.13,50.04,10283.0,
2026-02-09,SIGIND,51.0,51.0,49.64,50.14,4065.0,
2026-02-10,SIGIND,49.6,51.49,48.2,49.56,11108.0,
2026-02-11,SIGIND,49.55,51.0,49.24,50.3,8401.0,
2026-02-12,SIGIND,51.69,51.69,48.51,49.11,4936.0,
2026-02-13,SIGIND,49.11,50.85,48.5,50.56,9998.0,
2026-02-16,SIGIND,50.9,50.9,48.71,48.95,10085.0,
2026-02-17,SIGIND,48.1,50.54,48.0,48.53,23764.0,
2026-02-18,SIGIND,50.87,50.87,48.31,48.82,4701.0,
2026-02-19,SIGIND,48.82,51.0,47.07,48.3,14537.0,
2026-02-20,SIGIND,47.16,49.0,47.15,48.03,11927.0,
2026-02-23,SIGIND,48.51,49.5,47.27,48.08,8227.0,
2026-02-24,SIGIND,48.08,48.87,43.8,45.04,98090.0,
2026-02-25,SIGIND,45.22,47.88,45.22,45.64,28741.0,
2026-02-26,SIGIND,46.98,48.48,45.65,46.15,9338.0,
2026-02-27,SIGIND,47.0,47.69,45.5,46.8,9673.0,
2026-03-02,SIGIND,44.8,46.7,43.8,46.35,16274.0,
2026-03-04,SIGIND,45.2,47.97,44.0,45.3,8054.0,
2026-03-05,SIGIND,45.0,47.0,44.21,44.91,7019.0,
2026-03-06,SIGIND,44.91,46.99,44.11,45.45,4176.0,
2026-03-09,SIGIND,46.98,46.98,42.3,44.45,6567.0,
2026-03-10,SIGIND,45.49,45.95,44.01,45.58,4498.0,
2026-03-11,SIGIND,45.5,47.89,45.04,45.67,12902.0,
2026-03-12,SIGIND,45.99,46.98,43.7,46.04,3997.0,
2026-03-13,SIGIND,47.68,47.68,44.41,44.79,8244.0,
2026-03-16,SIGIND,44.0,47.43,43.12,44.24,11473.0,
2026-03-17,SIGIND,47.5,47.5,43.8,44.02,12300.0,
2026-03-18,SIGIND,44.11,46.0,44.02,45.15,6977.0,
2026-03-19,SIGIND,44.95,45.99,42.1,43.03,10722.0,
2026-03-20,SIGIND,44.0,45.89,42.16,43.24,15437.0,
2026-03-23,SIGIND,44.69,44.69,40.66,41.49,22055.0,
2026-03-24,SIGIND,41.53,43.98,41.01,42.98,324767.0,
2026-03-25,SIGIND,44.88,47.02,43.1,45.84,25241.0,
2026-03-27,SIGIND,45.2,47.2,43.0,44.1,29547.0,
2026-03-30,SIGIND,45.89,45.89,43.5,43.75,38884.0,
2026-04-01,SIGIND,46.19,47.47,44.01,46.82,27391.0,
2026-04-02,SIGIND,46.0,47.3,44.69,46.77,7893.0,
2026-04-06,SIGIND,47.44,47.45,45.33,47.21,4469.0,
2026-04-07,SIGIND,47.25,48.79,45.75,45.94,5729.0,
2026-04-08,SIGIND,47.5,49.44,46.26,48.6,29225.0,
2026-04-09,SIGIND,49.44,51.01,47.8,48.26,33826.0,
2026-04-10,SIGIND,50.95,50.95,48.01,49.74,13183.0,
2026-04-13,SIGIND,48.9,48.9,47.8,48.21,7331.0,
2026-04-15,SIGIND,50.99,57.85,49.55,52.54,413001.0,
2026-04-16,SIGIND,53.4,54.39,51.04,51.42,31071.0,
2026-04-17,SIGIND,51.5,55.48,49.51,53.79,56778.0,
2026-04-20,SIGIND,53.94,54.89,50.0,50.61,28887.0,
2026-04-21,SIGIND,51.64,54.85,51.48,52.92,68176.0,
2026-04-22,SIGIND,53.98,53.98,48.8,49.74,102884.0,
2026-04-23,SIGIND,51.7,51.7,48.78,49.93,23449.0,
2026-04-24,SIGIND,50.6,52.52,49.07,49.53,14535.0,
2026-04-27,SIGIND,48.57,52.0,48.57,50.21,24506.0,
2026-04-28,SIGIND,50.81,52.99,50.29,51.4,28737.0,
2026-04-29,SIGIND,51.93,52.6,50.2,50.53,19039.0,
2026-04-30,SIGIND,51.96,51.96,49.7,50.27,3946.0,
2026-05-04,SIGIND,49.5,50.94,49.5,50.05,11173.0,
2026-05-05,SIGIND,50.95,50.95,49.8,49.86,4161.0,
2026-05-06,SIGIND,50.1,54.02,49.52,51.95,44035.0,
2026-05-07,SIGIND,52.01,52.99,51.1,51.99,8233.0,
2026-05-08,SIGIND,53.7,53.7,50.93,51.8,10806.0,
2026-05-11,SIGIND,52.9,52.9,50.5,50.69,4172.0,
2026-05-12,SIGIND,51.95,51.95,48.61,49.16,14923.0,
2026-05-13,SIGIND,51.4,51.4,48.31,49.21,4122.0,
2026-05-14,SIGIND,50.5,51.0,49.38,50.83,10237.0,
2026-05-15,SIGIND,50.0,52.4,48.99,49.19,16660.0,
2026-05-18,SIGIND,48.99,50.5,48.58,49.42,6283.0,
2026-05-19,SIGIND,48.6,50.19,48.25,48.99,6204.0,
2026-05-20,SIGIND,50.34,50.34,48.12,48.5,4450.0,
2026-05-21,SIGIND,50.0,51.45,48.8,49.65,7473.0,
2026-05-22,SIGIND,50.8,50.8,49.23,50.46,1376.0,
2026-05-25,SIGIND,50.46,51.4,49.15,50.2,14582.0,
2026-05-26,SIGIND,51.9,51.9,50.18,50.96,10176.0,
2026-05-27,SIGIND,52.0,52.0,50.0,50.36,11851.0,
2026-05-29,SIGIND,51.5,51.5,50.5,50.75,5478.0,
2026-06-01,SIGIND,52.0,52.9,49.51,50.0,10679.0,
2026-06-02,SIGIND,50.0,50.0,48.15,49.1,16612.0,
2026-06-03,SIGIND,50.9,50.9,48.77,49.31,7546.0,
2026-06-04,SIGIND,50.55,50.55,48.61,49.09,10683.0,
2026-06-05,SIGIND,49.09,50.5,48.65,49.29,8007.0,
2026-06-08,SIGIND,49.69,49.69,47.99,48.26,5619.0,
2026-06-09,SIGIND,49.9,50.29,46.32,48.08,19056.0,
2026-06-10,SIGIND,49.5,49.5,48.0,48.12,14721.0,
2026-06-11,SIGIND,49.5,49.5,46.41,46.7,4737.0,
2026-06-12,SIGIND,47.94,47.94,45.45,46.87,11416.0,
2026-06-15,SIGIND,48.2,50.0,47.5,49.59,21085.0,
2026-06-16,SIGIND,49.5,50.5,48.84,49.15,13939.0,
2026-06-17,SIGIND,50.0,50.0,48.68,48.86,9047.0,
2026-06-18,SIGIND,49.98,49.98,48.2,49.06,7099.0,
2026-06-19,SIGIND,49.3,50.0,48.06,48.4,4955.0,
2026-06-22,SIGIND,48.4,51.89,48.4,49.82,6644.0,
2026-06-23,SIGIND,50.75,50.75,48.11,49.04,5515.0,
2026-06-24,SIGIND,50.5,50.5,49.0,50.11,16549.0,
2026-06-25,SIGIND,49.5,50.0,47.6,47.9,14675.0,
2026-06-29,SIGIND,48.75,48.75,47.02,47.1,3166.0,
2026-06-30,SIGIND,48.0,48.7,47.0,48.16,2584.0,
2026-07-01,SIGIND,49.8,49.8,47.0,48.67,5607.0,
2026-07-02,SIGIND,47.3,48.6,47.15,47.47,8430.0,
2026-07-03,SIGIND,47.5,48.0,46.7,46.97,10156.0,
2026-07-06,SIGIND,47.0,48.0,46.5,46.6,17040.0,
2026-07-07,SIGIND,47.79,47.79,46.62,46.79,4630.0,
2026-07-08,SIGIND,46.2,47.0,45.26,46.2,17469.0,
2026-07-09,SIGIND,46.2,47.0,45.63,46.26,5508.0,
2026-07-10,SIGIND,45.35,48.85,45.35,47.33,11094.0,
2026-07-13,SIGIND,46.76,47.95,46.76,47.47,12363.0,
2026-07-14,SIGIND,48.0,48.0,45.4,45.79,39816.0,
2026-07-15,SIGIND,47.39,47.39,45.0,45.58,9044.0,
2026-07-16,SIGIND,46.98,47.46,45.08,46.13,15614.0,
2026-07-17,SIGIND,46.36,46.94,45.55,46.23,3895.0,
2026-07-20,SIGIND,47.39,47.39,45.45,46.04,5336.0,
2026-07-21,SIGIND,46.04,46.94,43.71,44.47,17179.0,
2026-07-22,SIGIND,44.47,45.9,44.0,44.35,13181.0,
2026-07-23,SIGIND,44.98,44.98,43.65,43.98,15626.0,
2026-07-24,SIGIND,45.45,45.45,43.2,44.57,13210.0,
2026-07-27,SIGIND,45.39,46.97,44.5,45.78,10379.0,
2026-07-28,SIGIND,45.75,46.71,45.0,45.78,4475.0,
2026-07-29,SIGIND,46.75,50.4,45.22,49.43,55389.0,
2026-07-30,SIGIND,49.6,50.99,48.21,49.39,77130.0,
2026-07-31,SIGIND,49.67,53.0,49.0,52.31,58056.0,
2026-08-03,SIGIND,53.41,58.5,51.1,55.93,98549.0,
2026-08-04,SIGIND,55.35,57.57,54.56,56.96,122854.0,
2026-08-05,SIGIND,58.57,62.15,57.8,61.4,160438.0,
2026-08-06,SIGIND,61.4,73.0,61.31,70.03,637807.0,
2026-08-07,SIGIND,69.9,74.95,65.35,67.79,376652.0,
2026-08-10,SIGIND,68.12,73.0,68.0,70.61,183028.0,
2026-08-11,SIGIND,69.5,73.5,69.5,71.49,128779.0,
2026-08-12,SIGIND,71.14,71.14,65.65,68.46,110819.0,
2026-08-13,SIGIND,69.99,71.94,68.12,68.58,73691.0,
2026-08-14,SIGIND,69.99,70.05,65.88,66.32,46143.0,
2026-08-17,SIGIND,68.5,72.0,66.02,71.15,65154.0,
2026-08-18,SIGIND,70.85,71.5,65.32,66.85,95414.0,
2026-08-19,SIGIND,68.89,70.9,67.0,70.32,51801.0,
2026-08-20,SIGIND,70.98,73.8,69.71,73.29,101314.0,
2026-08-21,SIGIND,74.99,74.99,71.11,72.26,31010.0,
2026-08-24,SIGIND,72.5,74.73,67.55,68.55,40106.0,
2026-08-25,SIGIND,69.99,70.8,66.0,69.29,20677.0,
2026-08-26,SIGIND,69.98,71.9,68.0,71.02,29878.0,
2026-08-27,SIGIND,72.5,72.5,69.0,71.66,13462.0,
2026-08-28,SIGIND,72.5,72.5,68.51,71.74,17670.0,
2026-08-31,SIGIND,71.73,71.73,69.0,70.63,4449.0,
2026-09-01,SIGIND,69.01,71.99,68.12,70.09,11512.0,
2026-09-02,SIGIND,68.8,72.5,68.8,71.58,26413.0,
2026-09-03,SIGIND,71.99,72.49,69.05,71.14,15643.0,
2026-09-04,SIGIND,72.45,72.45,69.01,70.37,3242.0,
2026-09-07,SIGIND,70.37,70.37,66.86,66.91,16343.0,
2026-09-08,SIGIND,66.91,70.25,66.58,69.88,19947.0,
2026-09-09,SIGIND,70.99,72.0,68.0,70.52,17737.0,
2026-09-10,SIGIND,72.4,72.4,68.0,71.12,44815.0,
2026-09-11,SIGIND,70.01,71.9,67.71,70.79,28521.0,
2026-09-15,SIGIND,71.0,71.97,68.01,68.99,11166.0,
2026-09-16,SIGIND,71.8,71.8,67.5,67.94,3919.0,
2026-09-17,SIGIND,67.94,69.9,65.12,67.96,12154.0,
2026-09-18,SIGIND,71.3,71.3,69.0,69.99,11347.0,
2026-09-21,SIGIND,72.0,72.0,69.25,71.39,17703.0,
2026-09-22,SIGIND,71.39,71.98,70.0,71.3,31901.0,
2026-09-23,SIGIND,71.0,72.2,70.5,71.8,32161.0,
2026-09-24,SIGIND,71.4,74.95,69.7,70.56,21254.0,
2025-09-10,SILVERTUC,710.0,748.0,692.5,735.25,93382.0,
2025-09-11,SILVERTUC,730.0,742.3,718.0,723.1,11628.0,
2025-09-12,SILVERTUC,738.85,738.85,720.0,725.7,8465.0,
2025-09-15,SILVERTUC,726.0,762.0,722.95,741.4,57603.0,
2025-09-16,SILVERTUC,747.35,756.0,729.0,741.2,107289.0,
2025-09-17,SILVERTUC,745.0,745.0,715.05,728.5,17882.0,
2025-09-18,SILVERTUC,729.0,736.0,725.0,730.3,3627.0,
2025-09-19,SILVERTUC,730.9,732.45,720.0,725.05,2138.0,
2025-09-22,SILVERTUC,725.05,743.0,720.45,731.55,9095.0,
2025-09-23,SILVERTUC,731.55,736.05,720.4,725.9,12772.0,
2025-09-24,SILVERTUC,726.9,744.45,722.85,738.9,7835.0,
2025-09-25,SILVERTUC,735.8,744.6,725.65,739.25,3979.0,
2025-09-26,SILVERTUC,745.0,745.0,705.55,709.7,13014.0,
2025-09-29,SILVERTUC,714.2,726.95,712.0,715.85,3994.0,
2025-09-30,SILVERTUC,725.0,725.0,705.0,709.0,3840.0,
2025-10-01,SILVERTUC,723.0,729.0,695.75,706.95,17141.0,
2025-10-03,SILVERTUC,712.0,719.95,706.4,713.45,23550.0,
2025-10-06,SILVERTUC,729.0,729.0,694.95,711.75,16760.0,
2025-10-07,SILVERTUC,720.0,738.1,714.05,732.4,8822.0,
2025-10-08,SILVERTUC,735.0,744.95,731.15,740.7,10872.0,
2025-10-09,SILVERTUC,740.05,753.0,731.65,742.45,33920.0,
2025-10-10,SILVERTUC,748.0,754.0,730.0,741.0,32413.0,
2025-10-13,SILVERTUC,731.1,744.4,730.0,736.9,20861.0,
2025-10-14,SILVERTUC,745.0,745.0,720.8,729.25,12606.0,
2025-10-15,SILVERTUC,749.9,749.9,710.0,719.95,20273.0,
2025-10-16,SILVERTUC,727.0,733.0,705.35,718.8,18072.0,
2025-10-17,SILVERTUC,718.0,730.95,675.8,695.35,54212.0,
2025-10-20,SILVERTUC,710.0,710.0,692.45,698.05,6004.0,
2025-10-21,SILVERTUC,710.0,720.0,705.75,710.25,10621.0,
2025-10-23,SILVERTUC,723.95,735.05,709.0,731.7,22420.0,
2025-10-24,SILVERTUC,739.0,739.0,706.7,715.05,24643.0,
2025-10-27,SILVERTUC,720.75,720.75,708.1,715.75,21248.0,
2025-10-28,SILVERTUC,720.9,732.0,705.15,727.4,28154.0,
2025-10-29,SILVERTUC,732.9,771.0,723.95,761.35,56159.0,
2025-10-30,SILVERTUC,789.0,789.0,756.5,768.75,67616.0,
2025-10-31,SILVERTUC,768.95,775.0,760.7,769.45,42871.0,
2025-11-03,SILVERTUC,777.15,778.0,757.6,767.3,35801.0,
2025-11-04,SILVERTUC,774.0,774.0,747.0,759.75,32598.0,
2025-11-06,SILVERTUC,751.25,800.0,731.05,789.75,70417.0,
2025-11-07,SILVERTUC,789.95,848.0,777.75,824.6,210601.0,
2025-11-10,SILVERTUC,830.0,849.25,774.6,814.7,65452.0,
2025-11-11,SILVERTUC,826.9,849.0,791.2,826.0,223618.0,
2025-11-12,SILVERTUC,830.0,839.05,808.0,820.85,94224.0,
2025-11-13,SILVERTUC,825.0,825.0,779.0,786.25,121305.0,
2025-11-14,SILVERTUC,792.55,808.9,782.2,805.8,65540.0,
2025-11-17,SILVERTUC,814.9,833.5,805.8,823.4,157049.0,
2025-11-18,SILVERTUC,823.4,866.0,820.2,830.45,196356.0,
2025-11-19,SILVERTUC,830.5,840.0,810.9,818.55,72518.0,
2025-11-20,SILVERTUC,819.95,825.0,800.0,817.05,57019.0,
2025-11-21,SILVERTUC,824.4,829.4,792.0,800.8,42268.0,
2025-11-24,SILVERTUC,800.8,800.8,771.8,793.1,65272.0,
2025-11-25,SILVERTUC,797.1,801.0,779.9,791.25,38051.0,
2025-11-26,SILVERTUC,800.0,800.0,767.0,783.1,83018.0,
2025-11-27,SILVERTUC,794.0,794.0,759.9,767.15,51172.0,
2025-11-28,SILVERTUC,765.0,789.0,764.95,781.25,33624.0,
2025-12-01,SILVERTUC,771.0,787.55,738.6,777.9,256676.0,
2025-12-02,SILVERTUC,779.8,788.0,760.0,768.0,116619.0,
2025-12-03,SILVERTUC,774.15,774.15,751.4,756.7,46200.0,
2025-12-04,SILVERTUC,760.0,762.0,735.0,746.2,71654.0,
2025-12-05,SILVERTUC,749.95,772.5,734.2,737.4,47921.0,
2025-12-08,SILVERTUC,744.3,744.3,720.0,726.05,42641.0,
2025-12-09,SILVERTUC,720.0,744.0,708.15,740.25,94324.0,
2025-12-10,SILVERTUC,735.0,786.0,728.0,781.75,139267.0,
2025-12-11,SILVERTUC,785.0,802.0,761.0,792.6,61756.0,
2025-12-12,SILVERTUC,798.0,814.8,775.0,798.8,206093.0,
2025-12-15,SILVERTUC,805.0,850.0,801.45,824.85,162190.0,
2025-12-16,SILVERTUC,824.85,886.0,815.4,878.4,239440.0,
2025-12-17,SILVERTUC,876.4,881.0,825.0,835.1,181584.0,
2025-12-18,SILVERTUC,835.1,857.7,832.4,843.95,55106.0,
2025-12-19,SILVERTUC,844.7,861.9,832.55,849.6,173540.0,
2025-12-22,SILVERTUC,861.1,880.0,855.0,871.35,132709.0,
2025-12-23,SILVERTUC,872.8,879.5,855.0,868.6,64693.0,
2025-12-24,SILVERTUC,874.7,912.65,861.45,900.9,226880.0,
2025-12-26,SILVERTUC,899.7,899.7,855.05,880.0,148569.0,
2025-12-29,SILVERTUC,880.1,914.7,877.0,908.45,170908.0,
2025-12-30,SILVERTUC,916.0,1048.8,910.0,1011.85,1636273.0,
2025-12-31,SILVERTUC,1036.0,1117.45,1030.15,1096.15,1032793.0,
2026-01-01,SILVERTUC,1080.0,1123.0,1055.0,1104.4,145513.0,
2026-01-02,SILVERTUC,1179.0,1320.0,1125.0,1248.5,1530990.0,
2026-01-05,SILVERTUC,1330.0,1373.3,1267.0,1351.6,644896.0,
2026-01-06,SILVERTUC,1341.9,1480.0,1322.0,1437.9,781552.0,
2026-01-07,SILVERTUC,1437.8,1581.6,1432.1,1581.6,1186267.0,
2026-01-08,SILVERTUC,1625.0,1650.0,1502.6,1609.8,1078346.0,
2026-01-09,SILVERTUC,1634.9,1690.2,1616.6,1667.0,637789.0,
2026-01-12,SILVERTUC,1655.0,1660.0,1583.7,1583.7,213034.0,
2026-01-13,SILVERTUC,1537.0,1564.0,1504.6,1510.6,312213.0,
2026-01-14,SILVERTUC,1510.0,1551.0,1442.4,1529.4,208034.0,
2026-01-16,SILVERTUC,1560.0,1605.8,1540.1,1602.6,213235.0,
2026-01-19,SILVERTUC,1606.0,1645.0,1578.0,1602.2,171465.0,
2026-01-20,SILVERTUC,1586.0,1597.9,1522.1,1522.1,61621.0,
2026-01-21,SILVERTUC,1457.0,1494.9,1446.0,1446.0,87374.0,
2026-01-22,SILVERTUC,1400.0,1434.0,1373.7,1382.5,79509.0,
2026-01-23,SILVERTUC,1380.0,1451.6,1380.0,1451.6,70492.0,
2026-01-27,SILVERTUC,1524.0,1524.0,1390.0,1428.6,62755.0,
2026-01-28,SILVERTUC,1435.0,1464.0,1357.2,1359.8,53923.0,
2026-01-29,SILVERTUC,1355.0,1361.0,1302.2,1317.4,59636.0,
2026-01-30,SILVERTUC,1324.0,1383.2,1317.7,1383.2,63441.0,
2026-02-02,SILVERTUC,1498.0,1523.0,1379.7,1418.6,75216.0,
2026-02-03,SILVERTUC,1474.6,1474.6,1393.6,1402.5,46543.0,
2026-02-04,SILVERTUC,1409.0,1419.0,1397.5,1407.8,44931.0,
2026-02-05,SILVERTUC,1380.2,1409.8,1339.3,1347.2,45070.0,
2026-02-06,SILVERTUC,1350.0,1384.0,1305.0,1367.0,69737.0,
2026-02-09,SILVERTUC,1375.0,1389.8,1346.2,1377.5,40715.0,
2026-02-10,SILVERTUC,1380.0,1418.8,1314.0,1326.2,63846.0,
2026-02-11,SILVERTUC,1335.0,1349.0,1301.0,1330.5,41201.0,
2026-02-12,SILVERTUC,1337.1,1343.1,1315.1,1337.2,36029.0,
2026-02-13,SILVERTUC,1336.0,1336.0,1270.4,1270.4,48192.0,
2026-02-16,SILVERTUC,1270.4,1293.6,1211.0,1269.6,49929.0,
2026-02-17,SILVERTUC,1280.0,1309.9,1262.1,1277.8,45823.0,
2026-02-18,SILVERTUC,1301.4,1304.1,1267.1,1286.6,29004.0,
2026-02-19,SILVERTUC,1284.0,1350.9,1284.0,1340.2,54133.0,
2026-02-20,SILVERTUC,1340.3,1399.0,1335.0,1392.5,50409.0,
2026-02-23,SILVERTUC,1415.6,1462.0,1400.2,1451.3,65241.0,
2026-02-24,SILVERTUC,1484.8,1484.8,1405.0,1430.2,55241.0,
2026-02-25,SILVERTUC,1423.3,1489.0,1410.3,1432.9,71255.0,
2026-02-26,SILVERTUC,1439.8,1453.9,1414.0,1443.4,39706.0,
2026-02-27,SILVERTUC,1443.1,1474.0,1405.2,1412.5,39104.0,
2026-03-02,SILVERTUC,1365.0,1438.9,1342.0,1369.6,50868.0,
2026-03-04,SILVERTUC,1360.0,1360.0,1305.1,1312.7,37867.0,
2026-03-05,SILVERTUC,1335.0,1375.0,1320.2,1345.9,95800.0,
2026-03-06,SILVERTUC,137.9,141.3,137.9,141.3,239632.0,
2026-03-09,SILVERTUC,134.3,134.3,134.3,134.3,26089.0,
2026-03-10,SILVERTUC,133.0,133.0,127.6,127.6,216112.0,
2026-03-11,SILVERTUC,123.0,125.0,121.3,121.6,337375.0,
2026-03-12,SILVERTUC,118.0,119.8,115.6,116.3,363635.0,
2026-03-13,SILVERTUC,113.4,113.4,110.5,110.5,101836.0,
2026-03-16,SILVERTUC,112.9,113.0,105.0,105.6,290107.0,
2026-03-17,SILVERTUC,108.1,110.8,100.5,106.6,396239.0,
2026-03-18,SILVERTUC,110.0,111.9,108.6,111.9,142248.0,
2026-03-19,SILVERTUC,108.5,117.4,108.5,117.2,137134.0,
2026-03-20,SILVERTUC,117.4,123.0,117.4,123.0,173563.0,
2026-03-23,SILVERTUC,122.5,129.0,116.9,116.9,312524.0,
2026-03-24,SILVERTUC,119.6,119.6,111.1,111.3,279457.0,
2026-03-25,SILVERTUC,113.9,116.8,112.1,114.2,201936.0,
2026-03-27,SILVERTUC,114.2,118.0,108.5,108.5,175306.0,
2026-03-30,SILVERTUC,105.0,108.5,103.1,103.8,161492.0,
2026-04-01,SILVERTUC,104.7,108.99,104.7,108.99,18434.0,
2026-04-02,SILVERTUC,107.98,114.43,105.72,114.43,161088.0,
2026-04-06,SILVERTUC,118.89,119.7,116.35,118.67,147489.0,
2026-04-07,SILVERTUC,120.0,123.89,118.46,123.46,141579.0,
2026-04-08,SILVERTUC,127.7,128.7,125.3,128.16,291102.0,
2026-04-09,SILVERTUC,130.0,131.03,126.5,127.72,185440.0,
2026-04-10,SILVERTUC,127.72,130.0,125.0,127.61,130385.0,
2026-04-13,SILVERTUC,127.61,127.61,122.31,124.52,83516.0,
2026-04-15,SILVERTUC,127.99,130.0,126.0,126.66,171646.0,
2026-04-16,SILVERTUC,126.7,127.83,122.42,124.69,215769.0,
2026-04-17,SILVERTUC,125.5,129.5,123.5,125.43,185678.0,
2026-04-20,SILVERTUC,125.43,126.7,121.5,123.34,203177.0,
2026-04-21,SILVERTUC,124.5,129.5,121.51,129.47,412937.0,
2026-04-22,SILVERTUC,129.47,135.94,129.47,135.94,231113.0,
2026-04-23,SILVERTUC,136.5,140.79,129.2,134.59,553622.0,
2026-04-24,SILVERTUC,134.6,140.0,131.0,139.27,364804.0,
2026-04-27,SILVERTUC,141.0,146.23,140.3,146.23,303413.0,
2026-04-28,SILVERTUC,149.0,153.54,146.18,153.54,559168.0,
2026-04-29,SILVERTUC,158.99,161.21,155.05,161.21,527648.0,
2026-04-30,SILVERTUC,164.7,168.0,157.0,163.42,929998.0,
2026-05-04,SILVERTUC,164.9,169.0,155.25,159.75,668950.0,
2026-05-05,SILVERTUC,157.0,163.0,155.62,160.39,414447.0,
2026-05-06,SILVERTUC,163.99,168.4,159.2,166.46,610944.0,
2026-05-07,SILVERTUC,168.74,168.75,163.48,167.78,530666.0,
2026-05-08,SILVERTUC,168.2,168.8,163.0,163.63,611221.0,
2026-05-11,SILVERTUC,164.2,165.0,155.45,155.45,387188.0,
2026-05-12,SILVERTUC,149.6,152.35,147.68,147.68,146841.0,
2026-05-13,SILVERTUC,140.3,151.96,140.3,147.77,721909.0,
2026-05-14,SILVERTUC,146.25,151.26,145.11,149.35,315582.0,
2026-05-15,SILVERTUC,151.99,152.9,146.41,148.1,317297.0,
2026-05-18,SILVERTUC,146.0,146.94,140.7,143.49,284788.0,
2026-05-19,SILVERTUC,144.0,147.5,143.1,146.05,328876.0,
2026-05-20,SILVERTUC,146.5,152.25,142.53,149.55,435821.0,
2026-05-21,SILVERTUC,150.0,152.67,142.08,142.5,315681.0,
2026-05-22,SILVERTUC,144.4,147.9,142.42,146.68,418941.0,
2026-05-25,SILVERTUC,151.0,151.9,143.97,145.72,337981.0,
2026-05-26,SILVERTUC,141.5,153.0,141.5,152.74,302688.0,
2026-05-27,SILVERTUC,154.0,160.37,154.0,160.36,400190.0,
2026-05-29,SILVERTUC,161.79,168.37,155.52,168.31,907419.0,
2026-06-01,SILVERTUC,174.0,176.72,172.02,176.72,147408.0,
2026-06-02,SILVERTUC,183.0,183.99,171.2,174.83,1036095.0,
2026-06-03,SILVERTUC,176.0,180.94,171.0,175.13,527804.0,
2026-06-04,SILVERTUC,175.0,177.0,168.9,173.08,428381.0,
2026-06-05,SILVERTUC,175.5,181.2,173.06,178.83,697573.0,
2026-06-08,SILVERTUC,178.08,187.77,177.0,187.77,405415.0,
2026-06-09,SILVERTUC,187.77,194.33,182.0,185.98,680594.0,
2026-06-10,SILVERTUC,187.26,194.7,183.0,184.93,560029.0,
2026-06-11,SILVERTUC,185.0,193.1,181.23,189.37,591438.0,
2026-06-12,SILVERTUC,190.98,198.83,189.45,198.78,698308.0,
2026-06-15,SILVERTUC,204.0,208.71,200.03,208.36,718929.0,
2026-06-16,SILVERTUC,210.0,212.7,197.95,198.08,597686.0,
2026-06-17,SILVERTUC,191.64,203.0,190.11,195.35,493145.0,
2026-06-18,SILVERTUC,196.8,200.34,185.59,185.69,411592.0,
2026-06-19,SILVERTUC,180.0,187.79,179.9,186.06,444863.0,
2026-06-22,SILVERTUC,183.7,195.36,183.7,195.03,366639.0,
2026-06-23,SILVERTUC,195.99,196.51,188.0,190.12,333087.0,
2026-06-24,SILVERTUC,191.0,195.98,187.75,190.68,245337.0,
2026-06-25,SILVERTUC,191.86,192.09,183.0,184.59,300542.0,
2026-06-29,SILVERTUC,185.0,188.98,175.54,178.33,395791.0,
2026-06-30,SILVERTUC,180.0,187.24,178.2,185.51,494004.0,
2026-07-01,SILVERTUC,185.0,187.9,177.65,179.85,358010.0,
2026-07-02,SILVERTUC,178.02,182.85,175.24,178.56,422902.0,
2026-07-03,SILVERTUC,180.0,183.2,177.76,182.15,394270.0,
2026-07-06,SILVERTUC,184.99,186.0,178.22,183.54,287699.0,
2026-07-07,SILVERTUC,184.5,184.5,174.63,181.33,407766.0,
2026-07-08,SILVERTUC,184.5,190.39,181.81,187.9,782768.0,
2026-07-09,SILVERTUC,189.0,194.0,185.25,187.47,557624.0,
2026-07-10,SILVERTUC,187.47,190.0,178.1,179.19,662647.0,
2026-07-13,SILVERTUC,174.2,188.14,170.24,188.08,616862.0,
2026-07-14,SILVERTUC,189.0,197.48,188.8,195.14,954458.0,
2026-07-15,SILVERTUC,197.0,204.89,196.5,198.26,610943.0,
2026-07-16,SILVERTUC,198.26,199.89,191.0,195.96,366608.0,
2026-07-17,SILVERTUC,198.0,199.79,189.0,197.72,583223.0,
2026-07-20,SILVERTUC,198.8,202.49,190.6,194.24,361515.0,
2026-07-21,SILVERTUC,195.0,198.88,191.0,194.21,227273.0,
2026-07-22,SILVERTUC,194.54,201.55,192.1,195.93,303960.0,
2026-07-23,SILVERTUC,196.9,202.17,191.01,191.99,335024.0,
2026-07-24,SILVERTUC,192.22,201.5,187.77,200.14,428954.0,
2026-07-27,SILVERTUC,207.0,208.99,198.14,202.42,498869.0,
2026-07-28,SILVERTUC,203.9,209.8,201.63,204.66,342455.0,
2026-07-29,SILVERTUC,208.5,211.5,199.33,209.99,713084.0,
2026-07-30,SILVERTUC,211.03,216.8,203.4,206.8,1089247.0,
2026-07-31,SILVERTUC,207.84,215.65,199.4,201.79,1957253.0,
2026-08-03,SILVERTUC,202.0,207.7,192.25,197.38,699145.0,
2026-08-04,SILVERTUC,197.99,202.6,191.3,193.54,389873.0,
2026-08-05,SILVERTUC,195.5,195.51,188.51,191.86,481752.0,
2026-08-06,SILVERTUC,192.0,196.1,189.54,193.6,720934.0,
2026-08-07,SILVERTUC,193.9,201.5,193.0,195.88,458422.0,
2026-08-10,SILVERTUC,195.88,206.5,195.08,203.18,574745.0,
2026-08-11,SILVERTUC,206.0,210.0,205.0,206.52,509162.0,
2026-08-12,SILVERTUC,207.11,208.76,203.0,205.88,490828.0,
2026-08-13,SILVERTUC,206.47,209.0,203.3,206.32,344944.0,
2026-08-14,SILVERTUC,206.32,214.5,205.63,209.29,593952.0,
2026-08-17,SILVERTUC,210.0,213.0,191.15,197.27,686481.0,
2026-08-18,SILVERTUC,194.33,197.0,192.1,195.47,328326.0,
2026-08-19,SILVERTUC,195.0,199.0,192.75,196.52,361130.0,
2026-08-20,SILVERTUC,197.9,197.9,193.05,195.33,362021.0,
2026-08-21,SILVERTUC,194.0,196.8,184.1,185.94,457245.0,
2026-08-24,SILVERTUC,185.11,188.8,177.62,180.13,515595.0,
2026-08-25,SILVERTUC,180.19,183.4,173.11,181.64,527452.0,
2026-08-26,SILVERTUC,184.86,184.88,175.5,178.96,390206.0,
2026-08-27,SILVERTUC,178.6,182.35,176.0,178.58,349824.0,
2026-08-28,SILVERTUC,177.52,184.0,176.5,178.22,402133.0,
2026-08-31,SILVERTUC,178.22,182.0,168.25,172.27,602062.0,
2026-09-01,SILVERTUC,173.0,179.19,169.07,171.12,565150.0,
2026-09-02,SILVERTUC,171.5,175.74,169.22,173.81,385462.0,
2026-09-03,SILVERTUC,177.0,181.0,165.1,169.72,654744.0,
2026-09-04,SILVERTUC,169.38,170.4,166.68,167.97,373676.0,
2026-09-07,SILVERTUC,167.48,168.39,161.34,163.56,377764.0,
2026-09-08,SILVERTUC,163.5,165.21,160.2,161.1,413174.0,
2026-09-09,SILVERTUC,161.0,165.65,157.99,159.96,418255.0,
2026-09-10,SILVERTUC,161.1,161.1,143.97,152.0,2242513.0,
2026-09-11,SILVERTUC,151.15,157.59,150.0,152.49,529921.0,
2026-09-15,SILVERTUC,155.98,157.9,146.12,149.66,420284.0,
2026-09-16,SILVERTUC,151.7,157.0,148.85,153.05,370310.0,
2026-09-17,SILVERTUC,153.05,155.57,148.2,149.08,290398.0,
2026-09-18,SILVERTUC,149.08,149.09,144.4,146.28,310512.0,
2026-09-21,SILVERTUC,144.12,160.9,142.52,160.7,1166674.0,
2026-09-22,SILVERTUC,162.5,164.71,155.15,155.89,655906.0,
2026-09-23,SILVERTUC,158.0,158.61,151.0,152.99,260207.0,
2026-09-24,SILVERTUC,153.0,154.4,146.0,147.51,700732.0,
2025-09-10,SINCLAIR,112.9,113.01,110.57,111.13,64095.0,
2025-09-11,SINCLAIR,110.55,114.75,110.55,111.61,132641.0,
2025-09-12,SINCLAIR,111.01,114.0,111.0,111.3,94479.0,
2025-09-15,SINCLAIR,110.5,113.51,109.37,110.0,187795.0,
2025-09-16,SINCLAIR,110.01,110.87,106.8,107.37,250075.0,
2025-09-17,SINCLAIR,108.0,112.48,107.55,108.63,191536.0,
2025-09-18,SINCLAIR,109.5,110.79,102.61,104.15,226877.0,
2025-09-19,SINCLAIR,104.94,109.0,103.76,107.72,106303.0,
2025-09-22,SINCLAIR,110.0,110.0,105.0,105.84,198920.0,
2025-09-23,SINCLAIR,104.8,108.05,102.22,102.72,186322.0,
2025-09-24,SINCLAIR,103.23,103.51,96.95,97.79,222220.0,
2025-09-25,SINCLAIR,98.01,101.3,97.1,99.27,95357.0,
2025-09-26,SINCLAIR,98.57,99.7,96.48,97.33,67420.0,
2025-09-29,SINCLAIR,96.0,98.9,96.0,96.81,38823.0,
2025-09-30,SINCLAIR,97.76,100.69,97.0,99.36,87855.0,
2025-10-01,SINCLAIR,100.2,100.2,97.5,98.28,34689.0,
2025-10-03,SINCLAIR,98.0,100.88,97.79,99.17,47014.0,
2025-10-06,SINCLAIR,98.76,99.84,95.52,99.15,66392.0,
2025-10-07,SINCLAIR,100.14,101.13,98.71,99.07,44016.0,
2025-10-08,SINCLAIR,99.8,100.06,98.43,98.62,28951.0,
2025-10-09,SINCLAIR,98.62,99.6,96.9,97.24,71208.0,
2025-10-10,SINCLAIR,97.02,98.91,97.0,97.95,50801.0,
2025-10-13,SINCLAIR,97.02,98.72,96.0,96.35,30142.0,
2025-10-14,SINCLAIR,96.67,97.07,94.6,94.92,48162.0,
2025-10-15,SINCLAIR,94.01,97.0,94.01,96.28,25644.0,
2025-10-16,SINCLAIR,96.28,97.29,94.73,95.29,25956.0,
2025-10-17,SINCLAIR,95.11,95.88,93.86,94.18,58694.0,
2025-10-20,SINCLAIR,95.33,96.95,94.0,96.49,39243.0,
2025-10-21,SINCLAIR,98.0,98.0,96.11,97.29,18112.0,
2025-10-23,SINCLAIR,97.0,97.12,95.25,96.43,30077.0,
2025-10-24,SINCLAIR,96.0,99.75,95.99,98.13,46423.0,
2025-10-27,SINCLAIR,97.2,99.0,95.9,98.53,68581.0,
2025-10-28,SINCLAIR,97.02,98.69,97.02,97.65,32857.0,
2025-10-29,SINCLAIR,97.05,97.3,95.55,96.6,28995.0,
2025-10-30,SINCLAIR,96.6,98.19,94.93,95.93,37843.0,
2025-10-31,SINCLAIR,95.93,97.95,94.02,94.64,39896.0,
2025-11-03,SINCLAIR,94.64,95.1,91.25,92.86,117873.0,
2025-11-04,SINCLAIR,92.05,93.89,90.91,91.18,72480.0,
2025-11-06,SINCLAIR,90.19,91.98,89.02,89.51,66268.0,
2025-11-07,SINCLAIR,89.51,91.89,88.52,89.38,33529.0,
2025-11-10,SINCLAIR,91.18,91.18,86.56,87.92,58025.0,
2025-11-11,SINCLAIR,84.0,87.88,84.0,85.69,84340.0,
2025-11-12,SINCLAIR,85.69,91.44,85.69,90.13,68688.0,
2025-11-13,SINCLAIR,91.25,91.41,89.13,89.88,66699.0,
2025-11-14,SINCLAIR,90.17,91.0,89.1,90.06,47377.0,
2025-11-17,SINCLAIR,90.55,90.55,87.1,87.31,44928.0,
2025-11-18,SINCLAIR,87.66,87.78,86.04,86.58,47129.0,
2025-11-19,SINCLAIR,86.58,88.0,86.0,86.39,17942.0,
2025-11-20,SINCLAIR,86.39,87.53,85.26,86.04,22817.0,
2025-11-21,SINCLAIR,86.04,89.08,85.85,87.74,44414.0,
2025-11-24,SINCLAIR,87.74,87.74,84.02,84.46,60588.0,
2025-11-25,SINCLAIR,84.46,85.99,84.0,84.27,24283.0,
2025-11-26,SINCLAIR,84.31,86.38,84.0,85.34,53734.0,
2025-11-27,SINCLAIR,85.34,88.3,84.0,84.19,99798.0,
2025-11-28,SINCLAIR,84.2,86.23,84.2,85.13,17747.0,
2025-12-01,SINCLAIR,84.99,85.75,83.98,84.72,42140.0,
2025-12-02,SINCLAIR,83.5,84.68,83.5,84.06,9730.0,
2025-12-03,SINCLAIR,84.06,88.99,80.1,85.45,183203.0,
2025-12-04,SINCLAIR,86.41,86.41,83.25,83.51,38334.0,
2025-12-05,SINCLAIR,82.8,85.7,82.5,84.19,26802.0,
2025-12-08,SINCLAIR,85.9,85.9,82.21,84.25,42441.0,
2025-12-09,SINCLAIR,83.77,85.25,81.42,84.63,23080.0,
2025-12-10,SINCLAIR,85.07,85.4,82.2,83.21,13326.0,
2025-12-11,SINCLAIR,83.21,86.47,82.74,84.59,40765.0,
2025-12-12,SINCLAIR,83.32,85.47,82.61,83.27,27186.0,
2025-12-15,SINCLAIR,83.3,84.48,82.25,83.03,35801.0,
2025-12-16,SINCLAIR,83.06,84.69,82.18,83.21,49339.0,
2025-12-17,SINCLAIR,84.37,84.37,82.2,82.49,49788.0,
2025-12-18,SINCLAIR,82.63,83.07,81.3,81.74,18285.0,
2025-12-19,SINCLAIR,82.53,88.0,81.6,84.79,35512.0,
2025-12-22,SINCLAIR,86.06,86.06,83.6,85.36,24466.0,
2025-12-23,SINCLAIR,86.21,86.21,83.41,85.24,20280.0,
2025-12-24,SINCLAIR,85.65,85.65,83.0,83.37,25439.0,
2025-12-26,SINCLAIR,83.0,83.74,82.25,82.64,34930.0,
2025-12-29,SINCLAIR,83.01,83.85,81.53,83.1,73841.0,
2025-12-30,SINCLAIR,83.58,84.0,81.09,83.69,75384.0,
2025-12-31,SINCLAIR,84.16,85.49,83.4,83.98,25276.0,
2026-01-01,SINCLAIR,84.96,84.96,83.01,83.44,6841.0,
2026-01-02,SINCLAIR,84.0,84.01,82.5,82.94,33773.0,
2026-01-05,SINCLAIR,83.05,84.31,81.25,83.85,55199.0,
2026-01-06,SINCLAIR,83.67,83.67,81.41,82.91,30398.0,
2026-01-07,SINCLAIR,82.97,83.52,82.31,83.38,13405.0,
2026-01-08,SINCLAIR,83.27,83.85,80.0,81.33,49681.0,
2026-01-09,SINCLAIR,81.0,82.3,79.05,79.79,74788.0,
2026-01-12,SINCLAIR,80.9,80.9,76.0,80.09,85468.0,
2026-01-13,SINCLAIR,80.78,82.95,79.97,81.76,25404.0,
2026-01-14,SINCLAIR,81.4,83.18,79.8,81.49,27070.0,
2026-01-16,SINCLAIR,81.5,82.99,80.57,80.96,10482.0,
2026-01-19,SINCLAIR,80.13,81.62,77.41,78.95,40633.0,
2026-01-20,SINCLAIR,79.02,79.25,76.05,77.95,53658.0,
2026-01-21,SINCLAIR,79.09,79.78,75.8,77.53,59003.0,
2026-01-22,SINCLAIR,79.01,83.28,78.61,81.03,46106.0,
2026-01-23,SINCLAIR,81.43,81.43,76.4,77.55,43089.0,
2026-01-27,SINCLAIR,76.24,79.09,76.21,78.12,18141.0,
2026-01-28,SINCLAIR,78.83,79.49,77.4,77.87,22368.0,
2026-01-29,SINCLAIR,78.07,78.68,76.31,76.79,23115.0,
2026-01-30,SINCLAIR,76.12,78.14,76.12,76.46,47250.0,
2026-02-02,SINCLAIR,78.46,86.2,75.16,78.24,258132.0,
2026-02-03,SINCLAIR,83.98,83.98,77.2,78.24,94638.0,
2026-02-04,SINCLAIR,78.0,78.4,77.1,78.07,30080.0,
2026-02-05,SINCLAIR,78.69,79.11,76.18,77.13,28533.0,
2026-02-06,SINCLAIR,77.65,79.21,76.25,78.99,58482.0,
2026-02-09,SINCLAIR,78.99,79.87,76.59,77.67,73845.0,
2026-02-10,SINCLAIR,79.2,80.55,78.1,78.87,59275.0,
2026-02-11,SINCLAIR,78.87,81.95,75.55,77.06,80613.0,
2026-02-12,SINCLAIR,77.0,77.52,75.26,75.89,26395.0,
2026-02-13,SINCLAIR,75.74,76.89,74.1,75.97,61004.0,
2026-02-16,SINCLAIR,75.97,77.57,75.11,76.66,28866.0,
2026-02-17,SINCLAIR,76.65,77.52,76.02,76.23,12116.0,
2026-02-18,SINCLAIR,75.5,77.77,74.5,75.07,23971.0,
2026-02-19,SINCLAIR,75.07,76.38,73.9,74.76,50014.0,
2026-02-20,SINCLAIR,74.76,75.59,73.64,73.95,17473.0,
2026-02-23,SINCLAIR,73.95,74.9,73.08,73.73,22251.0,
2026-02-24,SINCLAIR,73.89,77.9,72.62,74.71,121100.0,
2026-02-25,SINCLAIR,73.65,74.58,72.38,73.95,42242.0,
2026-02-26,SINCLAIR,73.15,77.0,73.15,75.01,86493.0,
2026-02-27,SINCLAIR,74.25,80.19,74.25,77.33,109439.0,
2026-03-02,SINCLAIR,71.8,77.03,71.8,75.98,110178.0,
2026-03-04,SINCLAIR,74.0,78.0,71.02,75.15,111812.0,
2026-03-05,SINCLAIR,75.96,78.6,74.27,77.69,68087.0,
2026-03-06,SINCLAIR,77.69,78.2,74.21,74.56,111699.0,
2026-03-09,SINCLAIR,74.0,74.26,71.4,73.26,26902.0,
2026-03-10,SINCLAIR,74.11,76.0,72.02,73.4,122245.0,
2026-03-11,SINCLAIR,74.5,75.04,72.23,73.29,65603.0,
2026-03-12,SINCLAIR,73.29,74.97,71.02,71.42,136819.0,
2026-03-13,SINCLAIR,71.42,73.43,71.42,72.55,75883.0,
2026-03-16,SINCLAIR,71.82,73.73,68.82,70.53,126144.0,
2026-03-17,SINCLAIR,70.53,74.9,69.91,74.25,184789.0,
2026-03-18,SINCLAIR,74.37,78.0,74.37,76.38,131517.0,
2026-03-19,SINCLAIR,75.8,76.67,74.0,74.73,89662.0,
2026-03-20,SINCLAIR,74.73,76.69,72.83,73.94,65615.0,
2026-03-23,SINCLAIR,74.99,74.99,70.42,71.49,138699.0,
2026-03-24,SINCLAIR,75.05,76.02,72.81,73.77,128740.0,
2026-03-25,SINCLAIR,75.4,75.4,73.03,73.96,42361.0,
2026-03-27,SINCLAIR,74.01,75.2,70.35,74.07,173973.0,
2026-03-30,SINCLAIR,75.0,75.0,70.65,72.55,124194.0,
2026-04-01,SINCLAIR,74.95,75.5,73.42,75.15,31124.0,
2026-04-02,SINCLAIR,73.15,76.85,73.14,76.12,29816.0,
2026-04-06,SINCLAIR,79.0,79.0,74.12,76.54,48368.0,
2026-04-07,SINCLAIR,78.0,78.0,76.0,76.29,15498.0,
2026-04-08,SINCLAIR,78.6,79.84,75.13,77.93,36490.0,
2026-04-09,SINCLAIR,79.4,81.0,77.12,78.25,50146.0,
2026-04-10,SINCLAIR,77.37,81.95,77.37,81.17,28984.0,
2026-04-13,SINCLAIR,77.65,80.8,77.65,80.46,15569.0,
2026-04-15,SINCLAIR,78.26,81.69,78.26,78.84,54516.0,
2026-04-16,SINCLAIR,78.3,79.77,78.3,79.23,17979.0,
2026-04-17,SINCLAIR,79.74,81.0,78.92,79.8,47183.0,
2026-04-20,SINCLAIR,78.88,81.78,78.88,80.19,24816.0,
2026-04-21,SINCLAIR,80.48,80.59,78.9,79.35,25804.0,
2026-04-22,SINCLAIR,81.64,81.64,79.02,80.33,19768.0,
2026-04-23,SINCLAIR,82.0,82.0,78.55,79.82,27072.0,
2026-04-24,SINCLAIR,79.87,80.29,79.0,79.27,18670.0,
2026-04-27,SINCLAIR,79.0,82.0,79.0,80.09,10209.0,
2026-04-28,SINCLAIR,80.2,80.29,79.11,80.01,6205.0,
2026-04-29,SINCLAIR,81.15,81.15,79.39,79.64,7661.0,
2026-04-30,SINCLAIR,81.48,81.8,79.1,79.48,14113.0,
2026-05-04,SINCLAIR,79.81,84.25,78.13,82.26,85988.0,
2026-05-05,SINCLAIR,82.6,82.69,79.1,81.81,71241.0,
2026-05-06,SINCLAIR,82.05,82.68,81.0,82.08,57207.0,
2026-05-07,SINCLAIR,82.96,82.99,80.99,81.37,39604.0,
2026-05-08,SINCLAIR,82.63,82.95,81.01,81.8,17017.0,
2026-05-11,SINCLAIR,80.6,81.39,78.12,78.97,32252.0,
2026-05-12,SINCLAIR,79.64,80.0,77.0,77.34,26283.0,
2026-05-13,SINCLAIR,78.88,78.88,73.25,78.17,41940.0,
2026-05-14,SINCLAIR,78.46,79.9,75.81,79.45,36036.0,
2026-05-15,SINCLAIR,79.49,80.28,77.2,77.67,12804.0,
2026-05-18,SINCLAIR,76.0,79.59,76.0,77.44,15255.0,
2026-05-19,SINCLAIR,77.53,79.19,74.86,75.54,135206.0,
2026-05-20,SINCLAIR,77.47,77.49,74.91,75.89,32191.0,
2026-05-21,SINCLAIR,76.08,78.54,73.71,74.52,79605.0,
2026-05-22,SINCLAIR,75.3,75.78,74.0,74.13,19997.0,
2026-05-25,SINCLAIR,73.65,78.89,73.65,74.44,66294.0,
2026-05-26,SINCLAIR,75.51,76.46,73.91,74.94,24490.0,
2026-05-27,SINCLAIR,75.0,75.9,73.29,74.08,18335.0,
2026-05-29,SINCLAIR,76.4,76.4,74.13,74.67,29445.0,
2026-06-01,SINCLAIR,75.5,75.5,73.0,73.58,33201.0,
2026-06-02,SINCLAIR,74.62,75.79,73.44,75.02,40214.0,
2026-06-03,SINCLAIR,75.5,76.38,73.31,74.47,58351.0,
2026-06-04,SINCLAIR,75.45,75.66,73.44,74.24,111427.0,
2026-06-05,SINCLAIR,74.71,75.4,73.44,74.27,180048.0,
2026-06-08,SINCLAIR,74.42,76.39,74.3,75.12,41303.0,
2026-06-09,SINCLAIR,74.14,77.25,74.14,76.67,31977.0,
2026-06-10,SINCLAIR,78.15,78.15,74.5,74.97,91330.0,
2026-06-11,SINCLAIR,75.61,77.0,74.2,75.48,47401.0,
2026-06-12,SINCLAIR,76.7,77.1,75.0,75.6,30488.0,
2026-06-15,SINCLAIR,76.2,77.74,75.21,75.77,21762.0,
2026-06-16,SINCLAIR,76.88,76.89,75.78,76.22,30687.0,
2026-06-17,SINCLAIR,80.68,80.7,75.15,76.45,80785.0,
2026-06-18,SINCLAIR,76.45,79.81,76.45,78.44,57202.0,
2026-06-19,SINCLAIR,78.43,80.99,78.43,79.92,47745.0,
2026-06-22,SINCLAIR,81.45,81.45,78.6,78.98,13248.0,
2026-06-23,SINCLAIR,79.24,79.39,77.7,77.8,18517.0,
2026-06-24,SINCLAIR,77.91,81.5,77.01,79.71,41104.0,
2026-06-25,SINCLAIR,80.4,81.0,78.0,78.16,17058.0,
2026-06-29,SINCLAIR,76.1,78.98,75.0,75.78,37558.0,
2026-06-30,SINCLAIR,75.87,76.8,74.51,75.74,14502.0,
2026-07-01,SINCLAIR,75.12,77.76,75.12,76.47,10048.0,
2026-07-02,SINCLAIR,75.54,76.96,74.45,75.36,27004.0,
2026-07-03,SINCLAIR,76.0,76.67,75.01,75.65,25157.0,
2026-07-06,SINCLAIR,76.5,76.5,74.6,74.94,26582.0,
2026-07-07,SINCLAIR,74.94,76.0,74.56,75.38,8905.0,
2026-07-08,SINCLAIR,75.9,75.9,73.0,73.45,44437.0,
2026-07-09,SINCLAIR,74.93,75.18,74.05,74.89,6372.0,
2026-07-10,SINCLAIR,74.05,75.96,74.05,75.79,4954.0,
2026-07-13,SINCLAIR,75.79,77.49,74.63,76.93,48453.0,
2026-07-14,SINCLAIR,77.91,78.0,76.2,76.54,9626.0,
2026-07-15,SINCLAIR,77.26,77.26,75.51,76.2,14262.0,
2026-07-16,SINCLAIR,76.21,77.6,74.55,75.3,37627.0,
2026-07-17,SINCLAIR,75.0,76.49,74.22,74.64,22903.0,
2026-07-20,SINCLAIR,75.11,75.79,73.41,74.07,24187.0,
2026-07-21,SINCLAIR,74.11,75.99,74.08,74.49,16060.0,
2026-07-22,SINCLAIR,75.5,75.96,73.24,74.29,10827.0,
2026-07-23,SINCLAIR,74.47,74.5,73.4,73.93,4970.0,
2026-07-24,SINCLAIR,74.45,74.96,73.0,74.77,12355.0,
2026-07-27,SINCLAIR,75.5,75.94,73.05,73.65,25889.0,
2026-07-28,SINCLAIR,74.0,74.69,73.12,73.58,14075.0,
2026-07-29,SINCLAIR,73.69,74.99,73.02,74.15,13498.0,
2026-07-30,SINCLAIR,74.01,74.79,73.31,73.76,11946.0,
2026-07-31,SINCLAIR,73.99,74.17,71.41,72.86,17013.0,
2026-08-03,SINCLAIR,71.61,75.45,71.61,74.69,29359.0,
2026-08-04,SINCLAIR,75.0,75.79,72.81,74.03,11487.0,
2026-08-05,SINCLAIR,74.54,75.49,73.05,74.77,22966.0,
2026-08-06,SINCLAIR,74.32,81.61,73.78,76.59,180216.0,
2026-08-07,SINCLAIR,79.8,79.8,75.51,77.03,43164.0,
2026-08-10,SINCLAIR,78.8,78.8,76.41,76.98,10850.0,
2026-08-11,SINCLAIR,77.0,77.98,76.21,77.6,15312.0,
2026-08-12,SINCLAIR,76.52,77.87,76.52,77.0,8944.0,
2026-08-13,SINCLAIR,75.5,77.65,75.5,76.11,4839.0,
2026-08-14,SINCLAIR,76.11,77.43,74.05,74.58,12369.0,
2026-08-17,SINCLAIR,74.65,76.7,73.61,74.64,8410.0,
2026-08-18,SINCLAIR,74.72,75.87,74.5,74.98,11794.0,
2026-08-19,SINCLAIR,74.36,75.86,74.36,75.22,14379.0,
2026-08-20,SINCLAIR,76.0,76.38,74.02,75.37,21656.0,
2026-08-21,SINCLAIR,75.15,76.0,73.84,74.43,18220.0,
2026-08-24,SINCLAIR,75.0,78.58,75.0,75.32,28512.0,
2026-08-25,SINCLAIR,75.16,76.79,74.11,74.59,6856.0,
2026-08-26,SINCLAIR,75.8,78.5,74.52,74.86,19034.0,
2026-08-27,SINCLAIR,75.1,80.3,74.0,79.92,143654.0,
2026-08-28,SINCLAIR,80.99,83.02,78.12,81.51,80303.0,
2026-08-31,SINCLAIR,82.01,84.0,80.0,82.38,38575.0,
2026-09-01,SINCLAIR,81.65,85.1,80.11,82.91,33445.0,
2026-09-02,SINCLAIR,82.1,84.5,82.1,82.67,41291.0,
2026-09-03,SINCLAIR,82.1,85.29,82.1,83.85,88131.0,
2026-09-04,SINCLAIR,84.0,84.75,82.6,83.5,26997.0,
2026-09-07,SINCLAIR,84.99,86.9,83.42,84.45,64110.0,
2026-09-08,SINCLAIR,86.0,86.79,83.56,84.03,45494.0,
2026-09-09,SINCLAIR,84.0,84.79,81.38,82.96,54639.0,
2026-09-10,SINCLAIR,82.0,83.69,80.36,81.58,20693.0,
2026-09-11,SINCLAIR,80.04,81.58,79.62,80.28,17030.0,
2026-09-15,SINCLAIR,80.0,81.0,78.1,78.41,46998.0,
2026-09-16,SINCLAIR,78.51,79.9,77.1,77.92,22330.0,
2026-09-17,SINCLAIR,77.93,78.96,77.42,77.56,9862.0,
2026-09-18,SINCLAIR,78.87,84.39,78.55,81.93,60387.0,
2026-09-21,SINCLAIR,81.93,85.47,81.93,83.71,45303.0,
2026-09-22,SINCLAIR,83.15,84.07,81.05,81.79,8447.0,
2026-09-23,SINCLAIR,81.79,83.97,81.3,82.04,26798.0,
2026-09-24,SINCLAIR,82.06,83.64,78.03,79.61,44862.0,
2025-09-10,SRGHFL,296.1,305.5,290.25,298.8,3482.0,
2025-09-11,SRGHFL,298.1,302.85,292.0,300.1,2527.0,
2025-09-12,SRGHFL,297.5,305.0,297.1,300.2,642.0,
2025-09-15,SRGHFL,300.65,300.95,291.0,291.75,2501.0,
2025-09-16,SRGHFL,295.85,301.0,293.65,299.35,4676.0,
2025-09-17,SRGHFL,299.3,300.55,295.3,297.65,1077.0,
2025-09-18,SRGHFL,299.65,299.8,292.15,294.25,1384.0,
2025-09-19,SRGHFL,297.15,298.25,290.0,290.1,1436.0,
2025-09-22,SRGHFL,294.45,294.5,282.2,287.25,2210.0,
2025-09-23,SRGHFL,293.05,301.3,281.35,291.9,4857.0,
2025-09-24,SRGHFL,295.0,297.45,290.35,292.95,983.0,
2025-09-25,SRGHFL,293.4,297.45,283.05,286.95,1232.0,
2025-09-26,SRGHFL,283.8,292.85,283.65,289.75,738.0,
2025-09-29,SRGHFL,290.4,294.0,280.0,281.55,2120.0,
2025-09-30,SRGHFL,283.25,295.05,276.9,292.8,2938.0,
2025-10-01,SRGHFL,293.95,310.0,284.0,307.95,3156.0,
2025-10-03,SRGHFL,291.55,317.95,291.55,312.6,1763.0,
2025-10-06,SRGHFL,319.6,319.6,300.0,303.5,3302.0,
2025-10-07,SRGHFL,310.0,316.95,299.95,300.05,465.0,
2025-10-08,SRGHFL,300.05,312.65,299.0,305.4,465.0,
2025-10-09,SRGHFL,314.95,315.0,293.0,303.35,1896.0,
2025-10-10,SRGHFL,300.05,305.0,300.0,303.5,560.0,
2025-10-13,SRGHFL,300.05,312.0,300.05,309.9,1638.0,
2025-10-14,SRGHFL,301.2,301.2,296.2,298.9,17972.0,
2025-10-15,SRGHFL,306.0,306.0,296.0,299.0,596.0,
2025-10-16,SRGHFL,300.0,303.35,299.0,300.55,170.0,
2025-10-17,SRGHFL,304.5,307.85,304.5,307.85,989.0,
2025-10-20,SRGHFL,300.0,305.0,294.0,294.85,5416.0,
2025-10-21,SRGHFL,300.0,300.05,300.0,300.0,522.0,
2025-10-23,SRGHFL,299.25,304.8,293.5,295.0,598.0,
2025-10-24,SRGHFL,295.0,309.9,295.0,295.55,683.0,
2025-10-27,SRGHFL,295.6,299.95,291.15,292.25,1322.0,
2025-10-28,SRGHFL,292.55,293.5,286.0,290.05,1275.0,
2025-10-29,SRGHFL,299.0,299.75,290.1,291.55,1220.0,
2025-10-30,SRGHFL,295.5,296.95,290.0,296.1,1180.0,
2025-10-31,SRGHFL,291.95,297.0,288.0,289.2,1166.0,
2025-11-03,SRGHFL,282.65,295.0,275.35,288.1,2725.0,
2025-11-04,SRGHFL,290.0,295.0,287.1,293.6,1203.0,
2025-11-06,SRGHFL,283.2,292.1,283.2,290.85,439.0,
2025-11-07,SRGHFL,290.0,290.0,284.75,286.0,3148.0,
2025-11-10,SRGHFL,286.55,287.95,279.95,282.15,1639.0,
2025-11-11,SRGHFL,280.75,286.8,273.5,278.1,2987.0,
2025-11-12,SRGHFL,280.05,287.9,272.85,284.55,10080.0,
2025-11-13,SRGHFL,281.0,295.95,275.55,283.05,2411.0,
2025-11-14,SRGHFL,284.0,284.1,276.2,280.3,1856.0,
2025-11-17,SRGHFL,281.0,281.9,276.3,280.5,3778.0,
2025-11-18,SRGHFL,276.7,281.0,271.2,279.95,3500.0,
2025-11-19,SRGHFL,281.2,282.15,263.35,270.85,27881.0,
2025-11-20,SRGHFL,271.85,271.95,258.0,261.85,5556.0,
2025-11-21,SRGHFL,268.0,278.0,255.1,269.8,6795.0,
2025-11-24,SRGHFL,277.9,281.0,257.95,271.65,3117.0,
2025-11-25,SRGHFL,266.0,271.4,266.0,269.15,1388.0,
2025-11-26,SRGHFL,271.35,276.5,268.0,272.4,2895.0,
2025-11-27,SRGHFL,272.4,277.85,263.15,264.85,8030.0,
2025-11-28,SRGHFL,263.85,270.7,263.85,268.95,1740.0,
2025-12-01,SRGHFL,264.9,269.85,264.0,268.5,1278.0,
2025-12-02,SRGHFL,269.15,271.65,260.35,269.95,758.0,
2025-12-03,SRGHFL,269.05,277.15,269.0,275.9,991.0,
2025-12-04,SRGHFL,271.95,277.0,268.0,268.85,2339.0,
2025-12-05,SRGHFL,271.0,271.0,256.3,265.35,1450.0,
2025-12-08,SRGHFL,261.05,274.0,259.0,266.3,1267.0,
2025-12-09,SRGHFL,270.8,270.85,255.9,263.15,464.0,
2025-12-10,SRGHFL,263.2,276.8,263.1,265.9,3151.0,
2025-12-11,SRGHFL,266.05,273.0,265.9,267.75,1695.0,
2025-12-12,SRGHFL,267.0,275.0,264.5,268.15,1198.0,
2025-12-15,SRGHFL,268.05,269.05,264.05,264.55,633.0,
2025-12-16,SRGHFL,266.0,267.85,260.15,264.2,2474.0,
2025-12-17,SRGHFL,262.0,268.9,260.0,268.6,480.0,
2025-12-19,SRGHFL,265.0,271.0,262.05,264.05,1301.0,
2025-12-22,SRGHFL,272.7,314.95,272.0,284.55,62544.0,
2025-12-23,SRGHFL,283.7,296.5,270.25,287.85,10219.0,
2025-12-24,SRGHFL,295.0,295.0,276.35,278.2,1302.0,
2025-12-26,SRGHFL,278.05,294.0,276.35,292.0,7421.0,
2025-12-29,SRGHFL,293.5,300.0,286.5,287.95,6998.0,
2025-12-30,SRGHFL,293.05,293.05,283.5,284.2,499.0,
2025-12-31,SRGHFL,281.25,303.0,281.2,296.75,4100.0,
2026-01-01,SRGHFL,303.5,307.35,288.1,290.95,1758.0,
2026-01-02,SRGHFL,288.25,295.0,285.2,286.9,796.0,
2026-01-05,SRGHFL,285.5,296.5,282.55,283.2,998.0,
2026-01-06,SRGHFL,284.0,286.0,281.65,282.05,1333.0,
2026-01-07,SRGHFL,283.5,289.0,278.3,279.85,442.0,
2026-01-08,SRGHFL,279.4,286.0,275.1,284.95,681.0,
2026-01-09,SRGHFL,285.0,286.0,278.0,278.0,72.0,
2026-01-12,SRGHFL,278.0,278.5,260.35,269.8,4801.0,
2026-01-13,SRGHFL,275.0,275.0,267.55,268.25,978.0,
2026-01-14,SRGHFL,270.0,285.6,270.0,277.25,603.0,
2026-01-16,SRGHFL,280.0,283.0,273.5,274.0,2556.0,
2026-01-19,SRGHFL,271.0,271.0,262.2,266.7,730.0,
2026-01-20,SRGHFL,267.0,274.7,267.0,272.0,265.0,
2026-01-21,SRGHFL,272.0,283.3,266.0,272.3,1392.0,
2026-01-22,SRGHFL,280.8,280.8,270.0,271.1,214.0,
2026-01-23,SRGHFL,270.05,275.0,265.0,271.45,139.0,
2026-01-27,SRGHFL,275.05,280.0,275.0,275.0,3269.0,
2026-01-28,SRGHFL,281.8,284.9,276.1,282.75,207.0,
2026-01-29,SRGHFL,280.05,289.0,280.0,287.05,2186.0,
2026-01-30,SRGHFL,280.0,284.15,280.0,284.15,83.0,
2026-02-02,SRGHFL,277.95,287.0,277.95,282.0,1741.0,
2026-02-03,SRGHFL,286.85,305.0,281.15,281.55,1783.0,
2026-02-04,SRGHFL,299.0,299.0,278.1,284.95,133.0,
2026-02-05,SRGHFL,276.25,289.8,276.2,280.25,1825.0,
2026-02-06,SRGHFL,280.35,280.35,266.4,274.85,1595.0,
2026-02-09,SRGHFL,275.2,279.65,265.0,276.55,2257.0,
2026-02-10,SRGHFL,283.0,283.0,272.65,273.15,1177.0,
2026-02-11,SRGHFL,273.15,279.85,267.15,269.8,2284.0,
2026-02-12,SRGHFL,274.95,277.9,268.0,269.5,703.0,
2026-02-13,SRGHFL,268.55,274.0,261.55,269.0,719.0,
2026-02-16,SRGHFL,274.0,280.0,256.55,259.85,2013.0,
2026-02-17,SRGHFL,265.05,271.0,262.0,265.45,1302.0,
2026-02-18,SRGHFL,264.2,274.75,254.0,260.8,80357.0,
2026-02-19,SRGHFL,260.85,270.0,260.85,264.45,1032.0,
2026-02-20,SRGHFL,268.95,275.0,262.25,265.6,79.0,
2026-02-23,SRGHFL,260.3,270.9,260.2,263.8,236.0,
2026-02-24,SRGHFL,274.9,278.85,265.7,273.55,4293.0,
2026-02-25,SRGHFL,278.0,278.0,270.2,270.25,131.0,
2026-02-26,SRGHFL,272.5,272.5,260.1,261.9,2606.0,
2026-02-27,SRGHFL,268.45,268.45,265.0,266.95,85.0,
2026-03-02,SRGHFL,266.9,267.8,252.4,256.45,3046.0,
2026-03-04,SRGHFL,254.0,268.9,254.0,261.15,2255.0,
2026-03-05,SRGHFL,259.1,265.0,258.05,262.9,715.0,
2026-03-06,SRGHFL,267.75,268.0,261.05,264.15,2236.0,
2026-03-09,SRGHFL,264.15,275.0,248.05,250.1,6083.0,
2026-03-10,SRGHFL,250.85,262.2,243.85,253.55,6857.0,
2026-03-11,SRGHFL,245.25,258.9,245.25,257.0,8409.0,
2026-03-12,SRGHFL,245.2,262.95,245.2,257.45,2120.0,
2026-03-13,SRGHFL,250.1,263.95,247.9,259.65,2399.0,
2026-03-16,SRGHFL,262.0,289.0,248.55,262.45,11161.0,
2026-03-17,SRGHFL,265.0,265.0,260.1,260.15,68.0,
2026-03-18,SRGHFL,261.0,269.9,260.9,269.1,184.0,
2026-03-19,SRGHFL,263.7,263.7,251.0,255.45,955.0,
2026-03-20,SRGHFL,262.95,262.95,245.0,247.65,2325.0,
2026-03-23,SRGHFL,240.35,245.15,233.4,238.7,5877.0,
2026-03-24,SRGHFL,235.05,240.0,224.4,233.25,3490.0,
2026-03-25,SRGHFL,240.05,243.0,231.55,234.8,4843.0,
2026-03-27,SRGHFL,240.05,240.05,232.6,232.6,1628.0,
2026-03-30,SRGHFL,242.8,254.9,225.1,242.55,84442.0,
2026-04-01,SRGHFL,253.96,255.0,243.01,247.96,312.0,
2026-04-02,SRGHFL,244.0,244.25,244.0,244.25,501.0,
2026-04-06,SRGHFL,260.0,260.0,237.51,246.21,1016.0,
2026-04-07,SRGHFL,237.35,266.2,237.35,262.4,526.0,
2026-04-08,SRGHFL,270.3,270.3,250.1,266.0,771.0,
2026-04-09,SRGHFL,266.01,266.01,256.11,264.88,643.0,
2026-04-10,SRGHFL,261.01,275.0,261.0,271.34,4491.0,
2026-04-13,SRGHFL,269.94,279.0,266.13,276.87,6998.0,
2026-04-15,SRGHFL,267.01,274.0,267.0,267.83,2481.0,
2026-04-16,SRGHFL,272.01,284.49,263.51,282.63,3078.0,
2026-04-17,SRGHFL,270.0,284.0,270.0,282.16,150.0,
2026-04-20,SRGHFL,282.16,285.01,267.25,284.89,490.0,
2026-04-21,SRGHFL,285.46,285.46,272.26,277.81,304.0,
2026-04-22,SRGHFL,275.3,294.9,267.0,294.81,2178.0,
2026-04-23,SRGHFL,294.81,294.81,278.02,282.54,329.0,
2026-04-24,SRGHFL,288.99,288.99,272.62,279.38,29.0,
2026-04-27,SRGHFL,285.01,289.9,272.2,280.6,76.0,
2026-04-28,SRGHFL,273.01,288.5,262.36,277.39,8498.0,
2026-04-29,SRGHFL,271.0,288.99,270.0,276.1,5739.0,
2026-04-30,SRGHFL,272.0,283.99,272.0,282.67,252.0,
2026-05-04,SRGHFL,282.65,284.25,274.1,278.15,133.0,
2026-05-05,SRGHFL,274.1,287.85,274.1,285.95,255.0,
2026-05-06,SRGHFL,280.05,289.95,280.0,281.5,529.0,
2026-05-07,SRGHFL,285.0,303.9,285.0,299.9,4987.0,
2026-05-08,SRGHFL,311.0,311.0,295.0,300.15,3181.0,
2026-05-11,SRGHFL,301.65,325.0,283.35,320.0,19104.0,
2026-05-12,SRGHFL,320.0,325.05,292.0,294.15,7747.0,
2026-05-13,SRGHFL,285.05,306.55,277.6,282.1,7623.0,
2026-05-14,SRGHFL,282.35,297.0,274.95,288.45,7054.0,
2026-05-15,SRGHFL,277.05,296.4,277.05,290.75,2013.0,
2026-05-18,SRGHFL,290.0,296.0,278.0,283.05,8767.0,
2026-05-19,SRGHFL,280.1,287.35,280.05,285.4,4093.0,
2026-05-20,SRGHFL,285.35,288.0,276.95,283.15,1829.0,
2026-05-21,SRGHFL,281.15,291.0,281.15,290.95,1880.0,
2026-05-22,SRGHFL,291.0,299.0,290.0,292.3,3164.0,
2026-05-25,SRGHFL,292.3,299.85,282.0,287.35,2231.0,
2026-05-26,SRGHFL,287.35,292.0,276.5,279.85,2453.0,
2026-05-27,SRGHFL,280.0,289.6,280.0,283.65,1200.0,
2026-05-29,SRGHFL,276.5,292.0,276.35,284.25,3973.0,
2026-06-01,SRGHFL,284.0,298.0,275.0,286.0,9825.0,
2026-06-02,SRGHFL,284.0,289.8,277.1,288.6,614.0,
2026-06-03,SRGHFL,284.9,288.55,277.95,279.45,74913.0,
2026-06-04,SRGHFL,284.65,284.65,276.55,283.9,341.0,
2026-06-05,SRGHFL,278.85,285.0,278.1,282.1,3650.0,
2026-06-08,SRGHFL,284.5,285.0,276.4,279.95,887.0,
2026-06-09,SRGHFL,276.35,285.0,276.35,282.85,715.0,
2026-06-10,SRGHFL,281.0,281.0,280.0,280.0,1072.0,
2026-06-11,SRGHFL,272.2,279.6,270.0,278.85,2479.0,
2026-06-12,SRGHFL,284.0,284.0,266.6,271.35,6397.0,
2026-06-15,SRGHFL,277.95,278.35,271.95,276.05,921.0,
2026-06-16,SRGHFL,278.7,282.0,276.0,280.55,688.0,
2026-06-17,SRGHFL,277.8,280.0,270.0,278.0,591.0,
2026-06-18,SRGHFL,279.35,279.35,261.85,277.7,3991.0,
2026-06-19,SRGHFL,270.25,295.05,270.25,290.8,6458.0,
2026-06-22,SRGHFL,290.0,297.8,282.05,294.85,9964.0,
2026-06-23,SRGHFL,293.4,297.55,286.95,294.2,3176.0,
2026-06-24,SRGHFL,294.2,296.5,285.0,295.05,2375.0,
2026-06-25,SRGHFL,295.75,303.9,295.75,296.5,4459.0,
2026-06-29,SRGHFL,296.5,302.9,287.0,295.35,2222.0,
2026-06-30,SRGHFL,299.0,303.0,298.0,300.0,1459.0,
2026-07-01,SRGHFL,292.0,305.0,292.0,303.45,3025.0,
2026-07-02,SRGHFL,290.05,307.0,290.05,303.3,5473.0,
2026-07-03,SRGHFL,307.5,308.0,290.2,307.0,5014.0,
2026-07-06,SRGHFL,296.0,315.0,292.0,296.1,1550.0,
2026-07-07,SRGHFL,300.0,313.95,300.0,310.05,3559.0,
2026-07-08,SRGHFL,309.95,309.95,296.15,300.85,580.0,
2026-07-09,SRGHFL,298.1,308.0,293.15,300.0,1038.0,
2026-07-10,SRGHFL,311.0,313.6,296.0,306.3,12128.0,
2026-07-13,SRGHFL,294.75,306.25,294.75,305.1,1530.0,
2026-07-14,SRGHFL,305.1,311.0,301.0,309.5,2748.0,
2026-07-15,SRGHFL,309.5,318.0,309.5,313.5,1632.0,
2026-07-16,SRGHFL,317.9,317.9,304.0,307.15,406.0,
2026-07-17,SRGHFL,300.0,312.85,300.0,312.7,91.0,
2026-07-20,SRGHFL,307.0,314.8,300.0,305.0,5758.0,
2026-07-21,SRGHFL,305.0,314.0,305.0,305.1,102.0,
2026-07-22,SRGHFL,307.1,315.15,305.0,307.0,941.0,
2026-07-23,SRGHFL,304.05,312.8,304.05,305.65,4625.0,
2026-07-24,SRGHFL,303.25,335.0,303.25,309.5,37144.0,
2026-07-27,SRGHFL,308.0,318.35,303.1,309.1,2075.0,
2026-07-28,SRGHFL,312.95,317.1,303.1,311.6,22049.0,
2026-07-29,SRGHFL,307.2,319.0,287.0,293.5,44087.0,
2026-07-30,SRGHFL,285.0,304.55,281.1,292.2,17506.0,
2026-07-31,SRGHFL,292.2,300.05,292.2,293.2,1244.0,
2026-08-03,SRGHFL,293.25,300.05,288.0,299.7,8457.0,
2026-08-04,SRGHFL,308.8,308.85,291.65,294.45,1868.0,
2026-08-05,SRGHFL,292.15,299.8,285.1,290.0,10386.0,
2026-08-06,SRGHFL,287.0,296.0,287.0,291.75,4703.0,
2026-08-07,SRGHFL,283.25,294.9,283.25,287.1,555.0,
2026-08-10,SRGHFL,285.7,292.35,284.45,287.05,317.0,
2026-08-11,SRGHFL,287.05,287.05,262.15,272.1,35543.0,
2026-08-12,SRGHFL,277.0,281.75,273.05,274.05,491.0,
2026-08-13,SRGHFL,278.0,283.05,275.0,275.0,394.0,
2026-08-14,SRGHFL,277.25,282.15,262.55,266.8,2141.0,
2026-08-17,SRGHFL,266.6,273.0,266.3,266.35,352.0,
2026-08-18,SRGHFL,266.0,268.6,255.05,259.1,4714.0,
2026-08-19,SRGHFL,260.0,265.0,260.0,260.1,99.0,
2026-08-20,SRGHFL,265.0,265.0,262.0,262.45,538.0,
2026-08-21,SRGHFL,264.15,278.0,260.0,264.25,2213.0,
2026-08-24,SRGHFL,261.6,267.0,255.35,256.0,2652.0,
2026-08-25,SRGHFL,260.0,264.9,255.1,256.6,1244.0,
2026-08-26,SRGHFL,259.55,260.05,259.55,260.0,460.0,
2026-08-27,SRGHFL,255.5,260.0,255.5,260.0,394.0,
2026-08-28,SRGHFL,260.05,260.05,253.5,254.9,1365.0,
2026-08-31,SRGHFL,256.05,259.9,255.6,259.35,901.0,
2026-09-01,SRGHFL,255.15,263.5,255.15,255.6,275.0,
2026-09-02,SRGHFL,254.1,258.0,246.1,246.85,1741.0,
2026-09-03,SRGHFL,247.05,250.0,243.85,249.7,2157.0,
2026-09-04,SRGHFL,249.7,261.0,241.0,245.45,3956.0,
2026-09-07,SRGHFL,258.0,258.0,240.9,245.85,1647.0,
2026-09-08,SRGHFL,242.1,243.75,233.1,236.65,1881.0,
2026-09-09,SRGHFL,244.9,244.9,233.0,243.75,5845.0,
2026-09-10,SRGHFL,195.0,224.85,195.0,195.0,126947.0,
2026-09-11,SRGHFL,156.0,156.0,156.0,156.0,11743.0,
2026-09-15,SRGHFL,140.4,140.4,140.4,140.4,66874.0,
2026-09-16,SRGHFL,126.4,138.2,126.4,126.4,350276.0,
2026-09-17,SRGHFL,120.0,132.0,118.6,126.65,106102.0,
2026-09-18,SRGHFL,132.05,132.85,127.05,128.15,45678.0,
2026-09-21,SRGHFL,128.8,134.8,126.0,132.5,23224.0,
2026-09-22,SRGHFL,133.0,145.0,130.2,143.75,74850.0,
2026-09-23,SRGHFL,150.0,158.1,147.85,158.1,46174.0,
2026-09-24,SRGHFL,158.1,159.65,150.2,154.5,30079.0,
2025-09-10,SRHHYPOLTD,624.7,627.3,613.3,616.7,11108.0,
2025-09-11,SRHHYPOLTD,619.15,624.3,607.5,609.8,8834.0,
2025-09-12,SRHHYPOLTD,609.8,615.3,601.1,603.2,12141.0,
2025-09-15,SRHHYPOLTD,603.3,609.7,602.55,605.3,7627.0,
2025-09-16,SRHHYPOLTD,605.0,613.85,603.9,604.5,7843.0,
2025-09-17,SRHHYPOLTD,611.95,618.0,602.5,605.15,8107.0,
2025-09-18,SRHHYPOLTD,611.45,612.5,606.0,606.75,6895.0,
2025-09-19,SRHHYPOLTD,612.0,612.0,598.7,604.45,9991.0,
2025-09-22,SRHHYPOLTD,610.9,616.2,604.0,613.55,11435.0,
2025-09-23,SRHHYPOLTD,616.6,619.95,602.5,605.65,7994.0,
2025-09-24,SRHHYPOLTD,602.8,608.95,599.1,600.45,7912.0,
2025-09-25,SRHHYPOLTD,604.4,604.4,582.7,586.7,17558.0,
2025-09-26,SRHHYPOLTD,589.65,589.65,575.5,579.7,9964.0,
2025-09-29,SRHHYPOLTD,587.15,590.95,562.15,573.75,11373.0,
2025-09-30,SRHHYPOLTD,577.95,579.6,563.95,568.3,9433.0,
2025-10-01,SRHHYPOLTD,573.05,577.0,564.7,573.7,6244.0,
2025-10-03,SRHHYPOLTD,580.7,584.5,575.55,581.15,8801.0,
2025-10-06,SRHHYPOLTD,581.8,589.2,570.55,573.8,9905.0,
2025-10-07,SRHHYPOLTD,580.8,587.0,573.7,578.95,8436.0,
2025-10-08,SRHHYPOLTD,577.95,585.1,575.4,580.5,4097.0,
2025-10-09,SRHHYPOLTD,578.85,582.25,572.05,575.6,4540.0,
2025-10-10,SRHHYPOLTD,576.4,580.9,573.6,576.05,49962.0,
2025-10-13,SRHHYPOLTD,577.75,581.0,570.05,572.85,4297.0,
2025-10-14,SRHHYPOLTD,578.9,578.9,561.0,563.95,6153.0,
2025-10-15,SRHHYPOLTD,564.0,569.95,556.1,562.4,8121.0,
2025-10-16,SRHHYPOLTD,559.65,572.1,556.0,557.6,14233.0,
2025-10-17,SRHHYPOLTD,560.5,561.35,543.0,544.85,9751.0,
2025-10-20,SRHHYPOLTD,550.6,555.95,546.2,551.4,6459.0,
2025-10-21,SRHHYPOLTD,554.05,567.0,551.5,563.15,8007.0,
2025-10-23,SRHHYPOLTD,563.15,577.0,555.0,557.2,8824.0,
2025-10-24,SRHHYPOLTD,560.2,563.95,553.0,554.85,6075.0,
2025-10-27,SRHHYPOLTD,558.4,561.8,551.8,555.9,10776.0,
2025-10-28,SRHHYPOLTD,555.9,564.0,551.1,554.5,10949.0,
2025-10-29,SRHHYPOLTD,557.05,560.4,552.1,557.1,5764.0,
2025-10-30,SRHHYPOLTD,557.75,563.6,552.0,557.3,8607.0,
2025-10-31,SRHHYPOLTD,557.0,560.05,551.0,552.2,5507.0,
2025-11-03,SRHHYPOLTD,550.2,556.0,545.5,552.3,5326.0,
2025-11-04,SRHHYPOLTD,546.05,555.0,546.05,551.7,7451.0,
2025-11-06,SRHHYPOLTD,557.55,557.55,535.0,536.5,13624.0,
2025-11-07,SRHHYPOLTD,503.0,539.0,503.0,528.9,7863.0,
2025-11-10,SRHHYPOLTD,528.0,544.8,526.6,539.05,8591.0,
2025-11-11,SRHHYPOLTD,539.0,544.7,534.85,540.65,7711.0,
2025-11-12,SRHHYPOLTD,543.35,555.0,541.4,550.25,6217.0,
2025-11-13,SRHHYPOLTD,556.0,558.5,535.6,540.75,7426.0,
2025-11-14,SRHHYPOLTD,536.0,544.6,523.0,526.15,14001.0,
2025-11-17,SRHHYPOLTD,526.15,537.6,525.65,527.35,6323.0,
2025-11-18,SRHHYPOLTD,530.35,550.0,530.35,542.7,11917.0,
2025-11-19,SRHHYPOLTD,542.7,549.0,530.45,533.1,5252.0,
2025-11-20,SRHHYPOLTD,538.4,543.7,530.0,532.95,4506.0,
2025-11-21,SRHHYPOLTD,533.35,536.7,510.0,513.65,11918.0,
2025-11-24,SRHHYPOLTD,516.05,516.95,507.7,514.95,4835.0,
2025-11-25,SRHHYPOLTD,508.0,518.1,507.05,511.45,6856.0,
2025-11-26,SRHHYPOLTD,516.8,528.85,515.0,522.35,5250.0,
2025-11-27,SRHHYPOLTD,521.0,536.05,521.0,532.8,5176.0,
2025-11-28,SRHHYPOLTD,539.3,539.3,525.65,528.3,4947.0,
2025-12-01,SRHHYPOLTD,533.9,534.05,522.0,525.5,5072.0,
2025-12-02,SRHHYPOLTD,521.0,528.3,516.8,522.55,3010.0,
2025-12-03,SRHHYPOLTD,528.0,528.05,508.0,511.25,10740.0,
2025-12-04,SRHHYPOLTD,511.3,511.3,497.0,503.1,13229.0,
2025-12-05,SRHHYPOLTD,504.0,504.25,489.0,492.15,13095.0,
2025-12-08,SRHHYPOLTD,492.0,493.0,475.0,478.85,12176.0,
2025-12-09,SRHHYPOLTD,483.55,497.95,475.05,488.65,14858.0,
2025-12-10,SRHHYPOLTD,489.7,503.5,486.1,488.35,6618.0,
2025-12-11,SRHHYPOLTD,489.0,492.35,485.1,488.65,3184.0,
2025-12-12,SRHHYPOLTD,493.7,499.0,489.0,491.0,5879.0,
2025-12-15,SRHHYPOLTD,491.0,515.5,485.65,506.8,12456.0,
2025-12-16,SRHHYPOLTD,507.0,548.9,507.0,532.7,45846.0,
2025-12-17,SRHHYPOLTD,525.5,541.0,512.4,516.3,11660.0,
2025-12-18,SRHHYPOLTD,517.0,521.0,508.75,512.65,6655.0,
2025-12-19,SRHHYPOLTD,517.95,548.0,515.0,534.45,22175.0,
2025-12-22,SRHHYPOLTD,536.0,549.4,534.0,537.3,12556.0,
2025-12-23,SRHHYPOLTD,538.75,539.6,528.6,537.2,9119.0,
2025-12-24,SRHHYPOLTD,537.25,540.15,521.0,523.55,9838.0,
2025-12-26,SRHHYPOLTD,528.55,529.45,519.65,523.4,4055.0,
2025-12-29,SRHHYPOLTD,523.35,528.15,513.0,514.85,5493.0,
2025-12-30,SRHHYPOLTD,516.65,518.05,505.0,509.8,3898.0,
2025-12-31,SRHHYPOLTD,504.1,519.5,504.1,516.8,5190.0,
2026-01-01,SRHHYPOLTD,519.4,521.95,514.1,517.05,2444.0,
2026-01-02,SRHHYPOLTD,511.0,523.95,511.0,517.6,6060.0,
2026-01-05,SRHHYPOLTD,520.2,523.9,511.9,515.35,7427.0,
2026-01-06,SRHHYPOLTD,517.4,528.55,504.0,507.45,5483.0,
2026-01-07,SRHHYPOLTD,501.5,514.5,499.55,504.3,7336.0,
2026-01-08,SRHHYPOLTD,497.7,509.35,484.7,490.15,9723.0,
2026-01-09,SRHHYPOLTD,484.05,500.9,484.05,489.85,6663.0,
2026-01-12,SRHHYPOLTD,488.0,491.95,477.7,480.95,11498.0,
2026-01-13,SRHHYPOLTD,475.05,490.0,475.0,483.75,5006.0,
2026-01-14,SRHHYPOLTD,484.0,491.65,480.6,485.75,4936.0,
2026-01-16,SRHHYPOLTD,485.0,488.8,476.1,482.15,7755.0,
2026-01-19,SRHHYPOLTD,477.0,485.0,475.1,478.5,4035.0,
2026-01-20,SRHHYPOLTD,472.6,478.35,456.6,460.25,13405.0,
2026-01-21,SRHHYPOLTD,450.0,473.0,450.0,462.5,8412.0,
2026-01-22,SRHHYPOLTD,467.0,473.35,458.2,463.15,5680.0,
2026-01-23,SRHHYPOLTD,460.0,461.95,446.9,451.2,9584.0,
2026-01-27,SRHHYPOLTD,447.7,466.0,440.0,447.25,13062.0,
2026-01-28,SRHHYPOLTD,444.0,455.95,439.3,452.35,6045.0,
2026-01-29,SRHHYPOLTD,451.0,457.35,446.1,448.1,11095.0,
2026-01-30,SRHHYPOLTD,450.0,458.9,442.95,447.45,6928.0,
2026-02-02,SRHHYPOLTD,436.25,444.85,436.25,441.15,7444.0,
2026-02-03,SRHHYPOLTD,452.6,475.0,452.6,456.6,17734.0,
2026-02-04,SRHHYPOLTD,457.75,463.9,452.0,460.1,9544.0,
2026-02-05,SRHHYPOLTD,463.5,464.35,456.0,457.9,5623.0,
2026-02-06,SRHHYPOLTD,457.25,464.0,452.35,459.5,8538.0,
2026-02-09,SRHHYPOLTD,462.9,482.05,456.55,479.5,16862.0,
2026-02-10,SRHHYPOLTD,482.55,506.0,482.0,497.7,16311.0,
2026-02-11,SRHHYPOLTD,497.7,498.0,486.0,488.35,6205.0,
2026-02-12,SRHHYPOLTD,491.8,517.2,491.3,500.3,17313.0,
2026-02-13,SRHHYPOLTD,505.0,507.0,488.35,489.7,11321.0,
2026-02-16,SRHHYPOLTD,491.4,492.1,480.0,486.25,9109.0,
2026-02-17,SRHHYPOLTD,483.0,499.0,477.7,482.15,14248.0,
2026-02-18,SRHHYPOLTD,486.45,498.0,486.45,494.05,6309.0,
2026-02-19,SRHHYPOLTD,494.0,498.0,482.5,490.55,5922.0,
2026-02-20,SRHHYPOLTD,493.95,498.0,480.0,481.75,6290.0,
2026-02-23,SRHHYPOLTD,486.1,505.5,474.0,475.85,10588.0,
2026-02-24,SRHHYPOLTD,473.45,477.95,470.0,471.4,5825.0,
2026-02-25,SRHHYPOLTD,474.75,494.0,473.85,481.7,6228.0,
2026-02-26,SRHHYPOLTD,474.75,484.25,474.0,475.85,7021.0,
2026-02-27,SRHHYPOLTD,471.7,474.9,464.0,465.55,9119.0,
2026-03-02,SRHHYPOLTD,466.0,466.0,450.0,455.7,9471.0,
2026-03-04,SRHHYPOLTD,454.15,459.5,436.0,442.35,9879.0,
2026-03-05,SRHHYPOLTD,448.3,455.1,445.0,445.65,7370.0,
2026-03-06,SRHHYPOLTD,446.95,452.35,438.6,443.35,6619.0,
2026-03-09,SRHHYPOLTD,428.0,442.0,415.25,422.75,22634.0,
2026-03-10,SRHHYPOLTD,424.6,438.85,424.55,433.45,10952.0,
2026-03-11,SRHHYPOLTD,436.8,443.2,428.35,430.4,12446.0,
2026-03-12,SRHHYPOLTD,433.85,494.0,427.55,452.3,140743.0,
2026-03-13,SRHHYPOLTD,447.8,452.95,432.0,433.75,11899.0,
2026-03-16,SRHHYPOLTD,435.0,447.95,429.55,433.35,14602.0,
2026-03-17,SRHHYPOLTD,436.5,437.8,428.3,429.95,6646.0,
2026-03-18,SRHHYPOLTD,429.95,450.3,429.95,448.05,29041.0,
2026-03-19,SRHHYPOLTD,441.05,444.85,430.0,431.05,6951.0,
2026-03-20,SRHHYPOLTD,436.75,444.95,430.0,430.55,13994.0,
2026-03-23,SRHHYPOLTD,419.0,424.1,413.0,414.85,15904.0,
2026-03-24,SRHHYPOLTD,418.9,427.2,415.2,421.05,12319.0,
2026-03-25,SRHHYPOLTD,424.2,443.55,424.2,427.05,12902.0,
2026-03-27,SRHHYPOLTD,427.05,438.0,402.7,406.85,41145.0,
2026-03-30,SRHHYPOLTD,406.85,412.95,382.4,384.0,23563.0,
2026-04-01,SRHHYPOLTD,391.4,420.0,391.4,411.95,10024.0,
2026-04-02,SRHHYPOLTD,409.9,425.0,402.0,421.3,11085.0,
2026-04-06,SRHHYPOLTD,425.0,431.0,419.45,425.4,12370.0,
2026-04-07,SRHHYPOLTD,429.75,452.45,429.75,437.3,17838.0,
2026-04-08,SRHHYPOLTD,449.0,457.5,445.1,449.4,16274.0,
2026-04-09,SRHHYPOLTD,453.0,459.9,441.05,443.25,10908.0,
2026-04-10,SRHHYPOLTD,450.55,455.8,448.0,451.9,9545.0,
2026-04-13,SRHHYPOLTD,449.0,473.9,437.75,461.35,21427.0,
2026-04-15,SRHHYPOLTD,467.0,481.0,466.95,475.45,15201.0,
2026-04-16,SRHHYPOLTD,487.7,499.8,474.05,487.75,25824.0,
2026-04-17,SRHHYPOLTD,493.85,499.85,483.3,495.7,19336.0,
2026-04-20,SRHHYPOLTD,497.0,497.85,480.0,482.2,15910.0,
2026-04-21,SRHHYPOLTD,482.5,499.0,477.2,480.85,11226.0,
2026-04-22,SRHHYPOLTD,488.8,488.8,475.35,482.2,7221.0,
2026-04-23,SRHHYPOLTD,487.05,488.95,479.05,484.95,7989.0,
2026-04-24,SRHHYPOLTD,483.0,495.65,474.15,481.2,12902.0,
2026-04-27,SRHHYPOLTD,485.05,512.7,481.0,504.8,28763.0,
2026-04-28,SRHHYPOLTD,509.9,513.8,503.0,504.5,11621.0,
2026-04-29,SRHHYPOLTD,491.0,508.3,490.0,495.6,16262.0,
2026-04-30,SRHHYPOLTD,492.95,499.95,483.0,488.9,20362.0,
2026-05-04,SRHHYPOLTD,490.9,522.0,490.9,511.0,25217.0,
2026-05-05,SRHHYPOLTD,511.0,516.0,502.05,513.3,14869.0,
2026-05-06,SRHHYPOLTD,514.9,522.9,509.05,519.4,13927.0,
2026-05-07,SRHHYPOLTD,521.0,550.0,504.35,546.0,35303.0,
2026-05-08,SRHHYPOLTD,558.35,558.35,542.05,546.75,14087.0,
2026-05-11,SRHHYPOLTD,540.0,555.65,524.8,538.55,25053.0,
2026-05-12,SRHHYPOLTD,538.55,546.2,506.2,510.4,12863.0,
2026-05-13,SRHHYPOLTD,503.65,516.95,495.6,501.8,14786.0,
2026-05-14,SRHHYPOLTD,500.5,515.0,499.55,505.65,11058.0,
2026-05-15,SRHHYPOLTD,507.0,515.0,500.1,505.1,7435.0,
2026-05-18,SRHHYPOLTD,504.35,504.35,485.0,497.7,9482.0,
2026-05-19,SRHHYPOLTD,502.45,521.35,500.1,504.2,7249.0,
2026-05-20,SRHHYPOLTD,504.2,515.95,495.95,511.85,6401.0,
2026-05-21,SRHHYPOLTD,539.9,563.95,520.5,528.95,55408.0,
2026-05-22,SRHHYPOLTD,535.0,539.8,525.2,533.8,9228.0,
2026-05-25,SRHHYPOLTD,537.9,548.8,526.85,536.85,6985.0,
2026-05-26,SRHHYPOLTD,537.15,550.0,537.15,539.8,12342.0,
2026-05-27,SRHHYPOLTD,540.35,557.35,540.05,553.75,18032.0,
2026-05-29,SRHHYPOLTD,554.0,554.0,541.5,544.45,15854.0,
2026-06-01,SRHHYPOLTD,536.3,536.3,501.0,505.35,21326.0,
2026-06-02,SRHHYPOLTD,508.0,516.9,506.0,510.95,4747.0,
2026-06-03,SRHHYPOLTD,512.0,516.7,501.0,511.5,11007.0,
2026-06-04,SRHHYPOLTD,515.2,517.7,505.0,506.8,9668.0,
2026-06-05,SRHHYPOLTD,506.8,511.95,503.0,505.45,7430.0,
2026-06-08,SRHHYPOLTD,505.45,520.95,499.75,501.8,8724.0,
2026-06-09,SRHHYPOLTD,506.9,512.95,499.0,500.3,8502.0,
2026-06-10,SRHHYPOLTD,500.25,507.0,490.1,494.25,4600.0,
2026-06-11,SRHHYPOLTD,498.3,498.3,481.55,486.65,5156.0,
2026-06-12,SRHHYPOLTD,490.55,502.0,490.55,499.2,7003.0,
2026-06-15,SRHHYPOLTD,504.0,510.0,496.0,497.6,7657.0,
2026-06-16,SRHHYPOLTD,501.0,505.5,497.0,497.65,8412.0,
2026-06-17,SRHHYPOLTD,501.3,504.0,480.0,486.5,44717.0,
2026-06-18,SRHHYPOLTD,490.0,501.0,486.0,490.45,11324.0,
2026-06-19,SRHHYPOLTD,492.85,493.0,485.1,490.25,5900.0,
2026-06-22,SRHHYPOLTD,493.9,504.85,488.55,496.55,14599.0,
2026-06-23,SRHHYPOLTD,498.2,498.2,487.15,491.5,5893.0,
2026-06-24,SRHHYPOLTD,491.0,495.95,488.1,493.75,4589.0,
2026-06-25,SRHHYPOLTD,497.4,500.0,484.1,486.35,5078.0,
2026-06-29,SRHHYPOLTD,478.0,490.1,478.0,482.55,5394.0,
2026-06-30,SRHHYPOLTD,486.05,489.0,480.2,485.05,2110.0,
2026-07-01,SRHHYPOLTD,488.6,489.75,482.7,485.6,5862.0,
2026-07-02,SRHHYPOLTD,487.0,492.05,483.0,485.0,4760.0,
2026-07-03,SRHHYPOLTD,488.6,498.0,488.6,492.2,6035.0,
2026-07-06,SRHHYPOLTD,495.9,512.15,495.9,503.5,9738.0,
2026-07-07,SRHHYPOLTD,507.4,524.0,507.4,510.85,31323.0,
2026-07-08,SRHHYPOLTD,503.2,513.65,487.7,491.4,8635.0,
2026-07-09,SRHHYPOLTD,482.0,499.95,482.0,494.8,5147.0,
2026-07-10,SRHHYPOLTD,495.8,502.85,494.0,496.1,3674.0,
2026-07-13,SRHHYPOLTD,495.8,499.0,494.15,495.5,4138.0,
2026-07-14,SRHHYPOLTD,496.0,498.9,490.4,492.0,2450.0,
2026-07-15,SRHHYPOLTD,492.0,495.5,484.05,488.6,4265.0,
2026-07-16,SRHHYPOLTD,492.2,496.9,490.0,491.75,3080.0,
2026-07-17,SRHHYPOLTD,491.65,497.9,486.15,490.95,2474.0,
2026-07-20,SRHHYPOLTD,485.25,492.0,483.0,486.05,4666.0,
2026-07-21,SRHHYPOLTD,489.8,494.9,484.6,488.8,5410.0,
2026-07-22,SRHHYPOLTD,488.6,491.85,484.15,484.6,1517.0,
2026-07-23,SRHHYPOLTD,487.4,490.95,480.0,482.0,2935.0,
2026-07-24,SRHHYPOLTD,480.0,482.1,475.1,477.85,4090.0,
2026-07-27,SRHHYPOLTD,481.4,497.6,481.4,487.1,2326.0,
2026-07-28,SRHHYPOLTD,490.8,493.9,480.2,483.0,4437.0,
2026-07-29,SRHHYPOLTD,483.2,496.75,480.0,481.45,3093.0,
2026-07-30,SRHHYPOLTD,475.5,487.9,475.5,486.5,1801.0,
2026-07-31,SRHHYPOLTD,487.65,491.0,482.2,484.4,1152.0,
2026-08-03,SRHHYPOLTD,484.0,502.5,484.0,494.1,5423.0,
2026-08-04,SRHHYPOLTD,494.05,494.05,483.1,486.7,7152.0,
2026-08-05,SRHHYPOLTD,489.8,495.2,485.6,488.15,3157.0,
2026-08-06,SRHHYPOLTD,493.5,518.2,493.5,512.65,22054.0,
2026-08-07,SRHHYPOLTD,515.0,521.0,508.0,517.45,16562.0,
2026-08-10,SRHHYPOLTD,505.0,521.9,493.1,498.35,9085.0,
2026-08-11,SRHHYPOLTD,499.55,507.9,486.1,500.95,13055.0,
2026-08-12,SRHHYPOLTD,511.0,511.0,493.0,502.0,21324.0,
2026-08-13,SRHHYPOLTD,501.9,505.65,489.2,494.1,10446.0,
2026-08-14,SRHHYPOLTD,498.1,505.3,496.1,496.55,8658.0,
2026-08-17,SRHHYPOLTD,500.2,500.2,492.6,496.05,8874.0,
2026-08-18,SRHHYPOLTD,496.05,498.6,486.0,487.15,8821.0,
2026-08-19,SRHHYPOLTD,489.8,490.7,477.1,479.2,7779.0,
2026-08-20,SRHHYPOLTD,479.15,485.45,471.5,473.2,10656.0,
2026-08-21,SRHHYPOLTD,473.0,479.7,471.55,473.15,11011.0,
2026-08-24,SRHHYPOLTD,476.6,483.3,472.9,476.9,9947.0,
2026-08-25,SRHHYPOLTD,480.0,480.4,470.05,471.9,7472.0,
2026-08-26,SRHHYPOLTD,475.4,482.9,470.05,470.95,15143.0,
2026-08-27,SRHHYPOLTD,474.4,482.85,466.0,468.75,17832.0,
2026-08-28,SRHHYPOLTD,472.8,480.45,468.05,473.95,7101.0,
2026-08-31,SRHHYPOLTD,474.0,504.6,474.0,501.55,39367.0,
2026-09-01,SRHHYPOLTD,506.7,506.75,490.85,494.45,11022.0,
2026-09-02,SRHHYPOLTD,494.3,500.0,489.8,498.2,7917.0,
2026-09-03,SRHHYPOLTD,501.2,513.0,496.1,508.9,22896.0,
2026-09-04,SRHHYPOLTD,512.95,542.0,507.1,531.05,49199.0,
2026-09-07,SRHHYPOLTD,535.5,542.25,530.0,531.6,13332.0,
2026-09-08,SRHHYPOLTD,525.1,540.0,525.1,527.9,13080.0,
2026-09-09,SRHHYPOLTD,528.0,537.5,527.05,531.9,14320.0,
2026-09-10,SRHHYPOLTD,533.3,534.55,514.0,517.1,18403.0,
2026-09-11,SRHHYPOLTD,524.4,528.1,518.5,523.8,18998.0,
2026-09-15,SRHHYPOLTD,523.5,535.0,488.0,497.4,59413.0,
2026-09-16,SRHHYPOLTD,507.0,512.75,490.2,509.7,17233.0,
2026-09-17,SRHHYPOLTD,510.0,520.0,509.95,517.6,19885.0,
2026-09-18,SRHHYPOLTD,521.0,525.05,519.8,523.1,26767.0,
2026-09-21,SRHHYPOLTD,525.0,627.7,519.8,627.7,292484.0,
2026-09-22,SRHHYPOLTD,664.7,670.0,591.25,599.25,336785.0,
2026-09-23,SRHHYPOLTD,603.8,620.9,585.05,587.5,48715.0,
2026-09-24,SRHHYPOLTD,587.5,631.4,580.55,605.75,72755.0,
2025-09-10,STEL,486.9,501.85,478.1,498.05,7856.0,
2025-09-11,STEL,495.1,530.0,494.35,512.95,36633.0,
2025-09-12,STEL,520.0,530.0,496.6,525.8,17125.0,
2025-09-15,STEL,525.0,527.9,515.8,520.6,43739.0,
2025-09-16,STEL,527.15,529.95,500.6,508.05,15945.0,
2025-09-17,STEL,502.0,517.0,484.0,491.7,8192.0,
2025-09-18,STEL,491.7,506.0,475.05,479.2,10018.0,
2025-09-19,STEL,488.0,488.0,466.6,473.55,6409.0,
2025-09-22,STEL,426.5,486.2,426.5,480.5,6151.0,
2025-09-23,STEL,482.1,482.4,472.8,478.0,2191.0,
2025-09-24,STEL,479.5,480.0,468.6,474.1,5289.0,
2025-09-25,STEL,475.45,475.45,458.0,461.75,2153.0,
2025-09-26,STEL,487.95,487.95,435.25,444.45,8419.0,
2025-09-29,STEL,442.45,448.8,430.05,435.05,4589.0,
2025-09-30,STEL,430.0,434.1,405.1,412.8,12022.0,
2025-10-01,STEL,431.0,444.0,418.65,439.75,6629.0,
2025-10-03,STEL,435.8,446.9,430.0,435.35,4827.0,
2025-10-06,STEL,435.5,445.95,424.7,427.2,8126.0,
2025-10-07,STEL,429.85,433.1,419.0,419.9,5832.0,
2025-10-08,STEL,430.0,430.0,406.0,408.4,5058.0,
2025-10-09,STEL,398.45,419.4,398.45,401.1,4604.0,
2025-10-10,STEL,405.25,411.1,380.0,392.75,16109.0,
2025-10-13,STEL,397.0,400.9,385.75,398.7,6656.0,
2025-10-14,STEL,399.55,402.55,388.05,390.3,6288.0,
2025-10-15,STEL,396.6,406.2,394.95,399.5,5814.0,
2025-10-16,STEL,405.0,429.9,402.15,412.8,11360.0,
2025-10-17,STEL,426.25,426.25,394.55,407.1,14307.0,
2025-10-20,STEL,413.45,426.95,408.0,415.8,7695.0,
2025-10-21,STEL,415.85,439.45,415.0,430.25,4041.0,
2025-10-23,STEL,439.0,439.0,415.0,419.9,5653.0,
2025-10-24,STEL,419.9,430.0,405.5,407.3,4438.0,
2025-10-27,STEL,407.1,420.9,406.95,416.5,4769.0,
2025-10-28,STEL,423.0,423.0,403.95,411.05,6736.0,
2025-10-29,STEL,411.9,412.15,407.0,408.95,1777.0,
2025-10-30,STEL,416.8,416.8,402.8,404.65,2863.0,
2025-10-31,STEL,408.0,422.7,408.0,412.35,8501.0,
2025-11-03,STEL,419.0,421.95,400.4,405.25,4338.0,
2025-11-04,STEL,405.0,410.85,393.0,404.7,3991.0,
2025-11-06,STEL,395.0,414.7,394.0,410.2,10928.0,
2025-11-07,STEL,416.45,423.6,407.05,421.65,6224.0,
2025-11-10,STEL,415.3,426.4,415.3,422.15,3418.0,
2025-11-11,STEL,423.75,433.9,418.75,431.45,10113.0,
2025-11-12,STEL,434.2,448.65,428.05,441.85,13166.0,
2025-11-13,STEL,446.25,455.0,434.85,447.35,12512.0,
2025-11-14,STEL,455.0,474.0,447.05,458.65,11139.0,
2025-11-17,STEL,463.25,466.0,453.0,454.85,5717.0,
2025-11-18,STEL,458.0,475.0,449.95,470.5,20889.0,
2025-11-19,STEL,479.65,492.0,464.55,485.9,13377.0,
2025-11-20,STEL,495.0,495.0,460.1,471.45,9547.0,
2025-11-21,STEL,471.45,493.5,469.4,487.3,10916.0,
2025-11-24,STEL,493.95,495.25,481.3,485.95,7966.0,
2025-11-25,STEL,483.3,503.4,478.3,498.8,10955.0,
2025-11-26,STEL,510.9,510.9,484.5,501.7,7064.0,
2025-11-27,STEL,492.0,598.0,492.0,507.3,71911.0,
2025-11-28,STEL,513.0,513.0,478.6,494.95,16439.0,
2025-12-01,STEL,509.0,524.15,497.35,516.3,24394.0,
2025-12-02,STEL,518.0,538.65,505.0,534.0,16187.0,
2025-12-03,STEL,536.7,549.0,534.0,542.6,13217.0,
2025-12-04,STEL,532.3,633.3,527.0,613.45,136255.0,
2025-12-05,STEL,608.9,620.0,540.0,547.4,60960.0,
2025-12-08,STEL,535.0,560.0,535.0,552.2,36529.0,
2025-12-09,STEL,552.2,553.0,533.0,549.9,13973.0,
2025-12-10,STEL,553.0,569.7,537.0,542.3,14504.0,
2025-12-11,STEL,542.3,542.3,512.35,522.1,7652.0,
2025-12-12,STEL,524.75,541.0,521.6,527.9,10973.0,
2025-12-15,STEL,533.2,541.95,514.5,538.05,12399.0,
2025-12-16,STEL,543.5,559.75,532.2,552.05,12224.0,
2025-12-17,STEL,566.9,589.4,556.0,560.3,45449.0,
2025-12-18,STEL,560.0,578.4,552.0,561.7,11467.0,
2025-12-19,STEL,561.3,566.8,536.05,544.55,11138.0,
2025-12-22,STEL,545.0,560.05,536.15,543.6,5418.0,
2025-12-23,STEL,542.25,546.55,520.2,527.35,5182.0,
2025-12-24,STEL,535.25,539.5,512.25,521.55,3766.0,
2025-12-26,STEL,519.0,527.0,503.4,513.6,6272.0,
2025-12-29,STEL,516.15,518.7,490.0,496.65,9184.0,
2025-12-30,STEL,481.65,521.0,481.65,513.75,10327.0,
2025-12-31,STEL,513.75,528.2,490.0,497.25,10556.0,
2026-01-01,STEL,497.4,504.95,490.2,494.4,2110.0,
2026-01-02,STEL,485.0,501.9,482.6,493.3,4185.0,
2026-01-05,STEL,490.85,499.45,475.0,484.6,6566.0,
2026-01-06,STEL,489.95,496.05,465.1,467.95,8128.0,
2026-01-07,STEL,478.05,509.5,468.1,498.95,5052.0,
2026-01-08,STEL,515.0,526.9,475.05,490.65,6635.0,
2026-01-09,STEL,479.0,493.1,471.0,471.3,2175.0,
2026-01-12,STEL,468.0,475.8,431.1,439.8,13265.0,
2026-01-13,STEL,448.8,454.2,430.0,434.35,3435.0,
2026-01-14,STEL,430.15,446.5,426.0,437.0,4705.0,
2026-01-16,STEL,429.45,452.0,429.45,447.55,3434.0,
2026-01-19,STEL,452.0,452.0,425.9,430.0,3013.0,
2026-01-20,STEL,428.15,428.15,388.0,398.75,6853.0,
2026-01-21,STEL,390.0,410.5,385.1,389.3,7379.0,
2026-01-22,STEL,399.4,443.9,394.0,435.55,11127.0,
2026-01-23,STEL,455.0,461.55,410.05,413.4,5421.0,
2026-01-27,STEL,403.3,430.0,403.3,414.6,3209.0,
2026-01-28,STEL,413.2,435.85,412.2,418.45,3409.0,
2026-01-29,STEL,438.0,499.15,437.95,479.2,307523.0,
2026-01-30,STEL,476.85,476.85,440.0,443.6,35764.0,
2026-02-02,STEL,422.75,422.8,394.45,414.75,21435.0,
2026-02-03,STEL,425.0,446.95,416.0,430.65,12913.0,
2026-02-04,STEL,425.6,497.9,425.6,467.45,129785.0,
2026-02-05,STEL,465.0,485.0,451.05,475.8,17479.0,
2026-02-06,STEL,474.0,497.0,461.0,484.4,10743.0,
2026-02-09,STEL,484.4,497.45,468.0,476.3,9932.0,
2026-02-10,STEL,481.6,494.95,481.15,486.85,4147.0,
2026-02-11,STEL,486.85,501.2,483.3,487.2,4196.0,
2026-02-12,STEL,489.65,500.95,477.05,479.05,3716.0,
2026-02-13,STEL,480.05,487.5,470.15,480.7,4619.0,
2026-02-16,STEL,479.65,481.7,458.05,470.4,8219.0,
2026-02-17,STEL,480.0,494.95,470.0,483.85,9553.0,
2026-02-18,STEL,494.0,494.0,470.35,477.4,3558.0,
2026-02-19,STEL,486.1,488.25,475.0,475.05,3804.0,
2026-02-20,STEL,474.0,488.95,464.1,485.85,5783.0,
2026-02-23,STEL,472.7,485.95,472.65,478.8,1447.0,
2026-02-24,STEL,471.6,493.05,471.6,488.45,4547.0,
2026-02-25,STEL,494.0,494.0,478.65,489.5,5720.0,
2026-02-26,STEL,501.0,509.9,481.65,505.0,7498.0,
2026-02-27,STEL,519.9,519.9,493.0,493.95,1882.0,
2026-03-02,STEL,427.1,530.0,427.1,510.2,19384.0,
2026-03-04,STEL,518.0,522.0,497.0,517.1,12409.0,
2026-03-05,STEL,529.9,531.0,509.9,526.7,10251.0,
2026-03-06,STEL,518.8,532.9,512.3,524.65,15601.0,
2026-03-09,STEL,538.7,541.4,490.0,511.25,14203.0,
2026-03-10,STEL,498.05,529.45,493.1,501.85,29197.0,
2026-03-11,STEL,514.95,514.95,462.35,478.8,7426.0,
2026-03-12,STEL,474.1,487.8,470.05,484.3,4229.0,
2026-03-13,STEL,477.0,486.15,463.05,468.1,2472.0,
2026-03-16,STEL,474.4,474.4,444.0,447.75,2845.0,
2026-03-17,STEL,452.7,479.45,450.05,463.45,1808.0,
2026-03-18,STEL,463.75,474.9,456.6,460.3,1755.0,
2026-03-19,STEL,456.65,456.65,438.25,443.05,4500.0,
2026-03-20,STEL,453.45,456.45,445.95,448.85,1678.0,
2026-03-23,STEL,448.85,448.85,423.0,426.25,3181.0,
2026-03-24,STEL,448.95,449.0,424.5,432.45,1649.0,
2026-03-25,STEL,441.75,448.95,437.45,441.5,2910.0,
2026-03-27,STEL,449.95,455.95,425.0,428.85,3869.0,
2026-03-30,STEL,424.0,431.0,415.7,422.4,5087.0,
2026-04-01,STEL,418.0,446.15,417.95,432.8,3440.0,
2026-04-02,STEL,432.05,444.9,432.05,441.75,2757.0,
2026-04-06,STEL,425.0,459.9,425.0,449.7,4120.0,
2026-04-07,STEL,452.6,498.0,451.9,477.55,17521.0,
2026-04-08,STEL,495.8,497.0,480.0,486.95,11884.0,
2026-04-09,STEL,490.0,493.0,470.45,475.65,7303.0,
2026-04-10,STEL,476.05,491.0,461.05,467.2,12884.0,
2026-04-13,STEL,464.75,473.0,450.2,469.15,9948.0,
2026-04-15,STEL,489.0,489.0,472.3,477.65,7488.0,
2026-04-16,STEL,480.5,489.5,472.15,479.0,4021.0,
2026-04-17,STEL,472.0,493.0,472.0,483.15,9101.0,
2026-04-20,STEL,489.0,489.0,462.0,470.2,3917.0,
2026-04-21,STEL,474.7,475.9,465.05,470.2,4682.0,
2026-04-22,STEL,465.5,482.0,463.1,470.65,11171.0,
2026-04-23,STEL,463.6,477.65,463.6,468.65,2653.0,
2026-04-24,STEL,468.0,474.7,455.05,461.4,3674.0,
2026-04-27,STEL,465.05,471.9,450.0,454.05,6915.0,
2026-04-28,STEL,460.55,461.95,442.1,445.7,2822.0,
2026-04-29,STEL,455.05,498.1,452.0,477.4,22336.0,
2026-04-30,STEL,484.9,484.9,460.0,467.3,5150.0,
2026-05-04,STEL,473.9,478.95,458.05,461.4,7007.0,
2026-05-05,STEL,453.15,473.8,453.15,461.0,5643.0,
2026-05-06,STEL,477.0,477.0,460.5,468.7,6655.0,
2026-05-07,STEL,467.0,498.05,467.0,491.85,11242.0,
2026-05-08,STEL,497.0,498.95,486.1,490.05,9211.0,
2026-05-11,STEL,496.9,496.9,474.9,477.4,11143.0,
2026-05-12,STEL,481.05,487.0,455.5,460.5,4614.0,
2026-05-13,STEL,470.05,472.6,456.05,462.6,8187.0,
2026-05-14,STEL,467.0,467.0,453.0,454.9,3475.0,
2026-05-15,STEL,447.75,463.15,447.75,456.15,4227.0,
2026-05-18,STEL,470.05,470.05,438.1,444.2,2298.0,
2026-05-19,STEL,440.4,455.6,437.65,438.7,6193.0,
2026-05-20,STEL,448.0,448.0,430.0,438.75,2769.0,
2026-05-21,STEL,448.0,455.85,446.95,453.5,3514.0,
2026-05-22,STEL,442.0,453.0,442.0,443.8,1332.0,
2026-05-25,STEL,446.05,485.0,446.05,468.1,9645.0,
2026-05-26,STEL,455.3,469.95,454.5,457.5,2807.0,
2026-05-27,STEL,457.5,472.45,451.0,456.05,2740.0,
2026-05-29,STEL,451.0,453.0,435.6,441.95,8266.0,
2026-06-01,STEL,430.0,446.7,430.0,441.6,1975.0,
2026-06-02,STEL,444.95,500.0,444.95,485.4,94320.0,
2026-06-03,STEL,495.5,495.9,484.05,490.45,7467.0,
2026-06-04,STEL,500.0,502.55,488.1,497.75,8174.0,
2026-06-05,STEL,499.9,506.0,494.6,502.9,8494.0,
2026-06-08,STEL,500.0,513.9,494.5,506.75,7710.0,
2026-06-09,STEL,501.45,544.9,501.45,524.85,20755.0,
2026-06-10,STEL,529.8,540.0,521.1,533.75,11612.0,
2026-06-11,STEL,535.85,550.0,521.1,543.8,17400.0,
2026-06-12,STEL,548.05,559.85,546.9,554.1,6695.0,
2026-06-15,STEL,561.8,629.0,554.0,616.6,83001.0,
2026-06-16,STEL,630.0,657.3,607.2,621.4,51824.0,
2026-06-17,STEL,629.4,650.0,575.0,582.6,41521.0,
2026-06-18,STEL,589.0,609.0,571.55,600.9,25113.0,
2026-06-19,STEL,596.25,600.8,575.1,598.05,12971.0,
2026-06-22,STEL,609.0,634.55,605.0,615.55,28110.0,
2026-06-23,STEL,615.05,633.0,591.0,606.55,21941.0,
2026-06-24,STEL,609.0,628.5,597.6,611.25,28229.0,
2026-06-25,STEL,621.0,621.0,595.2,597.6,16536.0,
2026-06-29,STEL,597.0,597.0,570.4,572.65,3843.0,
2026-06-30,STEL,584.35,589.95,570.05,572.1,4395.0,
2026-07-01,STEL,580.0,598.7,571.0,587.6,8196.0,
2026-07-02,STEL,587.0,592.35,561.0,572.9,5046.0,
2026-07-03,STEL,576.1,576.2,562.1,567.6,3014.0,
2026-07-06,STEL,576.05,576.05,557.2,565.15,1615.0,
2026-07-07,STEL,559.0,575.45,538.1,543.85,5035.0,
2026-07-08,STEL,544.9,587.95,535.4,540.6,7449.0,
2026-07-09,STEL,550.75,570.5,546.85,563.9,2346.0,
2026-07-10,STEL,566.8,573.1,556.05,562.9,2231.0,
2026-07-13,STEL,560.1,569.95,541.45,553.95,3282.0,
2026-07-14,STEL,570.0,570.0,555.0,555.85,880.0,
2026-07-15,STEL,561.0,564.9,555.0,558.45,959.0,
2026-07-16,STEL,556.0,570.45,555.0,557.7,1677.0,
2026-07-17,STEL,553.3,565.7,531.05,555.5,1463.0,
2026-07-20,STEL,555.2,556.95,540.05,552.7,3708.0,
2026-07-21,STEL,555.45,562.95,550.1,553.4,1620.0,
2026-07-22,STEL,566.95,567.0,540.0,541.75,4277.0,
2026-07-23,STEL,535.0,556.0,520.05,547.45,2686.0,
2026-07-24,STEL,547.7,559.95,532.8,555.55,1765.0,
2026-07-27,STEL,555.3,565.1,546.95,558.6,2644.0,
2026-07-28,STEL,564.6,565.0,550.05,553.4,1982.0,
2026-07-29,STEL,560.0,561.9,550.0,551.25,1761.0,
2026-07-30,STEL,540.1,565.7,540.1,560.05,6617.0,
2026-07-31,STEL,579.9,580.25,567.2,574.85,2844.0,
2026-08-03,STEL,580.0,580.0,562.35,565.75,1833.0,
2026-08-04,STEL,557.3,579.2,557.3,561.9,1766.0,
2026-08-05,STEL,563.45,566.95,555.3,559.05,508.0,
2026-08-06,STEL,558.25,571.1,553.15,564.1,2419.0,
2026-08-07,STEL,566.5,566.5,551.3,552.95,1219.0,
2026-08-10,STEL,546.05,556.2,531.1,535.55,2532.0,
2026-08-11,STEL,530.0,542.05,525.3,534.65,2884.0,
2026-08-12,STEL,543.0,544.7,534.0,538.95,1726.0,
2026-08-13,STEL,538.0,565.95,535.55,560.4,3048.0,
2026-08-14,STEL,566.0,584.0,557.9,581.2,5622.0,
2026-08-17,STEL,583.9,593.0,569.9,591.4,4701.0,
2026-08-18,STEL,591.4,595.0,570.0,586.1,6585.0,
2026-08-19,STEL,575.0,592.45,575.0,581.0,3435.0,
2026-08-20,STEL,591.1,591.1,581.5,584.35,2076.0,
2026-08-21,STEL,587.25,618.0,580.15,611.05,8849.0,
2026-08-24,STEL,618.9,625.2,600.0,617.6,15077.0,
2026-08-25,STEL,625.0,625.0,605.05,613.4,1636.0,
2026-08-26,STEL,622.6,628.85,603.65,619.7,5671.0,
2026-08-27,STEL,625.0,631.95,608.4,622.6,4721.0,
2026-08-28,STEL,622.85,645.0,617.75,636.9,5706.0,
2026-08-31,STEL,636.9,689.95,628.1,661.2,19646.0,
2026-09-01,STEL,650.0,680.0,620.1,623.1,8483.0,
2026-09-02,STEL,631.55,631.55,598.0,601.45,2919.0,
2026-09-03,STEL,629.9,629.9,602.3,606.95,1610.0,
2026-09-04,STEL,615.05,616.0,598.2,607.9,3953.0,
2026-09-07,STEL,590.0,609.95,590.0,596.7,3622.0,
2026-09-08,STEL,615.1,615.1,597.2,601.4,2050.0,
2026-09-09,STEL,605.15,607.6,577.6,590.0,4063.0,
2026-09-10,STEL,579.2,603.75,579.2,590.2,4036.0,
2026-09-11,STEL,604.0,620.6,589.0,611.1,4670.0,
2026-09-15,STEL,611.1,611.1,581.5,597.9,3096.0,
2026-09-16,STEL,597.05,605.0,596.0,602.05,4630.0,
2026-09-17,STEL,602.05,637.8,602.05,631.9,5198.0,
2026-09-18,STEL,657.0,658.15,631.95,654.2,12670.0,
2026-09-21,STEL,654.2,668.9,652.55,662.75,14231.0,
2026-09-22,STEL,662.0,674.0,656.05,663.55,3924.0,
2026-09-23,STEL,684.0,684.0,617.95,640.6,11945.0,
2026-09-24,STEL,667.0,669.0,622.05,625.85,7774.0,
2025-11-07,STUDDS,565.0,585.0,557.0,560.3,5490621.0,
2025-11-10,STUDDS,561.0,564.65,545.5,548.0,851795.0,
2025-11-11,STUDDS,548.05,555.45,545.0,549.95,322651.0,
2025-11-12,STUDDS,549.15,554.95,543.6,549.65,309333.0,
2025-11-13,STUDDS,549.55,552.0,533.4,541.35,446695.0,
2025-11-14,STUDDS,540.0,562.65,537.3,552.55,307816.0,
2025-11-17,STUDDS,552.6,558.7,543.95,546.65,171219.0,
2025-11-18,STUDDS,547.2,600.0,547.2,571.45,4341772.0,
2025-11-19,STUDDS,583.0,599.0,570.35,574.6,1917754.0,
2025-11-20,STUDDS,581.0,584.0,554.0,556.6,489537.0,
2025-11-21,STUDDS,556.0,557.95,546.95,550.65,275321.0,
2025-11-24,STUDDS,554.45,554.45,541.0,545.1,132858.0,
2025-11-25,STUDDS,549.15,553.0,535.25,546.8,243856.0,
2025-11-26,STUDDS,553.0,560.0,548.3,554.2,268033.0,
2025-11-27,STUDDS,558.0,572.0,543.0,550.75,537390.0,
2025-11-28,STUDDS,548.55,553.3,540.1,547.7,177454.0,
2025-12-01,STUDDS,547.9,551.95,539.1,545.25,197609.0,
2025-12-02,STUDDS,544.0,555.2,535.3,543.4,162131.0,
2025-12-03,STUDDS,546.05,553.15,539.0,545.75,203180.0,
2025-12-04,STUDDS,540.65,545.2,539.4,542.5,115752.0,
2025-12-05,STUDDS,535.55,541.0,527.1,535.95,176275.0,
2025-12-08,STUDDS,532.0,537.85,521.0,523.0,238054.0,
2025-12-09,STUDDS,522.9,522.9,503.0,518.35,242420.0,
2025-12-10,STUDDS,520.0,524.4,517.6,522.95,91722.0,
2025-12-11,STUDDS,522.0,539.9,520.45,534.55,71901.0,
2025-12-12,STUDDS,535.2,545.9,533.25,544.6,76332.0,
2025-12-15,STUDDS,543.5,558.5,535.15,555.95,127746.0,
2025-12-16,STUDDS,557.0,563.9,548.25,551.25,147268.0,
2025-12-17,STUDDS,550.7,551.65,537.5,542.25,59964.0,
2025-12-18,STUDDS,540.05,540.5,530.0,532.9,49274.0,
2025-12-19,STUDDS,533.6,544.9,522.6,533.6,122251.0,
2025-12-22,STUDDS,534.0,548.0,534.0,544.65,69556.0,
2025-12-23,STUDDS,540.65,551.45,538.0,545.05,53765.0,
2025-12-24,STUDDS,548.95,548.95,534.0,537.9,58243.0,
2025-12-26,STUDDS,533.0,535.2,529.35,530.9,42802.0,
2025-12-29,STUDDS,529.2,539.85,526.2,536.65,98869.0,
2025-12-30,STUDDS,531.3,537.45,527.0,529.9,35443.0,
2025-12-31,STUDDS,528.0,539.9,528.0,538.6,38666.0,
2026-01-01,STUDDS,538.0,538.2,529.0,532.1,16175.0,
2026-01-02,STUDDS,533.5,544.4,528.0,542.2,35731.0,
2026-01-05,STUDDS,538.3,550.0,538.3,541.4,56108.0,
2026-01-06,STUDDS,547.5,547.5,535.1,539.6,30399.0,
2026-01-07,STUDDS,545.0,549.9,538.1,541.9,58529.0,
2026-01-08,STUDDS,541.8,545.0,526.1,532.5,46304.0,
2026-01-09,STUDDS,528.0,531.75,523.0,527.0,48154.0,
2026-01-12,STUDDS,521.0,526.65,513.35,519.9,47983.0,
2026-01-13,STUDDS,520.45,538.25,520.45,532.95,50655.0,
2026-01-14,STUDDS,528.0,533.95,525.0,532.95,22072.0,
2026-01-16,STUDDS,533.2,534.05,526.5,530.25,38800.0,
2026-01-19,STUDDS,523.0,529.65,520.1,520.5,54655.0,
2026-01-20,STUDDS,520.5,520.5,492.55,498.5,112360.0,
2026-01-21,STUDDS,499.4,505.0,484.5,501.85,86856.0,
2026-01-22,STUDDS,503.0,519.0,502.3,514.45,31171.0,
2026-01-23,STUDDS,514.0,515.0,492.0,496.3,24551.0,
2026-01-27,STUDDS,495.05,509.0,480.6,490.55,38074.0,
2026-01-28,STUDDS,490.5,507.2,489.25,503.35,22139.0,
2026-01-29,STUDDS,501.1,501.5,492.0,494.15,21270.0,
2026-01-30,STUDDS,489.95,510.0,489.95,503.1,69190.0,
2026-02-02,STUDDS,485.6,488.0,475.0,482.3,157622.0,
2026-02-03,STUDDS,490.9,508.9,482.6,503.65,69526.0,
2026-02-04,STUDDS,499.05,512.0,498.0,508.8,63153.0,
2026-02-05,STUDDS,508.95,508.95,501.8,505.8,16779.0,
2026-02-06,STUDDS,498.15,509.0,491.45,507.7,31979.0,
2026-02-09,STUDDS,504.4,511.0,504.4,510.3,22023.0,
2026-02-10,STUDDS,507.75,529.0,507.75,520.65,46208.0,
2026-02-11,STUDDS,525.0,525.0,513.55,520.6,21889.0,
2026-02-12,STUDDS,515.5,522.0,512.2,520.25,19798.0,
2026-02-13,STUDDS,513.5,515.2,491.0,496.9,27228.0,
2026-02-16,STUDDS,495.0,520.0,490.7,514.6,43952.0,
2026-02-17,STUDDS,513.0,518.95,509.55,517.35,14922.0,
2026-02-18,STUDDS,513.0,519.95,511.05,516.85,31853.0,
2026-02-19,STUDDS,514.15,525.55,512.1,520.95,34000.0,
2026-02-20,STUDDS,514.05,520.0,513.2,517.7,14709.0,
2026-02-23,STUDDS,517.7,522.4,515.15,520.4,18390.0,
2026-02-24,STUDDS,520.0,522.6,515.55,520.35,30167.0,
2026-02-25,STUDDS,523.85,523.85,516.05,520.15,17476.0,
2026-02-26,STUDDS,520.15,521.95,516.95,519.9,24255.0,
2026-02-27,STUDDS,518.0,521.5,514.0,520.05,12272.0,
2026-03-02,STUDDS,478.05,512.6,478.05,510.15,32649.0,
2026-03-04,STUDDS,500.0,510.15,491.6,508.7,35047.0,
2026-03-05,STUDDS,507.1,512.7,507.1,510.65,14192.0,
2026-03-06,STUDDS,503.0,514.55,503.0,512.3,21312.0,
2026-03-09,STUDDS,505.55,509.4,496.3,506.75,24923.0,
2026-03-10,STUDDS,505.05,520.0,505.0,516.9,35217.0,
2026-03-11,STUDDS,513.3,522.4,510.55,520.3,21045.0,
2026-03-12,STUDDS,508.0,519.2,508.0,514.45,14861.0,
2026-03-13,STUDDS,515.0,515.0,505.0,510.95,24257.0,
2026-03-16,STUDDS,508.4,513.4,498.05,511.4,25712.0,
2026-03-17,STUDDS,510.0,515.35,505.5,511.15,13675.0,
2026-03-18,STUDDS,510.2,525.0,490.6,495.25,129833.0,
2026-03-19,STUDDS,491.5,491.5,476.65,484.9,71051.0,
2026-03-20,STUDDS,484.9,493.9,484.9,490.65,19540.0,
2026-03-23,STUDDS,485.0,485.0,470.15,481.3,28003.0,
2026-03-24,STUDDS,483.0,485.7,473.05,477.75,33045.0,
2026-03-25,STUDDS,478.0,487.9,476.95,481.7,43337.0,
2026-03-27,STUDDS,476.55,476.55,461.1,464.45,133415.0,
2026-03-30,STUDDS,461.0,464.85,445.5,448.8,135074.0,
2026-04-01,STUDDS,450.9,472.0,448.2,452.05,33426.0,
2026-04-02,STUDDS,448.2,459.95,444.15,450.25,17455.0,
2026-04-06,STUDDS,458.6,458.6,441.05,445.0,53239.0,
2026-04-07,STUDDS,441.3,451.35,441.3,445.45,31318.0,
2026-04-08,STUDDS,453.0,458.95,450.5,453.05,52267.0,
2026-04-09,STUDDS,458.0,458.0,446.75,448.75,51489.0,
2026-04-10,STUDDS,456.0,456.0,448.7,453.05,47060.0,
2026-04-13,STUDDS,442.2,456.0,442.2,454.2,11658.0,
2026-04-15,STUDDS,458.7,473.25,457.0,471.45,42335.0,
2026-04-16,STUDDS,471.45,480.0,471.05,478.95,21565.0,
2026-04-17,STUDDS,478.7,492.05,474.95,488.45,34919.0,
2026-04-20,STUDDS,488.45,493.3,483.0,488.25,10659.0,
2026-04-21,STUDDS,488.25,492.95,485.1,490.45,14230.0,
2026-04-22,STUDDS,490.25,494.5,485.7,492.4,13687.0,
2026-04-23,STUDDS,497.0,503.7,486.0,493.05,12107.0,
2026-04-24,STUDDS,488.0,492.35,481.5,486.45,18256.0,
2026-04-27,STUDDS,494.0,494.0,484.0,490.9,8957.0,
2026-04-28,STUDDS,489.0,495.9,479.85,485.85,25124.0,
2026-04-29,STUDDS,484.0,493.7,484.0,492.05,14774.0,
2026-04-30,STUDDS,488.05,499.0,484.5,489.7,18682.0,
2026-05-04,STUDDS,488.55,492.2,476.0,481.2,17723.0,
2026-05-05,STUDDS,479.75,485.9,475.05,481.95,7215.0,
2026-05-06,STUDDS,489.0,493.0,482.1,490.3,9266.0,
2026-05-07,STUDDS,485.15,490.0,480.5,481.4,31566.0,
2026-05-08,STUDDS,478.1,481.2,465.0,466.45,37498.0,
2026-05-11,STUDDS,465.0,465.65,452.55,459.4,35966.0,
2026-05-12,STUDDS,461.65,462.0,450.0,456.2,137830.0,
2026-05-13,STUDDS,455.0,455.0,442.0,443.85,35591.0,
2026-05-14,STUDDS,442.0,451.1,436.0,437.3,48391.0,
2026-05-15,STUDDS,440.0,441.95,434.4,438.05,61517.0,
2026-05-18,STUDDS,430.5,441.0,427.55,438.0,23547.0,
2026-05-19,STUDDS,438.0,448.7,436.55,443.55,51730.0,
2026-05-20,STUDDS,439.55,447.9,436.8,438.1,40368.0,
2026-05-21,STUDDS,445.0,445.0,435.1,443.05,27271.0,
2026-05-22,STUDDS,443.05,449.8,443.0,447.7,20135.0,
2026-05-25,STUDDS,454.4,457.0,444.55,451.2,33911.0,
2026-05-26,STUDDS,454.55,461.0,442.8,458.1,82461.0,
2026-05-27,STUDDS,458.1,473.0,456.8,469.2,34254.0,
2026-05-29,STUDDS,470.95,476.85,453.0,457.6,38669.0,
2026-06-01,STUDDS,456.0,460.45,446.5,447.4,23186.0,
2026-06-02,STUDDS,447.45,452.45,444.05,450.45,17845.0,
2026-06-03,STUDDS,443.95,453.45,438.55,441.9,35198.0,
2026-06-04,STUDDS,436.5,452.45,436.5,439.65,16509.0,
2026-06-05,STUDDS,443.5,466.8,440.05,454.85,53696.0,
2026-06-08,STUDDS,446.2,450.9,438.05,439.3,32350.0,
2026-06-09,STUDDS,443.0,527.15,440.35,520.95,4778521.0,
2026-06-10,STUDDS,528.05,559.9,498.7,525.4,6438604.0,
2026-06-11,STUDDS,521.4,535.0,500.1,506.9,418447.0,
2026-06-12,STUDDS,505.05,513.5,493.05,500.85,261494.0,
2026-06-15,STUDDS,504.0,518.4,502.0,504.6,129995.0,
2026-06-16,STUDDS,508.0,509.0,498.1,500.45,60497.0,
2026-06-17,STUDDS,500.45,508.4,498.45,500.6,61413.0,
2026-06-18,STUDDS,500.5,505.6,485.1,487.35,109178.0,
2026-06-19,STUDDS,489.6,490.7,472.6,479.05,140539.0,
2026-06-22,STUDDS,475.0,491.9,475.0,489.0,61562.0,
2026-06-23,STUDDS,489.0,495.8,485.0,488.95,38793.0,
2026-06-24,STUDDS,486.9,492.9,480.05,487.3,26731.0,
2026-06-25,STUDDS,487.3,488.45,478.5,480.15,29593.0,
2026-06-29,STUDDS,480.15,481.2,468.3,471.3,44817.0,
2026-06-30,STUDDS,474.75,476.0,468.0,469.15,53920.0,
2026-07-01,STUDDS,472.0,472.0,453.85,459.15,70790.0,
2026-07-02,STUDDS,466.0,473.0,462.55,470.25,85629.0,
2026-07-03,STUDDS,475.0,475.0,465.0,467.15,27259.0,
2026-07-06,STUDDS,464.05,477.05,461.35,463.25,59435.0,
2026-07-07,STUDDS,463.25,469.3,460.1,461.8,29652.0,
2026-07-08,STUDDS,461.0,464.45,454.0,457.7,36091.0,
2026-07-09,STUDDS,457.0,466.5,457.0,460.15,42360.0,
2026-07-10,STUDDS,462.0,466.35,460.0,461.35,25105.0,
2026-07-13,STUDDS,460.2,463.45,453.6,459.65,38170.0,
2026-07-14,STUDDS,461.95,463.85,447.0,448.55,61940.0,
2026-07-15,STUDDS,450.75,453.85,445.25,447.2,40395.0,
2026-07-16,STUDDS,450.55,465.0,446.1,456.25,122035.0,
2026-07-17,STUDDS,456.3,461.0,445.9,451.25,147098.0,
2026-07-20,STUDDS,451.25,452.65,447.1,449.9,21917.0,
2026-07-21,STUDDS,452.0,452.25,445.85,447.3,24514.0,
2026-07-22,STUDDS,447.3,449.85,442.4,444.85,25710.0,
2026-07-23,STUDDS,442.0,448.35,442.0,442.6,12988.0,
2026-07-24,STUDDS,442.6,460.0,438.6,450.6,41021.0,
2026-07-27,STUDDS,454.95,456.6,443.0,444.2,50266.0,
2026-07-28,STUDDS,444.0,446.75,440.0,440.95,16943.0,
2026-07-29,STUDDS,441.0,448.35,441.0,443.0,22818.0,
2026-07-30,STUDDS,441.9,451.7,435.35,441.2,56026.0,
2026-07-31,STUDDS,441.0,444.0,438.05,440.15,23567.0,
2026-08-03,STUDDS,442.6,457.0,442.6,447.95,44287.0,
2026-08-04,STUDDS,453.8,453.8,443.5,445.6,25333.0,
2026-08-05,STUDDS,451.95,451.95,438.5,439.5,51459.0,
2026-08-06,STUDDS,442.8,458.95,440.65,446.55,67958.0,
2026-08-07,STUDDS,451.0,451.0,435.0,438.75,66634.0,
2026-08-10,STUDDS,428.0,441.4,422.7,432.25,161949.0,
2026-08-11,STUDDS,432.25,441.25,412.3,421.4,146823.0,
2026-08-12,STUDDS,421.0,424.4,416.8,420.55,34475.0,
2026-08-13,STUDDS,423.95,438.0,420.7,434.05,50342.0,
2026-08-14,STUDDS,437.25,437.25,424.0,425.25,25634.0,
2026-08-17,STUDDS,427.5,454.5,424.1,448.05,220801.0,
2026-08-18,STUDDS,450.0,451.45,443.6,449.0,56142.0,
2026-08-19,STUDDS,443.95,448.7,443.85,448.0,33983.0,
2026-08-20,STUDDS,445.9,449.9,444.5,448.0,18024.0,
2026-08-21,STUDDS,448.0,453.25,444.15,450.15,28108.0,
2026-08-24,STUDDS,450.15,451.85,436.8,450.0,64966.0,
2026-08-25,STUDDS,446.65,452.0,446.5,450.75,29823.0,
2026-08-26,STUDDS,449.15,455.0,447.05,451.35,17926.0,
2026-08-27,STUDDS,451.35,452.0,447.1,450.25,36654.0,
2026-08-28,STUDDS,448.85,452.95,440.05,450.0,18936.0,
2026-08-31,STUDDS,444.65,450.9,443.35,445.0,23747.0,
2026-09-01,STUDDS,441.2,448.0,438.05,441.3,69776.0,
2026-09-02,STUDDS,436.95,441.3,428.9,433.4,60119.0,
2026-09-03,STUDDS,433.0,435.25,425.65,426.95,18826.0,
2026-09-04,STUDDS,431.35,431.35,422.7,424.2,34112.0,
2026-09-07,STUDDS,426.75,438.0,418.0,419.95,80163.0,
2026-09-08,STUDDS,419.95,429.95,418.85,421.85,53941.0,
2026-09-09,STUDDS,421.85,424.0,410.0,414.6,46514.0,
2026-09-10,STUDDS,417.3,421.0,414.0,418.4,46750.0,
2026-09-11,STUDDS,417.95,424.2,410.0,418.65,44136.0,
2026-09-15,STUDDS,420.0,422.05,410.0,410.7,20247.0,
2026-09-16,STUDDS,411.0,418.0,402.55,404.85,50715.0,
2026-09-17,STUDDS,409.95,413.45,403.5,404.35,14567.0,
2026-09-18,STUDDS,408.8,410.1,402.75,407.1,21853.0,
2026-09-21,STUDDS,409.0,457.5,407.0,430.5,979709.0,
2026-09-22,STUDDS,429.0,434.4,419.55,421.45,44386.0,
2026-09-23,STUDDS,422.0,424.8,412.7,415.75,54012.0,
2026-09-24,STUDDS,414.2,418.7,406.05,412.25,42948.0,
2025-09-10,TAINWALCHM,212.61,218.97,210.99,213.75,5072.0,
2025-09-11,TAINWALCHM,216.01,216.01,211.1,211.86,1771.0,
2025-09-12,TAINWALCHM,215.01,215.51,210.83,211.64,4320.0,
2025-09-15,TAINWALCHM,213.69,219.0,212.0,215.31,3884.0,
2025-09-16,TAINWALCHM,215.62,219.0,210.35,216.79,8090.0,
2025-09-17,TAINWALCHM,217.84,217.99,215.0,216.44,5389.0,
2025-09-18,TAINWALCHM,215.8,217.94,215.0,215.54,2063.0,
2025-09-19,TAINWALCHM,216.54,216.76,211.5,213.29,5331.0,
2025-09-22,TAINWALCHM,216.0,219.99,213.44,217.1,8655.0,
2025-09-23,TAINWALCHM,214.05,220.7,214.05,214.99,2597.0,
2025-09-24,TAINWALCHM,214.95,219.9,213.0,215.64,15898.0,
2025-09-25,TAINWALCHM,217.99,217.99,210.3,211.0,3723.0,
2025-09-26,TAINWALCHM,213.86,215.45,209.0,210.63,5414.0,
2025-09-29,TAINWALCHM,210.63,213.61,206.55,209.03,2481.0,
2025-09-30,TAINWALCHM,205.25,210.7,205.25,208.65,4068.0,
2025-10-01,TAINWALCHM,214.34,214.34,206.37,212.57,1784.0,
2025-10-03,TAINWALCHM,210.76,218.37,210.2,212.33,4106.0,
2025-10-06,TAINWALCHM,212.33,215.9,206.1,207.36,4763.0,
2025-10-07,TAINWALCHM,213.8,213.8,205.0,206.37,6573.0,
2025-10-08,TAINWALCHM,207.0,209.0,200.2,203.17,3916.0,
2025-10-09,TAINWALCHM,207.75,208.0,203.0,205.85,899.0,
2025-10-10,TAINWALCHM,209.0,209.0,205.0,207.29,1348.0,
2025-10-13,TAINWALCHM,207.29,209.01,202.79,203.88,2269.0,
2025-10-14,TAINWALCHM,202.25,209.15,201.06,202.82,871.0,
2025-10-15,TAINWALCHM,202.83,206.94,200.35,203.03,3947.0,
2025-10-16,TAINWALCHM,207.5,207.5,204.0,206.39,2633.0,
2025-10-17,TAINWALCHM,204.16,208.0,200.75,201.62,2315.0,
2025-10-20,TAINWALCHM,201.05,206.61,201.05,204.56,2032.0,
2025-10-21,TAINWALCHM,204.57,209.49,203.54,204.96,693.0,
2025-10-23,TAINWALCHM,202.25,208.8,199.5,200.72,9895.0,
2025-10-24,TAINWALCHM,206.1,207.0,201.05,204.45,1032.0,
2025-10-27,TAINWALCHM,207.65,207.65,201.0,202.24,2797.0,
2025-10-28,TAINWALCHM,202.25,204.84,200.03,200.95,3474.0,
2025-10-29,TAINWALCHM,205.0,205.0,200.0,200.74,2650.0,
2025-10-30,TAINWALCHM,203.99,204.99,200.03,201.99,3032.0,
2025-10-31,TAINWALCHM,201.99,204.79,200.0,201.5,2567.0,
2025-11-03,TAINWALCHM,200.5,203.0,200.05,200.76,1387.0,
2025-11-04,TAINWALCHM,200.76,202.5,200.0,200.1,1397.0,
2025-11-06,TAINWALCHM,205.0,207.74,199.5,199.86,7142.0,
2025-11-07,TAINWALCHM,203.0,203.0,199.7,199.91,954.0,
2025-11-10,TAINWALCHM,202.0,202.0,199.91,200.94,3696.0,
2025-11-11,TAINWALCHM,200.0,201.0,195.0,196.17,4050.0,
2025-11-12,TAINWALCHM,196.2,201.0,193.65,200.95,11805.0,
2025-11-13,TAINWALCHM,200.94,201.05,195.0,197.06,4129.0,
2025-11-14,TAINWALCHM,200.0,200.0,195.0,197.74,3876.0,
2025-11-17,TAINWALCHM,198.99,198.99,190.35,196.97,5738.0,
2025-11-18,TAINWALCHM,193.5,196.98,192.0,195.3,1144.0,
2025-11-19,TAINWALCHM,193.7,201.0,193.7,198.19,16278.0,
2025-11-20,TAINWALCHM,196.02,198.99,196.0,196.16,1020.0,
2025-11-21,TAINWALCHM,199.89,199.99,195.0,197.86,1564.0,
2025-11-24,TAINWALCHM,197.86,197.86,193.0,194.62,741.0,
2025-11-25,TAINWALCHM,194.62,194.62,192.55,192.73,536.0,
2025-11-26,TAINWALCHM,192.73,199.0,192.08,195.57,2612.0,
2025-11-27,TAINWALCHM,195.6,195.6,192.0,194.0,2061.0,
2025-11-28,TAINWALCHM,194.01,195.0,190.37,194.8,2799.0,
2025-12-01,TAINWALCHM,194.98,194.98,185.0,185.7,4800.0,
2025-12-02,TAINWALCHM,186.62,186.93,180.6,181.29,4818.0,
2025-12-03,TAINWALCHM,181.3,185.88,178.35,181.29,2819.0,
2025-12-04,TAINWALCHM,181.0,183.0,175.37,179.42,1760.0,
2025-12-05,TAINWALCHM,179.59,182.0,168.0,169.61,5188.0,
2025-12-08,TAINWALCHM,170.09,172.99,161.08,164.79,6384.0,
2025-12-09,TAINWALCHM,160.5,165.99,160.5,161.16,3848.0,
2025-12-10,TAINWALCHM,158.07,164.99,158.07,160.11,1081.0,
2025-12-11,TAINWALCHM,160.11,160.12,158.0,158.19,1411.0,
2025-12-12,TAINWALCHM,158.25,160.0,155.0,159.92,9042.0,
2025-12-15,TAINWALCHM,159.99,191.9,159.99,191.9,41495.0,
2025-12-16,TAINWALCHM,220.01,230.28,210.63,213.66,579173.0,
2025-12-17,TAINWALCHM,212.0,212.0,196.36,199.26,41067.0,
2025-12-18,TAINWALCHM,199.9,199.9,187.43,191.53,19962.0,
2025-12-19,TAINWALCHM,193.99,193.99,179.0,182.55,21374.0,
2025-12-22,TAINWALCHM,187.12,218.55,183.5,205.57,107919.0,
2025-12-23,TAINWALCHM,211.0,211.7,197.99,201.09,20837.0,
2025-12-24,TAINWALCHM,202.0,207.5,195.27,200.1,11255.0,
2025-12-26,TAINWALCHM,203.07,205.0,198.0,200.52,4462.0,
2025-12-29,TAINWALCHM,200.52,201.99,192.25,195.64,3525.0,
2025-12-30,TAINWALCHM,198.49,198.49,191.73,194.56,1766.0,
2025-12-31,TAINWALCHM,194.41,197.9,192.12,192.99,3193.0,
2026-01-01,TAINWALCHM,193.0,199.5,192.0,195.5,1190.0,
2026-01-02,TAINWALCHM,199.0,199.0,190.5,193.33,2941.0,
2026-01-05,TAINWALCHM,197.7,197.7,186.35,189.29,6531.0,
2026-01-06,TAINWALCHM,189.29,192.78,187.0,187.47,2798.0,
2026-01-07,TAINWALCHM,183.21,193.46,183.21,189.5,2613.0,
2026-01-08,TAINWALCHM,191.01,191.5,183.0,184.77,4022.0,
2026-01-09,TAINWALCHM,185.0,190.0,181.0,181.59,6644.0,
2026-01-12,TAINWALCHM,181.59,183.86,178.1,182.43,2967.0,
2026-01-13,TAINWALCHM,182.18,182.9,177.51,180.05,2181.0,
2026-01-14,TAINWALCHM,175.08,189.98,172.5,181.5,18170.0,
2026-01-16,TAINWALCHM,181.99,187.89,181.22,183.48,2287.0,
2026-01-19,TAINWALCHM,184.39,184.39,174.15,176.54,4950.0,
2026-01-20,TAINWALCHM,174.25,177.99,171.0,171.77,2482.0,
2026-01-21,TAINWALCHM,172.01,173.97,165.0,170.29,5644.0,
2026-01-22,TAINWALCHM,170.01,180.5,167.0,170.31,3026.0,
2026-01-23,TAINWALCHM,176.5,176.5,166.2,171.14,3059.0,
2026-01-27,TAINWALCHM,170.29,178.79,165.5,168.01,1964.0,
2026-01-28,TAINWALCHM,168.01,176.29,166.0,172.31,4985.0,
2026-01-29,TAINWALCHM,174.0,183.99,169.02,183.55,15235.0,
2026-01-30,TAINWALCHM,181.0,184.47,178.0,180.39,2887.0,
2026-02-02,TAINWALCHM,176.38,176.38,168.18,170.22,1917.0,
2026-02-03,TAINWALCHM,172.51,182.54,171.55,173.12,2993.0,
2026-02-04,TAINWALCHM,179.7,181.99,171.37,174.27,10889.0,
2026-02-05,TAINWALCHM,177.0,177.4,170.0,171.5,1688.0,
2026-02-06,TAINWALCHM,170.33,174.4,168.31,169.83,651.0,
2026-02-09,TAINWALCHM,173.66,203.79,171.5,203.79,168420.0,
2026-02-10,TAINWALCHM,208.0,208.8,184.1,186.21,72922.0,
2026-02-11,TAINWALCHM,188.0,192.8,182.15,184.39,14415.0,
2026-02-12,TAINWALCHM,187.25,190.0,181.25,182.62,18412.0,
2026-02-13,TAINWALCHM,182.99,187.0,177.25,179.39,7590.0,
2026-02-16,TAINWALCHM,179.9,186.9,175.94,183.75,5218.0,
2026-02-17,TAINWALCHM,182.0,187.8,182.0,183.32,2294.0,
2026-02-18,TAINWALCHM,186.99,188.5,180.0,183.68,8205.0,
2026-02-19,TAINWALCHM,181.7,186.0,181.55,182.8,1803.0,
2026-02-20,TAINWALCHM,185.5,191.0,183.07,186.42,10478.0,
2026-02-23,TAINWALCHM,189.9,194.7,184.0,189.42,8602.0,
2026-02-24,TAINWALCHM,190.36,193.45,185.01,190.08,6246.0,
2026-02-25,TAINWALCHM,190.0,198.0,186.0,193.92,8733.0,
2026-02-26,TAINWALCHM,199.0,207.0,194.05,205.54,23887.0,
2026-02-27,TAINWALCHM,203.0,218.23,202.01,209.18,23232.0,
2026-03-02,TAINWALCHM,207.9,207.9,186.66,191.83,11242.0,
2026-03-04,TAINWALCHM,183.15,218.0,181.01,199.63,22151.0,
2026-03-05,TAINWALCHM,204.9,208.79,202.2,203.29,4725.0,
2026-03-06,TAINWALCHM,200.2,205.48,199.99,202.05,1643.0,
2026-03-09,TAINWALCHM,201.5,201.5,191.2,191.58,2253.0,
2026-03-10,TAINWALCHM,191.1,205.0,191.1,203.43,5797.0,
2026-03-11,TAINWALCHM,203.43,204.95,197.01,199.12,1911.0,
2026-03-12,TAINWALCHM,197.19,200.36,192.0,197.55,1451.0,
2026-03-13,TAINWALCHM,198.54,199.85,191.57,193.54,7523.0,
2026-03-16,TAINWALCHM,196.4,196.4,181.58,184.59,3714.0,
2026-03-17,TAINWALCHM,184.99,188.65,182.1,183.79,1497.0,
2026-03-18,TAINWALCHM,185.0,192.05,183.1,185.43,2468.0,
2026-03-19,TAINWALCHM,184.51,185.5,180.11,182.47,4034.0,
2026-03-20,TAINWALCHM,182.75,187.67,180.4,181.4,2802.0,
2026-03-23,TAINWALCHM,182.0,182.01,174.25,174.57,3137.0,
2026-03-24,TAINWALCHM,182.82,184.0,174.25,175.63,3615.0,
2026-03-25,TAINWALCHM,183.38,185.79,176.72,179.21,5215.0,
2026-03-27,TAINWALCHM,178.0,182.94,166.1,170.42,10248.0,
2026-03-30,TAINWALCHM,167.05,175.98,162.05,169.13,6476.0,
2026-04-01,TAINWALCHM,169.64,179.0,169.64,178.55,4626.0,
2026-04-02,TAINWALCHM,175.51,178.49,171.0,175.33,3003.0,
2026-04-06,TAINWALCHM,175.33,182.01,175.0,178.69,2386.0,
2026-04-07,TAINWALCHM,183.82,183.83,177.48,179.14,1366.0,
2026-04-08,TAINWALCHM,183.0,186.0,180.31,183.35,935.0,
2026-04-09,TAINWALCHM,183.01,184.77,177.0,183.96,3170.0,
2026-04-10,TAINWALCHM,188.99,190.0,185.52,189.31,2873.0,
2026-04-13,TAINWALCHM,188.39,189.99,183.0,187.15,1222.0,
2026-04-15,TAINWALCHM,192.49,204.5,191.0,203.44,6551.0,
2026-04-16,TAINWALCHM,203.44,208.0,197.5,206.45,8332.0,
2026-04-17,TAINWALCHM,207.99,207.99,196.57,200.76,3746.0,
2026-04-20,TAINWALCHM,200.76,203.39,198.91,201.0,2216.0,
2026-04-21,TAINWALCHM,202.79,204.0,195.0,199.41,5093.0,
2026-04-22,TAINWALCHM,196.85,211.48,196.85,206.98,11107.0,
2026-04-23,TAINWALCHM,202.01,209.39,198.0,199.77,3406.0,
2026-04-24,TAINWALCHM,206.0,206.0,197.0,197.69,2398.0,
2026-04-27,TAINWALCHM,196.89,209.7,196.89,208.86,8668.0,
2026-04-28,TAINWALCHM,208.01,210.0,203.7,209.27,11756.0,
2026-04-29,TAINWALCHM,206.79,210.01,203.25,207.94,1971.0,
2026-04-30,TAINWALCHM,207.94,207.94,200.13,201.47,690.0,
2026-05-04,TAINWALCHM,207.69,207.69,201.47,205.04,431.0,
2026-05-05,TAINWALCHM,205.05,210.0,200.37,204.22,840.0,
2026-05-06,TAINWALCHM,206.0,214.4,204.0,208.1,9058.0,
2026-05-07,TAINWALCHM,210.0,210.0,202.2,205.69,917.0,
2026-05-08,TAINWALCHM,205.0,218.65,205.0,206.46,4307.0,
2026-05-11,TAINWALCHM,208.9,211.5,203.13,206.23,933.0,
2026-05-12,TAINWALCHM,205.2,208.6,200.88,200.99,2439.0,
2026-05-13,TAINWALCHM,201.11,208.37,201.05,205.16,1017.0,
2026-05-14,TAINWALCHM,205.0,205.5,200.37,203.25,1469.0,
2026-05-15,TAINWALCHM,201.25,206.0,199.01,201.67,604.0,
2026-05-18,TAINWALCHM,201.5,209.2,200.0,207.81,5176.0,
2026-05-19,TAINWALCHM,207.81,213.4,203.5,207.62,2197.0,
2026-05-20,TAINWALCHM,207.0,210.0,202.0,204.44,2476.0,
2026-05-21,TAINWALCHM,200.88,204.96,196.37,199.35,14703.0,
2026-05-22,TAINWALCHM,198.3,199.48,195.1,195.73,3917.0,
2026-05-25,TAINWALCHM,202.4,202.4,195.55,199.94,1412.0,
2026-05-26,TAINWALCHM,199.98,203.0,196.05,201.33,1764.0,
2026-05-27,TAINWALCHM,196.0,212.0,196.0,206.15,5018.0,
2026-05-29,TAINWALCHM,206.16,207.85,196.0,197.75,12567.0,
2026-06-01,TAINWALCHM,204.9,204.9,196.05,196.47,1645.0,
2026-06-02,TAINWALCHM,196.48,198.98,191.57,196.07,1001.0,
2026-06-03,TAINWALCHM,191.15,201.91,186.61,192.94,2815.0,
2026-06-04,TAINWALCHM,194.88,199.9,193.21,196.59,414.0,
2026-06-05,TAINWALCHM,195.08,200.01,195.0,199.96,2303.0,
2026-06-08,TAINWALCHM,199.0,200.0,192.01,193.13,4958.0,
2026-06-09,TAINWALCHM,198.88,198.88,193.14,198.4,278.0,
2026-06-10,TAINWALCHM,199.9,200.0,195.75,195.75,1077.0,
2026-06-11,TAINWALCHM,198.99,199.0,195.0,198.94,3187.0,
2026-06-12,TAINWALCHM,200.0,202.0,192.15,201.05,6328.0,
2026-06-15,TAINWALCHM,205.0,205.0,196.01,198.16,2781.0,
2026-06-16,TAINWALCHM,203.0,206.59,198.01,204.64,4883.0,
2026-06-17,TAINWALCHM,205.0,208.7,200.0,202.01,5271.0,
2026-06-18,TAINWALCHM,204.0,208.0,198.0,198.24,6413.0,
2026-06-19,TAINWALCHM,200.0,204.67,198.3,201.22,602.0,
2026-06-22,TAINWALCHM,200.22,204.38,197.3,199.81,3352.0,
2026-06-23,TAINWALCHM,201.0,203.5,199.5,199.54,678.0,
2026-06-24,TAINWALCHM,198.0,201.97,197.1,197.1,1170.0,
2026-06-25,TAINWALCHM,200.0,204.0,196.15,197.89,2464.0,
2026-06-29,TAINWALCHM,198.99,198.99,195.03,195.2,437.0,
2026-06-30,TAINWALCHM,195.31,205.0,194.0,203.19,4417.0,
2026-07-01,TAINWALCHM,203.2,203.9,198.0,202.35,4246.0,
2026-07-02,TAINWALCHM,201.0,203.0,198.4,202.26,22.0,
2026-07-03,TAINWALCHM,202.0,202.0,197.21,198.68,616.0,
2026-07-06,TAINWALCHM,198.68,202.0,197.5,197.63,2911.0,
2026-07-07,TAINWALCHM,197.52,204.0,195.3,196.36,3169.0,
2026-07-08,TAINWALCHM,197.27,202.49,196.25,196.25,1015.0,
2026-07-09,TAINWALCHM,196.25,196.3,196.25,196.3,40.0,
2026-07-10,TAINWALCHM,195.32,201.99,192.26,193.34,11473.0,
2026-07-13,TAINWALCHM,196.2,232.0,196.2,232.0,134714.0,
2026-07-14,TAINWALCHM,243.98,257.0,220.8,225.99,234075.0,
2026-07-15,TAINWALCHM,226.0,227.4,211.5,216.54,33478.0,
2026-07-16,TAINWALCHM,216.54,231.45,214.8,220.15,33376.0,
2026-07-17,TAINWALCHM,216.1,221.98,213.2,215.64,11013.0,
2026-07-20,TAINWALCHM,220.0,224.77,210.2,211.81,14311.0,
2026-07-21,TAINWALCHM,215.0,215.0,205.0,207.65,5884.0,
2026-07-22,TAINWALCHM,211.9,211.9,201.61,203.11,7356.0,
2026-07-23,TAINWALCHM,204.12,208.0,201.0,202.92,2113.0,
2026-07-24,TAINWALCHM,197.52,205.0,197.52,201.87,2745.0,
2026-07-27,TAINWALCHM,203.21,208.67,203.0,204.11,1581.0,
2026-07-28,TAINWALCHM,206.8,207.98,196.37,199.81,4556.0,
2026-07-29,TAINWALCHM,203.6,203.6,194.99,196.2,4382.0,
2026-07-30,TAINWALCHM,196.2,202.51,196.2,199.79,2993.0,
2026-07-31,TAINWALCHM,199.16,201.26,196.05,197.14,1173.0,
2026-08-03,TAINWALCHM,195.01,217.8,195.01,206.82,20128.0,
2026-08-04,TAINWALCHM,210.49,212.5,203.15,207.41,1306.0,
2026-08-05,TAINWALCHM,210.0,225.0,205.0,220.58,13458.0,
2026-08-06,TAINWALCHM,219.49,219.5,205.0,206.16,13856.0,
2026-08-07,TAINWALCHM,207.0,209.96,205.0,207.5,4292.0,
2026-08-10,TAINWALCHM,207.0,207.06,202.42,203.27,3919.0,
2026-08-11,TAINWALCHM,201.0,204.9,201.0,203.21,3689.0,
2026-08-12,TAINWALCHM,201.05,207.0,199.0,203.94,4404.0,
2026-08-13,TAINWALCHM,206.99,206.99,201.02,203.28,2049.0,
2026-08-14,TAINWALCHM,202.95,212.76,202.94,205.78,11171.0,
2026-08-17,TAINWALCHM,209.5,211.0,203.98,208.5,10670.0,
2026-08-18,TAINWALCHM,210.58,217.18,207.2,214.72,5834.0,
2026-08-19,TAINWALCHM,214.72,221.45,210.0,218.22,6970.0,
2026-08-20,TAINWALCHM,222.1,238.9,212.3,223.76,64173.0,
2026-08-21,TAINWALCHM,226.4,232.8,212.65,216.67,5263.0,
2026-08-24,TAINWALCHM,216.67,220.9,214.0,218.11,4985.0,
2026-08-25,TAINWALCHM,220.0,220.0,211.0,212.6,3701.0,
2026-08-26,TAINWALCHM,219.0,219.0,211.64,216.7,1618.0,
2026-08-27,TAINWALCHM,212.06,216.83,211.02,212.68,2869.0,
2026-08-28,TAINWALCHM,212.68,215.9,210.0,213.0,2176.0,
2026-08-31,TAINWALCHM,215.7,215.7,209.0,209.94,914.0,
2026-09-01,TAINWALCHM,209.15,214.0,205.15,207.76,2735.0,
2026-09-02,TAINWALCHM,210.04,212.5,206.1,207.48,2536.0,
2026-09-03,TAINWALCHM,208.0,210.0,207.25,207.63,653.0,
2026-09-04,TAINWALCHM,207.63,215.5,207.6,213.71,1124.0,
2026-09-07,TAINWALCHM,216.83,216.83,206.35,208.48,4163.0,
2026-09-08,TAINWALCHM,207.44,218.0,207.44,212.34,2390.0,
2026-09-09,TAINWALCHM,212.34,216.0,209.0,209.11,2674.0,
2026-09-10,TAINWALCHM,209.0,213.5,207.0,210.02,3826.0,
2026-09-11,TAINWALCHM,212.0,212.0,207.01,207.79,258.0,
2026-09-15,TAINWALCHM,214.0,214.0,205.0,205.0,6228.0,
2026-09-16,TAINWALCHM,205.01,210.49,205.0,209.09,2499.0,
2026-09-17,TAINWALCHM,205.37,213.7,205.37,210.04,5026.0,
2026-09-18,TAINWALCHM,208.0,215.0,208.0,213.11,2239.0,
2026-09-21,TAINWALCHM,213.0,235.72,211.6,219.54,30823.0,
2026-09-22,TAINWALCHM,219.54,228.0,216.0,219.29,1736.0,
2026-09-23,TAINWALCHM,218.02,222.0,212.29,214.31,2583.0,
2026-09-24,TAINWALCHM,217.0,219.7,212.15,216.79,3740.0,
2025-09-10,THANGAMAYL,2230.0,2230.0,2181.0,2191.7,24133.0,
2025-09-11,THANGAMAYL,2192.0,2206.0,2144.3,2151.9,19974.0,
2025-09-12,THANGAMAYL,2151.9,2195.1,2134.6,2186.9,26908.0,
2025-09-15,THANGAMAYL,2195.0,2202.8,2163.4,2170.3,16527.0,
2025-09-16,THANGAMAYL,2179.0,2188.0,2125.9,2147.2,22592.0,
2025-09-17,THANGAMAYL,2168.7,2190.0,2140.5,2186.4,28261.0,
2025-09-18,THANGAMAYL,2186.5,2210.0,2158.7,2169.6,18468.0,
2025-09-19,THANGAMAYL,2160.0,2182.9,2140.0,2154.5,17682.0,
2025-09-22,THANGAMAYL,2160.0,2169.7,2082.6,2106.1,35340.0,
2025-09-23,THANGAMAYL,2106.1,2106.1,2058.3,2065.5,18043.0,
2025-09-24,THANGAMAYL,2054.7,2074.9,2042.1,2053.6,56455.0,
2025-09-25,THANGAMAYL,2053.6,2070.0,2040.5,2064.1,76529.0,
2025-09-26,THANGAMAYL,2060.1,2064.0,2006.0,2016.3,16026.0,
2025-09-29,THANGAMAYL,2002.0,2064.0,1948.0,1996.7,30984.0,
2025-09-30,THANGAMAYL,2004.7,2030.0,1992.2,2013.5,10909.0,
2025-10-01,THANGAMAYL,2014.9,2054.2,1985.0,2028.4,24624.0,
2025-10-03,THANGAMAYL,2050.0,2100.0,2027.3,2087.3,24350.0,
2025-10-06,THANGAMAYL,2081.7,2108.8,2065.2,2078.3,15555.0,
2025-10-07,THANGAMAYL,2065.0,2074.5,2001.2,2016.3,28037.0,
2025-10-08,THANGAMAYL,2010.0,2099.9,2003.1,2085.2,31360.0,
2025-10-09,THANGAMAYL,2080.0,2132.9,2021.2,2031.3,32990.0,
2025-10-10,THANGAMAYL,2046.0,2058.8,2016.0,2021.8,14944.0,
2025-10-13,THANGAMAYL,2021.8,2050.0,2008.5,2041.4,19763.0,
2025-10-14,THANGAMAYL,2021.5,2049.8,1971.3,1981.8,26541.0,
2025-10-15,THANGAMAYL,1985.0,1991.1,1962.2,1973.4,19623.0,
2025-10-16,THANGAMAYL,1973.4,1989.9,1960.0,1967.3,11579.0,
2025-10-17,THANGAMAYL,1975.1,1999.9,1953.0,1962.9,15276.0,
2025-10-20,THANGAMAYL,1990.0,1995.4,1946.2,1965.2,21449.0,
2025-10-21,THANGAMAYL,1967.0,1993.5,1967.0,1973.8,7251.0,
2025-10-23,THANGAMAYL,1987.0,2000.0,1939.5,1950.7,25370.0,
2025-10-24,THANGAMAYL,1947.1,2059.0,1944.8,2039.5,67275.0,
2025-10-27,THANGAMAYL,2039.0,2044.3,2011.0,2028.6,13053.0,
2025-10-28,THANGAMAYL,2036.3,2111.0,2036.3,2084.4,46321.0,
2025-10-29,THANGAMAYL,2099.0,2099.0,2040.1,2049.5,13561.0,
2025-10-30,THANGAMAYL,2049.5,2090.3,2018.1,2081.0,45296.0,
2025-10-31,THANGAMAYL,2080.0,2249.0,2064.5,2169.6,159392.0,
2025-11-03,THANGAMAYL,2180.0,2603.5,2140.1,2603.5,1070871.0,
2025-11-04,THANGAMAYL,2709.1,3088.7,2709.1,3041.2,2600121.0,
2025-11-06,THANGAMAYL,2979.1,3144.1,2837.7,3081.2,621520.0,
2025-11-07,THANGAMAYL,3019.1,3389.3,2981.1,3389.3,692829.0,
2025-11-10,THANGAMAYL,3400.0,3424.7,3120.0,3153.7,382135.0,
2025-11-11,THANGAMAYL,3140.0,3298.0,3131.5,3243.5,320332.0,
2025-11-12,THANGAMAYL,3243.0,3395.0,3231.1,3366.1,176143.0,
2025-11-13,THANGAMAYL,3360.0,3470.0,3271.8,3312.0,210463.0,
2025-11-14,THANGAMAYL,3310.1,3327.9,3270.8,3296.0,76870.0,
2025-11-17,THANGAMAYL,3285.0,3299.0,3202.7,3262.7,64315.0,
2025-11-18,THANGAMAYL,3296.6,3308.9,3200.0,3217.2,51047.0,
2025-11-19,THANGAMAYL,3249.0,3249.0,3140.7,3183.6,35592.0,
2025-11-20,THANGAMAYL,3183.6,3194.9,3133.2,3161.2,25606.0,
2025-11-21,THANGAMAYL,3160.0,3161.2,2985.0,3025.4,47901.0,
2025-11-24,THANGAMAYL,3014.1,3308.0,2985.0,3228.2,203490.0,
2025-11-25,THANGAMAYL,3225.0,3278.4,3161.6,3244.5,59426.0,
2025-11-26,THANGAMAYL,3252.0,3351.4,3221.0,3251.2,53668.0,
2025-11-27,THANGAMAYL,3250.0,3267.4,3190.0,3234.3,21805.0,
2025-11-28,THANGAMAYL,3270.0,3270.0,3201.0,3254.0,25193.0,
2025-12-01,THANGAMAYL,3270.0,3365.0,3239.0,3358.1,203410.0,
2025-12-02,THANGAMAYL,3367.0,3391.0,3129.0,3159.8,95819.0,
2025-12-03,THANGAMAYL,3240.0,3309.9,3163.7,3277.8,166122.0,
2025-12-04,THANGAMAYL,3277.8,3280.0,3201.1,3241.2,48371.0,
2025-12-05,THANGAMAYL,3258.0,3258.0,3182.0,3223.3,21564.0,
2025-12-08,THANGAMAYL,3298.9,3298.9,3132.6,3157.8,48180.0,
2025-12-09,THANGAMAYL,3131.0,3295.0,3090.4,3252.9,300393.0,
2025-12-10,THANGAMAYL,3200.0,3263.9,3179.2,3225.7,35146.0,
2025-12-11,THANGAMAYL,3216.0,3251.9,3185.2,3211.6,31198.0,
2025-12-12,THANGAMAYL,3211.6,3245.1,3158.4,3196.6,36572.0,
2025-12-15,THANGAMAYL,3196.6,3228.6,3186.6,3198.5,35967.0,
2025-12-16,THANGAMAYL,3208.3,3262.6,3112.3,3214.9,63556.0,
2025-12-17,THANGAMAYL,3214.9,3536.3,3206.8,3314.6,396785.0,
2025-12-18,THANGAMAYL,3309.6,3409.9,3256.2,3279.6,123746.0,
2025-12-19,THANGAMAYL,3282.5,3364.0,3265.2,3339.5,67452.0,
2025-12-22,THANGAMAYL,3374.4,3440.0,3356.1,3422.7,82420.0,
2025-12-23,THANGAMAYL,3432.3,3446.0,3380.0,3426.4,57560.0,
2025-12-24,THANGAMAYL,3430.0,3430.0,3271.8,3282.6,67254.0,
2025-12-26,THANGAMAYL,3301.1,3394.0,3140.9,3208.3,84215.0,
2025-12-29,THANGAMAYL,3229.0,3270.0,3151.0,3208.2,46160.0,
2025-12-30,THANGAMAYL,3188.0,3229.0,3179.3,3204.5,41680.0,
2025-12-31,THANGAMAYL,3225.0,3249.0,3190.0,3222.1,19594.0,
2026-01-01,THANGAMAYL,3221.5,3286.3,3192.0,3259.6,51648.0,
2026-01-02,THANGAMAYL,3239.6,3251.3,3175.5,3229.5,62317.0,
2026-01-05,THANGAMAYL,3224.1,3380.0,3187.3,3337.0,123739.0,
2026-01-06,THANGAMAYL,3360.0,3577.9,3331.0,3487.0,231836.0,
2026-01-07,THANGAMAYL,3540.0,3835.7,3498.0,3835.7,750107.0,
2026-01-08,THANGAMAYL,3835.7,4149.0,3767.8,3882.3,1137496.0,
2026-01-09,THANGAMAYL,3790.0,3810.8,3585.0,3620.4,427654.0,
2026-01-12,THANGAMAYL,3600.0,3729.0,3520.0,3675.8,265003.0,
2026-01-13,THANGAMAYL,3700.0,3783.8,3650.0,3746.6,122401.0,
2026-01-14,THANGAMAYL,3730.0,3885.0,3701.9,3832.1,121076.0,
2026-01-16,THANGAMAYL,3875.9,3875.9,3702.0,3764.0,85041.0,
2026-01-19,THANGAMAYL,3720.0,3800.0,3654.5,3710.2,74621.0,
2026-01-20,THANGAMAYL,3710.5,3915.0,3675.0,3712.3,294186.0,
2026-01-21,THANGAMAYL,3798.0,3998.0,3521.3,3888.2,1193840.0,
2026-01-22,THANGAMAYL,3987.0,4065.9,3580.0,3632.9,364337.0,
2026-01-23,THANGAMAYL,3670.7,3738.0,3482.7,3568.0,222378.0,
2026-01-27,THANGAMAYL,3595.3,3600.0,3309.1,3413.7,272054.0,
2026-01-28,THANGAMAYL,3449.5,3644.2,3413.8,3593.8,208469.0,
2026-01-29,THANGAMAYL,3624.9,3640.0,3450.0,3493.0,141906.0,
2026-01-30,THANGAMAYL,3460.0,3480.0,3276.8,3320.6,93721.0,
2026-02-02,THANGAMAYL,3173.8,3348.0,3173.8,3218.9,139936.0,
2026-02-03,THANGAMAYL,3400.0,3400.0,3161.8,3183.8,98852.0,
2026-02-04,THANGAMAYL,3195.0,3350.0,3165.9,3283.0,110653.0,
2026-02-05,THANGAMAYL,3282.9,3299.3,3159.9,3175.5,36855.0,
2026-02-06,THANGAMAYL,3196.0,3492.0,3182.8,3400.2,216907.0,
2026-02-09,THANGAMAYL,3309.0,3740.2,3309.0,3722.1,215274.0,
2026-02-10,THANGAMAYL,3701.0,3762.9,3630.4,3702.3,135280.0,
2026-02-11,THANGAMAYL,3739.7,3739.7,3647.1,3687.5,53564.0,
2026-02-12,THANGAMAYL,3739.0,3739.0,3632.0,3651.6,39634.0,
2026-02-13,THANGAMAYL,3622.0,3642.8,3531.9,3581.6,33895.0,
2026-02-16,THANGAMAYL,3580.0,3794.0,3532.0,3724.8,146626.0,
2026-02-17,THANGAMAYL,3715.0,3790.0,3634.1,3686.6,80914.0,
2026-02-18,THANGAMAYL,3699.4,3729.9,3610.0,3633.5,54179.0,
2026-02-19,THANGAMAYL,3663.9,3673.3,3470.2,3494.4,64480.0,
2026-02-20,THANGAMAYL,3496.0,3569.9,3447.5,3556.6,49374.0,
2026-02-23,THANGAMAYL,3580.7,3685.8,3562.8,3593.1,72897.0,
2026-02-24,THANGAMAYL,3638.3,3825.0,3562.3,3745.8,297963.0,
2026-02-25,THANGAMAYL,3778.3,3892.0,3735.1,3832.4,134309.0,
2026-02-26,THANGAMAYL,3835.0,3949.0,3785.0,3908.8,135281.0,
2026-02-27,THANGAMAYL,3912.9,4010.0,3870.0,3959.2,128066.0,
2026-03-02,THANGAMAYL,3822.0,4094.4,3720.0,3846.6,136009.0,
2026-03-04,THANGAMAYL,3730.0,3799.7,3583.9,3604.8,144612.0,
2026-03-05,THANGAMAYL,3688.6,3688.6,3512.0,3634.6,92346.0,
2026-03-06,THANGAMAYL,3645.0,3741.1,3600.0,3695.2,77245.0,
2026-03-09,THANGAMAYL,3660.2,3680.0,3453.3,3570.2,96180.0,
2026-03-10,THANGAMAYL,3619.0,3779.7,3580.0,3720.4,129914.0,
2026-03-11,THANGAMAYL,3740.0,3774.0,3510.0,3540.4,86853.0,
2026-03-12,THANGAMAYL,3540.6,3597.4,3358.3,3562.8,150078.0,
2026-03-13,THANGAMAYL,3562.8,3575.0,3457.0,3504.1,117070.0,
2026-03-16,THANGAMAYL,3447.4,3537.5,3365.0,3448.1,104091.0,
2026-03-17,THANGAMAYL,3499.0,3516.0,3444.0,3495.0,59884.0,
2026-03-18,THANGAMAYL,3505.4,3579.9,3480.1,3501.7,101189.0,
2026-03-19,THANGAMAYL,3498.9,3498.9,3334.9,3357.3,64487.0,
2026-03-20,THANGAMAYL,3357.3,3433.8,3296.7,3328.8,101768.0,
2026-03-23,THANGAMAYL,3319.0,3319.0,3131.5,3158.8,57441.0,
2026-03-24,THANGAMAYL,3295.0,3367.0,3120.4,3309.4,111588.0,
2026-03-25,THANGAMAYL,3347.9,3625.0,3316.3,3598.7,173819.0,
2026-03-27,THANGAMAYL,3500.0,3568.8,3364.7,3431.0,72800.0,
2026-03-30,THANGAMAYL,3400.0,3457.0,3350.0,3425.9,90956.0,
2026-04-01,THANGAMAYL,3549.7,3679.0,3500.7,3552.4,81043.0,
2026-04-02,THANGAMAYL,3499.7,3568.0,3409.0,3543.8,51205.0,
2026-04-06,THANGAMAYL,3595.0,3898.1,3550.1,3752.9,258648.0,
2026-04-07,THANGAMAYL,3798.0,3879.0,3745.4,3862.6,148608.0,
2026-04-08,THANGAMAYL,4052.9,4124.8,3921.6,4037.4,202926.0,
2026-04-09,THANGAMAYL,4040.0,4181.9,4024.2,4086.5,213887.0,
2026-04-10,THANGAMAYL,4127.0,4170.0,4050.0,4138.8,123599.0,
2026-04-13,THANGAMAYL,4012.3,4240.4,3962.7,4175.4,166445.0,
2026-04-15,THANGAMAYL,4250.5,4313.3,4215.5,4252.7,147179.0,
2026-04-16,THANGAMAYL,4280.0,4332.6,4223.5,4278.4,80729.0,
2026-04-17,THANGAMAYL,4278.1,4373.0,4180.1,4210.6,124440.0,
2026-04-20,THANGAMAYL,4210.6,4249.9,4111.0,4134.5,66146.0,
2026-04-21,THANGAMAYL,4156.0,4199.8,4105.4,4127.9,83065.0,
2026-04-22,THANGAMAYL,4140.0,4253.2,4009.0,4022.9,125394.0,
2026-04-23,THANGAMAYL,4022.9,4022.9,3768.5,3789.4,174109.0,
2026-04-24,THANGAMAYL,3775.2,3879.7,3763.9,3799.3,75935.0,
2026-04-27,THANGAMAYL,3799.9,3997.7,3760.1,3946.5,87735.0,
2026-04-28,THANGAMAYL,3946.5,3999.0,3905.5,3967.9,58972.0,
2026-04-29,THANGAMAYL,3968.4,4028.6,3929.2,3986.3,51519.0,
2026-04-30,THANGAMAYL,4005.3,4006.0,3901.0,3955.8,49864.0,
2026-05-04,THANGAMAYL,3975.1,4039.9,3930.0,3989.7,42239.0,
2026-05-05,THANGAMAYL,3985.0,4010.0,3941.5,3970.7,34516.0,
2026-05-06,THANGAMAYL,3980.1,4111.3,3980.1,4083.2,79549.0,
2026-05-07,THANGAMAYL,4084.0,4142.2,3965.0,4110.4,91408.0,
2026-05-08,THANGAMAYL,4110.4,4299.5,4086.9,4246.7,186120.0,
2026-05-11,THANGAMAYL,4100.0,4142.5,3832.1,4007.1,238122.0,
2026-05-12,THANGAMAYL,3940.0,3989.9,3615.2,3670.0,226233.0,
2026-05-13,THANGAMAYL,3567.7,3740.0,3433.3,3652.5,396667.0,
2026-05-14,THANGAMAYL,3677.7,3799.9,3583.9,3616.5,130027.0,
2026-05-15,THANGAMAYL,3617.8,3875.0,3462.6,3594.2,697978.0,
2026-05-18,THANGAMAYL,3640.0,3680.7,3470.0,3546.9,189972.0,
2026-05-19,THANGAMAYL,3550.5,3754.0,3523.3,3653.1,178236.0,
2026-05-20,THANGAMAYL,3652.0,3807.6,3560.3,3780.8,164337.0,
2026-05-21,THANGAMAYL,3805.7,3889.4,3750.1,3861.8,150232.0,
2026-05-22,THANGAMAYL,3900.0,3919.2,3801.0,3817.3,68432.0,
2026-05-25,THANGAMAYL,3843.9,3898.0,3777.0,3824.2,74875.0,
2026-05-26,THANGAMAYL,3825.0,3888.2,3790.0,3805.2,39604.0,
2026-05-27,THANGAMAYL,3839.4,3957.8,3784.1,3923.8,91363.0,
2026-05-29,THANGAMAYL,3900.0,4220.0,3900.0,4204.9,330843.0,
2026-06-01,THANGAMAYL,4204.9,4334.0,4132.0,4284.1,213550.0,
2026-06-02,THANGAMAYL,4284.1,4626.9,4267.2,4590.7,304885.0,
2026-06-03,THANGAMAYL,4618.0,4819.1,4600.0,4795.0,224232.0,
2026-06-04,THANGAMAYL,4800.0,5649.0,4752.1,5520.6,1263774.0,
2026-06-05,THANGAMAYL,5469.9,5469.9,5085.1,5351.9,461288.0,
2026-06-08,THANGAMAYL,5220.1,5764.2,5206.2,5491.7,653964.0,
2026-06-09,THANGAMAYL,5500.0,5583.6,5340.0,5469.5,265109.0,
2026-06-10,THANGAMAYL,5520.0,5552.1,5400.0,5444.1,107590.0,
2026-06-11,THANGAMAYL,5420.0,5461.3,5212.5,5415.4,130587.0,
2026-06-12,THANGAMAYL,5482.0,5560.0,5225.5,5478.7,126015.0,
2026-06-15,THANGAMAYL,5561.0,5618.0,5450.9,5501.5,117056.0,
2026-06-16,THANGAMAYL,5501.5,5560.9,5330.0,5444.6,108886.0,
2026-06-17,THANGAMAYL,5525.0,5680.0,5485.4,5632.7,118289.0,
2026-06-18,THANGAMAYL,5629.0,5720.9,5365.1,5435.7,139287.0,
2026-06-19,THANGAMAYL,5440.0,5502.0,5371.0,5454.6,58334.0,
2026-06-22,THANGAMAYL,5454.6,5610.0,5300.0,5557.0,150618.0,
2026-06-23,THANGAMAYL,5599.0,5649.5,5346.0,5378.0,107445.0,
2026-06-24,THANGAMAYL,5400.0,5470.0,5378.0,5447.7,38615.0,
2026-06-25,THANGAMAYL,5474.0,5646.0,5450.0,5594.2,89439.0,
2026-06-29,THANGAMAYL,5702.0,6153.4,5620.0,5875.1,571598.0,
2026-06-30,THANGAMAYL,5950.0,6462.6,5938.0,6398.2,443898.0,
2026-07-01,THANGAMAYL,6443.0,6572.0,5850.0,5945.5,462189.0,
2026-07-02,THANGAMAYL,5945.0,6500.0,5750.5,6315.5,436902.0,
2026-07-03,THANGAMAYL,6353.5,6465.0,6083.0,6159.5,272660.0,
2026-07-06,THANGAMAYL,6152.5,6332.5,6135.0,6283.0,113281.0,
2026-07-07,THANGAMAYL,6378.0,6475.0,6255.0,6373.0,155139.0,
2026-07-08,THANGAMAYL,6373.0,6949.0,6313.5,6806.0,594451.0,
2026-07-09,THANGAMAYL,6865.0,7165.0,6544.5,6598.5,514995.0,
2026-07-10,THANGAMAYL,6737.0,6737.0,6385.0,6540.5,239685.0,
2026-07-13,THANGAMAYL,6514.5,6534.5,6200.0,6233.0,148160.0,
2026-07-14,THANGAMAYL,6220.0,6555.0,6180.5,6459.0,314025.0,
2026-07-15,THANGAMAYL,6435.0,6689.5,6430.0,6617.0,227756.0,
2026-07-16,THANGAMAYL,6650.5,6655.0,6355.0,6377.0,110911.0,
2026-07-17,THANGAMAYL,6433.0,6500.0,6139.0,6436.0,189280.0,
2026-07-20,THANGAMAYL,6454.5,6564.0,6315.5,6385.5,113603.0,
2026-07-21,THANGAMAYL,6410.5,6593.0,6399.0,6453.0,126973.0,
2026-07-22,THANGAMAYL,6489.5,6560.0,6346.0,6476.0,103870.0,
2026-07-23,THANGAMAYL,6493.5,7035.0,6450.5,6871.0,424760.0,
2026-07-24,THANGAMAYL,6849.0,7015.0,6742.0,6906.5,180944.0,
2026-07-27,THANGAMAYL,6999.0,7344.5,6915.5,7309.5,301466.0,
2026-07-28,THANGAMAYL,7346.0,7430.0,7100.0,7168.5,225099.0,
2026-07-29,THANGAMAYL,7229.0,7229.0,6452.0,6452.0,755621.0,
2026-07-30,THANGAMAYL,6100.0,6120.0,5807.0,5807.0,334882.0,
2026-07-31,THANGAMAYL,5450.0,5450.0,5226.5,5226.5,748277.0,
2026-08-03,THANGAMAYL,5175.0,5175.0,4965.5,4965.5,358583.0,
2026-08-04,THANGAMAYL,4717.5,4898.0,4717.5,4717.5,807489.0,
2026-08-05,THANGAMAYL,4800.0,4953.0,4611.0,4953.0,555434.0,
2026-08-06,THANGAMAYL,4989.5,5200.0,4953.0,5144.0,517167.0,
2026-08-07,THANGAMAYL,5195.0,5290.0,5156.5,5275.0,213017.0,
2026-08-10,THANGAMAYL,5328.0,5435.0,5251.5,5349.0,156800.0,
2026-08-11,THANGAMAYL,5400.0,5430.0,5151.0,5228.0,145780.0,
2026-08-12,THANGAMAYL,5236.5,5390.0,5235.0,5328.0,141031.0,
2026-08-13,THANGAMAYL,5360.0,5365.0,5231.5,5270.0,64379.0,
2026-08-14,THANGAMAYL,5250.0,5470.0,5204.0,5427.0,112108.0,
2026-08-17,THANGAMAYL,5454.0,5480.0,5286.0,5336.5,85919.0,
2026-08-18,THANGAMAYL,5328.0,5499.0,5321.0,5481.5,92660.0,
2026-08-19,THANGAMAYL,5485.0,5544.0,5399.0,5514.5,82597.0,
2026-08-20,THANGAMAYL,5521.5,5598.0,5440.0,5457.0,58274.0,
2026-08-21,THANGAMAYL,5473.0,5575.0,5420.0,5487.5,94120.0,
2026-08-24,THANGAMAYL,5524.0,5722.5,5476.5,5493.5,163941.0,
2026-08-25,THANGAMAYL,5509.5,5565.0,5380.0,5397.0,77429.0,
2026-08-26,THANGAMAYL,5439.5,5517.0,5401.0,5495.5,59999.0,
2026-08-27,THANGAMAYL,5499.0,5589.0,5474.5,5502.0,64030.0,
2026-08-28,THANGAMAYL,5502.0,5563.5,5373.5,5440.5,280954.0,
2026-08-31,THANGAMAYL,5430.0,5464.5,5302.5,5412.0,89821.0,
2026-09-01,THANGAMAYL,5412.0,5470.0,5270.0,5311.5,72055.0,
2026-09-02,THANGAMAYL,5280.0,5430.0,5176.5,5238.0,116329.0,
2026-09-03,THANGAMAYL,5251.0,5341.5,5239.0,5295.0,61058.0,
2026-09-04,THANGAMAYL,5293.5,5351.5,5232.0,5332.0,65612.0,
2026-09-07,THANGAMAYL,5332.0,5505.0,5311.0,5474.0,93135.0,
2026-09-08,THANGAMAYL,5462.5,5507.0,5336.0,5366.5,54304.0,
2026-09-09,THANGAMAYL,5366.0,5366.0,5100.5,5118.0,89077.0,
2026-09-10,THANGAMAYL,5129.0,5178.0,5031.5,5081.5,90183.0,
2026-09-11,THANGAMAYL,5063.0,5158.0,5038.5,5126.0,79789.0,
2026-09-15,THANGAMAYL,5142.0,5148.5,4870.0,4912.0,100172.0,
2026-09-16,THANGAMAYL,4900.0,4950.0,4783.5,4927.0,93434.0,
2026-09-17,THANGAMAYL,4950.0,4950.0,4801.5,4811.0,49263.0,
2026-09-18,THANGAMAYL,4844.0,5051.5,4794.5,5044.5,386791.0,
2026-09-21,THANGAMAYL,5010.5,5019.5,4885.0,4930.5,61957.0,
2026-09-22,THANGAMAYL,4965.0,5164.5,4955.0,5119.5,65238.0,
2026-09-23,THANGAMAYL,5174.0,5349.5,5173.5,5317.0,85826.0,
2026-09-24,THANGAMAYL,5317.0,5333.5,5080.0,5097.0,50396.0,
2025-09-18,TIGERLOGS,49.65,56.69,49.65,51.37,1367904.0,
2025-09-19,TIGERLOGS,52.04,54.9,50.0,50.48,585743.0,
2025-09-22,TIGERLOGS,50.73,51.79,45.22,46.23,442344.0,
2025-09-23,TIGERLOGS,46.5,54.37,46.26,52.04,1433032.0,
2025-09-24,TIGERLOGS,51.51,51.51,49.97,50.19,217844.0,
2025-09-25,TIGERLOGS,50.0,51.0,49.25,49.79,325750.0,
2025-09-26,TIGERLOGS,50.5,50.5,47.0,47.6,123673.0,
2025-09-29,TIGERLOGS,47.01,49.69,47.0,47.87,164242.0,
2025-09-30,TIGERLOGS,48.75,48.75,46.75,47.05,91981.0,
2025-10-01,TIGERLOGS,47.28,47.88,46.1,46.28,92368.0,
2025-10-03,TIGERLOGS,47.21,48.94,46.25,47.9,142571.0,
2025-10-06,TIGERLOGS,48.0,49.14,47.61,47.95,64623.0,
2025-10-07,TIGERLOGS,48.45,48.45,45.05,45.89,154025.0,
2025-10-08,TIGERLOGS,46.94,47.24,44.11,44.61,188484.0,
2025-10-09,TIGERLOGS,44.07,45.49,44.07,44.76,51853.0,
2025-10-10,TIGERLOGS,45.4,45.58,43.78,44.86,108480.0,
2025-10-13,TIGERLOGS,44.02,45.45,43.39,43.72,88731.0,
2025-10-14,TIGERLOGS,44.45,45.27,41.5,42.31,445917.0,
2025-10-15,TIGERLOGS,44.3,48.5,43.0,44.96,2956007.0,
2025-10-16,TIGERLOGS,44.95,45.89,44.02,44.72,237894.0,
2025-10-17,TIGERLOGS,44.51,45.71,41.2,42.69,377301.0,
2025-10-20,TIGERLOGS,44.03,47.0,44.0,45.14,886343.0,
2025-10-21,TIGERLOGS,45.15,45.85,44.85,45.37,50593.0,
2025-10-23,TIGERLOGS,45.25,46.24,41.4,42.1,602676.0,
2025-10-24,TIGERLOGS,42.79,43.48,41.52,42.79,286086.0,
2025-10-27,TIGERLOGS,43.0,43.5,42.37,42.69,171902.0,
2025-10-28,TIGERLOGS,43.1,43.38,41.91,42.53,169149.0,
2025-10-29,TIGERLOGS,42.85,42.95,42.21,42.56,89993.0,
2025-10-30,TIGERLOGS,42.58,42.79,42.33,42.56,61731.0,
2025-10-31,TIGERLOGS,43.0,43.0,42.24,42.86,74773.0,
2025-11-03,TIGERLOGS,43.1,43.1,41.8,42.0,151612.0,
2025-11-04,TIGERLOGS,42.0,42.5,41.89,42.25,61102.0,
2025-11-06,TIGERLOGS,42.0,42.94,41.11,41.33,87897.0,
2025-11-07,TIGERLOGS,41.22,42.2,40.56,41.99,96367.0,
2025-11-10,TIGERLOGS,42.65,42.65,41.37,41.54,77407.0,
2025-11-11,TIGERLOGS,41.56,42.0,41.3,41.58,55800.0,
2025-11-12,TIGERLOGS,42.4,43.88,42.4,42.76,178714.0,
2025-11-13,TIGERLOGS,43.59,43.59,40.7,40.91,234517.0,
2025-11-14,TIGERLOGS,41.2,41.9,39.96,40.49,411459.0,
2025-11-17,TIGERLOGS,40.4,41.37,39.6,40.0,190366.0,
2025-11-18,TIGERLOGS,40.01,40.56,39.0,39.34,156708.0,
2025-11-19,TIGERLOGS,39.34,39.83,39.33,39.64,75606.0,
2025-11-20,TIGERLOGS,39.5,40.04,39.33,39.43,83471.0,
2025-11-21,TIGERLOGS,39.43,39.43,38.26,38.9,107036.0,
2025-11-24,TIGERLOGS,39.9,39.9,38.02,38.25,65587.0,
2025-11-25,TIGERLOGS,38.2,38.23,37.77,38.04,76018.0,
2025-11-26,TIGERLOGS,38.02,39.43,38.02,38.93,88221.0,
2025-11-27,TIGERLOGS,39.75,39.75,38.81,39.11,57151.0,
2025-11-28,TIGERLOGS,39.11,39.75,38.96,39.12,45811.0,
2025-12-01,TIGERLOGS,39.95,40.5,39.1,40.25,91534.0,
2025-12-02,TIGERLOGS,40.75,40.75,39.85,39.96,50542.0,
2025-12-03,TIGERLOGS,40.01,40.23,38.85,39.06,43706.0,
2025-12-04,TIGERLOGS,39.69,40.14,39.1,39.34,27461.0,
2025-12-05,TIGERLOGS,38.82,39.75,37.8,38.15,50337.0,
2025-12-08,TIGERLOGS,39.48,39.48,36.0,36.79,144430.0,
2025-12-09,TIGERLOGS,36.61,38.5,36.61,38.21,54380.0,
2025-12-10,TIGERLOGS,37.85,38.99,37.13,37.71,47648.0,
2025-12-11,TIGERLOGS,38.4,38.4,37.31,37.59,24965.0,
2025-12-12,TIGERLOGS,37.78,38.5,37.41,38.11,37874.0,
2025-12-15,TIGERLOGS,38.11,39.85,37.97,38.77,78035.0,
2025-12-16,TIGERLOGS,39.18,39.18,37.5,37.7,47830.0,
2025-12-17,TIGERLOGS,37.81,38.12,37.03,37.41,33040.0,
2025-12-18,TIGERLOGS,37.5,37.5,35.31,36.27,89568.0,
2025-12-19,TIGERLOGS,35.86,38.0,35.86,37.17,44442.0,
2025-12-22,TIGERLOGS,37.23,37.74,36.68,37.16,43172.0,
2025-12-23,TIGERLOGS,37.3,37.64,36.77,37.06,83337.0,
2025-12-24,TIGERLOGS,37.79,37.99,37.1,37.38,37940.0,
2025-12-26,TIGERLOGS,37.9,37.9,36.5,37.03,53743.0,
2025-12-29,TIGERLOGS,37.59,37.59,34.25,35.25,142289.0,
2025-12-30,TIGERLOGS,35.84,35.84,32.11,34.12,168372.0,
2025-12-31,TIGERLOGS,34.5,35.85,34.08,35.55,67088.0,
2026-01-01,TIGERLOGS,35.95,36.5,35.7,36.38,37239.0,
2026-01-02,TIGERLOGS,37.0,37.0,36.14,36.53,33470.0,
2026-01-05,TIGERLOGS,37.5,37.5,35.76,36.14,39639.0,
2026-01-06,TIGERLOGS,36.83,36.99,35.2,35.42,29955.0,
2026-01-07,TIGERLOGS,35.52,36.5,34.75,35.77,37485.0,
2026-01-08,TIGERLOGS,35.77,36.12,33.56,34.15,63551.0,
2026-01-09,TIGERLOGS,34.15,34.83,32.2,33.06,94844.0,
2026-01-12,TIGERLOGS,33.07,33.74,32.41,33.0,54502.0,
2026-01-13,TIGERLOGS,33.01,33.93,33.0,33.26,33209.0,
2026-01-14,TIGERLOGS,33.5,33.68,29.57,31.43,707922.0,
2026-01-16,TIGERLOGS,31.99,33.99,31.5,33.22,79633.0,
2026-01-19,TIGERLOGS,33.74,33.74,31.56,31.79,62585.0,
2026-01-20,TIGERLOGS,32.04,32.19,29.25,30.14,100876.0,
2026-01-21,TIGERLOGS,29.95,30.72,29.03,29.54,119401.0,
2026-01-22,TIGERLOGS,30.48,30.88,29.6,30.17,42587.0,
2026-01-23,TIGERLOGS,30.7,30.7,28.61,29.18,56378.0,
2026-01-27,TIGERLOGS,30.7,30.7,28.91,30.2,64452.0,
2026-01-28,TIGERLOGS,29.5,31.2,29.5,30.81,47811.0,
2026-01-29,TIGERLOGS,30.81,31.83,30.0,30.22,33812.0,
2026-01-30,TIGERLOGS,30.25,30.88,29.69,30.42,23272.0,
2026-02-02,TIGERLOGS,30.3,30.82,29.35,29.74,24262.0,
2026-02-03,TIGERLOGS,32.79,32.79,31.3,31.81,142341.0,
2026-02-04,TIGERLOGS,32.45,35.0,31.81,33.97,177829.0,
2026-02-05,TIGERLOGS,35.0,35.75,32.8,32.94,51269.0,
2026-02-06,TIGERLOGS,32.2,33.05,31.35,32.15,34398.0,
2026-02-09,TIGERLOGS,32.5,34.0,32.15,33.86,166517.0,
2026-02-10,TIGERLOGS,34.9,34.9,33.14,34.03,67449.0,
2026-02-11,TIGERLOGS,34.85,34.85,32.46,33.08,97755.0,
2026-02-12,TIGERLOGS,33.91,38.09,32.95,37.22,965106.0,
2026-02-13,TIGERLOGS,36.5,36.83,33.59,34.89,312242.0,
2026-02-16,TIGERLOGS,34.99,36.4,33.62,34.23,55715.0,
2026-02-17,TIGERLOGS,33.52,36.5,32.8,33.85,219920.0,
2026-02-18,TIGERLOGS,33.41,33.62,33.0,33.1,63561.0,
2026-02-19,TIGERLOGS,33.88,33.88,32.1,32.24,70451.0,
2026-02-20,TIGERLOGS,33.23,33.23,31.21,32.11,87242.0,
2026-02-23,TIGERLOGS,32.88,33.06,31.51,31.87,35978.0,
2026-02-24,TIGERLOGS,32.21,32.49,31.22,31.88,45155.0,
2026-02-25,TIGERLOGS,32.4,32.4,31.14,32.01,96344.0,
2026-02-26,TIGERLOGS,32.89,32.89,31.72,32.17,41228.0,
2026-02-27,TIGERLOGS,32.17,32.17,30.11,30.71,79759.0,
2026-03-02,TIGERLOGS,29.51,31.38,29.51,30.03,118566.0,
2026-03-04,TIGERLOGS,29.1,29.95,28.1,28.77,290711.0,
2026-03-05,TIGERLOGS,29.0,30.0,28.82,29.43,37025.0,
2026-03-06,TIGERLOGS,29.36,29.85,28.25,28.49,75871.0,
2026-03-09,TIGERLOGS,28.2,28.83,27.01,27.8,42312.0,
2026-03-10,TIGERLOGS,28.82,28.83,27.5,27.9,47057.0,
2026-03-11,TIGERLOGS,27.9,28.48,27.7,27.76,179657.0,
2026-03-12,TIGERLOGS,27.76,29.0,27.29,27.74,47592.0,
2026-03-13,TIGERLOGS,28.0,28.0,26.91,27.52,80942.0,
2026-03-16,TIGERLOGS,27.0,27.68,25.73,26.18,77043.0,
2026-03-17,TIGERLOGS,26.85,26.97,25.96,26.11,46824.0,
2026-03-18,TIGERLOGS,26.06,27.07,26.01,26.73,38119.0,
2026-03-19,TIGERLOGS,26.7,26.73,24.5,24.99,131646.0,
2026-03-20,TIGERLOGS,25.2,25.95,25.0,25.09,33777.0,
2026-03-23,TIGERLOGS,24.5,26.95,22.9,25.01,216723.0,
2026-03-24,TIGERLOGS,25.58,27.0,25.32,26.56,153626.0,
2026-03-25,TIGERLOGS,26.55,28.39,25.25,26.69,254754.0,
2026-03-27,TIGERLOGS,26.4,26.4,24.0,24.8,398752.0,
2026-03-30,TIGERLOGS,24.99,25.3,23.46,23.9,303940.0,
2026-04-01,TIGERLOGS,24.2,26.99,24.2,26.33,121449.0,
2026-04-02,TIGERLOGS,26.25,26.25,25.07,25.74,75808.0,
2026-04-06,TIGERLOGS,26.21,26.8,25.31,25.55,139099.0,
2026-04-07,TIGERLOGS,25.4,27.09,24.75,26.5,70554.0,
2026-04-08,TIGERLOGS,28.89,29.25,27.28,27.99,129270.0,
2026-04-09,TIGERLOGS,28.95,28.95,27.81,28.84,68427.0,
2026-04-10,TIGERLOGS,29.25,30.3,28.98,29.97,82443.0,
2026-04-13,TIGERLOGS,28.99,29.5,27.75,28.77,383243.0,
2026-04-15,TIGERLOGS,29.4,33.69,29.4,31.86,115113.0,
2026-04-16,TIGERLOGS,32.9,33.12,31.86,32.11,97874.0,
2026-04-17,TIGERLOGS,32.13,33.1,31.75,32.64,136898.0,
2026-04-20,TIGERLOGS,33.25,33.25,30.31,30.87,73790.0,
2026-04-21,TIGERLOGS,31.0,33.64,30.97,33.18,181771.0,
2026-04-22,TIGERLOGS,32.5,34.02,32.5,33.18,58161.0,
2026-04-23,TIGERLOGS,33.4,34.0,32.01,33.28,269340.0,
2026-04-24,TIGERLOGS,33.8,33.8,32.0,32.27,31702.0,
2026-04-27,TIGERLOGS,32.27,32.85,31.57,31.88,103469.0,
2026-04-28,TIGERLOGS,32.4,36.7,31.8,35.71,296907.0,
2026-04-29,TIGERLOGS,36.0,36.6,35.1,35.66,96199.0,
2026-04-30,TIGERLOGS,35.66,35.66,34.25,35.03,88219.0,
2026-05-04,TIGERLOGS,34.2,37.0,34.11,35.47,98385.0,
2026-05-05,TIGERLOGS,34.73,38.69,34.73,38.52,370160.0,
2026-05-06,TIGERLOGS,39.3,41.49,38.1,39.18,862766.0,
2026-05-07,TIGERLOGS,39.35,41.9,38.61,41.57,306734.0,
2026-05-08,TIGERLOGS,40.05,47.8,40.05,47.14,1583613.0,
2026-05-11,TIGERLOGS,46.94,47.45,42.0,43.01,855570.0,
2026-05-12,TIGERLOGS,42.82,43.49,37.31,38.06,373351.0,
2026-05-13,TIGERLOGS,37.3,39.96,37.3,39.96,61496.0,
2026-05-14,TIGERLOGS,40.0,40.0,37.97,38.04,91606.0,
2026-05-15,TIGERLOGS,36.51,37.96,36.31,36.86,56979.0,
2026-05-18,TIGERLOGS,35.25,36.13,35.02,35.02,64366.0,
2026-05-19,TIGERLOGS,34.0,35.65,33.27,34.89,49881.0,
2026-05-20,TIGERLOGS,34.89,35.48,34.2,34.9,31204.0,
2026-05-21,TIGERLOGS,34.8,36.24,34.8,35.82,30236.0,
2026-05-22,TIGERLOGS,35.85,36.97,35.1,35.44,31878.0,
2026-05-25,TIGERLOGS,34.56,37.0,34.56,35.89,43509.0,
2026-05-26,TIGERLOGS,35.2,37.2,35.2,36.13,44256.0,
2026-05-27,TIGERLOGS,35.9,36.89,35.0,35.91,19337.0,
2026-05-29,TIGERLOGS,35.25,35.6,34.33,34.8,44900.0,
2026-06-01,TIGERLOGS,34.79,35.1,33.06,33.06,74786.0,
2026-06-02,TIGERLOGS,32.99,33.35,31.51,33.02,42652.0,
2026-06-03,TIGERLOGS,32.94,33.24,31.5,32.05,46355.0,
2026-06-04,TIGERLOGS,32.29,33.65,32.0,33.51,41292.0,
2026-06-05,TIGERLOGS,33.1,35.15,33.1,34.46,55332.0,
2026-06-08,TIGERLOGS,34.46,35.7,33.75,34.78,204864.0,
2026-06-09,TIGERLOGS,34.78,35.89,34.68,35.5,32850.0,
2026-06-10,TIGERLOGS,35.99,37.26,34.37,36.41,67151.0,
2026-06-11,TIGERLOGS,35.6,36.4,34.59,34.98,121055.0,
2026-06-12,TIGERLOGS,34.25,35.5,34.25,35.01,12871.0,
2026-06-15,TIGERLOGS,35.18,35.98,34.0,35.31,74408.0,
2026-06-16,TIGERLOGS,35.31,35.95,34.15,35.25,19578.0,
2026-06-17,TIGERLOGS,35.17,35.17,34.59,34.8,26691.0,
2026-06-18,TIGERLOGS,34.8,35.39,34.6,35.16,23344.0,
2026-06-19,TIGERLOGS,35.16,35.72,34.8,35.35,25740.0,
2026-06-22,TIGERLOGS,35.5,37.11,35.5,36.89,57349.0,
2026-06-23,TIGERLOGS,37.49,38.73,36.5,37.4,91348.0,
2026-06-24,TIGERLOGS,37.88,38.8,35.6,38.22,48508.0,
2026-06-25,TIGERLOGS,38.41,39.0,37.0,37.95,461588.0,
2026-06-29,TIGERLOGS,37.87,37.87,36.06,36.58,51751.0,
2026-06-30,TIGERLOGS,36.0,38.35,35.05,37.05,53576.0,
2026-07-01,TIGERLOGS,36.05,36.88,35.21,35.41,83065.0,
2026-07-02,TIGERLOGS,35.67,35.8,34.16,34.54,60873.0,
2026-07-03,TIGERLOGS,34.3,34.9,34.24,34.41,32036.0,
2026-07-06,TIGERLOGS,34.41,34.97,34.25,34.48,11678.0,
2026-07-07,TIGERLOGS,34.5,34.9,33.73,33.98,34394.0,
2026-07-08,TIGERLOGS,33.36,34.3,33.3,33.42,11669.0,
2026-07-09,TIGERLOGS,33.42,33.9,33.03,33.26,40119.0,
2026-07-10,TIGERLOGS,33.26,34.17,33.01,33.18,25100.0,
2026-07-13,TIGERLOGS,33.6,33.65,32.71,33.0,86056.0,
2026-07-14,TIGERLOGS,32.51,33.9,32.51,32.72,10165.0,
2026-07-15,TIGERLOGS,32.72,33.34,32.0,32.9,13454.0,
2026-07-16,TIGERLOGS,32.98,33.39,32.4,32.94,4300.0,
2026-07-17,TIGERLOGS,32.9,32.99,32.11,32.55,8541.0,
2026-07-20,TIGERLOGS,32.84,32.93,31.5,32.14,20976.0,
2026-07-21,TIGERLOGS,32.49,32.49,31.32,31.55,16383.0,
2026-07-22,TIGERLOGS,32.18,32.47,30.55,31.3,12748.0,
2026-07-23,TIGERLOGS,30.66,31.28,30.66,30.96,6956.0,
2026-07-24,TIGERLOGS,30.81,31.6,30.5,31.4,14493.0,
2026-07-27,TIGERLOGS,31.25,32.6,31.25,31.85,10733.0,
2026-07-28,TIGERLOGS,31.85,32.39,30.65,31.13,25644.0,
2026-07-29,TIGERLOGS,31.12,31.9,29.75,30.01,138326.0,
2026-07-30,TIGERLOGS,30.01,30.01,28.83,28.98,85002.0,
2026-07-31,TIGERLOGS,29.5,29.5,28.17,28.37,72119.0,
2026-08-03,TIGERLOGS,28.89,29.4,27.33,27.44,207337.0,
2026-08-04,TIGERLOGS,27.86,27.86,26.77,26.81,131716.0,
2026-08-05,TIGERLOGS,27.1,27.4,25.9,25.99,201931.0,
2026-08-06,TIGERLOGS,26.2,27.15,25.99,26.57,270331.0,
2026-08-07,TIGERLOGS,26.92,27.69,25.8,27.49,594901.0,
2026-08-10,TIGERLOGS,27.49,27.88,26.49,26.54,97729.0,
2026-08-11,TIGERLOGS,26.67,26.98,25.8,25.99,113202.0,
2026-08-12,TIGERLOGS,26.38,26.78,25.03,25.88,125760.0,
2026-08-13,TIGERLOGS,25.87,25.87,25.31,25.49,134260.0,
2026-08-14,TIGERLOGS,25.95,25.95,25.1,25.46,396115.0,
2026-08-17,TIGERLOGS,25.96,27.4,25.06,27.08,1049551.0,
2026-08-18,TIGERLOGS,26.8,28.0,26.31,27.98,1144954.0,
2026-08-19,TIGERLOGS,29.18,29.18,28.26,28.98,479465.0,
2026-08-20,TIGERLOGS,29.13,29.86,29.0,29.41,450232.0,
2026-08-21,TIGERLOGS,29.14,30.87,29.14,30.31,604512.0,
2026-08-24,TIGERLOGS,30.45,30.51,28.38,29.5,290578.0,
2026-08-25,TIGERLOGS,29.99,30.8,29.0,30.5,132987.0,
2026-08-26,TIGERLOGS,30.01,32.45,28.58,29.54,437213.0,
2026-08-27,TIGERLOGS,29.54,30.48,29.48,30.09,242067.0,
2026-08-28,TIGERLOGS,30.09,30.39,29.0,29.45,92798.0,
2026-08-31,TIGERLOGS,28.65,29.63,28.06,28.26,67699.0,
2026-09-01,TIGERLOGS,28.43,28.89,27.62,28.15,52124.0,
2026-09-02,TIGERLOGS,28.15,28.45,27.86,28.25,28811.0,
2026-09-03,TIGERLOGS,28.66,30.19,28.25,29.22,113888.0,
2026-09-04,TIGERLOGS,29.88,29.88,28.16,28.61,168111.0,
2026-09-07,TIGERLOGS,28.61,29.37,28.01,28.08,56684.0,
2026-09-08,TIGERLOGS,28.32,28.76,27.59,27.82,39299.0,
2026-09-09,TIGERLOGS,27.82,28.86,27.1,27.36,71997.0,
2026-09-10,TIGERLOGS,27.58,27.88,27.36,27.73,64523.0,
2026-09-11,TIGERLOGS,27.11,28.42,26.95,27.16,76584.0,
2026-09-15,TIGERLOGS,27.23,27.62,26.52,27.4,100468.0,
2026-09-16,TIGERLOGS,27.4,28.38,26.56,26.88,73876.0,
2026-09-17,TIGERLOGS,27.31,27.61,26.46,26.66,26633.0,
2026-09-18,TIGERLOGS,27.19,27.4,25.95,26.13,77418.0,
2026-09-21,TIGERLOGS,26.0,26.94,25.0,25.66,97602.0,
2026-09-22,TIGERLOGS,25.66,26.75,25.66,26.57,94527.0,
2026-09-23,TIGERLOGS,26.95,27.5,26.12,26.87,123476.0,
2026-09-24,TIGERLOGS,27.65,27.65,26.0,26.36,170542.0,
2025-10-03,TRUALT,545.4,549.0,512.8,530.95,15118475.0,
2025-10-06,TRUALT,533.0,534.5,505.6,510.9,2147139.0,
2025-10-07,TRUALT,513.0,518.0,500.0,504.75,1958008.0,
2025-10-08,TRUALT,504.7,510.85,490.0,494.15,960235.0,
2025-10-09,TRUALT,494.0,515.6,494.0,503.1,1109647.0,
2025-10-10,TRUALT,505.0,524.9,505.0,519.7,1938977.0,
2025-10-13,TRUALT,519.7,524.9,510.0,512.35,681828.0,
2025-10-14,TRUALT,513.75,514.7,479.1,480.75,1317674.0,
2025-10-15,TRUALT,482.95,491.8,471.4,484.25,618344.0,
2025-10-16,TRUALT,485.5,492.4,479.05,482.5,725233.0,
2025-10-17,TRUALT,482.9,484.6,469.0,476.1,557328.0,
2025-10-20,TRUALT,481.05,482.0,455.75,461.75,706433.0,
2025-10-21,TRUALT,467.65,481.5,464.85,478.4,213647.0,
2025-10-23,TRUALT,479.35,479.45,460.65,462.8,294804.0,
2025-10-24,TRUALT,463.1,463.95,452.0,456.8,289984.0,
2025-10-27,TRUALT,454.1,456.85,441.1,448.15,341048.0,
2025-10-28,TRUALT,447.45,450.7,442.0,444.3,181221.0,
2025-10-29,TRUALT,443.5,463.0,439.25,446.0,423728.0,
2025-10-30,TRUALT,446.0,458.4,440.5,455.95,329375.0,
2025-10-31,TRUALT,456.1,457.95,444.55,446.1,130798.0,
2025-11-03,TRUALT,446.4,447.45,432.0,435.4,255393.0,
2025-11-04,TRUALT,438.3,442.85,420.9,422.3,440481.0,
2025-11-06,TRUALT,422.6,432.2,401.85,414.25,677590.0,
2025-11-07,TRUALT,408.3,430.0,405.1,423.2,287988.0,
2025-11-10,TRUALT,427.3,488.0,424.7,479.0,3901906.0,
2025-11-11,TRUALT,478.0,478.0,455.05,460.85,695941.0,
2025-11-12,TRUALT,445.5,486.0,433.0,482.4,1785276.0,
2025-11-13,TRUALT,479.5,482.1,464.25,474.2,388076.0,
2025-11-14,TRUALT,478.0,478.0,454.0,457.9,181474.0,
2025-11-17,TRUALT,473.95,481.0,466.15,472.55,604424.0,
2025-11-18,TRUALT,475.0,475.0,460.75,466.15,481468.0,
2025-11-19,TRUALT,461.95,464.75,451.0,453.75,157638.0,
2025-11-20,TRUALT,450.05,452.95,444.45,448.45,95836.0,
2025-11-21,TRUALT,449.0,459.15,443.7,448.9,161571.0,
2025-11-24,TRUALT,450.0,452.05,426.0,430.5,112078.0,
2025-11-25,TRUALT,430.5,454.0,426.55,444.9,202966.0,
2025-11-26,TRUALT,445.05,456.7,438.4,453.65,191192.0,
2025-11-27,TRUALT,451.0,456.0,443.1,449.0,84759.0,
2025-11-28,TRUALT,447.55,451.6,438.45,445.8,123065.0,
2025-12-01,TRUALT,448.95,449.0,398.55,419.4,285959.0,
2025-12-02,TRUALT,426.95,447.75,425.15,430.95,454300.0,
2025-12-03,TRUALT,431.0,431.9,419.0,419.85,122741.0,
2025-12-04,TRUALT,419.9,433.85,416.95,430.7,139891.0,
2025-12-05,TRUALT,435.0,435.0,416.0,420.1,209761.0,
2025-12-08,TRUALT,421.0,421.9,396.0,399.9,445393.0,
2025-12-09,TRUALT,400.7,412.0,388.45,403.9,468679.0,
2025-12-10,TRUALT,405.95,410.05,395.2,397.35,257256.0,
2025-12-11,TRUALT,402.2,413.0,395.3,403.0,462786.0,
2025-12-12,TRUALT,403.2,412.0,402.4,407.15,228428.0,
2025-12-15,TRUALT,408.25,432.45,403.7,418.15,307753.0,
2025-12-16,TRUALT,413.95,425.3,410.25,422.8,273321.0,
2025-12-17,TRUALT,421.8,421.8,408.0,410.35,88628.0,
2025-12-18,TRUALT,408.0,413.1,401.05,406.95,81336.0,
2025-12-19,TRUALT,412.5,414.0,405.0,406.7,102406.0,
2025-12-22,TRUALT,410.6,411.45,403.0,404.7,121160.0,
2025-12-23,TRUALT,410.8,411.75,399.6,405.15,502735.0,
2025-12-24,TRUALT,405.15,420.95,405.15,408.0,140820.0,
2025-12-26,TRUALT,408.7,410.4,384.0,402.7,682907.0,
2025-12-29,TRUALT,399.0,404.1,396.3,399.25,136802.0,
2025-12-30,TRUALT,399.0,399.85,394.05,396.1,60319.0,
2025-12-31,TRUALT,390.0,407.4,390.0,403.85,100400.0,
2026-01-01,TRUALT,406.75,406.75,398.0,400.3,54005.0,
2026-01-02,TRUALT,399.95,417.45,397.5,411.15,256525.0,
2026-01-05,TRUALT,410.95,412.0,398.65,399.55,83987.0,
2026-01-06,TRUALT,400.95,404.0,396.4,399.25,126280.0,
2026-01-07,TRUALT,399.9,403.0,395.75,400.45,129938.0,
2026-01-08,TRUALT,400.2,402.3,387.05,389.65,146501.0,
2026-01-09,TRUALT,392.5,393.8,371.1,378.75,179754.0,
2026-01-12,TRUALT,380.95,381.15,363.55,370.4,188095.0,
2026-01-13,TRUALT,371.9,378.0,365.4,370.15,130777.0,
2026-01-14,TRUALT,370.15,373.45,363.3,366.55,112847.0,
2026-01-16,TRUALT,366.55,377.75,366.55,371.5,62297.0,
2026-01-19,TRUALT,368.05,374.05,366.1,369.8,65930.0,
2026-01-20,TRUALT,368.0,368.0,345.6,352.05,111064.0,
2026-01-21,TRUALT,348.0,353.75,335.0,337.2,193377.0,
2026-01-22,TRUALT,340.95,345.4,336.0,341.45,69261.0,
2026-01-23,TRUALT,346.0,346.0,318.05,319.65,230869.0,
2026-01-27,TRUALT,319.95,333.9,310.2,333.2,209489.0,
2026-01-28,TRUALT,337.9,358.6,333.2,353.95,187682.0,
2026-01-29,TRUALT,355.0,382.7,350.05,378.4,196579.0,
2026-01-30,TRUALT,378.4,385.15,367.75,381.85,258904.0,
2026-02-02,TRUALT,374.25,387.0,362.2,382.9,132204.0,
2026-02-03,TRUALT,398.0,412.9,391.95,402.65,566209.0,
2026-02-04,TRUALT,386.55,396.75,364.05,382.7,756508.0,
2026-02-05,TRUALT,385.75,410.0,377.55,407.9,371576.0,
2026-02-06,TRUALT,405.0,445.35,403.0,426.3,819800.0,
2026-02-09,TRUALT,434.05,443.0,427.0,435.7,342214.0,
2026-02-10,TRUALT,435.7,446.2,431.8,443.95,236200.0,
2026-02-11,TRUALT,442.6,450.8,435.1,436.75,136339.0,
2026-02-12,TRUALT,435.3,442.2,426.6,434.85,132539.0,
2026-02-13,TRUALT,434.55,435.2,413.0,419.7,160442.0,
2026-02-16,TRUALT,420.6,424.7,404.7,412.6,224045.0,
2026-02-17,TRUALT,411.4,415.45,405.7,409.55,99869.0,
2026-02-18,TRUALT,409.0,430.25,407.2,428.35,157539.0,
2026-02-19,TRUALT,431.0,432.0,413.5,414.25,120023.0,
2026-02-20,TRUALT,414.25,422.0,405.0,409.4,73923.0,
2026-02-23,TRUALT,409.0,413.75,387.0,409.2,227604.0,
2026-02-24,TRUALT,405.5,413.8,403.7,411.2,56055.0,
2026-02-25,TRUALT,410.3,414.0,405.7,407.75,58538.0,
2026-02-26,TRUALT,404.1,410.35,394.55,403.3,206129.0,
2026-02-27,TRUALT,403.5,406.0,396.6,401.4,53461.0,
2026-03-02,TRUALT,389.0,397.4,370.0,376.7,139413.0,
2026-03-04,TRUALT,368.05,381.0,367.2,376.35,137110.0,
2026-03-05,TRUALT,380.0,384.75,369.1,375.1,85008.0,
2026-03-06,TRUALT,372.0,377.0,364.05,367.1,53236.0,
2026-03-09,TRUALT,362.0,376.5,357.0,371.2,127964.0,
2026-03-10,TRUALT,375.0,386.95,372.05,373.75,130417.0,
2026-03-11,TRUALT,375.0,396.9,373.1,388.65,216443.0,
2026-03-12,TRUALT,390.6,404.9,382.0,402.6,139488.0,
2026-03-13,TRUALT,402.6,402.6,375.0,389.55,117567.0,
2026-03-16,TRUALT,390.65,393.75,370.8,375.25,348128.0,
2026-03-17,TRUALT,378.25,386.45,370.25,385.05,418979.0,
2026-03-18,TRUALT,389.85,391.0,380.75,388.05,96107.0,
2026-03-19,TRUALT,385.0,400.0,381.0,396.8,220763.0,
2026-03-20,TRUALT,398.0,418.0,397.75,409.25,389049.0,
2026-03-23,TRUALT,409.0,409.9,372.9,384.8,504610.0,
2026-03-24,TRUALT,395.5,401.8,382.05,398.7,105803.0,
2026-03-25,TRUALT,401.8,415.55,398.35,411.85,313564.0,
2026-03-27,TRUALT,404.95,408.95,381.0,389.5,160426.0,
2026-03-30,TRUALT,385.05,412.0,381.85,403.4,231157.0,
2026-04-01,TRUALT,414.0,417.6,408.0,410.75,120490.0,
2026-04-02,TRUALT,409.0,418.0,399.0,414.2,108018.0,
2026-04-06,TRUALT,415.0,427.7,410.85,421.45,99885.0,
2026-04-07,TRUALT,424.0,427.25,410.85,418.65,162808.0,
2026-04-08,TRUALT,430.0,431.0,414.15,416.1,207466.0,
2026-04-09,TRUALT,414.0,419.95,410.55,415.05,264632.0,
2026-04-10,TRUALT,415.9,419.8,414.2,417.25,226076.0,
2026-04-13,TRUALT,410.1,413.4,402.0,409.6,186093.0,
2026-04-15,TRUALT,410.65,414.65,404.75,408.9,213492.0,
2026-04-16,TRUALT,414.0,425.95,412.25,419.5,186621.0,
2026-04-17,TRUALT,419.25,449.7,419.25,444.65,782440.0,
2026-04-20,TRUALT,448.6,460.5,443.1,458.0,511780.0,
2026-04-21,TRUALT,461.9,475.5,445.25,457.0,484288.0,
2026-04-22,TRUALT,460.65,470.0,457.65,459.8,457538.0,
2026-04-23,TRUALT,470.5,500.0,468.35,488.4,1780395.0,
2026-04-24,TRUALT,494.8,497.0,473.25,488.55,411196.0,
2026-04-27,TRUALT,494.9,498.0,474.15,477.45,297639.0,
2026-04-28,TRUALT,477.0,485.0,459.45,476.75,451220.0,
2026-04-29,TRUALT,484.0,508.0,480.15,486.05,968277.0,
2026-04-30,TRUALT,488.4,499.0,487.1,492.45,365632.0,
2026-05-04,TRUALT,497.9,503.0,480.1,492.2,388733.0,
2026-05-05,TRUALT,495.0,501.55,489.0,492.05,235971.0,
2026-05-06,TRUALT,493.2,499.9,477.7,479.6,358437.0,
2026-05-07,TRUALT,480.1,482.05,471.2,477.05,212094.0,
2026-05-08,TRUALT,479.0,490.0,475.5,484.8,351412.0,
2026-05-11,TRUALT,483.4,483.4,467.4,475.8,253430.0,
2026-05-12,TRUALT,474.3,478.95,453.9,457.65,241840.0,
2026-05-13,TRUALT,459.95,467.7,450.1,463.2,264204.0,
2026-05-14,TRUALT,470.0,470.0,445.1,448.95,192035.0,
2026-05-15,TRUALT,451.0,462.5,442.65,452.15,177036.0,
2026-05-18,TRUALT,452.15,452.2,437.95,444.4,163785.0,
2026-05-19,TRUALT,451.4,466.0,445.0,461.85,171525.0,
2026-05-20,TRUALT,465.0,480.0,458.0,478.2,207996.0,
2026-05-21,TRUALT,478.95,489.0,474.3,478.15,162403.0,
2026-05-22,TRUALT,480.85,498.3,479.3,495.1,607691.0,
2026-05-25,TRUALT,440.0,494.5,419.15,484.2,2890964.0,
2026-05-26,TRUALT,481.0,498.0,477.45,491.85,547212.0,
2026-05-27,TRUALT,494.95,499.6,491.05,493.55,296758.0,
2026-05-29,TRUALT,497.0,515.9,480.25,487.55,950599.0,
2026-06-01,TRUALT,487.55,507.0,487.05,495.2,446433.0,
2026-06-02,TRUALT,495.9,514.8,489.05,506.55,563595.0,
2026-06-03,TRUALT,510.0,513.0,484.1,505.7,1095585.0,
2026-06-04,TRUALT,509.2,513.8,497.85,503.0,691762.0,
2026-06-05,TRUALT,501.3,511.0,499.15,505.15,828663.0,
2026-06-08,TRUALT,500.0,526.7,495.1,515.9,2097281.0,
2026-06-09,TRUALT,521.0,536.9,513.3,531.95,1015431.0,
2026-06-10,TRUALT,538.7,542.0,501.5,510.25,615721.0,
2026-06-11,TRUALT,512.8,519.8,495.1,498.65,482635.0,
2026-06-12,TRUALT,511.8,511.8,495.1,501.25,317617.0,
2026-06-15,TRUALT,515.0,515.0,490.05,492.65,307007.0,
2026-06-16,TRUALT,500.0,502.35,480.45,494.65,367174.0,
2026-06-17,TRUALT,499.05,504.0,488.45,491.6,197860.0,
2026-06-18,TRUALT,491.05,497.0,485.1,489.0,156576.0,
2026-06-19,TRUALT,498.85,504.8,488.0,491.7,422845.0,
2026-06-22,TRUALT,494.9,497.0,475.0,480.3,230713.0,
2026-06-23,TRUALT,483.8,483.8,463.25,467.1,278910.0,
2026-06-24,TRUALT,469.9,477.8,455.55,476.5,324806.0,
2026-06-25,TRUALT,475.55,478.45,463.45,467.65,152303.0,
2026-06-29,TRUALT,467.65,467.65,454.55,459.7,146688.0,
2026-06-30,TRUALT,459.9,461.9,451.5,453.45,80444.0,
2026-07-01,TRUALT,454.3,475.9,447.0,466.85,325794.0,
2026-07-02,TRUALT,472.3,474.9,463.95,472.3,92245.0,
2026-07-03,TRUALT,470.05,475.05,458.45,470.4,236237.0,
2026-07-06,TRUALT,470.0,470.3,453.0,460.1,154825.0,
2026-07-07,TRUALT,460.5,461.0,446.15,456.85,108733.0,
2026-07-08,TRUALT,455.0,456.15,437.1,442.75,143114.0,
2026-07-09,TRUALT,449.95,452.95,441.1,446.65,146867.0,
2026-07-10,TRUALT,449.95,449.95,439.4,440.9,94860.0,
2026-07-13,TRUALT,440.5,445.45,432.35,435.45,220777.0,
2026-07-14,TRUALT,432.0,443.7,421.95,425.65,223187.0,
2026-07-15,TRUALT,426.0,432.5,425.1,427.8,86273.0,
2026-07-16,TRUALT,427.6,432.2,418.5,420.65,88156.0,
2026-07-17,TRUALT,422.6,434.7,412.0,417.2,146364.0,
2026-07-20,TRUALT,414.55,424.6,411.0,420.1,204574.0,
2026-07-21,TRUALT,422.05,423.4,414.0,419.45,95065.0,
2026-07-22,TRUALT,418.3,434.9,408.3,430.6,269100.0,
2026-07-23,TRUALT,425.0,452.4,422.0,431.9,1942086.0,
2026-07-24,TRUALT,430.0,439.0,426.5,428.95,287154.0,
2026-07-27,TRUALT,442.0,442.0,414.2,421.25,373174.0,
2026-07-28,TRUALT,424.6,430.8,411.0,419.15,359987.0,
2026-07-29,TRUALT,450.0,454.7,425.5,430.15,2996757.0,
2026-07-30,TRUALT,435.0,444.0,427.25,435.8,228674.0,
2026-07-31,TRUALT,437.0,437.0,421.05,423.0,142418.0,
2026-08-03,TRUALT,424.9,439.0,422.5,437.85,184496.0,
2026-08-04,TRUALT,437.4,444.0,433.05,436.7,137633.0,
2026-08-05,TRUALT,438.0,468.05,428.35,461.55,735504.0,
2026-08-06,TRUALT,461.55,472.3,460.4,464.3,275309.0,
2026-08-07,TRUALT,465.05,483.9,465.0,477.05,527721.0,
2026-08-10,TRUALT,486.0,486.0,473.0,478.5,341611.0,
2026-08-11,TRUALT,480.95,482.75,473.1,478.1,203745.0,
2026-08-12,TRUALT,478.1,481.2,457.45,465.1,213395.0,
2026-08-13,TRUALT,465.1,491.0,462.8,489.35,1026278.0,
2026-08-14,TRUALT,493.0,494.0,479.85,481.6,232321.0,
2026-08-17,TRUALT,485.7,487.7,476.0,479.25,273305.0,
2026-08-18,TRUALT,483.9,483.9,469.9,474.5,309251.0,
2026-08-19,TRUALT,476.95,479.45,469.85,472.0,86380.0,
2026-08-20,TRUALT,474.95,474.95,460.0,462.6,166763.0,
2026-08-21,TRUALT,465.0,465.4,444.3,446.15,239491.0,
2026-08-24,TRUALT,449.5,454.9,440.0,441.85,219809.0,
2026-08-25,TRUALT,444.0,448.45,433.1,435.55,218221.0,
2026-08-26,TRUALT,439.7,452.7,434.1,442.2,185736.0,
2026-08-27,TRUALT,444.5,444.6,432.3,433.85,73493.0,
2026-08-28,TRUALT,434.0,438.6,430.85,434.15,69662.0,
2026-08-31,TRUALT,435.0,435.25,413.65,429.6,308868.0,
2026-09-01,TRUALT,429.95,433.35,420.5,428.15,80033.0,
2026-09-02,TRUALT,427.5,432.4,422.45,428.85,67695.0,
2026-09-03,TRUALT,432.0,433.05,424.25,426.4,165202.0,
2026-09-04,TRUALT,426.4,430.95,420.4,425.25,121440.0,
2026-09-07,TRUALT,425.95,433.85,420.0,424.1,73764.0,
2026-09-08,TRUALT,424.0,425.5,410.85,415.7,139457.0,
2026-09-09,TRUALT,415.7,428.6,415.0,421.15,119790.0,
2026-09-10,TRUALT,423.05,424.05,414.35,419.65,92623.0,
2026-09-11,TRUALT,416.1,423.95,413.55,416.35,99815.0,
2026-09-15,TRUALT,415.0,428.0,400.0,411.65,224114.0,
2026-09-16,TRUALT,416.2,427.5,407.0,422.7,454451.0,
2026-09-17,TRUALT,422.7,434.2,420.1,423.95,356698.0,
2026-09-18,TRUALT,425.0,437.65,420.5,421.7,220451.0,
2026-09-21,TRUALT,425.05,425.05,412.0,415.05,279871.0,
2026-09-22,TRUALT,415.55,428.9,411.0,414.45,371407.0,
2026-09-23,TRUALT,418.7,445.0,415.2,438.9,864019.0,
2026-09-24,TRUALT,435.0,441.8,420.35,429.0,389804.0,
2025-09-10,UYFINCORP,13.15,13.35,12.93,13.13,172358.0,
2025-09-11,UYFINCORP,13.13,13.35,12.51,13.06,1343304.0,
2025-09-12,UYFINCORP,13.16,13.34,13.01,13.15,112703.0,
2025-09-15,UYFINCORP,13.25,13.33,13.1,13.21,167427.0,
2025-09-16,UYFINCORP,13.4,13.48,13.15,13.42,298907.0,
2025-09-17,UYFINCORP,13.6,13.6,12.9,13.18,580291.0,
2025-09-18,UYFINCORP,13.4,13.4,13.2,13.28,61814.0,
2025-09-19,UYFINCORP,13.5,13.85,13.16,13.67,291908.0,
2025-09-22,UYFINCORP,13.95,14.5,13.33,13.83,1055956.0,
2025-09-23,UYFINCORP,13.83,14.43,13.53,14.14,446332.0,
2025-09-24,UYFINCORP,14.28,16.3,14.03,15.63,1948409.0,
2025-09-25,UYFINCORP,15.63,16.0,15.15,15.25,532920.0,
2025-09-26,UYFINCORP,15.25,15.54,14.75,14.9,323102.0,
2025-09-29,UYFINCORP,15.15,15.15,14.36,14.76,180268.0,
2025-09-30,UYFINCORP,14.46,15.1,14.36,14.97,279096.0,
2025-10-01,UYFINCORP,14.8,15.3,14.7,15.2,144260.0,
2025-10-03,UYFINCORP,15.2,15.5,15.1,15.16,201173.0,
2025-10-06,UYFINCORP,15.28,15.72,15.25,15.26,111442.0,
2025-10-07,UYFINCORP,15.0,15.31,14.58,14.99,99678.0,
2025-10-08,UYFINCORP,14.99,15.36,14.76,14.85,119299.0,
2025-10-09,UYFINCORP,14.85,15.1,14.73,14.91,181530.0,
2025-10-10,UYFINCORP,14.98,15.2,14.8,14.92,97437.0,
2025-10-13,UYFINCORP,14.82,15.04,14.8,14.85,104029.0,
2025-10-14,UYFINCORP,14.8,15.08,14.14,14.46,595346.0,
2025-10-15,UYFINCORP,14.68,14.97,14.26,14.41,170765.0,
2025-10-16,UYFINCORP,14.41,14.92,14.32,14.7,275947.0,
2025-10-17,UYFINCORP,14.7,15.0,14.41,14.55,119214.0,
2025-10-20,UYFINCORP,14.65,14.99,14.43,14.88,62594.0,
2025-10-21,UYFINCORP,15.0,15.0,14.45,14.73,28498.0,
2025-10-23,UYFINCORP,14.92,15.3,14.6,14.97,254203.0,
2025-10-24,UYFINCORP,14.9,14.99,14.49,14.89,194303.0,
2025-10-27,UYFINCORP,14.7,15.15,14.63,14.96,116119.0,
2025-10-28,UYFINCORP,15.09,15.21,14.71,14.85,226241.0,
2025-10-29,UYFINCORP,14.79,14.9,14.19,14.26,507391.0,
2025-10-30,UYFINCORP,14.33,14.85,14.33,14.73,222491.0,
2025-10-31,UYFINCORP,14.8,15.1,14.48,15.03,253567.0,
2025-11-03,UYFINCORP,15.29,15.9,15.2,15.48,240473.0,
2025-11-04,UYFINCORP,15.8,15.88,14.63,14.85,491755.0,
2025-11-06,UYFINCORP,15.29,15.85,14.81,15.65,558392.0,
2025-11-07,UYFINCORP,15.75,16.2,15.26,16.08,288019.0,
2025-11-10,UYFINCORP,16.18,17.4,16.02,16.44,704763.0,
2025-11-11,UYFINCORP,16.77,16.77,15.91,16.04,159029.0,
2025-11-12,UYFINCORP,16.04,16.53,15.56,15.86,146438.0,
2025-11-13,UYFINCORP,15.51,16.5,15.51,16.31,397853.0,
2025-11-14,UYFINCORP,16.5,16.56,15.6,16.04,435078.0,
2025-11-17,UYFINCORP,15.76,16.42,15.16,15.43,309696.0,
2025-11-18,UYFINCORP,15.45,15.55,15.0,15.16,75832.0,
2025-11-19,UYFINCORP,15.15,15.69,15.0,15.26,14723.0,
2025-11-20,UYFINCORP,15.01,15.45,14.8,14.97,49331.0,
2025-11-21,UYFINCORP,15.48,15.48,14.55,14.79,48763.0,
2025-11-24,UYFINCORP,15.23,15.23,14.23,14.41,39518.0,
2025-11-25,UYFINCORP,14.41,14.89,14.28,14.4,86205.0,
2025-11-26,UYFINCORP,14.4,14.96,14.4,14.42,24834.0,
2025-11-27,UYFINCORP,14.26,14.94,14.26,14.46,25171.0,
2025-11-28,UYFINCORP,14.92,14.93,14.4,14.57,45759.0,
2025-12-01,UYFINCORP,14.8,14.9,14.4,14.8,37204.0,
2025-12-02,UYFINCORP,15.09,15.09,14.31,14.59,9380.0,
2025-12-03,UYFINCORP,14.59,14.9,14.4,14.4,14634.0,
2025-12-04,UYFINCORP,14.21,14.7,14.21,14.41,4022.0,
2025-12-05,UYFINCORP,14.34,14.9,14.32,14.59,18689.0,
2025-12-08,UYFINCORP,14.95,15.17,14.4,14.42,33458.0,
2025-12-09,UYFINCORP,14.42,14.64,14.0,14.57,30701.0,
2025-12-10,UYFINCORP,14.73,14.73,14.4,14.46,14536.0,
2025-12-11,UYFINCORP,14.88,14.88,14.4,14.45,24851.0,
2025-12-12,UYFINCORP,14.83,14.83,13.75,14.48,34608.0,
2025-12-15,UYFINCORP,14.47,14.8,13.81,14.22,41141.0,
2025-12-16,UYFINCORP,14.49,14.49,14.0,14.29,37499.0,
2025-12-17,UYFINCORP,13.7,14.55,13.7,14.1,46791.0,
2025-12-18,UYFINCORP,14.09,14.1,13.93,13.99,36824.0,
2025-12-19,UYFINCORP,13.9,14.15,13.3,13.99,58736.0,
2025-12-22,UYFINCORP,13.45,14.28,13.45,14.03,23308.0,
2025-12-23,UYFINCORP,14.25,14.4,14.0,14.25,36399.0,
2025-12-24,UYFINCORP,14.75,14.75,13.99,14.28,37883.0,
2025-12-26,UYFINCORP,14.55,14.99,13.77,14.35,36152.0,
2025-12-29,UYFINCORP,14.88,15.05,14.06,14.15,72686.0,
2025-12-30,UYFINCORP,14.6,14.6,14.07,14.17,8665.0,
2025-12-31,UYFINCORP,14.01,14.49,13.5,14.35,55997.0,
2026-01-01,UYFINCORP,14.35,14.5,13.95,14.07,18251.0,
2026-01-02,UYFINCORP,14.43,14.5,13.97,14.06,80228.0,
2026-01-05,UYFINCORP,14.5,14.5,13.51,14.38,62842.0,
2026-01-06,UYFINCORP,14.67,14.67,13.9,14.24,15033.0,
2026-01-07,UYFINCORP,14.06,14.35,13.96,13.97,6063.0,
2026-01-08,UYFINCORP,13.98,14.3,13.86,13.87,15067.0,
2026-01-09,UYFINCORP,14.29,14.29,13.31,13.94,37385.0,
2026-01-12,UYFINCORP,13.99,13.99,13.6,13.62,11877.0,
2026-01-13,UYFINCORP,13.56,13.96,13.56,13.6,13757.0,
2026-01-14,UYFINCORP,13.5,14.04,13.5,13.57,111064.0,
2026-01-16,UYFINCORP,13.49,13.8,13.3,13.52,146631.0,
2026-01-19,UYFINCORP,13.06,13.69,13.06,13.52,25925.0,
2026-01-20,UYFINCORP,13.35,13.62,13.23,13.24,20122.0,
2026-01-21,UYFINCORP,13.02,13.4,12.85,12.88,43271.0,
2026-01-22,UYFINCORP,12.65,13.27,12.65,12.83,17502.0,
2026-01-23,UYFINCORP,13.15,13.15,12.5,12.54,46314.0,
2026-01-27,UYFINCORP,12.6,12.9,12.59,12.71,33186.0,
2026-01-28,UYFINCORP,12.8,13.0,12.14,12.49,76177.0,
2026-01-29,UYFINCORP,12.61,12.8,12.01,12.21,87725.0,
2026-01-30,UYFINCORP,12.05,12.65,12.01,12.5,107626.0,
2026-02-02,UYFINCORP,12.78,13.41,12.78,13.4,324296.0,
2026-02-03,UYFINCORP,13.41,14.07,13.41,13.77,705245.0,
2026-02-04,UYFINCORP,13.77,13.99,13.42,13.52,254017.0,
2026-02-05,UYFINCORP,14.19,14.19,13.81,14.19,384500.0,
2026-02-06,UYFINCORP,14.89,14.89,14.19,14.83,241708.0,
2026-02-09,UYFINCORP,15.45,15.47,15.0,15.29,212283.0,
2026-02-10,UYFINCORP,15.0,15.6,14.53,14.95,366557.0,
2026-02-11,UYFINCORP,14.79,14.9,14.51,14.6,142697.0,
2026-02-12,UYFINCORP,14.6,14.9,14.5,14.55,88537.0,
2026-02-13,UYFINCORP,14.55,14.81,14.26,14.41,63226.0,
2026-02-16,UYFINCORP,14.5,14.5,13.9,14.03,29282.0,
2026-02-17,UYFINCORP,14.49,14.49,13.66,14.38,58328.0,
2026-02-18,UYFINCORP,14.49,14.5,14.25,14.3,43535.0,
2026-02-19,UYFINCORP,14.5,14.5,14.21,14.39,55882.0,
2026-02-20,UYFINCORP,14.68,14.85,13.81,14.26,22291.0,
2026-02-23,UYFINCORP,14.9,15.5,14.46,14.88,283484.0,
2026-02-24,UYFINCORP,14.57,14.85,14.2,14.34,106147.0,
2026-02-25,UYFINCORP,14.83,14.85,14.2,14.2,91850.0,
2026-02-26,UYFINCORP,15.19,15.19,14.26,14.47,42077.0,
2026-02-27,UYFINCORP,14.0,14.5,14.0,14.11,62148.0,
2026-03-02,UYFINCORP,14.0,14.49,13.16,13.78,225693.0,
2026-03-04,UYFINCORP,13.26,13.78,13.2,13.52,71927.0,
2026-03-05,UYFINCORP,13.8,13.9,13.51,13.6,33243.0,
2026-03-06,UYFINCORP,13.0,13.85,13.0,13.45,31682.0,
2026-03-09,UYFINCORP,13.45,13.45,13.26,13.28,46626.0,
2026-03-10,UYFINCORP,13.27,13.89,13.27,13.73,11929.0,
2026-03-11,UYFINCORP,13.35,14.18,13.35,13.66,57829.0,
2026-03-12,UYFINCORP,13.41,13.73,13.21,13.59,58280.0,
2026-03-13,UYFINCORP,13.35,13.74,13.16,13.38,60028.0,
2026-03-16,UYFINCORP,13.74,13.74,13.21,13.31,123399.0,
2026-03-17,UYFINCORP,13.01,13.74,13.01,13.43,65221.0,
2026-03-18,UYFINCORP,13.49,13.94,12.42,13.73,68540.0,
2026-03-19,UYFINCORP,13.72,13.94,12.71,12.92,202820.0,
2026-03-20,UYFINCORP,12.92,13.47,12.71,12.87,161416.0,
2026-03-23,UYFINCORP,12.72,12.9,12.01,12.11,81855.0,
2026-03-24,UYFINCORP,12.7,13.3,12.35,12.78,51673.0,
2026-03-25,UYFINCORP,12.79,13.31,12.3,12.62,133093.0,
2026-03-27,UYFINCORP,12.9,12.9,12.0,12.08,124782.0,
2026-03-30,UYFINCORP,11.92,12.6,11.5,11.58,88483.0,
2026-04-01,UYFINCORP,13.2,13.2,12.48,12.88,53676.0,
2026-04-02,UYFINCORP,12.87,12.99,12.27,12.96,13112.0,
2026-04-06,UYFINCORP,12.94,13.19,12.51,12.74,40425.0,
2026-04-07,UYFINCORP,12.94,13.26,12.71,13.24,35731.0,
2026-04-08,UYFINCORP,13.49,13.75,12.68,13.7,172427.0,
2026-04-09,UYFINCORP,13.65,13.84,13.55,13.63,29123.0,
2026-04-10,UYFINCORP,13.6,14.0,13.02,13.73,32530.0,
2026-04-13,UYFINCORP,13.73,14.29,13.26,14.21,128508.0,
2026-04-15,UYFINCORP,14.3,14.4,13.52,14.35,124797.0,
2026-04-16,UYFINCORP,14.45,14.5,14.11,14.4,131115.0,
2026-04-17,UYFINCORP,14.4,14.65,14.17,14.4,66193.0,
2026-04-20,UYFINCORP,14.65,14.79,13.76,14.31,157360.0,
2026-04-21,UYFINCORP,14.31,14.5,14.27,14.35,83303.0,
2026-04-22,UYFINCORP,14.47,14.49,14.05,14.27,58517.0,
2026-04-23,UYFINCORP,14.27,14.4,14.0,14.35,71027.0,
2026-04-24,UYFINCORP,14.45,14.45,13.76,14.19,18518.0,
2026-04-27,UYFINCORP,14.06,14.49,14.06,14.47,55119.0,
2026-04-28,UYFINCORP,14.47,14.47,14.07,14.36,11789.0,
2026-04-29,UYFINCORP,14.21,14.5,14.17,14.4,23406.0,
2026-04-30,UYFINCORP,14.33,14.69,14.1,14.54,94853.0,
2026-05-04,UYFINCORP,14.45,14.69,14.12,14.27,25491.0,
2026-05-05,UYFINCORP,14.48,14.59,14.15,14.5,50002.0,
2026-05-06,UYFINCORP,14.79,14.79,14.1,14.44,58362.0,
2026-05-07,UYFINCORP,14.6,14.6,14.26,14.56,9193.0,
2026-05-08,UYFINCORP,14.97,14.97,14.26,14.59,66357.0,
2026-05-11,UYFINCORP,14.25,14.59,14.25,14.42,33962.0,
2026-05-12,UYFINCORP,14.31,14.39,13.61,13.93,51935.0,
2026-05-13,UYFINCORP,13.92,14.16,13.61,14.01,55199.0,
2026-05-14,UYFINCORP,13.81,14.38,13.81,14.03,19303.0,
2026-05-15,UYFINCORP,14.03,14.8,13.36,14.1,187376.0,
2026-05-18,UYFINCORP,14.1,14.39,13.6,13.91,50526.0,
2026-05-19,UYFINCORP,14.0,14.47,13.81,14.24,23152.0,
2026-05-20,UYFINCORP,14.01,15.5,14.01,14.83,776786.0,
2026-05-21,UYFINCORP,15.15,15.15,14.62,14.92,155692.0,
2026-05-22,UYFINCORP,15.27,15.27,14.65,15.02,168173.0,
2026-05-25,UYFINCORP,15.0,15.3,14.25,14.69,86210.0,
2026-05-26,UYFINCORP,15.09,15.1,14.3,14.84,94468.0,
2026-05-27,UYFINCORP,14.9,15.0,14.32,14.49,128417.0,
2026-05-29,UYFINCORP,15.68,15.8,14.9,15.15,397541.0,
2026-06-01,UYFINCORP,15.3,15.63,14.77,14.96,118786.0,
2026-06-02,UYFINCORP,14.67,15.3,14.67,14.84,50882.0,
2026-06-03,UYFINCORP,14.98,15.19,14.41,14.64,77534.0,
2026-06-04,UYFINCORP,14.84,14.95,14.35,14.54,51209.0,
2026-06-05,UYFINCORP,14.54,14.94,14.35,14.6,46244.0,
2026-06-08,UYFINCORP,14.2,14.84,14.03,14.21,68714.0,
2026-06-09,UYFINCORP,14.4,14.66,13.73,14.02,62931.0,
2026-06-10,UYFINCORP,14.3,14.69,14.0,14.11,55956.0,
2026-06-11,UYFINCORP,14.33,14.45,14.02,14.18,18791.0,
2026-06-12,UYFINCORP,14.5,14.5,14.0,14.27,42248.0,
2026-06-15,UYFINCORP,14.29,14.85,14.29,14.47,127058.0,
2026-06-16,UYFINCORP,14.47,14.78,14.31,14.66,39190.0,
2026-06-17,UYFINCORP,14.63,14.9,14.3,14.47,46843.0,
2026-06-18,UYFINCORP,14.58,14.85,14.25,14.62,42272.0,
2026-06-19,UYFINCORP,14.62,14.62,14.38,14.51,18831.0,
2026-06-22,UYFINCORP,14.4,14.75,13.23,14.42,96022.0,
2026-06-23,UYFINCORP,14.71,14.71,13.91,14.09,72637.0,
2026-06-24,UYFINCORP,14.09,14.68,13.61,14.13,75336.0,
2026-06-25,UYFINCORP,13.92,14.5,13.92,14.02,103055.0,
2026-06-29,UYFINCORP,13.74,14.29,13.63,13.99,58684.0,
2026-06-30,UYFINCORP,13.95,14.25,13.95,14.13,118395.0,
2026-07-01,UYFINCORP,14.3,14.8,13.98,14.41,367155.0,
2026-07-02,UYFINCORP,14.82,15.44,14.3,15.08,239770.0,
2026-07-03,UYFINCORP,15.44,15.5,15.12,15.4,610882.0,
2026-07-06,UYFINCORP,15.25,16.39,15.24,15.6,330635.0,
2026-07-07,UYFINCORP,15.67,15.87,15.37,15.39,381890.0,
2026-07-08,UYFINCORP,15.86,15.86,15.3,15.63,352943.0,
2026-07-09,UYFINCORP,15.65,15.84,15.62,15.67,104817.0,
2026-07-10,UYFINCORP,15.74,16.49,15.57,16.4,683376.0,
2026-07-13,UYFINCORP,16.47,16.92,16.4,16.7,688501.0,
2026-07-14,UYFINCORP,16.9,16.9,15.62,16.43,432593.0,
2026-07-15,UYFINCORP,16.69,17.1,15.9,16.58,492382.0,
2026-07-16,UYFINCORP,16.98,16.98,16.07,16.63,404334.0,
2026-07-17,UYFINCORP,16.65,17.1,16.19,16.75,544263.0,
2026-07-20,UYFINCORP,16.8,17.2,16.74,17.06,432111.0,
2026-07-21,UYFINCORP,17.06,17.2,16.2,17.14,629530.0,
2026-07-22,UYFINCORP,17.5,17.5,17.02,17.24,278208.0,
2026-07-23,UYFINCORP,17.35,19.85,16.92,19.25,1604368.0,
2026-07-24,UYFINCORP,19.01,19.29,18.22,18.57,423697.0,
2026-07-27,UYFINCORP,18.99,19.33,18.61,18.88,383173.0,
2026-07-28,UYFINCORP,19.0,19.9,18.54,19.49,561264.0,
2026-07-29,UYFINCORP,19.89,19.95,19.2,19.66,298245.0,
2026-07-30,UYFINCORP,19.51,19.96,19.13,19.79,818595.0,
2026-07-31,UYFINCORP,19.79,19.96,19.51,19.95,408460.0,
2026-08-03,UYFINCORP,19.8,19.94,19.53,19.76,245080.0,
2026-08-04,UYFINCORP,19.79,19.97,18.72,19.36,759105.0,
2026-08-05,UYFINCORP,19.36,19.8,19.15,19.25,684088.0,
2026-08-06,UYFINCORP,19.69,19.7,19.0,19.2,476546.0,
2026-08-07,UYFINCORP,19.2,22.34,19.02,20.36,3974832.0,
2026-08-10,UYFINCORP,20.65,21.8,20.35,21.02,1054758.0,
2026-08-11,UYFINCORP,21.3,21.35,19.97,19.97,118129.0,
2026-08-12,UYFINCORP,18.98,20.0,18.98,19.21,372149.0,
2026-08-13,UYFINCORP,19.15,20.17,18.99,20.16,295518.0,
2026-08-14,UYFINCORP,20.16,21.15,20.0,21.08,205537.0,
2026-08-17,UYFINCORP,21.11,22.0,21.01,21.39,344198.0,
2026-08-18,UYFINCORP,21.79,22.28,20.33,20.37,287353.0,
2026-08-19,UYFINCORP,21.08,21.08,19.55,20.22,177227.0,
2026-08-20,UYFINCORP,20.8,21.09,20.0,20.22,73001.0,
2026-08-21,UYFINCORP,20.36,21.1,19.75,20.14,144231.0,
2026-08-24,UYFINCORP,20.14,20.9,20.0,20.09,36796.0,
2026-08-25,UYFINCORP,20.89,20.89,19.61,19.86,65304.0,
2026-08-26,UYFINCORP,19.62,20.55,19.62,20.12,175105.0,
2026-08-27,UYFINCORP,20.74,20.74,19.6,20.1,59260.0,
2026-08-28,UYFINCORP,20.2,20.24,19.7,19.86,41108.0,
2026-08-31,UYFINCORP,20.0,20.24,18.9,19.52,85828.0,
2026-09-01,UYFINCORP,19.52,20.19,19.52,19.84,32127.0,
2026-09-02,UYFINCORP,19.9,19.9,19.05,19.3,96462.0,
2026-09-03,UYFINCORP,19.5,20.0,19.5,19.93,134148.0,
2026-09-04,UYFINCORP,20.02,20.7,19.62,19.73,122444.0,
2026-09-07,UYFINCORP,20.2,20.2,19.06,19.63,96033.0,
2026-09-08,UYFINCORP,20.2,20.25,19.65,19.88,82188.0,
2026-09-09,UYFINCORP,20.14,20.14,19.4,19.44,40538.0,
2026-09-10,UYFINCORP,19.75,19.9,19.17,19.31,27889.0,
2026-09-11,UYFINCORP,19.31,20.0,19.0,19.74,105430.0,
2026-09-15,UYFINCORP,19.83,20.35,19.16,19.28,82941.0,
2026-09-16,UYFINCORP,19.74,19.74,18.87,19.3,157276.0,
2026-09-17,UYFINCORP,19.68,19.68,19.2,19.28,18480.0,
2026-09-18,UYFINCORP,19.95,19.95,19.2,19.29,31026.0,
2026-09-21,UYFINCORP,19.3,19.75,19.1,19.38,78469.0,
2026-09-22,UYFINCORP,19.69,19.69,19.0,19.15,107768.0,
2026-09-23,UYFINCORP,19.15,19.75,19.15,19.51,74519.0,
2026-09-24,UYFINCORP,19.12,19.6,19.11,19.26,85744.0,
2026-09-18,VEEGALAND,154.0,154.0,146.3,146.3,5227484.0,
2026-09-21,VEEGALAND,142.0,143.02,138.99,141.84,1107338.0,
2026-09-22,VEEGALAND,138.99,140.95,135.2,139.84,548154.0,
2026-09-23,VEEGALAND,139.99,144.0,139.99,142.87,939901.0,
2026-09-24,VEEGALAND,141.5,145.8,140.9,142.38,866388.0,
2026-06-02,VIVIANA,951.0,967.9,880.0,909.2,19635.0,
2026-06-03,VIVIANA,909.2,910.0,870.0,876.7,20221.0,
2026-06-04,VIVIANA,881.05,897.0,851.0,882.75,15357.0,
2026-06-05,VIVIANA,887.0,926.0,882.5,887.5,15969.0,
2026-06-08,VIVIANA,847.0,873.9,843.15,845.55,19320.0,
2026-06-09,VIVIANA,807.0,840.0,807.0,821.5,22043.0,
2026-06-10,VIVIANA,823.0,839.0,801.0,818.1,14590.0,
2026-06-11,VIVIANA,819.95,838.9,796.0,812.45,23453.0,
2026-06-12,VIVIANA,815.0,825.0,801.0,817.55,11414.0,
2026-06-15,VIVIANA,820.0,858.0,809.0,846.45,34416.0,
2026-06-16,VIVIANA,849.9,866.0,830.0,843.7,21067.0,
2026-06-17,VIVIANA,840.0,844.0,801.55,814.95,64467.0,
2026-06-18,VIVIANA,814.0,814.0,776.4,793.55,58110.0,
2026-06-19,VIVIANA,788.2,820.0,775.0,813.85,29341.0,
2026-06-22,VIVIANA,802.0,854.5,802.0,851.65,33262.0,
2026-06-23,VIVIANA,868.0,874.1,845.0,853.95,23116.0,
2026-06-24,VIVIANA,865.5,868.9,825.0,859.45,16799.0,
2026-06-25,VIVIANA,859.45,859.45,832.0,837.9,17220.0,
2026-06-29,VIVIANA,830.0,838.0,810.1,820.2,11495.0,
2026-06-30,VIVIANA,837.9,837.9,816.5,827.8,8646.0,
2026-07-01,VIVIANA,819.05,847.8,816.55,822.7,8091.0,
2026-07-02,VIVIANA,847.0,847.0,801.5,826.45,8944.0,
2026-07-03,VIVIANA,812.9,837.95,810.0,815.7,9632.0,
2026-07-06,VIVIANA,813.1,822.0,788.0,794.5,16508.0,
2026-07-07,VIVIANA,790.0,820.0,765.1,803.15,22285.0,
2026-07-08,VIVIANA,790.0,795.0,763.0,765.05,19147.0,
2026-07-09,VIVIANA,775.45,792.0,749.0,777.1,26560.0,
2026-07-10,VIVIANA,777.1,793.0,745.65,772.0,20782.0,
2026-07-13,VIVIANA,768.0,799.9,751.05,792.75,16896.0,
2026-07-14,VIVIANA,790.95,799.0,776.0,780.1,11430.0,
2026-07-15,VIVIANA,788.0,788.8,764.9,769.45,7432.0,
2026-07-16,VIVIANA,770.0,777.95,756.0,767.0,5486.0,
2026-07-17,VIVIANA,773.0,773.0,728.65,730.4,43363.0,
2026-07-20,VIVIANA,735.3,735.3,699.0,702.95,32601.0,
2026-07-21,VIVIANA,707.3,708.05,675.05,704.85,22323.0,
2026-07-22,VIVIANA,713.5,738.95,713.5,733.15,24721.0,
2026-07-23,VIVIANA,740.0,740.0,710.0,715.4,20231.0,
2026-07-24,VIVIANA,715.0,715.0,695.0,697.45,18114.0,
2026-07-27,VIVIANA,704.65,732.3,702.5,732.3,18357.0,
2026-07-28,VIVIANA,739.9,768.9,723.55,762.85,21685.0,
2026-07-29,VIVIANA,767.95,780.4,724.75,727.6,14643.0,
2026-07-30,VIVIANA,725.0,741.9,710.0,719.25,9508.0,
2026-07-31,VIVIANA,719.25,729.45,710.05,718.55,6555.0,
2026-08-03,VIVIANA,722.1,734.9,701.1,717.9,15056.0,
2026-08-04,VIVIANA,716.95,728.9,690.0,702.65,16567.0,
2026-08-05,VIVIANA,708.0,737.75,699.0,728.8,46384.0,
2026-08-06,VIVIANA,727.95,729.85,702.0,710.2,29467.0,
2026-08-07,VIVIANA,717.9,719.0,705.0,715.8,18441.0,
2026-08-10,VIVIANA,711.0,719.0,702.0,703.8,21621.0,
2026-08-11,VIVIANA,695.1,710.0,690.0,691.35,14620.0,
2026-08-12,VIVIANA,698.35,724.0,661.0,706.9,41972.0,
2026-08-13,VIVIANA,691.1,724.0,685.2,702.75,26567.0,
2026-08-14,VIVIANA,723.9,723.9,692.0,700.75,10588.0,
2026-08-17,VIVIANA,717.0,717.0,686.0,696.05,12290.0,
2026-08-18,VIVIANA,699.5,716.0,687.1,700.0,16764.0,
2026-08-19,VIVIANA,704.0,704.0,687.55,690.25,8487.0,
2026-08-20,VIVIANA,685.3,714.0,685.0,705.0,18579.0,
2026-08-21,VIVIANA,703.85,705.0,686.1,692.4,14604.0,
2026-08-24,VIVIANA,709.8,727.0,690.0,727.0,37462.0,
2026-08-25,VIVIANA,720.0,744.85,719.9,725.7,20595.0,
2026-08-26,VIVIANA,739.65,739.65,720.9,734.55,10730.0,
2026-08-27,VIVIANA,734.55,750.0,715.0,729.3,10608.0,
2026-08-28,VIVIANA,744.8,744.8,716.05,728.4,9344.0,
2026-08-31,VIVIANA,728.4,739.0,715.0,727.55,14166.0,
2026-09-01,VIVIANA,726.7,754.95,718.0,740.55,19712.0,
2026-09-02,VIVIANA,743.95,754.9,715.0,750.4,17022.0,
2026-09-03,VIVIANA,750.4,774.0,747.7,766.4,15025.0,
2026-09-04,VIVIANA,761.0,804.7,751.25,804.7,24977.0,
2026-09-07,VIVIANA,816.0,830.0,773.0,776.55,41040.0,
2026-09-08,VIVIANA,794.9,794.9,725.1,740.85,27600.0,
2026-09-09,VIVIANA,739.9,773.9,732.05,769.55,33047.0,
2026-09-10,VIVIANA,762.4,795.0,758.0,769.15,24002.0,
2026-09-11,VIVIANA,750.0,774.75,748.0,752.15,12940.0,
2026-09-15,VIVIANA,745.0,748.4,705.0,710.9,22028.0,
2026-09-16,VIVIANA,711.0,750.0,687.05,701.2,32589.0,
2026-09-17,VIVIANA,704.65,754.0,704.65,724.7,23225.0,
2026-09-18,VIVIANA,732.15,743.75,711.45,718.8,13641.0,
2026-09-21,VIVIANA,701.1,742.95,701.1,732.6,39938.0,
2026-09-22,VIVIANA,747.0,790.0,721.25,734.0,38813.0,
2026-09-23,VIVIANA,747.0,747.0,720.0,724.55,17172.0,
2026-09-24,VIVIANA,728.0,728.0,700.0,706.25,13420.0,
2025-09-10,VSTL,162.5,164.0,160.0,160.81,19013.0,
2025-09-11,VSTL,162.5,163.8,159.2,160.31,21688.0,
2025-09-12,VSTL,161.5,163.0,158.0,159.95,27697.0,
2025-09-15,VSTL,159.95,162.39,159.62,160.33,18630.0,
2025-09-16,VSTL,162.89,163.8,160.0,162.99,17435.0,
2025-09-17,VSTL,161.65,163.38,159.1,161.23,17672.0,
2025-09-18,VSTL,163.79,163.79,160.0,160.98,16347.0,
2025-09-19,VSTL,160.99,164.0,160.01,162.63,22516.0,
2025-09-22,VSTL,163.7,164.58,160.26,161.04,20444.0,
2025-09-23,VSTL,161.99,163.79,161.14,161.94,11346.0,
2025-09-24,VSTL,162.9,162.9,158.0,159.24,10530.0,
2025-09-25,VSTL,159.24,161.2,156.01,157.07,17306.0,
2025-09-26,VSTL,157.84,157.84,155.0,155.29,15521.0,
2025-09-29,VSTL,158.4,158.4,154.7,156.17,9940.0,
2025-09-30,VSTL,157.99,157.99,153.23,154.89,10559.0,
2025-10-01,VSTL,154.89,156.25,149.41,153.34,39460.0,
2025-10-03,VSTL,152.65,158.25,152.65,156.72,12155.0,
2025-10-06,VSTL,156.73,158.8,152.5,152.94,14339.0,
2025-10-07,VSTL,152.94,154.7,148.24,148.94,21766.0,
2025-10-08,VSTL,149.24,152.0,149.24,150.31,14273.0,
2025-10-09,VSTL,149.25,150.78,148.43,149.1,13928.0,
2025-10-10,VSTL,149.8,151.75,149.76,151.19,5439.0,
2025-10-13,VSTL,151.0,151.41,148.11,149.19,11000.0,
2025-10-14,VSTL,149.19,151.4,148.0,149.76,12826.0,
2025-10-15,VSTL,150.21,151.49,146.0,148.36,18003.0,
2025-10-16,VSTL,150.5,151.8,148.1,149.52,10865.0,
2025-10-17,VSTL,149.52,150.69,145.16,146.89,8257.0,
2025-10-20,VSTL,149.79,149.79,142.06,146.38,14887.0,
2025-10-21,VSTL,145.15,151.69,145.15,148.18,4006.0,
2025-10-23,VSTL,147.35,151.01,146.21,146.96,12383.0,
2025-10-24,VSTL,146.65,153.0,146.5,147.23,23148.0,
2025-10-27,VSTL,149.7,149.7,142.01,144.72,23467.0,
2025-10-28,VSTL,144.25,146.76,142.1,144.01,11392.0,
2025-10-29,VSTL,144.35,146.09,144.0,144.49,13689.0,
2025-10-30,VSTL,143.2,146.51,143.0,143.7,15079.0,
2025-10-31,VSTL,145.29,145.98,143.5,144.06,21675.0,
2025-11-03,VSTL,144.25,145.79,141.9,142.86,11876.0,
2025-11-04,VSTL,144.8,147.9,143.58,145.52,26488.0,
2025-11-06,VSTL,145.22,145.23,142.0,142.36,8380.0,
2025-11-07,VSTL,145.2,145.2,140.0,142.82,13488.0,
2025-11-10,VSTL,145.7,145.7,135.52,139.5,29977.0,
2025-11-11,VSTL,140.0,141.99,138.51,140.44,15490.0,
2025-11-12,VSTL,141.19,146.9,141.0,145.38,25481.0,
2025-11-13,VSTL,146.0,146.0,136.2,137.53,60488.0,
2025-11-14,VSTL,139.98,139.98,135.05,137.14,28132.0,
2025-11-17,VSTL,140.0,142.81,137.21,138.16,13140.0,
2025-11-18,VSTL,138.69,139.0,137.0,137.4,8097.0,
2025-11-19,VSTL,138.7,138.7,136.42,137.94,5682.0,
2025-11-20,VSTL,138.01,138.69,137.0,137.62,4503.0,
2025-11-21,VSTL,138.0,138.15,135.5,136.11,10158.0,
2025-11-24,VSTL,135.55,136.93,132.06,133.25,10406.0,
2025-11-25,VSTL,133.5,134.78,131.21,132.33,14819.0,
2025-11-26,VSTL,132.4,135.25,132.4,133.49,5121.0,
2025-11-27,VSTL,134.55,135.8,133.81,134.86,3658.0,
2025-11-28,VSTL,135.06,135.38,132.98,133.36,4910.0,
2025-12-01,VSTL,135.4,135.4,133.08,134.77,6788.0,
2025-12-02,VSTL,137.0,137.0,131.01,134.11,9833.0,
2025-12-03,VSTL,132.45,135.45,130.55,132.26,11459.0,
2025-12-04,VSTL,132.26,133.98,129.1,131.47,11934.0,
2025-12-05,VSTL,130.65,133.38,129.28,130.34,5764.0,
2025-12-08,VSTL,132.3,132.3,119.92,121.38,39710.0,
2025-12-09,VSTL,120.95,124.17,117.02,124.05,21159.0,
2025-12-10,VSTL,122.5,128.58,122.5,126.05,14581.0,
2025-12-11,VSTL,129.0,129.0,126.25,126.45,9709.0,
2025-12-12,VSTL,128.83,128.83,126.25,126.81,8021.0,
2025-12-15,VSTL,125.0,135.18,125.0,134.09,74260.0,
2025-12-16,VSTL,134.0,138.0,133.99,136.3,26878.0,
2025-12-17,VSTL,139.0,140.0,128.35,130.05,19347.0,
2025-12-18,VSTL,132.44,132.44,127.0,130.75,27726.0,
2025-12-19,VSTL,133.89,135.72,131.81,133.74,8857.0,
2025-12-22,VSTL,138.0,138.0,132.74,134.36,11324.0,
2025-12-23,VSTL,133.65,134.92,130.01,131.81,7444.0,
2025-12-24,VSTL,133.05,134.3,132.0,132.64,3113.0,
2025-12-26,VSTL,131.35,134.94,131.35,132.64,3517.0,
2025-12-29,VSTL,130.85,133.0,130.85,131.68,8578.0,
2025-12-30,VSTL,129.0,132.8,129.0,131.57,6401.0,
2025-12-31,VSTL,131.58,135.49,131.5,132.5,10330.0,
2026-01-01,VSTL,132.15,139.19,132.15,136.6,16163.0,
2026-01-02,VSTL,139.34,139.34,134.01,136.63,4792.0,
2026-01-05,VSTL,136.63,139.7,134.0,135.07,13582.0,
2026-01-06,VSTL,138.6,138.6,134.4,136.26,18066.0,
2026-01-07,VSTL,138.88,138.88,127.0,129.66,61062.0,
2026-01-08,VSTL,130.19,131.98,128.0,128.88,7888.0,
2026-01-09,VSTL,128.15,133.68,125.25,126.35,10839.0,
2026-01-12,VSTL,126.35,133.78,124.0,131.9,24728.0,
2026-01-13,VSTL,132.14,135.0,130.51,130.97,9345.0,
2026-01-14,VSTL,130.97,132.65,128.05,129.38,5902.0,
2026-01-16,VSTL,129.38,131.49,128.1,128.65,5231.0,
2026-01-19,VSTL,128.65,130.02,125.0,127.69,4374.0,
2026-01-20,VSTL,127.69,127.69,114.0,116.58,106968.0,
2026-01-21,VSTL,116.58,120.9,116.58,117.97,11914.0,
2026-01-22,VSTL,118.56,119.94,116.5,117.97,13587.0,
2026-01-23,VSTL,118.02,118.84,116.55,116.92,8409.0,
2026-01-27,VSTL,116.02,118.97,116.02,117.92,5916.0,
2026-01-28,VSTL,118.9,119.77,117.62,118.79,7207.0,
2026-01-29,VSTL,120.51,121.1,115.07,116.1,13848.0,
2026-01-30,VSTL,116.1,118.59,115.51,117.4,9601.0,
2026-02-02,VSTL,121.0,121.0,115.0,117.42,7810.0,
2026-02-03,VSTL,120.01,120.01,115.0,117.4,19383.0,
2026-02-04,VSTL,115.4,119.35,115.4,117.42,24274.0,
2026-02-05,VSTL,119.5,119.5,117.4,117.79,13258.0,
2026-02-06,VSTL,117.8,118.88,116.03,117.18,7437.0,
2026-02-09,VSTL,120.6,120.6,115.3,118.57,10839.0,
2026-02-10,VSTL,117.3,120.98,117.3,119.94,14599.0,
2026-02-11,VSTL,120.11,121.99,118.01,118.88,9333.0,
2026-02-12,VSTL,118.8,120.55,117.95,119.78,4866.0,
2026-02-13,VSTL,119.75,120.79,117.1,119.36,9055.0,
2026-02-16,VSTL,117.1,118.9,116.5,117.07,12187.0,
2026-02-17,VSTL,117.5,118.24,115.51,115.8,17006.0,
2026-02-18,VSTL,116.15,119.0,115.51,118.26,17337.0,
2026-02-19,VSTL,117.55,119.69,115.6,116.59,16803.0,
2026-02-20,VSTL,117.0,119.69,115.0,116.85,12359.0,
2026-02-23,VSTL,117.0,119.0,115.01,117.17,16881.0,
2026-02-24,VSTL,115.0,116.82,115.0,115.21,12896.0,
2026-02-25,VSTL,116.43,117.48,114.0,115.42,21089.0,
2026-02-26,VSTL,117.0,117.0,114.0,116.03,11062.0,
2026-02-27,VSTL,116.03,117.5,114.0,116.76,10821.0,
2026-03-02,VSTL,100.8,114.19,100.8,112.31,37144.0,
2026-03-04,VSTL,114.89,114.89,105.71,107.92,33476.0,
2026-03-05,VSTL,108.31,119.45,106.91,113.72,22781.0,
2026-03-06,VSTL,113.79,113.79,107.17,110.24,40774.0,
2026-03-09,VSTL,110.0,112.0,105.26,109.46,40235.0,
2026-03-10,VSTL,111.01,113.68,105.5,107.35,71709.0,
2026-03-11,VSTL,111.0,113.59,107.1,112.53,26588.0,
2026-03-12,VSTL,110.0,115.0,109.18,113.88,45106.0,
2026-03-13,VSTL,110.6,115.18,110.3,114.1,42861.0,
2026-03-16,VSTL,114.9,114.9,103.75,107.93,196090.0,
2026-03-17,VSTL,108.02,109.95,106.9,108.53,52689.0,
2026-03-18,VSTL,109.99,114.89,107.0,112.34,48491.0,
2026-03-19,VSTL,112.34,114.5,108.0,112.29,24461.0,
2026-03-20,VSTL,112.85,119.0,112.81,113.12,59227.0,
2026-03-23,VSTL,117.0,117.0,105.02,105.96,57562.0,
2026-03-24,VSTL,110.0,112.07,105.96,107.61,83502.0,
2026-03-25,VSTL,107.61,113.2,107.61,110.23,81895.0,
2026-03-27,VSTL,110.23,110.62,105.0,105.24,71076.0,
2026-03-30,VSTL,106.0,107.93,101.06,102.25,30925.0,
2026-04-01,VSTL,103.8,110.0,103.8,108.76,10835.0,
2026-04-02,VSTL,108.76,109.99,103.91,108.63,8272.0,
2026-04-06,VSTL,107.01,110.0,107.01,109.22,13130.0,
2026-04-07,VSTL,109.45,112.45,107.95,111.82,13196.0,
2026-04-08,VSTL,115.0,115.0,112.11,113.87,25398.0,
2026-04-09,VSTL,113.9,114.87,109.3,114.19,8992.0,
2026-04-10,VSTL,114.58,115.98,114.5,115.42,28438.0,
2026-04-13,VSTL,115.42,117.7,112.62,116.91,15139.0,
2026-04-15,VSTL,117.96,120.48,116.38,119.0,21203.0,
2026-04-16,VSTL,120.96,136.0,120.84,132.88,75226.0,
2026-04-17,VSTL,134.1,138.52,134.1,135.18,59871.0,
2026-04-20,VSTL,135.18,135.7,127.25,128.11,19814.0,
2026-04-21,VSTL,128.12,132.16,127.61,127.87,7295.0,
2026-04-22,VSTL,128.4,129.0,126.0,127.16,15763.0,
2026-04-23,VSTL,128.84,131.59,127.5,128.03,10075.0,
2026-04-24,VSTL,128.03,136.79,125.41,126.59,77800.0,
2026-04-27,VSTL,132.0,132.0,127.84,129.89,62160.0,
2026-04-28,VSTL,129.89,132.59,129.01,129.34,5788.0,
2026-04-29,VSTL,129.7,132.83,126.8,127.44,9924.0,
2026-04-30,VSTL,129.98,130.0,127.0,128.77,10374.0,
2026-05-04,VSTL,127.55,133.0,127.55,131.31,14299.0,
2026-05-05,VSTL,132.0,132.0,127.5,130.07,7156.0,
2026-05-06,VSTL,132.99,132.99,126.88,128.31,21404.0,
2026-05-07,VSTL,126.5,131.03,126.5,130.9,45386.0,
2026-05-08,VSTL,133.0,133.0,128.0,128.86,19882.0,
2026-05-11,VSTL,127.5,129.5,126.0,128.01,26453.0,
2026-05-12,VSTL,128.01,128.08,122.95,126.23,18199.0,
2026-05-13,VSTL,125.2,129.5,125.2,127.36,11109.0,
2026-05-14,VSTL,127.9,127.9,120.05,125.12,9485.0,
2026-05-15,VSTL,125.86,125.86,121.81,123.06,32094.0,
2026-05-18,VSTL,120.65,120.86,118.11,119.45,12511.0,
2026-05-19,VSTL,119.5,121.15,118.55,119.64,9537.0,
2026-05-20,VSTL,119.64,122.49,118.1,119.87,17255.0,
2026-05-21,VSTL,119.9,120.79,116.44,117.34,20148.0,
2026-05-22,VSTL,117.45,121.0,117.45,120.24,9865.0,
2026-05-25,VSTL,120.9,121.34,116.98,118.42,23364.0,
2026-05-26,VSTL,118.9,121.0,116.91,118.19,11288.0,
2026-05-27,VSTL,120.0,120.04,117.1,117.89,15495.0,
2026-05-29,VSTL,117.9,118.35,115.55,116.06,14326.0,
2026-06-01,VSTL,116.25,116.5,112.8,113.63,11400.0,
2026-06-02,VSTL,111.35,116.0,111.35,115.07,7822.0,
2026-06-03,VSTL,113.65,115.9,113.0,113.44,6760.0,
2026-06-04,VSTL,113.0,116.47,113.0,115.22,13294.0,
2026-06-05,VSTL,118.0,118.0,114.27,114.72,6013.0,
2026-06-08,VSTL,113.1,117.85,113.0,116.8,12293.0,
2026-06-09,VSTL,119.0,120.9,115.55,118.39,10693.0,
2026-06-10,VSTL,118.39,120.95,116.35,120.26,15820.0,
2026-06-11,VSTL,119.8,119.99,117.03,119.02,12961.0,
2026-06-12,VSTL,120.1,121.99,117.46,120.37,11948.0,
2026-06-15,VSTL,118.65,122.99,118.65,121.08,14931.0,
2026-06-16,VSTL,121.08,123.9,119.0,122.0,31036.0,
2026-06-17,VSTL,123.6,123.8,120.66,120.91,7445.0,
2026-06-18,VSTL,121.9,122.0,118.5,118.77,10736.0,
2026-06-19,VSTL,116.85,121.38,116.85,118.19,7075.0,
2026-06-22,VSTL,118.25,119.16,117.0,117.51,13695.0,
2026-06-23,VSTL,118.6,119.7,117.0,117.28,9603.0,
2026-06-24,VSTL,119.6,119.8,116.23,116.88,6381.0,
2026-06-25,VSTL,117.01,118.61,115.84,116.37,7451.0,
2026-06-29,VSTL,118.8,118.8,113.98,115.26,10912.0,
2026-06-30,VSTL,115.45,116.96,113.0,114.98,13210.0,
2026-07-01,VSTL,114.98,116.44,113.28,114.4,5624.0,
2026-07-02,VSTL,114.45,116.59,113.6,114.31,8447.0,
2026-07-03,VSTL,115.0,116.25,112.92,113.9,14733.0,
2026-07-06,VSTL,114.5,115.9,114.2,115.15,6839.0,
2026-07-07,VSTL,115.21,115.36,113.2,113.98,4596.0,
2026-07-08,VSTL,116.0,116.0,110.0,111.28,8181.0,
2026-07-09,VSTL,111.0,113.88,111.0,113.26,5547.0,
2026-07-10,VSTL,111.8,118.0,111.45,114.47,17629.0,
2026-07-13,VSTL,114.47,114.47,111.0,112.52,8552.0,
2026-07-14,VSTL,112.52,114.9,111.41,112.24,10640.0,
2026-07-15,VSTL,113.89,113.9,112.4,112.96,7165.0,
2026-07-16,VSTL,112.55,113.45,108.8,111.44,9592.0,
2026-07-17,VSTL,111.44,112.0,111.31,111.91,3945.0,
2026-07-20,VSTL,111.9,115.0,111.2,111.94,11042.0,
2026-07-21,VSTL,111.94,112.65,111.11,111.45,5938.0,
2026-07-22,VSTL,110.6,112.99,110.25,111.1,6509.0,
2026-07-23,VSTL,111.99,111.99,109.02,109.94,9821.0,
2026-07-24,VSTL,111.93,111.97,109.32,111.14,5999.0,
2026-07-27,VSTL,111.14,114.49,110.9,111.33,9246.0,
2026-07-28,VSTL,111.9,112.36,107.81,111.26,16105.0,
2026-07-29,VSTL,111.26,112.6,109.26,110.45,6391.0,
2026-07-30,VSTL,110.0,111.8,106.81,110.62,17721.0,
2026-07-31,VSTL,111.05,112.5,110.0,110.87,18603.0,
2026-08-03,VSTL,110.9,112.33,109.0,109.81,13699.0,
2026-08-04,VSTL,111.8,113.98,109.63,111.52,15619.0,
2026-08-05,VSTL,112.03,112.79,110.13,110.77,5178.0,
2026-08-06,VSTL,111.32,112.39,105.9,108.27,61945.0,
2026-08-07,VSTL,107.2,108.39,106.1,107.01,15337.0,
2026-08-10,VSTL,107.0,107.95,106.05,106.42,7875.0,
2026-08-11,VSTL,107.91,107.91,106.0,106.69,10887.0,
2026-08-12,VSTL,106.69,108.0,105.25,106.21,10586.0,
2026-08-13,VSTL,108.0,108.0,104.99,106.88,14711.0,
2026-08-14,VSTL,107.46,108.5,106.81,107.91,10513.0,
2026-08-17,VSTL,107.91,108.4,101.0,106.87,17809.0,
2026-08-18,VSTL,106.87,108.0,105.11,106.44,6346.0,
2026-08-19,VSTL,107.99,107.99,105.14,106.39,7614.0,
2026-08-20,VSTL,106.39,109.0,105.5,108.94,11961.0,
2026-08-21,VSTL,110.7,113.98,107.25,110.54,22826.0,
2026-08-24,VSTL,110.2,114.15,108.5,111.53,23734.0,
2026-08-25,VSTL,112.53,113.75,111.25,111.5,8832.0,
2026-08-26,VSTL,113.95,113.95,111.02,112.1,7536.0,
2026-08-27,VSTL,112.1,113.5,111.15,112.63,7077.0,
2026-08-28,VSTL,113.8,113.8,109.05,110.82,9476.0,
2026-08-31,VSTL,108.3,113.0,108.3,111.85,22394.0,
2026-09-01,VSTL,112.0,113.3,109.35,111.83,13675.0,
2026-09-02,VSTL,111.83,114.1,109.0,113.76,20067.0,
2026-09-03,VSTL,113.05,115.25,112.0,115.15,26197.0,
2026-09-04,VSTL,115.15,118.35,115.0,117.66,22471.0,
2026-09-07,VSTL,118.01,123.15,118.01,121.75,37905.0,
2026-09-08,VSTL,122.9,126.0,120.99,124.44,18277.0,
2026-09-09,VSTL,126.0,126.0,121.5,123.41,12007.0,
2026-09-10,VSTL,123.5,124.9,120.0,120.17,5743.0,
2026-09-11,VSTL,118.45,122.8,117.0,119.71,8436.0,
2026-09-15,VSTL,117.25,122.0,114.0,114.88,12485.0,
2026-09-16,VSTL,112.1,116.99,110.76,112.75,6766.0,
2026-09-17,VSTL,114.89,115.9,112.15,114.82,3050.0,
2026-09-18,VSTL,114.82,114.82,112.1,113.54,5909.0,
2026-09-21,VSTL,113.45,115.95,110.66,114.48,6093.0,
2026-09-22,VSTL,113.9,115.45,113.0,114.19,5081.0,
2026-09-23,VSTL,114.95,115.08,112.5,113.48,4457.0,
2026-09-24,VSTL,113.0,114.83,111.55,112.87,5459.0,
2025-09-10,WCIL,138.93,141.85,136.19,138.96,718405.0,
2025-09-11,WCIL,138.7,141.75,136.53,137.04,682008.0,
2025-09-12,WCIL,138.14,138.27,131.89,133.92,536369.0,
2025-09-15,WCIL,134.57,145.84,134.5,141.41,1976011.0,
2025-09-16,WCIL,142.11,144.16,139.09,142.24,836191.0,
2025-09-17,WCIL,143.66,144.9,140.67,143.52,763149.0,
2025-09-18,WCIL,143.99,144.76,140.03,142.44,496808.0,
2025-09-19,WCIL,143.0,145.83,141.57,144.34,609757.0,
2025-09-22,WCIL,144.34,147.29,142.0,144.87,829095.0,
2025-09-23,WCIL,144.97,146.97,142.3,142.69,498288.0,
2025-09-24,WCIL,143.0,143.2,138.1,139.02,530668.0,
2025-09-25,WCIL,139.05,146.84,136.1,138.12,1366436.0,
2025-09-26,WCIL,137.7,138.19,127.81,131.08,1274092.0,
2025-09-29,WCIL,131.08,134.5,130.1,132.25,257710.0,
2025-09-30,WCIL,132.9,133.41,127.25,128.12,261374.0,
2025-10-01,WCIL,129.0,130.17,127.0,127.98,207539.0,
2025-10-03,WCIL,127.8,133.25,127.51,130.13,320133.0,
2025-10-06,WCIL,130.3,131.75,128.13,128.95,303559.0,
2025-10-07,WCIL,128.7,137.0,128.7,136.24,718943.0,
2025-10-08,WCIL,137.0,138.29,130.6,131.49,319281.0,
2025-10-09,WCIL,132.4,132.4,124.63,125.87,487173.0,
2025-10-10,WCIL,126.4,126.4,122.4,122.85,376831.0,
2025-10-13,WCIL,120.01,126.35,120.01,123.69,401023.0,
2025-10-14,WCIL,124.64,127.2,118.48,120.13,368849.0,
2025-10-15,WCIL,121.0,123.3,119.27,122.16,206164.0,
2025-10-16,WCIL,123.8,124.7,122.1,123.09,165004.0,
2025-10-17,WCIL,123.09,126.99,121.6,125.58,279836.0,
2025-10-20,WCIL,125.0,129.0,124.14,125.12,166386.0,
2025-10-21,WCIL,127.0,130.2,126.99,128.93,236794.0,
2025-10-23,WCIL,129.49,131.9,127.92,130.57,329109.0,
2025-10-24,WCIL,128.25,131.0,127.25,128.49,171456.0,
2025-10-27,WCIL,127.4,127.79,124.4,124.83,226150.0,
2025-10-28,WCIL,125.3,128.5,122.5,127.27,345859.0,
2025-10-29,WCIL,127.7,130.69,127.5,128.96,307229.0,
2025-10-30,WCIL,129.25,132.0,128.98,129.48,283725.0,
2025-10-31,WCIL,129.98,137.0,128.97,132.92,582986.0,
2025-11-03,WCIL,133.54,135.7,131.5,135.36,444164.0,
2025-11-04,WCIL,135.85,137.0,132.5,132.9,224366.0,
2025-11-06,WCIL,132.45,133.77,129.1,129.73,294985.0,
2025-11-07,WCIL,129.73,131.22,127.25,129.03,117162.0,
2025-11-10,WCIL,129.6,130.0,127.0,127.88,134497.0,
2025-11-11,WCIL,128.38,128.38,125.18,126.11,186692.0,
2025-11-12,WCIL,126.51,127.52,126.14,127.04,79080.0,
2025-11-13,WCIL,127.8,128.14,121.1,123.33,251388.0,
2025-11-14,WCIL,123.0,126.9,122.46,125.49,149331.0,
2025-11-17,WCIL,122.9,123.99,119.31,123.1,316249.0,
2025-11-18,WCIL,122.9,124.6,119.6,120.47,263341.0,
2025-11-19,WCIL,120.99,122.0,118.2,119.25,193866.0,
2025-11-20,WCIL,118.56,120.9,114.5,118.99,512963.0,
2025-11-21,WCIL,119.03,123.8,118.39,120.42,521168.0,
2025-11-24,WCIL,121.03,121.77,115.21,116.28,277876.0,
2025-11-25,WCIL,116.9,122.0,116.9,119.56,262550.0,
2025-11-26,WCIL,119.56,119.57,116.1,117.47,229288.0,
2025-11-27,WCIL,117.99,121.4,116.62,119.91,178247.0,
2025-11-28,WCIL,120.0,120.0,117.2,117.94,95259.0,
2025-12-01,WCIL,118.0,119.99,115.21,118.54,389697.0,
2025-12-02,WCIL,117.6,120.9,116.25,119.93,229132.0,
2025-12-03,WCIL,120.0,121.0,117.28,119.85,171159.0,
2025-12-04,WCIL,119.85,121.68,119.11,120.38,72421.0,
2025-12-05,WCIL,120.38,121.78,119.21,121.07,71026.0,
2025-12-08,WCIL,122.65,122.65,119.0,120.75,184720.0,
2025-12-09,WCIL,120.15,126.07,119.52,122.88,300670.0,
2025-12-10,WCIL,123.49,124.99,121.71,122.69,153575.0,
2025-12-11,WCIL,123.0,123.79,121.21,121.56,87403.0,
2025-12-12,WCIL,121.84,122.6,120.02,121.32,169781.0,
2025-12-15,WCIL,119.7,122.9,119.35,121.52,81515.0,
2025-12-16,WCIL,121.99,121.99,120.0,120.19,58906.0,
2025-12-17,WCIL,120.19,121.29,120.0,120.17,87619.0,
2025-12-18,WCIL,119.6,121.66,119.05,120.33,88050.0,
2025-12-19,WCIL,120.09,121.5,119.04,120.17,183636.0,
2025-12-22,WCIL,121.9,125.13,120.63,123.01,182969.0,
2025-12-23,WCIL,124.4,124.4,122.0,122.95,59957.0,
2025-12-24,WCIL,123.4,125.0,122.07,123.69,109128.0,
2025-12-26,WCIL,122.94,124.9,120.31,120.92,96576.0,
2025-12-29,WCIL,121.4,122.4,119.62,120.77,100551.0,
2025-12-30,WCIL,120.55,124.05,119.5,120.04,122130.0,
2025-12-31,WCIL,119.25,121.36,119.25,120.21,45764.0,
2026-01-01,WCIL,120.21,121.08,119.58,120.13,82031.0,
2026-01-02,WCIL,120.0,122.0,119.3,120.17,295772.0,
2026-01-05,WCIL,120.0,121.05,120.0,120.09,53461.0,
2026-01-06,WCIL,119.5,121.79,119.5,120.0,215675.0,
2026-01-07,WCIL,119.55,121.3,119.55,120.06,46001.0,
2026-01-08,WCIL,119.6,120.6,119.05,119.58,169285.0,
2026-01-09,WCIL,118.5,120.0,115.55,116.13,180014.0,
2026-01-12,WCIL,116.05,117.36,114.31,114.85,123196.0,
2026-01-13,WCIL,114.3,116.54,112.1,113.39,105952.0,
2026-01-14,WCIL,113.9,116.0,112.78,114.19,111631.0,
2026-01-16,WCIL,114.1,114.26,110.1,110.35,96482.0,
2026-01-19,WCIL,110.35,116.0,106.47,115.3,313766.0,
2026-01-20,WCIL,115.25,116.6,109.25,110.84,180887.0,
2026-01-21,WCIL,110.0,110.58,104.66,108.97,244629.0,
2026-01-22,WCIL,109.0,112.39,108.75,109.33,133946.0,
2026-01-23,WCIL,110.4,110.4,104.12,108.69,172137.0,
2026-01-27,WCIL,107.0,108.06,104.0,105.18,97222.0,
2026-01-28,WCIL,105.18,114.5,105.18,113.35,208045.0,
2026-01-29,WCIL,113.35,113.8,106.25,107.57,147726.0,
2026-01-30,WCIL,106.6,111.11,105.39,110.33,139452.0,
2026-02-02,WCIL,112.78,112.78,105.11,107.28,144411.0,
2026-02-03,WCIL,112.0,115.8,109.0,114.04,211107.0,
2026-02-04,WCIL,110.62,119.9,110.62,118.91,216785.0,
2026-02-05,WCIL,119.4,122.4,117.57,119.92,174697.0,
2026-02-06,WCIL,119.05,120.9,117.91,119.26,69207.0,
2026-02-09,WCIL,121.4,122.28,118.92,120.58,141288.0,
2026-02-10,WCIL,121.05,123.9,120.8,121.04,140897.0,
2026-02-11,WCIL,121.2,122.59,117.36,119.88,141356.0,
2026-02-12,WCIL,119.6,121.4,116.6,118.36,68803.0,
2026-02-13,WCIL,117.0,121.22,115.56,120.46,162805.0,
2026-02-16,WCIL,121.9,122.4,116.1,121.1,257888.0,
2026-02-17,WCIL,121.01,121.92,119.5,119.67,72440.0,
2026-02-18,WCIL,119.67,120.5,118.12,119.08,105932.0,
2026-02-19,WCIL,119.5,120.35,117.6,118.13,55674.0,
2026-02-20,WCIL,118.2,119.89,117.05,119.09,127322.0,
2026-02-23,WCIL,119.0,120.68,115.2,116.18,116445.0,
2026-02-24,WCIL,116.1,116.71,112.3,113.31,59400.0,
2026-02-25,WCIL,112.6,115.88,112.6,114.53,58340.0,
2026-02-26,WCIL,114.52,116.88,113.7,116.67,99803.0,
2026-02-27,WCIL,116.57,116.57,113.05,114.46,168965.0,
2026-03-02,WCIL,106.0,110.99,106.0,109.18,128414.0,
2026-03-04,WCIL,105.5,106.8,104.11,104.55,99455.0,
2026-03-05,WCIL,104.75,106.6,102.13,104.67,67642.0,
2026-03-06,WCIL,104.09,107.7,101.56,103.55,537036.0,
2026-03-09,WCIL,100.0,100.67,97.73,98.19,81418.0,
2026-03-10,WCIL,99.45,100.64,97.3,97.98,129963.0,
2026-03-11,WCIL,98.49,101.5,97.66,98.28,151396.0,
2026-03-12,WCIL,96.5,97.78,93.35,94.49,166916.0,
2026-03-13,WCIL,94.0,98.59,89.58,96.02,345420.0,
2026-03-16,WCIL,97.0,97.45,91.02,92.86,172633.0,
2026-03-17,WCIL,93.6,93.75,91.1,91.79,311933.0,
2026-03-18,WCIL,92.9,96.25,92.11,94.54,140468.0,
2026-03-19,WCIL,93.0,93.94,89.56,90.68,93056.0,
2026-03-20,WCIL,91.2,93.28,91.2,92.42,69218.0,
2026-03-23,WCIL,91.0,91.25,84.8,85.26,308553.0,
2026-03-24,WCIL,87.9,87.97,85.21,85.64,161498.0,
2026-03-25,WCIL,85.85,91.65,85.85,88.86,278422.0,
2026-03-27,WCIL,87.85,88.04,81.0,81.75,276089.0,
2026-03-30,WCIL,81.71,82.18,77.02,77.87,352190.0,
2026-04-01,WCIL,80.0,84.28,79.55,81.01,252644.0,
2026-04-02,WCIL,80.82,83.65,78.24,83.34,115624.0,
2026-04-06,WCIL,84.5,85.94,81.78,85.52,97421.0,
2026-04-07,WCIL,84.59,87.95,84.5,86.37,128647.0,
2026-04-08,WCIL,91.0,93.89,89.6,93.39,199872.0,
2026-04-09,WCIL,93.39,95.25,91.25,91.92,103771.0,
2026-04-10,WCIL,92.0,95.79,91.81,93.96,143369.0,
2026-04-13,WCIL,90.1,101.22,90.1,96.63,323142.0,
2026-04-15,WCIL,98.0,99.8,98.0,99.02,106236.0,
2026-04-16,WCIL,99.9,102.0,98.1,101.0,216845.0,
2026-04-17,WCIL,102.4,103.73,101.12,101.99,171674.0,
2026-04-20,WCIL,102.0,102.8,99.57,101.79,77641.0,
2026-04-21,WCIL,102.4,103.8,101.46,101.89,59778.0,
2026-04-22,WCIL,101.89,103.45,101.1,102.93,96966.0,
2026-04-23,WCIL,102.61,104.0,102.05,103.48,75450.0,
2026-04-24,WCIL,104.3,104.3,100.36,101.3,75663.0,
2026-04-27,WCIL,101.3,104.4,101.3,103.24,49239.0,
2026-04-28,WCIL,103.1,103.89,102.5,103.25,34549.0,
2026-04-29,WCIL,103.25,105.39,103.2,103.93,119199.0,
2026-04-30,WCIL,103.42,104.09,101.78,102.73,56702.0,
2026-05-04,WCIL,104.1,112.75,103.83,111.67,280939.0,
2026-05-05,WCIL,112.5,112.5,107.1,107.75,120361.0,
2026-05-06,WCIL,109.3,109.56,105.22,107.38,116885.0,
2026-05-07,WCIL,107.38,109.99,107.38,109.19,76698.0,
2026-05-08,WCIL,108.9,110.36,108.25,109.32,68989.0,
2026-05-11,WCIL,108.45,109.0,106.75,107.79,98201.0,
2026-05-12,WCIL,106.7,107.82,101.43,102.06,104758.0,
2026-05-13,WCIL,102.99,104.78,102.0,103.1,63591.0,
2026-05-14,WCIL,104.76,105.19,100.0,101.18,105824.0,
2026-05-15,WCIL,101.18,102.52,99.1,99.54,53625.0,
2026-05-18,WCIL,95.99,96.79,94.8,95.96,111905.0,
2026-05-19,WCIL,96.7,98.09,95.95,96.67,95188.0,
2026-05-20,WCIL,96.1,97.9,95.0,97.52,30266.0,
2026-05-21,WCIL,97.65,100.9,96.79,97.01,31707.0,
2026-05-22,WCIL,97.06,98.6,96.55,97.61,33059.0,
2026-05-25,WCIL,97.1,100.0,97.1,98.92,81973.0,
2026-05-26,WCIL,99.69,100.94,97.25,98.34,71137.0,
2026-05-27,WCIL,97.85,99.71,97.56,99.24,27484.0,
2026-05-29,WCIL,98.11,100.02,95.1,96.93,54191.0,
2026-06-01,WCIL,96.92,97.86,95.31,96.5,43416.0,
2026-06-02,WCIL,95.0,95.93,93.5,94.03,85746.0,
2026-06-03,WCIL,94.01,94.89,91.83,93.41,57994.0,
2026-06-04,WCIL,93.59,94.88,92.9,94.0,42505.0,
2026-06-05,WCIL,94.0,96.8,93.81,96.08,68259.0,
2026-06-08,WCIL,94.8,95.82,93.26,93.66,51640.0,
2026-06-09,WCIL,93.7,94.95,93.05,94.47,28913.0,
2026-06-10,WCIL,93.8,95.35,91.82,92.04,60781.0,
2026-06-11,WCIL,92.0,92.3,90.0,91.05,40516.0,
2026-06-12,WCIL,91.9,94.42,91.47,93.75,40892.0,
2026-06-15,WCIL,96.99,98.5,95.6,97.74,109098.0,
2026-06-16,WCIL,98.81,101.4,97.88,99.87,102898.0,
2026-06-17,WCIL,101.0,103.02,100.02,102.68,95019.0,
2026-06-18,WCIL,103.4,105.38,103.15,104.61,125555.0,
2026-06-19,WCIL,105.0,105.0,101.51,102.45,57275.0,
2026-06-22,WCIL,101.0,104.4,101.0,102.84,55124.0,
2026-06-23,WCIL,104.45,105.0,102.12,103.5,87739.0,
2026-06-24,WCIL,103.63,105.5,102.72,105.0,111193.0,
2026-06-25,WCIL,105.89,105.9,100.41,101.01,82322.0,
2026-06-29,WCIL,101.0,101.01,98.2,100.27,44666.0,
2026-06-30,WCIL,100.0,102.24,99.2,100.33,39789.0,
2026-07-01,WCIL,100.1,101.23,97.82,98.83,50557.0,
2026-07-02,WCIL,98.9,100.4,96.0,98.69,35618.0,
2026-07-03,WCIL,98.56,101.84,98.02,98.78,49918.0,
2026-07-06,WCIL,98.8,99.83,96.5,97.02,76163.0,
2026-07-07,WCIL,98.86,99.36,95.25,96.48,40500.0,
2026-07-08,WCIL,96.95,96.99,93.0,94.08,39950.0,
2026-07-09,WCIL,94.9,96.27,93.45,94.73,103212.0,
2026-07-10,WCIL,96.4,96.4,94.5,94.76,52575.0,
2026-07-13,WCIL,94.75,97.37,94.49,96.47,101711.0,
2026-07-14,WCIL,96.47,96.75,95.05,95.48,28355.0,
2026-07-15,WCIL,95.75,97.8,94.9,95.28,39609.0,
2026-07-16,WCIL,95.05,96.3,94.0,95.17,50002.0,
2026-07-17,WCIL,96.1,96.44,94.51,94.67,62105.0,
2026-07-20,WCIL,94.65,94.79,93.2,93.32,27238.0,
2026-07-21,WCIL,94.99,94.99,92.1,92.27,42182.0,
2026-07-22,WCIL,92.27,92.99,90.0,90.34,80140.0,
2026-07-23,WCIL,90.63,90.9,88.75,89.24,28809.0,
2026-07-24,WCIL,89.5,90.38,88.1,89.98,39052.0,
2026-07-27,WCIL,90.37,91.7,90.2,91.06,37552.0,
2026-07-28,WCIL,91.49,91.55,89.21,89.43,19425.0,
2026-07-29,WCIL,89.6,90.48,89.2,89.71,33105.0,
2026-07-30,WCIL,89.5,89.7,88.6,88.86,36455.0,
2026-07-31,WCIL,89.18,90.85,89.0,90.03,24539.0,
2026-08-03,WCIL,90.89,92.11,89.81,90.48,49280.0,
2026-08-04,WCIL,90.8,91.8,90.32,91.39,19934.0,
2026-08-05,WCIL,91.78,92.39,90.12,90.66,43132.0,
2026-08-06,WCIL,90.7,91.19,89.1,89.88,40126.0,
2026-08-07,WCIL,89.89,91.0,86.98,88.46,80759.0,
2026-08-10,WCIL,88.52,90.09,87.71,87.92,52359.0,
2026-08-11,WCIL,87.99,87.99,85.85,86.11,80421.0,
2026-08-12,WCIL,86.2,86.8,85.0,85.59,40440.0,
2026-08-13,WCIL,86.99,90.2,85.5,88.23,114670.0,
2026-08-14,WCIL,88.49,89.2,86.18,86.55,42011.0,
2026-08-17,WCIL,86.0,88.3,83.0,87.99,84537.0,
2026-08-18,WCIL,87.9,88.09,85.8,86.27,31346.0,
2026-08-19,WCIL,86.0,87.79,85.41,86.09,88992.0,
2026-08-20,WCIL,86.5,87.5,86.0,86.58,55213.0,
2026-08-21,WCIL,86.0,87.4,85.4,86.7,34456.0,
2026-08-24,WCIL,85.55,88.49,85.55,86.3,52927.0,
2026-08-25,WCIL,87.49,88.09,86.35,87.19,33762.0,
2026-08-26,WCIL,87.25,88.8,85.5,86.21,74559.0,
2026-08-27,WCIL,86.65,87.84,86.29,87.12,71591.0,
2026-08-28,WCIL,87.3,87.49,84.92,85.74,73305.0,
2026-08-31,WCIL,85.98,86.19,83.75,84.01,59890.0,
2026-09-01,WCIL,84.89,85.96,83.55,84.9,55877.0,
2026-09-02,WCIL,85.79,85.79,84.03,84.28,57609.0,
2026-09-03,WCIL,84.15,85.36,83.05,83.96,56194.0,
2026-09-04,WCIL,84.4,84.76,83.06,83.38,25920.0,
2026-09-07,WCIL,84.0,84.45,82.5,82.78,55033.0,
2026-09-08,WCIL,82.88,83.39,81.76,82.48,95413.0,
2026-09-09,WCIL,84.0,85.99,82.1,84.14,121217.0,
2026-09-10,WCIL,85.49,86.99,83.91,84.42,102129.0,
2026-09-11,WCIL,84.95,89.4,84.63,87.51,446170.0,
2026-09-15,WCIL,87.95,93.39,87.44,91.45,455441.0,
2026-09-16,WCIL,92.98,93.0,87.92,90.24,283914.0,
2026-09-17,WCIL,90.24,95.89,90.24,95.21,455551.0,
2026-09-18,WCIL,95.8,99.99,93.95,96.86,535857.0,
2026-09-21,WCIL,95.86,97.71,94.75,95.59,244766.0,
2026-09-22,WCIL,96.5,96.5,94.01,95.14,164399.0,
2026-09-23,WCIL,95.98,98.18,94.54,97.33,183868.0,
2026-09-24,WCIL,99.99,99.99,95.1,95.78,165817.0,
