Date,Symbol,PromoterWeightedAvgBuyPrice
2025-09-10,AFFORDABLE,
2025-09-11,AFFORDABLE,
2025-09-12,AFFORDABLE,
2025-09-15,AFFORDABLE,
2025-09-16,AFFORDABLE,
2025-09-17,AFFORDABLE,
2025-09-18,AFFORDABLE,
2025-09-19,AFFORDABLE,
2025-09-22,AFFORDABLE,
2025-09-23,AFFORDABLE,
2025-09-24,AFFORDABLE,
2025-09-25,AFFORDABLE,
2025-09-26,AFFORDABLE,
2025-09-29,AFFORDABLE,
2025-09-30,AFFORDABLE,
2025-10-01,AFFORDABLE,
2025-10-03,AFFORDABLE,
2025-10-06,AFFORDABLE,
2025-10-07,AFFORDABLE,
2025-10-08,AFFORDABLE,
2025-10-09,AFFORDABLE,
2025-10-10,AFFORDABLE,
2025-10-13,AFFORDABLE,
2025-10-14,AFFORDABLE,
2025-10-15,AFFORDABLE,
2025-10-16,AFFORDABLE,
2025-10-17,AFFORDABLE,
2025-10-20,AFFORDABLE,
2025-10-21,AFFORDABLE,
2025-10-23,AFFORDABLE,
2025-10-24,AFFORDABLE,
2025-10-27,AFFORDABLE,
2025-10-28,AFFORDABLE,
2025-10-29,AFFORDABLE,
2025-10-30,AFFORDABLE,
2025-10-31,AFFORDABLE,
2025-11-03,AFFORDABLE,
2025-11-04,AFFORDABLE,
2025-11-06,AFFORDABLE,
2025-11-07,AFFORDABLE,
2025-11-10,AFFORDABLE,
2025-11-11,AFFORDABLE,
2025-11-12,AFFORDABLE,
2025-11-13,AFFORDABLE,
2025-11-14,AFFORDABLE,
2025-11-17,AFFORDABLE,
2025-11-18,AFFORDABLE,
2025-11-19,AFFORDABLE,
2025-11-20,AFFORDABLE,
2025-11-21,AFFORDABLE,
2025-11-24,AFFORDABLE,
2025-11-25,AFFORDABLE,
2025-11-26,AFFORDABLE,
2025-11-27,AFFORDABLE,
2025-11-28,AFFORDABLE,
2025-12-01,AFFORDABLE,
2025-12-02,AFFORDABLE,
2025-12-03,AFFORDABLE,
2025-12-04,AFFORDABLE,
2025-12-05,AFFORDABLE,
2025-12-08,AFFORDABLE,
2025-12-09,AFFORDABLE,
2025-12-10,AFFORDABLE,
2025-12-11,AFFORDABLE,
2025-12-12,AFFORDABLE,
2025-12-15,AFFORDABLE,
2025-12-16,AFFORDABLE,
2025-12-17,AFFORDABLE,
2025-12-18,AFFORDABLE,
2025-12-19,AFFORDABLE,
2025-12-22,AFFORDABLE,
2025-12-23,AFFORDABLE,
2025-12-24,AFFORDABLE,
2025-12-26,AFFORDABLE,
2025-12-29,AFFORDABLE,
2025-12-30,AFFORDABLE,
2025-12-31,AFFORDABLE,
2026-01-01,AFFORDABLE,
2026-01-02,AFFORDABLE,
2026-01-05,AFFORDABLE,
2026-01-06,AFFORDABLE,
2026-01-07,AFFORDABLE,
2026-01-08,AFFORDABLE,
2026-01-09,AFFORDABLE,
2026-01-12,AFFORDABLE,
2026-01-13,AFFORDABLE,
2026-01-14,AFFORDABLE,
2026-01-16,AFFORDABLE,
2026-01-19,AFFORDABLE,
2026-01-20,AFFORDABLE,
2026-01-21,AFFORDABLE,
2026-01-22,AFFORDABLE,
2026-01-23,AFFORDABLE,
2026-01-27,AFFORDABLE,
2026-01-28,AFFORDABLE,
2026-01-29,AFFORDABLE,
2026-01-30,AFFORDABLE,
2026-02-02,AFFORDABLE,
2026-02-03,AFFORDABLE,
2026-02-04,AFFORDABLE,
2026-02-05,AFFORDABLE,
2026-02-06,AFFORDABLE,
2026-02-09,AFFORDABLE,
2026-02-10,AFFORDABLE,
2026-02-11,AFFORDABLE,
2026-02-12,AFFORDABLE,
2026-02-13,AFFORDABLE,
2026-02-16,AFFORDABLE,
2026-02-17,AFFORDABLE,
2026-02-18,AFFORDABLE,
2026-02-19,AFFORDABLE,
2026-02-20,AFFORDABLE,
2026-02-23,AFFORDABLE,
2026-02-24,AFFORDABLE,
2026-02-25,AFFORDABLE,
2026-02-26,AFFORDABLE,
2026-02-27,AFFORDABLE,
2026-03-02,AFFORDABLE,
2026-03-04,AFFORDABLE,
2026-03-05,AFFORDABLE,
2026-03-06,AFFORDABLE,
2026-03-09,AFFORDABLE,
2026-03-10,AFFORDABLE,
2026-03-11,AFFORDABLE,
2026-03-12,AFFORDABLE,
2026-03-13,AFFORDABLE,
2026-03-16,AFFORDABLE,
2026-03-17,AFFORDABLE,
2026-03-18,AFFORDABLE,
2026-03-19,AFFORDABLE,
2026-03-20,AFFORDABLE,
2026-03-23,AFFORDABLE,
2026-03-24,AFFORDABLE,
2026-03-25,AFFORDABLE,
2026-03-27,AFFORDABLE,
2026-03-30,AFFORDABLE,
2026-04-01,AFFORDABLE,
2026-04-02,AFFORDABLE,
2026-04-06,AFFORDABLE,
2026-04-07,AFFORDABLE,
2026-04-08,AFFORDABLE,
2026-04-09,AFFORDABLE,
2026-04-10,AFFORDABLE,
2026-04-13,AFFORDABLE,
2026-04-15,AFFORDABLE,
2026-04-16,AFFORDABLE,
2026-04-17,AFFORDABLE,
2026-04-20,AFFORDABLE,
2026-04-21,AFFORDABLE,
2026-04-22,AFFORDABLE,
2026-04-23,AFFORDABLE,
2026-04-24,AFFORDABLE,
2026-04-27,AFFORDABLE,
2026-04-28,AFFORDABLE,
2026-04-29,AFFORDABLE,
2026-04-30,AFFORDABLE,
2026-05-04,AFFORDABLE,
2026-05-05,AFFORDABLE,
2026-05-06,AFFORDABLE,
2026-05-07,AFFORDABLE,
2026-05-08,AFFORDABLE,
2026-05-11,AFFORDABLE,
2026-05-12,AFFORDABLE,
2026-05-13,AFFORDABLE,
2026-05-14,AFFORDABLE,
2026-05-15,AFFORDABLE,
2026-05-18,AFFORDABLE,
2026-05-19,AFFORDABLE,
2026-05-20,AFFORDABLE,
2026-05-21,AFFORDABLE,
2026-05-22,AFFORDABLE,
2026-05-25,AFFORDABLE,
2026-05-26,AFFORDABLE,
2026-05-27,AFFORDABLE,
2026-05-29,AFFORDABLE,
2026-06-01,AFFORDABLE,
2026-06-02,AFFORDABLE,
2026-06-03,AFFORDABLE,
2026-06-04,AFFORDABLE,
2026-06-05,AFFORDABLE,
2026-06-08,AFFORDABLE,
2026-06-09,AFFORDABLE,
2026-06-10,AFFORDABLE,
2026-06-11,AFFORDABLE,
2026-06-12,AFFORDABLE,
2026-06-15,AFFORDABLE,
2026-06-16,AFFORDABLE,
2026-06-17,AFFORDABLE,
2026-06-18,AFFORDABLE,
2026-06-19,AFFORDABLE,
2026-06-22,AFFORDABLE,
2026-06-23,AFFORDABLE,
2026-06-24,AFFORDABLE,
2026-06-25,AFFORDABLE,
2026-06-29,AFFORDABLE,
2026-06-30,AFFORDABLE,
2026-07-01,AFFORDABLE,
2026-07-02,AFFORDABLE,
2026-07-03,AFFORDABLE,
2026-07-06,AFFORDABLE,
2026-07-07,AFFORDABLE,
2026-07-08,AFFORDABLE,
2026-07-09,AFFORDABLE,
2026-07-10,AFFORDABLE,
2026-07-13,AFFORDABLE,
2026-07-14,AFFORDABLE,
2026-07-15,AFFORDABLE,
2026-07-16,AFFORDABLE,
2026-07-17,AFFORDABLE,
2026-07-20,AFFORDABLE,
2026-07-21,AFFORDABLE,
2026-07-22,AFFORDABLE,
2026-07-23,AFFORDABLE,
2026-07-24,AFFORDABLE,
2026-07-27,AFFORDABLE,
2026-07-28,AFFORDABLE,
2026-07-29,AFFORDABLE,
2026-07-30,AFFORDABLE,
2026-07-31,AFFORDABLE,
2026-08-03,AFFORDABLE,
2026-08-04,AFFORDABLE,
2026-08-05,AFFORDABLE,
2026-08-06,AFFORDABLE,
2026-08-07,AFFORDABLE,
2026-08-10,AFFORDABLE,
2026-08-11,AFFORDABLE,
2026-08-12,AFFORDABLE,
2026-08-13,AFFORDABLE,
2026-08-14,AFFORDABLE,
2026-08-17,AFFORDABLE,
2026-08-18,AFFORDABLE,
2026-08-19,AFFORDABLE,
2026-08-20,AFFORDABLE,
2026-08-21,AFFORDABLE,
2026-08-24,AFFORDABLE,
2026-08-25,AFFORDABLE,
2026-08-26,AFFORDABLE,
2026-08-27,AFFORDABLE,
2026-08-28,AFFORDABLE,
2026-08-31,AFFORDABLE,
2026-09-01,AFFORDABLE,
2026-09-02,AFFORDABLE,
2026-09-03,AFFORDABLE,
2026-09-04,AFFORDABLE,
2026-09-07,AFFORDABLE,
2026-09-08,AFFORDABLE,
2026-09-09,AFFORDABLE,
2026-09-10,AFFORDABLE,
2026-09-11,AFFORDABLE,
2026-09-15,AFFORDABLE,
2026-09-16,AFFORDABLE,160.6261
2026-09-17,AFFORDABLE,160.679
2026-09-18,AFFORDABLE,166.7666
2026-09-21,AFFORDABLE,166.7666
2026-09-22,AFFORDABLE,166.7666
2026-09-23,AFFORDABLE,169.8778
2026-09-24,AFFORDABLE,169.8778
2025-09-10,ALEMBICLTD,
2025-09-11,ALEMBICLTD,
2025-09-12,ALEMBICLTD,
2025-09-15,ALEMBICLTD,
2025-09-16,ALEMBICLTD,
2025-09-17,ALEMBICLTD,
2025-09-18,ALEMBICLTD,
2025-09-19,ALEMBICLTD,
2025-09-22,ALEMBICLTD,
2025-09-23,ALEMBICLTD,
2025-09-24,ALEMBICLTD,
2025-09-25,ALEMBICLTD,
2025-09-26,ALEMBICLTD,
2025-09-29,ALEMBICLTD,
2025-09-30,ALEMBICLTD,
2025-10-01,ALEMBICLTD,
2025-10-03,ALEMBICLTD,
2025-10-06,ALEMBICLTD,
2025-10-07,ALEMBICLTD,
2025-10-08,ALEMBICLTD,
2025-10-09,ALEMBICLTD,
2025-10-10,ALEMBICLTD,
2025-10-13,ALEMBICLTD,
2025-10-14,ALEMBICLTD,
2025-10-15,ALEMBICLTD,
2025-10-16,ALEMBICLTD,
2025-10-17,ALEMBICLTD,
2025-10-20,ALEMBICLTD,
2025-10-21,ALEMBICLTD,
2025-10-23,ALEMBICLTD,
2025-10-24,ALEMBICLTD,
2025-10-27,ALEMBICLTD,
2025-10-28,ALEMBICLTD,
2025-10-29,ALEMBICLTD,
2025-10-30,ALEMBICLTD,
2025-10-31,ALEMBICLTD,
2025-11-03,ALEMBICLTD,
2025-11-04,ALEMBICLTD,
2025-11-06,ALEMBICLTD,
2025-11-07,ALEMBICLTD,
2025-11-10,ALEMBICLTD,
2025-11-11,ALEMBICLTD,
2025-11-12,ALEMBICLTD,
2025-11-13,ALEMBICLTD,
2025-11-14,ALEMBICLTD,
2025-11-17,ALEMBICLTD,
2025-11-18,ALEMBICLTD,
2025-11-19,ALEMBICLTD,
2025-11-20,ALEMBICLTD,
2025-11-21,ALEMBICLTD,
2025-11-24,ALEMBICLTD,
2025-11-25,ALEMBICLTD,
2025-11-26,ALEMBICLTD,
2025-11-27,ALEMBICLTD,
2025-11-28,ALEMBICLTD,
2025-12-01,ALEMBICLTD,
2025-12-02,ALEMBICLTD,
2025-12-03,ALEMBICLTD,
2025-12-04,ALEMBICLTD,
2025-12-05,ALEMBICLTD,
2025-12-08,ALEMBICLTD,
2025-12-09,ALEMBICLTD,
2025-12-10,ALEMBICLTD,
2025-12-11,ALEMBICLTD,
2025-12-12,ALEMBICLTD,
2025-12-15,ALEMBICLTD,
2025-12-16,ALEMBICLTD,
2025-12-17,ALEMBICLTD,
2025-12-18,ALEMBICLTD,
2025-12-19,ALEMBICLTD,
2025-12-22,ALEMBICLTD,
2025-12-23,ALEMBICLTD,
2025-12-24,ALEMBICLTD,
2025-12-26,ALEMBICLTD,
2025-12-29,ALEMBICLTD,
2025-12-30,ALEMBICLTD,
2025-12-31,ALEMBICLTD,
2026-01-01,ALEMBICLTD,
2026-01-02,ALEMBICLTD,
2026-01-05,ALEMBICLTD,
2026-01-06,ALEMBICLTD,
2026-01-07,ALEMBICLTD,
2026-01-08,ALEMBICLTD,
2026-01-09,ALEMBICLTD,
2026-01-12,ALEMBICLTD,
2026-01-13,ALEMBICLTD,
2026-01-14,ALEMBICLTD,
2026-01-16,ALEMBICLTD,
2026-01-19,ALEMBICLTD,
2026-01-20,ALEMBICLTD,
2026-01-21,ALEMBICLTD,
2026-01-22,ALEMBICLTD,
2026-01-23,ALEMBICLTD,
2026-01-27,ALEMBICLTD,
2026-01-28,ALEMBICLTD,
2026-01-29,ALEMBICLTD,
2026-01-30,ALEMBICLTD,
2026-02-02,ALEMBICLTD,
2026-02-03,ALEMBICLTD,
2026-02-04,ALEMBICLTD,
2026-02-05,ALEMBICLTD,
2026-02-06,ALEMBICLTD,
2026-02-09,ALEMBICLTD,
2026-02-10,ALEMBICLTD,
2026-02-11,ALEMBICLTD,
2026-02-12,ALEMBICLTD,
2026-02-13,ALEMBICLTD,
2026-02-16,ALEMBICLTD,
2026-02-17,ALEMBICLTD,
2026-02-18,ALEMBICLTD,
2026-02-19,ALEMBICLTD,
2026-02-20,ALEMBICLTD,
2026-02-23,ALEMBICLTD,
2026-02-24,ALEMBICLTD,
2026-02-25,ALEMBICLTD,
2026-02-26,ALEMBICLTD,
2026-02-27,ALEMBICLTD,
2026-03-02,ALEMBICLTD,
2026-03-04,ALEMBICLTD,
2026-03-05,ALEMBICLTD,
2026-03-06,ALEMBICLTD,
2026-03-09,ALEMBICLTD,
2026-03-10,ALEMBICLTD,
2026-03-11,ALEMBICLTD,
2026-03-12,ALEMBICLTD,
2026-03-13,ALEMBICLTD,
2026-03-16,ALEMBICLTD,
2026-03-17,ALEMBICLTD,
2026-03-18,ALEMBICLTD,
2026-03-19,ALEMBICLTD,
2026-03-20,ALEMBICLTD,
2026-03-23,ALEMBICLTD,
2026-03-24,ALEMBICLTD,
2026-03-25,ALEMBICLTD,
2026-03-27,ALEMBICLTD,
2026-03-30,ALEMBICLTD,
2026-04-01,ALEMBICLTD,
2026-04-02,ALEMBICLTD,
2026-04-06,ALEMBICLTD,
2026-04-07,ALEMBICLTD,
2026-04-08,ALEMBICLTD,
2026-04-09,ALEMBICLTD,
2026-04-10,ALEMBICLTD,
2026-04-13,ALEMBICLTD,
2026-04-15,ALEMBICLTD,
2026-04-16,ALEMBICLTD,
2026-04-17,ALEMBICLTD,
2026-04-20,ALEMBICLTD,
2026-04-21,ALEMBICLTD,
2026-04-22,ALEMBICLTD,
2026-04-23,ALEMBICLTD,
2026-04-24,ALEMBICLTD,
2026-04-27,ALEMBICLTD,
2026-04-28,ALEMBICLTD,
2026-04-29,ALEMBICLTD,
2026-04-30,ALEMBICLTD,
2026-05-04,ALEMBICLTD,
2026-05-05,ALEMBICLTD,
2026-05-06,ALEMBICLTD,
2026-05-07,ALEMBICLTD,
2026-05-08,ALEMBICLTD,
2026-05-11,ALEMBICLTD,
2026-05-12,ALEMBICLTD,
2026-05-13,ALEMBICLTD,
2026-05-14,ALEMBICLTD,
2026-05-15,ALEMBICLTD,
2026-05-18,ALEMBICLTD,
2026-05-19,ALEMBICLTD,
2026-05-20,ALEMBICLTD,
2026-05-21,ALEMBICLTD,
2026-05-22,ALEMBICLTD,
2026-05-25,ALEMBICLTD,
2026-05-26,ALEMBICLTD,
2026-05-27,ALEMBICLTD,
2026-05-29,ALEMBICLTD,
2026-06-01,ALEMBICLTD,
2026-06-02,ALEMBICLTD,
2026-06-03,ALEMBICLTD,
2026-06-04,ALEMBICLTD,
2026-06-05,ALEMBICLTD,
2026-06-08,ALEMBICLTD,
2026-06-09,ALEMBICLTD,
2026-06-10,ALEMBICLTD,
2026-06-11,ALEMBICLTD,
2026-06-12,ALEMBICLTD,
2026-06-15,ALEMBICLTD,
2026-06-16,ALEMBICLTD,
2026-06-17,ALEMBICLTD,
2026-06-18,ALEMBICLTD,
2026-06-19,ALEMBICLTD,
2026-06-22,ALEMBICLTD,
2026-06-23,ALEMBICLTD,
2026-06-24,ALEMBICLTD,
2026-06-25,ALEMBICLTD,
2026-06-29,ALEMBICLTD,
2026-06-30,ALEMBICLTD,
2026-07-01,ALEMBICLTD,
2026-07-02,ALEMBICLTD,
2026-07-03,ALEMBICLTD,
2026-07-06,ALEMBICLTD,
2026-07-07,ALEMBICLTD,
2026-07-08,ALEMBICLTD,
2026-07-09,ALEMBICLTD,
2026-07-10,ALEMBICLTD,
2026-07-13,ALEMBICLTD,
2026-07-14,ALEMBICLTD,
2026-07-15,ALEMBICLTD,
2026-07-16,ALEMBICLTD,
2026-07-17,ALEMBICLTD,
2026-07-20,ALEMBICLTD,
2026-07-21,ALEMBICLTD,
2026-07-22,ALEMBICLTD,
2026-07-23,ALEMBICLTD,
2026-07-24,ALEMBICLTD,
2026-07-27,ALEMBICLTD,
2026-07-28,ALEMBICLTD,
2026-07-29,ALEMBICLTD,
2026-07-30,ALEMBICLTD,
2026-07-31,ALEMBICLTD,
2026-08-03,ALEMBICLTD,
2026-08-04,ALEMBICLTD,
2026-08-05,ALEMBICLTD,
2026-08-06,ALEMBICLTD,
2026-08-07,ALEMBICLTD,
2026-08-10,ALEMBICLTD,
2026-08-11,ALEMBICLTD,
2026-08-12,ALEMBICLTD,
2026-08-13,ALEMBICLTD,
2026-08-14,ALEMBICLTD,
2026-08-17,ALEMBICLTD,87.7467
2026-08-18,ALEMBICLTD,87.7467
2026-08-19,ALEMBICLTD,88.068
2026-08-20,ALEMBICLTD,88.068
2026-08-21,ALEMBICLTD,88.068
2026-08-24,ALEMBICLTD,88.068
2026-08-25,ALEMBICLTD,89.3396
2026-08-26,ALEMBICLTD,89.3396
2026-08-27,ALEMBICLTD,89.3396
2026-08-28,ALEMBICLTD,89.3396
2026-08-31,ALEMBICLTD,89.3396
2026-09-01,ALEMBICLTD,91.6224
2026-09-02,ALEMBICLTD,91.774
2026-09-03,ALEMBICLTD,91.774
2026-09-04,ALEMBICLTD,91.774
2026-09-07,ALEMBICLTD,91.774
2026-09-08,ALEMBICLTD,91.774
2026-09-09,ALEMBICLTD,91.774
2026-09-10,ALEMBICLTD,91.774
2026-09-11,ALEMBICLTD,91.774
2026-09-15,ALEMBICLTD,91.774
2026-09-16,ALEMBICLTD,92.8259
2026-09-17,ALEMBICLTD,92.8259
2026-09-18,ALEMBICLTD,92.8259
2026-09-21,ALEMBICLTD,92.8259
2026-09-22,ALEMBICLTD,92.8259
2026-09-23,ALEMBICLTD,93.5761
2026-09-24,ALEMBICLTD,93.5761
2025-09-10,ASAHISONG,
2025-09-11,ASAHISONG,
2025-09-12,ASAHISONG,
2025-09-15,ASAHISONG,
2025-09-16,ASAHISONG,
2025-09-17,ASAHISONG,
2025-09-18,ASAHISONG,
2025-09-19,ASAHISONG,
2025-09-22,ASAHISONG,
2025-09-23,ASAHISONG,
2025-09-24,ASAHISONG,
2025-09-25,ASAHISONG,
2025-09-26,ASAHISONG,
2025-09-29,ASAHISONG,
2025-09-30,ASAHISONG,
2025-10-01,ASAHISONG,
2025-10-03,ASAHISONG,
2025-10-06,ASAHISONG,
2025-10-07,ASAHISONG,
2025-10-08,ASAHISONG,
2025-10-09,ASAHISONG,
2025-10-10,ASAHISONG,
2025-10-13,ASAHISONG,
2025-10-14,ASAHISONG,
2025-10-15,ASAHISONG,
2025-10-16,ASAHISONG,
2025-10-17,ASAHISONG,
2025-10-20,ASAHISONG,
2025-10-21,ASAHISONG,
2025-10-23,ASAHISONG,
2025-10-24,ASAHISONG,
2025-10-27,ASAHISONG,
2025-10-28,ASAHISONG,
2025-10-29,ASAHISONG,
2025-10-30,ASAHISONG,
2025-10-31,ASAHISONG,
2025-11-03,ASAHISONG,
2025-11-04,ASAHISONG,
2025-11-06,ASAHISONG,
2025-11-07,ASAHISONG,
2025-11-10,ASAHISONG,
2025-11-11,ASAHISONG,
2025-11-12,ASAHISONG,
2025-11-13,ASAHISONG,
2025-11-14,ASAHISONG,
2025-11-17,ASAHISONG,
2025-11-18,ASAHISONG,
2025-11-19,ASAHISONG,
2025-11-20,ASAHISONG,
2025-11-21,ASAHISONG,
2025-11-24,ASAHISONG,
2025-11-25,ASAHISONG,
2025-11-26,ASAHISONG,
2025-11-27,ASAHISONG,
2025-11-28,ASAHISONG,
2025-12-01,ASAHISONG,
2025-12-02,ASAHISONG,
2025-12-03,ASAHISONG,
2025-12-04,ASAHISONG,
2025-12-05,ASAHISONG,
2025-12-08,ASAHISONG,
2025-12-09,ASAHISONG,
2025-12-10,ASAHISONG,
2025-12-11,ASAHISONG,
2025-12-12,ASAHISONG,
2025-12-15,ASAHISONG,
2025-12-16,ASAHISONG,
2025-12-17,ASAHISONG,
2025-12-18,ASAHISONG,
2025-12-19,ASAHISONG,
2025-12-22,ASAHISONG,
2025-12-23,ASAHISONG,
2025-12-24,ASAHISONG,
2025-12-26,ASAHISONG,
2025-12-29,ASAHISONG,
2025-12-30,ASAHISONG,
2025-12-31,ASAHISONG,
2026-01-01,ASAHISONG,
2026-01-02,ASAHISONG,
2026-01-05,ASAHISONG,
2026-01-06,ASAHISONG,
2026-01-07,ASAHISONG,
2026-01-08,ASAHISONG,
2026-01-09,ASAHISONG,
2026-01-12,ASAHISONG,
2026-01-13,ASAHISONG,
2026-01-14,ASAHISONG,
2026-01-16,ASAHISONG,
2026-01-19,ASAHISONG,
2026-01-20,ASAHISONG,
2026-01-21,ASAHISONG,
2026-01-22,ASAHISONG,
2026-01-23,ASAHISONG,
2026-01-27,ASAHISONG,
2026-01-28,ASAHISONG,
2026-01-29,ASAHISONG,
2026-01-30,ASAHISONG,
2026-02-02,ASAHISONG,
2026-02-03,ASAHISONG,
2026-02-04,ASAHISONG,
2026-02-05,ASAHISONG,
2026-02-06,ASAHISONG,
2026-02-09,ASAHISONG,
2026-02-10,ASAHISONG,
2026-02-11,ASAHISONG,
2026-02-12,ASAHISONG,
2026-02-13,ASAHISONG,
2026-02-16,ASAHISONG,
2026-02-17,ASAHISONG,
2026-02-18,ASAHISONG,
2026-02-19,ASAHISONG,
2026-02-20,ASAHISONG,
2026-02-23,ASAHISONG,
2026-02-24,ASAHISONG,
2026-02-25,ASAHISONG,
2026-02-26,ASAHISONG,
2026-02-27,ASAHISONG,
2026-03-02,ASAHISONG,
2026-03-04,ASAHISONG,
2026-03-05,ASAHISONG,
2026-03-06,ASAHISONG,
2026-03-09,ASAHISONG,
2026-03-10,ASAHISONG,
2026-03-11,ASAHISONG,
2026-03-12,ASAHISONG,
2026-03-13,ASAHISONG,
2026-03-16,ASAHISONG,
2026-03-17,ASAHISONG,
2026-03-18,ASAHISONG,
2026-03-19,ASAHISONG,
2026-03-20,ASAHISONG,
2026-03-23,ASAHISONG,
2026-03-24,ASAHISONG,
2026-03-25,ASAHISONG,
2026-03-27,ASAHISONG,
2026-03-30,ASAHISONG,
2026-04-01,ASAHISONG,
2026-04-02,ASAHISONG,
2026-04-06,ASAHISONG,
2026-04-07,ASAHISONG,
2026-04-08,ASAHISONG,
2026-04-09,ASAHISONG,
2026-04-10,ASAHISONG,
2026-04-13,ASAHISONG,
2026-04-15,ASAHISONG,
2026-04-16,ASAHISONG,
2026-04-17,ASAHISONG,
2026-04-20,ASAHISONG,
2026-04-21,ASAHISONG,
2026-04-22,ASAHISONG,
2026-04-23,ASAHISONG,
2026-04-24,ASAHISONG,
2026-04-27,ASAHISONG,
2026-04-28,ASAHISONG,
2026-04-29,ASAHISONG,
2026-04-30,ASAHISONG,
2026-05-04,ASAHISONG,
2026-05-05,ASAHISONG,
2026-05-06,ASAHISONG,
2026-05-07,ASAHISONG,
2026-05-08,ASAHISONG,
2026-05-11,ASAHISONG,
2026-05-12,ASAHISONG,
2026-05-13,ASAHISONG,
2026-05-14,ASAHISONG,
2026-05-15,ASAHISONG,
2026-05-18,ASAHISONG,
2026-05-19,ASAHISONG,
2026-05-20,ASAHISONG,
2026-05-21,ASAHISONG,
2026-05-22,ASAHISONG,
2026-05-25,ASAHISONG,
2026-05-26,ASAHISONG,
2026-05-27,ASAHISONG,
2026-05-29,ASAHISONG,
2026-06-01,ASAHISONG,
2026-06-02,ASAHISONG,
2026-06-03,ASAHISONG,
2026-06-04,ASAHISONG,
2026-06-05,ASAHISONG,
2026-06-08,ASAHISONG,
2026-06-09,ASAHISONG,
2026-06-10,ASAHISONG,
2026-06-11,ASAHISONG,
2026-06-12,ASAHISONG,
2026-06-15,ASAHISONG,
2026-06-16,ASAHISONG,
2026-06-17,ASAHISONG,
2026-06-18,ASAHISONG,
2026-06-19,ASAHISONG,
2026-06-22,ASAHISONG,
2026-06-23,ASAHISONG,
2026-06-24,ASAHISONG,
2026-06-25,ASAHISONG,
2026-06-29,ASAHISONG,
2026-06-30,ASAHISONG,
2026-07-01,ASAHISONG,
2026-07-02,ASAHISONG,
2026-07-03,ASAHISONG,
2026-07-06,ASAHISONG,
2026-07-07,ASAHISONG,
2026-07-08,ASAHISONG,
2026-07-09,ASAHISONG,
2026-07-10,ASAHISONG,
2026-07-13,ASAHISONG,
2026-07-14,ASAHISONG,
2026-07-15,ASAHISONG,
2026-07-16,ASAHISONG,
2026-07-17,ASAHISONG,
2026-07-20,ASAHISONG,
2026-07-21,ASAHISONG,
2026-07-22,ASAHISONG,
2026-07-23,ASAHISONG,
2026-07-24,ASAHISONG,
2026-07-27,ASAHISONG,
2026-07-28,ASAHISONG,
2026-07-29,ASAHISONG,
2026-07-30,ASAHISONG,
2026-07-31,ASAHISONG,
2026-08-03,ASAHISONG,
2026-08-04,ASAHISONG,
2026-08-05,ASAHISONG,
2026-08-06,ASAHISONG,
2026-08-07,ASAHISONG,
2026-08-10,ASAHISONG,
2026-08-11,ASAHISONG,338.1
2026-08-12,ASAHISONG,338.1
2026-08-13,ASAHISONG,338.1
2026-08-14,ASAHISONG,338.1
2026-08-17,ASAHISONG,338.1
2026-08-18,ASAHISONG,338.1
2026-08-19,ASAHISONG,338.1
2026-08-20,ASAHISONG,338.1
2026-08-21,ASAHISONG,338.1
2026-08-24,ASAHISONG,338.1
2026-08-25,ASAHISONG,338.1
2026-08-26,ASAHISONG,338.1
2026-08-27,ASAHISONG,338.1
2026-08-28,ASAHISONG,338.1
2026-08-31,ASAHISONG,338.1
2026-09-01,ASAHISONG,338.1
2026-09-02,ASAHISONG,338.1
2026-09-03,ASAHISONG,338.1
2026-09-04,ASAHISONG,338.1
2026-09-07,ASAHISONG,338.1
2026-09-08,ASAHISONG,338.1
2026-09-09,ASAHISONG,338.1
2026-09-10,ASAHISONG,338.1
2026-09-11,ASAHISONG,338.1
2026-09-15,ASAHISONG,338.1
2026-09-16,ASAHISONG,338.1
2026-09-17,ASAHISONG,338.1
2026-09-18,ASAHISONG,338.1
2026-09-21,ASAHISONG,338.1
2026-09-22,ASAHISONG,338.1
2026-09-23,ASAHISONG,338.1
2026-09-24,ASAHISONG,338.1
2025-09-10,AVONMORE,
2025-09-11,AVONMORE,
2025-09-12,AVONMORE,
2025-09-15,AVONMORE,
2025-09-16,AVONMORE,
2025-09-17,AVONMORE,
2025-09-18,AVONMORE,
2025-09-19,AVONMORE,
2025-09-22,AVONMORE,
2025-09-23,AVONMORE,
2025-09-24,AVONMORE,
2025-09-25,AVONMORE,
2025-09-26,AVONMORE,
2025-09-29,AVONMORE,
2025-09-30,AVONMORE,
2025-10-01,AVONMORE,
2025-10-03,AVONMORE,
2025-10-06,AVONMORE,
2025-10-07,AVONMORE,
2025-10-08,AVONMORE,
2025-10-09,AVONMORE,
2025-10-10,AVONMORE,
2025-10-13,AVONMORE,
2025-10-14,AVONMORE,
2025-10-15,AVONMORE,
2025-10-16,AVONMORE,
2025-10-17,AVONMORE,
2025-10-20,AVONMORE,
2025-10-21,AVONMORE,
2025-10-23,AVONMORE,
2025-10-24,AVONMORE,
2025-10-27,AVONMORE,
2025-10-28,AVONMORE,
2025-10-29,AVONMORE,
2025-10-30,AVONMORE,
2025-10-31,AVONMORE,
2025-11-03,AVONMORE,
2025-11-04,AVONMORE,
2025-11-06,AVONMORE,
2025-11-07,AVONMORE,
2025-11-10,AVONMORE,
2025-11-11,AVONMORE,
2025-11-12,AVONMORE,
2025-11-13,AVONMORE,
2025-11-14,AVONMORE,
2025-11-17,AVONMORE,
2025-11-18,AVONMORE,
2025-11-19,AVONMORE,
2025-11-20,AVONMORE,
2025-11-21,AVONMORE,
2025-11-24,AVONMORE,
2025-11-25,AVONMORE,
2025-11-26,AVONMORE,
2025-11-27,AVONMORE,
2025-11-28,AVONMORE,
2025-12-01,AVONMORE,
2025-12-02,AVONMORE,
2025-12-03,AVONMORE,
2025-12-04,AVONMORE,
2025-12-05,AVONMORE,
2025-12-08,AVONMORE,
2025-12-09,AVONMORE,
2025-12-10,AVONMORE,
2025-12-11,AVONMORE,
2025-12-12,AVONMORE,
2025-12-15,AVONMORE,
2025-12-16,AVONMORE,
2025-12-17,AVONMORE,
2025-12-18,AVONMORE,
2025-12-19,AVONMORE,
2025-12-22,AVONMORE,
2025-12-23,AVONMORE,
2025-12-24,AVONMORE,
2025-12-26,AVONMORE,
2025-12-29,AVONMORE,
2025-12-30,AVONMORE,
2025-12-31,AVONMORE,
2026-01-01,AVONMORE,
2026-01-02,AVONMORE,
2026-01-05,AVONMORE,
2026-01-06,AVONMORE,
2026-01-07,AVONMORE,
2026-01-08,AVONMORE,
2026-01-09,AVONMORE,
2026-01-12,AVONMORE,
2026-01-13,AVONMORE,
2026-01-14,AVONMORE,
2026-01-16,AVONMORE,
2026-01-19,AVONMORE,
2026-01-20,AVONMORE,
2026-01-21,AVONMORE,
2026-01-22,AVONMORE,
2026-01-23,AVONMORE,
2026-01-27,AVONMORE,
2026-01-28,AVONMORE,
2026-01-29,AVONMORE,
2026-01-30,AVONMORE,
2026-02-02,AVONMORE,
2026-02-03,AVONMORE,
2026-02-04,AVONMORE,
2026-02-05,AVONMORE,
2026-02-06,AVONMORE,
2026-02-09,AVONMORE,
2026-02-10,AVONMORE,
2026-02-11,AVONMORE,
2026-02-12,AVONMORE,
2026-02-13,AVONMORE,
2026-02-16,AVONMORE,
2026-02-17,AVONMORE,
2026-02-18,AVONMORE,
2026-02-19,AVONMORE,
2026-02-20,AVONMORE,
2026-02-23,AVONMORE,
2026-02-24,AVONMORE,
2026-02-25,AVONMORE,
2026-02-26,AVONMORE,
2026-02-27,AVONMORE,
2026-03-02,AVONMORE,
2026-03-04,AVONMORE,
2026-03-05,AVONMORE,
2026-03-06,AVONMORE,
2026-03-09,AVONMORE,
2026-03-10,AVONMORE,
2026-03-11,AVONMORE,
2026-03-12,AVONMORE,
2026-03-13,AVONMORE,
2026-03-16,AVONMORE,
2026-03-17,AVONMORE,
2026-03-18,AVONMORE,
2026-03-19,AVONMORE,
2026-03-20,AVONMORE,
2026-03-23,AVONMORE,
2026-03-24,AVONMORE,
2026-03-25,AVONMORE,
2026-03-27,AVONMORE,
2026-03-30,AVONMORE,
2026-04-01,AVONMORE,
2026-04-02,AVONMORE,
2026-04-06,AVONMORE,
2026-04-07,AVONMORE,
2026-04-08,AVONMORE,
2026-04-09,AVONMORE,
2026-04-10,AVONMORE,
2026-04-13,AVONMORE,
2026-04-15,AVONMORE,
2026-04-16,AVONMORE,
2026-04-17,AVONMORE,
2026-04-20,AVONMORE,
2026-04-21,AVONMORE,
2026-04-22,AVONMORE,
2026-04-23,AVONMORE,
2026-04-24,AVONMORE,
2026-04-27,AVONMORE,
2026-04-28,AVONMORE,
2026-04-29,AVONMORE,
2026-04-30,AVONMORE,
2026-05-04,AVONMORE,
2026-05-05,AVONMORE,
2026-05-06,AVONMORE,
2026-05-07,AVONMORE,
2026-05-08,AVONMORE,
2026-05-11,AVONMORE,
2026-05-12,AVONMORE,
2026-05-13,AVONMORE,
2026-05-14,AVONMORE,
2026-05-15,AVONMORE,
2026-05-18,AVONMORE,
2026-05-19,AVONMORE,
2026-05-20,AVONMORE,
2026-05-21,AVONMORE,
2026-05-22,AVONMORE,
2026-05-25,AVONMORE,
2026-05-26,AVONMORE,
2026-05-27,AVONMORE,
2026-05-29,AVONMORE,
2026-06-01,AVONMORE,
2026-06-02,AVONMORE,
2026-06-03,AVONMORE,
2026-06-04,AVONMORE,
2026-06-05,AVONMORE,
2026-06-08,AVONMORE,
2026-06-09,AVONMORE,
2026-06-10,AVONMORE,
2026-06-11,AVONMORE,
2026-06-12,AVONMORE,
2026-06-15,AVONMORE,
2026-06-16,AVONMORE,
2026-06-17,AVONMORE,
2026-06-18,AVONMORE,
2026-06-19,AVONMORE,
2026-06-22,AVONMORE,
2026-06-23,AVONMORE,
2026-06-24,AVONMORE,
2026-06-25,AVONMORE,
2026-06-29,AVONMORE,
2026-06-30,AVONMORE,
2026-07-01,AVONMORE,
2026-07-02,AVONMORE,
2026-07-03,AVONMORE,
2026-07-06,AVONMORE,
2026-07-07,AVONMORE,
2026-07-08,AVONMORE,
2026-07-09,AVONMORE,
2026-07-10,AVONMORE,
2026-07-13,AVONMORE,
2026-07-14,AVONMORE,
2026-07-15,AVONMORE,
2026-07-16,AVONMORE,
2026-07-17,AVONMORE,
2026-07-20,AVONMORE,
2026-07-21,AVONMORE,
2026-07-22,AVONMORE,
2026-07-23,AVONMORE,
2026-07-24,AVONMORE,
2026-07-27,AVONMORE,
2026-07-28,AVONMORE,
2026-07-29,AVONMORE,
2026-07-30,AVONMORE,
2026-07-31,AVONMORE,
2026-08-03,AVONMORE,
2026-08-04,AVONMORE,
2026-08-05,AVONMORE,
2026-08-06,AVONMORE,
2026-08-07,AVONMORE,
2026-08-10,AVONMORE,11.2871
2026-08-11,AVONMORE,11.3387
2026-08-12,AVONMORE,11.3491
2026-08-13,AVONMORE,11.3491
2026-08-14,AVONMORE,11.3491
2026-08-17,AVONMORE,11.3491
2026-08-18,AVONMORE,11.6103
2026-08-19,AVONMORE,11.736
2026-08-20,AVONMORE,11.844
2026-08-21,AVONMORE,11.9436
2026-08-24,AVONMORE,12.0491
2026-08-25,AVONMORE,12.096
2026-08-26,AVONMORE,12.2412
2026-08-27,AVONMORE,12.2686
2026-08-28,AVONMORE,12.2967
2026-08-31,AVONMORE,12.3607
2026-09-01,AVONMORE,12.3685
2026-09-02,AVONMORE,12.3685
2026-09-03,AVONMORE,12.3984
2026-09-04,AVONMORE,12.4344
2026-09-07,AVONMORE,12.4771
2026-09-08,AVONMORE,12.5366
2026-09-09,AVONMORE,12.5723
2026-09-10,AVONMORE,12.6445
2026-09-11,AVONMORE,12.7491
2026-09-15,AVONMORE,12.8245
2026-09-16,AVONMORE,12.8301
2026-09-17,AVONMORE,12.8173
2026-09-18,AVONMORE,12.8173
2026-09-21,AVONMORE,12.8173
2026-09-22,AVONMORE,12.8173
2026-09-23,AVONMORE,12.8173
2026-09-24,AVONMORE,12.8173
2025-09-10,BERGEPAINT,
2025-09-11,BERGEPAINT,
2025-09-12,BERGEPAINT,
2025-09-15,BERGEPAINT,
2025-09-16,BERGEPAINT,
2025-09-17,BERGEPAINT,
2025-09-18,BERGEPAINT,
2025-09-19,BERGEPAINT,
2025-09-22,BERGEPAINT,
2025-09-23,BERGEPAINT,
2025-09-24,BERGEPAINT,
2025-09-25,BERGEPAINT,
2025-09-26,BERGEPAINT,
2025-09-29,BERGEPAINT,
2025-09-30,BERGEPAINT,
2025-10-01,BERGEPAINT,
2025-10-03,BERGEPAINT,
2025-10-06,BERGEPAINT,
2025-10-07,BERGEPAINT,
2025-10-08,BERGEPAINT,
2025-10-09,BERGEPAINT,
2025-10-10,BERGEPAINT,
2025-10-13,BERGEPAINT,
2025-10-14,BERGEPAINT,
2025-10-15,BERGEPAINT,
2025-10-16,BERGEPAINT,
2025-10-17,BERGEPAINT,
2025-10-20,BERGEPAINT,
2025-10-21,BERGEPAINT,
2025-10-23,BERGEPAINT,
2025-10-24,BERGEPAINT,
2025-10-27,BERGEPAINT,
2025-10-28,BERGEPAINT,
2025-10-29,BERGEPAINT,
2025-10-30,BERGEPAINT,
2025-10-31,BERGEPAINT,
2025-11-03,BERGEPAINT,
2025-11-04,BERGEPAINT,
2025-11-06,BERGEPAINT,
2025-11-07,BERGEPAINT,
2025-11-10,BERGEPAINT,
2025-11-11,BERGEPAINT,
2025-11-12,BERGEPAINT,
2025-11-13,BERGEPAINT,
2025-11-14,BERGEPAINT,
2025-11-17,BERGEPAINT,
2025-11-18,BERGEPAINT,
2025-11-19,BERGEPAINT,
2025-11-20,BERGEPAINT,
2025-11-21,BERGEPAINT,
2025-11-24,BERGEPAINT,
2025-11-25,BERGEPAINT,
2025-11-26,BERGEPAINT,
2025-11-27,BERGEPAINT,
2025-11-28,BERGEPAINT,
2025-12-01,BERGEPAINT,
2025-12-02,BERGEPAINT,
2025-12-03,BERGEPAINT,
2025-12-04,BERGEPAINT,
2025-12-05,BERGEPAINT,
2025-12-08,BERGEPAINT,
2025-12-09,BERGEPAINT,
2025-12-10,BERGEPAINT,
2025-12-11,BERGEPAINT,
2025-12-12,BERGEPAINT,
2025-12-15,BERGEPAINT,
2025-12-16,BERGEPAINT,
2025-12-17,BERGEPAINT,
2025-12-18,BERGEPAINT,
2025-12-19,BERGEPAINT,
2025-12-22,BERGEPAINT,
2025-12-23,BERGEPAINT,
2025-12-24,BERGEPAINT,
2025-12-26,BERGEPAINT,
2025-12-29,BERGEPAINT,
2025-12-30,BERGEPAINT,
2025-12-31,BERGEPAINT,
2026-01-01,BERGEPAINT,
2026-01-02,BERGEPAINT,
2026-01-05,BERGEPAINT,
2026-01-06,BERGEPAINT,
2026-01-07,BERGEPAINT,
2026-01-08,BERGEPAINT,
2026-01-09,BERGEPAINT,
2026-01-12,BERGEPAINT,
2026-01-13,BERGEPAINT,
2026-01-14,BERGEPAINT,
2026-01-16,BERGEPAINT,
2026-01-19,BERGEPAINT,
2026-01-20,BERGEPAINT,
2026-01-21,BERGEPAINT,
2026-01-22,BERGEPAINT,
2026-01-23,BERGEPAINT,
2026-01-27,BERGEPAINT,
2026-01-28,BERGEPAINT,
2026-01-29,BERGEPAINT,
2026-01-30,BERGEPAINT,
2026-02-02,BERGEPAINT,
2026-02-03,BERGEPAINT,
2026-02-04,BERGEPAINT,
2026-02-05,BERGEPAINT,
2026-02-06,BERGEPAINT,
2026-02-09,BERGEPAINT,
2026-02-10,BERGEPAINT,
2026-02-11,BERGEPAINT,
2026-02-12,BERGEPAINT,
2026-02-13,BERGEPAINT,
2026-02-16,BERGEPAINT,
2026-02-17,BERGEPAINT,
2026-02-18,BERGEPAINT,
2026-02-19,BERGEPAINT,
2026-02-20,BERGEPAINT,
2026-02-23,BERGEPAINT,
2026-02-24,BERGEPAINT,
2026-02-25,BERGEPAINT,
2026-02-26,BERGEPAINT,
2026-02-27,BERGEPAINT,
2026-03-02,BERGEPAINT,
2026-03-04,BERGEPAINT,
2026-03-05,BERGEPAINT,
2026-03-06,BERGEPAINT,
2026-03-09,BERGEPAINT,
2026-03-10,BERGEPAINT,
2026-03-11,BERGEPAINT,
2026-03-12,BERGEPAINT,
2026-03-13,BERGEPAINT,
2026-03-16,BERGEPAINT,
2026-03-17,BERGEPAINT,
2026-03-18,BERGEPAINT,
2026-03-19,BERGEPAINT,
2026-03-20,BERGEPAINT,
2026-03-23,BERGEPAINT,
2026-03-24,BERGEPAINT,
2026-03-25,BERGEPAINT,
2026-03-27,BERGEPAINT,
2026-03-30,BERGEPAINT,
2026-04-01,BERGEPAINT,
2026-04-02,BERGEPAINT,
2026-04-06,BERGEPAINT,
2026-04-07,BERGEPAINT,
2026-04-08,BERGEPAINT,
2026-04-09,BERGEPAINT,
2026-04-10,BERGEPAINT,
2026-04-13,BERGEPAINT,
2026-04-15,BERGEPAINT,
2026-04-16,BERGEPAINT,
2026-04-17,BERGEPAINT,
2026-04-20,BERGEPAINT,
2026-04-21,BERGEPAINT,
2026-04-22,BERGEPAINT,
2026-04-23,BERGEPAINT,
2026-04-24,BERGEPAINT,
2026-04-27,BERGEPAINT,
2026-04-28,BERGEPAINT,
2026-04-29,BERGEPAINT,
2026-04-30,BERGEPAINT,
2026-05-04,BERGEPAINT,
2026-05-05,BERGEPAINT,
2026-05-06,BERGEPAINT,
2026-05-07,BERGEPAINT,
2026-05-08,BERGEPAINT,
2026-05-11,BERGEPAINT,
2026-05-12,BERGEPAINT,
2026-05-13,BERGEPAINT,
2026-05-14,BERGEPAINT,
2026-05-15,BERGEPAINT,
2026-05-18,BERGEPAINT,
2026-05-19,BERGEPAINT,
2026-05-20,BERGEPAINT,
2026-05-21,BERGEPAINT,
2026-05-22,BERGEPAINT,
2026-05-25,BERGEPAINT,
2026-05-26,BERGEPAINT,
2026-05-27,BERGEPAINT,
2026-05-29,BERGEPAINT,
2026-06-01,BERGEPAINT,
2026-06-02,BERGEPAINT,
2026-06-03,BERGEPAINT,
2026-06-04,BERGEPAINT,
2026-06-05,BERGEPAINT,
2026-06-08,BERGEPAINT,
2026-06-09,BERGEPAINT,
2026-06-10,BERGEPAINT,
2026-06-11,BERGEPAINT,
2026-06-12,BERGEPAINT,
2026-06-15,BERGEPAINT,
2026-06-16,BERGEPAINT,
2026-06-17,BERGEPAINT,
2026-06-18,BERGEPAINT,
2026-06-19,BERGEPAINT,
2026-06-22,BERGEPAINT,
2026-06-23,BERGEPAINT,
2026-06-24,BERGEPAINT,
2026-06-25,BERGEPAINT,
2026-06-29,BERGEPAINT,
2026-06-30,BERGEPAINT,
2026-07-01,BERGEPAINT,
2026-07-02,BERGEPAINT,
2026-07-03,BERGEPAINT,
2026-07-06,BERGEPAINT,
2026-07-07,BERGEPAINT,
2026-07-08,BERGEPAINT,
2026-07-09,BERGEPAINT,
2026-07-10,BERGEPAINT,
2026-07-13,BERGEPAINT,
2026-07-14,BERGEPAINT,
2026-07-15,BERGEPAINT,
2026-07-16,BERGEPAINT,
2026-07-17,BERGEPAINT,
2026-07-20,BERGEPAINT,
2026-07-21,BERGEPAINT,
2026-07-22,BERGEPAINT,
2026-07-23,BERGEPAINT,
2026-07-24,BERGEPAINT,
2026-07-27,BERGEPAINT,
2026-07-28,BERGEPAINT,
2026-07-29,BERGEPAINT,
2026-07-30,BERGEPAINT,
2026-07-31,BERGEPAINT,
2026-08-03,BERGEPAINT,
2026-08-04,BERGEPAINT,
2026-08-05,BERGEPAINT,
2026-08-06,BERGEPAINT,
2026-08-07,BERGEPAINT,
2026-08-10,BERGEPAINT,
2026-08-11,BERGEPAINT,
2026-08-12,BERGEPAINT,
2026-08-13,BERGEPAINT,
2026-08-14,BERGEPAINT,
2026-08-17,BERGEPAINT,
2026-08-18,BERGEPAINT,
2026-08-19,BERGEPAINT,
2026-08-20,BERGEPAINT,
2026-08-21,BERGEPAINT,
2026-08-24,BERGEPAINT,
2026-08-25,BERGEPAINT,
2026-08-26,BERGEPAINT,
2026-08-27,BERGEPAINT,
2026-08-28,BERGEPAINT,
2026-08-31,BERGEPAINT,
2026-09-01,BERGEPAINT,
2026-09-02,BERGEPAINT,
2026-09-03,BERGEPAINT,
2026-09-04,BERGEPAINT,
2026-09-07,BERGEPAINT,489.5623
2026-09-08,BERGEPAINT,489.5623
2026-09-09,BERGEPAINT,489.5623
2026-09-10,BERGEPAINT,489.5623
2026-09-11,BERGEPAINT,489.5623
2026-09-15,BERGEPAINT,489.5623
2026-09-16,BERGEPAINT,489.5623
2026-09-17,BERGEPAINT,489.5623
2026-09-18,BERGEPAINT,489.5623
2026-09-21,BERGEPAINT,489.5623
2026-09-22,BERGEPAINT,489.5623
2026-09-23,BERGEPAINT,489.5623
2026-09-24,BERGEPAINT,489.5623
2025-09-10,BHAGERIA,
2025-09-11,BHAGERIA,
2025-09-12,BHAGERIA,
2025-09-15,BHAGERIA,
2025-09-16,BHAGERIA,
2025-09-17,BHAGERIA,
2025-09-18,BHAGERIA,
2025-09-19,BHAGERIA,
2025-09-22,BHAGERIA,
2025-09-23,BHAGERIA,
2025-09-24,BHAGERIA,
2025-09-25,BHAGERIA,
2025-09-26,BHAGERIA,
2025-09-29,BHAGERIA,
2025-09-30,BHAGERIA,
2025-10-01,BHAGERIA,
2025-10-03,BHAGERIA,
2025-10-06,BHAGERIA,
2025-10-07,BHAGERIA,
2025-10-08,BHAGERIA,
2025-10-09,BHAGERIA,
2025-10-10,BHAGERIA,
2025-10-13,BHAGERIA,
2025-10-14,BHAGERIA,
2025-10-15,BHAGERIA,
2025-10-16,BHAGERIA,
2025-10-17,BHAGERIA,
2025-10-20,BHAGERIA,
2025-10-21,BHAGERIA,
2025-10-23,BHAGERIA,
2025-10-24,BHAGERIA,
2025-10-27,BHAGERIA,
2025-10-28,BHAGERIA,
2025-10-29,BHAGERIA,
2025-10-30,BHAGERIA,
2025-10-31,BHAGERIA,
2025-11-03,BHAGERIA,
2025-11-04,BHAGERIA,
2025-11-06,BHAGERIA,
2025-11-07,BHAGERIA,
2025-11-10,BHAGERIA,
2025-11-11,BHAGERIA,
2025-11-12,BHAGERIA,
2025-11-13,BHAGERIA,
2025-11-14,BHAGERIA,
2025-11-17,BHAGERIA,
2025-11-18,BHAGERIA,
2025-11-19,BHAGERIA,
2025-11-20,BHAGERIA,
2025-11-21,BHAGERIA,
2025-11-24,BHAGERIA,
2025-11-25,BHAGERIA,
2025-11-26,BHAGERIA,
2025-11-27,BHAGERIA,
2025-11-28,BHAGERIA,
2025-12-01,BHAGERIA,
2025-12-02,BHAGERIA,
2025-12-03,BHAGERIA,
2025-12-04,BHAGERIA,
2025-12-05,BHAGERIA,
2025-12-08,BHAGERIA,
2025-12-09,BHAGERIA,
2025-12-10,BHAGERIA,
2025-12-11,BHAGERIA,
2025-12-12,BHAGERIA,
2025-12-15,BHAGERIA,
2025-12-16,BHAGERIA,
2025-12-17,BHAGERIA,
2025-12-18,BHAGERIA,
2025-12-19,BHAGERIA,
2025-12-22,BHAGERIA,
2025-12-23,BHAGERIA,
2025-12-24,BHAGERIA,
2025-12-26,BHAGERIA,
2025-12-29,BHAGERIA,
2025-12-30,BHAGERIA,
2025-12-31,BHAGERIA,
2026-01-01,BHAGERIA,
2026-01-02,BHAGERIA,
2026-01-05,BHAGERIA,
2026-01-06,BHAGERIA,
2026-01-07,BHAGERIA,
2026-01-08,BHAGERIA,
2026-01-09,BHAGERIA,
2026-01-12,BHAGERIA,
2026-01-13,BHAGERIA,
2026-01-14,BHAGERIA,
2026-01-16,BHAGERIA,
2026-01-19,BHAGERIA,
2026-01-20,BHAGERIA,
2026-01-21,BHAGERIA,
2026-01-22,BHAGERIA,
2026-01-23,BHAGERIA,
2026-01-27,BHAGERIA,
2026-01-28,BHAGERIA,
2026-01-29,BHAGERIA,
2026-01-30,BHAGERIA,
2026-02-02,BHAGERIA,
2026-02-03,BHAGERIA,
2026-02-04,BHAGERIA,
2026-02-05,BHAGERIA,
2026-02-06,BHAGERIA,
2026-02-09,BHAGERIA,
2026-02-10,BHAGERIA,
2026-02-11,BHAGERIA,
2026-02-12,BHAGERIA,
2026-02-13,BHAGERIA,
2026-02-16,BHAGERIA,
2026-02-17,BHAGERIA,
2026-02-18,BHAGERIA,
2026-02-19,BHAGERIA,
2026-02-20,BHAGERIA,
2026-02-23,BHAGERIA,
2026-02-24,BHAGERIA,
2026-02-25,BHAGERIA,
2026-02-26,BHAGERIA,
2026-02-27,BHAGERIA,
2026-03-02,BHAGERIA,
2026-03-04,BHAGERIA,
2026-03-05,BHAGERIA,
2026-03-06,BHAGERIA,
2026-03-09,BHAGERIA,
2026-03-10,BHAGERIA,
2026-03-11,BHAGERIA,
2026-03-12,BHAGERIA,
2026-03-13,BHAGERIA,
2026-03-16,BHAGERIA,
2026-03-17,BHAGERIA,
2026-03-18,BHAGERIA,
2026-03-19,BHAGERIA,
2026-03-20,BHAGERIA,
2026-03-23,BHAGERIA,
2026-03-24,BHAGERIA,
2026-03-25,BHAGERIA,
2026-03-27,BHAGERIA,
2026-03-30,BHAGERIA,
2026-04-01,BHAGERIA,
2026-04-02,BHAGERIA,
2026-04-06,BHAGERIA,
2026-04-07,BHAGERIA,
2026-04-08,BHAGERIA,
2026-04-09,BHAGERIA,
2026-04-10,BHAGERIA,
2026-04-13,BHAGERIA,
2026-04-15,BHAGERIA,
2026-04-16,BHAGERIA,
2026-04-17,BHAGERIA,
2026-04-20,BHAGERIA,
2026-04-21,BHAGERIA,
2026-04-22,BHAGERIA,
2026-04-23,BHAGERIA,
2026-04-24,BHAGERIA,
2026-04-27,BHAGERIA,
2026-04-28,BHAGERIA,
2026-04-29,BHAGERIA,
2026-04-30,BHAGERIA,
2026-05-04,BHAGERIA,
2026-05-05,BHAGERIA,
2026-05-06,BHAGERIA,
2026-05-07,BHAGERIA,
2026-05-08,BHAGERIA,
2026-05-11,BHAGERIA,
2026-05-12,BHAGERIA,
2026-05-13,BHAGERIA,
2026-05-14,BHAGERIA,
2026-05-15,BHAGERIA,
2026-05-18,BHAGERIA,
2026-05-19,BHAGERIA,
2026-05-20,BHAGERIA,
2026-05-21,BHAGERIA,
2026-05-22,BHAGERIA,
2026-05-25,BHAGERIA,
2026-05-26,BHAGERIA,
2026-05-27,BHAGERIA,
2026-05-29,BHAGERIA,
2026-06-01,BHAGERIA,
2026-06-02,BHAGERIA,
2026-06-03,BHAGERIA,
2026-06-04,BHAGERIA,
2026-06-05,BHAGERIA,
2026-06-08,BHAGERIA,
2026-06-09,BHAGERIA,
2026-06-10,BHAGERIA,
2026-06-11,BHAGERIA,
2026-06-12,BHAGERIA,
2026-06-15,BHAGERIA,
2026-06-16,BHAGERIA,
2026-06-17,BHAGERIA,
2026-06-18,BHAGERIA,
2026-06-19,BHAGERIA,
2026-06-22,BHAGERIA,
2026-06-23,BHAGERIA,
2026-06-24,BHAGERIA,
2026-06-25,BHAGERIA,
2026-06-29,BHAGERIA,
2026-06-30,BHAGERIA,
2026-07-01,BHAGERIA,
2026-07-02,BHAGERIA,
2026-07-03,BHAGERIA,
2026-07-06,BHAGERIA,
2026-07-07,BHAGERIA,
2026-07-08,BHAGERIA,
2026-07-09,BHAGERIA,
2026-07-10,BHAGERIA,
2026-07-13,BHAGERIA,
2026-07-14,BHAGERIA,
2026-07-15,BHAGERIA,
2026-07-16,BHAGERIA,
2026-07-17,BHAGERIA,
2026-07-20,BHAGERIA,
2026-07-21,BHAGERIA,
2026-07-22,BHAGERIA,
2026-07-23,BHAGERIA,
2026-07-24,BHAGERIA,
2026-07-27,BHAGERIA,
2026-07-28,BHAGERIA,
2026-07-29,BHAGERIA,
2026-07-30,BHAGERIA,
2026-07-31,BHAGERIA,
2026-08-03,BHAGERIA,
2026-08-04,BHAGERIA,
2026-08-05,BHAGERIA,
2026-08-06,BHAGERIA,
2026-08-07,BHAGERIA,
2026-08-10,BHAGERIA,
2026-08-11,BHAGERIA,
2026-08-12,BHAGERIA,
2026-08-13,BHAGERIA,
2026-08-14,BHAGERIA,
2026-08-17,BHAGERIA,
2026-08-18,BHAGERIA,
2026-08-19,BHAGERIA,
2026-08-20,BHAGERIA,204.6433
2026-08-21,BHAGERIA,205.3266
2026-08-24,BHAGERIA,209.0115
2026-08-25,BHAGERIA,213.9264
2026-08-26,BHAGERIA,215.9639
2026-08-27,BHAGERIA,215.9639
2026-08-28,BHAGERIA,215.9639
2026-08-31,BHAGERIA,215.9639
2026-09-01,BHAGERIA,215.9639
2026-09-02,BHAGERIA,215.9639
2026-09-03,BHAGERIA,215.9639
2026-09-04,BHAGERIA,215.9639
2026-09-07,BHAGERIA,215.9639
2026-09-08,BHAGERIA,215.9639
2026-09-09,BHAGERIA,215.9639
2026-09-10,BHAGERIA,215.9639
2026-09-11,BHAGERIA,215.9639
2026-09-15,BHAGERIA,215.9639
2026-09-16,BHAGERIA,215.9639
2026-09-17,BHAGERIA,215.9639
2026-09-18,BHAGERIA,215.9639
2026-09-21,BHAGERIA,215.9639
2026-09-22,BHAGERIA,215.9639
2026-09-23,BHAGERIA,215.9639
2026-09-24,BHAGERIA,215.9639
2025-10-01,BMWVENTLTD,
2025-10-03,BMWVENTLTD,
2025-10-06,BMWVENTLTD,
2025-10-07,BMWVENTLTD,
2025-10-08,BMWVENTLTD,
2025-10-09,BMWVENTLTD,
2025-10-10,BMWVENTLTD,
2025-10-13,BMWVENTLTD,
2025-10-14,BMWVENTLTD,
2025-10-15,BMWVENTLTD,
2025-10-16,BMWVENTLTD,
2025-10-17,BMWVENTLTD,
2025-10-20,BMWVENTLTD,
2025-10-21,BMWVENTLTD,
2025-10-23,BMWVENTLTD,
2025-10-24,BMWVENTLTD,
2025-10-27,BMWVENTLTD,
2025-10-28,BMWVENTLTD,
2025-10-29,BMWVENTLTD,
2025-10-30,BMWVENTLTD,
2025-10-31,BMWVENTLTD,
2025-11-03,BMWVENTLTD,
2025-11-04,BMWVENTLTD,
2025-11-06,BMWVENTLTD,
2025-11-07,BMWVENTLTD,
2025-11-10,BMWVENTLTD,
2025-11-11,BMWVENTLTD,
2025-11-12,BMWVENTLTD,
2025-11-13,BMWVENTLTD,
2025-11-14,BMWVENTLTD,
2025-11-17,BMWVENTLTD,
2025-11-18,BMWVENTLTD,
2025-11-19,BMWVENTLTD,
2025-11-20,BMWVENTLTD,
2025-11-21,BMWVENTLTD,
2025-11-24,BMWVENTLTD,
2025-11-25,BMWVENTLTD,
2025-11-26,BMWVENTLTD,
2025-11-27,BMWVENTLTD,
2025-11-28,BMWVENTLTD,
2025-12-01,BMWVENTLTD,
2025-12-02,BMWVENTLTD,
2025-12-03,BMWVENTLTD,
2025-12-04,BMWVENTLTD,
2025-12-05,BMWVENTLTD,
2025-12-08,BMWVENTLTD,
2025-12-09,BMWVENTLTD,
2025-12-10,BMWVENTLTD,
2025-12-11,BMWVENTLTD,
2025-12-12,BMWVENTLTD,
2025-12-15,BMWVENTLTD,
2025-12-16,BMWVENTLTD,
2025-12-17,BMWVENTLTD,
2025-12-18,BMWVENTLTD,
2025-12-19,BMWVENTLTD,
2025-12-22,BMWVENTLTD,
2025-12-23,BMWVENTLTD,
2025-12-24,BMWVENTLTD,
2025-12-26,BMWVENTLTD,
2025-12-29,BMWVENTLTD,
2025-12-30,BMWVENTLTD,
2025-12-31,BMWVENTLTD,
2026-01-01,BMWVENTLTD,
2026-01-02,BMWVENTLTD,
2026-01-05,BMWVENTLTD,
2026-01-06,BMWVENTLTD,
2026-01-07,BMWVENTLTD,
2026-01-08,BMWVENTLTD,
2026-01-09,BMWVENTLTD,
2026-01-12,BMWVENTLTD,
2026-01-13,BMWVENTLTD,
2026-01-14,BMWVENTLTD,
2026-01-16,BMWVENTLTD,
2026-01-19,BMWVENTLTD,
2026-01-20,BMWVENTLTD,
2026-01-21,BMWVENTLTD,
2026-01-22,BMWVENTLTD,
2026-01-23,BMWVENTLTD,
2026-01-27,BMWVENTLTD,
2026-01-28,BMWVENTLTD,
2026-01-29,BMWVENTLTD,
2026-01-30,BMWVENTLTD,
2026-02-02,BMWVENTLTD,
2026-02-03,BMWVENTLTD,
2026-02-04,BMWVENTLTD,
2026-02-05,BMWVENTLTD,
2026-02-06,BMWVENTLTD,
2026-02-09,BMWVENTLTD,
2026-02-10,BMWVENTLTD,
2026-02-11,BMWVENTLTD,
2026-02-12,BMWVENTLTD,
2026-02-13,BMWVENTLTD,
2026-02-16,BMWVENTLTD,
2026-02-17,BMWVENTLTD,
2026-02-18,BMWVENTLTD,
2026-02-19,BMWVENTLTD,
2026-02-20,BMWVENTLTD,
2026-02-23,BMWVENTLTD,
2026-02-24,BMWVENTLTD,
2026-02-25,BMWVENTLTD,
2026-02-26,BMWVENTLTD,
2026-02-27,BMWVENTLTD,
2026-03-02,BMWVENTLTD,
2026-03-04,BMWVENTLTD,
2026-03-05,BMWVENTLTD,
2026-03-06,BMWVENTLTD,
2026-03-09,BMWVENTLTD,
2026-03-10,BMWVENTLTD,
2026-03-11,BMWVENTLTD,
2026-03-12,BMWVENTLTD,
2026-03-13,BMWVENTLTD,
2026-03-16,BMWVENTLTD,
2026-03-17,BMWVENTLTD,
2026-03-18,BMWVENTLTD,
2026-03-19,BMWVENTLTD,
2026-03-20,BMWVENTLTD,
2026-03-23,BMWVENTLTD,
2026-03-24,BMWVENTLTD,
2026-03-25,BMWVENTLTD,
2026-03-27,BMWVENTLTD,
2026-03-30,BMWVENTLTD,
2026-04-01,BMWVENTLTD,
2026-04-02,BMWVENTLTD,
2026-04-06,BMWVENTLTD,
2026-04-07,BMWVENTLTD,
2026-04-08,BMWVENTLTD,
2026-04-09,BMWVENTLTD,
2026-04-10,BMWVENTLTD,
2026-04-13,BMWVENTLTD,
2026-04-15,BMWVENTLTD,
2026-04-16,BMWVENTLTD,
2026-04-17,BMWVENTLTD,
2026-04-20,BMWVENTLTD,
2026-04-21,BMWVENTLTD,
2026-04-22,BMWVENTLTD,
2026-04-23,BMWVENTLTD,
2026-04-24,BMWVENTLTD,
2026-04-27,BMWVENTLTD,
2026-04-28,BMWVENTLTD,
2026-04-29,BMWVENTLTD,
2026-04-30,BMWVENTLTD,
2026-05-04,BMWVENTLTD,
2026-05-05,BMWVENTLTD,
2026-05-06,BMWVENTLTD,
2026-05-07,BMWVENTLTD,
2026-05-08,BMWVENTLTD,
2026-05-11,BMWVENTLTD,
2026-05-12,BMWVENTLTD,
2026-05-13,BMWVENTLTD,
2026-05-14,BMWVENTLTD,
2026-05-15,BMWVENTLTD,
2026-05-18,BMWVENTLTD,
2026-05-19,BMWVENTLTD,
2026-05-20,BMWVENTLTD,
2026-05-21,BMWVENTLTD,
2026-05-22,BMWVENTLTD,
2026-05-25,BMWVENTLTD,
2026-05-26,BMWVENTLTD,
2026-05-27,BMWVENTLTD,
2026-05-29,BMWVENTLTD,
2026-06-01,BMWVENTLTD,
2026-06-02,BMWVENTLTD,
2026-06-03,BMWVENTLTD,
2026-06-04,BMWVENTLTD,
2026-06-05,BMWVENTLTD,
2026-06-08,BMWVENTLTD,
2026-06-09,BMWVENTLTD,
2026-06-10,BMWVENTLTD,
2026-06-11,BMWVENTLTD,
2026-06-12,BMWVENTLTD,
2026-06-15,BMWVENTLTD,
2026-06-16,BMWVENTLTD,
2026-06-17,BMWVENTLTD,
2026-06-18,BMWVENTLTD,
2026-06-19,BMWVENTLTD,
2026-06-22,BMWVENTLTD,
2026-06-23,BMWVENTLTD,
2026-06-24,BMWVENTLTD,
2026-06-25,BMWVENTLTD,
2026-06-29,BMWVENTLTD,
2026-06-30,BMWVENTLTD,
2026-07-01,BMWVENTLTD,
2026-07-02,BMWVENTLTD,
2026-07-03,BMWVENTLTD,
2026-07-06,BMWVENTLTD,
2026-07-07,BMWVENTLTD,
2026-07-08,BMWVENTLTD,
2026-07-09,BMWVENTLTD,
2026-07-10,BMWVENTLTD,
2026-07-13,BMWVENTLTD,
2026-07-14,BMWVENTLTD,
2026-07-15,BMWVENTLTD,
2026-07-16,BMWVENTLTD,
2026-07-17,BMWVENTLTD,
2026-07-20,BMWVENTLTD,
2026-07-21,BMWVENTLTD,
2026-07-22,BMWVENTLTD,
2026-07-23,BMWVENTLTD,
2026-07-24,BMWVENTLTD,
2026-07-27,BMWVENTLTD,
2026-07-28,BMWVENTLTD,
2026-07-29,BMWVENTLTD,
2026-07-30,BMWVENTLTD,
2026-07-31,BMWVENTLTD,
2026-08-03,BMWVENTLTD,
2026-08-04,BMWVENTLTD,
2026-08-05,BMWVENTLTD,60.0933
2026-08-06,BMWVENTLTD,60.1322
2026-08-07,BMWVENTLTD,60.1322
2026-08-10,BMWVENTLTD,60.1322
2026-08-11,BMWVENTLTD,60.1322
2026-08-12,BMWVENTLTD,60.1322
2026-08-13,BMWVENTLTD,60.1322
2026-08-14,BMWVENTLTD,60.1322
2026-08-17,BMWVENTLTD,60.1322
2026-08-18,BMWVENTLTD,60.1322
2026-08-19,BMWVENTLTD,60.1322
2026-08-20,BMWVENTLTD,60.1322
2026-08-21,BMWVENTLTD,60.1322
2026-08-24,BMWVENTLTD,60.1322
2026-08-25,BMWVENTLTD,60.1322
2026-08-26,BMWVENTLTD,60.1322
2026-08-27,BMWVENTLTD,60.1322
2026-08-28,BMWVENTLTD,60.1322
2026-08-31,BMWVENTLTD,60.1322
2026-09-01,BMWVENTLTD,60.1322
2026-09-02,BMWVENTLTD,60.1322
2026-09-03,BMWVENTLTD,60.1322
2026-09-04,BMWVENTLTD,60.1322
2026-09-07,BMWVENTLTD,60.1322
2026-09-08,BMWVENTLTD,60.1322
2026-09-09,BMWVENTLTD,60.1322
2026-09-10,BMWVENTLTD,60.1322
2026-09-11,BMWVENTLTD,60.1322
2026-09-15,BMWVENTLTD,60.1322
2026-09-16,BMWVENTLTD,60.1322
2026-09-17,BMWVENTLTD,60.1322
2026-09-18,BMWVENTLTD,58.626
2026-09-21,BMWVENTLTD,57.8567
2026-09-22,BMWVENTLTD,56.6023
2026-09-23,BMWVENTLTD,56.6023
2026-09-24,BMWVENTLTD,56.6023
2025-09-10,CHEMBOND,
2025-09-11,CHEMBOND,
2025-09-12,CHEMBOND,
2025-09-15,CHEMBOND,
2025-09-16,CHEMBOND,
2025-09-17,CHEMBOND,
2025-09-18,CHEMBOND,
2025-09-19,CHEMBOND,
2025-09-22,CHEMBOND,
2025-09-23,CHEMBOND,
2025-09-24,CHEMBOND,
2025-09-25,CHEMBOND,
2025-09-26,CHEMBOND,
2025-09-29,CHEMBOND,
2025-09-30,CHEMBOND,
2025-10-01,CHEMBOND,
2025-10-03,CHEMBOND,
2025-10-06,CHEMBOND,
2025-10-07,CHEMBOND,
2025-10-08,CHEMBOND,
2025-10-09,CHEMBOND,
2025-10-10,CHEMBOND,
2025-10-13,CHEMBOND,
2025-10-14,CHEMBOND,
2025-10-15,CHEMBOND,
2025-10-16,CHEMBOND,
2025-10-17,CHEMBOND,
2025-10-20,CHEMBOND,
2025-10-21,CHEMBOND,
2025-10-23,CHEMBOND,
2025-10-24,CHEMBOND,
2025-10-27,CHEMBOND,
2025-10-28,CHEMBOND,
2025-10-29,CHEMBOND,
2025-10-30,CHEMBOND,
2025-10-31,CHEMBOND,
2025-11-03,CHEMBOND,
2025-11-04,CHEMBOND,
2025-11-06,CHEMBOND,
2025-11-07,CHEMBOND,
2025-11-10,CHEMBOND,
2025-11-11,CHEMBOND,
2025-11-12,CHEMBOND,
2025-11-13,CHEMBOND,
2025-11-14,CHEMBOND,
2025-11-17,CHEMBOND,
2025-11-18,CHEMBOND,
2025-11-19,CHEMBOND,
2025-11-20,CHEMBOND,
2025-11-21,CHEMBOND,
2025-11-24,CHEMBOND,
2025-11-25,CHEMBOND,
2025-11-26,CHEMBOND,
2025-11-27,CHEMBOND,
2025-11-28,CHEMBOND,
2025-12-01,CHEMBOND,
2025-12-02,CHEMBOND,
2025-12-03,CHEMBOND,
2025-12-04,CHEMBOND,
2025-12-05,CHEMBOND,
2025-12-08,CHEMBOND,
2025-12-09,CHEMBOND,
2025-12-10,CHEMBOND,
2025-12-11,CHEMBOND,
2025-12-12,CHEMBOND,
2025-12-15,CHEMBOND,
2025-12-16,CHEMBOND,
2025-12-17,CHEMBOND,
2025-12-18,CHEMBOND,
2025-12-19,CHEMBOND,
2025-12-22,CHEMBOND,
2025-12-23,CHEMBOND,
2025-12-24,CHEMBOND,
2025-12-26,CHEMBOND,
2025-12-29,CHEMBOND,
2025-12-30,CHEMBOND,
2025-12-31,CHEMBOND,
2026-01-01,CHEMBOND,
2026-01-02,CHEMBOND,
2026-01-05,CHEMBOND,
2026-01-06,CHEMBOND,
2026-01-07,CHEMBOND,
2026-01-08,CHEMBOND,
2026-01-09,CHEMBOND,
2026-01-12,CHEMBOND,
2026-01-13,CHEMBOND,
2026-01-14,CHEMBOND,
2026-01-16,CHEMBOND,
2026-01-19,CHEMBOND,
2026-01-20,CHEMBOND,
2026-01-21,CHEMBOND,
2026-01-22,CHEMBOND,
2026-01-23,CHEMBOND,
2026-01-27,CHEMBOND,
2026-01-28,CHEMBOND,
2026-01-29,CHEMBOND,
2026-01-30,CHEMBOND,
2026-02-02,CHEMBOND,
2026-02-03,CHEMBOND,
2026-02-04,CHEMBOND,
2026-02-05,CHEMBOND,
2026-02-06,CHEMBOND,
2026-02-09,CHEMBOND,
2026-02-10,CHEMBOND,
2026-02-11,CHEMBOND,
2026-02-12,CHEMBOND,
2026-02-13,CHEMBOND,
2026-02-16,CHEMBOND,
2026-02-17,CHEMBOND,
2026-02-18,CHEMBOND,
2026-02-19,CHEMBOND,
2026-02-20,CHEMBOND,
2026-02-23,CHEMBOND,
2026-02-24,CHEMBOND,
2026-02-25,CHEMBOND,
2026-02-26,CHEMBOND,
2026-02-27,CHEMBOND,
2026-03-02,CHEMBOND,
2026-03-04,CHEMBOND,
2026-03-05,CHEMBOND,
2026-03-06,CHEMBOND,
2026-03-09,CHEMBOND,
2026-03-10,CHEMBOND,
2026-03-11,CHEMBOND,
2026-03-12,CHEMBOND,
2026-03-13,CHEMBOND,
2026-03-16,CHEMBOND,
2026-03-17,CHEMBOND,
2026-03-18,CHEMBOND,
2026-03-19,CHEMBOND,
2026-03-20,CHEMBOND,
2026-03-23,CHEMBOND,
2026-03-24,CHEMBOND,
2026-03-25,CHEMBOND,
2026-03-27,CHEMBOND,
2026-03-30,CHEMBOND,
2026-04-01,CHEMBOND,
2026-04-02,CHEMBOND,
2026-04-06,CHEMBOND,
2026-04-07,CHEMBOND,
2026-04-08,CHEMBOND,
2026-04-09,CHEMBOND,
2026-04-10,CHEMBOND,
2026-04-13,CHEMBOND,
2026-04-15,CHEMBOND,
2026-04-16,CHEMBOND,
2026-04-17,CHEMBOND,
2026-04-20,CHEMBOND,
2026-04-21,CHEMBOND,
2026-04-22,CHEMBOND,
2026-04-23,CHEMBOND,
2026-04-24,CHEMBOND,
2026-04-27,CHEMBOND,
2026-04-28,CHEMBOND,
2026-04-29,CHEMBOND,
2026-04-30,CHEMBOND,
2026-05-04,CHEMBOND,
2026-05-05,CHEMBOND,
2026-05-06,CHEMBOND,
2026-05-07,CHEMBOND,
2026-05-08,CHEMBOND,
2026-05-11,CHEMBOND,
2026-05-12,CHEMBOND,
2026-05-13,CHEMBOND,
2026-05-14,CHEMBOND,
2026-05-15,CHEMBOND,
2026-05-18,CHEMBOND,
2026-05-19,CHEMBOND,
2026-05-20,CHEMBOND,
2026-05-21,CHEMBOND,
2026-05-22,CHEMBOND,
2026-05-25,CHEMBOND,
2026-05-26,CHEMBOND,
2026-05-27,CHEMBOND,
2026-05-29,CHEMBOND,
2026-06-01,CHEMBOND,
2026-06-02,CHEMBOND,
2026-06-03,CHEMBOND,
2026-06-04,CHEMBOND,
2026-06-05,CHEMBOND,
2026-06-08,CHEMBOND,
2026-06-09,CHEMBOND,
2026-06-10,CHEMBOND,
2026-06-11,CHEMBOND,
2026-06-12,CHEMBOND,
2026-06-15,CHEMBOND,
2026-06-16,CHEMBOND,
2026-06-17,CHEMBOND,
2026-06-18,CHEMBOND,
2026-06-19,CHEMBOND,
2026-06-22,CHEMBOND,
2026-06-23,CHEMBOND,
2026-06-24,CHEMBOND,
2026-06-25,CHEMBOND,
2026-06-29,CHEMBOND,
2026-06-30,CHEMBOND,
2026-07-01,CHEMBOND,
2026-07-02,CHEMBOND,
2026-07-03,CHEMBOND,
2026-07-06,CHEMBOND,
2026-07-07,CHEMBOND,
2026-07-08,CHEMBOND,
2026-07-09,CHEMBOND,
2026-07-10,CHEMBOND,
2026-07-13,CHEMBOND,
2026-07-14,CHEMBOND,
2026-07-15,CHEMBOND,
2026-07-16,CHEMBOND,
2026-07-17,CHEMBOND,
2026-07-20,CHEMBOND,
2026-07-21,CHEMBOND,
2026-07-22,CHEMBOND,
2026-07-23,CHEMBOND,
2026-07-24,CHEMBOND,
2026-07-27,CHEMBOND,
2026-07-28,CHEMBOND,
2026-07-29,CHEMBOND,
2026-07-30,CHEMBOND,
2026-07-31,CHEMBOND,
2026-08-03,CHEMBOND,
2026-08-04,CHEMBOND,
2026-08-05,CHEMBOND,
2026-08-06,CHEMBOND,
2026-08-07,CHEMBOND,
2026-08-10,CHEMBOND,
2026-08-11,CHEMBOND,
2026-08-12,CHEMBOND,
2026-08-13,CHEMBOND,
2026-08-14,CHEMBOND,
2026-08-17,CHEMBOND,
2026-08-18,CHEMBOND,
2026-08-19,CHEMBOND,
2026-08-20,CHEMBOND,
2026-08-21,CHEMBOND,
2026-08-24,CHEMBOND,
2026-08-25,CHEMBOND,
2026-08-26,CHEMBOND,
2026-08-27,CHEMBOND,
2026-08-28,CHEMBOND,
2026-08-31,CHEMBOND,
2026-09-01,CHEMBOND,
2026-09-02,CHEMBOND,
2026-09-03,CHEMBOND,170.4519
2026-09-04,CHEMBOND,170.4519
2026-09-07,CHEMBOND,170.4519
2026-09-08,CHEMBOND,170.4519
2026-09-09,CHEMBOND,170.4519
2026-09-10,CHEMBOND,170.4519
2026-09-11,CHEMBOND,170.4519
2026-09-15,CHEMBOND,170.4519
2026-09-16,CHEMBOND,170.4519
2026-09-17,CHEMBOND,170.4519
2026-09-18,CHEMBOND,170.4519
2026-09-21,CHEMBOND,170.4519
2026-09-22,CHEMBOND,170.4519
2026-09-23,CHEMBOND,170.4519
2026-09-24,CHEMBOND,170.4519
2025-09-10,CHEMBONDCH,
2025-09-11,CHEMBONDCH,
2025-09-12,CHEMBONDCH,
2025-09-15,CHEMBONDCH,
2025-09-16,CHEMBONDCH,
2025-09-17,CHEMBONDCH,
2025-09-18,CHEMBONDCH,
2025-09-19,CHEMBONDCH,
2025-09-22,CHEMBONDCH,
2025-09-23,CHEMBONDCH,
2025-09-24,CHEMBONDCH,
2025-09-25,CHEMBONDCH,
2025-09-26,CHEMBONDCH,
2025-09-29,CHEMBONDCH,
2025-09-30,CHEMBONDCH,
2025-10-01,CHEMBONDCH,
2025-10-03,CHEMBONDCH,
2025-10-06,CHEMBONDCH,
2025-10-07,CHEMBONDCH,
2025-10-08,CHEMBONDCH,
2025-10-09,CHEMBONDCH,
2025-10-10,CHEMBONDCH,
2025-10-13,CHEMBONDCH,
2025-10-14,CHEMBONDCH,
2025-10-15,CHEMBONDCH,
2025-10-16,CHEMBONDCH,
2025-10-17,CHEMBONDCH,
2025-10-20,CHEMBONDCH,
2025-10-21,CHEMBONDCH,
2025-10-23,CHEMBONDCH,
2025-10-24,CHEMBONDCH,
2025-10-27,CHEMBONDCH,
2025-10-28,CHEMBONDCH,
2025-10-29,CHEMBONDCH,
2025-10-30,CHEMBONDCH,
2025-10-31,CHEMBONDCH,
2025-11-03,CHEMBONDCH,
2025-11-04,CHEMBONDCH,
2025-11-06,CHEMBONDCH,
2025-11-07,CHEMBONDCH,
2025-11-10,CHEMBONDCH,
2025-11-11,CHEMBONDCH,
2025-11-12,CHEMBONDCH,
2025-11-13,CHEMBONDCH,
2025-11-14,CHEMBONDCH,
2025-11-17,CHEMBONDCH,
2025-11-18,CHEMBONDCH,
2025-11-19,CHEMBONDCH,
2025-11-20,CHEMBONDCH,
2025-11-21,CHEMBONDCH,
2025-11-24,CHEMBONDCH,
2025-11-25,CHEMBONDCH,
2025-11-26,CHEMBONDCH,
2025-11-27,CHEMBONDCH,
2025-11-28,CHEMBONDCH,
2025-12-01,CHEMBONDCH,
2025-12-02,CHEMBONDCH,
2025-12-03,CHEMBONDCH,
2025-12-04,CHEMBONDCH,
2025-12-05,CHEMBONDCH,
2025-12-08,CHEMBONDCH,
2025-12-09,CHEMBONDCH,
2025-12-10,CHEMBONDCH,
2025-12-11,CHEMBONDCH,
2025-12-12,CHEMBONDCH,
2025-12-15,CHEMBONDCH,
2025-12-16,CHEMBONDCH,
2025-12-17,CHEMBONDCH,
2025-12-18,CHEMBONDCH,
2025-12-19,CHEMBONDCH,
2025-12-22,CHEMBONDCH,
2025-12-23,CHEMBONDCH,
2025-12-24,CHEMBONDCH,
2025-12-26,CHEMBONDCH,
2025-12-29,CHEMBONDCH,
2025-12-30,CHEMBONDCH,
2025-12-31,CHEMBONDCH,
2026-01-01,CHEMBONDCH,
2026-01-02,CHEMBONDCH,
2026-01-05,CHEMBONDCH,
2026-01-06,CHEMBONDCH,
2026-01-07,CHEMBONDCH,
2026-01-08,CHEMBONDCH,
2026-01-09,CHEMBONDCH,
2026-01-12,CHEMBONDCH,
2026-01-13,CHEMBONDCH,
2026-01-14,CHEMBONDCH,
2026-01-16,CHEMBONDCH,
2026-01-19,CHEMBONDCH,
2026-01-20,CHEMBONDCH,
2026-01-21,CHEMBONDCH,
2026-01-22,CHEMBONDCH,
2026-01-23,CHEMBONDCH,
2026-01-27,CHEMBONDCH,
2026-01-28,CHEMBONDCH,
2026-01-29,CHEMBONDCH,
2026-01-30,CHEMBONDCH,
2026-02-02,CHEMBONDCH,
2026-02-03,CHEMBONDCH,
2026-02-04,CHEMBONDCH,
2026-02-05,CHEMBONDCH,
2026-02-06,CHEMBONDCH,
2026-02-09,CHEMBONDCH,
2026-02-10,CHEMBONDCH,
2026-02-11,CHEMBONDCH,
2026-02-12,CHEMBONDCH,
2026-02-13,CHEMBONDCH,
2026-02-16,CHEMBONDCH,
2026-02-17,CHEMBONDCH,
2026-02-18,CHEMBONDCH,
2026-02-19,CHEMBONDCH,
2026-02-20,CHEMBONDCH,
2026-02-23,CHEMBONDCH,
2026-02-24,CHEMBONDCH,
2026-02-25,CHEMBONDCH,
2026-02-26,CHEMBONDCH,
2026-02-27,CHEMBONDCH,
2026-03-02,CHEMBONDCH,
2026-03-04,CHEMBONDCH,
2026-03-05,CHEMBONDCH,
2026-03-06,CHEMBONDCH,
2026-03-09,CHEMBONDCH,
2026-03-10,CHEMBONDCH,
2026-03-11,CHEMBONDCH,
2026-03-12,CHEMBONDCH,
2026-03-13,CHEMBONDCH,
2026-03-16,CHEMBONDCH,
2026-03-17,CHEMBONDCH,
2026-03-18,CHEMBONDCH,
2026-03-19,CHEMBONDCH,
2026-03-20,CHEMBONDCH,
2026-03-23,CHEMBONDCH,
2026-03-24,CHEMBONDCH,
2026-03-25,CHEMBONDCH,
2026-03-27,CHEMBONDCH,
2026-03-30,CHEMBONDCH,
2026-04-01,CHEMBONDCH,
2026-04-02,CHEMBONDCH,
2026-04-06,CHEMBONDCH,
2026-04-07,CHEMBONDCH,
2026-04-08,CHEMBONDCH,
2026-04-09,CHEMBONDCH,
2026-04-10,CHEMBONDCH,
2026-04-13,CHEMBONDCH,
2026-04-15,CHEMBONDCH,
2026-04-16,CHEMBONDCH,
2026-04-17,CHEMBONDCH,
2026-04-20,CHEMBONDCH,
2026-04-21,CHEMBONDCH,
2026-04-22,CHEMBONDCH,
2026-04-23,CHEMBONDCH,
2026-04-24,CHEMBONDCH,
2026-04-27,CHEMBONDCH,
2026-04-28,CHEMBONDCH,
2026-04-29,CHEMBONDCH,
2026-04-30,CHEMBONDCH,
2026-05-04,CHEMBONDCH,
2026-05-05,CHEMBONDCH,
2026-05-06,CHEMBONDCH,
2026-05-07,CHEMBONDCH,
2026-05-08,CHEMBONDCH,
2026-05-11,CHEMBONDCH,
2026-05-12,CHEMBONDCH,
2026-05-13,CHEMBONDCH,
2026-05-14,CHEMBONDCH,
2026-05-15,CHEMBONDCH,
2026-05-18,CHEMBONDCH,
2026-05-19,CHEMBONDCH,
2026-05-20,CHEMBONDCH,
2026-05-21,CHEMBONDCH,
2026-05-22,CHEMBONDCH,
2026-05-25,CHEMBONDCH,
2026-05-26,CHEMBONDCH,
2026-05-27,CHEMBONDCH,
2026-05-29,CHEMBONDCH,
2026-06-01,CHEMBONDCH,
2026-06-02,CHEMBONDCH,
2026-06-03,CHEMBONDCH,
2026-06-04,CHEMBONDCH,
2026-06-05,CHEMBONDCH,
2026-06-08,CHEMBONDCH,
2026-06-09,CHEMBONDCH,
2026-06-10,CHEMBONDCH,
2026-06-11,CHEMBONDCH,
2026-06-12,CHEMBONDCH,
2026-06-15,CHEMBONDCH,
2026-06-16,CHEMBONDCH,
2026-06-17,CHEMBONDCH,
2026-06-18,CHEMBONDCH,
2026-06-19,CHEMBONDCH,
2026-06-22,CHEMBONDCH,
2026-06-23,CHEMBONDCH,
2026-06-24,CHEMBONDCH,
2026-06-25,CHEMBONDCH,
2026-06-29,CHEMBONDCH,
2026-06-30,CHEMBONDCH,
2026-07-01,CHEMBONDCH,
2026-07-02,CHEMBONDCH,
2026-07-03,CHEMBONDCH,
2026-07-06,CHEMBONDCH,
2026-07-07,CHEMBONDCH,
2026-07-08,CHEMBONDCH,
2026-07-09,CHEMBONDCH,
2026-07-10,CHEMBONDCH,
2026-07-13,CHEMBONDCH,
2026-07-14,CHEMBONDCH,
2026-07-15,CHEMBONDCH,
2026-07-16,CHEMBONDCH,
2026-07-17,CHEMBONDCH,
2026-07-20,CHEMBONDCH,
2026-07-21,CHEMBONDCH,
2026-07-22,CHEMBONDCH,
2026-07-23,CHEMBONDCH,
2026-07-24,CHEMBONDCH,
2026-07-27,CHEMBONDCH,
2026-07-28,CHEMBONDCH,
2026-07-29,CHEMBONDCH,
2026-07-30,CHEMBONDCH,
2026-07-31,CHEMBONDCH,
2026-08-03,CHEMBONDCH,
2026-08-04,CHEMBONDCH,
2026-08-05,CHEMBONDCH,
2026-08-06,CHEMBONDCH,230.0
2026-08-07,CHEMBONDCH,230.0
2026-08-10,CHEMBONDCH,230.0
2026-08-11,CHEMBONDCH,230.0
2026-08-12,CHEMBONDCH,230.0
2026-08-13,CHEMBONDCH,230.0
2026-08-14,CHEMBONDCH,230.0
2026-08-17,CHEMBONDCH,230.0
2026-08-18,CHEMBONDCH,230.0
2026-08-19,CHEMBONDCH,230.0
2026-08-20,CHEMBONDCH,230.0
2026-08-21,CHEMBONDCH,230.0
2026-08-24,CHEMBONDCH,230.0
2026-08-25,CHEMBONDCH,238.0921
2026-08-26,CHEMBONDCH,238.0921
2026-08-27,CHEMBONDCH,238.0921
2026-08-28,CHEMBONDCH,238.0921
2026-08-31,CHEMBONDCH,238.0921
2026-09-01,CHEMBONDCH,238.0921
2026-09-02,CHEMBONDCH,238.0921
2026-09-03,CHEMBONDCH,238.0921
2026-09-04,CHEMBONDCH,238.0921
2026-09-07,CHEMBONDCH,238.0921
2026-09-08,CHEMBONDCH,238.0921
2026-09-09,CHEMBONDCH,238.0921
2026-09-10,CHEMBONDCH,238.0921
2026-09-11,CHEMBONDCH,238.0921
2026-09-15,CHEMBONDCH,238.0921
2026-09-16,CHEMBONDCH,238.0921
2026-09-17,CHEMBONDCH,238.0921
2026-09-18,CHEMBONDCH,238.0921
2026-09-21,CHEMBONDCH,238.0921
2026-09-22,CHEMBONDCH,238.0921
2026-09-23,CHEMBONDCH,238.0921
2026-09-24,CHEMBONDCH,238.0921
2025-09-10,CONFIPET,
2025-09-11,CONFIPET,
2025-09-12,CONFIPET,
2025-09-15,CONFIPET,
2025-09-16,CONFIPET,
2025-09-17,CONFIPET,
2025-09-18,CONFIPET,
2025-09-19,CONFIPET,
2025-09-22,CONFIPET,
2025-09-23,CONFIPET,
2025-09-24,CONFIPET,
2025-09-25,CONFIPET,
2025-09-26,CONFIPET,
2025-09-29,CONFIPET,
2025-09-30,CONFIPET,
2025-10-01,CONFIPET,
2025-10-03,CONFIPET,
2025-10-06,CONFIPET,
2025-10-07,CONFIPET,
2025-10-08,CONFIPET,
2025-10-09,CONFIPET,
2025-10-10,CONFIPET,
2025-10-13,CONFIPET,
2025-10-14,CONFIPET,
2025-10-15,CONFIPET,
2025-10-16,CONFIPET,
2025-10-17,CONFIPET,
2025-10-20,CONFIPET,
2025-10-21,CONFIPET,
2025-10-23,CONFIPET,
2025-10-24,CONFIPET,
2025-10-27,CONFIPET,
2025-10-28,CONFIPET,
2025-10-29,CONFIPET,
2025-10-30,CONFIPET,
2025-10-31,CONFIPET,
2025-11-03,CONFIPET,
2025-11-04,CONFIPET,
2025-11-06,CONFIPET,
2025-11-07,CONFIPET,
2025-11-10,CONFIPET,
2025-11-11,CONFIPET,
2025-11-12,CONFIPET,
2025-11-13,CONFIPET,
2025-11-14,CONFIPET,
2025-11-17,CONFIPET,
2025-11-18,CONFIPET,
2025-11-19,CONFIPET,
2025-11-20,CONFIPET,
2025-11-21,CONFIPET,
2025-11-24,CONFIPET,
2025-11-25,CONFIPET,
2025-11-26,CONFIPET,
2025-11-27,CONFIPET,
2025-11-28,CONFIPET,
2025-12-01,CONFIPET,
2025-12-02,CONFIPET,
2025-12-03,CONFIPET,
2025-12-04,CONFIPET,
2025-12-05,CONFIPET,
2025-12-08,CONFIPET,
2025-12-09,CONFIPET,
2025-12-10,CONFIPET,
2025-12-11,CONFIPET,
2025-12-12,CONFIPET,
2025-12-15,CONFIPET,
2025-12-16,CONFIPET,
2025-12-17,CONFIPET,
2025-12-18,CONFIPET,
2025-12-19,CONFIPET,
2025-12-22,CONFIPET,
2025-12-23,CONFIPET,
2025-12-24,CONFIPET,
2025-12-26,CONFIPET,
2025-12-29,CONFIPET,
2025-12-30,CONFIPET,
2025-12-31,CONFIPET,
2026-01-01,CONFIPET,
2026-01-02,CONFIPET,
2026-01-05,CONFIPET,
2026-01-06,CONFIPET,
2026-01-07,CONFIPET,
2026-01-08,CONFIPET,
2026-01-09,CONFIPET,
2026-01-12,CONFIPET,
2026-01-13,CONFIPET,
2026-01-14,CONFIPET,
2026-01-16,CONFIPET,
2026-01-19,CONFIPET,
2026-01-20,CONFIPET,
2026-01-21,CONFIPET,
2026-01-22,CONFIPET,
2026-01-23,CONFIPET,
2026-01-27,CONFIPET,
2026-01-28,CONFIPET,
2026-01-29,CONFIPET,
2026-01-30,CONFIPET,
2026-02-02,CONFIPET,
2026-02-03,CONFIPET,
2026-02-04,CONFIPET,
2026-02-05,CONFIPET,
2026-02-06,CONFIPET,
2026-02-09,CONFIPET,
2026-02-10,CONFIPET,
2026-02-11,CONFIPET,
2026-02-12,CONFIPET,
2026-02-13,CONFIPET,
2026-02-16,CONFIPET,
2026-02-17,CONFIPET,
2026-02-18,CONFIPET,
2026-02-19,CONFIPET,
2026-02-20,CONFIPET,
2026-02-23,CONFIPET,
2026-02-24,CONFIPET,
2026-02-25,CONFIPET,
2026-02-26,CONFIPET,
2026-02-27,CONFIPET,
2026-03-02,CONFIPET,
2026-03-04,CONFIPET,
2026-03-05,CONFIPET,
2026-03-06,CONFIPET,
2026-03-09,CONFIPET,
2026-03-10,CONFIPET,
2026-03-11,CONFIPET,
2026-03-12,CONFIPET,
2026-03-13,CONFIPET,
2026-03-16,CONFIPET,
2026-03-17,CONFIPET,
2026-03-18,CONFIPET,
2026-03-19,CONFIPET,
2026-03-20,CONFIPET,
2026-03-23,CONFIPET,
2026-03-24,CONFIPET,
2026-03-25,CONFIPET,
2026-03-27,CONFIPET,
2026-03-30,CONFIPET,
2026-04-01,CONFIPET,
2026-04-02,CONFIPET,
2026-04-06,CONFIPET,
2026-04-07,CONFIPET,
2026-04-08,CONFIPET,
2026-04-09,CONFIPET,
2026-04-10,CONFIPET,
2026-04-13,CONFIPET,
2026-04-15,CONFIPET,
2026-04-16,CONFIPET,
2026-04-17,CONFIPET,
2026-04-20,CONFIPET,
2026-04-21,CONFIPET,
2026-04-22,CONFIPET,
2026-04-23,CONFIPET,
2026-04-24,CONFIPET,
2026-04-27,CONFIPET,
2026-04-28,CONFIPET,
2026-04-29,CONFIPET,
2026-04-30,CONFIPET,
2026-05-04,CONFIPET,
2026-05-05,CONFIPET,
2026-05-06,CONFIPET,
2026-05-07,CONFIPET,
2026-05-08,CONFIPET,
2026-05-11,CONFIPET,
2026-05-12,CONFIPET,
2026-05-13,CONFIPET,
2026-05-14,CONFIPET,
2026-05-15,CONFIPET,
2026-05-18,CONFIPET,
2026-05-19,CONFIPET,
2026-05-20,CONFIPET,
2026-05-21,CONFIPET,
2026-05-22,CONFIPET,
2026-05-25,CONFIPET,
2026-05-26,CONFIPET,
2026-05-27,CONFIPET,
2026-05-29,CONFIPET,
2026-06-01,CONFIPET,
2026-06-02,CONFIPET,
2026-06-03,CONFIPET,
2026-06-04,CONFIPET,
2026-06-05,CONFIPET,
2026-06-08,CONFIPET,
2026-06-09,CONFIPET,
2026-06-10,CONFIPET,
2026-06-11,CONFIPET,
2026-06-12,CONFIPET,
2026-06-15,CONFIPET,
2026-06-16,CONFIPET,
2026-06-17,CONFIPET,
2026-06-18,CONFIPET,
2026-06-19,CONFIPET,
2026-06-22,CONFIPET,
2026-06-23,CONFIPET,
2026-06-24,CONFIPET,71.03
2026-06-25,CONFIPET,71.3568
2026-06-29,CONFIPET,71.3888
2026-06-30,CONFIPET,71.985
2026-07-01,CONFIPET,71.985
2026-07-02,CONFIPET,71.985
2026-07-03,CONFIPET,71.985
2026-07-06,CONFIPET,71.985
2026-07-07,CONFIPET,71.985
2026-07-08,CONFIPET,71.985
2026-07-09,CONFIPET,71.985
2026-07-10,CONFIPET,71.985
2026-07-13,CONFIPET,71.985
2026-07-14,CONFIPET,71.985
2026-07-15,CONFIPET,71.985
2026-07-16,CONFIPET,71.985
2026-07-17,CONFIPET,71.985
2026-07-20,CONFIPET,71.985
2026-07-21,CONFIPET,71.985
2026-07-22,CONFIPET,71.985
2026-07-23,CONFIPET,71.985
2026-07-24,CONFIPET,71.985
2026-07-27,CONFIPET,71.985
2026-07-28,CONFIPET,71.985
2026-07-29,CONFIPET,71.985
2026-07-30,CONFIPET,71.985
2026-07-31,CONFIPET,71.985
2026-08-03,CONFIPET,71.985
2026-08-04,CONFIPET,71.985
2026-08-05,CONFIPET,71.985
2026-08-06,CONFIPET,71.985
2026-08-07,CONFIPET,71.985
2026-08-10,CONFIPET,71.985
2026-08-11,CONFIPET,71.985
2026-08-12,CONFIPET,71.985
2026-08-13,CONFIPET,71.985
2026-08-14,CONFIPET,71.985
2026-08-17,CONFIPET,71.985
2026-08-18,CONFIPET,71.985
2026-08-19,CONFIPET,71.985
2026-08-20,CONFIPET,71.985
2026-08-21,CONFIPET,72.4855
2026-08-24,CONFIPET,72.476
2026-08-25,CONFIPET,72.476
2026-08-26,CONFIPET,72.9223
2026-08-27,CONFIPET,72.9223
2026-08-28,CONFIPET,72.9223
2026-08-31,CONFIPET,72.9223
2026-09-01,CONFIPET,72.9223
2026-09-02,CONFIPET,72.9223
2026-09-03,CONFIPET,72.9223
2026-09-04,CONFIPET,72.9223
2026-09-07,CONFIPET,72.9223
2026-09-08,CONFIPET,72.9223
2026-09-09,CONFIPET,74.6902
2026-09-10,CONFIPET,74.6902
2026-09-11,CONFIPET,74.6902
2026-09-15,CONFIPET,74.6902
2026-09-16,CONFIPET,74.6902
2026-09-17,CONFIPET,74.6902
2026-09-18,CONFIPET,74.6902
2026-09-21,CONFIPET,74.6902
2026-09-22,CONFIPET,74.6902
2026-09-23,CONFIPET,74.6902
2026-09-24,CONFIPET,74.6902
2025-09-10,DIAMONDYD,
2025-09-11,DIAMONDYD,
2025-09-12,DIAMONDYD,
2025-09-15,DIAMONDYD,
2025-09-16,DIAMONDYD,
2025-09-17,DIAMONDYD,
2025-09-18,DIAMONDYD,
2025-09-19,DIAMONDYD,
2025-09-22,DIAMONDYD,
2025-09-23,DIAMONDYD,
2025-09-24,DIAMONDYD,
2025-09-25,DIAMONDYD,
2025-09-26,DIAMONDYD,
2025-09-29,DIAMONDYD,
2025-09-30,DIAMONDYD,
2025-10-01,DIAMONDYD,
2025-10-03,DIAMONDYD,
2025-10-06,DIAMONDYD,
2025-10-07,DIAMONDYD,
2025-10-08,DIAMONDYD,
2025-10-09,DIAMONDYD,
2025-10-10,DIAMONDYD,
2025-10-13,DIAMONDYD,
2025-10-14,DIAMONDYD,
2025-10-15,DIAMONDYD,
2025-10-16,DIAMONDYD,
2025-10-17,DIAMONDYD,
2025-10-20,DIAMONDYD,
2025-10-21,DIAMONDYD,
2025-10-23,DIAMONDYD,
2025-10-24,DIAMONDYD,
2025-10-27,DIAMONDYD,
2025-10-28,DIAMONDYD,
2025-10-29,DIAMONDYD,
2025-10-30,DIAMONDYD,
2025-10-31,DIAMONDYD,
2025-11-03,DIAMONDYD,
2025-11-04,DIAMONDYD,
2025-11-06,DIAMONDYD,
2025-11-07,DIAMONDYD,
2025-11-10,DIAMONDYD,
2025-11-11,DIAMONDYD,
2025-11-12,DIAMONDYD,
2025-11-13,DIAMONDYD,
2025-11-14,DIAMONDYD,
2025-11-17,DIAMONDYD,
2025-11-18,DIAMONDYD,
2025-11-19,DIAMONDYD,
2025-11-20,DIAMONDYD,
2025-11-21,DIAMONDYD,
2025-11-24,DIAMONDYD,
2025-11-25,DIAMONDYD,
2025-11-26,DIAMONDYD,
2025-11-27,DIAMONDYD,
2025-11-28,DIAMONDYD,
2025-12-01,DIAMONDYD,
2025-12-02,DIAMONDYD,
2025-12-03,DIAMONDYD,
2025-12-04,DIAMONDYD,
2025-12-05,DIAMONDYD,
2025-12-08,DIAMONDYD,
2025-12-09,DIAMONDYD,
2025-12-10,DIAMONDYD,
2025-12-11,DIAMONDYD,
2025-12-12,DIAMONDYD,
2025-12-15,DIAMONDYD,
2025-12-16,DIAMONDYD,
2025-12-17,DIAMONDYD,
2025-12-18,DIAMONDYD,
2025-12-19,DIAMONDYD,
2025-12-22,DIAMONDYD,
2025-12-23,DIAMONDYD,
2025-12-24,DIAMONDYD,
2025-12-26,DIAMONDYD,
2025-12-29,DIAMONDYD,
2025-12-30,DIAMONDYD,
2025-12-31,DIAMONDYD,
2026-01-01,DIAMONDYD,
2026-01-02,DIAMONDYD,
2026-01-05,DIAMONDYD,
2026-01-06,DIAMONDYD,
2026-01-07,DIAMONDYD,
2026-01-08,DIAMONDYD,
2026-01-09,DIAMONDYD,
2026-01-12,DIAMONDYD,
2026-01-13,DIAMONDYD,
2026-01-14,DIAMONDYD,
2026-01-16,DIAMONDYD,
2026-01-19,DIAMONDYD,
2026-01-20,DIAMONDYD,
2026-01-21,DIAMONDYD,
2026-01-22,DIAMONDYD,
2026-01-23,DIAMONDYD,
2026-01-27,DIAMONDYD,
2026-01-28,DIAMONDYD,
2026-01-29,DIAMONDYD,
2026-01-30,DIAMONDYD,
2026-02-02,DIAMONDYD,
2026-02-03,DIAMONDYD,
2026-02-04,DIAMONDYD,
2026-02-05,DIAMONDYD,
2026-02-06,DIAMONDYD,
2026-02-09,DIAMONDYD,
2026-02-10,DIAMONDYD,
2026-02-11,DIAMONDYD,
2026-02-12,DIAMONDYD,
2026-02-13,DIAMONDYD,
2026-02-16,DIAMONDYD,
2026-02-17,DIAMONDYD,
2026-02-18,DIAMONDYD,
2026-02-19,DIAMONDYD,
2026-02-20,DIAMONDYD,
2026-02-23,DIAMONDYD,
2026-02-24,DIAMONDYD,
2026-02-25,DIAMONDYD,
2026-02-26,DIAMONDYD,
2026-02-27,DIAMONDYD,
2026-03-02,DIAMONDYD,
2026-03-04,DIAMONDYD,
2026-03-05,DIAMONDYD,
2026-03-06,DIAMONDYD,
2026-03-09,DIAMONDYD,
2026-03-10,DIAMONDYD,
2026-03-11,DIAMONDYD,
2026-03-12,DIAMONDYD,
2026-03-13,DIAMONDYD,
2026-03-16,DIAMONDYD,
2026-03-17,DIAMONDYD,
2026-03-18,DIAMONDYD,
2026-03-19,DIAMONDYD,
2026-03-20,DIAMONDYD,
2026-03-23,DIAMONDYD,
2026-03-24,DIAMONDYD,
2026-03-25,DIAMONDYD,
2026-03-27,DIAMONDYD,
2026-03-30,DIAMONDYD,
2026-04-01,DIAMONDYD,
2026-04-02,DIAMONDYD,
2026-04-06,DIAMONDYD,
2026-04-07,DIAMONDYD,
2026-04-08,DIAMONDYD,
2026-04-09,DIAMONDYD,
2026-04-10,DIAMONDYD,
2026-04-13,DIAMONDYD,
2026-04-15,DIAMONDYD,
2026-04-16,DIAMONDYD,
2026-04-17,DIAMONDYD,
2026-04-20,DIAMONDYD,
2026-04-21,DIAMONDYD,
2026-04-22,DIAMONDYD,
2026-04-23,DIAMONDYD,
2026-04-24,DIAMONDYD,
2026-04-27,DIAMONDYD,
2026-04-28,DIAMONDYD,
2026-04-29,DIAMONDYD,
2026-04-30,DIAMONDYD,
2026-05-04,DIAMONDYD,
2026-05-05,DIAMONDYD,
2026-05-06,DIAMONDYD,
2026-05-07,DIAMONDYD,
2026-05-08,DIAMONDYD,
2026-05-11,DIAMONDYD,
2026-05-12,DIAMONDYD,
2026-05-13,DIAMONDYD,
2026-05-14,DIAMONDYD,
2026-05-15,DIAMONDYD,
2026-05-18,DIAMONDYD,
2026-05-19,DIAMONDYD,
2026-05-20,DIAMONDYD,
2026-05-21,DIAMONDYD,
2026-05-22,DIAMONDYD,
2026-05-25,DIAMONDYD,
2026-05-26,DIAMONDYD,
2026-05-27,DIAMONDYD,
2026-05-29,DIAMONDYD,
2026-06-01,DIAMONDYD,
2026-06-02,DIAMONDYD,
2026-06-03,DIAMONDYD,
2026-06-04,DIAMONDYD,
2026-06-05,DIAMONDYD,
2026-06-08,DIAMONDYD,
2026-06-09,DIAMONDYD,
2026-06-10,DIAMONDYD,
2026-06-11,DIAMONDYD,
2026-06-12,DIAMONDYD,
2026-06-15,DIAMONDYD,
2026-06-16,DIAMONDYD,
2026-06-17,DIAMONDYD,
2026-06-18,DIAMONDYD,
2026-06-19,DIAMONDYD,
2026-06-22,DIAMONDYD,
2026-06-23,DIAMONDYD,
2026-06-24,DIAMONDYD,
2026-06-25,DIAMONDYD,1090.0
2026-06-29,DIAMONDYD,1090.0
2026-06-30,DIAMONDYD,1090.0
2026-07-01,DIAMONDYD,1090.0
2026-07-02,DIAMONDYD,1090.0
2026-07-03,DIAMONDYD,1090.0
2026-07-06,DIAMONDYD,1090.0
2026-07-07,DIAMONDYD,1090.0
2026-07-08,DIAMONDYD,1090.0
2026-07-09,DIAMONDYD,1090.0
2026-07-10,DIAMONDYD,1090.0
2026-07-13,DIAMONDYD,1090.0
2026-07-14,DIAMONDYD,1090.0
2026-07-15,DIAMONDYD,1090.0
2026-07-16,DIAMONDYD,1090.0
2026-07-17,DIAMONDYD,1090.0
2026-07-20,DIAMONDYD,1090.0
2026-07-21,DIAMONDYD,1090.0
2026-07-22,DIAMONDYD,1090.0
2026-07-23,DIAMONDYD,1090.0
2026-07-24,DIAMONDYD,1090.0
2026-07-27,DIAMONDYD,1090.0
2026-07-28,DIAMONDYD,1090.0
2026-07-29,DIAMONDYD,1090.0
2026-07-30,DIAMONDYD,1090.0
2026-07-31,DIAMONDYD,1090.0
2026-08-03,DIAMONDYD,1090.0
2026-08-04,DIAMONDYD,1090.0
2026-08-05,DIAMONDYD,1167.1196
2026-08-06,DIAMONDYD,1167.0484
2026-08-07,DIAMONDYD,1173.9645
2026-08-10,DIAMONDYD,1173.9645
2026-08-11,DIAMONDYD,1173.9645
2026-08-12,DIAMONDYD,1173.9645
2026-08-13,DIAMONDYD,1173.9645
2026-08-14,DIAMONDYD,1173.9645
2026-08-17,DIAMONDYD,1173.9645
2026-08-18,DIAMONDYD,1173.9645
2026-08-19,DIAMONDYD,1173.9645
2026-08-20,DIAMONDYD,1173.9645
2026-08-21,DIAMONDYD,1173.9645
2026-08-24,DIAMONDYD,1173.9645
2026-08-25,DIAMONDYD,1173.9645
2026-08-26,DIAMONDYD,1173.9645
2026-08-27,DIAMONDYD,1173.9645
2026-08-28,DIAMONDYD,1173.9645
2026-08-31,DIAMONDYD,1173.9645
2026-09-01,DIAMONDYD,1173.9645
2026-09-02,DIAMONDYD,1173.9645
2026-09-03,DIAMONDYD,1173.9645
2026-09-04,DIAMONDYD,1173.9645
2026-09-07,DIAMONDYD,1173.9645
2026-09-08,DIAMONDYD,1173.9645
2026-09-09,DIAMONDYD,1173.9645
2026-09-10,DIAMONDYD,1173.9645
2026-09-11,DIAMONDYD,1173.9645
2026-09-15,DIAMONDYD,1173.9645
2026-09-16,DIAMONDYD,1173.9645
2026-09-17,DIAMONDYD,1173.9645
2026-09-18,DIAMONDYD,1173.9645
2026-09-21,DIAMONDYD,1173.9645
2026-09-22,DIAMONDYD,1173.9645
2026-09-23,DIAMONDYD,1173.9645
2026-09-24,DIAMONDYD,1173.9645
2025-09-10,DOLLAR,
2025-09-11,DOLLAR,
2025-09-12,DOLLAR,
2025-09-15,DOLLAR,
2025-09-16,DOLLAR,
2025-09-17,DOLLAR,
2025-09-18,DOLLAR,
2025-09-19,DOLLAR,
2025-09-22,DOLLAR,
2025-09-23,DOLLAR,
2025-09-24,DOLLAR,
2025-09-25,DOLLAR,
2025-09-26,DOLLAR,
2025-09-29,DOLLAR,
2025-09-30,DOLLAR,
2025-10-01,DOLLAR,
2025-10-03,DOLLAR,
2025-10-06,DOLLAR,
2025-10-07,DOLLAR,
2025-10-08,DOLLAR,
2025-10-09,DOLLAR,
2025-10-10,DOLLAR,
2025-10-13,DOLLAR,
2025-10-14,DOLLAR,
2025-10-15,DOLLAR,
2025-10-16,DOLLAR,
2025-10-17,DOLLAR,
2025-10-20,DOLLAR,
2025-10-21,DOLLAR,
2025-10-23,DOLLAR,
2025-10-24,DOLLAR,
2025-10-27,DOLLAR,
2025-10-28,DOLLAR,
2025-10-29,DOLLAR,
2025-10-30,DOLLAR,
2025-10-31,DOLLAR,
2025-11-03,DOLLAR,
2025-11-04,DOLLAR,
2025-11-06,DOLLAR,
2025-11-07,DOLLAR,
2025-11-10,DOLLAR,
2025-11-11,DOLLAR,
2025-11-12,DOLLAR,
2025-11-13,DOLLAR,
2025-11-14,DOLLAR,
2025-11-17,DOLLAR,
2025-11-18,DOLLAR,
2025-11-19,DOLLAR,
2025-11-20,DOLLAR,
2025-11-21,DOLLAR,
2025-11-24,DOLLAR,
2025-11-25,DOLLAR,
2025-11-26,DOLLAR,
2025-11-27,DOLLAR,
2025-11-28,DOLLAR,
2025-12-01,DOLLAR,
2025-12-02,DOLLAR,
2025-12-03,DOLLAR,
2025-12-04,DOLLAR,
2025-12-05,DOLLAR,
2025-12-08,DOLLAR,
2025-12-09,DOLLAR,
2025-12-10,DOLLAR,
2025-12-11,DOLLAR,
2025-12-12,DOLLAR,
2025-12-15,DOLLAR,
2025-12-16,DOLLAR,
2025-12-17,DOLLAR,
2025-12-18,DOLLAR,
2025-12-19,DOLLAR,
2025-12-22,DOLLAR,
2025-12-23,DOLLAR,
2025-12-24,DOLLAR,
2025-12-26,DOLLAR,
2025-12-29,DOLLAR,
2025-12-30,DOLLAR,
2025-12-31,DOLLAR,
2026-01-01,DOLLAR,
2026-01-02,DOLLAR,
2026-01-05,DOLLAR,
2026-01-06,DOLLAR,
2026-01-07,DOLLAR,
2026-01-08,DOLLAR,
2026-01-09,DOLLAR,
2026-01-12,DOLLAR,
2026-01-13,DOLLAR,
2026-01-14,DOLLAR,
2026-01-16,DOLLAR,
2026-01-19,DOLLAR,
2026-01-20,DOLLAR,
2026-01-21,DOLLAR,
2026-01-22,DOLLAR,
2026-01-23,DOLLAR,
2026-01-27,DOLLAR,
2026-01-28,DOLLAR,
2026-01-29,DOLLAR,
2026-01-30,DOLLAR,
2026-02-02,DOLLAR,
2026-02-03,DOLLAR,
2026-02-04,DOLLAR,
2026-02-05,DOLLAR,
2026-02-06,DOLLAR,
2026-02-09,DOLLAR,
2026-02-10,DOLLAR,
2026-02-11,DOLLAR,
2026-02-12,DOLLAR,
2026-02-13,DOLLAR,
2026-02-16,DOLLAR,
2026-02-17,DOLLAR,
2026-02-18,DOLLAR,
2026-02-19,DOLLAR,
2026-02-20,DOLLAR,
2026-02-23,DOLLAR,
2026-02-24,DOLLAR,
2026-02-25,DOLLAR,
2026-02-26,DOLLAR,
2026-02-27,DOLLAR,
2026-03-02,DOLLAR,
2026-03-04,DOLLAR,
2026-03-05,DOLLAR,
2026-03-06,DOLLAR,
2026-03-09,DOLLAR,
2026-03-10,DOLLAR,
2026-03-11,DOLLAR,
2026-03-12,DOLLAR,
2026-03-13,DOLLAR,
2026-03-16,DOLLAR,
2026-03-17,DOLLAR,
2026-03-18,DOLLAR,
2026-03-19,DOLLAR,
2026-03-20,DOLLAR,
2026-03-23,DOLLAR,
2026-03-24,DOLLAR,
2026-03-25,DOLLAR,
2026-03-27,DOLLAR,
2026-03-30,DOLLAR,
2026-04-01,DOLLAR,
2026-04-02,DOLLAR,
2026-04-06,DOLLAR,
2026-04-07,DOLLAR,
2026-04-08,DOLLAR,
2026-04-09,DOLLAR,
2026-04-10,DOLLAR,
2026-04-13,DOLLAR,
2026-04-15,DOLLAR,
2026-04-16,DOLLAR,
2026-04-17,DOLLAR,
2026-04-20,DOLLAR,
2026-04-21,DOLLAR,
2026-04-22,DOLLAR,
2026-04-23,DOLLAR,
2026-04-24,DOLLAR,
2026-04-27,DOLLAR,
2026-04-28,DOLLAR,
2026-04-29,DOLLAR,
2026-04-30,DOLLAR,
2026-05-04,DOLLAR,
2026-05-05,DOLLAR,
2026-05-06,DOLLAR,
2026-05-07,DOLLAR,
2026-05-08,DOLLAR,
2026-05-11,DOLLAR,
2026-05-12,DOLLAR,
2026-05-13,DOLLAR,
2026-05-14,DOLLAR,
2026-05-15,DOLLAR,
2026-05-18,DOLLAR,
2026-05-19,DOLLAR,
2026-05-20,DOLLAR,
2026-05-21,DOLLAR,
2026-05-22,DOLLAR,
2026-05-25,DOLLAR,
2026-05-26,DOLLAR,
2026-05-27,DOLLAR,
2026-05-29,DOLLAR,
2026-06-01,DOLLAR,
2026-06-02,DOLLAR,
2026-06-03,DOLLAR,
2026-06-04,DOLLAR,
2026-06-05,DOLLAR,
2026-06-08,DOLLAR,
2026-06-09,DOLLAR,
2026-06-10,DOLLAR,
2026-06-11,DOLLAR,
2026-06-12,DOLLAR,
2026-06-15,DOLLAR,
2026-06-16,DOLLAR,
2026-06-17,DOLLAR,
2026-06-18,DOLLAR,
2026-06-19,DOLLAR,
2026-06-22,DOLLAR,
2026-06-23,DOLLAR,
2026-06-24,DOLLAR,269.7
2026-06-25,DOLLAR,269.7
2026-06-29,DOLLAR,269.7
2026-06-30,DOLLAR,269.7
2026-07-01,DOLLAR,269.7
2026-07-02,DOLLAR,269.7
2026-07-03,DOLLAR,269.7
2026-07-06,DOLLAR,269.7
2026-07-07,DOLLAR,269.7
2026-07-08,DOLLAR,269.7
2026-07-09,DOLLAR,269.7
2026-07-10,DOLLAR,269.7
2026-07-13,DOLLAR,269.7
2026-07-14,DOLLAR,269.7
2026-07-15,DOLLAR,269.7
2026-07-16,DOLLAR,269.7
2026-07-17,DOLLAR,269.7
2026-07-20,DOLLAR,269.7
2026-07-21,DOLLAR,269.7
2026-07-22,DOLLAR,269.7
2026-07-23,DOLLAR,269.7
2026-07-24,DOLLAR,269.7
2026-07-27,DOLLAR,269.7
2026-07-28,DOLLAR,269.7
2026-07-29,DOLLAR,269.7
2026-07-30,DOLLAR,269.7
2026-07-31,DOLLAR,269.7
2026-08-03,DOLLAR,269.7
2026-08-04,DOLLAR,269.7
2026-08-05,DOLLAR,269.7
2026-08-06,DOLLAR,269.7
2026-08-07,DOLLAR,269.7
2026-08-10,DOLLAR,269.7
2026-08-11,DOLLAR,269.7
2026-08-12,DOLLAR,269.7
2026-08-13,DOLLAR,269.7
2026-08-14,DOLLAR,269.7
2026-08-17,DOLLAR,269.7
2026-08-18,DOLLAR,269.7
2026-08-19,DOLLAR,269.7
2026-08-20,DOLLAR,269.7
2026-08-21,DOLLAR,269.7
2026-08-24,DOLLAR,269.7
2026-08-25,DOLLAR,269.7
2026-08-26,DOLLAR,269.7
2026-08-27,DOLLAR,269.7
2026-08-28,DOLLAR,269.7
2026-08-31,DOLLAR,269.7
2026-09-01,DOLLAR,269.7
2026-09-02,DOLLAR,269.7
2026-09-03,DOLLAR,269.7
2026-09-04,DOLLAR,269.7
2026-09-07,DOLLAR,269.7
2026-09-08,DOLLAR,269.7
2026-09-09,DOLLAR,269.7
2026-09-10,DOLLAR,269.7
2026-09-11,DOLLAR,269.7
2026-09-15,DOLLAR,269.7
2026-09-16,DOLLAR,269.7
2026-09-17,DOLLAR,269.7
2026-09-18,DOLLAR,269.7
2026-09-21,DOLLAR,269.7
2026-09-22,DOLLAR,269.7
2026-09-23,DOLLAR,269.7
2026-09-24,DOLLAR,269.7
2025-09-10,EIEL,
2025-09-11,EIEL,
2025-09-12,EIEL,
2025-09-15,EIEL,
2025-09-16,EIEL,
2025-09-17,EIEL,
2025-09-18,EIEL,
2025-09-19,EIEL,
2025-09-22,EIEL,
2025-09-23,EIEL,
2025-09-24,EIEL,
2025-09-25,EIEL,
2025-09-26,EIEL,
2025-09-29,EIEL,
2025-09-30,EIEL,
2025-10-01,EIEL,
2025-10-03,EIEL,
2025-10-06,EIEL,
2025-10-07,EIEL,
2025-10-08,EIEL,
2025-10-09,EIEL,
2025-10-10,EIEL,
2025-10-13,EIEL,
2025-10-14,EIEL,
2025-10-15,EIEL,
2025-10-16,EIEL,
2025-10-17,EIEL,
2025-10-20,EIEL,
2025-10-21,EIEL,
2025-10-23,EIEL,
2025-10-24,EIEL,
2025-10-27,EIEL,
2025-10-28,EIEL,
2025-10-29,EIEL,
2025-10-30,EIEL,
2025-10-31,EIEL,
2025-11-03,EIEL,
2025-11-04,EIEL,
2025-11-06,EIEL,
2025-11-07,EIEL,
2025-11-10,EIEL,
2025-11-11,EIEL,
2025-11-12,EIEL,
2025-11-13,EIEL,
2025-11-14,EIEL,
2025-11-17,EIEL,
2025-11-18,EIEL,
2025-11-19,EIEL,
2025-11-20,EIEL,
2025-11-21,EIEL,
2025-11-24,EIEL,
2025-11-25,EIEL,
2025-11-26,EIEL,
2025-11-27,EIEL,
2025-11-28,EIEL,
2025-12-01,EIEL,
2025-12-02,EIEL,
2025-12-03,EIEL,
2025-12-04,EIEL,
2025-12-05,EIEL,
2025-12-08,EIEL,
2025-12-09,EIEL,
2025-12-10,EIEL,
2025-12-11,EIEL,
2025-12-12,EIEL,
2025-12-15,EIEL,
2025-12-16,EIEL,
2025-12-17,EIEL,
2025-12-18,EIEL,
2025-12-19,EIEL,
2025-12-22,EIEL,
2025-12-23,EIEL,
2025-12-24,EIEL,
2025-12-26,EIEL,
2025-12-29,EIEL,
2025-12-30,EIEL,
2025-12-31,EIEL,
2026-01-01,EIEL,
2026-01-02,EIEL,
2026-01-05,EIEL,
2026-01-06,EIEL,
2026-01-07,EIEL,
2026-01-08,EIEL,
2026-01-09,EIEL,
2026-01-12,EIEL,
2026-01-13,EIEL,
2026-01-14,EIEL,
2026-01-16,EIEL,
2026-01-19,EIEL,
2026-01-20,EIEL,
2026-01-21,EIEL,
2026-01-22,EIEL,
2026-01-23,EIEL,
2026-01-27,EIEL,
2026-01-28,EIEL,
2026-01-29,EIEL,
2026-01-30,EIEL,
2026-02-02,EIEL,
2026-02-03,EIEL,
2026-02-04,EIEL,
2026-02-05,EIEL,
2026-02-06,EIEL,
2026-02-09,EIEL,
2026-02-10,EIEL,
2026-02-11,EIEL,
2026-02-12,EIEL,
2026-02-13,EIEL,
2026-02-16,EIEL,
2026-02-17,EIEL,
2026-02-18,EIEL,
2026-02-19,EIEL,
2026-02-20,EIEL,
2026-02-23,EIEL,
2026-02-24,EIEL,
2026-02-25,EIEL,
2026-02-26,EIEL,
2026-02-27,EIEL,
2026-03-02,EIEL,
2026-03-04,EIEL,
2026-03-05,EIEL,
2026-03-06,EIEL,
2026-03-09,EIEL,
2026-03-10,EIEL,
2026-03-11,EIEL,
2026-03-12,EIEL,
2026-03-13,EIEL,
2026-03-16,EIEL,
2026-03-17,EIEL,
2026-03-18,EIEL,
2026-03-19,EIEL,
2026-03-20,EIEL,
2026-03-23,EIEL,
2026-03-24,EIEL,
2026-03-25,EIEL,
2026-03-27,EIEL,
2026-03-30,EIEL,
2026-04-01,EIEL,
2026-04-02,EIEL,
2026-04-06,EIEL,
2026-04-07,EIEL,
2026-04-08,EIEL,
2026-04-09,EIEL,
2026-04-10,EIEL,
2026-04-13,EIEL,
2026-04-15,EIEL,
2026-04-16,EIEL,
2026-04-17,EIEL,
2026-04-20,EIEL,
2026-04-21,EIEL,
2026-04-22,EIEL,
2026-04-23,EIEL,
2026-04-24,EIEL,
2026-04-27,EIEL,
2026-04-28,EIEL,
2026-04-29,EIEL,
2026-04-30,EIEL,
2026-05-04,EIEL,
2026-05-05,EIEL,
2026-05-06,EIEL,
2026-05-07,EIEL,
2026-05-08,EIEL,
2026-05-11,EIEL,
2026-05-12,EIEL,
2026-05-13,EIEL,
2026-05-14,EIEL,
2026-05-15,EIEL,
2026-05-18,EIEL,
2026-05-19,EIEL,
2026-05-20,EIEL,
2026-05-21,EIEL,
2026-05-22,EIEL,
2026-05-25,EIEL,
2026-05-26,EIEL,
2026-05-27,EIEL,
2026-05-29,EIEL,
2026-06-01,EIEL,
2026-06-02,EIEL,
2026-06-03,EIEL,
2026-06-04,EIEL,
2026-06-05,EIEL,
2026-06-08,EIEL,
2026-06-09,EIEL,
2026-06-10,EIEL,
2026-06-11,EIEL,
2026-06-12,EIEL,
2026-06-15,EIEL,
2026-06-16,EIEL,
2026-06-17,EIEL,
2026-06-18,EIEL,
2026-06-19,EIEL,
2026-06-22,EIEL,
2026-06-23,EIEL,
2026-06-24,EIEL,
2026-06-25,EIEL,
2026-06-29,EIEL,
2026-06-30,EIEL,
2026-07-01,EIEL,
2026-07-02,EIEL,
2026-07-03,EIEL,
2026-07-06,EIEL,
2026-07-07,EIEL,
2026-07-08,EIEL,
2026-07-09,EIEL,
2026-07-10,EIEL,
2026-07-13,EIEL,
2026-07-14,EIEL,
2026-07-15,EIEL,
2026-07-16,EIEL,
2026-07-17,EIEL,
2026-07-20,EIEL,
2026-07-21,EIEL,
2026-07-22,EIEL,
2026-07-23,EIEL,
2026-07-24,EIEL,
2026-07-27,EIEL,
2026-07-28,EIEL,
2026-07-29,EIEL,
2026-07-30,EIEL,
2026-07-31,EIEL,
2026-08-03,EIEL,
2026-08-04,EIEL,
2026-08-05,EIEL,
2026-08-06,EIEL,
2026-08-07,EIEL,
2026-08-10,EIEL,
2026-08-11,EIEL,
2026-08-12,EIEL,
2026-08-13,EIEL,
2026-08-14,EIEL,
2026-08-17,EIEL,
2026-08-18,EIEL,
2026-08-19,EIEL,
2026-08-20,EIEL,
2026-08-21,EIEL,
2026-08-24,EIEL,
2026-08-25,EIEL,
2026-08-26,EIEL,
2026-08-27,EIEL,
2026-08-28,EIEL,
2026-08-31,EIEL,196.0
2026-09-01,EIEL,192.8739
2026-09-02,EIEL,191.8685
2026-09-03,EIEL,191.8685
2026-09-04,EIEL,191.8685
2026-09-07,EIEL,191.8685
2026-09-08,EIEL,191.8685
2026-09-09,EIEL,191.8685
2026-09-10,EIEL,191.8685
2026-09-11,EIEL,191.8685
2026-09-15,EIEL,191.8685
2026-09-16,EIEL,191.8685
2026-09-17,EIEL,191.8685
2026-09-18,EIEL,191.8685
2026-09-21,EIEL,191.8685
2026-09-22,EIEL,191.8685
2026-09-23,EIEL,191.8685
2026-09-24,EIEL,191.8685
2025-09-10,GANDHAR,
2025-09-11,GANDHAR,
2025-09-12,GANDHAR,
2025-09-15,GANDHAR,
2025-09-16,GANDHAR,
2025-09-17,GANDHAR,
2025-09-18,GANDHAR,
2025-09-19,GANDHAR,
2025-09-22,GANDHAR,
2025-09-23,GANDHAR,
2025-09-24,GANDHAR,
2025-09-25,GANDHAR,
2025-09-26,GANDHAR,
2025-09-29,GANDHAR,
2025-09-30,GANDHAR,
2025-10-01,GANDHAR,
2025-10-03,GANDHAR,
2025-10-06,GANDHAR,
2025-10-07,GANDHAR,
2025-10-08,GANDHAR,
2025-10-09,GANDHAR,
2025-10-10,GANDHAR,
2025-10-13,GANDHAR,
2025-10-14,GANDHAR,
2025-10-15,GANDHAR,
2025-10-16,GANDHAR,
2025-10-17,GANDHAR,
2025-10-20,GANDHAR,
2025-10-21,GANDHAR,
2025-10-23,GANDHAR,
2025-10-24,GANDHAR,
2025-10-27,GANDHAR,
2025-10-28,GANDHAR,
2025-10-29,GANDHAR,
2025-10-30,GANDHAR,
2025-10-31,GANDHAR,
2025-11-03,GANDHAR,
2025-11-04,GANDHAR,
2025-11-06,GANDHAR,
2025-11-07,GANDHAR,
2025-11-10,GANDHAR,
2025-11-11,GANDHAR,
2025-11-12,GANDHAR,
2025-11-13,GANDHAR,
2025-11-14,GANDHAR,
2025-11-17,GANDHAR,
2025-11-18,GANDHAR,
2025-11-19,GANDHAR,
2025-11-20,GANDHAR,
2025-11-21,GANDHAR,
2025-11-24,GANDHAR,
2025-11-25,GANDHAR,
2025-11-26,GANDHAR,
2025-11-27,GANDHAR,
2025-11-28,GANDHAR,
2025-12-01,GANDHAR,
2025-12-02,GANDHAR,
2025-12-03,GANDHAR,
2025-12-04,GANDHAR,
2025-12-05,GANDHAR,
2025-12-08,GANDHAR,
2025-12-09,GANDHAR,
2025-12-10,GANDHAR,
2025-12-11,GANDHAR,
2025-12-12,GANDHAR,
2025-12-15,GANDHAR,
2025-12-16,GANDHAR,
2025-12-17,GANDHAR,
2025-12-18,GANDHAR,
2025-12-19,GANDHAR,
2025-12-22,GANDHAR,
2025-12-23,GANDHAR,
2025-12-24,GANDHAR,
2025-12-26,GANDHAR,
2025-12-29,GANDHAR,
2025-12-30,GANDHAR,
2025-12-31,GANDHAR,
2026-01-01,GANDHAR,
2026-01-02,GANDHAR,
2026-01-05,GANDHAR,
2026-01-06,GANDHAR,
2026-01-07,GANDHAR,
2026-01-08,GANDHAR,
2026-01-09,GANDHAR,
2026-01-12,GANDHAR,
2026-01-13,GANDHAR,
2026-01-14,GANDHAR,
2026-01-16,GANDHAR,
2026-01-19,GANDHAR,
2026-01-20,GANDHAR,
2026-01-21,GANDHAR,
2026-01-22,GANDHAR,
2026-01-23,GANDHAR,
2026-01-27,GANDHAR,
2026-01-28,GANDHAR,
2026-01-29,GANDHAR,
2026-01-30,GANDHAR,
2026-02-02,GANDHAR,
2026-02-03,GANDHAR,
2026-02-04,GANDHAR,
2026-02-05,GANDHAR,
2026-02-06,GANDHAR,
2026-02-09,GANDHAR,
2026-02-10,GANDHAR,
2026-02-11,GANDHAR,
2026-02-12,GANDHAR,
2026-02-13,GANDHAR,
2026-02-16,GANDHAR,
2026-02-17,GANDHAR,
2026-02-18,GANDHAR,
2026-02-19,GANDHAR,
2026-02-20,GANDHAR,
2026-02-23,GANDHAR,
2026-02-24,GANDHAR,
2026-02-25,GANDHAR,
2026-02-26,GANDHAR,
2026-02-27,GANDHAR,
2026-03-02,GANDHAR,
2026-03-04,GANDHAR,
2026-03-05,GANDHAR,
2026-03-06,GANDHAR,
2026-03-09,GANDHAR,
2026-03-10,GANDHAR,
2026-03-11,GANDHAR,
2026-03-12,GANDHAR,
2026-03-13,GANDHAR,
2026-03-16,GANDHAR,
2026-03-17,GANDHAR,
2026-03-18,GANDHAR,
2026-03-19,GANDHAR,
2026-03-20,GANDHAR,
2026-03-23,GANDHAR,
2026-03-24,GANDHAR,
2026-03-25,GANDHAR,
2026-03-27,GANDHAR,
2026-03-30,GANDHAR,
2026-04-01,GANDHAR,
2026-04-02,GANDHAR,
2026-04-06,GANDHAR,
2026-04-07,GANDHAR,
2026-04-08,GANDHAR,
2026-04-09,GANDHAR,
2026-04-10,GANDHAR,
2026-04-13,GANDHAR,
2026-04-15,GANDHAR,
2026-04-16,GANDHAR,
2026-04-17,GANDHAR,
2026-04-20,GANDHAR,
2026-04-21,GANDHAR,
2026-04-22,GANDHAR,
2026-04-23,GANDHAR,
2026-04-24,GANDHAR,
2026-04-27,GANDHAR,
2026-04-28,GANDHAR,
2026-04-29,GANDHAR,
2026-04-30,GANDHAR,
2026-05-04,GANDHAR,
2026-05-05,GANDHAR,
2026-05-06,GANDHAR,
2026-05-07,GANDHAR,
2026-05-08,GANDHAR,
2026-05-11,GANDHAR,
2026-05-12,GANDHAR,
2026-05-13,GANDHAR,
2026-05-14,GANDHAR,
2026-05-15,GANDHAR,
2026-05-18,GANDHAR,
2026-05-19,GANDHAR,
2026-05-20,GANDHAR,
2026-05-21,GANDHAR,
2026-05-22,GANDHAR,
2026-05-25,GANDHAR,
2026-05-26,GANDHAR,
2026-05-27,GANDHAR,
2026-05-29,GANDHAR,
2026-06-01,GANDHAR,
2026-06-02,GANDHAR,
2026-06-03,GANDHAR,
2026-06-04,GANDHAR,
2026-06-05,GANDHAR,
2026-06-08,GANDHAR,
2026-06-09,GANDHAR,
2026-06-10,GANDHAR,
2026-06-11,GANDHAR,
2026-06-12,GANDHAR,
2026-06-15,GANDHAR,
2026-06-16,GANDHAR,
2026-06-17,GANDHAR,
2026-06-18,GANDHAR,
2026-06-19,GANDHAR,
2026-06-22,GANDHAR,
2026-06-23,GANDHAR,
2026-06-24,GANDHAR,
2026-06-25,GANDHAR,
2026-06-29,GANDHAR,
2026-06-30,GANDHAR,
2026-07-01,GANDHAR,
2026-07-02,GANDHAR,
2026-07-03,GANDHAR,
2026-07-06,GANDHAR,
2026-07-07,GANDHAR,
2026-07-08,GANDHAR,
2026-07-09,GANDHAR,
2026-07-10,GANDHAR,
2026-07-13,GANDHAR,
2026-07-14,GANDHAR,
2026-07-15,GANDHAR,
2026-07-16,GANDHAR,
2026-07-17,GANDHAR,
2026-07-20,GANDHAR,
2026-07-21,GANDHAR,
2026-07-22,GANDHAR,
2026-07-23,GANDHAR,
2026-07-24,GANDHAR,
2026-07-27,GANDHAR,
2026-07-28,GANDHAR,
2026-07-29,GANDHAR,
2026-07-30,GANDHAR,
2026-07-31,GANDHAR,
2026-08-03,GANDHAR,
2026-08-04,GANDHAR,
2026-08-05,GANDHAR,
2026-08-06,GANDHAR,
2026-08-07,GANDHAR,
2026-08-10,GANDHAR,
2026-08-11,GANDHAR,
2026-08-12,GANDHAR,
2026-08-13,GANDHAR,
2026-08-14,GANDHAR,
2026-08-17,GANDHAR,
2026-08-18,GANDHAR,
2026-08-19,GANDHAR,
2026-08-20,GANDHAR,
2026-08-21,GANDHAR,
2026-08-24,GANDHAR,
2026-08-25,GANDHAR,
2026-08-26,GANDHAR,
2026-08-27,GANDHAR,
2026-08-28,GANDHAR,
2026-08-31,GANDHAR,
2026-09-01,GANDHAR,
2026-09-02,GANDHAR,
2026-09-03,GANDHAR,
2026-09-04,GANDHAR,
2026-09-07,GANDHAR,267.3211
2026-09-08,GANDHAR,265.5601
2026-09-09,GANDHAR,265.5601
2026-09-10,GANDHAR,265.5601
2026-09-11,GANDHAR,265.5601
2026-09-15,GANDHAR,265.5601
2026-09-16,GANDHAR,265.5601
2026-09-17,GANDHAR,265.5601
2026-09-18,GANDHAR,265.5601
2026-09-21,GANDHAR,265.5601
2026-09-22,GANDHAR,265.5601
2026-09-23,GANDHAR,265.5601
2026-09-24,GANDHAR,265.5601
2025-09-29,GANESHCP,
2025-09-30,GANESHCP,
2025-10-01,GANESHCP,
2025-10-03,GANESHCP,
2025-10-06,GANESHCP,
2025-10-07,GANESHCP,
2025-10-08,GANESHCP,
2025-10-09,GANESHCP,
2025-10-10,GANESHCP,
2025-10-13,GANESHCP,
2025-10-14,GANESHCP,
2025-10-15,GANESHCP,
2025-10-16,GANESHCP,
2025-10-17,GANESHCP,
2025-10-20,GANESHCP,
2025-10-21,GANESHCP,
2025-10-23,GANESHCP,
2025-10-24,GANESHCP,
2025-10-27,GANESHCP,
2025-10-28,GANESHCP,
2025-10-29,GANESHCP,
2025-10-30,GANESHCP,
2025-10-31,GANESHCP,
2025-11-03,GANESHCP,
2025-11-04,GANESHCP,
2025-11-06,GANESHCP,
2025-11-07,GANESHCP,
2025-11-10,GANESHCP,
2025-11-11,GANESHCP,
2025-11-12,GANESHCP,
2025-11-13,GANESHCP,
2025-11-14,GANESHCP,
2025-11-17,GANESHCP,
2025-11-18,GANESHCP,
2025-11-19,GANESHCP,
2025-11-20,GANESHCP,
2025-11-21,GANESHCP,
2025-11-24,GANESHCP,
2025-11-25,GANESHCP,
2025-11-26,GANESHCP,
2025-11-27,GANESHCP,
2025-11-28,GANESHCP,
2025-12-01,GANESHCP,
2025-12-02,GANESHCP,
2025-12-03,GANESHCP,
2025-12-04,GANESHCP,
2025-12-05,GANESHCP,
2025-12-08,GANESHCP,
2025-12-09,GANESHCP,
2025-12-10,GANESHCP,
2025-12-11,GANESHCP,
2025-12-12,GANESHCP,
2025-12-15,GANESHCP,
2025-12-16,GANESHCP,
2025-12-17,GANESHCP,
2025-12-18,GANESHCP,
2025-12-19,GANESHCP,
2025-12-22,GANESHCP,
2025-12-23,GANESHCP,
2025-12-24,GANESHCP,
2025-12-26,GANESHCP,
2025-12-29,GANESHCP,
2025-12-30,GANESHCP,
2025-12-31,GANESHCP,
2026-01-01,GANESHCP,
2026-01-02,GANESHCP,
2026-01-05,GANESHCP,
2026-01-06,GANESHCP,
2026-01-07,GANESHCP,
2026-01-08,GANESHCP,
2026-01-09,GANESHCP,
2026-01-12,GANESHCP,
2026-01-13,GANESHCP,
2026-01-14,GANESHCP,
2026-01-16,GANESHCP,
2026-01-19,GANESHCP,
2026-01-20,GANESHCP,
2026-01-21,GANESHCP,
2026-01-22,GANESHCP,
2026-01-23,GANESHCP,
2026-01-27,GANESHCP,
2026-01-28,GANESHCP,
2026-01-29,GANESHCP,
2026-01-30,GANESHCP,
2026-02-02,GANESHCP,
2026-02-03,GANESHCP,
2026-02-04,GANESHCP,
2026-02-05,GANESHCP,
2026-02-06,GANESHCP,
2026-02-09,GANESHCP,
2026-02-10,GANESHCP,
2026-02-11,GANESHCP,
2026-02-12,GANESHCP,
2026-02-13,GANESHCP,
2026-02-16,GANESHCP,
2026-02-17,GANESHCP,
2026-02-18,GANESHCP,
2026-02-19,GANESHCP,
2026-02-20,GANESHCP,
2026-02-23,GANESHCP,
2026-02-24,GANESHCP,
2026-02-25,GANESHCP,
2026-02-26,GANESHCP,
2026-02-27,GANESHCP,
2026-03-02,GANESHCP,
2026-03-04,GANESHCP,
2026-03-05,GANESHCP,
2026-03-06,GANESHCP,
2026-03-09,GANESHCP,
2026-03-10,GANESHCP,
2026-03-11,GANESHCP,
2026-03-12,GANESHCP,
2026-03-13,GANESHCP,
2026-03-16,GANESHCP,
2026-03-17,GANESHCP,
2026-03-18,GANESHCP,
2026-03-19,GANESHCP,
2026-03-20,GANESHCP,
2026-03-23,GANESHCP,
2026-03-24,GANESHCP,
2026-03-25,GANESHCP,
2026-03-27,GANESHCP,
2026-03-30,GANESHCP,
2026-04-01,GANESHCP,
2026-04-02,GANESHCP,
2026-04-06,GANESHCP,
2026-04-07,GANESHCP,
2026-04-08,GANESHCP,
2026-04-09,GANESHCP,
2026-04-10,GANESHCP,
2026-04-13,GANESHCP,
2026-04-15,GANESHCP,
2026-04-16,GANESHCP,
2026-04-17,GANESHCP,
2026-04-20,GANESHCP,
2026-04-21,GANESHCP,
2026-04-22,GANESHCP,
2026-04-23,GANESHCP,
2026-04-24,GANESHCP,
2026-04-27,GANESHCP,
2026-04-28,GANESHCP,
2026-04-29,GANESHCP,
2026-04-30,GANESHCP,
2026-05-04,GANESHCP,
2026-05-05,GANESHCP,
2026-05-06,GANESHCP,
2026-05-07,GANESHCP,
2026-05-08,GANESHCP,
2026-05-11,GANESHCP,
2026-05-12,GANESHCP,
2026-05-13,GANESHCP,
2026-05-14,GANESHCP,
2026-05-15,GANESHCP,
2026-05-18,GANESHCP,
2026-05-19,GANESHCP,
2026-05-20,GANESHCP,
2026-05-21,GANESHCP,
2026-05-22,GANESHCP,
2026-05-25,GANESHCP,
2026-05-26,GANESHCP,
2026-05-27,GANESHCP,
2026-05-29,GANESHCP,
2026-06-01,GANESHCP,
2026-06-02,GANESHCP,
2026-06-03,GANESHCP,
2026-06-04,GANESHCP,
2026-06-05,GANESHCP,
2026-06-08,GANESHCP,
2026-06-09,GANESHCP,
2026-06-10,GANESHCP,
2026-06-11,GANESHCP,
2026-06-12,GANESHCP,
2026-06-15,GANESHCP,
2026-06-16,GANESHCP,
2026-06-17,GANESHCP,
2026-06-18,GANESHCP,
2026-06-19,GANESHCP,
2026-06-22,GANESHCP,
2026-06-23,GANESHCP,200.0095
2026-06-24,GANESHCP,200.0095
2026-06-25,GANESHCP,200.0095
2026-06-29,GANESHCP,200.0095
2026-06-30,GANESHCP,197.2619
2026-07-01,GANESHCP,197.2619
2026-07-02,GANESHCP,197.2619
2026-07-03,GANESHCP,197.2619
2026-07-06,GANESHCP,197.2619
2026-07-07,GANESHCP,197.2619
2026-07-08,GANESHCP,197.2619
2026-07-09,GANESHCP,197.2619
2026-07-10,GANESHCP,197.2619
2026-07-13,GANESHCP,197.2619
2026-07-14,GANESHCP,197.2619
2026-07-15,GANESHCP,197.2619
2026-07-16,GANESHCP,197.2619
2026-07-17,GANESHCP,197.2619
2026-07-20,GANESHCP,197.2619
2026-07-21,GANESHCP,197.2619
2026-07-22,GANESHCP,197.2619
2026-07-23,GANESHCP,197.2619
2026-07-24,GANESHCP,197.2619
2026-07-27,GANESHCP,197.2619
2026-07-28,GANESHCP,197.2619
2026-07-29,GANESHCP,197.2619
2026-07-30,GANESHCP,197.2619
2026-07-31,GANESHCP,197.2619
2026-08-03,GANESHCP,197.2619
2026-08-04,GANESHCP,197.2619
2026-08-05,GANESHCP,197.2619
2026-08-06,GANESHCP,197.2619
2026-08-07,GANESHCP,197.2619
2026-08-10,GANESHCP,197.2619
2026-08-11,GANESHCP,197.2619
2026-08-12,GANESHCP,197.2619
2026-08-13,GANESHCP,197.2619
2026-08-14,GANESHCP,197.2619
2026-08-17,GANESHCP,197.2619
2026-08-18,GANESHCP,197.2619
2026-08-19,GANESHCP,197.2619
2026-08-20,GANESHCP,197.2619
2026-08-21,GANESHCP,197.2619
2026-08-24,GANESHCP,197.2619
2026-08-25,GANESHCP,188.5803
2026-08-26,GANESHCP,188.5803
2026-08-27,GANESHCP,188.5803
2026-08-28,GANESHCP,188.5803
2026-08-31,GANESHCP,188.5803
2026-09-01,GANESHCP,188.5803
2026-09-02,GANESHCP,185.6067
2026-09-03,GANESHCP,185.6067
2026-09-04,GANESHCP,185.6067
2026-09-07,GANESHCP,185.6067
2026-09-08,GANESHCP,185.6067
2026-09-09,GANESHCP,185.6067
2026-09-10,GANESHCP,185.6067
2026-09-11,GANESHCP,185.6067
2026-09-15,GANESHCP,185.6067
2026-09-16,GANESHCP,185.6067
2026-09-17,GANESHCP,185.6067
2026-09-18,GANESHCP,185.6067
2026-09-21,GANESHCP,185.6067
2026-09-22,GANESHCP,185.6067
2026-09-23,GANESHCP,185.6067
2026-09-24,GANESHCP,185.6067
2025-09-10,GOKUL,
2025-09-11,GOKUL,
2025-09-12,GOKUL,
2025-09-15,GOKUL,
2025-09-16,GOKUL,
2025-09-17,GOKUL,
2025-09-18,GOKUL,
2025-09-19,GOKUL,
2025-09-22,GOKUL,
2025-09-23,GOKUL,
2025-09-24,GOKUL,
2025-09-25,GOKUL,
2025-09-26,GOKUL,
2025-09-29,GOKUL,
2025-09-30,GOKUL,
2025-10-01,GOKUL,
2025-10-03,GOKUL,
2025-10-06,GOKUL,
2025-10-07,GOKUL,
2025-10-08,GOKUL,
2025-10-09,GOKUL,
2025-10-10,GOKUL,
2025-10-13,GOKUL,
2025-10-14,GOKUL,
2025-10-15,GOKUL,
2025-10-16,GOKUL,
2025-10-17,GOKUL,
2025-10-20,GOKUL,
2025-10-21,GOKUL,
2025-10-23,GOKUL,
2025-10-24,GOKUL,
2025-10-27,GOKUL,
2025-10-28,GOKUL,
2025-10-29,GOKUL,
2025-10-30,GOKUL,
2025-10-31,GOKUL,
2025-11-03,GOKUL,
2025-11-04,GOKUL,
2025-11-06,GOKUL,
2025-11-07,GOKUL,
2025-11-10,GOKUL,
2025-11-11,GOKUL,
2025-11-12,GOKUL,
2025-11-13,GOKUL,
2025-11-14,GOKUL,
2025-11-17,GOKUL,
2025-11-18,GOKUL,
2025-11-19,GOKUL,
2025-11-20,GOKUL,
2025-11-21,GOKUL,
2025-11-24,GOKUL,
2025-11-25,GOKUL,
2025-11-26,GOKUL,
2025-11-27,GOKUL,
2025-11-28,GOKUL,
2025-12-01,GOKUL,
2025-12-02,GOKUL,
2025-12-03,GOKUL,
2025-12-04,GOKUL,
2025-12-05,GOKUL,
2025-12-08,GOKUL,
2025-12-09,GOKUL,
2025-12-10,GOKUL,
2025-12-11,GOKUL,
2025-12-12,GOKUL,
2025-12-15,GOKUL,
2025-12-16,GOKUL,
2025-12-17,GOKUL,
2025-12-18,GOKUL,
2025-12-19,GOKUL,
2025-12-22,GOKUL,
2025-12-23,GOKUL,
2025-12-24,GOKUL,
2025-12-26,GOKUL,
2025-12-29,GOKUL,
2025-12-30,GOKUL,
2025-12-31,GOKUL,
2026-01-01,GOKUL,
2026-01-02,GOKUL,
2026-01-05,GOKUL,
2026-01-06,GOKUL,
2026-01-07,GOKUL,
2026-01-08,GOKUL,
2026-01-09,GOKUL,
2026-01-12,GOKUL,
2026-01-13,GOKUL,
2026-01-14,GOKUL,
2026-01-16,GOKUL,
2026-01-19,GOKUL,
2026-01-20,GOKUL,
2026-01-21,GOKUL,
2026-01-22,GOKUL,
2026-01-23,GOKUL,
2026-01-27,GOKUL,
2026-01-28,GOKUL,
2026-01-29,GOKUL,
2026-01-30,GOKUL,
2026-02-02,GOKUL,
2026-02-03,GOKUL,
2026-02-04,GOKUL,
2026-02-05,GOKUL,
2026-02-06,GOKUL,
2026-02-09,GOKUL,
2026-02-10,GOKUL,
2026-02-11,GOKUL,
2026-02-12,GOKUL,
2026-02-13,GOKUL,
2026-02-16,GOKUL,
2026-02-17,GOKUL,
2026-02-18,GOKUL,
2026-02-19,GOKUL,
2026-02-20,GOKUL,
2026-02-23,GOKUL,
2026-02-24,GOKUL,
2026-02-25,GOKUL,
2026-02-26,GOKUL,
2026-02-27,GOKUL,
2026-03-02,GOKUL,
2026-03-04,GOKUL,
2026-03-05,GOKUL,
2026-03-06,GOKUL,
2026-03-09,GOKUL,
2026-03-10,GOKUL,
2026-03-11,GOKUL,
2026-03-12,GOKUL,
2026-03-13,GOKUL,
2026-03-16,GOKUL,
2026-03-17,GOKUL,
2026-03-18,GOKUL,
2026-03-19,GOKUL,
2026-03-20,GOKUL,
2026-03-23,GOKUL,
2026-03-24,GOKUL,
2026-03-25,GOKUL,
2026-03-27,GOKUL,
2026-03-30,GOKUL,
2026-04-01,GOKUL,
2026-04-02,GOKUL,
2026-04-06,GOKUL,
2026-04-07,GOKUL,
2026-04-08,GOKUL,
2026-04-09,GOKUL,
2026-04-10,GOKUL,
2026-04-13,GOKUL,
2026-04-15,GOKUL,
2026-04-16,GOKUL,
2026-04-17,GOKUL,
2026-04-20,GOKUL,
2026-04-21,GOKUL,
2026-04-22,GOKUL,
2026-04-23,GOKUL,
2026-04-24,GOKUL,
2026-04-27,GOKUL,
2026-04-28,GOKUL,
2026-04-29,GOKUL,
2026-04-30,GOKUL,
2026-05-04,GOKUL,
2026-05-05,GOKUL,
2026-05-06,GOKUL,
2026-05-07,GOKUL,
2026-05-08,GOKUL,
2026-05-11,GOKUL,
2026-05-12,GOKUL,
2026-05-13,GOKUL,
2026-05-14,GOKUL,
2026-05-15,GOKUL,
2026-05-18,GOKUL,
2026-05-19,GOKUL,
2026-05-20,GOKUL,
2026-05-21,GOKUL,
2026-05-22,GOKUL,
2026-05-25,GOKUL,
2026-05-26,GOKUL,
2026-05-27,GOKUL,
2026-05-29,GOKUL,
2026-06-01,GOKUL,
2026-06-02,GOKUL,
2026-06-03,GOKUL,
2026-06-04,GOKUL,
2026-06-05,GOKUL,
2026-06-08,GOKUL,
2026-06-09,GOKUL,
2026-06-10,GOKUL,
2026-06-11,GOKUL,
2026-06-12,GOKUL,
2026-06-15,GOKUL,
2026-06-16,GOKUL,
2026-06-17,GOKUL,
2026-06-18,GOKUL,
2026-06-19,GOKUL,
2026-06-22,GOKUL,
2026-06-23,GOKUL,
2026-06-24,GOKUL,
2026-06-25,GOKUL,
2026-06-29,GOKUL,
2026-06-30,GOKUL,
2026-07-01,GOKUL,
2026-07-02,GOKUL,
2026-07-03,GOKUL,
2026-07-06,GOKUL,
2026-07-07,GOKUL,
2026-07-08,GOKUL,
2026-07-09,GOKUL,
2026-07-10,GOKUL,
2026-07-13,GOKUL,
2026-07-14,GOKUL,
2026-07-15,GOKUL,
2026-07-16,GOKUL,
2026-07-17,GOKUL,
2026-07-20,GOKUL,
2026-07-21,GOKUL,
2026-07-22,GOKUL,
2026-07-23,GOKUL,
2026-07-24,GOKUL,
2026-07-27,GOKUL,
2026-07-28,GOKUL,
2026-07-29,GOKUL,
2026-07-30,GOKUL,
2026-07-31,GOKUL,
2026-08-03,GOKUL,
2026-08-04,GOKUL,
2026-08-05,GOKUL,
2026-08-06,GOKUL,
2026-08-07,GOKUL,
2026-08-10,GOKUL,
2026-08-11,GOKUL,
2026-08-12,GOKUL,
2026-08-13,GOKUL,
2026-08-14,GOKUL,
2026-08-17,GOKUL,
2026-08-18,GOKUL,
2026-08-19,GOKUL,
2026-08-20,GOKUL,40.5378
2026-08-21,GOKUL,42.0279
2026-08-24,GOKUL,43.4694
2026-08-25,GOKUL,43.4721
2026-08-26,GOKUL,43.4955
2026-08-27,GOKUL,43.4955
2026-08-28,GOKUL,43.4955
2026-08-31,GOKUL,43.4955
2026-09-01,GOKUL,42.8439
2026-09-02,GOKUL,42.0869
2026-09-03,GOKUL,42.0869
2026-09-04,GOKUL,42.0869
2026-09-07,GOKUL,42.0869
2026-09-08,GOKUL,42.0869
2026-09-09,GOKUL,42.0869
2026-09-10,GOKUL,42.0869
2026-09-11,GOKUL,42.0869
2026-09-15,GOKUL,42.0869
2026-09-16,GOKUL,42.0869
2026-09-17,GOKUL,42.0869
2026-09-18,GOKUL,42.0869
2026-09-21,GOKUL,42.0869
2026-09-22,GOKUL,42.0869
2026-09-23,GOKUL,42.0869
2026-09-24,GOKUL,42.0869
2025-09-10,GRMOVER,
2025-09-11,GRMOVER,
2025-09-12,GRMOVER,
2025-09-15,GRMOVER,
2025-09-16,GRMOVER,
2025-09-17,GRMOVER,
2025-09-18,GRMOVER,
2025-09-19,GRMOVER,
2025-09-22,GRMOVER,
2025-09-23,GRMOVER,
2025-09-24,GRMOVER,
2025-09-25,GRMOVER,
2025-09-26,GRMOVER,
2025-09-29,GRMOVER,
2025-09-30,GRMOVER,
2025-10-01,GRMOVER,
2025-10-03,GRMOVER,
2025-10-06,GRMOVER,
2025-10-07,GRMOVER,
2025-10-08,GRMOVER,
2025-10-09,GRMOVER,
2025-10-10,GRMOVER,
2025-10-13,GRMOVER,
2025-10-14,GRMOVER,
2025-10-15,GRMOVER,
2025-10-16,GRMOVER,
2025-10-17,GRMOVER,
2025-10-20,GRMOVER,
2025-10-21,GRMOVER,
2025-10-23,GRMOVER,
2025-10-24,GRMOVER,
2025-10-27,GRMOVER,
2025-10-28,GRMOVER,
2025-10-29,GRMOVER,
2025-10-30,GRMOVER,
2025-10-31,GRMOVER,
2025-11-03,GRMOVER,
2025-11-04,GRMOVER,
2025-11-06,GRMOVER,
2025-11-07,GRMOVER,
2025-11-10,GRMOVER,
2025-11-11,GRMOVER,
2025-11-12,GRMOVER,
2025-11-13,GRMOVER,
2025-11-14,GRMOVER,
2025-11-17,GRMOVER,
2025-11-18,GRMOVER,
2025-11-19,GRMOVER,
2025-11-20,GRMOVER,
2025-11-21,GRMOVER,
2025-11-24,GRMOVER,
2025-11-25,GRMOVER,
2025-11-26,GRMOVER,
2025-11-27,GRMOVER,
2025-11-28,GRMOVER,
2025-12-01,GRMOVER,
2025-12-02,GRMOVER,
2025-12-03,GRMOVER,
2025-12-04,GRMOVER,
2025-12-05,GRMOVER,
2025-12-08,GRMOVER,
2025-12-09,GRMOVER,
2025-12-10,GRMOVER,
2025-12-11,GRMOVER,
2025-12-12,GRMOVER,
2025-12-15,GRMOVER,
2025-12-16,GRMOVER,
2025-12-17,GRMOVER,
2025-12-18,GRMOVER,
2025-12-19,GRMOVER,
2025-12-22,GRMOVER,
2025-12-23,GRMOVER,
2025-12-24,GRMOVER,
2025-12-26,GRMOVER,
2025-12-29,GRMOVER,
2025-12-30,GRMOVER,
2025-12-31,GRMOVER,
2026-01-01,GRMOVER,
2026-01-02,GRMOVER,
2026-01-05,GRMOVER,
2026-01-06,GRMOVER,
2026-01-07,GRMOVER,
2026-01-08,GRMOVER,
2026-01-09,GRMOVER,
2026-01-12,GRMOVER,
2026-01-13,GRMOVER,
2026-01-14,GRMOVER,
2026-01-16,GRMOVER,
2026-01-19,GRMOVER,
2026-01-20,GRMOVER,
2026-01-21,GRMOVER,
2026-01-22,GRMOVER,
2026-01-23,GRMOVER,
2026-01-27,GRMOVER,
2026-01-28,GRMOVER,
2026-01-29,GRMOVER,
2026-01-30,GRMOVER,
2026-02-02,GRMOVER,
2026-02-03,GRMOVER,
2026-02-04,GRMOVER,
2026-02-05,GRMOVER,
2026-02-06,GRMOVER,
2026-02-09,GRMOVER,
2026-02-10,GRMOVER,
2026-02-11,GRMOVER,
2026-02-12,GRMOVER,
2026-02-13,GRMOVER,
2026-02-16,GRMOVER,
2026-02-17,GRMOVER,
2026-02-18,GRMOVER,
2026-02-19,GRMOVER,
2026-02-20,GRMOVER,
2026-02-23,GRMOVER,
2026-02-24,GRMOVER,
2026-02-25,GRMOVER,
2026-02-26,GRMOVER,
2026-02-27,GRMOVER,
2026-03-02,GRMOVER,
2026-03-04,GRMOVER,
2026-03-05,GRMOVER,
2026-03-06,GRMOVER,
2026-03-09,GRMOVER,
2026-03-10,GRMOVER,
2026-03-11,GRMOVER,
2026-03-12,GRMOVER,
2026-03-13,GRMOVER,
2026-03-16,GRMOVER,
2026-03-17,GRMOVER,
2026-03-18,GRMOVER,
2026-03-19,GRMOVER,
2026-03-20,GRMOVER,
2026-03-23,GRMOVER,
2026-03-24,GRMOVER,
2026-03-25,GRMOVER,
2026-03-27,GRMOVER,
2026-03-30,GRMOVER,
2026-04-01,GRMOVER,
2026-04-02,GRMOVER,
2026-04-06,GRMOVER,
2026-04-07,GRMOVER,
2026-04-08,GRMOVER,
2026-04-09,GRMOVER,
2026-04-10,GRMOVER,
2026-04-13,GRMOVER,
2026-04-15,GRMOVER,
2026-04-16,GRMOVER,
2026-04-17,GRMOVER,
2026-04-20,GRMOVER,
2026-04-21,GRMOVER,
2026-04-22,GRMOVER,
2026-04-23,GRMOVER,
2026-04-24,GRMOVER,
2026-04-27,GRMOVER,
2026-04-28,GRMOVER,
2026-04-29,GRMOVER,
2026-04-30,GRMOVER,
2026-05-04,GRMOVER,
2026-05-05,GRMOVER,
2026-05-06,GRMOVER,
2026-05-07,GRMOVER,
2026-05-08,GRMOVER,
2026-05-11,GRMOVER,
2026-05-12,GRMOVER,
2026-05-13,GRMOVER,
2026-05-14,GRMOVER,
2026-05-15,GRMOVER,
2026-05-18,GRMOVER,
2026-05-19,GRMOVER,
2026-05-20,GRMOVER,
2026-05-21,GRMOVER,
2026-05-22,GRMOVER,
2026-05-25,GRMOVER,
2026-05-26,GRMOVER,
2026-05-27,GRMOVER,
2026-05-29,GRMOVER,
2026-06-01,GRMOVER,
2026-06-02,GRMOVER,
2026-06-03,GRMOVER,
2026-06-04,GRMOVER,
2026-06-05,GRMOVER,
2026-06-08,GRMOVER,
2026-06-09,GRMOVER,
2026-06-10,GRMOVER,
2026-06-11,GRMOVER,
2026-06-12,GRMOVER,
2026-06-15,GRMOVER,
2026-06-16,GRMOVER,
2026-06-17,GRMOVER,
2026-06-18,GRMOVER,
2026-06-19,GRMOVER,
2026-06-22,GRMOVER,
2026-06-23,GRMOVER,
2026-06-24,GRMOVER,91.2197
2026-06-25,GRMOVER,91.2197
2026-06-29,GRMOVER,91.2197
2026-06-30,GRMOVER,91.2197
2026-07-01,GRMOVER,91.2197
2026-07-02,GRMOVER,91.2197
2026-07-03,GRMOVER,91.2197
2026-07-06,GRMOVER,91.2197
2026-07-07,GRMOVER,91.2197
2026-07-08,GRMOVER,91.2197
2026-07-09,GRMOVER,91.2197
2026-07-10,GRMOVER,91.2197
2026-07-13,GRMOVER,91.2197
2026-07-14,GRMOVER,91.2197
2026-07-15,GRMOVER,91.2197
2026-07-16,GRMOVER,91.2197
2026-07-17,GRMOVER,91.2197
2026-07-20,GRMOVER,91.2197
2026-07-21,GRMOVER,91.2197
2026-07-22,GRMOVER,91.2197
2026-07-23,GRMOVER,91.2197
2026-07-24,GRMOVER,91.2197
2026-07-27,GRMOVER,91.2197
2026-07-28,GRMOVER,91.2197
2026-07-29,GRMOVER,91.2197
2026-07-30,GRMOVER,91.2197
2026-07-31,GRMOVER,91.2197
2026-08-03,GRMOVER,91.2197
2026-08-04,GRMOVER,91.2197
2026-08-05,GRMOVER,91.2197
2026-08-06,GRMOVER,91.2197
2026-08-07,GRMOVER,91.2197
2026-08-10,GRMOVER,91.2197
2026-08-11,GRMOVER,91.2197
2026-08-12,GRMOVER,91.2197
2026-08-13,GRMOVER,91.2197
2026-08-14,GRMOVER,91.2197
2026-08-17,GRMOVER,91.2197
2026-08-18,GRMOVER,91.2197
2026-08-19,GRMOVER,91.2197
2026-08-20,GRMOVER,91.2197
2026-08-21,GRMOVER,91.2197
2026-08-24,GRMOVER,91.2197
2026-08-25,GRMOVER,91.2197
2026-08-26,GRMOVER,91.2197
2026-08-27,GRMOVER,91.2197
2026-08-28,GRMOVER,91.2197
2026-08-31,GRMOVER,91.2197
2026-09-01,GRMOVER,91.2197
2026-09-02,GRMOVER,91.2197
2026-09-03,GRMOVER,91.2197
2026-09-04,GRMOVER,91.2197
2026-09-07,GRMOVER,91.2197
2026-09-08,GRMOVER,91.2197
2026-09-09,GRMOVER,91.2197
2026-09-10,GRMOVER,91.2197
2026-09-11,GRMOVER,91.2197
2026-09-15,GRMOVER,91.2197
2026-09-16,GRMOVER,91.2197
2026-09-17,GRMOVER,91.2197
2026-09-18,GRMOVER,91.2197
2026-09-21,GRMOVER,91.2197
2026-09-22,GRMOVER,91.2197
2026-09-23,GRMOVER,91.2197
2026-09-24,GRMOVER,91.2197
2026-06-12,HEXAGON,
2026-06-15,HEXAGON,
2026-06-16,HEXAGON,
2026-06-17,HEXAGON,
2026-06-18,HEXAGON,
2026-06-19,HEXAGON,
2026-06-22,HEXAGON,
2026-06-23,HEXAGON,
2026-06-24,HEXAGON,
2026-06-25,HEXAGON,
2026-06-29,HEXAGON,
2026-06-30,HEXAGON,
2026-07-01,HEXAGON,
2026-07-02,HEXAGON,
2026-07-03,HEXAGON,
2026-07-06,HEXAGON,
2026-07-07,HEXAGON,
2026-07-08,HEXAGON,
2026-07-09,HEXAGON,
2026-07-10,HEXAGON,
2026-07-13,HEXAGON,
2026-07-14,HEXAGON,
2026-07-15,HEXAGON,
2026-07-16,HEXAGON,
2026-07-17,HEXAGON,
2026-07-20,HEXAGON,
2026-07-21,HEXAGON,
2026-07-22,HEXAGON,
2026-07-23,HEXAGON,
2026-07-24,HEXAGON,
2026-07-27,HEXAGON,
2026-07-28,HEXAGON,
2026-07-29,HEXAGON,
2026-07-30,HEXAGON,
2026-07-31,HEXAGON,
2026-08-03,HEXAGON,
2026-08-04,HEXAGON,
2026-08-05,HEXAGON,
2026-08-06,HEXAGON,
2026-08-07,HEXAGON,
2026-08-10,HEXAGON,
2026-08-11,HEXAGON,
2026-08-12,HEXAGON,
2026-08-13,HEXAGON,
2026-08-14,HEXAGON,
2026-08-17,HEXAGON,64.0444
2026-08-18,HEXAGON,64.0444
2026-08-19,HEXAGON,64.0444
2026-08-20,HEXAGON,64.0444
2026-08-21,HEXAGON,64.0444
2026-08-24,HEXAGON,64.0444
2026-08-25,HEXAGON,64.0444
2026-08-26,HEXAGON,64.0444
2026-08-27,HEXAGON,64.0444
2026-08-28,HEXAGON,64.0444
2026-08-31,HEXAGON,64.0444
2026-09-01,HEXAGON,64.0444
2026-09-02,HEXAGON,64.0444
2026-09-03,HEXAGON,64.0444
2026-09-04,HEXAGON,64.0444
2026-09-07,HEXAGON,64.0444
2026-09-08,HEXAGON,64.0444
2026-09-09,HEXAGON,64.0444
2026-09-10,HEXAGON,64.0444
2026-09-11,HEXAGON,64.0444
2026-09-15,HEXAGON,64.0444
2026-09-16,HEXAGON,64.156
2026-09-17,HEXAGON,64.3035
2026-09-18,HEXAGON,64.335
2026-09-21,HEXAGON,64.335
2026-09-22,HEXAGON,64.335
2026-09-23,HEXAGON,64.335
2026-09-24,HEXAGON,64.335
2025-09-10,HINDCON,
2025-09-11,HINDCON,
2025-09-12,HINDCON,
2025-09-15,HINDCON,
2025-09-16,HINDCON,
2025-09-17,HINDCON,
2025-09-18,HINDCON,
2025-09-19,HINDCON,
2025-09-22,HINDCON,
2025-09-23,HINDCON,
2025-09-24,HINDCON,
2025-09-25,HINDCON,
2025-09-26,HINDCON,
2025-09-29,HINDCON,
2025-09-30,HINDCON,
2025-10-01,HINDCON,
2025-10-03,HINDCON,
2025-10-06,HINDCON,
2025-10-07,HINDCON,
2025-10-08,HINDCON,
2025-10-09,HINDCON,
2025-10-10,HINDCON,
2025-10-13,HINDCON,
2025-10-14,HINDCON,
2025-10-15,HINDCON,
2025-10-16,HINDCON,
2025-10-17,HINDCON,
2025-10-20,HINDCON,
2025-10-21,HINDCON,
2025-10-23,HINDCON,
2025-10-24,HINDCON,
2025-10-27,HINDCON,
2025-10-28,HINDCON,
2025-10-29,HINDCON,
2025-10-30,HINDCON,
2025-10-31,HINDCON,
2025-11-03,HINDCON,
2025-11-04,HINDCON,
2025-11-06,HINDCON,
2025-11-07,HINDCON,
2025-11-10,HINDCON,
2025-11-11,HINDCON,
2025-11-12,HINDCON,
2025-11-13,HINDCON,
2025-11-14,HINDCON,
2025-11-17,HINDCON,
2025-11-18,HINDCON,
2025-11-19,HINDCON,
2025-11-20,HINDCON,
2025-11-21,HINDCON,
2025-11-24,HINDCON,
2025-11-25,HINDCON,
2025-11-26,HINDCON,
2025-11-27,HINDCON,
2025-11-28,HINDCON,
2025-12-01,HINDCON,
2025-12-02,HINDCON,
2025-12-03,HINDCON,
2025-12-04,HINDCON,
2025-12-05,HINDCON,
2025-12-08,HINDCON,
2025-12-09,HINDCON,
2025-12-10,HINDCON,
2025-12-11,HINDCON,
2025-12-12,HINDCON,
2025-12-15,HINDCON,
2025-12-16,HINDCON,
2025-12-17,HINDCON,
2025-12-18,HINDCON,
2025-12-19,HINDCON,
2025-12-22,HINDCON,
2025-12-23,HINDCON,
2025-12-24,HINDCON,
2025-12-26,HINDCON,
2025-12-29,HINDCON,
2025-12-30,HINDCON,
2025-12-31,HINDCON,
2026-01-01,HINDCON,
2026-01-02,HINDCON,
2026-01-05,HINDCON,
2026-01-06,HINDCON,
2026-01-07,HINDCON,
2026-01-08,HINDCON,
2026-01-09,HINDCON,
2026-01-12,HINDCON,
2026-01-13,HINDCON,
2026-01-14,HINDCON,
2026-01-16,HINDCON,
2026-01-19,HINDCON,
2026-01-20,HINDCON,
2026-01-21,HINDCON,
2026-01-22,HINDCON,
2026-01-23,HINDCON,
2026-01-27,HINDCON,
2026-01-28,HINDCON,
2026-01-29,HINDCON,
2026-01-30,HINDCON,
2026-02-02,HINDCON,
2026-02-03,HINDCON,
2026-02-04,HINDCON,
2026-02-05,HINDCON,
2026-02-06,HINDCON,
2026-02-09,HINDCON,
2026-02-10,HINDCON,
2026-02-11,HINDCON,
2026-02-12,HINDCON,
2026-02-13,HINDCON,
2026-02-16,HINDCON,
2026-02-17,HINDCON,
2026-02-18,HINDCON,
2026-02-19,HINDCON,
2026-02-20,HINDCON,
2026-02-23,HINDCON,
2026-02-24,HINDCON,
2026-02-25,HINDCON,
2026-02-26,HINDCON,
2026-02-27,HINDCON,
2026-03-02,HINDCON,
2026-03-04,HINDCON,
2026-03-05,HINDCON,
2026-03-06,HINDCON,
2026-03-09,HINDCON,
2026-03-10,HINDCON,
2026-03-11,HINDCON,
2026-03-12,HINDCON,
2026-03-13,HINDCON,
2026-03-16,HINDCON,
2026-03-17,HINDCON,
2026-03-18,HINDCON,
2026-03-19,HINDCON,
2026-03-20,HINDCON,
2026-03-23,HINDCON,
2026-03-24,HINDCON,
2026-03-25,HINDCON,
2026-03-27,HINDCON,
2026-03-30,HINDCON,
2026-04-01,HINDCON,
2026-04-02,HINDCON,
2026-04-06,HINDCON,
2026-04-07,HINDCON,
2026-04-08,HINDCON,
2026-04-09,HINDCON,
2026-04-10,HINDCON,
2026-04-13,HINDCON,
2026-04-15,HINDCON,
2026-04-16,HINDCON,
2026-04-17,HINDCON,
2026-04-20,HINDCON,
2026-04-21,HINDCON,
2026-04-22,HINDCON,
2026-04-23,HINDCON,
2026-04-24,HINDCON,
2026-04-27,HINDCON,
2026-04-28,HINDCON,
2026-04-29,HINDCON,
2026-04-30,HINDCON,
2026-05-04,HINDCON,
2026-05-05,HINDCON,
2026-05-06,HINDCON,
2026-05-07,HINDCON,
2026-05-08,HINDCON,
2026-05-11,HINDCON,
2026-05-12,HINDCON,
2026-05-13,HINDCON,
2026-05-14,HINDCON,
2026-05-15,HINDCON,
2026-05-18,HINDCON,
2026-05-19,HINDCON,
2026-05-20,HINDCON,
2026-05-21,HINDCON,
2026-05-22,HINDCON,
2026-05-25,HINDCON,
2026-05-26,HINDCON,
2026-05-27,HINDCON,
2026-05-29,HINDCON,
2026-06-01,HINDCON,
2026-06-02,HINDCON,
2026-06-03,HINDCON,
2026-06-04,HINDCON,
2026-06-05,HINDCON,
2026-06-08,HINDCON,
2026-06-09,HINDCON,
2026-06-10,HINDCON,
2026-06-11,HINDCON,
2026-06-12,HINDCON,
2026-06-15,HINDCON,
2026-06-16,HINDCON,
2026-06-17,HINDCON,
2026-06-18,HINDCON,
2026-06-19,HINDCON,
2026-06-22,HINDCON,
2026-06-23,HINDCON,
2026-06-24,HINDCON,
2026-06-25,HINDCON,
2026-06-29,HINDCON,
2026-06-30,HINDCON,
2026-07-01,HINDCON,
2026-07-02,HINDCON,
2026-07-03,HINDCON,
2026-07-06,HINDCON,
2026-07-07,HINDCON,
2026-07-08,HINDCON,
2026-07-09,HINDCON,
2026-07-10,HINDCON,
2026-07-13,HINDCON,
2026-07-14,HINDCON,
2026-07-15,HINDCON,
2026-07-16,HINDCON,
2026-07-17,HINDCON,
2026-07-20,HINDCON,
2026-07-21,HINDCON,
2026-07-22,HINDCON,
2026-07-23,HINDCON,
2026-07-24,HINDCON,
2026-07-27,HINDCON,
2026-07-28,HINDCON,
2026-07-29,HINDCON,
2026-07-30,HINDCON,
2026-07-31,HINDCON,
2026-08-03,HINDCON,
2026-08-04,HINDCON,
2026-08-05,HINDCON,
2026-08-06,HINDCON,
2026-08-07,HINDCON,
2026-08-10,HINDCON,
2026-08-11,HINDCON,
2026-08-12,HINDCON,
2026-08-13,HINDCON,
2026-08-14,HINDCON,
2026-08-17,HINDCON,
2026-08-18,HINDCON,
2026-08-19,HINDCON,
2026-08-20,HINDCON,22.0074
2026-08-21,HINDCON,22.0197
2026-08-24,HINDCON,22.0199
2026-08-25,HINDCON,22.0199
2026-08-26,HINDCON,22.0199
2026-08-27,HINDCON,22.0199
2026-08-28,HINDCON,22.1966
2026-08-31,HINDCON,22.2616
2026-09-01,HINDCON,22.2616
2026-09-02,HINDCON,22.3476
2026-09-03,HINDCON,22.3476
2026-09-04,HINDCON,22.4535
2026-09-07,HINDCON,22.4535
2026-09-08,HINDCON,22.4535
2026-09-09,HINDCON,22.4535
2026-09-10,HINDCON,22.4535
2026-09-11,HINDCON,22.5107
2026-09-15,HINDCON,22.5107
2026-09-16,HINDCON,22.7077
2026-09-17,HINDCON,23.2066
2026-09-18,HINDCON,23.2166
2026-09-21,HINDCON,23.2166
2026-09-22,HINDCON,23.5275
2026-09-23,HINDCON,23.5473
2026-09-24,HINDCON,23.5473
2025-09-10,INDORAMA,
2025-09-11,INDORAMA,
2025-09-12,INDORAMA,
2025-09-15,INDORAMA,
2025-09-16,INDORAMA,
2025-09-17,INDORAMA,
2025-09-18,INDORAMA,
2025-09-19,INDORAMA,
2025-09-22,INDORAMA,
2025-09-23,INDORAMA,
2025-09-24,INDORAMA,
2025-09-25,INDORAMA,
2025-09-26,INDORAMA,
2025-09-29,INDORAMA,
2025-09-30,INDORAMA,
2025-10-01,INDORAMA,
2025-10-03,INDORAMA,
2025-10-06,INDORAMA,
2025-10-07,INDORAMA,
2025-10-08,INDORAMA,
2025-10-09,INDORAMA,
2025-10-10,INDORAMA,
2025-10-13,INDORAMA,
2025-10-14,INDORAMA,
2025-10-15,INDORAMA,
2025-10-16,INDORAMA,
2025-10-17,INDORAMA,
2025-10-20,INDORAMA,
2025-10-21,INDORAMA,
2025-10-23,INDORAMA,
2025-10-24,INDORAMA,
2025-10-27,INDORAMA,
2025-10-28,INDORAMA,
2025-10-29,INDORAMA,
2025-10-30,INDORAMA,
2025-10-31,INDORAMA,
2025-11-03,INDORAMA,
2025-11-04,INDORAMA,
2025-11-06,INDORAMA,
2025-11-07,INDORAMA,
2025-11-10,INDORAMA,
2025-11-11,INDORAMA,
2025-11-12,INDORAMA,
2025-11-13,INDORAMA,
2025-11-14,INDORAMA,
2025-11-17,INDORAMA,
2025-11-18,INDORAMA,
2025-11-19,INDORAMA,
2025-11-20,INDORAMA,
2025-11-21,INDORAMA,
2025-11-24,INDORAMA,
2025-11-25,INDORAMA,
2025-11-26,INDORAMA,
2025-11-27,INDORAMA,
2025-11-28,INDORAMA,
2025-12-01,INDORAMA,
2025-12-02,INDORAMA,
2025-12-03,INDORAMA,
2025-12-04,INDORAMA,
2025-12-05,INDORAMA,
2025-12-08,INDORAMA,
2025-12-09,INDORAMA,
2025-12-10,INDORAMA,
2025-12-11,INDORAMA,
2025-12-12,INDORAMA,
2025-12-15,INDORAMA,
2025-12-16,INDORAMA,
2025-12-17,INDORAMA,
2025-12-18,INDORAMA,
2025-12-19,INDORAMA,
2025-12-22,INDORAMA,
2025-12-23,INDORAMA,
2025-12-24,INDORAMA,
2025-12-26,INDORAMA,
2025-12-29,INDORAMA,
2025-12-30,INDORAMA,
2025-12-31,INDORAMA,
2026-01-01,INDORAMA,
2026-01-02,INDORAMA,
2026-01-05,INDORAMA,
2026-01-06,INDORAMA,
2026-01-07,INDORAMA,
2026-01-08,INDORAMA,
2026-01-09,INDORAMA,
2026-01-12,INDORAMA,
2026-01-13,INDORAMA,
2026-01-14,INDORAMA,
2026-01-16,INDORAMA,
2026-01-19,INDORAMA,
2026-01-20,INDORAMA,
2026-01-21,INDORAMA,
2026-01-22,INDORAMA,
2026-01-23,INDORAMA,
2026-01-27,INDORAMA,
2026-01-28,INDORAMA,
2026-01-29,INDORAMA,
2026-01-30,INDORAMA,
2026-02-02,INDORAMA,
2026-02-03,INDORAMA,
2026-02-04,INDORAMA,
2026-02-05,INDORAMA,
2026-02-06,INDORAMA,
2026-02-09,INDORAMA,
2026-02-10,INDORAMA,
2026-02-11,INDORAMA,
2026-02-12,INDORAMA,
2026-02-13,INDORAMA,
2026-02-16,INDORAMA,
2026-02-17,INDORAMA,
2026-02-18,INDORAMA,
2026-02-19,INDORAMA,
2026-02-20,INDORAMA,
2026-02-23,INDORAMA,
2026-02-24,INDORAMA,
2026-02-25,INDORAMA,
2026-02-26,INDORAMA,
2026-02-27,INDORAMA,
2026-03-02,INDORAMA,
2026-03-04,INDORAMA,
2026-03-05,INDORAMA,
2026-03-06,INDORAMA,
2026-03-09,INDORAMA,
2026-03-10,INDORAMA,
2026-03-11,INDORAMA,
2026-03-12,INDORAMA,
2026-03-13,INDORAMA,
2026-03-16,INDORAMA,
2026-03-17,INDORAMA,
2026-03-18,INDORAMA,
2026-03-19,INDORAMA,
2026-03-20,INDORAMA,
2026-03-23,INDORAMA,
2026-03-24,INDORAMA,
2026-03-25,INDORAMA,
2026-03-27,INDORAMA,
2026-03-30,INDORAMA,
2026-04-01,INDORAMA,
2026-04-02,INDORAMA,
2026-04-06,INDORAMA,
2026-04-07,INDORAMA,
2026-04-08,INDORAMA,
2026-04-09,INDORAMA,
2026-04-10,INDORAMA,
2026-04-13,INDORAMA,
2026-04-15,INDORAMA,
2026-04-16,INDORAMA,
2026-04-17,INDORAMA,
2026-04-20,INDORAMA,
2026-04-21,INDORAMA,
2026-04-22,INDORAMA,
2026-04-23,INDORAMA,
2026-04-24,INDORAMA,
2026-04-27,INDORAMA,
2026-04-28,INDORAMA,
2026-04-29,INDORAMA,
2026-04-30,INDORAMA,
2026-05-04,INDORAMA,
2026-05-05,INDORAMA,
2026-05-06,INDORAMA,
2026-05-07,INDORAMA,
2026-05-08,INDORAMA,
2026-05-11,INDORAMA,
2026-05-12,INDORAMA,
2026-05-13,INDORAMA,
2026-05-14,INDORAMA,
2026-05-15,INDORAMA,
2026-05-18,INDORAMA,
2026-05-19,INDORAMA,
2026-05-20,INDORAMA,
2026-05-21,INDORAMA,
2026-05-22,INDORAMA,
2026-05-25,INDORAMA,
2026-05-26,INDORAMA,
2026-05-27,INDORAMA,
2026-05-29,INDORAMA,
2026-06-01,INDORAMA,
2026-06-02,INDORAMA,
2026-06-03,INDORAMA,
2026-06-04,INDORAMA,
2026-06-05,INDORAMA,
2026-06-08,INDORAMA,
2026-06-09,INDORAMA,
2026-06-10,INDORAMA,
2026-06-11,INDORAMA,
2026-06-12,INDORAMA,
2026-06-15,INDORAMA,
2026-06-16,INDORAMA,
2026-06-17,INDORAMA,
2026-06-18,INDORAMA,
2026-06-19,INDORAMA,
2026-06-22,INDORAMA,
2026-06-23,INDORAMA,
2026-06-24,INDORAMA,
2026-06-25,INDORAMA,
2026-06-29,INDORAMA,
2026-06-30,INDORAMA,
2026-07-01,INDORAMA,
2026-07-02,INDORAMA,
2026-07-03,INDORAMA,
2026-07-06,INDORAMA,
2026-07-07,INDORAMA,
2026-07-08,INDORAMA,
2026-07-09,INDORAMA,
2026-07-10,INDORAMA,
2026-07-13,INDORAMA,
2026-07-14,INDORAMA,
2026-07-15,INDORAMA,
2026-07-16,INDORAMA,
2026-07-17,INDORAMA,
2026-07-20,INDORAMA,
2026-07-21,INDORAMA,
2026-07-22,INDORAMA,
2026-07-23,INDORAMA,
2026-07-24,INDORAMA,
2026-07-27,INDORAMA,
2026-07-28,INDORAMA,
2026-07-29,INDORAMA,
2026-07-30,INDORAMA,
2026-07-31,INDORAMA,
2026-08-03,INDORAMA,
2026-08-04,INDORAMA,
2026-08-05,INDORAMA,
2026-08-06,INDORAMA,
2026-08-07,INDORAMA,
2026-08-10,INDORAMA,
2026-08-11,INDORAMA,
2026-08-12,INDORAMA,
2026-08-13,INDORAMA,
2026-08-14,INDORAMA,
2026-08-17,INDORAMA,
2026-08-18,INDORAMA,
2026-08-19,INDORAMA,
2026-08-20,INDORAMA,
2026-08-21,INDORAMA,
2026-08-24,INDORAMA,
2026-08-25,INDORAMA,
2026-08-26,INDORAMA,
2026-08-27,INDORAMA,
2026-08-28,INDORAMA,
2026-08-31,INDORAMA,
2026-09-01,INDORAMA,
2026-09-02,INDORAMA,
2026-09-03,INDORAMA,
2026-09-04,INDORAMA,
2026-09-07,INDORAMA,
2026-09-08,INDORAMA,74.1302
2026-09-09,INDORAMA,75.6844
2026-09-10,INDORAMA,75.6844
2026-09-11,INDORAMA,75.6844
2026-09-15,INDORAMA,75.6844
2026-09-16,INDORAMA,75.6844
2026-09-17,INDORAMA,75.6844
2026-09-18,INDORAMA,75.6844
2026-09-21,INDORAMA,75.6844
2026-09-22,INDORAMA,75.6844
2026-09-23,INDORAMA,75.6844
2026-09-24,INDORAMA,75.6844
2025-09-10,JAYAGROGN,
2025-09-11,JAYAGROGN,
2025-09-12,JAYAGROGN,
2025-09-15,JAYAGROGN,
2025-09-16,JAYAGROGN,
2025-09-17,JAYAGROGN,
2025-09-18,JAYAGROGN,
2025-09-19,JAYAGROGN,
2025-09-22,JAYAGROGN,
2025-09-23,JAYAGROGN,
2025-09-24,JAYAGROGN,
2025-09-25,JAYAGROGN,
2025-09-26,JAYAGROGN,
2025-09-29,JAYAGROGN,
2025-09-30,JAYAGROGN,
2025-10-01,JAYAGROGN,
2025-10-03,JAYAGROGN,
2025-10-06,JAYAGROGN,
2025-10-07,JAYAGROGN,
2025-10-08,JAYAGROGN,
2025-10-09,JAYAGROGN,
2025-10-10,JAYAGROGN,
2025-10-13,JAYAGROGN,
2025-10-14,JAYAGROGN,
2025-10-15,JAYAGROGN,
2025-10-16,JAYAGROGN,
2025-10-17,JAYAGROGN,
2025-10-20,JAYAGROGN,
2025-10-21,JAYAGROGN,
2025-10-23,JAYAGROGN,
2025-10-24,JAYAGROGN,
2025-10-27,JAYAGROGN,
2025-10-28,JAYAGROGN,
2025-10-29,JAYAGROGN,
2025-10-30,JAYAGROGN,
2025-10-31,JAYAGROGN,
2025-11-03,JAYAGROGN,
2025-11-04,JAYAGROGN,
2025-11-06,JAYAGROGN,
2025-11-07,JAYAGROGN,
2025-11-10,JAYAGROGN,
2025-11-11,JAYAGROGN,
2025-11-12,JAYAGROGN,
2025-11-13,JAYAGROGN,
2025-11-14,JAYAGROGN,
2025-11-17,JAYAGROGN,
2025-11-18,JAYAGROGN,
2025-11-19,JAYAGROGN,
2025-11-20,JAYAGROGN,
2025-11-21,JAYAGROGN,
2025-11-24,JAYAGROGN,
2025-11-25,JAYAGROGN,
2025-11-26,JAYAGROGN,
2025-11-27,JAYAGROGN,
2025-11-28,JAYAGROGN,
2025-12-01,JAYAGROGN,
2025-12-02,JAYAGROGN,
2025-12-03,JAYAGROGN,
2025-12-04,JAYAGROGN,
2025-12-05,JAYAGROGN,
2025-12-08,JAYAGROGN,
2025-12-09,JAYAGROGN,
2025-12-10,JAYAGROGN,
2025-12-11,JAYAGROGN,
2025-12-12,JAYAGROGN,
2025-12-15,JAYAGROGN,
2025-12-16,JAYAGROGN,
2025-12-17,JAYAGROGN,
2025-12-18,JAYAGROGN,
2025-12-19,JAYAGROGN,
2025-12-22,JAYAGROGN,
2025-12-23,JAYAGROGN,
2025-12-24,JAYAGROGN,
2025-12-26,JAYAGROGN,
2025-12-29,JAYAGROGN,
2025-12-30,JAYAGROGN,
2025-12-31,JAYAGROGN,
2026-01-01,JAYAGROGN,
2026-01-02,JAYAGROGN,
2026-01-05,JAYAGROGN,
2026-01-06,JAYAGROGN,
2026-01-07,JAYAGROGN,
2026-01-08,JAYAGROGN,
2026-01-09,JAYAGROGN,
2026-01-12,JAYAGROGN,
2026-01-13,JAYAGROGN,
2026-01-14,JAYAGROGN,
2026-01-16,JAYAGROGN,
2026-01-19,JAYAGROGN,
2026-01-20,JAYAGROGN,
2026-01-21,JAYAGROGN,
2026-01-22,JAYAGROGN,
2026-01-23,JAYAGROGN,
2026-01-27,JAYAGROGN,
2026-01-28,JAYAGROGN,
2026-01-29,JAYAGROGN,
2026-01-30,JAYAGROGN,
2026-02-02,JAYAGROGN,
2026-02-03,JAYAGROGN,
2026-02-04,JAYAGROGN,
2026-02-05,JAYAGROGN,
2026-02-06,JAYAGROGN,
2026-02-09,JAYAGROGN,
2026-02-10,JAYAGROGN,
2026-02-11,JAYAGROGN,
2026-02-12,JAYAGROGN,
2026-02-13,JAYAGROGN,
2026-02-16,JAYAGROGN,
2026-02-17,JAYAGROGN,
2026-02-18,JAYAGROGN,
2026-02-19,JAYAGROGN,
2026-02-20,JAYAGROGN,
2026-02-23,JAYAGROGN,
2026-02-24,JAYAGROGN,
2026-02-25,JAYAGROGN,
2026-02-26,JAYAGROGN,
2026-02-27,JAYAGROGN,
2026-03-02,JAYAGROGN,
2026-03-04,JAYAGROGN,
2026-03-05,JAYAGROGN,
2026-03-06,JAYAGROGN,
2026-03-09,JAYAGROGN,
2026-03-10,JAYAGROGN,
2026-03-11,JAYAGROGN,
2026-03-12,JAYAGROGN,
2026-03-13,JAYAGROGN,
2026-03-16,JAYAGROGN,
2026-03-17,JAYAGROGN,
2026-03-18,JAYAGROGN,
2026-03-19,JAYAGROGN,
2026-03-20,JAYAGROGN,
2026-03-23,JAYAGROGN,
2026-03-24,JAYAGROGN,
2026-03-25,JAYAGROGN,
2026-03-27,JAYAGROGN,
2026-03-30,JAYAGROGN,
2026-04-01,JAYAGROGN,
2026-04-02,JAYAGROGN,
2026-04-06,JAYAGROGN,
2026-04-07,JAYAGROGN,
2026-04-08,JAYAGROGN,
2026-04-09,JAYAGROGN,
2026-04-10,JAYAGROGN,
2026-04-13,JAYAGROGN,
2026-04-15,JAYAGROGN,
2026-04-16,JAYAGROGN,
2026-04-17,JAYAGROGN,
2026-04-20,JAYAGROGN,
2026-04-21,JAYAGROGN,
2026-04-22,JAYAGROGN,
2026-04-23,JAYAGROGN,
2026-04-24,JAYAGROGN,
2026-04-27,JAYAGROGN,
2026-04-28,JAYAGROGN,
2026-04-29,JAYAGROGN,
2026-04-30,JAYAGROGN,
2026-05-04,JAYAGROGN,
2026-05-05,JAYAGROGN,
2026-05-06,JAYAGROGN,
2026-05-07,JAYAGROGN,
2026-05-08,JAYAGROGN,
2026-05-11,JAYAGROGN,
2026-05-12,JAYAGROGN,
2026-05-13,JAYAGROGN,
2026-05-14,JAYAGROGN,
2026-05-15,JAYAGROGN,
2026-05-18,JAYAGROGN,
2026-05-19,JAYAGROGN,
2026-05-20,JAYAGROGN,
2026-05-21,JAYAGROGN,
2026-05-22,JAYAGROGN,
2026-05-25,JAYAGROGN,
2026-05-26,JAYAGROGN,
2026-05-27,JAYAGROGN,
2026-05-29,JAYAGROGN,
2026-06-01,JAYAGROGN,
2026-06-02,JAYAGROGN,
2026-06-03,JAYAGROGN,
2026-06-04,JAYAGROGN,
2026-06-05,JAYAGROGN,
2026-06-08,JAYAGROGN,
2026-06-09,JAYAGROGN,
2026-06-10,JAYAGROGN,
2026-06-11,JAYAGROGN,
2026-06-12,JAYAGROGN,
2026-06-15,JAYAGROGN,
2026-06-16,JAYAGROGN,
2026-06-17,JAYAGROGN,
2026-06-18,JAYAGROGN,
2026-06-19,JAYAGROGN,
2026-06-22,JAYAGROGN,
2026-06-23,JAYAGROGN,
2026-06-24,JAYAGROGN,
2026-06-25,JAYAGROGN,
2026-06-29,JAYAGROGN,
2026-06-30,JAYAGROGN,
2026-07-01,JAYAGROGN,
2026-07-02,JAYAGROGN,
2026-07-03,JAYAGROGN,
2026-07-06,JAYAGROGN,
2026-07-07,JAYAGROGN,
2026-07-08,JAYAGROGN,
2026-07-09,JAYAGROGN,
2026-07-10,JAYAGROGN,
2026-07-13,JAYAGROGN,
2026-07-14,JAYAGROGN,
2026-07-15,JAYAGROGN,
2026-07-16,JAYAGROGN,
2026-07-17,JAYAGROGN,
2026-07-20,JAYAGROGN,
2026-07-21,JAYAGROGN,
2026-07-22,JAYAGROGN,
2026-07-23,JAYAGROGN,
2026-07-24,JAYAGROGN,
2026-07-27,JAYAGROGN,
2026-07-28,JAYAGROGN,
2026-07-29,JAYAGROGN,
2026-07-30,JAYAGROGN,
2026-07-31,JAYAGROGN,
2026-08-03,JAYAGROGN,
2026-08-04,JAYAGROGN,
2026-08-05,JAYAGROGN,
2026-08-06,JAYAGROGN,
2026-08-07,JAYAGROGN,
2026-08-10,JAYAGROGN,
2026-08-11,JAYAGROGN,
2026-08-12,JAYAGROGN,
2026-08-13,JAYAGROGN,
2026-08-14,JAYAGROGN,
2026-08-17,JAYAGROGN,
2026-08-18,JAYAGROGN,
2026-08-19,JAYAGROGN,
2026-08-20,JAYAGROGN,
2026-08-21,JAYAGROGN,
2026-08-24,JAYAGROGN,
2026-08-25,JAYAGROGN,
2026-08-26,JAYAGROGN,
2026-08-27,JAYAGROGN,
2026-08-28,JAYAGROGN,
2026-08-31,JAYAGROGN,
2026-09-01,JAYAGROGN,
2026-09-02,JAYAGROGN,
2026-09-03,JAYAGROGN,
2026-09-04,JAYAGROGN,
2026-09-07,JAYAGROGN,
2026-09-08,JAYAGROGN,
2026-09-09,JAYAGROGN,
2026-09-10,JAYAGROGN,
2026-09-11,JAYAGROGN,
2026-09-15,JAYAGROGN,
2026-09-16,JAYAGROGN,
2026-09-17,JAYAGROGN,
2026-09-18,JAYAGROGN,
2026-09-21,JAYAGROGN,234.0473
2026-09-22,JAYAGROGN,234.3657
2026-09-23,JAYAGROGN,234.4008
2026-09-24,JAYAGROGN,234.4008
2025-09-10,JINDALSTEL,
2025-09-11,JINDALSTEL,
2025-09-12,JINDALSTEL,
2025-09-15,JINDALSTEL,
2025-09-16,JINDALSTEL,
2025-09-17,JINDALSTEL,
2025-09-18,JINDALSTEL,
2025-09-19,JINDALSTEL,
2025-09-22,JINDALSTEL,
2025-09-23,JINDALSTEL,
2025-09-24,JINDALSTEL,
2025-09-25,JINDALSTEL,
2025-09-26,JINDALSTEL,
2025-09-29,JINDALSTEL,
2025-09-30,JINDALSTEL,
2025-10-01,JINDALSTEL,
2025-10-03,JINDALSTEL,
2025-10-06,JINDALSTEL,
2025-10-07,JINDALSTEL,
2025-10-08,JINDALSTEL,
2025-10-09,JINDALSTEL,
2025-10-10,JINDALSTEL,
2025-10-13,JINDALSTEL,
2025-10-14,JINDALSTEL,
2025-10-15,JINDALSTEL,
2025-10-16,JINDALSTEL,
2025-10-17,JINDALSTEL,
2025-10-20,JINDALSTEL,
2025-10-21,JINDALSTEL,
2025-10-23,JINDALSTEL,
2025-10-24,JINDALSTEL,
2025-10-27,JINDALSTEL,
2025-10-28,JINDALSTEL,
2025-10-29,JINDALSTEL,
2025-10-30,JINDALSTEL,
2025-10-31,JINDALSTEL,
2025-11-03,JINDALSTEL,
2025-11-04,JINDALSTEL,
2025-11-06,JINDALSTEL,
2025-11-07,JINDALSTEL,
2025-11-10,JINDALSTEL,
2025-11-11,JINDALSTEL,
2025-11-12,JINDALSTEL,
2025-11-13,JINDALSTEL,
2025-11-14,JINDALSTEL,
2025-11-17,JINDALSTEL,
2025-11-18,JINDALSTEL,
2025-11-19,JINDALSTEL,
2025-11-20,JINDALSTEL,
2025-11-21,JINDALSTEL,
2025-11-24,JINDALSTEL,
2025-11-25,JINDALSTEL,
2025-11-26,JINDALSTEL,
2025-11-27,JINDALSTEL,
2025-11-28,JINDALSTEL,
2025-12-01,JINDALSTEL,
2025-12-02,JINDALSTEL,
2025-12-03,JINDALSTEL,
2025-12-04,JINDALSTEL,
2025-12-05,JINDALSTEL,
2025-12-08,JINDALSTEL,
2025-12-09,JINDALSTEL,
2025-12-10,JINDALSTEL,
2025-12-11,JINDALSTEL,
2025-12-12,JINDALSTEL,
2025-12-15,JINDALSTEL,
2025-12-16,JINDALSTEL,
2025-12-17,JINDALSTEL,
2025-12-18,JINDALSTEL,
2025-12-19,JINDALSTEL,
2025-12-22,JINDALSTEL,
2025-12-23,JINDALSTEL,
2025-12-24,JINDALSTEL,
2025-12-26,JINDALSTEL,
2025-12-29,JINDALSTEL,
2025-12-30,JINDALSTEL,
2025-12-31,JINDALSTEL,
2026-01-01,JINDALSTEL,
2026-01-02,JINDALSTEL,
2026-01-05,JINDALSTEL,
2026-01-06,JINDALSTEL,
2026-01-07,JINDALSTEL,
2026-01-08,JINDALSTEL,
2026-01-09,JINDALSTEL,
2026-01-12,JINDALSTEL,
2026-01-13,JINDALSTEL,
2026-01-14,JINDALSTEL,
2026-01-16,JINDALSTEL,
2026-01-19,JINDALSTEL,
2026-01-20,JINDALSTEL,
2026-01-21,JINDALSTEL,
2026-01-22,JINDALSTEL,
2026-01-23,JINDALSTEL,
2026-01-27,JINDALSTEL,
2026-01-28,JINDALSTEL,
2026-01-29,JINDALSTEL,
2026-01-30,JINDALSTEL,
2026-02-02,JINDALSTEL,
2026-02-03,JINDALSTEL,
2026-02-04,JINDALSTEL,
2026-02-05,JINDALSTEL,
2026-02-06,JINDALSTEL,
2026-02-09,JINDALSTEL,
2026-02-10,JINDALSTEL,
2026-02-11,JINDALSTEL,
2026-02-12,JINDALSTEL,
2026-02-13,JINDALSTEL,
2026-02-16,JINDALSTEL,
2026-02-17,JINDALSTEL,
2026-02-18,JINDALSTEL,
2026-02-19,JINDALSTEL,
2026-02-20,JINDALSTEL,
2026-02-23,JINDALSTEL,
2026-02-24,JINDALSTEL,
2026-02-25,JINDALSTEL,
2026-02-26,JINDALSTEL,
2026-02-27,JINDALSTEL,
2026-03-02,JINDALSTEL,
2026-03-04,JINDALSTEL,
2026-03-05,JINDALSTEL,
2026-03-06,JINDALSTEL,
2026-03-09,JINDALSTEL,
2026-03-10,JINDALSTEL,
2026-03-11,JINDALSTEL,
2026-03-12,JINDALSTEL,
2026-03-13,JINDALSTEL,
2026-03-16,JINDALSTEL,
2026-03-17,JINDALSTEL,
2026-03-18,JINDALSTEL,
2026-03-19,JINDALSTEL,
2026-03-20,JINDALSTEL,
2026-03-23,JINDALSTEL,
2026-03-24,JINDALSTEL,
2026-03-25,JINDALSTEL,
2026-03-27,JINDALSTEL,
2026-03-30,JINDALSTEL,
2026-04-01,JINDALSTEL,
2026-04-02,JINDALSTEL,
2026-04-06,JINDALSTEL,
2026-04-07,JINDALSTEL,
2026-04-08,JINDALSTEL,
2026-04-09,JINDALSTEL,
2026-04-10,JINDALSTEL,
2026-04-13,JINDALSTEL,
2026-04-15,JINDALSTEL,
2026-04-16,JINDALSTEL,
2026-04-17,JINDALSTEL,
2026-04-20,JINDALSTEL,
2026-04-21,JINDALSTEL,
2026-04-22,JINDALSTEL,
2026-04-23,JINDALSTEL,
2026-04-24,JINDALSTEL,
2026-04-27,JINDALSTEL,
2026-04-28,JINDALSTEL,
2026-04-29,JINDALSTEL,
2026-04-30,JINDALSTEL,
2026-05-04,JINDALSTEL,
2026-05-05,JINDALSTEL,
2026-05-06,JINDALSTEL,
2026-05-07,JINDALSTEL,
2026-05-08,JINDALSTEL,
2026-05-11,JINDALSTEL,
2026-05-12,JINDALSTEL,
2026-05-13,JINDALSTEL,
2026-05-14,JINDALSTEL,
2026-05-15,JINDALSTEL,
2026-05-18,JINDALSTEL,
2026-05-19,JINDALSTEL,
2026-05-20,JINDALSTEL,
2026-05-21,JINDALSTEL,
2026-05-22,JINDALSTEL,
2026-05-25,JINDALSTEL,
2026-05-26,JINDALSTEL,
2026-05-27,JINDALSTEL,
2026-05-29,JINDALSTEL,
2026-06-01,JINDALSTEL,
2026-06-02,JINDALSTEL,
2026-06-03,JINDALSTEL,
2026-06-04,JINDALSTEL,
2026-06-05,JINDALSTEL,
2026-06-08,JINDALSTEL,
2026-06-09,JINDALSTEL,
2026-06-10,JINDALSTEL,
2026-06-11,JINDALSTEL,
2026-06-12,JINDALSTEL,
2026-06-15,JINDALSTEL,
2026-06-16,JINDALSTEL,
2026-06-17,JINDALSTEL,
2026-06-18,JINDALSTEL,
2026-06-19,JINDALSTEL,
2026-06-22,JINDALSTEL,
2026-06-23,JINDALSTEL,
2026-06-24,JINDALSTEL,
2026-06-25,JINDALSTEL,
2026-06-29,JINDALSTEL,
2026-06-30,JINDALSTEL,
2026-07-01,JINDALSTEL,
2026-07-02,JINDALSTEL,
2026-07-03,JINDALSTEL,
2026-07-06,JINDALSTEL,
2026-07-07,JINDALSTEL,
2026-07-08,JINDALSTEL,
2026-07-09,JINDALSTEL,
2026-07-10,JINDALSTEL,
2026-07-13,JINDALSTEL,
2026-07-14,JINDALSTEL,
2026-07-15,JINDALSTEL,
2026-07-16,JINDALSTEL,
2026-07-17,JINDALSTEL,
2026-07-20,JINDALSTEL,
2026-07-21,JINDALSTEL,
2026-07-22,JINDALSTEL,
2026-07-23,JINDALSTEL,
2026-07-24,JINDALSTEL,
2026-07-27,JINDALSTEL,
2026-07-28,JINDALSTEL,
2026-07-29,JINDALSTEL,
2026-07-30,JINDALSTEL,
2026-07-31,JINDALSTEL,
2026-08-03,JINDALSTEL,
2026-08-04,JINDALSTEL,
2026-08-05,JINDALSTEL,
2026-08-06,JINDALSTEL,
2026-08-07,JINDALSTEL,
2026-08-10,JINDALSTEL,
2026-08-11,JINDALSTEL,
2026-08-12,JINDALSTEL,
2026-08-13,JINDALSTEL,
2026-08-14,JINDALSTEL,
2026-08-17,JINDALSTEL,
2026-08-18,JINDALSTEL,
2026-08-19,JINDALSTEL,
2026-08-20,JINDALSTEL,
2026-08-21,JINDALSTEL,
2026-08-24,JINDALSTEL,
2026-08-25,JINDALSTEL,
2026-08-26,JINDALSTEL,
2026-08-27,JINDALSTEL,
2026-08-28,JINDALSTEL,
2026-08-31,JINDALSTEL,
2026-09-01,JINDALSTEL,
2026-09-02,JINDALSTEL,
2026-09-03,JINDALSTEL,1157.1775
2026-09-04,JINDALSTEL,1157.1775
2026-09-07,JINDALSTEL,1157.1775
2026-09-08,JINDALSTEL,1157.1775
2026-09-09,JINDALSTEL,1157.1775
2026-09-10,JINDALSTEL,1157.1775
2026-09-11,JINDALSTEL,1157.1775
2026-09-15,JINDALSTEL,1157.1775
2026-09-16,JINDALSTEL,1157.1775
2026-09-17,JINDALSTEL,1157.1775
2026-09-18,JINDALSTEL,1157.1775
2026-09-21,JINDALSTEL,1157.1775
2026-09-22,JINDALSTEL,1157.1775
2026-09-23,JINDALSTEL,1157.1775
2026-09-24,JINDALSTEL,1157.1775
2025-09-10,KABRAEXTRU,
2025-09-11,KABRAEXTRU,
2025-09-12,KABRAEXTRU,
2025-09-15,KABRAEXTRU,
2025-09-16,KABRAEXTRU,
2025-09-17,KABRAEXTRU,
2025-09-18,KABRAEXTRU,
2025-09-19,KABRAEXTRU,
2025-09-22,KABRAEXTRU,
2025-09-23,KABRAEXTRU,
2025-09-24,KABRAEXTRU,
2025-09-25,KABRAEXTRU,
2025-09-26,KABRAEXTRU,
2025-09-29,KABRAEXTRU,
2025-09-30,KABRAEXTRU,
2025-10-01,KABRAEXTRU,
2025-10-03,KABRAEXTRU,
2025-10-06,KABRAEXTRU,
2025-10-07,KABRAEXTRU,
2025-10-08,KABRAEXTRU,
2025-10-09,KABRAEXTRU,
2025-10-10,KABRAEXTRU,
2025-10-13,KABRAEXTRU,
2025-10-14,KABRAEXTRU,
2025-10-15,KABRAEXTRU,
2025-10-16,KABRAEXTRU,
2025-10-17,KABRAEXTRU,
2025-10-20,KABRAEXTRU,
2025-10-21,KABRAEXTRU,
2025-10-23,KABRAEXTRU,
2025-10-24,KABRAEXTRU,
2025-10-27,KABRAEXTRU,
2025-10-28,KABRAEXTRU,
2025-10-29,KABRAEXTRU,
2025-10-30,KABRAEXTRU,
2025-10-31,KABRAEXTRU,
2025-11-03,KABRAEXTRU,
2025-11-04,KABRAEXTRU,
2025-11-06,KABRAEXTRU,
2025-11-07,KABRAEXTRU,
2025-11-10,KABRAEXTRU,
2025-11-11,KABRAEXTRU,
2025-11-12,KABRAEXTRU,
2025-11-13,KABRAEXTRU,
2025-11-14,KABRAEXTRU,
2025-11-17,KABRAEXTRU,
2025-11-18,KABRAEXTRU,
2025-11-19,KABRAEXTRU,
2025-11-20,KABRAEXTRU,
2025-11-21,KABRAEXTRU,
2025-11-24,KABRAEXTRU,
2025-11-25,KABRAEXTRU,
2025-11-26,KABRAEXTRU,
2025-11-27,KABRAEXTRU,
2025-11-28,KABRAEXTRU,
2025-12-01,KABRAEXTRU,
2025-12-02,KABRAEXTRU,
2025-12-03,KABRAEXTRU,
2025-12-04,KABRAEXTRU,
2025-12-05,KABRAEXTRU,
2025-12-08,KABRAEXTRU,
2025-12-09,KABRAEXTRU,
2025-12-10,KABRAEXTRU,
2025-12-11,KABRAEXTRU,
2025-12-12,KABRAEXTRU,
2025-12-15,KABRAEXTRU,
2025-12-16,KABRAEXTRU,
2025-12-17,KABRAEXTRU,
2025-12-18,KABRAEXTRU,
2025-12-19,KABRAEXTRU,
2025-12-22,KABRAEXTRU,
2025-12-23,KABRAEXTRU,
2025-12-24,KABRAEXTRU,
2025-12-26,KABRAEXTRU,
2025-12-29,KABRAEXTRU,
2025-12-30,KABRAEXTRU,
2025-12-31,KABRAEXTRU,
2026-01-01,KABRAEXTRU,
2026-01-02,KABRAEXTRU,
2026-01-05,KABRAEXTRU,
2026-01-06,KABRAEXTRU,
2026-01-07,KABRAEXTRU,
2026-01-08,KABRAEXTRU,
2026-01-09,KABRAEXTRU,
2026-01-12,KABRAEXTRU,
2026-01-13,KABRAEXTRU,
2026-01-14,KABRAEXTRU,
2026-01-16,KABRAEXTRU,
2026-01-19,KABRAEXTRU,
2026-01-20,KABRAEXTRU,
2026-01-21,KABRAEXTRU,
2026-01-22,KABRAEXTRU,
2026-01-23,KABRAEXTRU,
2026-01-27,KABRAEXTRU,
2026-01-28,KABRAEXTRU,
2026-01-29,KABRAEXTRU,
2026-01-30,KABRAEXTRU,
2026-02-02,KABRAEXTRU,
2026-02-03,KABRAEXTRU,
2026-02-04,KABRAEXTRU,
2026-02-05,KABRAEXTRU,
2026-02-06,KABRAEXTRU,
2026-02-09,KABRAEXTRU,
2026-02-10,KABRAEXTRU,
2026-02-11,KABRAEXTRU,
2026-02-12,KABRAEXTRU,
2026-02-13,KABRAEXTRU,
2026-02-16,KABRAEXTRU,
2026-02-17,KABRAEXTRU,
2026-02-18,KABRAEXTRU,
2026-02-19,KABRAEXTRU,
2026-02-20,KABRAEXTRU,
2026-02-23,KABRAEXTRU,
2026-02-24,KABRAEXTRU,
2026-02-25,KABRAEXTRU,
2026-02-26,KABRAEXTRU,
2026-02-27,KABRAEXTRU,
2026-03-02,KABRAEXTRU,
2026-03-04,KABRAEXTRU,
2026-03-05,KABRAEXTRU,
2026-03-06,KABRAEXTRU,
2026-03-09,KABRAEXTRU,
2026-03-10,KABRAEXTRU,
2026-03-11,KABRAEXTRU,
2026-03-12,KABRAEXTRU,
2026-03-13,KABRAEXTRU,
2026-03-16,KABRAEXTRU,
2026-03-17,KABRAEXTRU,
2026-03-18,KABRAEXTRU,
2026-03-19,KABRAEXTRU,
2026-03-20,KABRAEXTRU,
2026-03-23,KABRAEXTRU,
2026-03-24,KABRAEXTRU,
2026-03-25,KABRAEXTRU,
2026-03-27,KABRAEXTRU,
2026-03-30,KABRAEXTRU,
2026-04-01,KABRAEXTRU,
2026-04-02,KABRAEXTRU,
2026-04-06,KABRAEXTRU,
2026-04-07,KABRAEXTRU,
2026-04-08,KABRAEXTRU,
2026-04-09,KABRAEXTRU,
2026-04-10,KABRAEXTRU,
2026-04-13,KABRAEXTRU,
2026-04-15,KABRAEXTRU,
2026-04-16,KABRAEXTRU,
2026-04-17,KABRAEXTRU,
2026-04-20,KABRAEXTRU,
2026-04-21,KABRAEXTRU,
2026-04-22,KABRAEXTRU,
2026-04-23,KABRAEXTRU,
2026-04-24,KABRAEXTRU,
2026-04-27,KABRAEXTRU,
2026-04-28,KABRAEXTRU,
2026-04-29,KABRAEXTRU,
2026-04-30,KABRAEXTRU,
2026-05-04,KABRAEXTRU,
2026-05-05,KABRAEXTRU,
2026-05-06,KABRAEXTRU,
2026-05-07,KABRAEXTRU,
2026-05-08,KABRAEXTRU,
2026-05-11,KABRAEXTRU,
2026-05-12,KABRAEXTRU,
2026-05-13,KABRAEXTRU,
2026-05-14,KABRAEXTRU,
2026-05-15,KABRAEXTRU,
2026-05-18,KABRAEXTRU,
2026-05-19,KABRAEXTRU,
2026-05-20,KABRAEXTRU,
2026-05-21,KABRAEXTRU,
2026-05-22,KABRAEXTRU,
2026-05-25,KABRAEXTRU,
2026-05-26,KABRAEXTRU,
2026-05-27,KABRAEXTRU,
2026-05-29,KABRAEXTRU,
2026-06-01,KABRAEXTRU,
2026-06-02,KABRAEXTRU,
2026-06-03,KABRAEXTRU,
2026-06-04,KABRAEXTRU,
2026-06-05,KABRAEXTRU,
2026-06-08,KABRAEXTRU,
2026-06-09,KABRAEXTRU,
2026-06-10,KABRAEXTRU,
2026-06-11,KABRAEXTRU,
2026-06-12,KABRAEXTRU,
2026-06-15,KABRAEXTRU,
2026-06-16,KABRAEXTRU,
2026-06-17,KABRAEXTRU,
2026-06-18,KABRAEXTRU,
2026-06-19,KABRAEXTRU,
2026-06-22,KABRAEXTRU,
2026-06-23,KABRAEXTRU,240.0346
2026-06-24,KABRAEXTRU,240.0346
2026-06-25,KABRAEXTRU,241.6253
2026-06-29,KABRAEXTRU,241.6253
2026-06-30,KABRAEXTRU,241.6253
2026-07-01,KABRAEXTRU,241.6253
2026-07-02,KABRAEXTRU,241.6253
2026-07-03,KABRAEXTRU,241.6253
2026-07-06,KABRAEXTRU,241.6253
2026-07-07,KABRAEXTRU,241.6253
2026-07-08,KABRAEXTRU,241.6253
2026-07-09,KABRAEXTRU,241.6253
2026-07-10,KABRAEXTRU,241.6253
2026-07-13,KABRAEXTRU,241.6253
2026-07-14,KABRAEXTRU,241.6253
2026-07-15,KABRAEXTRU,241.6253
2026-07-16,KABRAEXTRU,241.6253
2026-07-17,KABRAEXTRU,241.6253
2026-07-20,KABRAEXTRU,241.6253
2026-07-21,KABRAEXTRU,241.6253
2026-07-22,KABRAEXTRU,241.6253
2026-07-23,KABRAEXTRU,241.6253
2026-07-24,KABRAEXTRU,241.6253
2026-07-27,KABRAEXTRU,241.6253
2026-07-28,KABRAEXTRU,241.6253
2026-07-29,KABRAEXTRU,241.6253
2026-07-30,KABRAEXTRU,241.6253
2026-07-31,KABRAEXTRU,241.6253
2026-08-03,KABRAEXTRU,241.6253
2026-08-04,KABRAEXTRU,241.6253
2026-08-05,KABRAEXTRU,241.6253
2026-08-06,KABRAEXTRU,241.6253
2026-08-07,KABRAEXTRU,241.6253
2026-08-10,KABRAEXTRU,241.6253
2026-08-11,KABRAEXTRU,241.6253
2026-08-12,KABRAEXTRU,241.6253
2026-08-13,KABRAEXTRU,241.6253
2026-08-14,KABRAEXTRU,241.6253
2026-08-17,KABRAEXTRU,241.6253
2026-08-18,KABRAEXTRU,241.6253
2026-08-19,KABRAEXTRU,241.6253
2026-08-20,KABRAEXTRU,241.6253
2026-08-21,KABRAEXTRU,241.6253
2026-08-24,KABRAEXTRU,241.6253
2026-08-25,KABRAEXTRU,241.6253
2026-08-26,KABRAEXTRU,241.6253
2026-08-27,KABRAEXTRU,241.6253
2026-08-28,KABRAEXTRU,241.6253
2026-08-31,KABRAEXTRU,241.6253
2026-09-01,KABRAEXTRU,241.6253
2026-09-02,KABRAEXTRU,241.6253
2026-09-03,KABRAEXTRU,241.6253
2026-09-04,KABRAEXTRU,241.6253
2026-09-07,KABRAEXTRU,241.6253
2026-09-08,KABRAEXTRU,241.6253
2026-09-09,KABRAEXTRU,241.6253
2026-09-10,KABRAEXTRU,241.6253
2026-09-11,KABRAEXTRU,241.6253
2026-09-15,KABRAEXTRU,241.6253
2026-09-16,KABRAEXTRU,241.6253
2026-09-17,KABRAEXTRU,241.6253
2026-09-18,KABRAEXTRU,241.6253
2026-09-21,KABRAEXTRU,241.6253
2026-09-22,KABRAEXTRU,241.6253
2026-09-23,KABRAEXTRU,241.6253
2026-09-24,KABRAEXTRU,241.6253
2025-09-10,LAOPALA,
2025-09-11,LAOPALA,
2025-09-12,LAOPALA,
2025-09-15,LAOPALA,
2025-09-16,LAOPALA,
2025-09-17,LAOPALA,
2025-09-18,LAOPALA,
2025-09-19,LAOPALA,
2025-09-22,LAOPALA,
2025-09-23,LAOPALA,
2025-09-24,LAOPALA,
2025-09-25,LAOPALA,
2025-09-26,LAOPALA,
2025-09-29,LAOPALA,
2025-09-30,LAOPALA,
2025-10-01,LAOPALA,
2025-10-03,LAOPALA,
2025-10-06,LAOPALA,
2025-10-07,LAOPALA,
2025-10-08,LAOPALA,
2025-10-09,LAOPALA,
2025-10-10,LAOPALA,
2025-10-13,LAOPALA,
2025-10-14,LAOPALA,
2025-10-15,LAOPALA,
2025-10-16,LAOPALA,
2025-10-17,LAOPALA,
2025-10-20,LAOPALA,
2025-10-21,LAOPALA,
2025-10-23,LAOPALA,
2025-10-24,LAOPALA,
2025-10-27,LAOPALA,
2025-10-28,LAOPALA,
2025-10-29,LAOPALA,
2025-10-30,LAOPALA,
2025-10-31,LAOPALA,
2025-11-03,LAOPALA,
2025-11-04,LAOPALA,
2025-11-06,LAOPALA,
2025-11-07,LAOPALA,
2025-11-10,LAOPALA,
2025-11-11,LAOPALA,
2025-11-12,LAOPALA,
2025-11-13,LAOPALA,
2025-11-14,LAOPALA,
2025-11-17,LAOPALA,
2025-11-18,LAOPALA,
2025-11-19,LAOPALA,
2025-11-20,LAOPALA,
2025-11-21,LAOPALA,
2025-11-24,LAOPALA,
2025-11-25,LAOPALA,
2025-11-26,LAOPALA,
2025-11-27,LAOPALA,
2025-11-28,LAOPALA,
2025-12-01,LAOPALA,
2025-12-02,LAOPALA,
2025-12-03,LAOPALA,
2025-12-04,LAOPALA,
2025-12-05,LAOPALA,
2025-12-08,LAOPALA,
2025-12-09,LAOPALA,
2025-12-10,LAOPALA,
2025-12-11,LAOPALA,
2025-12-12,LAOPALA,
2025-12-15,LAOPALA,
2025-12-16,LAOPALA,
2025-12-17,LAOPALA,
2025-12-18,LAOPALA,
2025-12-19,LAOPALA,
2025-12-22,LAOPALA,
2025-12-23,LAOPALA,
2025-12-24,LAOPALA,
2025-12-26,LAOPALA,
2025-12-29,LAOPALA,
2025-12-30,LAOPALA,
2025-12-31,LAOPALA,
2026-01-01,LAOPALA,
2026-01-02,LAOPALA,
2026-01-05,LAOPALA,
2026-01-06,LAOPALA,
2026-01-07,LAOPALA,
2026-01-08,LAOPALA,
2026-01-09,LAOPALA,
2026-01-12,LAOPALA,
2026-01-13,LAOPALA,
2026-01-14,LAOPALA,
2026-01-16,LAOPALA,
2026-01-19,LAOPALA,
2026-01-20,LAOPALA,
2026-01-21,LAOPALA,
2026-01-22,LAOPALA,
2026-01-23,LAOPALA,
2026-01-27,LAOPALA,
2026-01-28,LAOPALA,
2026-01-29,LAOPALA,
2026-01-30,LAOPALA,
2026-02-02,LAOPALA,
2026-02-03,LAOPALA,
2026-02-04,LAOPALA,
2026-02-05,LAOPALA,
2026-02-06,LAOPALA,
2026-02-09,LAOPALA,
2026-02-10,LAOPALA,
2026-02-11,LAOPALA,
2026-02-12,LAOPALA,
2026-02-13,LAOPALA,
2026-02-16,LAOPALA,
2026-02-17,LAOPALA,
2026-02-18,LAOPALA,
2026-02-19,LAOPALA,
2026-02-20,LAOPALA,
2026-02-23,LAOPALA,
2026-02-24,LAOPALA,
2026-02-25,LAOPALA,
2026-02-26,LAOPALA,
2026-02-27,LAOPALA,
2026-03-02,LAOPALA,
2026-03-04,LAOPALA,
2026-03-05,LAOPALA,
2026-03-06,LAOPALA,
2026-03-09,LAOPALA,
2026-03-10,LAOPALA,
2026-03-11,LAOPALA,
2026-03-12,LAOPALA,
2026-03-13,LAOPALA,
2026-03-16,LAOPALA,
2026-03-17,LAOPALA,
2026-03-18,LAOPALA,
2026-03-19,LAOPALA,
2026-03-20,LAOPALA,
2026-03-23,LAOPALA,
2026-03-24,LAOPALA,
2026-03-25,LAOPALA,
2026-03-27,LAOPALA,
2026-03-30,LAOPALA,
2026-04-01,LAOPALA,
2026-04-02,LAOPALA,
2026-04-06,LAOPALA,
2026-04-07,LAOPALA,
2026-04-08,LAOPALA,
2026-04-09,LAOPALA,
2026-04-10,LAOPALA,
2026-04-13,LAOPALA,
2026-04-15,LAOPALA,
2026-04-16,LAOPALA,
2026-04-17,LAOPALA,
2026-04-20,LAOPALA,
2026-04-21,LAOPALA,
2026-04-22,LAOPALA,
2026-04-23,LAOPALA,
2026-04-24,LAOPALA,
2026-04-27,LAOPALA,
2026-04-28,LAOPALA,
2026-04-29,LAOPALA,
2026-04-30,LAOPALA,
2026-05-04,LAOPALA,
2026-05-05,LAOPALA,
2026-05-06,LAOPALA,
2026-05-07,LAOPALA,
2026-05-08,LAOPALA,
2026-05-11,LAOPALA,
2026-05-12,LAOPALA,
2026-05-13,LAOPALA,
2026-05-14,LAOPALA,
2026-05-15,LAOPALA,
2026-05-18,LAOPALA,
2026-05-19,LAOPALA,
2026-05-20,LAOPALA,
2026-05-21,LAOPALA,
2026-05-22,LAOPALA,
2026-05-25,LAOPALA,
2026-05-26,LAOPALA,
2026-05-27,LAOPALA,
2026-05-29,LAOPALA,
2026-06-01,LAOPALA,
2026-06-02,LAOPALA,
2026-06-03,LAOPALA,
2026-06-04,LAOPALA,
2026-06-05,LAOPALA,
2026-06-08,LAOPALA,
2026-06-09,LAOPALA,
2026-06-10,LAOPALA,
2026-06-11,LAOPALA,
2026-06-12,LAOPALA,
2026-06-15,LAOPALA,
2026-06-16,LAOPALA,
2026-06-17,LAOPALA,
2026-06-18,LAOPALA,
2026-06-19,LAOPALA,
2026-06-22,LAOPALA,
2026-06-23,LAOPALA,
2026-06-24,LAOPALA,
2026-06-25,LAOPALA,
2026-06-29,LAOPALA,
2026-06-30,LAOPALA,
2026-07-01,LAOPALA,
2026-07-02,LAOPALA,
2026-07-03,LAOPALA,
2026-07-06,LAOPALA,
2026-07-07,LAOPALA,
2026-07-08,LAOPALA,
2026-07-09,LAOPALA,
2026-07-10,LAOPALA,
2026-07-13,LAOPALA,
2026-07-14,LAOPALA,
2026-07-15,LAOPALA,
2026-07-16,LAOPALA,
2026-07-17,LAOPALA,
2026-07-20,LAOPALA,
2026-07-21,LAOPALA,
2026-07-22,LAOPALA,
2026-07-23,LAOPALA,
2026-07-24,LAOPALA,
2026-07-27,LAOPALA,
2026-07-28,LAOPALA,
2026-07-29,LAOPALA,
2026-07-30,LAOPALA,
2026-07-31,LAOPALA,
2026-08-03,LAOPALA,
2026-08-04,LAOPALA,
2026-08-05,LAOPALA,
2026-08-06,LAOPALA,
2026-08-07,LAOPALA,
2026-08-10,LAOPALA,
2026-08-11,LAOPALA,
2026-08-12,LAOPALA,
2026-08-13,LAOPALA,
2026-08-14,LAOPALA,
2026-08-17,LAOPALA,
2026-08-18,LAOPALA,
2026-08-19,LAOPALA,
2026-08-20,LAOPALA,
2026-08-21,LAOPALA,
2026-08-24,LAOPALA,
2026-08-25,LAOPALA,
2026-08-26,LAOPALA,
2026-08-27,LAOPALA,
2026-08-28,LAOPALA,
2026-08-31,LAOPALA,
2026-09-01,LAOPALA,
2026-09-02,LAOPALA,
2026-09-03,LAOPALA,
2026-09-04,LAOPALA,
2026-09-07,LAOPALA,
2026-09-08,LAOPALA,
2026-09-09,LAOPALA,
2026-09-10,LAOPALA,
2026-09-11,LAOPALA,
2026-09-15,LAOPALA,
2026-09-16,LAOPALA,160.3581
2026-09-17,LAOPALA,159.6242
2026-09-18,LAOPALA,159.6242
2026-09-21,LAOPALA,159.6242
2026-09-22,LAOPALA,159.6242
2026-09-23,LAOPALA,159.6242
2026-09-24,LAOPALA,159.6242
2025-09-10,MAHSEAMLES,
2025-09-11,MAHSEAMLES,
2025-09-12,MAHSEAMLES,
2025-09-15,MAHSEAMLES,
2025-09-16,MAHSEAMLES,
2025-09-17,MAHSEAMLES,
2025-09-18,MAHSEAMLES,
2025-09-19,MAHSEAMLES,
2025-09-22,MAHSEAMLES,
2025-09-23,MAHSEAMLES,
2025-09-24,MAHSEAMLES,
2025-09-25,MAHSEAMLES,
2025-09-26,MAHSEAMLES,
2025-09-29,MAHSEAMLES,
2025-09-30,MAHSEAMLES,
2025-10-01,MAHSEAMLES,
2025-10-03,MAHSEAMLES,
2025-10-06,MAHSEAMLES,
2025-10-07,MAHSEAMLES,
2025-10-08,MAHSEAMLES,
2025-10-09,MAHSEAMLES,
2025-10-10,MAHSEAMLES,
2025-10-13,MAHSEAMLES,
2025-10-14,MAHSEAMLES,
2025-10-15,MAHSEAMLES,
2025-10-16,MAHSEAMLES,
2025-10-17,MAHSEAMLES,
2025-10-20,MAHSEAMLES,
2025-10-21,MAHSEAMLES,
2025-10-23,MAHSEAMLES,
2025-10-24,MAHSEAMLES,
2025-10-27,MAHSEAMLES,
2025-10-28,MAHSEAMLES,
2025-10-29,MAHSEAMLES,
2025-10-30,MAHSEAMLES,
2025-10-31,MAHSEAMLES,
2025-11-03,MAHSEAMLES,
2025-11-04,MAHSEAMLES,
2025-11-06,MAHSEAMLES,
2025-11-07,MAHSEAMLES,
2025-11-10,MAHSEAMLES,
2025-11-11,MAHSEAMLES,
2025-11-12,MAHSEAMLES,
2025-11-13,MAHSEAMLES,
2025-11-14,MAHSEAMLES,
2025-11-17,MAHSEAMLES,
2025-11-18,MAHSEAMLES,
2025-11-19,MAHSEAMLES,
2025-11-20,MAHSEAMLES,
2025-11-21,MAHSEAMLES,
2025-11-24,MAHSEAMLES,
2025-11-25,MAHSEAMLES,
2025-11-26,MAHSEAMLES,
2025-11-27,MAHSEAMLES,
2025-11-28,MAHSEAMLES,
2025-12-01,MAHSEAMLES,
2025-12-02,MAHSEAMLES,
2025-12-03,MAHSEAMLES,
2025-12-04,MAHSEAMLES,
2025-12-05,MAHSEAMLES,
2025-12-08,MAHSEAMLES,
2025-12-09,MAHSEAMLES,
2025-12-10,MAHSEAMLES,
2025-12-11,MAHSEAMLES,
2025-12-12,MAHSEAMLES,
2025-12-15,MAHSEAMLES,
2025-12-16,MAHSEAMLES,
2025-12-17,MAHSEAMLES,
2025-12-18,MAHSEAMLES,
2025-12-19,MAHSEAMLES,
2025-12-22,MAHSEAMLES,
2025-12-23,MAHSEAMLES,
2025-12-24,MAHSEAMLES,
2025-12-26,MAHSEAMLES,
2025-12-29,MAHSEAMLES,
2025-12-30,MAHSEAMLES,
2025-12-31,MAHSEAMLES,
2026-01-01,MAHSEAMLES,
2026-01-02,MAHSEAMLES,
2026-01-05,MAHSEAMLES,
2026-01-06,MAHSEAMLES,
2026-01-07,MAHSEAMLES,
2026-01-08,MAHSEAMLES,
2026-01-09,MAHSEAMLES,
2026-01-12,MAHSEAMLES,
2026-01-13,MAHSEAMLES,
2026-01-14,MAHSEAMLES,
2026-01-16,MAHSEAMLES,
2026-01-19,MAHSEAMLES,
2026-01-20,MAHSEAMLES,
2026-01-21,MAHSEAMLES,
2026-01-22,MAHSEAMLES,
2026-01-23,MAHSEAMLES,
2026-01-27,MAHSEAMLES,
2026-01-28,MAHSEAMLES,
2026-01-29,MAHSEAMLES,
2026-01-30,MAHSEAMLES,
2026-02-02,MAHSEAMLES,
2026-02-03,MAHSEAMLES,
2026-02-04,MAHSEAMLES,
2026-02-05,MAHSEAMLES,
2026-02-06,MAHSEAMLES,
2026-02-09,MAHSEAMLES,
2026-02-10,MAHSEAMLES,
2026-02-11,MAHSEAMLES,
2026-02-12,MAHSEAMLES,
2026-02-13,MAHSEAMLES,
2026-02-16,MAHSEAMLES,
2026-02-17,MAHSEAMLES,
2026-02-18,MAHSEAMLES,
2026-02-19,MAHSEAMLES,
2026-02-20,MAHSEAMLES,
2026-02-23,MAHSEAMLES,
2026-02-24,MAHSEAMLES,
2026-02-25,MAHSEAMLES,
2026-02-26,MAHSEAMLES,
2026-02-27,MAHSEAMLES,
2026-03-02,MAHSEAMLES,
2026-03-04,MAHSEAMLES,
2026-03-05,MAHSEAMLES,
2026-03-06,MAHSEAMLES,
2026-03-09,MAHSEAMLES,
2026-03-10,MAHSEAMLES,
2026-03-11,MAHSEAMLES,
2026-03-12,MAHSEAMLES,
2026-03-13,MAHSEAMLES,
2026-03-16,MAHSEAMLES,
2026-03-17,MAHSEAMLES,
2026-03-18,MAHSEAMLES,
2026-03-19,MAHSEAMLES,
2026-03-20,MAHSEAMLES,
2026-03-23,MAHSEAMLES,
2026-03-24,MAHSEAMLES,
2026-03-25,MAHSEAMLES,
2026-03-27,MAHSEAMLES,
2026-03-30,MAHSEAMLES,
2026-04-01,MAHSEAMLES,
2026-04-02,MAHSEAMLES,
2026-04-06,MAHSEAMLES,
2026-04-07,MAHSEAMLES,
2026-04-08,MAHSEAMLES,
2026-04-09,MAHSEAMLES,
2026-04-10,MAHSEAMLES,
2026-04-13,MAHSEAMLES,
2026-04-15,MAHSEAMLES,
2026-04-16,MAHSEAMLES,
2026-04-17,MAHSEAMLES,
2026-04-20,MAHSEAMLES,
2026-04-21,MAHSEAMLES,
2026-04-22,MAHSEAMLES,
2026-04-23,MAHSEAMLES,
2026-04-24,MAHSEAMLES,
2026-04-27,MAHSEAMLES,
2026-04-28,MAHSEAMLES,
2026-04-29,MAHSEAMLES,
2026-04-30,MAHSEAMLES,
2026-05-04,MAHSEAMLES,
2026-05-05,MAHSEAMLES,
2026-05-06,MAHSEAMLES,
2026-05-07,MAHSEAMLES,
2026-05-08,MAHSEAMLES,
2026-05-11,MAHSEAMLES,
2026-05-12,MAHSEAMLES,
2026-05-13,MAHSEAMLES,
2026-05-14,MAHSEAMLES,
2026-05-15,MAHSEAMLES,
2026-05-18,MAHSEAMLES,
2026-05-19,MAHSEAMLES,
2026-05-20,MAHSEAMLES,
2026-05-21,MAHSEAMLES,
2026-05-22,MAHSEAMLES,
2026-05-25,MAHSEAMLES,
2026-05-26,MAHSEAMLES,
2026-05-27,MAHSEAMLES,
2026-05-29,MAHSEAMLES,
2026-06-01,MAHSEAMLES,
2026-06-02,MAHSEAMLES,
2026-06-03,MAHSEAMLES,
2026-06-04,MAHSEAMLES,
2026-06-05,MAHSEAMLES,
2026-06-08,MAHSEAMLES,
2026-06-09,MAHSEAMLES,
2026-06-10,MAHSEAMLES,
2026-06-11,MAHSEAMLES,
2026-06-12,MAHSEAMLES,
2026-06-15,MAHSEAMLES,
2026-06-16,MAHSEAMLES,
2026-06-17,MAHSEAMLES,
2026-06-18,MAHSEAMLES,
2026-06-19,MAHSEAMLES,
2026-06-22,MAHSEAMLES,
2026-06-23,MAHSEAMLES,
2026-06-24,MAHSEAMLES,
2026-06-25,MAHSEAMLES,
2026-06-29,MAHSEAMLES,
2026-06-30,MAHSEAMLES,618.7798
2026-07-01,MAHSEAMLES,618.7798
2026-07-02,MAHSEAMLES,618.7798
2026-07-03,MAHSEAMLES,618.7798
2026-07-06,MAHSEAMLES,618.7798
2026-07-07,MAHSEAMLES,618.7798
2026-07-08,MAHSEAMLES,618.7798
2026-07-09,MAHSEAMLES,618.7798
2026-07-10,MAHSEAMLES,618.7798
2026-07-13,MAHSEAMLES,618.7798
2026-07-14,MAHSEAMLES,618.7798
2026-07-15,MAHSEAMLES,618.7798
2026-07-16,MAHSEAMLES,618.7798
2026-07-17,MAHSEAMLES,618.7798
2026-07-20,MAHSEAMLES,618.7798
2026-07-21,MAHSEAMLES,618.7798
2026-07-22,MAHSEAMLES,618.7798
2026-07-23,MAHSEAMLES,618.7798
2026-07-24,MAHSEAMLES,618.7798
2026-07-27,MAHSEAMLES,618.7798
2026-07-28,MAHSEAMLES,618.7798
2026-07-29,MAHSEAMLES,618.7798
2026-07-30,MAHSEAMLES,618.7798
2026-07-31,MAHSEAMLES,618.7798
2026-08-03,MAHSEAMLES,618.7798
2026-08-04,MAHSEAMLES,618.7798
2026-08-05,MAHSEAMLES,618.7798
2026-08-06,MAHSEAMLES,618.7798
2026-08-07,MAHSEAMLES,618.7798
2026-08-10,MAHSEAMLES,618.7798
2026-08-11,MAHSEAMLES,618.7798
2026-08-12,MAHSEAMLES,618.7798
2026-08-13,MAHSEAMLES,618.7798
2026-08-14,MAHSEAMLES,618.7798
2026-08-17,MAHSEAMLES,618.7798
2026-08-18,MAHSEAMLES,618.7798
2026-08-19,MAHSEAMLES,618.7798
2026-08-20,MAHSEAMLES,618.7798
2026-08-21,MAHSEAMLES,618.7798
2026-08-24,MAHSEAMLES,618.7798
2026-08-25,MAHSEAMLES,618.7798
2026-08-26,MAHSEAMLES,618.7798
2026-08-27,MAHSEAMLES,618.7798
2026-08-28,MAHSEAMLES,618.7798
2026-08-31,MAHSEAMLES,618.7798
2026-09-01,MAHSEAMLES,618.7798
2026-09-02,MAHSEAMLES,618.7798
2026-09-03,MAHSEAMLES,618.7798
2026-09-04,MAHSEAMLES,618.7798
2026-09-07,MAHSEAMLES,618.7798
2026-09-08,MAHSEAMLES,618.7798
2026-09-09,MAHSEAMLES,618.7798
2026-09-10,MAHSEAMLES,618.7798
2026-09-11,MAHSEAMLES,618.7798
2026-09-15,MAHSEAMLES,618.7798
2026-09-16,MAHSEAMLES,618.7798
2026-09-17,MAHSEAMLES,618.7798
2026-09-18,MAHSEAMLES,618.7798
2026-09-21,MAHSEAMLES,618.7798
2026-09-22,MAHSEAMLES,618.7798
2026-09-23,MAHSEAMLES,618.7798
2026-09-24,MAHSEAMLES,618.7798
2025-09-10,MANINFRA,
2025-09-11,MANINFRA,
2025-09-12,MANINFRA,
2025-09-15,MANINFRA,
2025-09-16,MANINFRA,
2025-09-17,MANINFRA,
2025-09-18,MANINFRA,
2025-09-19,MANINFRA,
2025-09-22,MANINFRA,
2025-09-23,MANINFRA,
2025-09-24,MANINFRA,
2025-09-25,MANINFRA,
2025-09-26,MANINFRA,
2025-09-29,MANINFRA,
2025-09-30,MANINFRA,
2025-10-01,MANINFRA,
2025-10-03,MANINFRA,
2025-10-06,MANINFRA,
2025-10-07,MANINFRA,
2025-10-08,MANINFRA,
2025-10-09,MANINFRA,
2025-10-10,MANINFRA,
2025-10-13,MANINFRA,
2025-10-14,MANINFRA,
2025-10-15,MANINFRA,
2025-10-16,MANINFRA,
2025-10-17,MANINFRA,
2025-10-20,MANINFRA,
2025-10-21,MANINFRA,
2025-10-23,MANINFRA,
2025-10-24,MANINFRA,
2025-10-27,MANINFRA,
2025-10-28,MANINFRA,
2025-10-29,MANINFRA,
2025-10-30,MANINFRA,
2025-10-31,MANINFRA,
2025-11-03,MANINFRA,
2025-11-04,MANINFRA,
2025-11-06,MANINFRA,
2025-11-07,MANINFRA,
2025-11-10,MANINFRA,
2025-11-11,MANINFRA,
2025-11-12,MANINFRA,
2025-11-13,MANINFRA,
2025-11-14,MANINFRA,
2025-11-17,MANINFRA,
2025-11-18,MANINFRA,
2025-11-19,MANINFRA,
2025-11-20,MANINFRA,
2025-11-21,MANINFRA,
2025-11-24,MANINFRA,
2025-11-25,MANINFRA,
2025-11-26,MANINFRA,
2025-11-27,MANINFRA,
2025-11-28,MANINFRA,
2025-12-01,MANINFRA,
2025-12-02,MANINFRA,
2025-12-03,MANINFRA,
2025-12-04,MANINFRA,
2025-12-05,MANINFRA,
2025-12-08,MANINFRA,
2025-12-09,MANINFRA,
2025-12-10,MANINFRA,
2025-12-11,MANINFRA,
2025-12-12,MANINFRA,
2025-12-15,MANINFRA,
2025-12-16,MANINFRA,
2025-12-17,MANINFRA,
2025-12-18,MANINFRA,
2025-12-19,MANINFRA,
2025-12-22,MANINFRA,
2025-12-23,MANINFRA,
2025-12-24,MANINFRA,
2025-12-26,MANINFRA,
2025-12-29,MANINFRA,
2025-12-30,MANINFRA,
2025-12-31,MANINFRA,
2026-01-01,MANINFRA,
2026-01-02,MANINFRA,
2026-01-05,MANINFRA,
2026-01-06,MANINFRA,
2026-01-07,MANINFRA,
2026-01-08,MANINFRA,
2026-01-09,MANINFRA,
2026-01-12,MANINFRA,
2026-01-13,MANINFRA,
2026-01-14,MANINFRA,
2026-01-16,MANINFRA,
2026-01-19,MANINFRA,
2026-01-20,MANINFRA,
2026-01-21,MANINFRA,
2026-01-22,MANINFRA,
2026-01-23,MANINFRA,
2026-01-27,MANINFRA,
2026-01-28,MANINFRA,
2026-01-29,MANINFRA,
2026-01-30,MANINFRA,
2026-02-02,MANINFRA,
2026-02-03,MANINFRA,
2026-02-04,MANINFRA,
2026-02-05,MANINFRA,
2026-02-06,MANINFRA,
2026-02-09,MANINFRA,
2026-02-10,MANINFRA,
2026-02-11,MANINFRA,
2026-02-12,MANINFRA,
2026-02-13,MANINFRA,
2026-02-16,MANINFRA,
2026-02-17,MANINFRA,
2026-02-18,MANINFRA,
2026-02-19,MANINFRA,
2026-02-20,MANINFRA,
2026-02-23,MANINFRA,
2026-02-24,MANINFRA,
2026-02-25,MANINFRA,
2026-02-26,MANINFRA,
2026-02-27,MANINFRA,
2026-03-02,MANINFRA,
2026-03-04,MANINFRA,
2026-03-05,MANINFRA,
2026-03-06,MANINFRA,
2026-03-09,MANINFRA,
2026-03-10,MANINFRA,
2026-03-11,MANINFRA,
2026-03-12,MANINFRA,
2026-03-13,MANINFRA,
2026-03-16,MANINFRA,
2026-03-17,MANINFRA,
2026-03-18,MANINFRA,
2026-03-19,MANINFRA,
2026-03-20,MANINFRA,
2026-03-23,MANINFRA,
2026-03-24,MANINFRA,
2026-03-25,MANINFRA,
2026-03-27,MANINFRA,
2026-03-30,MANINFRA,
2026-04-01,MANINFRA,
2026-04-02,MANINFRA,
2026-04-06,MANINFRA,
2026-04-07,MANINFRA,
2026-04-08,MANINFRA,
2026-04-09,MANINFRA,
2026-04-10,MANINFRA,
2026-04-13,MANINFRA,
2026-04-15,MANINFRA,
2026-04-16,MANINFRA,
2026-04-17,MANINFRA,
2026-04-20,MANINFRA,
2026-04-21,MANINFRA,
2026-04-22,MANINFRA,
2026-04-23,MANINFRA,
2026-04-24,MANINFRA,
2026-04-27,MANINFRA,
2026-04-28,MANINFRA,
2026-04-29,MANINFRA,
2026-04-30,MANINFRA,
2026-05-04,MANINFRA,
2026-05-05,MANINFRA,
2026-05-06,MANINFRA,
2026-05-07,MANINFRA,
2026-05-08,MANINFRA,
2026-05-11,MANINFRA,
2026-05-12,MANINFRA,
2026-05-13,MANINFRA,
2026-05-14,MANINFRA,
2026-05-15,MANINFRA,
2026-05-18,MANINFRA,
2026-05-19,MANINFRA,
2026-05-20,MANINFRA,
2026-05-21,MANINFRA,
2026-05-22,MANINFRA,
2026-05-25,MANINFRA,
2026-05-26,MANINFRA,
2026-05-27,MANINFRA,
2026-05-29,MANINFRA,
2026-06-01,MANINFRA,
2026-06-02,MANINFRA,
2026-06-03,MANINFRA,
2026-06-04,MANINFRA,
2026-06-05,MANINFRA,
2026-06-08,MANINFRA,
2026-06-09,MANINFRA,
2026-06-10,MANINFRA,
2026-06-11,MANINFRA,
2026-06-12,MANINFRA,
2026-06-15,MANINFRA,
2026-06-16,MANINFRA,
2026-06-17,MANINFRA,
2026-06-18,MANINFRA,
2026-06-19,MANINFRA,
2026-06-22,MANINFRA,
2026-06-23,MANINFRA,
2026-06-24,MANINFRA,
2026-06-25,MANINFRA,105.19
2026-06-29,MANINFRA,105.19
2026-06-30,MANINFRA,105.19
2026-07-01,MANINFRA,105.19
2026-07-02,MANINFRA,105.19
2026-07-03,MANINFRA,105.19
2026-07-06,MANINFRA,105.19
2026-07-07,MANINFRA,105.19
2026-07-08,MANINFRA,105.19
2026-07-09,MANINFRA,105.19
2026-07-10,MANINFRA,105.19
2026-07-13,MANINFRA,105.19
2026-07-14,MANINFRA,105.19
2026-07-15,MANINFRA,105.19
2026-07-16,MANINFRA,105.19
2026-07-17,MANINFRA,105.19
2026-07-20,MANINFRA,105.19
2026-07-21,MANINFRA,105.19
2026-07-22,MANINFRA,105.19
2026-07-23,MANINFRA,105.19
2026-07-24,MANINFRA,105.19
2026-07-27,MANINFRA,105.19
2026-07-28,MANINFRA,105.19
2026-07-29,MANINFRA,105.19
2026-07-30,MANINFRA,105.19
2026-07-31,MANINFRA,105.19
2026-08-03,MANINFRA,105.19
2026-08-04,MANINFRA,105.19
2026-08-05,MANINFRA,105.19
2026-08-06,MANINFRA,105.19
2026-08-07,MANINFRA,105.19
2026-08-10,MANINFRA,105.19
2026-08-11,MANINFRA,105.19
2026-08-12,MANINFRA,105.19
2026-08-13,MANINFRA,105.19
2026-08-14,MANINFRA,105.19
2026-08-17,MANINFRA,105.19
2026-08-18,MANINFRA,105.19
2026-08-19,MANINFRA,105.19
2026-08-20,MANINFRA,105.19
2026-08-21,MANINFRA,105.19
2026-08-24,MANINFRA,105.19
2026-08-25,MANINFRA,105.19
2026-08-26,MANINFRA,105.19
2026-08-27,MANINFRA,105.19
2026-08-28,MANINFRA,105.19
2026-08-31,MANINFRA,105.19
2026-09-01,MANINFRA,105.19
2026-09-02,MANINFRA,105.19
2026-09-03,MANINFRA,105.19
2026-09-04,MANINFRA,105.19
2026-09-07,MANINFRA,105.19
2026-09-08,MANINFRA,105.19
2026-09-09,MANINFRA,105.19
2026-09-10,MANINFRA,105.19
2026-09-11,MANINFRA,105.19
2026-09-15,MANINFRA,105.19
2026-09-16,MANINFRA,105.19
2026-09-17,MANINFRA,105.19
2026-09-18,MANINFRA,105.19
2026-09-21,MANINFRA,105.19
2026-09-22,MANINFRA,105.19
2026-09-23,MANINFRA,105.19
2026-09-24,MANINFRA,105.19
2025-09-10,NPST,
2025-09-11,NPST,
2025-09-12,NPST,
2025-09-15,NPST,
2025-09-16,NPST,
2025-09-17,NPST,
2025-09-18,NPST,
2025-09-19,NPST,
2025-09-22,NPST,
2025-09-23,NPST,
2025-09-24,NPST,
2025-09-25,NPST,
2025-09-26,NPST,
2025-09-29,NPST,
2025-09-30,NPST,
2025-10-01,NPST,
2025-10-03,NPST,
2025-10-06,NPST,
2025-10-07,NPST,
2025-10-08,NPST,
2025-10-09,NPST,
2025-10-10,NPST,
2025-10-13,NPST,
2025-10-14,NPST,
2025-10-15,NPST,
2025-10-16,NPST,
2025-10-17,NPST,
2025-10-20,NPST,
2025-10-21,NPST,
2025-10-23,NPST,
2025-10-24,NPST,
2025-10-27,NPST,
2025-10-28,NPST,
2025-10-29,NPST,
2025-10-30,NPST,
2025-10-31,NPST,
2025-11-03,NPST,
2025-11-04,NPST,
2025-11-06,NPST,
2025-11-07,NPST,
2025-11-10,NPST,
2025-11-11,NPST,
2025-11-12,NPST,
2025-11-13,NPST,
2025-11-14,NPST,
2025-11-17,NPST,
2025-11-18,NPST,
2025-11-19,NPST,
2025-11-20,NPST,
2025-11-21,NPST,
2025-11-24,NPST,
2025-11-25,NPST,
2025-11-26,NPST,
2025-11-27,NPST,
2025-11-28,NPST,
2025-12-01,NPST,
2025-12-02,NPST,
2025-12-03,NPST,
2025-12-04,NPST,
2025-12-05,NPST,
2025-12-08,NPST,
2025-12-09,NPST,
2025-12-10,NPST,
2025-12-11,NPST,
2025-12-12,NPST,
2025-12-15,NPST,
2025-12-16,NPST,
2025-12-17,NPST,
2025-12-18,NPST,
2025-12-19,NPST,
2025-12-22,NPST,
2025-12-23,NPST,
2025-12-24,NPST,
2025-12-26,NPST,
2025-12-29,NPST,
2025-12-30,NPST,
2025-12-31,NPST,
2026-01-01,NPST,
2026-01-02,NPST,
2026-01-05,NPST,
2026-01-06,NPST,
2026-01-07,NPST,
2026-01-08,NPST,
2026-01-09,NPST,
2026-01-12,NPST,
2026-01-13,NPST,
2026-01-14,NPST,
2026-01-16,NPST,
2026-01-19,NPST,
2026-01-20,NPST,
2026-01-21,NPST,
2026-01-22,NPST,
2026-01-23,NPST,
2026-01-27,NPST,
2026-01-28,NPST,
2026-01-29,NPST,
2026-01-30,NPST,
2026-02-02,NPST,
2026-02-03,NPST,
2026-02-04,NPST,
2026-02-05,NPST,
2026-02-06,NPST,
2026-02-09,NPST,
2026-02-10,NPST,
2026-02-11,NPST,
2026-02-12,NPST,
2026-02-13,NPST,
2026-02-16,NPST,
2026-02-17,NPST,
2026-02-18,NPST,
2026-02-19,NPST,
2026-02-20,NPST,
2026-02-23,NPST,
2026-02-24,NPST,
2026-02-25,NPST,
2026-02-26,NPST,
2026-02-27,NPST,
2026-03-02,NPST,
2026-03-04,NPST,
2026-03-05,NPST,
2026-03-06,NPST,
2026-03-09,NPST,
2026-03-10,NPST,
2026-03-11,NPST,
2026-03-12,NPST,
2026-03-13,NPST,
2026-03-16,NPST,
2026-03-17,NPST,
2026-03-18,NPST,
2026-03-19,NPST,
2026-03-20,NPST,
2026-03-23,NPST,
2026-03-24,NPST,
2026-03-25,NPST,
2026-03-27,NPST,
2026-03-30,NPST,
2026-04-01,NPST,
2026-04-02,NPST,
2026-04-06,NPST,
2026-04-07,NPST,
2026-04-08,NPST,
2026-04-09,NPST,
2026-04-10,NPST,
2026-04-13,NPST,
2026-04-15,NPST,
2026-04-16,NPST,
2026-04-17,NPST,
2026-04-20,NPST,
2026-04-21,NPST,
2026-04-22,NPST,
2026-04-23,NPST,
2026-04-24,NPST,
2026-04-27,NPST,
2026-04-28,NPST,
2026-04-29,NPST,
2026-04-30,NPST,
2026-05-04,NPST,
2026-05-05,NPST,
2026-05-06,NPST,
2026-05-07,NPST,
2026-05-08,NPST,
2026-05-11,NPST,
2026-05-12,NPST,
2026-05-13,NPST,
2026-05-14,NPST,
2026-05-15,NPST,
2026-05-18,NPST,
2026-05-19,NPST,
2026-05-20,NPST,
2026-05-21,NPST,
2026-05-22,NPST,
2026-05-25,NPST,
2026-05-26,NPST,
2026-05-27,NPST,
2026-05-29,NPST,
2026-06-01,NPST,
2026-06-02,NPST,
2026-06-03,NPST,
2026-06-04,NPST,
2026-06-05,NPST,
2026-06-08,NPST,
2026-06-09,NPST,
2026-06-10,NPST,
2026-06-11,NPST,
2026-06-12,NPST,
2026-06-15,NPST,
2026-06-16,NPST,
2026-06-17,NPST,
2026-06-18,NPST,
2026-06-19,NPST,
2026-06-22,NPST,
2026-06-23,NPST,
2026-06-24,NPST,
2026-06-25,NPST,789.9446
2026-06-29,NPST,789.9446
2026-06-30,NPST,789.9446
2026-07-01,NPST,789.9446
2026-07-02,NPST,789.9446
2026-07-03,NPST,789.9446
2026-07-06,NPST,789.9446
2026-07-07,NPST,789.9446
2026-07-08,NPST,789.9446
2026-07-09,NPST,789.9446
2026-07-10,NPST,789.9446
2026-07-13,NPST,789.9446
2026-07-14,NPST,789.9446
2026-07-15,NPST,789.9446
2026-07-16,NPST,789.9446
2026-07-17,NPST,789.9446
2026-07-20,NPST,789.9446
2026-07-21,NPST,789.9446
2026-07-22,NPST,789.9446
2026-07-23,NPST,789.9446
2026-07-24,NPST,789.9446
2026-07-27,NPST,789.9446
2026-07-28,NPST,789.9446
2026-07-29,NPST,789.9446
2026-07-30,NPST,789.9446
2026-07-31,NPST,789.9446
2026-08-03,NPST,789.9446
2026-08-04,NPST,789.9446
2026-08-05,NPST,789.9446
2026-08-06,NPST,789.9446
2026-08-07,NPST,789.9446
2026-08-10,NPST,789.9446
2026-08-11,NPST,789.9446
2026-08-12,NPST,789.9446
2026-08-13,NPST,789.9446
2026-08-14,NPST,789.9446
2026-08-17,NPST,789.9446
2026-08-18,NPST,789.9446
2026-08-19,NPST,789.9446
2026-08-20,NPST,789.9446
2026-08-21,NPST,789.9446
2026-08-24,NPST,789.9446
2026-08-25,NPST,789.9446
2026-08-26,NPST,789.9446
2026-08-27,NPST,789.9446
2026-08-28,NPST,789.9446
2026-08-31,NPST,789.9446
2026-09-01,NPST,789.9446
2026-09-02,NPST,789.9446
2026-09-03,NPST,789.9446
2026-09-04,NPST,789.9446
2026-09-07,NPST,789.9446
2026-09-08,NPST,789.9446
2026-09-09,NPST,789.9446
2026-09-10,NPST,789.9446
2026-09-11,NPST,789.9446
2026-09-15,NPST,789.9446
2026-09-16,NPST,789.9446
2026-09-17,NPST,789.9446
2026-09-18,NPST,789.9446
2026-09-21,NPST,789.9446
2026-09-22,NPST,789.9446
2026-09-23,NPST,789.9446
2026-09-24,NPST,789.9446
2025-09-10,NRL,
2025-09-11,NRL,
2025-09-12,NRL,
2025-09-15,NRL,
2025-09-16,NRL,
2025-09-17,NRL,
2025-09-18,NRL,
2025-09-19,NRL,
2025-09-22,NRL,
2025-09-23,NRL,
2025-09-24,NRL,
2025-09-25,NRL,
2025-09-26,NRL,
2025-09-29,NRL,
2025-09-30,NRL,
2025-10-01,NRL,
2025-10-03,NRL,
2025-10-06,NRL,
2025-10-07,NRL,
2025-10-08,NRL,
2025-10-09,NRL,
2025-10-10,NRL,
2025-10-13,NRL,
2025-10-14,NRL,
2025-10-15,NRL,
2025-10-16,NRL,
2025-10-17,NRL,
2025-10-20,NRL,
2025-10-21,NRL,
2025-10-23,NRL,
2025-10-24,NRL,
2025-10-27,NRL,
2025-10-28,NRL,
2025-10-29,NRL,
2025-10-30,NRL,
2025-10-31,NRL,
2025-11-03,NRL,
2025-11-04,NRL,
2025-11-06,NRL,
2025-11-07,NRL,
2025-11-10,NRL,
2025-11-11,NRL,
2025-11-12,NRL,
2025-11-13,NRL,
2025-11-14,NRL,
2025-11-17,NRL,
2025-11-18,NRL,
2025-11-19,NRL,
2025-11-20,NRL,
2025-11-21,NRL,
2025-11-24,NRL,
2025-11-25,NRL,
2025-11-26,NRL,
2025-11-27,NRL,
2025-11-28,NRL,
2025-12-01,NRL,
2025-12-02,NRL,
2025-12-03,NRL,
2025-12-04,NRL,
2025-12-05,NRL,
2025-12-08,NRL,
2025-12-09,NRL,
2025-12-10,NRL,
2025-12-11,NRL,
2025-12-12,NRL,
2025-12-15,NRL,
2025-12-16,NRL,
2025-12-17,NRL,
2025-12-18,NRL,
2025-12-19,NRL,
2025-12-22,NRL,
2025-12-23,NRL,
2025-12-24,NRL,
2025-12-26,NRL,
2025-12-29,NRL,
2025-12-30,NRL,
2025-12-31,NRL,
2026-01-01,NRL,
2026-01-02,NRL,
2026-01-05,NRL,
2026-01-06,NRL,
2026-01-07,NRL,
2026-01-08,NRL,
2026-01-09,NRL,
2026-01-12,NRL,
2026-01-13,NRL,
2026-01-14,NRL,
2026-01-16,NRL,
2026-01-19,NRL,
2026-01-20,NRL,
2026-01-21,NRL,
2026-01-22,NRL,
2026-01-23,NRL,
2026-01-27,NRL,
2026-01-28,NRL,
2026-01-29,NRL,
2026-01-30,NRL,
2026-02-02,NRL,
2026-02-03,NRL,
2026-02-04,NRL,
2026-02-05,NRL,
2026-02-06,NRL,
2026-02-09,NRL,
2026-02-10,NRL,
2026-02-11,NRL,
2026-02-12,NRL,
2026-02-13,NRL,
2026-02-16,NRL,
2026-02-17,NRL,
2026-02-18,NRL,
2026-02-19,NRL,
2026-02-20,NRL,
2026-02-23,NRL,
2026-02-24,NRL,
2026-02-25,NRL,
2026-02-26,NRL,
2026-02-27,NRL,
2026-03-02,NRL,
2026-03-04,NRL,
2026-03-05,NRL,
2026-03-06,NRL,
2026-03-09,NRL,
2026-03-10,NRL,
2026-03-11,NRL,
2026-03-12,NRL,
2026-03-13,NRL,
2026-03-16,NRL,
2026-03-17,NRL,
2026-03-18,NRL,
2026-03-19,NRL,
2026-03-20,NRL,
2026-03-23,NRL,
2026-03-24,NRL,
2026-03-25,NRL,
2026-03-27,NRL,
2026-03-30,NRL,
2026-04-01,NRL,
2026-04-02,NRL,
2026-04-06,NRL,
2026-04-07,NRL,
2026-04-08,NRL,
2026-04-09,NRL,
2026-04-10,NRL,
2026-04-13,NRL,
2026-04-15,NRL,
2026-04-16,NRL,
2026-04-17,NRL,
2026-04-20,NRL,
2026-04-21,NRL,
2026-04-22,NRL,
2026-04-23,NRL,
2026-04-24,NRL,
2026-04-27,NRL,
2026-04-28,NRL,
2026-04-29,NRL,
2026-04-30,NRL,
2026-05-04,NRL,
2026-05-05,NRL,
2026-05-06,NRL,
2026-05-07,NRL,
2026-05-08,NRL,
2026-05-11,NRL,
2026-05-12,NRL,
2026-05-13,NRL,
2026-05-14,NRL,
2026-05-15,NRL,
2026-05-18,NRL,
2026-05-19,NRL,
2026-05-20,NRL,
2026-05-21,NRL,
2026-05-22,NRL,
2026-05-25,NRL,
2026-05-26,NRL,
2026-05-27,NRL,
2026-05-29,NRL,
2026-06-01,NRL,
2026-06-02,NRL,
2026-06-03,NRL,
2026-06-04,NRL,
2026-06-05,NRL,
2026-06-08,NRL,
2026-06-09,NRL,
2026-06-10,NRL,
2026-06-11,NRL,
2026-06-12,NRL,
2026-06-15,NRL,
2026-06-16,NRL,
2026-06-17,NRL,
2026-06-18,NRL,
2026-06-19,NRL,
2026-06-22,NRL,
2026-06-23,NRL,
2026-06-24,NRL,83.06
2026-06-25,NRL,83.06
2026-06-29,NRL,83.06
2026-06-30,NRL,83.06
2026-07-01,NRL,83.06
2026-07-02,NRL,83.06
2026-07-03,NRL,83.06
2026-07-06,NRL,83.06
2026-07-07,NRL,83.06
2026-07-08,NRL,83.06
2026-07-09,NRL,83.06
2026-07-10,NRL,83.06
2026-07-13,NRL,83.06
2026-07-14,NRL,83.06
2026-07-15,NRL,83.06
2026-07-16,NRL,83.06
2026-07-17,NRL,83.06
2026-07-20,NRL,83.06
2026-07-21,NRL,83.06
2026-07-22,NRL,83.06
2026-07-23,NRL,83.06
2026-07-24,NRL,83.06
2026-07-27,NRL,83.06
2026-07-28,NRL,83.06
2026-07-29,NRL,83.06
2026-07-30,NRL,83.06
2026-07-31,NRL,83.06
2026-08-03,NRL,83.06
2026-08-04,NRL,83.06
2026-08-05,NRL,83.06
2026-08-06,NRL,83.06
2026-08-07,NRL,83.06
2026-08-10,NRL,83.06
2026-08-11,NRL,83.06
2026-08-12,NRL,83.06
2026-08-13,NRL,83.06
2026-08-14,NRL,83.06
2026-08-17,NRL,83.06
2026-08-18,NRL,83.06
2026-08-19,NRL,83.06
2026-08-20,NRL,83.06
2026-08-21,NRL,83.06
2026-08-24,NRL,83.06
2026-08-25,NRL,83.06
2026-08-26,NRL,83.06
2026-08-27,NRL,83.06
2026-08-28,NRL,83.06
2026-08-31,NRL,83.06
2026-09-01,NRL,83.06
2026-09-02,NRL,83.06
2026-09-03,NRL,83.06
2026-09-04,NRL,83.06
2026-09-07,NRL,83.06
2026-09-08,NRL,83.06
2026-09-09,NRL,83.06
2026-09-10,NRL,83.06
2026-09-11,NRL,83.06
2026-09-15,NRL,83.06
2026-09-16,NRL,83.06
2026-09-17,NRL,83.06
2026-09-18,NRL,83.06
2026-09-21,NRL,83.06
2026-09-22,NRL,83.06
2026-09-23,NRL,83.06
2026-09-24,NRL,83.06
2025-09-10,NURECA,
2025-09-11,NURECA,
2025-09-12,NURECA,
2025-09-15,NURECA,
2025-09-16,NURECA,
2025-09-17,NURECA,
2025-09-18,NURECA,
2025-09-19,NURECA,
2025-09-22,NURECA,
2025-09-23,NURECA,
2025-09-24,NURECA,
2025-09-25,NURECA,
2025-09-26,NURECA,
2025-09-29,NURECA,
2025-09-30,NURECA,
2025-10-01,NURECA,
2025-10-03,NURECA,
2025-10-06,NURECA,
2025-10-07,NURECA,
2025-10-08,NURECA,
2025-10-09,NURECA,
2025-10-10,NURECA,
2025-10-13,NURECA,
2025-10-14,NURECA,
2025-10-15,NURECA,
2025-10-16,NURECA,
2025-10-17,NURECA,
2025-10-20,NURECA,
2025-10-21,NURECA,
2025-10-23,NURECA,
2025-10-24,NURECA,
2025-10-27,NURECA,
2025-10-28,NURECA,
2025-10-29,NURECA,
2025-10-30,NURECA,
2025-10-31,NURECA,
2025-11-03,NURECA,
2025-11-04,NURECA,
2025-11-06,NURECA,
2025-11-07,NURECA,
2025-11-10,NURECA,
2025-11-11,NURECA,
2025-11-12,NURECA,
2025-11-13,NURECA,
2025-11-14,NURECA,
2025-11-17,NURECA,
2025-11-18,NURECA,
2025-11-19,NURECA,
2025-11-20,NURECA,
2025-11-21,NURECA,
2025-11-24,NURECA,
2025-11-25,NURECA,
2025-11-26,NURECA,
2025-11-27,NURECA,
2025-11-28,NURECA,
2025-12-01,NURECA,
2025-12-02,NURECA,
2025-12-03,NURECA,
2025-12-04,NURECA,
2025-12-05,NURECA,
2025-12-08,NURECA,
2025-12-09,NURECA,
2025-12-10,NURECA,
2025-12-11,NURECA,
2025-12-12,NURECA,
2025-12-15,NURECA,
2025-12-16,NURECA,
2025-12-17,NURECA,
2025-12-18,NURECA,
2025-12-19,NURECA,
2025-12-22,NURECA,
2025-12-23,NURECA,
2025-12-24,NURECA,
2025-12-26,NURECA,
2025-12-29,NURECA,
2025-12-30,NURECA,
2025-12-31,NURECA,
2026-01-01,NURECA,
2026-01-02,NURECA,
2026-01-05,NURECA,
2026-01-06,NURECA,
2026-01-07,NURECA,
2026-01-08,NURECA,
2026-01-09,NURECA,
2026-01-12,NURECA,
2026-01-13,NURECA,
2026-01-14,NURECA,
2026-01-16,NURECA,
2026-01-19,NURECA,
2026-01-20,NURECA,
2026-01-21,NURECA,
2026-01-22,NURECA,
2026-01-23,NURECA,
2026-01-27,NURECA,
2026-01-28,NURECA,
2026-01-29,NURECA,
2026-01-30,NURECA,
2026-02-02,NURECA,
2026-02-03,NURECA,
2026-02-04,NURECA,
2026-02-05,NURECA,
2026-02-06,NURECA,
2026-02-09,NURECA,
2026-02-10,NURECA,
2026-02-11,NURECA,
2026-02-12,NURECA,
2026-02-13,NURECA,
2026-02-16,NURECA,
2026-02-17,NURECA,
2026-02-18,NURECA,
2026-02-19,NURECA,
2026-02-20,NURECA,
2026-02-23,NURECA,
2026-02-24,NURECA,
2026-02-25,NURECA,
2026-02-26,NURECA,
2026-02-27,NURECA,
2026-03-02,NURECA,
2026-03-04,NURECA,
2026-03-05,NURECA,
2026-03-06,NURECA,
2026-03-09,NURECA,
2026-03-10,NURECA,
2026-03-11,NURECA,
2026-03-12,NURECA,
2026-03-13,NURECA,
2026-03-16,NURECA,
2026-03-17,NURECA,
2026-03-18,NURECA,
2026-03-19,NURECA,
2026-03-20,NURECA,
2026-03-23,NURECA,
2026-03-24,NURECA,
2026-03-25,NURECA,
2026-03-27,NURECA,
2026-03-30,NURECA,
2026-04-01,NURECA,
2026-04-02,NURECA,
2026-04-06,NURECA,
2026-04-07,NURECA,
2026-04-08,NURECA,
2026-04-09,NURECA,
2026-04-10,NURECA,
2026-04-13,NURECA,
2026-04-15,NURECA,
2026-04-16,NURECA,
2026-04-17,NURECA,
2026-04-20,NURECA,
2026-04-21,NURECA,
2026-04-22,NURECA,
2026-04-23,NURECA,
2026-04-24,NURECA,
2026-04-27,NURECA,
2026-04-28,NURECA,
2026-04-29,NURECA,
2026-04-30,NURECA,
2026-05-04,NURECA,
2026-05-05,NURECA,
2026-05-06,NURECA,
2026-05-07,NURECA,
2026-05-08,NURECA,
2026-05-11,NURECA,
2026-05-12,NURECA,
2026-05-13,NURECA,
2026-05-14,NURECA,
2026-05-15,NURECA,
2026-05-18,NURECA,
2026-05-19,NURECA,
2026-05-20,NURECA,
2026-05-21,NURECA,
2026-05-22,NURECA,
2026-05-25,NURECA,
2026-05-26,NURECA,
2026-05-27,NURECA,
2026-05-29,NURECA,
2026-06-01,NURECA,
2026-06-02,NURECA,
2026-06-03,NURECA,
2026-06-04,NURECA,
2026-06-05,NURECA,
2026-06-08,NURECA,
2026-06-09,NURECA,
2026-06-10,NURECA,
2026-06-11,NURECA,
2026-06-12,NURECA,
2026-06-15,NURECA,
2026-06-16,NURECA,
2026-06-17,NURECA,
2026-06-18,NURECA,
2026-06-19,NURECA,
2026-06-22,NURECA,
2026-06-23,NURECA,
2026-06-24,NURECA,
2026-06-25,NURECA,
2026-06-29,NURECA,
2026-06-30,NURECA,
2026-07-01,NURECA,
2026-07-02,NURECA,
2026-07-03,NURECA,
2026-07-06,NURECA,
2026-07-07,NURECA,
2026-07-08,NURECA,
2026-07-09,NURECA,
2026-07-10,NURECA,
2026-07-13,NURECA,
2026-07-14,NURECA,
2026-07-15,NURECA,
2026-07-16,NURECA,
2026-07-17,NURECA,
2026-07-20,NURECA,
2026-07-21,NURECA,
2026-07-22,NURECA,
2026-07-23,NURECA,
2026-07-24,NURECA,301.0555
2026-07-27,NURECA,308.4266
2026-07-28,NURECA,308.8196
2026-07-29,NURECA,310.9254
2026-07-30,NURECA,310.9254
2026-07-31,NURECA,311.6924
2026-08-03,NURECA,311.6924
2026-08-04,NURECA,311.6924
2026-08-05,NURECA,311.6924
2026-08-06,NURECA,311.6924
2026-08-07,NURECA,311.6924
2026-08-10,NURECA,311.6924
2026-08-11,NURECA,311.6924
2026-08-12,NURECA,311.6924
2026-08-13,NURECA,311.6924
2026-08-14,NURECA,311.6924
2026-08-17,NURECA,311.6924
2026-08-18,NURECA,311.6924
2026-08-19,NURECA,311.6924
2026-08-20,NURECA,311.6924
2026-08-21,NURECA,311.6924
2026-08-24,NURECA,311.6924
2026-08-25,NURECA,311.6924
2026-08-26,NURECA,311.2969
2026-08-27,NURECA,311.0821
2026-08-28,NURECA,316.1468
2026-08-31,NURECA,316.1468
2026-09-01,NURECA,316.1468
2026-09-02,NURECA,316.1468
2026-09-03,NURECA,316.1468
2026-09-04,NURECA,316.1468
2026-09-07,NURECA,316.1468
2026-09-08,NURECA,316.2199
2026-09-09,NURECA,316.4841
2026-09-10,NURECA,316.4841
2026-09-11,NURECA,316.4841
2026-09-15,NURECA,316.4841
2026-09-16,NURECA,316.4841
2026-09-17,NURECA,316.4841
2026-09-18,NURECA,316.4841
2026-09-21,NURECA,316.4841
2026-09-22,NURECA,316.4841
2026-09-23,NURECA,316.4841
2026-09-24,NURECA,316.4841
2025-09-10,OBCL,
2025-09-11,OBCL,
2025-09-12,OBCL,
2025-09-15,OBCL,
2025-09-16,OBCL,
2025-09-17,OBCL,
2025-09-18,OBCL,
2025-09-19,OBCL,
2025-09-22,OBCL,
2025-09-23,OBCL,
2025-09-24,OBCL,
2025-09-25,OBCL,
2025-09-26,OBCL,
2025-09-29,OBCL,
2025-09-30,OBCL,
2025-10-01,OBCL,
2025-10-03,OBCL,
2025-10-06,OBCL,
2025-10-07,OBCL,
2025-10-08,OBCL,
2025-10-09,OBCL,
2025-10-10,OBCL,
2025-10-13,OBCL,
2025-10-14,OBCL,
2025-10-15,OBCL,
2025-10-16,OBCL,
2025-10-17,OBCL,
2025-10-20,OBCL,
2025-10-21,OBCL,
2025-10-23,OBCL,
2025-10-24,OBCL,
2025-10-27,OBCL,
2025-10-28,OBCL,
2025-10-29,OBCL,
2025-10-30,OBCL,
2025-10-31,OBCL,
2025-11-03,OBCL,
2025-11-04,OBCL,
2025-11-06,OBCL,
2025-11-07,OBCL,
2025-11-10,OBCL,
2025-11-11,OBCL,
2025-11-12,OBCL,
2025-11-13,OBCL,
2025-11-14,OBCL,
2025-11-17,OBCL,
2025-11-18,OBCL,
2025-11-19,OBCL,
2025-11-20,OBCL,
2025-11-21,OBCL,
2025-11-24,OBCL,
2025-11-25,OBCL,
2025-11-26,OBCL,
2025-11-27,OBCL,
2025-11-28,OBCL,
2025-12-01,OBCL,
2025-12-02,OBCL,
2025-12-03,OBCL,
2025-12-04,OBCL,
2025-12-05,OBCL,
2025-12-08,OBCL,
2025-12-09,OBCL,
2025-12-10,OBCL,
2025-12-11,OBCL,
2025-12-12,OBCL,
2025-12-15,OBCL,
2025-12-16,OBCL,
2025-12-17,OBCL,
2025-12-18,OBCL,
2025-12-19,OBCL,
2025-12-22,OBCL,
2025-12-23,OBCL,
2025-12-24,OBCL,
2025-12-26,OBCL,
2025-12-29,OBCL,
2025-12-30,OBCL,
2025-12-31,OBCL,
2026-01-01,OBCL,
2026-01-02,OBCL,
2026-01-05,OBCL,
2026-01-06,OBCL,
2026-01-07,OBCL,
2026-01-08,OBCL,
2026-01-09,OBCL,
2026-01-12,OBCL,
2026-01-13,OBCL,
2026-01-14,OBCL,
2026-01-16,OBCL,
2026-01-19,OBCL,
2026-01-20,OBCL,
2026-01-21,OBCL,
2026-01-22,OBCL,
2026-01-23,OBCL,
2026-01-27,OBCL,
2026-01-28,OBCL,
2026-01-29,OBCL,
2026-01-30,OBCL,
2026-02-02,OBCL,
2026-02-03,OBCL,
2026-02-04,OBCL,
2026-02-05,OBCL,
2026-02-06,OBCL,
2026-02-09,OBCL,
2026-02-10,OBCL,
2026-02-11,OBCL,
2026-02-12,OBCL,
2026-02-13,OBCL,
2026-02-16,OBCL,
2026-02-17,OBCL,
2026-02-18,OBCL,
2026-02-19,OBCL,
2026-02-20,OBCL,
2026-02-23,OBCL,
2026-02-24,OBCL,
2026-02-25,OBCL,
2026-02-26,OBCL,
2026-02-27,OBCL,
2026-03-02,OBCL,
2026-03-04,OBCL,
2026-03-05,OBCL,
2026-03-06,OBCL,
2026-03-09,OBCL,
2026-03-10,OBCL,
2026-03-11,OBCL,
2026-03-12,OBCL,
2026-03-13,OBCL,
2026-03-16,OBCL,
2026-03-17,OBCL,
2026-03-18,OBCL,
2026-03-19,OBCL,
2026-03-20,OBCL,
2026-03-23,OBCL,
2026-03-24,OBCL,
2026-03-25,OBCL,
2026-03-27,OBCL,
2026-03-30,OBCL,
2026-04-01,OBCL,
2026-04-02,OBCL,
2026-04-06,OBCL,
2026-04-07,OBCL,
2026-04-08,OBCL,
2026-04-09,OBCL,
2026-04-10,OBCL,
2026-04-13,OBCL,
2026-04-15,OBCL,
2026-04-16,OBCL,
2026-04-17,OBCL,
2026-04-20,OBCL,
2026-04-21,OBCL,
2026-04-22,OBCL,
2026-04-23,OBCL,
2026-04-24,OBCL,
2026-04-27,OBCL,
2026-04-28,OBCL,
2026-04-29,OBCL,
2026-04-30,OBCL,
2026-05-04,OBCL,
2026-05-05,OBCL,
2026-05-06,OBCL,
2026-05-07,OBCL,
2026-05-08,OBCL,
2026-05-11,OBCL,
2026-05-12,OBCL,
2026-05-13,OBCL,
2026-05-14,OBCL,
2026-05-15,OBCL,
2026-05-18,OBCL,
2026-05-19,OBCL,
2026-05-20,OBCL,
2026-05-21,OBCL,
2026-05-22,OBCL,
2026-05-25,OBCL,
2026-05-26,OBCL,
2026-05-27,OBCL,
2026-05-29,OBCL,
2026-06-01,OBCL,
2026-06-02,OBCL,
2026-06-03,OBCL,
2026-06-04,OBCL,
2026-06-05,OBCL,
2026-06-08,OBCL,
2026-06-09,OBCL,
2026-06-10,OBCL,
2026-06-11,OBCL,
2026-06-12,OBCL,
2026-06-15,OBCL,
2026-06-16,OBCL,
2026-06-17,OBCL,
2026-06-18,OBCL,
2026-06-19,OBCL,
2026-06-22,OBCL,
2026-06-23,OBCL,
2026-06-24,OBCL,
2026-06-25,OBCL,
2026-06-29,OBCL,
2026-06-30,OBCL,
2026-07-01,OBCL,
2026-07-02,OBCL,
2026-07-03,OBCL,
2026-07-06,OBCL,
2026-07-07,OBCL,
2026-07-08,OBCL,
2026-07-09,OBCL,
2026-07-10,OBCL,
2026-07-13,OBCL,
2026-07-14,OBCL,
2026-07-15,OBCL,
2026-07-16,OBCL,
2026-07-17,OBCL,
2026-07-20,OBCL,
2026-07-21,OBCL,
2026-07-22,OBCL,
2026-07-23,OBCL,
2026-07-24,OBCL,
2026-07-27,OBCL,
2026-07-28,OBCL,
2026-07-29,OBCL,
2026-07-30,OBCL,
2026-07-31,OBCL,
2026-08-03,OBCL,
2026-08-04,OBCL,
2026-08-05,OBCL,53.0598
2026-08-06,OBCL,53.0598
2026-08-07,OBCL,53.0598
2026-08-10,OBCL,53.1011
2026-08-11,OBCL,53.1011
2026-08-12,OBCL,53.1011
2026-08-13,OBCL,52.9444
2026-08-14,OBCL,52.9444
2026-08-17,OBCL,52.9444
2026-08-18,OBCL,53.0231
2026-08-19,OBCL,53.0231
2026-08-20,OBCL,53.0231
2026-08-21,OBCL,53.1663
2026-08-24,OBCL,53.1663
2026-08-25,OBCL,53.2372
2026-08-26,OBCL,53.2372
2026-08-27,OBCL,53.2372
2026-08-28,OBCL,53.2372
2026-08-31,OBCL,53.2372
2026-09-01,OBCL,53.2372
2026-09-02,OBCL,53.2703
2026-09-03,OBCL,53.2703
2026-09-04,OBCL,53.2703
2026-09-07,OBCL,53.3012
2026-09-08,OBCL,53.3012
2026-09-09,OBCL,53.3012
2026-09-10,OBCL,53.3321
2026-09-11,OBCL,53.3321
2026-09-15,OBCL,53.4474
2026-09-16,OBCL,53.4474
2026-09-17,OBCL,53.4474
2026-09-18,OBCL,53.4474
2026-09-21,OBCL,53.4474
2026-09-22,OBCL,53.5874
2026-09-23,OBCL,53.5874
2026-09-24,OBCL,53.5874
2026-04-17,OMPOWER,
2026-04-20,OMPOWER,
2026-04-21,OMPOWER,
2026-04-22,OMPOWER,
2026-04-23,OMPOWER,
2026-04-24,OMPOWER,
2026-04-27,OMPOWER,
2026-04-28,OMPOWER,
2026-04-29,OMPOWER,
2026-04-30,OMPOWER,
2026-05-04,OMPOWER,
2026-05-05,OMPOWER,
2026-05-06,OMPOWER,
2026-05-07,OMPOWER,
2026-05-08,OMPOWER,
2026-05-11,OMPOWER,
2026-05-12,OMPOWER,
2026-05-13,OMPOWER,
2026-05-14,OMPOWER,
2026-05-15,OMPOWER,
2026-05-18,OMPOWER,
2026-05-19,OMPOWER,
2026-05-20,OMPOWER,
2026-05-21,OMPOWER,
2026-05-22,OMPOWER,
2026-05-25,OMPOWER,
2026-05-26,OMPOWER,
2026-05-27,OMPOWER,
2026-05-29,OMPOWER,
2026-06-01,OMPOWER,
2026-06-02,OMPOWER,
2026-06-03,OMPOWER,
2026-06-04,OMPOWER,
2026-06-05,OMPOWER,
2026-06-08,OMPOWER,
2026-06-09,OMPOWER,
2026-06-10,OMPOWER,
2026-06-11,OMPOWER,
2026-06-12,OMPOWER,
2026-06-15,OMPOWER,
2026-06-16,OMPOWER,
2026-06-17,OMPOWER,
2026-06-18,OMPOWER,
2026-06-19,OMPOWER,
2026-06-22,OMPOWER,
2026-06-23,OMPOWER,
2026-06-24,OMPOWER,182.6946
2026-06-25,OMPOWER,182.6946
2026-06-29,OMPOWER,182.6946
2026-06-30,OMPOWER,182.6946
2026-07-01,OMPOWER,182.6946
2026-07-02,OMPOWER,182.6946
2026-07-03,OMPOWER,182.6946
2026-07-06,OMPOWER,182.6946
2026-07-07,OMPOWER,182.6946
2026-07-08,OMPOWER,182.6946
2026-07-09,OMPOWER,182.6946
2026-07-10,OMPOWER,182.6946
2026-07-13,OMPOWER,182.6946
2026-07-14,OMPOWER,182.6946
2026-07-15,OMPOWER,182.6946
2026-07-16,OMPOWER,182.6946
2026-07-17,OMPOWER,182.6946
2026-07-20,OMPOWER,182.6946
2026-07-21,OMPOWER,182.6946
2026-07-22,OMPOWER,182.6946
2026-07-23,OMPOWER,182.6946
2026-07-24,OMPOWER,182.6946
2026-07-27,OMPOWER,182.6946
2026-07-28,OMPOWER,182.6946
2026-07-29,OMPOWER,182.6946
2026-07-30,OMPOWER,182.6946
2026-07-31,OMPOWER,182.6946
2026-08-03,OMPOWER,182.6946
2026-08-04,OMPOWER,182.6946
2026-08-05,OMPOWER,182.6946
2026-08-06,OMPOWER,182.6946
2026-08-07,OMPOWER,182.6946
2026-08-10,OMPOWER,182.6946
2026-08-11,OMPOWER,182.6946
2026-08-12,OMPOWER,182.6946
2026-08-13,OMPOWER,182.6946
2026-08-14,OMPOWER,182.6946
2026-08-17,OMPOWER,182.6946
2026-08-18,OMPOWER,182.6946
2026-08-19,OMPOWER,182.6946
2026-08-20,OMPOWER,182.6946
2026-08-21,OMPOWER,182.6946
2026-08-24,OMPOWER,182.6946
2026-08-25,OMPOWER,182.6946
2026-08-26,OMPOWER,182.6946
2026-08-27,OMPOWER,182.6946
2026-08-28,OMPOWER,182.6946
2026-08-31,OMPOWER,182.6946
2026-09-01,OMPOWER,182.6946
2026-09-02,OMPOWER,182.6946
2026-09-03,OMPOWER,182.6946
2026-09-04,OMPOWER,182.6946
2026-09-07,OMPOWER,182.6946
2026-09-08,OMPOWER,182.6946
2026-09-09,OMPOWER,182.6946
2026-09-10,OMPOWER,182.6946
2026-09-11,OMPOWER,182.6946
2026-09-15,OMPOWER,182.6946
2026-09-16,OMPOWER,182.6946
2026-09-17,OMPOWER,182.6946
2026-09-18,OMPOWER,182.6946
2026-09-21,OMPOWER,182.6946
2026-09-22,OMPOWER,182.6946
2026-09-23,OMPOWER,182.6946
2026-09-24,OMPOWER,182.6946
2025-09-10,PKTEA,
2025-09-11,PKTEA,
2025-09-12,PKTEA,
2025-09-15,PKTEA,
2025-09-16,PKTEA,
2025-09-17,PKTEA,
2025-09-18,PKTEA,
2025-09-19,PKTEA,
2025-09-22,PKTEA,
2025-09-23,PKTEA,
2025-09-24,PKTEA,
2025-09-25,PKTEA,
2025-09-26,PKTEA,
2025-09-29,PKTEA,
2025-09-30,PKTEA,
2025-10-01,PKTEA,
2025-10-03,PKTEA,
2025-10-06,PKTEA,
2025-10-07,PKTEA,
2025-10-08,PKTEA,
2025-10-09,PKTEA,
2025-10-10,PKTEA,
2025-10-13,PKTEA,
2025-10-14,PKTEA,
2025-10-15,PKTEA,
2025-10-16,PKTEA,
2025-10-17,PKTEA,
2025-10-20,PKTEA,
2025-10-21,PKTEA,
2025-10-23,PKTEA,
2025-10-24,PKTEA,
2025-10-27,PKTEA,
2025-10-28,PKTEA,
2025-10-29,PKTEA,
2025-10-30,PKTEA,
2025-10-31,PKTEA,
2025-11-03,PKTEA,
2025-11-04,PKTEA,
2025-11-06,PKTEA,
2025-11-07,PKTEA,
2025-11-10,PKTEA,
2025-11-11,PKTEA,
2025-11-12,PKTEA,
2025-11-13,PKTEA,
2025-11-14,PKTEA,
2025-11-17,PKTEA,
2025-11-18,PKTEA,
2025-11-19,PKTEA,
2025-11-20,PKTEA,
2025-11-21,PKTEA,
2025-11-24,PKTEA,
2025-11-25,PKTEA,
2025-11-26,PKTEA,
2025-11-27,PKTEA,
2025-11-28,PKTEA,
2025-12-01,PKTEA,
2025-12-02,PKTEA,
2025-12-03,PKTEA,
2025-12-04,PKTEA,
2025-12-05,PKTEA,
2025-12-08,PKTEA,
2025-12-09,PKTEA,
2025-12-10,PKTEA,
2025-12-11,PKTEA,
2025-12-12,PKTEA,
2025-12-15,PKTEA,
2025-12-16,PKTEA,
2025-12-17,PKTEA,
2025-12-18,PKTEA,
2025-12-19,PKTEA,
2025-12-22,PKTEA,
2025-12-23,PKTEA,
2025-12-24,PKTEA,
2025-12-26,PKTEA,
2025-12-29,PKTEA,
2025-12-30,PKTEA,
2025-12-31,PKTEA,
2026-01-01,PKTEA,
2026-01-02,PKTEA,
2026-01-05,PKTEA,
2026-01-06,PKTEA,
2026-01-07,PKTEA,
2026-01-08,PKTEA,
2026-01-09,PKTEA,
2026-01-12,PKTEA,
2026-01-13,PKTEA,
2026-01-14,PKTEA,
2026-01-16,PKTEA,
2026-01-19,PKTEA,
2026-01-20,PKTEA,
2026-01-21,PKTEA,
2026-01-22,PKTEA,
2026-01-23,PKTEA,
2026-01-27,PKTEA,
2026-01-28,PKTEA,
2026-01-29,PKTEA,
2026-01-30,PKTEA,
2026-02-02,PKTEA,
2026-02-03,PKTEA,
2026-02-04,PKTEA,
2026-02-05,PKTEA,
2026-02-06,PKTEA,
2026-02-09,PKTEA,
2026-02-10,PKTEA,
2026-02-11,PKTEA,
2026-02-12,PKTEA,
2026-02-13,PKTEA,
2026-02-16,PKTEA,
2026-02-17,PKTEA,
2026-02-18,PKTEA,
2026-02-19,PKTEA,
2026-02-20,PKTEA,
2026-02-23,PKTEA,
2026-02-24,PKTEA,
2026-02-25,PKTEA,
2026-02-26,PKTEA,
2026-02-27,PKTEA,
2026-03-02,PKTEA,
2026-03-04,PKTEA,
2026-03-05,PKTEA,
2026-03-06,PKTEA,
2026-03-09,PKTEA,
2026-03-10,PKTEA,
2026-03-11,PKTEA,
2026-03-12,PKTEA,
2026-03-16,PKTEA,
2026-03-17,PKTEA,
2026-03-18,PKTEA,
2026-03-19,PKTEA,
2026-03-20,PKTEA,
2026-03-23,PKTEA,
2026-03-24,PKTEA,
2026-03-25,PKTEA,
2026-03-27,PKTEA,
2026-03-30,PKTEA,
2026-04-01,PKTEA,
2026-04-02,PKTEA,
2026-04-06,PKTEA,
2026-04-07,PKTEA,
2026-04-08,PKTEA,
2026-04-09,PKTEA,
2026-04-13,PKTEA,
2026-04-15,PKTEA,
2026-04-16,PKTEA,
2026-04-20,PKTEA,
2026-04-21,PKTEA,
2026-04-22,PKTEA,
2026-04-23,PKTEA,
2026-04-24,PKTEA,
2026-04-27,PKTEA,
2026-04-28,PKTEA,
2026-04-29,PKTEA,
2026-04-30,PKTEA,
2026-05-04,PKTEA,
2026-05-05,PKTEA,
2026-05-06,PKTEA,
2026-05-07,PKTEA,
2026-05-08,PKTEA,
2026-05-11,PKTEA,
2026-05-12,PKTEA,
2026-05-14,PKTEA,
2026-05-15,PKTEA,
2026-05-18,PKTEA,
2026-05-19,PKTEA,
2026-05-20,PKTEA,
2026-05-21,PKTEA,
2026-05-22,PKTEA,
2026-05-25,PKTEA,
2026-05-26,PKTEA,
2026-05-27,PKTEA,
2026-05-29,PKTEA,
2026-06-01,PKTEA,
2026-06-02,PKTEA,
2026-06-03,PKTEA,
2026-06-04,PKTEA,
2026-06-05,PKTEA,
2026-06-08,PKTEA,
2026-06-09,PKTEA,
2026-06-10,PKTEA,
2026-06-11,PKTEA,
2026-06-12,PKTEA,
2026-06-15,PKTEA,
2026-06-16,PKTEA,
2026-06-17,PKTEA,
2026-06-18,PKTEA,
2026-06-19,PKTEA,
2026-06-22,PKTEA,
2026-06-23,PKTEA,
2026-06-24,PKTEA,
2026-06-25,PKTEA,
2026-06-29,PKTEA,
2026-06-30,PKTEA,
2026-07-01,PKTEA,
2026-07-02,PKTEA,
2026-07-03,PKTEA,
2026-07-06,PKTEA,
2026-07-08,PKTEA,
2026-07-09,PKTEA,
2026-07-10,PKTEA,
2026-07-13,PKTEA,
2026-07-14,PKTEA,
2026-07-15,PKTEA,
2026-07-16,PKTEA,
2026-07-17,PKTEA,
2026-07-20,PKTEA,
2026-07-21,PKTEA,
2026-07-22,PKTEA,
2026-07-24,PKTEA,
2026-07-27,PKTEA,
2026-07-28,PKTEA,
2026-07-29,PKTEA,
2026-07-30,PKTEA,
2026-07-31,PKTEA,
2026-08-03,PKTEA,
2026-08-04,PKTEA,
2026-08-05,PKTEA,
2026-08-07,PKTEA,
2026-08-10,PKTEA,
2026-08-11,PKTEA,
2026-08-12,PKTEA,
2026-08-13,PKTEA,
2026-08-14,PKTEA,
2026-08-17,PKTEA,702.5035
2026-08-18,PKTEA,702.5035
2026-08-19,PKTEA,711.5192
2026-08-20,PKTEA,712.9228
2026-08-21,PKTEA,712.9228
2026-08-24,PKTEA,712.9228
2026-08-25,PKTEA,712.9228
2026-08-26,PKTEA,712.9228
2026-08-27,PKTEA,712.9228
2026-08-28,PKTEA,712.9228
2026-08-31,PKTEA,712.9228
2026-09-01,PKTEA,712.9228
2026-09-02,PKTEA,712.9228
2026-09-03,PKTEA,712.9228
2026-09-04,PKTEA,725.7771
2026-09-07,PKTEA,725.7771
2026-09-08,PKTEA,725.7771
2026-09-09,PKTEA,725.7771
2026-09-10,PKTEA,725.7771
2026-09-11,PKTEA,725.7771
2026-09-15,PKTEA,725.7771
2026-09-16,PKTEA,725.7771
2026-09-17,PKTEA,725.7771
2026-09-18,PKTEA,725.7771
2026-09-21,PKTEA,759.649
2026-09-22,PKTEA,764.7705
2026-09-23,PKTEA,764.7705
2026-09-24,PKTEA,764.7705
2025-09-10,PLASTIBLEN,
2025-09-11,PLASTIBLEN,
2025-09-12,PLASTIBLEN,
2025-09-15,PLASTIBLEN,
2025-09-16,PLASTIBLEN,
2025-09-17,PLASTIBLEN,
2025-09-18,PLASTIBLEN,
2025-09-19,PLASTIBLEN,
2025-09-22,PLASTIBLEN,
2025-09-23,PLASTIBLEN,
2025-09-24,PLASTIBLEN,
2025-09-25,PLASTIBLEN,
2025-09-26,PLASTIBLEN,
2025-09-29,PLASTIBLEN,
2025-09-30,PLASTIBLEN,
2025-10-01,PLASTIBLEN,
2025-10-03,PLASTIBLEN,
2025-10-06,PLASTIBLEN,
2025-10-07,PLASTIBLEN,
2025-10-08,PLASTIBLEN,
2025-10-09,PLASTIBLEN,
2025-10-10,PLASTIBLEN,
2025-10-13,PLASTIBLEN,
2025-10-14,PLASTIBLEN,
2025-10-15,PLASTIBLEN,
2025-10-16,PLASTIBLEN,
2025-10-17,PLASTIBLEN,
2025-10-20,PLASTIBLEN,
2025-10-21,PLASTIBLEN,
2025-10-23,PLASTIBLEN,
2025-10-24,PLASTIBLEN,
2025-10-27,PLASTIBLEN,
2025-10-28,PLASTIBLEN,
2025-10-29,PLASTIBLEN,
2025-10-30,PLASTIBLEN,
2025-10-31,PLASTIBLEN,
2025-11-03,PLASTIBLEN,
2025-11-04,PLASTIBLEN,
2025-11-06,PLASTIBLEN,
2025-11-07,PLASTIBLEN,
2025-11-10,PLASTIBLEN,
2025-11-11,PLASTIBLEN,
2025-11-12,PLASTIBLEN,
2025-11-13,PLASTIBLEN,
2025-11-14,PLASTIBLEN,
2025-11-17,PLASTIBLEN,
2025-11-18,PLASTIBLEN,
2025-11-19,PLASTIBLEN,
2025-11-20,PLASTIBLEN,
2025-11-21,PLASTIBLEN,
2025-11-24,PLASTIBLEN,
2025-11-25,PLASTIBLEN,
2025-11-26,PLASTIBLEN,
2025-11-27,PLASTIBLEN,
2025-11-28,PLASTIBLEN,
2025-12-01,PLASTIBLEN,
2025-12-02,PLASTIBLEN,
2025-12-03,PLASTIBLEN,
2025-12-04,PLASTIBLEN,
2025-12-05,PLASTIBLEN,
2025-12-08,PLASTIBLEN,
2025-12-09,PLASTIBLEN,
2025-12-10,PLASTIBLEN,
2025-12-11,PLASTIBLEN,
2025-12-12,PLASTIBLEN,
2025-12-15,PLASTIBLEN,
2025-12-16,PLASTIBLEN,
2025-12-17,PLASTIBLEN,
2025-12-18,PLASTIBLEN,
2025-12-19,PLASTIBLEN,
2025-12-22,PLASTIBLEN,
2025-12-23,PLASTIBLEN,
2025-12-24,PLASTIBLEN,
2025-12-26,PLASTIBLEN,
2025-12-29,PLASTIBLEN,
2025-12-30,PLASTIBLEN,
2025-12-31,PLASTIBLEN,
2026-01-01,PLASTIBLEN,
2026-01-02,PLASTIBLEN,
2026-01-05,PLASTIBLEN,
2026-01-06,PLASTIBLEN,
2026-01-07,PLASTIBLEN,
2026-01-08,PLASTIBLEN,
2026-01-09,PLASTIBLEN,
2026-01-12,PLASTIBLEN,
2026-01-13,PLASTIBLEN,
2026-01-14,PLASTIBLEN,
2026-01-16,PLASTIBLEN,
2026-01-19,PLASTIBLEN,
2026-01-20,PLASTIBLEN,
2026-01-21,PLASTIBLEN,
2026-01-22,PLASTIBLEN,
2026-01-23,PLASTIBLEN,
2026-01-27,PLASTIBLEN,
2026-01-28,PLASTIBLEN,
2026-01-29,PLASTIBLEN,
2026-01-30,PLASTIBLEN,
2026-02-02,PLASTIBLEN,
2026-02-03,PLASTIBLEN,
2026-02-04,PLASTIBLEN,
2026-02-05,PLASTIBLEN,
2026-02-06,PLASTIBLEN,
2026-02-09,PLASTIBLEN,
2026-02-10,PLASTIBLEN,
2026-02-11,PLASTIBLEN,
2026-02-12,PLASTIBLEN,
2026-02-13,PLASTIBLEN,
2026-02-16,PLASTIBLEN,
2026-02-17,PLASTIBLEN,
2026-02-18,PLASTIBLEN,
2026-02-19,PLASTIBLEN,
2026-02-20,PLASTIBLEN,
2026-02-23,PLASTIBLEN,
2026-02-24,PLASTIBLEN,
2026-02-25,PLASTIBLEN,
2026-02-26,PLASTIBLEN,
2026-02-27,PLASTIBLEN,
2026-03-02,PLASTIBLEN,
2026-03-04,PLASTIBLEN,
2026-03-05,PLASTIBLEN,
2026-03-06,PLASTIBLEN,
2026-03-09,PLASTIBLEN,
2026-03-10,PLASTIBLEN,
2026-03-11,PLASTIBLEN,
2026-03-12,PLASTIBLEN,
2026-03-13,PLASTIBLEN,
2026-03-16,PLASTIBLEN,
2026-03-17,PLASTIBLEN,
2026-03-18,PLASTIBLEN,
2026-03-19,PLASTIBLEN,
2026-03-20,PLASTIBLEN,
2026-03-23,PLASTIBLEN,
2026-03-24,PLASTIBLEN,
2026-03-25,PLASTIBLEN,
2026-03-27,PLASTIBLEN,
2026-03-30,PLASTIBLEN,
2026-04-01,PLASTIBLEN,
2026-04-02,PLASTIBLEN,
2026-04-06,PLASTIBLEN,
2026-04-07,PLASTIBLEN,
2026-04-08,PLASTIBLEN,
2026-04-09,PLASTIBLEN,
2026-04-10,PLASTIBLEN,
2026-04-13,PLASTIBLEN,
2026-04-15,PLASTIBLEN,
2026-04-16,PLASTIBLEN,
2026-04-17,PLASTIBLEN,
2026-04-20,PLASTIBLEN,
2026-04-21,PLASTIBLEN,
2026-04-22,PLASTIBLEN,
2026-04-23,PLASTIBLEN,
2026-04-24,PLASTIBLEN,
2026-04-27,PLASTIBLEN,
2026-04-28,PLASTIBLEN,
2026-04-29,PLASTIBLEN,
2026-04-30,PLASTIBLEN,
2026-05-04,PLASTIBLEN,
2026-05-05,PLASTIBLEN,
2026-05-06,PLASTIBLEN,
2026-05-07,PLASTIBLEN,
2026-05-08,PLASTIBLEN,
2026-05-11,PLASTIBLEN,
2026-05-12,PLASTIBLEN,
2026-05-13,PLASTIBLEN,
2026-05-14,PLASTIBLEN,
2026-05-15,PLASTIBLEN,
2026-05-18,PLASTIBLEN,
2026-05-19,PLASTIBLEN,
2026-05-20,PLASTIBLEN,
2026-05-21,PLASTIBLEN,
2026-05-22,PLASTIBLEN,
2026-05-25,PLASTIBLEN,
2026-05-26,PLASTIBLEN,
2026-05-27,PLASTIBLEN,
2026-05-29,PLASTIBLEN,
2026-06-01,PLASTIBLEN,
2026-06-02,PLASTIBLEN,
2026-06-03,PLASTIBLEN,
2026-06-04,PLASTIBLEN,
2026-06-05,PLASTIBLEN,
2026-06-08,PLASTIBLEN,
2026-06-09,PLASTIBLEN,
2026-06-10,PLASTIBLEN,
2026-06-11,PLASTIBLEN,
2026-06-12,PLASTIBLEN,
2026-06-15,PLASTIBLEN,
2026-06-16,PLASTIBLEN,
2026-06-17,PLASTIBLEN,
2026-06-18,PLASTIBLEN,
2026-06-19,PLASTIBLEN,
2026-06-22,PLASTIBLEN,
2026-06-23,PLASTIBLEN,
2026-06-24,PLASTIBLEN,
2026-06-25,PLASTIBLEN,175.839
2026-06-29,PLASTIBLEN,175.839
2026-06-30,PLASTIBLEN,175.839
2026-07-01,PLASTIBLEN,175.839
2026-07-02,PLASTIBLEN,175.839
2026-07-03,PLASTIBLEN,175.839
2026-07-06,PLASTIBLEN,175.839
2026-07-07,PLASTIBLEN,175.839
2026-07-08,PLASTIBLEN,175.839
2026-07-09,PLASTIBLEN,175.839
2026-07-10,PLASTIBLEN,175.839
2026-07-13,PLASTIBLEN,175.839
2026-07-14,PLASTIBLEN,175.839
2026-07-15,PLASTIBLEN,175.839
2026-07-16,PLASTIBLEN,175.839
2026-07-17,PLASTIBLEN,175.839
2026-07-20,PLASTIBLEN,175.839
2026-07-21,PLASTIBLEN,175.839
2026-07-22,PLASTIBLEN,175.839
2026-07-23,PLASTIBLEN,175.839
2026-07-24,PLASTIBLEN,175.839
2026-07-27,PLASTIBLEN,175.839
2026-07-28,PLASTIBLEN,175.839
2026-07-29,PLASTIBLEN,175.839
2026-07-30,PLASTIBLEN,175.839
2026-07-31,PLASTIBLEN,175.839
2026-08-03,PLASTIBLEN,175.839
2026-08-04,PLASTIBLEN,175.839
2026-08-05,PLASTIBLEN,175.839
2026-08-06,PLASTIBLEN,175.839
2026-08-07,PLASTIBLEN,175.839
2026-08-10,PLASTIBLEN,175.839
2026-08-11,PLASTIBLEN,175.839
2026-08-12,PLASTIBLEN,175.839
2026-08-13,PLASTIBLEN,175.839
2026-08-14,PLASTIBLEN,175.839
2026-08-17,PLASTIBLEN,175.839
2026-08-18,PLASTIBLEN,175.839
2026-08-19,PLASTIBLEN,175.839
2026-08-20,PLASTIBLEN,175.839
2026-08-21,PLASTIBLEN,175.839
2026-08-24,PLASTIBLEN,175.839
2026-08-25,PLASTIBLEN,175.839
2026-08-26,PLASTIBLEN,175.839
2026-08-27,PLASTIBLEN,175.839
2026-08-28,PLASTIBLEN,175.839
2026-08-31,PLASTIBLEN,175.839
2026-09-01,PLASTIBLEN,175.839
2026-09-02,PLASTIBLEN,175.839
2026-09-03,PLASTIBLEN,175.839
2026-09-04,PLASTIBLEN,175.839
2026-09-07,PLASTIBLEN,175.839
2026-09-08,PLASTIBLEN,175.839
2026-09-09,PLASTIBLEN,175.839
2026-09-10,PLASTIBLEN,175.839
2026-09-11,PLASTIBLEN,175.839
2026-09-15,PLASTIBLEN,175.839
2026-09-16,PLASTIBLEN,175.839
2026-09-17,PLASTIBLEN,175.839
2026-09-18,PLASTIBLEN,175.839
2026-09-21,PLASTIBLEN,175.839
2026-09-22,PLASTIBLEN,175.839
2026-09-23,PLASTIBLEN,175.839
2026-09-24,PLASTIBLEN,175.839
2025-09-10,SANDUMA,
2025-09-11,SANDUMA,
2025-09-12,SANDUMA,
2025-09-15,SANDUMA,
2025-09-16,SANDUMA,
2025-09-17,SANDUMA,
2025-09-18,SANDUMA,
2025-09-19,SANDUMA,
2025-09-22,SANDUMA,
2025-09-23,SANDUMA,
2025-09-24,SANDUMA,
2025-09-25,SANDUMA,
2025-09-26,SANDUMA,
2025-09-29,SANDUMA,
2025-09-30,SANDUMA,
2025-10-01,SANDUMA,
2025-10-03,SANDUMA,
2025-10-06,SANDUMA,
2025-10-07,SANDUMA,
2025-10-08,SANDUMA,
2025-10-09,SANDUMA,
2025-10-10,SANDUMA,
2025-10-13,SANDUMA,
2025-10-14,SANDUMA,
2025-10-15,SANDUMA,
2025-10-16,SANDUMA,
2025-10-17,SANDUMA,
2025-10-20,SANDUMA,
2025-10-21,SANDUMA,
2025-10-23,SANDUMA,
2025-10-24,SANDUMA,
2025-10-27,SANDUMA,
2025-10-28,SANDUMA,
2025-10-29,SANDUMA,
2025-10-30,SANDUMA,
2025-10-31,SANDUMA,
2025-11-03,SANDUMA,
2025-11-04,SANDUMA,
2025-11-06,SANDUMA,
2025-11-07,SANDUMA,
2025-11-10,SANDUMA,
2025-11-11,SANDUMA,
2025-11-12,SANDUMA,
2025-11-13,SANDUMA,
2025-11-14,SANDUMA,
2025-11-17,SANDUMA,
2025-11-18,SANDUMA,
2025-11-19,SANDUMA,
2025-11-20,SANDUMA,
2025-11-21,SANDUMA,
2025-11-24,SANDUMA,
2025-11-25,SANDUMA,
2025-11-26,SANDUMA,
2025-11-27,SANDUMA,
2025-11-28,SANDUMA,
2025-12-01,SANDUMA,
2025-12-02,SANDUMA,
2025-12-03,SANDUMA,
2025-12-04,SANDUMA,
2025-12-05,SANDUMA,
2025-12-08,SANDUMA,
2025-12-09,SANDUMA,
2025-12-10,SANDUMA,
2025-12-11,SANDUMA,
2025-12-12,SANDUMA,
2025-12-15,SANDUMA,
2025-12-16,SANDUMA,
2025-12-17,SANDUMA,
2025-12-18,SANDUMA,
2025-12-19,SANDUMA,
2025-12-22,SANDUMA,
2025-12-23,SANDUMA,
2025-12-24,SANDUMA,
2025-12-26,SANDUMA,
2025-12-29,SANDUMA,
2025-12-30,SANDUMA,
2025-12-31,SANDUMA,
2026-01-01,SANDUMA,
2026-01-02,SANDUMA,
2026-01-05,SANDUMA,
2026-01-06,SANDUMA,
2026-01-07,SANDUMA,
2026-01-08,SANDUMA,
2026-01-09,SANDUMA,
2026-01-12,SANDUMA,
2026-01-13,SANDUMA,
2026-01-14,SANDUMA,
2026-01-16,SANDUMA,
2026-01-19,SANDUMA,
2026-01-20,SANDUMA,
2026-01-21,SANDUMA,
2026-01-22,SANDUMA,
2026-01-23,SANDUMA,
2026-01-27,SANDUMA,
2026-01-28,SANDUMA,
2026-01-29,SANDUMA,
2026-01-30,SANDUMA,
2026-02-02,SANDUMA,
2026-02-03,SANDUMA,
2026-02-04,SANDUMA,
2026-02-05,SANDUMA,
2026-02-06,SANDUMA,
2026-02-09,SANDUMA,
2026-02-10,SANDUMA,
2026-02-11,SANDUMA,
2026-02-12,SANDUMA,
2026-02-13,SANDUMA,
2026-02-16,SANDUMA,
2026-02-17,SANDUMA,
2026-02-18,SANDUMA,
2026-02-19,SANDUMA,
2026-02-20,SANDUMA,
2026-02-23,SANDUMA,
2026-02-24,SANDUMA,
2026-02-25,SANDUMA,
2026-02-26,SANDUMA,
2026-02-27,SANDUMA,
2026-03-02,SANDUMA,
2026-03-04,SANDUMA,
2026-03-05,SANDUMA,
2026-03-06,SANDUMA,
2026-03-09,SANDUMA,
2026-03-10,SANDUMA,
2026-03-11,SANDUMA,
2026-03-12,SANDUMA,
2026-03-13,SANDUMA,
2026-03-16,SANDUMA,
2026-03-17,SANDUMA,
2026-03-18,SANDUMA,
2026-03-19,SANDUMA,
2026-03-20,SANDUMA,
2026-03-23,SANDUMA,
2026-03-24,SANDUMA,
2026-03-25,SANDUMA,
2026-03-27,SANDUMA,
2026-03-30,SANDUMA,
2026-04-01,SANDUMA,
2026-04-02,SANDUMA,
2026-04-06,SANDUMA,
2026-04-07,SANDUMA,
2026-04-08,SANDUMA,
2026-04-09,SANDUMA,
2026-04-10,SANDUMA,
2026-04-13,SANDUMA,
2026-04-15,SANDUMA,
2026-04-16,SANDUMA,
2026-04-17,SANDUMA,
2026-04-20,SANDUMA,
2026-04-21,SANDUMA,
2026-04-22,SANDUMA,
2026-04-23,SANDUMA,
2026-04-24,SANDUMA,
2026-04-27,SANDUMA,
2026-04-28,SANDUMA,
2026-04-29,SANDUMA,
2026-04-30,SANDUMA,
2026-05-04,SANDUMA,
2026-05-05,SANDUMA,
2026-05-06,SANDUMA,
2026-05-07,SANDUMA,
2026-05-08,SANDUMA,
2026-05-11,SANDUMA,
2026-05-12,SANDUMA,
2026-05-13,SANDUMA,
2026-05-14,SANDUMA,
2026-05-15,SANDUMA,
2026-05-18,SANDUMA,
2026-05-19,SANDUMA,
2026-05-20,SANDUMA,
2026-05-21,SANDUMA,
2026-05-22,SANDUMA,
2026-05-25,SANDUMA,
2026-05-26,SANDUMA,
2026-05-27,SANDUMA,
2026-05-29,SANDUMA,
2026-06-01,SANDUMA,
2026-06-02,SANDUMA,
2026-06-03,SANDUMA,
2026-06-04,SANDUMA,
2026-06-05,SANDUMA,
2026-06-08,SANDUMA,
2026-06-09,SANDUMA,
2026-06-10,SANDUMA,
2026-06-11,SANDUMA,
2026-06-12,SANDUMA,
2026-06-15,SANDUMA,
2026-06-16,SANDUMA,
2026-06-17,SANDUMA,
2026-06-18,SANDUMA,
2026-06-19,SANDUMA,
2026-06-22,SANDUMA,
2026-06-23,SANDUMA,
2026-06-24,SANDUMA,
2026-06-25,SANDUMA,
2026-06-29,SANDUMA,207.6336
2026-06-30,SANDUMA,207.6336
2026-07-01,SANDUMA,207.6336
2026-07-02,SANDUMA,207.6336
2026-07-03,SANDUMA,207.6336
2026-07-06,SANDUMA,207.6336
2026-07-07,SANDUMA,207.6336
2026-07-08,SANDUMA,207.6336
2026-07-09,SANDUMA,207.6336
2026-07-10,SANDUMA,207.6336
2026-07-13,SANDUMA,207.6336
2026-07-14,SANDUMA,207.6336
2026-07-15,SANDUMA,207.6336
2026-07-16,SANDUMA,207.6336
2026-07-17,SANDUMA,207.6336
2026-07-20,SANDUMA,207.6336
2026-07-21,SANDUMA,207.6336
2026-07-22,SANDUMA,207.6336
2026-07-23,SANDUMA,207.6336
2026-07-24,SANDUMA,207.6336
2026-07-27,SANDUMA,207.6336
2026-07-28,SANDUMA,207.6336
2026-07-29,SANDUMA,207.6336
2026-07-30,SANDUMA,207.6336
2026-07-31,SANDUMA,207.6336
2026-08-03,SANDUMA,207.6336
2026-08-04,SANDUMA,207.6336
2026-08-05,SANDUMA,207.6336
2026-08-06,SANDUMA,207.6336
2026-08-07,SANDUMA,207.6336
2026-08-10,SANDUMA,207.6336
2026-08-11,SANDUMA,207.6336
2026-08-12,SANDUMA,207.6336
2026-08-13,SANDUMA,207.6336
2026-08-14,SANDUMA,207.6336
2026-08-17,SANDUMA,207.6336
2026-08-18,SANDUMA,207.6336
2026-08-19,SANDUMA,207.6336
2026-08-20,SANDUMA,207.6336
2026-08-21,SANDUMA,207.6336
2026-08-24,SANDUMA,207.6336
2026-08-25,SANDUMA,207.6336
2026-08-26,SANDUMA,207.6336
2026-08-27,SANDUMA,207.6336
2026-08-28,SANDUMA,207.6336
2026-08-31,SANDUMA,207.6336
2026-09-01,SANDUMA,207.6336
2026-09-02,SANDUMA,207.6336
2026-09-03,SANDUMA,207.6336
2026-09-04,SANDUMA,207.6336
2026-09-07,SANDUMA,207.6336
2026-09-08,SANDUMA,207.6336
2026-09-09,SANDUMA,207.6336
2026-09-10,SANDUMA,207.6336
2026-09-11,SANDUMA,207.6336
2026-09-15,SANDUMA,207.6336
2026-09-16,SANDUMA,207.6336
2026-09-17,SANDUMA,207.6336
2026-09-18,SANDUMA,207.6336
2026-09-21,SANDUMA,207.6336
2026-09-22,SANDUMA,207.6336
2026-09-23,SANDUMA,207.6336
2026-09-24,SANDUMA,207.6336
2025-09-10,SENCO,
2025-09-11,SENCO,
2025-09-12,SENCO,
2025-09-15,SENCO,
2025-09-16,SENCO,
2025-09-17,SENCO,
2025-09-18,SENCO,
2025-09-19,SENCO,
2025-09-22,SENCO,
2025-09-23,SENCO,
2025-09-24,SENCO,
2025-09-25,SENCO,
2025-09-26,SENCO,
2025-09-29,SENCO,
2025-09-30,SENCO,
2025-10-01,SENCO,
2025-10-03,SENCO,
2025-10-06,SENCO,
2025-10-07,SENCO,
2025-10-08,SENCO,
2025-10-09,SENCO,
2025-10-10,SENCO,
2025-10-13,SENCO,
2025-10-14,SENCO,
2025-10-15,SENCO,
2025-10-16,SENCO,
2025-10-17,SENCO,
2025-10-20,SENCO,
2025-10-21,SENCO,
2025-10-23,SENCO,
2025-10-24,SENCO,
2025-10-27,SENCO,
2025-10-28,SENCO,
2025-10-29,SENCO,
2025-10-30,SENCO,
2025-10-31,SENCO,
2025-11-03,SENCO,
2025-11-04,SENCO,
2025-11-06,SENCO,
2025-11-07,SENCO,
2025-11-10,SENCO,
2025-11-11,SENCO,
2025-11-12,SENCO,
2025-11-13,SENCO,
2025-11-14,SENCO,
2025-11-17,SENCO,
2025-11-18,SENCO,
2025-11-19,SENCO,
2025-11-20,SENCO,
2025-11-21,SENCO,
2025-11-24,SENCO,
2025-11-25,SENCO,
2025-11-26,SENCO,
2025-11-27,SENCO,
2025-11-28,SENCO,
2025-12-01,SENCO,
2025-12-02,SENCO,
2025-12-03,SENCO,
2025-12-04,SENCO,
2025-12-05,SENCO,
2025-12-08,SENCO,
2025-12-09,SENCO,
2025-12-10,SENCO,
2025-12-11,SENCO,
2025-12-12,SENCO,
2025-12-15,SENCO,
2025-12-16,SENCO,
2025-12-17,SENCO,
2025-12-18,SENCO,
2025-12-19,SENCO,
2025-12-22,SENCO,
2025-12-23,SENCO,
2025-12-24,SENCO,
2025-12-26,SENCO,
2025-12-29,SENCO,
2025-12-30,SENCO,
2025-12-31,SENCO,
2026-01-01,SENCO,
2026-01-02,SENCO,
2026-01-05,SENCO,
2026-01-06,SENCO,
2026-01-07,SENCO,
2026-01-08,SENCO,
2026-01-09,SENCO,
2026-01-12,SENCO,
2026-01-13,SENCO,
2026-01-14,SENCO,
2026-01-16,SENCO,
2026-01-19,SENCO,
2026-01-20,SENCO,
2026-01-21,SENCO,
2026-01-22,SENCO,
2026-01-23,SENCO,
2026-01-27,SENCO,
2026-01-28,SENCO,
2026-01-29,SENCO,
2026-01-30,SENCO,
2026-02-02,SENCO,
2026-02-03,SENCO,
2026-02-04,SENCO,
2026-02-05,SENCO,
2026-02-06,SENCO,
2026-02-09,SENCO,
2026-02-10,SENCO,
2026-02-11,SENCO,
2026-02-12,SENCO,
2026-02-13,SENCO,
2026-02-16,SENCO,
2026-02-17,SENCO,
2026-02-18,SENCO,
2026-02-19,SENCO,
2026-02-20,SENCO,
2026-02-23,SENCO,
2026-02-24,SENCO,
2026-02-25,SENCO,
2026-02-26,SENCO,
2026-02-27,SENCO,
2026-03-02,SENCO,
2026-03-04,SENCO,
2026-03-05,SENCO,
2026-03-06,SENCO,
2026-03-09,SENCO,
2026-03-10,SENCO,
2026-03-11,SENCO,
2026-03-12,SENCO,
2026-03-13,SENCO,
2026-03-16,SENCO,
2026-03-17,SENCO,
2026-03-18,SENCO,
2026-03-19,SENCO,
2026-03-20,SENCO,
2026-03-23,SENCO,
2026-03-24,SENCO,
2026-03-25,SENCO,
2026-03-27,SENCO,
2026-03-30,SENCO,
2026-04-01,SENCO,
2026-04-02,SENCO,
2026-04-06,SENCO,
2026-04-07,SENCO,
2026-04-08,SENCO,
2026-04-09,SENCO,
2026-04-10,SENCO,
2026-04-13,SENCO,
2026-04-15,SENCO,
2026-04-16,SENCO,
2026-04-17,SENCO,
2026-04-20,SENCO,
2026-04-21,SENCO,
2026-04-22,SENCO,
2026-04-23,SENCO,
2026-04-24,SENCO,
2026-04-27,SENCO,
2026-04-28,SENCO,
2026-04-29,SENCO,
2026-04-30,SENCO,
2026-05-04,SENCO,
2026-05-05,SENCO,
2026-05-06,SENCO,
2026-05-07,SENCO,
2026-05-08,SENCO,
2026-05-11,SENCO,
2026-05-12,SENCO,
2026-05-13,SENCO,
2026-05-14,SENCO,
2026-05-15,SENCO,
2026-05-18,SENCO,
2026-05-19,SENCO,
2026-05-20,SENCO,
2026-05-21,SENCO,
2026-05-22,SENCO,
2026-05-25,SENCO,
2026-05-26,SENCO,
2026-05-27,SENCO,
2026-05-29,SENCO,
2026-06-01,SENCO,
2026-06-02,SENCO,
2026-06-03,SENCO,
2026-06-04,SENCO,
2026-06-05,SENCO,
2026-06-08,SENCO,
2026-06-09,SENCO,
2026-06-10,SENCO,
2026-06-11,SENCO,
2026-06-12,SENCO,
2026-06-15,SENCO,
2026-06-16,SENCO,
2026-06-17,SENCO,
2026-06-18,SENCO,
2026-06-19,SENCO,
2026-06-22,SENCO,
2026-06-23,SENCO,
2026-06-24,SENCO,
2026-06-25,SENCO,
2026-06-29,SENCO,
2026-06-30,SENCO,334.88
2026-07-01,SENCO,334.88
2026-07-02,SENCO,334.88
2026-07-03,SENCO,334.88
2026-07-06,SENCO,334.88
2026-07-07,SENCO,334.88
2026-07-08,SENCO,334.88
2026-07-09,SENCO,334.88
2026-07-10,SENCO,334.88
2026-07-13,SENCO,334.88
2026-07-14,SENCO,334.88
2026-07-15,SENCO,334.88
2026-07-16,SENCO,334.88
2026-07-17,SENCO,334.88
2026-07-20,SENCO,334.88
2026-07-21,SENCO,334.88
2026-07-22,SENCO,334.88
2026-07-23,SENCO,334.88
2026-07-24,SENCO,334.88
2026-07-27,SENCO,334.88
2026-07-28,SENCO,334.88
2026-07-29,SENCO,334.88
2026-07-30,SENCO,334.88
2026-07-31,SENCO,334.88
2026-08-03,SENCO,334.88
2026-08-04,SENCO,334.88
2026-08-05,SENCO,334.88
2026-08-06,SENCO,334.88
2026-08-07,SENCO,334.88
2026-08-10,SENCO,334.88
2026-08-11,SENCO,334.88
2026-08-12,SENCO,334.88
2026-08-13,SENCO,334.88
2026-08-14,SENCO,334.88
2026-08-17,SENCO,334.88
2026-08-18,SENCO,335.4115
2026-08-19,SENCO,335.4115
2026-08-20,SENCO,335.4115
2026-08-21,SENCO,335.4115
2026-08-24,SENCO,335.4115
2026-08-25,SENCO,335.4115
2026-08-26,SENCO,335.4115
2026-08-27,SENCO,335.4115
2026-08-28,SENCO,335.4115
2026-08-31,SENCO,335.4115
2026-09-01,SENCO,335.4115
2026-09-02,SENCO,335.4115
2026-09-03,SENCO,335.4115
2026-09-04,SENCO,335.4115
2026-09-07,SENCO,335.4115
2026-09-08,SENCO,335.4115
2026-09-09,SENCO,335.4115
2026-09-10,SENCO,335.4115
2026-09-11,SENCO,335.4115
2026-09-15,SENCO,335.4115
2026-09-16,SENCO,335.4115
2026-09-17,SENCO,335.4115
2026-09-18,SENCO,335.4115
2026-09-21,SENCO,335.4115
2026-09-22,SENCO,335.4115
2026-09-23,SENCO,335.4115
2026-09-24,SENCO,335.4115
2025-09-10,SGIL,
2025-09-11,SGIL,
2025-09-12,SGIL,
2025-09-15,SGIL,
2025-09-16,SGIL,
2025-09-17,SGIL,
2025-09-18,SGIL,
2025-09-19,SGIL,
2025-09-22,SGIL,
2025-09-23,SGIL,
2025-09-24,SGIL,
2025-09-25,SGIL,
2025-09-26,SGIL,
2025-09-29,SGIL,
2025-09-30,SGIL,
2025-10-01,SGIL,
2025-10-03,SGIL,
2025-10-06,SGIL,
2025-10-07,SGIL,
2025-10-08,SGIL,
2025-10-09,SGIL,
2025-10-10,SGIL,
2025-10-13,SGIL,
2025-10-14,SGIL,
2025-10-15,SGIL,
2025-10-16,SGIL,
2025-10-17,SGIL,
2025-10-20,SGIL,
2025-10-21,SGIL,
2025-10-23,SGIL,
2025-10-24,SGIL,
2025-10-27,SGIL,
2025-10-28,SGIL,
2025-10-29,SGIL,
2025-10-30,SGIL,
2025-10-31,SGIL,
2025-11-03,SGIL,
2025-11-04,SGIL,
2025-11-06,SGIL,
2025-11-07,SGIL,
2025-11-10,SGIL,
2025-11-11,SGIL,
2025-11-12,SGIL,
2025-11-13,SGIL,
2025-11-14,SGIL,
2025-11-17,SGIL,
2025-11-18,SGIL,
2025-11-19,SGIL,
2025-11-20,SGIL,
2025-11-21,SGIL,
2025-11-24,SGIL,
2025-11-25,SGIL,
2025-11-26,SGIL,
2025-11-27,SGIL,
2025-11-28,SGIL,
2025-12-01,SGIL,
2025-12-02,SGIL,
2025-12-03,SGIL,
2025-12-04,SGIL,
2025-12-05,SGIL,
2025-12-08,SGIL,
2025-12-09,SGIL,
2025-12-10,SGIL,
2025-12-11,SGIL,
2025-12-12,SGIL,
2025-12-15,SGIL,
2025-12-16,SGIL,
2025-12-17,SGIL,
2025-12-18,SGIL,
2025-12-19,SGIL,
2025-12-22,SGIL,
2025-12-23,SGIL,
2025-12-24,SGIL,
2025-12-26,SGIL,
2025-12-29,SGIL,
2025-12-30,SGIL,
2025-12-31,SGIL,
2026-01-01,SGIL,
2026-01-02,SGIL,
2026-01-05,SGIL,
2026-01-06,SGIL,
2026-01-07,SGIL,
2026-01-08,SGIL,
2026-01-09,SGIL,
2026-01-12,SGIL,
2026-01-13,SGIL,
2026-01-14,SGIL,
2026-01-16,SGIL,
2026-01-19,SGIL,
2026-01-20,SGIL,
2026-01-21,SGIL,
2026-01-22,SGIL,
2026-01-23,SGIL,
2026-01-27,SGIL,
2026-01-28,SGIL,
2026-01-29,SGIL,
2026-01-30,SGIL,
2026-02-02,SGIL,
2026-02-03,SGIL,
2026-02-04,SGIL,
2026-02-05,SGIL,
2026-02-06,SGIL,
2026-02-09,SGIL,
2026-02-10,SGIL,
2026-02-11,SGIL,
2026-02-12,SGIL,
2026-02-13,SGIL,
2026-02-16,SGIL,
2026-02-17,SGIL,
2026-02-18,SGIL,
2026-02-19,SGIL,
2026-02-20,SGIL,
2026-02-23,SGIL,
2026-02-24,SGIL,
2026-02-25,SGIL,
2026-02-26,SGIL,
2026-02-27,SGIL,
2026-03-02,SGIL,
2026-03-04,SGIL,
2026-03-05,SGIL,
2026-03-06,SGIL,
2026-03-09,SGIL,
2026-03-10,SGIL,
2026-03-11,SGIL,
2026-03-12,SGIL,
2026-03-13,SGIL,
2026-03-16,SGIL,
2026-03-17,SGIL,
2026-03-18,SGIL,
2026-03-19,SGIL,
2026-03-20,SGIL,
2026-03-23,SGIL,
2026-03-24,SGIL,
2026-03-25,SGIL,
2026-03-27,SGIL,
2026-03-30,SGIL,
2026-04-01,SGIL,
2026-04-02,SGIL,
2026-04-06,SGIL,
2026-04-07,SGIL,
2026-04-08,SGIL,
2026-04-09,SGIL,
2026-04-10,SGIL,
2026-04-13,SGIL,
2026-04-15,SGIL,
2026-04-16,SGIL,
2026-04-17,SGIL,
2026-04-20,SGIL,
2026-04-21,SGIL,
2026-04-22,SGIL,
2026-04-23,SGIL,
2026-04-24,SGIL,
2026-04-27,SGIL,
2026-04-28,SGIL,
2026-04-29,SGIL,
2026-04-30,SGIL,
2026-05-04,SGIL,
2026-05-05,SGIL,
2026-05-06,SGIL,
2026-05-07,SGIL,
2026-05-08,SGIL,
2026-05-11,SGIL,
2026-05-12,SGIL,
2026-05-13,SGIL,
2026-05-14,SGIL,
2026-05-15,SGIL,
2026-05-18,SGIL,
2026-05-19,SGIL,
2026-05-20,SGIL,
2026-05-21,SGIL,
2026-05-22,SGIL,
2026-05-25,SGIL,
2026-05-26,SGIL,
2026-05-27,SGIL,
2026-05-29,SGIL,
2026-06-01,SGIL,
2026-06-02,SGIL,
2026-06-03,SGIL,
2026-06-04,SGIL,
2026-06-05,SGIL,
2026-06-08,SGIL,
2026-06-09,SGIL,
2026-06-10,SGIL,
2026-06-11,SGIL,
2026-06-12,SGIL,
2026-06-15,SGIL,
2026-06-16,SGIL,
2026-06-17,SGIL,
2026-06-18,SGIL,
2026-06-19,SGIL,
2026-06-22,SGIL,
2026-06-23,SGIL,
2026-06-24,SGIL,
2026-06-25,SGIL,
2026-06-29,SGIL,
2026-06-30,SGIL,
2026-07-01,SGIL,
2026-07-02,SGIL,
2026-07-03,SGIL,
2026-07-06,SGIL,
2026-07-07,SGIL,
2026-07-08,SGIL,
2026-07-09,SGIL,
2026-07-10,SGIL,
2026-07-13,SGIL,
2026-07-14,SGIL,
2026-07-15,SGIL,
2026-07-16,SGIL,
2026-07-17,SGIL,
2026-07-20,SGIL,
2026-07-21,SGIL,
2026-07-22,SGIL,
2026-07-23,SGIL,
2026-07-24,SGIL,
2026-07-27,SGIL,
2026-07-28,SGIL,
2026-07-29,SGIL,
2026-07-30,SGIL,
2026-07-31,SGIL,
2026-08-03,SGIL,
2026-08-04,SGIL,
2026-08-05,SGIL,
2026-08-06,SGIL,
2026-08-07,SGIL,
2026-08-10,SGIL,
2026-08-11,SGIL,
2026-08-12,SGIL,
2026-08-13,SGIL,
2026-08-14,SGIL,
2026-08-17,SGIL,
2026-08-18,SGIL,
2026-08-19,SGIL,
2026-08-20,SGIL,
2026-08-21,SGIL,
2026-08-24,SGIL,
2026-08-25,SGIL,
2026-08-26,SGIL,
2026-08-27,SGIL,
2026-08-28,SGIL,585.0
2026-08-31,SGIL,585.0
2026-09-01,SGIL,585.0
2026-09-02,SGIL,585.0
2026-09-03,SGIL,585.0
2026-09-04,SGIL,585.0
2026-09-07,SGIL,593.3867
2026-09-08,SGIL,593.3867
2026-09-09,SGIL,593.3867
2026-09-10,SGIL,593.3867
2026-09-11,SGIL,593.6235
2026-09-15,SGIL,593.6235
2026-09-16,SGIL,593.6235
2026-09-17,SGIL,593.6235
2026-09-18,SGIL,593.6235
2026-09-21,SGIL,593.6235
2026-09-22,SGIL,593.6235
2026-09-23,SGIL,593.6235
2026-09-24,SGIL,593.6235
2025-09-10,SIGIND,
2025-09-11,SIGIND,
2025-09-12,SIGIND,
2025-09-15,SIGIND,
2025-09-16,SIGIND,
2025-09-17,SIGIND,
2025-09-18,SIGIND,
2025-09-19,SIGIND,
2025-09-22,SIGIND,
2025-09-23,SIGIND,
2025-09-24,SIGIND,
2025-09-25,SIGIND,
2025-09-26,SIGIND,
2025-09-29,SIGIND,
2025-09-30,SIGIND,
2025-10-01,SIGIND,
2025-10-03,SIGIND,
2025-10-06,SIGIND,
2025-10-07,SIGIND,
2025-10-08,SIGIND,
2025-10-09,SIGIND,
2025-10-10,SIGIND,
2025-10-13,SIGIND,
2025-10-14,SIGIND,
2025-10-15,SIGIND,
2025-10-16,SIGIND,
2025-10-17,SIGIND,
2025-10-20,SIGIND,
2025-10-21,SIGIND,
2025-10-23,SIGIND,
2025-10-24,SIGIND,
2025-10-27,SIGIND,
2025-10-28,SIGIND,
2025-10-29,SIGIND,
2025-10-30,SIGIND,
2025-10-31,SIGIND,
2025-11-03,SIGIND,
2025-11-04,SIGIND,
2025-11-06,SIGIND,
2025-11-07,SIGIND,
2025-11-10,SIGIND,
2025-11-11,SIGIND,
2025-11-12,SIGIND,
2025-11-13,SIGIND,
2025-11-14,SIGIND,
2025-11-17,SIGIND,
2025-11-18,SIGIND,
2025-11-19,SIGIND,
2025-11-20,SIGIND,
2025-11-21,SIGIND,
2025-11-24,SIGIND,
2025-11-25,SIGIND,
2025-11-26,SIGIND,
2025-11-27,SIGIND,
2025-11-28,SIGIND,
2025-12-01,SIGIND,
2025-12-02,SIGIND,
2025-12-03,SIGIND,
2025-12-04,SIGIND,
2025-12-05,SIGIND,
2025-12-08,SIGIND,
2025-12-09,SIGIND,
2025-12-10,SIGIND,
2025-12-11,SIGIND,
2025-12-12,SIGIND,
2025-12-15,SIGIND,
2025-12-16,SIGIND,
2025-12-17,SIGIND,
2025-12-18,SIGIND,
2025-12-19,SIGIND,
2025-12-22,SIGIND,
2025-12-23,SIGIND,
2025-12-24,SIGIND,
2025-12-26,SIGIND,
2025-12-29,SIGIND,
2025-12-30,SIGIND,
2025-12-31,SIGIND,
2026-01-01,SIGIND,
2026-01-02,SIGIND,
2026-01-05,SIGIND,
2026-01-06,SIGIND,
2026-01-07,SIGIND,
2026-01-08,SIGIND,
2026-01-09,SIGIND,
2026-01-12,SIGIND,
2026-01-13,SIGIND,
2026-01-14,SIGIND,
2026-01-16,SIGIND,
2026-01-19,SIGIND,
2026-01-20,SIGIND,
2026-01-21,SIGIND,
2026-01-22,SIGIND,
2026-01-23,SIGIND,
2026-01-27,SIGIND,
2026-01-28,SIGIND,
2026-01-29,SIGIND,
2026-01-30,SIGIND,
2026-02-02,SIGIND,
2026-02-03,SIGIND,
2026-02-04,SIGIND,
2026-02-05,SIGIND,
2026-02-06,SIGIND,
2026-02-09,SIGIND,
2026-02-10,SIGIND,
2026-02-11,SIGIND,
2026-02-12,SIGIND,
2026-02-13,SIGIND,
2026-02-16,SIGIND,
2026-02-17,SIGIND,
2026-02-18,SIGIND,
2026-02-19,SIGIND,
2026-02-20,SIGIND,
2026-02-23,SIGIND,
2026-02-24,SIGIND,
2026-02-25,SIGIND,
2026-02-26,SIGIND,
2026-02-27,SIGIND,
2026-03-02,SIGIND,
2026-03-04,SIGIND,
2026-03-05,SIGIND,
2026-03-06,SIGIND,
2026-03-09,SIGIND,
2026-03-10,SIGIND,
2026-03-11,SIGIND,
2026-03-12,SIGIND,
2026-03-13,SIGIND,
2026-03-16,SIGIND,
2026-03-17,SIGIND,
2026-03-18,SIGIND,
2026-03-19,SIGIND,
2026-03-20,SIGIND,
2026-03-23,SIGIND,
2026-03-24,SIGIND,
2026-03-25,SIGIND,
2026-03-27,SIGIND,
2026-03-30,SIGIND,
2026-04-01,SIGIND,
2026-04-02,SIGIND,
2026-04-06,SIGIND,
2026-04-07,SIGIND,
2026-04-08,SIGIND,
2026-04-09,SIGIND,
2026-04-10,SIGIND,
2026-04-13,SIGIND,
2026-04-15,SIGIND,
2026-04-16,SIGIND,
2026-04-17,SIGIND,
2026-04-20,SIGIND,
2026-04-21,SIGIND,
2026-04-22,SIGIND,
2026-04-23,SIGIND,
2026-04-24,SIGIND,
2026-04-27,SIGIND,
2026-04-28,SIGIND,
2026-04-29,SIGIND,
2026-04-30,SIGIND,
2026-05-04,SIGIND,
2026-05-05,SIGIND,
2026-05-06,SIGIND,
2026-05-07,SIGIND,
2026-05-08,SIGIND,
2026-05-11,SIGIND,
2026-05-12,SIGIND,
2026-05-13,SIGIND,
2026-05-14,SIGIND,
2026-05-15,SIGIND,
2026-05-18,SIGIND,
2026-05-19,SIGIND,
2026-05-20,SIGIND,
2026-05-21,SIGIND,
2026-05-22,SIGIND,
2026-05-25,SIGIND,
2026-05-26,SIGIND,
2026-05-27,SIGIND,
2026-05-29,SIGIND,
2026-06-01,SIGIND,
2026-06-02,SIGIND,
2026-06-03,SIGIND,
2026-06-04,SIGIND,
2026-06-05,SIGIND,
2026-06-08,SIGIND,
2026-06-09,SIGIND,
2026-06-10,SIGIND,
2026-06-11,SIGIND,
2026-06-12,SIGIND,
2026-06-15,SIGIND,
2026-06-16,SIGIND,
2026-06-17,SIGIND,
2026-06-18,SIGIND,
2026-06-19,SIGIND,
2026-06-22,SIGIND,
2026-06-23,SIGIND,
2026-06-24,SIGIND,
2026-06-25,SIGIND,
2026-06-29,SIGIND,
2026-06-30,SIGIND,
2026-07-01,SIGIND,
2026-07-02,SIGIND,
2026-07-03,SIGIND,
2026-07-06,SIGIND,
2026-07-07,SIGIND,
2026-07-08,SIGIND,
2026-07-09,SIGIND,
2026-07-10,SIGIND,
2026-07-13,SIGIND,
2026-07-14,SIGIND,
2026-07-15,SIGIND,
2026-07-16,SIGIND,
2026-07-17,SIGIND,
2026-07-20,SIGIND,
2026-07-21,SIGIND,
2026-07-22,SIGIND,
2026-07-23,SIGIND,
2026-07-24,SIGIND,
2026-07-27,SIGIND,
2026-07-28,SIGIND,
2026-07-29,SIGIND,
2026-07-30,SIGIND,
2026-07-31,SIGIND,
2026-08-03,SIGIND,
2026-08-04,SIGIND,
2026-08-05,SIGIND,
2026-08-06,SIGIND,
2026-08-07,SIGIND,
2026-08-10,SIGIND,
2026-08-11,SIGIND,
2026-08-12,SIGIND,
2026-08-13,SIGIND,
2026-08-14,SIGIND,
2026-08-17,SIGIND,68.8034
2026-08-18,SIGIND,68.124
2026-08-19,SIGIND,68.8548
2026-08-20,SIGIND,70.217
2026-08-21,SIGIND,70.2704
2026-08-24,SIGIND,70.2704
2026-08-25,SIGIND,70.0836
2026-08-26,SIGIND,70.0836
2026-08-27,SIGIND,70.18
2026-08-28,SIGIND,70.3494
2026-08-31,SIGIND,70.3494
2026-09-01,SIGIND,70.3494
2026-09-02,SIGIND,70.3494
2026-09-03,SIGIND,70.3494
2026-09-04,SIGIND,70.3802
2026-09-07,SIGIND,70.4875
2026-09-08,SIGIND,70.4035
2026-09-09,SIGIND,70.3878
2026-09-10,SIGIND,70.2814
2026-09-11,SIGIND,74.5604
2026-09-15,SIGIND,74.5604
2026-09-16,SIGIND,74.5604
2026-09-17,SIGIND,74.5604
2026-09-18,SIGIND,74.3684
2026-09-21,SIGIND,74.2183
2026-09-22,SIGIND,74.2183
2026-09-23,SIGIND,74.2183
2026-09-24,SIGIND,74.2183
2025-09-10,SILVERTUC,
2025-09-11,SILVERTUC,
2025-09-12,SILVERTUC,
2025-09-15,SILVERTUC,
2025-09-16,SILVERTUC,
2025-09-17,SILVERTUC,
2025-09-18,SILVERTUC,
2025-09-19,SILVERTUC,
2025-09-22,SILVERTUC,
2025-09-23,SILVERTUC,
2025-09-24,SILVERTUC,
2025-09-25,SILVERTUC,
2025-09-26,SILVERTUC,
2025-09-29,SILVERTUC,
2025-09-30,SILVERTUC,
2025-10-01,SILVERTUC,
2025-10-03,SILVERTUC,
2025-10-06,SILVERTUC,
2025-10-07,SILVERTUC,
2025-10-08,SILVERTUC,
2025-10-09,SILVERTUC,
2025-10-10,SILVERTUC,
2025-10-13,SILVERTUC,
2025-10-14,SILVERTUC,
2025-10-15,SILVERTUC,
2025-10-16,SILVERTUC,
2025-10-17,SILVERTUC,
2025-10-20,SILVERTUC,
2025-10-21,SILVERTUC,
2025-10-23,SILVERTUC,
2025-10-24,SILVERTUC,
2025-10-27,SILVERTUC,
2025-10-28,SILVERTUC,
2025-10-29,SILVERTUC,
2025-10-30,SILVERTUC,
2025-10-31,SILVERTUC,
2025-11-03,SILVERTUC,
2025-11-04,SILVERTUC,
2025-11-06,SILVERTUC,
2025-11-07,SILVERTUC,
2025-11-10,SILVERTUC,
2025-11-11,SILVERTUC,
2025-11-12,SILVERTUC,
2025-11-13,SILVERTUC,
2025-11-14,SILVERTUC,
2025-11-17,SILVERTUC,
2025-11-18,SILVERTUC,
2025-11-19,SILVERTUC,
2025-11-20,SILVERTUC,
2025-11-21,SILVERTUC,
2025-11-24,SILVERTUC,
2025-11-25,SILVERTUC,
2025-11-26,SILVERTUC,
2025-11-27,SILVERTUC,
2025-11-28,SILVERTUC,
2025-12-01,SILVERTUC,
2025-12-02,SILVERTUC,
2025-12-03,SILVERTUC,
2025-12-04,SILVERTUC,
2025-12-05,SILVERTUC,
2025-12-08,SILVERTUC,
2025-12-09,SILVERTUC,
2025-12-10,SILVERTUC,
2025-12-11,SILVERTUC,
2025-12-12,SILVERTUC,
2025-12-15,SILVERTUC,
2025-12-16,SILVERTUC,
2025-12-17,SILVERTUC,
2025-12-18,SILVERTUC,
2025-12-19,SILVERTUC,
2025-12-22,SILVERTUC,
2025-12-23,SILVERTUC,
2025-12-24,SILVERTUC,
2025-12-26,SILVERTUC,
2025-12-29,SILVERTUC,
2025-12-30,SILVERTUC,
2025-12-31,SILVERTUC,
2026-01-01,SILVERTUC,
2026-01-02,SILVERTUC,
2026-01-05,SILVERTUC,
2026-01-06,SILVERTUC,
2026-01-07,SILVERTUC,
2026-01-08,SILVERTUC,
2026-01-09,SILVERTUC,
2026-01-12,SILVERTUC,
2026-01-13,SILVERTUC,
2026-01-14,SILVERTUC,
2026-01-16,SILVERTUC,
2026-01-19,SILVERTUC,
2026-01-20,SILVERTUC,
2026-01-21,SILVERTUC,
2026-01-22,SILVERTUC,
2026-01-23,SILVERTUC,
2026-01-27,SILVERTUC,
2026-01-28,SILVERTUC,
2026-01-29,SILVERTUC,
2026-01-30,SILVERTUC,
2026-02-02,SILVERTUC,
2026-02-03,SILVERTUC,
2026-02-04,SILVERTUC,
2026-02-05,SILVERTUC,
2026-02-06,SILVERTUC,
2026-02-09,SILVERTUC,
2026-02-10,SILVERTUC,
2026-02-11,SILVERTUC,
2026-02-12,SILVERTUC,
2026-02-13,SILVERTUC,
2026-02-16,SILVERTUC,
2026-02-17,SILVERTUC,
2026-02-18,SILVERTUC,
2026-02-19,SILVERTUC,
2026-02-20,SILVERTUC,
2026-02-23,SILVERTUC,
2026-02-24,SILVERTUC,
2026-02-25,SILVERTUC,
2026-02-26,SILVERTUC,
2026-02-27,SILVERTUC,
2026-03-02,SILVERTUC,
2026-03-04,SILVERTUC,
2026-03-05,SILVERTUC,
2026-03-06,SILVERTUC,
2026-03-09,SILVERTUC,
2026-03-10,SILVERTUC,
2026-03-11,SILVERTUC,
2026-03-12,SILVERTUC,
2026-03-13,SILVERTUC,
2026-03-16,SILVERTUC,
2026-03-17,SILVERTUC,
2026-03-18,SILVERTUC,
2026-03-19,SILVERTUC,
2026-03-20,SILVERTUC,
2026-03-23,SILVERTUC,
2026-03-24,SILVERTUC,
2026-03-25,SILVERTUC,
2026-03-27,SILVERTUC,
2026-03-30,SILVERTUC,
2026-04-01,SILVERTUC,
2026-04-02,SILVERTUC,
2026-04-06,SILVERTUC,
2026-04-07,SILVERTUC,
2026-04-08,SILVERTUC,
2026-04-09,SILVERTUC,
2026-04-10,SILVERTUC,
2026-04-13,SILVERTUC,
2026-04-15,SILVERTUC,
2026-04-16,SILVERTUC,
2026-04-17,SILVERTUC,
2026-04-20,SILVERTUC,
2026-04-21,SILVERTUC,
2026-04-22,SILVERTUC,
2026-04-23,SILVERTUC,
2026-04-24,SILVERTUC,
2026-04-27,SILVERTUC,
2026-04-28,SILVERTUC,
2026-04-29,SILVERTUC,
2026-04-30,SILVERTUC,
2026-05-04,SILVERTUC,
2026-05-05,SILVERTUC,
2026-05-06,SILVERTUC,
2026-05-07,SILVERTUC,
2026-05-08,SILVERTUC,
2026-05-11,SILVERTUC,
2026-05-12,SILVERTUC,
2026-05-13,SILVERTUC,
2026-05-14,SILVERTUC,
2026-05-15,SILVERTUC,
2026-05-18,SILVERTUC,
2026-05-19,SILVERTUC,
2026-05-20,SILVERTUC,
2026-05-21,SILVERTUC,
2026-05-22,SILVERTUC,
2026-05-25,SILVERTUC,
2026-05-26,SILVERTUC,
2026-05-27,SILVERTUC,
2026-05-29,SILVERTUC,
2026-06-01,SILVERTUC,
2026-06-02,SILVERTUC,
2026-06-03,SILVERTUC,
2026-06-04,SILVERTUC,
2026-06-05,SILVERTUC,
2026-06-08,SILVERTUC,
2026-06-09,SILVERTUC,
2026-06-10,SILVERTUC,
2026-06-11,SILVERTUC,
2026-06-12,SILVERTUC,
2026-06-15,SILVERTUC,
2026-06-16,SILVERTUC,
2026-06-17,SILVERTUC,
2026-06-18,SILVERTUC,
2026-06-19,SILVERTUC,
2026-06-22,SILVERTUC,
2026-06-23,SILVERTUC,
2026-06-24,SILVERTUC,
2026-06-25,SILVERTUC,
2026-06-29,SILVERTUC,
2026-06-30,SILVERTUC,
2026-07-01,SILVERTUC,
2026-07-02,SILVERTUC,
2026-07-03,SILVERTUC,
2026-07-06,SILVERTUC,
2026-07-07,SILVERTUC,
2026-07-08,SILVERTUC,
2026-07-09,SILVERTUC,
2026-07-10,SILVERTUC,
2026-07-13,SILVERTUC,
2026-07-14,SILVERTUC,
2026-07-15,SILVERTUC,
2026-07-16,SILVERTUC,
2026-07-17,SILVERTUC,
2026-07-20,SILVERTUC,
2026-07-21,SILVERTUC,
2026-07-22,SILVERTUC,
2026-07-23,SILVERTUC,
2026-07-24,SILVERTUC,
2026-07-27,SILVERTUC,
2026-07-28,SILVERTUC,
2026-07-29,SILVERTUC,
2026-07-30,SILVERTUC,
2026-07-31,SILVERTUC,
2026-08-03,SILVERTUC,
2026-08-04,SILVERTUC,
2026-08-05,SILVERTUC,
2026-08-06,SILVERTUC,
2026-08-07,SILVERTUC,
2026-08-10,SILVERTUC,
2026-08-11,SILVERTUC,
2026-08-12,SILVERTUC,
2026-08-13,SILVERTUC,
2026-08-14,SILVERTUC,
2026-08-17,SILVERTUC,
2026-08-18,SILVERTUC,
2026-08-19,SILVERTUC,
2026-08-20,SILVERTUC,
2026-08-21,SILVERTUC,
2026-08-24,SILVERTUC,
2026-08-25,SILVERTUC,180.9768
2026-08-26,SILVERTUC,180.9768
2026-08-27,SILVERTUC,180.9768
2026-08-28,SILVERTUC,180.9768
2026-08-31,SILVERTUC,175.7448
2026-09-01,SILVERTUC,175.7448
2026-09-02,SILVERTUC,175.7448
2026-09-03,SILVERTUC,170.9314
2026-09-04,SILVERTUC,170.9314
2026-09-07,SILVERTUC,170.9314
2026-09-08,SILVERTUC,170.9314
2026-09-09,SILVERTUC,170.7901
2026-09-10,SILVERTUC,170.7901
2026-09-11,SILVERTUC,170.7901
2026-09-15,SILVERTUC,170.7901
2026-09-16,SILVERTUC,170.7901
2026-09-17,SILVERTUC,170.7901
2026-09-18,SILVERTUC,170.7901
2026-09-21,SILVERTUC,170.7901
2026-09-22,SILVERTUC,170.7901
2026-09-23,SILVERTUC,170.7901
2026-09-24,SILVERTUC,170.7901
2025-09-10,SINCLAIR,
2025-09-11,SINCLAIR,
2025-09-12,SINCLAIR,
2025-09-15,SINCLAIR,
2025-09-16,SINCLAIR,
2025-09-17,SINCLAIR,
2025-09-18,SINCLAIR,
2025-09-19,SINCLAIR,
2025-09-22,SINCLAIR,
2025-09-23,SINCLAIR,
2025-09-24,SINCLAIR,
2025-09-25,SINCLAIR,
2025-09-26,SINCLAIR,
2025-09-29,SINCLAIR,
2025-09-30,SINCLAIR,
2025-10-01,SINCLAIR,
2025-10-03,SINCLAIR,
2025-10-06,SINCLAIR,
2025-10-07,SINCLAIR,
2025-10-08,SINCLAIR,
2025-10-09,SINCLAIR,
2025-10-10,SINCLAIR,
2025-10-13,SINCLAIR,
2025-10-14,SINCLAIR,
2025-10-15,SINCLAIR,
2025-10-16,SINCLAIR,
2025-10-17,SINCLAIR,
2025-10-20,SINCLAIR,
2025-10-21,SINCLAIR,
2025-10-23,SINCLAIR,
2025-10-24,SINCLAIR,
2025-10-27,SINCLAIR,
2025-10-28,SINCLAIR,
2025-10-29,SINCLAIR,
2025-10-30,SINCLAIR,
2025-10-31,SINCLAIR,
2025-11-03,SINCLAIR,
2025-11-04,SINCLAIR,
2025-11-06,SINCLAIR,
2025-11-07,SINCLAIR,
2025-11-10,SINCLAIR,
2025-11-11,SINCLAIR,
2025-11-12,SINCLAIR,
2025-11-13,SINCLAIR,
2025-11-14,SINCLAIR,
2025-11-17,SINCLAIR,
2025-11-18,SINCLAIR,
2025-11-19,SINCLAIR,
2025-11-20,SINCLAIR,
2025-11-21,SINCLAIR,
2025-11-24,SINCLAIR,
2025-11-25,SINCLAIR,
2025-11-26,SINCLAIR,
2025-11-27,SINCLAIR,
2025-11-28,SINCLAIR,
2025-12-01,SINCLAIR,
2025-12-02,SINCLAIR,
2025-12-03,SINCLAIR,
2025-12-04,SINCLAIR,
2025-12-05,SINCLAIR,
2025-12-08,SINCLAIR,
2025-12-09,SINCLAIR,
2025-12-10,SINCLAIR,
2025-12-11,SINCLAIR,
2025-12-12,SINCLAIR,
2025-12-15,SINCLAIR,
2025-12-16,SINCLAIR,
2025-12-17,SINCLAIR,
2025-12-18,SINCLAIR,
2025-12-19,SINCLAIR,
2025-12-22,SINCLAIR,
2025-12-23,SINCLAIR,
2025-12-24,SINCLAIR,
2025-12-26,SINCLAIR,
2025-12-29,SINCLAIR,
2025-12-30,SINCLAIR,
2025-12-31,SINCLAIR,
2026-01-01,SINCLAIR,
2026-01-02,SINCLAIR,
2026-01-05,SINCLAIR,
2026-01-06,SINCLAIR,
2026-01-07,SINCLAIR,
2026-01-08,SINCLAIR,
2026-01-09,SINCLAIR,
2026-01-12,SINCLAIR,
2026-01-13,SINCLAIR,
2026-01-14,SINCLAIR,
2026-01-16,SINCLAIR,
2026-01-19,SINCLAIR,
2026-01-20,SINCLAIR,
2026-01-21,SINCLAIR,
2026-01-22,SINCLAIR,
2026-01-23,SINCLAIR,
2026-01-27,SINCLAIR,
2026-01-28,SINCLAIR,
2026-01-29,SINCLAIR,
2026-01-30,SINCLAIR,
2026-02-02,SINCLAIR,
2026-02-03,SINCLAIR,
2026-02-04,SINCLAIR,
2026-02-05,SINCLAIR,
2026-02-06,SINCLAIR,
2026-02-09,SINCLAIR,
2026-02-10,SINCLAIR,
2026-02-11,SINCLAIR,
2026-02-12,SINCLAIR,
2026-02-13,SINCLAIR,
2026-02-16,SINCLAIR,
2026-02-17,SINCLAIR,
2026-02-18,SINCLAIR,
2026-02-19,SINCLAIR,
2026-02-20,SINCLAIR,
2026-02-23,SINCLAIR,
2026-02-24,SINCLAIR,
2026-02-25,SINCLAIR,
2026-02-26,SINCLAIR,
2026-02-27,SINCLAIR,
2026-03-02,SINCLAIR,
2026-03-04,SINCLAIR,
2026-03-05,SINCLAIR,
2026-03-06,SINCLAIR,
2026-03-09,SINCLAIR,
2026-03-10,SINCLAIR,
2026-03-11,SINCLAIR,
2026-03-12,SINCLAIR,
2026-03-13,SINCLAIR,
2026-03-16,SINCLAIR,
2026-03-17,SINCLAIR,
2026-03-18,SINCLAIR,
2026-03-19,SINCLAIR,
2026-03-20,SINCLAIR,
2026-03-23,SINCLAIR,
2026-03-24,SINCLAIR,
2026-03-25,SINCLAIR,
2026-03-27,SINCLAIR,
2026-03-30,SINCLAIR,
2026-04-01,SINCLAIR,
2026-04-02,SINCLAIR,
2026-04-06,SINCLAIR,
2026-04-07,SINCLAIR,
2026-04-08,SINCLAIR,
2026-04-09,SINCLAIR,
2026-04-10,SINCLAIR,
2026-04-13,SINCLAIR,
2026-04-15,SINCLAIR,
2026-04-16,SINCLAIR,
2026-04-17,SINCLAIR,
2026-04-20,SINCLAIR,
2026-04-21,SINCLAIR,
2026-04-22,SINCLAIR,
2026-04-23,SINCLAIR,
2026-04-24,SINCLAIR,
2026-04-27,SINCLAIR,
2026-04-28,SINCLAIR,
2026-04-29,SINCLAIR,
2026-04-30,SINCLAIR,
2026-05-04,SINCLAIR,
2026-05-05,SINCLAIR,
2026-05-06,SINCLAIR,
2026-05-07,SINCLAIR,
2026-05-08,SINCLAIR,
2026-05-11,SINCLAIR,
2026-05-12,SINCLAIR,
2026-05-13,SINCLAIR,
2026-05-14,SINCLAIR,
2026-05-15,SINCLAIR,
2026-05-18,SINCLAIR,
2026-05-19,SINCLAIR,
2026-05-20,SINCLAIR,
2026-05-21,SINCLAIR,
2026-05-22,SINCLAIR,
2026-05-25,SINCLAIR,
2026-05-26,SINCLAIR,
2026-05-27,SINCLAIR,
2026-05-29,SINCLAIR,
2026-06-01,SINCLAIR,
2026-06-02,SINCLAIR,
2026-06-03,SINCLAIR,
2026-06-04,SINCLAIR,
2026-06-05,SINCLAIR,
2026-06-08,SINCLAIR,
2026-06-09,SINCLAIR,
2026-06-10,SINCLAIR,
2026-06-11,SINCLAIR,
2026-06-12,SINCLAIR,
2026-06-15,SINCLAIR,
2026-06-16,SINCLAIR,
2026-06-17,SINCLAIR,
2026-06-18,SINCLAIR,
2026-06-19,SINCLAIR,
2026-06-22,SINCLAIR,
2026-06-23,SINCLAIR,
2026-06-24,SINCLAIR,
2026-06-25,SINCLAIR,
2026-06-29,SINCLAIR,
2026-06-30,SINCLAIR,
2026-07-01,SINCLAIR,
2026-07-02,SINCLAIR,
2026-07-03,SINCLAIR,
2026-07-06,SINCLAIR,
2026-07-07,SINCLAIR,
2026-07-08,SINCLAIR,
2026-07-09,SINCLAIR,
2026-07-10,SINCLAIR,
2026-07-13,SINCLAIR,
2026-07-14,SINCLAIR,
2026-07-15,SINCLAIR,
2026-07-16,SINCLAIR,
2026-07-17,SINCLAIR,
2026-07-20,SINCLAIR,
2026-07-21,SINCLAIR,
2026-07-22,SINCLAIR,
2026-07-23,SINCLAIR,
2026-07-24,SINCLAIR,
2026-07-27,SINCLAIR,
2026-07-28,SINCLAIR,
2026-07-29,SINCLAIR,
2026-07-30,SINCLAIR,
2026-07-31,SINCLAIR,
2026-08-03,SINCLAIR,
2026-08-04,SINCLAIR,
2026-08-05,SINCLAIR,
2026-08-06,SINCLAIR,
2026-08-07,SINCLAIR,
2026-08-10,SINCLAIR,
2026-08-11,SINCLAIR,
2026-08-12,SINCLAIR,
2026-08-13,SINCLAIR,
2026-08-14,SINCLAIR,
2026-08-17,SINCLAIR,
2026-08-18,SINCLAIR,
2026-08-19,SINCLAIR,
2026-08-20,SINCLAIR,
2026-08-21,SINCLAIR,
2026-08-24,SINCLAIR,
2026-08-25,SINCLAIR,
2026-08-26,SINCLAIR,
2026-08-27,SINCLAIR,
2026-08-28,SINCLAIR,79.7763
2026-08-31,SINCLAIR,79.7763
2026-09-01,SINCLAIR,80.1283
2026-09-02,SINCLAIR,80.1283
2026-09-03,SINCLAIR,80.5433
2026-09-04,SINCLAIR,80.6621
2026-09-07,SINCLAIR,80.6621
2026-09-08,SINCLAIR,81.1286
2026-09-09,SINCLAIR,81.1971
2026-09-10,SINCLAIR,81.1971
2026-09-11,SINCLAIR,81.1971
2026-09-15,SINCLAIR,81.112
2026-09-16,SINCLAIR,81.112
2026-09-17,SINCLAIR,81.112
2026-09-18,SINCLAIR,81.112
2026-09-21,SINCLAIR,81.112
2026-09-22,SINCLAIR,81.112
2026-09-23,SINCLAIR,81.112
2026-09-24,SINCLAIR,81.112
2025-09-10,SRGHFL,
2025-09-11,SRGHFL,
2025-09-12,SRGHFL,
2025-09-15,SRGHFL,
2025-09-16,SRGHFL,
2025-09-17,SRGHFL,
2025-09-18,SRGHFL,
2025-09-19,SRGHFL,
2025-09-22,SRGHFL,
2025-09-23,SRGHFL,
2025-09-24,SRGHFL,
2025-09-25,SRGHFL,
2025-09-26,SRGHFL,
2025-09-29,SRGHFL,
2025-09-30,SRGHFL,
2025-10-01,SRGHFL,
2025-10-03,SRGHFL,
2025-10-06,SRGHFL,
2025-10-07,SRGHFL,
2025-10-08,SRGHFL,
2025-10-09,SRGHFL,
2025-10-10,SRGHFL,
2025-10-13,SRGHFL,
2025-10-14,SRGHFL,
2025-10-15,SRGHFL,
2025-10-16,SRGHFL,
2025-10-17,SRGHFL,
2025-10-20,SRGHFL,
2025-10-21,SRGHFL,
2025-10-23,SRGHFL,
2025-10-24,SRGHFL,
2025-10-27,SRGHFL,
2025-10-28,SRGHFL,
2025-10-29,SRGHFL,
2025-10-30,SRGHFL,
2025-10-31,SRGHFL,
2025-11-03,SRGHFL,
2025-11-04,SRGHFL,
2025-11-06,SRGHFL,
2025-11-07,SRGHFL,
2025-11-10,SRGHFL,
2025-11-11,SRGHFL,
2025-11-12,SRGHFL,
2025-11-13,SRGHFL,
2025-11-14,SRGHFL,
2025-11-17,SRGHFL,
2025-11-18,SRGHFL,
2025-11-19,SRGHFL,
2025-11-20,SRGHFL,
2025-11-21,SRGHFL,
2025-11-24,SRGHFL,
2025-11-25,SRGHFL,
2025-11-26,SRGHFL,
2025-11-27,SRGHFL,
2025-11-28,SRGHFL,
2025-12-01,SRGHFL,
2025-12-02,SRGHFL,
2025-12-03,SRGHFL,
2025-12-04,SRGHFL,
2025-12-05,SRGHFL,
2025-12-08,SRGHFL,
2025-12-09,SRGHFL,
2025-12-10,SRGHFL,
2025-12-11,SRGHFL,
2025-12-12,SRGHFL,
2025-12-15,SRGHFL,
2025-12-16,SRGHFL,
2025-12-17,SRGHFL,
2025-12-19,SRGHFL,
2025-12-22,SRGHFL,
2025-12-23,SRGHFL,
2025-12-24,SRGHFL,
2025-12-26,SRGHFL,
2025-12-29,SRGHFL,
2025-12-30,SRGHFL,
2025-12-31,SRGHFL,
2026-01-01,SRGHFL,
2026-01-02,SRGHFL,
2026-01-05,SRGHFL,
2026-01-06,SRGHFL,
2026-01-07,SRGHFL,
2026-01-08,SRGHFL,
2026-01-09,SRGHFL,
2026-01-12,SRGHFL,
2026-01-13,SRGHFL,
2026-01-14,SRGHFL,
2026-01-16,SRGHFL,
2026-01-19,SRGHFL,
2026-01-20,SRGHFL,
2026-01-21,SRGHFL,
2026-01-22,SRGHFL,
2026-01-23,SRGHFL,
2026-01-27,SRGHFL,
2026-01-28,SRGHFL,
2026-01-29,SRGHFL,
2026-01-30,SRGHFL,
2026-02-02,SRGHFL,
2026-02-03,SRGHFL,
2026-02-04,SRGHFL,
2026-02-05,SRGHFL,
2026-02-06,SRGHFL,
2026-02-09,SRGHFL,
2026-02-10,SRGHFL,
2026-02-11,SRGHFL,
2026-02-12,SRGHFL,
2026-02-13,SRGHFL,
2026-02-16,SRGHFL,
2026-02-17,SRGHFL,
2026-02-18,SRGHFL,
2026-02-19,SRGHFL,
2026-02-20,SRGHFL,
2026-02-23,SRGHFL,
2026-02-24,SRGHFL,
2026-02-25,SRGHFL,
2026-02-26,SRGHFL,
2026-02-27,SRGHFL,
2026-03-02,SRGHFL,
2026-03-04,SRGHFL,
2026-03-05,SRGHFL,
2026-03-06,SRGHFL,
2026-03-09,SRGHFL,
2026-03-10,SRGHFL,
2026-03-11,SRGHFL,
2026-03-12,SRGHFL,
2026-03-13,SRGHFL,
2026-03-16,SRGHFL,
2026-03-17,SRGHFL,
2026-03-18,SRGHFL,
2026-03-19,SRGHFL,
2026-03-20,SRGHFL,
2026-03-23,SRGHFL,
2026-03-24,SRGHFL,
2026-03-25,SRGHFL,
2026-03-27,SRGHFL,
2026-03-30,SRGHFL,
2026-04-01,SRGHFL,
2026-04-02,SRGHFL,
2026-04-06,SRGHFL,
2026-04-07,SRGHFL,
2026-04-08,SRGHFL,
2026-04-09,SRGHFL,
2026-04-10,SRGHFL,
2026-04-13,SRGHFL,
2026-04-15,SRGHFL,
2026-04-16,SRGHFL,
2026-04-17,SRGHFL,
2026-04-20,SRGHFL,
2026-04-21,SRGHFL,
2026-04-22,SRGHFL,
2026-04-23,SRGHFL,
2026-04-24,SRGHFL,
2026-04-27,SRGHFL,
2026-04-28,SRGHFL,
2026-04-29,SRGHFL,
2026-04-30,SRGHFL,
2026-05-04,SRGHFL,
2026-05-05,SRGHFL,
2026-05-06,SRGHFL,
2026-05-07,SRGHFL,
2026-05-08,SRGHFL,
2026-05-11,SRGHFL,
2026-05-12,SRGHFL,
2026-05-13,SRGHFL,
2026-05-14,SRGHFL,
2026-05-15,SRGHFL,
2026-05-18,SRGHFL,
2026-05-19,SRGHFL,
2026-05-20,SRGHFL,
2026-05-21,SRGHFL,
2026-05-22,SRGHFL,
2026-05-25,SRGHFL,
2026-05-26,SRGHFL,
2026-05-27,SRGHFL,
2026-05-29,SRGHFL,
2026-06-01,SRGHFL,
2026-06-02,SRGHFL,
2026-06-03,SRGHFL,
2026-06-04,SRGHFL,
2026-06-05,SRGHFL,
2026-06-08,SRGHFL,
2026-06-09,SRGHFL,
2026-06-10,SRGHFL,
2026-06-11,SRGHFL,
2026-06-12,SRGHFL,
2026-06-15,SRGHFL,
2026-06-16,SRGHFL,
2026-06-17,SRGHFL,
2026-06-18,SRGHFL,
2026-06-19,SRGHFL,
2026-06-22,SRGHFL,
2026-06-23,SRGHFL,
2026-06-24,SRGHFL,
2026-06-25,SRGHFL,
2026-06-29,SRGHFL,
2026-06-30,SRGHFL,
2026-07-01,SRGHFL,
2026-07-02,SRGHFL,
2026-07-03,SRGHFL,
2026-07-06,SRGHFL,
2026-07-07,SRGHFL,
2026-07-08,SRGHFL,
2026-07-09,SRGHFL,
2026-07-10,SRGHFL,
2026-07-13,SRGHFL,
2026-07-14,SRGHFL,
2026-07-15,SRGHFL,
2026-07-16,SRGHFL,
2026-07-17,SRGHFL,
2026-07-20,SRGHFL,
2026-07-21,SRGHFL,
2026-07-22,SRGHFL,
2026-07-23,SRGHFL,
2026-07-24,SRGHFL,
2026-07-27,SRGHFL,
2026-07-28,SRGHFL,
2026-07-29,SRGHFL,
2026-07-30,SRGHFL,
2026-07-31,SRGHFL,
2026-08-03,SRGHFL,
2026-08-04,SRGHFL,
2026-08-05,SRGHFL,
2026-08-06,SRGHFL,
2026-08-07,SRGHFL,
2026-08-10,SRGHFL,
2026-08-11,SRGHFL,
2026-08-12,SRGHFL,
2026-08-13,SRGHFL,
2026-08-14,SRGHFL,
2026-08-17,SRGHFL,
2026-08-18,SRGHFL,
2026-08-19,SRGHFL,
2026-08-20,SRGHFL,
2026-08-21,SRGHFL,
2026-08-24,SRGHFL,
2026-08-25,SRGHFL,
2026-08-26,SRGHFL,
2026-08-27,SRGHFL,
2026-08-28,SRGHFL,
2026-08-31,SRGHFL,
2026-09-01,SRGHFL,
2026-09-02,SRGHFL,
2026-09-03,SRGHFL,
2026-09-04,SRGHFL,
2026-09-07,SRGHFL,
2026-09-08,SRGHFL,
2026-09-09,SRGHFL,
2026-09-10,SRGHFL,
2026-09-11,SRGHFL,
2026-09-15,SRGHFL,139.681
2026-09-16,SRGHFL,132.2027
2026-09-17,SRGHFL,132.2027
2026-09-18,SRGHFL,132.2027
2026-09-21,SRGHFL,132.2027
2026-09-22,SRGHFL,132.2027
2026-09-23,SRGHFL,132.2027
2026-09-24,SRGHFL,132.2027
2025-09-10,SRHHYPOLTD,
2025-09-11,SRHHYPOLTD,
2025-09-12,SRHHYPOLTD,
2025-09-15,SRHHYPOLTD,
2025-09-16,SRHHYPOLTD,
2025-09-17,SRHHYPOLTD,
2025-09-18,SRHHYPOLTD,
2025-09-19,SRHHYPOLTD,
2025-09-22,SRHHYPOLTD,
2025-09-23,SRHHYPOLTD,
2025-09-24,SRHHYPOLTD,
2025-09-25,SRHHYPOLTD,
2025-09-26,SRHHYPOLTD,
2025-09-29,SRHHYPOLTD,
2025-09-30,SRHHYPOLTD,
2025-10-01,SRHHYPOLTD,
2025-10-03,SRHHYPOLTD,
2025-10-06,SRHHYPOLTD,
2025-10-07,SRHHYPOLTD,
2025-10-08,SRHHYPOLTD,
2025-10-09,SRHHYPOLTD,
2025-10-10,SRHHYPOLTD,
2025-10-13,SRHHYPOLTD,
2025-10-14,SRHHYPOLTD,
2025-10-15,SRHHYPOLTD,
2025-10-16,SRHHYPOLTD,
2025-10-17,SRHHYPOLTD,
2025-10-20,SRHHYPOLTD,
2025-10-21,SRHHYPOLTD,
2025-10-23,SRHHYPOLTD,
2025-10-24,SRHHYPOLTD,
2025-10-27,SRHHYPOLTD,
2025-10-28,SRHHYPOLTD,
2025-10-29,SRHHYPOLTD,
2025-10-30,SRHHYPOLTD,
2025-10-31,SRHHYPOLTD,
2025-11-03,SRHHYPOLTD,
2025-11-04,SRHHYPOLTD,
2025-11-06,SRHHYPOLTD,
2025-11-07,SRHHYPOLTD,
2025-11-10,SRHHYPOLTD,
2025-11-11,SRHHYPOLTD,
2025-11-12,SRHHYPOLTD,
2025-11-13,SRHHYPOLTD,
2025-11-14,SRHHYPOLTD,
2025-11-17,SRHHYPOLTD,
2025-11-18,SRHHYPOLTD,
2025-11-19,SRHHYPOLTD,
2025-11-20,SRHHYPOLTD,
2025-11-21,SRHHYPOLTD,
2025-11-24,SRHHYPOLTD,
2025-11-25,SRHHYPOLTD,
2025-11-26,SRHHYPOLTD,
2025-11-27,SRHHYPOLTD,
2025-11-28,SRHHYPOLTD,
2025-12-01,SRHHYPOLTD,
2025-12-02,SRHHYPOLTD,
2025-12-03,SRHHYPOLTD,
2025-12-04,SRHHYPOLTD,
2025-12-05,SRHHYPOLTD,
2025-12-08,SRHHYPOLTD,
2025-12-09,SRHHYPOLTD,
2025-12-10,SRHHYPOLTD,
2025-12-11,SRHHYPOLTD,
2025-12-12,SRHHYPOLTD,
2025-12-15,SRHHYPOLTD,
2025-12-16,SRHHYPOLTD,
2025-12-17,SRHHYPOLTD,
2025-12-18,SRHHYPOLTD,
2025-12-19,SRHHYPOLTD,
2025-12-22,SRHHYPOLTD,
2025-12-23,SRHHYPOLTD,
2025-12-24,SRHHYPOLTD,
2025-12-26,SRHHYPOLTD,
2025-12-29,SRHHYPOLTD,
2025-12-30,SRHHYPOLTD,
2025-12-31,SRHHYPOLTD,
2026-01-01,SRHHYPOLTD,
2026-01-02,SRHHYPOLTD,
2026-01-05,SRHHYPOLTD,
2026-01-06,SRHHYPOLTD,
2026-01-07,SRHHYPOLTD,
2026-01-08,SRHHYPOLTD,
2026-01-09,SRHHYPOLTD,
2026-01-12,SRHHYPOLTD,
2026-01-13,SRHHYPOLTD,
2026-01-14,SRHHYPOLTD,
2026-01-16,SRHHYPOLTD,
2026-01-19,SRHHYPOLTD,
2026-01-20,SRHHYPOLTD,
2026-01-21,SRHHYPOLTD,
2026-01-22,SRHHYPOLTD,
2026-01-23,SRHHYPOLTD,
2026-01-27,SRHHYPOLTD,
2026-01-28,SRHHYPOLTD,
2026-01-29,SRHHYPOLTD,
2026-01-30,SRHHYPOLTD,
2026-02-02,SRHHYPOLTD,
2026-02-03,SRHHYPOLTD,
2026-02-04,SRHHYPOLTD,
2026-02-05,SRHHYPOLTD,
2026-02-06,SRHHYPOLTD,
2026-02-09,SRHHYPOLTD,
2026-02-10,SRHHYPOLTD,
2026-02-11,SRHHYPOLTD,
2026-02-12,SRHHYPOLTD,
2026-02-13,SRHHYPOLTD,
2026-02-16,SRHHYPOLTD,
2026-02-17,SRHHYPOLTD,
2026-02-18,SRHHYPOLTD,
2026-02-19,SRHHYPOLTD,
2026-02-20,SRHHYPOLTD,
2026-02-23,SRHHYPOLTD,
2026-02-24,SRHHYPOLTD,
2026-02-25,SRHHYPOLTD,
2026-02-26,SRHHYPOLTD,
2026-02-27,SRHHYPOLTD,
2026-03-02,SRHHYPOLTD,
2026-03-04,SRHHYPOLTD,
2026-03-05,SRHHYPOLTD,
2026-03-06,SRHHYPOLTD,
2026-03-09,SRHHYPOLTD,
2026-03-10,SRHHYPOLTD,
2026-03-11,SRHHYPOLTD,
2026-03-12,SRHHYPOLTD,
2026-03-13,SRHHYPOLTD,
2026-03-16,SRHHYPOLTD,
2026-03-17,SRHHYPOLTD,
2026-03-18,SRHHYPOLTD,
2026-03-19,SRHHYPOLTD,
2026-03-20,SRHHYPOLTD,
2026-03-23,SRHHYPOLTD,
2026-03-24,SRHHYPOLTD,
2026-03-25,SRHHYPOLTD,
2026-03-27,SRHHYPOLTD,
2026-03-30,SRHHYPOLTD,
2026-04-01,SRHHYPOLTD,
2026-04-02,SRHHYPOLTD,
2026-04-06,SRHHYPOLTD,
2026-04-07,SRHHYPOLTD,
2026-04-08,SRHHYPOLTD,
2026-04-09,SRHHYPOLTD,
2026-04-10,SRHHYPOLTD,
2026-04-13,SRHHYPOLTD,
2026-04-15,SRHHYPOLTD,
2026-04-16,SRHHYPOLTD,
2026-04-17,SRHHYPOLTD,
2026-04-20,SRHHYPOLTD,
2026-04-21,SRHHYPOLTD,
2026-04-22,SRHHYPOLTD,
2026-04-23,SRHHYPOLTD,
2026-04-24,SRHHYPOLTD,
2026-04-27,SRHHYPOLTD,
2026-04-28,SRHHYPOLTD,
2026-04-29,SRHHYPOLTD,
2026-04-30,SRHHYPOLTD,
2026-05-04,SRHHYPOLTD,
2026-05-05,SRHHYPOLTD,
2026-05-06,SRHHYPOLTD,
2026-05-07,SRHHYPOLTD,
2026-05-08,SRHHYPOLTD,
2026-05-11,SRHHYPOLTD,
2026-05-12,SRHHYPOLTD,
2026-05-13,SRHHYPOLTD,
2026-05-14,SRHHYPOLTD,
2026-05-15,SRHHYPOLTD,
2026-05-18,SRHHYPOLTD,
2026-05-19,SRHHYPOLTD,
2026-05-20,SRHHYPOLTD,
2026-05-21,SRHHYPOLTD,
2026-05-22,SRHHYPOLTD,
2026-05-25,SRHHYPOLTD,
2026-05-26,SRHHYPOLTD,
2026-05-27,SRHHYPOLTD,
2026-05-29,SRHHYPOLTD,
2026-06-01,SRHHYPOLTD,
2026-06-02,SRHHYPOLTD,
2026-06-03,SRHHYPOLTD,
2026-06-04,SRHHYPOLTD,
2026-06-05,SRHHYPOLTD,
2026-06-08,SRHHYPOLTD,
2026-06-09,SRHHYPOLTD,
2026-06-10,SRHHYPOLTD,
2026-06-11,SRHHYPOLTD,
2026-06-12,SRHHYPOLTD,
2026-06-15,SRHHYPOLTD,
2026-06-16,SRHHYPOLTD,
2026-06-17,SRHHYPOLTD,
2026-06-18,SRHHYPOLTD,
2026-06-19,SRHHYPOLTD,
2026-06-22,SRHHYPOLTD,
2026-06-23,SRHHYPOLTD,
2026-06-24,SRHHYPOLTD,
2026-06-25,SRHHYPOLTD,
2026-06-29,SRHHYPOLTD,
2026-06-30,SRHHYPOLTD,
2026-07-01,SRHHYPOLTD,
2026-07-02,SRHHYPOLTD,
2026-07-03,SRHHYPOLTD,
2026-07-06,SRHHYPOLTD,
2026-07-07,SRHHYPOLTD,
2026-07-08,SRHHYPOLTD,
2026-07-09,SRHHYPOLTD,
2026-07-10,SRHHYPOLTD,
2026-07-13,SRHHYPOLTD,
2026-07-14,SRHHYPOLTD,
2026-07-15,SRHHYPOLTD,
2026-07-16,SRHHYPOLTD,
2026-07-17,SRHHYPOLTD,
2026-07-20,SRHHYPOLTD,
2026-07-21,SRHHYPOLTD,
2026-07-22,SRHHYPOLTD,
2026-07-23,SRHHYPOLTD,
2026-07-24,SRHHYPOLTD,
2026-07-27,SRHHYPOLTD,
2026-07-28,SRHHYPOLTD,
2026-07-29,SRHHYPOLTD,
2026-07-30,SRHHYPOLTD,
2026-07-31,SRHHYPOLTD,
2026-08-03,SRHHYPOLTD,
2026-08-04,SRHHYPOLTD,
2026-08-05,SRHHYPOLTD,
2026-08-06,SRHHYPOLTD,
2026-08-07,SRHHYPOLTD,
2026-08-10,SRHHYPOLTD,
2026-08-11,SRHHYPOLTD,
2026-08-12,SRHHYPOLTD,
2026-08-13,SRHHYPOLTD,
2026-08-14,SRHHYPOLTD,
2026-08-17,SRHHYPOLTD,
2026-08-18,SRHHYPOLTD,
2026-08-19,SRHHYPOLTD,
2026-08-20,SRHHYPOLTD,
2026-08-21,SRHHYPOLTD,
2026-08-24,SRHHYPOLTD,
2026-08-25,SRHHYPOLTD,
2026-08-26,SRHHYPOLTD,473.208
2026-08-27,SRHHYPOLTD,471.6494
2026-08-28,SRHHYPOLTD,471.9183
2026-08-31,SRHHYPOLTD,476.8095
2026-09-01,SRHHYPOLTD,479.6864
2026-09-02,SRHHYPOLTD,482.2203
2026-09-03,SRHHYPOLTD,482.3635
2026-09-04,SRHHYPOLTD,482.3635
2026-09-07,SRHHYPOLTD,486.5779
2026-09-08,SRHHYPOLTD,495.4317
2026-09-09,SRHHYPOLTD,499.3018
2026-09-10,SRHHYPOLTD,503.4453
2026-09-11,SRHHYPOLTD,505.3685
2026-09-15,SRHHYPOLTD,507.4264
2026-09-16,SRHHYPOLTD,507.1873
2026-09-17,SRHHYPOLTD,508.0821
2026-09-18,SRHHYPOLTD,509.4763
2026-09-21,SRHHYPOLTD,510.938
2026-09-22,SRHHYPOLTD,510.938
2026-09-23,SRHHYPOLTD,510.938
2026-09-24,SRHHYPOLTD,510.938
2025-09-10,STEL,
2025-09-11,STEL,
2025-09-12,STEL,
2025-09-15,STEL,
2025-09-16,STEL,
2025-09-17,STEL,
2025-09-18,STEL,
2025-09-19,STEL,
2025-09-22,STEL,
2025-09-23,STEL,
2025-09-24,STEL,
2025-09-25,STEL,
2025-09-26,STEL,
2025-09-29,STEL,
2025-09-30,STEL,
2025-10-01,STEL,
2025-10-03,STEL,
2025-10-06,STEL,
2025-10-07,STEL,
2025-10-08,STEL,
2025-10-09,STEL,
2025-10-10,STEL,
2025-10-13,STEL,
2025-10-14,STEL,
2025-10-15,STEL,
2025-10-16,STEL,
2025-10-17,STEL,
2025-10-20,STEL,
2025-10-21,STEL,
2025-10-23,STEL,
2025-10-24,STEL,
2025-10-27,STEL,
2025-10-28,STEL,
2025-10-29,STEL,
2025-10-30,STEL,
2025-10-31,STEL,
2025-11-03,STEL,
2025-11-04,STEL,
2025-11-06,STEL,
2025-11-07,STEL,
2025-11-10,STEL,
2025-11-11,STEL,
2025-11-12,STEL,
2025-11-13,STEL,
2025-11-14,STEL,
2025-11-17,STEL,
2025-11-18,STEL,
2025-11-19,STEL,
2025-11-20,STEL,
2025-11-21,STEL,
2025-11-24,STEL,
2025-11-25,STEL,
2025-11-26,STEL,
2025-11-27,STEL,
2025-11-28,STEL,
2025-12-01,STEL,
2025-12-02,STEL,
2025-12-03,STEL,
2025-12-04,STEL,
2025-12-05,STEL,
2025-12-08,STEL,
2025-12-09,STEL,
2025-12-10,STEL,
2025-12-11,STEL,
2025-12-12,STEL,
2025-12-15,STEL,
2025-12-16,STEL,
2025-12-17,STEL,
2025-12-18,STEL,
2025-12-19,STEL,
2025-12-22,STEL,
2025-12-23,STEL,
2025-12-24,STEL,
2025-12-26,STEL,
2025-12-29,STEL,
2025-12-30,STEL,
2025-12-31,STEL,
2026-01-01,STEL,
2026-01-02,STEL,
2026-01-05,STEL,
2026-01-06,STEL,
2026-01-07,STEL,
2026-01-08,STEL,
2026-01-09,STEL,
2026-01-12,STEL,
2026-01-13,STEL,
2026-01-14,STEL,
2026-01-16,STEL,
2026-01-19,STEL,
2026-01-20,STEL,
2026-01-21,STEL,
2026-01-22,STEL,
2026-01-23,STEL,
2026-01-27,STEL,
2026-01-28,STEL,
2026-01-29,STEL,
2026-01-30,STEL,
2026-02-02,STEL,
2026-02-03,STEL,
2026-02-04,STEL,
2026-02-05,STEL,
2026-02-06,STEL,
2026-02-09,STEL,
2026-02-10,STEL,
2026-02-11,STEL,
2026-02-12,STEL,
2026-02-13,STEL,
2026-02-16,STEL,
2026-02-17,STEL,
2026-02-18,STEL,
2026-02-19,STEL,
2026-02-20,STEL,
2026-02-23,STEL,
2026-02-24,STEL,
2026-02-25,STEL,
2026-02-26,STEL,
2026-02-27,STEL,
2026-03-02,STEL,
2026-03-04,STEL,
2026-03-05,STEL,
2026-03-06,STEL,
2026-03-09,STEL,
2026-03-10,STEL,
2026-03-11,STEL,
2026-03-12,STEL,
2026-03-13,STEL,
2026-03-16,STEL,
2026-03-17,STEL,
2026-03-18,STEL,
2026-03-19,STEL,
2026-03-20,STEL,
2026-03-23,STEL,
2026-03-24,STEL,
2026-03-25,STEL,
2026-03-27,STEL,
2026-03-30,STEL,
2026-04-01,STEL,
2026-04-02,STEL,
2026-04-06,STEL,
2026-04-07,STEL,
2026-04-08,STEL,
2026-04-09,STEL,
2026-04-10,STEL,
2026-04-13,STEL,
2026-04-15,STEL,
2026-04-16,STEL,
2026-04-17,STEL,
2026-04-20,STEL,
2026-04-21,STEL,
2026-04-22,STEL,
2026-04-23,STEL,
2026-04-24,STEL,
2026-04-27,STEL,
2026-04-28,STEL,
2026-04-29,STEL,
2026-04-30,STEL,
2026-05-04,STEL,
2026-05-05,STEL,
2026-05-06,STEL,
2026-05-07,STEL,
2026-05-08,STEL,
2026-05-11,STEL,
2026-05-12,STEL,
2026-05-13,STEL,
2026-05-14,STEL,
2026-05-15,STEL,
2026-05-18,STEL,
2026-05-19,STEL,
2026-05-20,STEL,
2026-05-21,STEL,
2026-05-22,STEL,
2026-05-25,STEL,
2026-05-26,STEL,
2026-05-27,STEL,
2026-05-29,STEL,
2026-06-01,STEL,
2026-06-02,STEL,
2026-06-03,STEL,
2026-06-04,STEL,
2026-06-05,STEL,
2026-06-08,STEL,
2026-06-09,STEL,
2026-06-10,STEL,
2026-06-11,STEL,
2026-06-12,STEL,
2026-06-15,STEL,
2026-06-16,STEL,
2026-06-17,STEL,
2026-06-18,STEL,
2026-06-19,STEL,598.5037
2026-06-22,STEL,598.5037
2026-06-23,STEL,602.4279
2026-06-24,STEL,606.3084
2026-06-25,STEL,607.3559
2026-06-29,STEL,607.3559
2026-06-30,STEL,607.3559
2026-07-01,STEL,607.3559
2026-07-02,STEL,607.3559
2026-07-03,STEL,607.3559
2026-07-06,STEL,607.3559
2026-07-07,STEL,607.3559
2026-07-08,STEL,607.3559
2026-07-09,STEL,607.3559
2026-07-10,STEL,607.3559
2026-07-13,STEL,607.3559
2026-07-14,STEL,607.3559
2026-07-15,STEL,607.3559
2026-07-16,STEL,607.3559
2026-07-17,STEL,607.3559
2026-07-20,STEL,607.3559
2026-07-21,STEL,607.3559
2026-07-22,STEL,607.3559
2026-07-23,STEL,607.3559
2026-07-24,STEL,607.3559
2026-07-27,STEL,607.3559
2026-07-28,STEL,607.3559
2026-07-29,STEL,607.3559
2026-07-30,STEL,607.3559
2026-07-31,STEL,607.3559
2026-08-03,STEL,607.3559
2026-08-04,STEL,607.3559
2026-08-05,STEL,607.3559
2026-08-06,STEL,607.3559
2026-08-07,STEL,607.3559
2026-08-10,STEL,607.3559
2026-08-11,STEL,607.3559
2026-08-12,STEL,607.3559
2026-08-13,STEL,607.3559
2026-08-14,STEL,606.31
2026-08-17,STEL,605.253
2026-08-18,STEL,601.626
2026-08-19,STEL,599.524
2026-08-20,STEL,598.8223
2026-08-21,STEL,599.0728
2026-08-24,STEL,605.0877
2026-08-25,STEL,605.206
2026-08-26,STEL,605.7086
2026-08-27,STEL,625.698
2026-08-28,STEL,625.6891
2026-08-31,STEL,628.0571
2026-09-01,STEL,628.0571
2026-09-02,STEL,628.0031
2026-09-03,STEL,628.0031
2026-09-04,STEL,628.0031
2026-09-07,STEL,628.0031
2026-09-08,STEL,628.0031
2026-09-09,STEL,627.4112
2026-09-10,STEL,626.1085
2026-09-11,STEL,625.3674
2026-09-15,STEL,624.8192
2026-09-16,STEL,623.3558
2026-09-17,STEL,623.346
2026-09-18,STEL,625.4146
2026-09-21,STEL,630.6688
2026-09-22,STEL,630.6688
2026-09-23,STEL,630.6688
2026-09-24,STEL,630.6688
2025-11-07,STUDDS,
2025-11-10,STUDDS,
2025-11-11,STUDDS,
2025-11-12,STUDDS,
2025-11-13,STUDDS,
2025-11-14,STUDDS,
2025-11-17,STUDDS,
2025-11-18,STUDDS,
2025-11-19,STUDDS,
2025-11-20,STUDDS,
2025-11-21,STUDDS,
2025-11-24,STUDDS,
2025-11-25,STUDDS,
2025-11-26,STUDDS,
2025-11-27,STUDDS,
2025-11-28,STUDDS,
2025-12-01,STUDDS,
2025-12-02,STUDDS,
2025-12-03,STUDDS,
2025-12-04,STUDDS,
2025-12-05,STUDDS,
2025-12-08,STUDDS,
2025-12-09,STUDDS,
2025-12-10,STUDDS,
2025-12-11,STUDDS,
2025-12-12,STUDDS,
2025-12-15,STUDDS,
2025-12-16,STUDDS,
2025-12-17,STUDDS,
2025-12-18,STUDDS,
2025-12-19,STUDDS,
2025-12-22,STUDDS,
2025-12-23,STUDDS,
2025-12-24,STUDDS,
2025-12-26,STUDDS,
2025-12-29,STUDDS,
2025-12-30,STUDDS,
2025-12-31,STUDDS,
2026-01-01,STUDDS,
2026-01-02,STUDDS,
2026-01-05,STUDDS,
2026-01-06,STUDDS,
2026-01-07,STUDDS,
2026-01-08,STUDDS,
2026-01-09,STUDDS,
2026-01-12,STUDDS,
2026-01-13,STUDDS,
2026-01-14,STUDDS,
2026-01-16,STUDDS,
2026-01-19,STUDDS,
2026-01-20,STUDDS,
2026-01-21,STUDDS,
2026-01-22,STUDDS,
2026-01-23,STUDDS,
2026-01-27,STUDDS,
2026-01-28,STUDDS,
2026-01-29,STUDDS,
2026-01-30,STUDDS,
2026-02-02,STUDDS,
2026-02-03,STUDDS,
2026-02-04,STUDDS,
2026-02-05,STUDDS,
2026-02-06,STUDDS,
2026-02-09,STUDDS,
2026-02-10,STUDDS,
2026-02-11,STUDDS,
2026-02-12,STUDDS,
2026-02-13,STUDDS,
2026-02-16,STUDDS,
2026-02-17,STUDDS,
2026-02-18,STUDDS,
2026-02-19,STUDDS,
2026-02-20,STUDDS,
2026-02-23,STUDDS,
2026-02-24,STUDDS,
2026-02-25,STUDDS,
2026-02-26,STUDDS,
2026-02-27,STUDDS,
2026-03-02,STUDDS,
2026-03-04,STUDDS,
2026-03-05,STUDDS,
2026-03-06,STUDDS,
2026-03-09,STUDDS,
2026-03-10,STUDDS,
2026-03-11,STUDDS,
2026-03-12,STUDDS,
2026-03-13,STUDDS,
2026-03-16,STUDDS,
2026-03-17,STUDDS,
2026-03-18,STUDDS,
2026-03-19,STUDDS,
2026-03-20,STUDDS,
2026-03-23,STUDDS,
2026-03-24,STUDDS,
2026-03-25,STUDDS,
2026-03-27,STUDDS,
2026-03-30,STUDDS,
2026-04-01,STUDDS,
2026-04-02,STUDDS,
2026-04-06,STUDDS,
2026-04-07,STUDDS,
2026-04-08,STUDDS,
2026-04-09,STUDDS,
2026-04-10,STUDDS,
2026-04-13,STUDDS,
2026-04-15,STUDDS,
2026-04-16,STUDDS,
2026-04-17,STUDDS,
2026-04-20,STUDDS,
2026-04-21,STUDDS,
2026-04-22,STUDDS,
2026-04-23,STUDDS,
2026-04-24,STUDDS,
2026-04-27,STUDDS,
2026-04-28,STUDDS,
2026-04-29,STUDDS,
2026-04-30,STUDDS,
2026-05-04,STUDDS,
2026-05-05,STUDDS,
2026-05-06,STUDDS,
2026-05-07,STUDDS,
2026-05-08,STUDDS,
2026-05-11,STUDDS,
2026-05-12,STUDDS,
2026-05-13,STUDDS,
2026-05-14,STUDDS,
2026-05-15,STUDDS,
2026-05-18,STUDDS,
2026-05-19,STUDDS,
2026-05-20,STUDDS,
2026-05-21,STUDDS,
2026-05-22,STUDDS,
2026-05-25,STUDDS,
2026-05-26,STUDDS,
2026-05-27,STUDDS,
2026-05-29,STUDDS,
2026-06-01,STUDDS,
2026-06-02,STUDDS,
2026-06-03,STUDDS,
2026-06-04,STUDDS,
2026-06-05,STUDDS,
2026-06-08,STUDDS,
2026-06-09,STUDDS,
2026-06-10,STUDDS,
2026-06-11,STUDDS,
2026-06-12,STUDDS,
2026-06-15,STUDDS,
2026-06-16,STUDDS,
2026-06-17,STUDDS,
2026-06-18,STUDDS,
2026-06-19,STUDDS,
2026-06-22,STUDDS,
2026-06-23,STUDDS,
2026-06-24,STUDDS,
2026-06-25,STUDDS,
2026-06-29,STUDDS,
2026-06-30,STUDDS,
2026-07-01,STUDDS,
2026-07-02,STUDDS,
2026-07-03,STUDDS,
2026-07-06,STUDDS,
2026-07-07,STUDDS,
2026-07-08,STUDDS,
2026-07-09,STUDDS,
2026-07-10,STUDDS,
2026-07-13,STUDDS,
2026-07-14,STUDDS,
2026-07-15,STUDDS,
2026-07-16,STUDDS,
2026-07-17,STUDDS,
2026-07-20,STUDDS,
2026-07-21,STUDDS,
2026-07-22,STUDDS,
2026-07-23,STUDDS,
2026-07-24,STUDDS,
2026-07-27,STUDDS,
2026-07-28,STUDDS,
2026-07-29,STUDDS,
2026-07-30,STUDDS,
2026-07-31,STUDDS,
2026-08-03,STUDDS,
2026-08-04,STUDDS,
2026-08-05,STUDDS,
2026-08-06,STUDDS,
2026-08-07,STUDDS,
2026-08-10,STUDDS,
2026-08-11,STUDDS,
2026-08-12,STUDDS,
2026-08-13,STUDDS,
2026-08-14,STUDDS,
2026-08-17,STUDDS,
2026-08-18,STUDDS,
2026-08-19,STUDDS,
2026-08-20,STUDDS,
2026-08-21,STUDDS,
2026-08-24,STUDDS,
2026-08-25,STUDDS,
2026-08-26,STUDDS,
2026-08-27,STUDDS,
2026-08-28,STUDDS,
2026-08-31,STUDDS,
2026-09-01,STUDDS,
2026-09-02,STUDDS,
2026-09-03,STUDDS,
2026-09-04,STUDDS,
2026-09-07,STUDDS,
2026-09-08,STUDDS,
2026-09-09,STUDDS,
2026-09-10,STUDDS,
2026-09-11,STUDDS,417.3422
2026-09-15,STUDDS,417.3422
2026-09-16,STUDDS,417.3422
2026-09-17,STUDDS,417.3422
2026-09-18,STUDDS,417.3422
2026-09-21,STUDDS,417.3422
2026-09-22,STUDDS,417.3422
2026-09-23,STUDDS,417.3422
2026-09-24,STUDDS,417.3422
2025-09-10,TAINWALCHM,
2025-09-11,TAINWALCHM,
2025-09-12,TAINWALCHM,
2025-09-15,TAINWALCHM,
2025-09-16,TAINWALCHM,
2025-09-17,TAINWALCHM,
2025-09-18,TAINWALCHM,
2025-09-19,TAINWALCHM,
2025-09-22,TAINWALCHM,
2025-09-23,TAINWALCHM,
2025-09-24,TAINWALCHM,
2025-09-25,TAINWALCHM,
2025-09-26,TAINWALCHM,
2025-09-29,TAINWALCHM,
2025-09-30,TAINWALCHM,
2025-10-01,TAINWALCHM,
2025-10-03,TAINWALCHM,
2025-10-06,TAINWALCHM,
2025-10-07,TAINWALCHM,
2025-10-08,TAINWALCHM,
2025-10-09,TAINWALCHM,
2025-10-10,TAINWALCHM,
2025-10-13,TAINWALCHM,
2025-10-14,TAINWALCHM,
2025-10-15,TAINWALCHM,
2025-10-16,TAINWALCHM,
2025-10-17,TAINWALCHM,
2025-10-20,TAINWALCHM,
2025-10-21,TAINWALCHM,
2025-10-23,TAINWALCHM,
2025-10-24,TAINWALCHM,
2025-10-27,TAINWALCHM,
2025-10-28,TAINWALCHM,
2025-10-29,TAINWALCHM,
2025-10-30,TAINWALCHM,
2025-10-31,TAINWALCHM,
2025-11-03,TAINWALCHM,
2025-11-04,TAINWALCHM,
2025-11-06,TAINWALCHM,
2025-11-07,TAINWALCHM,
2025-11-10,TAINWALCHM,
2025-11-11,TAINWALCHM,
2025-11-12,TAINWALCHM,
2025-11-13,TAINWALCHM,
2025-11-14,TAINWALCHM,
2025-11-17,TAINWALCHM,
2025-11-18,TAINWALCHM,
2025-11-19,TAINWALCHM,
2025-11-20,TAINWALCHM,
2025-11-21,TAINWALCHM,
2025-11-24,TAINWALCHM,
2025-11-25,TAINWALCHM,
2025-11-26,TAINWALCHM,
2025-11-27,TAINWALCHM,
2025-11-28,TAINWALCHM,
2025-12-01,TAINWALCHM,
2025-12-02,TAINWALCHM,
2025-12-03,TAINWALCHM,
2025-12-04,TAINWALCHM,
2025-12-05,TAINWALCHM,
2025-12-08,TAINWALCHM,
2025-12-09,TAINWALCHM,
2025-12-10,TAINWALCHM,
2025-12-11,TAINWALCHM,
2025-12-12,TAINWALCHM,
2025-12-15,TAINWALCHM,
2025-12-16,TAINWALCHM,
2025-12-17,TAINWALCHM,
2025-12-18,TAINWALCHM,
2025-12-19,TAINWALCHM,
2025-12-22,TAINWALCHM,
2025-12-23,TAINWALCHM,
2025-12-24,TAINWALCHM,
2025-12-26,TAINWALCHM,
2025-12-29,TAINWALCHM,
2025-12-30,TAINWALCHM,
2025-12-31,TAINWALCHM,
2026-01-01,TAINWALCHM,
2026-01-02,TAINWALCHM,
2026-01-05,TAINWALCHM,
2026-01-06,TAINWALCHM,
2026-01-07,TAINWALCHM,
2026-01-08,TAINWALCHM,
2026-01-09,TAINWALCHM,
2026-01-12,TAINWALCHM,
2026-01-13,TAINWALCHM,
2026-01-14,TAINWALCHM,
2026-01-16,TAINWALCHM,
2026-01-19,TAINWALCHM,
2026-01-20,TAINWALCHM,
2026-01-21,TAINWALCHM,
2026-01-22,TAINWALCHM,
2026-01-23,TAINWALCHM,
2026-01-27,TAINWALCHM,
2026-01-28,TAINWALCHM,
2026-01-29,TAINWALCHM,
2026-01-30,TAINWALCHM,
2026-02-02,TAINWALCHM,
2026-02-03,TAINWALCHM,
2026-02-04,TAINWALCHM,
2026-02-05,TAINWALCHM,
2026-02-06,TAINWALCHM,
2026-02-09,TAINWALCHM,
2026-02-10,TAINWALCHM,
2026-02-11,TAINWALCHM,
2026-02-12,TAINWALCHM,
2026-02-13,TAINWALCHM,
2026-02-16,TAINWALCHM,
2026-02-17,TAINWALCHM,
2026-02-18,TAINWALCHM,
2026-02-19,TAINWALCHM,
2026-02-20,TAINWALCHM,
2026-02-23,TAINWALCHM,
2026-02-24,TAINWALCHM,
2026-02-25,TAINWALCHM,
2026-02-26,TAINWALCHM,
2026-02-27,TAINWALCHM,
2026-03-02,TAINWALCHM,
2026-03-04,TAINWALCHM,
2026-03-05,TAINWALCHM,
2026-03-06,TAINWALCHM,
2026-03-09,TAINWALCHM,
2026-03-10,TAINWALCHM,
2026-03-11,TAINWALCHM,
2026-03-12,TAINWALCHM,
2026-03-13,TAINWALCHM,
2026-03-16,TAINWALCHM,
2026-03-17,TAINWALCHM,
2026-03-18,TAINWALCHM,
2026-03-19,TAINWALCHM,
2026-03-20,TAINWALCHM,
2026-03-23,TAINWALCHM,
2026-03-24,TAINWALCHM,
2026-03-25,TAINWALCHM,
2026-03-27,TAINWALCHM,
2026-03-30,TAINWALCHM,
2026-04-01,TAINWALCHM,
2026-04-02,TAINWALCHM,
2026-04-06,TAINWALCHM,
2026-04-07,TAINWALCHM,
2026-04-08,TAINWALCHM,
2026-04-09,TAINWALCHM,
2026-04-10,TAINWALCHM,
2026-04-13,TAINWALCHM,
2026-04-15,TAINWALCHM,
2026-04-16,TAINWALCHM,
2026-04-17,TAINWALCHM,
2026-04-20,TAINWALCHM,
2026-04-21,TAINWALCHM,
2026-04-22,TAINWALCHM,
2026-04-23,TAINWALCHM,
2026-04-24,TAINWALCHM,
2026-04-27,TAINWALCHM,
2026-04-28,TAINWALCHM,
2026-04-29,TAINWALCHM,
2026-04-30,TAINWALCHM,
2026-05-04,TAINWALCHM,
2026-05-05,TAINWALCHM,
2026-05-06,TAINWALCHM,
2026-05-07,TAINWALCHM,
2026-05-08,TAINWALCHM,
2026-05-11,TAINWALCHM,
2026-05-12,TAINWALCHM,
2026-05-13,TAINWALCHM,
2026-05-14,TAINWALCHM,
2026-05-15,TAINWALCHM,
2026-05-18,TAINWALCHM,
2026-05-19,TAINWALCHM,
2026-05-20,TAINWALCHM,
2026-05-21,TAINWALCHM,
2026-05-22,TAINWALCHM,
2026-05-25,TAINWALCHM,
2026-05-26,TAINWALCHM,
2026-05-27,TAINWALCHM,
2026-05-29,TAINWALCHM,
2026-06-01,TAINWALCHM,
2026-06-02,TAINWALCHM,
2026-06-03,TAINWALCHM,
2026-06-04,TAINWALCHM,
2026-06-05,TAINWALCHM,
2026-06-08,TAINWALCHM,
2026-06-09,TAINWALCHM,
2026-06-10,TAINWALCHM,
2026-06-11,TAINWALCHM,
2026-06-12,TAINWALCHM,
2026-06-15,TAINWALCHM,
2026-06-16,TAINWALCHM,
2026-06-17,TAINWALCHM,
2026-06-18,TAINWALCHM,
2026-06-19,TAINWALCHM,
2026-06-22,TAINWALCHM,
2026-06-23,TAINWALCHM,
2026-06-24,TAINWALCHM,
2026-06-25,TAINWALCHM,
2026-06-29,TAINWALCHM,
2026-06-30,TAINWALCHM,
2026-07-01,TAINWALCHM,
2026-07-02,TAINWALCHM,
2026-07-03,TAINWALCHM,
2026-07-06,TAINWALCHM,
2026-07-07,TAINWALCHM,
2026-07-08,TAINWALCHM,
2026-07-09,TAINWALCHM,
2026-07-10,TAINWALCHM,
2026-07-13,TAINWALCHM,
2026-07-14,TAINWALCHM,
2026-07-15,TAINWALCHM,
2026-07-16,TAINWALCHM,
2026-07-17,TAINWALCHM,
2026-07-20,TAINWALCHM,
2026-07-21,TAINWALCHM,
2026-07-22,TAINWALCHM,
2026-07-23,TAINWALCHM,
2026-07-24,TAINWALCHM,
2026-07-27,TAINWALCHM,
2026-07-28,TAINWALCHM,
2026-07-29,TAINWALCHM,
2026-07-30,TAINWALCHM,
2026-07-31,TAINWALCHM,
2026-08-03,TAINWALCHM,
2026-08-04,TAINWALCHM,
2026-08-05,TAINWALCHM,
2026-08-06,TAINWALCHM,
2026-08-07,TAINWALCHM,
2026-08-10,TAINWALCHM,
2026-08-11,TAINWALCHM,
2026-08-12,TAINWALCHM,
2026-08-13,TAINWALCHM,
2026-08-14,TAINWALCHM,
2026-08-17,TAINWALCHM,
2026-08-18,TAINWALCHM,207.7046
2026-08-19,TAINWALCHM,208.3057
2026-08-20,TAINWALCHM,208.3057
2026-08-21,TAINWALCHM,208.3057
2026-08-24,TAINWALCHM,208.3057
2026-08-25,TAINWALCHM,209.3784
2026-08-26,TAINWALCHM,209.9818
2026-08-27,TAINWALCHM,210.3505
2026-08-28,TAINWALCHM,210.3505
2026-08-31,TAINWALCHM,210.3505
2026-09-01,TAINWALCHM,210.3096
2026-09-02,TAINWALCHM,210.3096
2026-09-03,TAINWALCHM,210.3096
2026-09-04,TAINWALCHM,210.3096
2026-09-07,TAINWALCHM,210.5147
2026-09-08,TAINWALCHM,210.5147
2026-09-09,TAINWALCHM,210.9691
2026-09-10,TAINWALCHM,210.843
2026-09-11,TAINWALCHM,210.843
2026-09-15,TAINWALCHM,210.0472
2026-09-16,TAINWALCHM,210.0038
2026-09-17,TAINWALCHM,210.0036
2026-09-18,TAINWALCHM,210.0036
2026-09-21,TAINWALCHM,210.0036
2026-09-22,TAINWALCHM,210.0036
2026-09-23,TAINWALCHM,210.0036
2026-09-24,TAINWALCHM,210.0036
2025-09-10,THANGAMAYL,
2025-09-11,THANGAMAYL,
2025-09-12,THANGAMAYL,
2025-09-15,THANGAMAYL,
2025-09-16,THANGAMAYL,
2025-09-17,THANGAMAYL,
2025-09-18,THANGAMAYL,
2025-09-19,THANGAMAYL,
2025-09-22,THANGAMAYL,
2025-09-23,THANGAMAYL,
2025-09-24,THANGAMAYL,
2025-09-25,THANGAMAYL,
2025-09-26,THANGAMAYL,
2025-09-29,THANGAMAYL,
2025-09-30,THANGAMAYL,
2025-10-01,THANGAMAYL,
2025-10-03,THANGAMAYL,
2025-10-06,THANGAMAYL,
2025-10-07,THANGAMAYL,
2025-10-08,THANGAMAYL,
2025-10-09,THANGAMAYL,
2025-10-10,THANGAMAYL,
2025-10-13,THANGAMAYL,
2025-10-14,THANGAMAYL,
2025-10-15,THANGAMAYL,
2025-10-16,THANGAMAYL,
2025-10-17,THANGAMAYL,
2025-10-20,THANGAMAYL,
2025-10-21,THANGAMAYL,
2025-10-23,THANGAMAYL,
2025-10-24,THANGAMAYL,
2025-10-27,THANGAMAYL,
2025-10-28,THANGAMAYL,
2025-10-29,THANGAMAYL,
2025-10-30,THANGAMAYL,
2025-10-31,THANGAMAYL,
2025-11-03,THANGAMAYL,
2025-11-04,THANGAMAYL,
2025-11-06,THANGAMAYL,
2025-11-07,THANGAMAYL,
2025-11-10,THANGAMAYL,
2025-11-11,THANGAMAYL,
2025-11-12,THANGAMAYL,
2025-11-13,THANGAMAYL,
2025-11-14,THANGAMAYL,
2025-11-17,THANGAMAYL,
2025-11-18,THANGAMAYL,
2025-11-19,THANGAMAYL,
2025-11-20,THANGAMAYL,
2025-11-21,THANGAMAYL,
2025-11-24,THANGAMAYL,
2025-11-25,THANGAMAYL,
2025-11-26,THANGAMAYL,
2025-11-27,THANGAMAYL,
2025-11-28,THANGAMAYL,
2025-12-01,THANGAMAYL,
2025-12-02,THANGAMAYL,
2025-12-03,THANGAMAYL,
2025-12-04,THANGAMAYL,
2025-12-05,THANGAMAYL,
2025-12-08,THANGAMAYL,
2025-12-09,THANGAMAYL,
2025-12-10,THANGAMAYL,
2025-12-11,THANGAMAYL,
2025-12-12,THANGAMAYL,
2025-12-15,THANGAMAYL,
2025-12-16,THANGAMAYL,
2025-12-17,THANGAMAYL,
2025-12-18,THANGAMAYL,
2025-12-19,THANGAMAYL,
2025-12-22,THANGAMAYL,
2025-12-23,THANGAMAYL,
2025-12-24,THANGAMAYL,
2025-12-26,THANGAMAYL,
2025-12-29,THANGAMAYL,
2025-12-30,THANGAMAYL,
2025-12-31,THANGAMAYL,
2026-01-01,THANGAMAYL,
2026-01-02,THANGAMAYL,
2026-01-05,THANGAMAYL,
2026-01-06,THANGAMAYL,
2026-01-07,THANGAMAYL,
2026-01-08,THANGAMAYL,
2026-01-09,THANGAMAYL,
2026-01-12,THANGAMAYL,
2026-01-13,THANGAMAYL,
2026-01-14,THANGAMAYL,
2026-01-16,THANGAMAYL,
2026-01-19,THANGAMAYL,
2026-01-20,THANGAMAYL,
2026-01-21,THANGAMAYL,
2026-01-22,THANGAMAYL,
2026-01-23,THANGAMAYL,
2026-01-27,THANGAMAYL,
2026-01-28,THANGAMAYL,
2026-01-29,THANGAMAYL,
2026-01-30,THANGAMAYL,
2026-02-02,THANGAMAYL,
2026-02-03,THANGAMAYL,
2026-02-04,THANGAMAYL,
2026-02-05,THANGAMAYL,
2026-02-06,THANGAMAYL,
2026-02-09,THANGAMAYL,
2026-02-10,THANGAMAYL,
2026-02-11,THANGAMAYL,
2026-02-12,THANGAMAYL,
2026-02-13,THANGAMAYL,
2026-02-16,THANGAMAYL,
2026-02-17,THANGAMAYL,
2026-02-18,THANGAMAYL,
2026-02-19,THANGAMAYL,
2026-02-20,THANGAMAYL,
2026-02-23,THANGAMAYL,
2026-02-24,THANGAMAYL,
2026-02-25,THANGAMAYL,
2026-02-26,THANGAMAYL,
2026-02-27,THANGAMAYL,
2026-03-02,THANGAMAYL,
2026-03-04,THANGAMAYL,
2026-03-05,THANGAMAYL,
2026-03-06,THANGAMAYL,
2026-03-09,THANGAMAYL,
2026-03-10,THANGAMAYL,
2026-03-11,THANGAMAYL,
2026-03-12,THANGAMAYL,
2026-03-13,THANGAMAYL,
2026-03-16,THANGAMAYL,
2026-03-17,THANGAMAYL,
2026-03-18,THANGAMAYL,
2026-03-19,THANGAMAYL,
2026-03-20,THANGAMAYL,
2026-03-23,THANGAMAYL,
2026-03-24,THANGAMAYL,
2026-03-25,THANGAMAYL,
2026-03-27,THANGAMAYL,
2026-03-30,THANGAMAYL,
2026-04-01,THANGAMAYL,
2026-04-02,THANGAMAYL,
2026-04-06,THANGAMAYL,
2026-04-07,THANGAMAYL,
2026-04-08,THANGAMAYL,
2026-04-09,THANGAMAYL,
2026-04-10,THANGAMAYL,
2026-04-13,THANGAMAYL,
2026-04-15,THANGAMAYL,
2026-04-16,THANGAMAYL,
2026-04-17,THANGAMAYL,
2026-04-20,THANGAMAYL,
2026-04-21,THANGAMAYL,
2026-04-22,THANGAMAYL,
2026-04-23,THANGAMAYL,
2026-04-24,THANGAMAYL,
2026-04-27,THANGAMAYL,
2026-04-28,THANGAMAYL,
2026-04-29,THANGAMAYL,
2026-04-30,THANGAMAYL,
2026-05-04,THANGAMAYL,
2026-05-05,THANGAMAYL,
2026-05-06,THANGAMAYL,
2026-05-07,THANGAMAYL,
2026-05-08,THANGAMAYL,
2026-05-11,THANGAMAYL,
2026-05-12,THANGAMAYL,
2026-05-13,THANGAMAYL,
2026-05-14,THANGAMAYL,
2026-05-15,THANGAMAYL,
2026-05-18,THANGAMAYL,
2026-05-19,THANGAMAYL,
2026-05-20,THANGAMAYL,
2026-05-21,THANGAMAYL,
2026-05-22,THANGAMAYL,
2026-05-25,THANGAMAYL,
2026-05-26,THANGAMAYL,
2026-05-27,THANGAMAYL,
2026-05-29,THANGAMAYL,
2026-06-01,THANGAMAYL,
2026-06-02,THANGAMAYL,
2026-06-03,THANGAMAYL,
2026-06-04,THANGAMAYL,
2026-06-05,THANGAMAYL,
2026-06-08,THANGAMAYL,
2026-06-09,THANGAMAYL,
2026-06-10,THANGAMAYL,
2026-06-11,THANGAMAYL,
2026-06-12,THANGAMAYL,
2026-06-15,THANGAMAYL,
2026-06-16,THANGAMAYL,
2026-06-17,THANGAMAYL,
2026-06-18,THANGAMAYL,
2026-06-19,THANGAMAYL,
2026-06-22,THANGAMAYL,
2026-06-23,THANGAMAYL,
2026-06-24,THANGAMAYL,
2026-06-25,THANGAMAYL,
2026-06-29,THANGAMAYL,
2026-06-30,THANGAMAYL,
2026-07-01,THANGAMAYL,
2026-07-02,THANGAMAYL,
2026-07-03,THANGAMAYL,
2026-07-06,THANGAMAYL,
2026-07-07,THANGAMAYL,
2026-07-08,THANGAMAYL,
2026-07-09,THANGAMAYL,
2026-07-10,THANGAMAYL,
2026-07-13,THANGAMAYL,
2026-07-14,THANGAMAYL,
2026-07-15,THANGAMAYL,
2026-07-16,THANGAMAYL,
2026-07-17,THANGAMAYL,
2026-07-20,THANGAMAYL,
2026-07-21,THANGAMAYL,
2026-07-22,THANGAMAYL,
2026-07-23,THANGAMAYL,
2026-07-24,THANGAMAYL,
2026-07-27,THANGAMAYL,
2026-07-28,THANGAMAYL,
2026-07-29,THANGAMAYL,
2026-07-30,THANGAMAYL,
2026-07-31,THANGAMAYL,
2026-08-03,THANGAMAYL,
2026-08-04,THANGAMAYL,4810.6375
2026-08-05,THANGAMAYL,4810.6375
2026-08-06,THANGAMAYL,4870.6335
2026-08-07,THANGAMAYL,5085.3563
2026-08-10,THANGAMAYL,5085.3563
2026-08-11,THANGAMAYL,5085.3563
2026-08-12,THANGAMAYL,5085.3563
2026-08-13,THANGAMAYL,5085.3563
2026-08-14,THANGAMAYL,5085.3563
2026-08-17,THANGAMAYL,5085.3563
2026-08-18,THANGAMAYL,5085.3563
2026-08-19,THANGAMAYL,5085.3563
2026-08-20,THANGAMAYL,5085.3563
2026-08-21,THANGAMAYL,5085.3563
2026-08-24,THANGAMAYL,5187.2939
2026-08-25,THANGAMAYL,5187.2939
2026-08-26,THANGAMAYL,5187.2939
2026-08-27,THANGAMAYL,5187.2939
2026-08-28,THANGAMAYL,5187.2939
2026-08-31,THANGAMAYL,5198.756
2026-09-01,THANGAMAYL,5198.756
2026-09-02,THANGAMAYL,5198.756
2026-09-03,THANGAMAYL,5198.756
2026-09-04,THANGAMAYL,5198.756
2026-09-07,THANGAMAYL,5198.756
2026-09-08,THANGAMAYL,5198.756
2026-09-09,THANGAMAYL,5198.756
2026-09-10,THANGAMAYL,5198.756
2026-09-11,THANGAMAYL,5198.756
2026-09-15,THANGAMAYL,5198.756
2026-09-16,THANGAMAYL,5198.756
2026-09-17,THANGAMAYL,5198.756
2026-09-18,THANGAMAYL,5198.756
2026-09-21,THANGAMAYL,5198.756
2026-09-22,THANGAMAYL,5198.756
2026-09-23,THANGAMAYL,5198.756
2026-09-24,THANGAMAYL,5198.756
2025-09-18,TIGERLOGS,
2025-09-19,TIGERLOGS,
2025-09-22,TIGERLOGS,
2025-09-23,TIGERLOGS,
2025-09-24,TIGERLOGS,
2025-09-25,TIGERLOGS,
2025-09-26,TIGERLOGS,
2025-09-29,TIGERLOGS,
2025-09-30,TIGERLOGS,
2025-10-01,TIGERLOGS,
2025-10-03,TIGERLOGS,
2025-10-06,TIGERLOGS,
2025-10-07,TIGERLOGS,
2025-10-08,TIGERLOGS,
2025-10-09,TIGERLOGS,
2025-10-10,TIGERLOGS,
2025-10-13,TIGERLOGS,
2025-10-14,TIGERLOGS,
2025-10-15,TIGERLOGS,
2025-10-16,TIGERLOGS,
2025-10-17,TIGERLOGS,
2025-10-20,TIGERLOGS,
2025-10-21,TIGERLOGS,
2025-10-23,TIGERLOGS,
2025-10-24,TIGERLOGS,
2025-10-27,TIGERLOGS,
2025-10-28,TIGERLOGS,
2025-10-29,TIGERLOGS,
2025-10-30,TIGERLOGS,
2025-10-31,TIGERLOGS,
2025-11-03,TIGERLOGS,
2025-11-04,TIGERLOGS,
2025-11-06,TIGERLOGS,
2025-11-07,TIGERLOGS,
2025-11-10,TIGERLOGS,
2025-11-11,TIGERLOGS,
2025-11-12,TIGERLOGS,
2025-11-13,TIGERLOGS,
2025-11-14,TIGERLOGS,
2025-11-17,TIGERLOGS,
2025-11-18,TIGERLOGS,
2025-11-19,TIGERLOGS,
2025-11-20,TIGERLOGS,
2025-11-21,TIGERLOGS,
2025-11-24,TIGERLOGS,
2025-11-25,TIGERLOGS,
2025-11-26,TIGERLOGS,
2025-11-27,TIGERLOGS,
2025-11-28,TIGERLOGS,
2025-12-01,TIGERLOGS,
2025-12-02,TIGERLOGS,
2025-12-03,TIGERLOGS,
2025-12-04,TIGERLOGS,
2025-12-05,TIGERLOGS,
2025-12-08,TIGERLOGS,
2025-12-09,TIGERLOGS,
2025-12-10,TIGERLOGS,
2025-12-11,TIGERLOGS,
2025-12-12,TIGERLOGS,
2025-12-15,TIGERLOGS,
2025-12-16,TIGERLOGS,
2025-12-17,TIGERLOGS,
2025-12-18,TIGERLOGS,
2025-12-19,TIGERLOGS,
2025-12-22,TIGERLOGS,
2025-12-23,TIGERLOGS,
2025-12-24,TIGERLOGS,
2025-12-26,TIGERLOGS,
2025-12-29,TIGERLOGS,
2025-12-30,TIGERLOGS,
2025-12-31,TIGERLOGS,
2026-01-01,TIGERLOGS,
2026-01-02,TIGERLOGS,
2026-01-05,TIGERLOGS,
2026-01-06,TIGERLOGS,
2026-01-07,TIGERLOGS,
2026-01-08,TIGERLOGS,
2026-01-09,TIGERLOGS,
2026-01-12,TIGERLOGS,
2026-01-13,TIGERLOGS,
2026-01-14,TIGERLOGS,
2026-01-16,TIGERLOGS,
2026-01-19,TIGERLOGS,
2026-01-20,TIGERLOGS,
2026-01-21,TIGERLOGS,
2026-01-22,TIGERLOGS,
2026-01-23,TIGERLOGS,
2026-01-27,TIGERLOGS,
2026-01-28,TIGERLOGS,
2026-01-29,TIGERLOGS,
2026-01-30,TIGERLOGS,
2026-02-02,TIGERLOGS,
2026-02-03,TIGERLOGS,
2026-02-04,TIGERLOGS,
2026-02-05,TIGERLOGS,
2026-02-06,TIGERLOGS,
2026-02-09,TIGERLOGS,
2026-02-10,TIGERLOGS,
2026-02-11,TIGERLOGS,
2026-02-12,TIGERLOGS,
2026-02-13,TIGERLOGS,
2026-02-16,TIGERLOGS,
2026-02-17,TIGERLOGS,
2026-02-18,TIGERLOGS,
2026-02-19,TIGERLOGS,
2026-02-20,TIGERLOGS,
2026-02-23,TIGERLOGS,
2026-02-24,TIGERLOGS,
2026-02-25,TIGERLOGS,
2026-02-26,TIGERLOGS,
2026-02-27,TIGERLOGS,
2026-03-02,TIGERLOGS,
2026-03-04,TIGERLOGS,
2026-03-05,TIGERLOGS,
2026-03-06,TIGERLOGS,
2026-03-09,TIGERLOGS,
2026-03-10,TIGERLOGS,
2026-03-11,TIGERLOGS,
2026-03-12,TIGERLOGS,
2026-03-13,TIGERLOGS,
2026-03-16,TIGERLOGS,
2026-03-17,TIGERLOGS,
2026-03-18,TIGERLOGS,
2026-03-19,TIGERLOGS,
2026-03-20,TIGERLOGS,
2026-03-23,TIGERLOGS,
2026-03-24,TIGERLOGS,
2026-03-25,TIGERLOGS,
2026-03-27,TIGERLOGS,
2026-03-30,TIGERLOGS,
2026-04-01,TIGERLOGS,
2026-04-02,TIGERLOGS,
2026-04-06,TIGERLOGS,
2026-04-07,TIGERLOGS,
2026-04-08,TIGERLOGS,
2026-04-09,TIGERLOGS,
2026-04-10,TIGERLOGS,
2026-04-13,TIGERLOGS,
2026-04-15,TIGERLOGS,
2026-04-16,TIGERLOGS,
2026-04-17,TIGERLOGS,
2026-04-20,TIGERLOGS,
2026-04-21,TIGERLOGS,
2026-04-22,TIGERLOGS,
2026-04-23,TIGERLOGS,
2026-04-24,TIGERLOGS,
2026-04-27,TIGERLOGS,
2026-04-28,TIGERLOGS,
2026-04-29,TIGERLOGS,
2026-04-30,TIGERLOGS,
2026-05-04,TIGERLOGS,
2026-05-05,TIGERLOGS,
2026-05-06,TIGERLOGS,
2026-05-07,TIGERLOGS,
2026-05-08,TIGERLOGS,
2026-05-11,TIGERLOGS,
2026-05-12,TIGERLOGS,
2026-05-13,TIGERLOGS,
2026-05-14,TIGERLOGS,
2026-05-15,TIGERLOGS,
2026-05-18,TIGERLOGS,
2026-05-19,TIGERLOGS,
2026-05-20,TIGERLOGS,
2026-05-21,TIGERLOGS,
2026-05-22,TIGERLOGS,
2026-05-25,TIGERLOGS,
2026-05-26,TIGERLOGS,
2026-05-27,TIGERLOGS,
2026-05-29,TIGERLOGS,
2026-06-01,TIGERLOGS,
2026-06-02,TIGERLOGS,
2026-06-03,TIGERLOGS,
2026-06-04,TIGERLOGS,
2026-06-05,TIGERLOGS,
2026-06-08,TIGERLOGS,
2026-06-09,TIGERLOGS,
2026-06-10,TIGERLOGS,
2026-06-11,TIGERLOGS,
2026-06-12,TIGERLOGS,
2026-06-15,TIGERLOGS,
2026-06-16,TIGERLOGS,
2026-06-17,TIGERLOGS,
2026-06-18,TIGERLOGS,
2026-06-19,TIGERLOGS,
2026-06-22,TIGERLOGS,
2026-06-23,TIGERLOGS,38.7
2026-06-24,TIGERLOGS,38.4954
2026-06-25,TIGERLOGS,38.341
2026-06-29,TIGERLOGS,38.055
2026-06-30,TIGERLOGS,37.8658
2026-07-01,TIGERLOGS,37.8658
2026-07-02,TIGERLOGS,37.8658
2026-07-03,TIGERLOGS,37.8658
2026-07-06,TIGERLOGS,37.8658
2026-07-07,TIGERLOGS,37.8658
2026-07-08,TIGERLOGS,37.8658
2026-07-09,TIGERLOGS,37.8658
2026-07-10,TIGERLOGS,37.8658
2026-07-13,TIGERLOGS,37.8658
2026-07-14,TIGERLOGS,37.8658
2026-07-15,TIGERLOGS,37.8658
2026-07-16,TIGERLOGS,37.8658
2026-07-17,TIGERLOGS,37.8658
2026-07-20,TIGERLOGS,37.8658
2026-07-21,TIGERLOGS,37.8658
2026-07-22,TIGERLOGS,37.8658
2026-07-23,TIGERLOGS,37.8658
2026-07-24,TIGERLOGS,37.8658
2026-07-27,TIGERLOGS,37.8658
2026-07-28,TIGERLOGS,37.8658
2026-07-29,TIGERLOGS,37.8658
2026-07-30,TIGERLOGS,37.8658
2026-07-31,TIGERLOGS,37.8658
2026-08-03,TIGERLOGS,37.8658
2026-08-04,TIGERLOGS,37.8658
2026-08-05,TIGERLOGS,37.8658
2026-08-06,TIGERLOGS,37.8658
2026-08-07,TIGERLOGS,37.8658
2026-08-10,TIGERLOGS,37.8658
2026-08-11,TIGERLOGS,37.8658
2026-08-12,TIGERLOGS,37.8658
2026-08-13,TIGERLOGS,37.8658
2026-08-14,TIGERLOGS,37.8658
2026-08-17,TIGERLOGS,37.8658
2026-08-18,TIGERLOGS,37.8658
2026-08-19,TIGERLOGS,36.2341
2026-08-20,TIGERLOGS,35.1344
2026-08-21,TIGERLOGS,35.1344
2026-08-24,TIGERLOGS,34.4028
2026-08-25,TIGERLOGS,34.4028
2026-08-26,TIGERLOGS,34.4028
2026-08-27,TIGERLOGS,34.4028
2026-08-28,TIGERLOGS,34.4028
2026-08-31,TIGERLOGS,34.4028
2026-09-01,TIGERLOGS,34.4028
2026-09-02,TIGERLOGS,34.4028
2026-09-03,TIGERLOGS,34.4028
2026-09-04,TIGERLOGS,34.4028
2026-09-07,TIGERLOGS,34.4028
2026-09-08,TIGERLOGS,34.4028
2026-09-09,TIGERLOGS,34.4028
2026-09-10,TIGERLOGS,34.4028
2026-09-11,TIGERLOGS,34.4028
2026-09-15,TIGERLOGS,34.4028
2026-09-16,TIGERLOGS,33.5939
2026-09-17,TIGERLOGS,33.5939
2026-09-18,TIGERLOGS,33.5939
2026-09-21,TIGERLOGS,33.5939
2026-09-22,TIGERLOGS,32.7729
2026-09-23,TIGERLOGS,32.2061
2026-09-24,TIGERLOGS,32.2061
2025-10-03,TRUALT,
2025-10-06,TRUALT,
2025-10-07,TRUALT,
2025-10-08,TRUALT,
2025-10-09,TRUALT,
2025-10-10,TRUALT,
2025-10-13,TRUALT,
2025-10-14,TRUALT,
2025-10-15,TRUALT,
2025-10-16,TRUALT,
2025-10-17,TRUALT,
2025-10-20,TRUALT,
2025-10-21,TRUALT,
2025-10-23,TRUALT,
2025-10-24,TRUALT,
2025-10-27,TRUALT,
2025-10-28,TRUALT,
2025-10-29,TRUALT,
2025-10-30,TRUALT,
2025-10-31,TRUALT,
2025-11-03,TRUALT,
2025-11-04,TRUALT,
2025-11-06,TRUALT,
2025-11-07,TRUALT,
2025-11-10,TRUALT,
2025-11-11,TRUALT,
2025-11-12,TRUALT,
2025-11-13,TRUALT,
2025-11-14,TRUALT,
2025-11-17,TRUALT,
2025-11-18,TRUALT,
2025-11-19,TRUALT,
2025-11-20,TRUALT,
2025-11-21,TRUALT,
2025-11-24,TRUALT,
2025-11-25,TRUALT,
2025-11-26,TRUALT,
2025-11-27,TRUALT,
2025-11-28,TRUALT,
2025-12-01,TRUALT,
2025-12-02,TRUALT,
2025-12-03,TRUALT,
2025-12-04,TRUALT,
2025-12-05,TRUALT,
2025-12-08,TRUALT,
2025-12-09,TRUALT,
2025-12-10,TRUALT,
2025-12-11,TRUALT,
2025-12-12,TRUALT,
2025-12-15,TRUALT,
2025-12-16,TRUALT,
2025-12-17,TRUALT,
2025-12-18,TRUALT,
2025-12-19,TRUALT,
2025-12-22,TRUALT,
2025-12-23,TRUALT,
2025-12-24,TRUALT,
2025-12-26,TRUALT,
2025-12-29,TRUALT,
2025-12-30,TRUALT,
2025-12-31,TRUALT,
2026-01-01,TRUALT,
2026-01-02,TRUALT,
2026-01-05,TRUALT,
2026-01-06,TRUALT,
2026-01-07,TRUALT,
2026-01-08,TRUALT,
2026-01-09,TRUALT,
2026-01-12,TRUALT,
2026-01-13,TRUALT,
2026-01-14,TRUALT,
2026-01-16,TRUALT,
2026-01-19,TRUALT,
2026-01-20,TRUALT,
2026-01-21,TRUALT,
2026-01-22,TRUALT,
2026-01-23,TRUALT,
2026-01-27,TRUALT,
2026-01-28,TRUALT,
2026-01-29,TRUALT,
2026-01-30,TRUALT,
2026-02-02,TRUALT,
2026-02-03,TRUALT,
2026-02-04,TRUALT,
2026-02-05,TRUALT,
2026-02-06,TRUALT,
2026-02-09,TRUALT,
2026-02-10,TRUALT,
2026-02-11,TRUALT,
2026-02-12,TRUALT,
2026-02-13,TRUALT,
2026-02-16,TRUALT,
2026-02-17,TRUALT,
2026-02-18,TRUALT,
2026-02-19,TRUALT,
2026-02-20,TRUALT,
2026-02-23,TRUALT,
2026-02-24,TRUALT,
2026-02-25,TRUALT,
2026-02-26,TRUALT,
2026-02-27,TRUALT,
2026-03-02,TRUALT,
2026-03-04,TRUALT,
2026-03-05,TRUALT,
2026-03-06,TRUALT,
2026-03-09,TRUALT,
2026-03-10,TRUALT,
2026-03-11,TRUALT,
2026-03-12,TRUALT,
2026-03-13,TRUALT,
2026-03-16,TRUALT,
2026-03-17,TRUALT,
2026-03-18,TRUALT,
2026-03-19,TRUALT,
2026-03-20,TRUALT,
2026-03-23,TRUALT,
2026-03-24,TRUALT,
2026-03-25,TRUALT,
2026-03-27,TRUALT,
2026-03-30,TRUALT,
2026-04-01,TRUALT,
2026-04-02,TRUALT,
2026-04-06,TRUALT,
2026-04-07,TRUALT,
2026-04-08,TRUALT,
2026-04-09,TRUALT,
2026-04-10,TRUALT,
2026-04-13,TRUALT,
2026-04-15,TRUALT,
2026-04-16,TRUALT,
2026-04-17,TRUALT,
2026-04-20,TRUALT,
2026-04-21,TRUALT,
2026-04-22,TRUALT,
2026-04-23,TRUALT,
2026-04-24,TRUALT,
2026-04-27,TRUALT,
2026-04-28,TRUALT,
2026-04-29,TRUALT,
2026-04-30,TRUALT,
2026-05-04,TRUALT,
2026-05-05,TRUALT,
2026-05-06,TRUALT,
2026-05-07,TRUALT,
2026-05-08,TRUALT,
2026-05-11,TRUALT,
2026-05-12,TRUALT,
2026-05-13,TRUALT,
2026-05-14,TRUALT,
2026-05-15,TRUALT,
2026-05-18,TRUALT,
2026-05-19,TRUALT,
2026-05-20,TRUALT,
2026-05-21,TRUALT,
2026-05-22,TRUALT,
2026-05-25,TRUALT,
2026-05-26,TRUALT,
2026-05-27,TRUALT,
2026-05-29,TRUALT,
2026-06-01,TRUALT,
2026-06-02,TRUALT,
2026-06-03,TRUALT,
2026-06-04,TRUALT,
2026-06-05,TRUALT,
2026-06-08,TRUALT,
2026-06-09,TRUALT,
2026-06-10,TRUALT,
2026-06-11,TRUALT,
2026-06-12,TRUALT,
2026-06-15,TRUALT,
2026-06-16,TRUALT,
2026-06-17,TRUALT,
2026-06-18,TRUALT,
2026-06-19,TRUALT,
2026-06-22,TRUALT,
2026-06-23,TRUALT,
2026-06-24,TRUALT,
2026-06-25,TRUALT,
2026-06-29,TRUALT,
2026-06-30,TRUALT,
2026-07-01,TRUALT,
2026-07-02,TRUALT,
2026-07-03,TRUALT,
2026-07-06,TRUALT,
2026-07-07,TRUALT,
2026-07-08,TRUALT,
2026-07-09,TRUALT,
2026-07-10,TRUALT,
2026-07-13,TRUALT,
2026-07-14,TRUALT,
2026-07-15,TRUALT,
2026-07-16,TRUALT,
2026-07-17,TRUALT,
2026-07-20,TRUALT,
2026-07-21,TRUALT,
2026-07-22,TRUALT,
2026-07-23,TRUALT,
2026-07-24,TRUALT,
2026-07-27,TRUALT,
2026-07-28,TRUALT,
2026-07-29,TRUALT,
2026-07-30,TRUALT,
2026-07-31,TRUALT,
2026-08-03,TRUALT,
2026-08-04,TRUALT,
2026-08-05,TRUALT,462.9798
2026-08-06,TRUALT,462.9798
2026-08-07,TRUALT,473.6312
2026-08-10,TRUALT,475.1611
2026-08-11,TRUALT,475.3737
2026-08-12,TRUALT,474.9692
2026-08-13,TRUALT,474.9692
2026-08-14,TRUALT,474.9692
2026-08-17,TRUALT,474.9692
2026-08-18,TRUALT,474.9692
2026-08-19,TRUALT,474.9692
2026-08-20,TRUALT,474.9692
2026-08-21,TRUALT,474.9692
2026-08-24,TRUALT,474.9692
2026-08-25,TRUALT,474.9692
2026-08-26,TRUALT,474.9692
2026-08-27,TRUALT,474.9692
2026-08-28,TRUALT,474.9692
2026-08-31,TRUALT,474.9692
2026-09-01,TRUALT,474.9692
2026-09-02,TRUALT,474.9692
2026-09-03,TRUALT,474.9692
2026-09-04,TRUALT,474.9692
2026-09-07,TRUALT,474.9692
2026-09-08,TRUALT,474.9692
2026-09-09,TRUALT,474.9692
2026-09-10,TRUALT,474.9692
2026-09-11,TRUALT,474.9692
2026-09-15,TRUALT,461.9236
2026-09-16,TRUALT,456.9498
2026-09-17,TRUALT,454.2782
2026-09-18,TRUALT,454.2782
2026-09-21,TRUALT,454.2782
2026-09-22,TRUALT,454.2782
2026-09-23,TRUALT,454.2782
2026-09-24,TRUALT,454.2782
2025-09-10,UYFINCORP,
2025-09-11,UYFINCORP,
2025-09-12,UYFINCORP,
2025-09-15,UYFINCORP,
2025-09-16,UYFINCORP,
2025-09-17,UYFINCORP,
2025-09-18,UYFINCORP,
2025-09-19,UYFINCORP,
2025-09-22,UYFINCORP,
2025-09-23,UYFINCORP,
2025-09-24,UYFINCORP,
2025-09-25,UYFINCORP,
2025-09-26,UYFINCORP,
2025-09-29,UYFINCORP,
2025-09-30,UYFINCORP,
2025-10-01,UYFINCORP,
2025-10-03,UYFINCORP,
2025-10-06,UYFINCORP,
2025-10-07,UYFINCORP,
2025-10-08,UYFINCORP,
2025-10-09,UYFINCORP,
2025-10-10,UYFINCORP,
2025-10-13,UYFINCORP,
2025-10-14,UYFINCORP,
2025-10-15,UYFINCORP,
2025-10-16,UYFINCORP,
2025-10-17,UYFINCORP,
2025-10-20,UYFINCORP,
2025-10-21,UYFINCORP,
2025-10-23,UYFINCORP,
2025-10-24,UYFINCORP,
2025-10-27,UYFINCORP,
2025-10-28,UYFINCORP,
2025-10-29,UYFINCORP,
2025-10-30,UYFINCORP,
2025-10-31,UYFINCORP,
2025-11-03,UYFINCORP,
2025-11-04,UYFINCORP,
2025-11-06,UYFINCORP,
2025-11-07,UYFINCORP,
2025-11-10,UYFINCORP,
2025-11-11,UYFINCORP,
2025-11-12,UYFINCORP,
2025-11-13,UYFINCORP,
2025-11-14,UYFINCORP,
2025-11-17,UYFINCORP,
2025-11-18,UYFINCORP,
2025-11-19,UYFINCORP,
2025-11-20,UYFINCORP,
2025-11-21,UYFINCORP,
2025-11-24,UYFINCORP,
2025-11-25,UYFINCORP,
2025-11-26,UYFINCORP,
2025-11-27,UYFINCORP,
2025-11-28,UYFINCORP,
2025-12-01,UYFINCORP,
2025-12-02,UYFINCORP,
2025-12-03,UYFINCORP,
2025-12-04,UYFINCORP,
2025-12-05,UYFINCORP,
2025-12-08,UYFINCORP,
2025-12-09,UYFINCORP,
2025-12-10,UYFINCORP,
2025-12-11,UYFINCORP,
2025-12-12,UYFINCORP,
2025-12-15,UYFINCORP,
2025-12-16,UYFINCORP,
2025-12-17,UYFINCORP,
2025-12-18,UYFINCORP,
2025-12-19,UYFINCORP,
2025-12-22,UYFINCORP,
2025-12-23,UYFINCORP,
2025-12-24,UYFINCORP,
2025-12-26,UYFINCORP,
2025-12-29,UYFINCORP,
2025-12-30,UYFINCORP,
2025-12-31,UYFINCORP,
2026-01-01,UYFINCORP,
2026-01-02,UYFINCORP,
2026-01-05,UYFINCORP,
2026-01-06,UYFINCORP,
2026-01-07,UYFINCORP,
2026-01-08,UYFINCORP,
2026-01-09,UYFINCORP,
2026-01-12,UYFINCORP,
2026-01-13,UYFINCORP,
2026-01-14,UYFINCORP,
2026-01-16,UYFINCORP,
2026-01-19,UYFINCORP,
2026-01-20,UYFINCORP,
2026-01-21,UYFINCORP,
2026-01-22,UYFINCORP,
2026-01-23,UYFINCORP,
2026-01-27,UYFINCORP,
2026-01-28,UYFINCORP,
2026-01-29,UYFINCORP,
2026-01-30,UYFINCORP,
2026-02-02,UYFINCORP,
2026-02-03,UYFINCORP,
2026-02-04,UYFINCORP,
2026-02-05,UYFINCORP,
2026-02-06,UYFINCORP,
2026-02-09,UYFINCORP,
2026-02-10,UYFINCORP,
2026-02-11,UYFINCORP,
2026-02-12,UYFINCORP,
2026-02-13,UYFINCORP,
2026-02-16,UYFINCORP,
2026-02-17,UYFINCORP,
2026-02-18,UYFINCORP,
2026-02-19,UYFINCORP,
2026-02-20,UYFINCORP,
2026-02-23,UYFINCORP,
2026-02-24,UYFINCORP,
2026-02-25,UYFINCORP,
2026-02-26,UYFINCORP,
2026-02-27,UYFINCORP,
2026-03-02,UYFINCORP,
2026-03-04,UYFINCORP,
2026-03-05,UYFINCORP,
2026-03-06,UYFINCORP,
2026-03-09,UYFINCORP,
2026-03-10,UYFINCORP,
2026-03-11,UYFINCORP,
2026-03-12,UYFINCORP,
2026-03-13,UYFINCORP,
2026-03-16,UYFINCORP,
2026-03-17,UYFINCORP,
2026-03-18,UYFINCORP,
2026-03-19,UYFINCORP,
2026-03-20,UYFINCORP,
2026-03-23,UYFINCORP,
2026-03-24,UYFINCORP,
2026-03-25,UYFINCORP,
2026-03-27,UYFINCORP,
2026-03-30,UYFINCORP,
2026-04-01,UYFINCORP,
2026-04-02,UYFINCORP,
2026-04-06,UYFINCORP,
2026-04-07,UYFINCORP,
2026-04-08,UYFINCORP,
2026-04-09,UYFINCORP,
2026-04-10,UYFINCORP,
2026-04-13,UYFINCORP,
2026-04-15,UYFINCORP,
2026-04-16,UYFINCORP,
2026-04-17,UYFINCORP,
2026-04-20,UYFINCORP,
2026-04-21,UYFINCORP,
2026-04-22,UYFINCORP,
2026-04-23,UYFINCORP,
2026-04-24,UYFINCORP,
2026-04-27,UYFINCORP,
2026-04-28,UYFINCORP,
2026-04-29,UYFINCORP,
2026-04-30,UYFINCORP,
2026-05-04,UYFINCORP,
2026-05-05,UYFINCORP,
2026-05-06,UYFINCORP,
2026-05-07,UYFINCORP,
2026-05-08,UYFINCORP,
2026-05-11,UYFINCORP,
2026-05-12,UYFINCORP,
2026-05-13,UYFINCORP,
2026-05-14,UYFINCORP,
2026-05-15,UYFINCORP,
2026-05-18,UYFINCORP,
2026-05-19,UYFINCORP,
2026-05-20,UYFINCORP,
2026-05-21,UYFINCORP,
2026-05-22,UYFINCORP,
2026-05-25,UYFINCORP,
2026-05-26,UYFINCORP,
2026-05-27,UYFINCORP,
2026-05-29,UYFINCORP,
2026-06-01,UYFINCORP,
2026-06-02,UYFINCORP,
2026-06-03,UYFINCORP,
2026-06-04,UYFINCORP,
2026-06-05,UYFINCORP,
2026-06-08,UYFINCORP,
2026-06-09,UYFINCORP,
2026-06-10,UYFINCORP,
2026-06-11,UYFINCORP,
2026-06-12,UYFINCORP,
2026-06-15,UYFINCORP,
2026-06-16,UYFINCORP,
2026-06-17,UYFINCORP,
2026-06-18,UYFINCORP,
2026-06-19,UYFINCORP,
2026-06-22,UYFINCORP,
2026-06-23,UYFINCORP,
2026-06-24,UYFINCORP,
2026-06-25,UYFINCORP,
2026-06-29,UYFINCORP,
2026-06-30,UYFINCORP,
2026-07-01,UYFINCORP,
2026-07-02,UYFINCORP,
2026-07-03,UYFINCORP,
2026-07-06,UYFINCORP,
2026-07-07,UYFINCORP,
2026-07-08,UYFINCORP,
2026-07-09,UYFINCORP,
2026-07-10,UYFINCORP,
2026-07-13,UYFINCORP,
2026-07-14,UYFINCORP,
2026-07-15,UYFINCORP,
2026-07-16,UYFINCORP,
2026-07-17,UYFINCORP,
2026-07-20,UYFINCORP,
2026-07-21,UYFINCORP,
2026-07-22,UYFINCORP,
2026-07-23,UYFINCORP,
2026-07-24,UYFINCORP,
2026-07-27,UYFINCORP,
2026-07-28,UYFINCORP,
2026-07-29,UYFINCORP,
2026-07-30,UYFINCORP,
2026-07-31,UYFINCORP,
2026-08-03,UYFINCORP,
2026-08-04,UYFINCORP,
2026-08-05,UYFINCORP,
2026-08-06,UYFINCORP,
2026-08-07,UYFINCORP,
2026-08-10,UYFINCORP,
2026-08-11,UYFINCORP,
2026-08-12,UYFINCORP,
2026-08-13,UYFINCORP,
2026-08-14,UYFINCORP,
2026-08-17,UYFINCORP,21.2728
2026-08-18,UYFINCORP,21.2728
2026-08-19,UYFINCORP,21.0074
2026-08-20,UYFINCORP,21.0074
2026-08-21,UYFINCORP,21.0074
2026-08-24,UYFINCORP,21.0074
2026-08-25,UYFINCORP,21.0074
2026-08-26,UYFINCORP,21.0074
2026-08-27,UYFINCORP,21.0074
2026-08-28,UYFINCORP,21.0074
2026-08-31,UYFINCORP,21.0074
2026-09-01,UYFINCORP,21.0074
2026-09-02,UYFINCORP,21.0074
2026-09-03,UYFINCORP,21.0074
2026-09-04,UYFINCORP,21.0074
2026-09-07,UYFINCORP,21.0074
2026-09-08,UYFINCORP,21.0074
2026-09-09,UYFINCORP,21.0074
2026-09-10,UYFINCORP,21.0074
2026-09-11,UYFINCORP,21.0074
2026-09-15,UYFINCORP,21.0074
2026-09-16,UYFINCORP,21.0074
2026-09-17,UYFINCORP,21.0074
2026-09-18,UYFINCORP,21.0074
2026-09-21,UYFINCORP,21.0074
2026-09-22,UYFINCORP,21.0074
2026-09-23,UYFINCORP,21.0074
2026-09-24,UYFINCORP,21.0074
2026-09-18,VEEGALAND,146.471
2026-09-21,VEEGALAND,144.9807
2026-09-22,VEEGALAND,143.7164
2026-09-23,VEEGALAND,143.7164
2026-09-24,VEEGALAND,143.7164
2026-06-02,VIVIANA,
2026-06-03,VIVIANA,
2026-06-04,VIVIANA,
2026-06-05,VIVIANA,
2026-06-08,VIVIANA,
2026-06-09,VIVIANA,
2026-06-10,VIVIANA,
2026-06-11,VIVIANA,
2026-06-12,VIVIANA,
2026-06-15,VIVIANA,
2026-06-16,VIVIANA,
2026-06-17,VIVIANA,
2026-06-18,VIVIANA,
2026-06-19,VIVIANA,
2026-06-22,VIVIANA,
2026-06-23,VIVIANA,
2026-06-24,VIVIANA,
2026-06-25,VIVIANA,
2026-06-29,VIVIANA,827.5412
2026-06-30,VIVIANA,827.5412
2026-07-01,VIVIANA,827.5412
2026-07-02,VIVIANA,827.5412
2026-07-03,VIVIANA,827.5412
2026-07-06,VIVIANA,827.5412
2026-07-07,VIVIANA,827.5412
2026-07-08,VIVIANA,827.5412
2026-07-09,VIVIANA,827.5412
2026-07-10,VIVIANA,827.5412
2026-07-13,VIVIANA,827.5412
2026-07-14,VIVIANA,827.5412
2026-07-15,VIVIANA,827.5412
2026-07-16,VIVIANA,827.5412
2026-07-17,VIVIANA,827.5412
2026-07-20,VIVIANA,827.5412
2026-07-21,VIVIANA,827.5412
2026-07-22,VIVIANA,827.5412
2026-07-23,VIVIANA,827.5412
2026-07-24,VIVIANA,827.5412
2026-07-27,VIVIANA,827.5412
2026-07-28,VIVIANA,827.5412
2026-07-29,VIVIANA,827.5412
2026-07-30,VIVIANA,827.5412
2026-07-31,VIVIANA,827.5412
2026-08-03,VIVIANA,827.5412
2026-08-04,VIVIANA,827.5412
2026-08-05,VIVIANA,827.5412
2026-08-06,VIVIANA,827.5412
2026-08-07,VIVIANA,827.5412
2026-08-10,VIVIANA,827.5412
2026-08-11,VIVIANA,827.5412
2026-08-12,VIVIANA,827.5412
2026-08-13,VIVIANA,827.5412
2026-08-14,VIVIANA,827.5412
2026-08-17,VIVIANA,827.5412
2026-08-18,VIVIANA,827.5412
2026-08-19,VIVIANA,827.5412
2026-08-20,VIVIANA,827.5412
2026-08-21,VIVIANA,827.5412
2026-08-24,VIVIANA,827.5412
2026-08-25,VIVIANA,827.5412
2026-08-26,VIVIANA,827.5412
2026-08-27,VIVIANA,827.5412
2026-08-28,VIVIANA,827.5412
2026-08-31,VIVIANA,827.5412
2026-09-01,VIVIANA,827.5412
2026-09-02,VIVIANA,827.5412
2026-09-03,VIVIANA,827.5412
2026-09-04,VIVIANA,827.5412
2026-09-07,VIVIANA,827.5412
2026-09-08,VIVIANA,827.5412
2026-09-09,VIVIANA,827.5412
2026-09-10,VIVIANA,827.5412
2026-09-11,VIVIANA,827.5412
2026-09-15,VIVIANA,827.5412
2026-09-16,VIVIANA,827.5412
2026-09-17,VIVIANA,782.5967
2026-09-18,VIVIANA,782.5967
2026-09-21,VIVIANA,782.5967
2026-09-22,VIVIANA,782.5967
2026-09-23,VIVIANA,782.5967
2026-09-24,VIVIANA,782.5967
2025-09-10,VSTL,
2025-09-11,VSTL,
2025-09-12,VSTL,
2025-09-15,VSTL,
2025-09-16,VSTL,
2025-09-17,VSTL,
2025-09-18,VSTL,
2025-09-19,VSTL,
2025-09-22,VSTL,
2025-09-23,VSTL,
2025-09-24,VSTL,
2025-09-25,VSTL,
2025-09-26,VSTL,
2025-09-29,VSTL,
2025-09-30,VSTL,
2025-10-01,VSTL,
2025-10-03,VSTL,
2025-10-06,VSTL,
2025-10-07,VSTL,
2025-10-08,VSTL,
2025-10-09,VSTL,
2025-10-10,VSTL,
2025-10-13,VSTL,
2025-10-14,VSTL,
2025-10-15,VSTL,
2025-10-16,VSTL,
2025-10-17,VSTL,
2025-10-20,VSTL,
2025-10-21,VSTL,
2025-10-23,VSTL,
2025-10-24,VSTL,
2025-10-27,VSTL,
2025-10-28,VSTL,
2025-10-29,VSTL,
2025-10-30,VSTL,
2025-10-31,VSTL,
2025-11-03,VSTL,
2025-11-04,VSTL,
2025-11-06,VSTL,
2025-11-07,VSTL,
2025-11-10,VSTL,
2025-11-11,VSTL,
2025-11-12,VSTL,
2025-11-13,VSTL,
2025-11-14,VSTL,
2025-11-17,VSTL,
2025-11-18,VSTL,
2025-11-19,VSTL,
2025-11-20,VSTL,
2025-11-21,VSTL,
2025-11-24,VSTL,
2025-11-25,VSTL,
2025-11-26,VSTL,
2025-11-27,VSTL,
2025-11-28,VSTL,
2025-12-01,VSTL,
2025-12-02,VSTL,
2025-12-03,VSTL,
2025-12-04,VSTL,
2025-12-05,VSTL,
2025-12-08,VSTL,
2025-12-09,VSTL,
2025-12-10,VSTL,
2025-12-11,VSTL,
2025-12-12,VSTL,
2025-12-15,VSTL,
2025-12-16,VSTL,
2025-12-17,VSTL,
2025-12-18,VSTL,
2025-12-19,VSTL,
2025-12-22,VSTL,
2025-12-23,VSTL,
2025-12-24,VSTL,
2025-12-26,VSTL,
2025-12-29,VSTL,
2025-12-30,VSTL,
2025-12-31,VSTL,
2026-01-01,VSTL,
2026-01-02,VSTL,
2026-01-05,VSTL,
2026-01-06,VSTL,
2026-01-07,VSTL,
2026-01-08,VSTL,
2026-01-09,VSTL,
2026-01-12,VSTL,
2026-01-13,VSTL,
2026-01-14,VSTL,
2026-01-16,VSTL,
2026-01-19,VSTL,
2026-01-20,VSTL,
2026-01-21,VSTL,
2026-01-22,VSTL,
2026-01-23,VSTL,
2026-01-27,VSTL,
2026-01-28,VSTL,
2026-01-29,VSTL,
2026-01-30,VSTL,
2026-02-02,VSTL,
2026-02-03,VSTL,
2026-02-04,VSTL,
2026-02-05,VSTL,
2026-02-06,VSTL,
2026-02-09,VSTL,
2026-02-10,VSTL,
2026-02-11,VSTL,
2026-02-12,VSTL,
2026-02-13,VSTL,
2026-02-16,VSTL,
2026-02-17,VSTL,
2026-02-18,VSTL,
2026-02-19,VSTL,
2026-02-20,VSTL,
2026-02-23,VSTL,
2026-02-24,VSTL,
2026-02-25,VSTL,
2026-02-26,VSTL,
2026-02-27,VSTL,
2026-03-02,VSTL,
2026-03-04,VSTL,
2026-03-05,VSTL,
2026-03-06,VSTL,
2026-03-09,VSTL,
2026-03-10,VSTL,
2026-03-11,VSTL,
2026-03-12,VSTL,
2026-03-13,VSTL,
2026-03-16,VSTL,
2026-03-17,VSTL,
2026-03-18,VSTL,
2026-03-19,VSTL,
2026-03-20,VSTL,
2026-03-23,VSTL,
2026-03-24,VSTL,
2026-03-25,VSTL,
2026-03-27,VSTL,
2026-03-30,VSTL,
2026-04-01,VSTL,
2026-04-02,VSTL,
2026-04-06,VSTL,
2026-04-07,VSTL,
2026-04-08,VSTL,
2026-04-09,VSTL,
2026-04-10,VSTL,
2026-04-13,VSTL,
2026-04-15,VSTL,
2026-04-16,VSTL,
2026-04-17,VSTL,
2026-04-20,VSTL,
2026-04-21,VSTL,
2026-04-22,VSTL,
2026-04-23,VSTL,
2026-04-24,VSTL,
2026-04-27,VSTL,
2026-04-28,VSTL,
2026-04-29,VSTL,
2026-04-30,VSTL,
2026-05-04,VSTL,
2026-05-05,VSTL,
2026-05-06,VSTL,
2026-05-07,VSTL,
2026-05-08,VSTL,
2026-05-11,VSTL,
2026-05-12,VSTL,
2026-05-13,VSTL,
2026-05-14,VSTL,
2026-05-15,VSTL,
2026-05-18,VSTL,
2026-05-19,VSTL,
2026-05-20,VSTL,
2026-05-21,VSTL,
2026-05-22,VSTL,
2026-05-25,VSTL,
2026-05-26,VSTL,
2026-05-27,VSTL,
2026-05-29,VSTL,
2026-06-01,VSTL,
2026-06-02,VSTL,
2026-06-03,VSTL,
2026-06-04,VSTL,
2026-06-05,VSTL,
2026-06-08,VSTL,
2026-06-09,VSTL,
2026-06-10,VSTL,
2026-06-11,VSTL,
2026-06-12,VSTL,
2026-06-15,VSTL,
2026-06-16,VSTL,
2026-06-17,VSTL,
2026-06-18,VSTL,
2026-06-19,VSTL,
2026-06-22,VSTL,
2026-06-23,VSTL,
2026-06-24,VSTL,
2026-06-25,VSTL,
2026-06-29,VSTL,
2026-06-30,VSTL,
2026-07-01,VSTL,
2026-07-02,VSTL,
2026-07-03,VSTL,
2026-07-06,VSTL,
2026-07-07,VSTL,
2026-07-08,VSTL,
2026-07-09,VSTL,
2026-07-10,VSTL,
2026-07-13,VSTL,
2026-07-14,VSTL,
2026-07-15,VSTL,
2026-07-16,VSTL,
2026-07-17,VSTL,
2026-07-20,VSTL,
2026-07-21,VSTL,
2026-07-22,VSTL,
2026-07-23,VSTL,
2026-07-24,VSTL,
2026-07-27,VSTL,
2026-07-28,VSTL,
2026-07-29,VSTL,
2026-07-30,VSTL,
2026-07-31,VSTL,
2026-08-03,VSTL,
2026-08-04,VSTL,
2026-08-05,VSTL,
2026-08-06,VSTL,
2026-08-07,VSTL,
2026-08-10,VSTL,
2026-08-11,VSTL,
2026-08-12,VSTL,
2026-08-13,VSTL,
2026-08-14,VSTL,
2026-08-17,VSTL,106.9592
2026-08-18,VSTL,106.9197
2026-08-19,VSTL,106.9733
2026-08-20,VSTL,106.9733
2026-08-21,VSTL,106.9733
2026-08-24,VSTL,108.5202
2026-08-25,VSTL,108.5202
2026-08-26,VSTL,108.5202
2026-08-27,VSTL,108.5202
2026-08-28,VSTL,108.5202
2026-08-31,VSTL,110.085
2026-09-01,VSTL,110.4517
2026-09-02,VSTL,110.8166
2026-09-03,VSTL,111.3432
2026-09-04,VSTL,111.3432
2026-09-07,VSTL,111.3432
2026-09-08,VSTL,111.3432
2026-09-09,VSTL,111.3432
2026-09-10,VSTL,111.3432
2026-09-11,VSTL,111.3432
2026-09-15,VSTL,111.3432
2026-09-16,VSTL,111.3432
2026-09-17,VSTL,111.3432
2026-09-18,VSTL,111.3432
2026-09-21,VSTL,111.3432
2026-09-22,VSTL,111.3432
2026-09-23,VSTL,111.3432
2026-09-24,VSTL,111.3432
2025-09-10,WCIL,
2025-09-11,WCIL,
2025-09-12,WCIL,
2025-09-15,WCIL,
2025-09-16,WCIL,
2025-09-17,WCIL,
2025-09-18,WCIL,
2025-09-19,WCIL,
2025-09-22,WCIL,
2025-09-23,WCIL,
2025-09-24,WCIL,
2025-09-25,WCIL,
2025-09-26,WCIL,
2025-09-29,WCIL,
2025-09-30,WCIL,
2025-10-01,WCIL,
2025-10-03,WCIL,
2025-10-06,WCIL,
2025-10-07,WCIL,
2025-10-08,WCIL,
2025-10-09,WCIL,
2025-10-10,WCIL,
2025-10-13,WCIL,
2025-10-14,WCIL,
2025-10-15,WCIL,
2025-10-16,WCIL,
2025-10-17,WCIL,
2025-10-20,WCIL,
2025-10-21,WCIL,
2025-10-23,WCIL,
2025-10-24,WCIL,
2025-10-27,WCIL,
2025-10-28,WCIL,
2025-10-29,WCIL,
2025-10-30,WCIL,
2025-10-31,WCIL,
2025-11-03,WCIL,
2025-11-04,WCIL,
2025-11-06,WCIL,
2025-11-07,WCIL,
2025-11-10,WCIL,
2025-11-11,WCIL,
2025-11-12,WCIL,
2025-11-13,WCIL,
2025-11-14,WCIL,
2025-11-17,WCIL,
2025-11-18,WCIL,
2025-11-19,WCIL,
2025-11-20,WCIL,
2025-11-21,WCIL,
2025-11-24,WCIL,
2025-11-25,WCIL,
2025-11-26,WCIL,
2025-11-27,WCIL,
2025-11-28,WCIL,
2025-12-01,WCIL,
2025-12-02,WCIL,
2025-12-03,WCIL,
2025-12-04,WCIL,
2025-12-05,WCIL,
2025-12-08,WCIL,
2025-12-09,WCIL,
2025-12-10,WCIL,
2025-12-11,WCIL,
2025-12-12,WCIL,
2025-12-15,WCIL,
2025-12-16,WCIL,
2025-12-17,WCIL,
2025-12-18,WCIL,
2025-12-19,WCIL,
2025-12-22,WCIL,
2025-12-23,WCIL,
2025-12-24,WCIL,
2025-12-26,WCIL,
2025-12-29,WCIL,
2025-12-30,WCIL,
2025-12-31,WCIL,
2026-01-01,WCIL,
2026-01-02,WCIL,
2026-01-05,WCIL,
2026-01-06,WCIL,
2026-01-07,WCIL,
2026-01-08,WCIL,
2026-01-09,WCIL,
2026-01-12,WCIL,
2026-01-13,WCIL,
2026-01-14,WCIL,
2026-01-16,WCIL,
2026-01-19,WCIL,
2026-01-20,WCIL,
2026-01-21,WCIL,
2026-01-22,WCIL,
2026-01-23,WCIL,
2026-01-27,WCIL,
2026-01-28,WCIL,
2026-01-29,WCIL,
2026-01-30,WCIL,
2026-02-02,WCIL,
2026-02-03,WCIL,
2026-02-04,WCIL,
2026-02-05,WCIL,
2026-02-06,WCIL,
2026-02-09,WCIL,
2026-02-10,WCIL,
2026-02-11,WCIL,
2026-02-12,WCIL,
2026-02-13,WCIL,
2026-02-16,WCIL,
2026-02-17,WCIL,
2026-02-18,WCIL,
2026-02-19,WCIL,
2026-02-20,WCIL,
2026-02-23,WCIL,
2026-02-24,WCIL,
2026-02-25,WCIL,
2026-02-26,WCIL,
2026-02-27,WCIL,
2026-03-02,WCIL,
2026-03-04,WCIL,
2026-03-05,WCIL,
2026-03-06,WCIL,
2026-03-09,WCIL,
2026-03-10,WCIL,
2026-03-11,WCIL,
2026-03-12,WCIL,
2026-03-13,WCIL,
2026-03-16,WCIL,
2026-03-17,WCIL,
2026-03-18,WCIL,
2026-03-19,WCIL,
2026-03-20,WCIL,
2026-03-23,WCIL,
2026-03-24,WCIL,
2026-03-25,WCIL,
2026-03-27,WCIL,
2026-03-30,WCIL,
2026-04-01,WCIL,
2026-04-02,WCIL,
2026-04-06,WCIL,
2026-04-07,WCIL,
2026-04-08,WCIL,
2026-04-09,WCIL,
2026-04-10,WCIL,
2026-04-13,WCIL,
2026-04-15,WCIL,
2026-04-16,WCIL,
2026-04-17,WCIL,
2026-04-20,WCIL,
2026-04-21,WCIL,
2026-04-22,WCIL,
2026-04-23,WCIL,
2026-04-24,WCIL,
2026-04-27,WCIL,
2026-04-28,WCIL,
2026-04-29,WCIL,
2026-04-30,WCIL,
2026-05-04,WCIL,
2026-05-05,WCIL,
2026-05-06,WCIL,
2026-05-07,WCIL,
2026-05-08,WCIL,
2026-05-11,WCIL,
2026-05-12,WCIL,
2026-05-13,WCIL,
2026-05-14,WCIL,
2026-05-15,WCIL,
2026-05-18,WCIL,
2026-05-19,WCIL,
2026-05-20,WCIL,
2026-05-21,WCIL,
2026-05-22,WCIL,
2026-05-25,WCIL,
2026-05-26,WCIL,
2026-05-27,WCIL,
2026-05-29,WCIL,
2026-06-01,WCIL,
2026-06-02,WCIL,
2026-06-03,WCIL,
2026-06-04,WCIL,
2026-06-05,WCIL,
2026-06-08,WCIL,
2026-06-09,WCIL,
2026-06-10,WCIL,
2026-06-11,WCIL,
2026-06-12,WCIL,
2026-06-15,WCIL,
2026-06-16,WCIL,
2026-06-17,WCIL,
2026-06-18,WCIL,
2026-06-19,WCIL,
2026-06-22,WCIL,
2026-06-23,WCIL,
2026-06-24,WCIL,104.96
2026-06-25,WCIL,104.96
2026-06-29,WCIL,104.6896
2026-06-30,WCIL,103.9255
2026-07-01,WCIL,103.9255
2026-07-02,WCIL,103.9255
2026-07-03,WCIL,103.9255
2026-07-06,WCIL,103.9255
2026-07-07,WCIL,103.9255
2026-07-08,WCIL,103.9255
2026-07-09,WCIL,103.9255
2026-07-10,WCIL,103.9255
2026-07-13,WCIL,103.9255
2026-07-14,WCIL,103.9255
2026-07-15,WCIL,103.9255
2026-07-16,WCIL,103.9255
2026-07-17,WCIL,103.9255
2026-07-20,WCIL,103.9255
2026-07-21,WCIL,103.9255
2026-07-22,WCIL,103.9255
2026-07-23,WCIL,103.9255
2026-07-24,WCIL,103.9255
2026-07-27,WCIL,103.9255
2026-07-28,WCIL,103.9255
2026-07-29,WCIL,103.9255
2026-07-30,WCIL,103.9255
2026-07-31,WCIL,103.9255
2026-08-03,WCIL,103.9255
2026-08-04,WCIL,103.9255
2026-08-05,WCIL,103.9255
2026-08-06,WCIL,103.9255
2026-08-07,WCIL,103.9255
2026-08-10,WCIL,103.9255
2026-08-11,WCIL,103.9255
2026-08-12,WCIL,103.9255
2026-08-13,WCIL,103.9255
2026-08-14,WCIL,103.9255
2026-08-17,WCIL,103.9255
2026-08-18,WCIL,103.9255
2026-08-19,WCIL,103.9255
2026-08-20,WCIL,103.9255
2026-08-21,WCIL,103.9255
2026-08-24,WCIL,103.9255
2026-08-25,WCIL,103.9255
2026-08-26,WCIL,103.9255
2026-08-27,WCIL,103.9255
2026-08-28,WCIL,103.9255
2026-08-31,WCIL,103.9255
2026-09-01,WCIL,103.9255
2026-09-02,WCIL,103.9255
2026-09-03,WCIL,103.9255
2026-09-04,WCIL,103.9255
2026-09-07,WCIL,103.9255
2026-09-08,WCIL,103.9255
2026-09-09,WCIL,103.9255
2026-09-10,WCIL,103.9255
2026-09-11,WCIL,103.9255
2026-09-15,WCIL,103.9255
2026-09-16,WCIL,103.9255
2026-09-17,WCIL,103.9255
2026-09-18,WCIL,98.8302
2026-09-21,WCIL,98.8302
2026-09-22,WCIL,97.5034
2026-09-23,WCIL,97.5034
2026-09-24,WCIL,97.5034
